kernel,problem_idx,N,C,K,G,Hi,Wi,Y,X,stride_h,stride_w,pad_h,pad_w,latency_ms,tflops,non_zero
grouped_conv_forward_bf16_2d_16x64x64_compv3,0,1,52,156,1,256,256,1,1,1,1,0,0,0.026284098625183105,40.4524453800855,2095792
grouped_conv_forward_bf16_2d_16x64x64_compv4,0,1,52,156,1,256,256,1,1,1,1,0,0,0.051832400262355804,20.51334799504179,2097055
grouped_conv_forward_bf16_2d_16x64x64_compv5,0,1,52,156,1,256,256,1,1,1,1,0,0,0.026280200108885765,40.458446267328675,2095808
grouped_conv_forward_bf16_2d_32x64x64_compv3,0,1,52,156,1,256,256,1,1,1,1,0,0,0.02168009988963604,49.042950420550376,2092808
grouped_conv_forward_bf16_2d_32x64x64_compv4,0,1,52,156,1,256,256,1,1,1,1,0,0,0.04720040038228035,22.526420441110503,2095607
grouped_conv_forward_bf16_2d_32x64x64_compv5,0,1,52,156,1,256,256,1,1,1,1,0,0,0.021640099585056305,49.133603097383045,2091951
grouped_conv_forward_bf16_2d_64x64x64_compv3,0,1,52,156,1,256,256,1,1,1,1,0,0,0.018844200298190117,56.42351743109629,2092974
grouped_conv_forward_bf16_2d_64x64x64_compv4,0,1,52,156,1,256,256,1,1,1,1,0,0,0.05910839885473251,17.988239989601247,2097651
grouped_conv_forward_bf16_2d_64x64x64_compv5,0,1,52,156,1,256,256,1,1,1,1,0,0,0.020036200061440468,53.0667522154677,2092774
grouped_conv_forward_bf16_2d_32x128x64_compv3,0,1,52,156,1,256,256,1,1,1,1,0,0,0.02014010027050972,52.79298760775685,2093724
grouped_conv_forward_bf16_2d_32x128x64_compv4,0,1,52,156,1,256,256,1,1,1,1,0,0,0.04720839858055115,22.522603942723844,2095608
grouped_conv_forward_bf16_2d_32x128x64_compv5,0,1,52,156,1,256,256,1,1,1,1,0,0,0.019880099222064018,53.48343849410673,2092452
grouped_conv_forward_bf16_2d_64x128x64_compv3,0,1,52,156,1,256,256,1,1,1,1,0,0,0.02096409909427166,50.71794686805929,2093404
grouped_conv_forward_bf16_2d_64x128x64_compv4,0,1,52,156,1,256,256,1,1,1,1,0,0,0.05922449752688408,17.952977372536605,2097859
grouped_conv_forward_bf16_2d_64x128x64_compv5,0,1,52,156,1,256,256,1,1,1,1,0,0,0.019152101129293442,55.51641863323983,2092812
grouped_conv_forward_bf16_2d_128x128x64_compv3,0,1,52,156,1,256,256,1,1,1,1,0,0,0.02175620011985302,48.87140484747403,2088048
grouped_conv_forward_bf16_2d_128x128x64_compv4,0,1,52,156,1,256,256,1,1,1,1,0,0,0.059068500995635986,18.000390158513653,2097525
grouped_conv_forward_bf16_2d_128x128x64_compv5,0,1,52,156,1,256,256,1,1,1,1,0,0,0.021560199558734894,49.31568750574169,2092727
grouped_conv_forward_bf16_2d_16x64x128_compv3,0,1,52,156,1,256,256,1,1,1,1,0,0,0.03474830090999603,30.598792923832814,2097008
grouped_conv_forward_bf16_2d_16x64x128_compv4,0,1,52,156,1,256,256,1,1,1,1,0,0,0.05391240119934082,19.721920009992065,2096999
grouped_conv_forward_bf16_2d_16x64x128_compv5,0,1,52,156,1,256,256,1,1,1,1,0,0,0.03459220007061958,30.736873105190615,2096948
grouped_conv_forward_bf16_2d_32x64x128_compv3,0,1,52,156,1,256,256,1,1,1,1,0,0,0.02774820104241371,38.318017891494684,2095983
grouped_conv_forward_bf16_2d_32x64x128_compv4,0,1,52,156,1,256,256,1,1,1,1,0,0,0.04710429906845093,22.57237842462956,2095932
grouped_conv_forward_bf16_2d_32x64x128_compv5,0,1,52,156,1,256,256,1,1,1,1,0,0,0.027716299518942833,38.362122016805046,2096191
grouped_conv_forward_bf16_2d_64x64x128_compv3,0,1,52,156,1,256,256,1,1,1,1,0,0,0.026460200548171997,40.18322015603374,2097358
grouped_conv_forward_bf16_2d_64x64x128_compv4,0,1,52,156,1,256,256,1,1,1,1,0,0,0.05908859893679619,17.99426764437766,2098039
grouped_conv_forward_bf16_2d_64x64x128_compv5,0,1,52,156,1,256,256,1,1,1,1,0,0,0.026544202119112015,40.056056657074954,2097643
grouped_conv_forward_bf16_2d_128x64x128_compv3,0,1,52,156,1,256,256,1,1,1,1,0,0,0.029888298362493515,35.574325814890415,2107180
grouped_conv_forward_bf16_2d_128x64x128_compv4,0,1,52,156,1,256,256,1,1,1,1,0,0,0.059144504368305206,17.977258840126243,2097723
grouped_conv_forward_bf16_2d_128x64x128_compv5,0,1,52,156,1,256,256,1,1,1,1,0,0,0.029892299324274063,35.56956433714626,2106008
grouped_conv_forward_bf16_2d_16x64x64_compv3,1,1,32,64,1,56,56,2,2,2,2,0,0,0.0038800002075731754,3.310581266188694,49984
grouped_conv_forward_bf16_2d_16x64x64_compv4,1,1,32,64,1,56,56,2,2,2,2,0,0,0.005048000253736973,2.544583073364737,50176
grouped_conv_forward_bf16_2d_16x64x64_compv5,1,1,32,64,1,56,56,2,2,2,2,0,0,0.004143999889492989,3.099675758333954,50176
grouped_conv_forward_bf16_2d_32x64x64_compv3,1,1,32,64,1,56,56,2,2,2,2,0,0,0.004596000071614981,2.794833724945178,50176
grouped_conv_forward_bf16_2d_32x64x64_compv4,1,1,32,64,1,56,56,2,2,2,2,0,0,0.005592099856585264,2.2970004702032716,50176
grouped_conv_forward_bf16_2d_32x64x64_compv5,1,1,32,64,1,56,56,2,2,2,2,0,0,0.00444400031119585,2.8904264402590654,50176
grouped_conv_forward_bf16_2d_64x64x64_compv3,1,1,32,64,1,56,56,2,2,2,2,0,0,0.005592099856585264,2.2970004702032716,50176
grouped_conv_forward_bf16_2d_64x64x64_compv4,1,1,32,64,1,56,56,2,2,2,2,0,0,0.00711999973282218,1.8040809665744972,50176
grouped_conv_forward_bf16_2d_64x64x64_compv5,1,1,32,64,1,56,56,2,2,2,2,0,0,0.005544000305235386,2.3169291653663837,50176
grouped_conv_forward_bf16_2d_32x128x64_compv3,1,1,32,64,1,56,56,2,2,2,2,0,0,0.0049320999532938,2.6043786868961765,50176
grouped_conv_forward_bf16_2d_32x128x64_compv4,1,1,32,64,1,56,56,2,2,2,2,0,0,0.005724000278860331,2.2440697718759544,50176
grouped_conv_forward_bf16_2d_32x128x64_compv5,1,1,32,64,1,56,56,2,2,2,2,0,0,0.004832000005990267,2.6583311225322617,50176
grouped_conv_forward_bf16_2d_64x128x64_compv3,1,1,32,64,1,56,56,2,2,2,2,0,0,0.005832099821418524,2.202475333639906,50176
grouped_conv_forward_bf16_2d_64x128x64_compv4,1,1,32,64,1,56,56,2,2,2,2,0,0,0.006623999681323767,1.939169175417743,50176
grouped_conv_forward_bf16_2d_64x128x64_compv5,1,1,32,64,1,56,56,2,2,2,2,0,0,0.0057920003309845924,2.2177236301739724,50176
grouped_conv_forward_bf16_2d_128x128x64_compv3,1,1,32,64,1,56,56,2,2,2,2,0,0,0.00675999978557229,1.9001562732908517,50176
grouped_conv_forward_bf16_2d_128x128x64_compv4,1,1,32,64,1,56,56,2,2,2,2,0,0,0.006580100394785404,1.9521063858204117,50176
grouped_conv_forward_bf16_2d_128x128x64_compv5,1,1,32,64,1,56,56,2,2,2,2,0,0,0.007475999649614096,1.7181723651716665,50176
grouped_conv_forward_bf16_2d_16x64x128_compv3,1,1,32,64,1,56,56,2,2,2,2,0,0,0.003988099750131369,3.220846218697735,50020
grouped_conv_forward_bf16_2d_16x64x128_compv4,1,1,32,64,1,56,56,2,2,2,2,0,0,0.004408099688589573,2.9139667674144496,50176
grouped_conv_forward_bf16_2d_16x64x128_compv5,1,1,32,64,1,56,56,2,2,2,2,0,0,0.0038159999530762434,3.3661048631945194,50144
grouped_conv_forward_bf16_2d_32x64x128_compv3,1,1,32,64,1,56,56,2,2,2,2,0,0,0.004352000076323748,2.951529360001888,50176
grouped_conv_forward_bf16_2d_32x64x128_compv4,1,1,32,64,1,56,56,2,2,2,2,0,0,0.0051160999573767185,2.5107124776714302,50176
grouped_conv_forward_bf16_2d_32x64x128_compv5,1,1,32,64,1,56,56,2,2,2,2,0,0,0.004296000115573406,2.9900036439560274,50176
grouped_conv_forward_bf16_2d_64x64x128_compv3,1,1,32,64,1,56,56,2,2,2,2,0,0,0.005283999722450972,2.4309342684904323,50176
grouped_conv_forward_bf16_2d_64x64x128_compv4,1,1,32,64,1,56,56,2,2,2,2,0,0,0.006620100233703852,1.9403114071602772,50176
grouped_conv_forward_bf16_2d_64x64x128_compv5,1,1,32,64,1,56,56,2,2,2,2,0,0,0.005231999792158604,2.4550948987519785,50176
grouped_conv_forward_bf16_2d_128x64x128_compv3,1,1,32,64,1,56,56,2,2,2,2,0,0,0.0057760002091526985,2.2238669554834183,50176
grouped_conv_forward_bf16_2d_128x64x128_compv4,1,1,32,64,1,56,56,2,2,2,2,0,0,0.006520099937915802,1.9700704164522387,50176
grouped_conv_forward_bf16_2d_128x64x128_compv5,1,1,32,64,1,56,56,2,2,2,2,0,0,0.005619999952614307,2.285597172296193,50176
grouped_conv_forward_bf16_2d_16x64x64_compv3,3,1,192,432,1,256,256,1,1,2,2,0,0,0.03059620037674904,88.83158557378974,7075440
grouped_conv_forward_bf16_2d_16x64x64_compv4,3,1,192,432,1,256,256,1,1,2,2,0,0,0.03760819882154465,72.26905507750583,7075736
grouped_conv_forward_bf16_2d_16x64x64_compv5,3,1,192,432,1,256,256,1,1,2,2,0,0,0.03072420135140419,88.46150176254405,7075720
grouped_conv_forward_bf16_2d_32x64x64_compv3,3,1,192,432,1,256,256,1,1,2,2,0,0,0.025728199630975723,105.63929971717673,7071776
grouped_conv_forward_bf16_2d_32x64x64_compv4,3,1,192,432,1,256,256,1,1,2,2,0,0,0.033736299723386765,80.56334020876285,7074662
grouped_conv_forward_bf16_2d_32x64x64_compv5,3,1,192,432,1,256,256,1,1,2,2,0,0,0.025240201503038406,107.68174698101436,7072896
grouped_conv_forward_bf16_2d_64x64x64_compv3,3,1,192,432,1,256,256,1,1,2,2,0,0,0.02194010093808174,123.8786001792037,7072416
grouped_conv_forward_bf16_2d_64x64x64_compv4,3,1,192,432,1,256,256,1,1,2,2,0,0,0.04208030179142952,64.58862879528006,7075128
grouped_conv_forward_bf16_2d_64x64x64_compv5,3,1,192,432,1,256,256,1,1,2,2,0,0,0.02199609950184822,123.56322500594379,7071232
grouped_conv_forward_bf16_2d_32x128x64_compv3,3,1,192,432,1,256,256,1,1,2,2,0,0,0.020916100591421127,129.94338883198753,7072844
grouped_conv_forward_bf16_2d_32x128x64_compv4,3,1,192,432,1,256,256,1,1,2,2,0,0,0.033628299832344055,80.82207561935338,7072652
grouped_conv_forward_bf16_2d_32x128x64_compv5,3,1,192,432,1,256,256,1,1,2,2,0,0,0.021260101348161697,127.84082951867067,7073597
grouped_conv_forward_bf16_2d_64x128x64_compv3,3,1,192,432,1,256,256,1,1,2,2,0,0,0.019836099818348885,137.01831594363458,7073332
grouped_conv_forward_bf16_2d_64x128x64_compv4,3,1,192,432,1,256,256,1,1,2,2,0,0,0.04198429733514786,64.73632201829557,7075216
grouped_conv_forward_bf16_2d_64x128x64_compv5,3,1,192,432,1,256,256,1,1,2,2,0,0,0.01950809918344021,139.3220818923837,7073880
grouped_conv_forward_bf16_2d_128x128x64_compv3,3,1,192,432,1,256,256,1,1,2,2,0,0,0.01934009976685047,140.53231497071076,7062404
grouped_conv_forward_bf16_2d_128x128x64_compv4,3,1,192,432,1,256,256,1,1,2,2,0,0,0.04158029705286026,65.36530964520944,7075152
grouped_conv_forward_bf16_2d_128x128x64_compv5,3,1,192,432,1,256,256,1,1,2,2,0,0,0.019040100276470184,142.7465692162767,7061112
grouped_conv_forward_bf16_2d_16x64x128_compv3,3,1,192,432,1,256,256,1,1,2,2,0,0,0.02996020019054413,90.7173174649818,7076650
grouped_conv_forward_bf16_2d_16x64x128_compv4,3,1,192,432,1,256,256,1,1,2,2,0,0,0.03762830048799515,72.23044774151083,7075622
grouped_conv_forward_bf16_2d_16x64x128_compv5,3,1,192,432,1,256,256,1,1,2,2,0,0,0.029756098985671997,91.33956011198623,7076800
grouped_conv_forward_bf16_2d_32x64x128_compv3,3,1,192,432,1,256,256,1,1,2,2,0,0,0.02436009980738163,111.57216158763092,7075560
grouped_conv_forward_bf16_2d_32x64x128_compv4,3,1,192,432,1,256,256,1,1,2,2,0,0,0.033628202974796295,80.82230840693515,7071262
grouped_conv_forward_bf16_2d_32x64x128_compv5,3,1,192,432,1,256,256,1,1,2,2,0,0,0.02425220049917698,112.06855196880937,7075518
grouped_conv_forward_bf16_2d_64x64x128_compv3,3,1,192,432,1,256,256,1,1,2,2,0,0,0.023792199790477753,114.23529627082976,7075092
grouped_conv_forward_bf16_2d_64x64x128_compv4,3,1,192,432,1,256,256,1,1,2,2,0,0,0.04221630096435547,64.38055750774599,7075326
grouped_conv_forward_bf16_2d_64x64x128_compv5,3,1,192,432,1,256,256,1,1,2,2,0,0,0.023528199642896652,115.51708304296704,7074872
grouped_conv_forward_bf16_2d_128x64x128_compv3,3,1,192,432,1,256,256,1,1,2,2,0,0,0.026576200500130653,102.26853127431208,7071244
grouped_conv_forward_bf16_2d_128x64x128_compv4,3,1,192,432,1,256,256,1,1,2,2,0,0,0.04176830127835274,65.07109240299918,7073308
grouped_conv_forward_bf16_2d_128x64x128_compv5,3,1,192,432,1,256,256,1,1,2,2,0,0,0.02629219926893711,103.37320831167861,7070752
grouped_conv_forward_bf16_2d_16x64x64_compv3,4,1,166,1328,1,64,64,1,1,1,1,0,0,0.024424100294709206,73.93967410096165,5438698
grouped_conv_forward_bf16_2d_16x64x64_compv4,4,1,166,1328,1,64,64,1,1,1,1,0,0,0.029176101088523865,61.89689330046697,5437777
grouped_conv_forward_bf16_2d_16x64x64_compv5,4,1,166,1328,1,64,64,1,1,1,1,0,0,0.024500099942088127,73.71031221377473,5438031
grouped_conv_forward_bf16_2d_32x64x64_compv3,4,1,166,1328,1,64,64,1,1,1,1,0,0,0.02099210023880005,86.02807701261383,5437251
grouped_conv_forward_bf16_2d_32x64x64_compv4,4,1,166,1328,1,64,64,1,1,1,1,0,0,0.02711609937250614,66.59918121671542,5436508
grouped_conv_forward_bf16_2d_32x64x64_compv5,4,1,166,1328,1,64,64,1,1,1,1,0,0,0.02096409909427166,86.14298224212536,5436446
grouped_conv_forward_bf16_2d_64x64x64_compv3,4,1,166,1328,1,64,64,1,1,1,1,0,0,0.01920809969305992,94.01815092892782,5435302
grouped_conv_forward_bf16_2d_64x64x64_compv4,4,1,166,1328,1,64,64,1,1,1,1,0,0,0.035804200917482376,50.438495196752605,5436507
grouped_conv_forward_bf16_2d_64x64x64_compv5,4,1,166,1328,1,64,64,1,1,1,1,0,0,0.019092099741101265,94.58938725907956,5434392
grouped_conv_forward_bf16_2d_32x128x64_compv3,4,1,166,1328,1,64,64,1,1,1,1,0,0,0.01727209985256195,104.5564830805521,5437713
grouped_conv_forward_bf16_2d_32x128x64_compv4,4,1,166,1328,1,64,64,1,1,1,1,0,0,0.027128100395202637,66.56971884103463,5436678
grouped_conv_forward_bf16_2d_32x128x64_compv5,4,1,166,1328,1,64,64,1,1,1,1,0,0,0.01716409996151924,105.21437302560163,5437769
grouped_conv_forward_bf16_2d_64x128x64_compv3,4,1,166,1328,1,64,64,1,1,1,1,0,0,0.016260098665952682,111.06390269214221,5437111
grouped_conv_forward_bf16_2d_64x128x64_compv4,4,1,166,1328,1,64,64,1,1,1,1,0,0,0.0361442007124424,49.96403241470291,5437628
grouped_conv_forward_bf16_2d_64x128x64_compv5,4,1,166,1328,1,64,64,1,1,1,1,0,0,0.016252100467681885,111.11856092639486,5436740
grouped_conv_forward_bf16_2d_128x128x64_compv3,4,1,166,1328,1,64,64,1,1,1,1,0,0,0.018344199284911156,98.44583499948313,5433230
grouped_conv_forward_bf16_2d_128x128x64_compv4,4,1,166,1328,1,64,64,1,1,1,1,0,0,0.035856299102306366,50.3652094949152,5436708
grouped_conv_forward_bf16_2d_128x128x64_compv5,4,1,166,1328,1,64,64,1,1,1,1,0,0,0.018420100212097168,98.04018410355832,5436366
grouped_conv_forward_bf16_2d_16x64x128_compv3,4,1,166,1328,1,64,64,1,1,1,1,0,0,0.0238041989505291,75.8651874718876,5437761
grouped_conv_forward_bf16_2d_16x64x128_compv4,4,1,166,1328,1,64,64,1,1,1,1,0,0,0.029312198981642723,61.609503167298456,5437717
grouped_conv_forward_bf16_2d_16x64x128_compv5,4,1,166,1328,1,64,64,1,1,1,1,0,0,0.02358410134911537,76.57319603859906,5438217
grouped_conv_forward_bf16_2d_32x64x128_compv3,4,1,166,1328,1,64,64,1,1,1,1,0,0,0.019748101010918617,91.44727460131595,5436497
grouped_conv_forward_bf16_2d_32x64x128_compv4,4,1,166,1328,1,64,64,1,1,1,1,0,0,0.026968101039528847,66.96467108874161,5437102
grouped_conv_forward_bf16_2d_32x64x128_compv5,4,1,166,1328,1,64,64,1,1,1,1,0,0,0.020228199660778046,89.27685341674834,5436583
grouped_conv_forward_bf16_2d_64x64x128_compv3,4,1,166,1328,1,64,64,1,1,1,1,0,0,0.02027609944343567,89.06594786822563,5437707
grouped_conv_forward_bf16_2d_64x64x128_compv4,4,1,166,1328,1,64,64,1,1,1,1,0,0,0.03579620271921158,50.449765025796445,5437784
grouped_conv_forward_bf16_2d_64x64x128_compv5,4,1,166,1328,1,64,64,1,1,1,1,0,0,0.02013619989156723,89.68474815132774,5437571
grouped_conv_forward_bf16_2d_128x64x128_compv3,4,1,166,1328,1,64,64,1,1,1,1,0,0,0.02059219963848591,87.69874261634654,5434310
grouped_conv_forward_bf16_2d_128x64x128_compv4,4,1,166,1328,1,64,64,1,1,1,1,0,0,0.03672020137310028,49.18028628576465,5437580
grouped_conv_forward_bf16_2d_128x64x128_compv5,4,1,166,1328,1,64,64,1,1,1,1,0,0,0.021260101348161697,84.94362215992692,5433836
grouped_conv_forward_bf16_2d_16x64x64_compv3,5,1,443,116,1,128,128,1,1,1,1,0,0,0.018564101308584213,90.70635610145897,147865
grouped_conv_forward_bf16_2d_16x64x64_compv4,5,1,443,116,1,128,128,1,1,1,1,0,0,0.02199609950184822,76.5536627918287,148247
grouped_conv_forward_bf16_2d_16x64x64_compv5,5,1,443,116,1,128,128,1,1,1,1,0,0,0.018660100176930428,90.23970761324162,147825
grouped_conv_forward_bf16_2d_32x64x64_compv3,5,1,443,116,1,128,128,1,1,1,1,0,0,0.016036100685596466,105.00570038902619,148380
grouped_conv_forward_bf16_2d_32x64x64_compv4,5,1,443,116,1,128,128,1,1,1,1,0,0,0.018616098910570145,90.45299942212375,148391
grouped_conv_forward_bf16_2d_32x64x64_compv5,5,1,443,116,1,128,128,1,1,1,1,0,0,0.01573609933257103,107.00758481580328,148422
grouped_conv_forward_bf16_2d_64x64x64_compv3,5,1,443,116,1,128,128,1,1,1,1,0,0,0.014412100426852703,116.83806899253783,148202
grouped_conv_forward_bf16_2d_64x64x64_compv4,5,1,443,116,1,128,128,1,1,1,1,0,0,0.022436100989580154,75.05234464678306,148261
grouped_conv_forward_bf16_2d_64x64x64_compv5,5,1,443,116,1,128,128,1,1,1,1,0,0,0.01454010047018528,115.80951503415181,148508
grouped_conv_forward_bf16_2d_32x128x64_compv3,5,1,443,116,1,128,128,1,1,1,1,0,0,0.012872099876403809,130.81641691475446,148361
grouped_conv_forward_bf16_2d_32x128x64_compv4,5,1,443,116,1,128,128,1,1,1,1,0,0,0.01867610029876232,90.16239777377893,149393
grouped_conv_forward_bf16_2d_32x128x64_compv5,5,1,443,116,1,128,128,1,1,1,1,0,0,0.012532100081443787,134.36550722199507,148520
grouped_conv_forward_bf16_2d_64x128x64_compv3,5,1,443,116,1,128,128,1,1,1,1,0,0,0.01304010022431612,129.13106149752082,147553
grouped_conv_forward_bf16_2d_64x128x64_compv4,5,1,443,116,1,128,128,1,1,1,1,0,0,0.02236420102417469,75.29363477728535,148265
grouped_conv_forward_bf16_2d_64x128x64_compv5,5,1,443,116,1,128,128,1,1,1,1,0,0,0.012820099480450153,131.3470294491719,147598
grouped_conv_forward_bf16_2d_128x128x64_compv3,5,1,443,116,1,128,128,1,1,1,1,0,0,0.013856099918484688,121.52640309367446,147456
grouped_conv_forward_bf16_2d_128x128x64_compv4,5,1,443,116,1,128,128,1,1,1,1,0,0,0.022800199687480927,73.85382615418852,148312
grouped_conv_forward_bf16_2d_128x128x64_compv5,5,1,443,116,1,128,128,1,1,1,1,0,0,0.0135561004281044,124.21580917982793,147955
grouped_conv_forward_bf16_2d_16x64x128_compv3,5,1,443,116,1,128,128,1,1,1,1,0,0,0.018504099920392036,91.00048050131392,147888
grouped_conv_forward_bf16_2d_16x64x128_compv4,5,1,443,116,1,128,128,1,1,1,1,0,0,0.021552201360464096,78.13039400647749,148308
grouped_conv_forward_bf16_2d_16x64x128_compv5,5,1,443,116,1,128,128,1,1,1,1,0,0,0.018511999398469925,90.96164859097706,147630
grouped_conv_forward_bf16_2d_32x64x128_compv3,5,1,443,116,1,128,128,1,1,1,1,0,0,0.015724100172519684,107.08924297893029,148689
grouped_conv_forward_bf16_2d_32x64x128_compv4,5,1,443,116,1,128,128,1,1,1,1,0,0,0.01867610029876232,90.16239777377893,148363
grouped_conv_forward_bf16_2d_32x64x128_compv5,5,1,443,116,1,128,128,1,1,1,1,0,0,0.015648100525140762,107.60935369085972,149060
grouped_conv_forward_bf16_2d_64x64x128_compv3,5,1,443,116,1,128,128,1,1,1,1,0,0,0.013284100219607353,126.75920507695264,149027
grouped_conv_forward_bf16_2d_64x64x128_compv4,5,1,443,116,1,128,128,1,1,1,1,0,0,0.0224441010504961,75.0255927030225,148418
grouped_conv_forward_bf16_2d_64x64x128_compv5,5,1,443,116,1,128,128,1,1,1,1,0,0,0.01324010081589222,127.1804503164221,148320
grouped_conv_forward_bf16_2d_128x64x128_compv3,5,1,443,116,1,128,128,1,1,1,1,0,0,0.011936100199818611,141.0747191972793,150544
grouped_conv_forward_bf16_2d_128x64x128_compv4,5,1,443,116,1,128,128,1,1,1,1,0,0,0.02250010147690773,74.83886175927692,148224
grouped_conv_forward_bf16_2d_128x64x128_compv5,5,1,443,116,1,128,128,1,1,1,1,0,0,0.011992099694907665,140.4159427322844,150496
grouped_conv_forward_bf16_2d_16x64x64_compv3,6,4,256,128,1,640,640,3,3,1,1,1,1,5.726737022399902,168.74664190447226,209715200
grouped_conv_forward_bf16_2d_16x64x64_compv4,6,4,256,128,1,640,640,3,3,1,1,1,1,6.754689693450928,143.06617853029587,209715168
grouped_conv_forward_bf16_2d_16x64x64_compv5,6,4,256,128,1,640,640,3,3,1,1,1,1,5.730231761932373,168.64372712110293,209715200
grouped_conv_forward_bf16_2d_32x64x64_compv3,6,4,256,128,1,640,640,3,3,1,1,1,1,4.705726623535156,205.3599197128924,209715200
grouped_conv_forward_bf16_2d_32x64x64_compv4,6,4,256,128,1,640,640,3,3,1,1,1,1,5.550994396209717,174.08910415399572,209703936
grouped_conv_forward_bf16_2d_32x64x64_compv5,6,4,256,128,1,640,640,3,3,1,1,1,1,4.706366539001465,205.3319973256973,209714944
grouped_conv_forward_bf16_2d_64x64x64_compv3,6,4,256,128,1,640,640,3,3,1,1,1,1,3.7248058319091797,259.4410783298952,209715200
grouped_conv_forward_bf16_2d_64x64x64_compv4,6,4,256,128,1,640,640,3,3,1,1,1,1,7.384487152099609,130.8645572394605,209600074
grouped_conv_forward_bf16_2d_64x64x64_compv5,6,4,256,128,1,640,640,3,3,1,1,1,1,3.7275538444519043,259.24981420143473,209715200
grouped_conv_forward_bf16_2d_32x128x64_compv3,6,4,256,128,1,640,640,3,3,1,1,1,1,3.493323802947998,276.6327131726201,209715200
grouped_conv_forward_bf16_2d_32x128x64_compv4,6,4,256,128,1,640,640,3,3,1,1,1,1,5.554662227630615,173.9741503620125,209708384
grouped_conv_forward_bf16_2d_32x128x64_compv5,6,4,256,128,1,640,640,3,3,1,1,1,1,3.4909000396728516,276.824781751861,209715192
grouped_conv_forward_bf16_2d_64x128x64_compv3,6,4,256,128,1,640,640,3,3,1,1,1,1,2.8369297981262207,340.63854602192885,209714780
grouped_conv_forward_bf16_2d_64x128x64_compv4,6,4,256,128,1,640,640,3,3,1,1,1,1,7.385663032531738,130.84372213346674,209597518
grouped_conv_forward_bf16_2d_64x128x64_compv5,6,4,256,128,1,640,640,3,3,1,1,1,1,2.8268535137176514,341.8527479087909,209714304
grouped_conv_forward_bf16_2d_128x128x64_compv3,6,4,256,128,1,640,640,3,3,1,1,1,1,2.693244457244873,358.8117071959267,209562952
grouped_conv_forward_bf16_2d_128x128x64_compv4,6,4,256,128,1,640,640,3,3,1,1,1,1,7.38256311416626,130.89866305994127,209601862
grouped_conv_forward_bf16_2d_128x128x64_compv5,6,4,256,128,1,640,640,3,3,1,1,1,1,2.681612491607666,360.36811605865114,209565080
grouped_conv_forward_bf16_2d_16x64x128_compv3,6,4,256,128,1,640,640,3,3,1,1,1,1,5.267983913421631,183.44164626963152,209713152
grouped_conv_forward_bf16_2d_16x64x128_compv4,6,4,256,128,1,640,640,3,3,1,1,1,1,6.758057594299316,142.99488101657622,209715200
grouped_conv_forward_bf16_2d_16x64x128_compv5,6,4,256,128,1,640,640,3,3,1,1,1,1,5.2630181312561035,183.61472780435983,209712384
grouped_conv_forward_bf16_2d_32x64x128_compv3,6,4,256,128,1,640,640,3,3,1,1,1,1,3.937007188796997,245.45742368717544,209710080
grouped_conv_forward_bf16_2d_32x64x128_compv4,6,4,256,128,1,640,640,3,3,1,1,1,1,5.556790351867676,173.90752222192387,209706912
grouped_conv_forward_bf16_2d_32x64x128_compv5,6,4,256,128,1,640,640,3,3,1,1,1,1,3.93988299369812,245.2782590614275,209706400
grouped_conv_forward_bf16_2d_64x64x128_compv3,6,4,256,128,1,640,640,3,3,1,1,1,1,3.6081042289733887,267.83251820720267,209704764
grouped_conv_forward_bf16_2d_64x64x128_compv4,6,4,256,128,1,640,640,3,3,1,1,1,1,7.387785911560059,130.8061242121098,209603264
grouped_conv_forward_bf16_2d_64x64x128_compv5,6,4,256,128,1,640,640,3,3,1,1,1,1,3.608116626739502,267.83159791407974,209707988
grouped_conv_forward_bf16_2d_128x64x128_compv3,6,4,256,128,1,640,640,3,3,1,1,1,1,3.283029556274414,294.352403789089,209617832
grouped_conv_forward_bf16_2d_128x64x128_compv4,6,4,256,128,1,640,640,3,3,1,1,1,1,7.383770942687988,130.877250811386,209602244
grouped_conv_forward_bf16_2d_128x64x128_compv5,6,4,256,128,1,640,640,3,3,1,1,1,1,3.292405605316162,293.51415270330943,209625858
grouped_conv_forward_bf16_2d_16x64x64_compv3,8,1,1536,3072,1,7,7,1,1,1,1,0,0,0.017748098820447922,26.054735252388543,150528
grouped_conv_forward_bf16_2d_16x64x64_compv4,8,1,1536,3072,1,7,7,1,1,1,1,0,0,0.014736099168658257,31.38021878839624,150528
grouped_conv_forward_bf16_2d_16x64x64_compv5,8,1,1536,3072,1,7,7,1,1,1,1,0,0,0.017748098820447922,26.054735252388543,150528
grouped_conv_forward_bf16_2d_32x64x64_compv3,8,1,1536,3072,1,7,7,1,1,1,1,0,0,0.02253209985792637,20.522810519913822,150240
grouped_conv_forward_bf16_2d_32x64x64_compv4,8,1,1536,3072,1,7,7,1,1,1,1,0,0,0.017872098833322525,25.873962555411467,150176
grouped_conv_forward_bf16_2d_32x64x64_compv5,8,1,1536,3072,1,7,7,1,1,1,1,0,0,0.022376101464033127,20.6658884141765,150528
grouped_conv_forward_bf16_2d_64x64x64_compv3,8,1,1536,3072,1,7,7,1,1,1,1,0,0,0.0271161999553442,17.053348801142157,150528
grouped_conv_forward_bf16_2d_64x64x64_compv4,8,1,1536,3072,1,7,7,1,1,1,1,0,0,0.02709219977259636,17.068455861149296,150528
grouped_conv_forward_bf16_2d_64x64x64_compv5,8,1,1536,3072,1,7,7,1,1,1,1,0,0,0.02727619931101799,16.95331562609636,150528
grouped_conv_forward_bf16_2d_32x128x64_compv3,8,1,1536,3072,1,7,7,1,1,1,1,0,0,0.026932399719953537,17.169729426576243,150528
grouped_conv_forward_bf16_2d_32x128x64_compv4,8,1,1536,3072,1,7,7,1,1,1,1,0,0,0.017756300047039986,26.042701169441365,150528
grouped_conv_forward_bf16_2d_32x128x64_compv5,8,1,1536,3072,1,7,7,1,1,1,1,0,0,0.026416201144456863,17.505242842119785,148480
grouped_conv_forward_bf16_2d_64x128x64_compv3,8,1,1536,3072,1,7,7,1,1,1,1,0,0,0.030900200828909874,14.965016524014409,150528
grouped_conv_forward_bf16_2d_64x128x64_compv4,8,1,1536,3072,1,7,7,1,1,1,1,0,0,0.02608419954776764,17.728050851365897,150528
grouped_conv_forward_bf16_2d_64x128x64_compv5,8,1,1536,3072,1,7,7,1,1,1,1,0,0,0.030744200572371483,15.040951053889467,150528
grouped_conv_forward_bf16_2d_128x128x64_compv3,8,1,1536,3072,1,7,7,1,1,1,1,0,0,0.030532199889421463,15.145388071437853,150528
grouped_conv_forward_bf16_2d_128x128x64_compv4,8,1,1536,3072,1,7,7,1,1,1,1,0,0,0.026036199182271957,17.760734305445897,150528
grouped_conv_forward_bf16_2d_128x128x64_compv5,8,1,1536,3072,1,7,7,1,1,1,1,0,0,0.029764199629426003,15.536181780706519,150528
grouped_conv_forward_bf16_2d_16x64x128_compv3,8,1,1536,3072,1,7,7,1,1,1,1,0,0,0.014296099543571472,32.346026592122975,150528
grouped_conv_forward_bf16_2d_16x64x128_compv4,8,1,1536,3072,1,7,7,1,1,1,1,0,0,0.014236100018024445,32.48235228851467,150528
grouped_conv_forward_bf16_2d_16x64x128_compv5,8,1,1536,3072,1,7,7,1,1,1,1,0,0,0.01406400091946125,32.87983402789155,150528
grouped_conv_forward_bf16_2d_32x64x128_compv3,8,1,1536,3072,1,7,7,1,1,1,1,0,0,0.017108101397752762,27.029417540203585,150528
grouped_conv_forward_bf16_2d_32x64x128_compv4,8,1,1536,3072,1,7,7,1,1,1,1,0,0,0.017872098833322525,25.873962555411467,150528
grouped_conv_forward_bf16_2d_32x64x128_compv5,8,1,1536,3072,1,7,7,1,1,1,1,0,0,0.016776099801063538,27.56433387280423,150528
grouped_conv_forward_bf16_2d_64x64x128_compv3,8,1,1536,3072,1,7,7,1,1,1,1,0,0,0.021644100546836853,21.364806312895272,149872
grouped_conv_forward_bf16_2d_64x64x128_compv4,8,1,1536,3072,1,7,7,1,1,1,1,0,0,0.026152199134230614,17.681955296628797,150528
grouped_conv_forward_bf16_2d_64x64x128_compv5,8,1,1536,3072,1,7,7,1,1,1,1,0,0,0.021560098975896835,21.448046992593394,150064
grouped_conv_forward_bf16_2d_128x64x128_compv3,8,1,1536,3072,1,7,7,1,1,1,1,0,0,0.021160099655389786,21.853489517106993,150528
grouped_conv_forward_bf16_2d_128x64x128_compv4,8,1,1536,3072,1,7,7,1,1,1,1,0,0,0.025852199643850327,17.88714393245064,150528
grouped_conv_forward_bf16_2d_128x64x128_compv5,8,1,1536,3072,1,7,7,1,1,1,1,0,0,0.02136410027742386,21.644815835687517,150528
grouped_conv_forward_bf16_2d_16x64x64_compv3,9,1,160,278,1,64,64,1,1,1,1,0,0,0.008700000122189522,41.88277642326018,107275
grouped_conv_forward_bf16_2d_16x64x64_compv4,9,1,160,278,1,64,64,1,1,1,1,0,0,0.009359999559819698,38.92950610427369,106855
grouped_conv_forward_bf16_2d_16x64x64_compv5,9,1,160,278,1,64,64,1,1,1,1,0,0,0.008640100248157978,42.17314030328338,107221
grouped_conv_forward_bf16_2d_32x64x64_compv3,9,1,160,278,1,64,64,1,1,1,1,0,0,0.00842410046607256,43.254488887865726,107721
grouped_conv_forward_bf16_2d_32x64x64_compv4,9,1,160,278,1,64,64,1,1,1,1,0,0,0.009724000468850136,37.47224829608508,106880
grouped_conv_forward_bf16_2d_32x64x64_compv5,9,1,160,278,1,64,64,1,1,1,1,0,0,0.008256100118160248,44.13465859001681,107072
grouped_conv_forward_bf16_2d_64x64x64_compv3,9,1,160,278,1,64,64,1,1,1,1,0,0,0.008919999934732914,40.8497940208685,107243
grouped_conv_forward_bf16_2d_64x64x64_compv4,9,1,160,278,1,64,64,1,1,1,1,0,0,0.013844099827110767,26.32024938786109,106944
grouped_conv_forward_bf16_2d_64x64x64_compv5,9,1,160,278,1,64,64,1,1,1,1,0,0,0.008980100043118,40.57640318598085,107072
grouped_conv_forward_bf16_2d_32x128x64_compv3,9,1,160,278,1,64,64,1,1,1,1,0,0,0.007848000153899193,46.429683085436956,106937
grouped_conv_forward_bf16_2d_32x128x64_compv4,9,1,160,278,1,64,64,1,1,1,1,0,0,0.01042800024151802,34.94247713471059,106848
grouped_conv_forward_bf16_2d_32x128x64_compv5,9,1,160,278,1,64,64,1,1,1,1,0,0,0.007939999923110008,45.89170825297394,106936
grouped_conv_forward_bf16_2d_64x128x64_compv3,9,1,160,278,1,64,64,1,1,1,1,0,0,0.008112099952995777,44.91810531321614,107236
grouped_conv_forward_bf16_2d_64x128x64_compv4,9,1,160,278,1,64,64,1,1,1,1,0,0,0.01285610068589449,28.342976529406943,106808
grouped_conv_forward_bf16_2d_64x128x64_compv5,9,1,160,278,1,64,64,1,1,1,1,0,0,0.008184099569916725,44.522938276483806,107328
grouped_conv_forward_bf16_2d_128x128x64_compv3,9,1,160,278,1,64,64,1,1,1,1,0,0,0.009316099807620049,39.11295150594645,106496
grouped_conv_forward_bf16_2d_128x128x64_compv4,9,1,160,278,1,64,64,1,1,1,1,0,0,0.012836100533604622,28.387138215851532,106944
grouped_conv_forward_bf16_2d_128x128x64_compv5,9,1,160,278,1,64,64,1,1,1,1,0,0,0.009371999651193619,38.879660004425254,106496
grouped_conv_forward_bf16_2d_16x64x128_compv3,9,1,160,278,1,64,64,1,1,1,1,0,0,0.00801599957048893,45.45660922207047,106736
grouped_conv_forward_bf16_2d_16x64x128_compv4,9,1,160,278,1,64,64,1,1,1,1,0,0,0.009356100112199783,38.945731194653476,107020
grouped_conv_forward_bf16_2d_16x64x128_compv5,9,1,160,278,1,64,64,1,1,1,1,0,0,0.008167999796569347,44.61069650773544,107042
grouped_conv_forward_bf16_2d_32x64x128_compv3,9,1,160,278,1,64,64,1,1,1,1,0,0,0.007372000254690647,49.42758375084871,106990
grouped_conv_forward_bf16_2d_32x64x128_compv4,9,1,160,278,1,64,64,1,1,1,1,0,0,0.009612100198864937,37.90848539458926,106801
grouped_conv_forward_bf16_2d_32x64x128_compv5,9,1,160,278,1,64,64,1,1,1,1,0,0,0.007276100106537342,50.079047108301346,107182
grouped_conv_forward_bf16_2d_64x64x128_compv3,9,1,160,278,1,64,64,1,1,1,1,0,0,0.008220000192523003,44.32848557977456,107756
grouped_conv_forward_bf16_2d_64x64x128_compv4,9,1,160,278,1,64,64,1,1,1,1,0,0,0.01286810077726841,28.31654541000177,106937
grouped_conv_forward_bf16_2d_64x64x128_compv5,9,1,160,278,1,64,64,1,1,1,1,0,0,0.008244100026786327,44.19890088864446,106636
grouped_conv_forward_bf16_2d_128x64x128_compv3,9,1,160,278,1,64,64,1,1,1,1,0,0,0.00782809965312481,46.54771606727659,106496
grouped_conv_forward_bf16_2d_128x64x128_compv4,9,1,160,278,1,64,64,1,1,1,1,0,0,0.01285610068589449,28.342976529406943,106934
grouped_conv_forward_bf16_2d_128x64x128_compv5,9,1,160,278,1,64,64,1,1,1,1,0,0,0.007859999313950539,46.35880302855367,107068
grouped_conv_forward_bf16_2d_16x64x64_compv3,10,4,192,388,1,512,512,1,1,1,1,0,0,1.5975797176361084,97.79132375514136,31467701
grouped_conv_forward_bf16_2d_16x64x64_compv4,10,4,192,388,1,512,512,1,1,1,1,0,0,2.201178550720215,70.97535787857032,31581342
grouped_conv_forward_bf16_2d_16x64x64_compv5,10,4,192,388,1,512,512,1,1,1,1,0,0,1.6077337265014648,97.17370035644248,31468919
grouped_conv_forward_bf16_2d_32x64x64_compv3,10,4,192,388,1,512,512,1,1,1,1,0,0,1.3657876253128052,114.38779536182933,31461444
grouped_conv_forward_bf16_2d_32x64x64_compv4,10,4,192,388,1,512,512,1,1,1,1,0,0,1.8829519748687744,82.97048330342459,31505222
grouped_conv_forward_bf16_2d_32x64x64_compv5,10,4,192,388,1,512,512,1,1,1,1,0,0,1.3703796863555908,114.00448864466095,31462979
grouped_conv_forward_bf16_2d_64x64x64_compv3,10,4,192,388,1,512,512,1,1,1,1,0,0,1.115033507347107,140.1118749908259,31447422
grouped_conv_forward_bf16_2d_64x64x64_compv4,10,4,192,388,1,512,512,1,1,1,1,0,0,2.451505184173584,63.72796451771152,31580285
grouped_conv_forward_bf16_2d_64x64x64_compv5,10,4,192,388,1,512,512,1,1,1,1,0,0,1.1215776205062866,139.2943587100794,31444276
grouped_conv_forward_bf16_2d_32x128x64_compv3,10,4,192,388,1,512,512,1,1,1,1,0,0,1.1339137554168701,137.77894010516178,31522850
grouped_conv_forward_bf16_2d_32x128x64_compv4,10,4,192,388,1,512,512,1,1,1,1,0,0,1.8820521831512451,83.01015072303397,31506241
grouped_conv_forward_bf16_2d_32x128x64_compv5,10,4,192,388,1,512,512,1,1,1,1,0,0,1.1367257833480835,137.43810308572904,31517856
grouped_conv_forward_bf16_2d_64x128x64_compv3,10,4,192,388,1,512,512,1,1,1,1,0,0,1.0167486667633057,153.65590386200083,31485737
grouped_conv_forward_bf16_2d_64x128x64_compv4,10,4,192,388,1,512,512,1,1,1,1,0,0,2.453141212463379,63.685463600001476,31580063
grouped_conv_forward_bf16_2d_64x128x64_compv5,10,4,192,388,1,512,512,1,1,1,1,0,0,1.019872784614563,153.1852185378623,31490201
grouped_conv_forward_bf16_2d_128x128x64_compv3,10,4,192,388,1,512,512,1,1,1,1,0,0,1.1205976009368896,139.41617870802366,31396194
grouped_conv_forward_bf16_2d_128x128x64_compv4,10,4,192,388,1,512,512,1,1,1,1,0,0,2.4529731273651123,63.689827519560126,31580451
grouped_conv_forward_bf16_2d_128x128x64_compv5,10,4,192,388,1,512,512,1,1,1,1,0,0,1.1199735403060913,139.49386281867172,31397550
grouped_conv_forward_bf16_2d_16x64x128_compv3,10,4,192,388,1,512,512,1,1,1,1,0,0,1.7306947708129883,90.26977952825946,31565272
grouped_conv_forward_bf16_2d_16x64x128_compv4,10,4,192,388,1,512,512,1,1,1,1,0,0,2.2162952423095703,70.49125604276237,31577007
grouped_conv_forward_bf16_2d_16x64x128_compv5,10,4,192,388,1,512,512,1,1,1,1,0,0,1.729519248008728,90.33113425703348,31570309
grouped_conv_forward_bf16_2d_32x64x128_compv3,10,4,192,388,1,512,512,1,1,1,1,0,0,1.3487275838851929,115.83468541657605,31543254
grouped_conv_forward_bf16_2d_32x64x128_compv4,10,4,192,388,1,512,512,1,1,1,1,0,0,1.8852241039276123,82.8704847696976,31504107
grouped_conv_forward_bf16_2d_32x64x128_compv5,10,4,192,388,1,512,512,1,1,1,1,0,0,1.3487836122512817,115.82987365277542,31553414
grouped_conv_forward_bf16_2d_64x64x128_compv3,10,4,192,388,1,512,512,1,1,1,1,0,0,1.2435747385025024,125.6293092445168,31547942
grouped_conv_forward_bf16_2d_64x64x128_compv4,10,4,192,388,1,512,512,1,1,1,1,0,0,2.4522452354431152,63.70873236247503,31580152
grouped_conv_forward_bf16_2d_64x64x128_compv5,10,4,192,388,1,512,512,1,1,1,1,0,0,1.2437907457351685,125.60749139491091,31545813
grouped_conv_forward_bf16_2d_128x64x128_compv3,10,4,192,388,1,512,512,1,1,1,1,0,0,1.306915283203125,119.5405986906026,32117234
grouped_conv_forward_bf16_2d_128x64x128_compv4,10,4,192,388,1,512,512,1,1,1,1,0,0,2.4525132179260254,63.701771003752576,31579641
grouped_conv_forward_bf16_2d_128x64x128_compv5,10,4,192,388,1,512,512,1,1,1,1,0,0,1.304259181022644,119.78404113628977,32116834
grouped_conv_forward_bf16_2d_16x64x64_compv3,11,2,2560,1280,1,32,32,3,3,1,1,1,1,0.8760083317756653,137.89361449924465,2621440
grouped_conv_forward_bf16_2d_16x64x64_compv4,11,2,2560,1280,1,32,32,3,3,1,1,1,1,0.9254549741744995,130.52602079074597,2620928
grouped_conv_forward_bf16_2d_16x64x64_compv5,11,2,2560,1280,1,32,32,3,3,1,1,1,1,0.8621028661727905,140.1177979331633,2621440
grouped_conv_forward_bf16_2d_32x64x64_compv3,11,2,2560,1280,1,32,32,3,3,1,1,1,1,0.7593263387680054,159.08305695807874,2621440
grouped_conv_forward_bf16_2d_32x64x64_compv4,11,2,2560,1280,1,32,32,3,3,1,1,1,1,0.7886666059494019,153.1647901518349,2621440
grouped_conv_forward_bf16_2d_32x64x64_compv5,11,2,2560,1280,1,32,32,3,3,1,1,1,1,0.7524423003196716,160.53849597328644,2621440
grouped_conv_forward_bf16_2d_64x64x64_compv3,11,2,2560,1280,1,32,32,3,3,1,1,1,1,0.6112450957298279,197.62278019714725,2621440
grouped_conv_forward_bf16_2d_64x64x64_compv4,11,2,2560,1280,1,32,32,3,3,1,1,1,1,1.098765254020691,109.93790962898913,2621248
grouped_conv_forward_bf16_2d_64x64x64_compv5,11,2,2560,1280,1,32,32,3,3,1,1,1,1,0.6104530692100525,197.87918399085808,2621440
grouped_conv_forward_bf16_2d_32x128x64_compv3,11,2,2560,1280,1,32,32,3,3,1,1,1,1,0.5832089185714722,207.12295603414452,2621440
grouped_conv_forward_bf16_2d_32x128x64_compv4,11,2,2560,1280,1,32,32,3,3,1,1,1,1,0.7885227203369141,153.19273888314495,2621440
grouped_conv_forward_bf16_2d_32x128x64_compv5,11,2,2560,1280,1,32,32,3,3,1,1,1,1,0.5864610075950623,205.97440176859433,2621440
grouped_conv_forward_bf16_2d_64x128x64_compv3,11,2,2560,1280,1,32,32,3,3,1,1,1,1,0.5393525958061218,223.96472389171902,2621248
grouped_conv_forward_bf16_2d_64x128x64_compv4,11,2,2560,1280,1,32,32,3,3,1,1,1,1,1.0971853733062744,110.0962135832997,2621248
grouped_conv_forward_bf16_2d_64x128x64_compv5,11,2,2560,1280,1,32,32,3,3,1,1,1,1,0.5425325632095337,222.6519906664974,2621248
grouped_conv_forward_bf16_2d_128x128x64_compv3,11,2,2560,1280,1,32,32,3,3,1,1,1,1,0.46964001655578613,257.2096732426788,2621440
grouped_conv_forward_bf16_2d_128x128x64_compv4,11,2,2560,1280,1,32,32,3,3,1,1,1,1,1.0967493057250977,110.13998784356444,2621248
grouped_conv_forward_bf16_2d_128x128x64_compv5,11,2,2560,1280,1,32,32,3,3,1,1,1,1,0.4709959924221039,256.46917838685846,2621440
grouped_conv_forward_bf16_2d_16x64x128_compv3,11,2,2560,1280,1,32,32,3,3,1,1,1,1,0.7745505571365356,155.95619173856772,2621440
grouped_conv_forward_bf16_2d_16x64x128_compv4,11,2,2560,1280,1,32,32,3,3,1,1,1,1,0.9225037693977356,130.94358983363577,2621440
grouped_conv_forward_bf16_2d_16x64x128_compv5,11,2,2560,1280,1,32,32,3,3,1,1,1,1,0.7765936851501465,155.5458890663595,2621440
grouped_conv_forward_bf16_2d_32x64x128_compv3,11,2,2560,1280,1,32,32,3,3,1,1,1,1,0.5853328108787537,206.37140607007896,2621440
grouped_conv_forward_bf16_2d_32x64x128_compv4,11,2,2560,1280,1,32,32,3,3,1,1,1,1,0.788546621799469,153.18809549185914,2621440
grouped_conv_forward_bf16_2d_32x64x128_compv5,11,2,2560,1280,1,32,32,3,3,1,1,1,1,0.5876129269599915,205.57062252686723,2621440
grouped_conv_forward_bf16_2d_64x64x128_compv3,11,2,2560,1280,1,32,32,3,3,1,1,1,1,0.6189051270484924,195.17685331848188,2621440
grouped_conv_forward_bf16_2d_64x64x128_compv4,11,2,2560,1280,1,32,32,3,3,1,1,1,1,1.0904451608657837,110.77673553440441,2621248
grouped_conv_forward_bf16_2d_64x64x128_compv5,11,2,2560,1280,1,32,32,3,3,1,1,1,1,0.6199613213539124,194.84434115373173,2621440
grouped_conv_forward_bf16_2d_128x64x128_compv3,11,2,2560,1280,1,32,32,3,3,1,1,1,1,0.5865690112113953,205.93647617102977,2621408
grouped_conv_forward_bf16_2d_128x64x128_compv4,11,2,2560,1280,1,32,32,3,3,1,1,1,1,1.1013972759246826,109.6751897253289,2621152
grouped_conv_forward_bf16_2d_128x64x128_compv5,11,2,2560,1280,1,32,32,3,3,1,1,1,1,0.5868409872055054,205.84103331844912,2621408
grouped_conv_forward_bf16_2d_16x64x64_compv3,12,1,256,768,1,64,64,1,1,1,1,0,0,0.018131999298930168,88.82709013203139,3145312
grouped_conv_forward_bf16_2d_16x64x64_compv4,12,1,256,768,1,64,64,1,1,1,1,0,0,0.018292101100087166,88.04963012107586,3142884
grouped_conv_forward_bf16_2d_16x64x64_compv5,12,1,256,768,1,64,64,1,1,1,1,0,0,0.01838410086929798,87.60900233580492,3145024
grouped_conv_forward_bf16_2d_32x64x64_compv3,12,1,256,768,1,64,64,1,1,1,1,0,0,0.015387999825179577,104.66680233284993,3143040
grouped_conv_forward_bf16_2d_32x64x64_compv4,12,1,256,768,1,64,64,1,1,1,1,0,0,0.018516099080443382,86.98445223276654,3143360
grouped_conv_forward_bf16_2d_32x64x64_compv5,12,1,256,768,1,64,64,1,1,1,1,0,0,0.015252100303769112,105.5994062405939,3144024
grouped_conv_forward_bf16_2d_64x64x64_compv3,12,1,256,768,1,64,64,1,1,1,1,0,0,0.013364000245928764,120.518759829465,3142480
grouped_conv_forward_bf16_2d_64x64x64_compv4,12,1,256,768,1,64,64,1,1,1,1,0,0,0.020040098577737808,80.36950166448788,3143120
grouped_conv_forward_bf16_2d_64x64x64_compv5,12,1,256,768,1,64,64,1,1,1,1,0,0,0.013643999584019184,118.04549876170206,3140448
grouped_conv_forward_bf16_2d_32x128x64_compv3,12,1,256,768,1,64,64,1,1,1,1,0,0,0.012040100060403347,133.77071020338713,3145664
grouped_conv_forward_bf16_2d_32x128x64_compv4,12,1,256,768,1,64,64,1,1,1,1,0,0,0.017000099644064903,94.74137032851446,3143160
grouped_conv_forward_bf16_2d_32x128x64_compv5,12,1,256,768,1,64,64,1,1,1,1,0,0,0.012424100190401077,129.6361677157407,3145184
grouped_conv_forward_bf16_2d_64x128x64_compv3,12,1,256,768,1,64,64,1,1,1,1,0,0,0.012752098962664604,126.30177515995811,3144216
grouped_conv_forward_bf16_2d_64x128x64_compv4,12,1,256,768,1,64,64,1,1,1,1,0,0,0.019376199692487717,83.12325231786528,3143116
grouped_conv_forward_bf16_2d_64x128x64_compv5,12,1,256,768,1,64,64,1,1,1,1,0,0,0.012163999490439892,132.40815549736223,3143888
grouped_conv_forward_bf16_2d_128x128x64_compv3,12,1,256,768,1,64,64,1,1,1,1,0,0,0.011396100744605064,141.33015950762518,3141764
grouped_conv_forward_bf16_2d_128x128x64_compv4,12,1,256,768,1,64,64,1,1,1,1,0,0,0.019432101398706436,82.88412575426433,3143136
grouped_conv_forward_bf16_2d_128x128x64_compv5,12,1,256,768,1,64,64,1,1,1,1,0,0,0.011388000100851059,141.43069210893614,3136896
grouped_conv_forward_bf16_2d_16x64x128_compv3,12,1,256,768,1,64,64,1,1,1,1,0,0,0.015704099088907242,102.5600212327795,3143956
grouped_conv_forward_bf16_2d_16x64x128_compv4,12,1,256,768,1,64,64,1,1,1,1,0,0,0.018344199284911156,87.79956600911952,3144172
grouped_conv_forward_bf16_2d_16x64x128_compv5,12,1,256,768,1,64,64,1,1,1,1,0,0,0.014948000200092793,107.7477063446923,3144132
grouped_conv_forward_bf16_2d_32x64x128_compv3,12,1,256,768,1,64,64,1,1,1,1,0,0,0.012508099898695946,128.76557982782958,3144500
grouped_conv_forward_bf16_2d_32x64x128_compv4,12,1,256,768,1,64,64,1,1,1,1,0,0,0.016576100140810013,97.16475662660272,3143472
grouped_conv_forward_bf16_2d_32x64x128_compv5,12,1,256,768,1,64,64,1,1,1,1,0,0,0.012452100403606892,129.34466345400395,3144272
grouped_conv_forward_bf16_2d_64x64x128_compv3,12,1,256,768,1,64,64,1,1,1,1,0,0,0.013368099927902222,120.48179955913481,3143816
grouped_conv_forward_bf16_2d_64x64x128_compv4,12,1,256,768,1,64,64,1,1,1,1,0,0,0.01936810091137886,83.15801034750685,3143456
grouped_conv_forward_bf16_2d_64x64x128_compv5,12,1,256,768,1,64,64,1,1,1,1,0,0,0.012528100982308388,128.56000588392718,3143248
grouped_conv_forward_bf16_2d_128x64x128_compv3,12,1,256,768,1,64,64,1,1,1,1,0,0,0.014056099578738213,114.58461338992458,3138128
grouped_conv_forward_bf16_2d_128x64x128_compv4,12,1,256,768,1,64,64,1,1,1,1,0,0,0.01998009905219078,80.61084841435755,3143392
grouped_conv_forward_bf16_2d_128x64x128_compv5,12,1,256,768,1,64,64,1,1,1,1,0,0,0.014012100175023079,114.94442059948713,3141536
grouped_conv_forward_bf16_2d_16x64x64_compv3,13,4,128,3072,1,1,1,1,1,1,1,0,0,0.004236000124365091,0.742617541936804,12288
grouped_conv_forward_bf16_2d_16x64x64_compv4,13,4,128,3072,1,1,1,1,1,1,1,0,0,0.004348000045865774,0.7234884928281141,12288
grouped_conv_forward_bf16_2d_16x64x64_compv5,13,4,128,3072,1,1,1,1,1,1,1,0,0,0.0038920999504625797,0.8082341255460634,12288
grouped_conv_forward_bf16_2d_32x64x64_compv3,13,4,128,3072,1,1,1,1,1,1,1,0,0,0.0044479998759925365,0.7072230412996707,12160
grouped_conv_forward_bf16_2d_32x64x64_compv4,13,4,128,3072,1,1,1,1,1,1,1,0,0,0.0050721000880002975,0.6202022723175835,12288
grouped_conv_forward_bf16_2d_32x64x64_compv5,13,4,128,3072,1,1,1,1,1,1,1,0,0,0.0043680001981556416,0.7201757915048315,12288
grouped_conv_forward_bf16_2d_64x64x64_compv3,13,4,128,3072,1,1,1,1,1,1,1,0,0,0.005404000170528889,0.582111010498382,12288
grouped_conv_forward_bf16_2d_64x64x64_compv4,13,4,128,3072,1,1,1,1,1,1,1,0,0,0.006396000273525715,0.49182737108701796,12288
grouped_conv_forward_bf16_2d_64x64x64_compv5,13,4,128,3072,1,1,1,1,1,1,1,0,0,0.005476099904626608,0.5744467878210658,12288
grouped_conv_forward_bf16_2d_32x128x64_compv3,13,4,128,3072,1,1,1,1,1,1,1,0,0,0.005251999944448471,0.5989581175310432,12288
grouped_conv_forward_bf16_2d_32x128x64_compv4,13,4,128,3072,1,1,1,1,1,1,1,0,0,0.0049400003626942635,0.6367869977815808,12288
grouped_conv_forward_bf16_2d_32x128x64_compv5,13,4,128,3072,1,1,1,1,1,1,1,0,0,0.005164000205695629,0.6091649641164658,12288
grouped_conv_forward_bf16_2d_64x128x64_compv3,13,4,128,3072,1,1,1,1,1,1,1,0,0,0.005868100095540285,0.5360726553370709,12288
grouped_conv_forward_bf16_2d_64x128x64_compv4,13,4,128,3072,1,1,1,1,1,1,1,0,0,0.006956099532544613,0.45222584658003884,12288
grouped_conv_forward_bf16_2d_64x128x64_compv5,13,4,128,3072,1,1,1,1,1,1,1,0,0,0.005740100052207708,0.548026684446052,11904
grouped_conv_forward_bf16_2d_128x128x64_compv3,13,4,128,3072,1,1,1,1,1,1,1,0,0,0.007432100363075733,0.4232623143288875,12288
grouped_conv_forward_bf16_2d_128x128x64_compv4,13,4,128,3072,1,1,1,1,1,1,1,0,0,0.0070361001417040825,0.4470840290283492,12288
grouped_conv_forward_bf16_2d_128x128x64_compv5,13,4,128,3072,1,1,1,1,1,1,1,0,0,0.007120099849998951,0.4418095344548382,12288
grouped_conv_forward_bf16_2d_16x64x128_compv3,13,4,128,3072,1,1,1,1,1,1,1,0,0,0.004000100307166576,0.7864122793031255,12288
grouped_conv_forward_bf16_2d_16x64x128_compv4,13,4,128,3072,1,1,1,1,1,1,1,0,0,0.00444400031119585,0.7078595363899751,12288
grouped_conv_forward_bf16_2d_16x64x128_compv5,13,4,128,3072,1,1,1,1,1,1,1,0,0,0.003708000062033534,0.8483624453541206,12288
grouped_conv_forward_bf16_2d_32x64x128_compv3,13,4,128,3072,1,1,1,1,1,1,1,0,0,0.004172000102698803,0.7540095691668551,12288
grouped_conv_forward_bf16_2d_32x64x128_compv4,13,4,128,3072,1,1,1,1,1,1,1,0,0,0.005379999987781048,0.5847078080194269,12160
grouped_conv_forward_bf16_2d_32x64x128_compv5,13,4,128,3072,1,1,1,1,1,1,1,0,0,0.004120000172406435,0.7635261816415468,12288
grouped_conv_forward_bf16_2d_64x64x128_compv3,13,4,128,3072,1,1,1,1,1,1,1,0,0,0.005420000292360783,0.5803925886191824,12096
grouped_conv_forward_bf16_2d_64x64x128_compv4,13,4,128,3072,1,1,1,1,1,1,1,0,0,0.006436000112444162,0.48877065646994916,12288
grouped_conv_forward_bf16_2d_64x64x128_compv5,13,4,128,3072,1,1,1,1,1,1,1,0,0,0.005064100027084351,0.6211820428458537,12288
grouped_conv_forward_bf16_2d_128x64x128_compv3,13,4,128,3072,1,1,1,1,1,1,1,0,0,0.00555610004812479,0.5661755498916363,12288
grouped_conv_forward_bf16_2d_128x64x128_compv4,13,4,128,3072,1,1,1,1,1,1,1,0,0,0.006496100220829248,0.4842486866063833,12288
grouped_conv_forward_bf16_2d_128x64x128_compv5,13,4,128,3072,1,1,1,1,1,1,1,0,0,0.0061160000041127205,0.5143440153506617,12288
grouped_conv_forward_bf16_2d_16x64x64_compv3,15,1,80,52,1,128,128,1,1,1,1,0,0,0.005799999926239252,23.50256581613221,66885
grouped_conv_forward_bf16_2d_16x64x64_compv4,15,1,80,52,1,128,128,1,1,1,1,0,0,0.0074800001457333565,18.223914083444896,65648
grouped_conv_forward_bf16_2d_16x64x64_compv5,15,1,80,52,1,128,128,1,1,1,1,0,0,0.005452099721878767,25.002271960100273,66522
grouped_conv_forward_bf16_2d_32x64x64_compv3,15,1,80,52,1,128,128,1,1,1,1,0,0,0.005420000292360783,25.150345506831236,66205
grouped_conv_forward_bf16_2d_32x64x64_compv4,15,1,80,52,1,128,128,1,1,1,1,0,0,0.007048100233078003,19.340655707512465,65824
grouped_conv_forward_bf16_2d_32x64x64_compv5,15,1,80,52,1,128,128,1,1,1,1,0,0,0.005296000279486179,25.739213143173274,66336
grouped_conv_forward_bf16_2d_64x64x64_compv3,15,1,80,52,1,128,128,1,1,1,1,0,0,0.005728099960833788,23.79757352910403,66218
grouped_conv_forward_bf16_2d_64x64x64_compv4,15,1,80,52,1,128,128,1,1,1,1,0,0,0.006731999572366476,20.248795106812775,65858
grouped_conv_forward_bf16_2d_64x64x64_compv5,15,1,80,52,1,128,128,1,1,1,1,0,0,0.006175999995321035,22.07170986128121,66176
grouped_conv_forward_bf16_2d_32x128x64_compv3,15,1,80,52,1,128,128,1,1,1,1,0,0,0.00606010016053915,22.49383283920384,66239
grouped_conv_forward_bf16_2d_32x128x64_compv4,15,1,80,52,1,128,128,1,1,1,1,0,0,0.0061599998734891415,22.1290394155136,65824
grouped_conv_forward_bf16_2d_32x128x64_compv5,15,1,80,52,1,128,128,1,1,1,1,0,0,0.006120000034570694,22.273673076794715,66171
grouped_conv_forward_bf16_2d_64x128x64_compv3,15,1,80,52,1,128,128,1,1,1,1,0,0,0.006196000147610903,22.000464291880505,65969
grouped_conv_forward_bf16_2d_64x128x64_compv4,15,1,80,52,1,128,128,1,1,1,1,0,0,0.006828100420534611,19.963807150529156,65898
grouped_conv_forward_bf16_2d_64x128x64_compv5,15,1,80,52,1,128,128,1,1,1,1,0,0,0.0064839995466172695,21.023271056691552,65973
grouped_conv_forward_bf16_2d_128x128x64_compv3,15,1,80,52,1,128,128,1,1,1,1,0,0,0.007720000110566616,17.657367622757075,65536
grouped_conv_forward_bf16_2d_128x128x64_compv4,15,1,80,52,1,128,128,1,1,1,1,0,0,0.0067680999636650085,20.140789990073348,65792
grouped_conv_forward_bf16_2d_128x128x64_compv5,15,1,80,52,1,128,128,1,1,1,1,0,0,0.006883999798446894,19.80169726773585,67856
grouped_conv_forward_bf16_2d_16x64x128_compv3,15,1,80,52,1,128,128,1,1,1,1,0,0,0.005328100174665451,25.584143603035606,65833
grouped_conv_forward_bf16_2d_16x64x128_compv4,15,1,80,52,1,128,128,1,1,1,1,0,0,0.007191999815404415,18.953682355223314,65718
grouped_conv_forward_bf16_2d_16x64x128_compv5,15,1,80,52,1,128,128,1,1,1,1,0,0,0.00544800003990531,25.02108645402456,65707
grouped_conv_forward_bf16_2d_32x64x128_compv3,15,1,80,52,1,128,128,1,1,1,1,0,0,0.005067999940365553,26.897174744277457,65920
grouped_conv_forward_bf16_2d_32x64x128_compv4,15,1,80,52,1,128,128,1,1,1,1,0,0,0.005984100047498941,22.779512193646042,65851
grouped_conv_forward_bf16_2d_32x64x128_compv5,15,1,80,52,1,128,128,1,1,1,1,0,0,0.005040000192821026,27.04660213985048,65888
grouped_conv_forward_bf16_2d_64x64x128_compv3,15,1,80,52,1,128,128,1,1,1,1,0,0,0.005520000122487545,24.694724089710846,65792
grouped_conv_forward_bf16_2d_64x64x128_compv4,15,1,80,52,1,128,128,1,1,1,1,0,0,0.006775999907404184,20.117308421307346,65792
grouped_conv_forward_bf16_2d_64x64x128_compv5,15,1,80,52,1,128,128,1,1,1,1,0,0,0.005499999970197678,24.784523770661156,65792
grouped_conv_forward_bf16_2d_128x64x128_compv3,15,1,80,52,1,128,128,1,1,1,1,0,0,0.006040000356733799,22.568687408772583,67456
grouped_conv_forward_bf16_2d_128x64x128_compv4,15,1,80,52,1,128,128,1,1,1,1,0,0,0.00686000008136034,19.870973525261054,65792
grouped_conv_forward_bf16_2d_128x64x128_compv5,15,1,80,52,1,128,128,1,1,1,1,0,0,0.006008000113070011,22.68889437992118,65536
grouped_conv_forward_bf16_2d_16x64x64_compv3,17,4,2816,5636,1,64,64,1,1,1,1,0,0,2.9686741828918457,175.1826268322241,7423664
grouped_conv_forward_bf16_2d_16x64x64_compv4,17,4,2816,5636,1,64,64,1,1,1,1,0,0,3.6248536109924316,143.4706604401647,7222083
grouped_conv_forward_bf16_2d_16x64x64_compv5,17,4,2816,5636,1,64,64,1,1,1,1,0,0,2.972104549407959,174.98043319895848,7394591
grouped_conv_forward_bf16_2d_32x64x64_compv3,17,4,2816,5636,1,64,64,1,1,1,1,0,0,2.4748125076293945,210.14122886673218,7318872
grouped_conv_forward_bf16_2d_32x64x64_compv4,17,4,2816,5636,1,64,64,1,1,1,1,0,0,3.083129644393921,168.67929719193918,7196506
grouped_conv_forward_bf16_2d_32x64x64_compv5,17,4,2816,5636,1,64,64,1,1,1,1,0,0,2.471848726272583,210.3931911530133,7293742
grouped_conv_forward_bf16_2d_64x64x64_compv3,17,4,2816,5636,1,64,64,1,1,1,1,0,0,1.9287999868392944,269.6288599733026,7327872
grouped_conv_forward_bf16_2d_64x64x64_compv4,17,4,2816,5636,1,64,64,1,1,1,1,0,0,4.156054496765137,125.13313816572631,7118844
grouped_conv_forward_bf16_2d_64x64x64_compv5,17,4,2816,5636,1,64,64,1,1,1,1,0,0,1.9389203786849976,268.2215047534401,7299539
grouped_conv_forward_bf16_2d_32x128x64_compv3,17,4,2816,5636,1,64,64,1,1,1,1,0,0,1.842039704322815,282.32841037440534,7326505
grouped_conv_forward_bf16_2d_32x128x64_compv4,17,4,2816,5636,1,64,64,1,1,1,1,0,0,3.08038592338562,168.8295410064747,7200772
grouped_conv_forward_bf16_2d_32x128x64_compv5,17,4,2816,5636,1,64,64,1,1,1,1,0,0,1.846475601196289,281.6501562387637,7347341
grouped_conv_forward_bf16_2d_64x128x64_compv3,17,4,2816,5636,1,64,64,1,1,1,1,0,0,1.4875965118408203,349.5975806802973,7254938
grouped_conv_forward_bf16_2d_64x128x64_compv4,17,4,2816,5636,1,64,64,1,1,1,1,0,0,4.156971454620361,125.10553590402148,7118333
grouped_conv_forward_bf16_2d_64x128x64_compv5,17,4,2816,5636,1,64,64,1,1,1,1,0,0,1.4885845184326172,349.36554500485437,7248563
grouped_conv_forward_bf16_2d_128x128x64_compv3,17,4,2816,5636,1,64,64,1,1,1,1,0,0,1.428879976272583,363.96348902910916,7138950
grouped_conv_forward_bf16_2d_128x128x64_compv4,17,4,2816,5636,1,64,64,1,1,1,1,0,0,4.156174659729004,125.12952032721108,7119502
grouped_conv_forward_bf16_2d_128x128x64_compv5,17,4,2816,5636,1,64,64,1,1,1,1,0,0,1.4312000274658203,363.37348489914,7141697
grouped_conv_forward_bf16_2d_16x64x128_compv3,17,4,2816,5636,1,64,64,1,1,1,1,0,0,2.83627986907959,183.35995232260572,7250785
grouped_conv_forward_bf16_2d_16x64x128_compv4,17,4,2816,5636,1,64,64,1,1,1,1,0,0,3.6264145374298096,143.40890601453086,7215666
grouped_conv_forward_bf16_2d_16x64x128_compv5,17,4,2816,5636,1,64,64,1,1,1,1,0,0,2.8297019004821777,183.78619369036096,7250718
grouped_conv_forward_bf16_2d_32x64x128_compv3,17,4,2816,5636,1,64,64,1,1,1,1,0,0,2.1108288764953613,246.37721577481122,7249873
grouped_conv_forward_bf16_2d_32x64x128_compv4,17,4,2816,5636,1,64,64,1,1,1,1,0,0,3.0809173583984375,168.80041918370196,7194791
grouped_conv_forward_bf16_2d_32x64x128_compv5,17,4,2816,5636,1,64,64,1,1,1,1,0,0,2.105389356613159,247.01376015531696,7246426
grouped_conv_forward_bf16_2d_64x64x128_compv3,17,4,2816,5636,1,64,64,1,1,1,1,0,0,1.9420839548110962,267.78458278266635,7180608
grouped_conv_forward_bf16_2d_64x64x128_compv4,17,4,2816,5636,1,64,64,1,1,1,1,0,0,4.150238513946533,125.30849487815722,7118710
grouped_conv_forward_bf16_2d_64x64x128_compv5,17,4,2816,5636,1,64,64,1,1,1,1,0,0,1.9318122863769531,269.20842425293546,7184914
grouped_conv_forward_bf16_2d_128x64x128_compv3,17,4,2816,5636,1,64,64,1,1,1,1,0,0,1.8093712329864502,287.4258925348431,7117719
grouped_conv_forward_bf16_2d_128x64x128_compv4,17,4,2816,5636,1,64,64,1,1,1,1,0,0,4.159887313842773,125.01784359336041,7118570
grouped_conv_forward_bf16_2d_128x64x128_compv5,17,4,2816,5636,1,64,64,1,1,1,1,0,0,1.8047993183135986,288.1539993343655,7117586
grouped_conv_forward_bf16_2d_16x64x64_compv3,18,1,213,67,1,64,64,1,1,1,1,0,0,0.006443999707698822,18.142153523118072,20796
grouped_conv_forward_bf16_2d_16x64x64_compv4,18,1,213,67,1,64,64,1,1,1,1,0,0,0.005724000278860331,20.42418349135315,21529
grouped_conv_forward_bf16_2d_16x64x64_compv5,18,1,213,67,1,64,64,1,1,1,1,0,0,0.006431999616324902,18.176001084216264,21661
grouped_conv_forward_bf16_2d_32x64x64_compv3,18,1,213,67,1,64,64,1,1,1,1,0,0,0.006700000260025263,17.448959322810413,21620
grouped_conv_forward_bf16_2d_32x64x64_compv4,18,1,213,67,1,64,64,1,1,1,1,0,0,0.006300000008195639,18.556830452049986,21492
grouped_conv_forward_bf16_2d_32x64x64_compv5,18,1,213,67,1,64,64,1,1,1,1,0,0,0.006763999816030264,17.283860907703627,21658
grouped_conv_forward_bf16_2d_64x64x64_compv3,18,1,213,67,1,64,64,1,1,1,1,0,0,0.008183999918401241,14.284950289055988,21312
grouped_conv_forward_bf16_2d_64x64x64_compv4,18,1,213,67,1,64,64,1,1,1,1,0,0,0.0074800001457333565,15.629415738271762,20480
grouped_conv_forward_bf16_2d_64x64x64_compv5,18,1,213,67,1,64,64,1,1,1,1,0,0,0.008124100044369698,14.390274782623042,21184
grouped_conv_forward_bf16_2d_32x128x64_compv3,18,1,213,67,1,64,64,1,1,1,1,0,0,0.007228100206702948,16.174102275392617,20480
grouped_conv_forward_bf16_2d_32x128x64_compv4,18,1,213,67,1,64,64,1,1,1,1,0,0,0.005880000069737434,19.8823181315405,21492
grouped_conv_forward_bf16_2d_32x128x64_compv5,18,1,213,67,1,64,64,1,1,1,1,0,0,0.007103999610990286,16.45664954980244,21313
grouped_conv_forward_bf16_2d_64x128x64_compv3,18,1,213,67,1,64,64,1,1,1,1,0,0,0.008752000518143177,13.357863925812836,20480
grouped_conv_forward_bf16_2d_64x128x64_compv4,18,1,213,67,1,64,64,1,1,1,1,0,0,0.007548099849373102,15.488405603128005,20480
grouped_conv_forward_bf16_2d_64x128x64_compv5,18,1,213,67,1,64,64,1,1,1,1,0,0,0.008748000487685204,13.363971820140453,21984
grouped_conv_forward_bf16_2d_128x128x64_compv3,18,1,213,67,1,64,64,1,1,1,1,0,0,0.009384100325405598,12.458096988103868,20480
grouped_conv_forward_bf16_2d_128x128x64_compv4,18,1,213,67,1,64,64,1,1,1,1,0,0,0.007451999932527542,15.688141848969067,20480
grouped_conv_forward_bf16_2d_128x128x64_compv5,18,1,213,67,1,64,64,1,1,1,1,0,0,0.009424099698662758,12.405220205447188,20480
grouped_conv_forward_bf16_2d_16x64x128_compv3,18,1,213,67,1,64,64,1,1,1,1,0,0,0.005408099852502346,21.61721033052048,20880
grouped_conv_forward_bf16_2d_16x64x128_compv4,18,1,213,67,1,64,64,1,1,1,1,0,0,0.006008000113070011,19.458726664414375,21545
grouped_conv_forward_bf16_2d_16x64x128_compv5,18,1,213,67,1,64,64,1,1,1,1,0,0,0.0052720000967383385,22.17527121676804,20550
grouped_conv_forward_bf16_2d_32x64x128_compv3,18,1,213,67,1,64,64,1,1,1,1,0,0,0.005807999987155199,20.128793432945997,21492
grouped_conv_forward_bf16_2d_32x64x128_compv4,18,1,213,67,1,64,64,1,1,1,1,0,0,0.005844099912792444,20.00445470552174,21492
grouped_conv_forward_bf16_2d_32x64x128_compv5,18,1,213,67,1,64,64,1,1,1,1,0,0,0.005367999896407127,21.778694906132184,21556
grouped_conv_forward_bf16_2d_64x64x128_compv3,18,1,213,67,1,64,64,1,1,1,1,0,0,0.006779999937862158,17.24307272440226,20800
grouped_conv_forward_bf16_2d_64x64x128_compv4,18,1,213,67,1,64,64,1,1,1,1,0,0,0.007404000498354435,15.789846587123167,20480
grouped_conv_forward_bf16_2d_64x64x128_compv5,18,1,213,67,1,64,64,1,1,1,1,0,0,0.006808000151067972,17.172154730587163,20928
grouped_conv_forward_bf16_2d_128x64x128_compv3,18,1,213,67,1,64,64,1,1,1,1,0,0,0.00748400017619133,15.621062165647285,20480
grouped_conv_forward_bf16_2d_128x64x128_compv4,18,1,213,67,1,64,64,1,1,1,1,0,0,0.007516100071370602,15.554347452784937,20800
grouped_conv_forward_bf16_2d_128x64x128_compv5,18,1,213,67,1,64,64,1,1,1,1,0,0,0.0076720998622477055,15.238074855525838,20480
grouped_conv_forward_bf16_2d_16x64x64_compv3,19,1,384,384,1,32,32,1,1,1,1,0,0,0.008236000314354897,36.66705639552347,392832
grouped_conv_forward_bf16_2d_16x64x64_compv4,19,1,384,384,1,32,32,1,1,1,1,0,0,0.006651999894529581,45.39836031091162,392704
grouped_conv_forward_bf16_2d_16x64x64_compv5,19,1,384,384,1,32,32,1,1,1,1,0,0,0.0078119998797774315,38.65718031841596,392784
grouped_conv_forward_bf16_2d_32x64x64_compv3,19,1,384,384,1,32,32,1,1,1,1,0,0,0.008247999474406242,36.61371329339708,392256
grouped_conv_forward_bf16_2d_32x64x64_compv4,19,1,384,384,1,32,32,1,1,1,1,0,0,0.0067041004076600075,45.04554968403378,392704
grouped_conv_forward_bf16_2d_32x64x64_compv5,19,1,384,384,1,32,32,1,1,1,1,0,0,0.008284100331366062,36.454156265657076,392192
grouped_conv_forward_bf16_2d_64x64x64_compv3,19,1,384,384,1,32,32,1,1,1,1,0,0,0.010828000493347645,27.889718714506184,391168
grouped_conv_forward_bf16_2d_64x64x64_compv4,19,1,384,384,1,32,32,1,1,1,1,0,0,0.008724099956452847,34.61559238287165,393216
grouped_conv_forward_bf16_2d_64x64x64_compv5,19,1,384,384,1,32,32,1,1,1,1,0,0,0.010048100724816322,30.054424838134803,393216
grouped_conv_forward_bf16_2d_32x128x64_compv3,19,1,384,384,1,32,32,1,1,1,1,0,0,0.009436099790036678,32.003676807112925,393216
grouped_conv_forward_bf16_2d_32x128x64_compv4,19,1,384,384,1,32,32,1,1,1,1,0,0,0.006652099546045065,45.39768022256144,392848
grouped_conv_forward_bf16_2d_32x128x64_compv5,19,1,384,384,1,32,32,1,1,1,1,0,0,0.009308000095188618,32.44412171376116,392448
grouped_conv_forward_bf16_2d_64x128x64_compv3,19,1,384,384,1,32,32,1,1,1,1,0,0,0.011228100396692753,26.895902007516018,393216
grouped_conv_forward_bf16_2d_64x128x64_compv4,19,1,384,384,1,32,32,1,1,1,1,0,0,0.008791999891400337,34.34825884101562,393216
grouped_conv_forward_bf16_2d_64x128x64_compv5,19,1,384,384,1,32,32,1,1,1,1,0,0,0.011144000105559826,27.098876986669712,391168
grouped_conv_forward_bf16_2d_128x128x64_compv3,19,1,384,384,1,32,32,1,1,1,1,0,0,0.012992100790143013,23.244115241864268,393216
grouped_conv_forward_bf16_2d_128x128x64_compv4,19,1,384,384,1,32,32,1,1,1,1,0,0,0.00874010007828474,34.55222312045493,392576
grouped_conv_forward_bf16_2d_128x128x64_compv5,19,1,384,384,1,32,32,1,1,1,1,0,0,0.012236099690198898,24.6802408975054,393216
grouped_conv_forward_bf16_2d_16x64x128_compv3,19,1,384,384,1,32,32,1,1,1,1,0,0,0.0069160000421106815,43.66539707362932,393024
grouped_conv_forward_bf16_2d_16x64x128_compv4,19,1,384,384,1,32,32,1,1,1,1,0,0,0.006871999707072973,43.94497975446337,392896
grouped_conv_forward_bf16_2d_16x64x128_compv5,19,1,384,384,1,32,32,1,1,1,1,0,0,0.0068000005558133125,44.41027401708507,393216
grouped_conv_forward_bf16_2d_32x64x128_compv3,19,1,384,384,1,32,32,1,1,1,1,0,0,0.006948099937289953,43.46366499123623,392960
grouped_conv_forward_bf16_2d_32x64x128_compv4,19,1,384,384,1,32,32,1,1,1,1,0,0,0.007027999963611364,42.96953465617569,392960
grouped_conv_forward_bf16_2d_32x64x128_compv5,19,1,384,384,1,32,32,1,1,1,1,0,0,0.006911999545991421,43.69066953644948,392864
grouped_conv_forward_bf16_2d_64x64x128_compv3,19,1,384,384,1,32,32,1,1,1,1,0,0,0.008788099512457848,34.36350345963933,392448
grouped_conv_forward_bf16_2d_64x64x128_compv4,19,1,384,384,1,32,32,1,1,1,1,0,0,0.008780100382864475,34.394810404374546,393216
grouped_conv_forward_bf16_2d_64x64x128_compv5,19,1,384,384,1,32,32,1,1,1,1,0,0,0.008824000135064125,34.223694852403284,393216
grouped_conv_forward_bf16_2d_128x64x128_compv3,19,1,384,384,1,32,32,1,1,1,1,0,0,0.010288000106811523,29.353604671918426,393216
grouped_conv_forward_bf16_2d_128x64x128_compv4,19,1,384,384,1,32,32,1,1,1,1,0,0,0.008775999769568443,34.410881486936304,392704
grouped_conv_forward_bf16_2d_128x64x128_compv5,19,1,384,384,1,32,32,1,1,1,1,0,0,0.010075999423861504,29.971209335804634,393216
grouped_conv_forward_bf16_2d_16x64x64_compv3,23,1,512,256,1,128,128,3,3,1,1,1,1,0.2668823003768921,144.8380263862073,4190720
grouped_conv_forward_bf16_2d_16x64x64_compv4,23,1,512,256,1,128,128,3,3,1,1,1,1,0.2861661911010742,135.07782144099306,4193024
grouped_conv_forward_bf16_2d_16x64x64_compv5,23,1,512,256,1,128,128,3,3,1,1,1,1,0.2683902084827423,144.02427675183063,4192256
grouped_conv_forward_bf16_2d_32x64x64_compv3,23,1,512,256,1,128,128,3,3,1,1,1,1,0.20980580151081085,184.2404041530196,4193918
grouped_conv_forward_bf16_2d_32x64x64_compv4,23,1,512,256,1,128,128,3,3,1,1,1,1,0.22911401093006134,168.71384472335748,4193967
grouped_conv_forward_bf16_2d_32x64x64_compv5,23,1,512,256,1,128,128,3,3,1,1,1,1,0.2175019085407257,177.72122517611,4188416
grouped_conv_forward_bf16_2d_64x64x64_compv3,23,1,512,256,1,128,128,3,3,1,1,1,1,0.17640960216522217,219.11905695358166,4194304
grouped_conv_forward_bf16_2d_64x64x64_compv4,23,1,512,256,1,128,128,3,3,1,1,1,1,0.28660649061203003,134.87030800124353,4190936
grouped_conv_forward_bf16_2d_64x64x64_compv5,23,1,512,256,1,128,128,3,3,1,1,1,1,0.18193361163139343,212.46599414689993,4194304
grouped_conv_forward_bf16_2d_32x128x64_compv3,23,1,512,256,1,128,128,3,3,1,1,1,1,0.17992159724235535,214.84194369357397,4194304
grouped_conv_forward_bf16_2d_32x128x64_compv4,23,1,512,256,1,128,128,3,3,1,1,1,1,0.23043808341026306,167.7444330899969,4192512
grouped_conv_forward_bf16_2d_32x128x64_compv5,23,1,512,256,1,128,128,3,3,1,1,1,1,0.1795136034488678,215.330230809,4194304
grouped_conv_forward_bf16_2d_64x128x64_compv3,23,1,512,256,1,128,128,3,3,1,1,1,1,0.11682900041341782,330.86567142759276,4194304
grouped_conv_forward_bf16_2d_64x128x64_compv4,23,1,512,256,1,128,128,3,3,1,1,1,1,0.2853025794029236,135.48670238066518,4192252
grouped_conv_forward_bf16_2d_64x128x64_compv5,23,1,512,256,1,128,128,3,3,1,1,1,1,0.11598099768161774,333.2848176570439,4194304
grouped_conv_forward_bf16_2d_128x128x64_compv3,23,1,512,256,1,128,128,3,3,1,1,1,1,0.10457690060138702,369.6294826267524,4191096
grouped_conv_forward_bf16_2d_128x128x64_compv4,23,1,512,256,1,128,128,3,3,1,1,1,1,0.28605860471725464,135.128624088085,4189018
grouped_conv_forward_bf16_2d_128x128x64_compv5,23,1,512,256,1,128,128,3,3,1,1,1,1,0.10426889359951019,370.7213563852526,4192168
grouped_conv_forward_bf16_2d_16x64x128_compv3,23,1,512,256,1,128,128,3,3,1,1,1,1,0.22573408484458923,171.24000432018292,4192655
grouped_conv_forward_bf16_2d_16x64x128_compv4,23,1,512,256,1,128,128,3,3,1,1,1,1,0.28953859210014343,133.5045024002548,4193798
grouped_conv_forward_bf16_2d_16x64x128_compv5,23,1,512,256,1,128,128,3,3,1,1,1,1,0.2289975881576538,168.79961913567448,4190464
grouped_conv_forward_bf16_2d_32x64x128_compv3,23,1,512,256,1,128,128,3,3,1,1,1,1,0.17135730385780334,225.57956266676942,4192256
grouped_conv_forward_bf16_2d_32x64x128_compv4,23,1,512,256,1,128,128,3,3,1,1,1,1,0.22732579708099365,170.04099913142616,4192771
grouped_conv_forward_bf16_2d_32x64x128_compv5,23,1,512,256,1,128,128,3,3,1,1,1,1,0.16970939934253693,227.76997510892355,4191232
grouped_conv_forward_bf16_2d_64x64x128_compv3,23,1,512,256,1,128,128,3,3,1,1,1,1,0.14883729815483093,259.71114863821754,4194296
grouped_conv_forward_bf16_2d_64x64x128_compv4,23,1,512,256,1,128,128,3,3,1,1,1,1,0.2871745228767395,134.6035340349161,4191446
grouped_conv_forward_bf16_2d_64x64x128_compv5,23,1,512,256,1,128,128,3,3,1,1,1,1,0.1486453115940094,260.0465850519152,4194300
grouped_conv_forward_bf16_2d_128x64x128_compv3,23,1,512,256,1,128,128,3,3,1,1,1,1,0.13050110638141632,296.2021298963066,4191050
grouped_conv_forward_bf16_2d_128x64x128_compv4,23,1,512,256,1,128,128,3,3,1,1,1,1,0.28669050335884094,134.8307851537628,4191042
grouped_conv_forward_bf16_2d_128x64x128_compv5,23,1,512,256,1,128,128,3,3,1,1,1,1,0.13061709702014923,295.93909638059904,4191202
grouped_conv_forward_bf16_2d_16x64x64_compv3,24,1,4,512,1,64,64,3,3,1,1,1,1,0.01154400035738945,13.079949699009353,2097152
grouped_conv_forward_bf16_2d_16x64x64_compv4,24,1,4,512,1,64,64,3,3,1,1,1,1,0.013300100341439247,11.352917656534038,2096648
grouped_conv_forward_bf16_2d_16x64x64_compv5,24,1,4,512,1,64,64,3,3,1,1,1,1,0.011708100326359272,12.896621978892206,2097068
grouped_conv_forward_bf16_2d_32x64x64_compv3,24,1,4,512,1,64,64,3,3,1,1,1,1,0.009859999641776085,15.313889400182699,2095008
grouped_conv_forward_bf16_2d_32x64x64_compv4,24,1,4,512,1,64,64,3,3,1,1,1,1,0.011603999882936478,13.012318642129253,2096960
grouped_conv_forward_bf16_2d_32x64x64_compv5,24,1,4,512,1,64,64,3,3,1,1,1,1,0.00976409949362278,15.464297972242012,2095104
grouped_conv_forward_bf16_2d_64x64x64_compv3,24,1,4,512,1,64,64,3,3,1,1,1,1,0.00974000059068203,15.50256004547396,2096128
grouped_conv_forward_bf16_2d_64x64x64_compv4,24,1,4,512,1,64,64,3,3,1,1,1,1,0.013564099557697773,11.131954860528042,2097152
grouped_conv_forward_bf16_2d_64x64x64_compv5,24,1,4,512,1,64,64,3,3,1,1,1,1,0.009996099397540092,15.105386410739158,2096128
grouped_conv_forward_bf16_2d_32x128x64_compv3,24,1,4,512,1,64,64,3,3,1,1,1,1,0.008123999461531639,18.586281881846965,2097152
grouped_conv_forward_bf16_2d_32x128x64_compv4,24,1,4,512,1,64,64,3,3,1,1,1,1,0.012224099598824978,12.35223443487929,2096859
grouped_conv_forward_bf16_2d_32x128x64_compv5,24,1,4,512,1,64,64,3,3,1,1,1,1,0.00817199982702732,18.477110523254442,2097152
grouped_conv_forward_bf16_2d_64x128x64_compv3,24,1,4,512,1,64,64,3,3,1,1,1,1,0.008520100265741348,17.722202707770794,2097152
grouped_conv_forward_bf16_2d_64x128x64_compv4,24,1,4,512,1,64,64,3,3,1,1,1,1,0.013592000119388103,11.1091040813497,2097152
grouped_conv_forward_bf16_2d_64x128x64_compv5,24,1,4,512,1,64,64,3,3,1,1,1,1,0.008948100730776787,16.874524387131267,2097152
grouped_conv_forward_bf16_2d_128x128x64_compv3,24,1,4,512,1,64,64,3,3,1,1,1,1,0.009652099572122097,15.643740812218171,2097152
grouped_conv_forward_bf16_2d_128x128x64_compv4,24,1,4,512,1,64,64,3,3,1,1,1,1,0.01357209961861372,11.125393140565741,2097152
grouped_conv_forward_bf16_2d_128x128x64_compv5,24,1,4,512,1,64,64,3,3,1,1,1,1,0.010259999893605709,14.716856292961939,2097152
grouped_conv_forward_bf16_2d_16x64x128_compv3,24,1,4,512,1,64,64,3,3,1,1,1,1,0.011084100231528282,13.622661365917722,2097132
grouped_conv_forward_bf16_2d_16x64x128_compv4,24,1,4,512,1,64,64,3,3,1,1,1,1,0.012884099967777729,11.719479387588441,2096792
grouped_conv_forward_bf16_2d_16x64x128_compv5,24,1,4,512,1,64,64,3,3,1,1,1,1,0.01077600009739399,14.012151321018994,2096986
grouped_conv_forward_bf16_2d_32x64x128_compv3,24,1,4,512,1,64,64,3,3,1,1,1,1,0.009572099894285202,15.774484770070984,2096892
grouped_conv_forward_bf16_2d_32x64x128_compv4,24,1,4,512,1,64,64,3,3,1,1,1,1,0.011480099521577358,13.152755663502592,2097152
grouped_conv_forward_bf16_2d_32x64x128_compv5,24,1,4,512,1,64,64,3,3,1,1,1,1,0.009532099589705467,15.840680490064582,2096668
grouped_conv_forward_bf16_2d_64x64x128_compv3,24,1,4,512,1,64,64,3,3,1,1,1,1,0.008643999695777893,17.46818016129183,2096128
grouped_conv_forward_bf16_2d_64x64x128_compv4,24,1,4,512,1,64,64,3,3,1,1,1,1,0.013544000685214996,11.148474332612095,2097152
grouped_conv_forward_bf16_2d_64x64x128_compv5,24,1,4,512,1,64,64,3,3,1,1,1,1,0.008580000139772892,17.59847803498949,2096128
grouped_conv_forward_bf16_2d_128x64x128_compv3,24,1,4,512,1,64,64,3,3,1,1,1,1,0.008160000666975975,18.504280840452115,2097152
grouped_conv_forward_bf16_2d_128x64x128_compv4,24,1,4,512,1,64,64,3,3,1,1,1,1,0.013584000058472157,11.11564659526238,2097152
grouped_conv_forward_bf16_2d_128x64x128_compv5,24,1,4,512,1,64,64,3,3,1,1,1,1,0.00825200043618679,18.29798061302261,2097152
grouped_conv_forward_bf16_2d_16x64x64_compv3,26,1,224,2016,1,1,1,1,1,1,1,0,0,0.0052919997833669186,0.17066667365307017,2016
grouped_conv_forward_bf16_2d_16x64x64_compv4,26,1,224,2016,1,1,1,1,1,1,1,0,0,0.005296000279486179,0.17053775535065224,2016
grouped_conv_forward_bf16_2d_16x64x64_compv5,26,1,224,2016,1,1,1,1,1,1,1,0,0,0.005200000014156103,0.17368615337332324,2016
grouped_conv_forward_bf16_2d_32x64x64_compv3,26,1,224,2016,1,1,1,1,1,1,1,0,0,0.006316000130027533,0.1429968304950087,2016
grouped_conv_forward_bf16_2d_32x64x64_compv4,26,1,224,2016,1,1,1,1,1,1,1,0,0,0.005483999848365784,0.1646914706369187,2016
grouped_conv_forward_bf16_2d_32x64x64_compv5,26,1,224,2016,1,1,1,1,1,1,1,0,0,0.006908000446856022,0.13074231927866348,1984
grouped_conv_forward_bf16_2d_64x64x64_compv3,26,1,224,2016,1,1,1,1,1,1,1,0,0,0.0078039998188614845,0.11573142247096592,2016
grouped_conv_forward_bf16_2d_64x64x64_compv4,26,1,224,2016,1,1,1,1,1,1,1,0,0,0.00878399983048439,0.10281967411538476,2016
grouped_conv_forward_bf16_2d_64x64x64_compv5,26,1,224,2016,1,1,1,1,1,1,1,0,0,0.008371999487280846,0.10787960526898471,2016
grouped_conv_forward_bf16_2d_32x128x64_compv3,26,1,224,2016,1,1,1,1,1,1,1,0,0,0.008904100395739079,0.1014328185733617,2016
grouped_conv_forward_bf16_2d_32x128x64_compv4,26,1,224,2016,1,1,1,1,1,1,1,0,0,0.006128099747002125,0.14738141304599867,2016
grouped_conv_forward_bf16_2d_32x128x64_compv5,26,1,224,2016,1,1,1,1,1,1,1,0,0,0.006796000059694052,0.13289699706692756,2016
grouped_conv_forward_bf16_2d_64x128x64_compv3,26,1,224,2016,1,1,1,1,1,1,1,0,0,0.008799999952316284,0.1026327278288534,1880
grouped_conv_forward_bf16_2d_64x128x64_compv4,26,1,224,2016,1,1,1,1,1,1,1,0,0,0.007887999527156353,0.11449899266482268,2016
grouped_conv_forward_bf16_2d_64x128x64_compv5,26,1,224,2016,1,1,1,1,1,1,1,0,0,0.010152099654078484,0.0889636657218158,2016
grouped_conv_forward_bf16_2d_128x128x64_compv3,26,1,224,2016,1,1,1,1,1,1,1,0,0,0.010088100098073483,0.08952805694032293,2016
grouped_conv_forward_bf16_2d_128x128x64_compv4,26,1,224,2016,1,1,1,1,1,1,1,0,0,0.007340099662542343,0.12304574072869952,2016
grouped_conv_forward_bf16_2d_128x128x64_compv5,26,1,224,2016,1,1,1,1,1,1,1,0,0,0.009824000298976898,0.09193485062231306,2016
grouped_conv_forward_bf16_2d_16x64x128_compv3,26,1,224,2016,1,1,1,1,1,1,1,0,0,0.005520000122487545,0.1636173876737152,2016
grouped_conv_forward_bf16_2d_16x64x128_compv4,26,1,224,2016,1,1,1,1,1,1,1,0,0,0.005316100083291531,0.16989296398663586,2016
grouped_conv_forward_bf16_2d_16x64x128_compv5,26,1,224,2016,1,1,1,1,1,1,1,0,0,0.0044280001893639565,0.20396747095210313,2016
grouped_conv_forward_bf16_2d_32x64x128_compv3,26,1,224,2016,1,1,1,1,1,1,1,0,0,0.005167999770492315,0.17476161766817613,2016
grouped_conv_forward_bf16_2d_32x64x128_compv4,26,1,224,2016,1,1,1,1,1,1,1,0,0,0.005440100096166134,0.16602047462996136,2016
grouped_conv_forward_bf16_2d_32x64x128_compv5,26,1,224,2016,1,1,1,1,1,1,1,0,0,0.0060040997341275215,0.15042521610131826,2016
grouped_conv_forward_bf16_2d_64x64x128_compv3,26,1,224,2016,1,1,1,1,1,1,1,0,0,0.006520000286400318,0.13852269330169578,1964
grouped_conv_forward_bf16_2d_64x64x128_compv4,26,1,224,2016,1,1,1,1,1,1,1,0,0,0.007227999623864889,0.12495407401765557,2016
grouped_conv_forward_bf16_2d_64x64x128_compv5,26,1,224,2016,1,1,1,1,1,1,1,0,0,0.006515999790281057,0.13860773926775147,2016
grouped_conv_forward_bf16_2d_128x64x128_compv3,26,1,224,2016,1,1,1,1,1,1,1,0,0,0.007900000549852848,0.11432505533392946,2016
grouped_conv_forward_bf16_2d_128x64x128_compv4,26,1,224,2016,1,1,1,1,1,1,1,0,0,0.0072200000286102295,0.12509252027992718,2016
grouped_conv_forward_bf16_2d_128x64x128_compv5,26,1,224,2016,1,1,1,1,1,1,1,0,0,0.008792100474238396,0.10272494071767711,2016
grouped_conv_forward_bf16_2d_16x64x64_compv3,28,1,1152,48,1,1,1,1,1,1,1,0,0,0.013844000175595284,0.007988442545309676,48
grouped_conv_forward_bf16_2d_16x64x64_compv4,28,1,1152,48,1,1,1,1,1,1,1,0,0,0.01042800024151802,0.010605293195112253,48
grouped_conv_forward_bf16_2d_16x64x64_compv5,28,1,1152,48,1,1,1,1,1,1,1,0,0,0.013568100519478321,0.008150883009838739,48
grouped_conv_forward_bf16_2d_32x64x64_compv3,28,1,1152,48,1,1,1,1,1,1,1,0,0,0.016728099435567856,0.006611151519392305,48
grouped_conv_forward_bf16_2d_32x64x64_compv4,28,1,1152,48,1,1,1,1,1,1,1,0,0,0.013196000829339027,0.00838072090402706,48
grouped_conv_forward_bf16_2d_32x64x64_compv5,28,1,1152,48,1,1,1,1,1,1,1,0,0,0.016672100871801376,0.006633357178581587,48
grouped_conv_forward_bf16_2d_64x64x64_compv3,28,1,1152,48,1,1,1,1,1,1,1,0,0,0.021008100360631943,0.005264255125477384,48
grouped_conv_forward_bf16_2d_64x64x64_compv4,28,1,1152,48,1,1,1,1,1,1,1,0,0,0.019516099244356155,0.005666706169880849,48
grouped_conv_forward_bf16_2d_64x64x64_compv5,28,1,1152,48,1,1,1,1,1,1,1,0,0,0.020980101078748703,0.005271280609416203,48
grouped_conv_forward_bf16_2d_32x128x64_compv3,28,1,1152,48,1,1,1,1,1,1,1,0,0,0.022216100245714188,0.004978011387094584,48
grouped_conv_forward_bf16_2d_32x128x64_compv4,28,1,1152,48,1,1,1,1,1,1,1,0,0,0.013604099862277508,0.008129314039119779,48
grouped_conv_forward_bf16_2d_32x128x64_compv5,28,1,1152,48,1,1,1,1,1,1,1,0,0,0.019808100536465645,0.005583170369940626,48
grouped_conv_forward_bf16_2d_64x128x64_compv3,28,1,1152,48,1,1,1,1,1,1,1,0,0,0.023680100217461586,0.004670250505040094,48
grouped_conv_forward_bf16_2d_64x128x64_compv4,28,1,1152,48,1,1,1,1,1,1,1,0,0,0.018876099959015846,0.0058588373784902335,48
grouped_conv_forward_bf16_2d_64x128x64_compv5,28,1,1152,48,1,1,1,1,1,1,1,0,0,0.024312099441885948,0.004548846152277053,48
grouped_conv_forward_bf16_2d_128x128x64_compv3,28,1,1152,48,1,1,1,1,1,1,1,0,0,0.021296100690960884,0.0051930633501813175,48
grouped_conv_forward_bf16_2d_128x128x64_compv4,28,1,1152,48,1,1,1,1,1,1,1,0,0,0.019648101180791855,0.005628635509476898,48
grouped_conv_forward_bf16_2d_128x128x64_compv5,28,1,1152,48,1,1,1,1,1,1,1,0,0,0.02159610018134117,0.005120924568388067,48
grouped_conv_forward_bf16_2d_16x64x128_compv3,28,1,1152,48,1,1,1,1,1,1,1,0,0,0.011288000270724297,0.009797306639584608,48
grouped_conv_forward_bf16_2d_16x64x128_compv4,28,1,1152,48,1,1,1,1,1,1,1,0,0,0.010835999622941017,0.01020598042158145,48
grouped_conv_forward_bf16_2d_16x64x128_compv5,28,1,1152,48,1,1,1,1,1,1,1,0,0,0.010688000358641148,0.010347305042012598,48
grouped_conv_forward_bf16_2d_32x64x128_compv3,28,1,1152,48,1,1,1,1,1,1,1,0,0,0.012639999389648438,0.008749367511090992,48
grouped_conv_forward_bf16_2d_32x64x128_compv4,28,1,1152,48,1,1,1,1,1,1,1,0,0,0.013144100084900856,0.008413812987245995,48
grouped_conv_forward_bf16_2d_32x64x128_compv5,28,1,1152,48,1,1,1,1,1,1,1,0,0,0.012679999694228172,0.008721766771835218,48
grouped_conv_forward_bf16_2d_64x64x128_compv3,28,1,1152,48,1,1,1,1,1,1,1,0,0,0.016644099727272987,0.0066445167844545044,48
grouped_conv_forward_bf16_2d_64x64x128_compv4,28,1,1152,48,1,1,1,1,1,1,1,0,0,0.018924100324511528,0.005843976627874626,48
grouped_conv_forward_bf16_2d_64x64x128_compv5,28,1,1152,48,1,1,1,1,1,1,1,0,0,0.01658410020172596,0.006668555945440461,48
grouped_conv_forward_bf16_2d_128x64x128_compv3,28,1,1152,48,1,1,1,1,1,1,1,0,0,0.015752099454402924,0.007020778425131645,48
grouped_conv_forward_bf16_2d_128x64x128_compv4,28,1,1152,48,1,1,1,1,1,1,1,0,0,0.018852099776268005,0.005866296132127356,48
grouped_conv_forward_bf16_2d_128x64x128_compv5,28,1,1152,48,1,1,1,1,1,1,1,0,0,0.01812409982085228,0.006101930638936387,48
grouped_conv_forward_bf16_2d_16x64x64_compv3,29,1,278,250,1,14,14,1,1,1,1,0,0,0.006132000125944614,4.442922283176429,7056
grouped_conv_forward_bf16_2d_16x64x64_compv4,29,1,278,250,1,14,14,1,1,1,1,0,0,0.006279999855905771,4.338216660049679,7057
grouped_conv_forward_bf16_2d_16x64x64_compv5,29,1,278,250,1,14,14,1,1,1,1,0,0,0.00606010016053915,4.495635266460048,7056
grouped_conv_forward_bf16_2d_32x64x64_compv3,29,1,278,250,1,14,14,1,1,1,1,0,0,0.0074280002154409885,3.667743566211322,7056
grouped_conv_forward_bf16_2d_32x64x64_compv4,29,1,278,250,1,14,14,1,1,1,1,0,0,0.006620100233703852,4.11534554436155,7056
grouped_conv_forward_bf16_2d_32x64x64_compv5,29,1,278,250,1,14,14,1,1,1,1,0,0,0.007400000002235174,3.6816216205095857,7056
grouped_conv_forward_bf16_2d_64x64x64_compv3,29,1,278,250,1,14,14,1,1,1,1,0,0,0.009924100711941719,2.7452361469102344,7056
grouped_conv_forward_bf16_2d_64x64x64_compv4,29,1,278,250,1,14,14,1,1,1,1,0,0,0.008932000026106834,3.0501567308967825,7056
grouped_conv_forward_bf16_2d_64x64x64_compv5,29,1,278,250,1,14,14,1,1,1,1,0,0,0.009196000173687935,2.962592375536478,7056
grouped_conv_forward_bf16_2d_32x128x64_compv3,29,1,278,250,1,14,14,1,1,1,1,0,0,0.008576000109314919,3.1767723475666267,7056
grouped_conv_forward_bf16_2d_32x128x64_compv4,29,1,278,250,1,14,14,1,1,1,1,0,0,0.006603999994695187,4.125378561763229,7056
grouped_conv_forward_bf16_2d_32x128x64_compv5,29,1,278,250,1,14,14,1,1,1,1,0,0,0.009511999785900116,2.864171637218126,7056
grouped_conv_forward_bf16_2d_64x128x64_compv3,29,1,278,250,1,14,14,1,1,1,1,0,0,0.010888000018894672,2.5022042572301313,7056
grouped_conv_forward_bf16_2d_64x128x64_compv4,29,1,278,250,1,14,14,1,1,1,1,0,0,0.009120000526309013,2.987280529360453,7056
grouped_conv_forward_bf16_2d_64x128x64_compv5,29,1,278,250,1,14,14,1,1,1,1,0,0,0.009972000494599342,2.732049603763544,7056
grouped_conv_forward_bf16_2d_128x128x64_compv3,29,1,278,250,1,14,14,1,1,1,1,0,0,0.011536099947988987,2.3616300242569648,7056
grouped_conv_forward_bf16_2d_128x128x64_compv4,29,1,278,250,1,14,14,1,1,1,1,0,0,0.008812000043690205,3.091693130381672,7056
grouped_conv_forward_bf16_2d_128x128x64_compv5,29,1,278,250,1,14,14,1,1,1,1,0,0,0.010808000341057777,2.520725309056905,7056
grouped_conv_forward_bf16_2d_16x64x128_compv3,29,1,278,250,1,14,14,1,1,1,1,0,0,0.00583200016990304,4.671467627966984,7056
grouped_conv_forward_bf16_2d_16x64x128_compv4,29,1,278,250,1,14,14,1,1,1,1,0,0,0.005752000026404858,4.736439477561716,7056
grouped_conv_forward_bf16_2d_16x64x128_compv5,29,1,278,250,1,14,14,1,1,1,1,0,0,0.0058559998869895935,4.652322494153152,7056
grouped_conv_forward_bf16_2d_32x64x128_compv3,29,1,278,250,1,14,14,1,1,1,1,0,0,0.007120099849998951,3.8263508341114085,7056
grouped_conv_forward_bf16_2d_32x64x128_compv4,29,1,278,250,1,14,14,1,1,1,1,0,0,0.006911999545991421,3.9415511848232136,7056
grouped_conv_forward_bf16_2d_32x64x128_compv5,29,1,278,250,1,14,14,1,1,1,1,0,0,0.006796100176870823,4.0087696312540455,7056
grouped_conv_forward_bf16_2d_64x64x128_compv3,29,1,278,250,1,14,14,1,1,1,1,0,0,0.009076099842786789,3.0017298698682904,7056
grouped_conv_forward_bf16_2d_64x64x128_compv4,29,1,278,250,1,14,14,1,1,1,1,0,0,0.008848000317811966,3.079113813451716,7056
grouped_conv_forward_bf16_2d_64x64x128_compv5,29,1,278,250,1,14,14,1,1,1,1,0,0,0.008899999782443047,3.0611236703335662,7056
grouped_conv_forward_bf16_2d_128x64x128_compv3,29,1,278,250,1,14,14,1,1,1,1,0,0,0.00948410015553236,2.872597247310569,7056
grouped_conv_forward_bf16_2d_128x64x128_compv4,29,1,278,250,1,14,14,1,1,1,1,0,0,0.008900100365281105,3.061089075610611,7056
grouped_conv_forward_bf16_2d_128x64x128_compv5,29,1,278,250,1,14,14,1,1,1,1,0,0,0.009420099668204784,2.8921137736955567,7056
grouped_conv_forward_bf16_2d_16x64x64_compv3,30,1,64,156,1,512,512,1,1,1,1,0,0,0.09001649916172028,58.15035510985501,8385360
grouped_conv_forward_bf16_2d_16x64x64_compv4,30,1,64,156,1,512,512,1,1,1,1,0,0,0.19334150850772858,27.073810649360677,8388384
grouped_conv_forward_bf16_2d_16x64x64_compv5,30,1,64,156,1,512,512,1,1,1,1,0,0,0.0906447023153305,57.747350460598334,8385604
grouped_conv_forward_bf16_2d_32x64x64_compv3,30,1,64,156,1,512,512,1,1,1,1,0,0,0.073540598154068,71.17825423494257,8371382
grouped_conv_forward_bf16_2d_32x64x64_compv4,30,1,64,156,1,512,512,1,1,1,1,0,0,0.1753375083208084,29.853802772323245,8381717
grouped_conv_forward_bf16_2d_32x64x64_compv5,30,1,64,156,1,512,512,1,1,1,1,0,0,0.07210059463977814,72.59983663313803,8371684
grouped_conv_forward_bf16_2d_64x64x64_compv3,30,1,64,156,1,512,512,1,1,1,1,0,0,0.061172496527433395,85.56936023777519,8372722
grouped_conv_forward_bf16_2d_64x64x64_compv4,30,1,64,156,1,512,512,1,1,1,1,0,0,0.22717800736427307,23.0413650191352,8391031
grouped_conv_forward_bf16_2d_64x64x64_compv5,30,1,64,156,1,512,512,1,1,1,1,0,0,0.06051250174641609,86.50264393192136,8373512
grouped_conv_forward_bf16_2d_32x128x64_compv3,30,1,64,156,1,512,512,1,1,1,1,0,0,0.06493650376796722,80.60938129197744,8369064
grouped_conv_forward_bf16_2d_32x128x64_compv4,30,1,64,156,1,512,512,1,1,1,1,0,0,0.17589350044727325,29.759436128619875,8384243
grouped_conv_forward_bf16_2d_32x128x64_compv5,30,1,64,156,1,512,512,1,1,1,1,0,0,0.06534460186958313,80.10594972247543,8372343
grouped_conv_forward_bf16_2d_64x128x64_compv3,30,1,64,156,1,512,512,1,1,1,1,0,0,0.06311249732971191,82.93906299815713,8369563
grouped_conv_forward_bf16_2d_64x128x64_compv4,30,1,64,156,1,512,512,1,1,1,1,0,0,0.2265460044145584,23.10564428415767,8390942
grouped_conv_forward_bf16_2d_64x128x64_compv5,30,1,64,156,1,512,512,1,1,1,1,0,0,0.06270049512386322,83.4840519466297,8370610
grouped_conv_forward_bf16_2d_128x128x64_compv3,30,1,64,156,1,512,512,1,1,1,1,0,0,0.07604870200157166,68.8307788855071,8344850
grouped_conv_forward_bf16_2d_128x128x64_compv4,30,1,64,156,1,512,512,1,1,1,1,0,0,0.22651800513267517,23.10850031075488,8390664
grouped_conv_forward_bf16_2d_128x128x64_compv5,30,1,64,156,1,512,512,1,1,1,1,0,0,0.07596059888601303,68.91061245916336,8351454
grouped_conv_forward_bf16_2d_16x64x128_compv3,30,1,64,156,1,512,512,1,1,1,1,0,0,0.12439709901809692,42.07888635118815,8388116
grouped_conv_forward_bf16_2d_16x64x128_compv4,30,1,64,156,1,512,512,1,1,1,1,0,0,0.19400569796562195,26.981121930385562,8388316
grouped_conv_forward_bf16_2d_16x64x128_compv5,30,1,64,156,1,512,512,1,1,1,1,0,0,0.12504470348358154,41.86096048992025,8388135
grouped_conv_forward_bf16_2d_32x64x128_compv3,30,1,64,156,1,512,512,1,1,1,1,0,0,0.09766869992017746,53.59435926021374,8385691
grouped_conv_forward_bf16_2d_32x64x128_compv4,30,1,64,156,1,512,512,1,1,1,1,0,0,0.1751134991645813,29.891992433320844,8382137
grouped_conv_forward_bf16_2d_32x64x128_compv5,30,1,64,156,1,512,512,1,1,1,1,0,0,0.09766479581594467,53.59650166949329,8386142
grouped_conv_forward_bf16_2d_64x64x128_compv3,30,1,64,156,1,512,512,1,1,1,1,0,0,0.09333279728889465,56.08415845287039,8388059
grouped_conv_forward_bf16_2d_64x64x128_compv4,30,1,64,156,1,512,512,1,1,1,1,0,0,0.22599399089813232,23.162082191643172,8390416
grouped_conv_forward_bf16_2d_64x64x128_compv5,30,1,64,156,1,512,512,1,1,1,1,0,0,0.09362079948186874,55.91162883642911,8388445
grouped_conv_forward_bf16_2d_128x64x128_compv3,30,1,64,156,1,512,512,1,1,1,1,0,0,0.11003299802541733,47.57201463138218,8419166
grouped_conv_forward_bf16_2d_128x64x128_compv4,30,1,64,156,1,512,512,1,1,1,1,0,0,0.22671398520469666,23.088524456371125,8390558
grouped_conv_forward_bf16_2d_128x64x128_compv5,30,1,64,156,1,512,512,1,1,1,1,0,0,0.10986100137233734,47.646492628074924,8417064
grouped_conv_forward_bf16_2d_16x64x64_compv3,31,1,32,64,1,256,256,3,3,1,1,2,2,0.025616100057959557,95.79191564867185,4259952
grouped_conv_forward_bf16_2d_16x64x64_compv4,31,1,32,64,1,256,256,3,3,1,1,2,2,0.02940419875085354,83.4511872536153,4259778
grouped_conv_forward_bf16_2d_16x64x64_compv5,31,1,32,64,1,256,256,3,3,1,1,2,2,0.02579210139811039,95.13824632295274,4260046
grouped_conv_forward_bf16_2d_32x64x64_compv3,31,1,32,64,1,256,256,3,3,1,1,2,2,0.022516099736094475,108.9804772922731,4259841
grouped_conv_forward_bf16_2d_32x64x64_compv4,31,1,32,64,1,256,256,3,3,1,1,2,2,0.026600200682878494,92.24799937616353,4259286
grouped_conv_forward_bf16_2d_32x64x64_compv5,31,1,32,64,1,256,256,3,3,1,1,2,2,0.02254820056259632,108.82532684539215,4259122
grouped_conv_forward_bf16_2d_64x64x64_compv3,31,1,32,64,1,256,256,3,3,1,1,2,2,0.021480100229382515,114.2366781251532,4257770
grouped_conv_forward_bf16_2d_64x64x64_compv4,31,1,32,64,1,256,256,3,3,1,1,2,2,0.035724300891160965,68.68756658040387,4258640
grouped_conv_forward_bf16_2d_64x64x64_compv5,31,1,32,64,1,256,256,3,3,1,1,2,2,0.02141210064291954,114.59946583108449,4258391
grouped_conv_forward_bf16_2d_32x128x64_compv3,31,1,32,64,1,256,256,3,3,1,1,2,2,0.028288299217820168,86.74311866915714,4256384
grouped_conv_forward_bf16_2d_32x128x64_compv4,31,1,32,64,1,256,256,3,3,1,1,2,2,0.026624199002981186,92.16484956881668,4259115
grouped_conv_forward_bf16_2d_32x128x64_compv5,31,1,32,64,1,256,256,3,3,1,1,2,2,0.028272300958633423,86.79220342165628,4257300
grouped_conv_forward_bf16_2d_64x128x64_compv3,31,1,32,64,1,256,256,3,3,1,1,2,2,0.02809619903564453,87.3362013447777,4254463
grouped_conv_forward_bf16_2d_64x128x64_compv4,31,1,32,64,1,256,256,3,3,1,1,2,2,0.035488300025463104,69.14434600246759,4258944
grouped_conv_forward_bf16_2d_64x128x64_compv5,31,1,32,64,1,256,256,3,3,1,1,2,2,0.029140200465917587,84.20722084153077,4254037
grouped_conv_forward_bf16_2d_128x128x64_compv3,31,1,32,64,1,256,256,3,3,1,1,2,2,0.028344199061393738,86.57204568331666,4258028
grouped_conv_forward_bf16_2d_128x128x64_compv4,31,1,32,64,1,256,256,3,3,1,1,2,2,0.035512302070856094,69.09761274005872,4259162
grouped_conv_forward_bf16_2d_128x128x64_compv5,31,1,32,64,1,256,256,3,3,1,1,2,2,0.028324197977781296,86.63317838425212,4256552
grouped_conv_forward_bf16_2d_16x64x128_compv3,31,1,32,64,1,256,256,3,3,1,1,2,2,0.02668819949030876,91.94383071405959,4259964
grouped_conv_forward_bf16_2d_16x64x128_compv4,31,1,32,64,1,256,256,3,3,1,1,2,2,0.02940019965171814,83.46253852247564,4259722
grouped_conv_forward_bf16_2d_16x64x128_compv5,31,1,32,64,1,256,256,3,3,1,1,2,2,0.026708099991083145,91.87532234862229,4260008
grouped_conv_forward_bf16_2d_32x64x128_compv3,31,1,32,64,1,256,256,3,3,1,1,2,2,0.02239220030605793,109.58348275118595,4259319
grouped_conv_forward_bf16_2d_32x64x128_compv4,31,1,32,64,1,256,256,3,3,1,1,2,2,0.026496101170778275,92.6104289904447,4259350
grouped_conv_forward_bf16_2d_32x64x128_compv5,31,1,32,64,1,256,256,3,3,1,1,2,2,0.022412100806832314,109.48617968253811,4259359
grouped_conv_forward_bf16_2d_64x64x128_compv3,31,1,32,64,1,256,256,3,3,1,1,2,2,0.023896099999547005,102.68685250088997,4259043
grouped_conv_forward_bf16_2d_64x64x128_compv4,31,1,32,64,1,256,256,3,3,1,1,2,2,0.036680299788713455,66.89736207540594,4259113
grouped_conv_forward_bf16_2d_64x64x128_compv5,31,1,32,64,1,256,256,3,3,1,1,2,2,0.023840099573135376,102.92806405746408,4258693
grouped_conv_forward_bf16_2d_128x64x128_compv3,31,1,32,64,1,256,256,3,3,1,1,2,2,0.025092199444770813,97.79195727345346,4256358
grouped_conv_forward_bf16_2d_128x64x128_compv4,31,1,32,64,1,256,256,3,3,1,1,2,2,0.035784199833869934,68.57259090302337,4258900
grouped_conv_forward_bf16_2d_128x64x128_compv5,31,1,32,64,1,256,256,3,3,1,1,2,2,0.024764100089669228,99.0876020979923,4256978
grouped_conv_forward_bf16_2d_16x64x64_compv3,32,1,240,1664,1,32,32,1,1,1,1,0,0,0.012215999886393547,66.95229924739795,1703776
grouped_conv_forward_bf16_2d_16x64x64_compv4,32,1,240,1664,1,32,32,1,1,1,1,0,0,0.011932100169360638,68.54529113828461,1703904
grouped_conv_forward_bf16_2d_16x64x64_compv5,32,1,240,1664,1,32,32,1,1,1,1,0,0,0.012196099385619164,67.06154600251955,1703744
grouped_conv_forward_bf16_2d_32x64x64_compv3,32,1,240,1664,1,32,32,1,1,1,1,0,0,0.011248099617660046,72.71355231561742,1703936
grouped_conv_forward_bf16_2d_32x64x64_compv4,32,1,240,1664,1,32,32,1,1,1,1,0,0,0.011508000083267689,71.07136549201005,1703168
grouped_conv_forward_bf16_2d_32x64x64_compv5,32,1,240,1664,1,32,32,1,1,1,1,0,0,0.01115609984844923,73.31319108924002,1703936
grouped_conv_forward_bf16_2d_64x64x64_compv3,32,1,240,1664,1,32,32,1,1,1,1,0,0,0.010736099444329739,76.18123176308389,1703936
grouped_conv_forward_bf16_2d_64x64x64_compv4,32,1,240,1664,1,32,32,1,1,1,1,0,0,0.013356099836528301,61.23713434389817,1703936
grouped_conv_forward_bf16_2d_64x64x64_compv5,32,1,240,1664,1,32,32,1,1,1,1,0,0,0.010808099992573261,75.67373364069624,1703936
grouped_conv_forward_bf16_2d_32x128x64_compv3,32,1,240,1664,1,32,32,1,1,1,1,0,0,0.009424000047147274,86.78791128058006,1703936
grouped_conv_forward_bf16_2d_32x128x64_compv4,32,1,240,1664,1,32,32,1,1,1,1,0,0,0.011492100544273853,71.16969407368508,1703488
grouped_conv_forward_bf16_2d_32x128x64_compv5,32,1,240,1664,1,32,32,1,1,1,1,0,0,0.009936099871993065,82.3149214014433,1703936
grouped_conv_forward_bf16_2d_64x128x64_compv3,32,1,240,1664,1,32,32,1,1,1,1,0,0,0.009716100059449673,84.17876256889082,1703936
grouped_conv_forward_bf16_2d_64x128x64_compv4,32,1,240,1664,1,32,32,1,1,1,1,0,0,0.013364100828766823,61.200472106545085,1703936
grouped_conv_forward_bf16_2d_64x128x64_compv5,32,1,240,1664,1,32,32,1,1,1,1,0,0,0.00961610022932291,85.05415506235725,1703936
grouped_conv_forward_bf16_2d_128x128x64_compv3,32,1,240,1664,1,32,32,1,1,1,1,0,0,0.010831999592483044,75.50676798100889,1703936
grouped_conv_forward_bf16_2d_128x128x64_compv4,32,1,240,1664,1,32,32,1,1,1,1,0,0,0.013360099866986275,61.21879986998156,1703936
grouped_conv_forward_bf16_2d_128x128x64_compv5,32,1,240,1664,1,32,32,1,1,1,1,0,0,0.010888099670410156,75.11772529257073,1703936
grouped_conv_forward_bf16_2d_16x64x128_compv3,32,1,240,1664,1,32,32,1,1,1,1,0,0,0.010176099836826324,80.37355107701848,1703463
grouped_conv_forward_bf16_2d_16x64x128_compv4,32,1,240,1664,1,32,32,1,1,1,1,0,0,0.011864099651575089,68.93816673997814,1703784
grouped_conv_forward_bf16_2d_16x64x128_compv5,32,1,240,1664,1,32,32,1,1,1,1,0,0,0.01005600020289421,81.33345897950596,1703660
grouped_conv_forward_bf16_2d_32x64x128_compv3,32,1,240,1664,1,32,32,1,1,1,1,0,0,0.01009610015898943,81.01041660841315,1703936
grouped_conv_forward_bf16_2d_32x64x128_compv4,32,1,240,1664,1,32,32,1,1,1,1,0,0,0.011444100178778172,71.46820346056442,1703488
grouped_conv_forward_bf16_2d_32x64x128_compv5,32,1,240,1664,1,32,32,1,1,1,1,0,0,0.009396100416779518,87.04560868032196,1703936
grouped_conv_forward_bf16_2d_64x64x128_compv3,32,1,240,1664,1,32,32,1,1,1,1,0,0,0.00865199975669384,94.53181957930813,1703936
grouped_conv_forward_bf16_2d_64x64x128_compv4,32,1,240,1664,1,32,32,1,1,1,1,0,0,0.013324099592864513,61.38420643733451,1703936
grouped_conv_forward_bf16_2d_64x64x128_compv5,32,1,240,1664,1,32,32,1,1,1,1,0,0,0.008580099791288376,95.32398222575765,1703936
grouped_conv_forward_bf16_2d_128x64x128_compv3,32,1,240,1664,1,32,32,1,1,1,1,0,0,0.008388100191950798,97.50590256239961,1703936
grouped_conv_forward_bf16_2d_128x64x128_compv4,32,1,240,1664,1,32,32,1,1,1,1,0,0,0.013308100402355194,61.45800341687041,1703936
grouped_conv_forward_bf16_2d_128x64x128_compv5,32,1,240,1664,1,32,32,1,1,1,1,0,0,0.008128100074827671,100.62490280268118,1703936
grouped_conv_forward_bf16_2d_16x64x64_compv3,33,4,48,192,1,512,512,3,3,1,1,1,1,1.3202251195907593,131.7549355082105,201326299
grouped_conv_forward_bf16_2d_16x64x64_compv4,33,4,48,192,1,512,512,3,3,1,1,1,1,1.7210428714752197,101.07021641994265,201322679
grouped_conv_forward_bf16_2d_16x64x64_compv5,33,4,48,192,1,512,512,3,3,1,1,1,1,1.3271359205245972,131.06884743142334,201326163
grouped_conv_forward_bf16_2d_32x64x64_compv3,33,4,48,192,1,512,512,3,3,1,1,1,1,1.0639575719833374,163.48976694977097,201316555
grouped_conv_forward_bf16_2d_32x64x64_compv4,33,4,48,192,1,512,512,3,3,1,1,1,1,1.468361258506775,118.46279277682089,201316527
grouped_conv_forward_bf16_2d_32x64x64_compv5,33,4,48,192,1,512,512,3,3,1,1,1,1,1.065929651260376,163.1872940979948,201316907
grouped_conv_forward_bf16_2d_64x64x64_compv3,33,4,48,192,1,512,512,3,3,1,1,1,1,0.8829360008239746,197.00881527729047,201281764
grouped_conv_forward_bf16_2d_64x64x64_compv4,33,4,48,192,1,512,512,3,3,1,1,1,1,1.9354255199432373,89.87490021992762,201260271
grouped_conv_forward_bf16_2d_64x64x64_compv5,33,4,48,192,1,512,512,3,3,1,1,1,1,0.8823479413986206,197.14011596408983,201293082
grouped_conv_forward_bf16_2d_32x128x64_compv3,33,4,48,192,1,512,512,3,3,1,1,1,1,1.003485083580017,173.34206390735022,201287886
grouped_conv_forward_bf16_2d_32x128x64_compv4,33,4,48,192,1,512,512,3,3,1,1,1,1,1.4652774333953857,118.71210975038808,201312839
grouped_conv_forward_bf16_2d_32x128x64_compv5,33,4,48,192,1,512,512,3,3,1,1,1,1,1.000777006149292,173.81112317647654,201281495
grouped_conv_forward_bf16_2d_64x128x64_compv3,33,4,48,192,1,512,512,3,3,1,1,1,1,0.8729960322380066,199.25196571864456,201225530
grouped_conv_forward_bf16_2d_64x128x64_compv4,33,4,48,192,1,512,512,3,3,1,1,1,1,1.9383494853973389,89.73932554393981,201269535
grouped_conv_forward_bf16_2d_64x128x64_compv5,33,4,48,192,1,512,512,3,3,1,1,1,1,0.8679959177970886,200.39976216646608,201219508
grouped_conv_forward_bf16_2d_128x128x64_compv3,33,4,48,192,1,512,512,3,3,1,1,1,1,0.8517237901687622,204.22838659177756,201177903
grouped_conv_forward_bf16_2d_128x128x64_compv4,33,4,48,192,1,512,512,3,3,1,1,1,1,1.9415658712387085,89.590663940247,201269871
grouped_conv_forward_bf16_2d_128x128x64_compv5,33,4,48,192,1,512,512,3,3,1,1,1,1,0.8495637774467468,204.74763649972525,201170191
grouped_conv_forward_bf16_2d_16x64x128_compv3,33,4,48,192,1,512,512,3,3,1,1,1,1,1.3822447061538696,125.84325677904715,201320925
grouped_conv_forward_bf16_2d_16x64x128_compv4,33,4,48,192,1,512,512,3,3,1,1,1,1,1.712003469467163,101.60386856116494,201321483
grouped_conv_forward_bf16_2d_16x64x128_compv5,33,4,48,192,1,512,512,3,3,1,1,1,1,1.378368854522705,126.19711691630847,201322229
grouped_conv_forward_bf16_2d_32x64x128_compv3,33,4,48,192,1,512,512,3,3,1,1,1,1,1.0715653896331787,162.3290348595019,201315932
grouped_conv_forward_bf16_2d_32x64x128_compv4,33,4,48,192,1,512,512,3,3,1,1,1,1,1.463889241218567,118.82468330951335,201311851
grouped_conv_forward_bf16_2d_32x64x128_compv5,33,4,48,192,1,512,512,3,3,1,1,1,1,1.0596975088119507,164.1470080296921,201314387
grouped_conv_forward_bf16_2d_64x64x128_compv3,33,4,48,192,1,512,512,3,3,1,1,1,1,0.9726608395576477,178.8353847648562,201295077
grouped_conv_forward_bf16_2d_64x64x128_compv4,33,4,48,192,1,512,512,3,3,1,1,1,1,1.939009666442871,89.70877169844422,201270895
grouped_conv_forward_bf16_2d_64x64x128_compv5,33,4,48,192,1,512,512,3,3,1,1,1,1,0.9749568700790405,178.41422613279093,201302339
grouped_conv_forward_bf16_2d_128x64x128_compv3,33,4,48,192,1,512,512,3,3,1,1,1,1,0.9667167663574219,179.93499393149793,201199983
grouped_conv_forward_bf16_2d_128x64x128_compv4,33,4,48,192,1,512,512,3,3,1,1,1,1,1.9376577138900757,89.77136376619511,201270767
grouped_conv_forward_bf16_2d_128x64x128_compv5,33,4,48,192,1,512,512,3,3,1,1,1,1,0.9675048589706421,179.78842573779593,201202877
grouped_conv_forward_bf16_2d_16x64x64_compv3,35,4,240,1280,1,5,5,1,1,1,1,0,0,0.0055160000920295715,11.138505978050773,128000
grouped_conv_forward_bf16_2d_16x64x64_compv4,35,4,240,1280,1,5,5,1,1,1,1,0,0,0.005520100239664316,11.130232664712668,128000
grouped_conv_forward_bf16_2d_16x64x64_compv5,35,4,240,1280,1,5,5,1,1,1,1,0,0,0.005476099904626608,11.219663824630192,128000
grouped_conv_forward_bf16_2d_32x64x64_compv3,35,4,240,1280,1,5,5,1,1,1,1,0,0,0.006668099667876959,9.214019444847581,128000
grouped_conv_forward_bf16_2d_32x64x64_compv4,35,4,240,1280,1,5,5,1,1,1,1,0,0,0.005703999660909176,10.771389139635207,128000
grouped_conv_forward_bf16_2d_32x64x64_compv5,35,4,240,1280,1,5,5,1,1,1,1,0,0,0.006660000421106815,9.225224641921177,128000
grouped_conv_forward_bf16_2d_64x64x64_compv3,35,4,240,1280,1,5,5,1,1,1,1,0,0,0.008208099752664566,7.485289147473501,128000
grouped_conv_forward_bf16_2d_64x64x64_compv4,35,4,240,1280,1,5,5,1,1,1,1,0,0,0.007476100232452154,8.218188372234776,128000
grouped_conv_forward_bf16_2d_64x64x64_compv5,35,4,240,1280,1,5,5,1,1,1,1,0,0,0.008112099952995777,7.5738711746654905,128000
grouped_conv_forward_bf16_2d_32x128x64_compv3,35,4,240,1280,1,5,5,1,1,1,1,0,0,0.0074440003372728825,8.2536267082584,128000
grouped_conv_forward_bf16_2d_32x128x64_compv4,35,4,240,1280,1,5,5,1,1,1,1,0,0,0.006412000395357609,9.582033096018451,128000
grouped_conv_forward_bf16_2d_32x128x64_compv5,35,4,240,1280,1,5,5,1,1,1,1,0,0,0.007272099610418081,8.448729155467074,128000
grouped_conv_forward_bf16_2d_64x128x64_compv3,35,4,240,1280,1,5,5,1,1,1,1,0,0,0.009052099660038948,6.787375560084769,128000
grouped_conv_forward_bf16_2d_64x128x64_compv4,35,4,240,1280,1,5,5,1,1,1,1,0,0,0.007447999902069569,8.24919452307293,128000
grouped_conv_forward_bf16_2d_64x128x64_compv5,35,4,240,1280,1,5,5,1,1,1,1,0,0,0.009468100033700466,6.48915830856374,128000
grouped_conv_forward_bf16_2d_128x128x64_compv3,35,4,240,1280,1,5,5,1,1,1,1,0,0,0.009480000473558903,6.481012334478788,126200
grouped_conv_forward_bf16_2d_128x128x64_compv4,35,4,240,1280,1,5,5,1,1,1,1,0,0,0.007408100180327892,8.293624344221623,127312
grouped_conv_forward_bf16_2d_128x128x64_compv5,35,4,240,1280,1,5,5,1,1,1,1,0,0,0.009452000260353088,6.500211416382764,128000
grouped_conv_forward_bf16_2d_16x64x128_compv3,35,4,240,1280,1,5,5,1,1,1,1,0,0,0.004627999849617481,13.275713482375807,128000
grouped_conv_forward_bf16_2d_16x64x128_compv4,35,4,240,1280,1,5,5,1,1,1,1,0,0,0.005352099891752005,11.479606368088112,128000
grouped_conv_forward_bf16_2d_16x64x128_compv5,35,4,240,1280,1,5,5,1,1,1,1,0,0,0.004515999928116798,13.604960358274603,128000
grouped_conv_forward_bf16_2d_32x64x128_compv3,35,4,240,1280,1,5,5,1,1,1,1,0,0,0.005319999996572733,11.54887218789118,127904
grouped_conv_forward_bf16_2d_32x64x128_compv4,35,4,240,1280,1,5,5,1,1,1,1,0,0,0.0059241000562906265,10.371195526105046,128000
grouped_conv_forward_bf16_2d_32x64x128_compv5,35,4,240,1280,1,5,5,1,1,1,1,0,0,0.0053401002660393715,11.505401947362428,128000
grouped_conv_forward_bf16_2d_64x64x128_compv3,35,4,240,1280,1,5,5,1,1,1,1,0,0,0.00672800000756979,9.131985720997738,128000
grouped_conv_forward_bf16_2d_64x64x128_compv4,35,4,240,1280,1,5,5,1,1,1,1,0,0,0.007412000093609095,8.28926055370343,128000
grouped_conv_forward_bf16_2d_64x64x128_compv5,35,4,240,1280,1,5,5,1,1,1,1,0,0,0.0067079998552799225,9.159213077746276,128000
grouped_conv_forward_bf16_2d_128x64x128_compv3,35,4,240,1280,1,5,5,1,1,1,1,0,0,0.006843999959528446,8.97720636518432,128000
grouped_conv_forward_bf16_2d_128x64x128_compv4,35,4,240,1280,1,5,5,1,1,1,1,0,0,0.00811609998345375,7.570138382382844,128000
grouped_conv_forward_bf16_2d_128x64x128_compv5,35,4,240,1280,1,5,5,1,1,1,1,0,0,0.0071000000461936,8.653521070459536,128000
grouped_conv_forward_bf16_2d_16x64x64_compv3,36,4,64,128,1,256,256,1,1,2,2,0,0,0.019324099645018578,55.56490826090272,8382848
grouped_conv_forward_bf16_2d_16x64x64_compv4,36,4,64,128,1,256,256,1,1,2,2,0,0,0.03622429817914963,29.641480386721085,8387296
grouped_conv_forward_bf16_2d_16x64x64_compv5,36,4,64,128,1,256,256,1,1,2,2,0,0,0.019312100484967232,55.599432326681054,8383456
grouped_conv_forward_bf16_2d_32x64x64_compv3,36,4,64,128,1,256,256,1,1,2,2,0,0,0.01610809937119484,66.65850509465498,8378176
grouped_conv_forward_bf16_2d_32x64x64_compv4,36,4,64,128,1,256,256,1,1,2,2,0,0,0.03314819931983948,32.392161445625085,8384816
grouped_conv_forward_bf16_2d_32x64x64_compv5,36,4,64,128,1,256,256,1,1,2,2,0,0,0.016120100393891335,66.60887945877133,8379776
grouped_conv_forward_bf16_2d_64x64x64_compv3,36,4,64,128,1,256,256,1,1,2,2,0,0,0.014432099647819996,74.39955725099163,8378752
grouped_conv_forward_bf16_2d_64x64x64_compv4,36,4,64,128,1,256,256,1,1,2,2,0,0,0.040896300226449966,26.255231354780353,8385408
grouped_conv_forward_bf16_2d_64x64x64_compv5,36,4,64,128,1,256,256,1,1,2,2,0,0,0.014544099569320679,73.82662769065132,8374528
grouped_conv_forward_bf16_2d_32x128x64_compv3,36,4,64,128,1,256,256,1,1,2,2,0,0,0.012436100281774998,86.34071772270603,8379024
grouped_conv_forward_bf16_2d_32x128x64_compv4,36,4,64,128,1,256,256,1,1,2,2,0,0,0.03334829956293106,32.19779833072923,8385054
grouped_conv_forward_bf16_2d_32x128x64_compv5,36,4,64,128,1,256,256,1,1,2,2,0,0,0.012108100578188896,88.67962543474412,8380480
grouped_conv_forward_bf16_2d_64x128x64_compv3,36,4,64,128,1,256,256,1,1,2,2,0,0,0.011844100430607796,90.65625796495374,8377152
grouped_conv_forward_bf16_2d_64x128x64_compv4,36,4,64,128,1,256,256,1,1,2,2,0,0,0.041268300265073776,26.01856187686824,8385408
grouped_conv_forward_bf16_2d_64x128x64_compv5,36,4,64,128,1,256,256,1,1,2,2,0,0,0.011796100065112114,91.02515391300174,8377600
grouped_conv_forward_bf16_2d_128x128x64_compv3,36,4,64,128,1,256,256,1,1,2,2,0,0,0.012408100068569183,86.53555484452315,8358400
grouped_conv_forward_bf16_2d_128x128x64_compv4,36,4,64,128,1,256,256,1,1,2,2,0,0,0.04097229987382889,26.206530443897634,8385504
grouped_conv_forward_bf16_2d_128x128x64_compv5,36,4,64,128,1,256,256,1,1,2,2,0,0,0.012428099289536476,86.3963023616982,8358144
grouped_conv_forward_bf16_2d_16x64x128_compv3,36,4,64,128,1,256,256,1,1,2,2,0,0,0.024900199845433235,43.12181551414043,8387848
grouped_conv_forward_bf16_2d_16x64x128_compv4,36,4,64,128,1,256,256,1,1,2,2,0,0,0.036284301429986954,29.592462351021375,8388040
grouped_conv_forward_bf16_2d_16x64x128_compv5,36,4,64,128,1,256,256,1,1,2,2,0,0,0.024764100089669228,43.35880650264089,8388152
grouped_conv_forward_bf16_2d_32x64x128_compv3,36,4,64,128,1,256,256,1,1,2,2,0,0,0.020468099042773247,52.45928416489221,8385223
grouped_conv_forward_bf16_2d_32x64x128_compv4,36,4,64,128,1,256,256,1,1,2,2,0,0,0.03325619921088219,32.28696752720459,8384703
grouped_conv_forward_bf16_2d_32x64x128_compv5,36,4,64,128,1,256,256,1,1,2,2,0,0,0.02032409980893135,52.83096590227077,8384600
grouped_conv_forward_bf16_2d_64x64x128_compv3,36,4,64,128,1,256,256,1,1,2,2,0,0,0.01958009973168373,54.83842466146963,8386592
grouped_conv_forward_bf16_2d_64x64x128_compv4,36,4,64,128,1,256,256,1,1,2,2,0,0,0.04111630097031593,26.114747646564606,8385408
grouped_conv_forward_bf16_2d_64x64x128_compv5,36,4,64,128,1,256,256,1,1,2,2,0,0,0.01950809918344021,55.040822476003434,8386432
grouped_conv_forward_bf16_2d_128x64x128_compv3,36,4,64,128,1,256,256,1,1,2,2,0,0,0.021948199719190598,48.921635384116016,8375454
grouped_conv_forward_bf16_2d_128x64x128_compv4,36,4,64,128,1,256,256,1,1,2,2,0,0,0.04057230055332184,26.464898695819404,8385408
grouped_conv_forward_bf16_2d_128x64x128_compv5,36,4,64,128,1,256,256,1,1,2,2,0,0,0.021404199302196503,50.16500775573569,8375136
grouped_conv_forward_bf16_2d_16x64x64_compv3,37,1,65,390,1,256,256,1,1,1,1,0,0,0.07145249843597412,46.50187568986581,2363955
grouped_conv_forward_bf16_2d_16x64x64_compv4,37,1,65,390,1,256,256,1,1,1,1,0,0,0.11532489955425262,28.811429386391136,2359490
grouped_conv_forward_bf16_2d_16x64x64_compv5,37,1,65,390,1,256,256,1,1,1,1,0,0,0.0716765969991684,46.35648648384563,2364421
grouped_conv_forward_bf16_2d_32x64x64_compv3,37,1,65,390,1,256,256,1,1,1,1,0,0,0.05829650163650513,56.99613367398617,2364600
grouped_conv_forward_bf16_2d_32x64x64_compv4,37,1,65,390,1,256,256,1,1,1,1,0,0,0.10559289157390594,31.46684545213361,2360386
grouped_conv_forward_bf16_2d_32x64x64_compv5,37,1,65,390,1,256,256,1,1,1,1,0,0,0.0572965033352375,57.990889610824574,2363384
grouped_conv_forward_bf16_2d_64x64x64_compv3,37,1,65,390,1,256,256,1,1,1,1,0,0,0.04866839945316315,68.27171711692785,2362349
grouped_conv_forward_bf16_2d_64x64x64_compv4,37,1,65,390,1,256,256,1,1,1,1,0,0,0.13420109450817108,24.758927728400106,2364766
grouped_conv_forward_bf16_2d_64x64x64_compv5,37,1,65,390,1,256,256,1,1,1,1,0,0,0.04832040145993233,68.76340219886603,2362189
grouped_conv_forward_bf16_2d_32x128x64_compv3,37,1,65,390,1,256,256,1,1,1,1,0,0,0.047000400722026825,70.6946142789549,2364447
grouped_conv_forward_bf16_2d_32x128x64_compv4,37,1,65,390,1,256,256,1,1,1,1,0,0,0.10550890117883682,31.49189464468111,2360321
grouped_conv_forward_bf16_2d_32x128x64_compv5,37,1,65,390,1,256,256,1,1,1,1,0,0,0.04692839831113815,70.80308128077289,2366499
grouped_conv_forward_bf16_2d_64x128x64_compv3,37,1,65,390,1,256,256,1,1,1,1,0,0,0.045040398836135864,73.77099861145592,2370610
grouped_conv_forward_bf16_2d_64x128x64_compv4,37,1,65,390,1,256,256,1,1,1,1,0,0,0.13419710099697113,24.75966451819994,2365515
grouped_conv_forward_bf16_2d_64x128x64_compv5,37,1,65,390,1,256,256,1,1,1,1,0,0,0.04500440135598183,73.83000550808042,2370913
grouped_conv_forward_bf16_2d_128x128x64_compv3,37,1,65,390,1,256,256,1,1,1,1,0,0,0.05016840249300003,66.23043658732428,2400659
grouped_conv_forward_bf16_2d_128x128x64_compv4,37,1,65,390,1,256,256,1,1,1,1,0,0,0.13406120240688324,24.784763528492718,2365861
grouped_conv_forward_bf16_2d_128x128x64_compv5,37,1,65,390,1,256,256,1,1,1,1,0,0,0.050320398062467575,66.03038385895204,2406926
grouped_conv_forward_bf16_2d_16x64x128_compv3,37,1,65,390,1,256,256,1,1,1,1,0,0,0.07532060146331787,44.11376350490492,2359279
grouped_conv_forward_bf16_2d_16x64x128_compv4,37,1,65,390,1,256,256,1,1,1,1,0,0,0.11558900028467178,28.745600289101375,2359343
grouped_conv_forward_bf16_2d_16x64x128_compv5,37,1,65,390,1,256,256,1,1,1,1,0,0,0.07506849616765976,44.26191238171414,2359405
grouped_conv_forward_bf16_2d_32x64x128_compv3,37,1,65,390,1,256,256,1,1,1,1,0,0,0.05940849706530571,55.929292342600384,2360523
grouped_conv_forward_bf16_2d_32x64x128_compv4,37,1,65,390,1,256,256,1,1,1,1,0,0,0.10541679710149765,31.519409537749986,2360147
grouped_conv_forward_bf16_2d_32x64x128_compv5,37,1,65,390,1,256,256,1,1,1,1,0,0,0.05938050150871277,55.95566079064643,2360252
grouped_conv_forward_bf16_2d_64x64x128_compv3,37,1,65,390,1,256,256,1,1,1,1,0,0,0.05641249939799309,58.89962748429839,2359998
grouped_conv_forward_bf16_2d_64x64x128_compv4,37,1,65,390,1,256,256,1,1,1,1,0,0,0.13392910361289978,24.8092095770584,2365460
grouped_conv_forward_bf16_2d_64x64x128_compv5,37,1,65,390,1,256,256,1,1,1,1,0,0,0.05610039830207825,59.22730141965696,2360989
grouped_conv_forward_bf16_2d_128x64x128_compv3,37,1,65,390,1,256,256,1,1,1,1,0,0,0.06594450026750565,50.38593342161178,2392699
grouped_conv_forward_bf16_2d_128x64x128_compv4,37,1,65,390,1,256,256,1,1,1,1,0,0,0.13429319858551025,24.741946986126106,2365434
grouped_conv_forward_bf16_2d_128x64x128_compv5,37,1,65,390,1,256,256,1,1,1,1,0,0,0.06578860431909561,50.50533043510044,2392145
grouped_conv_forward_bf16_2d_16x64x64_compv3,38,4,256,2048,1,56,56,1,1,1,1,0,0,0.11176040023565292,117.69228918530595,25687792
grouped_conv_forward_bf16_2d_16x64x64_compv4,38,4,256,2048,1,56,56,1,1,1,1,0,0,0.12274470180273056,107.16012300994805,25678800
grouped_conv_forward_bf16_2d_16x64x64_compv5,38,4,256,2048,1,56,56,1,1,1,1,0,0,0.11210479587316513,117.33072828464563,25688320
grouped_conv_forward_bf16_2d_32x64x64_compv3,38,4,256,2048,1,56,56,1,1,1,1,0,0,0.08913670480251312,147.5636481418276,25672256
grouped_conv_forward_bf16_2d_32x64x64_compv4,38,4,256,2048,1,56,56,1,1,1,1,0,0,0.10790079832077026,121.90213185353292,25674744
grouped_conv_forward_bf16_2d_32x64x64_compv5,38,4,256,2048,1,56,56,1,1,1,1,0,0,0.08923269808292389,147.40490455389585,25673848
grouped_conv_forward_bf16_2d_64x64x64_compv3,38,4,256,2048,1,56,56,1,1,1,1,0,0,0.07582859694957733,173.46143635950943,25667248
grouped_conv_forward_bf16_2d_64x64x64_compv4,38,4,256,2048,1,56,56,1,1,1,1,0,0,0.13941709697246552,94.34522472231471,25670848
grouped_conv_forward_bf16_2d_64x64x64_compv5,38,4,256,2048,1,56,56,1,1,1,1,0,0,0.07592859864234924,173.23297913026033,25668864
grouped_conv_forward_bf16_2d_32x128x64_compv3,38,4,256,2048,1,56,56,1,1,1,1,0,0,0.06791649758815765,193.6692528487143,25685460
grouped_conv_forward_bf16_2d_32x128x64_compv4,38,4,256,2048,1,56,56,1,1,1,1,0,0,0.1079648956656456,121.82976015402559,25674040
grouped_conv_forward_bf16_2d_32x128x64_compv5,38,4,256,2048,1,56,56,1,1,1,1,0,0,0.06794049590826035,193.60084391731368,25685768
grouped_conv_forward_bf16_2d_64x128x64_compv3,38,4,256,2048,1,56,56,1,1,1,1,0,0,0.06168050318956375,213.2495142521069,25682412
grouped_conv_forward_bf16_2d_64x128x64_compv4,38,4,256,2048,1,56,56,1,1,1,1,0,0,0.14038120210170746,93.69728387473337,25669632
grouped_conv_forward_bf16_2d_64x128x64_compv5,38,4,256,2048,1,56,56,1,1,1,1,0,0,0.06163650006055832,213.40175595753732,25681896
grouped_conv_forward_bf16_2d_128x128x64_compv3,38,4,256,2048,1,56,56,1,1,1,1,0,0,0.068060502409935,193.2594805835575,25655936
grouped_conv_forward_bf16_2d_128x128x64_compv4,38,4,256,2048,1,56,56,1,1,1,1,0,0,0.14022520184516907,93.8015219156067,25671288
grouped_conv_forward_bf16_2d_128x128x64_compv5,38,4,256,2048,1,56,56,1,1,1,1,0,0,0.06756860017776489,194.66641767618606,25653456
grouped_conv_forward_bf16_2d_16x64x128_compv3,38,4,256,2048,1,56,56,1,1,1,1,0,0,0.09432479739189148,139.44728965970418,25679060
grouped_conv_forward_bf16_2d_16x64x128_compv4,38,4,256,2048,1,56,56,1,1,1,1,0,0,0.1225610002875328,107.32074079961625,25679364
grouped_conv_forward_bf16_2d_16x64x128_compv5,38,4,256,2048,1,56,56,1,1,1,1,0,0,0.09521250426769257,138.14716297156758,25678728
grouped_conv_forward_bf16_2d_32x64x128_compv3,38,4,256,2048,1,56,56,1,1,1,1,0,0,0.07324449717998505,179.58123613952955,25673184
grouped_conv_forward_bf16_2d_32x64x128_compv4,38,4,256,2048,1,56,56,1,1,1,1,0,0,0.10799280554056168,121.7982742291074,25676688
grouped_conv_forward_bf16_2d_32x64x128_compv5,38,4,256,2048,1,56,56,1,1,1,1,0,0,0.0731125995516777,179.90520682694248,25674116
grouped_conv_forward_bf16_2d_64x64x128_compv3,38,4,256,2048,1,56,56,1,1,1,1,0,0,0.07211260497570038,182.3999749895632,25675128
grouped_conv_forward_bf16_2d_64x64x128_compv4,38,4,256,2048,1,56,56,1,1,1,1,0,0,0.14038920402526855,93.69194330379236,25671080
grouped_conv_forward_bf16_2d_64x64x128_compv5,38,4,256,2048,1,56,56,1,1,1,1,0,0,0.0720406025648117,182.58227826685,25673416
grouped_conv_forward_bf16_2d_128x64x128_compv3,38,4,256,2048,1,56,56,1,1,1,1,0,0,0.07782860100269318,169.0039031222576,25639052
grouped_conv_forward_bf16_2d_128x64x128_compv4,38,4,256,2048,1,56,56,1,1,1,1,0,0,0.14119720458984375,93.15579144933096,25672344
grouped_conv_forward_bf16_2d_128x64x128_compv5,38,4,256,2048,1,56,56,1,1,1,1,0,0,0.07823659479618073,168.12256947361553,25640936
grouped_conv_forward_bf16_2d_16x64x64_compv3,39,1,64,256,1,4,4,1,1,1,1,0,0,0.0036880001425743103,0.14216051511159505,4096
grouped_conv_forward_bf16_2d_16x64x64_compv4,39,1,64,256,1,4,4,1,1,1,1,0,0,0.005191999953240156,0.10097997009279808,4096
grouped_conv_forward_bf16_2d_16x64x64_compv5,39,1,64,256,1,4,4,1,1,1,1,0,0,0.003567999927327037,0.14694170702878062,4096
grouped_conv_forward_bf16_2d_32x64x64_compv3,39,1,64,256,1,4,4,1,1,1,1,0,0,0.00504009984433651,0.10402333608314032,4096
grouped_conv_forward_bf16_2d_32x64x64_compv4,39,1,64,256,1,4,4,1,1,1,1,0,0,0.005063999909907579,0.10353238730795486,4096
grouped_conv_forward_bf16_2d_32x64x64_compv5,39,1,64,256,1,4,4,1,1,1,1,0,0,0.005452000070363283,0.09616434211914181,4096
grouped_conv_forward_bf16_2d_64x64x64_compv3,39,1,64,256,1,4,4,1,1,1,1,0,0,0.004623999819159508,0.11338408747933265,4096
grouped_conv_forward_bf16_2d_64x64x64_compv4,39,1,64,256,1,4,4,1,1,1,1,0,0,0.0076560997404158115,0.06847977661946256,4096
grouped_conv_forward_bf16_2d_64x64x64_compv5,39,1,64,256,1,4,4,1,1,1,1,0,0,0.00478809978812933,0.10949813562779462,4096
grouped_conv_forward_bf16_2d_32x128x64_compv3,39,1,64,256,1,4,4,1,1,1,1,0,0,0.005640000104904175,0.09295886351918921,4096
grouped_conv_forward_bf16_2d_32x128x64_compv4,39,1,64,256,1,4,4,1,1,1,1,0,0,0.005028099752962589,0.10427159876672815,4096
grouped_conv_forward_bf16_2d_32x128x64_compv5,39,1,64,256,1,4,4,1,1,1,1,0,0,0.0039761001244187355,0.13185985855339732,4096
grouped_conv_forward_bf16_2d_64x128x64_compv3,39,1,64,256,1,4,4,1,1,1,1,0,0,0.006136000156402588,0.08544458713106999,4096
grouped_conv_forward_bf16_2d_64x128x64_compv4,39,1,64,256,1,4,4,1,1,1,1,0,0,0.00681610032916069,0.07691905557155419,4096
grouped_conv_forward_bf16_2d_64x128x64_compv5,39,1,64,256,1,4,4,1,1,1,1,0,0,0.005800100043416023,0.09039292358330007,4096
grouped_conv_forward_bf16_2d_128x128x64_compv3,39,1,64,256,1,4,4,1,1,1,1,0,0,0.005512000061571598,0.09511756062109213,4096
grouped_conv_forward_bf16_2d_128x128x64_compv4,39,1,64,256,1,4,4,1,1,1,1,0,0,0.0071240998804569244,0.07359357796740679,4096
grouped_conv_forward_bf16_2d_128x128x64_compv5,39,1,64,256,1,4,4,1,1,1,1,0,0,0.005932000000029802,0.08838300741695314,4096
grouped_conv_forward_bf16_2d_16x64x128_compv3,39,1,64,256,1,4,4,1,1,1,1,0,0,0.0055240001529455185,0.09491093147787806,4096
grouped_conv_forward_bf16_2d_16x64x128_compv4,39,1,64,256,1,4,4,1,1,1,1,0,0,0.004440099932253361,0.11808022522004874,4096
grouped_conv_forward_bf16_2d_16x64x128_compv5,39,1,64,256,1,4,4,1,1,1,1,0,0,0.003900000127032399,0.1344328161340197,4096
grouped_conv_forward_bf16_2d_32x64x128_compv3,39,1,64,256,1,4,4,1,1,1,1,0,0,0.005300099961459637,0.09892039844765724,4096
grouped_conv_forward_bf16_2d_32x64x128_compv4,39,1,64,256,1,4,4,1,1,1,1,0,0,0.005468099843710661,0.09588120462047331,4096
grouped_conv_forward_bf16_2d_32x64x128_compv5,39,1,64,256,1,4,4,1,1,1,1,0,0,0.005668099969625473,0.09249801570360147,4096
grouped_conv_forward_bf16_2d_64x64x128_compv3,39,1,64,256,1,4,4,1,1,1,1,0,0,0.005123999901115894,0.10232006442580563,4096
grouped_conv_forward_bf16_2d_64x64x128_compv4,39,1,64,256,1,4,4,1,1,1,1,0,0,0.007207999937236309,0.07273695956787458,4096
grouped_conv_forward_bf16_2d_64x64x128_compv5,39,1,64,256,1,4,4,1,1,1,1,0,0,0.0051321000792086124,0.10215856898894439,4096
grouped_conv_forward_bf16_2d_128x64x128_compv3,39,1,64,256,1,4,4,1,1,1,1,0,0,0.007348000071942806,0.07135111525133377,4096
grouped_conv_forward_bf16_2d_128x64x128_compv4,39,1,64,256,1,4,4,1,1,1,1,0,0,0.006400000303983688,0.08191999610900898,4096
grouped_conv_forward_bf16_2d_128x64x128_compv5,39,1,64,256,1,4,4,1,1,1,1,0,0,0.007676000241190195,0.06830223860424306,4096
grouped_conv_forward_bf16_2d_16x64x64_compv3,40,1,256,1920,1,64,64,1,1,1,1,0,0,0.037856198847293854,106.36387071619147,7863360
grouped_conv_forward_bf16_2d_16x64x64_compv4,40,1,256,1920,1,64,64,1,1,1,1,0,0,0.04031229764223099,99.88346175986314,7861628
grouped_conv_forward_bf16_2d_16x64x64_compv5,40,1,256,1920,1,64,64,1,1,1,1,0,0,0.037856198847293854,106.36387071619147,7863592
grouped_conv_forward_bf16_2d_32x64x64_compv3,40,1,256,1920,1,64,64,1,1,1,1,0,0,0.03249629959464073,123.90739531045107,7860704
grouped_conv_forward_bf16_2d_32x64x64_compv4,40,1,256,1920,1,64,64,1,1,1,1,0,0,0.036368198692798615,110.71573475530167,7859232
grouped_conv_forward_bf16_2d_32x64x64_compv5,40,1,256,1920,1,64,64,1,1,1,1,0,0,0.031072299927473068,129.58589642216597,7861152
grouped_conv_forward_bf16_2d_64x64x64_compv3,40,1,256,1920,1,64,64,1,1,1,1,0,0,0.02862429991364479,140.66830812098257,7857928
grouped_conv_forward_bf16_2d_64x64x64_compv4,40,1,256,1920,1,64,64,1,1,1,1,0,0,0.04794029891490936,83.99054513921178,7858408
grouped_conv_forward_bf16_2d_64x64x64_compv5,40,1,256,1920,1,64,64,1,1,1,1,0,0,0.02836819924414158,141.93822474761186,7860448
grouped_conv_forward_bf16_2d_32x128x64_compv3,40,1,256,1920,1,64,64,1,1,1,1,0,0,0.02611609920859337,154.17814918834014,7862720
grouped_conv_forward_bf16_2d_32x128x64_compv4,40,1,256,1920,1,64,64,1,1,1,1,0,0,0.03570820018649101,112.76210559397788,7858748
grouped_conv_forward_bf16_2d_32x128x64_compv5,40,1,256,1920,1,64,64,1,1,1,1,0,0,0.02656419947743416,151.57738306476998,7862816
grouped_conv_forward_bf16_2d_64x128x64_compv3,40,1,256,1920,1,64,64,1,1,1,1,0,0,0.022284099832177162,180.69080063022707,7862776
grouped_conv_forward_bf16_2d_64x128x64_compv4,40,1,256,1920,1,64,64,1,1,1,1,0,0,0.047556400299072266,84.66855806322562,7858024
grouped_conv_forward_bf16_2d_64x128x64_compv5,40,1,256,1920,1,64,64,1,1,1,1,0,0,0.0232682004570961,173.04869998109498,7860772
grouped_conv_forward_bf16_2d_128x128x64_compv3,40,1,256,1920,1,64,64,1,1,1,1,0,0,0.022808101028203964,176.53954772564734,7851760
grouped_conv_forward_bf16_2d_128x128x64_compv4,40,1,256,1920,1,64,64,1,1,1,1,0,0,0.047212399542331696,85.28547328736641,7857920
grouped_conv_forward_bf16_2d_128x128x64_compv5,40,1,256,1920,1,64,64,1,1,1,1,0,0,0.022748200222849846,177.0044135603957,7849460
grouped_conv_forward_bf16_2d_16x64x128_compv3,40,1,256,1920,1,64,64,1,1,1,1,0,0,0.03244420140981674,124.10636307977302,7860724
grouped_conv_forward_bf16_2d_16x64x128_compv4,40,1,256,1920,1,64,64,1,1,1,1,0,0,0.04004029929637909,100.56198157250353,7861460
grouped_conv_forward_bf16_2d_16x64x128_compv5,40,1,256,1920,1,64,64,1,1,1,1,0,0,0.03186409920454025,126.36578282515099,7860912
grouped_conv_forward_bf16_2d_32x64x128_compv3,40,1,256,1920,1,64,64,1,1,1,1,0,0,0.025756100192666054,156.3331331171999,7858664
grouped_conv_forward_bf16_2d_32x64x128_compv4,40,1,256,1920,1,64,64,1,1,1,1,0,0,0.03563220053911209,113.00261502458237,7858968
grouped_conv_forward_bf16_2d_32x64x128_compv5,40,1,256,1920,1,64,64,1,1,1,1,0,0,0.025324199348688126,158.9993738620837,7860200
grouped_conv_forward_bf16_2d_64x64x128_compv3,40,1,256,1920,1,64,64,1,1,1,1,0,0,0.025692099705338478,156.722567878068,7859848
grouped_conv_forward_bf16_2d_64x64x128_compv4,40,1,256,1920,1,64,64,1,1,1,1,0,0,0.047164298593997955,85.37245247006406,7857248
grouped_conv_forward_bf16_2d_64x64x128_compv5,40,1,256,1920,1,64,64,1,1,1,1,0,0,0.02589620091021061,155.48735715949667,7859480
grouped_conv_forward_bf16_2d_128x64x128_compv3,40,1,256,1920,1,64,64,1,1,1,1,0,0,0.027444198727607727,146.7170486544202,7851608
grouped_conv_forward_bf16_2d_128x64x128_compv4,40,1,256,1920,1,64,64,1,1,1,1,0,0,0.0467802993953228,86.07323792379538,7858552
grouped_conv_forward_bf16_2d_128x64x128_compv5,40,1,256,1920,1,64,64,1,1,1,1,0,0,0.026548201218247414,151.6687253836406,7853672
grouped_conv_forward_bf16_2d_16x64x64_compv3,41,1,704,704,1,128,128,1,1,1,1,0,0,0.11290470510721207,143.8411718322854,11534336
grouped_conv_forward_bf16_2d_16x64x64_compv4,41,1,704,704,1,128,128,1,1,1,1,0,0,0.14185309410095215,114.48706981634312,11534200
grouped_conv_forward_bf16_2d_16x64x64_compv5,41,1,704,704,1,128,128,1,1,1,1,0,0,0.11226090043783188,144.6660860964109,11534336
grouped_conv_forward_bf16_2d_32x64x64_compv3,41,1,704,704,1,128,128,1,1,1,1,0,0,0.09366069734096527,173.39551753365822,11532512
grouped_conv_forward_bf16_2d_32x64x64_compv4,41,1,704,704,1,128,128,1,1,1,1,0,0,0.12056100368499756,134.70645226571654,11533986
grouped_conv_forward_bf16_2d_32x64x64_compv5,41,1,704,704,1,128,128,1,1,1,1,0,0,0.09304879605770111,174.53578956496213,11533616
grouped_conv_forward_bf16_2d_64x64x64_compv3,41,1,704,704,1,128,128,1,1,1,1,0,0,0.076180599629879,213.1821640536199,11531968
grouped_conv_forward_bf16_2d_64x64x64_compv4,41,1,704,704,1,128,128,1,1,1,1,0,0,0.15493729710578918,104.81882278423447,11530612
grouped_conv_forward_bf16_2d_64x64x64_compv5,41,1,704,704,1,128,128,1,1,1,1,0,0,0.07559660077095032,214.8290389035682,11531008
grouped_conv_forward_bf16_2d_32x128x64_compv3,41,1,704,704,1,128,128,1,1,1,1,0,0,0.07385259866714478,219.9021480773558,11533872
grouped_conv_forward_bf16_2d_32x128x64_compv4,41,1,704,704,1,128,128,1,1,1,1,0,0,0.1220489963889122,133.06414283202895,11533316
grouped_conv_forward_bf16_2d_32x128x64_compv5,41,1,704,704,1,128,128,1,1,1,1,0,0,0.0744566023349762,218.11826726843609,11533760
grouped_conv_forward_bf16_2d_64x128x64_compv3,41,1,704,704,1,128,128,1,1,1,1,0,0,0.06292449682950974,258.09256976662476,11533024
grouped_conv_forward_bf16_2d_64x128x64_compv4,41,1,704,704,1,128,128,1,1,1,1,0,0,0.15490129590034485,104.84318412964191,11530688
grouped_conv_forward_bf16_2d_64x128x64_compv5,41,1,704,704,1,128,128,1,1,1,1,0,0,0.06246449798345566,259.9932059375778,11533312
grouped_conv_forward_bf16_2d_128x128x64_compv3,41,1,704,704,1,128,128,1,1,1,1,0,0,0.05840050056576729,278.0857172570132,11525184
grouped_conv_forward_bf16_2d_128x128x64_compv4,41,1,704,704,1,128,128,1,1,1,1,0,0,0.15496531128883362,104.79987393907965,11530624
grouped_conv_forward_bf16_2d_128x128x64_compv5,41,1,704,704,1,128,128,1,1,1,1,0,0,0.05846049636602402,277.80032838445993,11527272
grouped_conv_forward_bf16_2d_16x64x128_compv3,41,1,704,704,1,128,128,1,1,1,1,0,0,0.11525700241327286,140.90549596082312,11534268
grouped_conv_forward_bf16_2d_16x64x128_compv4,41,1,704,704,1,128,128,1,1,1,1,0,0,0.14278919994831085,113.73650874070968,11534112
grouped_conv_forward_bf16_2d_16x64x128_compv5,41,1,704,704,1,128,128,1,1,1,1,0,0,0.11334860324859619,143.27785806395576,11534296
grouped_conv_forward_bf16_2d_32x64x128_compv3,41,1,704,704,1,128,128,1,1,1,1,0,0,0.08734060078859329,185.94267661736754,11533812
grouped_conv_forward_bf16_2d_32x64x128_compv4,41,1,704,704,1,128,128,1,1,1,1,0,0,0.12153290212154388,133.62920496836475,11532498
grouped_conv_forward_bf16_2d_32x64x128_compv5,41,1,704,704,1,128,128,1,1,1,1,0,0,0.08728469908237457,186.06176407474626,11533048
grouped_conv_forward_bf16_2d_64x64x128_compv3,41,1,704,704,1,128,128,1,1,1,1,0,0,0.08017659932374954,202.55717035867545,11531808
grouped_conv_forward_bf16_2d_64x64x128_compv4,41,1,704,704,1,128,128,1,1,1,1,0,0,0.15506930649280548,104.72959127313489,11530800
grouped_conv_forward_bf16_2d_64x64x128_compv5,41,1,704,704,1,128,128,1,1,1,1,0,0,0.0807207003235817,201.1918259244284,11532248
grouped_conv_forward_bf16_2d_128x64x128_compv3,41,1,704,704,1,128,128,1,1,1,1,0,0,0.08212469518184662,197.75227234681867,11528392
grouped_conv_forward_bf16_2d_128x64x128_compv4,41,1,704,704,1,128,128,1,1,1,1,0,0,0.15536129474639893,104.53276097183421,11530484
grouped_conv_forward_bf16_2d_128x64x128_compv5,41,1,704,704,1,128,128,1,1,1,1,0,0,0.08086469769477844,200.8335596492147,11528672
grouped_conv_forward_bf16_2d_16x64x64_compv3,42,1,192,432,1,128,128,1,1,2,2,0,0,0.010727999731898308,63.33680695196729,1765640
grouped_conv_forward_bf16_2d_16x64x64_compv4,42,1,192,432,1,128,128,1,1,2,2,0,0,0.011855999939143658,57.31083430227123,1768924
grouped_conv_forward_bf16_2d_16x64x64_compv5,42,1,192,432,1,128,128,1,1,2,2,0,0,0.010724099352955818,63.35984269044653,1765400
grouped_conv_forward_bf16_2d_32x64x64_compv3,42,1,192,432,1,128,128,1,1,2,2,0,0,0.009731999598443508,69.81887341103801,1768448
grouped_conv_forward_bf16_2d_32x64x64_compv4,42,1,192,432,1,128,128,1,1,2,2,0,0,0.011664099991321564,58.25372283378496,1768940
grouped_conv_forward_bf16_2d_32x64x64_compv5,42,1,192,432,1,128,128,1,1,2,2,0,0,0.00976799987256527,69.56155373306284,1769120
grouped_conv_forward_bf16_2d_64x64x64_compv3,42,1,192,432,1,128,128,1,1,2,2,0,0,0.010208100080490112,66.5625574438311,1766400
grouped_conv_forward_bf16_2d_64x64x64_compv4,42,1,192,432,1,128,128,1,1,2,2,0,0,0.014204099774360657,47.836699177972655,1768700
grouped_conv_forward_bf16_2d_64x64x64_compv5,42,1,192,432,1,128,128,1,1,2,2,0,0,0.009660100564360619,70.33852737587657,1765888
grouped_conv_forward_bf16_2d_32x128x64_compv3,42,1,192,432,1,128,128,1,1,2,2,0,0,0.00861200038343668,78.89888733711943,1768560
grouped_conv_forward_bf16_2d_32x128x64_compv4,42,1,192,432,1,128,128,1,1,2,2,0,0,0.011400099843740463,59.60274535429491,1768618
grouped_conv_forward_bf16_2d_32x128x64_compv5,42,1,192,432,1,128,128,1,1,2,2,0,0,0.008275999687612057,82.10213553017367,1768192
grouped_conv_forward_bf16_2d_64x128x64_compv3,42,1,192,432,1,128,128,1,1,2,2,0,0,0.008404100313782692,80.85068271801325,1767488
grouped_conv_forward_bf16_2d_64x128x64_compv4,42,1,192,432,1,128,128,1,1,2,2,0,0,0.013288100250065327,51.13426563715604,1768832
grouped_conv_forward_bf16_2d_64x128x64_compv5,42,1,192,432,1,128,128,1,1,2,2,0,0,0.008492100052535534,80.01286416745934,1767408
grouped_conv_forward_bf16_2d_128x128x64_compv3,42,1,192,432,1,128,128,1,1,2,2,0,0,0.009651999920606613,70.39756046302328,1769472
grouped_conv_forward_bf16_2d_128x128x64_compv4,42,1,192,432,1,128,128,1,1,2,2,0,0,0.01350020058453083,50.33090017777789,1767646
grouped_conv_forward_bf16_2d_128x128x64_compv5,42,1,192,432,1,128,128,1,1,2,2,0,0,0.009495999664068222,71.5540513939848,1756992
grouped_conv_forward_bf16_2d_16x64x128_compv3,42,1,192,432,1,128,128,1,1,2,2,0,0,0.010260099545121193,66.22521009780066,1768252
grouped_conv_forward_bf16_2d_16x64x128_compv4,42,1,192,432,1,128,128,1,1,2,2,0,0,0.011960099451243877,56.812006519672615,1769166
grouped_conv_forward_bf16_2d_16x64x128_compv5,42,1,192,432,1,128,128,1,1,2,2,0,0,0.010211999528110027,66.53714055995,1768792
grouped_conv_forward_bf16_2d_32x64x128_compv3,42,1,192,432,1,128,128,1,1,2,2,0,0,0.009855999611318111,68.94047025120862,1768640
grouped_conv_forward_bf16_2d_32x64x128_compv4,42,1,192,432,1,128,128,1,1,2,2,0,0,0.011440100148320198,59.394344384281524,1768896
grouped_conv_forward_bf16_2d_32x64x128_compv5,42,1,192,432,1,128,128,1,1,2,2,0,0,0.009399999864399433,72.28481465977254,1769136
grouped_conv_forward_bf16_2d_64x64x128_compv3,42,1,192,432,1,128,128,1,1,2,2,0,0,0.009524100460112095,71.34293163388186,1768800
grouped_conv_forward_bf16_2d_64x64x128_compv4,42,1,192,432,1,128,128,1,1,2,2,0,0,0.013256100006401539,51.25770382479551,1768704
grouped_conv_forward_bf16_2d_64x64x128_compv5,42,1,192,432,1,128,128,1,1,2,2,0,0,0.00861200038343668,78.89888733711943,1768592
grouped_conv_forward_bf16_2d_128x64x128_compv3,42,1,192,432,1,128,128,1,1,2,2,0,0,0.009068000130355358,74.93132313986553,1767216
grouped_conv_forward_bf16_2d_128x64x128_compv4,42,1,192,432,1,128,128,1,1,2,2,0,0,0.01326810009777546,51.211344728543445,1768576
grouped_conv_forward_bf16_2d_128x64x128_compv5,42,1,192,432,1,128,128,1,1,2,2,0,0,0.008112000301480293,83.76198505268889,1767442
grouped_conv_forward_bf16_2d_16x64x64_compv3,43,1,256,96,1,128,128,1,1,1,1,0,0,0.013155999593436718,61.21210040183889,1571744
grouped_conv_forward_bf16_2d_16x64x64_compv4,43,1,256,96,1,128,128,1,1,1,1,0,0,0.012955999001860619,62.157026091492405,1571456
grouped_conv_forward_bf16_2d_16x64x64_compv5,43,1,256,96,1,128,128,1,1,1,1,0,0,0.013232099823653698,60.860058398322735,1572328
grouped_conv_forward_bf16_2d_32x64x64_compv3,43,1,256,96,1,128,128,1,1,1,1,0,0,0.011435999535024166,70.41853801529543,1568160
grouped_conv_forward_bf16_2d_32x64x64_compv4,43,1,256,96,1,128,128,1,1,1,1,0,0,0.011752000078558922,68.52504787412748,1569696
grouped_conv_forward_bf16_2d_32x64x64_compv5,43,1,256,96,1,128,128,1,1,1,1,0,0,0.011191999539732933,71.95375278037373,1569408
grouped_conv_forward_bf16_2d_64x64x64_compv3,43,1,256,96,1,128,128,1,1,1,1,0,0,0.010824100114405155,74.3993828113494,1569152
grouped_conv_forward_bf16_2d_64x64x64_compv4,43,1,256,96,1,128,128,1,1,1,1,0,0,0.013252099975943565,60.76820801698345,1570048
grouped_conv_forward_bf16_2d_64x64x64_compv5,43,1,256,96,1,128,128,1,1,1,1,0,0,0.010848099365830421,74.23478904853798,1570304
grouped_conv_forward_bf16_2d_32x128x64_compv3,43,1,256,96,1,128,128,1,1,1,1,0,0,0.008899999782443047,90.4838637848757,1572168
grouped_conv_forward_bf16_2d_32x128x64_compv4,43,1,256,96,1,128,128,1,1,1,1,0,0,0.011588100343942642,69.49425221545924,1570648
grouped_conv_forward_bf16_2d_32x128x64_compv5,43,1,256,96,1,128,128,1,1,1,1,0,0,0.00916799996048212,87.83882760375263,1572148
grouped_conv_forward_bf16_2d_64x128x64_compv3,43,1,256,96,1,128,128,1,1,1,1,0,0,0.0092441001906991,87.11571179315587,1570808
grouped_conv_forward_bf16_2d_64x128x64_compv4,43,1,256,96,1,128,128,1,1,1,1,0,0,0.01334409974515438,60.34924673674067,1569024
grouped_conv_forward_bf16_2d_64x128x64_compv5,43,1,256,96,1,128,128,1,1,1,1,0,0,0.009623999707400799,83.67689032458347,1570784
grouped_conv_forward_bf16_2d_128x128x64_compv3,43,1,256,96,1,128,128,1,1,1,1,0,0,0.009852000512182713,81.7403903911881,1564992
grouped_conv_forward_bf16_2d_128x128x64_compv4,43,1,256,96,1,128,128,1,1,1,1,0,0,0.013360199518501759,60.27652258372177,1571072
grouped_conv_forward_bf16_2d_128x128x64_compv5,43,1,256,96,1,128,128,1,1,1,1,0,0,0.009935999289155006,81.04935845546807,1568896
grouped_conv_forward_bf16_2d_16x64x128_compv3,43,1,256,96,1,128,128,1,1,1,1,0,0,0.01091609988361597,73.77235245059349,1571088
grouped_conv_forward_bf16_2d_16x64x128_compv4,43,1,256,96,1,128,128,1,1,1,1,0,0,0.013320100493729115,60.457979906317156,1571144
grouped_conv_forward_bf16_2d_16x64x128_compv5,43,1,256,96,1,128,128,1,1,1,1,0,0,0.010755999945104122,74.87043251302326,1571160
grouped_conv_forward_bf16_2d_32x64x128_compv3,43,1,256,96,1,128,128,1,1,1,1,0,0,0.009483999572694302,84.91210504886402,1571648
grouped_conv_forward_bf16_2d_32x64x128_compv4,43,1,256,96,1,128,128,1,1,1,1,0,0,0.011456100270152092,70.29498249925048,1570032
grouped_conv_forward_bf16_2d_32x64x128_compv5,43,1,256,96,1,128,128,1,1,1,1,0,0,0.009424000047147274,85.45271264549422,1567856
grouped_conv_forward_bf16_2d_64x64x128_compv3,43,1,256,96,1,128,128,1,1,1,1,0,0,0.00923210009932518,87.22894675490616,1570132
grouped_conv_forward_bf16_2d_64x64x128_compv4,43,1,256,96,1,128,128,1,1,1,1,0,0,0.013248099014163017,60.786560180375986,1570304
grouped_conv_forward_bf16_2d_64x64x128_compv5,43,1,256,96,1,128,128,1,1,1,1,0,0,0.00858409982174635,93.81372359625804,1569664
grouped_conv_forward_bf16_2d_128x64x128_compv3,43,1,256,96,1,128,128,1,1,1,1,0,0,0.00812000036239624,99.17565665752646,1570304
grouped_conv_forward_bf16_2d_128x64x128_compv4,43,1,256,96,1,128,128,1,1,1,1,0,0,0.013236199505627155,60.84120805656012,1570552
grouped_conv_forward_bf16_2d_128x64x128_compv5,43,1,256,96,1,128,128,1,1,1,1,0,0,0.008063999935984612,99.86438174514598,1568320
grouped_conv_forward_bf16_2d_16x64x64_compv3,44,1,277,1920,1,64,64,1,1,1,1,0,0,0.04393230006098747,99.17152696197967,7863908
grouped_conv_forward_bf16_2d_16x64x64_compv4,44,1,277,1920,1,64,64,1,1,1,1,0,0,0.05215639993548393,83.53401088628215,7863488
grouped_conv_forward_bf16_2d_16x64x64_compv5,44,1,277,1920,1,64,64,1,1,1,1,0,0,0.04392030090093613,99.1986209253666,7864030
grouped_conv_forward_bf16_2d_32x64x64_compv3,44,1,277,1920,1,64,64,1,1,1,1,0,0,0.036120302975177765,120.62006464879488,7860320
grouped_conv_forward_bf16_2d_32x64x64_compv4,44,1,277,1920,1,64,64,1,1,1,1,0,0,0.04431629925966263,98.31220911457416,7858720
grouped_conv_forward_bf16_2d_32x64x64_compv5,44,1,277,1920,1,64,64,1,1,1,1,0,0,0.03584029898047447,121.56241448693189,7859152
grouped_conv_forward_bf16_2d_64x64x64_compv3,44,1,277,1920,1,64,64,1,1,1,1,0,0,0.03240019828081131,134.46934004043706,7862307
grouped_conv_forward_bf16_2d_64x64x64_compv4,44,1,277,1920,1,64,64,1,1,1,1,0,0,0.05720850080251694,76.15709586656949,7862556
grouped_conv_forward_bf16_2d_64x64x64_compv5,44,1,277,1920,1,64,64,1,1,1,1,0,0,0.03237219899892807,134.5856449277439,7863444
grouped_conv_forward_bf16_2d_32x128x64_compv3,44,1,277,1920,1,64,64,1,1,1,1,0,0,0.0287283007055521,151.65649109061255,7863575
grouped_conv_forward_bf16_2d_32x128x64_compv4,44,1,277,1920,1,64,64,1,1,1,1,0,0,0.04406829923391342,98.86547372463909,7860332
grouped_conv_forward_bf16_2d_32x128x64_compv5,44,1,277,1920,1,64,64,1,1,1,1,0,0,0.028704199939966202,151.78382568098604,7863160
grouped_conv_forward_bf16_2d_64x128x64_compv3,44,1,277,1920,1,64,64,1,1,1,1,0,0,0.02483620122075081,175.42269211282752,7863240
grouped_conv_forward_bf16_2d_64x128x64_compv4,44,1,277,1920,1,64,64,1,1,1,1,0,0,0.05767250061035156,75.5443796244548,7862740
grouped_conv_forward_bf16_2d_64x128x64_compv5,44,1,277,1920,1,64,64,1,1,1,1,0,0,0.02493620105087757,174.71920727261988,7863023
grouped_conv_forward_bf16_2d_128x128x64_compv3,44,1,277,1920,1,64,64,1,1,1,1,0,0,0.02377619966864586,183.24346786780401,7860444
grouped_conv_forward_bf16_2d_128x128x64_compv4,44,1,277,1920,1,64,64,1,1,1,1,0,0,0.057064495980739594,76.3492817227461,7862260
grouped_conv_forward_bf16_2d_128x128x64_compv5,44,1,277,1920,1,64,64,1,1,1,1,0,0,0.023740200325846672,183.5213359702186,7858878
grouped_conv_forward_bf16_2d_16x64x128_compv3,44,1,277,1920,1,64,64,1,1,1,1,0,0,0.046396397054195404,93.9045606259211,7862840
grouped_conv_forward_bf16_2d_16x64x128_compv4,44,1,277,1920,1,64,64,1,1,1,1,0,0,0.052896399050951004,82.36540403824843,7863348
grouped_conv_forward_bf16_2d_16x64x128_compv5,44,1,277,1920,1,64,64,1,1,1,1,0,0,0.04612419754266739,94.45873342229298,7862804
grouped_conv_forward_bf16_2d_32x64x128_compv3,44,1,277,1920,1,64,64,1,1,1,1,0,0,0.03731619939208031,116.75447529430501,7861906
grouped_conv_forward_bf16_2d_32x64x128_compv4,44,1,277,1920,1,64,64,1,1,1,1,0,0,0.0441162995994091,98.7579039847294,7858596
grouped_conv_forward_bf16_2d_32x64x128_compv5,44,1,277,1920,1,64,64,1,1,1,1,0,0,0.03660830110311508,119.012167970539,7859156
grouped_conv_forward_bf16_2d_64x64x128_compv3,44,1,277,1920,1,64,64,1,1,1,1,0,0,0.03634820133447647,119.86379298134676,7862020
grouped_conv_forward_bf16_2d_64x64x128_compv4,44,1,277,1920,1,64,64,1,1,1,1,0,0,0.05748850107192993,75.7861693862692,7862500
grouped_conv_forward_bf16_2d_64x64x128_compv5,44,1,277,1920,1,64,64,1,1,1,1,0,0,0.03624819964170456,120.1944737411825,7862846
grouped_conv_forward_bf16_2d_128x64x128_compv3,44,1,277,1920,1,64,64,1,1,1,1,0,0,0.03568829968571663,122.08015843757657,7859138
grouped_conv_forward_bf16_2d_128x64x128_compv4,44,1,277,1920,1,64,64,1,1,1,1,0,0,0.05710039660334587,76.30127878559614,7862648
grouped_conv_forward_bf16_2d_128x64x128_compv5,44,1,277,1920,1,64,64,1,1,1,1,0,0,0.03606029972434044,120.82077279738108,7857572
grouped_conv_forward_bf16_2d_16x64x64_compv3,46,4,3,320,1,256,256,16,16,16,16,0,0,0.0467521995306015,10.76562140505402,327680
grouped_conv_forward_bf16_2d_16x64x64_compv4,46,4,3,320,1,256,256,16,16,16,16,0,0,0.0394602008163929,12.755041018212657,327680
grouped_conv_forward_bf16_2d_16x64x64_compv5,46,4,3,320,1,256,256,16,16,16,16,0,0,0.04684830084443092,10.743537565457544,327280
grouped_conv_forward_bf16_2d_32x64x64_compv3,46,4,3,320,1,256,256,16,16,16,16,0,0,0.055252302438020706,9.10942092530163,327680
grouped_conv_forward_bf16_2d_32x64x64_compv4,46,4,3,320,1,256,256,16,16,16,16,0,0,0.041592299938201904,12.101193748550351,327680
grouped_conv_forward_bf16_2d_32x64x64_compv5,46,4,3,320,1,256,256,16,16,16,16,0,0,0.05445630103349686,9.24257561471909,327680
grouped_conv_forward_bf16_2d_64x64x64_compv3,46,4,3,320,1,256,256,16,16,16,16,0,0,0.06542439758777618,7.693100717125121,326144
grouped_conv_forward_bf16_2d_64x64x64_compv4,46,4,3,320,1,256,256,16,16,16,16,0,0,0.061540402472019196,8.178634844464087,326880
grouped_conv_forward_bf16_2d_64x64x64_compv5,46,4,3,320,1,256,256,16,16,16,16,0,0,0.06624050438404083,7.598318954244903,326016
grouped_conv_forward_bf16_2d_32x128x64_compv3,46,4,3,320,1,256,256,16,16,16,16,0,0,0.06576840579509735,7.652861186389275,327104
grouped_conv_forward_bf16_2d_32x128x64_compv4,46,4,3,320,1,256,256,16,16,16,16,0,0,0.0415802001953125,12.104715168176147,327424
grouped_conv_forward_bf16_2d_32x128x64_compv5,46,4,3,320,1,256,256,16,16,16,16,0,0,0.06517250090837479,7.722835137285991,327104
grouped_conv_forward_bf16_2d_64x128x64_compv3,46,4,3,320,1,256,256,16,16,16,16,0,0,0.07824860513210297,6.432274149172084,327680
grouped_conv_forward_bf16_2d_64x128x64_compv4,46,4,3,320,1,256,256,16,16,16,16,0,0,0.06214050203561783,8.099652618054291,327680
grouped_conv_forward_bf16_2d_64x128x64_compv5,46,4,3,320,1,256,256,16,16,16,16,0,0,0.0790925994515419,6.363635580195713,327680
grouped_conv_forward_bf16_2d_128x128x64_compv3,46,4,3,320,1,256,256,16,16,16,16,0,0,0.08391670137643814,5.99781058769452,327680
grouped_conv_forward_bf16_2d_128x128x64_compv4,46,4,3,320,1,256,256,16,16,16,16,0,0,0.06232849881052971,8.07522224352001,326942
grouped_conv_forward_bf16_2d_128x128x64_compv5,46,4,3,320,1,256,256,16,16,16,16,0,0,0.08310459554195404,6.0564217504182265,327680
grouped_conv_forward_bf16_2d_16x64x128_compv3,46,4,3,320,1,256,256,16,16,16,16,0,0,0.03673630207777023,13.700793262601286,327680
grouped_conv_forward_bf16_2d_16x64x128_compv4,46,4,3,320,1,256,256,16,16,16,16,0,0,0.03987229987978935,12.623211641100324,327680
grouped_conv_forward_bf16_2d_16x64x128_compv5,46,4,3,320,1,256,256,16,16,16,16,0,0,0.03624410182237625,13.886852058484846,327680
grouped_conv_forward_bf16_2d_32x64x128_compv3,46,4,3,320,1,256,256,16,16,16,16,0,0,0.03818419948220253,13.181276203907151,327424
grouped_conv_forward_bf16_2d_32x64x128_compv4,46,4,3,320,1,256,256,16,16,16,16,0,0,0.04172419756650925,12.062939717359525,327536
grouped_conv_forward_bf16_2d_32x64x128_compv5,46,4,3,320,1,256,256,16,16,16,16,0,0,0.038484200835227966,13.078522330630555,327236
grouped_conv_forward_bf16_2d_64x64x128_compv3,46,4,3,320,1,256,256,16,16,16,16,0,0,0.05195639654994011,9.687286136485925,327680
grouped_conv_forward_bf16_2d_64x64x128_compv4,46,4,3,320,1,256,256,16,16,16,16,0,0,0.06226839870214462,8.083016272950424,327680
grouped_conv_forward_bf16_2d_64x64x128_compv5,46,4,3,320,1,256,256,16,16,16,16,0,0,0.05086429789662361,9.895280202686338,327680
grouped_conv_forward_bf16_2d_128x64x128_compv3,46,4,3,320,1,256,256,16,16,16,16,0,0,0.053904302418231964,9.33722277110415,327680
grouped_conv_forward_bf16_2d_128x64x128_compv4,46,4,3,320,1,256,256,16,16,16,16,0,0,0.06147639825940132,8.187149772116488,327680
grouped_conv_forward_bf16_2d_128x64x128_compv5,46,4,3,320,1,256,256,16,16,16,16,0,0,0.05422840267419815,9.28141813477161,327680
grouped_conv_forward_bf16_2d_16x64x64_compv3,47,1,320,512,1,256,256,1,1,1,1,0,0,0.1789133995771408,120.02922380747032,33553592
grouped_conv_forward_bf16_2d_16x64x64_compv4,47,1,320,512,1,256,256,1,1,1,1,0,0,0.22066979110240936,97.3166121774859,33552324
grouped_conv_forward_bf16_2d_16x64x64_compv5,47,1,320,512,1,256,256,1,1,1,1,0,0,0.17844949662685394,120.34125557050388,33553584
grouped_conv_forward_bf16_2d_32x64x64_compv3,47,1,320,512,1,256,256,1,1,1,1,0,0,0.13620510697364807,157.665427950178,33546880
grouped_conv_forward_bf16_2d_32x64x64_compv4,47,1,320,512,1,256,256,1,1,1,1,0,0,0.1792134940624237,119.82823387462038,33549778
grouped_conv_forward_bf16_2d_32x64x64_compv5,47,1,320,512,1,256,256,1,1,1,1,0,0,0.13620920479297638,157.66068462582604,33547328
grouped_conv_forward_bf16_2d_64x64x64_compv3,47,1,320,512,1,256,256,1,1,1,1,0,0,0.11405700445175171,188.28161043878956,33546752
grouped_conv_forward_bf16_2d_64x64x64_compv4,47,1,320,512,1,256,256,1,1,1,1,0,0,0.22408199310302734,95.83472630987535,33539136
grouped_conv_forward_bf16_2d_64x64x64_compv5,47,1,320,512,1,256,256,1,1,1,1,0,0,0.1140810027718544,188.24200312252324,33546496
grouped_conv_forward_bf16_2d_32x128x64_compv3,47,1,320,512,1,256,256,1,1,1,1,0,0,0.10208090394735336,210.37075152738961,33551608
grouped_conv_forward_bf16_2d_32x128x64_compv4,47,1,320,512,1,256,256,1,1,1,1,0,0,0.18020960688591003,119.16588050489246,33550240
grouped_conv_forward_bf16_2d_32x128x64_compv5,47,1,320,512,1,256,256,1,1,1,1,0,0,0.10145290195941925,211.67296415621357,33550984
grouped_conv_forward_bf16_2d_64x128x64_compv3,47,1,320,512,1,256,256,1,1,1,1,0,0,0.08835279941558838,243.05779355092085,33547600
grouped_conv_forward_bf16_2d_64x128x64_compv4,47,1,320,512,1,256,256,1,1,1,1,0,0,0.22506198287010193,95.41743214976712,33535552
grouped_conv_forward_bf16_2d_64x128x64_compv5,47,1,320,512,1,256,256,1,1,1,1,0,0,0.08849669992923737,242.6625681767958,33549504
grouped_conv_forward_bf16_2d_128x128x64_compv3,47,1,320,512,1,256,256,1,1,1,1,0,0,0.09029679745435715,237.82500692624245,33518328
grouped_conv_forward_bf16_2d_128x128x64_compv4,47,1,320,512,1,256,256,1,1,1,1,0,0,0.22607800364494324,94.98861514066778,33536064
grouped_conv_forward_bf16_2d_128x128x64_compv5,47,1,320,512,1,256,256,1,1,1,1,0,0,0.09025679528713226,237.93041190618948,33507088
grouped_conv_forward_bf16_2d_16x64x128_compv3,47,1,320,512,1,256,256,1,1,1,1,0,0,0.18812160193920135,114.15401665004113,33552232
grouped_conv_forward_bf16_2d_16x64x128_compv4,47,1,320,512,1,256,256,1,1,1,1,0,0,0.21838191151618958,98.33615032904399,33552284
grouped_conv_forward_bf16_2d_16x64x128_compv5,47,1,320,512,1,256,256,1,1,1,1,0,0,0.19508960843086243,110.07678293439417,33552366
grouped_conv_forward_bf16_2d_32x64x128_compv3,47,1,320,512,1,256,256,1,1,1,1,0,0,0.14395710825920105,149.1752421237416,33548660
grouped_conv_forward_bf16_2d_32x64x128_compv4,47,1,320,512,1,256,256,1,1,1,1,0,0,0.1795935034751892,119.57468429790246,33550336
grouped_conv_forward_bf16_2d_32x64x128_compv5,47,1,320,512,1,256,256,1,1,1,1,0,0,0.14418120682239532,148.94338141067885,33544968
grouped_conv_forward_bf16_2d_64x64x128_compv3,47,1,320,512,1,256,256,1,1,1,1,0,0,0.13202109932899475,162.66215467941987,33543360
grouped_conv_forward_bf16_2d_64x64x128_compv4,47,1,320,512,1,256,256,1,1,1,1,0,0,0.2244458943605423,95.67934642414777,33540736
grouped_conv_forward_bf16_2d_64x64x128_compv5,47,1,320,512,1,256,256,1,1,1,1,0,0,0.13192109763622284,162.78545937525195,33542176
grouped_conv_forward_bf16_2d_128x64x128_compv3,47,1,320,512,1,256,256,1,1,1,1,0,0,0.1412011981010437,152.08678657692826,33520422
grouped_conv_forward_bf16_2d_128x64x128_compv4,47,1,320,512,1,256,256,1,1,1,1,0,0,0.22405000030994415,95.84841084709817,33537344
grouped_conv_forward_bf16_2d_128x64x128_compv5,47,1,320,512,1,256,256,1,1,1,1,0,0,0.13970120251178741,153.7197682903842,33523326
grouped_conv_forward_bf16_2d_16x64x64_compv3,48,4,768,2048,1,7,7,1,1,1,1,0,0,0.012008000165224075,51.345992631279636,401408
grouped_conv_forward_bf16_2d_16x64x64_compv4,48,4,768,2048,1,7,7,1,1,1,1,0,0,0.011192100122570992,55.08909688509527,401408
grouped_conv_forward_bf16_2d_16x64x64_compv5,48,4,768,2048,1,7,7,1,1,1,1,0,0,0.012083999812602997,51.02306335332416,401408
grouped_conv_forward_bf16_2d_32x64x64_compv3,48,4,768,2048,1,7,7,1,1,1,1,0,0,0.01309600006788969,47.08022944439048,400384
grouped_conv_forward_bf16_2d_32x64x64_compv4,48,4,768,2048,1,7,7,1,1,1,1,0,0,0.01100810058414936,56.009906821508594,401408
grouped_conv_forward_bf16_2d_32x64x64_compv5,48,4,768,2048,1,7,7,1,1,1,1,0,0,0.013051999732851982,47.238944270593805,401408
grouped_conv_forward_bf16_2d_64x64x64_compv3,48,4,768,2048,1,7,7,1,1,1,1,0,0,0.01610809937119484,38.27656347232142,400784
grouped_conv_forward_bf16_2d_64x64x64_compv4,48,4,768,2048,1,7,7,1,1,1,1,0,0,0.01568019948899746,39.32109973681342,401408
grouped_conv_forward_bf16_2d_64x64x64_compv5,48,4,768,2048,1,7,7,1,1,1,1,0,0,0.01618410088121891,38.09681443072934,400784
grouped_conv_forward_bf16_2d_32x128x64_compv3,48,4,768,2048,1,7,7,1,1,1,1,0,0,0.015556099824607372,39.63478602938071,401408
grouped_conv_forward_bf16_2d_32x128x64_compv4,48,4,768,2048,1,7,7,1,1,1,1,0,0,0.011423999443650246,53.97082615779551,401152
grouped_conv_forward_bf16_2d_32x128x64_compv5,48,4,768,2048,1,7,7,1,1,1,1,0,0,0.015412099659442902,40.005106482829916,400384
grouped_conv_forward_bf16_2d_64x128x64_compv3,48,4,768,2048,1,7,7,1,1,1,1,0,0,0.0180721003562212,34.11682515296305,401408
grouped_conv_forward_bf16_2d_64x128x64_compv4,48,4,768,2048,1,7,7,1,1,1,1,0,0,0.01563210040330887,39.442088528902445,401408
grouped_conv_forward_bf16_2d_64x128x64_compv5,48,4,768,2048,1,7,7,1,1,1,1,0,0,0.018608100712299347,33.134100977456136,400128
grouped_conv_forward_bf16_2d_128x128x64_compv3,48,4,768,2048,1,7,7,1,1,1,1,0,0,0.018752099946141243,32.87966093242131,401408
grouped_conv_forward_bf16_2d_128x128x64_compv4,48,4,768,2048,1,7,7,1,1,1,1,0,0,0.015632200986146927,39.44183474524097,401120
grouped_conv_forward_bf16_2d_128x128x64_compv5,48,4,768,2048,1,7,7,1,1,1,1,0,0,0.018764199689030647,32.85845909860126,401408
grouped_conv_forward_bf16_2d_16x64x128_compv3,48,4,768,2048,1,7,7,1,1,1,1,0,0,0.010215999558568,60.35265413484659,401408
grouped_conv_forward_bf16_2d_16x64x128_compv4,48,4,768,2048,1,7,7,1,1,1,1,0,0,0.010688100010156631,57.686837456058235,401408
grouped_conv_forward_bf16_2d_16x64x128_compv5,48,4,768,2048,1,7,7,1,1,1,1,0,0,0.010103999637067318,61.021645897342594,401408
grouped_conv_forward_bf16_2d_32x64x128_compv3,48,4,768,2048,1,7,7,1,1,1,1,0,0,0.010623999871313572,58.034892269230326,401408
grouped_conv_forward_bf16_2d_32x64x128_compv4,48,4,768,2048,1,7,7,1,1,1,1,0,0,0.010927999392151833,56.42045408995879,401280
grouped_conv_forward_bf16_2d_32x64x128_compv5,48,4,768,2048,1,7,7,1,1,1,1,0,0,0.010276099666953087,59.99967964331878,401408
grouped_conv_forward_bf16_2d_64x64x128_compv3,48,4,768,2048,1,7,7,1,1,1,1,0,0,0.013300100341439247,46.357747097513986,401408
grouped_conv_forward_bf16_2d_64x64x128_compv4,48,4,768,2048,1,7,7,1,1,1,1,0,0,0.015660099685192108,39.37156853369267,401120
grouped_conv_forward_bf16_2d_64x64x128_compv5,48,4,768,2048,1,7,7,1,1,1,1,0,0,0.013288100250065327,46.399611411493446,401408
grouped_conv_forward_bf16_2d_128x64x128_compv3,48,4,768,2048,1,7,7,1,1,1,1,0,0,0.01375609915703535,44.821041267696025,399360
grouped_conv_forward_bf16_2d_128x64x128_compv4,48,4,768,2048,1,7,7,1,1,1,1,0,0,0.015636200085282326,39.43174714042855,401408
grouped_conv_forward_bf16_2d_128x64x128_compv5,48,4,768,2048,1,7,7,1,1,1,1,0,0,0.013644101098179817,45.1889562795934,401408
grouped_conv_forward_bf16_2d_16x64x64_compv3,49,4,32,192,1,112,112,4,4,4,4,0,0,0.01107999961823225,55.64645390289002,602024
grouped_conv_forward_bf16_2d_16x64x64_compv4,49,4,32,192,1,112,112,4,4,4,4,0,0,0.010392100550234318,59.32993864133637,601920
grouped_conv_forward_bf16_2d_16x64x64_compv5,49,4,32,192,1,112,112,4,4,4,4,0,0,0.011107999831438065,55.50618449371893,602112
grouped_conv_forward_bf16_2d_32x64x64_compv3,49,4,32,192,1,112,112,4,4,4,4,0,0,0.011736100539565086,52.53556630001812,601088
grouped_conv_forward_bf16_2d_32x64x64_compv4,49,4,32,192,1,112,112,4,4,4,4,0,0,0.01021610014140606,60.352059931466314,601728
grouped_conv_forward_bf16_2d_32x64x64_compv5,49,4,32,192,1,112,112,4,4,4,4,0,0,0.011475999839603901,53.7262719255389,601088
grouped_conv_forward_bf16_2d_64x64x64_compv3,49,4,32,192,1,112,112,4,4,4,4,0,0,0.012564100325107574,49.07336554515462,600064
grouped_conv_forward_bf16_2d_64x64x64_compv4,49,4,32,192,1,112,112,4,4,4,4,0,0,0.011976099573075771,51.48276233325027,602112
grouped_conv_forward_bf16_2d_64x64x64_compv5,49,4,32,192,1,112,112,4,4,4,4,0,0,0.012156100012362003,50.720435614464655,602112
grouped_conv_forward_bf16_2d_32x128x64_compv3,49,4,32,192,1,112,112,4,4,4,4,0,0,0.011800000444054604,52.25107328793817,600576
grouped_conv_forward_bf16_2d_32x128x64_compv4,49,4,32,192,1,112,112,4,4,4,4,0,0,0.010232100263237953,60.257686314431055,601856
grouped_conv_forward_bf16_2d_32x128x64_compv5,49,4,32,192,1,112,112,4,4,4,4,0,0,0.011548100039362907,53.39083363483011,600960
grouped_conv_forward_bf16_2d_64x128x64_compv3,49,4,32,192,1,112,112,4,4,4,4,0,0,0.013700099661946297,45.00424837876022,600192
grouped_conv_forward_bf16_2d_64x128x64_compv4,49,4,32,192,1,112,112,4,4,4,4,0,0,0.011956100352108479,51.56887863451799,602112
grouped_conv_forward_bf16_2d_64x128x64_compv5,49,4,32,192,1,112,112,4,4,4,4,0,0,0.013480099849402905,45.73873301296877,602112
grouped_conv_forward_bf16_2d_128x128x64_compv3,49,4,32,192,1,112,112,4,4,4,4,0,0,0.01468410063534975,41.988454268402286,602112
grouped_conv_forward_bf16_2d_128x128x64_compv4,49,4,32,192,1,112,112,4,4,4,4,0,0,0.011892099864780903,51.84641022280546,601344
grouped_conv_forward_bf16_2d_128x128x64_compv5,49,4,32,192,1,112,112,4,4,4,4,0,0,0.01538809947669506,40.067500793959034,602112
grouped_conv_forward_bf16_2d_16x64x128_compv3,49,4,32,192,1,112,112,4,4,4,4,0,0,0.009328000247478485,66.09805656541093,601856
grouped_conv_forward_bf16_2d_16x64x128_compv4,49,4,32,192,1,112,112,4,4,4,4,0,0,0.010168099775910378,60.63696281390959,601984
grouped_conv_forward_bf16_2d_16x64x128_compv5,49,4,32,192,1,112,112,4,4,4,4,0,0,0.009308000095188618,66.24008183226238,601920
grouped_conv_forward_bf16_2d_32x64x128_compv3,49,4,32,192,1,112,112,4,4,4,4,0,0,0.009556099772453308,64.5203276107813,601856
grouped_conv_forward_bf16_2d_32x64x128_compv4,49,4,32,192,1,112,112,4,4,4,4,0,0,0.010456000454723835,58.96735474236212,601836
grouped_conv_forward_bf16_2d_32x64x128_compv5,49,4,32,192,1,112,112,4,4,4,4,0,0,0.009476100094616413,65.06502483551047,601856
grouped_conv_forward_bf16_2d_64x64x128_compv3,49,4,32,192,1,112,112,4,4,4,4,0,0,0.010943999513983727,56.337967414215,601232
grouped_conv_forward_bf16_2d_64x64x128_compv4,49,4,32,192,1,112,112,4,4,4,4,0,0,0.011892000213265419,51.84684468069803,601584
grouped_conv_forward_bf16_2d_64x64x128_compv5,49,4,32,192,1,112,112,4,4,4,4,0,0,0.010420099832117558,59.17051639942907,602112
grouped_conv_forward_bf16_2d_128x64x128_compv3,49,4,32,192,1,112,112,4,4,4,4,0,0,0.011936100199818611,51.655287546042025,602112
grouped_conv_forward_bf16_2d_128x64x128_compv4,49,4,32,192,1,112,112,4,4,4,4,0,0,0.012304099276661873,50.11034730266535,602112
grouped_conv_forward_bf16_2d_128x64x128_compv5,49,4,32,192,1,112,112,4,4,4,4,0,0,0.011423999443650246,53.97082615779551,602112
grouped_conv_forward_bf16_2d_16x64x64_compv3,50,4,176,256,1,7,7,1,1,1,1,0,0,0.004972000140696764,3.5522830853188383,50176
grouped_conv_forward_bf16_2d_16x64x64_compv4,50,4,176,256,1,7,7,1,1,1,1,0,0,0.00544800003990531,3.241914807384432,50176
grouped_conv_forward_bf16_2d_16x64x64_compv5,50,4,176,256,1,7,7,1,1,1,1,0,0,0.004976100288331509,3.549356117563714,50176
grouped_conv_forward_bf16_2d_32x64x64_compv3,50,4,176,256,1,7,7,1,1,1,1,0,0,0.006199999712407589,2.8487020676234027,50176
grouped_conv_forward_bf16_2d_32x64x64_compv4,50,4,176,256,1,7,7,1,1,1,1,0,0,0.005888000130653381,2.9996521073514453,50176
grouped_conv_forward_bf16_2d_32x64x64_compv5,50,4,176,256,1,7,7,1,1,1,1,0,0,0.005892100278288126,2.9975647334249804,50176
grouped_conv_forward_bf16_2d_64x64x64_compv3,50,4,176,256,1,7,7,1,1,1,1,0,0,0.007512000389397144,2.351164947345991,50176
grouped_conv_forward_bf16_2d_64x64x64_compv4,50,4,176,256,1,7,7,1,1,1,1,0,0,0.008160100318491459,2.1644282926248546,50176
grouped_conv_forward_bf16_2d_64x64x64_compv5,50,4,176,256,1,7,7,1,1,1,1,0,0,0.007308000233024359,2.4167968578034293,50176
grouped_conv_forward_bf16_2d_32x128x64_compv3,50,4,176,256,1,7,7,1,1,1,1,0,0,0.007324100472033024,2.4114841225133268,50176
grouped_conv_forward_bf16_2d_32x128x64_compv4,50,4,176,256,1,7,7,1,1,1,1,0,0,0.005795999895781279,3.0472657552764217,50176
grouped_conv_forward_bf16_2d_32x128x64_compv5,50,4,176,256,1,7,7,1,1,1,1,0,0,0.00681610032916069,2.591210684566732,50176
grouped_conv_forward_bf16_2d_64x128x64_compv3,50,4,176,256,1,7,7,1,1,1,1,0,0,0.008012100122869015,2.204409796326349,50176
grouped_conv_forward_bf16_2d_64x128x64_compv4,50,4,176,256,1,7,7,1,1,1,1,0,0,0.00813200045377016,2.1719074046302542,50176
grouped_conv_forward_bf16_2d_64x128x64_compv5,50,4,176,256,1,7,7,1,1,1,1,0,0,0.008495999500155449,2.078855112888936,50176
grouped_conv_forward_bf16_2d_128x128x64_compv3,50,4,176,256,1,7,7,1,1,1,1,0,0,0.009080099873244762,1.9451275037229876,50176
grouped_conv_forward_bf16_2d_128x128x64_compv4,50,4,176,256,1,7,7,1,1,1,1,0,0,0.008452000096440315,2.089677212313165,50176
grouped_conv_forward_bf16_2d_128x128x64_compv5,50,4,176,256,1,7,7,1,1,1,1,0,0,0.009240100160241127,1.9114459468737077,50176
grouped_conv_forward_bf16_2d_16x64x128_compv3,50,4,176,256,1,7,7,1,1,1,1,0,0,0.004760100040584803,3.710416136092413,50176
grouped_conv_forward_bf16_2d_16x64x128_compv4,50,4,176,256,1,7,7,1,1,1,1,0,0,0.005632000043988228,3.135999975506555,50176
grouped_conv_forward_bf16_2d_16x64x128_compv5,50,4,176,256,1,7,7,1,1,1,1,0,0,0.004544000141322613,3.886873118551262,50176
grouped_conv_forward_bf16_2d_32x64x128_compv3,50,4,176,256,1,7,7,1,1,1,1,0,0,0.0053159999661147594,3.322413866173964,50176
grouped_conv_forward_bf16_2d_32x64x128_compv4,50,4,176,256,1,7,7,1,1,1,1,0,0,0.005747999995946884,3.072712597852133,50176
grouped_conv_forward_bf16_2d_32x64x128_compv5,50,4,176,256,1,7,7,1,1,1,1,0,0,0.005296000279486179,3.3349605490794216,50176
grouped_conv_forward_bf16_2d_64x64x128_compv3,50,4,176,256,1,7,7,1,1,1,1,0,0,0.0069241002202034,2.550793812669738,50176
grouped_conv_forward_bf16_2d_64x64x128_compv4,50,4,176,256,1,7,7,1,1,1,1,0,0,0.007599999662488699,2.3239411558363687,50176
grouped_conv_forward_bf16_2d_64x64x128_compv5,50,4,176,256,1,7,7,1,1,1,1,0,0,0.0068000005558133125,2.597345670053044,50176
grouped_conv_forward_bf16_2d_128x64x128_compv3,50,4,176,256,1,7,7,1,1,1,1,0,0,0.007464099675416946,2.3662535025047613,50176
grouped_conv_forward_bf16_2d_128x64x128_compv4,50,4,176,256,1,7,7,1,1,1,1,0,0,0.007563999854028225,2.3350016315235766,50176
grouped_conv_forward_bf16_2d_128x64x128_compv5,50,4,176,256,1,7,7,1,1,1,1,0,0,0.00738399988040328,2.391922032240795,50176
grouped_conv_forward_bf16_2d_16x64x64_compv3,51,1,144,96,1,7,7,1,1,1,1,0,0,0.005144000053405762,0.26336547160473683,4704
grouped_conv_forward_bf16_2d_16x64x64_compv4,51,1,144,96,1,7,7,1,1,1,1,0,0,0.0063040005043148994,0.21490353610738339,4704
grouped_conv_forward_bf16_2d_16x64x64_compv5,51,1,144,96,1,7,7,1,1,1,1,0,0,0.004892100114375353,0.2769264668192469,4704
grouped_conv_forward_bf16_2d_32x64x64_compv3,51,1,144,96,1,7,7,1,1,1,1,0,0,0.00675999978557229,0.20040710694864453,4704
grouped_conv_forward_bf16_2d_32x64x64_compv4,51,1,144,96,1,7,7,1,1,1,1,0,0,0.006180000025779009,0.21921553306615546,4704
grouped_conv_forward_bf16_2d_32x64x64_compv5,51,1,144,96,1,7,7,1,1,1,1,0,0,0.00648800004273653,0.20880887655305688,4704
grouped_conv_forward_bf16_2d_64x64x64_compv3,51,1,144,96,1,7,7,1,1,1,1,0,0,0.006756000220775604,0.20052574833167655,4704
grouped_conv_forward_bf16_2d_64x64x64_compv4,51,1,144,96,1,7,7,1,1,1,1,0,0,0.008908099494874477,0.15208092374579946,4704
grouped_conv_forward_bf16_2d_64x64x64_compv5,51,1,144,96,1,7,7,1,1,1,1,0,0,0.006768000312149525,0.2001702035338307,4704
grouped_conv_forward_bf16_2d_32x128x64_compv3,51,1,144,96,1,7,7,1,1,1,1,0,0,0.007824099622666836,0.17315116950648365,4704
grouped_conv_forward_bf16_2d_32x128x64_compv4,51,1,144,96,1,7,7,1,1,1,1,0,0,0.005644000135362148,0.24003401266982288,4704
grouped_conv_forward_bf16_2d_32x128x64_compv5,51,1,144,96,1,7,7,1,1,1,1,0,0,0.006120000034570694,0.22136470463190663,4704
grouped_conv_forward_bf16_2d_64x128x64_compv3,51,1,144,96,1,7,7,1,1,1,1,0,0,0.00738399988040328,0.1834712922457428,4704
grouped_conv_forward_bf16_2d_64x128x64_compv4,51,1,144,96,1,7,7,1,1,1,1,0,0,0.0073960996232926846,0.1831711400605601,4704
grouped_conv_forward_bf16_2d_64x128x64_compv5,51,1,144,96,1,7,7,1,1,1,1,0,0,0.007611999753862619,0.17797583339549466,4704
grouped_conv_forward_bf16_2d_128x128x64_compv3,51,1,144,96,1,7,7,1,1,1,1,0,0,0.008020100183784962,0.16891958566041826,4704
grouped_conv_forward_bf16_2d_128x128x64_compv4,51,1,144,96,1,7,7,1,1,1,1,0,0,0.00721200043335557,0.18784691050963603,4704
grouped_conv_forward_bf16_2d_128x128x64_compv5,51,1,144,96,1,7,7,1,1,1,1,0,0,0.00782809965312481,0.17306269210040168,4704
grouped_conv_forward_bf16_2d_16x64x128_compv3,51,1,144,96,1,7,7,1,1,1,1,0,0,0.00674799969419837,0.2007634945752525,4704
grouped_conv_forward_bf16_2d_16x64x128_compv4,51,1,144,96,1,7,7,1,1,1,1,0,0,0.0054120998829603195,0.2503191052081942,4704
grouped_conv_forward_bf16_2d_16x64x128_compv5,51,1,144,96,1,7,7,1,1,1,1,0,0,0.005375999957323074,0.2520000020004809,4704
grouped_conv_forward_bf16_2d_32x64x128_compv3,51,1,144,96,1,7,7,1,1,1,1,0,0,0.0062880003824830055,0.2154503685740928,4704
grouped_conv_forward_bf16_2d_32x64x128_compv4,51,1,144,96,1,7,7,1,1,1,1,0,0,0.006256000138819218,0.2165524248622701,4704
grouped_conv_forward_bf16_2d_32x64x128_compv5,51,1,144,96,1,7,7,1,1,1,1,0,0,0.006651999894529581,0.20366085710766627,4704
grouped_conv_forward_bf16_2d_64x64x128_compv3,51,1,144,96,1,7,7,1,1,1,1,0,0,0.006348100490868092,0.21341061029970243,4704
grouped_conv_forward_bf16_2d_64x64x128_compv4,51,1,144,96,1,7,7,1,1,1,1,0,0,0.007336000446230173,0.18467174449207954,4704
grouped_conv_forward_bf16_2d_64x64x128_compv5,51,1,144,96,1,7,7,1,1,1,1,0,0,0.006316100247204304,0.21449184575556002,4704
grouped_conv_forward_bf16_2d_128x64x128_compv3,51,1,144,96,1,7,7,1,1,1,1,0,0,0.008144100196659565,0.16634765870828475,4704
grouped_conv_forward_bf16_2d_128x64x128_compv4,51,1,144,96,1,7,7,1,1,1,1,0,0,0.007268100045621395,0.1863969939181229,4704
grouped_conv_forward_bf16_2d_128x64x128_compv5,51,1,144,96,1,7,7,1,1,1,1,0,0,0.008556099608540535,0.15833756758134424,4704
grouped_conv_forward_bf16_2d_16x64x64_compv3,52,4,320,512,1,28,28,1,1,1,1,0,0,0.013524000532925129,75.98376512173485,1605208
grouped_conv_forward_bf16_2d_16x64x64_compv4,52,4,320,512,1,28,28,1,1,1,1,0,0,0.014804099686443806,69.41350718821374,1605294
grouped_conv_forward_bf16_2d_16x64x64_compv5,52,4,320,512,1,28,28,1,1,1,1,0,0,0.013580100610852242,75.669872370372,1605408
grouped_conv_forward_bf16_2d_32x64x64_compv3,52,4,320,512,1,28,28,1,1,1,1,0,0,0.012427999638020992,82.6846242299725,1604856
grouped_conv_forward_bf16_2d_32x64x64_compv4,52,4,320,512,1,28,28,1,1,1,1,0,0,0.015280100516974926,67.25115969351226,1605184
grouped_conv_forward_bf16_2d_32x64x64_compv5,52,4,320,512,1,28,28,1,1,1,1,0,0,0.012335999868810177,83.30127196240913,1605376
grouped_conv_forward_bf16_2d_64x64x64_compv3,52,4,320,512,1,28,28,1,1,1,1,0,0,0.012091999873518944,84.98217753462087,1603600
grouped_conv_forward_bf16_2d_64x64x64_compv4,52,4,320,512,1,28,28,1,1,1,1,0,0,0.015940099954605103,64.46662711817717,1605324
grouped_conv_forward_bf16_2d_64x64x64_compv5,52,4,320,512,1,28,28,1,1,1,1,0,0,0.011852099560201168,86.70231588761294,1603696
grouped_conv_forward_bf16_2d_32x128x64_compv3,52,4,320,512,1,28,28,1,1,1,1,0,0,0.010276000015437603,100.0004358170721,1604868
grouped_conv_forward_bf16_2d_32x128x64_compv4,52,4,320,512,1,28,28,1,1,1,1,0,0,0.013920100405812263,73.8216284396145,1605196
grouped_conv_forward_bf16_2d_32x128x64_compv5,52,4,320,512,1,28,28,1,1,1,1,0,0,0.01029600016772747,99.80618330028761,1604608
grouped_conv_forward_bf16_2d_64x128x64_compv3,52,4,320,512,1,28,28,1,1,1,1,0,0,0.010648000054061413,96.50680642211736,1604160
grouped_conv_forward_bf16_2d_64x128x64_compv4,52,4,320,512,1,28,28,1,1,1,1,0,0,0.01647610031068325,62.369399349534916,1604800
grouped_conv_forward_bf16_2d_64x128x64_compv5,52,4,320,512,1,28,28,1,1,1,1,0,0,0.011252099648118019,91.32557586013496,1603760
grouped_conv_forward_bf16_2d_128x128x64_compv3,52,4,320,512,1,28,28,1,1,1,1,0,0,0.012032000347971916,85.40595497682233,1596416
grouped_conv_forward_bf16_2d_128x128x64_compv4,52,4,320,512,1,28,28,1,1,1,1,0,0,0.01605210080742836,64.01682199282352,1605056
grouped_conv_forward_bf16_2d_128x128x64_compv5,52,4,320,512,1,28,28,1,1,1,1,0,0,0.011884099803864956,86.46885308602018,1605632
grouped_conv_forward_bf16_2d_16x64x128_compv3,52,4,320,512,1,28,28,1,1,1,1,0,0,0.014440099708735943,71.16325376744607,1605474
grouped_conv_forward_bf16_2d_16x64x128_compv4,52,4,320,512,1,28,28,1,1,1,1,0,0,0.014780099503695965,69.52622204898103,1605314
grouped_conv_forward_bf16_2d_16x64x128_compv5,52,4,320,512,1,28,28,1,1,1,1,0,0,0.013660000637173653,75.22726442658632,1605568
grouped_conv_forward_bf16_2d_32x64x128_compv3,52,4,320,512,1,28,28,1,1,1,1,0,0,0.012824100442230701,80.13072609880871,1605344
grouped_conv_forward_bf16_2d_32x64x128_compv4,52,4,320,512,1,28,28,1,1,1,1,0,0,0.014384100213646889,71.44030316370169,1605120
grouped_conv_forward_bf16_2d_32x64x128_compv5,52,4,320,512,1,28,28,1,1,1,1,0,0,0.01281999982893467,80.1563567638045,1605316
grouped_conv_forward_bf16_2d_64x64x128_compv3,52,4,320,512,1,28,28,1,1,1,1,0,0,0.011591999791562557,88.64773106258681,1605248
grouped_conv_forward_bf16_2d_64x64x128_compv4,52,4,320,512,1,28,28,1,1,1,1,0,0,0.015980100259184837,64.30525862372902,1605184
grouped_conv_forward_bf16_2d_64x64x128_compv5,52,4,320,512,1,28,28,1,1,1,1,0,0,0.01122410036623478,91.5533937215423,1605328
grouped_conv_forward_bf16_2d_128x64x128_compv3,52,4,320,512,1,28,28,1,1,1,1,0,0,0.01042800024151802,98.54281321443564,1604190
grouped_conv_forward_bf16_2d_128x64x128_compv4,52,4,320,512,1,28,28,1,1,1,1,0,0,0.015940099954605103,64.46662711817717,1605340
grouped_conv_forward_bf16_2d_128x64x128_compv5,52,4,320,512,1,28,28,1,1,1,1,0,0,0.01027199998497963,100.03937709332443,1604526
grouped_conv_forward_bf16_2d_16x64x64_compv3,53,4,64,256,1,256,256,3,3,1,1,1,1,0.5943920016288757,130.0646898278254,67096832
grouped_conv_forward_bf16_2d_16x64x64_compv4,53,4,64,256,1,256,256,3,3,1,1,1,1,0.6596177220344543,117.20335695280461,67105950
grouped_conv_forward_bf16_2d_16x64x64_compv5,53,4,64,256,1,256,256,3,3,1,1,1,1,0.5812610387802124,133.0029129257232,67081856
grouped_conv_forward_bf16_2d_32x64x64_compv3,53,4,64,256,1,256,256,3,3,1,1,1,1,0.46031197905540466,167.95003138229168,67101344
grouped_conv_forward_bf16_2d_32x64x64_compv4,53,4,64,256,1,256,256,3,3,1,1,1,1,0.5707250237464905,135.45824716166635,67105236
grouped_conv_forward_bf16_2d_32x64x64_compv5,53,4,64,256,1,256,256,3,3,1,1,1,1,0.46073609590530396,167.79542999793435,67101376
grouped_conv_forward_bf16_2d_64x64x64_compv3,53,4,64,256,1,256,256,3,3,1,1,1,1,0.36948731541633606,209.23427707088734,67095984
grouped_conv_forward_bf16_2d_64x64x64_compv4,53,4,64,256,1,256,256,3,3,1,1,1,1,0.6972662210464478,110.87502734891571,67088896
grouped_conv_forward_bf16_2d_64x64x64_compv5,53,4,64,256,1,256,256,3,3,1,1,1,1,0.3815752863883972,202.60591837519692,67097600
grouped_conv_forward_bf16_2d_32x128x64_compv3,53,4,64,256,1,256,256,3,3,1,1,1,1,0.33948299288749695,227.72690516965005,67107552
grouped_conv_forward_bf16_2d_32x128x64_compv4,53,4,64,256,1,256,256,3,3,1,1,1,1,0.5728015899658203,134.96717307054462,67105914
grouped_conv_forward_bf16_2d_32x128x64_compv5,53,4,64,256,1,256,256,3,3,1,1,1,1,0.34095099568367004,226.74640140874286,67107472
grouped_conv_forward_bf16_2d_64x128x64_compv3,53,4,64,256,1,256,256,3,3,1,1,1,1,0.2814105153083801,274.72111780642405,67098798
grouped_conv_forward_bf16_2d_64x128x64_compv4,53,4,64,256,1,256,256,3,3,1,1,1,1,0.6982622146606445,110.71687641808369,67089472
grouped_conv_forward_bf16_2d_64x128x64_compv5,53,4,64,256,1,256,256,3,3,1,1,1,1,0.29032260179519653,266.2879529528903,67099816
grouped_conv_forward_bf16_2d_128x128x64_compv3,53,4,64,256,1,256,256,3,3,1,1,1,1,0.26144230365753174,295.70352711269356,67037868
grouped_conv_forward_bf16_2d_128x128x64_compv4,53,4,64,256,1,256,256,3,3,1,1,1,1,0.6990861892700195,110.58638049869916,67090112
grouped_conv_forward_bf16_2d_128x128x64_compv5,53,4,64,256,1,256,256,3,3,1,1,1,1,0.2581903040409088,299.42801924796817,67032066
grouped_conv_forward_bf16_2d_16x64x128_compv3,53,4,64,256,1,256,256,3,3,1,1,1,1,0.5684131383895874,136.00919139031677,67107374
grouped_conv_forward_bf16_2d_16x64x128_compv4,53,4,64,256,1,256,256,3,3,1,1,1,1,0.6624858975410461,116.69593513605334,67108264
grouped_conv_forward_bf16_2d_16x64x128_compv5,53,4,64,256,1,256,256,3,3,1,1,1,1,0.570860743522644,135.426042524736,67106558
grouped_conv_forward_bf16_2d_32x64x128_compv3,53,4,64,256,1,256,256,3,3,1,1,1,1,0.43476372957229614,177.81936732407286,67088728
grouped_conv_forward_bf16_2d_32x64x128_compv4,53,4,64,256,1,256,256,3,3,1,1,1,1,0.5698047876358032,135.6770125585767,67106592
grouped_conv_forward_bf16_2d_32x64x128_compv5,53,4,64,256,1,256,256,3,3,1,1,1,1,0.4337998032569885,178.2144914487223,67086030
grouped_conv_forward_bf16_2d_64x64x128_compv3,53,4,64,256,1,256,256,3,3,1,1,1,1,0.3851754069328308,200.71222081289753,67091624
grouped_conv_forward_bf16_2d_64x64x128_compv4,53,4,64,256,1,256,256,3,3,1,1,1,1,0.6973541975021362,110.86103963368367,67089088
grouped_conv_forward_bf16_2d_64x64x128_compv5,53,4,64,256,1,256,256,3,3,1,1,1,1,0.38553541898727417,200.52479621995988,67090668
grouped_conv_forward_bf16_2d_128x64x128_compv3,53,4,64,256,1,256,256,3,3,1,1,1,1,0.38803941011428833,199.23082375893273,67077811
grouped_conv_forward_bf16_2d_128x64x128_compv4,53,4,64,256,1,256,256,3,3,1,1,1,1,0.6986061930656433,110.66236185045636,67088576
grouped_conv_forward_bf16_2d_128x64x128_compv5,53,4,64,256,1,256,256,3,3,1,1,1,1,0.3794153928756714,203.75929068679906,67083457
grouped_conv_forward_bf16_2d_16x64x64_compv3,54,1,608,192,1,128,128,1,1,1,1,0,0,0.03313220292329788,115.45278944643293,3145664
grouped_conv_forward_bf16_2d_16x64x64_compv4,54,1,608,192,1,128,128,1,1,1,1,0,0,0.03441619873046875,111.14548930743871,3145616
grouped_conv_forward_bf16_2d_16x64x64_compv5,54,1,608,192,1,128,128,1,1,1,1,0,0,0.033204201608896255,115.2024461559446,3145728
grouped_conv_forward_bf16_2d_32x64x64_compv3,54,1,608,192,1,128,128,1,1,1,1,0,0,0.029088199138641357,131.50368057397267,3145728
grouped_conv_forward_bf16_2d_32x64x64_compv4,54,1,608,192,1,128,128,1,1,1,1,0,0,0.03013620153069496,126.93057033428288,3145564
grouped_conv_forward_bf16_2d_32x64x64_compv5,54,1,608,192,1,128,128,1,1,1,1,0,0,0.02802019938826561,136.51598959006452,3145472
grouped_conv_forward_bf16_2d_64x64x64_compv3,54,1,608,192,1,128,128,1,1,1,1,0,0,0.023416200652718544,163.35721173263462,3142152
grouped_conv_forward_bf16_2d_64x64x64_compv4,54,1,608,192,1,128,128,1,1,1,1,0,0,0.0352402999997139,108.546330423721,3144630
grouped_conv_forward_bf16_2d_64x64x64_compv5,54,1,608,192,1,128,128,1,1,1,1,0,0,0.023500200361013412,162.77330359897593,3142656
grouped_conv_forward_bf16_2d_32x128x64_compv3,54,1,608,192,1,128,128,1,1,1,1,0,0,0.027976199984550476,136.73069430846306,3144280
grouped_conv_forward_bf16_2d_32x128x64_compv4,54,1,608,192,1,128,128,1,1,1,1,0,0,0.03115219995379448,122.79085437540897,3145596
grouped_conv_forward_bf16_2d_32x128x64_compv5,54,1,608,192,1,128,128,1,1,1,1,0,0,0.027956198900938034,136.8285174087687,3145464
grouped_conv_forward_bf16_2d_64x128x64_compv3,54,1,608,192,1,128,128,1,1,1,1,0,0,0.02175620011985302,175.82138548677048,3144511
grouped_conv_forward_bf16_2d_64x128x64_compv4,54,1,608,192,1,128,128,1,1,1,1,0,0,0.035408299416303635,108.03131782823483,3144512
grouped_conv_forward_bf16_2d_64x128x64_compv5,54,1,608,192,1,128,128,1,1,1,1,0,0,0.02170420065522194,176.2426227422327,3143231
grouped_conv_forward_bf16_2d_128x128x64_compv3,54,1,608,192,1,128,128,1,1,1,1,0,0,0.019008100032806396,201.24079952220447,3144656
grouped_conv_forward_bf16_2d_128x128x64_compv4,54,1,608,192,1,128,128,1,1,1,1,0,0,0.0352402999997139,108.546330423721,3144632
grouped_conv_forward_bf16_2d_128x128x64_compv5,54,1,608,192,1,128,128,1,1,1,1,0,0,0.019192099571228027,199.31145280918528,3144632
grouped_conv_forward_bf16_2d_16x64x128_compv3,54,1,608,192,1,128,128,1,1,1,1,0,0,0.030316200107336044,126.17693624057985,3145616
grouped_conv_forward_bf16_2d_16x64x128_compv4,54,1,608,192,1,128,128,1,1,1,1,0,0,0.03465230017900467,110.3882059268792,3145708
grouped_conv_forward_bf16_2d_16x64x128_compv5,54,1,608,192,1,128,128,1,1,1,1,0,0,0.030352100729942322,126.02769350414148,3145712
grouped_conv_forward_bf16_2d_32x64x128_compv3,54,1,608,192,1,128,128,1,1,1,1,0,0,0.023948099464178085,159.72896946255787,3145518
grouped_conv_forward_bf16_2d_32x64x128_compv4,54,1,608,192,1,128,128,1,1,1,1,0,0,0.030048200860619545,127.30230557707775,3145628
grouped_conv_forward_bf16_2d_32x64x128_compv5,54,1,608,192,1,128,128,1,1,1,1,0,0,0.023808199912309647,160.66755412374707,3145568
grouped_conv_forward_bf16_2d_64x64x128_compv3,54,1,608,192,1,128,128,1,1,1,1,0,0,0.024204200133681297,158.03890344953166,3145252
grouped_conv_forward_bf16_2d_64x64x128_compv4,54,1,608,192,1,128,128,1,1,1,1,0,0,0.03502830117940903,109.20327618538926,3144622
grouped_conv_forward_bf16_2d_64x64x128_compv5,54,1,608,192,1,128,128,1,1,1,1,0,0,0.023924199864268303,159.8885341914021,3145248
grouped_conv_forward_bf16_2d_128x64x128_compv3,54,1,608,192,1,128,128,1,1,1,1,0,0,0.02438019961118698,156.8980282772084,3144136
grouped_conv_forward_bf16_2d_128x64x128_compv4,54,1,608,192,1,128,128,1,1,1,1,0,0,0.035144299268722534,108.84283731911901,3144606
grouped_conv_forward_bf16_2d_128x64x128_compv5,54,1,608,192,1,128,128,1,1,1,1,0,0,0.024268198758363724,157.62213282028983,3144832
grouped_conv_forward_bf16_2d_16x64x64_compv3,55,1,224,112,1,128,128,1,1,1,1,0,0,0.013272101059556007,61.94072666498376,1834980
grouped_conv_forward_bf16_2d_16x64x64_compv4,55,1,224,112,1,128,128,1,1,1,1,0,0,0.012904000468552113,63.707652987418214,1834536
grouped_conv_forward_bf16_2d_16x64x64_compv5,55,1,224,112,1,128,128,1,1,1,1,0,0,0.013328100554645061,61.68047582095188,1834793
grouped_conv_forward_bf16_2d_32x64x64_compv3,55,1,224,112,1,128,128,1,1,1,1,0,0,0.011520099826157093,71.36080384767229,1833180
grouped_conv_forward_bf16_2d_32x64x64_compv4,55,1,224,112,1,128,128,1,1,1,1,0,0,0.011620099656283855,70.74668964266911,1834388
grouped_conv_forward_bf16_2d_32x64x64_compv5,55,1,224,112,1,128,128,1,1,1,1,0,0,0.011203999631106853,73.37411737479552,1831580
grouped_conv_forward_bf16_2d_64x64x64_compv3,55,1,224,112,1,128,128,1,1,1,1,0,0,0.010940100066363811,75.1440644064637,1831872
grouped_conv_forward_bf16_2d_64x64x64_compv4,55,1,224,112,1,128,128,1,1,1,1,0,0,0.0135600995272398,60.62518806359659,1833256
grouped_conv_forward_bf16_2d_64x64x64_compv5,55,1,224,112,1,128,128,1,1,1,1,0,0,0.01175210066139698,69.95205433360186,1832999
grouped_conv_forward_bf16_2d_32x128x64_compv3,55,1,224,112,1,128,128,1,1,1,1,0,0,0.009088000282645226,90.45813803173847,1834512
grouped_conv_forward_bf16_2d_32x128x64_compv4,55,1,224,112,1,128,128,1,1,1,1,0,0,0.011832000687718391,69.47967682704095,1833852
grouped_conv_forward_bf16_2d_32x128x64_compv5,55,1,224,112,1,128,128,1,1,1,1,0,0,0.00902399979531765,91.0996900095854,1834720
grouped_conv_forward_bf16_2d_64x128x64_compv3,55,1,224,112,1,128,128,1,1,1,1,0,0,0.00946009997278452,86.90009475217258,1834088
grouped_conv_forward_bf16_2d_64x128x64_compv4,55,1,224,112,1,128,128,1,1,1,1,0,0,0.013260099105536938,61.996790329925034,1834222
grouped_conv_forward_bf16_2d_64x128x64_compv5,55,1,224,112,1,128,128,1,1,1,1,0,0,0.009416099637746811,87.30616875637877,1833884
grouped_conv_forward_bf16_2d_128x128x64_compv3,55,1,224,112,1,128,128,1,1,1,1,0,0,0.010119999758899212,81.23355766654889,1835008
grouped_conv_forward_bf16_2d_128x128x64_compv4,55,1,224,112,1,128,128,1,1,1,1,0,0,0.01357209961861372,60.57158487641348,1832384
grouped_conv_forward_bf16_2d_128x128x64_compv5,55,1,224,112,1,128,128,1,1,1,1,0,0,0.010135999880731106,81.10532692120587,1832128
grouped_conv_forward_bf16_2d_16x64x128_compv3,55,1,224,112,1,128,128,1,1,1,1,0,0,0.010992100462317467,74.78857992776022,1834592
grouped_conv_forward_bf16_2d_16x64x128_compv4,55,1,224,112,1,128,128,1,1,1,1,0,0,0.013244099915027618,62.071683940349196,1834817
grouped_conv_forward_bf16_2d_16x64x128_compv5,55,1,224,112,1,128,128,1,1,1,1,0,0,0.010879999957978725,75.55915323300478,1834392
grouped_conv_forward_bf16_2d_32x64x128_compv3,55,1,224,112,1,128,128,1,1,1,1,0,0,0.00967200007289648,84.9962342642756,1832664
grouped_conv_forward_bf16_2d_32x64x128_compv4,55,1,224,112,1,128,128,1,1,1,1,0,0,0.01159610040485859,70.89310675988624,1833634
grouped_conv_forward_bf16_2d_32x64x128_compv5,55,1,224,112,1,128,128,1,1,1,1,0,0,0.009531999938189983,86.24460651812637,1833624
grouped_conv_forward_bf16_2d_64x64x128_compv3,55,1,224,112,1,128,128,1,1,1,1,0,0,0.008975999429821968,91.58685786773779,1832256
grouped_conv_forward_bf16_2d_64x64x128_compv4,55,1,224,112,1,128,128,1,1,1,1,0,0,0.013380100019276142,61.44076522714024,1832232
grouped_conv_forward_bf16_2d_64x64x128_compv5,55,1,224,112,1,128,128,1,1,1,1,0,0,0.00866009946912527,94.92772997941513,1833120
grouped_conv_forward_bf16_2d_128x64x128_compv3,55,1,224,112,1,128,128,1,1,1,1,0,0,0.008231999352574348,99.86438880645858,1832838
grouped_conv_forward_bf16_2d_128x64x128_compv4,55,1,224,112,1,128,128,1,1,1,1,0,0,0.013272101059556007,61.94072666498376,1834372
grouped_conv_forward_bf16_2d_128x64x128_compv5,55,1,224,112,1,128,128,1,1,1,1,0,0,0.009467999450862408,86.82759100974802,1831904
grouped_conv_forward_bf16_2d_16x64x64_compv3,56,1,1056,248,1,14,14,1,1,1,1,0,0,0.013179999776184559,7.7890817711165985,5508
grouped_conv_forward_bf16_2d_16x64x64_compv4,56,1,1056,248,1,14,14,1,1,1,1,0,0,0.01089600007981062,9.421814908961005,5488
grouped_conv_forward_bf16_2d_16x64x64_compv5,56,1,1056,248,1,14,14,1,1,1,1,0,0,0.013164100237190723,7.7984893878252715,5488
grouped_conv_forward_bf16_2d_32x64x64_compv3,56,1,1056,248,1,14,14,1,1,1,1,0,0,0.016728099435567856,6.136985040973668,5488
grouped_conv_forward_bf16_2d_32x64x64_compv4,56,1,1056,248,1,14,14,1,1,1,1,0,0,0.013968000188469887,7.349663131071723,5488
grouped_conv_forward_bf16_2d_32x64x64_compv5,56,1,1056,248,1,14,14,1,1,1,1,0,0,0.01666799932718277,6.159113279575086,5488
grouped_conv_forward_bf16_2d_64x64x64_compv3,56,1,1056,248,1,14,14,1,1,1,1,0,0,0.021408099681138992,4.7953857432028775,5488
grouped_conv_forward_bf16_2d_64x64x64_compv4,56,1,1056,248,1,14,14,1,1,1,1,0,0,0.019860100001096725,5.169163095570055,5488
grouped_conv_forward_bf16_2d_64x64x64_compv5,56,1,1056,248,1,14,14,1,1,1,1,0,0,0.020556099712848663,4.99414273301233,5488
grouped_conv_forward_bf16_2d_32x128x64_compv3,56,1,1056,248,1,14,14,1,1,1,1,0,0,0.020368101075291634,5.040238931479777,5488
grouped_conv_forward_bf16_2d_32x128x64_compv4,56,1,1056,248,1,14,14,1,1,1,1,0,0,0.014148099347949028,7.256105111735879,5459
grouped_conv_forward_bf16_2d_32x128x64_compv5,56,1,1056,248,1,14,14,1,1,1,1,0,0,0.019604099914431572,5.236664598124533,5488
grouped_conv_forward_bf16_2d_64x128x64_compv3,56,1,1056,248,1,14,14,1,1,1,1,0,0,0.02324810065329075,4.415848740979558,5488
grouped_conv_forward_bf16_2d_64x128x64_compv4,56,1,1056,248,1,14,14,1,1,1,1,0,0,0.01987210102379322,5.166041370113972,6192
grouped_conv_forward_bf16_2d_64x128x64_compv5,56,1,1056,248,1,14,14,1,1,1,1,0,0,0.02390420064330101,4.294646682894615,5488
grouped_conv_forward_bf16_2d_128x128x64_compv3,56,1,1056,248,1,14,14,1,1,1,1,0,0,0.02427620068192482,4.228837013875775,5488
grouped_conv_forward_bf16_2d_128x128x64_compv4,56,1,1056,248,1,14,14,1,1,1,1,0,0,0.020052101463079453,5.119667691140549,5488
grouped_conv_forward_bf16_2d_128x128x64_compv5,56,1,1056,248,1,14,14,1,1,1,1,0,0,0.023460200056433678,4.375925855408326,5488
grouped_conv_forward_bf16_2d_16x64x128_compv3,56,1,1056,248,1,14,14,1,1,1,1,0,0,0.01151609979569912,8.91448474928466,5488
grouped_conv_forward_bf16_2d_16x64x128_compv4,56,1,1056,248,1,14,14,1,1,1,1,0,0,0.011340100318193436,9.052838433474681,5489
grouped_conv_forward_bf16_2d_16x64x128_compv5,56,1,1056,248,1,14,14,1,1,1,1,0,0,0.01117200031876564,9.189052369391858,5488
grouped_conv_forward_bf16_2d_32x64x128_compv3,56,1,1056,248,1,14,14,1,1,1,1,0,0,0.013128099963068962,7.819874642088047,5488
grouped_conv_forward_bf16_2d_32x64x128_compv4,56,1,1056,248,1,14,14,1,1,1,1,0,0,0.013923999853432178,7.372888328111762,5754
grouped_conv_forward_bf16_2d_32x64x128_compv5,56,1,1056,248,1,14,14,1,1,1,1,0,0,0.013220099732279778,7.7654554866430265,5488
grouped_conv_forward_bf16_2d_64x64x128_compv3,56,1,1056,248,1,14,14,1,1,1,1,0,0,0.017412099987268448,5.895905495320153,5488
grouped_conv_forward_bf16_2d_64x64x128_compv4,56,1,1056,248,1,14,14,1,1,1,1,0,0,0.01984409987926483,5.173330945953859,5488
grouped_conv_forward_bf16_2d_64x64x128_compv5,56,1,1056,248,1,14,14,1,1,1,1,0,0,0.01735610142350197,5.914928329526096,5488
grouped_conv_forward_bf16_2d_128x64x128_compv3,56,1,1056,248,1,14,14,1,1,1,1,0,0,0.017744099721312523,5.785590568829732,5488
grouped_conv_forward_bf16_2d_128x64x128_compv4,56,1,1056,248,1,14,14,1,1,1,1,0,0,0.019808100536465645,5.182732983963217,5488
grouped_conv_forward_bf16_2d_128x64x128_compv5,56,1,1056,248,1,14,14,1,1,1,1,0,0,0.017500098794698715,5.866258082560009,5488
grouped_conv_forward_bf16_2d_16x64x64_compv3,57,1,2432,960,1,128,128,1,1,1,1,0,0,0.5487114787101746,139.4250128315776,15728640
grouped_conv_forward_bf16_2d_16x64x64_compv4,57,1,2432,960,1,128,128,1,1,1,1,0,0,0.5709806680679321,133.987206990514,15727104
grouped_conv_forward_bf16_2d_16x64x64_compv5,57,1,2432,960,1,128,128,1,1,1,1,0,0,0.5445367097854614,140.4939347250645,15728640
grouped_conv_forward_bf16_2d_32x64x64_compv3,57,1,2432,960,1,128,128,1,1,1,1,0,0,0.4253396987915039,179.865893490232,15728640
grouped_conv_forward_bf16_2d_32x64x64_compv4,57,1,2432,960,1,128,128,1,1,1,1,0,0,0.473888099193573,161.43917749820878,15725344
grouped_conv_forward_bf16_2d_32x64x64_compv5,57,1,2432,960,1,128,128,1,1,1,1,0,0,0.43143582344055176,177.32441490348708,15728640
grouped_conv_forward_bf16_2d_64x64x64_compv3,57,1,2432,960,1,128,128,1,1,1,1,0,0,0.3360429108142853,227.66171372167446,15728640
grouped_conv_forward_bf16_2d_64x64x64_compv4,57,1,2432,960,1,128,128,1,1,1,1,0,0,0.5876051783561707,130.1964444459471,15718048
grouped_conv_forward_bf16_2d_64x64x64_compv5,57,1,2432,960,1,128,128,1,1,1,1,0,0,0.3362630009651184,227.51270505652806,15728640
grouped_conv_forward_bf16_2d_32x128x64_compv3,57,1,2432,960,1,128,128,1,1,1,1,0,0,0.337675005197525,226.561349766615,15725568
grouped_conv_forward_bf16_2d_32x128x64_compv4,57,1,2432,960,1,128,128,1,1,1,1,0,0,0.47222819924354553,162.0066423024941,15723100
grouped_conv_forward_bf16_2d_32x128x64_compv5,57,1,2432,960,1,128,128,1,1,1,1,0,0,0.3497510850429535,218.7387208551602,15726400
grouped_conv_forward_bf16_2d_64x128x64_compv3,57,1,2432,960,1,128,128,1,1,1,1,0,0,0.26319029927253723,290.6798053403136,15726592
grouped_conv_forward_bf16_2d_64x128x64_compv4,57,1,2432,960,1,128,128,1,1,1,1,0,0,0.585337221622467,130.7009056214503,15716512
grouped_conv_forward_bf16_2d_64x128x64_compv5,57,1,2432,960,1,128,128,1,1,1,1,0,0,0.2570422887802124,297.632367510608,15726592
grouped_conv_forward_bf16_2d_128x128x64_compv3,57,1,2432,960,1,128,128,1,1,1,1,0,0,0.23683810234069824,323.0227915352349,15725760
grouped_conv_forward_bf16_2d_128x128x64_compv4,57,1,2432,960,1,128,128,1,1,1,1,0,0,0.584909200668335,130.79654905852755,15715160
grouped_conv_forward_bf16_2d_128x128x64_compv5,57,1,2432,960,1,128,128,1,1,1,1,0,0,0.23155400156974792,330.3942252837971,15724596
grouped_conv_forward_bf16_2d_16x64x128_compv3,57,1,2432,960,1,128,128,1,1,1,1,0,0,0.49636441469192505,154.12890750333756,15728640
grouped_conv_forward_bf16_2d_16x64x128_compv4,57,1,2432,960,1,128,128,1,1,1,1,0,0,0.5679250955581665,134.70809013081285,15728384
grouped_conv_forward_bf16_2d_16x64x128_compv5,57,1,2432,960,1,128,128,1,1,1,1,0,0,0.4970317780971527,153.92195897994688,15728128
grouped_conv_forward_bf16_2d_32x64x128_compv3,57,1,2432,960,1,128,128,1,1,1,1,0,0,0.3624669909477234,211.06502625237331,15728640
grouped_conv_forward_bf16_2d_32x64x128_compv4,57,1,2432,960,1,128,128,1,1,1,1,0,0,0.4806520938873291,159.16731859267324,15725184
grouped_conv_forward_bf16_2d_32x64x128_compv5,57,1,2432,960,1,128,128,1,1,1,1,0,0,0.3614712059497833,211.64647059226118,15728640
grouped_conv_forward_bf16_2d_64x64x128_compv3,57,1,2432,960,1,128,128,1,1,1,1,0,0,0.32235488295555115,237.32882299955418,15727616
grouped_conv_forward_bf16_2d_64x64x128_compv4,57,1,2432,960,1,128,128,1,1,1,1,0,0,0.5880011916160583,130.10875836788128,15717632
grouped_conv_forward_bf16_2d_64x64x128_compv5,57,1,2432,960,1,128,128,1,1,1,1,0,0,0.3190588057041168,239.7805783519012,15727560
grouped_conv_forward_bf16_2d_128x64x128_compv3,57,1,2432,960,1,128,128,1,1,1,1,0,0,0.28838661313056946,265.28313547398307,15713408
grouped_conv_forward_bf16_2d_128x64x128_compv4,57,1,2432,960,1,128,128,1,1,1,1,0,0,0.588405191898346,130.01942541189712,15717832
grouped_conv_forward_bf16_2d_128x64x128_compv5,57,1,2432,960,1,128,128,1,1,1,1,0,0,0.2927466034889221,261.3321693513517,15711584
grouped_conv_forward_bf16_2d_16x64x64_compv3,58,1,1792,640,1,14,14,1,1,1,1,0,0,0.02003210037946701,22.442826837110818,125440
grouped_conv_forward_bf16_2d_16x64x64_compv4,58,1,1792,640,1,14,14,1,1,1,1,0,0,0.016912098973989487,26.583155685846062,125440
grouped_conv_forward_bf16_2d_16x64x64_compv5,58,1,1792,640,1,14,14,1,1,1,1,0,0,0.02005610056221485,22.4159705724148,125440
grouped_conv_forward_bf16_2d_32x64x64_compv3,58,1,1792,640,1,14,14,1,1,1,1,0,0,0.026080098003149033,17.23831559013758,125440
grouped_conv_forward_bf16_2d_32x64x64_compv4,58,1,1792,640,1,14,14,1,1,1,1,0,0,0.021220199763774872,21.186273692271055,125440
grouped_conv_forward_bf16_2d_32x64x64_compv5,58,1,1792,640,1,14,14,1,1,1,1,0,0,0.025384198874235153,17.710898115296384,125440
grouped_conv_forward_bf16_2d_64x64x64_compv3,58,1,1792,640,1,14,14,1,1,1,1,0,0,0.03132820129394531,14.350551306208828,125440
grouped_conv_forward_bf16_2d_64x64x64_compv4,58,1,1792,640,1,14,14,1,1,1,1,0,0,0.02988019958138466,15.045982500066234,125440
grouped_conv_forward_bf16_2d_64x64x64_compv5,58,1,1792,640,1,14,14,1,1,1,1,0,0,0.03184429928660393,14.117973077496021,125440
grouped_conv_forward_bf16_2d_32x128x64_compv3,58,1,1792,640,1,14,14,1,1,1,1,0,0,0.030132299289107323,14.92010137316404,125440
grouped_conv_forward_bf16_2d_32x128x64_compv4,58,1,1792,640,1,14,14,1,1,1,1,0,0,0.020252099260687828,22.199030046859985,125440
grouped_conv_forward_bf16_2d_32x128x64_compv5,58,1,1792,640,1,14,14,1,1,1,1,0,0,0.03128019720315933,14.372574350477313,125440
grouped_conv_forward_bf16_2d_64x128x64_compv3,58,1,1792,640,1,14,14,1,1,1,1,0,0,0.03561230003833771,12.624204544947025,125440
grouped_conv_forward_bf16_2d_64x128x64_compv4,58,1,1792,640,1,14,14,1,1,1,1,0,0,0.029836198315024376,15.068171730632656,125440
grouped_conv_forward_bf16_2d_64x128x64_compv5,58,1,1792,640,1,14,14,1,1,1,1,0,0,0.03599629923701286,12.489532800019804,125440
grouped_conv_forward_bf16_2d_128x128x64_compv3,58,1,1792,640,1,14,14,1,1,1,1,0,0,0.03608020022511482,12.460489609119659,125440
grouped_conv_forward_bf16_2d_128x128x64_compv4,58,1,1792,640,1,14,14,1,1,1,1,0,0,0.02993220090866089,15.019843057044122,125440
grouped_conv_forward_bf16_2d_128x128x64_compv5,58,1,1792,640,1,14,14,1,1,1,1,0,0,0.035536300390958786,12.651203278166296,125440
grouped_conv_forward_bf16_2d_16x64x128_compv3,58,1,1792,640,1,14,14,1,1,1,1,0,0,0.016400199383497238,27.41289599517848,125440
grouped_conv_forward_bf16_2d_16x64x128_compv4,58,1,1792,640,1,14,14,1,1,1,1,0,0,0.015988100320100784,28.119473295697084,125440
grouped_conv_forward_bf16_2d_16x64x128_compv5,58,1,1792,640,1,14,14,1,1,1,1,0,0,0.015808099880814552,28.439658364357097,125440
grouped_conv_forward_bf16_2d_32x64x128_compv3,58,1,1792,640,1,14,14,1,1,1,1,0,0,0.019032100215554237,23.622036186662008,125440
grouped_conv_forward_bf16_2d_32x64x128_compv4,58,1,1792,640,1,14,14,1,1,1,1,0,0,0.02030020020902157,22.14642985640134,125440
grouped_conv_forward_bf16_2d_32x64x128_compv5,58,1,1792,640,1,14,14,1,1,1,1,0,0,0.019084099680185318,23.557671964310046,125440
grouped_conv_forward_bf16_2d_64x64x128_compv3,58,1,1792,640,1,14,14,1,1,1,1,0,0,0.024712201207876205,18.192509692609335,125440
grouped_conv_forward_bf16_2d_64x64x128_compv4,58,1,1792,640,1,14,14,1,1,1,1,0,0,0.029936298727989197,15.017787071307657,125440
grouped_conv_forward_bf16_2d_64x64x128_compv5,58,1,1792,640,1,14,14,1,1,1,1,0,0,0.024628199636936188,18.25456048869062,125440
grouped_conv_forward_bf16_2d_128x64x128_compv3,58,1,1792,640,1,14,14,1,1,1,1,0,0,0.024296101182699203,18.504078354766456,125440
grouped_conv_forward_bf16_2d_128x64x128_compv4,58,1,1792,640,1,14,14,1,1,1,1,0,0,0.029916200786828995,15.027876139871752,125440
grouped_conv_forward_bf16_2d_128x64x128_compv5,58,1,1792,640,1,14,14,1,1,1,1,0,0,0.024532200768589973,18.32599383319983,125440
grouped_conv_forward_bf16_2d_16x64x64_compv3,59,4,1536,1536,1,7,7,3,3,1,1,1,1,0.14826080203056335,56.141584113946216,301056
grouped_conv_forward_bf16_2d_16x64x64_compv4,59,4,1536,1536,1,7,7,3,3,1,1,1,1,0.1390089988708496,59.87811116986233,301056
grouped_conv_forward_bf16_2d_16x64x64_compv5,59,4,1536,1536,1,7,7,3,3,1,1,1,1,0.14799711108207703,56.241613279760955,301056
grouped_conv_forward_bf16_2d_32x64x64_compv3,59,4,1536,1536,1,7,7,3,3,1,1,1,1,0.2098977118730545,39.65548844588685,300864
grouped_conv_forward_bf16_2d_32x64x64_compv4,59,4,1536,1536,1,7,7,3,3,1,1,1,1,0.15212130546569824,54.716834453388806,300960
grouped_conv_forward_bf16_2d_32x64x64_compv5,59,4,1536,1536,1,7,7,3,3,1,1,1,1,0.2096497118473053,39.70239794110638,301056
grouped_conv_forward_bf16_2d_64x64x64_compv3,59,4,1536,1536,1,7,7,3,3,1,1,1,1,0.2262018918991089,36.79720013885874,301056
grouped_conv_forward_bf16_2d_64x64x64_compv4,59,4,1536,1536,1,7,7,3,3,1,1,1,1,0.2163098156452179,38.479974952463586,301056
grouped_conv_forward_bf16_2d_64x64x64_compv5,59,4,1536,1536,1,7,7,3,3,1,1,1,1,0.22684988379478455,36.69208971484325,300864
grouped_conv_forward_bf16_2d_32x128x64_compv3,59,4,1536,1536,1,7,7,3,3,1,1,1,1,0.24897019565105438,33.43209923675356,301056
grouped_conv_forward_bf16_2d_32x128x64_compv4,59,4,1536,1536,1,7,7,3,3,1,1,1,1,0.151985302567482,54.765797398760284,301056
grouped_conv_forward_bf16_2d_32x128x64_compv5,59,4,1536,1536,1,7,7,3,3,1,1,1,1,0.24993009865283966,33.3036970451555,301056
grouped_conv_forward_bf16_2d_64x128x64_compv3,59,4,1536,1536,1,7,7,3,3,1,1,1,1,0.2719504237174988,30.607035555298584,301056
grouped_conv_forward_bf16_2d_64x128x64_compv4,59,4,1536,1536,1,7,7,3,3,1,1,1,1,0.21592190861701965,38.54910481901839,300960
grouped_conv_forward_bf16_2d_64x128x64_compv5,59,4,1536,1536,1,7,7,3,3,1,1,1,1,0.27196240425109863,30.605687249017528,301056
grouped_conv_forward_bf16_2d_128x128x64_compv3,59,4,1536,1536,1,7,7,3,3,1,1,1,1,0.2675183117389679,31.11411788558902,301056
grouped_conv_forward_bf16_2d_128x128x64_compv4,59,4,1536,1536,1,7,7,3,3,1,1,1,1,0.21751388907432556,38.266964576022026,301056
grouped_conv_forward_bf16_2d_128x128x64_compv5,59,4,1536,1536,1,7,7,3,3,1,1,1,1,0.26817840337753296,31.037533907166672,299136
grouped_conv_forward_bf16_2d_16x64x128_compv3,59,4,1536,1536,1,7,7,3,3,1,1,1,1,0.13123710453510284,63.42410797225135,301056
grouped_conv_forward_bf16_2d_16x64x128_compv4,59,4,1536,1536,1,7,7,3,3,1,1,1,1,0.13902519643306732,59.871134884584286,301056
grouped_conv_forward_bf16_2d_16x64x128_compv5,59,4,1536,1536,1,7,7,3,3,1,1,1,1,0.1310206949710846,63.5288668697488,301056
grouped_conv_forward_bf16_2d_32x64x128_compv3,59,4,1536,1536,1,7,7,3,3,1,1,1,1,0.14030499756336212,59.32501644669529,300960
grouped_conv_forward_bf16_2d_32x64x128_compv4,59,4,1536,1536,1,7,7,3,3,1,1,1,1,0.15192928910255432,54.785988515890836,300992
grouped_conv_forward_bf16_2d_32x64x128_compv5,59,4,1536,1536,1,7,7,3,3,1,1,1,1,0.14090119302272797,59.07399440299535,301024
grouped_conv_forward_bf16_2d_64x64x128_compv3,59,4,1536,1536,1,7,7,3,3,1,1,1,1,0.1780335009098053,46.752977644453956,300880
grouped_conv_forward_bf16_2d_64x64x128_compv4,59,4,1536,1536,1,7,7,3,3,1,1,1,1,0.2169739007949829,38.362200511226035,301056
grouped_conv_forward_bf16_2d_64x64x128_compv5,59,4,1536,1536,1,7,7,3,3,1,1,1,1,0.17778149247169495,46.819250824577374,301056
grouped_conv_forward_bf16_2d_128x64x128_compv3,59,4,1536,1536,1,7,7,3,3,1,1,1,1,0.16475340723991394,50.521542634193764,301056
grouped_conv_forward_bf16_2d_128x64x128_compv4,59,4,1536,1536,1,7,7,3,3,1,1,1,1,0.2163058966398239,38.480672128230594,300960
grouped_conv_forward_bf16_2d_128x64x128_compv5,59,4,1536,1536,1,7,7,3,3,1,1,1,1,0.16347739100456238,50.91588651404219,301056
grouped_conv_forward_bf16_2d_16x64x64_compv3,60,8,640,1280,1,4,4,1,1,1,1,0,0,0.009099999442696571,23.045627784989822,163840
grouped_conv_forward_bf16_2d_16x64x64_compv4,60,8,640,1280,1,4,4,1,1,1,1,0,0,0.008123999461531639,25.81428039145412,163840
grouped_conv_forward_bf16_2d_16x64x64_compv5,60,8,640,1280,1,4,4,1,1,1,1,0,0,0.009124000556766987,22.985005173466455,163840
grouped_conv_forward_bf16_2d_32x64x64_compv3,60,8,640,1280,1,4,4,1,1,1,1,0,0,0.011607999913394451,18.06643707483233,163328
grouped_conv_forward_bf16_2d_32x64x64_compv4,60,8,640,1280,1,4,4,1,1,1,1,0,0,0.009568000212311745,21.918394162465248,163840
grouped_conv_forward_bf16_2d_32x64x64_compv5,60,8,640,1280,1,4,4,1,1,1,1,0,0,0.011316100135445595,18.53246237571775,163328
grouped_conv_forward_bf16_2d_64x64x64_compv3,60,8,640,1280,1,4,4,1,1,1,1,0,0,0.013743999414145947,15.258673525855336,163840
grouped_conv_forward_bf16_2d_64x64x64_compv4,60,8,640,1280,1,4,4,1,1,1,1,0,0,0.012724099680781364,16.481731930845875,163840
grouped_conv_forward_bf16_2d_64x64x64_compv5,60,8,640,1280,1,4,4,1,1,1,1,0,0,0.013724100776016712,15.280797148217081,163840
grouped_conv_forward_bf16_2d_32x128x64_compv3,60,8,640,1280,1,4,4,1,1,1,1,0,0,0.014016099274158478,14.962451099832927,163840
grouped_conv_forward_bf16_2d_32x128x64_compv4,60,8,640,1280,1,4,4,1,1,1,1,0,0,0.009827999398112297,21.338544245360946,163840
grouped_conv_forward_bf16_2d_32x128x64_compv5,60,8,640,1280,1,4,4,1,1,1,1,0,0,0.013196100480854511,15.89220999826912,163840
grouped_conv_forward_bf16_2d_64x128x64_compv3,60,8,640,1280,1,4,4,1,1,1,1,0,0,0.016116101294755936,13.012774998394917,163840
grouped_conv_forward_bf16_2d_64x128x64_compv4,60,8,640,1280,1,4,4,1,1,1,1,0,0,0.013336099684238434,15.725377356608737,163840
grouped_conv_forward_bf16_2d_64x128x64_compv5,60,8,640,1280,1,4,4,1,1,1,1,0,0,0.01560409925878048,13.439750447754461,162304
grouped_conv_forward_bf16_2d_128x128x64_compv3,60,8,640,1280,1,4,4,1,1,1,1,0,0,0.015912100672721863,13.179604900282907,163840
grouped_conv_forward_bf16_2d_128x128x64_compv4,60,8,640,1280,1,4,4,1,1,1,1,0,0,0.013468099758028984,15.571253834452678,163840
grouped_conv_forward_bf16_2d_128x128x64_compv5,60,8,640,1280,1,4,4,1,1,1,1,0,0,0.01618019863963127,12.961225302038638,163840
grouped_conv_forward_bf16_2d_16x64x128_compv3,60,8,640,1280,1,4,4,1,1,1,1,0,0,0.008340000174939632,25.145706906597034,163840
grouped_conv_forward_bf16_2d_16x64x128_compv4,60,8,640,1280,1,4,4,1,1,1,1,0,0,0.00810409989207983,25.877667204590544,163840
grouped_conv_forward_bf16_2d_16x64x128_compv5,60,8,640,1280,1,4,4,1,1,1,1,0,0,0.0076520005241036415,27.40658463618782,163328
grouped_conv_forward_bf16_2d_32x64x128_compv3,60,8,640,1280,1,4,4,1,1,1,1,0,0,0.008972099982202053,23.37414879638121,163840
grouped_conv_forward_bf16_2d_32x64x128_compv4,60,8,640,1280,1,4,4,1,1,1,1,0,0,0.009040100499987602,23.1983261690827,163840
grouped_conv_forward_bf16_2d_32x64x128_compv5,60,8,640,1280,1,4,4,1,1,1,1,0,0,0.008900100365281105,23.563239895371254,163840
grouped_conv_forward_bf16_2d_64x64x128_compv3,60,8,640,1280,1,4,4,1,1,1,1,0,0,0.011683999560773373,17.948922276929526,163840
grouped_conv_forward_bf16_2d_64x64x128_compv4,60,8,640,1280,1,4,4,1,1,1,1,0,0,0.012708100490272045,16.502482031876866,163840
grouped_conv_forward_bf16_2d_64x64x128_compv5,60,8,640,1280,1,4,4,1,1,1,1,0,0,0.011576099321246147,18.116223278691127,163840
grouped_conv_forward_bf16_2d_128x64x128_compv3,60,8,640,1280,1,4,4,1,1,1,1,0,0,0.011720100417733192,17.893635082058573,163840
grouped_conv_forward_bf16_2d_128x64x128_compv4,60,8,640,1280,1,4,4,1,1,1,1,0,0,0.012500099837779999,16.77708200107025,163840
grouped_conv_forward_bf16_2d_128x64x128_compv5,60,8,640,1280,1,4,4,1,1,1,1,0,0,0.01167210005223751,17.967220899532826,163840
grouped_conv_forward_bf16_2d_16x64x64_compv3,61,4,448,64,1,56,56,1,1,1,1,0,0,0.011051999405026436,65.08533973254221,802816
grouped_conv_forward_bf16_2d_16x64x64_compv4,61,4,448,64,1,56,56,1,1,1,1,0,0,0.012383999302983284,58.08488182220071,802776
grouped_conv_forward_bf16_2d_16x64x64_compv5,61,4,448,64,1,56,56,1,1,1,1,0,0,0.011243999935686588,63.973954119030886,802816
grouped_conv_forward_bf16_2d_32x64x64_compv3,61,4,448,64,1,56,56,1,1,1,1,0,0,0.010456000454723835,68.79524719942248,802192
grouped_conv_forward_bf16_2d_32x64x64_compv4,61,4,448,64,1,56,56,1,1,1,1,0,0,0.010023999959230423,71.76008967733723,802680
grouped_conv_forward_bf16_2d_32x64x64_compv5,61,4,448,64,1,56,56,1,1,1,1,0,0,0.010355999693274498,69.45955555282127,802224
grouped_conv_forward_bf16_2d_64x64x64_compv3,61,4,448,64,1,56,56,1,1,1,1,0,0,0.011336100287735462,63.45419657042346,801120
grouped_conv_forward_bf16_2d_64x64x64_compv4,61,4,448,64,1,56,56,1,1,1,1,0,0,0.011816100217401981,60.87652632978077,802432
grouped_conv_forward_bf16_2d_64x64x64_compv5,61,4,448,64,1,56,56,1,1,1,1,0,0,0.01226009987294674,58.67188224031239,802816
grouped_conv_forward_bf16_2d_32x128x64_compv3,61,4,448,64,1,56,56,1,1,1,1,0,0,0.012172100134193897,59.096058040080976,801776
grouped_conv_forward_bf16_2d_32x128x64_compv4,61,4,448,64,1,56,56,1,1,1,1,0,0,0.010259999893605709,70.1094681734159,802674
grouped_conv_forward_bf16_2d_32x128x64_compv5,61,4,448,64,1,56,56,1,1,1,1,0,0,0.01191210001707077,60.38592145542481,801832
grouped_conv_forward_bf16_2d_64x128x64_compv3,61,4,448,64,1,56,56,1,1,1,1,0,0,0.01252410002052784,57.4351158822575,800976
grouped_conv_forward_bf16_2d_64x128x64_compv4,61,4,448,64,1,56,56,1,1,1,1,0,0,0.01184810046106577,60.71210641433866,802420
grouped_conv_forward_bf16_2d_64x128x64_compv5,61,4,448,64,1,56,56,1,1,1,1,0,0,0.012464100494980812,57.71159629928091,802816
grouped_conv_forward_bf16_2d_128x128x64_compv3,61,4,448,64,1,56,56,1,1,1,1,0,0,0.012628098949790001,56.96210798316258,802816
grouped_conv_forward_bf16_2d_128x128x64_compv4,61,4,448,64,1,56,56,1,1,1,1,0,0,0.01184810046106577,60.71210641433866,802548
grouped_conv_forward_bf16_2d_128x128x64_compv5,61,4,448,64,1,56,56,1,1,1,1,0,0,0.012636099942028522,56.926040415957985,802816
grouped_conv_forward_bf16_2d_16x64x128_compv3,61,4,448,64,1,56,56,1,1,1,1,0,0,0.010131999850273132,70.99517830930573,802806
grouped_conv_forward_bf16_2d_16x64x128_compv4,61,4,448,64,1,56,56,1,1,1,1,0,0,0.012420100159943104,57.916049527518076,802790
grouped_conv_forward_bf16_2d_16x64x128_compv5,61,4,448,64,1,56,56,1,1,1,1,0,0,0.01003200002014637,71.70286428981734,802816
grouped_conv_forward_bf16_2d_32x64x128_compv3,61,4,448,64,1,56,56,1,1,1,1,0,0,0.010048000141978264,71.58868688654086,802592
grouped_conv_forward_bf16_2d_32x64x128_compv4,61,4,448,64,1,56,56,1,1,1,1,0,0,0.01069599948823452,67.25160531199047,802462
grouped_conv_forward_bf16_2d_32x64x128_compv5,61,4,448,64,1,56,56,1,1,1,1,0,0,0.009192000143229961,78.25534429846498,802534
grouped_conv_forward_bf16_2d_64x64x128_compv3,61,4,448,64,1,56,56,1,1,1,1,0,0,0.010371999815106392,69.35240540135138,802816
grouped_conv_forward_bf16_2d_64x64x128_compv4,61,4,448,64,1,56,56,1,1,1,1,0,0,0.012200100347399712,58.960427825769,802432
grouped_conv_forward_bf16_2d_64x64x128_compv5,61,4,448,64,1,56,56,1,1,1,1,0,0,0.010239999741315842,70.24640177457337,802432
grouped_conv_forward_bf16_2d_128x64x128_compv3,61,4,448,64,1,56,56,1,1,1,1,0,0,0.010759999975562096,66.85159271688781,801470
grouped_conv_forward_bf16_2d_128x64x128_compv4,61,4,448,64,1,56,56,1,1,1,1,0,0,0.011772099882364273,61.10406326721833,802376
grouped_conv_forward_bf16_2d_128x64x128_compv5,61,4,448,64,1,56,56,1,1,1,1,0,0,0.011152099817991257,64.50113859629766,802816
grouped_conv_forward_bf16_2d_16x64x64_compv3,63,4,1728,128,1,64,64,1,1,1,1,0,0,0.05498030036687851,131.82462197616925,2097152
grouped_conv_forward_bf16_2d_16x64x64_compv4,63,4,1728,128,1,64,64,1,1,1,1,0,0,0.06123239919543266,118.36474492641817,2097152
grouped_conv_forward_bf16_2d_16x64x64_compv5,63,4,1728,128,1,64,64,1,1,1,1,0,0,0.055044401437044144,131.67110773816785,2097152
grouped_conv_forward_bf16_2d_32x64x64_compv3,63,4,1728,128,1,64,64,1,1,1,1,0,0,0.045808397233486176,158.21896747572413,2094256
grouped_conv_forward_bf16_2d_32x64x64_compv4,63,4,1728,128,1,64,64,1,1,1,1,0,0,0.04970439895987511,145.81722068203462,2097080
grouped_conv_forward_bf16_2d_32x64x64_compv5,63,4,1728,128,1,64,64,1,1,1,1,0,0,0.04530839994549751,159.96498046098492,2094080
grouped_conv_forward_bf16_2d_64x64x64_compv3,63,4,1728,128,1,64,64,1,1,1,1,0,0,0.04043230041861534,179.25661505678457,2096128
grouped_conv_forward_bf16_2d_64x64x64_compv4,63,4,1728,128,1,64,64,1,1,1,1,0,0,0.0635644942522049,114.0221030193848,2096572
grouped_conv_forward_bf16_2d_64x64x64_compv5,63,4,1728,128,1,64,64,1,1,1,1,0,0,0.04048430174589157,179.02636329242154,2095104
grouped_conv_forward_bf16_2d_32x128x64_compv3,63,4,1728,128,1,64,64,1,1,1,1,0,0,0.03480830043554306,208.21922418824136,2095224
grouped_conv_forward_bf16_2d_32x128x64_compv4,63,4,1728,128,1,64,64,1,1,1,1,0,0,0.049624402076005936,146.0522849403638,2097152
grouped_conv_forward_bf16_2d_32x128x64_compv5,63,4,1728,128,1,64,64,1,1,1,1,0,0,0.03474830090999603,208.57875413168878,2095520
grouped_conv_forward_bf16_2d_64x128x64_compv3,63,4,1728,128,1,64,64,1,1,1,1,0,0,0.03950429707765579,183.4675680408306,2095436
grouped_conv_forward_bf16_2d_64x128x64_compv4,63,4,1728,128,1,64,64,1,1,1,1,0,0,0.06296849995851517,115.10131759173173,2096576
grouped_conv_forward_bf16_2d_64x128x64_compv5,63,4,1728,128,1,64,64,1,1,1,1,0,0,0.039516299962997437,183.4118406527612,2095064
grouped_conv_forward_bf16_2d_128x128x64_compv3,63,4,1728,128,1,64,64,1,1,1,1,0,0,0.0405443012714386,178.76143094629373,2097152
grouped_conv_forward_bf16_2d_128x128x64_compv4,63,4,1728,128,1,64,64,1,1,1,1,0,0,0.063292495906353,114.51211092581522,2096568
grouped_conv_forward_bf16_2d_128x128x64_compv5,63,4,1728,128,1,64,64,1,1,1,1,0,0,0.04020030051469803,180.29112268327637,2093168
grouped_conv_forward_bf16_2d_16x64x128_compv3,63,4,1728,128,1,64,64,1,1,1,1,0,0,0.05023239925503731,144.2845139688046,2097152
grouped_conv_forward_bf16_2d_16x64x128_compv4,63,4,1728,128,1,64,64,1,1,1,1,0,0,0.061520498245954514,117.81044560178933,2097152
grouped_conv_forward_bf16_2d_16x64x128_compv5,63,4,1728,128,1,64,64,1,1,1,1,0,0,0.04981229826807976,145.50136339813173,2097152
grouped_conv_forward_bf16_2d_32x64x128_compv3,63,4,1728,128,1,64,64,1,1,1,1,0,0,0.04282029718160629,169.25985546670415,2097152
grouped_conv_forward_bf16_2d_32x64x128_compv4,63,4,1728,128,1,64,64,1,1,1,1,0,0,0.04941239953041077,146.67891826502742,2096884
grouped_conv_forward_bf16_2d_32x64x128_compv5,63,4,1728,128,1,64,64,1,1,1,1,0,0,0.04214029759168625,171.9911278801669,2097088
grouped_conv_forward_bf16_2d_64x64x128_compv3,63,4,1728,128,1,64,64,1,1,1,1,0,0,0.03296419978141785,219.86753387187068,2095648
grouped_conv_forward_bf16_2d_64x64x128_compv4,63,4,1728,128,1,64,64,1,1,1,1,0,0,0.0631365031003952,114.79503862409246,2096576
grouped_conv_forward_bf16_2d_64x64x128_compv5,63,4,1728,128,1,64,64,1,1,1,1,0,0,0.03300020098686218,219.62767180979984,2094464
grouped_conv_forward_bf16_2d_128x64x128_compv3,63,4,1728,128,1,64,64,1,1,1,1,0,0,0.03107619844377041,233.22535171456593,2095552
grouped_conv_forward_bf16_2d_128x64x128_compv4,63,4,1728,128,1,64,64,1,1,1,1,0,0,0.06332449615001678,114.45424365998811,2096444
grouped_conv_forward_bf16_2d_128x64x128_compv5,63,4,1728,128,1,64,64,1,1,1,1,0,0,0.03032819926738739,238.97750236011143,2095368
grouped_conv_forward_bf16_2d_16x64x64_compv3,64,4,432,104,1,14,14,1,1,1,1,0,0,0.008395999670028687,8.390555832377647,9408
grouped_conv_forward_bf16_2d_16x64x64_compv4,64,4,432,104,1,14,14,1,1,1,1,0,0,0.007676000241190195,9.177579701206065,9410
grouped_conv_forward_bf16_2d_16x64x64_compv5,64,4,432,104,1,14,14,1,1,1,1,0,0,0.007336100097745657,9.602800270084646,9422
grouped_conv_forward_bf16_2d_32x64x64_compv3,64,4,432,104,1,14,14,1,1,1,1,0,0,0.008968000300228596,7.855385999285068,9408
grouped_conv_forward_bf16_2d_32x64x64_compv4,64,4,432,104,1,14,14,1,1,1,1,0,0,0.00865199975669384,8.142291491108377,9472
grouped_conv_forward_bf16_2d_32x64x64_compv5,64,4,432,104,1,14,14,1,1,1,1,0,0,0.008919999934732914,7.897657456889808,9408
grouped_conv_forward_bf16_2d_64x64x64_compv3,64,4,432,104,1,14,14,1,1,1,1,0,0,0.01097199972718954,6.420625752061052,9408
grouped_conv_forward_bf16_2d_64x64x64_compv4,64,4,432,104,1,14,14,1,1,1,1,0,0,0.011908099986612797,5.91589792487444,9408
grouped_conv_forward_bf16_2d_64x64x64_compv5,64,4,432,104,1,14,14,1,1,1,1,0,0,0.010980000719428062,6.415947120599963,9408
grouped_conv_forward_bf16_2d_32x128x64_compv3,64,4,432,104,1,14,14,1,1,1,1,0,0,0.00996399950236082,7.070163339862534,9408
grouped_conv_forward_bf16_2d_32x128x64_compv4,64,4,432,104,1,14,14,1,1,1,1,0,0,0.008244100026786327,8.545153961148786,9408
grouped_conv_forward_bf16_2d_32x128x64_compv5,64,4,432,104,1,14,14,1,1,1,1,0,0,0.0098879998549819,7.124504958857421,10575
grouped_conv_forward_bf16_2d_64x128x64_compv3,64,4,432,104,1,14,14,1,1,1,1,0,0,0.01207209937274456,5.835530492653991,9408
grouped_conv_forward_bf16_2d_64x128x64_compv4,64,4,432,104,1,14,14,1,1,1,1,0,0,0.012280100025236607,5.736688125929386,9825
grouped_conv_forward_bf16_2d_64x128x64_compv5,64,4,432,104,1,14,14,1,1,1,1,0,0,0.011972100473940372,5.884272701631761,9408
grouped_conv_forward_bf16_2d_128x128x64_compv3,64,4,432,104,1,14,14,1,1,1,1,0,0,0.01265610009431839,5.566256862303523,9408
grouped_conv_forward_bf16_2d_128x128x64_compv4,64,4,432,104,1,14,14,1,1,1,1,0,0,0.012135999277234077,5.804804564561216,9408
grouped_conv_forward_bf16_2d_128x128x64_compv5,64,4,432,104,1,14,14,1,1,1,1,0,0,0.013063999824225903,5.392460574698017,9408
grouped_conv_forward_bf16_2d_16x64x128_compv3,64,4,432,104,1,14,14,1,1,1,1,0,0,0.006744100246578455,10.445737967157378,9408
grouped_conv_forward_bf16_2d_16x64x128_compv4,64,4,432,104,1,14,14,1,1,1,1,0,0,0.0074640000239014626,9.43825077363505,9408
grouped_conv_forward_bf16_2d_16x64x128_compv5,64,4,432,104,1,14,14,1,1,1,1,0,0,0.006668000016361475,10.564952583554557,9408
grouped_conv_forward_bf16_2d_32x64x128_compv3,64,4,432,104,1,14,14,1,1,1,1,0,0,0.007916100323200226,8.899218191252091,9573
grouped_conv_forward_bf16_2d_32x64x128_compv4,64,4,432,104,1,14,14,1,1,1,1,0,0,0.008324099704623222,8.463029817011146,9408
grouped_conv_forward_bf16_2d_32x64x128_compv5,64,4,432,104,1,14,14,1,1,1,1,0,0,0.007812099996954203,9.017691021295946,9408
grouped_conv_forward_bf16_2d_64x64x128_compv3,64,4,432,104,1,14,14,1,1,1,1,0,0,0.010263999924063683,6.863513690684914,9408
grouped_conv_forward_bf16_2d_64x64x128_compv4,64,4,432,104,1,14,14,1,1,1,1,0,0,0.012480100616812706,5.644754490608546,9408
grouped_conv_forward_bf16_2d_64x64x128_compv5,64,4,432,104,1,14,14,1,1,1,1,0,0,0.010184099897742271,6.917361839274331,9408
grouped_conv_forward_bf16_2d_128x64x128_compv3,64,4,432,104,1,14,14,1,1,1,1,0,0,0.01152809988707304,6.110903330998667,9408
grouped_conv_forward_bf16_2d_128x64x128_compv4,64,4,432,104,1,14,14,1,1,1,1,0,0,0.011816000565886497,5.962009193143153,9408
grouped_conv_forward_bf16_2d_128x64x128_compv5,64,4,432,104,1,14,14,1,1,1,1,0,0,0.010808099992573261,6.517991510849032,9408
grouped_conv_forward_bf16_2d_16x64x64_compv3,65,1,20,320,1,1,1,1,1,1,1,0,0,0.0036559998989105225,0.003501094188710006,320
grouped_conv_forward_bf16_2d_16x64x64_compv4,65,1,20,320,1,1,1,1,1,1,1,0,0,0.005652000196278095,0.002264684988586685,320
grouped_conv_forward_bf16_2d_16x64x64_compv5,65,1,20,320,1,1,1,1,1,1,1,0,0,0.003539999946951866,0.00361581926322386,320
grouped_conv_forward_bf16_2d_32x64x64_compv3,65,1,20,320,1,1,1,1,1,1,1,0,0,0.005356099922209978,0.002389798582159124,320
grouped_conv_forward_bf16_2d_32x64x64_compv4,65,1,20,320,1,1,1,1,1,1,1,0,0,0.005056099966168404,0.002531595515446276,320
grouped_conv_forward_bf16_2d_32x64x64_compv5,65,1,20,320,1,1,1,1,1,1,1,0,0,0.006319999694824219,0.002025316553493285,320
grouped_conv_forward_bf16_2d_64x64x64_compv3,65,1,20,320,1,1,1,1,1,1,1,0,0,0.004712000023573637,0.0027164685772417137,320
grouped_conv_forward_bf16_2d_64x64x64_compv4,65,1,20,320,1,1,1,1,1,1,1,0,0,0.00775599991902709,0.001650335241572002,320
grouped_conv_forward_bf16_2d_64x64x64_compv5,65,1,20,320,1,1,1,1,1,1,1,0,0,0.004668000154197216,0.0027420736026520748,320
grouped_conv_forward_bf16_2d_32x128x64_compv3,65,1,20,320,1,1,1,1,1,1,1,0,0,0.005964099895209074,0.0021461746491339227,320
grouped_conv_forward_bf16_2d_32x128x64_compv4,65,1,20,320,1,1,1,1,1,1,1,0,0,0.005048000253736973,0.0025356575587579095,320
grouped_conv_forward_bf16_2d_32x128x64_compv5,65,1,20,320,1,1,1,1,1,1,1,0,0,0.0038679998833686113,0.0033092038226362557,320
grouped_conv_forward_bf16_2d_64x128x64_compv3,65,1,20,320,1,1,1,1,1,1,1,0,0,0.005371999926865101,0.002382725274434172,320
grouped_conv_forward_bf16_2d_64x128x64_compv4,65,1,20,320,1,1,1,1,1,1,1,0,0,0.007040099706500769,0.001818156067900656,320
grouped_conv_forward_bf16_2d_64x128x64_compv5,65,1,20,320,1,1,1,1,1,1,1,0,0,0.006568100303411484,0.0019488131131845925,320
grouped_conv_forward_bf16_2d_128x128x64_compv3,65,1,20,320,1,1,1,1,1,1,1,0,0,0.005512000061571598,0.002322206069850882,320
grouped_conv_forward_bf16_2d_128x128x64_compv4,65,1,20,320,1,1,1,1,1,1,1,0,0,0.007128099910914898,0.0017957099591715893,320
grouped_conv_forward_bf16_2d_128x128x64_compv5,65,1,20,320,1,1,1,1,1,1,1,0,0,0.005444000009447336,0.00235121233978459,320
grouped_conv_forward_bf16_2d_16x64x128_compv3,65,1,20,320,1,1,1,1,1,1,1,0,0,0.006368099711835384,0.002010018777848383,320
grouped_conv_forward_bf16_2d_16x64x128_compv4,65,1,20,320,1,1,1,1,1,1,1,0,0,0.004947999957948923,0.0025869038215000184,320
grouped_conv_forward_bf16_2d_16x64x128_compv5,65,1,20,320,1,1,1,1,1,1,1,0,0,0.003956000320613384,0.003235591244344323,320
grouped_conv_forward_bf16_2d_32x64x128_compv3,65,1,20,320,1,1,1,1,1,1,1,0,0,0.005911999847739935,0.0021650880124588026,284
grouped_conv_forward_bf16_2d_32x64x128_compv4,65,1,20,320,1,1,1,1,1,1,1,0,0,0.006544000003486872,0.00195599021900668,320
grouped_conv_forward_bf16_2d_32x64x128_compv5,65,1,20,320,1,1,1,1,1,1,1,0,0,0.005975999869406223,0.0021419009838887114,320
grouped_conv_forward_bf16_2d_64x64x128_compv3,65,1,20,320,1,1,1,1,1,1,1,0,0,0.005243999883532524,0.002440884874958753,320
grouped_conv_forward_bf16_2d_64x64x128_compv4,65,1,20,320,1,1,1,1,1,1,1,0,0,0.007356099784374237,0.0017400525244627117,320
grouped_conv_forward_bf16_2d_64x64x128_compv5,65,1,20,320,1,1,1,1,1,1,1,0,0,0.005180000327527523,0.002471042314800315,320
grouped_conv_forward_bf16_2d_128x64x128_compv3,65,1,20,320,1,1,1,1,1,1,1,0,0,0.00765599962323904,0.001671891409339526,320
grouped_conv_forward_bf16_2d_128x64x128_compv4,65,1,20,320,1,1,1,1,1,1,1,0,0,0.007096000015735626,0.0018038331414339847,320
grouped_conv_forward_bf16_2d_128x64x128_compv5,65,1,20,320,1,1,1,1,1,1,1,0,0,0.007596000097692013,0.0016850973980225702,320
grouped_conv_forward_bf16_2d_16x64x64_compv3,68,4,192,768,1,48,48,1,1,1,1,0,0,0.02988010086119175,90.96050259756713,7075584
grouped_conv_forward_bf16_2d_16x64x64_compv4,68,4,192,768,1,48,48,1,1,1,1,0,0,0.03642810136079788,74.61022920411875,7075430
grouped_conv_forward_bf16_2d_16x64x64_compv5,68,4,192,768,1,48,48,1,1,1,1,0,0,0.030020099133253098,90.53630968824442,7075832
grouped_conv_forward_bf16_2d_32x64x64_compv3,68,4,192,768,1,48,48,1,1,1,1,0,0,0.025092199444770813,108.31688939752985,7071768
grouped_conv_forward_bf16_2d_32x64x64_compv4,68,4,192,768,1,48,48,1,1,1,1,0,0,0.03352019935846329,81.08272158333013,7073616
grouped_conv_forward_bf16_2d_32x64x64_compv5,68,4,192,768,1,48,48,1,1,1,1,0,0,0.025000199675559998,108.71549136693524,7071984
grouped_conv_forward_bf16_2d_64x64x64_compv3,68,4,192,768,1,48,48,1,1,1,1,0,0,0.02202809974551201,123.38372457904569,7070344
grouped_conv_forward_bf16_2d_64x64x64_compv4,68,4,192,768,1,48,48,1,1,1,1,0,0,0.041616298258304596,65.30876377159848,7075464
grouped_conv_forward_bf16_2d_64x64x64_compv5,68,4,192,768,1,48,48,1,1,1,1,0,0,0.02242409996688366,121.2048196366347,7068496
grouped_conv_forward_bf16_2d_32x128x64_compv3,68,4,192,768,1,48,48,1,1,1,1,0,0,0.020256200805306435,134.17664142073474,7074323
grouped_conv_forward_bf16_2d_32x128x64_compv4,68,4,192,768,1,48,48,1,1,1,1,0,0,0.03430419787764549,79.22963252760209,7073790
grouped_conv_forward_bf16_2d_32x128x64_compv5,68,4,192,768,1,48,48,1,1,1,1,0,0,0.01934410072863102,140.50324851634218,7072880
grouped_conv_forward_bf16_2d_64x128x64_compv3,68,4,192,768,1,48,48,1,1,1,1,0,0,0.019228098914027214,141.35089507040348,7075116
grouped_conv_forward_bf16_2d_64x128x64_compv4,68,4,192,768,1,48,48,1,1,1,1,0,0,0.04175629839301109,65.08979714674389,7075480
grouped_conv_forward_bf16_2d_64x128x64_compv5,68,4,192,768,1,48,48,1,1,1,1,0,0,0.019312100484967232,140.73606307691142,7072706
grouped_conv_forward_bf16_2d_128x128x64_compv3,68,4,192,768,1,48,48,1,1,1,1,0,0,0.019696200266480446,137.9915392424911,7063900
grouped_conv_forward_bf16_2d_128x128x64_compv4,68,4,192,768,1,48,48,1,1,1,1,0,0,0.041804298758506775,65.0150599989895,7075108
grouped_conv_forward_bf16_2d_128x128x64_compv5,68,4,192,768,1,48,48,1,1,1,1,0,0,0.018724199384450912,145.15488412588823,7055244
grouped_conv_forward_bf16_2d_16x64x128_compv3,68,4,192,768,1,48,48,1,1,1,1,0,0,0.029432201758027077,92.34473908356998,7075887
grouped_conv_forward_bf16_2d_16x64x128_compv4,68,4,192,768,1,48,48,1,1,1,1,0,0,0.03680830076336861,73.8395670442045,7075775
grouped_conv_forward_bf16_2d_16x64x128_compv5,68,4,192,768,1,48,48,1,1,1,1,0,0,0.029204100370407104,93.0660064007345,7076082
grouped_conv_forward_bf16_2d_32x64x128_compv3,68,4,192,768,1,48,48,1,1,1,1,0,0,0.02393209934234619,113.56751253287874,7073989
grouped_conv_forward_bf16_2d_32x64x128_compv4,68,4,192,768,1,48,48,1,1,1,1,0,0,0.033580198884010315,80.93784677654696,7074378
grouped_conv_forward_bf16_2d_32x64x128_compv5,68,4,192,768,1,48,48,1,1,1,1,0,0,0.023780200630426407,114.29293781998108,7074486
grouped_conv_forward_bf16_2d_64x64x128_compv3,68,4,192,768,1,48,48,1,1,1,1,0,0,0.023452099412679672,115.89192695177339,7074940
grouped_conv_forward_bf16_2d_64x64x128_compv4,68,4,192,768,1,48,48,1,1,1,1,0,0,0.041724301874637604,65.13971162815547,7075374
grouped_conv_forward_bf16_2d_64x64x128_compv5,68,4,192,768,1,48,48,1,1,1,1,0,0,0.023452499881386757,115.88994801177199,7074492
grouped_conv_forward_bf16_2d_128x64x128_compv3,68,4,192,768,1,48,48,1,1,1,1,0,0,0.026844600215554237,101.24602229781748,7071258
grouped_conv_forward_bf16_2d_128x64x128_compv4,68,4,192,768,1,48,48,1,1,1,1,0,0,0.041720300912857056,65.14595850296024,7075820
grouped_conv_forward_bf16_2d_128x64x128_compv5,68,4,192,768,1,48,48,1,1,1,1,0,0,0.026308199390769005,103.31033878942156,7070182
grouped_conv_forward_bf16_2d_16x64x64_compv3,69,1,1266,232,1,32,32,1,1,1,1,0,0,0.015647999942302704,38.440834497567245,26513
grouped_conv_forward_bf16_2d_16x64x64_compv4,69,1,1266,232,1,32,32,1,1,1,1,0,0,0.01353210024535656,44.45150162159107,26589
grouped_conv_forward_bf16_2d_16x64x64_compv5,69,1,1266,232,1,32,32,1,1,1,1,0,0,0.015700001269578934,38.31351129668619,26528
grouped_conv_forward_bf16_2d_32x64x64_compv3,69,1,1266,232,1,32,32,1,1,1,1,0,0,0.01908009871840477,31.526156383025857,26624
grouped_conv_forward_bf16_2d_32x64x64_compv4,69,1,1266,232,1,32,32,1,1,1,1,0,0,0.015568099915981293,38.63812406435758,26849
grouped_conv_forward_bf16_2d_32x64x64_compv5,69,1,1266,232,1,32,32,1,1,1,1,0,0,0.01899610087275505,31.665560213081758,26624
grouped_conv_forward_bf16_2d_64x64x64_compv3,69,1,1266,232,1,32,32,1,1,1,1,0,0,0.024508200585842133,24.54371033455172,26493
grouped_conv_forward_bf16_2d_64x64x64_compv4,69,1,1266,232,1,32,32,1,1,1,1,0,0,0.02255209907889366,26.672558234854513,26624
grouped_conv_forward_bf16_2d_64x64x64_compv5,69,1,1266,232,1,32,32,1,1,1,1,0,0,0.023500099778175354,25.596579660424943,26624
grouped_conv_forward_bf16_2d_32x128x64_compv3,69,1,1266,232,1,32,32,1,1,1,1,0,0,0.023020099848508835,26.13030264675262,26624
grouped_conv_forward_bf16_2d_32x128x64_compv4,69,1,1266,232,1,32,32,1,1,1,1,0,0,0.016488101333379745,36.4821979097274,27158
grouped_conv_forward_bf16_2d_32x128x64_compv5,69,1,1266,232,1,32,32,1,1,1,1,0,0,0.023336101323366165,25.776464014479696,26624
grouped_conv_forward_bf16_2d_64x128x64_compv3,69,1,1266,232,1,32,32,1,1,1,1,0,0,0.026652198284864426,22.569326911454045,26624
grouped_conv_forward_bf16_2d_64x128x64_compv4,69,1,1266,232,1,32,32,1,1,1,1,0,0,0.023224100470542908,25.900773929348155,26624
grouped_conv_forward_bf16_2d_64x128x64_compv5,69,1,1266,232,1,32,32,1,1,1,1,0,0,0.02724820002913475,22.07566647913737,27119
grouped_conv_forward_bf16_2d_128x128x64_compv3,69,1,1266,232,1,32,32,1,1,1,1,0,0,0.02714819833636284,22.156983257128676,26624
grouped_conv_forward_bf16_2d_128x128x64_compv4,69,1,1266,232,1,32,32,1,1,1,1,0,0,0.02318819984793663,25.94087423537216,26747
grouped_conv_forward_bf16_2d_128x128x64_compv5,69,1,1266,232,1,32,32,1,1,1,1,0,0,0.02698020078241825,22.29494809363999,26624
grouped_conv_forward_bf16_2d_16x64x128_compv3,69,1,1266,232,1,32,32,1,1,1,1,0,0,0.01251209992915392,48.07523752255354,26666
grouped_conv_forward_bf16_2d_16x64x128_compv4,69,1,1266,232,1,32,32,1,1,1,1,0,0,0.012648100033402443,47.5583031768753,26689
grouped_conv_forward_bf16_2d_16x64x128_compv5,69,1,1266,232,1,32,32,1,1,1,1,0,0,0.012368000112473965,48.63536307647056,26511
grouped_conv_forward_bf16_2d_32x64x128_compv3,69,1,1266,232,1,32,32,1,1,1,1,0,0,0.014936099760234356,40.27304220352648,26705
grouped_conv_forward_bf16_2d_32x64x128_compv4,69,1,1266,232,1,32,32,1,1,1,1,0,0,0.01653210073709488,36.38510226654372,26624
grouped_conv_forward_bf16_2d_32x64x128_compv5,69,1,1266,232,1,32,32,1,1,1,1,0,0,0.014592100866138935,41.222451894904054,26748
grouped_conv_forward_bf16_2d_64x64x128_compv3,69,1,1266,232,1,32,32,1,1,1,1,0,0,0.020364198833703995,29.53821954460806,26624
grouped_conv_forward_bf16_2d_64x64x128_compv4,69,1,1266,232,1,32,32,1,1,1,1,0,0,0.022408099845051765,26.843961788791752,26624
grouped_conv_forward_bf16_2d_64x64x128_compv5,69,1,1266,232,1,32,32,1,1,1,1,0,0,0.01899619959294796,31.66539565226013,26654
grouped_conv_forward_bf16_2d_128x64x128_compv3,69,1,1266,232,1,32,32,1,1,1,1,0,0,0.019892100244760513,30.239249179253363,26624
grouped_conv_forward_bf16_2d_128x64x128_compv4,69,1,1266,232,1,32,32,1,1,1,1,0,0,0.022436199709773064,26.81034149192302,26876
grouped_conv_forward_bf16_2d_128x64x128_compv5,69,1,1266,232,1,32,32,1,1,1,1,0,0,0.01985209994018078,30.3001787122034,26624
grouped_conv_forward_bf16_2d_16x64x64_compv3,70,1,232,232,1,1024,1024,3,3,2,2,1,1,1.752239465713501,144.94223008758885,27829427
grouped_conv_forward_bf16_2d_16x64x64_compv4,70,1,232,232,1,1024,1024,3,3,2,2,1,1,1.9917452335357666,127.51304309996698,27798716
grouped_conv_forward_bf16_2d_16x64x64_compv5,70,1,232,232,1,1024,1024,3,3,2,2,1,1,1.751575231552124,144.99719522920313,27832842
grouped_conv_forward_bf16_2d_32x64x64_compv3,70,1,232,232,1,1024,1024,3,3,2,2,1,1,1.4724767208099365,172.4804828617608,27809417
grouped_conv_forward_bf16_2d_32x64x64_compv4,70,1,232,232,1,1024,1024,3,3,2,2,1,1,1.7782796621322632,142.81977194940794,27797278
grouped_conv_forward_bf16_2d_32x64x64_compv5,70,1,232,232,1,1024,1024,3,3,2,2,1,1,1.4671688079833984,173.10448151980736,27811757
grouped_conv_forward_bf16_2d_64x64x64_compv3,70,1,232,232,1,1024,1024,3,3,2,2,1,1,1.1664221286773682,217.73720642284638,27828098
grouped_conv_forward_bf16_2d_64x64x64_compv4,70,1,232,232,1,1024,1024,3,3,2,2,1,1,2.195103168487549,115.7000269754932,27812574
grouped_conv_forward_bf16_2d_64x64x64_compv5,70,1,232,232,1,1024,1024,3,3,2,2,1,1,1.1693981885910034,217.18307612055582,27831788
grouped_conv_forward_bf16_2d_32x128x64_compv3,70,1,232,232,1,1024,1024,3,3,2,2,1,1,1.1300898790359497,224.73743064105503,27898122
grouped_conv_forward_bf16_2d_32x128x64_compv4,70,1,232,232,1,1024,1024,3,3,2,2,1,1,1.7776596546173096,142.8695842583404,27792771
grouped_conv_forward_bf16_2d_32x128x64_compv5,70,1,232,232,1,1024,1024,3,3,2,2,1,1,1.1303058862686157,224.6944821692661,27885819
grouped_conv_forward_bf16_2d_64x128x64_compv3,70,1,232,232,1,1024,1024,3,3,2,2,1,1,0.9258360862731934,274.31799167639934,27891363
grouped_conv_forward_bf16_2d_64x128x64_compv4,70,1,232,232,1,1024,1024,3,3,2,2,1,1,2.195467233657837,115.68084092280364,27811689
grouped_conv_forward_bf16_2d_64x128x64_compv5,70,1,232,232,1,1024,1024,3,3,2,2,1,1,0.9292801022529602,273.30133852243574,27886027
grouped_conv_forward_bf16_2d_128x128x64_compv3,70,1,232,232,1,1024,1024,3,3,2,2,1,1,0.9320642352104187,272.4849706851632,27851024
grouped_conv_forward_bf16_2d_128x128x64_compv4,70,1,232,232,1,1024,1024,3,3,2,2,1,1,2.193859338760376,115.76562422252005,27813089
grouped_conv_forward_bf16_2d_128x128x64_compv5,70,1,232,232,1,1024,1024,3,3,2,2,1,1,0.9327602386474609,272.2816489007631,27832056
grouped_conv_forward_bf16_2d_16x64x128_compv3,70,1,232,232,1,1024,1024,3,3,2,2,1,1,1.6586265563964844,153.122771867213,27818792
grouped_conv_forward_bf16_2d_16x64x128_compv4,70,1,232,232,1,1024,1024,3,3,2,2,1,1,1.9918454885482788,127.50662502095183,27799342
grouped_conv_forward_bf16_2d_16x64x128_compv5,70,1,232,232,1,1024,1024,3,3,2,2,1,1,1.6570396423339844,153.26941451459277,27819321
grouped_conv_forward_bf16_2d_32x64x128_compv3,70,1,232,232,1,1024,1024,3,3,2,2,1,1,1.2605310678482056,201.48134566928718,27809450
grouped_conv_forward_bf16_2d_32x64x128_compv4,70,1,232,232,1,1024,1024,3,3,2,2,1,1,1.7822157144546509,142.50435216576162,27794561
grouped_conv_forward_bf16_2d_32x64x128_compv5,70,1,232,232,1,1024,1024,3,3,2,2,1,1,1.262679100036621,201.13859158723233,27810016
grouped_conv_forward_bf16_2d_64x64x128_compv3,70,1,232,232,1,1024,1024,3,3,2,2,1,1,1.1304140090942383,224.67299039535098,27834066
grouped_conv_forward_bf16_2d_64x64x128_compv4,70,1,232,232,1,1024,1024,3,3,2,2,1,1,2.1916873455047607,115.88034959863683,27813983
grouped_conv_forward_bf16_2d_64x64x128_compv5,70,1,232,232,1,1024,1024,3,3,2,2,1,1,1.1334699392318726,224.06725314666238,27827798
grouped_conv_forward_bf16_2d_128x64x128_compv3,70,1,232,232,1,1024,1024,3,3,2,2,1,1,1.115101933479309,227.758098325199,27811825
grouped_conv_forward_bf16_2d_128x64x128_compv4,70,1,232,232,1,1024,1024,3,3,2,2,1,1,2.195439338684082,115.68231074889476,27813184
grouped_conv_forward_bf16_2d_128x64x128_compv5,70,1,232,232,1,1024,1024,3,3,2,2,1,1,1.1145378351211548,227.87337298458965,27807529
grouped_conv_forward_bf16_2d_16x64x64_compv3,72,1,128,128,1,32,32,3,3,1,1,1,1,0.013899999670684338,21.725891737746505,131072
grouped_conv_forward_bf16_2d_16x64x64_compv4,72,1,128,128,1,32,32,3,3,1,1,1,1,0.010863999836146832,27.797302333825115,131072
grouped_conv_forward_bf16_2d_16x64x64_compv5,72,1,128,128,1,32,32,3,3,1,1,1,1,0.014224099926650524,21.230860972382963,131072
grouped_conv_forward_bf16_2d_32x64x64_compv3,72,1,128,128,1,32,32,3,3,1,1,1,1,0.017392100766301155,17.363623409147564,131072
grouped_conv_forward_bf16_2d_32x64x64_compv4,72,1,128,128,1,32,32,3,3,1,1,1,1,0.014032100327312946,21.521360377689735,131072
grouped_conv_forward_bf16_2d_32x64x64_compv5,72,1,128,128,1,32,32,3,3,1,1,1,1,0.017500098794698715,17.25646760871324,131072
grouped_conv_forward_bf16_2d_64x64x64_compv3,72,1,128,128,1,32,32,3,3,1,1,1,1,0.021296100690960884,14.18052498822845,131072
grouped_conv_forward_bf16_2d_64x64x64_compv4,72,1,128,128,1,32,32,3,3,1,1,1,1,0.019656099379062653,15.363673238326957,131072
grouped_conv_forward_bf16_2d_64x64x64_compv5,72,1,128,128,1,32,32,3,3,1,1,1,1,0.021324099972844124,14.161905467737393,131072
grouped_conv_forward_bf16_2d_32x128x64_compv3,72,1,128,128,1,32,32,3,3,1,1,1,1,0.020756099373102188,14.549452793203931,131072
grouped_conv_forward_bf16_2d_32x128x64_compv4,72,1,128,128,1,32,32,3,3,1,1,1,1,0.013807999901473522,21.87064673774897,131072
grouped_conv_forward_bf16_2d_32x128x64_compv5,72,1,128,128,1,32,32,3,3,1,1,1,1,0.020448099821805954,14.768603959863132,131072
grouped_conv_forward_bf16_2d_64x128x64_compv3,72,1,128,128,1,32,32,3,3,1,1,1,1,0.02424820140004158,12.454114967862406,131072
grouped_conv_forward_bf16_2d_64x128x64_compv4,72,1,128,128,1,32,32,3,3,1,1,1,1,0.019680101424455643,15.34493555123297,131072
grouped_conv_forward_bf16_2d_64x128x64_compv5,72,1,128,128,1,32,32,3,3,1,1,1,1,0.024632200598716736,12.259963814022072,131072
grouped_conv_forward_bf16_2d_128x128x64_compv3,72,1,128,128,1,32,32,3,3,1,1,1,1,0.02427610009908676,12.439802388661287,131072
grouped_conv_forward_bf16_2d_128x128x64_compv4,72,1,128,128,1,32,32,3,3,1,1,1,1,0.019656099379062653,15.363673238326957,131072
grouped_conv_forward_bf16_2d_128x128x64_compv5,72,1,128,128,1,32,32,3,3,1,1,1,1,0.024032199755311012,12.56605267411118,131072
grouped_conv_forward_bf16_2d_16x64x128_compv3,72,1,128,128,1,32,32,3,3,1,1,1,1,0.011316100135445595,26.686745821033558,131072
grouped_conv_forward_bf16_2d_16x64x128_compv4,72,1,128,128,1,32,32,3,3,1,1,1,1,0.011020099744200706,27.403553053947743,131072
grouped_conv_forward_bf16_2d_16x64x128_compv5,72,1,128,128,1,32,32,3,3,1,1,1,1,0.011296000331640244,26.734231509724943,131072
grouped_conv_forward_bf16_2d_32x64x128_compv3,72,1,128,128,1,32,32,3,3,1,1,1,1,0.013063999824225903,23.116188920945135,131072
grouped_conv_forward_bf16_2d_32x64x128_compv4,72,1,128,128,1,32,32,3,3,1,1,1,1,0.013692100532352924,22.05577495479464,131072
grouped_conv_forward_bf16_2d_32x64x128_compv5,72,1,128,128,1,32,32,3,3,1,1,1,1,0.013120099902153015,23.01734668578578,131072
grouped_conv_forward_bf16_2d_64x64x128_compv3,72,1,128,128,1,32,32,3,3,1,1,1,1,0.0176681000739336,17.092380433453442,131072
grouped_conv_forward_bf16_2d_64x64x128_compv4,72,1,128,128,1,32,32,3,3,1,1,1,1,0.02043209969997406,14.780169068986257,131072
grouped_conv_forward_bf16_2d_64x64x128_compv5,72,1,128,128,1,32,32,3,3,1,1,1,1,0.01740400120615959,17.351750578661203,131072
grouped_conv_forward_bf16_2d_128x64x128_compv3,72,1,128,128,1,32,32,3,3,1,1,1,1,0.017572101205587387,17.185758519531888,131072
grouped_conv_forward_bf16_2d_128x64x128_compv4,72,1,128,128,1,32,32,3,3,1,1,1,1,0.019592100754380226,15.413859482755253,131072
grouped_conv_forward_bf16_2d_128x64x128_compv5,72,1,128,128,1,32,32,3,3,1,1,1,1,0.017928099259734154,16.844501116649777,131072
grouped_conv_forward_bf16_2d_16x64x64_compv3,73,1,24,96,1,256,256,3,3,2,2,1,1,0.014963999390602112,45.40746295584149,1572800
grouped_conv_forward_bf16_2d_16x64x64_compv4,73,1,24,96,1,256,256,3,3,2,2,1,1,0.016540000215172768,41.08084880051512,1571658
grouped_conv_forward_bf16_2d_16x64x64_compv5,73,1,24,96,1,256,256,3,3,2,2,1,1,0.014920000918209553,45.541367706667636,1570080
grouped_conv_forward_bf16_2d_32x64x64_compv3,73,1,24,96,1,256,256,3,3,2,2,1,1,0.012712100520730019,53.45121735719091,1570688
grouped_conv_forward_bf16_2d_32x64x64_compv4,73,1,24,96,1,256,256,3,3,2,2,1,1,0.01416810043156147,47.95824615178244,1570272
grouped_conv_forward_bf16_2d_32x64x64_compv5,73,1,24,96,1,256,256,3,3,2,2,1,1,0.012668000534176826,53.63729233882234,1570784
grouped_conv_forward_bf16_2d_64x64x64_compv3,73,1,24,96,1,256,256,3,3,2,2,1,1,0.01202009990811348,56.528419330471436,1570687
grouped_conv_forward_bf16_2d_64x64x64_compv4,73,1,24,96,1,256,256,3,3,2,2,1,1,0.01613209955394268,42.119579396839015,1572352
grouped_conv_forward_bf16_2d_64x64x64_compv5,73,1,24,96,1,256,256,3,3,2,2,1,1,0.012011999264359474,56.5665409267932,1569728
grouped_conv_forward_bf16_2d_32x128x64_compv3,73,1,24,96,1,256,256,3,3,2,2,1,1,0.009967999532818794,68.16585873252488,1572632
grouped_conv_forward_bf16_2d_32x128x64_compv4,73,1,24,96,1,256,256,3,3,2,2,1,1,0.014084100723266602,48.244276390151036,1571128
grouped_conv_forward_bf16_2d_32x128x64_compv5,73,1,24,96,1,256,256,3,3,2,2,1,1,0.009991999715566635,68.00212843695698,1572664
grouped_conv_forward_bf16_2d_64x128x64_compv3,73,1,24,96,1,256,256,3,3,2,2,1,1,0.011068100109696388,61.39059470601761,1571599
grouped_conv_forward_bf16_2d_64x128x64_compv4,73,1,24,96,1,256,256,3,3,2,2,1,1,0.016164099797606468,42.036194808733796,1571344
grouped_conv_forward_bf16_2d_64x128x64_compv5,73,1,24,96,1,256,256,3,3,2,2,1,1,0.01052400004118681,64.56454250672677,1571603
grouped_conv_forward_bf16_2d_128x128x64_compv3,73,1,24,96,1,256,256,3,3,2,2,1,1,0.01101209968328476,61.702787619274545,1572864
grouped_conv_forward_bf16_2d_128x128x64_compv4,73,1,24,96,1,256,256,3,3,2,2,1,1,0.016896100714802742,40.215033010824044,1570240
grouped_conv_forward_bf16_2d_128x128x64_compv5,73,1,24,96,1,256,256,3,3,2,2,1,1,0.011884000152349472,57.175802700210085,1572864
grouped_conv_forward_bf16_2d_16x64x128_compv3,73,1,24,96,1,256,256,3,3,2,2,1,1,0.015292100608348846,44.4332185225772,1572268
grouped_conv_forward_bf16_2d_16x64x128_compv4,73,1,24,96,1,256,256,3,3,2,2,1,1,0.016352100297808647,41.55290364082815,1572526
grouped_conv_forward_bf16_2d_16x64x128_compv5,73,1,24,96,1,256,256,3,3,2,2,1,1,0.014888100326061249,45.63894876571943,1571904
grouped_conv_forward_bf16_2d_32x64x128_compv3,73,1,24,96,1,256,256,3,3,2,2,1,1,0.012940099462866783,52.50943008203639,1568544
grouped_conv_forward_bf16_2d_32x64x128_compv4,73,1,24,96,1,256,256,3,3,2,2,1,1,0.014124000445008278,48.10798828883794,1570414
grouped_conv_forward_bf16_2d_32x64x128_compv5,73,1,24,96,1,256,256,3,3,2,2,1,1,0.012872099876403809,52.786822237571975,1568544
grouped_conv_forward_bf16_2d_64x64x128_compv3,73,1,24,96,1,256,256,3,3,2,2,1,1,0.011344099417328835,59.896975775975235,1571568
grouped_conv_forward_bf16_2d_64x64x128_compv4,73,1,24,96,1,256,256,3,3,2,2,1,1,0.01639609970152378,41.44139523235837,1571280
grouped_conv_forward_bf16_2d_64x64x128_compv5,73,1,24,96,1,256,256,3,3,2,2,1,1,0.01132809929549694,59.981575926872445,1570512
grouped_conv_forward_bf16_2d_128x64x128_compv3,73,1,24,96,1,256,256,3,3,2,2,1,1,0.010504099540412426,64.68686300866123,1571060
grouped_conv_forward_bf16_2d_128x64x128_compv4,73,1,24,96,1,256,256,3,3,2,2,1,1,0.016140099614858627,42.09870225177985,1571300
grouped_conv_forward_bf16_2d_128x64x128_compv5,73,1,24,96,1,256,256,3,3,2,2,1,1,0.010424099862575531,65.18330186373699,1571848
grouped_conv_forward_bf16_2d_16x64x64_compv3,74,1,512,8,1,32,32,3,3,1,1,1,1,0.04407219961285591,1.713040707366403,4064
grouped_conv_forward_bf16_2d_16x64x64_compv4,74,1,512,8,1,32,32,3,3,1,1,1,1,0.0338761992752552,2.2286287604627173,4064
grouped_conv_forward_bf16_2d_16x64x64_compv5,74,1,512,8,1,32,32,3,3,1,1,1,1,0.04408020153641701,1.712729737354479,4064
grouped_conv_forward_bf16_2d_32x64x64_compv3,74,1,512,8,1,32,32,3,3,1,1,1,1,0.05572430044412613,1.3548392962904956,4064
grouped_conv_forward_bf16_2d_32x64x64_compv4,74,1,512,8,1,32,32,3,3,1,1,1,1,0.04444820061326027,1.6985495691242172,4064
grouped_conv_forward_bf16_2d_32x64x64_compv5,74,1,512,8,1,32,32,3,3,1,1,1,1,0.05567219853401184,1.3561072490046588,3920
grouped_conv_forward_bf16_2d_64x64x64_compv3,74,1,512,8,1,32,32,3,3,1,1,1,1,0.0712243989109993,1.0599945124751458,4064
grouped_conv_forward_bf16_2d_64x64x64_compv4,74,1,512,8,1,32,32,3,3,1,1,1,1,0.06736840307712555,1.1206658990204654,4064
grouped_conv_forward_bf16_2d_64x64x64_compv5,74,1,512,8,1,32,32,3,3,1,1,1,1,0.07102049887180328,1.0630377595105034,4064
grouped_conv_forward_bf16_2d_32x128x64_compv3,74,1,512,8,1,32,32,3,3,1,1,1,1,0.06629239767789841,1.1388556553170277,4064
grouped_conv_forward_bf16_2d_32x128x64_compv4,74,1,512,8,1,32,32,3,3,1,1,1,1,0.04378030076622963,1.7244621594339462,4064
grouped_conv_forward_bf16_2d_32x128x64_compv5,74,1,512,8,1,32,32,3,3,1,1,1,1,0.06666849553585052,1.1324310139772353,4064
grouped_conv_forward_bf16_2d_64x128x64_compv3,74,1,512,8,1,32,32,3,3,1,1,1,1,0.08364859968423843,0.9025551208865685,4064
grouped_conv_forward_bf16_2d_64x128x64_compv4,74,1,512,8,1,32,32,3,3,1,1,1,1,0.06711240112781525,1.1249407073994482,3808
grouped_conv_forward_bf16_2d_64x128x64_compv5,74,1,512,8,1,32,32,3,3,1,1,1,1,0.08348850160837173,0.9042858662638827,4064
grouped_conv_forward_bf16_2d_128x128x64_compv3,74,1,512,8,1,32,32,3,3,1,1,1,1,0.07679659873247147,0.9830835381525541,4064
grouped_conv_forward_bf16_2d_128x128x64_compv4,74,1,512,8,1,32,32,3,3,1,1,1,1,0.06730039417743683,1.1217983627399217,3808
grouped_conv_forward_bf16_2d_128x128x64_compv5,74,1,512,8,1,32,32,3,3,1,1,1,1,0.07412450015544891,1.018522510663435,4064
grouped_conv_forward_bf16_2d_16x64x128_compv3,74,1,512,8,1,32,32,3,3,1,1,1,1,0.03286019712686539,2.297535578028405,4064
grouped_conv_forward_bf16_2d_16x64x128_compv4,74,1,512,8,1,32,32,3,3,1,1,1,1,0.033848199993371964,2.230472285521347,4064
grouped_conv_forward_bf16_2d_16x64x128_compv5,74,1,512,8,1,32,32,3,3,1,1,1,1,0.03316409885883331,2.2764819367281293,4064
grouped_conv_forward_bf16_2d_32x64x128_compv3,74,1,512,8,1,32,32,3,3,1,1,1,1,0.03966020047664642,1.9036079266532213,4064
grouped_conv_forward_bf16_2d_32x64x128_compv4,74,1,512,8,1,32,32,3,3,1,1,1,1,0.04395630210638046,1.7175574009225218,4064
grouped_conv_forward_bf16_2d_32x64x128_compv5,74,1,512,8,1,32,32,3,3,1,1,1,1,0.03974420204758644,1.899584545932147,3926
grouped_conv_forward_bf16_2d_64x64x128_compv3,74,1,512,8,1,32,32,3,3,1,1,1,1,0.05424429848790169,1.391804744545429,4064
grouped_conv_forward_bf16_2d_64x64x128_compv4,74,1,512,8,1,32,32,3,3,1,1,1,1,0.06738439947366714,1.1203998639106865,4064
grouped_conv_forward_bf16_2d_64x64x128_compv5,74,1,512,8,1,32,32,3,3,1,1,1,1,0.053556300699710846,1.4096842204115791,4064
grouped_conv_forward_bf16_2d_128x64x128_compv3,74,1,512,8,1,32,32,3,3,1,1,1,1,0.04876429960131645,1.548211962793409,4064
grouped_conv_forward_bf16_2d_128x64x128_compv4,74,1,512,8,1,32,32,3,3,1,1,1,1,0.06744850426912308,1.119335007026414,4064
grouped_conv_forward_bf16_2d_128x64x128_compv5,74,1,512,8,1,32,32,3,3,1,1,1,1,0.04932839795947075,1.5305072761947451,4064
grouped_conv_forward_bf16_2d_16x64x64_compv3,75,1,128,32,1,24,24,1,1,1,1,0,0,0.0038759999442845583,1.2173870144033165,18432
grouped_conv_forward_bf16_2d_16x64x64_compv4,75,1,128,32,1,24,24,1,1,1,1,0,0,0.004479999653995037,1.053257224203622,18432
grouped_conv_forward_bf16_2d_16x64x64_compv5,75,1,128,32,1,24,24,1,1,1,1,0,0,0.0038240000139921904,1.2339414180790944,18112
grouped_conv_forward_bf16_2d_32x64x64_compv3,75,1,128,32,1,24,24,1,1,1,1,0,0,0.004487999714910984,1.0513797459306633,18432
grouped_conv_forward_bf16_2d_32x64x64_compv4,75,1,128,32,1,24,24,1,1,1,1,0,0,0.004968100227415562,0.9497779400587179,18432
grouped_conv_forward_bf16_2d_32x64x64_compv5,75,1,128,32,1,24,24,1,1,1,1,0,0,0.004372100345790386,1.0792506179651682,18432
grouped_conv_forward_bf16_2d_64x64x64_compv3,75,1,128,32,1,24,24,1,1,1,1,0,0,0.00535999983549118,0.8803343553773817,18432
grouped_conv_forward_bf16_2d_64x64x64_compv4,75,1,128,32,1,24,24,1,1,1,1,0,0,0.006380000151693821,0.7395912049856715,18432
grouped_conv_forward_bf16_2d_64x64x64_compv5,75,1,128,32,1,24,24,1,1,1,1,0,0,0.005379999987781048,0.8770617120291404,18432
grouped_conv_forward_bf16_2d_32x128x64_compv3,75,1,128,32,1,24,24,1,1,1,1,0,0,0.004848000127822161,0.9733069050309011,18432
grouped_conv_forward_bf16_2d_32x128x64_compv4,75,1,128,32,1,24,24,1,1,1,1,0,0,0.005716000217944384,0.8255059167399619,18432
grouped_conv_forward_bf16_2d_32x128x64_compv5,75,1,128,32,1,24,24,1,1,1,1,0,0,0.0047841002233326435,0.9863070963661773,18432
grouped_conv_forward_bf16_2d_64x128x64_compv3,75,1,128,32,1,24,24,1,1,1,1,0,0,0.006083999760448933,0.7755739950344475,18432
grouped_conv_forward_bf16_2d_64x128x64_compv4,75,1,128,32,1,24,24,1,1,1,1,0,0,0.006676100194454193,0.7067886734114197,18432
grouped_conv_forward_bf16_2d_64x128x64_compv5,75,1,128,32,1,24,24,1,1,1,1,0,0,0.005652000196278095,0.8348534741925956,18432
grouped_conv_forward_bf16_2d_128x128x64_compv3,75,1,128,32,1,24,24,1,1,1,1,0,0,0.006639999803155661,0.7106313463680358,18432
grouped_conv_forward_bf16_2d_128x128x64_compv4,75,1,128,32,1,24,24,1,1,1,1,0,0,0.006844100542366505,0.689439316501981,18432
grouped_conv_forward_bf16_2d_128x128x64_compv5,75,1,128,32,1,24,24,1,1,1,1,0,0,0.007020000368356705,0.672164067293997,18432
grouped_conv_forward_bf16_2d_16x64x128_compv3,75,1,128,32,1,24,24,1,1,1,1,0,0,0.004596100188791752,1.0266512491409483,18432
grouped_conv_forward_bf16_2d_16x64x128_compv4,75,1,128,32,1,24,24,1,1,1,1,0,0,0.004924099892377853,0.9582648815276952,18432
grouped_conv_forward_bf16_2d_16x64x128_compv5,75,1,128,32,1,24,24,1,1,1,1,0,0,0.0038159999530762434,1.2365283170918642,18432
grouped_conv_forward_bf16_2d_32x64x128_compv3,75,1,128,32,1,24,24,1,1,1,1,0,0,0.00427610008046031,1.1034802533181256,18432
grouped_conv_forward_bf16_2d_32x64x128_compv4,75,1,128,32,1,24,24,1,1,1,1,0,0,0.0050039999186992645,0.942964044097456,18432
grouped_conv_forward_bf16_2d_32x64x128_compv5,75,1,128,32,1,24,24,1,1,1,1,0,0,0.004268100019544363,1.1055485997030896,18432
grouped_conv_forward_bf16_2d_64x64x128_compv3,75,1,128,32,1,24,24,1,1,1,1,0,0,0.005228099878877401,0.9025443486770561,18432
grouped_conv_forward_bf16_2d_64x64x128_compv4,75,1,128,32,1,24,24,1,1,1,1,0,0,0.006332100369036198,0.7451859138357613,18432
grouped_conv_forward_bf16_2d_64x64x128_compv5,75,1,128,32,1,24,24,1,1,1,1,0,0,0.005311999935656786,0.8882891673861785,18432
grouped_conv_forward_bf16_2d_128x64x128_compv3,75,1,128,32,1,24,24,1,1,1,1,0,0,0.00547999981790781,0.8610569629182022,18432
grouped_conv_forward_bf16_2d_128x64x128_compv4,75,1,128,32,1,24,24,1,1,1,1,0,0,0.0074440003372728825,0.6338785311942451,18432
grouped_conv_forward_bf16_2d_128x64x128_compv5,75,1,128,32,1,24,24,1,1,1,1,0,0,0.005552000366151333,0.8498904338637401,18432
grouped_conv_forward_bf16_2d_16x64x64_compv3,76,1,1088,1088,1,7,7,1,1,1,1,0,0,0.013199999928474426,8.788402471863298,53312
grouped_conv_forward_bf16_2d_16x64x64_compv4,76,1,1088,1088,1,7,7,1,1,1,1,0,0,0.010864099487662315,10.678005308377548,53312
grouped_conv_forward_bf16_2d_16x64x64_compv5,76,1,1088,1088,1,7,7,1,1,1,1,0,0,0.01316010020673275,8.815047771494209,53312
grouped_conv_forward_bf16_2d_32x64x64_compv3,76,1,1088,1088,1,7,7,1,1,1,1,0,0,0.016756098717451096,6.92326501270737,53312
grouped_conv_forward_bf16_2d_32x64x64_compv4,76,1,1088,1088,1,7,7,1,1,1,1,0,0,0.013920100405812263,8.333769773065857,53312
grouped_conv_forward_bf16_2d_32x64x64_compv5,76,1,1088,1088,1,7,7,1,1,1,1,0,0,0.016804100945591927,6.903488164919117,53312
grouped_conv_forward_bf16_2d_64x64x64_compv3,76,1,1088,1088,1,7,7,1,1,1,1,0,0,0.02043220028281212,5.677651471417241,53312
grouped_conv_forward_bf16_2d_64x64x64_compv4,76,1,1088,1088,1,7,7,1,1,1,1,0,0,0.019732099026441574,5.879096382222055,53312
grouped_conv_forward_bf16_2d_64x64x64_compv5,76,1,1088,1088,1,7,7,1,1,1,1,0,0,0.020924100652337074,5.5441767332084995,53312
grouped_conv_forward_bf16_2d_32x128x64_compv3,76,1,1088,1088,1,7,7,1,1,1,1,0,0,0.019936200231313705,5.818907848737817,53312
grouped_conv_forward_bf16_2d_32x128x64_compv4,76,1,1088,1088,1,7,7,1,1,1,1,0,0,0.013948099687695503,8.317040643345631,53312
grouped_conv_forward_bf16_2d_32x128x64_compv5,76,1,1088,1088,1,7,7,1,1,1,1,0,0,0.020168200135231018,5.751971480952938,53312
grouped_conv_forward_bf16_2d_64x128x64_compv3,76,1,1088,1088,1,7,7,1,1,1,1,0,0,0.024128099903464317,4.807958872192158,53312
grouped_conv_forward_bf16_2d_64x128x64_compv4,76,1,1088,1088,1,7,7,1,1,1,1,0,0,0.01955210044980049,5.933219926822938,53312
grouped_conv_forward_bf16_2d_64x128x64_compv5,76,1,1088,1088,1,7,7,1,1,1,1,0,0,0.023580100387334824,4.919695425143686,53312
grouped_conv_forward_bf16_2d_128x128x64_compv3,76,1,1088,1088,1,7,7,1,1,1,1,0,0,0.022508099675178528,5.154007387302006,53312
grouped_conv_forward_bf16_2d_128x128x64_compv4,76,1,1088,1088,1,7,7,1,1,1,1,0,0,0.019704200327396393,5.887420452110707,53312
grouped_conv_forward_bf16_2d_128x128x64_compv5,76,1,1088,1088,1,7,7,1,1,1,1,0,0,0.023228099569678307,4.994248954892293,53312
grouped_conv_forward_bf16_2d_16x64x128_compv3,76,1,1088,1088,1,7,7,1,1,1,1,0,0,0.011200100183486938,10.35766735114002,53308
grouped_conv_forward_bf16_2d_16x64x128_compv4,76,1,1088,1088,1,7,7,1,1,1,1,0,0,0.011480099521577358,10.105044105406913,53312
grouped_conv_forward_bf16_2d_16x64x128_compv5,76,1,1088,1088,1,7,7,1,1,1,1,0,0,0.011099999770522118,10.451073369215331,53312
grouped_conv_forward_bf16_2d_32x64x128_compv3,76,1,1088,1088,1,7,7,1,1,1,1,0,0,0.01329600065946579,8.724947822367282,53312
grouped_conv_forward_bf16_2d_32x64x128_compv4,76,1,1088,1088,1,7,7,1,1,1,1,0,0,0.01418409962207079,8.178658856815312,53312
grouped_conv_forward_bf16_2d_32x64x128_compv5,76,1,1088,1088,1,7,7,1,1,1,1,0,0,0.013244000263512135,8.759204899716341,53312
grouped_conv_forward_bf16_2d_64x64x128_compv3,76,1,1088,1088,1,7,7,1,1,1,1,0,0,0.017320100218057632,6.697819905167363,53312
grouped_conv_forward_bf16_2d_64x64x128_compv4,76,1,1088,1088,1,7,7,1,1,1,1,0,0,0.02035610005259514,5.69887707862836,53312
grouped_conv_forward_bf16_2d_64x64x128_compv5,76,1,1088,1088,1,7,7,1,1,1,1,0,0,0.01727609895169735,6.7148788811841404,52800
grouped_conv_forward_bf16_2d_128x64x128_compv3,76,1,1088,1088,1,7,7,1,1,1,1,0,0,0.016988100484013557,6.828715906711693,53312
grouped_conv_forward_bf16_2d_128x64x128_compv4,76,1,1088,1088,1,7,7,1,1,1,1,0,0,0.019548099488019943,5.934434294806759,53312
grouped_conv_forward_bf16_2d_128x64x128_compv5,76,1,1088,1088,1,7,7,1,1,1,1,0,0,0.0168800987303257,6.87240719697862,53312
grouped_conv_forward_bf16_2d_16x64x64_compv3,77,1,96,54,1,111,111,1,1,1,1,0,0,0.005243999883532524,24.360055460937104,61901
grouped_conv_forward_bf16_2d_16x64x64_compv4,77,1,96,54,1,111,111,1,1,1,1,0,0,0.006784000433981419,18.8302063425767,61855
grouped_conv_forward_bf16_2d_16x64x64_compv5,77,1,96,54,1,111,111,1,1,1,1,0,0,0.005256100092083216,24.303975525962553,62069
grouped_conv_forward_bf16_2d_32x64x64_compv3,77,1,96,54,1,111,111,1,1,1,1,0,0,0.005152000114321709,24.795055350424477,61942
grouped_conv_forward_bf16_2d_32x64x64_compv4,77,1,96,54,1,111,111,1,1,1,1,0,0,0.0059281000867486,21.54891552616551,61893
grouped_conv_forward_bf16_2d_32x64x64_compv5,77,1,96,54,1,111,111,1,1,1,1,0,0,0.005183999892324209,24.642000511833892,61970
grouped_conv_forward_bf16_2d_64x64x64_compv3,77,1,96,54,1,111,111,1,1,1,1,0,0,0.0060120997950434685,21.24783891733061,62501
grouped_conv_forward_bf16_2d_64x64x64_compv4,77,1,96,54,1,111,111,1,1,1,1,0,0,0.006648000329732895,19.215421429609425,61861
grouped_conv_forward_bf16_2d_64x64x64_compv5,77,1,96,54,1,111,111,1,1,1,1,0,0,0.00555610004812479,22.991689655249143,62309
grouped_conv_forward_bf16_2d_32x128x64_compv3,77,1,96,54,1,111,111,1,1,1,1,0,0,0.005743999965488911,22.239576735291088,61913
grouped_conv_forward_bf16_2d_32x128x64_compv4,77,1,96,54,1,111,111,1,1,1,1,0,0,0.0059281000867486,21.54891552616551,61863
grouped_conv_forward_bf16_2d_32x128x64_compv5,77,1,96,54,1,111,111,1,1,1,1,0,0,0.0057760002091526985,22.11636485012164,61888
grouped_conv_forward_bf16_2d_64x128x64_compv3,77,1,96,54,1,111,111,1,1,1,1,0,0,0.005880000069737434,21.725191579071577,62106
grouped_conv_forward_bf16_2d_64x128x64_compv4,77,1,96,54,1,111,111,1,1,1,1,0,0,0.0066200001165270805,19.296695732841748,61861
grouped_conv_forward_bf16_2d_64x128x64_compv5,77,1,96,54,1,111,111,1,1,1,1,0,0,0.00598399993032217,21.34761522183414,61605
grouped_conv_forward_bf16_2d_128x128x64_compv3,77,1,96,54,1,111,111,1,1,1,1,0,0,0.007156000472605228,17.851330291135827,61605
grouped_conv_forward_bf16_2d_128x128x64_compv4,77,1,96,54,1,111,111,1,1,1,1,0,0,0.007500099949538708,17.03232341695085,61861
grouped_conv_forward_bf16_2d_128x128x64_compv5,77,1,96,54,1,111,111,1,1,1,1,0,0,0.00739199947565794,17.28140382323686,61605
grouped_conv_forward_bf16_2d_16x64x128_compv3,77,1,96,54,1,111,111,1,1,1,1,0,0,0.004964000079780817,25.734110787049076,61841
grouped_conv_forward_bf16_2d_16x64x128_compv4,77,1,96,54,1,111,111,1,1,1,1,0,0,0.007367999758571386,17.337694379182345,61729
grouped_conv_forward_bf16_2d_16x64x128_compv5,77,1,96,54,1,111,111,1,1,1,1,0,0,0.004980000201612711,25.651430286816385,61714
grouped_conv_forward_bf16_2d_32x64x128_compv3,77,1,96,54,1,111,111,1,1,1,1,0,0,0.0049240002408623695,25.94316038815372,61719
grouped_conv_forward_bf16_2d_32x64x128_compv4,77,1,96,54,1,111,111,1,1,1,1,0,0,0.005895999725908041,21.666237099481236,62024
grouped_conv_forward_bf16_2d_32x64x128_compv5,77,1,96,54,1,111,111,1,1,1,1,0,0,0.004908000119030476,26.027735310086854,61727
grouped_conv_forward_bf16_2d_64x64x128_compv3,77,1,96,54,1,111,111,1,1,1,1,0,0,0.005319999996572733,24.012054150807465,61879
grouped_conv_forward_bf16_2d_64x64x128_compv4,77,1,96,54,1,111,111,1,1,1,1,0,0,0.00674000009894371,18.95313443986744,61876
grouped_conv_forward_bf16_2d_64x64x128_compv5,77,1,96,54,1,111,111,1,1,1,1,0,0,0.0054281000047922134,23.533856761522582,61909
grouped_conv_forward_bf16_2d_128x64x128_compv3,77,1,96,54,1,111,111,1,1,1,1,0,0,0.005927999969571829,21.549279462838253,64140
grouped_conv_forward_bf16_2d_128x64x128_compv4,77,1,96,54,1,111,111,1,1,1,1,0,0,0.0067079998552799225,19.04354960584138,61605
grouped_conv_forward_bf16_2d_128x64x128_compv5,77,1,96,54,1,111,111,1,1,1,1,0,0,0.005832099821418524,21.903625094148197,61605
grouped_conv_forward_bf16_2d_16x64x64_compv3,78,4,48,48,1,32,32,3,3,1,1,1,1,0.008315999992191792,20.4268052139847,195805
grouped_conv_forward_bf16_2d_16x64x64_compv4,78,4,48,48,1,32,32,3,3,1,1,1,1,0.006876099854707718,24.70431139589968,196583
grouped_conv_forward_bf16_2d_16x64x64_compv5,78,4,48,48,1,32,32,3,3,1,1,1,1,0.0072999997064471245,23.26976970286408,196510
grouped_conv_forward_bf16_2d_32x64x64_compv3,78,4,48,48,1,32,32,3,3,1,1,1,1,0.008784099481999874,19.338272790294706,195935
grouped_conv_forward_bf16_2d_32x64x64_compv4,78,4,48,48,1,32,32,3,3,1,1,1,1,0.008051999844610691,21.09653691979338,196608
grouped_conv_forward_bf16_2d_32x64x64_compv5,78,4,48,48,1,32,32,3,3,1,1,1,1,0.008708099834620953,19.50704691334009,195977
grouped_conv_forward_bf16_2d_64x64x64_compv3,78,4,48,48,1,32,32,3,3,1,1,1,1,0.010739999823272228,15.81650975746895,196608
grouped_conv_forward_bf16_2d_64x64x64_compv4,78,4,48,48,1,32,32,3,3,1,1,1,1,0.011784099973738194,14.415128213318566,196608
grouped_conv_forward_bf16_2d_64x64x64_compv5,78,4,48,48,1,32,32,3,3,1,1,1,1,0.010619999840855598,15.995227358338125,196608
grouped_conv_forward_bf16_2d_32x128x64_compv3,78,4,48,48,1,32,32,3,3,1,1,1,1,0.009811999276280403,17.312405679711297,196512
grouped_conv_forward_bf16_2d_32x128x64_compv4,78,4,48,48,1,32,32,3,3,1,1,1,1,0.008656000718474388,19.62445678146146,196608
grouped_conv_forward_bf16_2d_32x128x64_compv5,78,4,48,48,1,32,32,3,3,1,1,1,1,0.009824000298976898,17.291256802759943,196512
grouped_conv_forward_bf16_2d_64x128x64_compv3,78,4,48,48,1,32,32,3,3,1,1,1,1,0.012092100456357002,14.04795739277018,196608
grouped_conv_forward_bf16_2d_64x128x64_compv4,78,4,48,48,1,32,32,3,3,1,1,1,1,0.011339999735355377,14.97965749244143,196608
grouped_conv_forward_bf16_2d_64x128x64_compv5,78,4,48,48,1,32,32,3,3,1,1,1,1,0.011971999891102314,14.1888835236499,195296
grouped_conv_forward_bf16_2d_128x128x64_compv3,78,4,48,48,1,32,32,3,3,1,1,1,1,0.012771999463438988,13.300134601967875,196608
grouped_conv_forward_bf16_2d_128x128x64_compv4,78,4,48,48,1,32,32,3,3,1,1,1,1,0.011435999535024166,14.853910362601377,195424
grouped_conv_forward_bf16_2d_128x128x64_compv5,78,4,48,48,1,32,32,3,3,1,1,1,1,0.012032000347971916,14.118127251270629,196608
grouped_conv_forward_bf16_2d_16x64x128_compv3,78,4,48,48,1,32,32,3,3,1,1,1,1,0.006695999763906002,25.36877508802502,196581
grouped_conv_forward_bf16_2d_16x64x128_compv4,78,4,48,48,1,32,32,3,3,1,1,1,1,0.006843999959528446,24.82018015846161,196575
grouped_conv_forward_bf16_2d_16x64x128_compv5,78,4,48,48,1,32,32,3,3,1,1,1,1,0.006623999681323767,25.644522972871375,195825
grouped_conv_forward_bf16_2d_32x64x128_compv3,78,4,48,48,1,32,32,3,3,1,1,1,1,0.0075561003759503365,22.48108197988773,195991
grouped_conv_forward_bf16_2d_32x64x128_compv4,78,4,48,48,1,32,32,3,3,1,1,1,1,0.008036000654101372,21.138538846845787,196608
grouped_conv_forward_bf16_2d_32x64x128_compv5,78,4,48,48,1,32,32,3,3,1,1,1,1,0.007631999906152487,22.257509707653554,196054
grouped_conv_forward_bf16_2d_64x64x128_compv3,78,4,48,48,1,32,32,3,3,1,1,1,1,0.009912099689245224,17.13757098148546,196608
grouped_conv_forward_bf16_2d_64x64x128_compv4,78,4,48,48,1,32,32,3,3,1,1,1,1,0.012083999812602997,14.057374597344412,196608
grouped_conv_forward_bf16_2d_64x64x128_compv5,78,4,48,48,1,32,32,3,3,1,1,1,1,0.009883999824523926,17.186292494514685,196608
grouped_conv_forward_bf16_2d_128x64x128_compv3,78,4,48,48,1,32,32,3,3,1,1,1,1,0.010843999683856964,15.664820818178164,196608
grouped_conv_forward_bf16_2d_128x64x128_compv4,78,4,48,48,1,32,32,3,3,1,1,1,1,0.011304100044071674,15.027230061457773,196608
grouped_conv_forward_bf16_2d_128x64x128_compv5,78,4,48,48,1,32,32,3,3,1,1,1,1,0.010096000507473946,16.825406444289282,196608
grouped_conv_forward_bf16_2d_16x64x64_compv3,79,1,1024,512,1,16,16,1,1,1,1,0,0,0.012679999694228172,21.169989154036774,131072
grouped_conv_forward_bf16_2d_16x64x64_compv4,79,1,1024,512,1,16,16,1,1,1,1,0,0,0.010463999584317207,25.6532364930819,131072
grouped_conv_forward_bf16_2d_16x64x64_compv5,79,1,1024,512,1,16,16,1,1,1,1,0,0,0.012615999206900597,21.277383709185187,131072
grouped_conv_forward_bf16_2d_32x64x64_compv3,79,1,1024,512,1,16,16,1,1,1,1,0,0,0.015768000856041908,17.02406401742058,131072
grouped_conv_forward_bf16_2d_32x64x64_compv4,79,1,1024,512,1,16,16,1,1,1,1,0,0,0.013336099684238434,20.128483016459185,131072
grouped_conv_forward_bf16_2d_32x64x64_compv5,79,1,1024,512,1,16,16,1,1,1,1,0,0,0.015740100294351578,17.05424050546422,131072
grouped_conv_forward_bf16_2d_64x64x64_compv3,79,1,1024,512,1,16,16,1,1,1,1,0,0,0.019404100254178047,13.833955323035454,131072
grouped_conv_forward_bf16_2d_64x64x64_compv4,79,1,1024,512,1,16,16,1,1,1,1,0,0,0.01910020038485527,14.054064909855345,131072
grouped_conv_forward_bf16_2d_64x64x64_compv5,79,1,1024,512,1,16,16,1,1,1,1,0,0,0.019984200596809387,13.432383982517546,131072
grouped_conv_forward_bf16_2d_32x128x64_compv3,79,1,1024,512,1,16,16,1,1,1,1,0,0,0.01921219937503338,13.972135660263708,131072
grouped_conv_forward_bf16_2d_32x128x64_compv4,79,1,1024,512,1,16,16,1,1,1,1,0,0,0.013072100467979908,20.53499027624002,131072
grouped_conv_forward_bf16_2d_32x128x64_compv5,79,1,1024,512,1,16,16,1,1,1,1,0,0,0.01889210008084774,14.208873277785143,131072
grouped_conv_forward_bf16_2d_64x128x64_compv3,79,1,1024,512,1,16,16,1,1,1,1,0,0,0.023064101114869118,11.638669751883079,131072
grouped_conv_forward_bf16_2d_64x128x64_compv4,79,1,1024,512,1,16,16,1,1,1,1,0,0,0.019164100289344788,14.007203674948922,131072
grouped_conv_forward_bf16_2d_64x128x64_compv5,79,1,1024,512,1,16,16,1,1,1,1,0,0,0.021992098540067673,12.205995508383802,131072
grouped_conv_forward_bf16_2d_128x128x64_compv3,79,1,1024,512,1,16,16,1,1,1,1,0,0,0.022884100675582886,11.730216529173813,131072
grouped_conv_forward_bf16_2d_128x128x64_compv4,79,1,1024,512,1,16,16,1,1,1,1,0,0,0.01907220110297203,14.074697228217124,131072
grouped_conv_forward_bf16_2d_128x128x64_compv5,79,1,1024,512,1,16,16,1,1,1,1,0,0,0.023308100178837776,11.516831227785856,131072
grouped_conv_forward_bf16_2d_16x64x128_compv3,79,1,1024,512,1,16,16,1,1,1,1,0,0,0.011144000105559826,24.08789065481752,131072
grouped_conv_forward_bf16_2d_16x64x128_compv4,79,1,1024,512,1,16,16,1,1,1,1,0,0,0.01110410038381815,24.174444279267075,131072
grouped_conv_forward_bf16_2d_16x64x128_compv5,79,1,1024,512,1,16,16,1,1,1,1,0,0,0.010300000198185444,26.06169425582054,131072
grouped_conv_forward_bf16_2d_32x64x128_compv3,79,1,1024,512,1,16,16,1,1,1,1,0,0,0.012227999977767467,21.952523428856736,131072
grouped_conv_forward_bf16_2d_32x64x128_compv4,79,1,1024,512,1,16,16,1,1,1,1,0,0,0.012948100455105305,20.731647621266223,131072
grouped_conv_forward_bf16_2d_32x64x128_compv5,79,1,1024,512,1,16,16,1,1,1,1,0,0,0.01204410009086132,22.287713816300837,131072
grouped_conv_forward_bf16_2d_64x64x128_compv3,79,1,1024,512,1,16,16,1,1,1,1,0,0,0.01602409966289997,16.751983677529108,131072
grouped_conv_forward_bf16_2d_64x64x128_compv4,79,1,1024,512,1,16,16,1,1,1,1,0,0,0.019116099923849106,14.042375645102268,131072
grouped_conv_forward_bf16_2d_64x64x128_compv5,79,1,1024,512,1,16,16,1,1,1,1,0,0,0.01600009948015213,16.77711168814856,131072
grouped_conv_forward_bf16_2d_128x64x128_compv3,79,1,1024,512,1,16,16,1,1,1,1,0,0,0.016356099396944046,16.41194819653359,131072
grouped_conv_forward_bf16_2d_128x64x128_compv4,79,1,1024,512,1,16,16,1,1,1,1,0,0,0.019032100215554237,14.10435280183201,131072
grouped_conv_forward_bf16_2d_128x64x128_compv5,79,1,1024,512,1,16,16,1,1,1,1,0,0,0.016228100284934044,16.541397408617936,131072
grouped_conv_forward_bf16_2d_16x64x64_compv3,80,1,256,64,1,56,56,3,3,1,1,1,1,0.024932099506258965,37.094510703674466,200704
grouped_conv_forward_bf16_2d_16x64x64_compv4,80,1,256,64,1,56,56,3,3,1,1,1,1,0.019728099927306175,46.87952896669483,200704
grouped_conv_forward_bf16_2d_16x64x64_compv5,80,1,256,64,1,56,56,3,3,1,1,1,1,0.024848200380802155,37.21975909026149,200254
grouped_conv_forward_bf16_2d_32x64x64_compv3,80,1,256,64,1,56,56,3,3,1,1,1,1,0.030848199501633644,29.980486606715008,200704
grouped_conv_forward_bf16_2d_32x64x64_compv4,80,1,256,64,1,56,56,3,3,1,1,1,1,0.024604100733995438,37.5890198954577,200376
grouped_conv_forward_bf16_2d_32x64x64_compv5,80,1,256,64,1,56,56,3,3,1,1,1,1,0.03088420070707798,29.945538845952587,200158
grouped_conv_forward_bf16_2d_64x64x64_compv3,80,1,256,64,1,56,56,3,3,1,1,1,1,0.03808020055294037,24.286742679158184,200704
grouped_conv_forward_bf16_2d_64x64x64_compv4,80,1,256,64,1,56,56,3,3,1,1,1,1,0.03656420111656189,25.293702686179802,200704
grouped_conv_forward_bf16_2d_64x64x64_compv5,80,1,256,64,1,56,56,3,3,1,1,1,1,0.03805220127105713,24.30461316579457,200704
grouped_conv_forward_bf16_2d_32x128x64_compv3,80,1,256,64,1,56,56,3,3,1,1,1,1,0.036872200667858124,25.082420231190486,199440
grouped_conv_forward_bf16_2d_32x128x64_compv4,80,1,256,64,1,56,56,3,3,1,1,1,1,0.02460009977221489,37.5951333760274,200448
grouped_conv_forward_bf16_2d_32x128x64_compv5,80,1,256,64,1,56,56,3,3,1,1,1,1,0.036872200667858124,25.082420231190486,199904
grouped_conv_forward_bf16_2d_64x128x64_compv3,80,1,256,64,1,56,56,3,3,1,1,1,1,0.04462829977273941,20.723263864175447,200704
grouped_conv_forward_bf16_2d_64x128x64_compv4,80,1,256,64,1,56,56,3,3,1,1,1,1,0.03656020015478134,25.296470699957286,200704
grouped_conv_forward_bf16_2d_64x128x64_compv5,80,1,256,64,1,56,56,3,3,1,1,1,1,0.044616300612688065,20.728837202988345,200704
grouped_conv_forward_bf16_2d_128x128x64_compv3,80,1,256,64,1,56,56,3,3,1,1,1,1,0.0408002994954586,22.667579489286407,200704
grouped_conv_forward_bf16_2d_128x128x64_compv4,80,1,256,64,1,56,56,3,3,1,1,1,1,0.03658030182123184,25.28256974258218,200704
grouped_conv_forward_bf16_2d_128x128x64_compv5,80,1,256,64,1,56,56,3,3,1,1,1,1,0.04032430052757263,22.935153738565592,200704
grouped_conv_forward_bf16_2d_16x64x128_compv3,80,1,256,64,1,56,56,3,3,1,1,1,1,0.019592100754380226,47.204944665937965,200704
grouped_conv_forward_bf16_2d_16x64x128_compv4,80,1,256,64,1,56,56,3,3,1,1,1,1,0.019748199731111526,46.83181477767772,200704
grouped_conv_forward_bf16_2d_16x64x128_compv5,80,1,256,64,1,56,56,3,3,1,1,1,1,0.019680101424455643,46.99386512565097,200644
grouped_conv_forward_bf16_2d_32x64x128_compv3,80,1,256,64,1,56,56,3,3,1,1,1,1,0.02263220027089119,40.86407953845764,200704
grouped_conv_forward_bf16_2d_32x64x128_compv4,80,1,256,64,1,56,56,3,3,1,1,1,1,0.02462809905409813,37.552392085499,200512
grouped_conv_forward_bf16_2d_32x64x128_compv5,80,1,256,64,1,56,56,3,3,1,1,1,1,0.022628100588917732,40.87148315280818,200382
grouped_conv_forward_bf16_2d_64x64x128_compv3,80,1,256,64,1,56,56,3,3,1,1,1,1,0.029900100082159042,30.931134994823683,200704
grouped_conv_forward_bf16_2d_64x64x128_compv4,80,1,256,64,1,56,56,3,3,1,1,1,1,0.03662019968032837,25.255024278221168,200704
grouped_conv_forward_bf16_2d_64x64x128_compv5,80,1,256,64,1,56,56,3,3,1,1,1,1,0.029992198571562767,30.83615326810002,200704
grouped_conv_forward_bf16_2d_128x64x128_compv3,80,1,256,64,1,56,56,3,3,1,1,1,1,0.02908020094037056,31.80322013236457,200704
grouped_conv_forward_bf16_2d_128x64x128_compv4,80,1,256,64,1,56,56,3,3,1,1,1,1,0.03656020015478134,25.296470699957286,199902
grouped_conv_forward_bf16_2d_128x64x128_compv5,80,1,256,64,1,56,56,3,3,1,1,1,1,0.028992200270295143,31.899753153525833,200704
grouped_conv_forward_bf16_2d_16x64x64_compv3,82,4,2112,192,1,7,7,1,1,1,1,0,0,0.022756099700927734,6.985272963693314,37632
grouped_conv_forward_bf16_2d_16x64x64_compv4,82,4,2112,192,1,7,7,1,1,1,1,0,0,0.017864100635051727,8.898156769678303,37632
grouped_conv_forward_bf16_2d_16x64x64_compv5,82,4,2112,192,1,7,7,1,1,1,1,0,0,0.022776100784540176,6.97913876934968,37632
grouped_conv_forward_bf16_2d_32x64x64_compv3,82,4,2112,192,1,7,7,1,1,1,1,0,0,0.029488200321793556,5.3905482961101825,37632
grouped_conv_forward_bf16_2d_32x64x64_compv4,82,4,2112,192,1,7,7,1,1,1,1,0,0,0.02337620034813881,6.799974573825726,37632
grouped_conv_forward_bf16_2d_32x64x64_compv5,82,4,2112,192,1,7,7,1,1,1,1,0,0,0.028992200270295143,5.482770073262253,37632
grouped_conv_forward_bf16_2d_64x64x64_compv3,82,4,2112,192,1,7,7,1,1,1,1,0,0,0.03561219945549965,4.463570642375809,37632
grouped_conv_forward_bf16_2d_64x64x64_compv4,82,4,2112,192,1,7,7,1,1,1,1,0,0,0.03360820189118385,4.729725455550121,37632
grouped_conv_forward_bf16_2d_64x64x64_compv5,82,4,2112,192,1,7,7,1,1,1,1,0,0,0.03574829921126366,4.446577082187879,37632
grouped_conv_forward_bf16_2d_32x128x64_compv3,82,4,2112,192,1,7,7,1,1,1,1,0,0,0.03549230098724365,4.4786492726163685,37632
grouped_conv_forward_bf16_2d_32x128x64_compv4,82,4,2112,192,1,7,7,1,1,1,1,0,0,0.023360200226306915,6.8046320862006615,37632
grouped_conv_forward_bf16_2d_32x128x64_compv5,82,4,2112,192,1,7,7,1,1,1,1,0,0,0.03540020063519478,4.490301330155876,37632
grouped_conv_forward_bf16_2d_64x128x64_compv3,82,4,2112,192,1,7,7,1,1,1,1,0,0,0.04146429896354675,3.8336007595292325,37632
grouped_conv_forward_bf16_2d_64x128x64_compv4,82,4,2112,192,1,7,7,1,1,1,1,0,0,0.03393230214715004,4.684550058250344,37632
grouped_conv_forward_bf16_2d_64x128x64_compv5,82,4,2112,192,1,7,7,1,1,1,1,0,0,0.041032299399375916,3.8739619842610544,37632
grouped_conv_forward_bf16_2d_128x128x64_compv3,82,4,2112,192,1,7,7,1,1,1,1,0,0,0.03984440118074417,3.989458074145191,37632
grouped_conv_forward_bf16_2d_128x128x64_compv4,82,4,2112,192,1,7,7,1,1,1,1,0,0,0.03348430246114731,4.747226500669755,37632
grouped_conv_forward_bf16_2d_128x128x64_compv5,82,4,2112,192,1,7,7,1,1,1,1,0,0,0.04019229859113693,3.954926032397977,37632
grouped_conv_forward_bf16_2d_16x64x128_compv3,82,4,2112,192,1,7,7,1,1,1,1,0,0,0.018824100494384766,8.444364608413405,37632
grouped_conv_forward_bf16_2d_16x64x128_compv4,82,4,2112,192,1,7,7,1,1,1,1,0,0,0.018420100212097168,8.629571292755868,37632
grouped_conv_forward_bf16_2d_16x64x128_compv5,82,4,2112,192,1,7,7,1,1,1,1,0,0,0.018560100346803665,8.564477833083211,37632
grouped_conv_forward_bf16_2d_32x64x128_compv3,82,4,2112,192,1,7,7,1,1,1,1,0,0,0.02270819991827011,7.000007423402552,37632
grouped_conv_forward_bf16_2d_32x64x128_compv4,82,4,2112,192,1,7,7,1,1,1,1,0,0,0.02345610037446022,6.7768113822141665,37632
grouped_conv_forward_bf16_2d_32x64x128_compv5,82,4,2112,192,1,7,7,1,1,1,1,0,0,0.022176099941134453,7.16796769594051,37632
grouped_conv_forward_bf16_2d_64x64x128_compv3,82,4,2112,192,1,7,7,1,1,1,1,0,0,0.028928199782967567,5.494900104139613,37632
grouped_conv_forward_bf16_2d_64x64x128_compv4,82,4,2112,192,1,7,7,1,1,1,1,0,0,0.03338420018553734,4.761461023974551,37632
grouped_conv_forward_bf16_2d_64x64x128_compv5,82,4,2112,192,1,7,7,1,1,1,1,0,0,0.02866019867360592,5.54628283670584,37632
grouped_conv_forward_bf16_2d_128x64x128_compv3,82,4,2112,192,1,7,7,1,1,1,1,0,0,0.028172200545668602,5.642355404304379,37632
grouped_conv_forward_bf16_2d_128x64x128_compv4,82,4,2112,192,1,7,7,1,1,1,1,0,0,0.03345229849219322,4.751768194257145,37632
grouped_conv_forward_bf16_2d_128x64x128_compv5,82,4,2112,192,1,7,7,1,1,1,1,0,0,0.027876202017068863,5.702267758809782,37632
grouped_conv_forward_bf16_2d_16x64x64_compv3,84,4,160,16,1,1,1,1,1,1,1,0,0,0.004740000236779451,0.004320674889652525,64
grouped_conv_forward_bf16_2d_16x64x64_compv4,84,4,160,16,1,1,1,1,1,1,1,0,0,0.005752000026404858,0.003560500679065627,64
grouped_conv_forward_bf16_2d_16x64x64_compv5,84,4,160,16,1,1,1,1,1,1,1,0,0,0.004556099884212017,0.004495072654348104,64
grouped_conv_forward_bf16_2d_32x64x64_compv3,84,4,160,16,1,1,1,1,1,1,1,0,0,0.006796100176870823,0.003013492954341611,64
grouped_conv_forward_bf16_2d_32x64x64_compv4,84,4,160,16,1,1,1,1,1,1,1,0,0,0.005332000087946653,0.003840960176706753,64
grouped_conv_forward_bf16_2d_32x64x64_compv5,84,4,160,16,1,1,1,1,1,1,1,0,0,0.00628010043874383,0.0032610943407294438,64
grouped_conv_forward_bf16_2d_64x64x64_compv3,84,4,160,16,1,1,1,1,1,1,1,0,0,0.006731999572366476,0.0030421867648456695,64
grouped_conv_forward_bf16_2d_64x64x64_compv4,84,4,160,16,1,1,1,1,1,1,1,0,0,0.008336099795997143,0.0024567844077195617,64
grouped_conv_forward_bf16_2d_64x64x64_compv5,84,4,160,16,1,1,1,1,1,1,1,0,0,0.006668000016361475,0.003071385715319076,64
grouped_conv_forward_bf16_2d_32x128x64_compv3,84,4,160,16,1,1,1,1,1,1,1,0,0,0.007636000402271748,0.002682032336445019,64
grouped_conv_forward_bf16_2d_32x128x64_compv4,84,4,160,16,1,1,1,1,1,1,1,0,0,0.005944100208580494,0.003445433165887157,64
grouped_conv_forward_bf16_2d_32x128x64_compv5,84,4,160,16,1,1,1,1,1,1,1,0,0,0.006148099899291992,0.0033311104789234885,64
grouped_conv_forward_bf16_2d_64x128x64_compv3,84,4,160,16,1,1,1,1,1,1,1,0,0,0.007776100188493729,0.0026337109223855157,64
grouped_conv_forward_bf16_2d_64x128x64_compv4,84,4,160,16,1,1,1,1,1,1,1,0,0,0.007035999558866024,0.0029107449238244005,64
grouped_conv_forward_bf16_2d_64x128x64_compv5,84,4,160,16,1,1,1,1,1,1,1,0,0,0.007519999984651804,0.002723404260877572,64
grouped_conv_forward_bf16_2d_128x128x64_compv3,84,4,160,16,1,1,1,1,1,1,1,0,0,0.007935999892652035,0.00258064519619796,64
grouped_conv_forward_bf16_2d_128x128x64_compv4,84,4,160,16,1,1,1,1,1,1,1,0,0,0.007312099449336529,0.002800837179786754,64
grouped_conv_forward_bf16_2d_128x128x64_compv5,84,4,160,16,1,1,1,1,1,1,1,0,0,0.00850010011345148,0.0024093833868603764,64
grouped_conv_forward_bf16_2d_16x64x128_compv3,84,4,160,16,1,1,1,1,1,1,1,0,0,0.007916100323200226,0.002587132447017876,64
grouped_conv_forward_bf16_2d_16x64x128_compv4,84,4,160,16,1,1,1,1,1,1,1,0,0,0.0049400003626942635,0.0041457486834738325,64
grouped_conv_forward_bf16_2d_16x64x128_compv5,84,4,160,16,1,1,1,1,1,1,1,0,0,0.0041680000722408295,0.004913627553991236,64
grouped_conv_forward_bf16_2d_32x64x128_compv3,84,4,160,16,1,1,1,1,1,1,1,0,0,0.005344099830836058,0.0038322637391292906,64
grouped_conv_forward_bf16_2d_32x64x128_compv4,84,4,160,16,1,1,1,1,1,1,1,0,0,0.00527210021391511,0.0038845999068730457,64
grouped_conv_forward_bf16_2d_32x64x128_compv5,84,4,160,16,1,1,1,1,1,1,1,0,0,0.006064099725335836,0.003377253166605171,64
grouped_conv_forward_bf16_2d_64x64x128_compv3,84,4,160,16,1,1,1,1,1,1,1,0,0,0.006196099799126387,0.0033053050570437162,64
grouped_conv_forward_bf16_2d_64x64x128_compv4,84,4,160,16,1,1,1,1,1,1,1,0,0,0.006976000033318996,0.002935779802491795,64
grouped_conv_forward_bf16_2d_64x64x128_compv5,84,4,160,16,1,1,1,1,1,1,1,0,0,0.006051999982446432,0.003384005297323425,64
grouped_conv_forward_bf16_2d_128x64x128_compv3,84,4,160,16,1,1,1,1,1,1,1,0,0,0.007531999610364437,0.0027190654619549393,64
grouped_conv_forward_bf16_2d_128x64x128_compv4,84,4,160,16,1,1,1,1,1,1,1,0,0,0.007388000376522541,0.002772062663272323,64
grouped_conv_forward_bf16_2d_128x64x128_compv5,84,4,160,16,1,1,1,1,1,1,1,0,0,0.008564099669456482,0.002391378053789016,64
grouped_conv_forward_bf16_2d_16x64x64_compv3,85,1,160,160,1,8,8,3,3,1,1,1,1,0.01724809966981411,1.709823143683042,10240
grouped_conv_forward_bf16_2d_16x64x64_compv4,85,1,160,160,1,8,8,3,3,1,1,1,1,0.014304099604487419,2.061730609786033,10240
grouped_conv_forward_bf16_2d_16x64x64_compv5,85,1,160,160,1,8,8,3,3,1,1,1,1,0.016684100031852722,1.7676230628979923,10240
grouped_conv_forward_bf16_2d_32x64x64_compv3,85,1,160,160,1,8,8,3,3,1,1,1,1,0.020864199846982956,1.4134833933861375,10240
grouped_conv_forward_bf16_2d_32x64x64_compv4,85,1,160,160,1,8,8,3,3,1,1,1,1,0.017652099952101707,1.6706907438788152,10240
grouped_conv_forward_bf16_2d_32x64x64_compv5,85,1,160,160,1,8,8,3,3,1,1,1,1,0.02077220007777214,1.4197436905856622,10240
grouped_conv_forward_bf16_2d_64x64x64_compv3,85,1,160,160,1,8,8,3,3,1,1,1,1,0.02539210021495819,1.1614320891277468,10240
grouped_conv_forward_bf16_2d_64x64x64_compv4,85,1,160,160,1,8,8,3,3,1,1,1,1,0.025696199387311935,1.147687234033603,10240
grouped_conv_forward_bf16_2d_64x64x64_compv5,85,1,160,160,1,8,8,3,3,1,1,1,1,0.02539210021495819,1.1614320891277468,10240
grouped_conv_forward_bf16_2d_32x128x64_compv3,85,1,160,160,1,8,8,3,3,1,1,1,1,0.02494809962809086,1.1821020614649838,10240
grouped_conv_forward_bf16_2d_32x128x64_compv4,85,1,160,160,1,8,8,3,3,1,1,1,1,0.01762009970843792,1.673724921424664,10240
grouped_conv_forward_bf16_2d_32x128x64_compv5,85,1,160,160,1,8,8,3,3,1,1,1,1,0.025200199335813522,1.1702764572218394,10240
grouped_conv_forward_bf16_2d_64x128x64_compv3,85,1,160,160,1,8,8,3,3,1,1,1,1,0.028984099626541138,1.017495812531451,10240
grouped_conv_forward_bf16_2d_64x128x64_compv4,85,1,160,160,1,8,8,3,3,1,1,1,1,0.026364099234342575,1.1186120844813079,10240
grouped_conv_forward_bf16_2d_64x128x64_compv5,85,1,160,160,1,8,8,3,3,1,1,1,1,0.028984200209379196,1.0174922815519587,10240
grouped_conv_forward_bf16_2d_128x128x64_compv3,85,1,160,160,1,8,8,3,3,1,1,1,1,0.0285762008279562,1.032019622816643,10240
grouped_conv_forward_bf16_2d_128x128x64_compv4,85,1,160,160,1,8,8,3,3,1,1,1,1,0.02579610049724579,1.1432425611440276,10240
grouped_conv_forward_bf16_2d_128x128x64_compv5,85,1,160,160,1,8,8,3,3,1,1,1,1,0.028332199901342392,1.0409075222783069,10240
grouped_conv_forward_bf16_2d_16x64x128_compv3,85,1,160,160,1,8,8,3,3,1,1,1,1,0.013700099661946297,2.1526266762799846,10240
grouped_conv_forward_bf16_2d_16x64x128_compv4,85,1,160,160,1,8,8,3,3,1,1,1,1,0.013988099992275238,2.108306347272765,10240
grouped_conv_forward_bf16_2d_16x64x128_compv5,85,1,160,160,1,8,8,3,3,1,1,1,1,0.013716000132262707,2.150131212862192,10240
grouped_conv_forward_bf16_2d_32x64x128_compv3,85,1,160,160,1,8,8,3,3,1,1,1,1,0.01607609912753105,1.8344748788899279,10240
grouped_conv_forward_bf16_2d_32x64x128_compv4,85,1,160,160,1,8,8,3,3,1,1,1,1,0.01767599955201149,1.6684318141795815,10240
grouped_conv_forward_bf16_2d_32x64x128_compv5,85,1,160,160,1,8,8,3,3,1,1,1,1,0.016092101112008095,1.8326506771693944,10240
grouped_conv_forward_bf16_2d_64x64x128_compv3,85,1,160,160,1,8,8,3,3,1,1,1,1,0.021168099716305733,1.3931907159943604,10240
grouped_conv_forward_bf16_2d_64x64x128_compv4,85,1,160,160,1,8,8,3,3,1,1,1,1,0.02587210014462471,1.1398842705132002,10240
grouped_conv_forward_bf16_2d_64x64x128_compv5,85,1,160,160,1,8,8,3,3,1,1,1,1,0.021160099655389786,1.3937174436930482,10240
grouped_conv_forward_bf16_2d_128x64x128_compv3,85,1,160,160,1,8,8,3,3,1,1,1,1,0.020556099712848663,1.4346690477263262,10240
grouped_conv_forward_bf16_2d_128x64x128_compv4,85,1,160,160,1,8,8,3,3,1,1,1,1,0.025752101093530655,1.1451958771398527,10240
grouped_conv_forward_bf16_2d_128x64x128_compv5,85,1,160,160,1,8,8,3,3,1,1,1,1,0.020464200526475906,1.4411117581576305,10240
grouped_conv_forward_bf16_2d_16x64x64_compv3,86,1,185,1280,1,64,64,1,1,1,1,0,0,0.023488100618124008,82.58929197975041,5241960
grouped_conv_forward_bf16_2d_16x64x64_compv4,86,1,185,1280,1,64,64,1,1,1,1,0,0,0.02802019938826561,69.23097059803162,5241380
grouped_conv_forward_bf16_2d_16x64x64_compv5,86,1,185,1280,1,64,64,1,1,1,1,0,0,0.023448100313544273,82.73018172305753,5240808
grouped_conv_forward_bf16_2d_32x64x64_compv3,86,1,185,1280,1,64,64,1,1,1,1,0,0,0.01952810026705265,99.33713845544389,5237152
grouped_conv_forward_bf16_2d_32x64x64_compv4,86,1,185,1280,1,64,64,1,1,1,1,0,0,0.02515220083296299,77.12508391940504,5240262
grouped_conv_forward_bf16_2d_32x64x64_compv5,86,1,185,1280,1,64,64,1,1,1,1,0,0,0.01950410008430481,99.45937477838487,5238992
grouped_conv_forward_bf16_2d_64x64x64_compv3,86,1,185,1280,1,64,64,1,1,1,1,0,0,0.01717210002243519,112.96612513702947,5238232
grouped_conv_forward_bf16_2d_64x64x64_compv4,86,1,185,1280,1,64,64,1,1,1,1,0,0,0.030924201011657715,62.72969184454322,5240978
grouped_conv_forward_bf16_2d_64x64x64_compv5,86,1,185,1280,1,64,64,1,1,1,1,0,0,0.017120100557804108,113.30924099716941,5237392
grouped_conv_forward_bf16_2d_32x128x64_compv3,86,1,185,1280,1,64,64,1,1,1,1,0,0,0.015260100364685059,127.12010757735507,5240168
grouped_conv_forward_bf16_2d_32x128x64_compv4,86,1,185,1280,1,64,64,1,1,1,1,0,0,0.02507219836115837,77.37118110094497,5239846
grouped_conv_forward_bf16_2d_32x128x64_compv5,86,1,185,1280,1,64,64,1,1,1,1,0,0,0.0150840999558568,128.60333766528748,5240404
grouped_conv_forward_bf16_2d_64x128x64_compv3,86,1,185,1280,1,64,64,1,1,1,1,0,0,0.01591609977185726,121.88071373051186,5239448
grouped_conv_forward_bf16_2d_64x128x64_compv4,86,1,185,1280,1,64,64,1,1,1,1,0,0,0.030824199318885803,62.93320322554026,5241064
grouped_conv_forward_bf16_2d_64x128x64_compv5,86,1,185,1280,1,64,64,1,1,1,1,0,0,0.016532201319932938,117.3386146502521,5238840
grouped_conv_forward_bf16_2d_128x128x64_compv3,86,1,185,1280,1,64,64,1,1,1,1,0,0,0.018368098884820938,105.61058126723553,5233960
grouped_conv_forward_bf16_2d_128x128x64_compv4,86,1,185,1280,1,64,64,1,1,1,1,0,0,0.030736198648810387,63.11338699247639,5240960
grouped_conv_forward_bf16_2d_128x128x64_compv5,86,1,185,1280,1,64,64,1,1,1,1,0,0,0.018144099041819572,106.91440757289107,5237216
grouped_conv_forward_bf16_2d_16x64x128_compv3,86,1,185,1280,1,64,64,1,1,1,1,0,0,0.02322009950876236,83.54251881082466,5240146
grouped_conv_forward_bf16_2d_16x64x128_compv4,86,1,185,1280,1,64,64,1,1,1,1,0,0,0.02833620086312294,68.45891618888697,5241202
grouped_conv_forward_bf16_2d_16x64x128_compv5,86,1,185,1280,1,64,64,1,1,1,1,0,0,0.022571999579668045,85.94123853109377,5241006
grouped_conv_forward_bf16_2d_32x64x128_compv3,86,1,185,1280,1,64,64,1,1,1,1,0,0,0.018543999642133713,104.60880270901444,5240442
grouped_conv_forward_bf16_2d_32x64x128_compv4,86,1,185,1280,1,64,64,1,1,1,1,0,0,0.025152098387479782,77.12539805289673,5240634
grouped_conv_forward_bf16_2d_32x64x128_compv5,86,1,185,1280,1,64,64,1,1,1,1,0,0,0.018480099737644196,104.97051571905044,5240380
grouped_conv_forward_bf16_2d_64x64x128_compv3,86,1,185,1280,1,64,64,1,1,1,1,0,0,0.01820410043001175,106.56201373191105,5241248
grouped_conv_forward_bf16_2d_64x64x128_compv4,86,1,185,1280,1,64,64,1,1,1,1,0,0,0.0308041013777256,62.974263596038995,5240852
grouped_conv_forward_bf16_2d_64x64x128_compv5,86,1,185,1280,1,64,64,1,1,1,1,0,0,0.018168101087212563,106.77316196602159,5240714
grouped_conv_forward_bf16_2d_128x64x128_compv3,86,1,185,1280,1,64,64,1,1,1,1,0,0,0.020372100174427032,95.22167981655132,5237958
grouped_conv_forward_bf16_2d_128x64x128_compv4,86,1,185,1280,1,64,64,1,1,1,1,0,0,0.03174019977450371,61.11699402592471,5240748
grouped_conv_forward_bf16_2d_128x64x128_compv5,86,1,185,1280,1,64,64,1,1,1,1,0,0,0.02102009952068329,92.28622338782066,5238026
grouped_conv_forward_bf16_2d_16x64x64_compv3,87,4,232,818,1,14,14,1,1,1,1,0,0,0.007599999662488699,39.15378700195337,43120
grouped_conv_forward_bf16_2d_16x64x64_compv4,87,4,232,818,1,14,14,1,1,1,1,0,0,0.006484100129455328,45.89206860767527,43763
grouped_conv_forward_bf16_2d_16x64x64_compv5,87,4,232,818,1,14,14,1,1,1,1,0,0,0.007532099727541208,39.50674828586462,43120
grouped_conv_forward_bf16_2d_32x64x64_compv3,87,4,232,818,1,14,14,1,1,1,1,0,0,0.007832000032067299,37.99396920092391,43412
grouped_conv_forward_bf16_2d_32x64x64_compv4,87,4,232,818,1,14,14,1,1,1,1,0,0,0.007508100010454655,39.63303200352291,43788
grouped_conv_forward_bf16_2d_32x64x64_compv5,87,4,232,818,1,14,14,1,1,1,1,0,0,0.007880100049078465,37.762054561071096,43402
grouped_conv_forward_bf16_2d_64x64x64_compv3,87,4,232,818,1,14,14,1,1,1,1,0,0,0.008456099778413773,35.18983642548966,44128
grouped_conv_forward_bf16_2d_64x64x64_compv4,87,4,232,818,1,14,14,1,1,1,1,0,0,0.007592000067234039,39.19504285626435,43120
grouped_conv_forward_bf16_2d_64x64x64_compv5,87,4,232,818,1,14,14,1,1,1,1,0,0,0.00879599992185831,33.830010305085736,44065
grouped_conv_forward_bf16_2d_32x128x64_compv3,87,4,232,818,1,14,14,1,1,1,1,0,0,0.00760400015860796,39.13318803171553,43652
grouped_conv_forward_bf16_2d_32x128x64_compv4,87,4,232,818,1,14,14,1,1,1,1,0,0,0.007536099757999182,39.48577879215918,43730
grouped_conv_forward_bf16_2d_32x128x64_compv5,87,4,232,818,1,14,14,1,1,1,1,0,0,0.008344000205397606,35.662603148967726,43336
grouped_conv_forward_bf16_2d_64x128x64_compv3,87,4,232,818,1,14,14,1,1,1,1,0,0,0.009064099751412868,32.829379217016715,43120
grouped_conv_forward_bf16_2d_64x128x64_compv4,87,4,232,818,1,14,14,1,1,1,1,0,0,0.007864000275731087,37.83936388180456,43440
grouped_conv_forward_bf16_2d_64x128x64_compv5,87,4,232,818,1,14,14,1,1,1,1,0,0,0.009092099964618683,32.72827720306305,43120
grouped_conv_forward_bf16_2d_128x128x64_compv3,87,4,232,818,1,14,14,1,1,1,1,0,0,0.010336100123822689,28.789269108777518,43120
grouped_conv_forward_bf16_2d_128x128x64_compv4,87,4,232,818,1,14,14,1,1,1,1,0,0,0.00887210015207529,33.53983418800735,43476
grouped_conv_forward_bf16_2d_128x128x64_compv5,87,4,232,818,1,14,14,1,1,1,1,0,0,0.01048400066792965,28.38313134701116,43120
grouped_conv_forward_bf16_2d_16x64x128_compv3,87,4,232,818,1,14,14,1,1,1,1,0,0,0.006016000173985958,49.46289218652781,43645
grouped_conv_forward_bf16_2d_16x64x128_compv4,87,4,232,818,1,14,14,1,1,1,1,0,0,0.007252099923789501,41.03208327616491,43280
grouped_conv_forward_bf16_2d_16x64x128_compv5,87,4,232,818,1,14,14,1,1,1,1,0,0,0.006060000043362379,49.103756744347244,43489
grouped_conv_forward_bf16_2d_32x64x128_compv3,87,4,232,818,1,14,14,1,1,1,1,0,0,0.006128000095486641,48.55887130601771,43941
grouped_conv_forward_bf16_2d_32x64x128_compv4,87,4,232,818,1,14,14,1,1,1,1,0,0,0.007531999610364437,39.50727341920323,43293
grouped_conv_forward_bf16_2d_32x64x128_compv5,87,4,232,818,1,14,14,1,1,1,1,0,0,0.006184000056236982,48.1191405714626,43338
grouped_conv_forward_bf16_2d_64x64x128_compv3,87,4,232,818,1,14,14,1,1,1,1,0,0,0.006927999667823315,42.95161406863811,43120
grouped_conv_forward_bf16_2d_64x64x128_compv4,87,4,232,818,1,14,14,1,1,1,1,0,0,0.007664000149816275,38.82682178798411,43588
grouped_conv_forward_bf16_2d_64x64x128_compv5,87,4,232,818,1,14,14,1,1,1,1,0,0,0.007004000246524811,42.48554504943733,43617
grouped_conv_forward_bf16_2d_128x64x128_compv3,87,4,232,818,1,14,14,1,1,1,1,0,0,0.007671999745070934,38.78633705523523,43120
grouped_conv_forward_bf16_2d_128x64x128_compv4,87,4,232,818,1,14,14,1,1,1,1,0,0,0.007599999662488699,39.15378700195337,43619
grouped_conv_forward_bf16_2d_128x64x128_compv5,87,4,232,818,1,14,14,1,1,1,1,0,0,0.007728099822998047,38.504777993998644,43120
grouped_conv_forward_bf16_2d_16x64x64_compv3,91,4,48,48,1,512,512,1,1,2,2,0,0,0.029012199491262436,41.63626244069498,12578476
grouped_conv_forward_bf16_2d_16x64x64_compv4,91,4,48,48,1,512,512,1,1,2,2,0,0,0.06394050270318985,18.891930793965084,12581804
grouped_conv_forward_bf16_2d_16x64x64_compv5,91,4,48,48,1,512,512,1,1,2,2,0,0,0.029228199273347855,41.32856563289874,12578029
grouped_conv_forward_bf16_2d_32x64x64_compv3,91,4,48,48,1,512,512,1,1,2,2,0,0,0.02473219856619835,48.841575841580294,12568798
grouped_conv_forward_bf16_2d_32x64x64_compv4,91,4,48,48,1,512,512,1,1,2,2,0,0,0.0572844035923481,21.087058191199464,12566430
grouped_conv_forward_bf16_2d_32x64x64_compv5,91,4,48,48,1,512,512,1,1,2,2,0,0,0.024324199184775352,49.66081484631438,12572081
grouped_conv_forward_bf16_2d_64x64x64_compv3,91,4,48,48,1,512,512,1,1,2,2,0,0,0.02321220003068447,52.03985621368007,12565770
grouped_conv_forward_bf16_2d_64x64x64_compv4,91,4,48,48,1,512,512,1,1,2,2,0,0,0.07464060187339783,16.18367914622244,12557256
grouped_conv_forward_bf16_2d_64x64x64_compv5,91,4,48,48,1,512,512,1,1,2,2,0,0,0.02298020012676716,52.56523204047201,12562883
grouped_conv_forward_bf16_2d_32x128x64_compv3,91,4,48,48,1,512,512,1,1,2,2,0,0,0.03328020125627518,36.29664203945378,12568016
grouped_conv_forward_bf16_2d_32x128x64_compv4,91,4,48,48,1,512,512,1,1,2,2,0,0,0.05799650028347969,20.82814559664193,12566928
grouped_conv_forward_bf16_2d_32x128x64_compv5,91,4,48,48,1,512,512,1,1,2,2,0,0,0.033156201243400574,36.43238690501171,12567816
grouped_conv_forward_bf16_2d_64x128x64_compv3,91,4,48,48,1,512,512,1,1,2,2,0,0,0.03290420025587082,36.71140895711252,12554786
grouped_conv_forward_bf16_2d_64x128x64_compv4,91,4,48,48,1,512,512,1,1,2,2,0,0,0.0745805948972702,16.196700410661563,12557256
grouped_conv_forward_bf16_2d_64x128x64_compv5,91,4,48,48,1,512,512,1,1,2,2,0,0,0.03202419728040695,37.720213294434515,12553906
grouped_conv_forward_bf16_2d_128x128x64_compv3,91,4,48,48,1,512,512,1,1,2,2,0,0,0.035196300595998764,34.320639713405704,12558840
grouped_conv_forward_bf16_2d_128x128x64_compv4,91,4,48,48,1,512,512,1,1,2,2,0,0,0.07455260306596756,16.202781691353447,12557256
grouped_conv_forward_bf16_2d_128x128x64_compv5,91,4,48,48,1,512,512,1,1,2,2,0,0,0.034636300057172775,34.87553664814281,12558232
grouped_conv_forward_bf16_2d_16x64x128_compv3,91,4,48,48,1,512,512,1,1,2,2,0,0,0.04010830074548721,30.117445255666027,12581312
grouped_conv_forward_bf16_2d_16x64x128_compv4,91,4,48,48,1,512,512,1,1,2,2,0,0,0.06378449499607086,18.938137741380732,12581718
grouped_conv_forward_bf16_2d_16x64x128_compv5,91,4,48,48,1,512,512,1,1,2,2,0,0,0.0393202006816864,30.72109325633767,12580933
grouped_conv_forward_bf16_2d_32x64x128_compv3,91,4,48,48,1,512,512,1,1,2,2,0,0,0.03330419957637787,36.2704874269606,12572756
grouped_conv_forward_bf16_2d_32x64x128_compv4,91,4,48,48,1,512,512,1,1,2,2,0,0,0.05719640105962753,21.119502794252668,12566602
grouped_conv_forward_bf16_2d_32x64x128_compv5,91,4,48,48,1,512,512,1,1,2,2,0,0,0.033236198127269745,36.34469704911554,12574121
grouped_conv_forward_bf16_2d_64x64x128_compv3,91,4,48,48,1,512,512,1,1,2,2,0,0,0.03305619955062866,36.542602247723515,12576800
grouped_conv_forward_bf16_2d_64x64x128_compv4,91,4,48,48,1,512,512,1,1,2,2,0,0,0.07456459850072861,16.200175100362088,12557256
grouped_conv_forward_bf16_2d_64x64x128_compv5,91,4,48,48,1,512,512,1,1,2,2,0,0,0.03284420073032379,36.77847306799393,12575112
grouped_conv_forward_bf16_2d_128x64x128_compv3,91,4,48,48,1,512,512,1,1,2,2,0,0,0.03480830043554306,34.70320403137356,12562046
grouped_conv_forward_bf16_2d_128x64x128_compv4,91,4,48,48,1,512,512,1,1,2,2,0,0,0.07461659610271454,16.18888578537094,12557256
grouped_conv_forward_bf16_2d_128x64x128_compv5,91,4,48,48,1,512,512,1,1,2,2,0,0,0.034188199788331985,35.33264575142274,12562206
grouped_conv_forward_bf16_2d_16x64x64_compv3,92,1,528,136,1,64,64,1,1,1,1,0,0,0.011872000060975552,49.549455271116464,65926
grouped_conv_forward_bf16_2d_16x64x64_compv4,92,1,528,136,1,64,64,1,1,1,1,0,0,0.010912099853157997,53.90815186041009,66756
grouped_conv_forward_bf16_2d_16x64x64_compv5,92,1,528,136,1,64,64,1,1,1,1,0,0,0.011912000365555286,49.38306900165867,66068
grouped_conv_forward_bf16_2d_32x64x64_compv3,92,1,528,136,1,64,64,1,1,1,1,0,0,0.012392000295221806,47.470232568249855,66221
grouped_conv_forward_bf16_2d_32x64x64_compv4,92,1,528,136,1,64,64,1,1,1,1,0,0,0.011440100148320198,51.420103703058544,65524
grouped_conv_forward_bf16_2d_32x64x64_compv5,92,1,528,136,1,64,64,1,1,1,1,0,0,0.012520000338554382,46.9849137454514,66436
grouped_conv_forward_bf16_2d_64x64x64_compv3,92,1,528,136,1,64,64,1,1,1,1,0,0,0.013124099001288414,44.82221110510142,65506
grouped_conv_forward_bf16_2d_64x64x64_compv4,92,1,528,136,1,64,64,1,1,1,1,0,0,0.013260099105536938,44.36249920291829,65536
grouped_conv_forward_bf16_2d_64x64x64_compv5,92,1,528,136,1,64,64,1,1,1,1,0,0,0.013124099001288414,44.82221110510142,66400
grouped_conv_forward_bf16_2d_32x128x64_compv3,92,1,528,136,1,64,64,1,1,1,1,0,0,0.012544100172817707,46.894645920853215,65644
grouped_conv_forward_bf16_2d_32x128x64_compv4,92,1,528,136,1,64,64,1,1,1,1,0,0,0.011428100056946278,51.47409745003472,65694
grouped_conv_forward_bf16_2d_32x128x64_compv5,92,1,528,136,1,64,64,1,1,1,1,0,0,0.012608100660145283,46.65660212084804,65645
grouped_conv_forward_bf16_2d_64x128x64_compv3,92,1,528,136,1,64,64,1,1,1,1,0,0,0.014856100082397461,39.59660561906155,65536
grouped_conv_forward_bf16_2d_64x128x64_compv4,92,1,528,136,1,64,64,1,1,1,1,0,0,0.012892100028693676,45.628806376830916,66063
grouped_conv_forward_bf16_2d_64x128x64_compv5,92,1,528,136,1,64,64,1,1,1,1,0,0,0.015008099377155304,39.19557841517302,65536
grouped_conv_forward_bf16_2d_128x128x64_compv3,92,1,528,136,1,64,64,1,1,1,1,0,0,0.016996201127767563,34.610742222798486,65895
grouped_conv_forward_bf16_2d_128x128x64_compv4,92,1,528,136,1,64,64,1,1,1,1,0,0,0.01391610037535429,42.27126279153644,65536
grouped_conv_forward_bf16_2d_128x128x64_compv5,92,1,528,136,1,64,64,1,1,1,1,0,0,0.015956100076436996,36.866849241481866,65895
grouped_conv_forward_bf16_2d_16x64x128_compv3,92,1,528,136,1,64,64,1,1,1,1,0,0,0.011524099856615067,51.04530013789597,66149
grouped_conv_forward_bf16_2d_16x64x128_compv4,92,1,528,136,1,64,64,1,1,1,1,0,0,0.010964100249111652,53.65247695976348,65709
grouped_conv_forward_bf16_2d_16x64x128_compv5,92,1,528,136,1,64,64,1,1,1,1,0,0,0.010444000363349915,56.32431209637744,65971
grouped_conv_forward_bf16_2d_32x64x128_compv3,92,1,528,136,1,64,64,1,1,1,1,0,0,0.010912099853157997,53.90815186041009,65697
grouped_conv_forward_bf16_2d_32x64x128_compv4,92,1,528,136,1,64,64,1,1,1,1,0,0,0.011404000222682953,51.58287657956618,65962
grouped_conv_forward_bf16_2d_32x64x128_compv5,92,1,528,136,1,64,64,1,1,1,1,0,0,0.010824000462889671,54.34692450511548,65737
grouped_conv_forward_bf16_2d_64x64x128_compv3,92,1,528,136,1,64,64,1,1,1,1,0,0,0.013256100006401539,44.37588247794797,66133
grouped_conv_forward_bf16_2d_64x64x128_compv4,92,1,528,136,1,64,64,1,1,1,1,0,0,0.013316099531948566,44.17593414562892,65515
grouped_conv_forward_bf16_2d_64x64x128_compv5,92,1,528,136,1,64,64,1,1,1,1,0,0,0.011932100169360638,49.29988247253547,65536
grouped_conv_forward_bf16_2d_128x64x128_compv3,92,1,528,136,1,64,64,1,1,1,1,0,0,0.012712100520730019,46.2748965083088,65536
grouped_conv_forward_bf16_2d_128x64x128_compv4,92,1,528,136,1,64,64,1,1,1,1,0,0,0.012784099206328392,46.01428121809346,65482
grouped_conv_forward_bf16_2d_128x64x128_compv5,92,1,528,136,1,64,64,1,1,1,1,0,0,0.01251209992915392,47.01458103202491,68256
grouped_conv_forward_bf16_2d_16x64x64_compv3,93,2,1280,640,1,40,40,3,3,1,1,1,1,0.3619702160358429,130.35857070441278,2048000
grouped_conv_forward_bf16_2d_16x64x64_compv4,93,2,1280,640,1,40,40,3,3,1,1,1,1,0.3741787075996399,126.10530487610625,2048000
grouped_conv_forward_bf16_2d_16x64x64_compv5,93,2,1280,640,1,40,40,3,3,1,1,1,1,0.3732348084449768,126.42422124718912,2048000
grouped_conv_forward_bf16_2d_32x64x64_compv3,93,2,1280,640,1,40,40,3,3,1,1,1,1,0.29165831208229065,161.78493135723357,2048000
grouped_conv_forward_bf16_2d_32x64x64_compv4,93,2,1280,640,1,40,40,3,3,1,1,1,1,0.2972143888473511,158.760550533893,2048000
grouped_conv_forward_bf16_2d_32x64x64_compv5,93,2,1280,640,1,40,40,3,3,1,1,1,1,0.287438303232193,164.16016748430064,2048000
grouped_conv_forward_bf16_2d_64x64x64_compv3,93,2,1280,640,1,40,40,3,3,1,1,1,1,0.2432660162448883,193.96840022446625,2048000
grouped_conv_forward_bf16_2d_64x64x64_compv4,93,2,1280,640,1,40,40,3,3,1,1,1,1,0.37303510308265686,126.49190279967989,2048000
grouped_conv_forward_bf16_2d_64x64x64_compv5,93,2,1280,640,1,40,40,3,3,1,1,1,1,0.24456200003623962,192.94052221116897,2048000
grouped_conv_forward_bf16_2d_32x128x64_compv3,93,2,1280,640,1,40,40,3,3,1,1,1,1,0.21126969158649445,223.344482806148,2048000
grouped_conv_forward_bf16_2d_32x128x64_compv4,93,2,1280,640,1,40,40,3,3,1,1,1,1,0.30428260564804077,155.0726828420132,2048000
grouped_conv_forward_bf16_2d_32x128x64_compv5,93,2,1280,640,1,40,40,3,3,1,1,1,1,0.20925769209861755,225.49192589662385,2048000
grouped_conv_forward_bf16_2d_64x128x64_compv3,93,2,1280,640,1,40,40,3,3,1,1,1,1,0.23530590534210205,200.53011390172395,2047808
grouped_conv_forward_bf16_2d_64x128x64_compv4,93,2,1280,640,1,40,40,3,3,1,1,1,1,0.37369510531425476,126.26849891523071,2047904
grouped_conv_forward_bf16_2d_64x128x64_compv5,93,2,1280,640,1,40,40,3,3,1,1,1,1,0.23676200211048126,199.29684484582722,2048000
grouped_conv_forward_bf16_2d_128x128x64_compv3,93,2,1280,640,1,40,40,3,3,1,1,1,1,0.23409800231456757,201.56481274280267,2048000
grouped_conv_forward_bf16_2d_128x128x64_compv4,93,2,1280,640,1,40,40,3,3,1,1,1,1,0.3731831908226013,126.4417078807566,2047712
grouped_conv_forward_bf16_2d_128x128x64_compv5,93,2,1280,640,1,40,40,3,3,1,1,1,1,0.23451800644397736,201.20382530742674,2048000
grouped_conv_forward_bf16_2d_16x64x128_compv3,93,2,1280,640,1,40,40,3,3,1,1,1,1,0.325214684009552,145.09160354707134,2048000
grouped_conv_forward_bf16_2d_16x64x128_compv4,93,2,1280,640,1,40,40,3,3,1,1,1,1,0.38371920585632324,122.96991987851638,2048000
grouped_conv_forward_bf16_2d_16x64x128_compv5,93,2,1280,640,1,40,40,3,3,1,1,1,1,0.33395010232925415,141.29631843465526,2048000
grouped_conv_forward_bf16_2d_32x64x128_compv3,93,2,1280,640,1,40,40,3,3,1,1,1,1,0.2603861093521118,181.215196607097,2048000
grouped_conv_forward_bf16_2d_32x64x128_compv4,93,2,1280,640,1,40,40,3,3,1,1,1,1,0.3026263117790222,155.92140591679672,2048000
grouped_conv_forward_bf16_2d_32x64x128_compv5,93,2,1280,640,1,40,40,3,3,1,1,1,1,0.2608180046081543,180.91511769247222,2048000
grouped_conv_forward_bf16_2d_64x64x128_compv3,93,2,1280,640,1,40,40,3,3,1,1,1,1,0.18859750032424927,250.19377202176514,2048000
grouped_conv_forward_bf16_2d_64x64x128_compv4,93,2,1280,640,1,40,40,3,3,1,1,1,1,0.37355101108551025,126.31720594968108,2048000
grouped_conv_forward_bf16_2d_64x64x128_compv5,93,2,1280,640,1,40,40,3,3,1,1,1,1,0.189981609582901,248.3709876108287,2048000
grouped_conv_forward_bf16_2d_128x64x128_compv3,93,2,1280,640,1,40,40,3,3,1,1,1,1,0.15851329267024994,297.67800040693965,2048000
grouped_conv_forward_bf16_2d_128x64x128_compv4,93,2,1280,640,1,40,40,3,3,1,1,1,1,0.3733190894126892,126.39567956257888,2047952
grouped_conv_forward_bf16_2d_128x64x128_compv5,93,2,1280,640,1,40,40,3,3,1,1,1,1,0.15678130090236664,300.9665038395387,2048000
grouped_conv_forward_bf16_2d_16x64x64_compv3,94,1,704,1024,1,14,14,1,1,1,1,0,0,0.00977999996393919,28.894809104495934,200704
grouped_conv_forward_bf16_2d_16x64x64_compv4,94,1,704,1024,1,14,14,1,1,1,1,0,0,0.009072000160813332,31.149826608321494,200704
grouped_conv_forward_bf16_2d_16x64x64_compv5,94,1,704,1024,1,14,14,1,1,1,1,0,0,0.009752100333571434,28.977473809122394,200704
grouped_conv_forward_bf16_2d_32x64x64_compv3,94,1,704,1024,1,14,14,1,1,1,1,0,0,0.013079999014735222,21.604835878171546,200704
grouped_conv_forward_bf16_2d_32x64x64_compv4,94,1,704,1024,1,14,14,1,1,1,1,0,0,0.010835999622941017,26.07892597206472,200704
grouped_conv_forward_bf16_2d_32x64x64_compv5,94,1,704,1024,1,14,14,1,1,1,1,0,0,0.012192100286483765,23.1782240434228,200192
grouped_conv_forward_bf16_2d_64x64x64_compv3,94,1,704,1024,1,14,14,1,1,1,1,0,0,0.015460099093616009,18.278746487251905,200704
grouped_conv_forward_bf16_2d_64x64x64_compv4,94,1,704,1024,1,14,14,1,1,1,1,0,0,0.015400099568068981,18.349961359076726,200704
grouped_conv_forward_bf16_2d_64x64x64_compv5,94,1,704,1024,1,14,14,1,1,1,1,0,0,0.014908100478351116,18.95554919356537,200704
grouped_conv_forward_bf16_2d_32x128x64_compv3,94,1,704,1024,1,14,14,1,1,1,1,0,0,0.01506810076534748,18.754270123404186,200704
grouped_conv_forward_bf16_2d_32x128x64_compv4,94,1,704,1024,1,14,14,1,1,1,1,0,0,0.010716000571846962,26.37096089210957,200704
grouped_conv_forward_bf16_2d_32x128x64_compv5,94,1,704,1024,1,14,14,1,1,1,1,0,0,0.014068099670112133,20.08737772880362,200704
grouped_conv_forward_bf16_2d_64x128x64_compv3,94,1,704,1024,1,14,14,1,1,1,1,0,0,0.016764100641012192,16.856927672496813,200704
grouped_conv_forward_bf16_2d_64x128x64_compv4,94,1,704,1024,1,14,14,1,1,1,1,0,0,0.015424000099301338,18.321526852998435,200704
grouped_conv_forward_bf16_2d_64x128x64_compv5,94,1,704,1024,1,14,14,1,1,1,1,0,0,0.017572101205587387,16.081812225742514,200704
grouped_conv_forward_bf16_2d_128x128x64_compv3,94,1,704,1024,1,14,14,1,1,1,1,0,0,0.0182000994682312,15.526905910227093,200704
grouped_conv_forward_bf16_2d_128x128x64_compv4,94,1,704,1024,1,14,14,1,1,1,1,0,0,0.015372100286185741,18.383384621420458,200508
grouped_conv_forward_bf16_2d_128x128x64_compv5,94,1,704,1024,1,14,14,1,1,1,1,0,0,0.017464200034737587,16.181172423466585,200704
grouped_conv_forward_bf16_2d_16x64x128_compv3,94,1,704,1024,1,14,14,1,1,1,1,0,0,0.008628000505268574,32.752806612312945,200704
grouped_conv_forward_bf16_2d_16x64x128_compv4,94,1,704,1024,1,14,14,1,1,1,1,0,0,0.008884100243449211,31.808649638816462,200704
grouped_conv_forward_bf16_2d_16x64x128_compv5,94,1,704,1024,1,14,14,1,1,1,1,0,0,0.008635999634861946,32.72246919270712,200704
grouped_conv_forward_bf16_2d_32x64x128_compv3,94,1,704,1024,1,14,14,1,1,1,1,0,0,0.010156100615859032,27.82477672175933,200704
grouped_conv_forward_bf16_2d_32x64x128_compv4,94,1,704,1024,1,14,14,1,1,1,1,0,0,0.011352100409567356,24.89329919614144,200704
grouped_conv_forward_bf16_2d_32x64x128_compv5,94,1,704,1024,1,14,14,1,1,1,1,0,0,0.01011200062930584,27.94612484309142,200704
grouped_conv_forward_bf16_2d_64x64x128_compv3,94,1,704,1024,1,14,14,1,1,1,1,0,0,0.013172000646591187,21.453933960528044,200704
grouped_conv_forward_bf16_2d_64x64x128_compv4,94,1,704,1024,1,14,14,1,1,1,1,0,0,0.015340100042521954,18.421733314428973,200704
grouped_conv_forward_bf16_2d_64x64x128_compv5,94,1,704,1024,1,14,14,1,1,1,1,0,0,0.013124099001288414,21.532238668136955,200704
grouped_conv_forward_bf16_2d_128x64x128_compv3,94,1,704,1024,1,14,14,1,1,1,1,0,0,0.01434009987860918,19.706364278643225,200704
grouped_conv_forward_bf16_2d_128x64x128_compv4,94,1,704,1024,1,14,14,1,1,1,1,0,0,0.016144100576639175,17.504303238107607,200704
grouped_conv_forward_bf16_2d_128x64x128_compv5,94,1,704,1024,1,14,14,1,1,1,1,0,0,0.01398410089313984,20.20803726742492,200704
grouped_conv_forward_bf16_2d_16x64x64_compv3,95,1,56,224,1,56,56,3,3,2,2,1,1,0.008535999804735184,20.738159799605548,175616
grouped_conv_forward_bf16_2d_16x64x64_compv4,95,1,56,224,1,56,56,3,3,2,2,1,1,0.007723999675363302,22.918298218555236,175616
grouped_conv_forward_bf16_2d_16x64x64_compv5,95,1,56,224,1,56,56,3,3,2,2,1,1,0.008576000109314919,20.641432572712628,175616
grouped_conv_forward_bf16_2d_32x64x64_compv3,95,1,56,224,1,56,56,3,3,2,2,1,1,0.011128099635243416,15.907561380863557,175616
grouped_conv_forward_bf16_2d_32x64x64_compv4,95,1,56,224,1,56,56,3,3,2,2,1,1,0.009188099764287472,19.26632628522921,175616
grouped_conv_forward_bf16_2d_32x64x64_compv5,95,1,56,224,1,56,56,3,3,2,2,1,1,0.010580100119113922,16.731498379698266,175616
grouped_conv_forward_bf16_2d_64x64x64_compv3,95,1,56,224,1,56,56,3,3,2,2,1,1,0.01284009963274002,13.786569657810709,174592
grouped_conv_forward_bf16_2d_64x64x64_compv4,95,1,56,224,1,56,56,3,3,2,2,1,1,0.01257999986410141,14.071616050263337,175616
grouped_conv_forward_bf16_2d_64x64x64_compv5,95,1,56,224,1,56,56,3,3,2,2,1,1,0.013112099841237068,13.500578102927172,174080
grouped_conv_forward_bf16_2d_32x128x64_compv3,95,1,56,224,1,56,56,3,3,2,2,1,1,0.012408100068569183,14.266561925012976,175616
grouped_conv_forward_bf16_2d_32x128x64_compv4,95,1,56,224,1,56,56,3,3,2,2,1,1,0.009124000556766987,19.401678780993617,175616
grouped_conv_forward_bf16_2d_32x128x64_compv5,95,1,56,224,1,56,56,3,3,2,2,1,1,0.012096100486814976,14.634545091036308,175616
grouped_conv_forward_bf16_2d_64x128x64_compv3,95,1,56,224,1,56,56,3,3,2,2,1,1,0.01467210054397583,12.065138694314799,175616
grouped_conv_forward_bf16_2d_64x128x64_compv4,95,1,56,224,1,56,56,3,3,2,2,1,1,0.01252410002052784,14.134423049149307,175616
grouped_conv_forward_bf16_2d_64x128x64_compv5,95,1,56,224,1,56,56,3,3,2,2,1,1,0.015384100377559662,11.506745513583313,175616
grouped_conv_forward_bf16_2d_128x128x64_compv3,95,1,56,224,1,56,56,3,3,2,2,1,1,0.015400099568068981,11.49479113544437,175616
grouped_conv_forward_bf16_2d_128x128x64_compv4,95,1,56,224,1,56,56,3,3,2,2,1,1,0.012540100142359734,14.11638870426828,175616
grouped_conv_forward_bf16_2d_128x128x64_compv5,95,1,56,224,1,56,56,3,3,2,2,1,1,0.01586810126900673,11.15577251487258,175616
grouped_conv_forward_bf16_2d_16x64x128_compv3,95,1,56,224,1,56,56,3,3,2,2,1,1,0.0077680000104010105,22.78848194683017,175616
grouped_conv_forward_bf16_2d_16x64x128_compv4,95,1,56,224,1,56,56,3,3,2,2,1,1,0.007552000228315592,23.44027047778347,175616
grouped_conv_forward_bf16_2d_16x64x128_compv5,95,1,56,224,1,56,56,3,3,2,2,1,1,0.007627999875694513,23.206729271725717,175616
grouped_conv_forward_bf16_2d_32x64x128_compv3,95,1,56,224,1,56,56,3,3,2,2,1,1,0.00895609986037016,19.765403552867895,175616
grouped_conv_forward_bf16_2d_32x64x128_compv4,95,1,56,224,1,56,56,3,3,2,2,1,1,0.009052000008523464,19.55600174915103,175616
grouped_conv_forward_bf16_2d_32x64x128_compv5,95,1,56,224,1,56,56,3,3,2,2,1,1,0.008880099281668663,19.934566313400037,175616
grouped_conv_forward_bf16_2d_64x64x128_compv3,95,1,56,224,1,56,56,3,3,2,2,1,1,0.012348099611699581,14.335884351975599,175232
grouped_conv_forward_bf16_2d_64x64x128_compv4,95,1,56,224,1,56,56,3,3,2,2,1,1,0.012536099180579185,14.12089402373581,175616
grouped_conv_forward_bf16_2d_64x64x128_compv5,95,1,56,224,1,56,56,3,3,2,2,1,1,0.011612100526690483,15.24452252140914,175616
grouped_conv_forward_bf16_2d_128x64x128_compv3,95,1,56,224,1,56,56,3,3,2,2,1,1,0.012076100334525108,14.658782479133926,175616
grouped_conv_forward_bf16_2d_128x64x128_compv4,95,1,56,224,1,56,56,3,3,2,2,1,1,0.012587999925017357,14.062673105692436,175616
grouped_conv_forward_bf16_2d_128x64x128_compv5,95,1,56,224,1,56,56,3,3,2,2,1,1,0.012167999520897865,14.548071578732097,175616
grouped_conv_forward_bf16_2d_16x64x64_compv3,96,1,256,1280,1,64,64,1,1,1,1,0,0,0.027112100273370743,99.00946562360382,5242032
grouped_conv_forward_bf16_2d_16x64x64_compv4,96,1,256,1280,1,64,64,1,1,1,1,0,0,0.02852020040154457,94.12116753059783,5241272
grouped_conv_forward_bf16_2d_16x64x64_compv5,96,1,256,1280,1,64,64,1,1,1,1,0,0,0.027152100577950478,98.86360549871766,5242536
grouped_conv_forward_bf16_2d_32x64x64_compv3,96,1,256,1280,1,64,64,1,1,1,1,0,0,0.022592101246118546,118.8182777138177,5239672
grouped_conv_forward_bf16_2d_32x64x64_compv4,96,1,256,1280,1,64,64,1,1,1,1,0,0,0.025992199778556824,103.27538965034242,5239048
grouped_conv_forward_bf16_2d_32x64x64_compv5,96,1,256,1280,1,64,64,1,1,1,1,0,0,0.02258409932255745,118.86037701396455,5239704
grouped_conv_forward_bf16_2d_64x64x64_compv3,96,1,256,1280,1,64,64,1,1,1,1,0,0,0.02000409923493862,134.19022413723977,5236648
grouped_conv_forward_bf16_2d_64x64x64_compv4,96,1,256,1280,1,64,64,1,1,1,1,0,0,0.03064819797873497,87.58604867609247,5238592
grouped_conv_forward_bf16_2d_64x64x64_compv5,96,1,256,1280,1,64,64,1,1,1,1,0,0,0.019964100793004036,134.45907671136737,5238768
grouped_conv_forward_bf16_2d_32x128x64_compv3,96,1,256,1280,1,64,64,1,1,1,1,0,0,0.018504099920392036,145.06809688385687,5241808
grouped_conv_forward_bf16_2d_32x128x64_compv4,96,1,256,1280,1,64,64,1,1,1,1,0,0,0.025380199775099754,105.7656986070532,5239540
grouped_conv_forward_bf16_2d_32x128x64_compv5,96,1,256,1280,1,64,64,1,1,1,1,0,0,0.017812099307775497,150.70399696391775,5241776
grouped_conv_forward_bf16_2d_64x128x64_compv3,96,1,256,1280,1,64,64,1,1,1,1,0,0,0.019172100350260735,140.01358802419858,5241892
grouped_conv_forward_bf16_2d_64x128x64_compv4,96,1,256,1280,1,64,64,1,1,1,1,0,0,0.030600199475884438,87.7234333755079,5238112
grouped_conv_forward_bf16_2d_64x128x64_compv5,96,1,256,1280,1,64,64,1,1,1,1,0,0,0.018356099724769592,146.23774114594457,5240356
grouped_conv_forward_bf16_2d_128x128x64_compv3,96,1,256,1280,1,64,64,1,1,1,1,0,0,0.02066819928586483,129.8784922127132,5230168
grouped_conv_forward_bf16_2d_128x128x64_compv4,96,1,256,1280,1,64,64,1,1,1,1,0,0,0.03085620142519474,86.99562603348083,5238432
grouped_conv_forward_bf16_2d_128x128x64_compv5,96,1,256,1280,1,64,64,1,1,1,1,0,0,0.020764101296663284,129.27862957552446,5233816
grouped_conv_forward_bf16_2d_16x64x128_compv3,96,1,256,1280,1,64,64,1,1,1,1,0,0,0.022964200004935265,116.89301431894435,5240620
grouped_conv_forward_bf16_2d_16x64x128_compv4,96,1,256,1280,1,64,64,1,1,1,1,0,0,0.028252199292182922,95.01400341398313,5240808
grouped_conv_forward_bf16_2d_16x64x128_compv5,96,1,256,1280,1,64,64,1,1,1,1,0,0,0.02276809886097908,117.89981132770637,5241000
grouped_conv_forward_bf16_2d_32x64x128_compv3,96,1,256,1280,1,64,64,1,1,1,1,0,0,0.018564000725746155,144.6000029657996,5238384
grouped_conv_forward_bf16_2d_32x64x128_compv4,96,1,256,1280,1,64,64,1,1,1,1,0,0,0.025164101272821426,106.67396903617005,5239664
grouped_conv_forward_bf16_2d_32x64x128_compv5,96,1,256,1280,1,64,64,1,1,1,1,0,0,0.018536100164055824,144.81765507532978,5239560
grouped_conv_forward_bf16_2d_64x64x128_compv3,96,1,256,1280,1,64,64,1,1,1,1,0,0,0.01846420019865036,145.3815779248436,5239540
grouped_conv_forward_bf16_2d_64x64x128_compv4,96,1,256,1280,1,64,64,1,1,1,1,0,0,0.030704200267791748,87.42629791976208,5238368
grouped_conv_forward_bf16_2d_64x64x128_compv5,96,1,256,1280,1,64,64,1,1,1,1,0,0,0.018184099346399307,147.62097967373555,5240280
grouped_conv_forward_bf16_2d_128x64x128_compv3,96,1,256,1280,1,64,64,1,1,1,1,0,0,0.02048810012638569,131.0201796867901,5235280
grouped_conv_forward_bf16_2d_128x64x128_compv4,96,1,256,1280,1,64,64,1,1,1,1,0,0,0.0305682010948658,87.81526108354676,5238360
grouped_conv_forward_bf16_2d_128x64x128_compv5,96,1,256,1280,1,64,64,1,1,1,1,0,0,0.020504100248217583,130.9179397049305,5235652
grouped_conv_forward_bf16_2d_16x64x64_compv3,98,1,32,64,1,64,64,1,1,2,2,0,0,0.004035999998450279,1.0392229934614732,65536
grouped_conv_forward_bf16_2d_16x64x64_compv4,98,1,32,64,1,64,64,1,1,2,2,0,0,0.004780000075697899,0.8774694421710056,65536
grouped_conv_forward_bf16_2d_16x64x64_compv5,98,1,32,64,1,64,64,1,1,2,2,0,0,0.0034839999862015247,1.2038760093604057,65536
grouped_conv_forward_bf16_2d_32x64x64_compv3,98,1,32,64,1,64,64,1,1,2,2,0,0,0.004440099932253361,0.9446418017603899,65536
grouped_conv_forward_bf16_2d_32x64x64_compv4,98,1,32,64,1,64,64,1,1,2,2,0,0,0.004972000140696764,0.8435848514300767,65536
grouped_conv_forward_bf16_2d_32x64x64_compv5,98,1,32,64,1,64,64,1,1,2,2,0,0,0.003988000098615885,1.0517311675733703,65536
grouped_conv_forward_bf16_2d_64x64x64_compv3,98,1,32,64,1,64,64,1,1,2,2,0,0,0.005204000044614077,0.8059769339050891,65536
grouped_conv_forward_bf16_2d_64x64x64_compv4,98,1,32,64,1,64,64,1,1,2,2,0,0,0.0073600998148322105,0.5698705324006015,65536
grouped_conv_forward_bf16_2d_64x64x64_compv5,98,1,32,64,1,64,64,1,1,2,2,0,0,0.005371999926865101,0.7807714179265896,64768
grouped_conv_forward_bf16_2d_32x128x64_compv3,98,1,32,64,1,64,64,1,1,2,2,0,0,0.004244099836796522,0.988267043964237,65536
grouped_conv_forward_bf16_2d_32x128x64_compv4,98,1,32,64,1,64,64,1,1,2,2,0,0,0.00497599970549345,0.8429068022993518,65536
grouped_conv_forward_bf16_2d_32x128x64_compv5,98,1,32,64,1,64,64,1,1,2,2,0,0,0.004131999798119068,1.0150784619857178,65536
grouped_conv_forward_bf16_2d_64x128x64_compv3,98,1,32,64,1,64,64,1,1,2,2,0,0,0.005191999953240156,0.8078397607423846,65536
grouped_conv_forward_bf16_2d_64x128x64_compv4,98,1,32,64,1,64,64,1,1,2,2,0,0,0.006596100516617298,0.6358763013743429,65536
grouped_conv_forward_bf16_2d_64x128x64_compv5,98,1,32,64,1,64,64,1,1,2,2,0,0,0.005007999949157238,0.8375207752759324,65536
grouped_conv_forward_bf16_2d_128x128x64_compv3,98,1,32,64,1,64,64,1,1,2,2,0,0,0.005956000182777643,0.7042148877241878,65536
grouped_conv_forward_bf16_2d_128x128x64_compv4,98,1,32,64,1,64,64,1,1,2,2,0,0,0.00656410027295351,0.6389762230296914,65536
grouped_conv_forward_bf16_2d_128x128x64_compv5,98,1,32,64,1,64,64,1,1,2,2,0,0,0.006384000182151794,0.6570024875197084,65536
grouped_conv_forward_bf16_2d_16x64x128_compv3,98,1,32,64,1,64,64,1,1,2,2,0,0,0.004087999928742647,1.026003931778455,65536
grouped_conv_forward_bf16_2d_16x64x128_compv4,98,1,32,64,1,64,64,1,1,2,2,0,0,0.004392100032418966,0.9549654992010669,65536
grouped_conv_forward_bf16_2d_16x64x128_compv5,98,1,32,64,1,64,64,1,1,2,2,0,0,0.003764000255614519,1.114320859501437,65536
grouped_conv_forward_bf16_2d_32x64x128_compv3,98,1,32,64,1,64,64,1,1,2,2,0,0,0.004495999775826931,0.9328968436677821,65536
grouped_conv_forward_bf16_2d_32x64x128_compv4,98,1,32,64,1,64,64,1,1,2,2,0,0,0.00530409999191761,0.7907663894706515,65536
grouped_conv_forward_bf16_2d_32x64x128_compv5,98,1,32,64,1,64,64,1,1,2,2,0,0,0.0042119999416172504,0.9957986842681541,65536
grouped_conv_forward_bf16_2d_64x64x128_compv3,98,1,32,64,1,64,64,1,1,2,2,0,0,0.005239999853074551,0.8004397171001841,65536
grouped_conv_forward_bf16_2d_64x64x128_compv4,98,1,32,64,1,64,64,1,1,2,2,0,0,0.006668000016361475,0.6290197944973468,65536
grouped_conv_forward_bf16_2d_64x64x128_compv5,98,1,32,64,1,64,64,1,1,2,2,0,0,0.005212099757045507,0.8047244288312609,65152
grouped_conv_forward_bf16_2d_128x64x128_compv3,98,1,32,64,1,64,64,1,1,2,2,0,0,0.005712100304663181,0.7342840244902388,65536
grouped_conv_forward_bf16_2d_128x64x128_compv4,98,1,32,64,1,64,64,1,1,2,2,0,0,0.007468000054359436,0.5616368464742552,65536
grouped_conv_forward_bf16_2d_128x64x128_compv5,98,1,32,64,1,64,64,1,1,2,2,0,0,0.006108100060373545,0.6866789932291146,65536
grouped_conv_forward_bf16_2d_16x64x64_compv3,99,1,3,8,1,336,336,14,14,14,14,0,0,0.03131220117211342,0.17306378335439915,4608
grouped_conv_forward_bf16_2d_16x64x64_compv4,99,1,3,8,1,336,336,14,14,14,14,0,0,0.028220200911164284,0.19202584762095612,4608
grouped_conv_forward_bf16_2d_16x64x64_compv5,99,1,3,8,1,336,336,14,14,14,14,0,0,0.03130420297384262,0.17310800100957854,4608
grouped_conv_forward_bf16_2d_32x64x64_compv3,99,1,3,8,1,336,336,14,14,14,14,0,0,0.04688029736280441,0.11559244085127175,4608
grouped_conv_forward_bf16_2d_32x64x64_compv4,99,1,3,8,1,336,336,14,14,14,14,0,0,0.03637219965457916,0.14898763482724262,4608
grouped_conv_forward_bf16_2d_32x64x64_compv5,99,1,3,8,1,336,336,14,14,14,14,0,0,0.04701229929924011,0.1152678784227767,4352
grouped_conv_forward_bf16_2d_64x64x64_compv3,99,1,3,8,1,336,336,14,14,14,14,0,0,0.051488399505615234,0.10524716347823188,4608
grouped_conv_forward_bf16_2d_64x64x64_compv4,99,1,3,8,1,336,336,14,14,14,14,0,0,0.05030839890241623,0.10771577148601591,4608
grouped_conv_forward_bf16_2d_64x64x64_compv5,99,1,3,8,1,336,336,14,14,14,14,0,0,0.051472198218107224,0.10528029086765651,4608
grouped_conv_forward_bf16_2d_32x128x64_compv3,99,1,3,8,1,336,336,14,14,14,14,0,0,0.0547323003411293,0.09900932294504376,4408
grouped_conv_forward_bf16_2d_32x128x64_compv4,99,1,3,8,1,336,336,14,14,14,14,0,0,0.035356201231479645,0.15326895456107847,4608
grouped_conv_forward_bf16_2d_32x128x64_compv5,99,1,3,8,1,336,336,14,14,14,14,0,0,0.05351629853248596,0.10125902105711783,4608
grouped_conv_forward_bf16_2d_64x128x64_compv3,99,1,3,8,1,336,336,14,14,14,14,0,0,0.06159229949116707,0.08798190755610834,4608
grouped_conv_forward_bf16_2d_64x128x64_compv4,99,1,3,8,1,336,336,14,14,14,14,0,0,0.05039229989051819,0.10753642941031236,4608
grouped_conv_forward_bf16_2d_64x128x64_compv5,99,1,3,8,1,336,336,14,14,14,14,0,0,0.060776401311159134,0.08916302846323707,4608
grouped_conv_forward_bf16_2d_128x128x64_compv3,99,1,3,8,1,336,336,14,14,14,14,0,0,0.05914030224084854,0.0916296974258116,4608
grouped_conv_forward_bf16_2d_128x128x64_compv4,99,1,3,8,1,336,336,14,14,14,14,0,0,0.05133629962801933,0.1055589911868581,4608
grouped_conv_forward_bf16_2d_128x128x64_compv5,99,1,3,8,1,336,336,14,14,14,14,0,0,0.05893639847636223,0.0919467110324601,4608
grouped_conv_forward_bf16_2d_16x64x128_compv3,99,1,3,8,1,336,336,14,14,14,14,0,0,0.02775220014154911,0.19526408617552996,4608
grouped_conv_forward_bf16_2d_16x64x128_compv4,99,1,3,8,1,336,336,14,14,14,14,0,0,0.0283122006803751,0.19140186455926905,4608
grouped_conv_forward_bf16_2d_16x64x128_compv5,99,1,3,8,1,336,336,14,14,14,14,0,0,0.027664100751280785,0.1958859262667019,4608
grouped_conv_forward_bf16_2d_32x64x128_compv3,99,1,3,8,1,336,336,14,14,14,14,0,0,0.03226020187139511,0.16797811810362523,4608
grouped_conv_forward_bf16_2d_32x64x128_compv4,99,1,3,8,1,336,336,14,14,14,14,0,0,0.035572201013565063,0.1523382822989649,4608
grouped_conv_forward_bf16_2d_32x64x128_compv5,99,1,3,8,1,336,336,14,14,14,14,0,0,0.032252099364995956,0.1680203182643481,4608
grouped_conv_forward_bf16_2d_64x64x128_compv3,99,1,3,8,1,336,336,14,14,14,14,0,0,0.042176101356744766,0.12848527544458296,4608
grouped_conv_forward_bf16_2d_64x64x128_compv4,99,1,3,8,1,336,336,14,14,14,14,0,0,0.050724200904369354,0.1068327919096545,4608
grouped_conv_forward_bf16_2d_64x64x128_compv5,99,1,3,8,1,336,336,14,14,14,14,0,0,0.04206810146570206,0.12881513097086386,4608
grouped_conv_forward_bf16_2d_128x64x128_compv3,99,1,3,8,1,336,336,14,14,14,14,0,0,0.039636097848415375,0.13671900853420282,4224
grouped_conv_forward_bf16_2d_128x64x128_compv4,99,1,3,8,1,336,336,14,14,14,14,0,0,0.05130820348858833,0.10561679481148202,4608
grouped_conv_forward_bf16_2d_128x64x128_compv5,99,1,3,8,1,336,336,14,14,14,14,0,0,0.040240298956632614,0.13466619633815646,4608
grouped_conv_forward_bf16_2d_16x64x64_compv3,100,1,8,8,1,256,256,1,1,1,1,0,0,0.009188000112771988,0.9129960706399236,65639
grouped_conv_forward_bf16_2d_16x64x64_compv4,100,1,8,8,1,256,256,1,1,1,1,0,0,0.0176681000739336,0.47478834537370673,65796
grouped_conv_forward_bf16_2d_16x64x64_compv5,100,1,8,8,1,256,256,1,1,1,1,0,0,0.009124000556766987,0.9194002069386582,65516
grouped_conv_forward_bf16_2d_32x64x64_compv3,100,1,8,8,1,256,256,1,1,1,1,0,0,0.007903999648988247,1.0613117880228886,65408
grouped_conv_forward_bf16_2d_32x64x64_compv4,100,1,8,8,1,256,256,1,1,1,1,0,0,0.01578810065984726,0.5313247097121786,65352
grouped_conv_forward_bf16_2d_32x64x64_compv5,100,1,8,8,1,256,256,1,1,1,1,0,0,0.007828000001609325,1.0716157381547549,65436
grouped_conv_forward_bf16_2d_64x64x64_compv3,100,1,8,8,1,256,256,1,1,1,1,0,0,0.007716000080108643,1.0871705434043861,65376
grouped_conv_forward_bf16_2d_64x64x64_compv4,100,1,8,8,1,256,256,1,1,1,1,0,0,0.020864199846982956,0.402057498563168,65280
grouped_conv_forward_bf16_2d_64x64x64_compv5,100,1,8,8,1,256,256,1,1,1,1,0,0,0.00797209981828928,1.0522457308870097,65368
grouped_conv_forward_bf16_2d_32x128x64_compv3,100,1,8,8,1,256,256,1,1,1,1,0,0,0.010484100319445133,0.8001266436225749,66011
grouped_conv_forward_bf16_2d_32x128x64_compv4,100,1,8,8,1,256,256,1,1,1,1,0,0,0.016336100175976753,0.5135012585400258,65344
grouped_conv_forward_bf16_2d_32x128x64_compv5,100,1,8,8,1,256,256,1,1,1,1,0,0,0.010512100532650948,0.797995412424443,66060
grouped_conv_forward_bf16_2d_64x128x64_compv3,100,1,8,8,1,256,256,1,1,1,1,0,0,0.010420000180602074,0.8050487384459241,65840
grouped_conv_forward_bf16_2d_64x128x64_compv4,100,1,8,8,1,256,256,1,1,1,1,0,0,0.019776100292801857,0.4241790785746218,65280
grouped_conv_forward_bf16_2d_64x128x64_compv5,100,1,8,8,1,256,256,1,1,1,1,0,0,0.00960410013794899,0.8734402889921798,65727
grouped_conv_forward_bf16_2d_128x128x64_compv3,100,1,8,8,1,256,256,1,1,1,1,0,0,0.010064099915325642,0.8335179569536867,66294
grouped_conv_forward_bf16_2d_128x128x64_compv4,100,1,8,8,1,256,256,1,1,1,1,0,0,0.019772199913859367,0.4242627546022325,65280
grouped_conv_forward_bf16_2d_128x128x64_compv5,100,1,8,8,1,256,256,1,1,1,1,0,0,0.010080000385642052,0.8322031427646303,66298
grouped_conv_forward_bf16_2d_16x64x128_compv3,100,1,8,8,1,256,256,1,1,1,1,0,0,0.01136810053139925,0.7379076193802345,65750
grouped_conv_forward_bf16_2d_16x64x128_compv4,100,1,8,8,1,256,256,1,1,1,1,0,0,0.01782809942960739,0.47052732867693753,65726
grouped_conv_forward_bf16_2d_16x64x128_compv5,100,1,8,8,1,256,256,1,1,1,1,0,0,0.011283999308943748,0.7434073479028975,65758
grouped_conv_forward_bf16_2d_32x64x128_compv3,100,1,8,8,1,256,256,1,1,1,1,0,0,0.009828099980950356,0.8535330344888128,65354
grouped_conv_forward_bf16_2d_32x64x128_compv4,100,1,8,8,1,256,256,1,1,1,1,0,0,0.015752099454402924,0.5325390449877633,65384
grouped_conv_forward_bf16_2d_32x64x128_compv5,100,1,8,8,1,256,256,1,1,1,1,0,0,0.009756000712513924,0.8598408556120765,65326
grouped_conv_forward_bf16_2d_64x64x128_compv3,100,1,8,8,1,256,256,1,1,1,1,0,0,0.009732100181281567,0.8619524916250246,65372
grouped_conv_forward_bf16_2d_64x64x128_compv4,100,1,8,8,1,256,256,1,1,1,1,0,0,0.020092099905014038,0.4175077786621298,65280
grouped_conv_forward_bf16_2d_64x64x128_compv5,100,1,8,8,1,256,256,1,1,1,1,0,0,0.00976409949362278,0.8591276651245562,65324
grouped_conv_forward_bf16_2d_128x64x128_compv3,100,1,8,8,1,256,256,1,1,1,1,0,0,0.009916000068187714,0.8459669163287061,65759
grouped_conv_forward_bf16_2d_128x64x128_compv4,100,1,8,8,1,256,256,1,1,1,1,0,0,0.020036200061440468,0.4186726013054651,65280
grouped_conv_forward_bf16_2d_128x64x128_compv5,100,1,8,8,1,256,256,1,1,1,1,0,0,0.009792099706828594,0.8566710155279711,66048
grouped_conv_forward_bf16_2d_16x64x64_compv3,101,1,25,26,1,256,256,1,1,1,1,0,0,0.009643999859690666,8.834176818697372,262443
grouped_conv_forward_bf16_2d_16x64x64_compv4,101,1,25,26,1,256,256,1,1,1,1,0,0,0.01804410107433796,4.721587384653125,262631
grouped_conv_forward_bf16_2d_16x64x64_compv5,101,1,25,26,1,256,256,1,1,1,1,0,0,0.009432000108063221,9.032739506349987,262188
grouped_conv_forward_bf16_2d_32x64x64_compv3,101,1,25,26,1,256,256,1,1,1,1,0,0,0.00810409989207983,10.512802301864909,261434
grouped_conv_forward_bf16_2d_32x64x64_compv4,101,1,25,26,1,256,256,1,1,1,1,0,0,0.016092101112008095,5.2943241784893615,261452
grouped_conv_forward_bf16_2d_32x64x64_compv5,101,1,25,26,1,256,256,1,1,1,1,0,0,0.008063999935984612,10.565079448949364,261690
grouped_conv_forward_bf16_2d_64x64x64_compv3,101,1,25,26,1,256,256,1,1,1,1,0,0,0.00822800025343895,10.354496521119017,261912
grouped_conv_forward_bf16_2d_64x64x64_compv4,101,1,25,26,1,256,256,1,1,1,1,0,0,0.020220201462507248,4.213449611665533,262408
grouped_conv_forward_bf16_2d_64x64x64_compv5,101,1,25,26,1,256,256,1,1,1,1,0,0,0.00803999975323677,10.596617240653668,261876
grouped_conv_forward_bf16_2d_32x128x64_compv3,101,1,25,26,1,256,256,1,1,1,1,0,0,0.01063610054552555,8.010153686995844,263556
grouped_conv_forward_bf16_2d_32x128x64_compv4,101,1,25,26,1,256,256,1,1,1,1,0,0,0.016068099066615105,5.302232681463514,261476
grouped_conv_forward_bf16_2d_32x128x64_compv5,101,1,25,26,1,256,256,1,1,1,1,0,0,0.010243999771773815,8.316751454324526,263226
grouped_conv_forward_bf16_2d_64x128x64_compv3,101,1,25,26,1,256,256,1,1,1,1,0,0,0.010312099941074848,8.261828384793542,262916
grouped_conv_forward_bf16_2d_64x128x64_compv4,101,1,25,26,1,256,256,1,1,1,1,0,0,0.020440099760890007,4.168120556975714,262482
grouped_conv_forward_bf16_2d_64x128x64_compv5,101,1,25,26,1,256,256,1,1,1,1,0,0,0.010379999876022339,8.207784298418295,262525
grouped_conv_forward_bf16_2d_128x128x64_compv3,101,1,25,26,1,256,256,1,1,1,1,0,0,0.010432099923491478,8.16679293956435,264369
grouped_conv_forward_bf16_2d_128x128x64_compv4,101,1,25,26,1,256,256,1,1,1,1,0,0,0.02021609991788864,4.214304457637342,262426
grouped_conv_forward_bf16_2d_128x128x64_compv5,101,1,25,26,1,256,256,1,1,1,1,0,0,0.01013999991118908,8.402051355640426,264366
grouped_conv_forward_bf16_2d_16x64x128_compv3,101,1,25,26,1,256,256,1,1,1,1,0,0,0.011940100230276585,7.135350487591884,262533
grouped_conv_forward_bf16_2d_16x64x128_compv4,101,1,25,26,1,256,256,1,1,1,1,0,0,0.018156100064516068,4.6924614700988005,262505
grouped_conv_forward_bf16_2d_16x64x128_compv5,101,1,25,26,1,256,256,1,1,1,1,0,0,0.011668000370264053,7.301748139906166,262544
grouped_conv_forward_bf16_2d_32x64x128_compv3,101,1,25,26,1,256,256,1,1,1,1,0,0,0.010076100006699562,8.455334895778423,261516
grouped_conv_forward_bf16_2d_32x64x128_compv4,101,1,25,26,1,256,256,1,1,1,1,0,0,0.016048099845647812,5.308840349912521,261455
grouped_conv_forward_bf16_2d_32x64x128_compv5,101,1,25,26,1,256,256,1,1,1,1,0,0,0.01004400011152029,8.482357532262547,261416
grouped_conv_forward_bf16_2d_64x64x128_compv3,101,1,25,26,1,256,256,1,1,1,1,0,0,0.010196099989116192,8.355822333141413,262096
grouped_conv_forward_bf16_2d_64x64x128_compv4,101,1,25,26,1,256,256,1,1,1,1,0,0,0.0201960988342762,4.218478068418174,262378
grouped_conv_forward_bf16_2d_64x64x128_compv5,101,1,25,26,1,256,256,1,1,1,1,0,0,0.009860100224614143,8.64056125791906,262294
grouped_conv_forward_bf16_2d_128x64x128_compv3,101,1,25,26,1,256,256,1,1,1,1,0,0,0.009932099841535091,8.577924241529987,263425
grouped_conv_forward_bf16_2d_128x64x128_compv4,101,1,25,26,1,256,256,1,1,1,1,0,0,0.0201881006360054,4.220149361057366,262408
grouped_conv_forward_bf16_2d_128x64x128_compv5,101,1,25,26,1,256,256,1,1,1,1,0,0,0.009972100146114826,8.543516285603394,263521
grouped_conv_forward_bf16_2d_16x64x64_compv3,102,1,192,224,1,12,12,1,7,1,1,0,3,0.015768000856041908,5.498739427501814,32256
grouped_conv_forward_bf16_2d_16x64x64_compv4,102,1,192,224,1,12,12,1,7,1,1,0,3,0.012580099515616894,6.8921655104846975,32256
grouped_conv_forward_bf16_2d_16x64x64_compv5,102,1,192,224,1,12,12,1,7,1,1,0,3,0.015672098845243454,5.532387771170487,32256
grouped_conv_forward_bf16_2d_32x64x64_compv3,102,1,192,224,1,12,12,1,7,1,1,0,3,0.019668098539114,4.4083635145294435,32256
grouped_conv_forward_bf16_2d_32x64x64_compv4,102,1,192,224,1,12,12,1,7,1,1,0,3,0.016232099384069443,5.3415227413586095,32256
grouped_conv_forward_bf16_2d_32x64x64_compv5,102,1,192,224,1,12,12,1,7,1,1,0,3,0.019380200654268265,4.473850892813353,32256
grouped_conv_forward_bf16_2d_64x64x64_compv3,102,1,192,224,1,12,12,1,7,1,1,0,3,0.02438409999012947,3.5557649466290444,32256
grouped_conv_forward_bf16_2d_64x64x64_compv4,102,1,192,224,1,12,12,1,7,1,1,0,3,0.023188099265098572,3.7391649487417107,32256
grouped_conv_forward_bf16_2d_64x64x64_compv5,102,1,192,224,1,12,12,1,7,1,1,0,3,0.024288099259138107,3.5698194031127657,32256
grouped_conv_forward_bf16_2d_32x128x64_compv3,102,1,192,224,1,12,12,1,7,1,1,0,3,0.0233801007270813,3.708458274500509,32256
grouped_conv_forward_bf16_2d_32x128x64_compv4,102,1,192,224,1,12,12,1,7,1,1,0,3,0.016103999689221382,5.384012026405602,32256
grouped_conv_forward_bf16_2d_32x128x64_compv5,102,1,192,224,1,12,12,1,7,1,1,0,3,0.023572100326418877,3.6782521200635103,32256
grouped_conv_forward_bf16_2d_64x128x64_compv3,102,1,192,224,1,12,12,1,7,1,1,0,3,0.027556199580430984,3.1464472358362827,31168
grouped_conv_forward_bf16_2d_64x128x64_compv4,102,1,192,224,1,12,12,1,7,1,1,0,3,0.02302819862961769,3.7651285449868226,32256
grouped_conv_forward_bf16_2d_64x128x64_compv5,102,1,192,224,1,12,12,1,7,1,1,0,3,0.027428200468420982,3.1611307529936354,32256
grouped_conv_forward_bf16_2d_128x128x64_compv3,102,1,192,224,1,12,12,1,7,1,1,0,3,0.02743610180914402,3.160220376901462,32256
grouped_conv_forward_bf16_2d_128x128x64_compv4,102,1,192,224,1,12,12,1,7,1,1,0,3,0.023224201053380966,3.7333524542226466,32256
grouped_conv_forward_bf16_2d_128x128x64_compv5,102,1,192,224,1,12,12,1,7,1,1,0,3,0.02740420028567314,3.1638992233365313,32256
grouped_conv_forward_bf16_2d_16x64x128_compv3,102,1,192,224,1,12,12,1,7,1,1,0,3,0.012956100516021252,6.692146907380305,32256
grouped_conv_forward_bf16_2d_16x64x128_compv4,102,1,192,224,1,12,12,1,7,1,1,0,3,0.012404000386595726,6.990013326160168,32256
grouped_conv_forward_bf16_2d_16x64x128_compv5,102,1,192,224,1,12,12,1,7,1,1,0,3,0.012783999554812908,6.782238033429664,32256
grouped_conv_forward_bf16_2d_32x64x128_compv3,102,1,192,224,1,12,12,1,7,1,1,0,3,0.015300000086426735,5.666936438576809,32256
grouped_conv_forward_bf16_2d_32x64x128_compv4,102,1,192,224,1,12,12,1,7,1,1,0,3,0.016364000737667084,5.298467617422076,32256
grouped_conv_forward_bf16_2d_32x64x128_compv5,102,1,192,224,1,12,12,1,7,1,1,0,3,0.015144099481403828,5.725274593346946,32256
grouped_conv_forward_bf16_2d_64x64x128_compv3,102,1,192,224,1,12,12,1,7,1,1,0,3,0.0201960988342762,4.29311268039788,32256
grouped_conv_forward_bf16_2d_64x64x128_compv4,102,1,192,224,1,12,12,1,7,1,1,0,3,0.023208100348711014,3.7359424811697517,32256
grouped_conv_forward_bf16_2d_64x64x128_compv5,102,1,192,224,1,12,12,1,7,1,1,0,3,0.0201920997351408,4.293962942799193,32256
grouped_conv_forward_bf16_2d_128x64x128_compv3,102,1,192,224,1,12,12,1,7,1,1,0,3,0.02000800147652626,4.333472690999289,32256
grouped_conv_forward_bf16_2d_128x64x128_compv4,102,1,192,224,1,12,12,1,7,1,1,0,3,0.023100100457668304,3.753409131656729,32256
grouped_conv_forward_bf16_2d_128x64x128_compv5,102,1,192,224,1,12,12,1,7,1,1,0,3,0.020336100831627846,4.26355714489539,32256
grouped_conv_forward_bf16_2d_16x64x64_compv3,103,4,171,107,1,256,256,1,1,1,1,0,0,0.11694469302892685,82.02935325698918,4729746
grouped_conv_forward_bf16_2d_16x64x64_compv4,103,4,171,107,1,256,256,1,1,1,1,0,0,0.1548691987991333,61.941933001423166,4732434
grouped_conv_forward_bf16_2d_16x64x64_compv5,103,4,171,107,1,256,256,1,1,1,1,0,0,0.11767689883708954,81.51895257947179,4729919
grouped_conv_forward_bf16_2d_32x64x64_compv3,103,4,171,107,1,256,256,1,1,1,1,0,0,0.09614880383014679,99.77136640146337,4732725
grouped_conv_forward_bf16_2d_32x64x64_compv4,103,4,171,107,1,256,256,1,1,1,1,0,0,0.13724109530448914,69.89814176808174,4726143
grouped_conv_forward_bf16_2d_32x64x64_compv5,103,4,171,107,1,256,256,1,1,1,1,0,0,0.09542880207300186,100.52413241718733,4735396
grouped_conv_forward_bf16_2d_64x64x64_compv3,103,4,171,107,1,256,256,1,1,1,1,0,0,0.07925660163164139,121.03594323391043,4735767
grouped_conv_forward_bf16_2d_64x64x64_compv4,103,4,171,107,1,256,256,1,1,1,1,0,0,0.17750149965286255,54.04403655608944,4732183
grouped_conv_forward_bf16_2d_64x64x64_compv5,103,4,171,107,1,256,256,1,1,1,1,0,0,0.08031659573316574,119.43854751850161,4738625
grouped_conv_forward_bf16_2d_32x128x64_compv3,103,4,171,107,1,256,256,1,1,1,1,0,0,0.06630049645900726,144.6881705015763,4747414
grouped_conv_forward_bf16_2d_32x128x64_compv4,103,4,171,107,1,256,256,1,1,1,1,0,0,0.13736510276794434,69.83504065225078,4726520
grouped_conv_forward_bf16_2d_32x128x64_compv5,103,4,171,107,1,256,256,1,1,1,1,0,0,0.06639249622821808,144.48767678542015,4746447
grouped_conv_forward_bf16_2d_64x128x64_compv3,103,4,171,107,1,256,256,1,1,1,1,0,0,0.061224501579999924,156.68396293051558,4742448
grouped_conv_forward_bf16_2d_64x128x64_compv4,103,4,171,107,1,256,256,1,1,1,1,0,0,0.1778934895992279,53.92495002268838,4732021
grouped_conv_forward_bf16_2d_64x128x64_compv5,103,4,171,107,1,256,256,1,1,1,1,0,0,0.061252497136592865,156.61235026235536,4739546
grouped_conv_forward_bf16_2d_128x128x64_compv3,103,4,171,107,1,256,256,1,1,1,1,0,0,0.06311650574207306,151.98714541013376,4749148
grouped_conv_forward_bf16_2d_128x128x64_compv4,103,4,171,107,1,256,256,1,1,1,1,0,0,0.1772654950618744,54.115988747001246,4732807
grouped_conv_forward_bf16_2d_128x128x64_compv5,103,4,171,107,1,256,256,1,1,1,1,0,0,0.06211649626493454,154.433976686082,4752479
grouped_conv_forward_bf16_2d_16x64x128_compv3,103,4,171,107,1,256,256,1,1,1,1,0,0,0.11896500736474991,80.6362959032812,4732867
grouped_conv_forward_bf16_2d_16x64x128_compv4,103,4,171,107,1,256,256,1,1,1,1,0,0,0.15480530261993408,61.96749965052383,4730136
grouped_conv_forward_bf16_2d_16x64x128_compv5,103,4,171,107,1,256,256,1,1,1,1,0,0,0.11841259896755219,81.01247350063382,4733145
grouped_conv_forward_bf16_2d_32x64x128_compv3,103,4,171,107,1,256,256,1,1,1,1,0,0,0.0933166965842247,102.79936910691812,4723416
grouped_conv_forward_bf16_2d_32x64x128_compv4,103,4,171,107,1,256,256,1,1,1,1,0,0,0.13722510635852814,69.90628603294087,4727266
grouped_conv_forward_bf16_2d_32x64x128_compv5,103,4,171,107,1,256,256,1,1,1,1,0,0,0.09312470257282257,103.01130925490422,4723875
grouped_conv_forward_bf16_2d_64x64x128_compv3,103,4,171,107,1,256,256,1,1,1,1,0,0,0.09007269889116287,106.50172198782832,4728767
grouped_conv_forward_bf16_2d_64x64x128_compv4,103,4,171,107,1,256,256,1,1,1,1,0,0,0.17759349942207336,54.016039816870034,4731998
grouped_conv_forward_bf16_2d_64x64x128_compv5,103,4,171,107,1,256,256,1,1,1,1,0,0,0.0900007039308548,106.58691673533991,4726699
grouped_conv_forward_bf16_2d_128x64x128_compv3,103,4,171,107,1,256,256,1,1,1,1,0,0,0.09925280511379242,96.65114779377602,4766090
grouped_conv_forward_bf16_2d_128x64x128_compv4,103,4,171,107,1,256,256,1,1,1,1,0,0,0.1771015077829361,54.16609748889041,4732089
grouped_conv_forward_bf16_2d_128x64x128_compv5,103,4,171,107,1,256,256,1,1,1,1,0,0,0.09731680154800415,98.57390895926684,4762866
grouped_conv_forward_bf16_2d_16x64x64_compv3,104,1,168,1968,1,1,1,1,1,1,1,0,0,0.004776000045239925,0.1384522599950649,1968
grouped_conv_forward_bf16_2d_16x64x64_compv4,104,1,168,1968,1,1,1,1,1,1,1,0,0,0.0051321000792086124,0.12884549985275554,1968
grouped_conv_forward_bf16_2d_16x64x64_compv5,104,1,168,1968,1,1,1,1,1,1,1,0,0,0.004608000162988901,0.14349999492428245,1968
grouped_conv_forward_bf16_2d_32x64x64_compv3,104,1,168,1968,1,1,1,1,1,1,1,0,0,0.0060800001956522465,0.1087578912370517,1968
grouped_conv_forward_bf16_2d_32x64x64_compv4,104,1,168,1968,1,1,1,1,1,1,1,0,0,0.005552000366151333,0.11910085669867841,1968
grouped_conv_forward_bf16_2d_32x64x64_compv5,104,1,168,1968,1,1,1,1,1,1,1,0,0,0.007808099500834942,0.08468744538018386,1968
grouped_conv_forward_bf16_2d_64x64x64_compv3,104,1,168,1968,1,1,1,1,1,1,1,0,0,0.006980100180953741,0.09473331082042565,1916
grouped_conv_forward_bf16_2d_64x64x64_compv4,104,1,168,1968,1,1,1,1,1,1,1,0,0,0.008899999782443047,0.07429752990606116,1968
grouped_conv_forward_bf16_2d_64x64x64_compv5,104,1,168,1968,1,1,1,1,1,1,1,0,0,0.006952100433409214,0.09511485145155377,1968
grouped_conv_forward_bf16_2d_32x128x64_compv3,104,1,168,1968,1,1,1,1,1,1,1,0,0,0.008028099313378334,0.08236669405647123,1968
grouped_conv_forward_bf16_2d_32x128x64_compv4,104,1,168,1968,1,1,1,1,1,1,1,0,0,0.005512000061571598,0.11996516556849657,1968
grouped_conv_forward_bf16_2d_32x128x64_compv5,104,1,168,1968,1,1,1,1,1,1,1,0,0,0.00597199983894825,0.1107247183242481,1968
grouped_conv_forward_bf16_2d_64x128x64_compv3,104,1,168,1968,1,1,1,1,1,1,1,0,0,0.007695999927818775,0.0859209987268559,1968
grouped_conv_forward_bf16_2d_64x128x64_compv4,104,1,168,1968,1,1,1,1,1,1,1,0,0,0.00791999977082014,0.08349091150687316,1916
grouped_conv_forward_bf16_2d_64x128x64_compv5,104,1,168,1968,1,1,1,1,1,1,1,0,0,0.007928100414574146,0.08340560353958618,1968
grouped_conv_forward_bf16_2d_128x128x64_compv3,104,1,168,1968,1,1,1,1,1,1,1,0,0,0.008336099795997143,0.07932342656424535,1968
grouped_conv_forward_bf16_2d_128x128x64_compv4,104,1,168,1968,1,1,1,1,1,1,1,0,0,0.007643999997526407,0.08650549453348762,1968
grouped_conv_forward_bf16_2d_128x128x64_compv5,104,1,168,1968,1,1,1,1,1,1,1,0,0,0.008256100118160248,0.08009205200231384,1968
grouped_conv_forward_bf16_2d_16x64x128_compv3,104,1,168,1968,1,1,1,1,1,1,1,0,0,0.006652099546045065,0.09940440539455517,1968
grouped_conv_forward_bf16_2d_16x64x128_compv4,104,1,168,1968,1,1,1,1,1,1,1,0,0,0.0047439998015761375,0.13938617783675036,1968
grouped_conv_forward_bf16_2d_16x64x128_compv5,104,1,168,1968,1,1,1,1,1,1,1,0,0,0.0043760002590715885,0.15110785211431643,1968
grouped_conv_forward_bf16_2d_32x64x128_compv3,104,1,168,1968,1,1,1,1,1,1,1,0,0,0.00571999978274107,0.11560280159366101,1968
grouped_conv_forward_bf16_2d_32x64x128_compv4,104,1,168,1968,1,1,1,1,1,1,1,0,0,0.005455999635159969,0.1211964890427659,1968
grouped_conv_forward_bf16_2d_32x64x128_compv5,104,1,168,1968,1,1,1,1,1,1,1,0,0,0.0061240000650286674,0.10797648481032546,1968
grouped_conv_forward_bf16_2d_64x64x128_compv3,104,1,168,1968,1,1,1,1,1,1,1,0,0,0.006860099732875824,0.09639043537969062,1968
grouped_conv_forward_bf16_2d_64x64x128_compv4,104,1,168,1968,1,1,1,1,1,1,1,0,0,0.008168099448084831,0.08095493991016997,1920
grouped_conv_forward_bf16_2d_64x64x128_compv5,104,1,168,1968,1,1,1,1,1,1,1,0,0,0.006531999912112951,0.10123208954332358,1968
grouped_conv_forward_bf16_2d_128x64x128_compv3,104,1,168,1968,1,1,1,1,1,1,1,0,0,0.008724000304937363,0.07579642100949556,1968
grouped_conv_forward_bf16_2d_128x64x128_compv4,104,1,168,1968,1,1,1,1,1,1,1,0,0,0.007768099661916494,0.08512352168211772,1968
grouped_conv_forward_bf16_2d_128x64x128_compv5,104,1,168,1968,1,1,1,1,1,1,1,0,0,0.009612100198864937,0.06879329036520913,1968
grouped_conv_forward_bf16_2d_16x64x64_compv3,107,1,104,104,1,128,128,1,1,1,1,0,0,0.008775999769568443,40.38499285619608,197905
grouped_conv_forward_bf16_2d_16x64x64_compv4,107,1,104,104,1,128,128,1,1,1,1,0,0,0.011644000187516212,30.437880650326683,196918
grouped_conv_forward_bf16_2d_16x64x64_compv5,107,1,104,104,1,128,128,1,1,1,1,0,0,0.008711999282240868,40.68167093659789,197332
grouped_conv_forward_bf16_2d_32x64x64_compv3,107,1,104,104,1,128,128,1,1,1,1,0,0,0.008256100118160248,42.9280995782034,199336
grouped_conv_forward_bf16_2d_32x64x64_compv4,107,1,104,104,1,128,128,1,1,1,1,0,0,0.010220000520348549,34.67893052395977,197126
grouped_conv_forward_bf16_2d_32x64x64_compv5,107,1,104,104,1,128,128,1,1,1,1,0,0,0.007515999488532543,47.15523045747283,197987
grouped_conv_forward_bf16_2d_64x64x64_compv3,107,1,104,104,1,128,128,1,1,1,1,0,0,0.007315999828279018,48.444326998210414,197856
grouped_conv_forward_bf16_2d_64x64x64_compv4,107,1,104,104,1,128,128,1,1,1,1,0,0,0.012411999516189098,28.55451996575798,197017
grouped_conv_forward_bf16_2d_64x64x64_compv5,107,1,104,104,1,128,128,1,1,1,1,0,0,0.007388000376522541,47.97220762552551,197906
grouped_conv_forward_bf16_2d_32x128x64_compv3,107,1,104,104,1,128,128,1,1,1,1,0,0,0.007091999985277653,49.97443439590256,198499
grouped_conv_forward_bf16_2d_32x128x64_compv4,107,1,104,104,1,128,128,1,1,1,1,0,0,0.010724099352955818,33.04880683544896,196922
grouped_conv_forward_bf16_2d_32x128x64_compv5,107,1,104,104,1,128,128,1,1,1,1,0,0,0.0061439997516572475,57.68533566499594,197864
grouped_conv_forward_bf16_2d_64x128x64_compv3,107,1,104,104,1,128,128,1,1,1,1,0,0,0.006416100077331066,55.23895882675027,197215
grouped_conv_forward_bf16_2d_64x128x64_compv4,107,1,104,104,1,128,128,1,1,1,1,0,0,0.011692100204527378,30.312662549946598,197120
grouped_conv_forward_bf16_2d_64x128x64_compv5,107,1,104,104,1,128,128,1,1,1,1,0,0,0.006639999803155661,53.37631001608803,197166
grouped_conv_forward_bf16_2d_128x128x64_compv3,107,1,104,104,1,128,128,1,1,1,1,0,0,0.007128099910914898,49.721341231103764,199608
grouped_conv_forward_bf16_2d_128x128x64_compv4,107,1,104,104,1,128,128,1,1,1,1,0,0,0.011740099638700485,30.188729134093677,197054
grouped_conv_forward_bf16_2d_128x128x64_compv5,107,1,104,104,1,128,128,1,1,1,1,0,0,0.007687999866902828,46.100246375625964,199891
grouped_conv_forward_bf16_2d_16x64x128_compv3,107,1,104,104,1,128,128,1,1,1,1,0,0,0.008788099512457848,40.329389476937834,196921
grouped_conv_forward_bf16_2d_16x64x128_compv4,107,1,104,104,1,128,128,1,1,1,1,0,0,0.011624099686741829,30.4899904122675,196899
grouped_conv_forward_bf16_2d_16x64x128_compv5,107,1,104,104,1,128,128,1,1,1,1,0,0,0.009060000069439411,39.119060185827315,196882
grouped_conv_forward_bf16_2d_32x64x128_compv3,107,1,104,104,1,128,128,1,1,1,1,0,0,0.007648100145161152,46.340748849142074,196870
grouped_conv_forward_bf16_2d_32x64x128_compv4,107,1,104,104,1,128,128,1,1,1,1,0,0,0.01028400007635355,34.46311604128926,197050
grouped_conv_forward_bf16_2d_32x64x128_compv5,107,1,104,104,1,128,128,1,1,1,1,0,0,0.00756810000166297,46.83060317941387,197102
grouped_conv_forward_bf16_2d_64x64x128_compv3,107,1,104,104,1,128,128,1,1,1,1,0,0,0.007040000054985285,50.34356324315978,197280
grouped_conv_forward_bf16_2d_64x64x128_compv4,107,1,104,104,1,128,128,1,1,1,1,0,0,0.01184799987822771,29.91379909205535,197100
grouped_conv_forward_bf16_2d_64x64x128_compv5,107,1,104,104,1,128,128,1,1,1,1,0,0,0.006720100529491901,52.740087212177045,197433
grouped_conv_forward_bf16_2d_128x64x128_compv3,107,1,104,104,1,128,128,1,1,1,1,0,0,0.006796000059694052,52.151071937447206,199260
grouped_conv_forward_bf16_2d_128x64x128_compv4,107,1,104,104,1,128,128,1,1,1,1,0,0,0.011791999451816082,30.055860284611537,197165
grouped_conv_forward_bf16_2d_128x64x128_compv5,107,1,104,104,1,128,128,1,1,1,1,0,0,0.006899999920278788,51.365027839838014,198360
grouped_conv_forward_bf16_2d_16x64x64_compv3,108,1,38,368,1,1,1,1,1,1,1,0,0,0.003759999992325902,0.007438297887521869,368
grouped_conv_forward_bf16_2d_16x64x64_compv4,108,1,38,368,1,1,1,1,1,1,1,0,0,0.0053079999051988125,0.005269027976546743,368
grouped_conv_forward_bf16_2d_16x64x64_compv5,108,1,38,368,1,1,1,1,1,1,1,0,0,0.003604099852964282,0.007760051369552655,368
grouped_conv_forward_bf16_2d_32x64x64_compv3,108,1,38,368,1,1,1,1,1,1,1,0,0,0.006028099916875362,0.004639604582814726,368
grouped_conv_forward_bf16_2d_32x64x64_compv4,108,1,38,368,1,1,1,1,1,1,1,0,0,0.005407999735325575,0.005171597886240699,368
grouped_conv_forward_bf16_2d_32x64x64_compv5,108,1,38,368,1,1,1,1,1,1,1,0,0,0.006400099955499172,0.0043699317502016504,368
grouped_conv_forward_bf16_2d_64x64x64_compv3,108,1,38,368,1,1,1,1,1,1,1,0,0,0.004679999779909849,0.005976068657109797,368
grouped_conv_forward_bf16_2d_64x64x64_compv4,108,1,38,368,1,1,1,1,1,1,1,0,0,0.007800099905580282,0.003585595099877037,368
grouped_conv_forward_bf16_2d_64x64x64_compv5,108,1,38,368,1,1,1,1,1,1,1,0,0,0.005260000005364418,0.005317110260737033,368
grouped_conv_forward_bf16_2d_32x128x64_compv3,108,1,38,368,1,1,1,1,1,1,1,0,0,0.005979999899864197,0.004676923155238705,368
grouped_conv_forward_bf16_2d_32x128x64_compv4,108,1,38,368,1,1,1,1,1,1,1,0,0,0.005040000192821026,0.005549206136904044,368
grouped_conv_forward_bf16_2d_32x128x64_compv5,108,1,38,368,1,1,1,1,1,1,1,0,0,0.004040000028908253,0.00692277222769177,368
grouped_conv_forward_bf16_2d_64x128x64_compv3,108,1,38,368,1,1,1,1,1,1,1,0,0,0.005235999822616577,0.005341482228321314,368
grouped_conv_forward_bf16_2d_64x128x64_compv4,108,1,38,368,1,1,1,1,1,1,1,0,0,0.006648000329732895,0.004206979334058443,368
grouped_conv_forward_bf16_2d_64x128x64_compv5,108,1,38,368,1,1,1,1,1,1,1,0,0,0.006396000273525715,0.004372732771098365,368
grouped_conv_forward_bf16_2d_128x128x64_compv3,108,1,38,368,1,1,1,1,1,1,1,0,0,0.005940000060945749,0.004708417460108076,368
grouped_conv_forward_bf16_2d_128x128x64_compv4,108,1,38,368,1,1,1,1,1,1,1,0,0,0.007575999945402145,0.0036916578935528776,368
grouped_conv_forward_bf16_2d_128x128x64_compv5,108,1,38,368,1,1,1,1,1,1,1,0,0,0.006148000247776508,0.004549121482243748,368
grouped_conv_forward_bf16_2d_16x64x128_compv3,108,1,38,368,1,1,1,1,1,1,1,0,0,0.0062200999818742275,0.004496390746370727,368
grouped_conv_forward_bf16_2d_16x64x128_compv4,108,1,38,368,1,1,1,1,1,1,1,0,0,0.005092100240290165,0.005492429190358258,368
grouped_conv_forward_bf16_2d_16x64x128_compv5,108,1,38,368,1,1,1,1,1,1,1,0,0,0.004244000185281038,0.0065900091373695254,368
grouped_conv_forward_bf16_2d_32x64x128_compv3,108,1,38,368,1,1,1,1,1,1,1,0,0,0.00534799974411726,0.005229618799208898,368
grouped_conv_forward_bf16_2d_32x64x128_compv4,108,1,38,368,1,1,1,1,1,1,1,0,0,0.005216100253164768,0.00536186013354152,368
grouped_conv_forward_bf16_2d_32x64x128_compv5,108,1,38,368,1,1,1,1,1,1,1,0,0,0.006668099667876959,0.004194298434789993,368
grouped_conv_forward_bf16_2d_64x64x128_compv3,108,1,38,368,1,1,1,1,1,1,1,0,0,0.005235999822616577,0.005341482228321314,368
grouped_conv_forward_bf16_2d_64x64x128_compv4,108,1,38,368,1,1,1,1,1,1,1,0,0,0.007080099545419216,0.003950226945339369,316
grouped_conv_forward_bf16_2d_64x64x128_compv5,108,1,38,368,1,1,1,1,1,1,1,0,0,0.005172000266611576,0.005407578994253063,368
grouped_conv_forward_bf16_2d_128x64x128_compv3,108,1,38,368,1,1,1,1,1,1,1,0,0,0.006984000094234943,0.0040045818474553916,368
grouped_conv_forward_bf16_2d_128x64x128_compv4,108,1,38,368,1,1,1,1,1,1,1,0,0,0.007392100058495998,0.0037834985699165967,368
grouped_conv_forward_bf16_2d_128x64x128_compv5,108,1,38,368,1,1,1,1,1,1,1,0,0,0.007980000227689743,0.003504761804762116,368
grouped_conv_forward_bf16_2d_16x64x64_compv3,110,4,2064,576,1,17,17,1,1,1,1,0,0,0.032864201813936234,83.6367054815985,665856
grouped_conv_forward_bf16_2d_16x64x64_compv4,110,4,2064,576,1,17,17,1,1,1,1,0,0,0.028640100732445717,95.97220322923351,665856
grouped_conv_forward_bf16_2d_16x64x64_compv5,110,4,2064,576,1,17,17,1,1,1,1,0,0,0.033020202070474625,83.24157320823117,665856
grouped_conv_forward_bf16_2d_32x64x64_compv3,110,4,2064,576,1,17,17,1,1,1,1,0,0,0.03439220041036606,79.92084063256202,665565
grouped_conv_forward_bf16_2d_32x64x64_compv4,110,4,2064,576,1,17,17,1,1,1,1,0,0,0.029628198593854904,92.77153854943074,665780
grouped_conv_forward_bf16_2d_32x64x64_compv5,110,4,2064,576,1,17,17,1,1,1,1,0,0,0.03425619751214981,80.23813988768373,665596
grouped_conv_forward_bf16_2d_64x64x64_compv3,110,4,2064,576,1,17,17,1,1,1,1,0,0,0.036816298961639404,74.65860625653731,665856
grouped_conv_forward_bf16_2d_64x64x64_compv4,110,4,2064,576,1,17,17,1,1,1,1,0,0,0.03451620042324066,79.63372370932403,665856
grouped_conv_forward_bf16_2d_64x64x64_compv5,110,4,2064,576,1,17,17,1,1,1,1,0,0,0.036836300045251846,74.61806871546258,665087
grouped_conv_forward_bf16_2d_32x128x64_compv3,110,4,2064,576,1,17,17,1,1,1,1,0,0,0.037772201001644135,72.76921903175189,665856
grouped_conv_forward_bf16_2d_32x128x64_compv4,110,4,2064,576,1,17,17,1,1,1,1,0,0,0.02879219874739647,95.46521931565044,665791
grouped_conv_forward_bf16_2d_32x128x64_compv5,110,4,2064,576,1,17,17,1,1,1,1,0,0,0.03696420043706894,74.35988160164715,665455
grouped_conv_forward_bf16_2d_64x128x64_compv3,110,4,2064,576,1,17,17,1,1,1,1,0,0,0.04210430011153221,65.28201539317725,664062
grouped_conv_forward_bf16_2d_64x128x64_compv4,110,4,2064,576,1,17,17,1,1,1,1,0,0,0.034484200179576874,79.70762127833484,665588
grouped_conv_forward_bf16_2d_64x128x64_compv5,110,4,2064,576,1,17,17,1,1,1,1,0,0,0.04200829938054085,65.43120308443707,665856
grouped_conv_forward_bf16_2d_128x128x64_compv3,110,4,2064,576,1,17,17,1,1,1,1,0,0,0.042892299592494965,64.08268136971007,665856
grouped_conv_forward_bf16_2d_128x128x64_compv4,110,4,2064,576,1,17,17,1,1,1,1,0,0,0.03447229787707329,79.73514204946763,665600
grouped_conv_forward_bf16_2d_128x128x64_compv5,110,4,2064,576,1,17,17,1,1,1,1,0,0,0.04338829964399338,63.35011029593367,665856
grouped_conv_forward_bf16_2d_16x64x128_compv3,110,4,2064,576,1,17,17,1,1,1,1,0,0,0.027184199541807175,101.11217598196282,665856
grouped_conv_forward_bf16_2d_16x64x128_compv4,110,4,2064,576,1,17,17,1,1,1,1,0,0,0.028508201241493225,96.41623982923831,665856
grouped_conv_forward_bf16_2d_16x64x128_compv5,110,4,2064,576,1,17,17,1,1,1,1,0,0,0.026868099346756935,102.30174946601764,665856
grouped_conv_forward_bf16_2d_32x64x128_compv3,110,4,2064,576,1,17,17,1,1,1,1,0,0,0.026648100465536118,103.14632262644096,665728
grouped_conv_forward_bf16_2d_32x64x128_compv4,110,4,2064,576,1,17,17,1,1,1,1,0,0,0.02876020036637783,95.57143319534445,665787
grouped_conv_forward_bf16_2d_32x64x128_compv5,110,4,2064,576,1,17,17,1,1,1,1,0,0,0.02635209821164608,104.30492273989995,665728
grouped_conv_forward_bf16_2d_64x64x128_compv3,110,4,2064,576,1,17,17,1,1,1,1,0,0,0.03072820045053959,89.45052192119937,665856
grouped_conv_forward_bf16_2d_64x64x128_compv4,110,4,2064,576,1,17,17,1,1,1,1,0,0,0.03446420282125473,79.75387047991875,665472
grouped_conv_forward_bf16_2d_64x64x128_compv5,110,4,2064,576,1,17,17,1,1,1,1,0,0,0.030068200081586838,91.41397092415986,665594
grouped_conv_forward_bf16_2d_128x64x128_compv3,110,4,2064,576,1,17,17,1,1,1,1,0,0,0.03032819926738739,90.63029241421829,665856
grouped_conv_forward_bf16_2d_128x64x128_compv4,110,4,2064,576,1,17,17,1,1,1,1,0,0,0.034808199852705,78.96569140694582,665465
grouped_conv_forward_bf16_2d_128x64x128_compv5,110,4,2064,576,1,17,17,1,1,1,1,0,0,0.03030419908463955,90.70206938394965,665600
grouped_conv_forward_bf16_2d_16x64x64_compv3,111,1,40,240,1,114,114,1,1,1,1,0,0,0.009940000250935555,25.10293699203024,3116650
grouped_conv_forward_bf16_2d_16x64x64_compv4,111,1,40,240,1,114,114,1,1,1,1,0,0,0.01732019893825054,14.406485796704338,3117608
grouped_conv_forward_bf16_2d_16x64x64_compv5,111,1,40,240,1,114,114,1,1,1,1,0,0,0.009908000007271767,25.184012900370178,3116456
grouped_conv_forward_bf16_2d_32x64x64_compv3,111,1,40,240,1,114,114,1,1,1,1,0,0,0.00875999964773655,28.484384707078497,3113716
grouped_conv_forward_bf16_2d_32x64x64_compv4,111,1,40,240,1,114,114,1,1,1,1,0,0,0.01644809916615486,15.170336552532596,3115606
grouped_conv_forward_bf16_2d_32x64x64_compv5,111,1,40,240,1,114,114,1,1,1,1,0,0,0.0087160998955369,28.627849954745123,3112643
grouped_conv_forward_bf16_2d_64x64x64_compv3,111,1,40,240,1,114,114,1,1,1,1,0,0,0.008636100217700005,28.89304126978437,3114400
grouped_conv_forward_bf16_2d_64x64x64_compv4,111,1,40,240,1,114,114,1,1,1,1,0,0,0.02122410014271736,11.756597373840561,3115827
grouped_conv_forward_bf16_2d_64x64x64_compv5,111,1,40,240,1,114,114,1,1,1,1,0,0,0.008644100278615952,28.86630094022375,3114445
grouped_conv_forward_bf16_2d_32x128x64_compv3,111,1,40,240,1,114,114,1,1,1,1,0,0,0.00750399986281991,33.25202619423187,3116456
grouped_conv_forward_bf16_2d_32x128x64_compv4,111,1,40,240,1,114,114,1,1,1,1,0,0,0.01644819974899292,15.170243783990868,3115244
grouped_conv_forward_bf16_2d_32x128x64_compv5,111,1,40,240,1,114,114,1,1,1,1,0,0,0.007576099596917629,32.93557546438799,3116013
grouped_conv_forward_bf16_2d_64x128x64_compv3,111,1,40,240,1,114,114,1,1,1,1,0,0,0.007164000067859888,34.8301504238456,3116481
grouped_conv_forward_bf16_2d_64x128x64_compv4,111,1,40,240,1,114,114,1,1,1,1,0,0,0.021140199154615402,11.803256827196126,3116700
grouped_conv_forward_bf16_2d_64x128x64_compv5,111,1,40,240,1,114,114,1,1,1,1,0,0,0.007143999449908733,34.92766226391405,3114944
grouped_conv_forward_bf16_2d_128x128x64_compv3,111,1,40,240,1,114,114,1,1,1,1,0,0,0.007308000233024359,34.14384127581462,3112320
grouped_conv_forward_bf16_2d_128x128x64_compv4,111,1,40,240,1,114,114,1,1,1,1,0,0,0.02146410010755062,11.625141457117177,3116798
grouped_conv_forward_bf16_2d_128x128x64_compv5,111,1,40,240,1,114,114,1,1,1,1,0,0,0.007576099596917629,32.93557546438799,3112320
grouped_conv_forward_bf16_2d_16x64x128_compv3,111,1,40,240,1,114,114,1,1,1,1,0,0,0.012716099619865417,19.622620729566197,3117377
grouped_conv_forward_bf16_2d_16x64x128_compv4,111,1,40,240,1,114,114,1,1,1,1,0,0,0.01698010042309761,14.695036765541136,3117788
grouped_conv_forward_bf16_2d_16x64x128_compv5,111,1,40,240,1,114,114,1,1,1,1,0,0,0.011839999817311764,21.07459491977032,3117720
grouped_conv_forward_bf16_2d_32x64x128_compv3,111,1,40,240,1,114,114,1,1,1,1,0,0,0.010552000254392624,23.647004736957584,3115687
grouped_conv_forward_bf16_2d_32x64x128_compv4,111,1,40,240,1,114,114,1,1,1,1,0,0,0.016120100393891335,15.479010297885992,3116277
grouped_conv_forward_bf16_2d_32x64x128_compv5,111,1,40,240,1,114,114,1,1,1,1,0,0,0.010532000102102757,23.691910138719205,3116144
grouped_conv_forward_bf16_2d_64x64x128_compv3,111,1,40,240,1,114,114,1,1,1,1,0,0,0.010828000493347645,23.044254583595425,3116506
grouped_conv_forward_bf16_2d_64x64x128_compv4,111,1,40,240,1,114,114,1,1,1,1,0,0,0.02144009992480278,11.638154713604735,3114888
grouped_conv_forward_bf16_2d_64x64x128_compv5,111,1,40,240,1,114,114,1,1,1,1,0,0,0.010700100101530552,23.31970707118039,3116526
grouped_conv_forward_bf16_2d_128x64x128_compv3,111,1,40,240,1,114,114,1,1,1,1,0,0,0.011444000527262688,21.803843804932427,3111952
grouped_conv_forward_bf16_2d_128x64x128_compv4,111,1,40,240,1,114,114,1,1,1,1,0,0,0.02223210036754608,11.223554944194492,3116652
grouped_conv_forward_bf16_2d_128x64x128_compv5,111,1,40,240,1,114,114,1,1,1,1,0,0,0.011327999643981457,22.027119336340302,3115486
grouped_conv_forward_bf16_2d_16x64x64_compv3,112,4,1024,1536,1,64,64,1,1,1,1,0,0,0.3777815103530884,136.4270249854981,25151488
grouped_conv_forward_bf16_2d_16x64x64_compv4,112,4,1024,1536,1,64,64,1,1,1,1,0,0,0.3966507911682129,129.93698411695067,25164336
grouped_conv_forward_bf16_2d_16x64x64_compv5,112,4,1024,1536,1,64,64,1,1,1,1,0,0,0.3629266917705536,142.01106923429023,25155072
grouped_conv_forward_bf16_2d_32x64x64_compv3,112,4,1024,1536,1,64,64,1,1,1,1,0,0,0.2932462990283966,175.75535555867032,25161152
grouped_conv_forward_bf16_2d_32x64x64_compv4,112,4,1024,1536,1,64,64,1,1,1,1,0,0,0.33464670181274414,154.01199914063295,25142336
grouped_conv_forward_bf16_2d_32x64x64_compv5,112,4,1024,1536,1,64,64,1,1,1,1,0,0,0.2959743142127991,174.135406611481,25164224
grouped_conv_forward_bf16_2d_64x64x64_compv3,112,4,1024,1536,1,64,64,1,1,1,1,0,0,0.23054978251457214,223.5508834138344,25165280
grouped_conv_forward_bf16_2d_64x64x64_compv4,112,4,1024,1536,1,64,64,1,1,1,1,0,0,0.448087602853775,115.02127535721844,25150504
grouped_conv_forward_bf16_2d_64x64x64_compv5,112,4,1024,1536,1,64,64,1,1,1,1,0,0,0.22643379867076874,227.6144632760315,25165312
grouped_conv_forward_bf16_2d_32x128x64_compv3,112,4,1024,1536,1,64,64,1,1,1,1,0,0,0.2054975926876068,250.80394800706713,25164544
grouped_conv_forward_bf16_2d_32x128x64_compv4,112,4,1024,1536,1,64,64,1,1,1,1,0,0,0.3375386893749237,152.69244437561937,25142400
grouped_conv_forward_bf16_2d_32x128x64_compv5,112,4,1024,1536,1,64,64,1,1,1,1,0,0,0.20943370461463928,246.09032078591906,25163520
grouped_conv_forward_bf16_2d_64x128x64_compv3,112,4,1024,1536,1,64,64,1,1,1,1,0,0,0.167733296751976,307.2711772201713,25164256
grouped_conv_forward_bf16_2d_64x128x64_compv4,112,4,1024,1536,1,64,64,1,1,1,1,0,0,0.4478597044944763,115.07980520412205,25150720
grouped_conv_forward_bf16_2d_64x128x64_compv5,112,4,1024,1536,1,64,64,1,1,1,1,0,0,0.17018941044807434,302.8367476936821,25165824
grouped_conv_forward_bf16_2d_128x128x64_compv3,112,4,1024,1536,1,64,64,1,1,1,1,0,0,0.15883728861808777,324.4805297320523,25147328
grouped_conv_forward_bf16_2d_128x128x64_compv4,112,4,1024,1536,1,64,64,1,1,1,1,0,0,0.4479997158050537,115.04383983678099,25149920
grouped_conv_forward_bf16_2d_128x128x64_compv5,112,4,1024,1536,1,64,64,1,1,1,1,0,0,0.16102130711078644,320.07942598888195,25147008
grouped_conv_forward_bf16_2d_16x64x128_compv3,112,4,1024,1536,1,64,64,1,1,1,1,0,0,0.33407071232795715,154.27753960485938,25164945
grouped_conv_forward_bf16_2d_16x64x128_compv4,112,4,1024,1536,1,64,64,1,1,1,1,0,0,0.39941930770874023,129.0363449069495,25164408
grouped_conv_forward_bf16_2d_16x64x128_compv5,112,4,1024,1536,1,64,64,1,1,1,1,0,0,0.35121768712997437,146.74547848988837,25164512
grouped_conv_forward_bf16_2d_32x64x128_compv3,112,4,1024,1536,1,64,64,1,1,1,1,0,0,0.24339768290519714,211.75060886703085,25158816
grouped_conv_forward_bf16_2d_32x64x128_compv4,112,4,1024,1536,1,64,64,1,1,1,1,0,0,0.33448660373687744,154.0857151712522,25148256
grouped_conv_forward_bf16_2d_32x64x128_compv5,112,4,1024,1536,1,64,64,1,1,1,1,0,0,0.25070589780807495,205.5779620767261,25160736
grouped_conv_forward_bf16_2d_64x64x128_compv3,112,4,1024,1536,1,64,64,1,1,1,1,0,0,0.22143380343914032,232.7540183636205,25160960
grouped_conv_forward_bf16_2d_64x64x128_compv4,112,4,1024,1536,1,64,64,1,1,1,1,0,0,0.44551557302474976,115.68531084577108,25142432
grouped_conv_forward_bf16_2d_64x64x128_compv5,112,4,1024,1536,1,64,64,1,1,1,1,0,0,0.22133779525756836,232.854978482206,25161352
grouped_conv_forward_bf16_2d_128x64x128_compv3,112,4,1024,1536,1,64,64,1,1,1,1,0,0,0.21282970905303955,242.16359539896638,25140224
grouped_conv_forward_bf16_2d_128x64x128_compv4,112,4,1024,1536,1,64,64,1,1,1,1,0,0,0.44762367010116577,115.14048741066736,25148728
grouped_conv_forward_bf16_2d_128x64x128_compv5,112,4,1024,1536,1,64,64,1,1,1,1,0,0,0.20958569645881653,245.91185573643145,25139136
grouped_conv_forward_bf16_2d_16x64x64_compv3,114,2,640,640,1,64,64,1,1,1,1,0,0,0.05057229846715927,132.6988609061921,5242880
grouped_conv_forward_bf16_2d_16x64x64_compv4,114,2,640,640,1,64,64,1,1,1,1,0,0,0.05461230129003525,122.88232214130284,5242240
grouped_conv_forward_bf16_2d_16x64x64_compv5,114,2,640,640,1,64,64,1,1,1,1,0,0,0.05070029944181442,132.36384151343458,5242880
grouped_conv_forward_bf16_2d_32x64x64_compv3,114,2,640,640,1,64,64,1,1,1,1,0,0,0.043024297803640366,155.97898728360371,5242616
grouped_conv_forward_bf16_2d_32x64x64_compv4,114,2,640,640,1,64,64,1,1,1,1,0,0,0.04772830009460449,140.6060217250151,5241856
grouped_conv_forward_bf16_2d_32x64x64_compv5,114,2,640,640,1,64,64,1,1,1,1,0,0,0.04221230000257492,158.97940646661377,5240376
grouped_conv_forward_bf16_2d_64x64x64_compv3,114,2,640,640,1,64,64,1,1,1,1,0,0,0.0356162004172802,188.42230000323184,5241936
grouped_conv_forward_bf16_2d_64x64x64_compv4,114,2,640,640,1,64,64,1,1,1,1,0,0,0.05693240091204643,117.8746424266824,5239288
grouped_conv_forward_bf16_2d_64x64x64_compv5,114,2,640,640,1,64,64,1,1,1,1,0,0,0.035568200051784515,188.67658161586684,5241776
grouped_conv_forward_bf16_2d_32x128x64_compv3,114,2,640,640,1,64,64,1,1,1,1,0,0,0.032384198158979416,207.2271904666326,5242848
grouped_conv_forward_bf16_2d_32x128x64_compv4,114,2,640,640,1,64,64,1,1,1,1,0,0,0.04778429865837097,140.4412451039369,5241504
grouped_conv_forward_bf16_2d_32x128x64_compv5,114,2,640,640,1,64,64,1,1,1,1,0,0,0.03355620056390762,199.9894590932352,5242880
grouped_conv_forward_bf16_2d_64x128x64_compv3,114,2,640,640,1,64,64,1,1,1,1,0,0,0.03261219710111618,205.77842023928875,5242880
grouped_conv_forward_bf16_2d_64x128x64_compv4,114,2,640,640,1,64,64,1,1,1,1,0,0,0.05720040202140808,117.32236422898485,5239424
grouped_conv_forward_bf16_2d_64x128x64_compv5,114,2,640,640,1,64,64,1,1,1,1,0,0,0.032680198550224304,205.35023340468473,5242452
grouped_conv_forward_bf16_2d_128x128x64_compv3,114,2,640,640,1,64,64,1,1,1,1,0,0,0.03421219810843468,196.15478604239397,5237004
grouped_conv_forward_bf16_2d_128x128x64_compv4,114,2,640,640,1,64,64,1,1,1,1,0,0,0.05713639780879021,117.45378878203549,5239552
grouped_conv_forward_bf16_2d_128x128x64_compv5,114,2,640,640,1,64,64,1,1,1,1,0,0,0.03388020023703575,198.07694030875507,5236888
grouped_conv_forward_bf16_2d_16x64x128_compv3,114,2,640,640,1,64,64,1,1,1,1,0,0,0.04717230051755905,142.2632843081713,5242416
grouped_conv_forward_bf16_2d_16x64x128_compv4,114,2,640,640,1,64,64,1,1,1,1,0,0,0.05445240065455437,123.24316870019771,5242744
grouped_conv_forward_bf16_2d_16x64x128_compv5,114,2,640,640,1,64,64,1,1,1,1,0,0,0.046900201588869095,143.08864722646962,5242704
grouped_conv_forward_bf16_2d_32x64x128_compv3,114,2,640,640,1,64,64,1,1,1,1,0,0,0.037508197128772736,178.91786099343184,5241816
grouped_conv_forward_bf16_2d_32x64x128_compv4,114,2,640,640,1,64,64,1,1,1,1,0,0,0.04770030081272125,140.68855511725127,5240892
grouped_conv_forward_bf16_2d_32x64x128_compv5,114,2,640,640,1,64,64,1,1,1,1,0,0,0.037112198770046234,180.82696855505228,5241596
grouped_conv_forward_bf16_2d_64x64x128_compv3,114,2,640,640,1,64,64,1,1,1,1,0,0,0.0349561981856823,191.97987047540857,5240584
grouped_conv_forward_bf16_2d_64x64x128_compv4,114,2,640,640,1,64,64,1,1,1,1,0,0,0.05771639943122864,116.27347627594624,5238784
grouped_conv_forward_bf16_2d_64x64x128_compv5,114,2,640,640,1,64,64,1,1,1,1,0,0,0.0349402017891407,192.06776310277982,5241088
grouped_conv_forward_bf16_2d_128x64x128_compv3,114,2,640,640,1,64,64,1,1,1,1,0,0,0.03631620109081268,184.7904295721539,5238976
grouped_conv_forward_bf16_2d_128x64x128_compv4,114,2,640,640,1,64,64,1,1,1,1,0,0,0.057428400963544846,116.85657771073976,5239776
grouped_conv_forward_bf16_2d_128x64x128_compv5,114,2,640,640,1,64,64,1,1,1,1,0,0,0.036208201199769974,185.34161260799206,5239232
grouped_conv_forward_bf16_2d_16x64x64_compv3,115,1,180,538,1,14,14,1,1,1,1,0,0,0.005431999918073416,6.9884537136487745,15012
grouped_conv_forward_bf16_2d_16x64x64_compv4,115,1,180,538,1,14,14,1,1,1,1,0,0,0.005552000366151333,6.837405889134495,15101
grouped_conv_forward_bf16_2d_16x64x64_compv5,115,1,180,538,1,14,14,1,1,1,1,0,0,0.005508099682629108,6.891901415604091,15092
grouped_conv_forward_bf16_2d_32x64x64_compv3,115,1,180,538,1,14,14,1,1,1,1,0,0,0.006128000095486641,6.194725752037606,15092
grouped_conv_forward_bf16_2d_32x64x64_compv4,115,1,180,538,1,14,14,1,1,1,1,0,0,0.005663999821990728,6.702203600468641,15092
grouped_conv_forward_bf16_2d_32x64x64_compv5,115,1,180,538,1,14,14,1,1,1,1,0,0,0.005900000222027302,6.434115012110306,14992
grouped_conv_forward_bf16_2d_64x64x64_compv3,115,1,180,538,1,14,14,1,1,1,1,0,0,0.007492099888622761,5.066841147919913,15092
grouped_conv_forward_bf16_2d_64x64x64_compv4,115,1,180,538,1,14,14,1,1,1,1,0,0,0.0075240000151097775,5.045358841542497,15092
grouped_conv_forward_bf16_2d_64x64x64_compv5,115,1,180,538,1,14,14,1,1,1,1,0,0,0.007928100414574146,4.788193642226853,15558
grouped_conv_forward_bf16_2d_32x128x64_compv3,115,1,180,538,1,14,14,1,1,1,1,0,0,0.00647599995136261,5.861840686396639,15092
grouped_conv_forward_bf16_2d_32x128x64_compv4,115,1,180,538,1,14,14,1,1,1,1,0,0,0.005772099830210209,6.576684589084372,15092
grouped_conv_forward_bf16_2d_32x128x64_compv5,115,1,180,538,1,14,14,1,1,1,1,0,0,0.007016000337898731,5.410672487420272,15092
grouped_conv_forward_bf16_2d_64x128x64_compv3,115,1,180,538,1,14,14,1,1,1,1,0,0,0.008631999604403973,4.397738848439298,15092
grouped_conv_forward_bf16_2d_64x128x64_compv4,115,1,180,538,1,14,14,1,1,1,1,0,0,0.008000100031495094,4.745100667560731,15332
grouped_conv_forward_bf16_2d_64x128x64_compv5,115,1,180,538,1,14,14,1,1,1,1,0,0,0.00835609994828701,4.542942309801119,15092
grouped_conv_forward_bf16_2d_128x128x64_compv3,115,1,180,538,1,14,14,1,1,1,1,0,0,0.009672099724411964,3.92482305617542,15092
grouped_conv_forward_bf16_2d_128x128x64_compv4,115,1,180,538,1,14,14,1,1,1,1,0,0,0.007515999488532543,5.0507294549339745,15092
grouped_conv_forward_bf16_2d_128x128x64_compv5,115,1,180,538,1,14,14,1,1,1,1,0,0,0.009031999856233597,4.2029761519316615,15092
grouped_conv_forward_bf16_2d_16x64x128_compv3,115,1,180,538,1,14,14,1,1,1,1,0,0,0.004699999932199717,8.07686820161999,15117
grouped_conv_forward_bf16_2d_16x64x128_compv4,115,1,180,538,1,14,14,1,1,1,1,0,0,0.004972000140696764,7.6350118515242436,15092
grouped_conv_forward_bf16_2d_16x64x128_compv5,115,1,180,538,1,14,14,1,1,1,1,0,0,0.005180000327527523,7.328431969061164,15092
grouped_conv_forward_bf16_2d_32x64x128_compv3,115,1,180,538,1,14,14,1,1,1,1,0,0,0.005964099895209074,6.364963811302703,15092
grouped_conv_forward_bf16_2d_32x64x128_compv4,115,1,180,538,1,14,14,1,1,1,1,0,0,0.005644000135362148,6.725953063352329,15063
grouped_conv_forward_bf16_2d_32x64x128_compv5,115,1,180,538,1,14,14,1,1,1,1,0,0,0.005284099839627743,7.184058051914915,15092
grouped_conv_forward_bf16_2d_64x64x128_compv3,115,1,180,538,1,14,14,1,1,1,1,0,0,0.0068040997721254826,5.579177447620165,15092
grouped_conv_forward_bf16_2d_64x64x128_compv4,115,1,180,538,1,14,14,1,1,1,1,0,0,0.007440099958330393,5.102254030538423,15092
grouped_conv_forward_bf16_2d_64x64x128_compv5,115,1,180,538,1,14,14,1,1,1,1,0,0,0.006756099872291088,5.618815695086343,15092
grouped_conv_forward_bf16_2d_128x64x128_compv3,115,1,180,538,1,14,14,1,1,1,1,0,0,0.007424099836498499,5.1132502035295975,15092
grouped_conv_forward_bf16_2d_128x64x128_compv4,115,1,180,538,1,14,14,1,1,1,1,0,0,0.007520099636167288,5.047975670086658,15092
grouped_conv_forward_bf16_2d_128x64x128_compv5,115,1,180,538,1,14,14,1,1,1,1,0,0,0.007404100149869919,5.127061929418518,15092
grouped_conv_forward_bf16_2d_16x64x64_compv3,116,4,192,192,1,4,196,1,1,1,1,0,0,0.006716000381857157,34.426890240298626,601728
grouped_conv_forward_bf16_2d_16x64x64_compv4,116,4,192,192,1,4,196,1,1,1,1,0,0,0.006544000003486872,35.3317554823965,601984
grouped_conv_forward_bf16_2d_16x64x64_compv5,116,4,192,192,1,4,196,1,1,1,1,0,0,0.006939999759197235,33.31570836059289,601792
grouped_conv_forward_bf16_2d_32x64x64_compv3,116,4,192,192,1,4,196,1,1,1,1,0,0,0.00709609966725111,32.582829842011876,601088
grouped_conv_forward_bf16_2d_32x64x64_compv4,116,4,192,192,1,4,196,1,1,1,1,0,0,0.006756000220775604,34.223061048606134,601920
grouped_conv_forward_bf16_2d_32x64x64_compv5,116,4,192,192,1,4,196,1,1,1,1,0,0,0.007096000015735626,32.58328741365298,601344
grouped_conv_forward_bf16_2d_64x64x64_compv3,116,4,192,192,1,4,196,1,1,1,1,0,0,0.0072839995846152306,31.74231482499645,602112
grouped_conv_forward_bf16_2d_64x64x64_compv4,116,4,192,192,1,4,196,1,1,1,1,0,0,0.00746809970587492,30.959818040205537,601664
grouped_conv_forward_bf16_2d_64x64x64_compv5,116,4,192,192,1,4,196,1,1,1,1,0,0,0.00785209983587265,29.445754999662984,600064
grouped_conv_forward_bf16_2d_32x128x64_compv3,116,4,192,192,1,4,196,1,1,1,1,0,0,0.006520000286400318,35.46180948523412,600576
grouped_conv_forward_bf16_2d_32x128x64_compv4,116,4,192,192,1,4,196,1,1,1,1,0,0,0.007023999933153391,32.91728505131106,601932
grouped_conv_forward_bf16_2d_32x128x64_compv5,116,4,192,192,1,4,196,1,1,1,1,0,0,0.006580000277608633,35.13844958134697,602112
grouped_conv_forward_bf16_2d_64x128x64_compv3,116,4,192,192,1,4,196,1,1,1,1,0,0,0.007891999557614326,29.296885575332293,602112
grouped_conv_forward_bf16_2d_64x128x64_compv4,116,4,192,192,1,4,196,1,1,1,1,0,0,0.007848100736737251,29.460759457086564,601664
grouped_conv_forward_bf16_2d_64x128x64_compv5,116,4,192,192,1,4,196,1,1,1,1,0,0,0.007992099970579147,28.929944426514137,599056
grouped_conv_forward_bf16_2d_128x128x64_compv3,116,4,192,192,1,4,196,1,1,1,1,0,0,0.009516099467873573,24.29682547776746,602112
grouped_conv_forward_bf16_2d_128x128x64_compv4,116,4,192,192,1,4,196,1,1,1,1,0,0,0.007848100736737251,29.460759457086564,602112
grouped_conv_forward_bf16_2d_128x128x64_compv5,116,4,192,192,1,4,196,1,1,1,1,0,0,0.010255999863147736,22.543975339820015,602112
grouped_conv_forward_bf16_2d_16x64x128_compv3,116,4,192,192,1,4,196,1,1,1,1,0,0,0.006027999799698591,38.356173802719915,601984
grouped_conv_forward_bf16_2d_16x64x128_compv4,116,4,192,192,1,4,196,1,1,1,1,0,0,0.0070361001417040825,32.86067613358367,601984
grouped_conv_forward_bf16_2d_16x64x128_compv5,116,4,192,192,1,4,196,1,1,1,1,0,0,0.006027999799698591,38.356173802719915,601984
grouped_conv_forward_bf16_2d_32x64x128_compv3,116,4,192,192,1,4,196,1,1,1,1,0,0,0.006212000269442797,37.22005762577649,601920
grouped_conv_forward_bf16_2d_32x64x128_compv4,116,4,192,192,1,4,196,1,1,1,1,0,0,0.00675999978557229,34.20281291923533,601920
grouped_conv_forward_bf16_2d_32x64x128_compv5,116,4,192,192,1,4,196,1,1,1,1,0,0,0.006199999712407589,37.292099794342725,601928
grouped_conv_forward_bf16_2d_64x64x128_compv3,116,4,192,192,1,4,196,1,1,1,1,0,0,0.0069160000421106815,33.43131963449745,602112
grouped_conv_forward_bf16_2d_64x64x128_compv4,116,4,192,192,1,4,196,1,1,1,1,0,0,0.007583999540656805,30.4866853908032,602112
grouped_conv_forward_bf16_2d_64x64x128_compv5,116,4,192,192,1,4,196,1,1,1,1,0,0,0.006883999798446894,33.58672498104427,601792
grouped_conv_forward_bf16_2d_128x64x128_compv3,116,4,192,192,1,4,196,1,1,1,1,0,0,0.00757210049778223,30.53459315122913,602112
grouped_conv_forward_bf16_2d_128x64x128_compv4,116,4,192,192,1,4,196,1,1,1,1,0,0,0.008043999783694744,28.743288689373994,601792
grouped_conv_forward_bf16_2d_128x64x128_compv5,116,4,192,192,1,4,196,1,1,1,1,0,0,0.008167999796569347,28.306931165340043,602112
grouped_conv_forward_bf16_2d_16x64x64_compv3,117,1,672,160,1,24,24,1,1,1,1,0,0,0.00974000059068203,12.716943787302858,92140
grouped_conv_forward_bf16_2d_16x64x64_compv4,117,1,672,160,1,24,24,1,1,1,1,0,0,0.008631999604403973,14.349287033887968,92160
grouped_conv_forward_bf16_2d_16x64x64_compv5,117,1,672,160,1,24,24,1,1,1,1,0,0,0.0096879992634058,12.78520328421827,92160
grouped_conv_forward_bf16_2d_32x64x64_compv3,117,1,672,160,1,24,24,1,1,1,1,0,0,0.012016099877655506,10.308090084231827,92160
grouped_conv_forward_bf16_2d_32x64x64_compv4,117,1,672,160,1,24,24,1,1,1,1,0,0,0.01066409982740879,11.614955036490574,92160
grouped_conv_forward_bf16_2d_32x64x64_compv5,117,1,672,160,1,24,24,1,1,1,1,0,0,0.011968100443482399,10.349431857204497,92160
grouped_conv_forward_bf16_2d_64x64x64_compv3,117,1,672,160,1,24,24,1,1,1,1,0,0,0.014804000034928322,8.366862990256655,92160
grouped_conv_forward_bf16_2d_64x64x64_compv4,117,1,672,160,1,24,24,1,1,1,1,0,0,0.015595999546349049,7.941975096363462,92160
grouped_conv_forward_bf16_2d_64x64x64_compv5,117,1,672,160,1,24,24,1,1,1,1,0,0,0.014812099747359753,8.362287731830763,92160
grouped_conv_forward_bf16_2d_32x128x64_compv3,117,1,672,160,1,24,24,1,1,1,1,0,0,0.013892099261283875,8.916077957000782,92160
grouped_conv_forward_bf16_2d_32x128x64_compv4,117,1,672,160,1,24,24,1,1,1,1,0,0,0.011152099817991257,11.106701161352277,92160
grouped_conv_forward_bf16_2d_32x128x64_compv5,117,1,672,160,1,24,24,1,1,1,1,0,0,0.013860100880265236,8.936662227066682,91776
grouped_conv_forward_bf16_2d_64x128x64_compv3,117,1,672,160,1,24,24,1,1,1,1,0,0,0.017584100365638733,7.044036227297815,92160
grouped_conv_forward_bf16_2d_64x128x64_compv4,117,1,672,160,1,24,24,1,1,1,1,0,0,0.015448099002242088,8.01801179433294,92160
grouped_conv_forward_bf16_2d_64x128x64_compv5,117,1,672,160,1,24,24,1,1,1,1,0,0,0.016576100140810013,7.4723872893993795,92160
grouped_conv_forward_bf16_2d_128x128x64_compv3,117,1,672,160,1,24,24,1,1,1,1,0,0,0.01735210046172142,7.138215933756306,92160
grouped_conv_forward_bf16_2d_128x128x64_compv4,117,1,672,160,1,24,24,1,1,1,1,0,0,0.015576000325381756,7.952172407069092,92160
grouped_conv_forward_bf16_2d_128x128x64_compv5,117,1,672,160,1,24,24,1,1,1,1,0,0,0.017376098781824112,7.128357265646085,92160
grouped_conv_forward_bf16_2d_16x64x128_compv3,117,1,672,160,1,24,24,1,1,1,1,0,0,0.00904799997806549,13.689549104804769,92160
grouped_conv_forward_bf16_2d_16x64x128_compv4,117,1,672,160,1,24,24,1,1,1,1,0,0,0.00928799994289875,13.335814035474984,92160
grouped_conv_forward_bf16_2d_16x64x128_compv5,117,1,672,160,1,24,24,1,1,1,1,0,0,0.008479999378323555,14.606491636852805,92160
grouped_conv_forward_bf16_2d_32x64x128_compv3,117,1,672,160,1,24,24,1,1,1,1,0,0,0.010632099583745003,11.649913455416588,92160
grouped_conv_forward_bf16_2d_32x64x128_compv4,117,1,672,160,1,24,24,1,1,1,1,0,0,0.010727999731898308,11.545772100619038,92160
grouped_conv_forward_bf16_2d_32x64x128_compv5,117,1,672,160,1,24,24,1,1,1,1,0,0,0.009848000481724739,12.577481106937062,92160
grouped_conv_forward_bf16_2d_64x64x128_compv3,117,1,672,160,1,24,24,1,1,1,1,0,0,0.01305210031569004,9.489893350812144,92160
grouped_conv_forward_bf16_2d_64x64x128_compv4,117,1,672,160,1,24,24,1,1,1,1,0,0,0.015636099502444267,7.921607302424589,92160
grouped_conv_forward_bf16_2d_64x64x128_compv5,117,1,672,160,1,24,24,1,1,1,1,0,0,0.012999999336898327,9.52792663984493,91754
grouped_conv_forward_bf16_2d_128x64x128_compv3,117,1,672,160,1,24,24,1,1,1,1,0,0,0.013311999849975109,9.304615489477458,92160
grouped_conv_forward_bf16_2d_128x64x128_compv4,117,1,672,160,1,24,24,1,1,1,1,0,0,0.01548400055617094,7.999421050823719,91902
grouped_conv_forward_bf16_2d_128x64x128_compv5,117,1,672,160,1,24,24,1,1,1,1,0,0,0.013236099854111671,9.357971106686922,92160
grouped_conv_forward_bf16_2d_16x64x64_compv3,119,1,28,160,1,1,1,1,1,1,1,0,0,0.003548000007867813,0.0025253663980075785,160
grouped_conv_forward_bf16_2d_16x64x64_compv4,119,1,28,160,1,1,1,1,1,1,1,0,0,0.004840100184082985,0.0018512013510516992,160
grouped_conv_forward_bf16_2d_16x64x64_compv5,119,1,28,160,1,1,1,1,1,1,1,0,0,0.003984000068157911,0.002248995945460124,160
grouped_conv_forward_bf16_2d_32x64x64_compv3,119,1,28,160,1,1,1,1,1,1,1,0,0,0.005223999731242657,0.0017151608845639515,160
grouped_conv_forward_bf16_2d_32x64x64_compv4,119,1,28,160,1,1,1,1,1,1,1,0,0,0.005032000131905079,0.001780604086869888,160
grouped_conv_forward_bf16_2d_32x64x64_compv5,119,1,28,160,1,1,1,1,1,1,1,0,0,0.00542409997433424,0.0016518869568033286,160
grouped_conv_forward_bf16_2d_64x64x64_compv3,119,1,28,160,1,1,1,1,1,1,1,0,0,0.00517209991812706,0.0017323717913099847,160
grouped_conv_forward_bf16_2d_64x64x64_compv4,119,1,28,160,1,1,1,1,1,1,1,0,0,0.007568000350147486,0.0011839322919462321,160
grouped_conv_forward_bf16_2d_64x64x64_compv5,119,1,28,160,1,1,1,1,1,1,1,0,0,0.00497599970549345,0.0018006431933885077,160
grouped_conv_forward_bf16_2d_32x128x64_compv3,119,1,28,160,1,1,1,1,1,1,1,0,0,0.005872099660336971,0.0015258596614972691,160
grouped_conv_forward_bf16_2d_32x128x64_compv4,119,1,28,160,1,1,1,1,1,1,1,0,0,0.005187999922782183,0.0017270624775173468,160
grouped_conv_forward_bf16_2d_32x128x64_compv5,119,1,28,160,1,1,1,1,1,1,1,0,0,0.0039439997635781765,0.002271805410016323,160
grouped_conv_forward_bf16_2d_64x128x64_compv3,119,1,28,160,1,1,1,1,1,1,1,0,0,0.005120099987834692,0.0017499658251379608,160
grouped_conv_forward_bf16_2d_64x128x64_compv4,119,1,28,160,1,1,1,1,1,1,1,0,0,0.006948099937289953,0.0012895611866364104,160
grouped_conv_forward_bf16_2d_64x128x64_compv5,119,1,28,160,1,1,1,1,1,1,1,0,0,0.006084100343286991,0.00147269102980627,160
grouped_conv_forward_bf16_2d_128x128x64_compv3,119,1,28,160,1,1,1,1,1,1,1,0,0,0.006248000077903271,0.001434058880967049,160
grouped_conv_forward_bf16_2d_128x128x64_compv4,119,1,28,160,1,1,1,1,1,1,1,0,0,0.007424099836498499,0.001206880321833858,160
grouped_conv_forward_bf16_2d_128x128x64_compv5,119,1,28,160,1,1,1,1,1,1,1,0,0,0.0057760002091526985,0.0015512464812244828,160
grouped_conv_forward_bf16_2d_16x64x128_compv3,119,1,28,160,1,1,1,1,1,1,1,0,0,0.005452000070363283,0.0016434335811376774,160
grouped_conv_forward_bf16_2d_16x64x128_compv4,119,1,28,160,1,1,1,1,1,1,1,0,0,0.004408000037074089,0.00203266785949199,160
grouped_conv_forward_bf16_2d_16x64x128_compv5,119,1,28,160,1,1,1,1,1,1,1,0,0,0.0037879999727010727,0.0023653643253885716,160
grouped_conv_forward_bf16_2d_32x64x128_compv3,119,1,28,160,1,1,1,1,1,1,1,0,0,0.005059999879449606,0.001770751030328999,160
grouped_conv_forward_bf16_2d_32x64x128_compv4,119,1,28,160,1,1,1,1,1,1,1,0,0,0.005344099830836058,0.0016766153858690646,160
grouped_conv_forward_bf16_2d_32x64x128_compv5,119,1,28,160,1,1,1,1,1,1,1,0,0,0.005824000108987093,0.0015384615096716264,160
grouped_conv_forward_bf16_2d_64x64x128_compv3,119,1,28,160,1,1,1,1,1,1,1,0,0,0.005880099721252918,0.001523783681357503,160
grouped_conv_forward_bf16_2d_64x64x128_compv4,119,1,28,160,1,1,1,1,1,1,1,0,0,0.007132100407034159,0.0012562919040179305,160
grouped_conv_forward_bf16_2d_64x64x128_compv5,119,1,28,160,1,1,1,1,1,1,1,0,0,0.0050039999186992645,0.0017905675750548482,160
grouped_conv_forward_bf16_2d_128x64x128_compv3,119,1,28,160,1,1,1,1,1,1,1,0,0,0.006660000421106815,0.0013453452602801715,160
grouped_conv_forward_bf16_2d_128x64x128_compv4,119,1,28,160,1,1,1,1,1,1,1,0,0,0.0071240998804569244,0.0012577027484664246,160
grouped_conv_forward_bf16_2d_128x64x128_compv5,119,1,28,160,1,1,1,1,1,1,1,0,0,0.007376000285148621,0.0012147504953383367,160
grouped_conv_forward_bf16_2d_16x64x64_compv3,121,4,408,912,1,14,14,1,1,2,2,0,0,0.00738399988040328,19.753742465124972,178752
grouped_conv_forward_bf16_2d_16x64x64_compv4,121,4,408,912,1,14,14,1,1,2,2,0,0,0.008132100105285645,17.936526864099214,178752
grouped_conv_forward_bf16_2d_16x64x64_compv5,121,4,408,912,1,14,14,1,1,2,2,0,0,0.00746010011062026,19.552235202896295,178688
grouped_conv_forward_bf16_2d_32x64x64_compv3,121,4,408,912,1,14,14,1,1,2,2,0,0,0.009324000217020512,15.643675311561731,178752
grouped_conv_forward_bf16_2d_32x64x64_compv4,121,4,408,912,1,14,14,1,1,2,2,0,0,0.00846800021827221,17.225038762429467,178752
grouped_conv_forward_bf16_2d_32x64x64_compv5,121,4,408,912,1,14,14,1,1,2,2,0,0,0.009428000077605247,15.471110606635621,178752
grouped_conv_forward_bf16_2d_64x64x64_compv3,121,4,408,912,1,14,14,1,1,2,2,0,0,0.011124099604785442,13.112219162191987,178752
grouped_conv_forward_bf16_2d_64x64x64_compv4,121,4,408,912,1,14,14,1,1,2,2,0,0,0.01264010090380907,11.539593956567614,178752
grouped_conv_forward_bf16_2d_64x64x64_compv5,121,4,408,912,1,14,14,1,1,2,2,0,0,0.012488099746406078,11.680050204754105,178752
grouped_conv_forward_bf16_2d_32x128x64_compv3,121,4,408,912,1,14,14,1,1,2,2,0,0,0.010212100110948086,14.283216029543828,178752
grouped_conv_forward_bf16_2d_32x128x64_compv4,121,4,408,912,1,14,14,1,1,2,2,0,0,0.009147999808192253,15.944647470300273,178752
grouped_conv_forward_bf16_2d_32x128x64_compv5,121,4,408,912,1,14,14,1,1,2,2,0,0,0.010328000411391258,14.122930498639606,178752
grouped_conv_forward_bf16_2d_64x128x64_compv3,121,4,408,912,1,14,14,1,1,2,2,0,0,0.012683999724686146,11.499655878746026,178752
grouped_conv_forward_bf16_2d_64x128x64_compv4,121,4,408,912,1,14,14,1,1,2,2,0,0,0.012412100099027157,11.751567489488135,178752
grouped_conv_forward_bf16_2d_64x128x64_compv5,121,4,408,912,1,14,14,1,1,2,2,0,0,0.01231599971652031,11.843263669805514,178752
grouped_conv_forward_bf16_2d_128x128x64_compv3,121,4,408,912,1,14,14,1,1,2,2,0,0,0.013339999131858349,10.934156033912764,178752
grouped_conv_forward_bf16_2d_128x128x64_compv4,121,4,408,912,1,14,14,1,1,2,2,0,0,0.011720100417733192,12.445425107390964,178752
grouped_conv_forward_bf16_2d_128x128x64_compv5,121,4,408,912,1,14,14,1,1,2,2,0,0,0.013432100415229797,10.859182666220754,178752
grouped_conv_forward_bf16_2d_16x64x128_compv3,121,4,408,912,1,14,14,1,1,2,2,0,0,0.006880099885165691,21.200510811550124,178752
grouped_conv_forward_bf16_2d_16x64x128_compv4,121,4,408,912,1,14,14,1,1,2,2,0,0,0.007267999462783337,20.069020745929052,178752
grouped_conv_forward_bf16_2d_16x64x128_compv5,121,4,408,912,1,14,14,1,1,2,2,0,0,0.006796000059694052,21.4628650263088,178752
grouped_conv_forward_bf16_2d_32x64x128_compv3,121,4,408,912,1,14,14,1,1,2,2,0,0,0.00785209983587265,18.57613059549052,178752
grouped_conv_forward_bf16_2d_32x64x128_compv4,121,4,408,912,1,14,14,1,1,2,2,0,0,0.00850400049239397,17.152119420790196,178752
grouped_conv_forward_bf16_2d_32x64x128_compv5,121,4,408,912,1,14,14,1,1,2,2,0,0,0.007931999862194061,18.38901090949507,178752
grouped_conv_forward_bf16_2d_64x64x128_compv3,121,4,408,912,1,14,14,1,1,2,2,0,0,0.010264100506901741,14.21085382999907,178752
grouped_conv_forward_bf16_2d_64x64x128_compv4,121,4,408,912,1,14,14,1,1,2,2,0,0,0.011768000200390816,12.394767973844521,178752
grouped_conv_forward_bf16_2d_64x64x128_compv5,121,4,408,912,1,14,14,1,1,2,2,0,0,0.01016009971499443,14.356318942887457,178752
grouped_conv_forward_bf16_2d_128x64x128_compv3,121,4,408,912,1,14,14,1,1,2,2,0,0,0.011256000027060509,12.95856713302546,178752
grouped_conv_forward_bf16_2d_128x64x128_compv4,121,4,408,912,1,14,14,1,1,2,2,0,0,0.011732099577784538,12.432696384217373,178752
grouped_conv_forward_bf16_2d_128x64x128_compv5,121,4,408,912,1,14,14,1,1,2,2,0,0,0.01101209968328476,13.245578608537574,178752
grouped_conv_forward_bf16_2d_16x64x64_compv3,122,4,24,320,1,1,1,1,1,1,1,0,0,0.00369199994020164,0.016641387051768052,1280
grouped_conv_forward_bf16_2d_16x64x64_compv4,122,4,24,320,1,1,1,1,1,1,1,0,0,0.005175999831408262,0.011870170402088999,1280
grouped_conv_forward_bf16_2d_16x64x64_compv5,122,4,24,320,1,1,1,1,1,1,1,0,0,0.004660000093281269,0.01318454909230226,1280
grouped_conv_forward_bf16_2d_32x64x64_compv3,122,4,24,320,1,1,1,1,1,1,1,0,0,0.005560100078582764,0.011050160812152267,1280
grouped_conv_forward_bf16_2d_32x64x64_compv4,122,4,24,320,1,1,1,1,1,1,1,0,0,0.005071999970823526,0.012113564738452504,1280
grouped_conv_forward_bf16_2d_32x64x64_compv5,122,4,24,320,1,1,1,1,1,1,1,0,0,0.005776099860668182,0.010636935212697757,1280
grouped_conv_forward_bf16_2d_64x64x64_compv3,122,4,24,320,1,1,1,1,1,1,1,0,0,0.0046720001846551895,0.01315068441174184,1280
grouped_conv_forward_bf16_2d_64x64x64_compv4,122,4,24,320,1,1,1,1,1,1,1,0,0,0.008360099978744984,0.007349194406311797,1280
grouped_conv_forward_bf16_2d_64x64x64_compv5,122,4,24,320,1,1,1,1,1,1,1,0,0,0.005135999992489815,0.011962616839922405,1280
grouped_conv_forward_bf16_2d_32x128x64_compv3,122,4,24,320,1,1,1,1,1,1,1,0,0,0.006051999982446432,0.010152015891970274,1280
grouped_conv_forward_bf16_2d_32x128x64_compv4,122,4,24,320,1,1,1,1,1,1,1,0,0,0.005760100204497576,0.010666481106010393,1280
grouped_conv_forward_bf16_2d_32x128x64_compv5,122,4,24,320,1,1,1,1,1,1,1,0,0,0.003964100033044815,0.015499104333350562,1280
grouped_conv_forward_bf16_2d_64x128x64_compv3,122,4,24,320,1,1,1,1,1,1,1,0,0,0.005284099839627743,0.011627335187581989,1280
grouped_conv_forward_bf16_2d_64x128x64_compv4,122,4,24,320,1,1,1,1,1,1,1,0,0,0.006684000138193369,0.009192100348550671,1280
grouped_conv_forward_bf16_2d_64x128x64_compv5,122,4,24,320,1,1,1,1,1,1,1,0,0,0.005956000182777643,0.010315647769397283,1280
grouped_conv_forward_bf16_2d_128x128x64_compv3,122,4,24,320,1,1,1,1,1,1,1,0,0,0.0055160000920295715,0.011138505978050774,1280
grouped_conv_forward_bf16_2d_128x128x64_compv4,122,4,24,320,1,1,1,1,1,1,1,0,0,0.007791999727487564,0.00788501054270578,1280
grouped_conv_forward_bf16_2d_128x128x64_compv5,122,4,24,320,1,1,1,1,1,1,1,0,0,0.005923999939113855,0.010371370802071705,1280
grouped_conv_forward_bf16_2d_16x64x128_compv3,122,4,24,320,1,1,1,1,1,1,1,0,0,0.005996000021696091,0.010246831183736461,1280
grouped_conv_forward_bf16_2d_16x64x128_compv4,122,4,24,320,1,1,1,1,1,1,1,0,0,0.004580100066959858,0.01341455407125682,1280
grouped_conv_forward_bf16_2d_16x64x128_compv5,122,4,24,320,1,1,1,1,1,1,1,0,0,0.004023999907076359,0.015268390014610934,1280
grouped_conv_forward_bf16_2d_32x64x128_compv3,122,4,24,320,1,1,1,1,1,1,1,0,0,0.005328100174665451,0.011531314724925905,1280
grouped_conv_forward_bf16_2d_32x64x128_compv4,122,4,24,320,1,1,1,1,1,1,1,0,0,0.005876100156456232,0.010455914358861666,1280
grouped_conv_forward_bf16_2d_32x64x128_compv5,122,4,24,320,1,1,1,1,1,1,1,0,0,0.006916099693626165,0.008883619774397226,1280
grouped_conv_forward_bf16_2d_64x64x128_compv3,122,4,24,320,1,1,1,1,1,1,1,0,0,0.005460099782794714,0.01125254160988105,1280
grouped_conv_forward_bf16_2d_64x64x128_compv4,122,4,24,320,1,1,1,1,1,1,1,0,0,0.007064100354909897,0.008697498182807692,1084
grouped_conv_forward_bf16_2d_64x64x128_compv5,122,4,24,320,1,1,1,1,1,1,1,0,0,0.005167999770492315,0.011888545419603819,1280
grouped_conv_forward_bf16_2d_128x64x128_compv3,122,4,24,320,1,1,1,1,1,1,1,0,0,0.007612100336700678,0.008071359714450378,1280
grouped_conv_forward_bf16_2d_128x64x128_compv4,122,4,24,320,1,1,1,1,1,1,1,0,0,0.007092099636793137,0.008663160861595224,1280
grouped_conv_forward_bf16_2d_128x64x128_compv5,122,4,24,320,1,1,1,1,1,1,1,0,0,0.008071999996900558,0.007611496534141649,1280
grouped_conv_forward_bf16_2d_16x64x64_compv3,123,3,1920,1280,1,8,8,3,3,1,1,1,1,0.17037279903888702,49.852239605815214,245760
grouped_conv_forward_bf16_2d_16x64x64_compv4,123,3,1920,1280,1,8,8,3,3,1,1,1,1,0.1443811058998108,58.826711064907634,245760
grouped_conv_forward_bf16_2d_16x64x64_compv5,123,3,1920,1280,1,8,8,3,3,1,1,1,1,0.17120930552482605,49.60866802165968,245760
grouped_conv_forward_bf16_2d_32x64x64_compv3,123,3,1920,1280,1,8,8,3,3,1,1,1,1,0.2592740058898926,32.75864686414793,245632
grouped_conv_forward_bf16_2d_32x64x64_compv4,123,3,1920,1280,1,8,8,3,3,1,1,1,1,0.1888815015554428,44.96716475703627,245600
grouped_conv_forward_bf16_2d_32x64x64_compv5,123,3,1920,1280,1,8,8,3,3,1,1,1,1,0.2591140866279602,32.77886474846519,245760
grouped_conv_forward_bf16_2d_64x64x64_compv3,123,3,1920,1280,1,8,8,3,3,1,1,1,1,0.28613829612731934,29.683078829199324,245760
grouped_conv_forward_bf16_2d_64x64x64_compv4,123,3,1920,1280,1,8,8,3,3,1,1,1,1,0.264362096786499,32.12815189183263,245760
grouped_conv_forward_bf16_2d_64x64x64_compv5,123,3,1920,1280,1,8,8,3,3,1,1,1,1,0.28619030117988586,29.677684970398087,245328
grouped_conv_forward_bf16_2d_32x128x64_compv3,123,3,1920,1280,1,8,8,3,3,1,1,1,1,0.3092544972896576,27.464323637773163,245760
grouped_conv_forward_bf16_2d_32x128x64_compv4,123,3,1920,1280,1,8,8,3,3,1,1,1,1,0.188681498169899,45.014830189402176,245600
grouped_conv_forward_bf16_2d_32x128x64_compv5,123,3,1920,1280,1,8,8,3,3,1,1,1,1,0.3088025152683258,27.50452208143391,245760
grouped_conv_forward_bf16_2d_64x128x64_compv3,123,3,1920,1280,1,8,8,3,3,1,1,1,1,0.33874279260635376,25.07349465548655,245760
grouped_conv_forward_bf16_2d_64x128x64_compv4,123,3,1920,1280,1,8,8,3,3,1,1,1,1,0.26445820927619934,32.116475503808054,245760
grouped_conv_forward_bf16_2d_64x128x64_compv5,123,3,1920,1280,1,8,8,3,3,1,1,1,1,0.3384907841682434,25.09216202405797,245760
grouped_conv_forward_bf16_2d_128x128x64_compv3,123,3,1920,1280,1,8,8,3,3,1,1,1,1,0.3273347020149231,25.947342422658217,245760
grouped_conv_forward_bf16_2d_128x128x64_compv4,123,3,1920,1280,1,8,8,3,3,1,1,1,1,0.2633461058139801,32.25210250877806,245760
grouped_conv_forward_bf16_2d_128x128x64_compv5,123,3,1920,1280,1,8,8,3,3,1,1,1,1,0.32819870114326477,25.879034775011025,245760
grouped_conv_forward_bf16_2d_16x64x128_compv3,123,3,1920,1280,1,8,8,3,3,1,1,1,1,0.15175721049308777,55.967459947393145,245760
grouped_conv_forward_bf16_2d_16x64x128_compv4,123,3,1920,1280,1,8,8,3,3,1,1,1,1,0.14433720707893372,58.84460266267433,245760
grouped_conv_forward_bf16_2d_16x64x128_compv5,123,3,1920,1280,1,8,8,3,3,1,1,1,1,0.15084078907966614,56.3074858718367,245760
grouped_conv_forward_bf16_2d_32x64x128_compv3,123,3,1920,1280,1,8,8,3,3,1,1,1,1,0.1730732023715973,49.07441177267918,245632
grouped_conv_forward_bf16_2d_32x64x128_compv4,123,3,1920,1280,1,8,8,3,3,1,1,1,1,0.18896150588989258,44.94812612759935,245600
grouped_conv_forward_bf16_2d_32x64x128_compv5,123,3,1920,1280,1,8,8,3,3,1,1,1,1,0.1729772984981537,49.10162011861144,245632
grouped_conv_forward_bf16_2d_64x64x128_compv3,123,3,1920,1280,1,8,8,3,3,1,1,1,1,0.22192180156707764,38.2723353002016,245376
grouped_conv_forward_bf16_2d_64x64x128_compv4,123,3,1920,1280,1,8,8,3,3,1,1,1,1,0.26389411091804504,32.185127475761405,245760
grouped_conv_forward_bf16_2d_64x64x128_compv5,123,3,1920,1280,1,8,8,3,3,1,1,1,1,0.22146980464458466,38.35044517075516,245760
grouped_conv_forward_bf16_2d_128x64x128_compv3,123,3,1920,1280,1,8,8,3,3,1,1,1,1,0.2058217078447342,41.2661312013173,245760
grouped_conv_forward_bf16_2d_128x64x128_compv4,123,3,1920,1280,1,8,8,3,3,1,1,1,1,0.26350611448287964,32.232518082808404,245760
grouped_conv_forward_bf16_2d_128x64x128_compv5,123,3,1920,1280,1,8,8,3,3,1,1,1,1,0.20636169612407684,41.158149790032866,245760
grouped_conv_forward_bf16_2d_16x64x64_compv3,125,4,12,72,1,1024,1024,1,1,1,1,0,0,0.9440029859542847,7.677684731763113,33551094
grouped_conv_forward_bf16_2d_16x64x64_compv4,125,4,12,72,1,1024,1024,1,1,1,1,0,0,2.0424246788024902,3.548604453922623,33554522
grouped_conv_forward_bf16_2d_16x64x64_compv5,125,4,12,72,1,1024,1024,1,1,1,1,0,0,0.9461197853088379,7.6605070780061375,33550480
grouped_conv_forward_bf16_2d_32x64x64_compv3,125,4,12,72,1,1024,1024,1,1,1,1,0,0,0.7601583003997803,9.534536830273748,33556772
grouped_conv_forward_bf16_2d_32x64x64_compv4,125,4,12,72,1,1024,1024,1,1,1,1,0,0,1.804810881614685,4.015798766414656,33558473
grouped_conv_forward_bf16_2d_32x64x64_compv5,125,4,12,72,1,1024,1024,1,1,1,1,0,0,0.7634662985801697,9.493224947163704,33556482
grouped_conv_forward_bf16_2d_64x64x64_compv3,125,4,12,72,1,1024,1024,1,1,1,1,0,0,0.6433054208755493,11.266432827716082,33563417
grouped_conv_forward_bf16_2d_64x64x64_compv4,125,4,12,72,1,1024,1024,1,1,1,1,0,0,2.357727527618408,3.0740436403697236,33587847
grouped_conv_forward_bf16_2d_64x64x64_compv5,125,4,12,72,1,1024,1024,1,1,1,1,0,0,0.6436694264411926,11.260061476078473,33563731
grouped_conv_forward_bf16_2d_32x128x64_compv3,125,4,12,72,1,1024,1024,1,1,1,1,0,0,0.5413565039634705,13.388141195194844,33615887
grouped_conv_forward_bf16_2d_32x128x64_compv4,125,4,12,72,1,1024,1024,1,1,1,1,0,0,1.7952991724014282,4.037074947405704,33556391
grouped_conv_forward_bf16_2d_32x128x64_compv5,125,4,12,72,1,1024,1024,1,1,1,1,0,0,0.5429764986038208,13.34819707784126,33613716
grouped_conv_forward_bf16_2d_64x128x64_compv3,125,4,12,72,1,1024,1024,1,1,1,1,0,0,0.4838640093803406,14.978913850777671,33578655
grouped_conv_forward_bf16_2d_64x128x64_compv4,125,4,12,72,1,1024,1024,1,1,1,1,0,0,2.3576598167419434,3.0741319254512707,33594282
grouped_conv_forward_bf16_2d_64x128x64_compv5,125,4,12,72,1,1024,1024,1,1,1,1,0,0,0.48569607734680176,14.922412698064434,33571412
grouped_conv_forward_bf16_2d_128x128x64_compv3,125,4,12,72,1,1024,1024,1,1,1,1,0,0,0.5172603130340576,14.011817897815003,33943345
grouped_conv_forward_bf16_2d_128x128x64_compv4,125,4,12,72,1,1024,1024,1,1,1,1,0,0,2.3591039180755615,3.0722501270365217,33593650
grouped_conv_forward_bf16_2d_128x128x64_compv5,125,4,12,72,1,1024,1024,1,1,1,1,0,0,0.518768310546875,13.971087216872522,33931287
grouped_conv_forward_bf16_2d_16x64x128_compv3,125,4,12,72,1,1024,1024,1,1,1,1,0,0,1.3038270473480225,5.558833379581978,33555979
grouped_conv_forward_bf16_2d_16x64x128_compv4,125,4,12,72,1,1024,1024,1,1,1,1,0,0,2.0439610481262207,3.5459371002418583,33554544
grouped_conv_forward_bf16_2d_16x64x128_compv5,125,4,12,72,1,1024,1024,1,1,1,1,0,0,1.2945528030395508,5.5986571540246155,33556417
grouped_conv_forward_bf16_2d_32x64x128_compv3,125,4,12,72,1,1024,1024,1,1,1,1,0,0,1.022904396057129,7.08546892548032,33561031
grouped_conv_forward_bf16_2d_32x64x128_compv4,125,4,12,72,1,1024,1024,1,1,1,1,0,0,1.794499158859253,4.0388747334979715,33557122
grouped_conv_forward_bf16_2d_32x64x128_compv5,125,4,12,72,1,1024,1024,1,1,1,1,0,0,1.021048665046692,7.098346592195549,33559116
grouped_conv_forward_bf16_2d_64x64x128_compv3,125,4,12,72,1,1024,1024,1,1,1,1,0,0,1.0067124366760254,7.199431583393096,33558840
grouped_conv_forward_bf16_2d_64x64x128_compv4,125,4,12,72,1,1024,1024,1,1,1,1,0,0,2.356827974319458,3.0752169402999447,33590120
grouped_conv_forward_bf16_2d_64x64x128_compv5,125,4,12,72,1,1024,1024,1,1,1,1,0,0,1.0033564567565918,7.223511906654588,33561390
grouped_conv_forward_bf16_2d_128x64x128_compv3,125,4,12,72,1,1024,1024,1,1,1,1,0,0,1.1209454536437988,6.465753787073308,33874431
grouped_conv_forward_bf16_2d_128x64x128_compv4,125,4,12,72,1,1024,1024,1,1,1,1,0,0,2.356287956237793,3.075921723749017,33598730
grouped_conv_forward_bf16_2d_128x64x128_compv5,125,4,12,72,1,1024,1024,1,1,1,1,0,0,1.1243054866790771,6.446430616831817,33851003
grouped_conv_forward_bf16_2d_16x64x64_compv3,126,1,3,16,1,32,32,3,3,2,2,1,1,0.0048439996317029,0.04566144030077953,4064
grouped_conv_forward_bf16_2d_16x64x64_compv4,126,1,3,16,1,32,32,3,3,2,2,1,1,0.006180000025779009,0.03579029111284171,4096
grouped_conv_forward_bf16_2d_16x64x64_compv5,126,1,3,16,1,32,32,3,3,2,2,1,1,0.00468400027602911,0.04722117569717782,4096
grouped_conv_forward_bf16_2d_32x64x64_compv3,126,1,3,16,1,32,32,3,3,2,2,1,1,0.005824000108987093,0.037978021267322436,4096
grouped_conv_forward_bf16_2d_32x64x64_compv4,126,1,3,16,1,32,32,3,3,2,2,1,1,0.005432100035250187,0.04071795411805462,4096
grouped_conv_forward_bf16_2d_32x64x64_compv5,126,1,3,16,1,32,32,3,3,2,2,1,1,0.007035999558866024,0.03143604517730352,4096
grouped_conv_forward_bf16_2d_64x64x64_compv3,126,1,3,16,1,32,32,3,3,2,2,1,1,0.0067879995331168175,0.032584563231170385,4096
grouped_conv_forward_bf16_2d_64x64x64_compv4,126,1,3,16,1,32,32,3,3,2,2,1,1,0.00842410046607256,0.026256097121681084,4096
grouped_conv_forward_bf16_2d_64x64x64_compv5,126,1,3,16,1,32,32,3,3,2,2,1,1,0.0067321001552045345,0.032855126171734736,4096
grouped_conv_forward_bf16_2d_32x128x64_compv3,126,1,3,16,1,32,32,3,3,2,2,1,1,0.007556000258773565,0.02927263001919232,4096
grouped_conv_forward_bf16_2d_32x128x64_compv4,126,1,3,16,1,32,32,3,3,2,2,1,1,0.006067999638617039,0.036450892085156776,4096
grouped_conv_forward_bf16_2d_32x128x64_compv5,126,1,3,16,1,32,32,3,3,2,2,1,1,0.006216099951416254,0.03558243942805428,4096
grouped_conv_forward_bf16_2d_64x128x64_compv3,126,1,3,16,1,32,32,3,3,2,2,1,1,0.0074720000848174095,0.029601712726078616,4096
grouped_conv_forward_bf16_2d_64x128x64_compv4,126,1,3,16,1,32,32,3,3,2,2,1,1,0.007260099984705448,0.030465696128973315,4096
grouped_conv_forward_bf16_2d_64x128x64_compv5,126,1,3,16,1,32,32,3,3,2,2,1,1,0.007536000106483698,0.029350318056617516,4096
grouped_conv_forward_bf16_2d_128x128x64_compv3,126,1,3,16,1,32,32,3,3,2,2,1,1,0.008004100061953068,0.027633837444309667,4096
grouped_conv_forward_bf16_2d_128x128x64_compv4,126,1,3,16,1,32,32,3,3,2,2,1,1,0.007515999488532543,0.02942842137462478,4096
grouped_conv_forward_bf16_2d_128x128x64_compv5,126,1,3,16,1,32,32,3,3,2,2,1,1,0.008284000679850578,0.02670014266633179,4096
grouped_conv_forward_bf16_2d_16x64x128_compv3,126,1,3,16,1,32,32,3,3,2,2,1,1,0.006000100169330835,0.036863384569905885,4096
grouped_conv_forward_bf16_2d_16x64x128_compv4,126,1,3,16,1,32,32,3,3,2,2,1,1,0.0047599999234080315,0.04646722763844883,4096
grouped_conv_forward_bf16_2d_16x64x128_compv5,126,1,3,16,1,32,32,3,3,2,2,1,1,0.004528000019490719,0.048848056326836635,4096
grouped_conv_forward_bf16_2d_32x64x128_compv3,126,1,3,16,1,32,32,3,3,2,2,1,1,0.005652000196278095,0.03913375660277792,4096
grouped_conv_forward_bf16_2d_32x64x128_compv4,126,1,3,16,1,32,32,3,3,2,2,1,1,0.005491999909281731,0.04027385354216575,4096
grouped_conv_forward_bf16_2d_32x64x128_compv5,126,1,3,16,1,32,32,3,3,2,2,1,1,0.006883999798446894,0.032130157826254085,4096
grouped_conv_forward_bf16_2d_64x64x128_compv3,126,1,3,16,1,32,32,3,3,2,2,1,1,0.006700099911540747,0.03301204503219666,4096
grouped_conv_forward_bf16_2d_64x64x128_compv4,126,1,3,16,1,32,32,3,3,2,2,1,1,0.008043999783694744,0.027496768516620532,4096
grouped_conv_forward_bf16_2d_64x64x128_compv5,126,1,3,16,1,32,32,3,3,2,2,1,1,0.0063680000603199005,0.03473366801269921,4096
grouped_conv_forward_bf16_2d_128x64x128_compv3,126,1,3,16,1,32,32,3,3,2,2,1,1,0.008448099717497826,0.026181509143633867,4096
grouped_conv_forward_bf16_2d_128x64x128_compv4,126,1,3,16,1,32,32,3,3,2,2,1,1,0.007128000259399414,0.031030301901060306,4096
grouped_conv_forward_bf16_2d_128x64x128_compv5,126,1,3,16,1,32,32,3,3,2,2,1,1,0.008764000609517097,0.02523778920779735,4096
grouped_conv_forward_bf16_2d_16x64x64_compv3,127,4,24,36,1,256,256,1,1,1,1,0,0,0.028964098542928696,15.639528063634208,787578
grouped_conv_forward_bf16_2d_16x64x64_compv4,127,4,24,36,1,256,256,1,1,1,1,0,0,0.06292840093374252,7.198416379226749,787210
grouped_conv_forward_bf16_2d_16x64x64_compv5,127,4,24,36,1,256,256,1,1,1,1,0,0,0.029152199625968933,15.538615878456003,787249
grouped_conv_forward_bf16_2d_32x64x64_compv3,127,4,24,36,1,256,256,1,1,1,1,0,0,0.02367210015654564,19.13581089148712,787134
grouped_conv_forward_bf16_2d_32x64x64_compv4,127,4,24,36,1,256,256,1,1,1,1,0,0,0.056876398622989655,7.964372621456764,786650
grouped_conv_forward_bf16_2d_32x64x64_compv5,127,4,24,36,1,256,256,1,1,1,1,0,0,0.02380010113120079,19.032895259682682,787669
grouped_conv_forward_bf16_2d_64x64x64_compv3,127,4,24,36,1,256,256,1,1,1,1,0,0,0.021420100703835487,21.147651837084428,790998
grouped_conv_forward_bf16_2d_64x64x64_compv4,127,4,24,36,1,256,256,1,1,1,1,0,0,0.0745886042714119,6.073110449307854,789920
grouped_conv_forward_bf16_2d_64x64x64_compv5,127,4,24,36,1,256,256,1,1,1,1,0,0,0.021852100268006325,20.729578687830543,790369
grouped_conv_forward_bf16_2d_32x128x64_compv3,127,4,24,36,1,256,256,1,1,1,1,0,0,0.03248020261526108,13.946490339538753,791829
grouped_conv_forward_bf16_2d_32x128x64_compv4,127,4,24,36,1,256,256,1,1,1,1,0,0,0.056712400168180466,7.9874036481734985,786700
grouped_conv_forward_bf16_2d_32x128x64_compv5,127,4,24,36,1,256,256,1,1,1,1,0,0,0.032408200204372406,13.977475735875169,790700
grouped_conv_forward_bf16_2d_64x128x64_compv3,127,4,24,36,1,256,256,1,1,1,1,0,0,0.03163620084524155,14.318559747926692,787042
grouped_conv_forward_bf16_2d_64x128x64_compv4,127,4,24,36,1,256,256,1,1,1,1,0,0,0.07433260232210159,6.094026279842921,790033
grouped_conv_forward_bf16_2d_64x128x64_compv5,127,4,24,36,1,256,256,1,1,1,1,0,0,0.031640198081731796,14.316750825322465,786675
grouped_conv_forward_bf16_2d_128x128x64_compv3,127,4,24,36,1,256,256,1,1,1,1,0,0,0.03460419923067093,13.090458443508886,800516
grouped_conv_forward_bf16_2d_128x128x64_compv4,127,4,24,36,1,256,256,1,1,1,1,0,0,0.07462459802627563,6.070181200044818,790186
grouped_conv_forward_bf16_2d_128x128x64_compv5,127,4,24,36,1,256,256,1,1,1,1,0,0,0.03424420207738876,13.228073791186482,800383
grouped_conv_forward_bf16_2d_16x64x128_compv3,127,4,24,36,1,256,256,1,1,1,1,0,0,0.03865630179643631,11.718266128648661,787296
grouped_conv_forward_bf16_2d_16x64x128_compv4,127,4,24,36,1,256,256,1,1,1,1,0,0,0.06276850402355194,7.2167536736263695,787443
grouped_conv_forward_bf16_2d_16x64x128_compv5,127,4,24,36,1,256,256,1,1,1,1,0,0,0.03873220086097717,11.695303182639018,787288
grouped_conv_forward_bf16_2d_32x64x128_compv3,127,4,24,36,1,256,256,1,1,1,1,0,0,0.03250820189714432,13.934478241314,786794
grouped_conv_forward_bf16_2d_32x64x128_compv4,127,4,24,36,1,256,256,1,1,1,1,0,0,0.05636439844965935,8.036719000994461,786360
grouped_conv_forward_bf16_2d_32x64x128_compv5,127,4,24,36,1,256,256,1,1,1,1,0,0,0.03248419985175133,13.944774199989357,786590
grouped_conv_forward_bf16_2d_64x64x128_compv3,127,4,24,36,1,256,256,1,1,1,1,0,0,0.031532201915979385,14.365784958723214,787659
grouped_conv_forward_bf16_2d_64x64x128_compv4,127,4,24,36,1,256,256,1,1,1,1,0,0,0.07468060404062271,6.065628924929393,790236
grouped_conv_forward_bf16_2d_64x64x128_compv5,127,4,24,36,1,256,256,1,1,1,1,0,0,0.031424202024936676,14.415157834096595,787362
grouped_conv_forward_bf16_2d_128x64x128_compv3,127,4,24,36,1,256,256,1,1,1,1,0,0,0.0340242013335228,13.31360661664351,798356
grouped_conv_forward_bf16_2d_128x64x128_compv4,127,4,24,36,1,256,256,1,1,1,1,0,0,0.07400460541248322,6.121035704131865,790012
grouped_conv_forward_bf16_2d_128x64x128_compv5,127,4,24,36,1,256,256,1,1,1,1,0,0,0.03390020132064819,13.362305070562886,796386
grouped_conv_forward_bf16_2d_16x64x64_compv3,128,4,192,990,1,64,64,1,1,1,1,0,0,0.062368400394916534,99.86694224256023,5410365
grouped_conv_forward_bf16_2d_16x64x64_compv4,128,4,192,990,1,64,64,1,1,1,1,0,0,0.0801524966955185,77.70863911651864,5409840
grouped_conv_forward_bf16_2d_16x64x64_compv5,128,4,192,990,1,64,64,1,1,1,1,0,0,0.06251639872789383,99.63052201887187,5409847
grouped_conv_forward_bf16_2d_32x64x64_compv3,128,4,192,990,1,64,64,1,1,1,1,0,0,0.05056830123066902,123.1708657087035,5402847
grouped_conv_forward_bf16_2d_32x64x64_compv4,128,4,192,990,1,64,64,1,1,1,1,0,0,0.071492500603199,87.12160558727606,5409042
grouped_conv_forward_bf16_2d_32x64x64_compv5,128,4,192,990,1,64,64,1,1,1,1,0,0,0.05009640008211136,124.3311181999306,5403846
grouped_conv_forward_bf16_2d_64x64x64_compv3,128,4,192,990,1,64,64,1,1,1,1,0,0,0.0428043007850647,145.51204728879173,5403696
grouped_conv_forward_bf16_2d_64x64x64_compv4,128,4,192,990,1,64,64,1,1,1,1,0,0,0.09111670404672623,68.35784398880249,5410240
grouped_conv_forward_bf16_2d_64x64x64_compv5,128,4,192,990,1,64,64,1,1,1,1,0,0,0.0427883006632328,145.56645960357267,5403177
grouped_conv_forward_bf16_2d_32x128x64_compv3,128,4,192,990,1,64,64,1,1,1,1,0,0,0.037500299513339996,166.0931118105955,5411908
grouped_conv_forward_bf16_2d_32x128x64_compv4,128,4,192,990,1,64,64,1,1,1,1,0,0,0.07235649973154068,86.08129833683672,5408941
grouped_conv_forward_bf16_2d_32x128x64_compv5,128,4,192,990,1,64,64,1,1,1,1,0,0,0.03719630092382431,167.45056054782603,5410545
grouped_conv_forward_bf16_2d_64x128x64_compv3,128,4,192,990,1,64,64,1,1,1,1,0,0,0.03396419808268547,183.38549977940548,5408145
grouped_conv_forward_bf16_2d_64x128x64_compv4,128,4,192,990,1,64,64,1,1,1,1,0,0,0.0910646989941597,68.39688165443185,5408668
grouped_conv_forward_bf16_2d_64x128x64_compv5,128,4,192,990,1,64,64,1,1,1,1,0,0,0.0337521992623806,184.53735093174163,5409472
grouped_conv_forward_bf16_2d_128x128x64_compv3,128,4,192,990,1,64,64,1,1,1,1,0,0,0.03521230071783066,176.88538701039826,5398270
grouped_conv_forward_bf16_2d_128x128x64_compv4,128,4,192,990,1,64,64,1,1,1,1,0,0,0.09100069850683212,68.44498495286139,5409219
grouped_conv_forward_bf16_2d_128x128x64_compv5,128,4,192,990,1,64,64,1,1,1,1,0,0,0.03513620048761368,177.26849669461856,5399337
grouped_conv_forward_bf16_2d_16x64x128_compv3,128,4,192,990,1,64,64,1,1,1,1,0,0,0.06275250017642975,99.25566985360499,5414398
grouped_conv_forward_bf16_2d_16x64x128_compv4,128,4,192,990,1,64,64,1,1,1,1,0,0,0.08010060340166092,77.75898277279205,5409379
grouped_conv_forward_bf16_2d_16x64x128_compv5,128,4,192,990,1,64,64,1,1,1,1,0,0,0.061836302280426025,100.72629200487646,5414309
grouped_conv_forward_bf16_2d_32x64x128_compv3,128,4,192,990,1,64,64,1,1,1,1,0,0,0.04832819849252701,128.88006659224263,5407027
grouped_conv_forward_bf16_2d_32x64x128_compv4,128,4,192,990,1,64,64,1,1,1,1,0,0,0.07108049839735031,87.62658648201295,5408759
grouped_conv_forward_bf16_2d_32x64x128_compv5,128,4,192,990,1,64,64,1,1,1,1,0,0,0.04829230159521103,128.97586642707586,5406756
grouped_conv_forward_bf16_2d_64x64x128_compv3,128,4,192,990,1,64,64,1,1,1,1,0,0,0.047460298985242844,131.23687741488277,5408707
grouped_conv_forward_bf16_2d_64x64x128_compv4,128,4,192,990,1,64,64,1,1,1,1,0,0,0.0910445973277092,68.41198294919977,5408587
grouped_conv_forward_bf16_2d_64x64x128_compv5,128,4,192,990,1,64,64,1,1,1,1,0,0,0.0473163016140461,131.63626969000097,5408613
grouped_conv_forward_bf16_2d_128x64x128_compv3,128,4,192,990,1,64,64,1,1,1,1,0,0,0.04972029849886894,125.27160190202176,5417734
grouped_conv_forward_bf16_2d_128x64x128_compv4,128,4,192,990,1,64,64,1,1,1,1,0,0,0.09108869731426239,68.37886174297888,5408925
grouped_conv_forward_bf16_2d_128x64x128_compv5,128,4,192,990,1,64,64,1,1,1,1,0,0,0.04977639764547348,125.13041792140226,5414257
grouped_conv_forward_bf16_2d_16x64x64_compv3,130,1,1664,128,1,64,64,1,1,1,1,0,0,0.022192100062966347,78.62394541523052,523264
grouped_conv_forward_bf16_2d_16x64x64_compv4,130,1,1664,128,1,64,64,1,1,1,1,0,0,0.018408101052045822,94.7860107387929,524288
grouped_conv_forward_bf16_2d_16x64x64_compv5,130,1,1664,128,1,64,64,1,1,1,1,0,0,0.02221209928393364,78.55315437303413,524288
grouped_conv_forward_bf16_2d_32x64x64_compv3,130,1,1664,128,1,64,64,1,1,1,1,0,0,0.024348098784685135,71.66187715229297,523376
grouped_conv_forward_bf16_2d_32x64x64_compv4,130,1,1664,128,1,64,64,1,1,1,1,0,0,0.019468100741505623,89.62509939554886,523876
grouped_conv_forward_bf16_2d_32x64x64_compv5,130,1,1664,128,1,64,64,1,1,1,1,0,0,0.02433609962463379,71.69721076559968,523424
grouped_conv_forward_bf16_2d_64x64x64_compv3,130,1,1664,128,1,64,64,1,1,1,1,0,0,0.030492201447486877,57.22218735190097,524288
grouped_conv_forward_bf16_2d_64x64x64_compv4,130,1,1664,128,1,64,64,1,1,1,1,0,0,0.02735219895839691,63.79123180018953,523872
grouped_conv_forward_bf16_2d_64x64x64_compv5,130,1,1664,128,1,64,64,1,1,1,1,0,0,0.029600199311971664,58.94657821761056,524288
grouped_conv_forward_bf16_2d_32x128x64_compv3,130,1,1664,128,1,64,64,1,1,1,1,0,0,0.029008200392127037,60.149559104450866,523432
grouped_conv_forward_bf16_2d_32x128x64_compv4,130,1,1664,128,1,64,64,1,1,1,1,0,0,0.01944809965789318,89.71727287976157,524000
grouped_conv_forward_bf16_2d_32x128x64_compv5,130,1,1664,128,1,64,64,1,1,1,1,0,0,0.028560200706124306,61.09307430832751,524288
grouped_conv_forward_bf16_2d_64x128x64_compv3,130,1,1664,128,1,64,64,1,1,1,1,0,0,0.03338420018553734,52.26515699950461,524288
grouped_conv_forward_bf16_2d_64x128x64_compv4,130,1,1664,128,1,64,64,1,1,1,1,0,0,0.0275162011384964,63.41102302668169,523616
grouped_conv_forward_bf16_2d_64x128x64_compv5,130,1,1664,128,1,64,64,1,1,1,1,0,0,0.032940201461315155,52.96963547867557,524288
grouped_conv_forward_bf16_2d_128x128x64_compv3,130,1,1664,128,1,64,64,1,1,1,1,0,0,0.033792201429605484,51.634116458341985,524288
grouped_conv_forward_bf16_2d_128x128x64_compv4,130,1,1664,128,1,64,64,1,1,1,1,0,0,0.02698419988155365,64.66118957237502,524288
grouped_conv_forward_bf16_2d_128x128x64_compv5,130,1,1664,128,1,64,64,1,1,1,1,0,0,0.03333219885826111,52.346695500634766,524288
grouped_conv_forward_bf16_2d_16x64x128_compv3,130,1,1664,128,1,64,64,1,1,1,1,0,0,0.018740098923444748,93.10679047788456,524272
grouped_conv_forward_bf16_2d_16x64x128_compv4,130,1,1664,128,1,64,64,1,1,1,1,0,0,0.018396100029349327,94.84784607695542,524256
grouped_conv_forward_bf16_2d_16x64x128_compv5,130,1,1664,128,1,64,64,1,1,1,1,0,0,0.017824100330471992,97.89164286833858,523264
grouped_conv_forward_bf16_2d_32x64x128_compv3,130,1,1664,128,1,64,64,1,1,1,1,0,0,0.01820410043001175,95.84821127021621,523776
grouped_conv_forward_bf16_2d_32x64x128_compv4,130,1,1664,128,1,64,64,1,1,1,1,0,0,0.0193961001932621,89.95779804262543,523904
grouped_conv_forward_bf16_2d_32x64x128_compv5,130,1,1664,128,1,64,64,1,1,1,1,0,0,0.018224099650979042,95.7430269487285,523792
grouped_conv_forward_bf16_2d_64x64x128_compv3,130,1,1664,128,1,64,64,1,1,1,1,0,0,0.023652100935578346,73.77063326223858,524288
grouped_conv_forward_bf16_2d_64x64x128_compv4,130,1,1664,128,1,64,64,1,1,1,1,0,0,0.02698419988155365,64.66118957237502,523520
grouped_conv_forward_bf16_2d_64x64x128_compv5,130,1,1664,128,1,64,64,1,1,1,1,0,0,0.02361210063099861,73.89560510805798,524288
grouped_conv_forward_bf16_2d_128x64x128_compv3,130,1,1664,128,1,64,64,1,1,1,1,0,0,0.023372100666165352,74.65441335043991,524288
grouped_conv_forward_bf16_2d_128x64x128_compv4,130,1,1664,128,1,64,64,1,1,1,1,0,0,0.02700820006430149,64.60372997259661,524288
grouped_conv_forward_bf16_2d_128x64x128_compv5,130,1,1664,128,1,64,64,1,1,1,1,0,0,0.023316100239753723,74.83371773402659,524288
grouped_conv_forward_bf16_2d_16x64x64_compv3,131,4,288,577,1,4,49,1,1,1,1,0,0,0.007236000150442123,36.009392286162324,29190
grouped_conv_forward_bf16_2d_16x64x64_compv4,131,4,288,577,1,4,49,1,1,1,1,0,0,0.0068640997633337975,37.96039932167998,29145
grouped_conv_forward_bf16_2d_16x64x64_compv5,131,4,288,577,1,4,49,1,1,1,1,0,0,0.007204099558293819,36.16884607043251,29252
grouped_conv_forward_bf16_2d_32x64x64_compv3,131,4,288,577,1,4,49,1,1,1,1,0,0,0.008416099473834038,30.960181591258866,29355
grouped_conv_forward_bf16_2d_32x64x64_compv4,131,4,288,577,1,4,49,1,1,1,1,0,0,0.0067079998552799225,38.84376470206807,29151
grouped_conv_forward_bf16_2d_32x64x64_compv5,131,4,288,577,1,4,49,1,1,1,1,0,0,0.0075841001234948635,34.35660971732113,29355
grouped_conv_forward_bf16_2d_64x64x64_compv3,131,4,288,577,1,4,49,1,1,1,1,0,0,0.009768200106918812,26.674716441920825,29931
grouped_conv_forward_bf16_2d_64x64x64_compv4,131,4,288,577,1,4,49,1,1,1,1,0,0,0.008824000135064125,29.529007707580508,29008
grouped_conv_forward_bf16_2d_64x64x64_compv5,131,4,288,577,1,4,49,1,1,1,1,0,0,0.00910010002553463,28.63308834725604,29925
grouped_conv_forward_bf16_2d_32x128x64_compv3,131,4,288,577,1,4,49,1,1,1,1,0,0,0.008684100583195686,30.004715572296416,29008
grouped_conv_forward_bf16_2d_32x128x64_compv4,131,4,288,577,1,4,49,1,1,1,1,0,0,0.006988099776208401,37.28681277378335,29120
grouped_conv_forward_bf16_2d_32x128x64_compv5,131,4,288,577,1,4,49,1,1,1,1,0,0,0.008376100100576878,31.1080293777834,29723
grouped_conv_forward_bf16_2d_64x128x64_compv3,131,4,288,577,1,4,49,1,1,1,1,0,0,0.010368099436163902,25.131314529175288,29008
grouped_conv_forward_bf16_2d_64x128x64_compv4,131,4,288,577,1,4,49,1,1,1,1,0,0,0.009200099855661392,28.321863032786414,29008
grouped_conv_forward_bf16_2d_64x128x64_compv5,131,4,288,577,1,4,49,1,1,1,1,0,0,0.010120099410414696,25.747174749276773,30814
grouped_conv_forward_bf16_2d_128x128x64_compv3,131,4,288,577,1,4,49,1,1,1,1,0,0,0.012200199998915195,21.357352176453546,29008
grouped_conv_forward_bf16_2d_128x128x64_compv4,131,4,288,577,1,4,49,1,1,1,1,0,0,0.009276100434362888,28.089817466265536,29034
grouped_conv_forward_bf16_2d_128x128x64_compv5,131,4,288,577,1,4,49,1,1,1,1,0,0,0.011208100244402885,23.247826332577706,29008
grouped_conv_forward_bf16_2d_16x64x128_compv3,131,4,288,577,1,4,49,1,1,1,1,0,0,0.007259999867528677,35.89035437389018,29183
grouped_conv_forward_bf16_2d_16x64x128_compv4,131,4,288,577,1,4,49,1,1,1,1,0,0,0.007012099958956242,37.15919190045106,29198
grouped_conv_forward_bf16_2d_16x64x128_compv5,131,4,288,577,1,4,49,1,1,1,1,0,0,0.00775599991902709,33.59514836517495,29187
grouped_conv_forward_bf16_2d_32x64x128_compv3,131,4,288,577,1,4,49,1,1,1,1,0,0,0.007447999902069569,34.98442151262614,29136
grouped_conv_forward_bf16_2d_32x64x128_compv4,131,4,288,577,1,4,49,1,1,1,1,0,0,0.0067680999636650085,38.49883562578196,29157
grouped_conv_forward_bf16_2d_32x64x128_compv5,131,4,288,577,1,4,49,1,1,1,1,0,0,0.007016099989414215,37.138006640888094,29142
grouped_conv_forward_bf16_2d_64x64x128_compv3,131,4,288,577,1,4,49,1,1,1,1,0,0,0.00962810032069683,27.062863838246937,29456
grouped_conv_forward_bf16_2d_64x64x128_compv4,131,4,288,577,1,4,49,1,1,1,1,0,0,0.008804099634289742,29.595754117226168,29008
grouped_conv_forward_bf16_2d_64x64x128_compv5,131,4,288,577,1,4,49,1,1,1,1,0,0,0.00899210013449192,28.97698692216828,29393
grouped_conv_forward_bf16_2d_128x64x128_compv3,131,4,288,577,1,4,49,1,1,1,1,0,0,0.009655999951064587,26.984669565089682,31897
grouped_conv_forward_bf16_2d_128x64x128_compv4,131,4,288,577,1,4,49,1,1,1,1,0,0,0.008787999860942364,29.64997406953292,29008
grouped_conv_forward_bf16_2d_128x64x128_compv5,131,4,288,577,1,4,49,1,1,1,1,0,0,0.010288099758327007,25.326734199783015,28879
grouped_conv_forward_bf16_2d_16x64x64_compv3,132,4,1472,800,1,14,14,1,1,1,1,0,0,0.023976098746061325,77.01322969831904,627200
grouped_conv_forward_bf16_2d_16x64x64_compv4,132,4,1472,800,1,14,14,1,1,1,1,0,0,0.021472100168466568,85.99423370386904,627200
grouped_conv_forward_bf16_2d_16x64x64_compv5,132,4,1472,800,1,14,14,1,1,1,1,0,0,0.02406809851527214,76.71884834725681,627200
grouped_conv_forward_bf16_2d_32x64x64_compv3,132,4,1472,800,1,14,14,1,1,1,1,0,0,0.02533620037138462,72.87899420330841,627200
grouped_conv_forward_bf16_2d_32x64x64_compv4,132,4,1472,800,1,14,14,1,1,1,1,0,0,0.022168099880218506,83.29431976475738,626176
grouped_conv_forward_bf16_2d_32x64x64_compv5,132,4,1472,800,1,14,14,1,1,1,1,0,0,0.025412101298570633,72.66131904266648,627200
grouped_conv_forward_bf16_2d_64x64x64_compv3,132,4,1472,800,1,14,14,1,1,1,1,0,0,0.027132201939821243,68.05480823471143,627200
grouped_conv_forward_bf16_2d_64x64x64_compv4,132,4,1472,800,1,14,14,1,1,1,1,0,0,0.026884201914072037,68.68259678683249,627200
grouped_conv_forward_bf16_2d_64x64x64_compv5,132,4,1472,800,1,14,14,1,1,1,1,0,0,0.027316201478242874,67.59639701261916,627200
grouped_conv_forward_bf16_2d_32x128x64_compv3,132,4,1472,800,1,14,14,1,1,1,1,0,0,0.026364201679825783,70.03727336120885,627200
grouped_conv_forward_bf16_2d_32x128x64_compv4,132,4,1472,800,1,14,14,1,1,1,1,0,0,0.022172098979353905,83.27929627769532,627200
grouped_conv_forward_bf16_2d_32x128x64_compv5,132,4,1472,800,1,14,14,1,1,1,1,0,0,0.02650820091366768,69.65681322597615,627200
grouped_conv_forward_bf16_2d_64x128x64_compv3,132,4,1472,800,1,14,14,1,1,1,1,0,0,0.03064419887959957,60.255345791703334,627200
grouped_conv_forward_bf16_2d_64x128x64_compv4,132,4,1472,800,1,14,14,1,1,1,1,0,0,0.026844298467040062,68.78469192507076,627200
grouped_conv_forward_bf16_2d_64x128x64_compv5,132,4,1472,800,1,14,14,1,1,1,1,0,0,0.03054020181298256,60.46053039554793,627200
grouped_conv_forward_bf16_2d_128x128x64_compv3,132,4,1472,800,1,14,14,1,1,1,1,0,0,0.03173219785094261,58.18937625038002,627200
grouped_conv_forward_bf16_2d_128x128x64_compv4,132,4,1472,800,1,14,14,1,1,1,1,0,0,0.026948299258947372,68.51923315297654,627200
grouped_conv_forward_bf16_2d_128x128x64_compv5,132,4,1472,800,1,14,14,1,1,1,1,0,0,0.030920198187232018,59.717495625965036,627200
grouped_conv_forward_bf16_2d_16x64x128_compv3,132,4,1472,800,1,14,14,1,1,1,1,0,0,0.02056020125746727,89.80830376499243,627200
grouped_conv_forward_bf16_2d_16x64x128_compv4,132,4,1472,800,1,14,14,1,1,1,1,0,0,0.021576199680566788,85.57933405033702,627200
grouped_conv_forward_bf16_2d_16x64x128_compv5,132,4,1472,800,1,14,14,1,1,1,1,0,0,0.019728099927306175,93.5962817911442,627200
grouped_conv_forward_bf16_2d_32x64x128_compv3,132,4,1472,800,1,14,14,1,1,1,1,0,0,0.02027609944343567,91.06666719361507,627200
grouped_conv_forward_bf16_2d_32x64x128_compv4,132,4,1472,800,1,14,14,1,1,1,1,0,0,0.022456100210547447,82.22606697901735,627200
grouped_conv_forward_bf16_2d_32x64x128_compv5,132,4,1472,800,1,14,14,1,1,1,1,0,0,0.01989610120654106,92.80596137061016,627200
grouped_conv_forward_bf16_2d_64x64x128_compv3,132,4,1472,800,1,14,14,1,1,1,1,0,0,0.022540099918842316,81.91963685380314,627200
grouped_conv_forward_bf16_2d_64x64x128_compv4,132,4,1472,800,1,14,14,1,1,1,1,0,0,0.027188101783394814,67.91488477977302,627200
grouped_conv_forward_bf16_2d_64x64x128_compv5,132,4,1472,800,1,14,14,1,1,1,1,0,0,0.022468101233243942,82.18214707293296,627200
grouped_conv_forward_bf16_2d_128x64x128_compv3,132,4,1472,800,1,14,14,1,1,1,1,0,0,0.022492099553346634,82.0944614628144,626176
grouped_conv_forward_bf16_2d_128x64x128_compv4,132,4,1472,800,1,14,14,1,1,1,1,0,0,0.027392100542783737,67.40909836819513,627200
grouped_conv_forward_bf16_2d_128x64x128_compv5,132,4,1472,800,1,14,14,1,1,1,1,0,0,0.02260820008814335,81.67287943317376,626176
grouped_conv_forward_bf16_2d_16x64x64_compv3,133,1,3,96,1,1024,1024,7,7,2,2,3,3,0.36531761288642883,20.25293058700717,25156604
grouped_conv_forward_bf16_2d_16x64x64_compv4,133,1,3,96,1,1024,1024,7,7,2,2,3,3,0.39950621128082275,18.519742740117838,25160790
grouped_conv_forward_bf16_2d_16x64x64_compv5,133,1,3,96,1,1024,1024,7,7,2,2,3,3,0.37326231598854065,19.82185701335879,25154232
grouped_conv_forward_bf16_2d_32x64x64_compv3,133,1,3,96,1,1024,1024,7,7,2,2,3,3,0.2907180190086365,25.44992663760619,25141058
grouped_conv_forward_bf16_2d_32x64x64_compv4,133,1,3,96,1,1024,1024,7,7,2,2,3,3,0.3639664947986603,20.328113608624488,25135876
grouped_conv_forward_bf16_2d_32x64x64_compv5,133,1,3,96,1,1024,1024,7,7,2,2,3,3,0.2886219918727875,25.634748786783582,25140576
grouped_conv_forward_bf16_2d_64x64x64_compv3,133,1,3,96,1,1024,1024,7,7,2,2,3,3,0.23201771080493927,31.888739141212547,25142431
grouped_conv_forward_bf16_2d_64x64x64_compv4,133,1,3,96,1,1024,1024,7,7,2,2,3,3,0.45526352524757385,16.25158143731487,25142732
grouped_conv_forward_bf16_2d_64x64x64_compv5,133,1,3,96,1,1024,1024,7,7,2,2,3,3,0.23013770580291748,32.14923964843924,25144351
grouped_conv_forward_bf16_2d_32x128x64_compv3,133,1,3,96,1,1024,1024,7,7,2,2,3,3,0.2040494978427887,36.25959551098929,25158680
grouped_conv_forward_bf16_2d_32x128x64_compv4,133,1,3,96,1,1024,1024,7,7,2,2,3,3,0.364162802696228,20.317155407472473,25134076
grouped_conv_forward_bf16_2d_32x128x64_compv5,133,1,3,96,1,1024,1024,7,7,2,2,3,3,0.2029736042022705,36.45179522272697,25156188
grouped_conv_forward_bf16_2d_64x128x64_compv3,133,1,3,96,1,1024,1024,7,7,2,2,3,3,0.1726492941379547,42.85422823731939,25155595
grouped_conv_forward_bf16_2d_64x128x64_compv4,133,1,3,96,1,1024,1024,7,7,2,2,3,3,0.4572475850582123,16.1810636026827,25140812
grouped_conv_forward_bf16_2d_64x128x64_compv5,133,1,3,96,1,1024,1024,7,7,2,2,3,3,0.17197731137275696,43.02167650454408,25155744
grouped_conv_forward_bf16_2d_128x128x64_compv3,133,1,3,96,1,1024,1024,7,7,2,2,3,3,0.159101203083992,46.50343374269825,25147257
grouped_conv_forward_bf16_2d_128x128x64_compv4,133,1,3,96,1,1024,1024,7,7,2,2,3,3,0.457423597574234,16.174837273888734,25141344
grouped_conv_forward_bf16_2d_128x128x64_compv5,133,1,3,96,1,1024,1024,7,7,2,2,3,3,0.1578093022108078,46.88413263570774,25145876
grouped_conv_forward_bf16_2d_16x64x128_compv3,133,1,3,96,1,1024,1024,7,7,2,2,3,3,0.3365586996078491,21.983541844619868,25159744
grouped_conv_forward_bf16_2d_16x64x128_compv4,133,1,3,96,1,1024,1024,7,7,2,2,3,3,0.4016551971435547,18.420656096616195,25161438
grouped_conv_forward_bf16_2d_16x64x128_compv5,133,1,3,96,1,1024,1024,7,7,2,2,3,3,0.3419575095176697,21.63646666638766,25157664
grouped_conv_forward_bf16_2d_32x64x128_compv3,133,1,3,96,1,1024,1024,7,7,2,2,3,3,0.2572377026081085,28.762316647150698,25137404
grouped_conv_forward_bf16_2d_32x64x128_compv4,133,1,3,96,1,1024,1024,7,7,2,2,3,3,0.36422258615493774,20.313820551624502,25129602
grouped_conv_forward_bf16_2d_32x64x128_compv5,133,1,3,96,1,1024,1024,7,7,2,2,3,3,0.2567178010940552,28.820565712501086,25141531
grouped_conv_forward_bf16_2d_64x64x128_compv3,133,1,3,96,1,1024,1024,7,7,2,2,3,3,0.24093380570411682,30.708651425554507,25140904
grouped_conv_forward_bf16_2d_64x64x128_compv4,133,1,3,96,1,1024,1024,7,7,2,2,3,3,0.457167387008667,16.183902146676385,25140428
grouped_conv_forward_bf16_2d_64x64x128_compv5,133,1,3,96,1,1024,1024,7,7,2,2,3,3,0.24129381775856018,30.662833904029938,25144912
grouped_conv_forward_bf16_2d_128x64x128_compv3,133,1,3,96,1,1024,1024,7,7,2,2,3,3,0.22977380454540253,32.200155586221456,25149160
grouped_conv_forward_bf16_2d_128x64x128_compv4,133,1,3,96,1,1024,1024,7,7,2,2,3,3,0.45768362283706665,16.1656478117722,25139660
grouped_conv_forward_bf16_2d_128x64x128_compv5,133,1,3,96,1,1024,1024,7,7,2,2,3,3,0.22969380021095276,32.21137117852081,25149884
grouped_conv_forward_bf16_2d_16x64x64_compv3,134,4,637,27,1,1,1,1,1,1,1,0,0,0.008692000061273575,0.015829728374373672,20
grouped_conv_forward_bf16_2d_16x64x64_compv4,134,4,637,27,1,1,1,1,1,1,1,0,0,0.007064100354909897,0.019477639485170506,20
grouped_conv_forward_bf16_2d_16x64x64_compv5,134,4,637,27,1,1,1,1,1,1,1,0,0,0.008532100357115269,0.016126392592798838,20
grouped_conv_forward_bf16_2d_32x64x64_compv3,134,4,637,27,1,1,1,1,1,1,1,0,0,0.010452000424265862,0.013164178570119445,20
grouped_conv_forward_bf16_2d_32x64x64_compv4,134,4,637,27,1,1,1,1,1,1,1,0,0,0.008580000139772892,0.016036363375122507,20
grouped_conv_forward_bf16_2d_32x64x64_compv5,134,4,637,27,1,1,1,1,1,1,1,0,0,0.010263999924063683,0.013405300177118972,20
grouped_conv_forward_bf16_2d_64x64x64_compv3,134,4,637,27,1,1,1,1,1,1,1,0,0,0.013080100528895855,0.01051918520779249,20
grouped_conv_forward_bf16_2d_64x64x64_compv4,134,4,637,27,1,1,1,1,1,1,1,0,0,0.012383999302983284,0.01111046574161663,20
grouped_conv_forward_bf16_2d_64x64x64_compv5,134,4,637,27,1,1,1,1,1,1,1,0,0,0.01311199925839901,0.010493594248174183,20
grouped_conv_forward_bf16_2d_32x128x64_compv3,134,4,637,27,1,1,1,1,1,1,1,0,0,0.013624000363051891,0.010099236372097265,20
grouped_conv_forward_bf16_2d_32x128x64_compv4,134,4,637,27,1,1,1,1,1,1,1,0,0,0.00848810002207756,0.01620998805882624,20
grouped_conv_forward_bf16_2d_32x128x64_compv5,134,4,637,27,1,1,1,1,1,1,1,0,0,0.01159610040485859,0.01186536811481479,20
grouped_conv_forward_bf16_2d_64x128x64_compv3,134,4,637,27,1,1,1,1,1,1,1,0,0,0.014736099168658257,0.009337070714931131,20
grouped_conv_forward_bf16_2d_64x128x64_compv4,134,4,637,27,1,1,1,1,1,1,1,0,0,0.011832100339233875,0.011628704630213526,20
grouped_conv_forward_bf16_2d_64x128x64_compv5,134,4,637,27,1,1,1,1,1,1,1,0,0,0.015012100338935852,0.009165406365099832,20
grouped_conv_forward_bf16_2d_128x128x64_compv3,134,4,637,27,1,1,1,1,1,1,1,0,0,0.014115999452769756,0.009747237555538621,20
grouped_conv_forward_bf16_2d_128x128x64_compv4,134,4,637,27,1,1,1,1,1,1,1,0,0,0.012071999721229076,0.011397614577313083,20
grouped_conv_forward_bf16_2d_128x128x64_compv5,134,4,637,27,1,1,1,1,1,1,1,0,0,0.01391610037535429,0.009887252627444278,20
grouped_conv_forward_bf16_2d_16x64x128_compv3,134,4,637,27,1,1,1,1,1,1,1,0,0,0.008908099494874477,0.015445718817932757,20
grouped_conv_forward_bf16_2d_16x64x128_compv4,134,4,637,27,1,1,1,1,1,1,1,0,0,0.007007999811321497,0.019633562172435948,20
grouped_conv_forward_bf16_2d_16x64x128_compv5,134,4,637,27,1,1,1,1,1,1,1,0,0,0.0070479996502399445,0.019522134907500426,20
grouped_conv_forward_bf16_2d_32x64x128_compv3,134,4,637,27,1,1,1,1,1,1,1,0,0,0.008704099804162979,0.015807723152966694,20
grouped_conv_forward_bf16_2d_32x64x128_compv4,134,4,637,27,1,1,1,1,1,1,1,0,0,0.009224100038409233,0.014916577164933784,20
grouped_conv_forward_bf16_2d_32x64x128_compv5,134,4,637,27,1,1,1,1,1,1,1,0,0,0.008311999961733818,0.01655341682307941,20
grouped_conv_forward_bf16_2d_64x64x128_compv3,134,4,637,27,1,1,1,1,1,1,1,0,0,0.010916000232100487,0.012604616807847408,20
grouped_conv_forward_bf16_2d_64x64x128_compv4,134,4,637,27,1,1,1,1,1,1,1,0,0,0.012356100603938103,0.011135551935871018,20
grouped_conv_forward_bf16_2d_64x64x128_compv5,134,4,637,27,1,1,1,1,1,1,1,0,0,0.010824100114405155,0.012711634089275186,20
grouped_conv_forward_bf16_2d_128x64x128_compv3,134,4,637,27,1,1,1,1,1,1,1,0,0,0.011687999591231346,0.011772074333680268,20
grouped_conv_forward_bf16_2d_128x64x128_compv4,134,4,637,27,1,1,1,1,1,1,1,0,0,0.011988000012934208,0.011477477465094088,20
grouped_conv_forward_bf16_2d_128x64x128_compv5,134,4,637,27,1,1,1,1,1,1,1,0,0,0.012703999876976013,0.010830604638887293,20
grouped_conv_forward_bf16_2d_16x64x64_compv3,135,4,8,72,1,1,1,1,1,1,1,0,0,0.0036559998989105225,0.0012603939079356022,32
grouped_conv_forward_bf16_2d_16x64x64_compv4,135,4,8,72,1,1,1,1,1,1,1,0,0,0.005316100083291531,0.0008668008366665095,32
grouped_conv_forward_bf16_2d_16x64x64_compv5,135,4,8,72,1,1,1,1,1,1,1,0,0,0.003971999976783991,0.0011601208527022599,32
grouped_conv_forward_bf16_2d_32x64x64_compv3,135,4,8,72,1,1,1,1,1,1,1,0,0,0.005491999909281731,0.0008390386154617864,32
grouped_conv_forward_bf16_2d_32x64x64_compv4,135,4,8,72,1,1,1,1,1,1,1,0,0,0.005892100278288126,0.0007820640828161185,32
grouped_conv_forward_bf16_2d_32x64x64_compv5,135,4,8,72,1,1,1,1,1,1,1,0,0,0.005652000196278095,0.0008152865958912066,32
grouped_conv_forward_bf16_2d_64x64x64_compv3,135,4,8,72,1,1,1,1,1,1,1,0,0,0.005455999635159969,0.000844574836534954,32
grouped_conv_forward_bf16_2d_64x64x64_compv4,135,4,8,72,1,1,1,1,1,1,1,0,0,0.00786409992724657,0.0005859538971567192,32
grouped_conv_forward_bf16_2d_64x64x64_compv5,135,4,8,72,1,1,1,1,1,1,1,0,0,0.00534799974411726,0.0008616305573067293,32
grouped_conv_forward_bf16_2d_32x128x64_compv3,135,4,8,72,1,1,1,1,1,1,1,0,0,0.005884000100195408,0.000783140707262559,32
grouped_conv_forward_bf16_2d_32x128x64_compv4,135,4,8,72,1,1,1,1,1,1,1,0,0,0.005640000104904175,0.0008170212613991239,32
grouped_conv_forward_bf16_2d_32x128x64_compv5,135,4,8,72,1,1,1,1,1,1,1,0,0,0.004284000024199486,0.0010756302460248135,32
grouped_conv_forward_bf16_2d_64x128x64_compv3,135,4,8,72,1,1,1,1,1,1,1,0,0,0.005491999909281731,0.0008390386154617864,32
grouped_conv_forward_bf16_2d_64x128x64_compv4,135,4,8,72,1,1,1,1,1,1,1,0,0,0.006988000124692917,0.0006594161301911104,32
grouped_conv_forward_bf16_2d_64x128x64_compv5,135,4,8,72,1,1,1,1,1,1,1,0,0,0.0068960003554821014,0.0006682134226308132,32
grouped_conv_forward_bf16_2d_128x128x64_compv3,135,4,8,72,1,1,1,1,1,1,1,0,0,0.006152099929749966,0.0007490125408589191,32
grouped_conv_forward_bf16_2d_128x128x64_compv4,135,4,8,72,1,1,1,1,1,1,1,0,0,0.006936000194400549,0.0006643598429711767,32
grouped_conv_forward_bf16_2d_128x128x64_compv5,135,4,8,72,1,1,1,1,1,1,1,0,0,0.005336000118404627,0.000863568196729672,32
grouped_conv_forward_bf16_2d_16x64x128_compv3,135,4,8,72,1,1,1,1,1,1,1,0,0,0.006756000220775604,0.0006820603684750902,32
grouped_conv_forward_bf16_2d_16x64x128_compv4,135,4,8,72,1,1,1,1,1,1,1,0,0,0.004404100123792887,0.001046297738579002,32
grouped_conv_forward_bf16_2d_16x64x128_compv5,135,4,8,72,1,1,1,1,1,1,1,0,0,0.004115999676287174,0.0011195336157452356,32
grouped_conv_forward_bf16_2d_32x64x128_compv3,135,4,8,72,1,1,1,1,1,1,1,0,0,0.005196100100874901,0.0008868189431577966,32
grouped_conv_forward_bf16_2d_32x64x128_compv4,135,4,8,72,1,1,1,1,1,1,1,0,0,0.0049600000493228436,0.0009290322488261064,32
grouped_conv_forward_bf16_2d_32x64x128_compv5,135,4,8,72,1,1,1,1,1,1,1,0,0,0.005876000039279461,0.0007842069382567689,32
grouped_conv_forward_bf16_2d_64x64x128_compv3,135,4,8,72,1,1,1,1,1,1,1,0,0,0.005080000031739473,0.0009070866085058167,32
grouped_conv_forward_bf16_2d_64x64x128_compv4,135,4,8,72,1,1,1,1,1,1,1,0,0,0.007056099828332663,0.000653051985106177,32
grouped_conv_forward_bf16_2d_64x64x128_compv5,135,4,8,72,1,1,1,1,1,1,1,0,0,0.005336000118404627,0.000863568196729672,32
grouped_conv_forward_bf16_2d_128x64x128_compv3,135,4,8,72,1,1,1,1,1,1,1,0,0,0.007040099706500769,0.0006545361844442362,32
grouped_conv_forward_bf16_2d_128x64x128_compv4,135,4,8,72,1,1,1,1,1,1,1,0,0,0.006380099803209305,0.0007222457551027796,32
grouped_conv_forward_bf16_2d_128x64x128_compv5,135,4,8,72,1,1,1,1,1,1,1,0,0,0.007571999914944172,0.0006085578515268611,32
grouped_conv_forward_bf16_2d_16x64x64_compv3,136,1,256,1920,1,32,32,1,1,1,1,0,0,0.013368000276386738,75.3016860553271,1966080
grouped_conv_forward_bf16_2d_16x64x64_compv4,136,1,256,1920,1,32,32,1,1,1,1,0,0,0.013012099079787731,77.36130456950235,1965776
grouped_conv_forward_bf16_2d_16x64x64_compv5,136,1,256,1920,1,32,32,1,1,1,1,0,0,0.013328100554645061,75.52711325014515,1965952
grouped_conv_forward_bf16_2d_32x64x64_compv3,136,1,256,1920,1,32,32,1,1,1,1,0,0,0.011376000009477139,88.48742608662029,1966080
grouped_conv_forward_bf16_2d_32x64x64_compv4,136,1,256,1920,1,32,32,1,1,1,1,0,0,0.012307999655604362,81.78688561643213,1965760
grouped_conv_forward_bf16_2d_32x64x64_compv5,136,1,256,1920,1,32,32,1,1,1,1,0,0,0.01132809929549694,88.86159396573696,1966080
grouped_conv_forward_bf16_2d_64x64x64_compv3,136,1,256,1920,1,32,32,1,1,1,1,0,0,0.010972099378705025,91.74479060531506,1966080
grouped_conv_forward_bf16_2d_64x64x64_compv4,136,1,256,1920,1,32,32,1,1,1,1,0,0,0.01342410035431385,74.98699603184338,1966080
grouped_conv_forward_bf16_2d_64x64x64_compv5,136,1,256,1920,1,32,32,1,1,1,1,0,0,0.011112099513411522,90.58890795434876,1966080
grouped_conv_forward_bf16_2d_32x128x64_compv3,136,1,256,1920,1,32,32,1,1,1,1,0,0,0.009359999559819698,107.54626146792157,1966080
grouped_conv_forward_bf16_2d_32x128x64_compv4,136,1,256,1920,1,32,32,1,1,1,1,0,0,0.011612100526690483,86.68827467401337,1965344
grouped_conv_forward_bf16_2d_32x128x64_compv5,136,1,256,1920,1,32,32,1,1,1,1,0,0,0.010548099875450134,95.43263449210018,1966080
grouped_conv_forward_bf16_2d_64x128x64_compv3,136,1,256,1920,1,32,32,1,1,1,1,0,0,0.009700099937617779,103.77552463106026,1966080
grouped_conv_forward_bf16_2d_64x128x64_compv4,136,1,256,1920,1,32,32,1,1,1,1,0,0,0.013632099144160748,73.8428432301409,1966080
grouped_conv_forward_bf16_2d_64x128x64_compv5,136,1,256,1920,1,32,32,1,1,1,1,0,0,0.00965609960258007,104.24840271231582,1966080
grouped_conv_forward_bf16_2d_128x128x64_compv3,136,1,256,1920,1,32,32,1,1,1,1,0,0,0.010948000475764275,91.9467406151832,1966080
grouped_conv_forward_bf16_2d_128x128x64_compv4,136,1,256,1920,1,32,32,1,1,1,1,0,0,0.01341210026293993,75.05408849212898,1966080
grouped_conv_forward_bf16_2d_128x128x64_compv5,136,1,256,1920,1,32,32,1,1,1,1,0,0,0.011384000070393085,88.42524189875917,1966080
grouped_conv_forward_bf16_2d_16x64x128_compv3,136,1,256,1920,1,32,32,1,1,1,1,0,0,0.010988099500536919,91.61119809215526,1965048
grouped_conv_forward_bf16_2d_16x64x128_compv4,136,1,256,1920,1,32,32,1,1,1,1,0,0,0.013012099079787731,77.36130456950235,1965440
grouped_conv_forward_bf16_2d_16x64x128_compv5,136,1,256,1920,1,32,32,1,1,1,1,0,0,0.010952000506222248,91.91315864422153,1965504
grouped_conv_forward_bf16_2d_32x64x128_compv3,136,1,256,1920,1,32,32,1,1,1,1,0,0,0.009520100429654121,105.73764084089315,1966080
grouped_conv_forward_bf16_2d_32x64x128_compv4,136,1,256,1920,1,32,32,1,1,1,1,0,0,0.011531999334692955,87.29041086324361,1965696
grouped_conv_forward_bf16_2d_32x64x128_compv5,136,1,256,1920,1,32,32,1,1,1,1,0,0,0.009528099559247494,105.6488708729972,1966080
grouped_conv_forward_bf16_2d_64x64x128_compv3,136,1,256,1920,1,32,32,1,1,1,1,0,0,0.008755999617278576,114.96493878478131,1966080
grouped_conv_forward_bf16_2d_64x64x128_compv4,136,1,256,1920,1,32,32,1,1,1,1,0,0,0.013328100554645061,75.52711325014515,1966080
grouped_conv_forward_bf16_2d_64x64x128_compv5,136,1,256,1920,1,32,32,1,1,1,1,0,0,0.008760100230574608,114.91112356073707,1966080
grouped_conv_forward_bf16_2d_128x64x128_compv3,136,1,256,1920,1,32,32,1,1,1,1,0,0,0.00817199982702732,123.18073682169629,1966080
grouped_conv_forward_bf16_2d_128x64x128_compv4,136,1,256,1920,1,32,32,1,1,1,1,0,0,0.013344000093638897,75.4371217727931,1966080
grouped_conv_forward_bf16_2d_128x64x128_compv5,136,1,256,1920,1,32,32,1,1,1,1,0,0,0.008183999918401241,123.00011852842827,1966080
grouped_conv_forward_bf16_2d_16x64x64_compv3,138,1,176,352,1,64,64,3,3,2,2,1,1,0.021067999303340912,54.20065035880841,360448
grouped_conv_forward_bf16_2d_16x64x64_compv4,138,1,176,352,1,64,64,3,3,2,2,1,1,0.017984099686145782,63.49493630085206,360448
grouped_conv_forward_bf16_2d_16x64x64_compv5,138,1,176,352,1,64,64,3,3,2,2,1,1,0.02112009935081005,54.066945663122695,360448
grouped_conv_forward_bf16_2d_32x64x64_compv3,138,1,176,352,1,64,64,3,3,2,2,1,1,0.02353609912097454,48.516929595286236,360448
grouped_conv_forward_bf16_2d_32x64x64_compv4,138,1,176,352,1,64,64,3,3,2,2,1,1,0.01915619894862175,59.609908367659614,360448
grouped_conv_forward_bf16_2d_32x64x64_compv5,138,1,176,352,1,64,64,3,3,2,2,1,1,0.0235361997038126,48.51672225635582,360448
grouped_conv_forward_bf16_2d_64x64x64_compv3,138,1,176,352,1,64,64,3,3,2,2,1,1,0.028692100197076797,39.79838548438984,360448
grouped_conv_forward_bf16_2d_64x64x64_compv4,138,1,176,352,1,64,64,3,3,2,2,1,1,0.026756098493933678,42.67809315543143,360448
grouped_conv_forward_bf16_2d_64x64x64_compv5,138,1,176,352,1,64,64,3,3,2,2,1,1,0.028372202068567276,40.24711445521095,360448
grouped_conv_forward_bf16_2d_32x128x64_compv3,138,1,176,352,1,64,64,3,3,2,2,1,1,0.0279121994972229,40.910400633730504,360448
grouped_conv_forward_bf16_2d_32x128x64_compv4,138,1,176,352,1,64,64,3,3,2,2,1,1,0.01918010041117668,59.5356249195958,360448
grouped_conv_forward_bf16_2d_32x128x64_compv5,138,1,176,352,1,64,64,3,3,2,2,1,1,0.027896100655198097,40.934010029363044,360448
grouped_conv_forward_bf16_2d_64x128x64_compv3,138,1,176,352,1,64,64,3,3,2,2,1,1,0.03234820067882538,35.30024050912573,360448
grouped_conv_forward_bf16_2d_64x128x64_compv4,138,1,176,352,1,64,64,3,3,2,2,1,1,0.02680410072207451,42.601662926135376,360448
grouped_conv_forward_bf16_2d_64x128x64_compv5,138,1,176,352,1,64,64,3,3,2,2,1,1,0.03229619935154915,35.357078756241535,360448
grouped_conv_forward_bf16_2d_128x128x64_compv3,138,1,176,352,1,64,64,3,3,2,2,1,1,0.03298019990324974,34.62378237093347,360448
grouped_conv_forward_bf16_2d_128x128x64_compv4,138,1,176,352,1,64,64,3,3,2,2,1,1,0.02683210000395775,42.557208113847565,360448
grouped_conv_forward_bf16_2d_128x128x64_compv5,138,1,176,352,1,64,64,3,3,2,2,1,1,0.033020202070474625,34.581837553957364,360448
grouped_conv_forward_bf16_2d_16x64x128_compv3,138,1,176,352,1,64,64,3,3,2,2,1,1,0.01745609939098358,65.4154882155296,360448
grouped_conv_forward_bf16_2d_16x64x128_compv4,138,1,176,352,1,64,64,3,3,2,2,1,1,0.017812099307775497,64.10806745847907,360448
grouped_conv_forward_bf16_2d_16x64x128_compv5,138,1,176,352,1,64,64,3,3,2,2,1,1,0.017312100157141685,65.95960360874744,360448
grouped_conv_forward_bf16_2d_32x64x128_compv3,138,1,176,352,1,64,64,3,3,2,2,1,1,0.018904101103544235,60.404843253081786,360448
grouped_conv_forward_bf16_2d_32x64x128_compv4,138,1,176,352,1,64,64,3,3,2,2,1,1,0.02000419981777668,57.08297629507051,360448
grouped_conv_forward_bf16_2d_32x64x128_compv5,138,1,176,352,1,64,64,3,3,2,2,1,1,0.01831210032105446,62.35763478682419,360448
grouped_conv_forward_bf16_2d_64x64x128_compv3,138,1,176,352,1,64,64,3,3,2,2,1,1,0.024080200120806694,47.42067168342727,360448
grouped_conv_forward_bf16_2d_64x64x128_compv4,138,1,176,352,1,64,64,3,3,2,2,1,1,0.02675209939479828,42.68447298839031,360448
grouped_conv_forward_bf16_2d_64x64x128_compv5,138,1,176,352,1,64,64,3,3,2,2,1,1,0.0235080998390913,48.57471560083947,360448
grouped_conv_forward_bf16_2d_128x64x128_compv3,138,1,176,352,1,64,64,3,3,2,2,1,1,0.02422409877181053,47.13897820334281,360448
grouped_conv_forward_bf16_2d_128x64x128_compv4,138,1,176,352,1,64,64,3,3,2,2,1,1,0.026732200756669044,42.716246013344914,360448
grouped_conv_forward_bf16_2d_128x64x128_compv5,138,1,176,352,1,64,64,3,3,2,2,1,1,0.02345610037446022,48.68240013345687,360448
grouped_conv_forward_bf16_2d_16x64x64_compv3,139,1,128,256,1,112,112,3,3,2,2,1,1,0.022936100140213966,80.6452732893738,802816
grouped_conv_forward_bf16_2d_16x64x64_compv4,139,1,128,256,1,112,112,3,3,2,2,1,1,0.022168099880218506,83.43917945130478,802816
grouped_conv_forward_bf16_2d_16x64x64_compv5,139,1,128,256,1,112,112,3,3,2,2,1,1,0.02290409989655018,80.75794606006764,802816
grouped_conv_forward_bf16_2d_32x64x64_compv3,139,1,128,256,1,112,112,3,3,2,2,1,1,0.021876100450754166,84.55291509398025,802552
grouped_conv_forward_bf16_2d_32x64x64_compv4,139,1,128,256,1,112,112,3,3,2,2,1,1,0.018260100856423378,101.29670578184857,802552
grouped_conv_forward_bf16_2d_32x64x64_compv5,139,1,128,256,1,112,112,3,3,2,2,1,1,0.021168099716305733,87.38092170716628,802104
grouped_conv_forward_bf16_2d_64x64x64_compv3,139,1,128,256,1,112,112,3,3,2,2,1,1,0.022200100123882294,83.31890638682991,801024
grouped_conv_forward_bf16_2d_64x64x64_compv4,139,1,128,256,1,112,112,3,3,2,2,1,1,0.021000100299715996,88.07996331450927,802304
grouped_conv_forward_bf16_2d_64x64x64_compv5,139,1,128,256,1,112,112,3,3,2,2,1,1,0.022144099697470665,83.52961236944189,801104
grouped_conv_forward_bf16_2d_32x128x64_compv3,139,1,128,256,1,112,112,3,3,2,2,1,1,0.021744098514318466,85.06621062179158,802816
grouped_conv_forward_bf16_2d_32x128x64_compv4,139,1,128,256,1,112,112,3,3,2,2,1,1,0.017596200108528137,105.11860814219395,802320
grouped_conv_forward_bf16_2d_32x128x64_compv5,139,1,128,256,1,112,112,3,3,2,2,1,1,0.022068100050091743,83.8172774186018,802240
grouped_conv_forward_bf16_2d_64x128x64_compv3,139,1,128,256,1,112,112,3,3,2,2,1,1,0.024720199406147003,74.82496534959385,802816
grouped_conv_forward_bf16_2d_64x128x64_compv4,139,1,128,256,1,112,112,3,3,2,2,1,1,0.020312100648880005,91.06335656632297,802304
grouped_conv_forward_bf16_2d_64x128x64_compv5,139,1,128,256,1,112,112,3,3,2,2,1,1,0.025328099727630615,73.02908958393596,800984
grouped_conv_forward_bf16_2d_128x128x64_compv3,139,1,128,256,1,112,112,3,3,2,2,1,1,0.0260601993650198,70.97751011386381,802816
grouped_conv_forward_bf16_2d_128x128x64_compv4,139,1,128,256,1,112,112,3,3,2,2,1,1,0.02026810124516487,91.2610432337,802016
grouped_conv_forward_bf16_2d_128x128x64_compv5,139,1,128,256,1,112,112,3,3,2,2,1,1,0.026672199368476868,69.34891414264453,802816
grouped_conv_forward_bf16_2d_16x64x128_compv3,139,1,128,256,1,112,112,3,3,2,2,1,1,0.018564200028777122,99.63736983725252,802816
grouped_conv_forward_bf16_2d_16x64x128_compv4,139,1,128,256,1,112,112,3,3,2,2,1,1,0.022248100489377975,83.13914551415776,802816
grouped_conv_forward_bf16_2d_16x64x128_compv5,139,1,128,256,1,112,112,3,3,2,2,1,1,0.018432000651955605,100.35199645046406,802816
grouped_conv_forward_bf16_2d_32x64x128_compv3,139,1,128,256,1,112,112,3,3,2,2,1,1,0.01709209941327572,108.21889220719817,802496
grouped_conv_forward_bf16_2d_32x64x128_compv4,139,1,128,256,1,112,112,3,3,2,2,1,1,0.01762409880757332,104.95220687285091,802440
grouped_conv_forward_bf16_2d_32x64x128_compv5,139,1,128,256,1,112,112,3,3,2,2,1,1,0.016432100906968117,112.56552491201111,802528
grouped_conv_forward_bf16_2d_64x64x128_compv3,139,1,128,256,1,112,112,3,3,2,2,1,1,0.01817609928548336,101.76485256532922,802064
grouped_conv_forward_bf16_2d_64x64x128_compv4,139,1,128,256,1,112,112,3,3,2,2,1,1,0.020336100831627846,90.95588575776834,802304
grouped_conv_forward_bf16_2d_64x64x128_compv5,139,1,128,256,1,112,112,3,3,2,2,1,1,0.018056100234389305,102.44117168097678,802160
grouped_conv_forward_bf16_2d_128x64x128_compv3,139,1,128,256,1,112,112,3,3,2,2,1,1,0.01839209906756878,100.56970970005258,802816
grouped_conv_forward_bf16_2d_128x64x128_compv4,139,1,128,256,1,112,112,3,3,2,2,1,1,0.020448099821805954,90.45769925416168,802264
grouped_conv_forward_bf16_2d_128x64x128_compv5,139,1,128,256,1,112,112,3,3,2,2,1,1,0.018740098923444748,98.70215048256512,802816
grouped_conv_forward_bf16_2d_16x64x64_compv3,140,1,1312,128,1,32,32,1,1,1,1,0,0,0.01584399864077568,21.707457555245153,131004
grouped_conv_forward_bf16_2d_16x64x64_compv4,140,1,1312,128,1,32,32,1,1,1,1,0,0,0.012540100142359734,27.42664923689201,131072
grouped_conv_forward_bf16_2d_16x64x64_compv5,140,1,1312,128,1,32,32,1,1,1,1,0,0,0.015884000808000565,21.652789631360726,131071
grouped_conv_forward_bf16_2d_32x64x64_compv3,140,1,1312,128,1,32,32,1,1,1,1,0,0,0.019916098564863205,17.269091477925326,131072
grouped_conv_forward_bf16_2d_32x64x64_compv4,140,1,1312,128,1,32,32,1,1,1,1,0,0,0.016360100358724594,21.022666148657564,131072
grouped_conv_forward_bf16_2d_32x64x64_compv5,140,1,1312,128,1,32,32,1,1,1,1,0,0,0.019588099792599678,17.558258924632227,131072
grouped_conv_forward_bf16_2d_64x64x64_compv3,140,1,1312,128,1,32,32,1,1,1,1,0,0,0.02409210056066513,14.275755122886004,131072
grouped_conv_forward_bf16_2d_64x64x64_compv4,140,1,1312,128,1,32,32,1,1,1,1,0,0,0.02324810065329075,14.794022665731903,130672
grouped_conv_forward_bf16_2d_64x64x64_compv5,140,1,1312,128,1,32,32,1,1,1,1,0,0,0.02435220032930374,14.123279348442903,131072
grouped_conv_forward_bf16_2d_32x128x64_compv3,140,1,1312,128,1,32,32,1,1,1,1,0,0,0.023316100239753723,14.750877053341782,131072
grouped_conv_forward_bf16_2d_32x128x64_compv4,140,1,1312,128,1,32,32,1,1,1,1,0,0,0.016364101320505142,21.017526185139946,131072
grouped_conv_forward_bf16_2d_32x128x64_compv5,140,1,1312,128,1,32,32,1,1,1,1,0,0,0.023524099960923195,14.62045003087559,131072
grouped_conv_forward_bf16_2d_64x128x64_compv3,140,1,1312,128,1,32,32,1,1,1,1,0,0,0.028028199449181557,12.270960488332157,130164
grouped_conv_forward_bf16_2d_64x128x64_compv4,140,1,1312,128,1,32,32,1,1,1,1,0,0,0.02372020110487938,14.499578923437165,131072
grouped_conv_forward_bf16_2d_64x128x64_compv5,140,1,1312,128,1,32,32,1,1,1,1,0,0,0.027824100106954575,12.36097220315976,131072
grouped_conv_forward_bf16_2d_128x128x64_compv3,140,1,1312,128,1,32,32,1,1,1,1,0,0,0.028160100802779198,12.21348355280235,131072
grouped_conv_forward_bf16_2d_128x128x64_compv4,140,1,1312,128,1,32,32,1,1,1,1,0,0,0.023076200857758522,14.90422665845211,131072
grouped_conv_forward_bf16_2d_128x128x64_compv5,140,1,1312,128,1,32,32,1,1,1,1,0,0,0.027340199798345566,12.579751813694221,131072
grouped_conv_forward_bf16_2d_16x64x128_compv3,140,1,1312,128,1,32,32,1,1,1,1,0,0,0.013076099567115307,26.302409692944423,131044
grouped_conv_forward_bf16_2d_16x64x128_compv4,140,1,1312,128,1,32,32,1,1,1,1,0,0,0.0124080004170537,27.71864252416486,131072
grouped_conv_forward_bf16_2d_16x64x128_compv5,140,1,1312,128,1,32,32,1,1,1,1,0,0,0.012972000055015087,26.51348493226629,131066
grouped_conv_forward_bf16_2d_32x64x128_compv3,140,1,1312,128,1,32,32,1,1,1,1,0,0,0.015360100194811821,22.391320605849316,131072
grouped_conv_forward_bf16_2d_32x64x128_compv4,140,1,1312,128,1,32,32,1,1,1,1,0,0,0.016224099323153496,21.198891916864163,131072
grouped_conv_forward_bf16_2d_32x64x128_compv5,140,1,1312,128,1,32,32,1,1,1,1,0,0,0.015248100273311138,22.555788710413214,130944
grouped_conv_forward_bf16_2d_64x64x128_compv3,140,1,1312,128,1,32,32,1,1,1,1,0,0,0.020320098847150803,16.92575073512621,131072
grouped_conv_forward_bf16_2d_64x64x128_compv4,140,1,1312,128,1,32,32,1,1,1,1,0,0,0.02308019995689392,14.90164420769107,131072
grouped_conv_forward_bf16_2d_64x64x128_compv5,140,1,1312,128,1,32,32,1,1,1,1,0,0,0.020208099856972694,17.019558020509674,130816
grouped_conv_forward_bf16_2d_128x64x128_compv3,140,1,1312,128,1,32,32,1,1,1,1,0,0,0.02088009938597679,16.47180512133901,131072
grouped_conv_forward_bf16_2d_128x64x128_compv4,140,1,1312,128,1,32,32,1,1,1,1,0,0,0.023152099922299385,14.85536643130736,131072
grouped_conv_forward_bf16_2d_128x64x128_compv5,140,1,1312,128,1,32,32,1,1,1,1,0,0,0.020228099077939987,17.0027310364067,131072
grouped_conv_forward_bf16_2d_16x64x64_compv3,141,1,128,3,1,768,768,3,3,1,1,1,1,0.505414605140686,8.066374510220522,589479
grouped_conv_forward_bf16_2d_16x64x64_compv4,141,1,128,3,1,768,768,3,3,1,1,1,1,0.5453962683677673,7.475048372078192,589423
grouped_conv_forward_bf16_2d_16x64x64_compv5,141,1,128,3,1,768,768,3,3,1,1,1,1,0.5054320693016052,8.066095793314657,589544
grouped_conv_forward_bf16_2d_32x64x64_compv3,141,1,128,3,1,768,768,3,3,1,1,1,1,0.41523537039756775,9.818198974949077,588324
grouped_conv_forward_bf16_2d_32x64x64_compv4,141,1,128,3,1,768,768,3,3,1,1,1,1,0.48434799909591675,8.417219634663233,588054
grouped_conv_forward_bf16_2d_32x64x64_compv5,141,1,128,3,1,768,768,3,3,1,1,1,1,0.41315141320228577,9.867722480726213,588149
grouped_conv_forward_bf16_2d_64x64x64_compv3,141,1,128,3,1,768,768,3,3,1,1,1,1,0.3414427936077118,11.940106993981438,587852
grouped_conv_forward_bf16_2d_64x64x64_compv4,141,1,128,3,1,768,768,3,3,1,1,1,1,0.6291131973266602,6.480333754440591,587392
grouped_conv_forward_bf16_2d_64x64x64_compv5,141,1,128,3,1,768,768,3,3,1,1,1,1,0.351750910282135,11.590200249176323,587984
grouped_conv_forward_bf16_2d_32x128x64_compv3,141,1,128,3,1,768,768,3,3,1,1,1,1,0.5587567090988159,7.296312369251584,591498
grouped_conv_forward_bf16_2d_32x128x64_compv4,141,1,128,3,1,768,768,3,3,1,1,1,1,0.4831160008907318,8.438684457735606,588147
grouped_conv_forward_bf16_2d_32x128x64_compv5,141,1,128,3,1,768,768,3,3,1,1,1,1,0.5601646900177002,7.277972997318304,591353
grouped_conv_forward_bf16_2d_64x128x64_compv3,141,1,128,3,1,768,768,3,3,1,1,1,1,0.48683610558509827,8.374201176184888,589231
grouped_conv_forward_bf16_2d_64x128x64_compv4,141,1,128,3,1,768,768,3,3,1,1,1,1,0.6288973093032837,6.482558325009379,587392
grouped_conv_forward_bf16_2d_64x128x64_compv5,141,1,128,3,1,768,768,3,3,1,1,1,1,0.4845961034297943,8.412910172296987,589565
grouped_conv_forward_bf16_2d_128x128x64_compv3,141,1,128,3,1,768,768,3,3,1,1,1,1,0.4543837904930115,8.97229076674711,587552
grouped_conv_forward_bf16_2d_128x128x64_compv4,141,1,128,3,1,768,768,3,3,1,1,1,1,0.6293612718582153,6.47777940953197,587392
grouped_conv_forward_bf16_2d_128x128x64_compv5,141,1,128,3,1,768,768,3,3,1,1,1,1,0.45109182596206665,9.037768483844868,587664
grouped_conv_forward_bf16_2d_16x64x128_compv3,141,1,128,3,1,768,768,3,3,1,1,1,1,0.4484837055206299,9.090326889953124,589404
grouped_conv_forward_bf16_2d_16x64x128_compv4,141,1,128,3,1,768,768,3,3,1,1,1,1,0.5459846258163452,7.466993199495967,589472
grouped_conv_forward_bf16_2d_16x64x128_compv5,141,1,128,3,1,768,768,3,3,1,1,1,1,0.4528346061706543,9.002985709231776,589457
grouped_conv_forward_bf16_2d_32x64x128_compv3,141,1,128,3,1,768,768,3,3,1,1,1,1,0.3452827036380768,11.807320335029997,587798
grouped_conv_forward_bf16_2d_32x64x128_compv4,141,1,128,3,1,768,768,3,3,1,1,1,1,0.481935977935791,8.459346624134309,588072
grouped_conv_forward_bf16_2d_32x64x128_compv5,141,1,128,3,1,768,768,3,3,1,1,1,1,0.34215879440307617,11.915121150436656,588126
grouped_conv_forward_bf16_2d_64x64x128_compv3,141,1,128,3,1,768,768,3,3,1,1,1,1,0.32865068316459656,12.404853228186365,588431
grouped_conv_forward_bf16_2d_64x64x128_compv4,141,1,128,3,1,768,768,3,3,1,1,1,1,0.629045307636261,6.481033144209391,587392
grouped_conv_forward_bf16_2d_64x64x128_compv5,141,1,128,3,1,768,768,3,3,1,1,1,1,0.32547467947006226,12.52590061579582,588188
grouped_conv_forward_bf16_2d_128x64x128_compv3,141,1,128,3,1,768,768,3,3,1,1,1,1,0.313414603471756,13.00789255778056,588576
grouped_conv_forward_bf16_2d_128x64x128_compv4,141,1,128,3,1,768,768,3,3,1,1,1,1,0.630301296710968,6.468118516134821,587392
grouped_conv_forward_bf16_2d_128x64x128_compv5,141,1,128,3,1,768,768,3,3,1,1,1,1,0.31444260478019714,12.96536609868699,588288
grouped_conv_forward_bf16_2d_16x64x64_compv3,142,1,3072,640,1,7,7,1,1,1,1,0,0,0.031668201088905334,6.0842053976821004,31360
grouped_conv_forward_bf16_2d_16x64x64_compv4,142,1,3072,640,1,7,7,1,1,1,1,0,0,0.025300199165940285,7.615585898603703,31360
grouped_conv_forward_bf16_2d_16x64x64_compv5,142,1,3072,640,1,7,7,1,1,1,1,0,0,0.031752198934555054,6.068110129856743,31360
grouped_conv_forward_bf16_2d_32x64x64_compv3,142,1,3072,640,1,7,7,1,1,1,1,0,0,0.03987229987978935,4.832323206358717,31360
grouped_conv_forward_bf16_2d_32x64x64_compv4,142,1,3072,640,1,7,7,1,1,1,1,0,0,0.032468199729919434,5.934293912281477,31360
grouped_conv_forward_bf16_2d_32x64x64_compv5,142,1,3072,640,1,7,7,1,1,1,1,0,0,0.040712300688028336,4.7326197916556785,31360
grouped_conv_forward_bf16_2d_64x64x64_compv3,142,1,3072,640,1,7,7,1,1,1,1,0,0,0.049720399081707,3.875186916407692,31120
grouped_conv_forward_bf16_2d_64x64x64_compv4,142,1,3072,640,1,7,7,1,1,1,1,0,0,0.047400400042533875,4.064856833003644,31360
grouped_conv_forward_bf16_2d_64x64x64_compv5,142,1,3072,640,1,7,7,1,1,1,1,0,0,0.049580298364162445,3.8861371624836702,31360
grouped_conv_forward_bf16_2d_32x128x64_compv3,142,1,3072,640,1,7,7,1,1,1,1,0,0,0.04911639913916588,3.922841319333576,31360
grouped_conv_forward_bf16_2d_32x128x64_compv4,142,1,3072,640,1,7,7,1,1,1,1,0,0,0.03264030069112778,5.903004442982131,31360
grouped_conv_forward_bf16_2d_32x128x64_compv5,142,1,3072,640,1,7,7,1,1,1,1,0,0,0.04934430122375488,3.90472324506733,31360
grouped_conv_forward_bf16_2d_64x128x64_compv3,142,1,3072,640,1,7,7,1,1,1,1,0,0,0.05651640146970749,3.4092021959903676,31360
grouped_conv_forward_bf16_2d_64x128x64_compv4,142,1,3072,640,1,7,7,1,1,1,1,0,0,0.047376297414302826,4.06692482350534,31360
grouped_conv_forward_bf16_2d_64x128x64_compv5,142,1,3072,640,1,7,7,1,1,1,1,0,0,0.0564844012260437,3.411133619509123,31360
grouped_conv_forward_bf16_2d_128x128x64_compv3,142,1,3072,640,1,7,7,1,1,1,1,0,0,0.05380839854478836,3.580776332520339,31360
grouped_conv_forward_bf16_2d_128x128x64_compv4,142,1,3072,640,1,7,7,1,1,1,1,0,0,0.0471763014793396,4.084165862056408,31360
grouped_conv_forward_bf16_2d_128x128x64_compv5,142,1,3072,640,1,7,7,1,1,1,1,0,0,0.05333640053868294,3.612464246818817,31360
grouped_conv_forward_bf16_2d_16x64x128_compv3,142,1,3072,640,1,7,7,1,1,1,1,0,0,0.024868201464414597,7.747879969354094,31360
grouped_conv_forward_bf16_2d_16x64x128_compv4,142,1,3072,640,1,7,7,1,1,1,1,0,0,0.025696199387311935,7.498223262352873,31360
grouped_conv_forward_bf16_2d_16x64x128_compv5,142,1,3072,640,1,7,7,1,1,1,1,0,0,0.024716099724173546,7.795560066119723,31360
grouped_conv_forward_bf16_2d_32x64x128_compv3,142,1,3072,640,1,7,7,1,1,1,1,0,0,0.03004019893705845,6.413933556289122,31360
grouped_conv_forward_bf16_2d_32x64x128_compv4,142,1,3072,640,1,7,7,1,1,1,1,0,0,0.03181619942188263,6.055903706320149,31360
grouped_conv_forward_bf16_2d_32x64x128_compv5,142,1,3072,640,1,7,7,1,1,1,1,0,0,0.029732201248407364,6.480375885735029,31360
grouped_conv_forward_bf16_2d_64x64x128_compv3,142,1,3072,640,1,7,7,1,1,1,1,0,0,0.03844830021262169,5.0112967006210845,31360
grouped_conv_forward_bf16_2d_64x64x128_compv4,142,1,3072,640,1,7,7,1,1,1,1,0,0,0.04742429777979851,4.062808497336882,31360
grouped_conv_forward_bf16_2d_64x64x128_compv5,142,1,3072,640,1,7,7,1,1,1,1,0,0,0.03841229900717735,5.015993444287165,31360
grouped_conv_forward_bf16_2d_128x64x128_compv3,142,1,3072,640,1,7,7,1,1,1,1,0,0,0.03664430230855942,5.2580026869550895,31360
grouped_conv_forward_bf16_2d_128x64x128_compv4,142,1,3072,640,1,7,7,1,1,1,1,0,0,0.0471682995557785,4.084858725342699,31360
grouped_conv_forward_bf16_2d_128x64x128_compv5,142,1,3072,640,1,7,7,1,1,1,1,0,0,0.03671630099415779,5.247692027327538,31360
grouped_conv_forward_bf16_2d_16x64x64_compv3,143,1,17,61,1,512,512,1,1,1,1,0,0,0.029440099373459816,18.467555054862768,4193790
grouped_conv_forward_bf16_2d_16x64x64_compv4,143,1,17,61,1,512,512,1,1,1,1,0,0,0.06357250362634659,8.552229737491068,4194915
grouped_conv_forward_bf16_2d_16x64x64_compv5,143,1,17,61,1,512,512,1,1,1,1,0,0,0.02958020009100437,18.38008716395872,4194022
grouped_conv_forward_bf16_2d_32x64x64_compv3,143,1,17,61,1,512,512,1,1,1,1,0,0,0.024220099672675133,22.447746431588044,4194754
grouped_conv_forward_bf16_2d_32x64x64_compv4,143,1,17,61,1,512,512,1,1,1,1,0,0,0.057540398091077805,9.448781621903722,4194494
grouped_conv_forward_bf16_2d_32x64x64_compv5,143,1,17,61,1,512,512,1,1,1,1,0,0,0.02427620068192482,22.395870882910003,4194502
grouped_conv_forward_bf16_2d_64x64x64_compv3,143,1,17,61,1,512,512,1,1,1,1,0,0,0.022216100245714188,24.47264146212543,4197128
grouped_conv_forward_bf16_2d_64x64x64_compv4,143,1,17,61,1,512,512,1,1,1,1,0,0,0.07640060037374496,7.11626156522767,4199281
grouped_conv_forward_bf16_2d_64x64x64_compv5,143,1,17,61,1,512,512,1,1,1,1,0,0,0.022224100306630135,24.463831988636297,4196765
grouped_conv_forward_bf16_2d_32x128x64_compv3,143,1,17,61,1,512,512,1,1,1,1,0,0,0.03268419951200485,16.63454097446397,4194622
grouped_conv_forward_bf16_2d_32x128x64_compv4,143,1,17,61,1,512,512,1,1,1,1,0,0,0.05785239860415459,9.397823929826757,4196511
grouped_conv_forward_bf16_2d_32x128x64_compv5,143,1,17,61,1,512,512,1,1,1,1,0,0,0.03263620287179947,16.659004668395195,4194995
grouped_conv_forward_bf16_2d_64x128x64_compv3,143,1,17,61,1,512,512,1,1,1,1,0,0,0.03196420148015022,17.009236296349513,4188145
grouped_conv_forward_bf16_2d_64x128x64_compv4,143,1,17,61,1,512,512,1,1,1,1,0,0,0.07622860372066498,7.1323181779940015,4199281
grouped_conv_forward_bf16_2d_64x128x64_compv5,143,1,17,61,1,512,512,1,1,1,1,0,0,0.03191220015287399,17.03695305856359,4188137
grouped_conv_forward_bf16_2d_128x128x64_compv3,143,1,17,61,1,512,512,1,1,1,1,0,0,0.03484030067920685,15.605108032964807,4206758
grouped_conv_forward_bf16_2d_128x128x64_compv4,143,1,17,61,1,512,512,1,1,1,1,0,0,0.07641260325908661,7.11514374345501,4199280
grouped_conv_forward_bf16_2d_128x128x64_compv5,143,1,17,61,1,512,512,1,1,1,1,0,0,0.034856200218200684,15.5979898151981,4205982
grouped_conv_forward_bf16_2d_16x64x128_compv3,143,1,17,61,1,512,512,1,1,1,1,0,0,0.03930030018091202,13.834160388018264,4195451
grouped_conv_forward_bf16_2d_16x64x128_compv4,143,1,17,61,1,512,512,1,1,1,1,0,0,0.06349650025367737,8.562466495442994,4194701
grouped_conv_forward_bf16_2d_16x64x128_compv5,143,1,17,61,1,512,512,1,1,1,1,0,0,0.03943220153450966,13.787884897174326,4195386
grouped_conv_forward_bf16_2d_32x64x128_compv3,143,1,17,61,1,512,512,1,1,1,1,0,0,0.03392019867897034,16.02840423034055,4195563
grouped_conv_forward_bf16_2d_32x64x128_compv4,143,1,17,61,1,512,512,1,1,1,1,0,0,0.05753239989280701,9.45009519875729,4194897
grouped_conv_forward_bf16_2d_32x64x128_compv5,143,1,17,61,1,512,512,1,1,1,1,0,0,0.03335219994187355,16.30137313123395,4195499
grouped_conv_forward_bf16_2d_64x64x128_compv3,143,1,17,61,1,512,512,1,1,1,1,0,0,0.03303220123052597,16.45929231920409,4196311
grouped_conv_forward_bf16_2d_64x64x128_compv4,143,1,17,61,1,512,512,1,1,1,1,0,0,0.07633249461650848,7.122610871444211,4199281
grouped_conv_forward_bf16_2d_64x64x128_compv5,143,1,17,61,1,512,512,1,1,1,1,0,0,0.032884202897548676,16.53336885476183,4196712
grouped_conv_forward_bf16_2d_128x64x128_compv3,143,1,17,61,1,512,512,1,1,1,1,0,0,0.03526819869875908,15.415776139968548,4204619
grouped_conv_forward_bf16_2d_128x64x128_compv4,143,1,17,61,1,512,512,1,1,1,1,0,0,0.07660459727048874,7.097311067118561,4199281
grouped_conv_forward_bf16_2d_128x64x128_compv5,143,1,17,61,1,512,512,1,1,1,1,0,0,0.034848202019929886,15.601569793731754,4204947
grouped_conv_forward_bf16_2d_16x64x64_compv3,144,1,288,577,1,4,4096,1,1,1,1,0,0,0.055228300392627716,98.59537826238942,617911
grouped_conv_forward_bf16_2d_16x64x64_compv4,144,1,288,577,1,4,4096,1,1,1,1,0,0,0.0671084001660347,81.14118582066847,611088
grouped_conv_forward_bf16_2d_16x64x64_compv5,144,1,288,577,1,4,4096,1,1,1,1,0,0,0.05550440028309822,98.10492754136014,617844
grouped_conv_forward_bf16_2d_32x64x64_compv3,144,1,288,577,1,4,4096,1,1,1,1,0,0,0.04479629918932915,121.55591570156102,614979
grouped_conv_forward_bf16_2d_32x64x64_compv4,144,1,288,577,1,4,4096,1,1,1,1,0,0,0.05640440061688423,96.5395449370311,609597
grouped_conv_forward_bf16_2d_32x64x64_compv5,144,1,288,577,1,4,4096,1,1,1,1,0,0,0.04470030218362808,121.81696547891296,615204
grouped_conv_forward_bf16_2d_64x64x64_compv3,144,1,288,577,1,4,4096,1,1,1,1,0,0,0.03872830048203468,140.60144907535897,612566
grouped_conv_forward_bf16_2d_64x64x64_compv4,144,1,288,577,1,4,4096,1,1,1,1,0,0,0.07087250053882599,76.8317066083612,610260
grouped_conv_forward_bf16_2d_64x64x64_compv5,144,1,288,577,1,4,4096,1,1,1,1,0,0,0.038616299629211426,141.00924273647698,615083
grouped_conv_forward_bf16_2d_32x128x64_compv3,144,1,288,577,1,4,4096,1,1,1,1,0,0,0.03418419882655144,159.29158368253403,620015
grouped_conv_forward_bf16_2d_32x128x64_compv4,144,1,288,577,1,4,4096,1,1,1,1,0,0,0.05620440095663071,96.88307455143504,609462
grouped_conv_forward_bf16_2d_32x128x64_compv5,144,1,288,577,1,4,4096,1,1,1,1,0,0,0.03462019935250282,157.2854943022257,618550
grouped_conv_forward_bf16_2d_64x128x64_compv3,144,1,288,577,1,4,4096,1,1,1,1,0,0,0.0305682010948658,178.13462922142904,613541
grouped_conv_forward_bf16_2d_64x128x64_compv4,144,1,288,577,1,4,4096,1,1,1,1,0,0,0.07046449929475784,77.27657504841017,610534
grouped_conv_forward_bf16_2d_64x128x64_compv5,144,1,288,577,1,4,4096,1,1,1,1,0,0,0.030824199318885803,176.655202351476,614428
grouped_conv_forward_bf16_2d_128x128x64_compv3,144,1,288,577,1,4,4096,1,1,1,1,0,0,0.03290420025587082,165.48814818948378,619351
grouped_conv_forward_bf16_2d_128x128x64_compv4,144,1,288,577,1,4,4096,1,1,1,1,0,0,0.07064049690961838,77.08404394390064,609891
grouped_conv_forward_bf16_2d_128x128x64_compv5,144,1,288,577,1,4,4096,1,1,1,1,0,0,0.033020202070474625,164.90677907961486,618554
grouped_conv_forward_bf16_2d_16x64x128_compv3,144,1,288,577,1,4,4096,1,1,1,1,0,0,0.058784402906894684,92.63095138729969,611766
grouped_conv_forward_bf16_2d_16x64x128_compv4,144,1,288,577,1,4,4096,1,1,1,1,0,0,0.06630849838256836,82.12001931612866,611510
grouped_conv_forward_bf16_2d_16x64x128_compv5,144,1,288,577,1,4,4096,1,1,1,1,0,0,0.0583283007144928,93.355285535466,612510
grouped_conv_forward_bf16_2d_32x64x128_compv3,144,1,288,577,1,4,4096,1,1,1,1,0,0,0.04641230031847954,117.32353558506807,613775
grouped_conv_forward_bf16_2d_32x64x128_compv4,144,1,288,577,1,4,4096,1,1,1,1,0,0,0.056552398949861526,96.28689974456572,609757
grouped_conv_forward_bf16_2d_32x64x128_compv5,144,1,288,577,1,4,4096,1,1,1,1,0,0,0.046452298760414124,117.22251241181536,616149
grouped_conv_forward_bf16_2d_64x64x128_compv3,144,1,288,577,1,4,4096,1,1,1,1,0,0,0.044272299855947495,122.9946306317423,612942
grouped_conv_forward_bf16_2d_64x64x128_compv4,144,1,288,577,1,4,4096,1,1,1,1,0,0,0.07051650434732437,77.2195845270457,610202
grouped_conv_forward_bf16_2d_64x64x128_compv5,144,1,288,577,1,4,4096,1,1,1,1,0,0,0.043952301144599915,123.8901041855693,613108
grouped_conv_forward_bf16_2d_128x64x128_compv3,144,1,288,577,1,4,4096,1,1,1,1,0,0,0.04415229707956314,123.32892121530084,616973
grouped_conv_forward_bf16_2d_128x64x128_compv4,144,1,288,577,1,4,4096,1,1,1,1,0,0,0.07131649553775787,76.35337556816795,610176
grouped_conv_forward_bf16_2d_128x64x128_compv5,144,1,288,577,1,4,4096,1,1,1,1,0,0,0.04377230256795883,124.39955973405674,617608
grouped_conv_forward_bf16_2d_16x64x64_compv3,145,1,35,61,1,128,128,1,1,1,1,0,0,0.0049400003626942635,14.161877502746613,262298
grouped_conv_forward_bf16_2d_16x64x64_compv4,145,1,35,61,1,128,128,1,1,1,1,0,0,0.007159999571740627,9.770905612357808,262356
grouped_conv_forward_bf16_2d_16x64x64_compv5,145,1,35,61,1,128,128,1,1,1,1,0,0,0.0049600000493228436,14.104774053288798,262521
grouped_conv_forward_bf16_2d_32x64x64_compv3,145,1,35,61,1,128,128,1,1,1,1,0,0,0.004568000324070454,15.315165288267828,262785
grouped_conv_forward_bf16_2d_32x64x64_compv4,145,1,35,61,1,128,128,1,1,1,1,0,0,0.005987999960780144,11.683313369775863,262320
grouped_conv_forward_bf16_2d_32x64x64_compv5,145,1,35,61,1,128,128,1,1,1,1,0,0,0.004579999949783087,15.275039468791556,262785
grouped_conv_forward_bf16_2d_64x64x64_compv3,145,1,35,61,1,128,128,1,1,1,1,0,0,0.004879999905824661,14.33600027665936,262849
grouped_conv_forward_bf16_2d_64x64x64_compv4,145,1,35,61,1,128,128,1,1,1,1,0,0,0.00684000039473176,10.228022801560607,262321
grouped_conv_forward_bf16_2d_64x64x64_compv5,145,1,35,61,1,128,128,1,1,1,1,0,0,0.004864000249654055,14.383157156493935,262849
grouped_conv_forward_bf16_2d_32x128x64_compv3,145,1,35,61,1,128,128,1,1,1,1,0,0,0.005016000010073185,13.947304597190236,262486
grouped_conv_forward_bf16_2d_32x128x64_compv4,145,1,35,61,1,128,128,1,1,1,1,0,0,0.006051999982446432,11.559762095656819,262382
grouped_conv_forward_bf16_2d_32x128x64_compv5,145,1,35,61,1,128,128,1,1,1,1,0,0,0.005000100005418062,13.991656151715434,262698
grouped_conv_forward_bf16_2d_64x128x64_compv3,145,1,35,61,1,128,128,1,1,1,1,0,0,0.005231999792158604,13.371499002131312,262306
grouped_conv_forward_bf16_2d_64x128x64_compv4,145,1,35,61,1,128,128,1,1,1,1,0,0,0.006764099933207035,10.342792195683943,262321
grouped_conv_forward_bf16_2d_64x128x64_compv5,145,1,35,61,1,128,128,1,1,1,1,0,0,0.005252100061625242,13.320325046958692,262306
grouped_conv_forward_bf16_2d_128x128x64_compv3,145,1,35,61,1,128,128,1,1,1,1,0,0,0.005916000343859196,11.825503031388106,263390
grouped_conv_forward_bf16_2d_128x128x64_compv4,145,1,35,61,1,128,128,1,1,1,1,0,0,0.006764099933207035,10.342792195683943,262321
grouped_conv_forward_bf16_2d_128x128x64_compv5,145,1,35,61,1,128,128,1,1,1,1,0,0,0.005903999786823988,11.849539723244854,262144
grouped_conv_forward_bf16_2d_16x64x128_compv3,145,1,35,61,1,128,128,1,1,1,1,0,0,0.005048099905252457,13.858616373104704,261907
grouped_conv_forward_bf16_2d_16x64x128_compv4,145,1,35,61,1,128,128,1,1,1,1,0,0,0.007432100363075733,9.413177511376821,262321
grouped_conv_forward_bf16_2d_16x64x128_compv5,145,1,35,61,1,128,128,1,1,1,1,0,0,0.005032000131905079,13.902956710280087,261968
grouped_conv_forward_bf16_2d_32x64x128_compv3,145,1,35,61,1,128,128,1,1,1,1,0,0,0.00520800007507205,13.43311808593477,262370
grouped_conv_forward_bf16_2d_32x64x128_compv4,145,1,35,61,1,128,128,1,1,1,1,0,0,0.006000000052154064,11.6599465653144,262449
grouped_conv_forward_bf16_2d_32x64x128_compv5,145,1,35,61,1,128,128,1,1,1,1,0,0,0.005024100188165903,13.924817853908973,262307
grouped_conv_forward_bf16_2d_64x64x128_compv3,145,1,35,61,1,128,128,1,1,1,1,0,0,0.0056721000000834465,12.33399975299638,262321
grouped_conv_forward_bf16_2d_64x64x128_compv4,145,1,35,61,1,128,128,1,1,1,1,0,0,0.006843999959528446,10.222045647823213,262304
grouped_conv_forward_bf16_2d_64x64x128_compv5,145,1,35,61,1,128,128,1,1,1,1,0,0,0.0054120998829603195,12.926531570539554,262321
grouped_conv_forward_bf16_2d_128x64x128_compv3,145,1,35,61,1,128,128,1,1,1,1,0,0,0.005940000060945749,11.777723784881784,263524
grouped_conv_forward_bf16_2d_128x64x128_compv4,145,1,35,61,1,128,128,1,1,1,1,0,0,0.006775999907404184,10.324628240262305,262129
grouped_conv_forward_bf16_2d_128x64x128_compv5,145,1,35,61,1,128,128,1,1,1,1,0,0,0.006040000356733799,11.582727792723428,262144
grouped_conv_forward_bf16_2d_16x64x64_compv3,147,4,112,672,1,56,56,1,1,1,1,0,0,0.025864100083708763,73.00556469735248,8422292
grouped_conv_forward_bf16_2d_16x64x64_compv4,147,4,112,672,1,56,56,1,1,1,1,0,0,0.038644202053546906,48.86174721329747,8421874
grouped_conv_forward_bf16_2d_16x64x64_compv5,147,4,112,672,1,56,56,1,1,1,1,0,0,0.025884199887514114,72.94887383831521,8422738
grouped_conv_forward_bf16_2d_32x64x64_compv3,147,4,112,672,1,56,56,1,1,1,1,0,0,0.021288100630044937,88.69852998228777,8421852
grouped_conv_forward_bf16_2d_32x64x64_compv4,147,4,112,672,1,56,56,1,1,1,1,0,0,0.03531619906425476,53.46620763362846,8419185
grouped_conv_forward_bf16_2d_32x64x64_compv5,147,4,112,672,1,56,56,1,1,1,1,0,0,0.021192099899053574,89.1003364930498,8422120
grouped_conv_forward_bf16_2d_64x64x64_compv3,147,4,112,672,1,56,56,1,1,1,1,0,0,0.01937210001051426,97.47127213751538,8417750
grouped_conv_forward_bf16_2d_64x64x64_compv4,147,4,112,672,1,56,56,1,1,1,1,0,0,0.045412298291921616,41.57955670646812,8422527
grouped_conv_forward_bf16_2d_64x64x64_compv5,147,4,112,672,1,56,56,1,1,1,1,0,0,0.01934009976685047,97.63254868190872,8421618
grouped_conv_forward_bf16_2d_32x128x64_compv3,147,4,112,672,1,56,56,1,1,1,1,0,0,0.019176099449396133,98.46753439002744,8422001
grouped_conv_forward_bf16_2d_32x128x64_compv4,147,4,112,672,1,56,56,1,1,1,1,0,0,0.03539619967341423,53.34536615291578,8419440
grouped_conv_forward_bf16_2d_32x128x64_compv5,147,4,112,672,1,56,56,1,1,1,1,0,0,0.01910809986293316,98.81794869948682,8424134
grouped_conv_forward_bf16_2d_64x128x64_compv3,147,4,112,672,1,56,56,1,1,1,1,0,0,0.017568198963999748,107.4796133553185,8424101
grouped_conv_forward_bf16_2d_64x128x64_compv4,147,4,112,672,1,56,56,1,1,1,1,0,0,0.04542040079832077,41.5721393649571,8421876
grouped_conv_forward_bf16_2d_64x128x64_compv5,147,4,112,672,1,56,56,1,1,1,1,0,0,0.017600100487470627,107.28479836488498,8424316
grouped_conv_forward_bf16_2d_128x128x64_compv3,147,4,112,672,1,56,56,1,1,1,1,0,0,0.020816098898649216,90.70975504072617,8416146
grouped_conv_forward_bf16_2d_128x128x64_compv4,147,4,112,672,1,56,56,1,1,1,1,0,0,0.045412298291921616,41.57955670646812,8422307
grouped_conv_forward_bf16_2d_128x128x64_compv5,147,4,112,672,1,56,56,1,1,1,1,0,0,0.020264100283384323,93.18070901713118,8418356
grouped_conv_forward_bf16_2d_16x64x128_compv3,147,4,112,672,1,56,56,1,1,1,1,0,0,0.027476200833916664,68.7221367835241,8420788
grouped_conv_forward_bf16_2d_16x64x128_compv4,147,4,112,672,1,56,56,1,1,1,1,0,0,0.038680300116539,48.81614740089955,8421732
grouped_conv_forward_bf16_2d_16x64x128_compv5,147,4,112,672,1,56,56,1,1,1,1,0,0,0.026472100988030434,71.32880132384561,8421004
grouped_conv_forward_bf16_2d_32x64x128_compv3,147,4,112,672,1,56,56,1,1,1,1,0,0,0.02146809920668602,87.95484005458351,8419262
grouped_conv_forward_bf16_2d_32x64x128_compv4,147,4,112,672,1,56,56,1,1,1,1,0,0,0.035360198467969894,53.399678559790814,8419071
grouped_conv_forward_bf16_2d_32x64x128_compv5,147,4,112,672,1,56,56,1,1,1,1,0,0,0.02141210064291954,88.18486628141221,8419069
grouped_conv_forward_bf16_2d_64x64x128_compv3,147,4,112,672,1,56,56,1,1,1,1,0,0,0.02135610021650791,88.4161065389848,8422924
grouped_conv_forward_bf16_2d_64x64x128_compv4,147,4,112,672,1,56,56,1,1,1,1,0,0,0.04542430117726326,41.56856975369681,8422594
grouped_conv_forward_bf16_2d_64x64x128_compv5,147,4,112,672,1,56,56,1,1,1,1,0,0,0.02114420011639595,89.30218318052172,8422736
grouped_conv_forward_bf16_2d_128x64x128_compv3,147,4,112,672,1,56,56,1,1,1,1,0,0,0.025348201394081116,74.49140878456592,8417706
grouped_conv_forward_bf16_2d_128x64x128_compv4,147,4,112,672,1,56,56,1,1,1,1,0,0,0.045624300837516785,41.38634888290315,8422719
grouped_conv_forward_bf16_2d_128x64x128_compv5,147,4,112,672,1,56,56,1,1,1,1,0,0,0.025296200066804886,74.64454056393372,8416762
grouped_conv_forward_bf16_2d_16x64x64_compv3,148,4,128,3,1,128,128,3,3,1,1,1,1,0.06125509738922119,7.395055290202018,65212
grouped_conv_forward_bf16_2d_16x64x64_compv4,148,4,128,3,1,128,128,3,3,1,1,1,1,0.06451170146465302,7.021746779507863,65205
grouped_conv_forward_bf16_2d_16x64x64_compv5,148,4,128,3,1,128,128,3,3,1,1,1,1,0.06122799962759018,7.3983281301889665,65348
grouped_conv_forward_bf16_2d_32x64x64_compv3,148,4,128,3,1,128,128,3,3,1,1,1,1,0.052032001316547394,8.705889078610939,65101
grouped_conv_forward_bf16_2d_32x64x64_compv4,148,4,128,3,1,128,128,3,3,1,1,1,1,0.05797209590673447,7.813842589523798,65015
grouped_conv_forward_bf16_2d_32x64x64_compv5,148,4,128,3,1,128,128,3,3,1,1,1,1,0.05196809768676758,8.71659445243349,65213
grouped_conv_forward_bf16_2d_64x64x64_compv3,148,4,128,3,1,128,128,3,3,1,1,1,1,0.046292100101709366,9.785359294668794,65311
grouped_conv_forward_bf16_2d_64x64x64_compv4,148,4,128,3,1,128,128,3,3,1,1,1,1,0.07323230057954788,6.185587895165871,65152
grouped_conv_forward_bf16_2d_64x64x64_compv5,148,4,128,3,1,128,128,3,3,1,1,1,1,0.04638420045375824,9.765929509803533,65260
grouped_conv_forward_bf16_2d_32x128x64_compv3,148,4,128,3,1,128,128,3,3,1,1,1,1,0.06992830336093903,6.477846740566439,65652
grouped_conv_forward_bf16_2d_32x128x64_compv4,148,4,128,3,1,128,128,3,3,1,1,1,1,0.057512301951646805,7.876311965061751,64838
grouped_conv_forward_bf16_2d_32x128x64_compv5,148,4,128,3,1,128,128,3,3,1,1,1,1,0.0693403035402298,6.532778324761553,65597
grouped_conv_forward_bf16_2d_64x128x64_compv3,148,4,128,3,1,128,128,3,3,1,1,1,1,0.0584523007273674,7.7496493100041866,65372
grouped_conv_forward_bf16_2d_64x128x64_compv4,148,4,128,3,1,128,128,3,3,1,1,1,1,0.07217640429735184,6.276079231292768,65152
grouped_conv_forward_bf16_2d_64x128x64_compv5,148,4,128,3,1,128,128,3,3,1,1,1,1,0.058256298303604126,7.775722886463854,65504
grouped_conv_forward_bf16_2d_128x128x64_compv3,148,4,128,3,1,128,128,3,3,1,1,1,1,0.051568299531936646,8.784172371622667,65296
grouped_conv_forward_bf16_2d_128x128x64_compv4,148,4,128,3,1,128,128,3,3,1,1,1,1,0.07240840047597885,6.25597070260205,65152
grouped_conv_forward_bf16_2d_128x128x64_compv5,148,4,128,3,1,128,128,3,3,1,1,1,1,0.05136430263519287,8.819059322527082,65295
grouped_conv_forward_bf16_2d_16x64x128_compv3,148,4,128,3,1,128,128,3,3,1,1,1,1,0.053584299981594086,8.453685728013575,65126
grouped_conv_forward_bf16_2d_16x64x128_compv4,148,4,128,3,1,128,128,3,3,1,1,1,1,0.06574440002441406,6.890089982291799,65120
grouped_conv_forward_bf16_2d_16x64x128_compv5,148,4,128,3,1,128,128,3,3,1,1,1,1,0.0534202978014946,8.479638838466496,65186
grouped_conv_forward_bf16_2d_32x64x128_compv3,148,4,128,3,1,128,128,3,3,1,1,1,1,0.04316030070185661,10.495404912239504,65031
grouped_conv_forward_bf16_2d_32x64x128_compv4,148,4,128,3,1,128,128,3,3,1,1,1,1,0.05773640424013138,7.845740273606087,64962
grouped_conv_forward_bf16_2d_32x64x128_compv5,148,4,128,3,1,128,128,3,3,1,1,1,1,0.04301229864358902,10.531518804738825,65275
grouped_conv_forward_bf16_2d_64x64x128_compv3,148,4,128,3,1,128,128,3,3,1,1,1,1,0.039676301181316376,11.417012637592114,64944
grouped_conv_forward_bf16_2d_64x64x128_compv4,148,4,128,3,1,128,128,3,3,1,1,1,1,0.07212050259113312,6.280943916434831,65152
grouped_conv_forward_bf16_2d_64x64x128_compv5,148,4,128,3,1,128,128,3,3,1,1,1,1,0.039912302047014236,11.349504006719826,64986
grouped_conv_forward_bf16_2d_128x64x128_compv3,148,4,128,3,1,128,128,3,3,1,1,1,1,0.035804200917482376,12.65172299317586,65374
grouped_conv_forward_bf16_2d_128x64x128_compv4,148,4,128,3,1,128,128,3,3,1,1,1,1,0.07208849489688873,6.283732690603731,65152
grouped_conv_forward_bf16_2d_128x64x128_compv5,148,4,128,3,1,128,128,3,3,1,1,1,1,0.035780198872089386,12.660210012229816,65279
grouped_conv_forward_bf16_2d_16x64x64_compv3,150,1,288,1152,1,1,1,1,1,1,1,0,0,0.0060800001956522465,0.10913683859327834,1152
grouped_conv_forward_bf16_2d_16x64x64_compv4,150,1,288,1152,1,1,1,1,1,1,1,0,0,0.006284100003540516,0.10559220884870532,1152
grouped_conv_forward_bf16_2d_16x64x64_compv5,150,1,288,1152,1,1,1,1,1,1,1,0,0,0.005888000130653381,0.1126956496732222,1152
grouped_conv_forward_bf16_2d_32x64x64_compv3,150,1,288,1152,1,1,1,1,1,1,1,0,0,0.00723200011998415,0.0917522108671445,1152
grouped_conv_forward_bf16_2d_32x64x64_compv4,150,1,288,1152,1,1,1,1,1,1,1,0,0,0.006471999920904636,0.10252657727277147,1152
grouped_conv_forward_bf16_2d_32x64x64_compv5,150,1,288,1152,1,1,1,1,1,1,1,0,0,0.0075079998932778835,0.0883793299723001,1152
grouped_conv_forward_bf16_2d_64x64x64_compv3,150,1,288,1152,1,1,1,1,1,1,1,0,0,0.008899999782443047,0.07455640631688366,1152
grouped_conv_forward_bf16_2d_64x64x64_compv4,150,1,288,1152,1,1,1,1,1,1,1,0,0,0.009336000308394432,0.07107454778074178,1152
grouped_conv_forward_bf16_2d_64x64x64_compv5,150,1,288,1152,1,1,1,1,1,1,1,0,0,0.009384000673890114,0.07071099236450994,1152
grouped_conv_forward_bf16_2d_32x128x64_compv3,150,1,288,1152,1,1,1,1,1,1,1,0,0,0.009972100146114826,0.06654084799364182,1152
grouped_conv_forward_bf16_2d_32x128x64_compv4,150,1,288,1152,1,1,1,1,1,1,1,0,0,0.0066200001165270805,0.10023443932325883,1152
grouped_conv_forward_bf16_2d_32x128x64_compv5,150,1,288,1152,1,1,1,1,1,1,1,0,0,0.008196099661290646,0.08095948407434446,1016
grouped_conv_forward_bf16_2d_64x128x64_compv3,150,1,288,1152,1,1,1,1,1,1,1,0,0,0.010716100223362446,0.06192103341413075,1152
grouped_conv_forward_bf16_2d_64x128x64_compv4,150,1,288,1152,1,1,1,1,1,1,1,0,0,0.008804099634289742,0.07536852461501375,1152
grouped_conv_forward_bf16_2d_64x128x64_compv5,150,1,288,1152,1,1,1,1,1,1,1,0,0,0.010727999731898308,0.06185235053903056,1152
grouped_conv_forward_bf16_2d_128x128x64_compv3,150,1,288,1152,1,1,1,1,1,1,1,0,0,0.01028400007635355,0.06452275331324958,1152
grouped_conv_forward_bf16_2d_128x128x64_compv4,150,1,288,1152,1,1,1,1,1,1,1,0,0,0.00930000003427267,0.07134967715641462,1152
grouped_conv_forward_bf16_2d_128x128x64_compv5,150,1,288,1152,1,1,1,1,1,1,1,0,0,0.010196000337600708,0.0650796369192888,1152
grouped_conv_forward_bf16_2d_16x64x128_compv3,150,1,288,1152,1,1,1,1,1,1,1,0,0,0.007116100285202265,0.09324657795785118,1152
grouped_conv_forward_bf16_2d_16x64x128_compv4,150,1,288,1152,1,1,1,1,1,1,1,0,0,0.005600099917501211,0.11848931443638952,1152
grouped_conv_forward_bf16_2d_16x64x128_compv5,150,1,288,1152,1,1,1,1,1,1,1,0,0,0.005739999935030937,0.11560139503667496,1152
grouped_conv_forward_bf16_2d_32x64x128_compv3,150,1,288,1152,1,1,1,1,1,1,1,0,0,0.006492000073194504,0.102210719734864,1152
grouped_conv_forward_bf16_2d_32x64x128_compv4,150,1,288,1152,1,1,1,1,1,1,1,0,0,0.006424000021070242,0.10329265221413432,1152
grouped_conv_forward_bf16_2d_32x64x128_compv5,150,1,288,1152,1,1,1,1,1,1,1,0,0,0.006571999751031399,0.10096652847496886,1152
grouped_conv_forward_bf16_2d_64x64x128_compv3,150,1,288,1152,1,1,1,1,1,1,1,0,0,0.008615999482572079,0.0770139322016201,1104
grouped_conv_forward_bf16_2d_64x64x128_compv4,150,1,288,1152,1,1,1,1,1,1,1,0,0,0.008631999604403973,0.07687118053868555,1152
grouped_conv_forward_bf16_2d_64x64x128_compv5,150,1,288,1152,1,1,1,1,1,1,1,0,0,0.008628000505268574,0.07690681051708455,1152
grouped_conv_forward_bf16_2d_128x64x128_compv3,150,1,288,1152,1,1,1,1,1,1,1,0,0,0.010276000015437603,0.06457298550050096,1152
grouped_conv_forward_bf16_2d_128x64x128_compv4,150,1,288,1152,1,1,1,1,1,1,1,0,0,0.00861200038343668,0.0770496946651557,1152
grouped_conv_forward_bf16_2d_128x64x128_compv5,150,1,288,1152,1,1,1,1,1,1,1,0,0,0.010867999866604805,0.06105557675234823,1152
grouped_conv_forward_bf16_2d_16x64x64_compv3,151,2,640,320,1,96,96,1,1,1,1,0,0,0.05698419734835625,132.48843629132523,5898240
grouped_conv_forward_bf16_2d_16x64x64_compv4,151,2,640,320,1,96,96,1,1,1,1,0,0,0.06441240012645721,117.20953085396614,5898164
grouped_conv_forward_bf16_2d_16x64x64_compv5,151,2,640,320,1,96,96,1,1,1,1,0,0,0.05708039924502373,132.26514354939778,5898240
grouped_conv_forward_bf16_2d_32x64x64_compv3,151,2,640,320,1,96,96,1,1,1,1,0,0,0.049312300980091095,153.1006878597709,5897936
grouped_conv_forward_bf16_2d_32x64x64_compv4,151,2,640,320,1,96,96,1,1,1,1,0,0,0.05552840232849121,135.96190207918661,5898096
grouped_conv_forward_bf16_2d_32x64x64_compv5,151,2,640,320,1,96,96,1,1,1,1,0,0,0.049184300005435944,153.49912877006662,5897984
grouped_conv_forward_bf16_2d_64x64x64_compv3,151,2,640,320,1,96,96,1,1,1,1,0,0,0.04082430154085159,184.93267282099623,5898240
grouped_conv_forward_bf16_2d_64x64x64_compv4,151,2,640,320,1,96,96,1,1,1,1,0,0,0.06766049563884735,111.5827947861692,5893888
grouped_conv_forward_bf16_2d_64x64x64_compv5,151,2,640,320,1,96,96,1,1,1,1,0,0,0.04086429998278618,184.75165861596264,5898096
grouped_conv_forward_bf16_2d_32x128x64_compv3,151,2,640,320,1,96,96,1,1,1,1,0,0,0.04263629764318466,177.07323612341875,5897760
grouped_conv_forward_bf16_2d_32x128x64_compv4,151,2,640,320,1,96,96,1,1,1,1,0,0,0.05524040013551712,136.6707551262984,5897896
grouped_conv_forward_bf16_2d_32x128x64_compv5,151,2,640,320,1,96,96,1,1,1,1,0,0,0.04269630089402199,176.8243862328846,5897528
grouped_conv_forward_bf16_2d_64x128x64_compv3,151,2,640,320,1,96,96,1,1,1,1,0,0,0.039280302822589874,192.2018583741209,5893140
grouped_conv_forward_bf16_2d_64x128x64_compv4,151,2,640,320,1,96,96,1,1,1,1,0,0,0.06772050261497498,111.48392153738284,5894136
grouped_conv_forward_bf16_2d_64x128x64_compv5,151,2,640,320,1,96,96,1,1,1,1,0,0,0.03844029828906059,196.40188905996393,5894564
grouped_conv_forward_bf16_2d_128x128x64_compv3,151,2,640,320,1,96,96,1,1,1,1,0,0,0.03666029870510101,205.93796195527202,5893368
grouped_conv_forward_bf16_2d_128x128x64_compv4,151,2,640,320,1,96,96,1,1,1,1,0,0,0.06755650043487549,111.75456323818848,5894336
grouped_conv_forward_bf16_2d_128x128x64_compv5,151,2,640,320,1,96,96,1,1,1,1,0,0,0.036920301616191864,204.48769022756204,5894316
grouped_conv_forward_bf16_2d_16x64x128_compv3,151,2,640,320,1,96,96,1,1,1,1,0,0,0.05372040346264839,140.53779780803978,5898152
grouped_conv_forward_bf16_2d_16x64x128_compv4,151,2,640,320,1,96,96,1,1,1,1,0,0,0.06412850320339203,117.72841751903952,5897836
grouped_conv_forward_bf16_2d_16x64x128_compv5,151,2,640,320,1,96,96,1,1,1,1,0,0,0.05336020141839981,141.4864824216476,5898048
grouped_conv_forward_bf16_2d_32x64x128_compv3,151,2,640,320,1,96,96,1,1,1,1,0,0,0.04312419891357422,175.06985382222518,5897620
grouped_conv_forward_bf16_2d_32x64x128_compv4,151,2,640,320,1,96,96,1,1,1,1,0,0,0.05544840171933174,136.15806706594083,5897184
grouped_conv_forward_bf16_2d_32x64x128_compv5,151,2,640,320,1,96,96,1,1,1,1,0,0,0.043052300810813904,175.36222357025923,5897128
grouped_conv_forward_bf16_2d_64x64x128_compv3,151,2,640,320,1,96,96,1,1,1,1,0,0,0.039628300815820694,190.5140277169274,5896256
grouped_conv_forward_bf16_2d_64x64x128_compv4,151,2,640,320,1,96,96,1,1,1,1,0,0,0.06888850033283234,109.59372266087468,5893992
grouped_conv_forward_bf16_2d_64x64x128_compv5,151,2,640,320,1,96,96,1,1,1,1,0,0,0.03974030166864395,189.9770983861688,5896704
grouped_conv_forward_bf16_2d_128x64x128_compv3,151,2,640,320,1,96,96,1,1,1,1,0,0,0.03861229866743088,195.52700721151686,5891968
grouped_conv_forward_bf16_2d_128x64x128_compv4,151,2,640,320,1,96,96,1,1,1,1,0,0,0.0676644966006279,111.57619696131665,5893424
grouped_conv_forward_bf16_2d_128x64x128_compv5,151,2,640,320,1,96,96,1,1,1,1,0,0,0.03810429945588112,198.13373576757235,5886776
grouped_conv_forward_bf16_2d_16x64x64_compv3,152,1,864,240,1,7,7,1,1,1,1,0,0,0.011615999974310398,1.7494214914722745,11760
grouped_conv_forward_bf16_2d_16x64x64_compv4,152,1,864,240,1,7,7,1,1,1,1,0,0,0.010064000263810158,2.019205034510453,11760
grouped_conv_forward_bf16_2d_16x64x64_compv5,152,1,864,240,1,7,7,1,1,1,1,0,0,0.01159599982202053,1.752438798887386,11760
grouped_conv_forward_bf16_2d_32x64x64_compv3,152,1,864,240,1,7,7,1,1,1,1,0,0,0.0142881004139781,1.4222520426941863,11760
grouped_conv_forward_bf16_2d_32x64x64_compv4,152,1,864,240,1,7,7,1,1,1,1,0,0,0.011615999974310398,1.7494214914722745,11760
grouped_conv_forward_bf16_2d_32x64x64_compv5,152,1,864,240,1,7,7,1,1,1,1,0,0,0.01422799937427044,1.428259832281726,11760
grouped_conv_forward_bf16_2d_64x64x64_compv3,152,1,864,240,1,7,7,1,1,1,1,0,0,0.01735610142350197,1.1708435842903564,11760
grouped_conv_forward_bf16_2d_64x64x64_compv4,152,1,864,240,1,7,7,1,1,1,1,0,0,0.015964100137352943,1.2729361395354875,11760
grouped_conv_forward_bf16_2d_64x64x64_compv5,152,1,864,240,1,7,7,1,1,1,1,0,0,0.017372099682688713,1.169765334713693,11760
grouped_conv_forward_bf16_2d_32x128x64_compv3,152,1,864,240,1,7,7,1,1,1,1,0,0,0.016683999449014664,1.2180101097522003,11760
grouped_conv_forward_bf16_2d_32x128x64_compv4,152,1,864,240,1,7,7,1,1,1,1,0,0,0.011587999761104584,1.753648638154869,11760
grouped_conv_forward_bf16_2d_32x128x64_compv5,152,1,864,240,1,7,7,1,1,1,1,0,0,0.016575999557971954,1.2259459786379407,11760
grouped_conv_forward_bf16_2d_64x128x64_compv3,152,1,864,240,1,7,7,1,1,1,1,0,0,0.019564099609851837,1.038702542168967,11760
grouped_conv_forward_bf16_2d_64x128x64_compv4,152,1,864,240,1,7,7,1,1,1,1,0,0,0.016284100711345673,1.247921537714483,11760
grouped_conv_forward_bf16_2d_64x128x64_compv5,152,1,864,240,1,7,7,1,1,1,1,0,0,0.019404100254178047,1.0472673163819832,11760
grouped_conv_forward_bf16_2d_128x128x64_compv3,152,1,864,240,1,7,7,1,1,1,1,0,0,0.01928810030221939,1.053565653516522,11760
grouped_conv_forward_bf16_2d_128x128x64_compv4,152,1,864,240,1,7,7,1,1,1,1,0,0,0.01589209958910942,1.278703288137322,11760
grouped_conv_forward_bf16_2d_128x128x64_compv5,152,1,864,240,1,7,7,1,1,1,1,0,0,0.019228098914027214,1.0568533109206804,11760
grouped_conv_forward_bf16_2d_16x64x128_compv3,152,1,864,240,1,7,7,1,1,1,1,0,0,0.009480000473558903,2.143594829628859,11760
grouped_conv_forward_bf16_2d_16x64x128_compv4,152,1,864,240,1,7,7,1,1,1,1,0,0,0.009344000369310379,2.174794434591807,11760
grouped_conv_forward_bf16_2d_16x64x128_compv5,152,1,864,240,1,7,7,1,1,1,1,0,0,0.00952799990773201,2.132795990427036,11760
grouped_conv_forward_bf16_2d_32x64x128_compv3,152,1,864,240,1,7,7,1,1,1,1,0,0,0.011052099987864494,1.8386804337920681,11760
grouped_conv_forward_bf16_2d_32x64x128_compv4,152,1,864,240,1,7,7,1,1,1,1,0,0,0.01163609977811575,1.7463996001665993,11760
grouped_conv_forward_bf16_2d_32x64x128_compv5,152,1,864,240,1,7,7,1,1,1,1,0,0,0.010980100370943546,1.8507371803062802,11760
grouped_conv_forward_bf16_2d_64x64x128_compv3,152,1,864,240,1,7,7,1,1,1,1,0,0,0.014151999726891518,1.4359299316114078,11760
grouped_conv_forward_bf16_2d_64x64x128_compv4,152,1,864,240,1,7,7,1,1,1,1,0,0,0.01599999889731407,1.270080087531215,11760
grouped_conv_forward_bf16_2d_64x64x128_compv5,152,1,864,240,1,7,7,1,1,1,1,0,0,0.014232100918889046,1.4278482225367943,11760
grouped_conv_forward_bf16_2d_128x64x128_compv3,152,1,864,240,1,7,7,1,1,1,1,0,0,0.014076000079512596,1.4436828562950432,11760
grouped_conv_forward_bf16_2d_128x64x128_compv4,152,1,864,240,1,7,7,1,1,1,1,0,0,0.015928100794553757,1.2758131218599764,11760
grouped_conv_forward_bf16_2d_128x64x128_compv5,152,1,864,240,1,7,7,1,1,1,1,0,0,0.014004099182784557,1.4510951211329068,11760
grouped_conv_forward_bf16_2d_16x64x64_compv3,154,1,256,208,1,512,512,1,1,1,1,0,0,0.3023456931114197,92.33565438523377,54513808
grouped_conv_forward_bf16_2d_16x64x64_compv4,154,1,256,208,1,512,512,1,1,1,1,0,0,0.32404249906539917,86.15316665103751,54485728
grouped_conv_forward_bf16_2d_16x64x64_compv5,154,1,256,208,1,512,512,1,1,1,1,0,0,0.30395838618278503,91.84575485675849,54518080
grouped_conv_forward_bf16_2d_32x64x64_compv3,154,1,256,208,1,512,512,1,1,1,1,0,0,0.2358139008283615,118.38694549359818,54492016
grouped_conv_forward_bf16_2d_32x64x64_compv4,154,1,256,208,1,512,512,1,1,1,1,0,0,0.276570200920105,100.94105341473389,54488640
grouped_conv_forward_bf16_2d_32x64x64_compv5,154,1,256,208,1,512,512,1,1,1,1,0,0,0.23739390075206757,117.59900880164822,54489248
grouped_conv_forward_bf16_2d_64x64x64_compv3,154,1,256,208,1,512,512,1,1,1,1,0,0,0.19150960445404053,145.77486859516614,54498560
grouped_conv_forward_bf16_2d_64x64x64_compv4,154,1,256,208,1,512,512,1,1,1,1,0,0,0.35498690605163574,78.643146967058,54478496
grouped_conv_forward_bf16_2d_64x64x64_compv5,154,1,256,208,1,512,512,1,1,1,1,0,0,0.19167360663414001,145.65013887012393,54489856
grouped_conv_forward_bf16_2d_32x128x64_compv3,154,1,256,208,1,512,512,1,1,1,1,0,0,0.17078140377998352,163.46795849017406,54519432
grouped_conv_forward_bf16_2d_32x128x64_compv4,154,1,256,208,1,512,512,1,1,1,1,0,0,0.2793982923030853,99.91932017149168,54492064
grouped_conv_forward_bf16_2d_32x128x64_compv5,154,1,256,208,1,512,512,1,1,1,1,0,0,0.17262940108776093,161.7180344025377,54518812
grouped_conv_forward_bf16_2d_64x128x64_compv3,154,1,256,208,1,512,512,1,1,1,1,0,0,0.15338119864463806,182.01244787948423,54505319
grouped_conv_forward_bf16_2d_64x128x64_compv4,154,1,256,208,1,512,512,1,1,1,1,0,0,0.354018896818161,78.85818433680814,54477432
grouped_conv_forward_bf16_2d_64x128x64_compv5,154,1,256,208,1,512,512,1,1,1,1,0,0,0.15168119966983795,184.05239070344325,54505261
grouped_conv_forward_bf16_2d_128x128x64_compv3,154,1,256,208,1,512,512,1,1,1,1,0,0,0.15443730354309082,180.76777296367757,54435760
grouped_conv_forward_bf16_2d_128x128x64_compv4,154,1,256,208,1,512,512,1,1,1,1,0,0,0.3541908860206604,78.81989211425262,54478064
grouped_conv_forward_bf16_2d_128x128x64_compv5,154,1,256,208,1,512,512,1,1,1,1,0,0,0.1535373032093048,181.8273920438908,54428224
grouped_conv_forward_bf16_2d_16x64x128_compv3,154,1,256,208,1,512,512,1,1,1,1,0,0,0.25853410363197327,107.98299733694178,54498116
grouped_conv_forward_bf16_2d_16x64x128_compv4,154,1,256,208,1,512,512,1,1,1,1,0,0,0.31888657808303833,87.5461350296478,54483284
grouped_conv_forward_bf16_2d_16x64x128_compv5,154,1,256,208,1,512,512,1,1,1,1,0,0,0.24929741024971008,111.9838645577445,54501500
grouped_conv_forward_bf16_2d_32x64x128_compv3,154,1,256,208,1,512,512,1,1,1,1,0,0,0.18750950694084167,148.8846505943177,54490232
grouped_conv_forward_bf16_2d_32x64x128_compv4,154,1,256,208,1,512,512,1,1,1,1,0,0,0.27667421102523804,100.90310665584008,54484112
grouped_conv_forward_bf16_2d_32x64x128_compv5,154,1,256,208,1,512,512,1,1,1,1,0,0,0.1932736039161682,144.44438794709407,54488812
grouped_conv_forward_bf16_2d_64x64x128_compv3,154,1,256,208,1,512,512,1,1,1,1,0,0,0.17682139575481415,157.88410279664882,54488400
grouped_conv_forward_bf16_2d_64x64x128_compv4,154,1,256,208,1,512,512,1,1,1,1,0,0,0.35387489199638367,78.89027465753432,54480136
grouped_conv_forward_bf16_2d_64x64x128_compv5,154,1,256,208,1,512,512,1,1,1,1,0,0,0.17874149978160858,156.1880562606341,54489896
grouped_conv_forward_bf16_2d_128x64x128_compv3,154,1,256,208,1,512,512,1,1,1,1,0,0,0.1930336058139801,144.62397522068224,54386200
grouped_conv_forward_bf16_2d_128x64x128_compv4,154,1,256,208,1,512,512,1,1,1,1,0,0,0.35620301961898804,78.37465121396691,54477112
grouped_conv_forward_bf16_2d_128x64x128_compv5,154,1,256,208,1,512,512,1,1,1,1,0,0,0.19325760006904602,144.45634952532714,54390848
grouped_conv_forward_bf16_2d_16x64x64_compv3,155,4,128,256,1,4,16,1,1,1,1,0,0,0.004224000032991171,3.9718787568567873,65536
grouped_conv_forward_bf16_2d_16x64x64_compv4,155,4,128,256,1,4,16,1,1,1,1,0,0,0.004619999788701534,3.6314322007177604,65024
grouped_conv_forward_bf16_2d_16x64x64_compv5,155,4,128,256,1,4,16,1,1,1,1,0,0,0.004100100137293339,4.091903962881111,65536
grouped_conv_forward_bf16_2d_32x64x64_compv3,155,4,128,256,1,4,16,1,1,1,1,0,0,0.004900000058114529,3.423921592044982,65536
grouped_conv_forward_bf16_2d_32x64x64_compv4,155,4,128,256,1,4,16,1,1,1,1,0,0,0.005375999957323074,3.1207619295358118,65536
grouped_conv_forward_bf16_2d_32x64x64_compv5,155,4,128,256,1,4,16,1,1,1,1,0,0,0.004643999971449375,3.6126649662239108,65536
grouped_conv_forward_bf16_2d_64x64x64_compv3,155,4,128,256,1,4,16,1,1,1,1,0,0,0.005792099982500076,2.8965687834619107,65536
grouped_conv_forward_bf16_2d_64x64x64_compv4,155,4,128,256,1,4,16,1,1,1,1,0,0,0.006819999776780605,2.460002426557222,65536
grouped_conv_forward_bf16_2d_64x64x64_compv5,155,4,128,256,1,4,16,1,1,1,1,0,0,0.0058200000785291195,2.882683122616054,65536
grouped_conv_forward_bf16_2d_32x128x64_compv3,155,4,128,256,1,4,16,1,1,1,1,0,0,0.00517209991812706,3.2437919347226045,65536
grouped_conv_forward_bf16_2d_32x128x64_compv4,155,4,128,256,1,4,16,1,1,1,1,0,0,0.005916000343859196,2.835905176613916,65024
grouped_conv_forward_bf16_2d_32x128x64_compv5,155,4,128,256,1,4,16,1,1,1,1,0,0,0.0052720000967383385,3.1823246760522,65536
grouped_conv_forward_bf16_2d_64x128x64_compv3,155,4,128,256,1,4,16,1,1,1,1,0,0,0.006504099816083908,2.579483168218272,65536
grouped_conv_forward_bf16_2d_64x128x64_compv4,155,4,128,256,1,4,16,1,1,1,1,0,0,0.007240000180900097,2.317294969723911,65536
grouped_conv_forward_bf16_2d_64x128x64_compv5,155,4,128,256,1,4,16,1,1,1,1,0,0,0.006679999642074108,2.5115594160108,65536
grouped_conv_forward_bf16_2d_128x128x64_compv3,155,4,128,256,1,4,16,1,1,1,1,0,0,0.007128000259399414,2.3537058627174634,65536
grouped_conv_forward_bf16_2d_128x128x64_compv4,155,4,128,256,1,4,16,1,1,1,1,0,0,0.006812000181525946,2.462891302542767,65536
grouped_conv_forward_bf16_2d_128x128x64_compv5,155,4,128,256,1,4,16,1,1,1,1,0,0,0.007108000107109547,2.3603286082141635,65536
grouped_conv_forward_bf16_2d_16x64x128_compv3,155,4,128,256,1,4,16,1,1,1,1,0,0,0.00430000014603138,3.901678007030832,65536
grouped_conv_forward_bf16_2d_16x64x128_compv4,155,4,128,256,1,4,16,1,1,1,1,0,0,0.004695999901741743,3.572661062828673,65536
grouped_conv_forward_bf16_2d_16x64x128_compv5,155,4,128,256,1,4,16,1,1,1,1,0,0,0.0039519998244941235,4.2452471520915545,65280
grouped_conv_forward_bf16_2d_32x64x128_compv3,155,4,128,256,1,4,16,1,1,1,1,0,0,0.004536000080406666,3.6986807104500476,65536
grouped_conv_forward_bf16_2d_32x64x128_compv4,155,4,128,256,1,4,16,1,1,1,1,0,0,0.005652000196278095,2.96836790824034,65536
grouped_conv_forward_bf16_2d_32x64x128_compv5,155,4,128,256,1,4,16,1,1,1,1,0,0,0.004695999901741743,3.572661062828673,65536
grouped_conv_forward_bf16_2d_64x64x128_compv3,155,4,128,256,1,4,16,1,1,1,1,0,0,0.005512100178748369,3.043706655529181,65536
grouped_conv_forward_bf16_2d_64x64x128_compv4,155,4,128,256,1,4,16,1,1,1,1,0,0,0.006784000433981419,2.4730564455689055,65536
grouped_conv_forward_bf16_2d_64x64x128_compv5,155,4,128,256,1,4,16,1,1,1,1,0,0,0.005476099904626608,3.063716201712351,65536
grouped_conv_forward_bf16_2d_128x64x128_compv3,155,4,128,256,1,4,16,1,1,1,1,0,0,0.006295999977737665,2.6647420678722016,65536
grouped_conv_forward_bf16_2d_128x64x128_compv4,155,4,128,256,1,4,16,1,1,1,1,0,0,0.006796000059694052,2.468689795855489,65536
grouped_conv_forward_bf16_2d_128x64x128_compv5,155,4,128,256,1,4,16,1,1,1,1,0,0,0.0065160999074578285,2.5747327754748026,65536
grouped_conv_forward_bf16_2d_16x64x64_compv3,158,1,1024,1024,1,128,128,1,1,1,1,0,0,0.23594930768013,145.62339133700937,16777216
grouped_conv_forward_bf16_2d_16x64x64_compv4,158,1,1024,1024,1,128,128,1,1,1,1,0,0,0.27036991715431213,127.08417685533176,16772944
grouped_conv_forward_bf16_2d_16x64x64_compv5,158,1,1024,1024,1,128,128,1,1,1,1,0,0,0.24554988741874695,139.92976632648518,16776704
grouped_conv_forward_bf16_2d_32x64x64_compv3,158,1,1024,1024,1,128,128,1,1,1,1,0,0,0.18530139327049255,185.4262278419223,16774279
grouped_conv_forward_bf16_2d_32x64x64_compv4,158,1,1024,1024,1,128,128,1,1,1,1,0,0,0.22508978843688965,152.6490322222402,16775256
grouped_conv_forward_bf16_2d_32x64x64_compv5,158,1,1024,1024,1,128,128,1,1,1,1,0,0,0.18767349421977997,183.0825312378003,16776366
grouped_conv_forward_bf16_2d_64x64x64_compv3,158,1,1024,1024,1,128,128,1,1,1,1,0,0,0.1513971984386444,226.95095234489898,16776192
grouped_conv_forward_bf16_2d_64x64x64_compv4,158,1,1024,1024,1,128,128,1,1,1,1,0,0,0.28344231843948364,121.22303598548915,16765952
grouped_conv_forward_bf16_2d_64x64x64_compv5,158,1,1024,1024,1,128,128,1,1,1,1,0,0,0.15003320574760437,229.01422519626882,16777216
grouped_conv_forward_bf16_2d_32x128x64_compv3,158,1,1024,1024,1,128,128,1,1,1,1,0,0,0.13753309845924377,249.82886849002446,16777216
grouped_conv_forward_bf16_2d_32x128x64_compv4,158,1,1024,1024,1,128,128,1,1,1,1,0,0,0.22210979461669922,154.69708766016157,16770528
grouped_conv_forward_bf16_2d_32x128x64_compv5,158,1,1024,1024,1,128,128,1,1,1,1,0,0,0.13565310835838318,253.29119829104613,16777216
grouped_conv_forward_bf16_2d_64x128x64_compv3,158,1,1024,1024,1,128,128,1,1,1,1,0,0,0.11129289865493774,308.7325317541773,16775872
grouped_conv_forward_bf16_2d_64x128x64_compv4,158,1,1024,1024,1,128,128,1,1,1,1,0,0,0.28286629915237427,121.46989044280285,16766976
grouped_conv_forward_bf16_2d_64x128x64_compv5,158,1,1024,1024,1,128,128,1,1,1,1,0,0,0.11160490661859512,307.86942446377293,16776576
grouped_conv_forward_bf16_2d_128x128x64_compv3,158,1,1024,1024,1,128,128,1,1,1,1,0,0,0.10595680773258209,324.28061115920406,16767232
grouped_conv_forward_bf16_2d_128x128x64_compv4,158,1,1024,1024,1,128,128,1,1,1,1,0,0,0.2831982970237732,121.32748935674446,16766720
grouped_conv_forward_bf16_2d_128x128x64_compv5,158,1,1024,1024,1,128,128,1,1,1,1,0,0,0.10585279762744904,324.5992466720602,16766304
grouped_conv_forward_bf16_2d_16x64x128_compv3,158,1,1024,1024,1,128,128,1,1,1,1,0,0,0.21763379871845245,157.87868690584386,16777200
grouped_conv_forward_bf16_2d_16x64x128_compv4,158,1,1024,1024,1,128,128,1,1,1,1,0,0,0.2619940936565399,131.1469960580247,16775872
grouped_conv_forward_bf16_2d_16x64x128_compv5,158,1,1024,1024,1,128,128,1,1,1,1,0,0,0.21255679428577423,161.64968277515837,16776120
grouped_conv_forward_bf16_2d_32x64x128_compv3,158,1,1024,1024,1,128,128,1,1,1,1,0,0,0.16003300249576569,214.70407873469176,16772600
grouped_conv_forward_bf16_2d_32x64x128_compv4,158,1,1024,1024,1,128,128,1,1,1,1,0,0,0.22189751267433167,154.84508119939198,16775968
grouped_conv_forward_bf16_2d_32x64x128_compv5,158,1,1024,1024,1,128,128,1,1,1,1,0,0,0.16024109721183777,214.42525647822188,16774440
grouped_conv_forward_bf16_2d_64x64x128_compv3,158,1,1024,1024,1,128,128,1,1,1,1,0,0,0.14454498887062073,237.70964760843214,16774576
grouped_conv_forward_bf16_2d_64x64x128_compv4,158,1,1024,1024,1,128,128,1,1,1,1,0,0,0.28372618556022644,121.10175273443865,16766720
grouped_conv_forward_bf16_2d_64x64x128_compv5,158,1,1024,1024,1,128,128,1,1,1,1,0,0,0.1458331048488617,235.61000366555794,16772208
grouped_conv_forward_bf16_2d_128x64x128_compv3,158,1,1024,1024,1,128,128,1,1,1,1,0,0,0.1378650963306427,249.22724665273384,16760000
grouped_conv_forward_bf16_2d_128x64x128_compv4,158,1,1024,1024,1,128,128,1,1,1,1,0,0,0.28324219584465027,121.30868518914205,16765952
grouped_conv_forward_bf16_2d_128x64x128_compv5,158,1,1024,1024,1,128,128,1,1,1,1,0,0,0.13766510784626007,249.58930338667835,16761024
grouped_conv_forward_bf16_2d_16x64x64_compv3,159,4,384,1088,1,12,12,1,1,1,1,0,0,0.009432000108063221,51.02802994971869,626688
grouped_conv_forward_bf16_2d_16x64x64_compv4,159,4,384,1088,1,12,12,1,1,1,1,0,0,0.00810409989207983,59.3892462345353,626688
grouped_conv_forward_bf16_2d_16x64x64_compv5,159,4,384,1088,1,12,12,1,1,1,1,0,0,0.009412100538611412,51.1359161566082,626688
grouped_conv_forward_bf16_2d_32x64x64_compv3,159,4,384,1088,1,12,12,1,1,1,1,0,0,0.010312000289559364,46.673426152567146,626688
grouped_conv_forward_bf16_2d_32x64x64_compv4,159,4,384,1088,1,12,12,1,1,1,1,0,0,0.008452000096440315,56.94467327357285,626688
grouped_conv_forward_bf16_2d_32x64x64_compv5,159,4,384,1088,1,12,12,1,1,1,1,0,0,0.009712000377476215,49.55687451538906,625664
grouped_conv_forward_bf16_2d_64x64x64_compv3,159,4,384,1088,1,12,12,1,1,1,1,0,0,0.010272099636495113,46.85472308796846,626688
grouped_conv_forward_bf16_2d_64x64x64_compv4,159,4,384,1088,1,12,12,1,1,1,1,0,0,0.009196099825203419,52.33701168411943,626688
grouped_conv_forward_bf16_2d_64x64x64_compv5,159,4,384,1088,1,12,12,1,1,1,1,0,0,0.01040400005877018,46.26070562103518,626688
grouped_conv_forward_bf16_2d_32x128x64_compv3,159,4,384,1088,1,12,12,1,1,1,1,0,0,0.009908100590109825,48.57604942772035,626688
grouped_conv_forward_bf16_2d_32x128x64_compv4,159,4,384,1088,1,12,12,1,1,1,1,0,0,0.008403999730944633,57.26991901579951,626432
grouped_conv_forward_bf16_2d_32x128x64_compv5,159,4,384,1088,1,12,12,1,1,1,1,0,0,0.009612100198864937,50.071927470838766,626688
grouped_conv_forward_bf16_2d_64x128x64_compv3,159,4,384,1088,1,12,12,1,1,1,1,0,0,0.011367999948561192,42.33782425913153,626688
grouped_conv_forward_bf16_2d_64x128x64_compv4,159,4,384,1088,1,12,12,1,1,1,1,0,0,0.009204099886119366,52.29152116502337,626688
grouped_conv_forward_bf16_2d_64x128x64_compv5,159,4,384,1088,1,12,12,1,1,1,1,0,0,0.011356099508702755,42.382191493757006,626688
grouped_conv_forward_bf16_2d_128x128x64_compv3,159,4,384,1088,1,12,12,1,1,1,1,0,0,0.012555999681353569,38.33198440700462,626688
grouped_conv_forward_bf16_2d_128x128x64_compv4,159,4,384,1088,1,12,12,1,1,1,1,0,0,0.009216000325977802,52.22399815279252,626688
grouped_conv_forward_bf16_2d_128x128x64_compv5,159,4,384,1088,1,12,12,1,1,1,1,0,0,0.012532100081443787,38.405086208388404,626688
grouped_conv_forward_bf16_2d_16x64x128_compv3,159,4,384,1088,1,12,12,1,1,1,1,0,0,0.008100000210106373,59.41930512538584,626432
grouped_conv_forward_bf16_2d_16x64x128_compv4,159,4,384,1088,1,12,12,1,1,1,1,0,0,0.008108099922537804,59.359947287052684,626176
grouped_conv_forward_bf16_2d_16x64x128_compv5,159,4,384,1088,1,12,12,1,1,1,1,0,0,0.007964000105857849,60.43400020122887,626560
grouped_conv_forward_bf16_2d_32x64x128_compv3,159,4,384,1088,1,12,12,1,1,1,1,0,0,0.008628100156784058,55.78242895355923,626688
grouped_conv_forward_bf16_2d_32x64x128_compv4,159,4,384,1088,1,12,12,1,1,1,1,0,0,0.008324000053107738,57.82032447492712,626240
grouped_conv_forward_bf16_2d_32x64x128_compv5,159,4,384,1088,1,12,12,1,1,1,1,0,0,0.008104000240564346,59.389976519359465,626688
grouped_conv_forward_bf16_2d_64x64x128_compv3,159,4,384,1088,1,12,12,1,1,1,1,0,0,0.009019999764859676,53.35880227791641,626688
grouped_conv_forward_bf16_2d_64x64x128_compv4,159,4,384,1088,1,12,12,1,1,1,1,0,0,0.009064000099897385,53.0997769964112,626688
grouped_conv_forward_bf16_2d_64x64x128_compv5,159,4,384,1088,1,12,12,1,1,1,1,0,0,0.008928099647164345,53.908043483012044,626688
grouped_conv_forward_bf16_2d_128x64x128_compv3,159,4,384,1088,1,12,12,1,1,1,1,0,0,0.010360000655055046,46.45717698532739,626688
grouped_conv_forward_bf16_2d_128x64x128_compv4,159,4,384,1088,1,12,12,1,1,1,1,0,0,0.008919999934732914,53.95699411677307,626688
grouped_conv_forward_bf16_2d_128x64x128_compv5,159,4,384,1088,1,12,12,1,1,1,1,0,0,0.009956100024282932,48.34185904381413,626688
grouped_conv_forward_bf16_2d_16x64x64_compv3,160,4,64,64,1,28,28,3,3,1,1,1,1,0.008247999474406242,28.03237424025714,200476
grouped_conv_forward_bf16_2d_16x64x64_compv4,160,4,64,64,1,28,28,3,3,1,1,1,1,0.007300099823623896,31.672307719926884,200704
grouped_conv_forward_bf16_2d_16x64x64_compv5,160,4,64,64,1,28,28,3,3,1,1,1,1,0.008299999870359898,27.856748386909846,200704
grouped_conv_forward_bf16_2d_32x64x64_compv3,160,4,64,64,1,28,28,3,3,1,1,1,1,0.01017600018531084,22.7212071334035,200704
grouped_conv_forward_bf16_2d_32x64x64_compv4,160,4,64,64,1,28,28,3,3,1,1,1,1,0.009619999676942825,24.034409123127684,200704
grouped_conv_forward_bf16_2d_32x64x64_compv5,160,4,64,64,1,28,28,3,3,1,1,1,1,0.010212100110948086,22.64088732856483,200704
grouped_conv_forward_bf16_2d_64x64x64_compv3,160,4,64,64,1,28,28,3,3,1,1,1,1,0.012959999963641167,17.840355605606057,200704
grouped_conv_forward_bf16_2d_64x64x64_compv4,160,4,64,64,1,28,28,3,3,1,1,1,1,0.012356000021100044,18.71244800948256,200704
grouped_conv_forward_bf16_2d_64x64x64_compv5,160,4,64,64,1,28,28,3,3,1,1,1,1,0.012744100764393806,18.142591013246584,200704
grouped_conv_forward_bf16_2d_32x128x64_compv3,160,4,64,64,1,28,28,3,3,1,1,1,1,0.011748000048100948,19.68088245261584,200704
grouped_conv_forward_bf16_2d_32x128x64_compv4,160,4,64,64,1,28,28,3,3,1,1,1,1,0.009476100094616413,24.399384313316425,200704
grouped_conv_forward_bf16_2d_32x128x64_compv5,160,4,64,64,1,28,28,3,3,1,1,1,1,0.011668000370264053,19.815821105837657,200704
grouped_conv_forward_bf16_2d_64x128x64_compv3,160,4,64,64,1,28,28,3,3,1,1,1,1,0.01442400086671114,16.02960303015561,200704
grouped_conv_forward_bf16_2d_64x128x64_compv4,160,4,64,64,1,28,28,3,3,1,1,1,1,0.012304099276661873,18.791380238499507,200704
grouped_conv_forward_bf16_2d_64x128x64_compv5,160,4,64,64,1,28,28,3,3,1,1,1,1,0.015144099481403828,15.267398915591857,200704
grouped_conv_forward_bf16_2d_128x128x64_compv3,160,4,64,64,1,28,28,3,3,1,1,1,1,0.014120100066065788,16.374601236407607,200704
grouped_conv_forward_bf16_2d_128x128x64_compv4,160,4,64,64,1,28,28,3,3,1,1,1,1,0.012380099855363369,18.676021251947624,200704
grouped_conv_forward_bf16_2d_128x128x64_compv5,160,4,64,64,1,28,28,3,3,1,1,1,1,0.014208100736141205,16.273181918809712,200704
grouped_conv_forward_bf16_2d_16x64x128_compv3,160,4,64,64,1,28,28,3,3,1,1,1,1,0.007664000149816275,30.16845034972275,200692
grouped_conv_forward_bf16_2d_16x64x128_compv4,160,4,64,64,1,28,28,3,3,1,1,1,1,0.007428099866956472,31.126534664474626,200664
grouped_conv_forward_bf16_2d_16x64x128_compv5,160,4,64,64,1,28,28,3,3,1,1,1,1,0.007432000245898962,31.110199185957253,200704
grouped_conv_forward_bf16_2d_32x64x128_compv3,160,4,64,64,1,28,28,3,3,1,1,1,1,0.008884100243449211,26.02525879539529,200704
grouped_conv_forward_bf16_2d_32x64x128_compv4,160,4,64,64,1,28,28,3,3,1,1,1,1,0.008828000165522099,26.19064382248184,200704
grouped_conv_forward_bf16_2d_32x64x128_compv5,160,4,64,64,1,28,28,3,3,1,1,1,1,0.008727999404072762,26.490722248687323,200704
grouped_conv_forward_bf16_2d_64x64x128_compv3,160,4,64,64,1,28,28,3,3,1,1,1,1,0.011484099552035332,20.133142085051187,200704
grouped_conv_forward_bf16_2d_64x64x128_compv4,160,4,64,64,1,28,28,3,3,1,1,1,1,0.012463999912142754,18.550305650656192,200704
grouped_conv_forward_bf16_2d_64x64x128_compv5,160,4,64,64,1,28,28,3,3,1,1,1,1,0.011432100087404251,20.224718663436605,200704
grouped_conv_forward_bf16_2d_128x64x128_compv3,160,4,64,64,1,28,28,3,3,1,1,1,1,0.011740099638700485,19.694126550496023,200704
grouped_conv_forward_bf16_2d_128x64x128_compv4,160,4,64,64,1,28,28,3,3,1,1,1,1,0.012424100190401077,18.609879545130745,200704
grouped_conv_forward_bf16_2d_128x64x128_compv5,160,4,64,64,1,28,28,3,3,1,1,1,1,0.011632000096142292,19.87714976693305,200704
grouped_conv_forward_bf16_2d_16x64x64_compv3,161,1,384,1680,1,14,14,1,1,1,1,0,0,0.007972000166773796,31.72190600973624,329280
grouped_conv_forward_bf16_2d_16x64x64_compv4,161,1,384,1680,1,14,14,1,1,1,1,0,0,0.007075999863445759,35.73870052010615,329280
grouped_conv_forward_bf16_2d_16x64x64_compv5,161,1,384,1680,1,14,14,1,1,1,1,0,0,0.007780099753290415,32.504344162560024,329280
grouped_conv_forward_bf16_2d_32x64x64_compv3,161,1,384,1680,1,14,14,1,1,1,1,0,0,0.009111999534070492,27.753188425266618,328832
grouped_conv_forward_bf16_2d_32x64x64_compv4,161,1,384,1680,1,14,14,1,1,1,1,0,0,0.006712100002914667,37.67629205318546,329280
grouped_conv_forward_bf16_2d_32x64x64_compv5,161,1,384,1680,1,14,14,1,1,1,1,0,0,0.008208000101149082,30.80982418172692,328768
grouped_conv_forward_bf16_2d_64x64x64_compv3,161,1,384,1680,1,14,14,1,1,1,1,0,0,0.010260099545121193,24.647620511659753,329280
grouped_conv_forward_bf16_2d_64x64x64_compv4,161,1,384,1680,1,14,14,1,1,1,1,0,0,0.0087160998955369,29.01378403539081,328896
grouped_conv_forward_bf16_2d_64x64x64_compv5,161,1,384,1680,1,14,14,1,1,1,1,0,0,0.010444100014865398,24.21338742831439,329280
grouped_conv_forward_bf16_2d_32x128x64_compv3,161,1,384,1680,1,14,14,1,1,1,1,0,0,0.009944099932909012,25.430862693072445,329216
grouped_conv_forward_bf16_2d_32x128x64_compv4,161,1,384,1680,1,14,14,1,1,1,1,0,0,0.007096000015735626,35.63797060868295,329088
grouped_conv_forward_bf16_2d_32x128x64_compv5,161,1,384,1680,1,14,14,1,1,1,1,0,0,0.010103999637067318,25.028409450081924,329280
grouped_conv_forward_bf16_2d_64x128x64_compv3,161,1,384,1680,1,14,14,1,1,1,1,0,0,0.01114409975707531,22.692460181850382,329280
grouped_conv_forward_bf16_2d_64x128x64_compv4,161,1,384,1680,1,14,14,1,1,1,1,0,0,0.009420099668204784,26.84547392354644,329088
grouped_conv_forward_bf16_2d_64x128x64_compv5,161,1,384,1680,1,14,14,1,1,1,1,0,0,0.011704100295901299,21.606704796314794,329280
grouped_conv_forward_bf16_2d_128x128x64_compv3,161,1,384,1680,1,14,14,1,1,1,1,0,0,0.01215209998190403,20.81015136285744,329280
grouped_conv_forward_bf16_2d_128x128x64_compv4,161,1,384,1680,1,14,14,1,1,1,1,0,0,0.008784099481999874,28.789182148746026,328896
grouped_conv_forward_bf16_2d_128x128x64_compv5,161,1,384,1680,1,14,14,1,1,1,1,0,0,0.012980001047253609,19.482821232399473,329280
grouped_conv_forward_bf16_2d_16x64x128_compv3,161,1,384,1680,1,14,14,1,1,1,1,0,0,0.006815999746322632,37.101973211844324,329280
grouped_conv_forward_bf16_2d_16x64x128_compv4,161,1,384,1680,1,14,14,1,1,1,1,0,0,0.006592100020498037,38.36213637742927,328768
grouped_conv_forward_bf16_2d_16x64x128_compv5,161,1,384,1680,1,14,14,1,1,1,1,0,0,0.006752000190317631,37.45364823339905,328448
grouped_conv_forward_bf16_2d_32x64x128_compv3,161,1,384,1680,1,14,14,1,1,1,1,0,0,0.006899999920278788,36.65029607562406,329280
grouped_conv_forward_bf16_2d_32x64x128_compv4,161,1,384,1680,1,14,14,1,1,1,1,0,0,0.006596100516617298,38.33886996762884,329024
grouped_conv_forward_bf16_2d_32x64x128_compv5,161,1,384,1680,1,14,14,1,1,1,1,0,0,0.006911999545991421,36.58666906982952,328768
grouped_conv_forward_bf16_2d_64x64x128_compv3,161,1,384,1680,1,14,14,1,1,1,1,0,0,0.008816000074148178,28.68500883315096,329280
grouped_conv_forward_bf16_2d_64x64x128_compv4,161,1,384,1680,1,14,14,1,1,1,1,0,0,0.008812000043690205,28.69802981686078,328896
grouped_conv_forward_bf16_2d_64x64x128_compv5,161,1,384,1680,1,14,14,1,1,1,1,0,0,0.008884100243449211,28.465126807463594,329088
grouped_conv_forward_bf16_2d_128x64x128_compv3,161,1,384,1680,1,14,14,1,1,1,1,0,0,0.009600100107491016,26.342125307909104,329152
grouped_conv_forward_bf16_2d_128x64x128_compv4,161,1,384,1680,1,14,14,1,1,1,1,0,0,0.008788099512457848,28.776078336563213,329280
grouped_conv_forward_bf16_2d_128x64x128_compv5,161,1,384,1680,1,14,14,1,1,1,1,0,0,0.009548099711537361,26.4855885087193,329280
grouped_conv_forward_bf16_2d_16x64x64_compv3,163,4,288,672,1,128,128,1,1,1,1,0,0,0.2432570904493332,104.28123819594725,44035628
grouped_conv_forward_bf16_2d_16x64x64_compv4,163,4,288,672,1,128,128,1,1,1,1,0,0,0.2914380133152008,87.04132416852741,44033716
grouped_conv_forward_bf16_2d_16x64x64_compv5,163,4,288,672,1,128,128,1,1,1,1,0,0,0.24067381024360657,105.40054427327898,44037480
grouped_conv_forward_bf16_2d_32x64x64_compv3,163,4,288,672,1,128,128,1,1,1,1,0,0,0.18978950381278992,133.65939676528365,44029232
grouped_conv_forward_bf16_2d_32x64x64_compv4,163,4,288,672,1,128,128,1,1,1,1,0,0,0.23788991570472717,106.63398873740456,44023620
grouped_conv_forward_bf16_2d_32x64x64_compv5,163,4,288,672,1,128,128,1,1,1,1,0,0,0.19276949763298035,131.59317684324355,44032489
grouped_conv_forward_bf16_2d_64x64x64_compv3,163,4,288,672,1,128,128,1,1,1,1,0,0,0.15616551041603088,162.43759921394258,44027080
grouped_conv_forward_bf16_2d_64x64x64_compv4,163,4,288,672,1,128,128,1,1,1,1,0,0,0.30283039808273315,83.76685680368753,44028608
grouped_conv_forward_bf16_2d_64x64x64_compv5,163,4,288,672,1,128,128,1,1,1,1,0,0,0.1559171974658966,162.6962965233421,44025708
grouped_conv_forward_bf16_2d_32x128x64_compv3,163,4,288,672,1,128,128,1,1,1,1,0,0,0.14560510218143463,174.2188303291094,44032500
grouped_conv_forward_bf16_2d_32x128x64_compv4,163,4,288,672,1,128,128,1,1,1,1,0,0,0.2369339019060135,107.06425035815514,44025576
grouped_conv_forward_bf16_2d_32x128x64_compv5,163,4,288,672,1,128,128,1,1,1,1,0,0,0.14801719784736633,171.3797515485891,44030824
grouped_conv_forward_bf16_2d_64x128x64_compv3,163,4,288,672,1,128,128,1,1,1,1,0,0,0.1281450092792511,197.95660193617374,44027032
grouped_conv_forward_bf16_2d_64x128x64_compv4,163,4,288,672,1,128,128,1,1,1,1,0,0,0.3019184172153473,84.01988466277149,44027024
grouped_conv_forward_bf16_2d_64x128x64_compv5,163,4,288,672,1,128,128,1,1,1,1,0,0,0.1295129954814911,195.86567739934068,44028840
grouped_conv_forward_bf16_2d_128x128x64_compv3,163,4,288,672,1,128,128,1,1,1,1,0,0,0.1258769929409027,201.5233284442176,44013670
grouped_conv_forward_bf16_2d_128x128x64_compv4,163,4,288,672,1,128,128,1,1,1,1,0,0,0.3021344840526581,83.95979913229249,44027360
grouped_conv_forward_bf16_2d_128x128x64_compv5,163,4,288,672,1,128,128,1,1,1,1,0,0,0.1267929971218109,200.06744195524934,44011064
grouped_conv_forward_bf16_2d_16x64x128_compv3,163,4,288,672,1,128,128,1,1,1,1,0,0,0.26041409373283386,97.41082069860963,44035282
grouped_conv_forward_bf16_2d_16x64x128_compv4,163,4,288,672,1,128,128,1,1,1,1,0,0,0.28853029012680054,87.918500968657,44032552
grouped_conv_forward_bf16_2d_16x64x128_compv5,163,4,288,672,1,128,128,1,1,1,1,0,0,0.2597782015800476,97.64926555696171,44035450
grouped_conv_forward_bf16_2d_32x64x128_compv3,163,4,288,672,1,128,128,1,1,1,1,0,0,0.19323350489139557,131.27718511475163,44027032
grouped_conv_forward_bf16_2d_32x64x128_compv4,163,4,288,672,1,128,128,1,1,1,1,0,0,0.23756980895996094,106.77766970076269,44011166
grouped_conv_forward_bf16_2d_32x64x128_compv5,163,4,288,672,1,128,128,1,1,1,1,0,0,0.19746950268745422,128.46110536952116,44026372
grouped_conv_forward_bf16_2d_64x64x128_compv3,163,4,288,672,1,128,128,1,1,1,1,0,0,0.178837388753891,141.8447829548064,44006400
grouped_conv_forward_bf16_2d_64x64x128_compv4,163,4,288,672,1,128,128,1,1,1,1,0,0,0.3018464148044586,84.03992675690147,44026528
grouped_conv_forward_bf16_2d_64x64x128_compv5,163,4,288,672,1,128,128,1,1,1,1,0,0,0.18090149760246277,140.22631613445887,44018944
grouped_conv_forward_bf16_2d_128x64x128_compv3,163,4,288,672,1,128,128,1,1,1,1,0,0,0.18734149634838104,135.40593561197537,43999098
grouped_conv_forward_bf16_2d_128x64x128_compv4,163,4,288,672,1,128,128,1,1,1,1,0,0,0.3017784059047699,84.05886602769363,44026256
grouped_conv_forward_bf16_2d_128x64x128_compv5,163,4,288,672,1,128,128,1,1,1,1,0,0,0.18645749986171722,136.04789622736055,43995824
grouped_conv_forward_bf16_2d_16x64x64_compv3,164,1,320,640,1,128,128,2,2,2,2,0,0,0.05000029876828194,134.2169260047922,2617344
grouped_conv_forward_bf16_2d_16x64x64_compv4,164,1,320,640,1,128,128,2,2,2,2,0,0,0.05548030138015747,120.95980434598268,2620416
grouped_conv_forward_bf16_2d_16x64x64_compv5,164,1,320,640,1,128,128,2,2,2,2,0,0,0.05011630058288574,133.9062604770893,2621440
grouped_conv_forward_bf16_2d_32x64x64_compv3,164,1,320,640,1,128,128,2,2,2,2,0,0,0.04583229869604111,146.4226449671762,2621440
grouped_conv_forward_bf16_2d_32x64x64_compv4,164,1,320,640,1,128,128,2,2,2,2,0,0,0.047428302466869354,141.4953951743863,2621184
grouped_conv_forward_bf16_2d_32x64x64_compv5,164,1,320,640,1,128,128,2,2,2,2,0,0,0.0454443022608757,147.67277889922835,2621440
grouped_conv_forward_bf16_2d_64x64x64_compv3,164,1,320,640,1,128,128,2,2,2,2,0,0,0.03892030194401741,172.4263704236641,2620032
grouped_conv_forward_bf16_2d_64x64x64_compv4,164,1,320,640,1,128,128,2,2,2,2,0,0,0.06528450548648834,102.79447397191242,2619136
grouped_conv_forward_bf16_2d_64x64x64_compv5,164,1,320,640,1,128,128,2,2,2,2,0,0,0.038884300738573074,172.58601215741618,2620928
grouped_conv_forward_bf16_2d_32x128x64_compv3,164,1,320,640,1,128,128,2,2,2,2,0,0,0.034824199974536896,192.70755408327923,2621440
grouped_conv_forward_bf16_2d_32x128x64_compv4,164,1,320,640,1,128,128,2,2,2,2,0,0,0.04730270057916641,141.87110498624858,2620928
grouped_conv_forward_bf16_2d_32x128x64_compv5,164,1,320,640,1,128,128,2,2,2,2,0,0,0.03497219830751419,191.8920378121637,2621440
grouped_conv_forward_bf16_2d_64x128x64_compv3,164,1,320,640,1,128,128,2,2,2,2,0,0,0.03470420092344284,193.3738919620756,2620160
grouped_conv_forward_bf16_2d_64x128x64_compv4,164,1,320,640,1,128,128,2,2,2,2,0,0,0.06485249847173691,103.47922683232694,2619104
grouped_conv_forward_bf16_2d_64x128x64_compv5,164,1,320,640,1,128,128,2,2,2,2,0,0,0.03463219851255417,193.77592784262035,2619440
grouped_conv_forward_bf16_2d_128x128x64_compv3,164,1,320,640,1,128,128,2,2,2,2,0,0,0.03106820024549961,216.004993754735,2621440
grouped_conv_forward_bf16_2d_128x128x64_compv4,164,1,320,640,1,128,128,2,2,2,2,0,0,0.06480450183153152,103.55586742177108,2619000
grouped_conv_forward_bf16_2d_128x128x64_compv5,164,1,320,640,1,128,128,2,2,2,2,0,0,0.03133220225572586,214.18495722794611,2619392
grouped_conv_forward_bf16_2d_16x64x128_compv3,164,1,320,640,1,128,128,2,2,2,2,0,0,0.04528430104255676,148.19454525075523,2621440
grouped_conv_forward_bf16_2d_16x64x128_compv4,164,1,320,640,1,128,128,2,2,2,2,0,0,0.05510040000081062,121.79378733913495,2620656
grouped_conv_forward_bf16_2d_16x64x128_compv5,164,1,320,640,1,128,128,2,2,2,2,0,0,0.04492419958114624,149.3824366949082,2618112
grouped_conv_forward_bf16_2d_32x64x128_compv3,164,1,320,640,1,128,128,2,2,2,2,0,0,0.035092197358608246,191.23585597736286,2621184
grouped_conv_forward_bf16_2d_32x64x128_compv4,164,1,320,640,1,128,128,2,2,2,2,0,0,0.047612302005290985,140.9485808784092,2620904
grouped_conv_forward_bf16_2d_32x64x128_compv5,164,1,320,640,1,128,128,2,2,2,2,0,0,0.03523620218038559,190.45430508216486,2621220
grouped_conv_forward_bf16_2d_64x64x128_compv3,164,1,320,640,1,128,128,2,2,2,2,0,0,0.038644202053546906,173.65829913375194,2620832
grouped_conv_forward_bf16_2d_64x64x128_compv4,164,1,320,640,1,128,128,2,2,2,2,0,0,0.06505650281906128,103.15473640912863,2618880
grouped_conv_forward_bf16_2d_64x64x128_compv5,164,1,320,640,1,128,128,2,2,2,2,0,0,0.03863630071282387,173.69381323229462,2620792
grouped_conv_forward_bf16_2d_128x64x128_compv3,164,1,320,640,1,128,128,2,2,2,2,0,0,0.03845230117440224,174.5249619668393,2620928
grouped_conv_forward_bf16_2d_128x64x128_compv4,164,1,320,640,1,128,128,2,2,2,2,0,0,0.06497250497341156,103.28809706115332,2619648
grouped_conv_forward_bf16_2d_128x64x128_compv5,164,1,320,640,1,128,128,2,2,2,2,0,0,0.038172297179698944,175.80514917422968,2621440
grouped_conv_forward_bf16_2d_16x64x64_compv3,165,2,128,256,1,56,56,2,2,2,2,0,0,0.009204000234603882,44.65903754050591,401312
grouped_conv_forward_bf16_2d_16x64x64_compv4,165,2,128,256,1,56,56,2,2,2,2,0,0,0.008348099887371063,49.23776638344022,401408
grouped_conv_forward_bf16_2d_16x64x64_compv5,165,2,128,256,1,56,56,2,2,2,2,0,0,0.00953999999910593,43.08614172311552,401152
grouped_conv_forward_bf16_2d_32x64x64_compv3,165,2,128,256,1,56,56,2,2,2,2,0,0,0.009836100041866302,41.78910241360344,400896
grouped_conv_forward_bf16_2d_32x64x64_compv4,165,2,128,256,1,56,56,2,2,2,2,0,0,0.00854399986565113,48.10882472651758,401152
grouped_conv_forward_bf16_2d_32x64x64_compv5,165,2,128,256,1,56,56,2,2,2,2,0,0,0.009808000177145004,41.90882795432917,401408
grouped_conv_forward_bf16_2d_64x64x64_compv3,165,2,128,256,1,56,56,2,2,2,2,0,0,0.012011999264359474,34.21926549892428,401408
grouped_conv_forward_bf16_2d_64x64x64_compv4,165,2,128,256,1,56,56,2,2,2,2,0,0,0.012112099677324295,33.9364604775779,401408
grouped_conv_forward_bf16_2d_64x64x64_compv5,165,2,128,256,1,56,56,2,2,2,2,0,0,0.011876000091433525,34.611130754073955,401408
grouped_conv_forward_bf16_2d_32x128x64_compv3,165,2,128,256,1,56,56,2,2,2,2,0,0,0.012032000347971916,34.16238199072893,400512
grouped_conv_forward_bf16_2d_32x128x64_compv4,165,2,128,256,1,56,56,2,2,2,2,0,0,0.008851999416947365,46.434909520333974,401152
grouped_conv_forward_bf16_2d_32x128x64_compv5,165,2,128,256,1,56,56,2,2,2,2,0,0,0.011404000222682953,36.04364994508011,401408
grouped_conv_forward_bf16_2d_64x128x64_compv3,165,2,128,256,1,56,56,2,2,2,2,0,0,0.014264099299907684,28.81652625642197,401408
grouped_conv_forward_bf16_2d_64x128x64_compv4,165,2,128,256,1,56,56,2,2,2,2,0,0,0.012400100007653236,33.148264267732394,400640
grouped_conv_forward_bf16_2d_64x128x64_compv5,165,2,128,256,1,56,56,2,2,2,2,0,0,0.013316099531948566,30.868032415484024,401408
grouped_conv_forward_bf16_2d_128x128x64_compv3,165,2,128,256,1,56,56,2,2,2,2,0,0,0.01454010047018528,28.269529006546282,401408
grouped_conv_forward_bf16_2d_128x128x64_compv4,165,2,128,256,1,56,56,2,2,2,2,0,0,0.01171599980443716,35.083799834507296,401408
grouped_conv_forward_bf16_2d_128x128x64_compv5,165,2,128,256,1,56,56,2,2,2,2,0,0,0.014448100700974464,28.44953814394974,401408
grouped_conv_forward_bf16_2d_16x64x128_compv3,165,2,128,256,1,56,56,2,2,2,2,0,0,0.007760000415146351,52.96930025901911,401404
grouped_conv_forward_bf16_2d_16x64x128_compv4,165,2,128,256,1,56,56,2,2,2,2,0,0,0.00870010070502758,47.2456361065417,401408
grouped_conv_forward_bf16_2d_16x64x128_compv5,165,2,128,256,1,56,56,2,2,2,2,0,0,0.007779999636113644,52.83313768962185,401216
grouped_conv_forward_bf16_2d_32x64x128_compv3,165,2,128,256,1,56,56,2,2,2,2,0,0,0.008060099557042122,50.99711102710538,400896
grouped_conv_forward_bf16_2d_32x64x128_compv4,165,2,128,256,1,56,56,2,2,2,2,0,0,0.008644100278615952,47.55171489817722,401024
grouped_conv_forward_bf16_2d_32x64x128_compv5,165,2,128,256,1,56,56,2,2,2,2,0,0,0.008020000532269478,51.25209036409933,401408
grouped_conv_forward_bf16_2d_64x64x128_compv3,165,2,128,256,1,56,56,2,2,2,2,0,0,0.010332000441849232,39.783369572372116,401408
grouped_conv_forward_bf16_2d_64x64x128_compv4,165,2,128,256,1,56,56,2,2,2,2,0,0,0.011704100295901299,35.119469383216426,401408
grouped_conv_forward_bf16_2d_64x64x128_compv5,165,2,128,256,1,56,56,2,2,2,2,0,0,0.010324100032448769,39.81381337918955,401408
grouped_conv_forward_bf16_2d_128x64x128_compv3,165,2,128,256,1,56,56,2,2,2,2,0,0,0.01212410070002079,33.902868523625436,398336
grouped_conv_forward_bf16_2d_128x64x128_compv4,165,2,128,256,1,56,56,2,2,2,2,0,0,0.011980099603533745,34.31038185014387,401408
grouped_conv_forward_bf16_2d_128x64x128_compv5,165,2,128,256,1,56,56,2,2,2,2,0,0,0.01092000026255846,37.64118883855196,401408
grouped_conv_forward_bf16_2d_16x64x64_compv3,167,4,768,2304,1,64,64,1,1,1,1,0,0,0.43331417441368103,133.81066653186625,37747072
grouped_conv_forward_bf16_2d_16x64x64_compv4,167,4,768,2304,1,64,64,1,1,1,1,0,0,0.4796673655509949,120.8797234504288,37747560
grouped_conv_forward_bf16_2d_16x64x64_compv5,167,4,768,2304,1,64,64,1,1,1,1,0,0,0.4327511787414551,133.9847500002792,37747968
grouped_conv_forward_bf16_2d_32x64x64_compv3,167,4,768,2304,1,64,64,1,1,1,1,0,0,0.3444986045360565,168.30854387374268,37745708
grouped_conv_forward_bf16_2d_32x64x64_compv4,167,4,768,2304,1,64,64,1,1,1,1,0,0,0.39533910155296326,146.66411257635792,37743400
grouped_conv_forward_bf16_2d_32x64x64_compv5,167,4,768,2304,1,64,64,1,1,1,1,0,0,0.3464787006378174,167.34667495942284,37745392
grouped_conv_forward_bf16_2d_64x64x64_compv3,167,4,768,2304,1,64,64,1,1,1,1,0,0,0.274442195892334,211.27238946428943,37742952
grouped_conv_forward_bf16_2d_64x64x64_compv4,167,4,768,2304,1,64,64,1,1,1,1,0,0,0.524800181388855,110.48406717877585,37722432
grouped_conv_forward_bf16_2d_64x64x64_compv5,167,4,768,2304,1,64,64,1,1,1,1,0,0,0.2698342204093933,214.88030097898422,37746144
grouped_conv_forward_bf16_2d_32x128x64_compv3,167,4,768,2304,1,64,64,1,1,1,1,0,0,0.24380989372730255,237.81667597481504,37748472
grouped_conv_forward_bf16_2d_32x128x64_compv4,167,4,768,2304,1,64,64,1,1,1,1,0,0,0.3979871869087219,145.6882543037702,37741784
grouped_conv_forward_bf16_2d_32x128x64_compv5,167,4,768,2304,1,64,64,1,1,1,1,0,0,0.24734599888324738,234.41680382050075,37748288
grouped_conv_forward_bf16_2d_64x128x64_compv3,167,4,768,2304,1,64,64,1,1,1,1,0,0,0.20074160397052765,288.83927072991196,37747296
grouped_conv_forward_bf16_2d_64x128x64_compv4,167,4,768,2304,1,64,64,1,1,1,1,0,0,0.5249162912368774,110.45962844737582,37711360
grouped_conv_forward_bf16_2d_64x128x64_compv5,167,4,768,2304,1,64,64,1,1,1,1,0,0,0.19773760437965393,293.2272729706744,37746608
grouped_conv_forward_bf16_2d_128x128x64_compv3,167,4,768,2304,1,64,64,1,1,1,1,0,0,0.19290150701999664,300.5785667086024,37717040
grouped_conv_forward_bf16_2d_128x128x64_compv4,167,4,768,2304,1,64,64,1,1,1,1,0,0,0.5247603058815002,110.49246264654272,37718016
grouped_conv_forward_bf16_2d_128x128x64_compv5,167,4,768,2304,1,64,64,1,1,1,1,0,0,0.1878654956817627,308.63601794242993,37720944
grouped_conv_forward_bf16_2d_16x64x128_compv3,167,4,768,2304,1,64,64,1,1,1,1,0,0,0.3947752118110657,146.87360493077125,37748040
grouped_conv_forward_bf16_2d_16x64x128_compv4,167,4,768,2304,1,64,64,1,1,1,1,0,0,0.47943592071533203,120.93807741708031,37747096
grouped_conv_forward_bf16_2d_16x64x128_compv5,167,4,768,2304,1,64,64,1,1,1,1,0,0,0.40152209997177124,144.40564666322575,37748168
grouped_conv_forward_bf16_2d_32x64x128_compv3,167,4,768,2304,1,64,64,1,1,1,1,0,0,0.303602010011673,190.9804829479577,37744728
grouped_conv_forward_bf16_2d_32x64x128_compv4,167,4,768,2304,1,64,64,1,1,1,1,0,0,0.397675096988678,145.80258843226179,37742780
grouped_conv_forward_bf16_2d_32x64x128_compv5,167,4,768,2304,1,64,64,1,1,1,1,0,0,0.29389429092407227,197.28882216014088,37745876
grouped_conv_forward_bf16_2d_64x64x128_compv3,167,4,768,2304,1,64,64,1,1,1,1,0,0,0.27090609073638916,214.03010297181046,37742376
grouped_conv_forward_bf16_2d_64x64x128_compv4,167,4,768,2304,1,64,64,1,1,1,1,0,0,0.5245761871337891,110.53124392246217,37720064
grouped_conv_forward_bf16_2d_64x64x128_compv5,167,4,768,2304,1,64,64,1,1,1,1,0,0,0.2692621052265167,215.33686831729477,37741120
grouped_conv_forward_bf16_2d_128x64x128_compv3,167,4,768,2304,1,64,64,1,1,1,1,0,0,0.2572020888328552,225.43385537463536,37703100
grouped_conv_forward_bf16_2d_128x64x128_compv4,167,4,768,2304,1,64,64,1,1,1,1,0,0,0.5249601602554321,110.45039773644426,37721344
grouped_conv_forward_bf16_2d_128x64x128_compv5,167,4,768,2304,1,64,64,1,1,1,1,0,0,0.25628209114074707,226.24311452241486,37705204
grouped_conv_forward_bf16_2d_16x64x64_compv3,168,1,208,26,1,1,1,1,1,1,1,0,0,0.0052280002273619175,0.0020688598947245693,4
grouped_conv_forward_bf16_2d_16x64x64_compv4,168,1,208,26,1,1,1,1,1,1,1,0,0,0.005223999731242657,0.0020704442106521987,4
grouped_conv_forward_bf16_2d_16x64x64_compv5,168,1,208,26,1,1,1,1,1,1,1,0,0,0.005071999970823526,0.0021324921258317427,4
grouped_conv_forward_bf16_2d_32x64x64_compv3,168,1,208,26,1,1,1,1,1,1,1,0,0,0.006684099789708853,0.001618168540310067,4
grouped_conv_forward_bf16_2d_32x64x64_compv4,168,1,208,26,1,1,1,1,1,1,1,0,0,0.005200100131332874,0.002079959948238088,4
grouped_conv_forward_bf16_2d_32x64x64_compv5,168,1,208,26,1,1,1,1,1,1,1,0,0,0.007439999841153622,0.0014537634718985299,4
grouped_conv_forward_bf16_2d_64x64x64_compv3,168,1,208,26,1,1,1,1,1,1,1,0,0,0.007616099901497364,0.001420149438674448,4
grouped_conv_forward_bf16_2d_64x64x64_compv4,168,1,208,26,1,1,1,1,1,1,1,0,0,0.008712099865078926,0.0012414917376411426,4
grouped_conv_forward_bf16_2d_64x64x64_compv5,168,1,208,26,1,1,1,1,1,1,1,0,0,0.007475999649614096,0.0014467630426598954,4
grouped_conv_forward_bf16_2d_32x128x64_compv3,168,1,208,26,1,1,1,1,1,1,1,0,0,0.009328099898993969,0.0011595073077172449,4
grouped_conv_forward_bf16_2d_32x128x64_compv4,168,1,208,26,1,1,1,1,1,1,1,0,0,0.006504000164568424,0.001662976587688586,4
grouped_conv_forward_bf16_2d_32x128x64_compv5,168,1,208,26,1,1,1,1,1,1,1,0,0,0.006463999859988689,0.0016732673629759214,4
grouped_conv_forward_bf16_2d_64x128x64_compv3,168,1,208,26,1,1,1,1,1,1,1,0,0,0.0083600003272295,0.0012937798536647208,4
grouped_conv_forward_bf16_2d_64x128x64_compv4,168,1,208,26,1,1,1,1,1,1,1,0,0,0.007400100119411945,0.0014616018466598127,4
grouped_conv_forward_bf16_2d_64x128x64_compv5,168,1,208,26,1,1,1,1,1,1,1,0,0,0.00859609991312027,0.0012582450308065273,4
grouped_conv_forward_bf16_2d_128x128x64_compv3,168,1,208,26,1,1,1,1,1,1,1,0,0,0.008987999521195889,0.0012033823516004025,4
grouped_conv_forward_bf16_2d_128x128x64_compv4,168,1,208,26,1,1,1,1,1,1,1,0,0,0.007728000171482563,0.001399585890268559,4
grouped_conv_forward_bf16_2d_128x128x64_compv5,168,1,208,26,1,1,1,1,1,1,1,0,0,0.008700000122189522,0.0012432183733438783,4
grouped_conv_forward_bf16_2d_16x64x128_compv3,168,1,208,26,1,1,1,1,1,1,1,0,0,0.008304099552333355,0.0013024892020906506,4
grouped_conv_forward_bf16_2d_16x64x128_compv4,168,1,208,26,1,1,1,1,1,1,1,0,0,0.004452000372111797,0.002429469698105495,4
grouped_conv_forward_bf16_2d_16x64x128_compv5,168,1,208,26,1,1,1,1,1,1,1,0,0,0.004224000032991171,0.002560606040606678,4
grouped_conv_forward_bf16_2d_32x64x128_compv3,168,1,208,26,1,1,1,1,1,1,1,0,0,0.006236099638044834,0.001734417444842346,4
grouped_conv_forward_bf16_2d_32x64x128_compv4,168,1,208,26,1,1,1,1,1,1,1,0,0,0.006376100238412619,0.0016963346866536607,4
grouped_conv_forward_bf16_2d_32x64x128_compv5,168,1,208,26,1,1,1,1,1,1,1,0,0,0.006368099711835384,0.0016984658672818838,4
grouped_conv_forward_bf16_2d_64x64x128_compv3,168,1,208,26,1,1,1,1,1,1,1,0,0,0.006263999734073877,0.001726692282754244,4
grouped_conv_forward_bf16_2d_64x64x128_compv4,168,1,208,26,1,1,1,1,1,1,1,0,0,0.007304000202566385,0.0014808323795226092,4
grouped_conv_forward_bf16_2d_64x64x128_compv5,168,1,208,26,1,1,1,1,1,1,1,0,0,0.0061599998734891415,0.0017558441919047656,4
grouped_conv_forward_bf16_2d_128x64x128_compv3,168,1,208,26,1,1,1,1,1,1,1,0,0,0.007808099500834942,0.0013852282490564335,4
grouped_conv_forward_bf16_2d_128x64x128_compv4,168,1,208,26,1,1,1,1,1,1,1,0,0,0.0069599999114871025,0.0015540230082688332,4
grouped_conv_forward_bf16_2d_128x64x128_compv5,168,1,208,26,1,1,1,1,1,1,1,0,0,0.008415999822318554,0.0012851711297945656,4
grouped_conv_forward_bf16_2d_16x64x64_compv3,169,1,32,32,1,256,256,3,3,2,2,1,1,0.009120000526309013,33.11292440486507,522156
grouped_conv_forward_bf16_2d_16x64x64_compv4,169,1,32,32,1,256,256,3,3,2,2,1,1,0.0092441001906991,32.66839192243345,523676
grouped_conv_forward_bf16_2d_16x64x64_compv5,169,1,32,32,1,256,256,3,3,2,2,1,1,0.00916799996048212,32.93956035140724,522750
grouped_conv_forward_bf16_2d_32x64x64_compv3,169,1,32,32,1,256,256,3,3,2,2,1,1,0.008196099661290646,36.84556075205721,522123
grouped_conv_forward_bf16_2d_32x64x64_compv4,169,1,32,32,1,256,256,3,3,2,2,1,1,0.00811609998345375,37.20874417708815,522196
grouped_conv_forward_bf16_2d_32x64x64_compv5,169,1,32,32,1,256,256,3,3,2,2,1,1,0.00814799964427948,37.06307083751778,521980
grouped_conv_forward_bf16_2d_64x64x64_compv3,169,1,32,32,1,256,256,3,3,2,2,1,1,0.009052099660038948,33.36130835292865,522542
grouped_conv_forward_bf16_2d_64x64x64_compv4,169,1,32,32,1,256,256,3,3,2,2,1,1,0.008732100017368793,34.58387872325326,522980
grouped_conv_forward_bf16_2d_64x64x64_compv5,169,1,32,32,1,256,256,3,3,2,2,1,1,0.009000000543892384,33.554429972222344,522526
grouped_conv_forward_bf16_2d_32x128x64_compv3,169,1,32,32,1,256,256,3,3,2,2,1,1,0.009700099937617779,31.13265738931808,523676
grouped_conv_forward_bf16_2d_32x128x64_compv4,169,1,32,32,1,256,256,3,3,2,2,1,1,0.0077320002019405365,39.057149523121865,522216
grouped_conv_forward_bf16_2d_32x128x64_compv5,169,1,32,32,1,256,256,3,3,2,2,1,1,0.009379999712109566,32.19508499665853,523636
grouped_conv_forward_bf16_2d_64x128x64_compv3,169,1,32,32,1,256,256,3,3,2,2,1,1,0.01003200002014637,30.102660226628856,522776
grouped_conv_forward_bf16_2d_64x128x64_compv4,169,1,32,32,1,256,256,3,3,2,2,1,1,0.008668100461363792,34.83922335072781,522948
grouped_conv_forward_bf16_2d_64x128x64_compv5,169,1,32,32,1,256,256,3,3,2,2,1,1,0.010123999789357185,29.829108483137826,522880
grouped_conv_forward_bf16_2d_128x128x64_compv3,169,1,32,32,1,256,256,3,3,2,2,1,1,0.010484100319445133,28.8045591704127,522492
grouped_conv_forward_bf16_2d_128x128x64_compv4,169,1,32,32,1,256,256,3,3,2,2,1,1,0.008888100273907185,33.97687680083362,522960
grouped_conv_forward_bf16_2d_128x128x64_compv5,169,1,32,32,1,256,256,3,3,2,2,1,1,0.010511999949812889,28.728109726196806,524288
grouped_conv_forward_bf16_2d_16x64x128_compv3,169,1,32,32,1,256,256,3,3,2,2,1,1,0.008828099817037582,34.20780170803934,523688
grouped_conv_forward_bf16_2d_16x64x128_compv4,169,1,32,32,1,256,256,3,3,2,2,1,1,0.009412100538611412,32.085280725714945,523628
grouped_conv_forward_bf16_2d_16x64x128_compv5,169,1,32,32,1,256,256,3,3,2,2,1,1,0.008587999269366264,35.16417253052291,523546
grouped_conv_forward_bf16_2d_32x64x128_compv3,169,1,32,32,1,256,256,3,3,2,2,1,1,0.007832000032067299,38.55846358063511,522238
grouped_conv_forward_bf16_2d_32x64x128_compv4,169,1,32,32,1,256,256,3,3,2,2,1,1,0.007983999326825142,37.82438795872081,522180
grouped_conv_forward_bf16_2d_32x64x128_compv5,169,1,32,32,1,256,256,3,3,2,2,1,1,0.007824099622666836,38.59739811148609,522216
grouped_conv_forward_bf16_2d_64x64x128_compv3,169,1,32,32,1,256,256,3,3,2,2,1,1,0.008748100139200687,34.520625415199326,522992
grouped_conv_forward_bf16_2d_64x64x128_compv4,169,1,32,32,1,256,256,3,3,2,2,1,1,0.008596000261604786,35.131442392909086,522992
grouped_conv_forward_bf16_2d_64x64x128_compv5,169,1,32,32,1,256,256,3,3,2,2,1,1,0.008768100291490555,34.44188341379732,522996
grouped_conv_forward_bf16_2d_128x64x128_compv3,169,1,32,32,1,256,256,3,3,2,2,1,1,0.009292100556194782,32.4996362419552,524288
grouped_conv_forward_bf16_2d_128x64x128_compv4,169,1,32,32,1,256,256,3,3,2,2,1,1,0.009344000369310379,32.319122010296745,522972
grouped_conv_forward_bf16_2d_128x64x128_compv5,169,1,32,32,1,256,256,3,3,2,2,1,1,0.009640099480748177,31.326428591643776,521920
grouped_conv_forward_bf16_2d_16x64x64_compv3,170,1,4,4,1,96,96,1,1,1,1,0,0,0.004988000262528658,0.05912429520412553,9238
grouped_conv_forward_bf16_2d_16x64x64_compv4,170,1,4,4,1,96,96,1,1,1,1,0,0,0.005407999735325575,0.05453254704759071,9184
grouped_conv_forward_bf16_2d_16x64x64_compv5,170,1,4,4,1,96,96,1,1,1,1,0,0,0.004091999959200621,0.07207038195025094,9238
grouped_conv_forward_bf16_2d_32x64x64_compv3,170,1,4,4,1,96,96,1,1,1,1,0,0,0.004896000027656555,0.06023529377738956,9184
grouped_conv_forward_bf16_2d_32x64x64_compv4,170,1,4,4,1,96,96,1,1,1,1,0,0,0.005531999748200178,0.05331019765428385,9168
grouped_conv_forward_bf16_2d_32x64x64_compv5,170,1,4,4,1,96,96,1,1,1,1,0,0,0.004180099815130234,0.07055142533499809,9152
grouped_conv_forward_bf16_2d_64x64x64_compv3,170,1,4,4,1,96,96,1,1,1,1,0,0,0.004523999989032745,0.0651883290704989,9154
grouped_conv_forward_bf16_2d_64x64x64_compv4,170,1,4,4,1,96,96,1,1,1,1,0,0,0.006328000221401453,0.04660429672593884,9216
grouped_conv_forward_bf16_2d_64x64x64_compv5,170,1,4,4,1,96,96,1,1,1,1,0,0,0.005252100061625242,0.056151253125352796,9154
grouped_conv_forward_bf16_2d_32x128x64_compv3,170,1,4,4,1,96,96,1,1,1,1,0,0,0.004639999940991402,0.0635586214979537,9184
grouped_conv_forward_bf16_2d_32x128x64_compv4,170,1,4,4,1,96,96,1,1,1,1,0,0,0.005608099978417158,0.05258679430376999,9168
grouped_conv_forward_bf16_2d_32x128x64_compv5,170,1,4,4,1,96,96,1,1,1,1,0,0,0.004712100140750408,0.06258610623521997,9184
grouped_conv_forward_bf16_2d_64x128x64_compv3,170,1,4,4,1,96,96,1,1,1,1,0,0,0.005032000131905079,0.05860731165926032,9152
grouped_conv_forward_bf16_2d_64x128x64_compv4,170,1,4,4,1,96,96,1,1,1,1,0,0,0.006347999908030033,0.04645746759179139,9140
grouped_conv_forward_bf16_2d_64x128x64_compv5,170,1,4,4,1,96,96,1,1,1,1,0,0,0.005644000135362148,0.05225230207778458,9216
grouped_conv_forward_bf16_2d_128x128x64_compv3,170,1,4,4,1,96,96,1,1,1,1,0,0,0.005683999974280596,0.05188458855285727,9216
grouped_conv_forward_bf16_2d_128x128x64_compv4,170,1,4,4,1,96,96,1,1,1,1,0,0,0.006312000099569559,0.046722432723046256,9216
grouped_conv_forward_bf16_2d_128x128x64_compv5,170,1,4,4,1,96,96,1,1,1,1,0,0,0.006207999773323536,0.04750515637375981,9216
grouped_conv_forward_bf16_2d_16x64x128_compv3,170,1,4,4,1,96,96,1,1,1,1,0,0,0.004772000014781952,0.0618005027423445,9184
grouped_conv_forward_bf16_2d_16x64x128_compv4,170,1,4,4,1,96,96,1,1,1,1,0,0,0.00547999981790781,0.05381606018238764,9200
grouped_conv_forward_bf16_2d_16x64x128_compv5,170,1,4,4,1,96,96,1,1,1,1,0,0,0.0043680001981556416,0.06751648045357796,9201
grouped_conv_forward_bf16_2d_32x64x128_compv3,170,1,4,4,1,96,96,1,1,1,1,0,0,0.004952100105583668,0.05955291567459961,9168
grouped_conv_forward_bf16_2d_32x64x128_compv4,170,1,4,4,1,96,96,1,1,1,1,0,0,0.005615999922156334,0.05251282124070344,9168
grouped_conv_forward_bf16_2d_32x64x128_compv5,170,1,4,4,1,96,96,1,1,1,1,0,0,0.004740000236779451,0.06221771841099637,9144
grouped_conv_forward_bf16_2d_64x64x128_compv3,170,1,4,4,1,96,96,1,1,1,1,0,0,0.005016000010073185,0.058794258255134485,9140
grouped_conv_forward_bf16_2d_64x64x128_compv4,170,1,4,4,1,96,96,1,1,1,1,0,0,0.0063320002518594265,0.04657485601226839,9216
grouped_conv_forward_bf16_2d_64x64x128_compv5,170,1,4,4,1,96,96,1,1,1,1,0,0,0.004948100075125694,0.059601058087433385,9140
grouped_conv_forward_bf16_2d_128x64x128_compv3,170,1,4,4,1,96,96,1,1,1,1,0,0,0.005572100169956684,0.05292654313540321,9216
grouped_conv_forward_bf16_2d_128x64x128_compv4,170,1,4,4,1,96,96,1,1,1,1,0,0,0.006492000073194504,0.045426986548828444,9216
grouped_conv_forward_bf16_2d_128x64x128_compv5,170,1,4,4,1,96,96,1,1,1,1,0,0,0.005600000265985727,0.05266285464150577,9216
grouped_conv_forward_bf16_2d_16x64x64_compv3,171,4,672,192,1,128,128,1,1,1,1,0,0,0.12484870105981827,135.45542392064849,12582912
grouped_conv_forward_bf16_2d_16x64x64_compv4,171,4,672,192,1,128,128,1,1,1,1,0,0,0.16322121024131775,103.6105154654652,12582852
grouped_conv_forward_bf16_2d_16x64x64_compv5,171,4,672,192,1,128,128,1,1,1,1,0,0,0.12434899806976318,135.99975866723287,12582912
grouped_conv_forward_bf16_2d_32x64x64_compv3,171,4,672,192,1,128,128,1,1,1,1,0,0,0.10249680280685425,164.99474388355347,12582528
grouped_conv_forward_bf16_2d_32x64x64_compv4,171,4,672,192,1,128,128,1,1,1,1,0,0,0.13273701071739197,127.4055641045423,12580816
grouped_conv_forward_bf16_2d_32x64x64_compv5,171,4,672,192,1,128,128,1,1,1,1,0,0,0.1018327921628952,166.0706081882533,12582783
grouped_conv_forward_bf16_2d_64x64x64_compv3,171,4,672,192,1,128,128,1,1,1,1,0,0,0.08214060217142105,205.88397553632674,12582015
grouped_conv_forward_bf16_2d_64x64x64_compv4,171,4,672,192,1,128,128,1,1,1,1,0,0,0.16917338967323303,99.96509356858836,12579360
grouped_conv_forward_bf16_2d_64x64x64_compv5,171,4,672,192,1,128,128,1,1,1,1,0,0,0.082156702876091,205.84362731189296,12582015
grouped_conv_forward_bf16_2d_32x128x64_compv3,171,4,672,192,1,128,128,1,1,1,1,0,0,0.09687279909849167,174.57360461739063,12578664
grouped_conv_forward_bf16_2d_32x128x64_compv4,171,4,672,192,1,128,128,1,1,1,1,0,0,0.13314910233020782,127.01124853294085,12581712
grouped_conv_forward_bf16_2d_32x128x64_compv5,171,4,672,192,1,128,128,1,1,1,1,0,0,0.09585670381784439,176.42411072403075,12578808
grouped_conv_forward_bf16_2d_64x128x64_compv3,171,4,672,192,1,128,128,1,1,1,1,0,0,0.08133260160684586,207.92933453362625,12578879
grouped_conv_forward_bf16_2d_64x128x64_compv4,171,4,672,192,1,128,128,1,1,1,1,0,0,0.1693854033946991,99.8399707948462,12579232
grouped_conv_forward_bf16_2d_64x128x64_compv5,171,4,672,192,1,128,128,1,1,1,1,0,0,0.08064059913158417,209.71364188905648,12577832
grouped_conv_forward_bf16_2d_128x128x64_compv3,171,4,672,192,1,128,128,1,1,1,1,0,0,0.07807260006666183,216.61163729093525,12575570
grouped_conv_forward_bf16_2d_128x128x64_compv4,171,4,672,192,1,128,128,1,1,1,1,0,0,0.16932940483093262,99.87298865714,12579744
grouped_conv_forward_bf16_2d_128x128x64_compv5,171,4,672,192,1,128,128,1,1,1,1,0,0,0.07664860039949417,220.635910373539,12576960
grouped_conv_forward_bf16_2d_16x64x128_compv3,171,4,672,192,1,128,128,1,1,1,1,0,0,0.12754100561141968,132.59605133994486,12582872
grouped_conv_forward_bf16_2d_16x64x128_compv4,171,4,672,192,1,128,128,1,1,1,1,0,0,0.1625773012638092,104.02087866225762,12582834
grouped_conv_forward_bf16_2d_16x64x128_compv5,171,4,672,192,1,128,128,1,1,1,1,0,0,0.12810470163822174,132.01259213544938,12582868
grouped_conv_forward_bf16_2d_32x64x128_compv3,171,4,672,192,1,128,128,1,1,1,1,0,0,0.09635670483112335,175.50863489613215,12582526
grouped_conv_forward_bf16_2d_32x64x128_compv4,171,4,672,192,1,128,128,1,1,1,1,0,0,0.13393299281597137,126.26787001793429,12581552
grouped_conv_forward_bf16_2d_32x64x128_compv5,171,4,672,192,1,128,128,1,1,1,1,0,0,0.09563670307397842,176.82995319190792,12582696
grouped_conv_forward_bf16_2d_64x64x128_compv3,171,4,672,192,1,128,128,1,1,1,1,0,0,0.08693669736385345,194.52583593348507,12581084
grouped_conv_forward_bf16_2d_64x64x128_compv4,171,4,672,192,1,128,128,1,1,1,1,0,0,0.1696814000606537,99.66580734220075,12579232
grouped_conv_forward_bf16_2d_64x64x128_compv5,171,4,672,192,1,128,128,1,1,1,1,0,0,0.08749669790267944,193.28082240098018,12581736
grouped_conv_forward_bf16_2d_128x64x128_compv3,171,4,672,192,1,128,128,1,1,1,1,0,0,0.08406069874763489,201.18121761955751,12574272
grouped_conv_forward_bf16_2d_128x64x128_compv4,171,4,672,192,1,128,128,1,1,1,1,0,0,0.1693854033946991,99.8399707948462,12579360
grouped_conv_forward_bf16_2d_128x64x128_compv5,171,4,672,192,1,128,128,1,1,1,1,0,0,0.08419270068407059,200.86579466620762,12575740
grouped_conv_forward_bf16_2d_16x64x64_compv3,172,4,2688,448,1,12,12,1,1,1,1,0,0,0.028992097824811935,47.84979881010038,258048
grouped_conv_forward_bf16_2d_16x64x64_compv4,172,4,2688,448,1,12,12,1,1,1,1,0,0,0.021604100242257118,64.21309068389434,258048
grouped_conv_forward_bf16_2d_16x64x64_compv5,172,4,2688,448,1,12,12,1,1,1,1,0,0,0.02900009974837303,47.83659573715185,258048
grouped_conv_forward_bf16_2d_32x64x64_compv3,172,4,2688,448,1,12,12,1,1,1,1,0,0,0.03600409999489784,38.530779777763925,258048
grouped_conv_forward_bf16_2d_32x64x64_compv4,172,4,2688,448,1,12,12,1,1,1,1,0,0,0.0285521000623703,48.58718080174849,258048
grouped_conv_forward_bf16_2d_32x64x64_compv5,172,4,2688,448,1,12,12,1,1,1,1,0,0,0.03592019900679588,38.620778457756806,258048
grouped_conv_forward_bf16_2d_64x64x64_compv3,172,4,2688,448,1,12,12,1,1,1,1,0,0,0.04415620118379593,31.417241764653596,258048
grouped_conv_forward_bf16_2d_64x64x64_compv4,172,4,2688,448,1,12,12,1,1,1,1,0,0,0.04062820225954056,34.145395829672324,258048
grouped_conv_forward_bf16_2d_64x64x64_compv5,172,4,2688,448,1,12,12,1,1,1,1,0,0,0.044300299137830734,31.315049220860196,258048
grouped_conv_forward_bf16_2d_32x128x64_compv3,172,4,2688,448,1,12,12,1,1,1,1,0,0,0.04377629980444908,31.689888231691274,258048
grouped_conv_forward_bf16_2d_32x128x64_compv4,172,4,2688,448,1,12,12,1,1,1,1,0,0,0.028512200340628624,48.655173274130206,258048
grouped_conv_forward_bf16_2d_32x128x64_compv5,172,4,2688,448,1,12,12,1,1,1,1,0,0,0.04392830282449722,31.580233216439492,258048
grouped_conv_forward_bf16_2d_64x128x64_compv3,172,4,2688,448,1,12,12,1,1,1,1,0,0,0.05128030106425285,27.052611221252242,258048
grouped_conv_forward_bf16_2d_64x128x64_compv4,172,4,2688,448,1,12,12,1,1,1,1,0,0,0.040608298033475876,34.162132253274756,258048
grouped_conv_forward_bf16_2d_64x128x64_compv5,172,4,2688,448,1,12,12,1,1,1,1,0,0,0.05126839876174927,27.058891666322577,258048
grouped_conv_forward_bf16_2d_128x128x64_compv3,172,4,2688,448,1,12,12,1,1,1,1,0,0,0.05044829845428467,27.498767857495043,258048
grouped_conv_forward_bf16_2d_128x128x64_compv4,172,4,2688,448,1,12,12,1,1,1,1,0,0,0.04048829898238182,34.263381837889966,258048
grouped_conv_forward_bf16_2d_128x128x64_compv5,172,4,2688,448,1,12,12,1,1,1,1,0,0,0.050400298088788986,27.52495720473889,258048
grouped_conv_forward_bf16_2d_16x64x128_compv3,172,4,2688,448,1,12,12,1,1,1,1,0,0,0.0229761004447937,60.37865526107366,258048
grouped_conv_forward_bf16_2d_16x64x128_compv4,172,4,2688,448,1,12,12,1,1,1,1,0,0,0.021476199850440025,64.59550840748841,258048
grouped_conv_forward_bf16_2d_16x64x128_compv5,172,4,2688,448,1,12,12,1,1,1,1,0,0,0.022644098848104477,61.26391062438447,258048
grouped_conv_forward_bf16_2d_32x64x128_compv3,172,4,2688,448,1,12,12,1,1,1,1,0,0,0.026232099160552025,52.8842941431915,258048
grouped_conv_forward_bf16_2d_32x64x128_compv4,172,4,2688,448,1,12,12,1,1,1,1,0,0,0.028488200157880783,48.69616333470741,258048
grouped_conv_forward_bf16_2d_32x64x128_compv5,172,4,2688,448,1,12,12,1,1,1,1,0,0,0.026288200169801712,52.77143505600688,258048
grouped_conv_forward_bf16_2d_64x64x128_compv3,172,4,2688,448,1,12,12,1,1,1,1,0,0,0.03504420071840286,39.58618029691574,258048
grouped_conv_forward_bf16_2d_64x64x128_compv4,172,4,2688,448,1,12,12,1,1,1,1,0,0,0.04046029970049858,34.287092737054174,258048
grouped_conv_forward_bf16_2d_64x64x128_compv5,172,4,2688,448,1,12,12,1,1,1,1,0,0,0.034752197563648224,39.91880068761808,258048
grouped_conv_forward_bf16_2d_128x64x128_compv3,172,4,2688,448,1,12,12,1,1,1,1,0,0,0.03434019908308983,40.39772875641634,258048
grouped_conv_forward_bf16_2d_128x64x128_compv4,172,4,2688,448,1,12,12,1,1,1,1,0,0,0.040452297776937485,34.293875113094394,258048
grouped_conv_forward_bf16_2d_128x64x128_compv5,172,4,2688,448,1,12,12,1,1,1,1,0,0,0.03393230214715004,40.883345962912095,258048
grouped_conv_forward_bf16_2d_16x64x64_compv3,175,4,96,96,1,512,512,3,3,1,1,1,1,1.5033413171768188,115.70637585791899,100648540
grouped_conv_forward_bf16_2d_16x64x64_compv4,175,4,96,96,1,512,512,3,3,1,1,1,1,1.6703773736953735,104.13585470400567,100652768
grouped_conv_forward_bf16_2d_16x64x64_compv5,175,4,96,96,1,512,512,3,3,1,1,1,1,1.5102561712265015,115.17660301744421,100649724
grouped_conv_forward_bf16_2d_32x64x64_compv3,175,4,96,96,1,512,512,3,3,1,1,1,1,1.2266539335250854,141.80541938843646,100612664
grouped_conv_forward_bf16_2d_32x64x64_compv4,175,4,96,96,1,512,512,3,3,1,1,1,1,1.509844422340393,115.20801276887056,100552616
grouped_conv_forward_bf16_2d_32x64x64_compv5,175,4,96,96,1,512,512,3,3,1,1,1,1,1.2239620685577393,142.11729264859505,100607160
grouped_conv_forward_bf16_2d_64x64x64_compv3,175,4,96,96,1,512,512,3,3,1,1,1,1,1.0144803524017334,171.46332610206872,100617680
grouped_conv_forward_bf16_2d_64x64x64_compv4,175,4,96,96,1,512,512,3,3,1,1,1,1,1.8662313222885132,93.20718895377563,100585880
grouped_conv_forward_bf16_2d_64x64x64_compv5,175,4,96,96,1,512,512,3,3,1,1,1,1,1.0176804065704346,170.92416672754428,100619123
grouped_conv_forward_bf16_2d_32x128x64_compv3,175,4,96,96,1,512,512,3,3,1,1,1,1,0.9334957003593445,186.33848599521164,100653420
grouped_conv_forward_bf16_2d_32x128x64_compv4,175,4,96,96,1,512,512,3,3,1,1,1,1,1.5148084163665771,114.83047863255717,100554734
grouped_conv_forward_bf16_2d_32x128x64_compv5,175,4,96,96,1,512,512,3,3,1,1,1,1,0.9362916946411133,185.78203404300697,100651164
grouped_conv_forward_bf16_2d_64x128x64_compv3,175,4,96,96,1,512,512,3,3,1,1,1,1,0.783826470375061,221.9192411360728,100626086
grouped_conv_forward_bf16_2d_64x128x64_compv4,175,4,96,96,1,512,512,3,3,1,1,1,1,1.8660316467285156,93.21716263116893,100571176
grouped_conv_forward_bf16_2d_64x128x64_compv5,175,4,96,96,1,512,512,3,3,1,1,1,1,0.7744823694229126,224.596688518051,100627764
grouped_conv_forward_bf16_2d_128x128x64_compv3,175,4,96,96,1,512,512,3,3,1,1,1,1,0.7286180257797241,238.73438390692166,100604953
grouped_conv_forward_bf16_2d_128x128x64_compv4,175,4,96,96,1,512,512,3,3,1,1,1,1,1.8672676086425781,93.15546131839734,100574128
grouped_conv_forward_bf16_2d_128x128x64_compv5,175,4,96,96,1,512,512,3,3,1,1,1,1,0.7187539339065552,242.01074565612694,100602864
grouped_conv_forward_bf16_2d_16x64x128_compv3,175,4,96,96,1,512,512,3,3,1,1,1,1,1.4022796154022217,124.04528567443113,100651596
grouped_conv_forward_bf16_2d_16x64x128_compv4,175,4,96,96,1,512,512,3,3,1,1,1,1,1.6685059070587158,104.25265787319668,100649230
grouped_conv_forward_bf16_2d_16x64x128_compv5,175,4,96,96,1,512,512,3,3,1,1,1,1,1.4004005193710327,124.21173305914304,100649791
grouped_conv_forward_bf16_2d_32x64x128_compv3,175,4,96,96,1,512,512,3,3,1,1,1,1,1.0734044313430786,162.05091986657152,100619576
grouped_conv_forward_bf16_2d_32x64x128_compv4,175,4,96,96,1,512,512,3,3,1,1,1,1,1.5151803493499756,114.8022910689307,100567662
grouped_conv_forward_bf16_2d_32x64x128_compv5,175,4,96,96,1,512,512,3,3,1,1,1,1,1.0723447799682617,162.21105258063392,100605326
grouped_conv_forward_bf16_2d_64x64x128_compv3,175,4,96,96,1,512,512,3,3,1,1,1,1,1.0019923448562622,173.60030381564735,100604629
grouped_conv_forward_bf16_2d_64x64x128_compv4,175,4,96,96,1,512,512,3,3,1,1,1,1,1.867675542831421,93.13511447726906,100582672
grouped_conv_forward_bf16_2d_64x64x128_compv5,175,4,96,96,1,512,512,3,3,1,1,1,1,0.9994403123855591,174.04358552719245,100603372
grouped_conv_forward_bf16_2d_128x64x128_compv3,175,4,96,96,1,512,512,3,3,1,1,1,1,0.988652229309082,175.9427332799947,100594224
grouped_conv_forward_bf16_2d_128x64x128_compv4,175,4,96,96,1,512,512,3,3,1,1,1,1,1.8672676086425781,93.15546131839734,100597032
grouped_conv_forward_bf16_2d_128x64x128_compv5,175,4,96,96,1,512,512,3,3,1,1,1,1,0.9856721758842468,176.47467357182202,100581038
grouped_conv_forward_bf16_2d_16x64x64_compv3,176,4,1008,168,1,14,14,1,1,1,1,0,0,0.012856001034379005,20.654275873961627,14896
grouped_conv_forward_bf16_2d_16x64x64_compv4,176,4,1008,168,1,14,14,1,1,1,1,0,0,0.010847999714314938,24.477451972054055,14896
grouped_conv_forward_bf16_2d_16x64x64_compv5,176,4,1008,168,1,14,14,1,1,1,1,0,0,0.012875999324023724,20.622196795597684,14896
grouped_conv_forward_bf16_2d_32x64x64_compv3,176,4,1008,168,1,14,14,1,1,1,1,0,0,0.016092101112008095,16.500728534563937,14896
grouped_conv_forward_bf16_2d_32x64x64_compv4,176,4,1008,168,1,14,14,1,1,1,1,0,0,0.013055999763309956,20.337882721643258,14896
grouped_conv_forward_bf16_2d_32x64x64_compv5,176,4,1008,168,1,14,14,1,1,1,1,0,0,0.01611199975013733,16.480349808703092,15127
grouped_conv_forward_bf16_2d_64x64x64_compv3,176,4,1008,168,1,14,14,1,1,1,1,0,0,0.019572099670767784,13.566832198212671,14896
grouped_conv_forward_bf16_2d_64x64x64_compv4,176,4,1008,168,1,14,14,1,1,1,1,0,0,0.01904419995844364,13.942900861123922,14896
grouped_conv_forward_bf16_2d_64x64x64_compv5,176,4,1008,168,1,14,14,1,1,1,1,0,0,0.019624100998044014,13.530881849133685,14896
grouped_conv_forward_bf16_2d_32x128x64_compv3,176,4,1008,168,1,14,14,1,1,1,1,0,0,0.018856100738048553,14.08198840729572,14896
grouped_conv_forward_bf16_2d_32x128x64_compv4,176,4,1008,168,1,14,14,1,1,1,1,0,0,0.013760100118815899,19.29719912698207,14896
grouped_conv_forward_bf16_2d_32x128x64_compv5,176,4,1008,168,1,14,14,1,1,1,1,0,0,0.018964100629091263,14.001791974920772,14896
grouped_conv_forward_bf16_2d_64x128x64_compv3,176,4,1008,168,1,14,14,1,1,1,1,0,0,0.0223401989787817,11.885811413416537,15209
grouped_conv_forward_bf16_2d_64x128x64_compv4,176,4,1008,168,1,14,14,1,1,1,1,0,0,0.020312201231718063,13.072506961252698,15536
grouped_conv_forward_bf16_2d_64x128x64_compv5,176,4,1008,168,1,14,14,1,1,1,1,0,0,0.022892199456691742,11.599208389842204,14896
grouped_conv_forward_bf16_2d_128x128x64_compv3,176,4,1008,168,1,14,14,1,1,1,1,0,0,0.02287209965288639,11.609401674082456,14896
grouped_conv_forward_bf16_2d_128x128x64_compv4,176,4,1008,168,1,14,14,1,1,1,1,0,0,0.019812099635601044,13.402486202060961,14896
grouped_conv_forward_bf16_2d_128x128x64_compv5,176,4,1008,168,1,14,14,1,1,1,1,0,0,0.023256201297044754,11.417659686052941,14896
grouped_conv_forward_bf16_2d_16x64x128_compv3,176,4,1008,168,1,14,14,1,1,1,1,0,0,0.010395999997854233,25.541688346941758,14896
grouped_conv_forward_bf16_2d_16x64x128_compv4,176,4,1008,168,1,14,14,1,1,1,1,0,0,0.011284099891781807,23.531464143931064,14896
grouped_conv_forward_bf16_2d_16x64x128_compv5,176,4,1008,168,1,14,14,1,1,1,1,0,0,0.010332000441849232,25.699901339964995,14896
grouped_conv_forward_bf16_2d_32x64x128_compv3,176,4,1008,168,1,14,14,1,1,1,1,0,0,0.012372000142931938,21.462284912088105,14896
grouped_conv_forward_bf16_2d_32x64x128_compv4,176,4,1008,168,1,14,14,1,1,1,1,0,0,0.013228100724518299,20.073281684938888,15309
grouped_conv_forward_bf16_2d_32x64x128_compv5,176,4,1008,168,1,14,14,1,1,1,1,0,0,0.012172100134193897,21.814755799951765,14896
grouped_conv_forward_bf16_2d_64x64x128_compv3,176,4,1008,168,1,14,14,1,1,1,1,0,0,0.01610809937119484,16.484340323529047,14896
grouped_conv_forward_bf16_2d_64x64x128_compv4,176,4,1008,168,1,14,14,1,1,1,1,0,0,0.018980201333761215,13.989914402419087,14896
grouped_conv_forward_bf16_2d_64x64x128_compv5,176,4,1008,168,1,14,14,1,1,1,1,0,0,0.01602409966289997,16.570752652941582,14896
grouped_conv_forward_bf16_2d_128x64x128_compv3,176,4,1008,168,1,14,14,1,1,1,1,0,0,0.016172099858522415,16.419104156104353,14896
grouped_conv_forward_bf16_2d_128x64x128_compv4,176,4,1008,168,1,14,14,1,1,1,1,0,0,0.019308101385831833,13.752330521469363,14896
grouped_conv_forward_bf16_2d_128x64x128_compv5,176,4,1008,168,1,14,14,1,1,1,1,0,0,0.016272099688649178,16.318200913261673,14896
grouped_conv_forward_bf16_2d_16x64x64_compv3,177,4,624,176,1,7,7,1,1,1,1,0,0,0.00914399977773428,4.708115600005764,34496
grouped_conv_forward_bf16_2d_16x64x64_compv4,177,4,624,176,1,7,7,1,1,1,1,0,0,0.007556000258773565,5.697592181791127,34496
grouped_conv_forward_bf16_2d_16x64x64_compv5,177,4,624,176,1,7,7,1,1,1,1,0,0,0.009068099781870842,4.74752252793563,34496
grouped_conv_forward_bf16_2d_32x64x64_compv3,177,4,624,176,1,7,7,1,1,1,1,0,0,0.011247999966144562,3.8274367113779824,34496
grouped_conv_forward_bf16_2d_32x64x64_compv4,177,4,624,176,1,7,7,1,1,1,1,0,0,0.009384000673890114,4.5877029953529735,34496
grouped_conv_forward_bf16_2d_32x64x64_compv5,177,4,624,176,1,7,7,1,1,1,1,0,0,0.011123999953269958,3.870101418630888,34496
grouped_conv_forward_bf16_2d_64x64x64_compv3,177,4,624,176,1,7,7,1,1,1,1,0,0,0.013808099552989006,3.117808343920931,34496
grouped_conv_forward_bf16_2d_64x64x64_compv4,177,4,624,176,1,7,7,1,1,1,1,0,0,0.012732001021504402,3.381323008636794,33472
grouped_conv_forward_bf16_2d_64x64x64_compv5,177,4,624,176,1,7,7,1,1,1,1,0,0,0.013847999274730682,3.1088251194927405,34496
grouped_conv_forward_bf16_2d_32x128x64_compv3,177,4,624,176,1,7,7,1,1,1,1,0,0,0.013752100057899952,3.130504273437799,34496
grouped_conv_forward_bf16_2d_32x128x64_compv4,177,4,624,176,1,7,7,1,1,1,1,0,0,0.0091801006346941,4.689600878371476,34496
grouped_conv_forward_bf16_2d_32x128x64_compv5,177,4,624,176,1,7,7,1,1,1,1,0,0,0.013404099270701408,3.211779257268007,34496
grouped_conv_forward_bf16_2d_64x128x64_compv3,177,4,624,176,1,7,7,1,1,1,1,0,0,0.01563210040330887,2.75401301739895,34496
grouped_conv_forward_bf16_2d_64x128x64_compv4,177,4,624,176,1,7,7,1,1,1,1,0,0,0.012600099667906761,3.416719639897262,34496
grouped_conv_forward_bf16_2d_64x128x64_compv5,177,4,624,176,1,7,7,1,1,1,1,0,0,0.01621210016310215,2.6554861842009667,34496
grouped_conv_forward_bf16_2d_128x128x64_compv3,177,4,624,176,1,7,7,1,1,1,1,0,0,0.016096100211143494,2.6746235072639117,34496
grouped_conv_forward_bf16_2d_128x128x64_compv4,177,4,624,176,1,7,7,1,1,1,1,0,0,0.012732001021504402,3.381323008636794,34496
grouped_conv_forward_bf16_2d_128x128x64_compv5,177,4,624,176,1,7,7,1,1,1,1,0,0,0.016084101051092148,2.676618846353041,34496
grouped_conv_forward_bf16_2d_16x64x128_compv3,177,4,624,176,1,7,7,1,1,1,1,0,0,0.007631999906152487,5.64085541527519,34496
grouped_conv_forward_bf16_2d_16x64x128_compv4,177,4,624,176,1,7,7,1,1,1,1,0,0,0.00797209981828928,5.400209352777302,34496
grouped_conv_forward_bf16_2d_16x64x128_compv5,177,4,624,176,1,7,7,1,1,1,1,0,0,0.0075439997017383575,5.706655580869096,34496
grouped_conv_forward_bf16_2d_32x64x128_compv3,177,4,624,176,1,7,7,1,1,1,1,0,0,0.009444000199437141,4.558556447570366,34496
grouped_conv_forward_bf16_2d_32x64x128_compv4,177,4,624,176,1,7,7,1,1,1,1,0,0,0.009400100447237492,4.579845528422184,34496
grouped_conv_forward_bf16_2d_32x64x128_compv5,177,4,624,176,1,7,7,1,1,1,1,0,0,0.00887600053101778,4.850271003201876,34496
grouped_conv_forward_bf16_2d_64x64x128_compv3,177,4,624,176,1,7,7,1,1,1,1,0,0,0.011656099930405617,3.6934316158099274,34496
grouped_conv_forward_bf16_2d_64x64x128_compv4,177,4,624,176,1,7,7,1,1,1,1,0,0,0.012808099389076233,3.3612331300862115,34496
grouped_conv_forward_bf16_2d_64x64x128_compv5,177,4,624,176,1,7,7,1,1,1,1,0,0,0.011588100343942642,3.715104868116172,34496
grouped_conv_forward_bf16_2d_128x64x128_compv3,177,4,624,176,1,7,7,1,1,1,1,0,0,0.012460099533200264,3.4551094784828527,34496
grouped_conv_forward_bf16_2d_128x64x128_compv4,177,4,624,176,1,7,7,1,1,1,1,0,0,0.013016000390052795,3.307545076051229,34496
grouped_conv_forward_bf16_2d_128x64x128_compv5,177,4,624,176,1,7,7,1,1,1,1,0,0,0.012612099759280682,3.4134687182695873,34496
grouped_conv_forward_bf16_2d_16x64x64_compv3,178,1,160,64,1,7,7,1,1,1,1,0,0,0.005063999909907579,0.19816746008163233,3136
grouped_conv_forward_bf16_2d_16x64x64_compv4,178,1,160,64,1,7,7,1,1,1,1,0,0,0.0054120998829603195,0.1854215594134772,3136
grouped_conv_forward_bf16_2d_16x64x64_compv5,178,1,160,64,1,7,7,1,1,1,1,0,0,0.004631999880075455,0.21664940111864872,3136
grouped_conv_forward_bf16_2d_32x64x64_compv3,178,1,160,64,1,7,7,1,1,1,1,0,0,0.00568810012191534,0.17642446132999626,3136
grouped_conv_forward_bf16_2d_32x64x64_compv4,178,1,160,64,1,7,7,1,1,1,1,0,0,0.005508000031113625,0.18219317253654865,3136
grouped_conv_forward_bf16_2d_32x64x64_compv5,178,1,160,64,1,7,7,1,1,1,1,0,0,0.006564000155776739,0.15288238515912259,3136
grouped_conv_forward_bf16_2d_64x64x64_compv3,178,1,160,64,1,7,7,1,1,1,1,0,0,0.00785209983587265,0.12780275607492617,3136
grouped_conv_forward_bf16_2d_64x64x64_compv4,178,1,160,64,1,7,7,1,1,1,1,0,0,0.008020000532269478,0.12512717374047688,3136
grouped_conv_forward_bf16_2d_64x64x64_compv5,178,1,160,64,1,7,7,1,1,1,1,0,0,0.006716100033372641,0.1494200495843508,3136
grouped_conv_forward_bf16_2d_32x128x64_compv3,178,1,160,64,1,7,7,1,1,1,1,0,0,0.007447999902069569,0.13473684387685786,3136
grouped_conv_forward_bf16_2d_32x128x64_compv4,178,1,160,64,1,7,7,1,1,1,1,0,0,0.006172100082039833,0.16258971608709627,3136
grouped_conv_forward_bf16_2d_32x128x64_compv5,178,1,160,64,1,7,7,1,1,1,1,0,0,0.00585199985653162,0.17148325779262222,3136
grouped_conv_forward_bf16_2d_64x128x64_compv3,178,1,160,64,1,7,7,1,1,1,1,0,0,0.007344000041484833,0.1366448794024115,3136
grouped_conv_forward_bf16_2d_64x128x64_compv4,178,1,160,64,1,7,7,1,1,1,1,0,0,0.0071881003677845,0.1396085124934479,3136
grouped_conv_forward_bf16_2d_64x128x64_compv5,178,1,160,64,1,7,7,1,1,1,1,0,0,0.0074800001457333565,0.1341604251936298,3136
grouped_conv_forward_bf16_2d_128x128x64_compv3,178,1,160,64,1,7,7,1,1,1,1,0,0,0.007952000014483929,0.12619718286873352,3136
grouped_conv_forward_bf16_2d_128x128x64_compv4,178,1,160,64,1,7,7,1,1,1,1,0,0,0.007248000241816044,0.13845474151758033,3136
grouped_conv_forward_bf16_2d_128x128x64_compv5,178,1,160,64,1,7,7,1,1,1,1,0,0,0.007815999910235405,0.1283930413926752,3136
grouped_conv_forward_bf16_2d_16x64x128_compv3,178,1,160,64,1,7,7,1,1,1,1,0,0,0.005692000035196543,0.17630358288733722,3136
grouped_conv_forward_bf16_2d_16x64x128_compv4,178,1,160,64,1,7,7,1,1,1,1,0,0,0.0047519998624920845,0.21117845728929072,3136
grouped_conv_forward_bf16_2d_16x64x128_compv5,178,1,160,64,1,7,7,1,1,1,1,0,0,0.004379999823868275,0.2291141644644459,3136
grouped_conv_forward_bf16_2d_32x64x128_compv3,178,1,160,64,1,7,7,1,1,1,1,0,0,0.005724000278860331,0.1753179509278089,3136
grouped_conv_forward_bf16_2d_32x64x128_compv4,178,1,160,64,1,7,7,1,1,1,1,0,0,0.005468000192195177,0.18352596282501737,3136
grouped_conv_forward_bf16_2d_32x64x128_compv5,178,1,160,64,1,7,7,1,1,1,1,0,0,0.006032099947333336,0.1663632911857893,3136
grouped_conv_forward_bf16_2d_64x64x128_compv3,178,1,160,64,1,7,7,1,1,1,1,0,0,0.006251999642699957,0.16051184538561888,3136
grouped_conv_forward_bf16_2d_64x64x128_compv4,178,1,160,64,1,7,7,1,1,1,1,0,0,0.007947999984025955,0.12626069476810442,3136
grouped_conv_forward_bf16_2d_64x64x128_compv5,178,1,160,64,1,7,7,1,1,1,1,0,0,0.0062200999818742275,0.16133502723819906,3136
grouped_conv_forward_bf16_2d_128x64x128_compv3,178,1,160,64,1,7,7,1,1,1,1,0,0,0.00773209985345602,0.12978621836491883,3136
grouped_conv_forward_bf16_2d_128x64x128_compv4,178,1,160,64,1,7,7,1,1,1,1,0,0,0.007068099919706583,0.1419787512061175,3136
grouped_conv_forward_bf16_2d_128x64x128_compv5,178,1,160,64,1,7,7,1,1,1,1,0,0,0.008532100357115269,0.11761699440901717,3136
grouped_conv_forward_bf16_2d_16x64x64_compv3,179,1,256,1280,1,14,14,1,1,2,2,0,0,0.005531999748200178,5.804888189022019,62720
grouped_conv_forward_bf16_2d_16x64x64_compv4,179,1,256,1280,1,14,14,1,1,2,2,0,0,0.00482399994507432,6.656849163688219,62720
grouped_conv_forward_bf16_2d_16x64x64_compv5,179,1,256,1280,1,14,14,1,1,2,2,0,0,0.005463999696075916,5.877130634370707,62720
grouped_conv_forward_bf16_2d_32x64x64_compv3,179,1,256,1280,1,14,14,1,1,2,2,0,0,0.006712100002914667,4.7842910543727575,62720
grouped_conv_forward_bf16_2d_32x64x64_compv4,179,1,256,1280,1,14,14,1,1,2,2,0,0,0.00568810012191534,5.64558276255988,62720
grouped_conv_forward_bf16_2d_32x64x64_compv5,179,1,256,1280,1,14,14,1,1,2,2,0,0,0.006635999772697687,4.839156283898646,62720
grouped_conv_forward_bf16_2d_64x64x64_compv3,179,1,256,1280,1,14,14,1,1,2,2,0,0,0.007939999923110008,4.04441313740238,62720
grouped_conv_forward_bf16_2d_64x64x64_compv4,179,1,256,1280,1,14,14,1,1,2,2,0,0,0.007304000202566385,4.396582572480854,62720
grouped_conv_forward_bf16_2d_64x64x64_compv5,179,1,256,1280,1,14,14,1,1,2,2,0,0,0.007992000319063663,4.018097937684053,62720
grouped_conv_forward_bf16_2d_32x128x64_compv3,179,1,256,1280,1,14,14,1,1,2,2,0,0,0.007412000093609095,4.332520182735659,62720
grouped_conv_forward_bf16_2d_32x128x64_compv4,179,1,256,1280,1,14,14,1,1,2,2,0,0,0.005660000257194042,5.673611049607958,62720
grouped_conv_forward_bf16_2d_32x128x64_compv5,179,1,256,1280,1,14,14,1,1,2,2,0,0,0.0077160997316241264,4.161770987535014,62720
grouped_conv_forward_bf16_2d_64x128x64_compv3,179,1,256,1280,1,14,14,1,1,2,2,0,0,0.008800099603831768,3.64912233334466,62720
grouped_conv_forward_bf16_2d_64x128x64_compv4,179,1,256,1280,1,14,14,1,1,2,2,0,0,0.007868099957704544,4.081371636433634,62720
grouped_conv_forward_bf16_2d_64x128x64_compv5,179,1,256,1280,1,14,14,1,1,2,2,0,0,0.009272100403904915,3.4633619785303305,62720
grouped_conv_forward_bf16_2d_128x128x64_compv3,179,1,256,1280,1,14,14,1,1,2,2,0,0,0.009292100556194782,3.455907499687076,62720
grouped_conv_forward_bf16_2d_128x128x64_compv4,179,1,256,1280,1,14,14,1,1,2,2,0,0,0.007756100036203861,4.1403076095079845,62720
grouped_conv_forward_bf16_2d_128x128x64_compv5,179,1,256,1280,1,14,14,1,1,2,2,0,0,0.009336099959909916,3.4396204130091443,62720
grouped_conv_forward_bf16_2d_16x64x128_compv3,179,1,256,1280,1,14,14,1,1,2,2,0,0,0.00481600034981966,6.667906492407645,62720
grouped_conv_forward_bf16_2d_16x64x128_compv4,179,1,256,1280,1,14,14,1,1,2,2,0,0,0.0056640999391674995,5.669504483481954,62720
grouped_conv_forward_bf16_2d_16x64x128_compv5,179,1,256,1280,1,14,14,1,1,2,2,0,0,0.004544000141322613,7.067042033729567,62720
grouped_conv_forward_bf16_2d_32x64x128_compv3,179,1,256,1280,1,14,14,1,1,2,2,0,0,0.006212000269442797,5.169452448024513,62720
grouped_conv_forward_bf16_2d_32x64x128_compv4,179,1,256,1280,1,14,14,1,1,2,2,0,0,0.005816100165247917,5.521335446022389,62720
grouped_conv_forward_bf16_2d_32x64x128_compv5,179,1,256,1280,1,14,14,1,1,2,2,0,0,0.00521599967032671,6.156564806298883,62720
grouped_conv_forward_bf16_2d_64x64x128_compv3,179,1,256,1280,1,14,14,1,1,2,2,0,0,0.006504099816083908,4.937292001667786,62720
grouped_conv_forward_bf16_2d_64x64x128_compv4,179,1,256,1280,1,14,14,1,1,2,2,0,0,0.007240000180900097,4.435447402987173,62720
grouped_conv_forward_bf16_2d_64x64x128_compv5,179,1,256,1280,1,14,14,1,1,2,2,0,0,0.0064600994810462,4.970920354124241,62720
grouped_conv_forward_bf16_2d_128x64x128_compv3,179,1,256,1280,1,14,14,1,1,2,2,0,0,0.007288000080734491,4.406234857884861,62720
grouped_conv_forward_bf16_2d_128x64x128_compv4,179,1,256,1280,1,14,14,1,1,2,2,0,0,0.007724100258201361,4.1574602771245965,62384
grouped_conv_forward_bf16_2d_128x64x128_compv5,179,1,256,1280,1,14,14,1,1,2,2,0,0,0.007060000207275152,4.548532444362924,62720
grouped_conv_forward_bf16_2d_16x64x64_compv3,180,1,128,16,1,56,56,3,3,1,1,1,1,0.013663999736309052,8.460590327208804,49856
grouped_conv_forward_bf16_2d_16x64x64_compv4,180,1,128,16,1,56,56,3,3,1,1,1,1,0.011276000179350376,10.252350315824504,49816
grouped_conv_forward_bf16_2d_16x64x64_compv5,180,1,128,16,1,56,56,3,3,1,1,1,1,0.013435999862849712,8.604160849960042,49984
grouped_conv_forward_bf16_2d_32x64x64_compv3,180,1,128,16,1,56,56,3,3,1,1,1,1,0.01650010049343109,7.006351509557416,50176
grouped_conv_forward_bf16_2d_32x64x64_compv4,180,1,128,16,1,56,56,3,3,1,1,1,1,0.01341210026293993,8.619492975267939,50176
grouped_conv_forward_bf16_2d_32x64x64_compv5,180,1,128,16,1,56,56,3,3,1,1,1,1,0.01642809994518757,7.037058721685301,50176
grouped_conv_forward_bf16_2d_64x64x64_compv3,180,1,128,16,1,56,56,3,3,1,1,1,1,0.02096409909427166,5.5144513236721275,48992
grouped_conv_forward_bf16_2d_64x64x64_compv4,180,1,128,16,1,56,56,3,3,1,1,1,1,0.019216099753975868,6.01607534724006,50176
grouped_conv_forward_bf16_2d_64x64x64_compv5,180,1,128,16,1,56,56,3,3,1,1,1,1,0.021608099341392517,5.350100542093764,49082
grouped_conv_forward_bf16_2d_32x128x64_compv3,180,1,128,16,1,56,56,3,3,1,1,1,1,0.019488099962472916,5.932107502661352,50176
grouped_conv_forward_bf16_2d_32x128x64_compv4,180,1,128,16,1,56,56,3,3,1,1,1,1,0.013352100737392902,8.658225868251863,50176
grouped_conv_forward_bf16_2d_32x128x64_compv5,180,1,128,16,1,56,56,3,3,1,1,1,1,0.019512100145220757,5.924810919357449,50176
grouped_conv_forward_bf16_2d_64x128x64_compv3,180,1,128,16,1,56,56,3,3,1,1,1,1,0.02409609965980053,4.797685336306291,49189
grouped_conv_forward_bf16_2d_64x128x64_compv4,180,1,128,16,1,56,56,3,3,1,1,1,1,0.019604099914431572,5.897006468269269,50176
grouped_conv_forward_bf16_2d_64x128x64_compv5,180,1,128,16,1,56,56,3,3,1,1,1,1,0.024072200059890747,4.802448621745323,50176
grouped_conv_forward_bf16_2d_128x128x64_compv3,180,1,128,16,1,56,56,3,3,1,1,1,1,0.022676099091768265,5.098121309672984,50176
grouped_conv_forward_bf16_2d_128x128x64_compv4,180,1,128,16,1,56,56,3,3,1,1,1,1,0.019596200436353683,5.899383626712435,50176
grouped_conv_forward_bf16_2d_128x128x64_compv5,180,1,128,16,1,56,56,3,3,1,1,1,1,0.023356199264526367,4.949671078358319,50176
grouped_conv_forward_bf16_2d_16x64x128_compv3,180,1,128,16,1,56,56,3,3,1,1,1,1,0.010652000084519386,10.852938704723647,49472
grouped_conv_forward_bf16_2d_16x64x128_compv4,180,1,128,16,1,56,56,3,3,1,1,1,1,0.010684000328183174,10.820432464331349,49936
grouped_conv_forward_bf16_2d_16x64x128_compv5,180,1,128,16,1,56,56,3,3,1,1,1,1,0.010567999444901943,10.939204208206945,49536
grouped_conv_forward_bf16_2d_32x64x128_compv3,180,1,128,16,1,56,56,3,3,1,1,1,1,0.013403999619185925,8.624702125067738,50176
grouped_conv_forward_bf16_2d_32x64x128_compv4,180,1,128,16,1,56,56,3,3,1,1,1,1,0.01423600036650896,8.120644915967327,50176
grouped_conv_forward_bf16_2d_32x64x128_compv5,180,1,128,16,1,56,56,3,3,1,1,1,1,0.012612099759280682,9.166237677031619,50176
grouped_conv_forward_bf16_2d_64x64x128_compv3,180,1,128,16,1,56,56,3,3,1,1,1,1,0.01685599982738495,6.8584186748852805,48428
grouped_conv_forward_bf16_2d_64x64x128_compv4,180,1,128,16,1,56,56,3,3,1,1,1,1,0.019704099744558334,5.867078704365912,50176
grouped_conv_forward_bf16_2d_64x64x128_compv5,180,1,128,16,1,56,56,3,3,1,1,1,1,0.016704101115465164,6.920785692141728,48254
grouped_conv_forward_bf16_2d_128x64x128_compv3,180,1,128,16,1,56,56,3,3,1,1,1,1,0.01658809930086136,6.969183262243736,50176
grouped_conv_forward_bf16_2d_128x64x128_compv4,180,1,128,16,1,56,56,3,3,1,1,1,1,0.019016100093722343,6.079348732401975,50176
grouped_conv_forward_bf16_2d_128x64x128_compv5,180,1,128,16,1,56,56,3,3,1,1,1,1,0.016260098665952682,7.109766451913879,50176
grouped_conv_forward_bf16_2d_16x64x64_compv3,181,1,64,128,1,1025,1025,3,3,2,2,0,0,0.2966577112674713,130.30069401819225,33554432
grouped_conv_forward_bf16_2d_16x64x64_compv4,181,1,64,128,1,1025,1025,3,3,2,2,0,0,0.35754281282424927,108.11210371889305,33554200
grouped_conv_forward_bf16_2d_16x64x64_compv5,181,1,64,128,1,1025,1025,3,3,2,2,0,0,0.29803040623664856,129.7005434851723,33554432
grouped_conv_forward_bf16_2d_32x64x64_compv3,181,1,64,128,1,1025,1025,3,3,2,2,0,0,0.23007790744304657,168.00702898242665,33553472
grouped_conv_forward_bf16_2d_32x64x64_compv4,181,1,64,128,1,1025,1025,3,3,2,2,0,0,0.3046185076236725,126.89546004786503,33552648
grouped_conv_forward_bf16_2d_32x64x64_compv5,181,1,64,128,1,1025,1025,3,3,2,2,0,0,0.23602990806102753,163.7703712277238,33553008
grouped_conv_forward_bf16_2d_64x64x64_compv3,181,1,64,128,1,1025,1025,3,3,2,2,0,0,0.18075349926948547,213.85315260961937,33551488
grouped_conv_forward_bf16_2d_64x64x64_compv4,181,1,64,128,1,1025,1025,3,3,2,2,0,0,0.35513490438461304,108.84513233353358,33544512
grouped_conv_forward_bf16_2d_64x64x64_compv5,181,1,64,128,1,1025,1025,3,3,2,2,0,0,0.1827854961156845,211.47578164262842,33550288
grouped_conv_forward_bf16_2d_32x128x64_compv3,181,1,64,128,1,1025,1025,3,3,2,2,0,0,0.1583053022623062,244.17821204719056,33554432
grouped_conv_forward_bf16_2d_32x128x64_compv4,181,1,64,128,1,1025,1025,3,3,2,2,0,0,0.2986064851284027,129.45032204299994,33553870
grouped_conv_forward_bf16_2d_32x128x64_compv5,181,1,64,128,1,1025,1025,3,3,2,2,0,0,0.1631132960319519,236.98071588491484,33554240
grouped_conv_forward_bf16_2d_64x128x64_compv3,181,1,64,128,1,1025,1025,3,3,2,2,0,0,0.13596509397029877,284.29874562101963,33549836
grouped_conv_forward_bf16_2d_64x128x64_compv4,181,1,64,128,1,1025,1025,3,3,2,2,0,0,0.35465091466903687,108.99367255283379,33544640
grouped_conv_forward_bf16_2d_64x128x64_compv5,181,1,64,128,1,1025,1025,3,3,2,2,0,0,0.1336410939693451,289.2426611897289,33549952
grouped_conv_forward_bf16_2d_128x128x64_compv3,181,1,64,128,1,1025,1025,3,3,2,2,0,0,0.13102909922599792,295.0085583457204,33524256
grouped_conv_forward_bf16_2d_128x128x64_compv4,181,1,64,128,1,1025,1025,3,3,2,2,0,0,0.3547348976135254,108.96786846754873,33544768
grouped_conv_forward_bf16_2d_128x128x64_compv5,181,1,64,128,1,1025,1025,3,3,2,2,0,0,0.12914898991584778,299.30319771906096,33522272
grouped_conv_forward_bf16_2d_16x64x128_compv3,181,1,64,128,1,1025,1025,3,3,2,2,0,0,0.2977505028247833,129.82246981039378,33554208
grouped_conv_forward_bf16_2d_16x64x128_compv4,181,1,64,128,1,1025,1025,3,3,2,2,0,0,0.36054298281669617,107.21247536705619,33554256
grouped_conv_forward_bf16_2d_16x64x128_compv5,181,1,64,128,1,1025,1025,3,3,2,2,0,0,0.30545398592948914,126.54837535144503,33554160
grouped_conv_forward_bf16_2d_32x64x128_compv3,181,1,64,128,1,1025,1025,3,3,2,2,0,0,0.21746179461479187,177.7540083878747,33552504
grouped_conv_forward_bf16_2d_32x64x128_compv4,181,1,64,128,1,1025,1025,3,3,2,2,0,0,0.3029263913631439,127.60428528546818,33554284
grouped_conv_forward_bf16_2d_32x64x128_compv5,181,1,64,128,1,1025,1025,3,3,2,2,0,0,0.21874579787254333,176.71062045508617,33552752
grouped_conv_forward_bf16_2d_64x64x128_compv3,181,1,64,128,1,1025,1025,3,3,2,2,0,0,0.20109359920024872,192.22245669544012,33550400
grouped_conv_forward_bf16_2d_64x64x128_compv4,181,1,64,128,1,1025,1025,3,3,2,2,0,0,0.35459890961647034,109.00965743467299,33545472
grouped_conv_forward_bf16_2d_64x64x128_compv5,181,1,64,128,1,1025,1025,3,3,2,2,0,0,0.201009601354599,192.30278257111522,33549688
grouped_conv_forward_bf16_2d_128x64x128_compv3,181,1,64,128,1,1025,1025,3,3,2,2,0,0,0.19372160732746124,199.53739904015578,33533984
grouped_conv_forward_bf16_2d_128x64x128_compv4,181,1,64,128,1,1025,1025,3,3,2,2,0,0,0.3546549081802368,108.99244525429083,33544576
grouped_conv_forward_bf16_2d_128x64x128_compv5,181,1,64,128,1,1025,1025,3,3,2,2,0,0,0.19609759747982025,197.11973099506142,33537168
grouped_conv_forward_bf16_2d_16x64x64_compv3,182,1,32,32,1,128,128,3,3,1,1,1,1,0.009171999990940094,32.92519497364797,522048
grouped_conv_forward_bf16_2d_16x64x64_compv4,182,1,32,32,1,128,128,3,3,1,1,1,1,0.009271999821066856,32.57009208669855,523676
grouped_conv_forward_bf16_2d_16x64x64_compv5,182,1,32,32,1,128,128,3,3,1,1,1,1,0.009159999899566174,32.96832874575714,523232
grouped_conv_forward_bf16_2d_32x64x64_compv3,182,1,32,32,1,128,128,3,3,1,1,1,1,0.009076000191271305,33.27345544686456,522151
grouped_conv_forward_bf16_2d_32x64x64_compv4,182,1,32,32,1,128,128,3,3,1,1,1,1,0.007872099988162518,38.3620493202716,522192
grouped_conv_forward_bf16_2d_32x64x64_compv5,182,1,32,32,1,128,128,3,3,1,1,1,1,0.00817199982702732,36.954221046508884,522123
grouped_conv_forward_bf16_2d_64x64x64_compv3,182,1,32,32,1,128,128,3,3,1,1,1,1,0.00897200033068657,33.65914811294826,522688
grouped_conv_forward_bf16_2d_64x64x64_compv4,182,1,32,32,1,128,128,3,3,1,1,1,1,0.009039999917149544,33.405961368108315,522984
grouped_conv_forward_bf16_2d_64x64x64_compv5,182,1,32,32,1,128,128,3,3,1,1,1,1,0.009064000099897385,33.31750713500311,522582
grouped_conv_forward_bf16_2d_32x128x64_compv3,182,1,32,32,1,128,128,3,3,1,1,1,1,0.009488100185990334,31.828277745834047,523560
grouped_conv_forward_bf16_2d_32x128x64_compv4,182,1,32,32,1,128,128,3,3,1,1,1,1,0.007888100109994411,38.28423622785563,522180
grouped_conv_forward_bf16_2d_32x128x64_compv5,182,1,32,32,1,128,128,3,3,1,1,1,1,0.00946009997278452,31.922483786512377,523656
grouped_conv_forward_bf16_2d_64x128x64_compv3,182,1,32,32,1,128,128,3,3,1,1,1,1,0.01016009971499443,29.72312245659545,522840
grouped_conv_forward_bf16_2d_64x128x64_compv4,182,1,32,32,1,128,128,3,3,1,1,1,1,0.008652100339531898,34.903650691635235,522976
grouped_conv_forward_bf16_2d_64x128x64_compv5,182,1,32,32,1,128,128,3,3,1,1,1,1,0.010511999949812889,28.728109726196806,522944
grouped_conv_forward_bf16_2d_128x128x64_compv3,182,1,32,32,1,128,128,3,3,1,1,1,1,0.010528100654482841,28.68417560877074,522498
grouped_conv_forward_bf16_2d_128x128x64_compv4,182,1,32,32,1,128,128,3,3,1,1,1,1,0.009272100403904915,32.56973876952605,522980
grouped_conv_forward_bf16_2d_128x128x64_compv5,182,1,32,32,1,128,128,3,3,1,1,1,1,0.010456100106239319,28.88169441107377,524288
grouped_conv_forward_bf16_2d_16x64x128_compv3,182,1,32,32,1,128,128,3,3,1,1,1,1,0.008624100126326084,35.01697378003998,523562
grouped_conv_forward_bf16_2d_16x64x128_compv4,182,1,32,32,1,128,128,3,3,1,1,1,1,0.00928799994289875,32.5139846960152,524098
grouped_conv_forward_bf16_2d_16x64x128_compv5,182,1,32,32,1,128,128,3,3,1,1,1,1,0.008587999269366264,35.16417253052291,523354
grouped_conv_forward_bf16_2d_32x64x128_compv3,182,1,32,32,1,128,128,3,3,1,1,1,1,0.008371999487280846,36.071417402592765,522184
grouped_conv_forward_bf16_2d_32x64x128_compv4,182,1,32,32,1,128,128,3,3,1,1,1,1,0.007676099892705679,39.34157869505712,522204
grouped_conv_forward_bf16_2d_32x64x128_compv5,182,1,32,32,1,128,128,3,3,1,1,1,1,0.007735999766737223,39.03695670965214,522192
grouped_conv_forward_bf16_2d_64x64x128_compv3,182,1,32,32,1,128,128,3,3,1,1,1,1,0.008776100352406502,34.410487104012105,522952
grouped_conv_forward_bf16_2d_64x64x128_compv4,182,1,32,32,1,128,128,3,3,1,1,1,1,0.008615999482572079,35.049896255315105,522964
grouped_conv_forward_bf16_2d_64x64x128_compv5,182,1,32,32,1,128,128,3,3,1,1,1,1,0.008791999891400337,34.34825884101562,523080
grouped_conv_forward_bf16_2d_128x64x128_compv3,182,1,32,32,1,128,128,3,3,1,1,1,1,0.009024100378155708,33.464819244588114,524288
grouped_conv_forward_bf16_2d_128x64x128_compv4,182,1,32,32,1,128,128,3,3,1,1,1,1,0.008776100352406502,34.410487104012105,522952
grouped_conv_forward_bf16_2d_128x64x128_compv5,182,1,32,32,1,128,128,3,3,1,1,1,1,0.009040100499987602,33.405589683479086,522194
grouped_conv_forward_bf16_2d_16x64x64_compv3,183,1,48,64,1,256,256,1,1,1,1,0,0,0.010168000124394894,39.60003728107372,4191849
grouped_conv_forward_bf16_2d_16x64x64_compv4,183,1,48,64,1,256,256,1,1,1,1,0,0,0.01894409954547882,21.254807230787424,4193002
grouped_conv_forward_bf16_2d_16x64x64_compv5,183,1,48,64,1,256,256,1,1,1,1,0,0,0.010188099928200245,39.521911527926065,4192069
grouped_conv_forward_bf16_2d_32x64x64_compv3,183,1,48,64,1,256,256,1,1,1,1,0,0,0.009247999638319016,43.53948959206374,4191005
grouped_conv_forward_bf16_2d_32x64x64_compv4,183,1,48,64,1,256,256,1,1,1,1,0,0,0.017024099826812744,23.651951533192157,4192100
grouped_conv_forward_bf16_2d_32x64x64_compv5,183,1,48,64,1,256,256,1,1,1,1,0,0,0.00891599990427494,45.160743418911494,4188319
grouped_conv_forward_bf16_2d_64x64x64_compv3,183,1,48,64,1,256,256,1,1,1,1,0,0,0.00875609926879406,45.985452156192345,4186336
grouped_conv_forward_bf16_2d_64x64x64_compv4,183,1,48,64,1,256,256,1,1,1,1,0,0,0.021344099193811417,18.86484785999995,4192384
grouped_conv_forward_bf16_2d_64x64x64_compv5,183,1,48,64,1,256,256,1,1,1,1,0,0,0.008739999495446682,46.070161011996866,4189058
grouped_conv_forward_bf16_2d_32x128x64_compv3,183,1,48,64,1,256,256,1,1,1,1,0,0,0.010812000371515751,37.241321694807844,4187304
grouped_conv_forward_bf16_2d_32x128x64_compv4,183,1,48,64,1,256,256,1,1,1,1,0,0,0.017052100971341133,23.613112816815068,4192099
grouped_conv_forward_bf16_2d_32x128x64_compv5,183,1,48,64,1,256,256,1,1,1,1,0,0,0.011099999770522118,36.275062371560765,4187120
grouped_conv_forward_bf16_2d_64x128x64_compv3,183,1,48,64,1,256,256,1,1,1,1,0,0,0.011612100526690483,34.67530986960535,4185133
grouped_conv_forward_bf16_2d_64x128x64_compv4,183,1,48,64,1,256,256,1,1,1,1,0,0,0.021316099911928177,18.889627355081085,4192384
grouped_conv_forward_bf16_2d_64x128x64_compv5,183,1,48,64,1,256,256,1,1,1,1,0,0,0.010764099657535553,37.40704720418648,4183941
grouped_conv_forward_bf16_2d_128x128x64_compv3,183,1,48,64,1,256,256,1,1,1,1,0,0,0.01089600007981062,36.95421999363627,4184316
grouped_conv_forward_bf16_2d_128x128x64_compv4,183,1,48,64,1,256,256,1,1,1,1,0,0,0.021232198923826218,18.964271456036197,4192384
grouped_conv_forward_bf16_2d_128x128x64_compv5,183,1,48,64,1,256,256,1,1,1,1,0,0,0.010755999945104122,37.43521625651163,4184568
grouped_conv_forward_bf16_2d_16x64x128_compv3,183,1,48,64,1,256,256,1,1,1,1,0,0,0.012472099624574184,32.28431427910015,4192933
grouped_conv_forward_bf16_2d_16x64x128_compv4,183,1,48,64,1,256,256,1,1,1,1,0,0,0.018932100385427475,21.26827852180271,4193186
grouped_conv_forward_bf16_2d_16x64x128_compv5,183,1,48,64,1,256,256,1,1,1,1,0,0,0.012424000538885593,32.409301878227154,4193219
grouped_conv_forward_bf16_2d_32x64x128_compv3,183,1,48,64,1,256,256,1,1,1,1,0,0,0.011020000092685223,36.53840114459439,4192472
grouped_conv_forward_bf16_2d_32x64x128_compv4,183,1,48,64,1,256,256,1,1,1,1,0,0,0.017048198729753494,23.618517732155865,4192381
grouped_conv_forward_bf16_2d_32x64x128_compv5,183,1,48,64,1,256,256,1,1,1,1,0,0,0.010924000293016434,36.859499560560316,4192397
grouped_conv_forward_bf16_2d_64x64x128_compv3,183,1,48,64,1,256,256,1,1,1,1,0,0,0.010860099457204342,37.0763808919714,4190400
grouped_conv_forward_bf16_2d_64x64x128_compv4,183,1,48,64,1,256,256,1,1,1,1,0,0,0.021240100264549255,18.957216726139823,4192384
grouped_conv_forward_bf16_2d_64x64x128_compv5,183,1,48,64,1,256,256,1,1,1,1,0,0,0.010800099931657314,37.28235725113438,4190969
grouped_conv_forward_bf16_2d_128x64x128_compv3,183,1,48,64,1,256,256,1,1,1,1,0,0,0.010991999879479408,36.6314763841746,4187918
grouped_conv_forward_bf16_2d_128x64x128_compv4,183,1,48,64,1,256,256,1,1,1,1,0,0,0.02119619958102703,18.996480121862017,4192384
grouped_conv_forward_bf16_2d_128x64x128_compv5,183,1,48,64,1,256,256,1,1,1,1,0,0,0.010975999757647514,36.684875445578605,4187726
grouped_conv_forward_bf16_2d_16x64x64_compv3,185,1,48,56,1,64,64,1,1,1,1,0,0,0.0035920001100748777,6.130316070491706,28976
grouped_conv_forward_bf16_2d_16x64x64_compv4,185,1,48,56,1,64,64,1,1,1,1,0,0,0.00478809978812933,4.598921696367374,28672
grouped_conv_forward_bf16_2d_16x64x64_compv5,185,1,48,56,1,64,64,1,1,1,1,0,0,0.003644099924713373,6.042670743100436,28714
grouped_conv_forward_bf16_2d_32x64x64_compv3,185,1,48,56,1,64,64,1,1,1,1,0,0,0.003936000168323517,5.594536346114829,28864
grouped_conv_forward_bf16_2d_32x64x64_compv4,185,1,48,56,1,64,64,1,1,1,1,0,0,0.005000100005418062,4.403931116605514,28672
grouped_conv_forward_bf16_2d_32x64x64_compv5,185,1,48,56,1,64,64,1,1,1,1,0,0,0.004060099832713604,5.423535604365342,28864
grouped_conv_forward_bf16_2d_64x64x64_compv3,185,1,48,56,1,64,64,1,1,1,1,0,0,0.0047079999931156635,4.677165682285298,28672
grouped_conv_forward_bf16_2d_64x64x64_compv4,185,1,48,56,1,64,64,1,1,1,1,0,0,0.006640099920332432,3.3162296146437478,28672
grouped_conv_forward_bf16_2d_64x64x64_compv5,185,1,48,56,1,64,64,1,1,1,1,0,0,0.005243999883532524,4.199103068089042,29248
grouped_conv_forward_bf16_2d_32x128x64_compv3,185,1,48,56,1,64,64,1,1,1,1,0,0,0.00520800007507205,4.228128971310617,28672
grouped_conv_forward_bf16_2d_32x128x64_compv4,185,1,48,56,1,64,64,1,1,1,1,0,0,0.005648000165820122,3.898742095168221,28712
grouped_conv_forward_bf16_2d_32x128x64_compv5,185,1,48,56,1,64,64,1,1,1,1,0,0,0.004540000110864639,4.850241291251046,28672
grouped_conv_forward_bf16_2d_64x128x64_compv3,185,1,48,56,1,64,64,1,1,1,1,0,0,0.005036000162363052,4.372536793101982,28672
grouped_conv_forward_bf16_2d_64x128x64_compv4,185,1,48,56,1,64,64,1,1,1,1,0,0,0.007023999933153391,3.1349795286962916,28928
grouped_conv_forward_bf16_2d_64x128x64_compv5,185,1,48,56,1,64,64,1,1,1,1,0,0,0.005040000192821026,4.369066499514308,28672
grouped_conv_forward_bf16_2d_128x128x64_compv3,185,1,48,56,1,64,64,1,1,1,1,0,0,0.005732099991291761,3.8415408024027937,28672
grouped_conv_forward_bf16_2d_128x128x64_compv4,185,1,48,56,1,64,64,1,1,1,1,0,0,0.0065321000292897224,3.3710592154533168,28928
grouped_conv_forward_bf16_2d_128x128x64_compv5,185,1,48,56,1,64,64,1,1,1,1,0,0,0.006263999734073877,3.515341145405658,28672
grouped_conv_forward_bf16_2d_16x64x128_compv3,185,1,48,56,1,64,64,1,1,1,1,0,0,0.0038880002684891224,5.663604547166612,28672
grouped_conv_forward_bf16_2d_16x64x128_compv4,185,1,48,56,1,64,64,1,1,1,1,0,0,0.00468400027602911,4.701130380519036,28672
grouped_conv_forward_bf16_2d_16x64x128_compv5,185,1,48,56,1,64,64,1,1,1,1,0,0,0.004431999754160643,4.968433488591267,28560
grouped_conv_forward_bf16_2d_32x64x128_compv3,185,1,48,56,1,64,64,1,1,1,1,0,0,0.004935999866575003,4.461121676504284,28792
grouped_conv_forward_bf16_2d_32x64x128_compv4,185,1,48,56,1,64,64,1,1,1,1,0,0,0.004964000079780817,4.435958027013627,28672
grouped_conv_forward_bf16_2d_32x64x128_compv5,185,1,48,56,1,64,64,1,1,1,1,0,0,0.004700100049376488,4.685027077864262,28768
grouped_conv_forward_bf16_2d_64x64x128_compv3,185,1,48,56,1,64,64,1,1,1,1,0,0,0.005979999899864197,3.6822903626637298,28672
grouped_conv_forward_bf16_2d_64x64x128_compv4,185,1,48,56,1,64,64,1,1,1,1,0,0,0.006424100138247013,3.4277323712467487,28672
grouped_conv_forward_bf16_2d_64x64x128_compv5,185,1,48,56,1,64,64,1,1,1,1,0,0,0.005108100362122059,4.310818981413315,28992
grouped_conv_forward_bf16_2d_128x64x128_compv3,185,1,48,56,1,64,64,1,1,1,1,0,0,0.005944100208580494,3.704529739961871,28672
grouped_conv_forward_bf16_2d_128x64x128_compv4,185,1,48,56,1,64,64,1,1,1,1,0,0,0.006583999842405319,3.3444861067851184,28672
grouped_conv_forward_bf16_2d_128x64x128_compv5,185,1,48,56,1,64,64,1,1,1,1,0,0,0.005756000056862831,3.825589955258187,28672
grouped_conv_forward_bf16_2d_16x64x64_compv3,188,4,128,32,1,512,512,3,3,1,1,1,1,0.9298260807991028,83.14394801827825,33548352
grouped_conv_forward_bf16_2d_16x64x64_compv4,188,4,128,32,1,512,512,3,3,1,1,1,1,1.0395961999893188,74.36484601309076,33549336
grouped_conv_forward_bf16_2d_16x64x64_compv5,188,4,128,32,1,512,512,3,3,1,1,1,1,0.9377076029777527,82.44511517502774,33548800
grouped_conv_forward_bf16_2d_32x64x64_compv3,188,4,128,32,1,512,512,3,3,1,1,1,1,0.795770525932312,97.15038294164707,33508488
grouped_conv_forward_bf16_2d_32x64x64_compv4,188,4,128,32,1,512,512,3,3,1,1,1,1,0.9000594019889832,85.89367674751125,33467148
grouped_conv_forward_bf16_2d_32x64x64_compv5,188,4,128,32,1,512,512,3,3,1,1,1,1,0.7932664752006531,97.4570509972011,33506872
grouped_conv_forward_bf16_2d_64x64x64_compv3,188,4,128,32,1,512,512,3,3,1,1,1,1,0.6476812958717346,119.36335327384563,33502688
grouped_conv_forward_bf16_2d_64x64x64_compv4,188,4,128,32,1,512,512,3,3,1,1,1,1,1.1492215394973755,67.27111237561046,33455872
grouped_conv_forward_bf16_2d_64x64x64_compv5,188,4,128,32,1,512,512,3,3,1,1,1,1,0.6415172815322876,120.51025522390236,33504832
grouped_conv_forward_bf16_2d_32x128x64_compv3,188,4,128,32,1,512,512,3,3,1,1,1,1,1.0362125635147095,74.60767611789582,33536852
grouped_conv_forward_bf16_2d_32x128x64_compv4,188,4,128,32,1,512,512,3,3,1,1,1,1,0.8993034362792969,85.9658800458425,33468892
grouped_conv_forward_bf16_2d_32x128x64_compv5,188,4,128,32,1,512,512,3,3,1,1,1,1,1.0371326208114624,74.54149042917228,33538772
grouped_conv_forward_bf16_2d_64x128x64_compv3,188,4,128,32,1,512,512,3,3,1,1,1,1,0.8850353360176086,87.3517792813437,33494600
grouped_conv_forward_bf16_2d_64x128x64_compv4,188,4,128,32,1,512,512,3,3,1,1,1,1,1.142809510231018,67.6485544055124,33455872
grouped_conv_forward_bf16_2d_64x128x64_compv5,188,4,128,32,1,512,512,3,3,1,1,1,1,0.8845712542533875,87.39760754858821,33500164
grouped_conv_forward_bf16_2d_128x128x64_compv3,188,4,128,32,1,512,512,3,3,1,1,1,1,0.81440669298172,94.92727895562037,33459384
grouped_conv_forward_bf16_2d_128x128x64_compv4,188,4,128,32,1,512,512,3,3,1,1,1,1,1.1450895071029663,67.5138588280229,33455872
grouped_conv_forward_bf16_2d_128x128x64_compv5,188,4,128,32,1,512,512,3,3,1,1,1,1,0.8097267150878906,95.47593019653372,33455536
grouped_conv_forward_bf16_2d_16x64x128_compv3,188,4,128,32,1,512,512,3,3,1,1,1,1,0.8682791590690613,89.03750656745979,33547440
grouped_conv_forward_bf16_2d_16x64x128_compv4,188,4,128,32,1,512,512,3,3,1,1,1,1,1.0457886457443237,73.92450820975995,33549728
grouped_conv_forward_bf16_2d_16x64x128_compv5,188,4,128,32,1,512,512,3,3,1,1,1,1,0.8683770895004272,89.02746544416055,33547136
grouped_conv_forward_bf16_2d_32x64x128_compv3,188,4,128,32,1,512,512,3,3,1,1,1,1,0.6662133932113647,116.04301582011666,33484548
grouped_conv_forward_bf16_2d_32x64x128_compv4,188,4,128,32,1,512,512,3,3,1,1,1,1,0.9020833969116211,85.7009580186012,33462440
grouped_conv_forward_bf16_2d_32x64x128_compv5,188,4,128,32,1,512,512,3,3,1,1,1,1,0.6706374883651733,115.27749740990282,33491236
grouped_conv_forward_bf16_2d_64x64x128_compv3,188,4,128,32,1,512,512,3,3,1,1,1,1,0.6139171123504639,125.9280931785898,33481792
grouped_conv_forward_bf16_2d_64x64x128_compv4,188,4,128,32,1,512,512,3,3,1,1,1,1,1.1441974639892578,67.56649421198665,33455616
grouped_conv_forward_bf16_2d_64x64x128_compv5,188,4,128,32,1,512,512,3,3,1,1,1,1,0.6171531081199646,125.26779872098173,33485760
grouped_conv_forward_bf16_2d_128x64x128_compv3,188,4,128,32,1,512,512,3,3,1,1,1,1,0.5674046874046326,136.25092115756252,33489408
grouped_conv_forward_bf16_2d_128x64x128_compv4,188,4,128,32,1,512,512,3,3,1,1,1,1,1.1477335691452026,67.35832549149688,33455616
grouped_conv_forward_bf16_2d_128x64x128_compv5,188,4,128,32,1,512,512,3,3,1,1,1,1,0.5669807195663452,136.35280470759224,33487488
grouped_conv_forward_bf16_2d_16x64x64_compv3,190,1,200,40,1,14,14,1,1,1,1,0,0,0.0055599999614059925,0.5640287808935487,980
grouped_conv_forward_bf16_2d_16x64x64_compv4,190,1,200,40,1,14,14,1,1,1,1,0,0,0.004780000075697899,0.6560669352169689,980
grouped_conv_forward_bf16_2d_16x64x64_compv5,190,1,200,40,1,14,14,1,1,1,1,0,0,0.005396000109612942,0.5811712261482788,980
grouped_conv_forward_bf16_2d_32x64x64_compv3,190,1,200,40,1,14,14,1,1,1,1,0,0,0.0067041004076600075,0.46777342362248214,980
grouped_conv_forward_bf16_2d_32x64x64_compv4,190,1,200,40,1,14,14,1,1,1,1,0,0,0.005508000031113625,0.5693536641767145,980
grouped_conv_forward_bf16_2d_32x64x64_compv5,190,1,200,40,1,14,14,1,1,1,1,0,0,0.006364000029861927,0.49277183929680757,980
grouped_conv_forward_bf16_2d_64x64x64_compv3,190,1,200,40,1,14,14,1,1,1,1,0,0,0.007779999636113644,0.4030848517579792,980
grouped_conv_forward_bf16_2d_64x64x64_compv4,190,1,200,40,1,14,14,1,1,1,1,0,0,0.0077921003103256226,0.4024588846532637,980
grouped_conv_forward_bf16_2d_64x64x64_compv5,190,1,200,40,1,14,14,1,1,1,1,0,0,0.007772100158035755,0.4034945428176986,980
grouped_conv_forward_bf16_2d_32x128x64_compv3,190,1,200,40,1,14,14,1,1,1,1,0,0,0.007407999597489834,0.4233261569105132,980
grouped_conv_forward_bf16_2d_32x128x64_compv4,190,1,200,40,1,14,14,1,1,1,1,0,0,0.006156000308692455,0.5094216768592222,980
grouped_conv_forward_bf16_2d_32x128x64_compv5,190,1,200,40,1,14,14,1,1,1,1,0,0,0.006815999746322632,0.4600939138373552,980
grouped_conv_forward_bf16_2d_64x128x64_compv3,190,1,200,40,1,14,14,1,1,1,1,0,0,0.00899600051343441,0.3485993576052795,980
grouped_conv_forward_bf16_2d_64x128x64_compv4,190,1,200,40,1,14,14,1,1,1,1,0,0,0.0075079998932778835,0.4176878056175448,980
grouped_conv_forward_bf16_2d_64x128x64_compv5,190,1,200,40,1,14,14,1,1,1,1,0,0,0.009000000543892384,0.3484444233870813,980
grouped_conv_forward_bf16_2d_128x128x64_compv3,190,1,200,40,1,14,14,1,1,1,1,0,0,0.009775999933481216,0.3207855995640618,980
grouped_conv_forward_bf16_2d_128x128x64_compv4,190,1,200,40,1,14,14,1,1,1,1,0,0,0.007791999727487564,0.40246407978394083,980
grouped_conv_forward_bf16_2d_128x128x64_compv5,190,1,200,40,1,14,14,1,1,1,1,0,0,0.009188000112771988,0.3413147541912556,980
grouped_conv_forward_bf16_2d_16x64x128_compv3,190,1,200,40,1,14,14,1,1,1,1,0,0,0.0047439998015761375,0.6610455588463772,980
grouped_conv_forward_bf16_2d_16x64x128_compv4,190,1,200,40,1,14,14,1,1,1,1,0,0,0.0049959998577833176,0.6277021795976224,980
grouped_conv_forward_bf16_2d_16x64x128_compv5,190,1,200,40,1,14,14,1,1,1,1,0,0,0.0044280001893639565,0.7082203852503581,980
grouped_conv_forward_bf16_2d_32x64x128_compv3,190,1,200,40,1,14,14,1,1,1,1,0,0,0.004964000079780817,0.6317485796935097,980
grouped_conv_forward_bf16_2d_32x64x128_compv4,190,1,200,40,1,14,14,1,1,1,1,0,0,0.005488099996000528,0.5714181597065233,980
grouped_conv_forward_bf16_2d_32x64x128_compv5,190,1,200,40,1,14,14,1,1,1,1,0,0,0.005051999818533659,0.6207442819960795,980
grouped_conv_forward_bf16_2d_64x64x128_compv3,190,1,200,40,1,14,14,1,1,1,1,0,0,0.006360000465065241,0.4930817249504448,980
grouped_conv_forward_bf16_2d_64x64x128_compv4,190,1,200,40,1,14,14,1,1,1,1,0,0,0.0072999997064471245,0.42958905837083605,980
grouped_conv_forward_bf16_2d_64x64x128_compv5,190,1,200,40,1,14,14,1,1,1,1,0,0,0.006347999908030033,0.4940138697911845,980
grouped_conv_forward_bf16_2d_128x64x128_compv3,190,1,200,40,1,14,14,1,1,1,1,0,0,0.006679999642074108,0.4694611029988449,980
grouped_conv_forward_bf16_2d_128x64x128_compv4,190,1,200,40,1,14,14,1,1,1,1,0,0,0.007884100079536438,0.39776258144409393,980
grouped_conv_forward_bf16_2d_128x64x128_compv5,190,1,200,40,1,14,14,1,1,1,1,0,0,0.006612000055611134,0.4742891672147976,980
grouped_conv_forward_bf16_2d_16x64x64_compv3,191,1,1248,240,1,64,64,1,1,1,1,0,0,0.025908101350069046,94.70658643974545,980992
grouped_conv_forward_bf16_2d_16x64x64_compv4,191,1,1248,240,1,64,64,1,1,1,1,0,0,0.026208098977804184,93.6225035657118,982670
grouped_conv_forward_bf16_2d_16x64x64_compv5,191,1,1248,240,1,64,64,1,1,1,1,0,0,0.025860100984573364,94.88237657941536,983040
grouped_conv_forward_bf16_2d_32x64x64_compv3,191,1,1248,240,1,64,64,1,1,1,1,0,0,0.023464100435376167,104.57114461974744,983040
grouped_conv_forward_bf16_2d_32x64x64_compv4,191,1,1248,240,1,64,64,1,1,1,1,0,0,0.020028099417686462,122.51126723653114,982976
grouped_conv_forward_bf16_2d_32x64x64_compv5,191,1,1248,240,1,64,64,1,1,1,1,0,0,0.023368099704384804,105.00074336552032,982924
grouped_conv_forward_bf16_2d_64x64x64_compv3,191,1,1248,240,1,64,64,1,1,1,1,0,0,0.02505210041999817,97.94259957705292,982248
grouped_conv_forward_bf16_2d_64x64x64_compv4,191,1,1248,240,1,64,64,1,1,1,1,0,0,0.023732099682092667,103.39025509198598,982736
grouped_conv_forward_bf16_2d_64x64x64_compv5,191,1,1248,240,1,64,64,1,1,1,1,0,0,0.02483610063791275,98.79440721279863,982528
grouped_conv_forward_bf16_2d_32x128x64_compv3,191,1,1248,240,1,64,64,1,1,1,1,0,0,0.02388009987771511,102.74947979969551,982640
grouped_conv_forward_bf16_2d_32x128x64_compv4,191,1,1248,240,1,64,64,1,1,1,1,0,0,0.019868100062012672,123.49786000380347,983040
grouped_conv_forward_bf16_2d_32x128x64_compv5,191,1,1248,240,1,64,64,1,1,1,1,0,0,0.02407209947705269,101.92994766987475,982560
grouped_conv_forward_bf16_2d_64x128x64_compv3,191,1,1248,240,1,64,64,1,1,1,1,0,0,0.027396198362112045,89.56234757714903,983040
grouped_conv_forward_bf16_2d_64x128x64_compv4,191,1,1248,240,1,64,64,1,1,1,1,0,0,0.023664100095629692,103.68735046270133,982772
grouped_conv_forward_bf16_2d_64x128x64_compv5,191,1,1248,240,1,64,64,1,1,1,1,0,0,0.027136201038956642,90.4204621891444,982336
grouped_conv_forward_bf16_2d_128x128x64_compv3,191,1,1248,240,1,64,64,1,1,1,1,0,0,0.028272200375795364,86.78729661595972,983040
grouped_conv_forward_bf16_2d_128x128x64_compv4,191,1,1248,240,1,64,64,1,1,1,1,0,0,0.02358410134911537,104.03906443914751,982784
grouped_conv_forward_bf16_2d_128x128x64_compv5,191,1,1248,240,1,64,64,1,1,1,1,0,0,0.02818020060658455,87.07063069759266,983040
grouped_conv_forward_bf16_2d_16x64x128_compv3,191,1,1248,240,1,64,64,1,1,1,1,0,0,0.021644100546836853,113.3642783949545,983040
grouped_conv_forward_bf16_2d_16x64x128_compv4,191,1,1248,240,1,64,64,1,1,1,1,0,0,0.026256199926137924,93.45098860088223,983036
grouped_conv_forward_bf16_2d_16x64x128_compv5,191,1,1248,240,1,64,64,1,1,1,1,0,0,0.021208100020885468,115.69484478023298,980916
grouped_conv_forward_bf16_2d_32x64x128_compv3,191,1,1248,240,1,64,64,1,1,1,1,0,0,0.018404100090265274,133.32180481336607,981488
grouped_conv_forward_bf16_2d_32x64x128_compv4,191,1,1248,240,1,64,64,1,1,1,1,0,0,0.020000100135803223,122.6827777530754,982016
grouped_conv_forward_bf16_2d_32x64x128_compv5,191,1,1248,240,1,64,64,1,1,1,1,0,0,0.018352100625634193,133.69956333896292,981888
grouped_conv_forward_bf16_2d_64x64x128_compv3,191,1,1248,240,1,64,64,1,1,1,1,0,0,0.02006009966135025,122.31583498697549,981792
grouped_conv_forward_bf16_2d_64x64x128_compv4,191,1,1248,240,1,64,64,1,1,1,1,0,0,0.02361210063099861,103.91569468320654,981664
grouped_conv_forward_bf16_2d_64x64x128_compv5,191,1,1248,240,1,64,64,1,1,1,1,0,0,0.02000810019671917,122.6337241355049,981664
grouped_conv_forward_bf16_2d_128x64x128_compv3,191,1,1248,240,1,64,64,1,1,1,1,0,0,0.019964100793004036,122.90399980648425,983040
grouped_conv_forward_bf16_2d_128x64x128_compv4,191,1,1248,240,1,64,64,1,1,1,1,0,0,0.023628098890185356,103.84533480258985,981664
grouped_conv_forward_bf16_2d_128x64x128_compv5,191,1,1248,240,1,64,64,1,1,1,1,0,0,0.01984409987926483,123.64722284853272,981912
grouped_conv_forward_bf16_2d_16x64x64_compv3,192,4,384,128,1,256,256,1,1,1,1,0,0,0.20918528735637665,123.19128224394436,33554272
grouped_conv_forward_bf16_2d_16x64x64_compv4,192,4,384,128,1,256,256,1,1,1,1,0,0,0.23159781098365784,111.26963448639152,33552128
grouped_conv_forward_bf16_2d_16x64x64_compv5,192,4,384,128,1,256,256,1,1,1,1,0,0,0.20900170505046844,123.29949064184557,33554336
grouped_conv_forward_bf16_2d_32x64x64_compv3,192,4,384,128,1,256,256,1,1,1,1,0,0,0.16211329400539398,158.96169363594922,33551624
grouped_conv_forward_bf16_2d_32x64x64_compv4,192,4,384,128,1,256,256,1,1,1,1,0,0,0.1846974939107895,139.52438243935805,33550700
grouped_conv_forward_bf16_2d_32x64x64_compv5,192,4,384,128,1,256,256,1,1,1,1,0,0,0.16141730546951294,159.64709422601018,33551736
grouped_conv_forward_bf16_2d_64x64x64_compv3,192,4,384,128,1,256,256,1,1,1,1,0,0,0.1274610012769699,202.1779486888134,33549344
grouped_conv_forward_bf16_2d_64x64x64_compv4,192,4,384,128,1,256,256,1,1,1,1,0,0,0.2285299003124237,112.76337906230233,33534720
grouped_conv_forward_bf16_2d_64x64x64_compv5,192,4,384,128,1,256,256,1,1,1,1,0,0,0.1284010112285614,200.69782573696577,33548544
grouped_conv_forward_bf16_2d_32x128x64_compv3,192,4,384,128,1,256,256,1,1,1,1,0,0,0.11628089845180511,221.6168271754522,33551824
grouped_conv_forward_bf16_2d_32x128x64_compv4,192,4,384,128,1,256,256,1,1,1,1,0,0,0.18657350540161133,138.12145363581425,33549752
grouped_conv_forward_bf16_2d_32x128x64_compv5,192,4,384,128,1,256,256,1,1,1,1,0,0,0.11526089906692505,223.57802155470807,33552888
grouped_conv_forward_bf16_2d_64x128x64_compv3,192,4,384,128,1,256,256,1,1,1,1,0,0,0.10064079612493515,256.0572329337444,33545984
grouped_conv_forward_bf16_2d_64x128x64_compv4,192,4,384,128,1,256,256,1,1,1,1,0,0,0.22802190482616425,113.01459741618235,33530624
grouped_conv_forward_bf16_2d_64x128x64_compv5,192,4,384,128,1,256,256,1,1,1,1,0,0,0.10118080675601959,254.69063355206808,33545980
grouped_conv_forward_bf16_2d_128x128x64_compv3,192,4,384,128,1,256,256,1,1,1,1,0,0,0.10144879668951035,254.01783576467557,33516352
grouped_conv_forward_bf16_2d_128x128x64_compv4,192,4,384,128,1,256,256,1,1,1,1,0,0,0.2283978909254074,112.82855402730569,33534208
grouped_conv_forward_bf16_2d_128x128x64_compv5,192,4,384,128,1,256,256,1,1,1,1,0,0,0.10163680464029312,253.5479530983185,33515520
grouped_conv_forward_bf16_2d_16x64x128_compv3,192,4,384,128,1,256,256,1,1,1,1,0,0,0.19648560881614685,131.15364494767152,33551744
grouped_conv_forward_bf16_2d_16x64x128_compv4,192,4,384,128,1,256,256,1,1,1,1,0,0,0.2332978993654251,110.45879043958122,33552268
grouped_conv_forward_bf16_2d_16x64x128_compv5,192,4,384,128,1,256,256,1,1,1,1,0,0,0.20112089812755585,128.13091039229624,33552144
grouped_conv_forward_bf16_2d_32x64x128_compv3,192,4,384,128,1,256,256,1,1,1,1,0,0,0.14958520233631134,172.27508719787627,33550584
grouped_conv_forward_bf16_2d_32x64x128_compv4,192,4,384,128,1,256,256,1,1,1,1,0,0,0.18553750216960907,138.89269541013084,33550304
grouped_conv_forward_bf16_2d_32x64x128_compv5,192,4,384,128,1,256,256,1,1,1,1,0,0,0.1462012082338333,176.2625910367576,33550656
grouped_conv_forward_bf16_2d_64x64x128_compv3,192,4,384,128,1,256,256,1,1,1,1,0,0,0.1341530978679657,192.09249868655883,33537792
grouped_conv_forward_bf16_2d_64x64x128_compv4,192,4,384,128,1,256,256,1,1,1,1,0,0,0.22809788584709167,112.9769514535313,33533952
grouped_conv_forward_bf16_2d_64x64x128_compv5,192,4,384,128,1,256,256,1,1,1,1,0,0,0.1355811059474945,190.0692843291873,33544064
grouped_conv_forward_bf16_2d_128x64x128_compv3,192,4,384,128,1,256,256,1,1,1,1,0,0,0.14110109210014343,182.63362382560754,33489024
grouped_conv_forward_bf16_2d_128x64x128_compv4,192,4,384,128,1,256,256,1,1,1,1,0,0,0.22878989577293396,112.63523543703887,33529088
grouped_conv_forward_bf16_2d_128x64x128_compv5,192,4,384,128,1,256,256,1,1,1,1,0,0,0.14191310107707977,181.58861712142553,33487808
grouped_conv_forward_bf16_2d_16x64x64_compv3,193,8,960,640,1,32,32,3,3,1,1,1,1,0.6570078730583191,137.89327360458918,5242880
grouped_conv_forward_bf16_2d_16x64x64_compv4,193,8,960,640,1,32,32,3,3,1,1,1,1,0.677764892578125,133.67019654172634,5241696
grouped_conv_forward_bf16_2d_16x64x64_compv5,193,8,960,640,1,32,32,3,3,1,1,1,1,0.6334006786346436,143.03263235412146,5242880
grouped_conv_forward_bf16_2d_32x64x64_compv3,193,8,960,640,1,32,32,3,3,1,1,1,1,0.5093678832054138,177.8615601554619,5242880
grouped_conv_forward_bf16_2d_32x64x64_compv4,193,8,960,640,1,32,32,3,3,1,1,1,1,0.550624430179596,164.53495601430214,5242880
grouped_conv_forward_bf16_2d_32x64x64_compv5,193,8,960,640,1,32,32,3,3,1,1,1,1,0.5178999900817871,174.93139242132997,5241872
grouped_conv_forward_bf16_2d_64x64x64_compv3,193,8,960,640,1,32,32,3,3,1,1,1,1,0.4107353091239929,220.5726276448528,5242880
grouped_conv_forward_bf16_2d_64x64x64_compv4,193,8,960,640,1,32,32,3,3,1,1,1,1,0.7066296935081482,128.20996234989852,5242880
grouped_conv_forward_bf16_2d_64x64x64_compv5,193,8,960,640,1,32,32,3,3,1,1,1,1,0.4112352728843689,220.30446407128613,5242880
grouped_conv_forward_bf16_2d_32x128x64_compv3,193,8,960,640,1,32,32,3,3,1,1,1,1,0.39099499583244324,231.7087619168005,5242880
grouped_conv_forward_bf16_2d_32x128x64_compv4,193,8,960,640,1,32,32,3,3,1,1,1,1,0.5532804131507874,163.74511774973914,5242880
grouped_conv_forward_bf16_2d_32x128x64_compv5,193,8,960,640,1,32,32,3,3,1,1,1,1,0.3829270005226135,236.59069816532786,5242880
grouped_conv_forward_bf16_2d_64x128x64_compv3,193,8,960,640,1,32,32,3,3,1,1,1,1,0.3652507960796356,248.04043515417047,5242880
grouped_conv_forward_bf16_2d_64x128x64_compv4,193,8,960,640,1,32,32,3,3,1,1,1,1,0.7022894024848938,129.002325934925,5242880
grouped_conv_forward_bf16_2d_64x128x64_compv5,193,8,960,640,1,32,32,3,3,1,1,1,1,0.3621346950531006,250.17477650606102,5242880
grouped_conv_forward_bf16_2d_128x128x64_compv3,193,8,960,640,1,32,32,3,3,1,1,1,1,0.3546106219291687,255.48294607513532,5242880
grouped_conv_forward_bf16_2d_128x128x64_compv4,193,8,960,640,1,32,32,3,3,1,1,1,1,0.7078491449356079,127.98908785605934,5242880
grouped_conv_forward_bf16_2d_128x128x64_compv5,193,8,960,640,1,32,32,3,3,1,1,1,1,0.3541784882545471,255.7946611791064,5242880
grouped_conv_forward_bf16_2d_16x64x128_compv3,193,8,960,640,1,32,32,3,3,1,1,1,1,0.5837242007255554,155.20508878574867,5242880
grouped_conv_forward_bf16_2d_16x64x128_compv4,193,8,960,640,1,32,32,3,3,1,1,1,1,0.6795088052749634,133.32714115947314,5240928
grouped_conv_forward_bf16_2d_16x64x128_compv5,193,8,960,640,1,32,32,3,3,1,1,1,1,0.5854657888412476,154.7433994039332,5242880
grouped_conv_forward_bf16_2d_32x64x128_compv3,193,8,960,640,1,32,32,3,3,1,1,1,1,0.424125611782074,213.60880805885148,5242880
grouped_conv_forward_bf16_2d_32x64x128_compv4,193,8,960,640,1,32,32,3,3,1,1,1,1,0.5589826107025146,162.07474913421746,5242880
grouped_conv_forward_bf16_2d_32x64x128_compv5,193,8,960,640,1,32,32,3,3,1,1,1,1,0.43219810724258423,209.61907255449808,5242880
grouped_conv_forward_bf16_2d_64x64x128_compv3,193,8,960,640,1,32,32,3,3,1,1,1,1,0.37667378783226013,240.51837246595062,5242880
grouped_conv_forward_bf16_2d_64x64x128_compv4,193,8,960,640,1,32,32,3,3,1,1,1,1,0.7075237035751343,128.04795930116737,5242880
grouped_conv_forward_bf16_2d_64x64x128_compv5,193,8,960,640,1,32,32,3,3,1,1,1,1,0.3792218863964081,238.90226184175776,5242880
grouped_conv_forward_bf16_2d_128x64x128_compv3,193,8,960,640,1,32,32,3,3,1,1,1,1,0.3553538918495178,254.94856951887618,5242880
grouped_conv_forward_bf16_2d_128x64x128_compv4,193,8,960,640,1,32,32,3,3,1,1,1,1,0.7054237127304077,128.4291479929645,5242880
grouped_conv_forward_bf16_2d_128x64x128_compv5,193,8,960,640,1,32,32,3,3,1,1,1,1,0.3532659113407135,256.45544472764647,5242880
grouped_conv_forward_bf16_2d_16x64x64_compv3,195,1,24,96,1,56,56,3,3,2,2,1,1,0.0060720001347362995,5.354750869321588,75264
grouped_conv_forward_bf16_2d_16x64x64_compv4,195,1,24,96,1,56,56,3,3,2,2,1,1,0.0056039998307824135,5.801935935365738,75232
grouped_conv_forward_bf16_2d_16x64x64_compv5,195,1,24,96,1,56,56,3,3,2,2,1,1,0.0060720001347362995,5.354750869321588,74876
grouped_conv_forward_bf16_2d_32x64x64_compv3,195,1,24,96,1,56,56,3,3,2,2,1,1,0.008360099978744984,3.8891936798202025,75264
grouped_conv_forward_bf16_2d_32x64x64_compv4,195,1,24,96,1,56,56,3,3,2,2,1,1,0.00648800004273653,5.011413037273366,74208
grouped_conv_forward_bf16_2d_32x64x64_compv5,195,1,24,96,1,56,56,3,3,2,2,1,1,0.007388000376522541,4.40092668421114,75264
grouped_conv_forward_bf16_2d_64x64x64_compv3,195,1,24,96,1,56,56,3,3,2,2,1,1,0.009508100338280201,3.4196155744272523,75264
grouped_conv_forward_bf16_2d_64x64x64_compv4,195,1,24,96,1,56,56,3,3,2,2,1,1,0.008775999769568443,3.7048825038425073,75264
grouped_conv_forward_bf16_2d_64x64x64_compv5,195,1,24,96,1,56,56,3,3,2,2,1,1,0.009607999585568905,3.3840600960095473,75264
grouped_conv_forward_bf16_2d_32x128x64_compv3,195,1,24,96,1,56,56,3,3,2,2,1,1,0.007916100323200226,4.10733147288558,75264
grouped_conv_forward_bf16_2d_32x128x64_compv4,195,1,24,96,1,56,56,3,3,2,2,1,1,0.00655210018157959,4.962385662448993,75264
grouped_conv_forward_bf16_2d_32x128x64_compv5,195,1,24,96,1,56,56,3,3,2,2,1,1,0.007872000336647034,4.130341286780089,74908
grouped_conv_forward_bf16_2d_64x128x64_compv3,195,1,24,96,1,56,56,3,3,2,2,1,1,0.009828099980950356,3.3082740369981427,75264
grouped_conv_forward_bf16_2d_64x128x64_compv4,195,1,24,96,1,56,56,3,3,2,2,1,1,0.008692099712789059,3.7406436965007073,73920
grouped_conv_forward_bf16_2d_64x128x64_compv5,195,1,24,96,1,56,56,3,3,2,2,1,1,0.009760099463164806,3.3313234278718107,75264
grouped_conv_forward_bf16_2d_128x128x64_compv3,195,1,24,96,1,56,56,3,3,2,2,1,1,0.010332000441849232,3.1469266946895913,75264
grouped_conv_forward_bf16_2d_128x128x64_compv4,195,1,24,96,1,56,56,3,3,2,2,1,1,0.0086240004748106,3.7701816106073522,75264
grouped_conv_forward_bf16_2d_128x128x64_compv5,195,1,24,96,1,56,56,3,3,2,2,1,1,0.011363999918103218,2.861144687990016,75264
grouped_conv_forward_bf16_2d_16x64x128_compv3,195,1,24,96,1,56,56,3,3,2,2,1,1,0.005876100156456232,5.533269878709594,75264
grouped_conv_forward_bf16_2d_16x64x128_compv4,195,1,24,96,1,56,56,3,3,2,2,1,1,0.006040100008249283,5.383031399412899,75264
grouped_conv_forward_bf16_2d_16x64x128_compv5,195,1,24,96,1,56,56,3,3,2,2,1,1,0.005799999926239252,5.605870416119516,75264
grouped_conv_forward_bf16_2d_32x64x128_compv3,195,1,24,96,1,56,56,3,3,2,2,1,1,0.006775999907404184,4.798413288712071,74240
grouped_conv_forward_bf16_2d_32x64x128_compv4,195,1,24,96,1,56,56,3,3,2,2,1,1,0.006515999790281057,4.9898786136390525,75264
grouped_conv_forward_bf16_2d_32x64x128_compv5,195,1,24,96,1,56,56,3,3,2,2,1,1,0.00674000009894371,4.824042659153015,75264
grouped_conv_forward_bf16_2d_64x64x128_compv3,195,1,24,96,1,56,56,3,3,2,2,1,1,0.00875999964773655,3.7116494643240237,75264
grouped_conv_forward_bf16_2d_64x64x128_compv4,195,1,24,96,1,56,56,3,3,2,2,1,1,0.008800099603831768,3.694736362511468,75264
grouped_conv_forward_bf16_2d_64x64x128_compv5,195,1,24,96,1,56,56,3,3,2,2,1,1,0.008727999404072762,3.7252578162216547,75264
grouped_conv_forward_bf16_2d_128x64x128_compv3,195,1,24,96,1,56,56,3,3,2,2,1,1,0.009391999803483486,3.461887636320069,75264
grouped_conv_forward_bf16_2d_128x64x128_compv4,195,1,24,96,1,56,56,3,3,2,2,1,1,0.008767999708652496,3.708262896942648,75264
grouped_conv_forward_bf16_2d_128x64x128_compv5,195,1,24,96,1,56,56,3,3,2,2,1,1,0.009444099850952625,3.442789520773683,75264
grouped_conv_forward_bf16_2d_16x64x64_compv3,196,4,60,60,1,256,256,3,3,2,2,1,1,0.037007998675107956,114.75175508089298,2815452
grouped_conv_forward_bf16_2d_16x64x64_compv4,196,4,60,60,1,256,256,3,3,2,2,1,1,0.04541609808802605,93.5072139347799,2814779
grouped_conv_forward_bf16_2d_16x64x64_compv5,196,4,60,60,1,256,256,3,3,2,2,1,1,0.03702409937977791,114.70185287800712,2815813
grouped_conv_forward_bf16_2d_32x64x64_compv3,196,4,60,60,1,256,256,3,3,2,2,1,1,0.03259209915995598,130.29945629331277,2814745
grouped_conv_forward_bf16_2d_32x64x64_compv4,196,4,60,60,1,256,256,3,3,2,2,1,1,0.040000200271606445,106.1677884401614,2814754
grouped_conv_forward_bf16_2d_32x64x64_compv5,196,4,60,60,1,256,256,3,3,2,2,1,1,0.03229210153222084,131.50995440054092,2814266
grouped_conv_forward_bf16_2d_64x64x64_compv3,196,4,60,60,1,256,256,3,3,2,2,1,1,0.028488099575042725,149.0704140798634,2812934
grouped_conv_forward_bf16_2d_64x64x64_compv4,196,4,60,60,1,256,256,3,3,2,2,1,1,0.04638820141553879,91.54769252548472,2813919
grouped_conv_forward_bf16_2d_64x64x64_compv5,196,4,60,60,1,256,256,3,3,2,2,1,1,0.02844809927046299,149.28001901375833,2813375
grouped_conv_forward_bf16_2d_32x128x64_compv3,196,4,60,60,1,256,256,3,3,2,2,1,1,0.040900200605392456,103.83158852869032,2812996
grouped_conv_forward_bf16_2d_32x128x64_compv4,196,4,60,60,1,256,256,3,3,2,2,1,1,0.03887220099568367,109.24858102250379,2814836
grouped_conv_forward_bf16_2d_32x128x64_compv5,196,4,60,60,1,256,256,3,3,2,2,1,1,0.04112819954752922,103.25598608060446,2813120
grouped_conv_forward_bf16_2d_64x128x64_compv3,196,4,60,60,1,256,256,3,3,2,2,1,1,0.03433210030198097,123.69568895133871,2809990
grouped_conv_forward_bf16_2d_64x128x64_compv4,196,4,60,60,1,256,256,3,3,2,2,1,1,0.046368200331926346,91.58718193934207,2814237
grouped_conv_forward_bf16_2d_64x128x64_compv5,196,4,60,60,1,256,256,3,3,2,2,1,1,0.034432101994752884,123.3364376257703,2810373
grouped_conv_forward_bf16_2d_128x128x64_compv3,196,4,60,60,1,256,256,3,3,2,2,1,1,0.03235209733247757,131.266073922719,2805756
grouped_conv_forward_bf16_2d_128x128x64_compv4,196,4,60,60,1,256,256,3,3,2,2,1,1,0.046104200184345245,92.11162503675718,2814208
grouped_conv_forward_bf16_2d_128x128x64_compv5,196,4,60,60,1,256,256,3,3,2,2,1,1,0.032332099974155426,131.34726180466515,2805840
grouped_conv_forward_bf16_2d_16x64x128_compv3,196,4,60,60,1,256,256,3,3,2,2,1,1,0.038088198751211166,111.49733878830271,2815040
grouped_conv_forward_bf16_2d_16x64x128_compv4,196,4,60,60,1,256,256,3,3,2,2,1,1,0.04569219797849655,92.94218680393921,2814847
grouped_conv_forward_bf16_2d_16x64x128_compv5,196,4,60,60,1,256,256,3,3,2,2,1,1,0.03806000202894211,111.57994150317283,2815018
grouped_conv_forward_bf16_2d_32x64x128_compv3,196,4,60,60,1,256,256,3,3,2,2,1,1,0.02980409935116768,142.48821110018275,2814502
grouped_conv_forward_bf16_2d_32x64x128_compv4,196,4,60,60,1,256,256,3,3,2,2,1,1,0.03868019953370094,109.79087107086778,2814117
grouped_conv_forward_bf16_2d_32x64x128_compv5,196,4,60,60,1,256,256,3,3,2,2,1,1,0.02966809831559658,143.1413889365293,2814420
grouped_conv_forward_bf16_2d_64x64x128_compv3,196,4,60,60,1,256,256,3,3,2,2,1,1,0.02722809836268425,155.9687622481962,2814552
grouped_conv_forward_bf16_2d_64x64x128_compv4,196,4,60,60,1,256,256,3,3,2,2,1,1,0.046004198491573334,92.3118528144313,2814300
grouped_conv_forward_bf16_2d_64x64x128_compv5,196,4,60,60,1,256,256,3,3,2,2,1,1,0.02701609954237938,157.19266925776137,2813997
grouped_conv_forward_bf16_2d_128x64x128_compv3,196,4,60,60,1,256,256,3,3,2,2,1,1,0.02576409839093685,164.83141523376156,2812712
grouped_conv_forward_bf16_2d_128x64x128_compv4,196,4,60,60,1,256,256,3,3,2,2,1,1,0.046052198857069016,92.21563585227432,2814302
grouped_conv_forward_bf16_2d_128x64x128_compv5,196,4,60,60,1,256,256,3,3,2,2,1,1,0.025868099182844162,164.16872264106874,2812513
grouped_conv_forward_bf16_2d_16x64x64_compv3,198,4,1280,320,1,62,62,1,1,1,1,0,0,0.08716420084238052,144.5090883443932,4920320
grouped_conv_forward_bf16_2d_16x64x64_compv4,198,4,1280,320,1,62,62,1,1,1,1,0,0,0.09940840303897858,126.70980334591063,4920300
grouped_conv_forward_bf16_2d_16x64x64_compv5,198,4,1280,320,1,62,62,1,1,1,1,0,0,0.08664839714765549,145.36932724255038,4920320
grouped_conv_forward_bf16_2d_32x64x64_compv3,198,4,1280,320,1,62,62,1,1,1,1,0,0,0.07709239423274994,163.3886108397582,4920320
grouped_conv_forward_bf16_2d_32x64x64_compv4,198,4,1280,320,1,62,62,1,1,1,1,0,0,0.08756040036678314,143.855203348047,4919936
grouped_conv_forward_bf16_2d_32x64x64_compv5,198,4,1280,320,1,62,62,1,1,1,1,0,0,0.07668440043926239,164.25790809927022,4920320
grouped_conv_forward_bf16_2d_64x64x64_compv3,198,4,1280,320,1,62,62,1,1,1,1,0,0,0.062156300991773605,202.65072082824048,4920320
grouped_conv_forward_bf16_2d_64x64x64_compv4,198,4,1280,320,1,62,62,1,1,1,1,0,0,0.1107005923986435,113.78456905307716,4916480
grouped_conv_forward_bf16_2d_64x64x64_compv5,198,4,1280,320,1,62,62,1,1,1,1,0,0,0.062288302928209305,202.2212615828947,4918784
grouped_conv_forward_bf16_2d_32x128x64_compv3,198,4,1280,320,1,62,62,1,1,1,1,0,0,0.06560029834508896,192.01161454691734,4919712
grouped_conv_forward_bf16_2d_32x128x64_compv4,198,4,1280,320,1,62,62,1,1,1,1,0,0,0.08740849792957306,144.1052014204487,4919552
grouped_conv_forward_bf16_2d_32x128x64_compv5,198,4,1280,320,1,62,62,1,1,1,1,0,0,0.06555230170488358,192.15220323928932,4919360
grouped_conv_forward_bf16_2d_64x128x64_compv3,198,4,1280,320,1,62,62,1,1,1,1,0,0,0.05902429670095444,213.4039692809473,4917760
grouped_conv_forward_bf16_2d_64x128x64_compv4,198,4,1280,320,1,62,62,1,1,1,1,0,0,0.11062860488891602,113.85861019080795,4916704
grouped_conv_forward_bf16_2d_64x128x64_compv5,198,4,1280,320,1,62,62,1,1,1,1,0,0,0.05888029932975769,213.92586898134297,4917888
grouped_conv_forward_bf16_2d_128x128x64_compv3,198,4,1280,320,1,62,62,1,1,1,1,0,0,0.06152830272912979,204.7191071636139,4920320
grouped_conv_forward_bf16_2d_128x128x64_compv4,198,4,1280,320,1,62,62,1,1,1,1,0,0,0.11057660728693008,113.9121511235661,4916224
grouped_conv_forward_bf16_2d_128x128x64_compv5,198,4,1280,320,1,62,62,1,1,1,1,0,0,0.06146029755473137,204.94562670776276,4919320
grouped_conv_forward_bf16_2d_16x64x128_compv3,198,4,1280,320,1,62,62,1,1,1,1,0,0,0.08050040155649185,156.47150767515905,4920256
grouped_conv_forward_bf16_2d_16x64x128_compv4,198,4,1280,320,1,62,62,1,1,1,1,0,0,0.09966449439525604,126.38421813535595,4920320
grouped_conv_forward_bf16_2d_16x64x128_compv5,198,4,1280,320,1,62,62,1,1,1,1,0,0,0.08012820035219193,157.19832898575055,4920320
grouped_conv_forward_bf16_2d_32x64x128_compv3,198,4,1280,320,1,62,62,1,1,1,1,0,0,0.06478829681873322,194.41812516296807,4919936
grouped_conv_forward_bf16_2d_32x64x128_compv4,198,4,1280,320,1,62,62,1,1,1,1,0,0,0.08748839795589447,143.9735952914583,4919552
grouped_conv_forward_bf16_2d_32x64x128_compv5,198,4,1280,320,1,62,62,1,1,1,1,0,0,0.0644323006272316,195.49230863062542,4920064
grouped_conv_forward_bf16_2d_64x64x128_compv3,198,4,1280,320,1,62,62,1,1,1,1,0,0,0.060084301978349686,209.63910348061881,4918528
grouped_conv_forward_bf16_2d_64x64x128_compv4,198,4,1280,320,1,62,62,1,1,1,1,0,0,0.11041259765625,114.08135907838584,4915992
grouped_conv_forward_bf16_2d_64x64x128_compv5,198,4,1280,320,1,62,62,1,1,1,1,0,0,0.059820301830768585,210.56428694783406,4919464
grouped_conv_forward_bf16_2d_128x64x128_compv3,198,4,1280,320,1,62,62,1,1,1,1,0,0,0.06224430352449417,202.3642082370358,4913196
grouped_conv_forward_bf16_2d_128x64x128_compv4,198,4,1280,320,1,62,62,1,1,1,1,0,0,0.11051659286022186,113.97400945875226,4916992
grouped_conv_forward_bf16_2d_128x64x128_compv5,198,4,1280,320,1,62,62,1,1,1,1,0,0,0.06223229691386223,202.40325079812763,4915712
grouped_conv_forward_bf16_2d_16x64x64_compv3,199,1,1920,1280,1,8,8,1,1,1,1,0,0,0.021128099411725998,14.888835662398177,81920
grouped_conv_forward_bf16_2d_16x64x64_compv4,199,1,1920,1280,1,8,8,1,1,1,1,0,0,0.01595200039446354,19.719959392000693,81920
grouped_conv_forward_bf16_2d_16x64x64_compv5,199,1,1920,1280,1,8,8,1,1,1,1,0,0,0.02125999890267849,14.796463604726142,81920
grouped_conv_forward_bf16_2d_32x64x64_compv3,199,1,1920,1280,1,8,8,1,1,1,1,0,0,0.02690809965133667,11.690636056655658,81920
grouped_conv_forward_bf16_2d_32x64x64_compv4,199,1,1920,1280,1,8,8,1,1,1,1,0,0,0.02104800008237362,14.945495950631196,81920
grouped_conv_forward_bf16_2d_32x64x64_compv5,199,1,1920,1280,1,8,8,1,1,1,1,0,0,0.026236098259687424,11.990075539675457,81920
grouped_conv_forward_bf16_2d_64x64x64_compv3,199,1,1920,1280,1,8,8,1,1,1,1,0,0,0.03224410116672516,9.755979810801136,81920
grouped_conv_forward_bf16_2d_64x64x64_compv4,199,1,1920,1280,1,8,8,1,1,1,1,0,0,0.030048098415136337,10.468975296005356,81920
grouped_conv_forward_bf16_2d_64x64x64_compv5,199,1,1920,1280,1,8,8,1,1,1,1,0,0,0.032336197793483734,9.72819383432246,81920
grouped_conv_forward_bf16_2d_32x128x64_compv3,199,1,1920,1280,1,8,8,1,1,1,1,0,0,0.03231219947338104,9.735418978802317,81920
grouped_conv_forward_bf16_2d_32x128x64_compv4,199,1,1920,1280,1,8,8,1,1,1,1,0,0,0.02133210003376007,14.74645250594919,81920
grouped_conv_forward_bf16_2d_32x128x64_compv5,199,1,1920,1280,1,8,8,1,1,1,1,0,0,0.03298819810152054,9.535919453130127,81920
grouped_conv_forward_bf16_2d_64x128x64_compv3,199,1,1920,1280,1,8,8,1,1,1,1,0,0,0.03718020021915436,8.460761323117877,81920
grouped_conv_forward_bf16_2d_64x128x64_compv4,199,1,1920,1280,1,8,8,1,1,1,1,0,0,0.030556101351976395,10.294925925805426,81920
grouped_conv_forward_bf16_2d_64x128x64_compv5,199,1,1920,1280,1,8,8,1,1,1,1,0,0,0.03768419846892357,8.347604905525953,81920
grouped_conv_forward_bf16_2d_128x128x64_compv3,199,1,1920,1280,1,8,8,1,1,1,1,0,0,0.03686020150780678,8.534212704544638,81920
grouped_conv_forward_bf16_2d_128x128x64_compv4,199,1,1920,1280,1,8,8,1,1,1,1,0,0,0.0300161000341177,10.480135648616638,81920
grouped_conv_forward_bf16_2d_128x128x64_compv5,199,1,1920,1280,1,8,8,1,1,1,1,0,0,0.03666820004582405,8.578899417121104,81920
grouped_conv_forward_bf16_2d_16x64x128_compv3,199,1,1920,1280,1,8,8,1,1,1,1,0,0,0.017052100971341133,18.447744388136773,81920
grouped_conv_forward_bf16_2d_16x64x128_compv4,199,1,1920,1280,1,8,8,1,1,1,1,0,0,0.01595200039446354,19.719959392000693,81920
grouped_conv_forward_bf16_2d_16x64x128_compv5,199,1,1920,1280,1,8,8,1,1,1,1,0,0,0.01663600094616413,18.909159780526043,81920
grouped_conv_forward_bf16_2d_32x64x128_compv3,199,1,1920,1280,1,8,8,1,1,1,1,0,0,0.019676100462675095,15.987558134129987,81920
grouped_conv_forward_bf16_2d_32x64x128_compv4,199,1,1920,1280,1,8,8,1,1,1,1,0,0,0.022356100380420685,14.071004989559835,81920
grouped_conv_forward_bf16_2d_32x64x128_compv5,199,1,1920,1280,1,8,8,1,1,1,1,0,0,0.019576098769903183,16.069228281767387,81920
grouped_conv_forward_bf16_2d_64x64x128_compv3,199,1,1920,1280,1,8,8,1,1,1,1,0,0,0.02619209885597229,12.010217345689023,81920
grouped_conv_forward_bf16_2d_64x64x128_compv4,199,1,1920,1280,1,8,8,1,1,1,1,0,0,0.029972199350595474,10.495486044261554,81920
grouped_conv_forward_bf16_2d_64x64x128_compv5,199,1,1920,1280,1,8,8,1,1,1,1,0,0,0.025892099365592003,12.149374044888598,81920
grouped_conv_forward_bf16_2d_128x64x128_compv3,199,1,1920,1280,1,8,8,1,1,1,1,0,0,0.025744101032614708,12.219218670773307,81920
grouped_conv_forward_bf16_2d_128x64x128_compv4,199,1,1920,1280,1,8,8,1,1,1,1,0,0,0.029888099059462547,10.525018649535241,81920
grouped_conv_forward_bf16_2d_128x64x128_compv5,199,1,1920,1280,1,8,8,1,1,1,1,0,0,0.02555209957063198,12.311035307703275,81920
grouped_conv_forward_bf16_2d_16x64x64_compv3,200,1,24,96,1,512,512,3,3,1,1,1,1,0.16651220619678497,65.29032445316258,25160272
grouped_conv_forward_bf16_2d_16x64x64_compv4,200,1,24,96,1,512,512,3,3,1,1,1,1,0.20605668425559998,52.76041399615282,25155333
grouped_conv_forward_bf16_2d_16x64x64_compv5,200,1,24,96,1,512,512,3,3,1,1,1,1,0.16540870070457458,65.72590148940897,25155680
grouped_conv_forward_bf16_2d_32x64x64_compv3,200,1,24,96,1,512,512,3,3,1,1,1,1,0.12954850494861603,83.91942440641915,25143630
grouped_conv_forward_bf16_2d_32x64x64_compv4,200,1,24,96,1,512,512,3,3,1,1,1,1,0.169348806142807,64.19670864896597,25144426
grouped_conv_forward_bf16_2d_32x64x64_compv5,200,1,24,96,1,512,512,3,3,1,1,1,1,0.12850460410118103,84.60113973379482,25153907
grouped_conv_forward_bf16_2d_64x64x64_compv3,200,1,24,96,1,512,512,3,3,1,1,1,1,0.11120860278606415,97.75894756014644,25144108
grouped_conv_forward_bf16_2d_64x64x64_compv4,200,1,24,96,1,512,512,3,3,1,1,1,1,0.2178850919008255,49.89619011175133,25138464
grouped_conv_forward_bf16_2d_64x64x64_compv5,200,1,24,96,1,512,512,3,3,1,1,1,1,0.11135649681091309,97.62911261891067,25144112
grouped_conv_forward_bf16_2d_32x128x64_compv3,200,1,24,96,1,512,512,3,3,1,1,1,1,0.09329649806022644,116.52780322989128,25158425
grouped_conv_forward_bf16_2d_32x128x64_compv4,200,1,24,96,1,512,512,3,3,1,1,1,1,0.16836489737033844,64.57186823264327,25149426
grouped_conv_forward_bf16_2d_32x128x64_compv5,200,1,24,96,1,512,512,3,3,1,1,1,1,0.09338449686765671,116.41799584150613,25157876
grouped_conv_forward_bf16_2d_64x128x64_compv3,200,1,24,96,1,512,512,3,3,1,1,1,1,0.08278840035200119,131.3183480025678,25150879
grouped_conv_forward_bf16_2d_64x128x64_compv4,200,1,24,96,1,512,512,3,3,1,1,1,1,0.21814119815826416,49.837610042429915,25139360
grouped_conv_forward_bf16_2d_64x128x64_compv5,200,1,24,96,1,512,512,3,3,1,1,1,1,0.08363239467144012,129.99312061684378,25152483
grouped_conv_forward_bf16_2d_128x128x64_compv3,200,1,24,96,1,512,512,3,3,1,1,1,1,0.07936440408229828,136.98377873191703,25140698
grouped_conv_forward_bf16_2d_128x128x64_compv4,200,1,24,96,1,512,512,3,3,1,1,1,1,0.21746119856834412,49.9934518873869,25133616
grouped_conv_forward_bf16_2d_128x128x64_compv5,200,1,24,96,1,512,512,3,3,1,1,1,1,0.07928039878606796,137.128926373545,25142168
grouped_conv_forward_bf16_2d_16x64x128_compv3,200,1,24,96,1,512,512,3,3,1,1,1,1,0.17768089473247528,61.186296840573924,25159524
grouped_conv_forward_bf16_2d_16x64x128_compv4,200,1,24,96,1,512,512,3,3,1,1,1,1,0.20206110179424286,53.803705272628356,25156286
grouped_conv_forward_bf16_2d_16x64x128_compv5,200,1,24,96,1,512,512,3,3,1,1,1,1,0.17782050371170044,61.13825875572894,25160230
grouped_conv_forward_bf16_2d_32x64x128_compv3,200,1,24,96,1,512,512,3,3,1,1,1,1,0.1373485028743744,79.15365468485467,25144397
grouped_conv_forward_bf16_2d_32x64x128_compv4,200,1,24,96,1,512,512,3,3,1,1,1,1,0.16864868998527527,64.4632102920527,25146548
grouped_conv_forward_bf16_2d_32x64x128_compv5,200,1,24,96,1,512,512,3,3,1,1,1,1,0.13784459233283997,78.86878827824683,25144006
grouped_conv_forward_bf16_2d_64x64x128_compv3,200,1,24,96,1,512,512,3,3,1,1,1,1,0.12960059940814972,83.88569202339936,25149520
grouped_conv_forward_bf16_2d_64x64x128_compv4,200,1,24,96,1,512,512,3,3,1,1,1,1,0.21714921295642853,50.0652791690358,25140096
grouped_conv_forward_bf16_2d_64x64x128_compv5,200,1,24,96,1,512,512,3,3,1,1,1,1,0.1296447068452835,83.85715261768523,25146204
grouped_conv_forward_bf16_2d_128x64x128_compv3,200,1,24,96,1,512,512,3,3,1,1,1,1,0.13393670320510864,81.16995347684004,25140374
grouped_conv_forward_bf16_2d_128x64x128_compv4,200,1,24,96,1,512,512,3,3,1,1,1,1,0.2174650877714157,49.99255779128792,25136256
grouped_conv_forward_bf16_2d_128x64x128_compv5,200,1,24,96,1,512,512,3,3,1,1,1,1,0.13342870771884918,81.4789871974769,25142828
grouped_conv_forward_bf16_2d_16x64x64_compv3,201,1,512,224,1,128,128,1,1,1,1,0,0,0.03510399907827377,107.05607573713516,3669632
grouped_conv_forward_bf16_2d_16x64x64_compv4,201,1,512,224,1,128,128,1,1,1,1,0,0,0.03872410207986832,97.04799290759384,3668072
grouped_conv_forward_bf16_2d_16x64x64_compv5,201,1,512,224,1,128,128,1,1,1,1,0,0,0.035044100135564804,107.23906076806531,3668608
grouped_conv_forward_bf16_2d_32x64x64_compv3,201,1,512,224,1,128,128,1,1,1,1,0,0,0.02913210168480873,129.0018971051341,3667736
grouped_conv_forward_bf16_2d_32x64x64_compv4,201,1,512,224,1,128,128,1,1,1,1,0,0,0.03382410109043121,111.10705866070036,3665376
grouped_conv_forward_bf16_2d_32x64x64_compv5,201,1,512,224,1,128,128,1,1,1,1,0,0,0.029124299064278603,129.03645769141832,3665840
grouped_conv_forward_bf16_2d_64x64x64_compv3,201,1,512,224,1,128,128,1,1,1,1,0,0,0.026104098185896873,143.96576189827417,3667232
grouped_conv_forward_bf16_2d_64x64x64_compv4,201,1,512,224,1,128,128,1,1,1,1,0,0,0.042628198862075806,88.15986798221006,3665920
grouped_conv_forward_bf16_2d_64x64x64_compv5,201,1,512,224,1,128,128,1,1,1,1,0,0,0.026228100061416626,143.2851169242115,3667968
grouped_conv_forward_bf16_2d_32x128x64_compv3,201,1,512,224,1,128,128,1,1,1,1,0,0,0.023792099207639694,157.9556453258764,3668720
grouped_conv_forward_bf16_2d_32x128x64_compv4,201,1,512,224,1,128,128,1,1,1,1,0,0,0.03380010277032852,111.18594548472946,3664128
grouped_conv_forward_bf16_2d_32x128x64_compv5,201,1,512,224,1,128,128,1,1,1,1,0,0,0.024108100682497025,155.88521192498814,3669248
grouped_conv_forward_bf16_2d_64x128x64_compv3,201,1,512,224,1,128,128,1,1,1,1,0,0,0.01873609982430935,200.580506041285,3668848
grouped_conv_forward_bf16_2d_64x128x64_compv4,201,1,512,224,1,128,128,1,1,1,1,0,0,0.042660199105739594,88.09373755347471,3667200
grouped_conv_forward_bf16_2d_64x128x64_compv5,201,1,512,224,1,128,128,1,1,1,1,0,0,0.01865610107779503,201.44061014297264,3669888
grouped_conv_forward_bf16_2d_128x128x64_compv3,201,1,512,224,1,128,128,1,1,1,1,0,0,0.01698399893939495,221.27276370013016,3662912
grouped_conv_forward_bf16_2d_128x128x64_compv4,201,1,512,224,1,128,128,1,1,1,1,0,0,0.04258419945836067,88.25095767444708,3666688
grouped_conv_forward_bf16_2d_128x128x64_compv5,201,1,512,224,1,128,128,1,1,1,1,0,0,0.01682410016655922,223.3757732535295,3666816
grouped_conv_forward_bf16_2d_16x64x128_compv3,201,1,512,224,1,128,128,1,1,1,1,0,0,0.03194409981369972,117.64602558586678,3668464
grouped_conv_forward_bf16_2d_16x64x128_compv4,201,1,512,224,1,128,128,1,1,1,1,0,0,0.038700200617313385,97.10793029632856,3669520
grouped_conv_forward_bf16_2d_16x64x128_compv5,201,1,512,224,1,128,128,1,1,1,1,0,0,0.03195200115442276,117.6169331566204,3668160
grouped_conv_forward_bf16_2d_32x64x128_compv3,201,1,512,224,1,128,128,1,1,1,1,0,0,0.026336099952459335,142.69752889698685,3668056
grouped_conv_forward_bf16_2d_32x64x128_compv4,201,1,512,224,1,128,128,1,1,1,1,0,0,0.03401609882712364,110.4799349008059,3664984
grouped_conv_forward_bf16_2d_32x64x128_compv5,201,1,512,224,1,128,128,1,1,1,1,0,0,0.02592810057103634,144.94298854263468,3667840
grouped_conv_forward_bf16_2d_64x64x128_compv3,201,1,512,224,1,128,128,1,1,1,1,0,0,0.02388409897685051,157.34721195229127,3665616
grouped_conv_forward_bf16_2d_64x64x128_compv4,201,1,512,224,1,128,128,1,1,1,1,0,0,0.042360201478004456,88.71762297805388,3665408
grouped_conv_forward_bf16_2d_64x64x128_compv5,201,1,512,224,1,128,128,1,1,1,1,0,0,0.023716099560260773,158.4618235579155,3667128
grouped_conv_forward_bf16_2d_128x64x128_compv3,201,1,512,224,1,128,128,1,1,1,1,0,0,0.02220810018479824,169.2218763752007,3665280
grouped_conv_forward_bf16_2d_128x64x128_compv4,201,1,512,224,1,128,128,1,1,1,1,0,0,0.04253619909286499,88.35054528015837,3666048
grouped_conv_forward_bf16_2d_128x64x128_compv5,201,1,512,224,1,128,128,1,1,1,1,0,0,0.02223210036754608,169.03919656129227,3665128
grouped_conv_forward_bf16_2d_16x64x64_compv3,202,8,96,64,1,16,16,3,3,1,1,1,1,0.011136000044643879,20.338758539152202,131072
grouped_conv_forward_bf16_2d_16x64x64_compv4,202,8,96,64,1,16,16,3,3,1,1,1,1,0.008727999404072762,25.950095264020234,131050
grouped_conv_forward_bf16_2d_16x64x64_compv5,202,8,96,64,1,16,16,3,3,1,1,1,1,0.011044099926948547,20.508001330858946,131072
grouped_conv_forward_bf16_2d_32x64x64_compv3,202,8,96,64,1,16,16,3,3,1,1,1,1,0.01431609969586134,15.820818575710044,130810
grouped_conv_forward_bf16_2d_32x64x64_compv4,202,8,96,64,1,16,16,3,3,1,1,1,1,0.011212000623345375,20.200892205482276,131072
grouped_conv_forward_bf16_2d_32x64x64_compv5,202,8,96,64,1,16,16,3,3,1,1,1,1,0.01385599933564663,16.346162446566694,131072
grouped_conv_forward_bf16_2d_64x64x64_compv3,202,8,96,64,1,16,16,3,3,1,1,1,1,0.017656099051237106,12.827998718331296,131072
grouped_conv_forward_bf16_2d_64x64x64_compv4,202,8,96,64,1,16,16,3,3,1,1,1,1,0.01592000015079975,14.226910418001598,131072
grouped_conv_forward_bf16_2d_64x64x64_compv5,202,8,96,64,1,16,16,3,3,1,1,1,1,0.01725209876894951,13.128397827610586,131072
grouped_conv_forward_bf16_2d_32x128x64_compv3,202,8,96,64,1,16,16,3,3,1,1,1,1,0.016228100284934044,13.956804063521384,131072
grouped_conv_forward_bf16_2d_32x128x64_compv4,202,8,96,64,1,16,16,3,3,1,1,1,1,0.0111480001360178,20.31686519882891,131072
grouped_conv_forward_bf16_2d_32x128x64_compv5,202,8,96,64,1,16,16,3,3,1,1,1,1,0.01629609987139702,13.898565778768969,130976
grouped_conv_forward_bf16_2d_64x128x64_compv3,202,8,96,64,1,16,16,3,3,1,1,1,1,0.01993599906563759,11.360976455420815,131072
grouped_conv_forward_bf16_2d_64x128x64_compv4,202,8,96,64,1,16,16,3,3,1,1,1,1,0.015931999310851097,14.216195442949754,131072
grouped_conv_forward_bf16_2d_64x128x64_compv5,202,8,96,64,1,16,16,3,3,1,1,1,1,0.01984409987926483,11.41358980140302,129541
grouped_conv_forward_bf16_2d_128x128x64_compv3,202,8,96,64,1,16,16,3,3,1,1,1,1,0.018880000337958336,11.996420124243105,131072
grouped_conv_forward_bf16_2d_128x128x64_compv4,202,8,96,64,1,16,16,3,3,1,1,1,1,0.01592009887099266,14.226822197234105,131072
grouped_conv_forward_bf16_2d_128x128x64_compv5,202,8,96,64,1,16,16,3,3,1,1,1,1,0.019076000899076462,11.873160270765416,131072
grouped_conv_forward_bf16_2d_16x64x128_compv3,202,8,96,64,1,16,16,3,3,1,1,1,1,0.0098879998549819,22.905786743704862,131072
grouped_conv_forward_bf16_2d_16x64x128_compv4,202,8,96,64,1,16,16,3,3,1,1,1,1,0.008844099938869476,25.609436524408167,131032
grouped_conv_forward_bf16_2d_16x64x128_compv5,202,8,96,64,1,16,16,3,3,1,1,1,1,0.00914399977773428,24.769512413102966,131072
grouped_conv_forward_bf16_2d_32x64x128_compv3,202,8,96,64,1,16,16,3,3,1,1,1,1,0.01080000028014183,20.971519456018534,130937
grouped_conv_forward_bf16_2d_32x64x128_compv4,202,8,96,64,1,16,16,3,3,1,1,1,1,0.011208100244402885,20.2079220439794,131072
grouped_conv_forward_bf16_2d_32x64x128_compv5,202,8,96,64,1,16,16,3,3,1,1,1,1,0.010652000084519386,21.262900319458574,131072
grouped_conv_forward_bf16_2d_64x64x128_compv3,202,8,96,64,1,16,16,3,3,1,1,1,1,0.01439599972218275,15.733010584252689,131072
grouped_conv_forward_bf16_2d_64x64x128_compv4,202,8,96,64,1,16,16,3,3,1,1,1,1,0.016036100685596466,14.123908326631685,131072
grouped_conv_forward_bf16_2d_64x64x128_compv5,202,8,96,64,1,16,16,3,3,1,1,1,1,0.014291999861598015,15.84749637512769,131072
grouped_conv_forward_bf16_2d_128x64x128_compv3,202,8,96,64,1,16,16,3,3,1,1,1,1,0.014556000009179115,15.560072537590843,131072
grouped_conv_forward_bf16_2d_128x64x128_compv4,202,8,96,64,1,16,16,3,3,1,1,1,1,0.016032099723815918,14.127433081241518,131072
grouped_conv_forward_bf16_2d_128x64x128_compv5,202,8,96,64,1,16,16,3,3,1,1,1,1,0.014304099604487419,15.834091083156734,131072
grouped_conv_forward_bf16_2d_16x64x64_compv3,203,4,384,769,1,4,49,1,1,1,1,0,0,0.009347999468445778,49.53189498597432,38522
grouped_conv_forward_bf16_2d_16x64x64_compv4,203,4,384,769,1,4,49,1,1,1,1,0,0,0.007923999801278114,58.43313220746368,38428
grouped_conv_forward_bf16_2d_16x64x64_compv5,203,4,384,769,1,4,49,1,1,1,1,0,0,0.009348100051283836,49.531362037188494,38450
grouped_conv_forward_bf16_2d_32x64x64_compv3,203,4,384,769,1,4,49,1,1,1,1,0,0,0.009672099724411964,47.87214164379912,38449
grouped_conv_forward_bf16_2d_32x64x64_compv4,203,4,384,769,1,4,49,1,1,1,1,0,0,0.008271999657154083,55.97487272615529,38419
grouped_conv_forward_bf16_2d_32x64x64_compv5,203,4,384,769,1,4,49,1,1,1,1,0,0,0.009668000042438507,47.892441659858946,38539
grouped_conv_forward_bf16_2d_64x64x64_compv3,203,4,384,769,1,4,49,1,1,1,1,0,0,0.010316099971532822,44.88364103466529,38416
grouped_conv_forward_bf16_2d_64x64x64_compv4,203,4,384,769,1,4,49,1,1,1,1,0,0,0.009076000191271305,51.01631977104913,38672
grouped_conv_forward_bf16_2d_64x64x64_compv5,203,4,384,769,1,4,49,1,1,1,1,0,0,0.010320000350475311,44.86667754605981,38416
grouped_conv_forward_bf16_2d_32x128x64_compv3,203,4,384,769,1,4,49,1,1,1,1,0,0,0.009588100016117096,48.29154130867227,38416
grouped_conv_forward_bf16_2d_32x128x64_compv4,203,4,384,769,1,4,49,1,1,1,1,0,0,0.008423999883234501,54.96487825474851,38414
grouped_conv_forward_bf16_2d_32x128x64_compv5,203,4,384,769,1,4,49,1,1,1,1,0,0,0.009595999494194984,48.251787453730316,38542
grouped_conv_forward_bf16_2d_64x128x64_compv3,203,4,384,769,1,4,49,1,1,1,1,0,0,0.011247999966144562,41.16501861607928,38416
grouped_conv_forward_bf16_2d_64x128x64_compv4,203,4,384,769,1,4,49,1,1,1,1,0,0,0.009008100256323814,51.400863092631596,38736
grouped_conv_forward_bf16_2d_64x128x64_compv5,203,4,384,769,1,4,49,1,1,1,1,0,0,0.011364100500941277,40.744459093937806,38416
grouped_conv_forward_bf16_2d_128x128x64_compv3,203,4,384,769,1,4,49,1,1,1,1,0,0,0.01326810009777546,34.8975455858696,38416
grouped_conv_forward_bf16_2d_128x128x64_compv4,203,4,384,769,1,4,49,1,1,1,1,0,0,0.00980400014668703,47.22808252470959,38416
grouped_conv_forward_bf16_2d_128x128x64_compv5,203,4,384,769,1,4,49,1,1,1,1,0,0,0.012436000630259514,37.232559065119446,38401
grouped_conv_forward_bf16_2d_16x64x128_compv3,203,4,384,769,1,4,49,1,1,1,1,0,0,0.008020100183784962,57.732960610160724,38415
grouped_conv_forward_bf16_2d_16x64x128_compv4,203,4,384,769,1,4,49,1,1,1,1,0,0,0.008708000183105469,53.17226897839536,38377
grouped_conv_forward_bf16_2d_16x64x128_compv5,203,4,384,769,1,4,49,1,1,1,1,0,0,0.007964000105857849,58.13964362700432,38448
grouped_conv_forward_bf16_2d_32x64x128_compv3,203,4,384,769,1,4,49,1,1,1,1,0,0,0.008128000423312187,56.96654821424285,38414
grouped_conv_forward_bf16_2d_32x64x128_compv4,203,4,384,769,1,4,49,1,1,1,1,0,0,0.008491999469697475,54.52474763478701,38464
grouped_conv_forward_bf16_2d_32x64x128_compv5,203,4,384,769,1,4,49,1,1,1,1,0,0,0.008132100105285645,56.937829343621445,38452
grouped_conv_forward_bf16_2d_64x64x128_compv3,203,4,384,769,1,4,49,1,1,1,1,0,0,0.009127999655902386,50.72569516373693,38672
grouped_conv_forward_bf16_2d_64x64x128_compv4,203,4,384,769,1,4,49,1,1,1,1,0,0,0.009000000543892384,51.447122224255786,38416
grouped_conv_forward_bf16_2d_64x64x128_compv5,203,4,384,769,1,4,49,1,1,1,1,0,0,0.009048099629580975,51.17363280199016,38797
grouped_conv_forward_bf16_2d_128x64x128_compv3,203,4,384,769,1,4,49,1,1,1,1,0,0,0.009891999885439873,46.80793907827775,38416
grouped_conv_forward_bf16_2d_128x64x128_compv4,203,4,384,769,1,4,49,1,1,1,1,0,0,0.009039999917149544,51.219483655260795,38736
grouped_conv_forward_bf16_2d_128x64x128_compv5,203,4,384,769,1,4,49,1,1,1,1,0,0,0.00977999996393919,47.34398054266486,38416
grouped_conv_forward_bf16_2d_16x64x64_compv3,207,1,96,48,1,56,56,1,1,1,1,0,0,0.003948000259697437,7.320510156758428,150488
grouped_conv_forward_bf16_2d_16x64x64_compv4,207,1,96,48,1,56,56,1,1,1,1,0,0,0.0044559999369084835,6.485946231868982,150432
grouped_conv_forward_bf16_2d_16x64x64_compv5,207,1,96,48,1,56,56,1,1,1,1,0,0,0.0039439997635781765,7.327935530548651,150528
grouped_conv_forward_bf16_2d_32x64x64_compv3,207,1,96,48,1,56,56,1,1,1,1,0,0,0.004616000223904848,6.261129678965059,150528
grouped_conv_forward_bf16_2d_32x64x64_compv4,207,1,96,48,1,56,56,1,1,1,1,0,0,0.0052919997833669186,5.4613335568982455,150528
grouped_conv_forward_bf16_2d_32x64x64_compv5,207,1,96,48,1,56,56,1,1,1,1,0,0,0.004391999915242195,6.5804591433846245,150528
grouped_conv_forward_bf16_2d_64x64x64_compv3,207,1,96,48,1,56,56,1,1,1,1,0,0,0.005408099852502346,5.344090676622259,148607
grouped_conv_forward_bf16_2d_64x64x64_compv4,207,1,96,48,1,56,56,1,1,1,1,0,0,0.006571999751031399,4.397653240243089,150528
grouped_conv_forward_bf16_2d_64x64x64_compv5,207,1,96,48,1,56,56,1,1,1,1,0,0,0.0062880003824830055,4.596274529580646,150528
grouped_conv_forward_bf16_2d_32x128x64_compv3,207,1,96,48,1,56,56,1,1,1,1,0,0,0.004740000236779451,6.097336404277644,150528
grouped_conv_forward_bf16_2d_32x128x64_compv4,207,1,96,48,1,56,56,1,1,1,1,0,0,0.005536000244319439,5.220624047055647,150528
grouped_conv_forward_bf16_2d_32x128x64_compv5,207,1,96,48,1,56,56,1,1,1,1,0,0,0.004819999914616346,5.996136205803323,150528
grouped_conv_forward_bf16_2d_64x128x64_compv3,207,1,96,48,1,56,56,1,1,1,1,0,0,0.005747999995946884,5.028075160121672,150528
grouped_conv_forward_bf16_2d_64x128x64_compv4,207,1,96,48,1,56,56,1,1,1,1,0,0,0.006372000090777874,4.53568355120218,150528
grouped_conv_forward_bf16_2d_64x128x64_compv5,207,1,96,48,1,56,56,1,1,1,1,0,0,0.005843999795615673,4.945478612385065,150528
grouped_conv_forward_bf16_2d_128x128x64_compv3,207,1,96,48,1,56,56,1,1,1,1,0,0,0.0067079998552799225,4.308493831771849,147648
grouped_conv_forward_bf16_2d_128x128x64_compv4,207,1,96,48,1,56,56,1,1,1,1,0,0,0.006360100116580725,4.544169976924477,150528
grouped_conv_forward_bf16_2d_128x128x64_compv5,207,1,96,48,1,56,56,1,1,1,1,0,0,0.006624100264161825,4.363064393267757,150528
grouped_conv_forward_bf16_2d_16x64x128_compv3,207,1,96,48,1,56,56,1,1,1,1,0,0,0.004468000028282404,6.468526369081138,150512
grouped_conv_forward_bf16_2d_16x64x128_compv4,207,1,96,48,1,56,56,1,1,1,1,0,0,0.005167999770492315,5.592371765381636,150428
grouped_conv_forward_bf16_2d_16x64x128_compv5,207,1,96,48,1,56,56,1,1,1,1,0,0,0.003768000053241849,7.670216452129377,150528
grouped_conv_forward_bf16_2d_32x64x128_compv3,207,1,96,48,1,56,56,1,1,1,1,0,0,0.004267999902367592,6.7716440161977305,150528
grouped_conv_forward_bf16_2d_32x64x128_compv4,207,1,96,48,1,56,56,1,1,1,1,0,0,0.005135999992489815,5.627214961499499,150528
grouped_conv_forward_bf16_2d_32x64x128_compv5,207,1,96,48,1,56,56,1,1,1,1,0,0,0.004515999928116798,6.399773352532374,150528
grouped_conv_forward_bf16_2d_64x64x128_compv3,207,1,96,48,1,56,56,1,1,1,1,0,0,0.005135999992489815,5.627214961499499,148704
grouped_conv_forward_bf16_2d_64x64x128_compv4,207,1,96,48,1,56,56,1,1,1,1,0,0,0.006695999763906002,4.316215205948701,150528
grouped_conv_forward_bf16_2d_64x64x128_compv5,207,1,96,48,1,56,56,1,1,1,1,0,0,0.005108100362122059,5.657949913104976,150528
grouped_conv_forward_bf16_2d_128x64x128_compv3,207,1,96,48,1,56,56,1,1,1,1,0,0,0.0061519998125731945,4.697883108015153,150528
grouped_conv_forward_bf16_2d_128x64x128_compv4,207,1,96,48,1,56,56,1,1,1,1,0,0,0.006391999777406454,4.521492022286442,150528
grouped_conv_forward_bf16_2d_128x64x128_compv5,207,1,96,48,1,56,56,1,1,1,1,0,0,0.005752100143581629,5.024491103870827,150528
grouped_conv_forward_bf16_2d_16x64x64_compv3,208,4,278,254,1,128,128,1,1,1,1,0,0,0.08599629998207092,107.62388691059496,5590370
grouped_conv_forward_bf16_2d_16x64x64_compv4,208,4,278,254,1,128,128,1,1,1,1,0,0,0.10931260883808136,84.66778135090794,5582161
grouped_conv_forward_bf16_2d_16x64x64_compv5,208,4,278,254,1,128,128,1,1,1,1,0,0,0.08601640164852142,107.59873566693304,5590788
grouped_conv_forward_bf16_2d_32x64x64_compv3,208,4,278,254,1,128,128,1,1,1,1,0,0,0.07049240171909332,131.29437837685637,5588487
grouped_conv_forward_bf16_2d_32x64x64_compv4,208,4,278,254,1,128,128,1,1,1,1,0,0,0.09062449634075165,102.12753105076442,5576081
grouped_conv_forward_bf16_2d_32x64x64_compv5,208,4,278,254,1,128,128,1,1,1,1,0,0,0.07045239955186844,131.3689260106194,5587898
grouped_conv_forward_bf16_2d_64x64x64_compv3,208,4,278,254,1,128,128,1,1,1,1,0,0,0.058868300169706345,157.21969272628598,5588525
grouped_conv_forward_bf16_2d_64x64x64_compv4,208,4,278,254,1,128,128,1,1,1,1,0,0,0.11244859546422958,82.30655105820455,5576008
grouped_conv_forward_bf16_2d_64x64x64_compv5,208,4,278,254,1,128,128,1,1,1,1,0,0,0.05952829867601395,155.47657618055308,5589892
grouped_conv_forward_bf16_2d_32x128x64_compv3,208,4,278,254,1,128,128,1,1,1,1,0,0,0.05344430357217789,173.17572585636825,5595025
grouped_conv_forward_bf16_2d_32x128x64_compv4,208,4,278,254,1,128,128,1,1,1,1,0,0,0.0902004987001419,102.60759305519714,5576188
grouped_conv_forward_bf16_2d_32x128x64_compv5,208,4,278,254,1,128,128,1,1,1,1,0,0,0.0535522997379303,172.82649128595014,5596292
grouped_conv_forward_bf16_2d_64x128x64_compv3,208,4,278,254,1,128,128,1,1,1,1,0,0,0.045996200293302536,201.21783984290653,5590100
grouped_conv_forward_bf16_2d_64x128x64_compv4,208,4,278,254,1,128,128,1,1,1,1,0,0,0.11193259805440903,82.68597553235686,5575600
grouped_conv_forward_bf16_2d_64x128x64_compv5,208,4,278,254,1,128,128,1,1,1,1,0,0,0.04599219933152199,201.23534422187683,5589198
grouped_conv_forward_bf16_2d_128x128x64_compv3,208,4,278,254,1,128,128,1,1,1,1,0,0,0.04671219736337662,198.13360506256817,5587293
grouped_conv_forward_bf16_2d_128x128x64_compv4,208,4,278,254,1,128,128,1,1,1,1,0,0,0.112540602684021,82.23926159331029,5575504
grouped_conv_forward_bf16_2d_128x128x64_compv5,208,4,278,254,1,128,128,1,1,1,1,0,0,0.04625619947910309,200.08682443055437,5586475
grouped_conv_forward_bf16_2d_16x64x128_compv3,208,4,278,254,1,128,128,1,1,1,1,0,0,0.09518449753522873,97.23491013412702,5580717
grouped_conv_forward_bf16_2d_16x64x128_compv4,208,4,278,254,1,128,128,1,1,1,1,0,0,0.10924860090017319,84.71738757054716,5583024
grouped_conv_forward_bf16_2d_16x64x128_compv5,208,4,278,254,1,128,128,1,1,1,1,0,0,0.09456829726696014,97.8684858613137,5580208
grouped_conv_forward_bf16_2d_32x64x128_compv3,208,4,278,254,1,128,128,1,1,1,1,0,0,0.07315629720687866,126.51345704153212,5584533
grouped_conv_forward_bf16_2d_32x64x128_compv4,208,4,278,254,1,128,128,1,1,1,1,0,0,0.09004040062427521,102.79003647063684,5576863
grouped_conv_forward_bf16_2d_32x64x128_compv5,208,4,278,254,1,128,128,1,1,1,1,0,0,0.07306839525699615,126.66565389108949,5584998
grouped_conv_forward_bf16_2d_64x64x128_compv3,208,4,278,254,1,128,128,1,1,1,1,0,0,0.0683922991156578,135.32599698612987,5577473
grouped_conv_forward_bf16_2d_64x64x128_compv4,208,4,278,254,1,128,128,1,1,1,1,0,0,0.11209659278392792,82.56500785746444,5575856
grouped_conv_forward_bf16_2d_64x64x128_compv5,208,4,278,254,1,128,128,1,1,1,1,0,0,0.06860030442476273,134.91567044211425,5578580
grouped_conv_forward_bf16_2d_128x64x128_compv3,208,4,278,254,1,128,128,1,1,1,1,0,0,0.07013639807701111,131.9608123279663,5581708
grouped_conv_forward_bf16_2d_128x64x128_compv4,208,4,278,254,1,128,128,1,1,1,1,0,0,0.11198459565639496,82.64758210493635,5575832
grouped_conv_forward_bf16_2d_128x64x128_compv5,208,4,278,254,1,128,128,1,1,1,1,0,0,0.07006040215492249,132.1039528653308,5581509
grouped_conv_forward_bf16_2d_16x64x64_compv3,209,1,144,6,1,1,1,1,1,1,1,0,0,0.004808000288903713,0.00035940097674037506,1
grouped_conv_forward_bf16_2d_16x64x64_compv4,209,1,144,6,1,1,1,1,1,1,1,0,0,0.005191999953240156,0.0003328197256476499,1
grouped_conv_forward_bf16_2d_16x64x64_compv5,209,1,144,6,1,1,1,1,1,1,1,0,0,0.004643999971449375,0.00037209302554338684,1
grouped_conv_forward_bf16_2d_32x64x64_compv3,209,1,144,6,1,1,1,1,1,1,1,0,0,0.005807999987155199,0.0002975206618150127,1
grouped_conv_forward_bf16_2d_32x64x64_compv4,209,1,144,6,1,1,1,1,1,1,1,0,0,0.005344000179320574,0.0003233532825628937,1
grouped_conv_forward_bf16_2d_32x64x64_compv5,209,1,144,6,1,1,1,1,1,1,1,0,0,0.006248000077903271,0.0002765684984722166,1
grouped_conv_forward_bf16_2d_64x64x64_compv3,209,1,144,6,1,1,1,1,1,1,1,0,0,0.006684000138193369,0.0002585278223029876,1
grouped_conv_forward_bf16_2d_64x64x64_compv4,209,1,144,6,1,1,1,1,1,1,1,0,0,0.00802799966186285,0.00021524664583742991,1
grouped_conv_forward_bf16_2d_64x64x64_compv5,209,1,144,6,1,1,1,1,1,1,1,0,0,0.006623999681323767,0.00026086957776765316,1
grouped_conv_forward_bf16_2d_32x128x64_compv3,209,1,144,6,1,1,1,1,1,1,1,0,0,0.007367999758571386,0.00023452769498122914,1
grouped_conv_forward_bf16_2d_32x128x64_compv4,209,1,144,6,1,1,1,1,1,1,1,0,0,0.0052559999749064445,0.00032876712485729377,1
grouped_conv_forward_bf16_2d_32x128x64_compv5,209,1,144,6,1,1,1,1,1,1,1,0,0,0.00623599998652935,0.00027710070617907736,1
grouped_conv_forward_bf16_2d_64x128x64_compv3,209,1,144,6,1,1,1,1,1,1,1,0,0,0.007395999971777201,0.0002336398061917211,1
grouped_conv_forward_bf16_2d_64x128x64_compv4,209,1,144,6,1,1,1,1,1,1,1,0,0,0.007035999558866024,0.00024559410294768376,1
grouped_conv_forward_bf16_2d_64x128x64_compv5,209,1,144,6,1,1,1,1,1,1,1,0,0,0.007519999984651804,0.00022978723451154515,1
grouped_conv_forward_bf16_2d_128x128x64_compv3,209,1,144,6,1,1,1,1,1,1,1,0,0,0.008584000170230865,0.00020130474903677986,1
grouped_conv_forward_bf16_2d_128x128x64_compv4,209,1,144,6,1,1,1,1,1,1,1,0,0,0.007579999975860119,0.00022796833845687713,1
grouped_conv_forward_bf16_2d_128x128x64_compv5,209,1,144,6,1,1,1,1,1,1,1,0,0,0.00785209983587265,0.00022006852130248764,1
grouped_conv_forward_bf16_2d_16x64x128_compv3,209,1,144,6,1,1,1,1,1,1,1,0,0,0.005835999734699726,0.000296093227990681,1
grouped_conv_forward_bf16_2d_16x64x128_compv4,209,1,144,6,1,1,1,1,1,1,1,0,0,0.004652000032365322,0.00037145313585077377,1
grouped_conv_forward_bf16_2d_16x64x128_compv5,209,1,144,6,1,1,1,1,1,1,1,0,0,0.004315999802201986,0.0004003707319723206,1
grouped_conv_forward_bf16_2d_32x64x128_compv3,209,1,144,6,1,1,1,1,1,1,1,0,0,0.0055240001529455185,0.00031281679075960785,1
grouped_conv_forward_bf16_2d_32x64x128_compv4,209,1,144,6,1,1,1,1,1,1,1,0,0,0.005355999805033207,0.0003226288392273917,1
grouped_conv_forward_bf16_2d_32x64x128_compv5,209,1,144,6,1,1,1,1,1,1,1,0,0,0.006219999864697456,0.00027781351086637857,1
grouped_conv_forward_bf16_2d_64x64x128_compv3,209,1,144,6,1,1,1,1,1,1,1,0,0,0.006215999834239483,0.00027799228540542875,1
grouped_conv_forward_bf16_2d_64x64x128_compv4,209,1,144,6,1,1,1,1,1,1,1,0,0,0.007496099919080734,0.0002305198728210001,1
grouped_conv_forward_bf16_2d_64x64x128_compv5,209,1,144,6,1,1,1,1,1,1,1,0,0,0.006256000138819218,0.0002762148276304466,1
grouped_conv_forward_bf16_2d_128x64x128_compv3,209,1,144,6,1,1,1,1,1,1,1,0,0,0.007852000184357166,0.00022007131424201174,1
grouped_conv_forward_bf16_2d_128x64x128_compv4,209,1,144,6,1,1,1,1,1,1,1,0,0,0.007720000110566616,0.0002238341936854159,1
grouped_conv_forward_bf16_2d_128x64x128_compv5,209,1,144,6,1,1,1,1,1,1,1,0,0,0.008500000461935997,0.00020329410659895695,1
grouped_conv_forward_bf16_2d_16x64x64_compv3,210,4,80,256,1,256,256,1,1,1,1,0,0,0.1589604914188385,67.54771669463713,67094234
grouped_conv_forward_bf16_2d_16x64x64_compv4,210,4,80,256,1,256,256,1,1,1,1,0,0,0.2580414116382599,41.61122112853904,67103904
grouped_conv_forward_bf16_2d_16x64x64_compv5,210,4,80,256,1,256,256,1,1,1,1,0,0,0.16250890493392944,66.07279917593111,67096748
grouped_conv_forward_bf16_2d_32x64x64_compv3,210,4,80,256,1,256,256,1,1,1,1,0,0,0.1278287023305893,83.99849207755389,67079531
grouped_conv_forward_bf16_2d_32x64x64_compv4,210,4,80,256,1,256,256,1,1,1,1,0,0,0.2371453046798706,45.27780237730094,67027061
grouped_conv_forward_bf16_2d_32x64x64_compv5,210,4,80,256,1,256,256,1,1,1,1,0,0,0.12814870476722717,83.78873793148156,67084350
grouped_conv_forward_bf16_2d_64x64x64_compv3,210,4,80,256,1,256,256,1,1,1,1,0,0,0.10530060529708862,101.96919770504748,67048688
grouped_conv_forward_bf16_2d_64x64x64_compv4,210,4,80,256,1,256,256,1,1,1,1,0,0,0.30706578493118286,34.96781070025885,67034648
grouped_conv_forward_bf16_2d_64x64x64_compv5,210,4,80,256,1,256,256,1,1,1,1,0,0,0.10517660528421402,102.0894162821167,67047429
grouped_conv_forward_bf16_2d_32x128x64_compv3,210,4,80,256,1,256,256,1,1,1,1,0,0,0.09334050118923187,115.03493235194574,67065363
grouped_conv_forward_bf16_2d_32x128x64_compv4,210,4,80,256,1,256,256,1,1,1,1,0,0,0.23785340785980225,45.143007773632355,67042925
grouped_conv_forward_bf16_2d_32x128x64_compv5,210,4,80,256,1,256,256,1,1,1,1,0,0,0.09306050091981888,115.381049251512,67068990
grouped_conv_forward_bf16_2d_64x128x64_compv3,210,4,80,256,1,256,256,1,1,1,1,0,0,0.08732049912214279,122.96560770891423,67076304
grouped_conv_forward_bf16_2d_64x128x64_compv4,210,4,80,256,1,256,256,1,1,1,1,0,0,0.3058497905731201,35.10683535169198,67062352
grouped_conv_forward_bf16_2d_64x128x64_compv5,210,4,80,256,1,256,256,1,1,1,1,0,0,0.08690450340509415,123.55422123464544,67077152
grouped_conv_forward_bf16_2d_128x128x64_compv3,210,4,80,256,1,256,256,1,1,1,1,0,0,0.09858450293540955,108.91588353430079,67034282
grouped_conv_forward_bf16_2d_128x128x64_compv4,210,4,80,256,1,256,256,1,1,1,1,0,0,0.30581778287887573,35.11050972550126,67031243
grouped_conv_forward_bf16_2d_128x128x64_compv5,210,4,80,256,1,256,256,1,1,1,1,0,0,0.09866049885749817,108.8319881243329,67038726
grouped_conv_forward_bf16_2d_16x64x128_compv3,210,4,80,256,1,256,256,1,1,1,1,0,0,0.168613001704216,63.68084389385211,67094763
grouped_conv_forward_bf16_2d_16x64x128_compv4,210,4,80,256,1,256,256,1,1,1,1,0,0,0.2608575224876404,41.16200344772019,67098455
grouped_conv_forward_bf16_2d_16x64x128_compv5,210,4,80,256,1,256,256,1,1,1,1,0,0,0.1680566966533661,63.89164165321546,67088320
grouped_conv_forward_bf16_2d_32x64x128_compv3,210,4,80,256,1,256,256,1,1,1,1,0,0,0.1320846974849701,81.29191681134607,67056434
grouped_conv_forward_bf16_2d_32x64x128_compv4,210,4,80,256,1,256,256,1,1,1,1,0,0,0.23761329054832458,45.18862650831511,67064988
grouped_conv_forward_bf16_2d_32x64x128_compv5,210,4,80,256,1,256,256,1,1,1,1,0,0,0.13134069740772247,81.75240768417504,67054090
grouped_conv_forward_bf16_2d_64x64x128_compv3,210,4,80,256,1,256,256,1,1,1,1,0,0,0.12529268860816956,85.69868169705698,67022830
grouped_conv_forward_bf16_2d_64x64x128_compv4,210,4,80,256,1,256,256,1,1,1,1,0,0,0.3070496916770935,34.96964345201794,67011152
grouped_conv_forward_bf16_2d_64x64x128_compv5,210,4,80,256,1,256,256,1,1,1,1,0,0,0.12638071179389954,84.96089385467681,67040704
grouped_conv_forward_bf16_2d_128x64x128_compv3,210,4,80,256,1,256,256,1,1,1,1,0,0,0.14856480062007904,72.27430855212147,67007976
grouped_conv_forward_bf16_2d_128x64x128_compv4,210,4,80,256,1,256,256,1,1,1,1,0,0,0.3064817786216736,35.03444246600531,67049152
grouped_conv_forward_bf16_2d_128x64x128_compv5,210,4,80,256,1,256,256,1,1,1,1,0,0,0.14822080731391907,72.44204396525153,67008354
grouped_conv_forward_bf16_2d_16x64x64_compv3,211,4,83,166,1,28,28,1,1,1,1,0,0,0.005339999683201313,16.182700585516535,50333
grouped_conv_forward_bf16_2d_16x64x64_compv4,211,4,83,166,1,28,28,1,1,1,1,0,0,0.006120099686086178,14.119968698624751,50293
grouped_conv_forward_bf16_2d_16x64x64_compv5,211,4,83,166,1,28,28,1,1,1,1,0,0,0.005339999683201313,16.182700585516535,50255
grouped_conv_forward_bf16_2d_32x64x64_compv3,211,4,83,166,1,28,28,1,1,1,1,0,0,0.005807999987155199,14.87872179599074,50606
grouped_conv_forward_bf16_2d_32x64x64_compv4,211,4,83,166,1,28,28,1,1,1,1,0,0,0.006227999925613403,13.875339921666557,50244
grouped_conv_forward_bf16_2d_32x64x64_compv5,211,4,83,166,1,28,28,1,1,1,1,0,0,0.005420000292360783,15.94383973037759,50443
grouped_conv_forward_bf16_2d_64x64x64_compv3,211,4,83,166,1,28,28,1,1,1,1,0,0,0.005764000117778778,14.992299485465871,50823
grouped_conv_forward_bf16_2d_64x64x64_compv4,211,4,83,166,1,28,28,1,1,1,1,0,0,0.006892000325024128,12.538539164926327,50441
grouped_conv_forward_bf16_2d_64x64x64_compv5,211,4,83,166,1,28,28,1,1,1,1,0,0,0.005739999935030937,15.054985536255801,50176
grouped_conv_forward_bf16_2d_32x128x64_compv3,211,4,83,166,1,28,28,1,1,1,1,0,0,0.0050760000012815,17.024353029586937,50620
grouped_conv_forward_bf16_2d_32x128x64_compv4,211,4,83,166,1,28,28,1,1,1,1,0,0,0.007016000337898731,12.316934412503349,50194
grouped_conv_forward_bf16_2d_32x128x64_compv5,211,4,83,166,1,28,28,1,1,1,1,0,0,0.00505600031465292,17.091695138854472,50646
grouped_conv_forward_bf16_2d_64x128x64_compv3,211,4,83,166,1,28,28,1,1,1,1,0,0,0.006140000186860561,14.074204131935883,50552
grouped_conv_forward_bf16_2d_64x128x64_compv4,211,4,83,166,1,28,28,1,1,1,1,0,0,0.0067680999636650085,12.76807619035297,50402
grouped_conv_forward_bf16_2d_64x128x64_compv5,211,4,83,166,1,28,28,1,1,1,1,0,0,0.006319999694824219,13.673357622274937,50176
grouped_conv_forward_bf16_2d_128x128x64_compv3,211,4,83,166,1,28,28,1,1,1,1,0,0,0.007340000011026859,11.773244668961592,50176
grouped_conv_forward_bf16_2d_128x128x64_compv4,211,4,83,166,1,28,28,1,1,1,1,0,0,0.00684799998998642,12.61910282219077,50386
grouped_conv_forward_bf16_2d_128x128x64_compv5,211,4,83,166,1,28,28,1,1,1,1,0,0,0.007363999728113413,11.734874957978693,50176
grouped_conv_forward_bf16_2d_16x64x128_compv3,211,4,83,166,1,28,28,1,1,1,1,0,0,0.004980000201612711,17.35253263082507,50385
grouped_conv_forward_bf16_2d_16x64x128_compv4,211,4,83,166,1,28,28,1,1,1,1,0,0,0.006040000356733799,14.307220347041545,50268
grouped_conv_forward_bf16_2d_16x64x128_compv5,211,4,83,166,1,28,28,1,1,1,1,0,0,0.004964000079780817,17.408463862034353,50272
grouped_conv_forward_bf16_2d_32x64x128_compv3,211,4,83,166,1,28,28,1,1,1,1,0,0,0.0055680000223219395,15.520045914792112,50192
grouped_conv_forward_bf16_2d_32x64x128_compv4,211,4,83,166,1,28,28,1,1,1,1,0,0,0.006215999834239483,13.902126496850656,50233
grouped_conv_forward_bf16_2d_32x64x128_compv5,211,4,83,166,1,28,28,1,1,1,1,0,0,0.005080000031739473,17.01094792521289,50224
grouped_conv_forward_bf16_2d_64x64x128_compv3,211,4,83,166,1,28,28,1,1,1,1,0,0,0.005536000244319439,15.609756536530535,50325
grouped_conv_forward_bf16_2d_64x64x128_compv4,211,4,83,166,1,28,28,1,1,1,1,0,0,0.00684799998998642,12.61910282219077,50313
grouped_conv_forward_bf16_2d_64x64x128_compv5,211,4,83,166,1,28,28,1,1,1,1,0,0,0.005476000253111124,15.780791089427726,50176
grouped_conv_forward_bf16_2d_128x64x128_compv3,211,4,83,166,1,28,28,1,1,1,1,0,0,0.006347999908030033,13.61304619596588,50176
grouped_conv_forward_bf16_2d_128x64x128_compv4,211,4,83,166,1,28,28,1,1,1,1,0,0,0.007067999802529812,12.22631839478401,50176
grouped_conv_forward_bf16_2d_128x64x128_compv5,211,4,83,166,1,28,28,1,1,1,1,0,0,0.006948000285774469,12.437480202315154,52072
grouped_conv_forward_bf16_2d_16x64x64_compv3,212,1,17,61,1,512,512,1,1,1,1,0,0,0.029451999813318253,18.46009301392647,4193632
grouped_conv_forward_bf16_2d_16x64x64_compv4,212,1,17,61,1,512,512,1,1,1,1,0,0,0.06381230056285858,8.520091756673764,4194959
grouped_conv_forward_bf16_2d_16x64x64_compv5,212,1,17,61,1,512,512,1,1,1,1,0,0,0.029620099812746048,18.355328288463163,4194299
grouped_conv_forward_bf16_2d_32x64x64_compv3,212,1,17,61,1,512,512,1,1,1,1,0,0,0.024620098993182182,22.083041020694438,4195365
grouped_conv_forward_bf16_2d_32x64x64_compv4,212,1,17,61,1,512,512,1,1,1,1,0,0,0.05740020424127579,9.471859258804546,4196413
grouped_conv_forward_bf16_2d_32x64x64_compv5,212,1,17,61,1,512,512,1,1,1,1,0,0,0.024340100586414337,22.337075151754465,4195055
grouped_conv_forward_bf16_2d_64x64x64_compv3,212,1,17,61,1,512,512,1,1,1,1,0,0,0.0231161005795002,23.51982567865065,4196768
grouped_conv_forward_bf16_2d_64x64x64_compv4,212,1,17,61,1,512,512,1,1,1,1,0,0,0.07623239606618881,7.131963365390533,4199281
grouped_conv_forward_bf16_2d_64x64x64_compv5,212,1,17,61,1,512,512,1,1,1,1,0,0,0.022328099235892296,24.349885328618868,4197864
grouped_conv_forward_bf16_2d_32x128x64_compv3,212,1,17,61,1,512,512,1,1,1,1,0,0,0.03270009905099869,16.626452878692284,4194367
grouped_conv_forward_bf16_2d_32x128x64_compv4,212,1,17,61,1,512,512,1,1,1,1,0,0,0.05776429921388626,9.412157048540811,4194809
grouped_conv_forward_bf16_2d_32x128x64_compv5,212,1,17,61,1,512,512,1,1,1,1,0,0,0.032704100012779236,16.62441882783971,4194430
grouped_conv_forward_bf16_2d_64x128x64_compv3,212,1,17,61,1,512,512,1,1,1,1,0,0,0.03202810138463974,16.97530082943802,4188459
grouped_conv_forward_bf16_2d_64x128x64_compv4,212,1,17,61,1,512,512,1,1,1,1,0,0,0.07648839801549911,7.10809312400334,4199280
grouped_conv_forward_bf16_2d_64x128x64_compv5,212,1,17,61,1,512,512,1,1,1,1,0,0,0.03240010142326355,16.780399817194038,4187538
grouped_conv_forward_bf16_2d_128x128x64_compv3,212,1,17,61,1,512,512,1,1,1,1,0,0,0.03495220094919205,15.555147923025656,4206615
grouped_conv_forward_bf16_2d_128x128x64_compv4,212,1,17,61,1,512,512,1,1,1,1,0,0,0.07623239606618881,7.131963365390533,4199281
grouped_conv_forward_bf16_2d_128x128x64_compv5,212,1,17,61,1,512,512,1,1,1,1,0,0,0.034824199974536896,15.612322936278169,4206687
grouped_conv_forward_bf16_2d_16x64x128_compv3,212,1,17,61,1,512,512,1,1,1,1,0,0,0.03929220139980316,13.837011840286548,4195135
grouped_conv_forward_bf16_2d_16x64x128_compv4,212,1,17,61,1,512,512,1,1,1,1,0,0,0.06353630125522614,8.557102715438278,4194867
grouped_conv_forward_bf16_2d_16x64x128_compv5,212,1,17,61,1,512,512,1,1,1,1,0,0,0.03937610238790512,13.80752850152585,4195271
grouped_conv_forward_bf16_2d_32x64x128_compv3,212,1,17,61,1,512,512,1,1,1,1,0,0,0.033184099942445755,16.383950655373084,4195900
grouped_conv_forward_bf16_2d_32x64x128_compv4,212,1,17,61,1,512,512,1,1,1,1,0,0,0.05768819898366928,9.424573232974565,4196649
grouped_conv_forward_bf16_2d_32x64x128_compv5,212,1,17,61,1,512,512,1,1,1,1,0,0,0.033316098153591156,16.31903752634958,4194947
grouped_conv_forward_bf16_2d_64x64x128_compv3,212,1,17,61,1,512,512,1,1,1,1,0,0,0.03320809826254845,16.372110552719032,4196073
grouped_conv_forward_bf16_2d_64x64x128_compv4,212,1,17,61,1,512,512,1,1,1,1,0,0,0.07628040015697479,7.1274751427780405,4199281
grouped_conv_forward_bf16_2d_64x64x128_compv5,212,1,17,61,1,512,512,1,1,1,1,0,0,0.0329400971531868,16.50531428221367,4196743
grouped_conv_forward_bf16_2d_128x64x128_compv3,212,1,17,61,1,512,512,1,1,1,1,0,0,0.03470410034060478,15.666352121621525,4204865
grouped_conv_forward_bf16_2d_128x64x128_compv4,212,1,17,61,1,512,512,1,1,1,1,0,0,0.07671640068292618,7.086967729978521,4199281
grouped_conv_forward_bf16_2d_128x64x128_compv5,212,1,17,61,1,512,512,1,1,1,1,0,0,0.03496810048818588,15.548075200243913,4204829
grouped_conv_forward_bf16_2d_16x64x64_compv3,213,1,512,208,1,256,256,1,1,1,1,0,0,0.12094449996948242,115.41362952033491,13626880
grouped_conv_forward_bf16_2d_16x64x64_compv4,213,1,512,208,1,256,256,1,1,1,1,0,0,0.14444880187511444,96.63384902332504,13626080
grouped_conv_forward_bf16_2d_16x64x64_compv5,213,1,512,208,1,256,256,1,1,1,1,0,0,0.12200069427490234,114.41446128615627,13627520
grouped_conv_forward_bf16_2d_32x64x64_compv3,213,1,512,208,1,256,256,1,1,1,1,0,0,0.1012125015258789,137.91422503702205,13622848
grouped_conv_forward_bf16_2d_32x64x64_compv4,213,1,512,208,1,256,256,1,1,1,1,0,0,0.1270526945590973,109.86499546853197,13623544
grouped_conv_forward_bf16_2d_32x64x64_compv5,213,1,512,208,1,256,256,1,1,1,1,0,0,0.10056060552597046,138.80827028627115,13625312
grouped_conv_forward_bf16_2d_64x64x64_compv3,213,1,512,208,1,256,256,1,1,1,1,0,0,0.08152040094137192,171.22884027568531,13620352
grouped_conv_forward_bf16_2d_64x64x64_compv4,213,1,512,208,1,256,256,1,1,1,1,0,0,0.1629249006509781,85.67532437477169,13618688
grouped_conv_forward_bf16_2d_64x64x64_compv5,213,1,512,208,1,256,256,1,1,1,1,0,0,0.08121640235185623,171.86976162187725,13624032
grouped_conv_forward_bf16_2d_32x128x64_compv3,213,1,512,208,1,256,256,1,1,1,1,0,0,0.07461240142583847,187.08208615794646,13628076
grouped_conv_forward_bf16_2d_32x128x64_compv4,213,1,512,208,1,256,256,1,1,1,1,0,0,0.12662069499492645,110.23982858852028,13622464
grouped_conv_forward_bf16_2d_32x128x64_compv5,213,1,512,208,1,256,256,1,1,1,1,0,0,0.07468439638614655,186.9017410253748,13627644
grouped_conv_forward_bf16_2d_64x128x64_compv3,213,1,512,208,1,256,256,1,1,1,1,0,0,0.06447629630565643,216.49264166520408,13627520
grouped_conv_forward_bf16_2d_64x128x64_compv4,213,1,512,208,1,256,256,1,1,1,1,0,0,0.16307289898395538,85.59756893371583,13619200
grouped_conv_forward_bf16_2d_64x128x64_compv5,213,1,512,208,1,256,256,1,1,1,1,0,0,0.06339629739522934,220.18074060347897,13626220
grouped_conv_forward_bf16_2d_128x128x64_compv3,213,1,512,208,1,256,256,1,1,1,1,0,0,0.062104303389787674,224.76129591842962,13611664
grouped_conv_forward_bf16_2d_128x128x64_compv4,213,1,512,208,1,256,256,1,1,1,1,0,0,0.1625368893146515,85.87985023496898,13620224
grouped_conv_forward_bf16_2d_128x128x64_compv5,213,1,512,208,1,256,256,1,1,1,1,0,0,0.062472302466630936,223.43731799313613,13608208
grouped_conv_forward_bf16_2d_16x64x128_compv3,213,1,512,208,1,256,256,1,1,1,1,0,0,0.11704470217227936,119.25908181178607,13624656
grouped_conv_forward_bf16_2d_16x64x128_compv4,213,1,512,208,1,256,256,1,1,1,1,0,0,0.14522479474544525,96.11749657809581,13625512
grouped_conv_forward_bf16_2d_16x64x128_compv5,213,1,512,208,1,256,256,1,1,1,1,0,0,0.11641639471054077,119.902731455539,13626400
grouped_conv_forward_bf16_2d_32x64x128_compv3,213,1,512,208,1,256,256,1,1,1,1,0,0,0.09020449966192245,154.744428097441,13621552
grouped_conv_forward_bf16_2d_32x64x128_compv4,213,1,512,208,1,256,256,1,1,1,1,0,0,0.12643669545650482,110.4002573113901,13624008
grouped_conv_forward_bf16_2d_32x64x128_compv5,213,1,512,208,1,256,256,1,1,1,1,0,0,0.0889045000076294,157.0071673627559,13621912
grouped_conv_forward_bf16_2d_64x64x128_compv3,213,1,512,208,1,256,256,1,1,1,1,0,0,0.08376850187778473,166.6335603370962,13624216
grouped_conv_forward_bf16_2d_64x64x128_compv4,213,1,512,208,1,256,256,1,1,1,1,0,0,0.16260090470314026,85.84603964832934,13618176
grouped_conv_forward_bf16_2d_64x64x128_compv5,213,1,512,208,1,256,256,1,1,1,1,0,0,0.08325649797916412,167.65830957114372,13620464
grouped_conv_forward_bf16_2d_128x64x128_compv3,213,1,512,208,1,256,256,1,1,1,1,0,0,0.08367250114679337,166.82474553391484,13607168
grouped_conv_forward_bf16_2d_128x64x128_compv4,213,1,512,208,1,256,256,1,1,1,1,0,0,0.1625368893146515,85.87985023496898,13619200
grouped_conv_forward_bf16_2d_128x64x128_compv5,213,1,512,208,1,256,256,1,1,1,1,0,0,0.08354850113391876,167.07234148492836,13609320
grouped_conv_forward_bf16_2d_16x64x64_compv3,214,4,104,104,1,256,256,3,3,2,2,1,1,0.11226429790258408,113.65209604812675,3146904
grouped_conv_forward_bf16_2d_16x64x64_compv4,214,4,104,104,1,256,256,3,3,2,2,1,1,0.1305847018957138,97.7072550059464,3145286
grouped_conv_forward_bf16_2d_16x64x64_compv5,214,4,104,104,1,256,256,3,3,2,2,1,1,0.11298459768295288,112.92754082997536,3146535
grouped_conv_forward_bf16_2d_32x64x64_compv3,214,4,104,104,1,256,256,3,3,2,2,1,1,0.09441649913787842,135.13605020842442,3146082
grouped_conv_forward_bf16_2d_32x64x64_compv4,214,4,104,104,1,256,256,3,3,2,2,1,1,0.11208859831094742,113.83024643242285,3143850
grouped_conv_forward_bf16_2d_32x64x64_compv5,214,4,104,104,1,256,256,3,3,2,2,1,1,0.09495650231838226,134.36755205262043,3146612
grouped_conv_forward_bf16_2d_64x64x64_compv3,214,4,104,104,1,256,256,3,3,2,2,1,1,0.0782444030046463,163.06690674401773,3147972
grouped_conv_forward_bf16_2d_64x64x64_compv4,214,4,104,104,1,256,256,3,3,2,2,1,1,0.1425727903842926,89.4916395590563,3144518
grouped_conv_forward_bf16_2d_64x64x64_compv5,214,4,104,104,1,256,256,3,3,2,2,1,1,0.07719240337610245,165.28922808419782,3147209
grouped_conv_forward_bf16_2d_32x128x64_compv3,214,4,104,104,1,256,256,3,3,2,2,1,1,0.07156839966773987,178.27802252439176,3153137
grouped_conv_forward_bf16_2d_32x128x64_compv4,214,4,104,104,1,256,256,3,3,2,2,1,1,0.11298459768295288,112.92754082997536,3145412
grouped_conv_forward_bf16_2d_32x128x64_compv5,214,4,104,104,1,256,256,3,3,2,2,1,1,0.07152439653873444,178.3877024546478,3153001
grouped_conv_forward_bf16_2d_64x128x64_compv3,214,4,104,104,1,256,256,3,3,2,2,1,1,0.059292297810316086,215.1893793831024,3150548
grouped_conv_forward_bf16_2d_64x128x64_compv4,214,4,104,104,1,256,256,3,3,2,2,1,1,0.14236479997634888,89.62238397496903,3144503
grouped_conv_forward_bf16_2d_64x128x64_compv5,214,4,104,104,1,256,256,3,3,2,2,1,1,0.05806029960513115,219.75554474872882,3149590
grouped_conv_forward_bf16_2d_128x128x64_compv3,214,4,104,104,1,256,256,3,3,2,2,1,1,0.05650830268859863,225.79111671981482,3146687
grouped_conv_forward_bf16_2d_128x128x64_compv4,214,4,104,104,1,256,256,3,3,2,2,1,1,0.14224879443645477,89.69547206742564,3143707
grouped_conv_forward_bf16_2d_128x128x64_compv5,214,4,104,104,1,256,256,3,3,2,2,1,1,0.05650830268859863,225.79111671981482,3146543
grouped_conv_forward_bf16_2d_16x64x128_compv3,214,4,104,104,1,256,256,3,3,2,2,1,1,0.1065526008605957,119.74435785657525,3147627
grouped_conv_forward_bf16_2d_16x64x128_compv4,214,4,104,104,1,256,256,3,3,2,2,1,1,0.13160480558872223,96.94990020253013,3146397
grouped_conv_forward_bf16_2d_16x64x128_compv5,214,4,104,104,1,256,256,3,3,2,2,1,1,0.10572439432144165,120.68239170240741,3147873
grouped_conv_forward_bf16_2d_32x64x128_compv3,214,4,104,104,1,256,256,3,3,2,2,1,1,0.08069239556789398,158.11989070599114,3145957
grouped_conv_forward_bf16_2d_32x64x128_compv4,214,4,104,104,1,256,256,3,3,2,2,1,1,0.11276060342788696,113.15186669925657,3146283
grouped_conv_forward_bf16_2d_32x64x128_compv5,214,4,104,104,1,256,256,3,3,2,2,1,1,0.08057250082492828,158.3551787193935,3145296
grouped_conv_forward_bf16_2d_64x64x128_compv3,214,4,104,104,1,256,256,3,3,2,2,1,1,0.07331640273332596,174.027533980474,3145003
grouped_conv_forward_bf16_2d_64x64x128_compv4,214,4,104,104,1,256,256,3,3,2,2,1,1,0.14254479110240936,89.50921790494202,3144259
grouped_conv_forward_bf16_2d_64x64x128_compv5,214,4,104,104,1,256,256,3,3,2,2,1,1,0.07365240156650543,173.23362845784496,3144906
grouped_conv_forward_bf16_2d_128x64x128_compv3,214,4,104,104,1,256,256,3,3,2,2,1,1,0.06933639943599701,184.01695028565243,3143523
grouped_conv_forward_bf16_2d_128x64x128_compv4,214,4,104,104,1,256,256,3,3,2,2,1,1,0.14233280718326569,89.64252880624774,3144720
grouped_conv_forward_bf16_2d_128x64x128_compv5,214,4,104,104,1,256,256,3,3,2,2,1,1,0.06951239705085754,183.55103994852954,3143248
grouped_conv_forward_bf16_2d_16x64x64_compv3,215,1,44,68,1,28,28,1,1,1,1,0,0,0.003727999981492758,1.258437774487718,4704
grouped_conv_forward_bf16_2d_16x64x64_compv4,215,1,44,68,1,28,28,1,1,1,1,0,0,0.004579999949783087,1.0243353824102535,4704
grouped_conv_forward_bf16_2d_16x64x64_compv5,215,1,44,68,1,28,28,1,1,1,1,0,0,0.003711999859660864,1.2638621167481998,4704
grouped_conv_forward_bf16_2d_32x64x64_compv3,215,1,44,68,1,28,28,1,1,1,1,0,0,0.0041519999504089355,1.1299267957693335,4752
grouped_conv_forward_bf16_2d_32x64x64_compv4,215,1,44,68,1,28,28,1,1,1,1,0,0,0.005180000327527523,0.9056864292206114,4704
grouped_conv_forward_bf16_2d_32x64x64_compv5,215,1,44,68,1,28,28,1,1,1,1,0,0,0.004056000150740147,1.1566705684524923,4672
grouped_conv_forward_bf16_2d_64x64x64_compv3,215,1,44,68,1,28,28,1,1,1,1,0,0,0.004879999905824661,0.9613639529788476,4704
grouped_conv_forward_bf16_2d_64x64x64_compv4,215,1,44,68,1,28,28,1,1,1,1,0,0,0.006731999572366476,0.6968889331570217,4704
grouped_conv_forward_bf16_2d_64x64x64_compv5,215,1,44,68,1,28,28,1,1,1,1,0,0,0.004880100023001432,0.961344230218173,4704
grouped_conv_forward_bf16_2d_32x128x64_compv3,215,1,44,68,1,28,28,1,1,1,1,0,0,0.0041600000113248825,1.1277538430837308,4704
grouped_conv_forward_bf16_2d_32x128x64_compv4,215,1,44,68,1,28,28,1,1,1,1,0,0,0.005131999962031841,0.9141574502550419,4704
grouped_conv_forward_bf16_2d_32x128x64_compv5,215,1,44,68,1,28,28,1,1,1,1,0,0,0.003988000098615885,1.176393150448583,4704
grouped_conv_forward_bf16_2d_64x128x64_compv3,215,1,44,68,1,28,28,1,1,1,1,0,0,0.00508800009265542,0.9220628762904631,4704
grouped_conv_forward_bf16_2d_64x128x64_compv4,215,1,44,68,1,28,28,1,1,1,1,0,0,0.006703999824821949,0.6997995409590573,4704
grouped_conv_forward_bf16_2d_64x128x64_compv5,215,1,44,68,1,28,28,1,1,1,1,0,0,0.005036000162363052,0.9315837666293122,4704
grouped_conv_forward_bf16_2d_128x128x64_compv3,215,1,44,68,1,28,28,1,1,1,1,0,0,0.005607999861240387,0.8365649279745766,4704
grouped_conv_forward_bf16_2d_128x128x64_compv4,215,1,44,68,1,28,28,1,1,1,1,0,0,0.006703999824821949,0.6997995409590573,4896
grouped_conv_forward_bf16_2d_128x128x64_compv5,215,1,44,68,1,28,28,1,1,1,1,0,0,0.005619999952614307,0.8347786547253674,4704
grouped_conv_forward_bf16_2d_16x64x128_compv3,215,1,44,68,1,28,28,1,1,1,1,0,0,0.0039160000160336494,1.1980224670049355,4704
grouped_conv_forward_bf16_2d_16x64x128_compv4,215,1,44,68,1,28,28,1,1,1,1,0,0,0.004555999767035246,1.0297313959374719,4704
grouped_conv_forward_bf16_2d_16x64x128_compv5,215,1,44,68,1,28,28,1,1,1,1,0,0,0.0044639999978244305,1.0509534055301124,4704
grouped_conv_forward_bf16_2d_32x64x128_compv3,215,1,44,68,1,28,28,1,1,1,1,0,0,0.005564100109040737,0.8431652752575685,4704
grouped_conv_forward_bf16_2d_32x64x128_compv4,215,1,44,68,1,28,28,1,1,1,1,0,0,0.006056000012904406,0.7746789943862662,4704
grouped_conv_forward_bf16_2d_32x64x128_compv5,215,1,44,68,1,28,28,1,1,1,1,0,0,0.004371999762952328,1.073068676662496,4704
grouped_conv_forward_bf16_2d_64x64x128_compv3,215,1,44,68,1,28,28,1,1,1,1,0,0,0.005400000140070915,0.8687881256126022,4704
grouped_conv_forward_bf16_2d_64x64x128_compv4,215,1,44,68,1,28,28,1,1,1,1,0,0,0.006819999776780605,0.6878967967084907,4704
grouped_conv_forward_bf16_2d_64x64x128_compv5,215,1,44,68,1,28,28,1,1,1,1,0,0,0.00544800003990531,0.8611336207114898,4640
grouped_conv_forward_bf16_2d_128x64x128_compv3,215,1,44,68,1,28,28,1,1,1,1,0,0,0.006703999824821949,0.6997995409590573,4704
grouped_conv_forward_bf16_2d_128x64x128_compv4,215,1,44,68,1,28,28,1,1,1,1,0,0,0.006716100033372641,0.69853873180684,4630
grouped_conv_forward_bf16_2d_128x64x128_compv5,215,1,44,68,1,28,28,1,1,1,1,0,0,0.006868000142276287,0.6830890947601368,4704
grouped_conv_forward_bf16_2d_16x64x64_compv3,216,4,696,696,1,256,256,1,1,1,1,0,0,1.6573269367218018,153.24284556091294,20560804
grouped_conv_forward_bf16_2d_16x64x64_compv4,216,4,696,696,1,256,256,1,1,1,1,0,0,2.226257562637329,114.08091321973146,20534967
grouped_conv_forward_bf16_2d_16x64x64_compv5,216,4,696,696,1,256,256,1,1,1,1,0,0,1.6495500802993774,153.9653138399449,20555913
grouped_conv_forward_bf16_2d_32x64x64_compv3,216,4,696,696,1,256,256,1,1,1,1,0,0,1.4172286987304688,179.20431334442034,20533324
grouped_conv_forward_bf16_2d_32x64x64_compv4,216,4,696,696,1,256,256,1,1,1,1,0,0,1.8818756341934204,134.95764076718814,20611428
grouped_conv_forward_bf16_2d_32x64x64_compv5,216,4,696,696,1,256,256,1,1,1,1,0,0,1.4185607433319092,179.03603846492197,20529575
grouped_conv_forward_bf16_2d_64x64x64_compv3,216,4,696,696,1,256,256,1,1,1,1,0,0,1.1101348400115967,228.77715990369867,20539584
grouped_conv_forward_bf16_2d_64x64x64_compv4,216,4,696,696,1,256,256,1,1,1,1,0,0,2.4205591678619385,104.92348180537675,20540992
grouped_conv_forward_bf16_2d_64x64x64_compv5,216,4,696,696,1,256,256,1,1,1,1,0,0,1.111522912979126,228.49146233728564,20546535
grouped_conv_forward_bf16_2d_32x128x64_compv3,216,4,696,696,1,256,256,1,1,1,1,0,0,1.1346510648727417,223.83400824330494,20637732
grouped_conv_forward_bf16_2d_32x128x64_compv4,216,4,696,696,1,256,256,1,1,1,1,0,0,1.8806679248809814,135.04430657213064,20607357
grouped_conv_forward_bf16_2d_32x128x64_compv5,216,4,696,696,1,256,256,1,1,1,1,0,0,1.1338670253753662,223.988783626477,20651509
grouped_conv_forward_bf16_2d_64x128x64_compv3,216,4,696,696,1,256,256,1,1,1,1,0,0,0.9530140161514282,266.495026834574,20588963
grouped_conv_forward_bf16_2d_64x128x64_compv4,216,4,696,696,1,256,256,1,1,1,1,0,0,2.418931245803833,104.99409449878857,20541152
grouped_conv_forward_bf16_2d_64x128x64_compv5,216,4,696,696,1,256,256,1,1,1,1,0,0,0.9491979479789734,267.56641894218046,20599426
grouped_conv_forward_bf16_2d_128x128x64_compv3,216,4,696,696,1,256,256,1,1,1,1,0,0,0.9103296995162964,278.99067331643556,20484668
grouped_conv_forward_bf16_2d_128x128x64_compv4,216,4,696,696,1,256,256,1,1,1,1,0,0,2.4176270961761475,105.0507318559171,20540322
grouped_conv_forward_bf16_2d_128x128x64_compv5,216,4,696,696,1,256,256,1,1,1,1,0,0,0.9060856699943542,280.2974423043049,20484316
grouped_conv_forward_bf16_2d_16x64x128_compv3,216,4,696,696,1,256,256,1,1,1,1,0,0,1.7823152542114258,142.49639350159126,20559695
grouped_conv_forward_bf16_2d_16x64x128_compv4,216,4,696,696,1,256,256,1,1,1,1,0,0,2.2270100116729736,114.04236823219763,20533778
grouped_conv_forward_bf16_2d_16x64x128_compv5,216,4,696,696,1,256,256,1,1,1,1,0,0,1.7816708087921143,142.54793565382687,20546676
grouped_conv_forward_bf16_2d_32x64x128_compv3,216,4,696,696,1,256,256,1,1,1,1,0,0,1.3258525133132935,191.55486244342708,20543333
grouped_conv_forward_bf16_2d_32x64x128_compv4,216,4,696,696,1,256,256,1,1,1,1,0,0,1.885759949684143,134.67965307595992,20604846
grouped_conv_forward_bf16_2d_32x64x128_compv5,216,4,696,696,1,256,256,1,1,1,1,0,0,1.3260245323181152,191.53001292065943,20543352
grouped_conv_forward_bf16_2d_64x64x128_compv3,216,4,696,696,1,256,256,1,1,1,1,0,0,1.2065677642822266,210.49252543149612,20578630
grouped_conv_forward_bf16_2d_64x64x128_compv4,216,4,696,696,1,256,256,1,1,1,1,0,0,2.4179835319519043,105.03524629176496,20542080
grouped_conv_forward_bf16_2d_64x64x128_compv5,216,4,696,696,1,256,256,1,1,1,1,0,0,1.2124838829040527,209.4654612642778,20557989
grouped_conv_forward_bf16_2d_128x64x128_compv3,216,4,696,696,1,256,256,1,1,1,1,0,0,1.1801235675811768,215.2092397650808,20684800
grouped_conv_forward_bf16_2d_128x64x128_compv4,216,4,696,696,1,256,256,1,1,1,1,0,0,2.4169795513153076,105.07887651336932,20541920
grouped_conv_forward_bf16_2d_128x64x128_compv5,216,4,696,696,1,256,256,1,1,1,1,0,0,1.1784956455230713,215.50652034465068,20692333
grouped_conv_forward_bf16_2d_16x64x64_compv3,218,1,702,128,1,14,14,1,1,1,1,0,0,0.00965999998152256,3.646330441757231,25088
grouped_conv_forward_bf16_2d_16x64x64_compv4,218,1,702,128,1,14,14,1,1,1,1,0,0,0.008720099925994873,4.039351876576272,25088
grouped_conv_forward_bf16_2d_16x64x64_compv5,218,1,702,128,1,14,14,1,1,1,1,0,0,0.009508000686764717,3.704622365986124,25088
grouped_conv_forward_bf16_2d_32x64x64_compv3,218,1,702,128,1,14,14,1,1,1,1,0,0,0.011936100199818611,2.9510100795346275,25088
grouped_conv_forward_bf16_2d_32x64x64_compv4,218,1,702,128,1,14,14,1,1,1,1,0,0,0.010847999714314938,3.2470089350683953,25088
grouped_conv_forward_bf16_2d_32x64x64_compv5,218,1,702,128,1,14,14,1,1,1,1,0,0,0.012012099847197533,2.9323392619166238,25088
grouped_conv_forward_bf16_2d_64x64x64_compv3,218,1,702,128,1,14,14,1,1,1,1,0,0,0.014764000661671162,2.385772854335065,25088
grouped_conv_forward_bf16_2d_64x64x64_compv4,218,1,702,128,1,14,14,1,1,1,1,0,0,0.015603999607264996,2.2573412513802182,25088
grouped_conv_forward_bf16_2d_64x64x64_compv5,218,1,702,128,1,14,14,1,1,1,1,0,0,0.014756100252270699,2.3870501960421238,25088
grouped_conv_forward_bf16_2d_32x128x64_compv3,218,1,702,128,1,14,14,1,1,1,1,0,0,0.013760000467300415,2.5598510758561432,25088
grouped_conv_forward_bf16_2d_32x128x64_compv4,218,1,702,128,1,14,14,1,1,1,1,0,0,0.011180100031197071,3.15055785741736,25088
grouped_conv_forward_bf16_2d_32x128x64_compv5,218,1,702,128,1,14,14,1,1,1,1,0,0,0.013619999401271343,2.586163990338509,25088
grouped_conv_forward_bf16_2d_64x128x64_compv3,218,1,702,128,1,14,14,1,1,1,1,0,0,0.016404099762439728,2.1472407818837427,25088
grouped_conv_forward_bf16_2d_64x128x64_compv4,218,1,702,128,1,14,14,1,1,1,1,0,0,0.015568000264465809,2.262561112643239,25088
grouped_conv_forward_bf16_2d_64x128x64_compv5,218,1,702,128,1,14,14,1,1,1,1,0,0,0.01621210016310215,2.1726705143462457,25088
grouped_conv_forward_bf16_2d_128x128x64_compv3,218,1,702,128,1,14,14,1,1,1,1,0,0,0.017636099830269814,1.997241586234609,25088
grouped_conv_forward_bf16_2d_128x128x64_compv4,218,1,702,128,1,14,14,1,1,1,1,0,0,0.016172099858522415,2.1780444288709857,25088
grouped_conv_forward_bf16_2d_128x128x64_compv5,218,1,702,128,1,14,14,1,1,1,1,0,0,0.016599999740719795,2.1219007560341483,25088
grouped_conv_forward_bf16_2d_16x64x128_compv3,218,1,702,128,1,14,14,1,1,1,1,0,0,0.008491999469697475,4.147851413049467,25088
grouped_conv_forward_bf16_2d_16x64x128_compv4,218,1,702,128,1,14,14,1,1,1,1,0,0,0.008688000030815601,4.054276228713747,25088
grouped_conv_forward_bf16_2d_16x64x128_compv5,218,1,702,128,1,14,14,1,1,1,1,0,0,0.008927999995648861,3.945290324503417,25088
grouped_conv_forward_bf16_2d_32x64x128_compv3,218,1,702,128,1,14,14,1,1,1,1,0,0,0.009864000603556633,3.5709194895324265,25088
grouped_conv_forward_bf16_2d_32x64x128_compv4,218,1,702,128,1,14,14,1,1,1,1,0,0,0.010955999605357647,3.215001211096718,25088
grouped_conv_forward_bf16_2d_32x64x128_compv5,218,1,702,128,1,14,14,1,1,1,1,0,0,0.00984410010278225,3.5781383399427975,25088
grouped_conv_forward_bf16_2d_64x64x128_compv3,218,1,702,128,1,14,14,1,1,1,1,0,0,0.013128000311553478,2.6830858595426013,25088
grouped_conv_forward_bf16_2d_64x64x128_compv4,218,1,702,128,1,14,14,1,1,1,1,0,0,0.015872100368142128,2.2192117730492282,25088
grouped_conv_forward_bf16_2d_64x64x128_compv5,218,1,702,128,1,14,14,1,1,1,1,0,0,0.013060000725090504,2.6970558992641944,25088
grouped_conv_forward_bf16_2d_128x64x128_compv3,218,1,702,128,1,14,14,1,1,1,1,0,0,0.013224099762737751,2.66358789119629,25088
grouped_conv_forward_bf16_2d_128x64x128_compv4,218,1,702,128,1,14,14,1,1,1,1,0,0,0.01546810008585453,2.277173783754586,25088
grouped_conv_forward_bf16_2d_128x64x128_compv5,218,1,702,128,1,14,14,1,1,1,1,0,0,0.013203999027609825,2.6676427290207196,25088
grouped_conv_forward_bf16_2d_16x64x64_compv3,219,4,1536,1280,1,1,1,1,1,1,1,0,0,0.017419999465346336,0.9029070311562889,5120
grouped_conv_forward_bf16_2d_16x64x64_compv4,219,4,1536,1280,1,1,1,1,1,1,1,0,0,0.01423999946564436,1.1045393672905084,5120
grouped_conv_forward_bf16_2d_16x64x64_compv5,219,4,1536,1280,1,1,1,1,1,1,1,0,0,0.017483999952673912,0.899601924192098,5120
grouped_conv_forward_bf16_2d_32x64x64_compv3,219,4,1536,1280,1,1,1,1,1,1,1,0,0,0.022012099623680115,0.7145451941839972,5120
grouped_conv_forward_bf16_2d_32x64x64_compv4,219,4,1536,1280,1,1,1,1,1,1,1,0,0,0.01796409860253334,0.8755596564016804,5120
grouped_conv_forward_bf16_2d_32x64x64_compv5,219,4,1536,1280,1,1,1,1,1,1,1,0,0,0.021668100729584694,0.7258891859647297,5120
grouped_conv_forward_bf16_2d_64x64x64_compv3,219,4,1536,1280,1,1,1,1,1,1,1,0,0,0.027300098910927773,0.5761385719267152,5120
grouped_conv_forward_bf16_2d_64x64x64_compv4,219,4,1536,1280,1,1,1,1,1,1,1,0,0,0.026124099269509315,0.6020739638804561,5120
grouped_conv_forward_bf16_2d_64x64x64_compv5,219,4,1536,1280,1,1,1,1,1,1,1,0,0,0.027216101065278053,0.5779167251868562,5120
grouped_conv_forward_bf16_2d_32x128x64_compv3,219,4,1536,1280,1,1,1,1,1,1,1,0,0,0.026180198416113853,0.6007838347901541,5120
grouped_conv_forward_bf16_2d_32x128x64_compv4,219,4,1536,1280,1,1,1,1,1,1,1,0,0,0.01818010024726391,0.8651569455656412,5120
grouped_conv_forward_bf16_2d_32x128x64_compv5,219,4,1536,1280,1,1,1,1,1,1,1,0,0,0.025732100009918213,0.6112458755382395,5120
grouped_conv_forward_bf16_2d_64x128x64_compv3,219,4,1536,1280,1,1,1,1,1,1,1,0,0,0.0315001979470253,0.49931876702652034,5120
grouped_conv_forward_bf16_2d_64x128x64_compv4,219,4,1536,1280,1,1,1,1,1,1,1,0,0,0.026840100064873695,0.586012718357353,5120
grouped_conv_forward_bf16_2d_64x128x64_compv5,219,4,1536,1280,1,1,1,1,1,1,1,0,0,0.03149610012769699,0.4993837311994247,5120
grouped_conv_forward_bf16_2d_128x128x64_compv3,219,4,1536,1280,1,1,1,1,1,1,1,0,0,0.029276201501488686,0.5372500253900836,5120
grouped_conv_forward_bf16_2d_128x128x64_compv4,219,4,1536,1280,1,1,1,1,1,1,1,0,0,0.026172097772359848,0.6009697860983424,5120
grouped_conv_forward_bf16_2d_128x128x64_compv5,219,4,1536,1280,1,1,1,1,1,1,1,0,0,0.02982810139656067,0.5273094586507471,4608
grouped_conv_forward_bf16_2d_16x64x128_compv3,219,4,1536,1280,1,1,1,1,1,1,1,0,0,0.013832099735736847,1.1371115232319515,5120
grouped_conv_forward_bf16_2d_16x64x128_compv4,219,4,1536,1280,1,1,1,1,1,1,1,0,0,0.01470009982585907,1.069968244183731,5120
grouped_conv_forward_bf16_2d_16x64x128_compv5,219,4,1536,1280,1,1,1,1,1,1,1,0,0,0.013651999644935131,1.1521125409518524,5120
grouped_conv_forward_bf16_2d_32x64x128_compv3,219,4,1536,1280,1,1,1,1,1,1,1,0,0,0.016788098961114883,0.9368922613829692,5120
grouped_conv_forward_bf16_2d_32x64x128_compv4,219,4,1536,1280,1,1,1,1,1,1,1,0,0,0.01815200038254261,0.8664962355954313,5120
grouped_conv_forward_bf16_2d_32x64x128_compv5,219,4,1536,1280,1,1,1,1,1,1,1,0,0,0.01661199890077114,0.9468240453152128,5120
grouped_conv_forward_bf16_2d_64x64x128_compv3,219,4,1536,1280,1,1,1,1,1,1,1,0,0,0.02128409966826439,0.7389854513532539,5120
grouped_conv_forward_bf16_2d_64x64x128_compv4,219,4,1536,1280,1,1,1,1,1,1,1,0,0,0.02614009939134121,0.601705439773884,5120
grouped_conv_forward_bf16_2d_64x64x128_compv5,219,4,1536,1280,1,1,1,1,1,1,1,0,0,0.021248100325465202,0.7402374687185425,5120
grouped_conv_forward_bf16_2d_128x64x128_compv3,219,4,1536,1280,1,1,1,1,1,1,1,0,0,0.020680099725723267,0.7605688661373177,5120
grouped_conv_forward_bf16_2d_128x64x128_compv4,219,4,1536,1280,1,1,1,1,1,1,1,0,0,0.026124099269509315,0.6020739638804561,4928
grouped_conv_forward_bf16_2d_128x64x128_compv5,219,4,1536,1280,1,1,1,1,1,1,1,0,0,0.020624099299311638,0.7626340317574484,5120
grouped_conv_forward_bf16_2d_16x64x64_compv3,220,1,144,1280,1,64,64,1,1,1,1,0,0,0.023368099704384804,64.61584207108943,5242632
grouped_conv_forward_bf16_2d_16x64x64_compv4,220,1,144,1280,1,64,64,1,1,1,1,0,0,0.027852099388837814,54.21312838647765,5241087
grouped_conv_forward_bf16_2d_16x64x64_compv5,220,1,144,1280,1,64,64,1,1,1,1,0,0,0.02346010133624077,64.36244321193342,5242528
grouped_conv_forward_bf16_2d_32x64x64_compv3,220,1,144,1280,1,64,64,1,1,1,1,0,0,0.019384099170565605,77.89629152810105,5241476
grouped_conv_forward_bf16_2d_32x64x64_compv4,220,1,144,1280,1,64,64,1,1,1,1,0,0,0.025068100541830063,60.23389915324507,5240890
grouped_conv_forward_bf16_2d_32x64x64_compv5,220,1,144,1280,1,64,64,1,1,1,1,0,0,0.019408099353313446,77.79996446391924,5241730
grouped_conv_forward_bf16_2d_64x64x64_compv3,220,1,144,1280,1,64,64,1,1,1,1,0,0,0.017204100266098976,87.76683561740137,5240906
grouped_conv_forward_bf16_2d_64x64x64_compv4,220,1,144,1280,1,64,64,1,1,1,1,0,0,0.03093620017170906,48.808497217471405,5241046
grouped_conv_forward_bf16_2d_64x64x64_compv5,220,1,144,1280,1,64,64,1,1,1,1,0,0,0.01711210049688816,88.23869637012619,5240660
grouped_conv_forward_bf16_2d_32x128x64_compv3,220,1,144,1280,1,64,64,1,1,1,1,0,0,0.01513999979943037,99.73246103060124,5241382
grouped_conv_forward_bf16_2d_32x128x64_compv4,220,1,144,1280,1,64,64,1,1,1,1,0,0,0.025008197873830795,60.37817869235787,5241110
grouped_conv_forward_bf16_2d_32x128x64_compv5,220,1,144,1280,1,64,64,1,1,1,1,0,0,0.015164099633693695,99.5739593167131,5240932
grouped_conv_forward_bf16_2d_64x128x64_compv3,220,1,144,1280,1,64,64,1,1,1,1,0,0,0.015964100137352943,94.58406217754842,5241478
grouped_conv_forward_bf16_2d_64x128x64_compv4,220,1,144,1280,1,64,64,1,1,1,1,0,0,0.030712101608514786,49.16464067640925,5241039
grouped_conv_forward_bf16_2d_64x128x64_compv5,220,1,144,1280,1,64,64,1,1,1,1,0,0,0.015860099345445633,95.20428637375436,5241312
grouped_conv_forward_bf16_2d_128x128x64_compv3,220,1,144,1280,1,64,64,1,1,1,1,0,0,0.01810009963810444,83.42216176651566,5238986
grouped_conv_forward_bf16_2d_128x128x64_compv4,220,1,144,1280,1,64,64,1,1,1,1,0,0,0.030680200085043907,49.215762472685945,5241157
grouped_conv_forward_bf16_2d_128x128x64_compv5,220,1,144,1280,1,64,64,1,1,1,1,0,0,0.018060099333524704,83.60692884989301,5238168
grouped_conv_forward_bf16_2d_16x64x128_compv3,220,1,144,1280,1,64,64,1,1,1,1,0,0,0.022652199491858482,66.65796142854458,5242127
grouped_conv_forward_bf16_2d_16x64x128_compv4,220,1,144,1280,1,64,64,1,1,1,1,0,0,0.0279161985963583,54.088648022334056,5240536
grouped_conv_forward_bf16_2d_16x64x128_compv5,220,1,144,1280,1,64,64,1,1,1,1,0,0,0.0224441010504961,67.27600435423206,5242049
grouped_conv_forward_bf16_2d_32x64x128_compv3,220,1,144,1280,1,64,64,1,1,1,1,0,0,0.018372099846601486,82.1870908936582,5241722
grouped_conv_forward_bf16_2d_32x64x128_compv4,220,1,144,1280,1,64,64,1,1,1,1,0,0,0.02507210150361061,60.224287133751176,5240262
grouped_conv_forward_bf16_2d_32x64x128_compv5,220,1,144,1280,1,64,64,1,1,1,1,0,0,0.018371999263763428,82.18754085072248,5241639
grouped_conv_forward_bf16_2d_64x64x128_compv3,220,1,144,1280,1,64,64,1,1,1,1,0,0,0.018184099346399307,83.03680106647624,5241944
grouped_conv_forward_bf16_2d_64x64x128_compv4,220,1,144,1280,1,64,64,1,1,1,1,0,0,0.030724098905920982,49.14544262546332,5241034
grouped_conv_forward_bf16_2d_64x64x128_compv5,220,1,144,1280,1,64,64,1,1,1,1,0,0,0.018088098615407944,83.47751038430226,5241712
grouped_conv_forward_bf16_2d_128x64x128_compv3,220,1,144,1280,1,64,64,1,1,1,1,0,0,0.02042810060083866,73.91531251505634,5239108
grouped_conv_forward_bf16_2d_128x64x128_compv4,220,1,144,1280,1,64,64,1,1,1,1,0,0,0.030652200803160667,49.26071865757526,5241151
grouped_conv_forward_bf16_2d_128x64x128_compv5,220,1,144,1280,1,64,64,1,1,1,1,0,0,0.021048100665211678,71.73803774587823,5239540
grouped_conv_forward_bf16_2d_16x64x64_compv3,221,4,768,384,1,24,24,1,1,1,1,0,0,0.017132000997662544,79.3225786167893,884736
grouped_conv_forward_bf16_2d_16x64x64_compv4,221,4,768,384,1,24,24,1,1,1,1,0,0,0.017556099221110344,77.40640326103444,884644
grouped_conv_forward_bf16_2d_16x64x64_compv5,221,4,768,384,1,24,24,1,1,1,1,0,0,0.01716810092329979,79.15578444414238,884736
grouped_conv_forward_bf16_2d_32x64x64_compv3,221,4,768,384,1,24,24,1,1,1,1,0,0,0.015860099345445633,85.68385773637891,884224
grouped_conv_forward_bf16_2d_32x64x64_compv4,221,4,768,384,1,24,24,1,1,1,1,0,0,0.013548100367188454,100.30590704001514,884224
grouped_conv_forward_bf16_2d_32x64x64_compv5,221,4,768,384,1,24,24,1,1,1,1,0,0,0.015664100646972656,86.75598597246247,883712
grouped_conv_forward_bf16_2d_64x64x64_compv3,221,4,768,384,1,24,24,1,1,1,1,0,0,0.01666409894824028,81.54983358062123,882688
grouped_conv_forward_bf16_2d_64x64x64_compv4,221,4,768,384,1,24,24,1,1,1,1,0,0,0.016012098640203476,84.87047991247766,884224
grouped_conv_forward_bf16_2d_64x64x64_compv5,221,4,768,384,1,24,24,1,1,1,1,0,0,0.01637209951877594,83.00428997768529,882960
grouped_conv_forward_bf16_2d_32x128x64_compv3,221,4,768,384,1,24,24,1,1,1,1,0,0,0.015800099819898605,86.00923484600624,883968
grouped_conv_forward_bf16_2d_32x128x64_compv4,221,4,768,384,1,24,24,1,1,1,1,0,0,0.013540099374949932,100.36517889330669,884608
grouped_conv_forward_bf16_2d_32x128x64_compv5,221,4,768,384,1,24,24,1,1,1,1,0,0,0.015824001282453537,85.87932165468656,883808
grouped_conv_forward_bf16_2d_64x128x64_compv3,221,4,768,384,1,24,24,1,1,1,1,0,0,0.018272100016474724,74.37319710239775,883200
grouped_conv_forward_bf16_2d_64x128x64_compv4,221,4,768,384,1,24,24,1,1,1,1,0,0,0.016004100441932678,84.91289472536519,884224
grouped_conv_forward_bf16_2d_64x128x64_compv5,221,4,768,384,1,24,24,1,1,1,1,0,0,0.01818010024726391,74.74956009687139,884736
grouped_conv_forward_bf16_2d_128x128x64_compv3,221,4,768,384,1,24,24,1,1,1,1,0,0,0.019484099000692368,69.74684823515368,884736
grouped_conv_forward_bf16_2d_128x128x64_compv4,221,4,768,384,1,24,24,1,1,1,1,0,0,0.01607609912753105,84.53260241924788,883712
grouped_conv_forward_bf16_2d_128x128x64_compv5,221,4,768,384,1,24,24,1,1,1,1,0,0,0.01929209940135479,70.44098559354133,884736
grouped_conv_forward_bf16_2d_16x64x128_compv3,221,4,768,384,1,24,24,1,1,1,1,0,0,0.015024100430309772,90.45163817318682,884736
grouped_conv_forward_bf16_2d_16x64x128_compv4,221,4,768,384,1,24,24,1,1,1,1,0,0,0.017340099439024925,78.37062877168928,884736
grouped_conv_forward_bf16_2d_16x64x128_compv5,221,4,768,384,1,24,24,1,1,1,1,0,0,0.014523999765515327,93.56613315476619,884736
grouped_conv_forward_bf16_2d_32x64x128_compv3,221,4,768,384,1,24,24,1,1,1,1,0,0,0.012508099898695946,108.64595797973122,884368
grouped_conv_forward_bf16_2d_32x64x128_compv4,221,4,768,384,1,24,24,1,1,1,1,0,0,0.013547999784350395,100.306651729487,884576
grouped_conv_forward_bf16_2d_32x64x128_compv5,221,4,768,384,1,24,24,1,1,1,1,0,0,0.012440100312232971,109.23983423700147,884736
grouped_conv_forward_bf16_2d_64x64x128_compv3,221,4,768,384,1,24,24,1,1,1,1,0,0,0.013660000637173653,99.48421907842436,883984
grouped_conv_forward_bf16_2d_64x64x128_compv4,221,4,768,384,1,24,24,1,1,1,1,0,0,0.016847999766469002,80.65969342572049,883856
grouped_conv_forward_bf16_2d_64x64x128_compv5,221,4,768,384,1,24,24,1,1,1,1,0,0,0.013683999888598919,99.30974181987816,883736
grouped_conv_forward_bf16_2d_128x64x128_compv3,221,4,768,384,1,24,24,1,1,1,1,0,0,0.014264099299907684,95.2709643579665,884736
grouped_conv_forward_bf16_2d_128x64x128_compv4,221,4,768,384,1,24,24,1,1,1,1,0,0,0.01661599986255169,81.7858995691703,883968
grouped_conv_forward_bf16_2d_128x64x128_compv5,221,4,768,384,1,24,24,1,1,1,1,0,0,0.01507209986448288,90.16358093555037,882176
grouped_conv_forward_bf16_2d_16x64x64_compv3,222,4,280,1680,1,64,64,1,1,1,1,0,0,0.14335639774799347,107.5227017568928,27522934
grouped_conv_forward_bf16_2d_16x64x64_compv4,222,4,280,1680,1,64,64,1,1,1,1,0,0,0.17515280842781067,88.00354009940364,27522264
grouped_conv_forward_bf16_2d_16x64x64_compv5,222,4,280,1680,1,64,64,1,1,1,1,0,0,0.1446406990289688,106.56798054407116,27522328
grouped_conv_forward_bf16_2d_32x64x64_compv3,222,4,280,1680,1,64,64,1,1,1,1,0,0,0.11348459869623184,135.8251901763284,27519008
grouped_conv_forward_bf16_2d_32x64x64_compv4,222,4,280,1680,1,64,64,1,1,1,1,0,0,0.14733681082725525,104.61789632512266,27514820
grouped_conv_forward_bf16_2d_32x64x64_compv5,222,4,280,1680,1,64,64,1,1,1,1,0,0,0.11390869319438934,135.3194981676713,27517876
grouped_conv_forward_bf16_2d_64x64x64_compv3,222,4,280,1680,1,64,64,1,1,1,1,0,0,0.09641259908676147,159.87606750575117,27517439
grouped_conv_forward_bf16_2d_64x64x64_compv4,222,4,280,1680,1,64,64,1,1,1,1,0,0,0.18667709827423096,82.57074564849162,27517322
grouped_conv_forward_bf16_2d_64x64x64_compv5,222,4,280,1680,1,64,64,1,1,1,1,0,0,0.09642450511455536,159.85632678837814,27516130
grouped_conv_forward_bf16_2d_32x128x64_compv3,222,4,280,1680,1,64,64,1,1,1,1,0,0,0.0878324955701828,175.49390006439413,27519808
grouped_conv_forward_bf16_2d_32x128x64_compv4,222,4,280,1680,1,64,64,1,1,1,1,0,0,0.14713290333747864,104.76288342278386,27514318
grouped_conv_forward_bf16_2d_32x128x64_compv5,222,4,280,1680,1,64,64,1,1,1,1,0,0,0.08832079917192459,174.52363819755632,27520008
grouped_conv_forward_bf16_2d_64x128x64_compv3,222,4,280,1680,1,64,64,1,1,1,1,0,0,0.07676039636135101,200.80755090734536,27516656
grouped_conv_forward_bf16_2d_64x128x64_compv4,222,4,280,1680,1,64,64,1,1,1,1,0,0,0.1864490956068039,82.6717187864842,27517898
grouped_conv_forward_bf16_2d_64x128x64_compv5,222,4,280,1680,1,64,64,1,1,1,1,0,0,0.07672040164470673,200.91223285538527,27519128
grouped_conv_forward_bf16_2d_128x128x64_compv3,222,4,280,1680,1,64,64,1,1,1,1,0,0,0.07741640508174896,199.10595414141608,27507266
grouped_conv_forward_bf16_2d_128x128x64_compv4,222,4,280,1680,1,64,64,1,1,1,1,0,0,0.1865970939397812,82.60614822315745,27517452
grouped_conv_forward_bf16_2d_128x128x64_compv5,222,4,280,1680,1,64,64,1,1,1,1,0,0,0.07691239565610886,200.41070192273642,27507088
grouped_conv_forward_bf16_2d_16x64x128_compv3,222,4,280,1680,1,64,64,1,1,1,1,0,0,0.158160999417305,97.45807915218249,27522712
grouped_conv_forward_bf16_2d_16x64x128_compv4,222,4,280,1680,1,64,64,1,1,1,1,0,0,0.175661101937294,87.74889278277658,27520335
grouped_conv_forward_bf16_2d_16x64x128_compv5,222,4,280,1680,1,64,64,1,1,1,1,0,0,0.15733268857002258,97.9711675945829,27521540
grouped_conv_forward_bf16_2d_32x64x128_compv3,222,4,280,1680,1,64,64,1,1,1,1,0,0,0.11956460773944855,128.91831028785586,27517570
grouped_conv_forward_bf16_2d_32x64x128_compv4,222,4,280,1680,1,64,64,1,1,1,1,0,0,0.1467888057231903,105.00846521680516,27512876
grouped_conv_forward_bf16_2d_32x64x128_compv5,222,4,280,1680,1,64,64,1,1,1,1,0,0,0.11956469714641571,128.91821388653165,27518058
grouped_conv_forward_bf16_2d_64x64x128_compv3,222,4,280,1680,1,64,64,1,1,1,1,0,0,0.11253269761800766,136.97411975604695,27509682
grouped_conv_forward_bf16_2d_64x64x128_compv4,222,4,280,1680,1,64,64,1,1,1,1,0,0,0.18692909181118011,82.45943448743645,27519020
grouped_conv_forward_bf16_2d_64x64x128_compv5,222,4,280,1680,1,64,64,1,1,1,1,0,0,0.11167269945144653,138.02896568020893,27493284
grouped_conv_forward_bf16_2d_128x64x128_compv3,222,4,280,1680,1,64,64,1,1,1,1,0,0,0.11868870258331299,129.86970844322917,27502682
grouped_conv_forward_bf16_2d_128x64x128_compv4,222,4,280,1680,1,64,64,1,1,1,1,0,0,0.18623319268226624,82.76756134604882,27518016
grouped_conv_forward_bf16_2d_128x64x128_compv5,222,4,280,1680,1,64,64,1,1,1,1,0,0,0.11815270036458969,130.45886511637943,27501368
grouped_conv_forward_bf16_2d_16x64x64_compv3,223,1,696,1392,1,256,256,1,1,2,2,0,0,0.2362566888332367,134.37370655104968,22804816
grouped_conv_forward_bf16_2d_16x64x64_compv4,223,1,696,1392,1,256,256,1,1,2,2,0,0,0.28661757707595825,110.76322429306776,22805960
grouped_conv_forward_bf16_2d_16x64x64_compv5,223,1,696,1392,1,256,256,1,1,2,2,0,0,0.22770540416240692,139.41999792572875,22804832
grouped_conv_forward_bf16_2d_32x64x64_compv3,223,1,696,1392,1,256,256,1,1,2,2,0,0,0.17960909008979797,176.7543444495366,22804736
grouped_conv_forward_bf16_2d_32x64x64_compv4,223,1,696,1392,1,256,256,1,1,2,2,0,0,0.23452548682689667,135.3656159316801,22803658
grouped_conv_forward_bf16_2d_32x64x64_compv5,223,1,696,1392,1,256,256,1,1,2,2,0,0,0.17560508847236633,180.78455044880855,22804416
grouped_conv_forward_bf16_2d_64x64x64_compv3,223,1,696,1392,1,256,256,1,1,2,2,0,0,0.14463290572166443,219.49836945884365,22797952
grouped_conv_forward_bf16_2d_64x64x64_compv4,223,1,696,1392,1,256,256,1,1,2,2,0,0,0.31191399693489075,101.78025766066162,22799088
grouped_conv_forward_bf16_2d_64x64x64_compv5,223,1,696,1392,1,256,256,1,1,2,2,0,0,0.14348889887332916,221.24838384902318,22799488
grouped_conv_forward_bf16_2d_32x128x64_compv3,223,1,696,1392,1,256,256,1,1,2,2,0,0,0.1320568025112152,240.40175418683066,22806336
grouped_conv_forward_bf16_2d_32x128x64_compv4,223,1,696,1392,1,256,256,1,1,2,2,0,0,0.23701350390911102,133.9446337545986,22803064
grouped_conv_forward_bf16_2d_32x128x64_compv5,223,1,696,1392,1,256,256,1,1,2,2,0,0,0.13201279938220978,240.48188603353128,22805576
grouped_conv_forward_bf16_2d_64x128x64_compv3,223,1,696,1392,1,256,256,1,1,2,2,0,0,0.11088470369577408,286.30357405382955,22802644
grouped_conv_forward_bf16_2d_64x128x64_compv4,223,1,696,1392,1,256,256,1,1,2,2,0,0,0.3114140033721924,101.94367187161247,22799680
grouped_conv_forward_bf16_2d_64x128x64_compv5,223,1,696,1392,1,256,256,1,1,2,2,0,0,0.1126687079668045,281.7702230627647,22804000
grouped_conv_forward_bf16_2d_128x128x64_compv3,223,1,696,1392,1,256,256,1,1,2,2,0,0,0.11749670654535294,270.19214333251114,22789472
grouped_conv_forward_bf16_2d_128x128x64_compv4,223,1,696,1392,1,256,256,1,1,2,2,0,0,0.3119660019874573,101.76329078729671,22798784
grouped_conv_forward_bf16_2d_128x128x64_compv5,223,1,696,1392,1,256,256,1,1,2,2,0,0,0.11649669706821442,272.51147693406955,22785176
grouped_conv_forward_bf16_2d_16x64x128_compv3,223,1,696,1392,1,256,256,1,1,2,2,0,0,0.22435340285301208,141.50303303756544,22805720
grouped_conv_forward_bf16_2d_16x64x128_compv4,223,1,696,1392,1,256,256,1,1,2,2,0,0,0.28583380579948425,111.06694285934348,22805934
grouped_conv_forward_bf16_2d_16x64x128_compv5,223,1,696,1392,1,256,256,1,1,2,2,0,0,0.2277888059616089,139.36895117379265,22806144
grouped_conv_forward_bf16_2d_32x64x128_compv3,223,1,696,1392,1,256,256,1,1,2,2,0,0,0.1699489951133728,186.80126325443595,22803506
grouped_conv_forward_bf16_2d_32x64x128_compv4,223,1,696,1392,1,256,256,1,1,2,2,0,0,0.23606550693511963,134.48253151497173,22804032
grouped_conv_forward_bf16_2d_32x64x128_compv5,223,1,696,1392,1,256,256,1,1,2,2,0,0,0.1671369969844818,189.94410303391766,22804134
grouped_conv_forward_bf16_2d_64x64x128_compv3,223,1,696,1392,1,256,256,1,1,2,2,0,0,0.1564529985189438,202.9151711793879,22797812
grouped_conv_forward_bf16_2d_64x64x128_compv4,223,1,696,1392,1,256,256,1,1,2,2,0,0,0.3108139932155609,102.14046879794923,22796848
grouped_conv_forward_bf16_2d_64x64x128_compv5,223,1,696,1392,1,256,256,1,1,2,2,0,0,0.15662100911140442,202.6974998827814,22797752
grouped_conv_forward_bf16_2d_128x64x128_compv3,223,1,696,1392,1,256,256,1,1,2,2,0,0,0.15307699143886566,207.39032481363256,22790794
grouped_conv_forward_bf16_2d_128x64x128_compv4,223,1,696,1392,1,256,256,1,1,2,2,0,0,0.3117539882659912,101.8324966829725,22797192
grouped_conv_forward_bf16_2d_128x64x128_compv5,223,1,696,1392,1,256,256,1,1,2,2,0,0,0.15253299474716187,208.1299657731312,22791342
grouped_conv_forward_bf16_2d_16x64x64_compv3,224,1,268,1076,1,1,1,1,1,1,1,0,0,0.006111999973654747,0.09436125695123875,83
grouped_conv_forward_bf16_2d_16x64x64_compv4,224,1,268,1076,1,1,1,1,1,1,1,0,0,0.0056640999391674995,0.10182306212710783,83
grouped_conv_forward_bf16_2d_16x64x64_compv5,224,1,268,1076,1,1,1,1,1,1,1,0,0,0.0060720001347362995,0.09498287009261522,83
grouped_conv_forward_bf16_2d_32x64x64_compv3,224,1,268,1076,1,1,1,1,1,1,1,0,0,0.007236099801957607,0.0797026044118371,83
grouped_conv_forward_bf16_2d_32x64x64_compv4,224,1,268,1076,1,1,1,1,1,1,1,0,0,0.006479999981820583,0.08900246938549583,83
grouped_conv_forward_bf16_2d_32x64x64_compv5,224,1,268,1076,1,1,1,1,1,1,1,0,0,0.007304099854081869,0.07896058535915185,83
grouped_conv_forward_bf16_2d_64x64x64_compv3,224,1,268,1076,1,1,1,1,1,1,1,0,0,0.009015999734401703,0.06396805867233889,83
grouped_conv_forward_bf16_2d_64x64x64_compv4,224,1,268,1076,1,1,1,1,1,1,1,0,0,0.008632099255919456,0.06681294814867932,83
grouped_conv_forward_bf16_2d_64x64x64_compv5,224,1,268,1076,1,1,1,1,1,1,1,0,0,0.008936099708080292,0.06454001397035643,83
grouped_conv_forward_bf16_2d_32x128x64_compv3,224,1,268,1076,1,1,1,1,1,1,1,0,0,0.007932099513709545,0.0727091231020477,83
grouped_conv_forward_bf16_2d_32x128x64_compv4,224,1,268,1076,1,1,1,1,1,1,1,0,0,0.006524000316858292,0.08840220294129814,83
grouped_conv_forward_bf16_2d_32x128x64_compv5,224,1,268,1076,1,1,1,1,1,1,1,0,0,0.00786800030618906,0.07330147147380418,72
grouped_conv_forward_bf16_2d_64x128x64_compv3,224,1,268,1076,1,1,1,1,1,1,1,0,0,0.009843999519944191,0.058587568887170136,83
grouped_conv_forward_bf16_2d_64x128x64_compv4,224,1,268,1076,1,1,1,1,1,1,1,0,0,0.00897200033068657,0.06428176312337096,83
grouped_conv_forward_bf16_2d_64x128x64_compv5,224,1,268,1076,1,1,1,1,1,1,1,0,0,0.009892100468277931,0.05830268322177699,83
grouped_conv_forward_bf16_2d_128x128x64_compv3,224,1,268,1076,1,1,1,1,1,1,1,0,0,0.010260099545121193,0.05621154039136445,83
grouped_conv_forward_bf16_2d_128x128x64_compv4,224,1,268,1076,1,1,1,1,1,1,1,0,0,0.008612100034952164,0.06696810274605729,83
grouped_conv_forward_bf16_2d_128x128x64_compv5,224,1,268,1076,1,1,1,1,1,1,1,0,0,0.010180099867284298,0.05665327526436668,83
grouped_conv_forward_bf16_2d_16x64x128_compv3,224,1,268,1076,1,1,1,1,1,1,1,0,0,0.005728099960833788,0.10068539375071411,83
grouped_conv_forward_bf16_2d_16x64x128_compv4,224,1,268,1076,1,1,1,1,1,1,1,0,0,0.005660099908709526,0.10189502116606505,83
grouped_conv_forward_bf16_2d_16x64x128_compv5,224,1,268,1076,1,1,1,1,1,1,1,0,0,0.005779999773949385,0.09978131878125061,83
grouped_conv_forward_bf16_2d_32x64x128_compv3,224,1,268,1076,1,1,1,1,1,1,1,0,0,0.006568100303411484,0.08780864684731478,83
grouped_conv_forward_bf16_2d_32x64x128_compv4,224,1,268,1076,1,1,1,1,1,1,1,0,0,0.00659599993377924,0.08743723556551852,83
grouped_conv_forward_bf16_2d_32x64x128_compv5,224,1,268,1076,1,1,1,1,1,1,1,0,0,0.006587999872863293,0.08754341395415625,83
grouped_conv_forward_bf16_2d_64x64x128_compv3,224,1,268,1076,1,1,1,1,1,1,1,0,0,0.00879610050469637,0.06556723626475983,79
grouped_conv_forward_bf16_2d_64x64x128_compv4,224,1,268,1076,1,1,1,1,1,1,1,0,0,0.008724099956452847,0.06610836680904979,83
grouped_conv_forward_bf16_2d_64x64x128_compv5,224,1,268,1076,1,1,1,1,1,1,1,0,0,0.008692000061273575,0.0663525075856356,83
grouped_conv_forward_bf16_2d_128x64x128_compv3,224,1,268,1076,1,1,1,1,1,1,1,0,0,0.009519999846816063,0.06058151357984399,83
grouped_conv_forward_bf16_2d_128x64x128_compv4,224,1,268,1076,1,1,1,1,1,1,1,0,0,0.00870010070502758,0.06629072691845027,83
grouped_conv_forward_bf16_2d_128x64x128_compv5,224,1,268,1076,1,1,1,1,1,1,1,0,0,0.009147999808192253,0.06304503848847036,83
grouped_conv_forward_bf16_2d_16x64x64_compv3,225,4,32,64,1,112,112,1,1,2,2,0,0,0.004788000136613846,10.73104062948857,802175
grouped_conv_forward_bf16_2d_16x64x64_compv4,225,4,32,64,1,112,112,1,1,2,2,0,0,0.0071319998241961,7.204181893791821,802528
grouped_conv_forward_bf16_2d_16x64x64_compv5,225,4,32,64,1,112,112,1,1,2,2,0,0,0.0047519998624920845,10.812337013211684,802304
grouped_conv_forward_bf16_2d_32x64x64_compv3,225,4,32,64,1,112,112,1,1,2,2,0,0,0.004459999967366457,11.520229680705361,801872
grouped_conv_forward_bf16_2d_32x64x64_compv4,225,4,32,64,1,112,112,1,1,2,2,0,0,0.005835999734699726,8.804014108243207,802240
grouped_conv_forward_bf16_2d_32x64x64_compv5,225,4,32,64,1,112,112,1,1,2,2,0,0,0.0044120000675320625,11.645562831720563,802431
grouped_conv_forward_bf16_2d_64x64x64_compv3,225,4,32,64,1,112,112,1,1,2,2,0,0,0.004788000136613846,10.73104062948857,802048
grouped_conv_forward_bf16_2d_64x64x64_compv4,225,4,32,64,1,112,112,1,1,2,2,0,0,0.006988099776208401,7.352531538677866,802400
grouped_conv_forward_bf16_2d_64x64x64_compv5,225,4,32,64,1,112,112,1,1,2,2,0,0,0.004808099940419197,10.686180536322293,802048
grouped_conv_forward_bf16_2d_32x128x64_compv3,225,4,32,64,1,112,112,1,1,2,2,0,0,0.005396000109612942,9.5219093692134,801816
grouped_conv_forward_bf16_2d_32x128x64_compv4,225,4,32,64,1,112,112,1,1,2,2,0,0,0.006128099747002125,8.384364831061257,802368
grouped_conv_forward_bf16_2d_32x128x64_compv5,225,4,32,64,1,112,112,1,1,2,2,0,0,0.0057680001482367516,8.907805596313425,802432
grouped_conv_forward_bf16_2d_64x128x64_compv3,225,4,32,64,1,112,112,1,1,2,2,0,0,0.0052200001664459705,9.842954475417603,800640
grouped_conv_forward_bf16_2d_64x128x64_compv4,225,4,32,64,1,112,112,1,1,2,2,0,0,0.00749199977144599,6.858011955075566,802432
grouped_conv_forward_bf16_2d_64x128x64_compv5,225,4,32,64,1,112,112,1,1,2,2,0,0,0.005243999883532524,9.79790715887443,800640
grouped_conv_forward_bf16_2d_128x128x64_compv3,225,4,32,64,1,112,112,1,1,2,2,0,0,0.005860100034624338,8.767806640914063,798976
grouped_conv_forward_bf16_2d_128x128x64_compv4,225,4,32,64,1,112,112,1,1,2,2,0,0,0.006808000151067972,7.547036260265061,802816
grouped_conv_forward_bf16_2d_128x128x64_compv5,225,4,32,64,1,112,112,1,1,2,2,0,0,0.006644000299274921,7.733326563156126,802816
grouped_conv_forward_bf16_2d_16x64x128_compv3,225,4,32,64,1,112,112,1,1,2,2,0,0,0.005144000053405762,9.988379367527799,802464
grouped_conv_forward_bf16_2d_16x64x128_compv4,225,4,32,64,1,112,112,1,1,2,2,0,0,0.007224000059068203,7.112434050371165,802544
grouped_conv_forward_bf16_2d_16x64x128_compv5,225,4,32,64,1,112,112,1,1,2,2,0,0,0.005135999992489815,10.003937709332442,802400
grouped_conv_forward_bf16_2d_32x64x128_compv3,225,4,32,64,1,112,112,1,1,2,2,0,0,0.0049240002408623695,10.43465099242186,802232
grouped_conv_forward_bf16_2d_32x64x128_compv4,225,4,32,64,1,112,112,1,1,2,2,0,0,0.005876000039279461,8.744081629771475,802672
grouped_conv_forward_bf16_2d_32x64x128_compv5,225,4,32,64,1,112,112,1,1,2,2,0,0,0.004912000149488449,10.46014300413873,802688
grouped_conv_forward_bf16_2d_64x64x128_compv3,225,4,32,64,1,112,112,1,1,2,2,0,0,0.005400000140070915,9.51485604948989,802432
grouped_conv_forward_bf16_2d_64x64x128_compv4,225,4,32,64,1,112,112,1,1,2,2,0,0,0.006819999776780605,7.533757431331492,802432
grouped_conv_forward_bf16_2d_64x64x128_compv5,225,4,32,64,1,112,112,1,1,2,2,0,0,0.0054040998220443726,9.50763784754865,802432
grouped_conv_forward_bf16_2d_128x64x128_compv3,225,4,32,64,1,112,112,1,1,2,2,0,0,0.005884000100195408,8.732192917245813,802816
grouped_conv_forward_bf16_2d_128x64x128_compv4,225,4,32,64,1,112,112,1,1,2,2,0,0,0.0069160000421106815,7.4291821409994325,802432
grouped_conv_forward_bf16_2d_128x64x128_compv5,225,4,32,64,1,112,112,1,1,2,2,0,0,0.005936000030487776,8.655698068751182,802816
grouped_conv_forward_bf16_2d_16x64x64_compv3,227,1,896,128,1,7,7,1,1,1,1,0,0,0.011475999839603901,0.9793851653093029,6272
grouped_conv_forward_bf16_2d_16x64x64_compv4,227,1,896,128,1,7,7,1,1,1,1,0,0,0.009336099959909916,1.2038671445532005,6272
grouped_conv_forward_bf16_2d_16x64x64_compv5,227,1,896,128,1,7,7,1,1,1,1,0,0,0.01127609983086586,0.9967474719614074,6272
grouped_conv_forward_bf16_2d_32x64x64_compv3,227,1,896,128,1,7,7,1,1,1,1,0,0,0.014428099617362022,0.7789954531832497,6272
grouped_conv_forward_bf16_2d_32x64x64_compv4,227,1,896,128,1,7,7,1,1,1,1,0,0,0.011436100117862225,0.9828021689356293,6272
grouped_conv_forward_bf16_2d_32x64x64_compv5,227,1,896,128,1,7,7,1,1,1,1,0,0,0.014072099700570107,0.7987026981868708,6272
grouped_conv_forward_bf16_2d_64x64x64_compv3,227,1,896,128,1,7,7,1,1,1,1,0,0,0.017348099499940872,0.6478763855394251,6272
grouped_conv_forward_bf16_2d_64x64x64_compv4,227,1,896,128,1,7,7,1,1,1,1,0,0,0.01613209955394268,0.6967117926849818,6272
grouped_conv_forward_bf16_2d_64x64x64_compv5,227,1,896,128,1,7,7,1,1,1,1,0,0,0.017340099439024925,0.6481752910081362,6272
grouped_conv_forward_bf16_2d_32x128x64_compv3,227,1,896,128,1,7,7,1,1,1,1,0,0,0.016832100227475166,0.667737468771354,6272
grouped_conv_forward_bf16_2d_32x128x64_compv4,227,1,896,128,1,7,7,1,1,1,1,0,0,0.011336100287735462,0.9914718214128666,6272
grouped_conv_forward_bf16_2d_32x128x64_compv5,227,1,896,128,1,7,7,1,1,1,1,0,0,0.016196100041270256,0.6939586672939874,6272
grouped_conv_forward_bf16_2d_64x128x64_compv3,227,1,896,128,1,7,7,1,1,1,1,0,0,0.01928810030221939,0.582712855278274,6272
grouped_conv_forward_bf16_2d_64x128x64_compv4,227,1,896,128,1,7,7,1,1,1,1,0,0,0.016280099749565125,0.6903780795507858,6272
grouped_conv_forward_bf16_2d_64x128x64_compv5,227,1,896,128,1,7,7,1,1,1,1,0,0,0.019388100132346153,0.5797073423016161,6272
grouped_conv_forward_bf16_2d_128x128x64_compv3,227,1,896,128,1,7,7,1,1,1,1,0,0,0.019936099648475647,0.5637724629280426,6272
grouped_conv_forward_bf16_2d_128x128x64_compv4,227,1,896,128,1,7,7,1,1,1,1,0,0,0.016124099493026733,0.697057470084501,6272
grouped_conv_forward_bf16_2d_128x128x64_compv5,227,1,896,128,1,7,7,1,1,1,1,0,0,0.01953209936618805,0.5754334846082407,6272
grouped_conv_forward_bf16_2d_16x64x128_compv3,227,1,896,128,1,7,7,1,1,1,1,0,0,0.009384000673890114,1.1977219941247856,6272
grouped_conv_forward_bf16_2d_16x64x128_compv4,227,1,896,128,1,7,7,1,1,1,1,0,0,0.00926399976015091,1.2132366462644328,6272
grouped_conv_forward_bf16_2d_16x64x128_compv5,227,1,896,128,1,7,7,1,1,1,1,0,0,0.009700000286102295,1.1587034709785853,6272
grouped_conv_forward_bf16_2d_32x64x128_compv3,227,1,896,128,1,7,7,1,1,1,1,0,0,0.01091609988361597,1.0296190141013009,6272
grouped_conv_forward_bf16_2d_32x64x128_compv4,227,1,896,128,1,7,7,1,1,1,1,0,0,0.011584000661969185,0.9702540882011129,6272
grouped_conv_forward_bf16_2d_32x64x128_compv5,227,1,896,128,1,7,7,1,1,1,1,0,0,0.010916000232100487,1.0296284134319114,6272
grouped_conv_forward_bf16_2d_64x64x128_compv3,227,1,896,128,1,7,7,1,1,1,1,0,0,0.014440000057220459,0.7783534595195469,6272
grouped_conv_forward_bf16_2d_64x64x128_compv4,227,1,896,128,1,7,7,1,1,1,1,0,0,0.016232000663876534,0.6924238257957165,6272
grouped_conv_forward_bf16_2d_64x64x128_compv5,227,1,896,128,1,7,7,1,1,1,1,0,0,0.014112000353634357,0.7964444244862449,6272
grouped_conv_forward_bf16_2d_128x64x128_compv3,227,1,896,128,1,7,7,1,1,1,1,0,0,0.014319999143481255,0.7848760245992338,6272
grouped_conv_forward_bf16_2d_128x64x128_compv4,227,1,896,128,1,7,7,1,1,1,1,0,0,0.015776099637150764,0.7124336343269883,6272
grouped_conv_forward_bf16_2d_128x64x128_compv5,227,1,896,128,1,7,7,1,1,1,1,0,0,0.015199999324977398,0.7394358223115719,6272
grouped_conv_forward_bf16_2d_16x64x64_compv3,230,1,6144,512,1,7,7,1,1,1,1,0,0,0.0602680966258049,5.115166419043731,25088
grouped_conv_forward_bf16_2d_16x64x64_compv4,230,1,6144,512,1,7,7,1,1,1,1,0,0,0.04668419808149338,6.6035480241484406,25088
grouped_conv_forward_bf16_2d_16x64x64_compv5,230,1,6144,512,1,7,7,1,1,1,1,0,0,0.06002029776573181,5.136284814901588,25088
grouped_conv_forward_bf16_2d_32x64x64_compv3,230,1,6144,512,1,7,7,1,1,1,1,0,0,0.07818429917097092,3.9430083439880974,25088
grouped_conv_forward_bf16_2d_32x64x64_compv4,230,1,6144,512,1,7,7,1,1,1,1,0,0,0.059448301792144775,5.185704800750673,25088
grouped_conv_forward_bf16_2d_32x64x64_compv5,230,1,6144,512,1,7,7,1,1,1,1,0,0,0.07774440199136734,3.9653188667427304,24800
grouped_conv_forward_bf16_2d_64x64x64_compv3,230,1,6144,512,1,7,7,1,1,1,1,0,0,0.09481649845838547,3.2513470652504983,25088
grouped_conv_forward_bf16_2d_64x64x64_compv4,230,1,6144,512,1,7,7,1,1,1,1,0,0,0.09002839773893356,3.424267805964529,25088
grouped_conv_forward_bf16_2d_64x64x64_compv5,230,1,6144,512,1,7,7,1,1,1,1,0,0,0.09528449922800064,3.23537770044141,25088
grouped_conv_forward_bf16_2d_32x128x64_compv3,230,1,6144,512,1,7,7,1,1,1,1,0,0,0.09344050288200378,3.299226079608071,25088
grouped_conv_forward_bf16_2d_32x128x64_compv4,230,1,6144,512,1,7,7,1,1,1,1,0,0,0.05956829711794853,5.175258634464333,25088
grouped_conv_forward_bf16_2d_32x128x64_compv5,230,1,6144,512,1,7,7,1,1,1,1,0,0,0.09344450384378433,3.299084818464751,25088
grouped_conv_forward_bf16_2d_64x128x64_compv3,230,1,6144,512,1,7,7,1,1,1,1,0,0,0.10844860225915909,2.8426493064733247,25088
grouped_conv_forward_bf16_2d_64x128x64_compv4,230,1,6144,512,1,7,7,1,1,1,1,0,0,0.09014049917459488,3.4200092835395095,25088
grouped_conv_forward_bf16_2d_64x128x64_compv5,230,1,6144,512,1,7,7,1,1,1,1,0,0,0.10873270034790039,2.8352219986593283,25088
grouped_conv_forward_bf16_2d_128x128x64_compv3,230,1,6144,512,1,7,7,1,1,1,1,0,0,0.10098860412836075,3.0526349647150433,25088
grouped_conv_forward_bf16_2d_128x128x64_compv4,230,1,6144,512,1,7,7,1,1,1,1,0,0,0.08961249887943268,3.440160109972727,25088
grouped_conv_forward_bf16_2d_128x128x64_compv5,230,1,6144,512,1,7,7,1,1,1,1,0,0,0.10129660367965698,3.0433532102904155,25088
grouped_conv_forward_bf16_2d_16x64x128_compv3,230,1,6144,512,1,7,7,1,1,1,1,0,0,0.04574429988861084,6.739229690927113,25088
grouped_conv_forward_bf16_2d_16x64x128_compv4,230,1,6144,512,1,7,7,1,1,1,1,0,0,0.046376198530197144,6.6474043533185965,25088
grouped_conv_forward_bf16_2d_16x64x128_compv5,230,1,6144,512,1,7,7,1,1,1,1,0,0,0.045968197286129,6.706404910357983,25088
grouped_conv_forward_bf16_2d_32x64x128_compv3,230,1,6144,512,1,7,7,1,1,1,1,0,0,0.05575209856033325,5.52950206289342,25088
grouped_conv_forward_bf16_2d_32x64x128_compv4,230,1,6144,512,1,7,7,1,1,1,1,0,0,0.05922820046544075,5.204975697005686,25088
grouped_conv_forward_bf16_2d_32x64x128_compv5,230,1,6144,512,1,7,7,1,1,1,1,0,0,0.05599619820713997,5.505397756819348,24800
grouped_conv_forward_bf16_2d_64x64x128_compv3,230,1,6144,512,1,7,7,1,1,1,1,0,0,0.07249240577220917,4.252601920381891,25088
grouped_conv_forward_bf16_2d_64x64x128_compv4,230,1,6144,512,1,7,7,1,1,1,1,0,0,0.08968440443277359,3.437401920097314,25088
grouped_conv_forward_bf16_2d_64x64x128_compv5,230,1,6144,512,1,7,7,1,1,1,1,0,0,0.07219240069389343,4.270274170645176,25088
grouped_conv_forward_bf16_2d_128x64x128_compv3,230,1,6144,512,1,7,7,1,1,1,1,0,0,0.06797230243682861,4.535396521053665,25088
grouped_conv_forward_bf16_2d_128x64x128_compv4,230,1,6144,512,1,7,7,1,1,1,1,0,0,0.09033240377902985,3.412743723217136,25088
grouped_conv_forward_bf16_2d_128x64x128_compv5,230,1,6144,512,1,7,7,1,1,1,1,0,0,0.06770439445972443,4.553343198178791,25088
grouped_conv_forward_bf16_2d_16x64x64_compv3,231,1,132,528,1,1,1,1,1,1,1,0,0,0.004980000201612711,0.02799036031260795,528
grouped_conv_forward_bf16_2d_16x64x64_compv4,231,1,132,528,1,1,1,1,1,1,1,0,0,0.005671999882906675,0.024575458899439736,528
grouped_conv_forward_bf16_2d_16x64x64_compv5,231,1,132,528,1,1,1,1,1,1,1,0,0,0.0047959997318685055,0.029064221808388913,528
grouped_conv_forward_bf16_2d_32x64x64_compv3,231,1,132,528,1,1,1,1,1,1,1,0,0,0.006736000068485737,0.020693586487943064,528
grouped_conv_forward_bf16_2d_32x64x64_compv4,231,1,132,528,1,1,1,1,1,1,1,0,0,0.005615999922156334,0.024820513164551236,528
grouped_conv_forward_bf16_2d_32x64x64_compv5,231,1,132,528,1,1,1,1,1,1,1,0,0,0.006580000277608633,0.021184193635119294,528
grouped_conv_forward_bf16_2d_64x64x64_compv3,231,1,132,528,1,1,1,1,1,1,1,0,0,0.007191999815404415,0.01938153553639403,528
grouped_conv_forward_bf16_2d_64x64x64_compv4,231,1,132,528,1,1,1,1,1,1,1,0,0,0.008727999404072762,0.015970670201347088,528
grouped_conv_forward_bf16_2d_64x64x64_compv5,231,1,132,528,1,1,1,1,1,1,1,0,0,0.007060000207275152,0.019743908768778795,528
grouped_conv_forward_bf16_2d_32x128x64_compv3,231,1,132,528,1,1,1,1,1,1,1,0,0,0.01029600016772747,0.0135384613179126,528
grouped_conv_forward_bf16_2d_32x128x64_compv4,231,1,132,528,1,1,1,1,1,1,1,0,0,0.005683999974280596,0.024523575058186444,528
grouped_conv_forward_bf16_2d_32x128x64_compv5,231,1,132,528,1,1,1,1,1,1,1,0,0,0.005991999991238117,0.023263017390491962,528
grouped_conv_forward_bf16_2d_64x128x64_compv3,231,1,132,528,1,1,1,1,1,1,1,0,0,0.007723999675363302,0.01804660873363432,528
grouped_conv_forward_bf16_2d_64x128x64_compv4,231,1,132,528,1,1,1,1,1,1,1,0,0,0.0072839995846152306,0.01913673914732427,528
grouped_conv_forward_bf16_2d_64x128x64_compv5,231,1,132,528,1,1,1,1,1,1,1,0,0,0.008664099499583244,0.016088457895330605,528
grouped_conv_forward_bf16_2d_128x128x64_compv3,231,1,132,528,1,1,1,1,1,1,1,0,0,0.008259999565780163,0.01687554568131921,528
grouped_conv_forward_bf16_2d_128x128x64_compv4,231,1,132,528,1,1,1,1,1,1,1,0,0,0.008492100052535534,0.01641431437897166,528
grouped_conv_forward_bf16_2d_128x128x64_compv5,231,1,132,528,1,1,1,1,1,1,1,0,0,0.008268100209534168,0.016859011921416162,528
grouped_conv_forward_bf16_2d_16x64x128_compv3,231,1,132,528,1,1,1,1,1,1,1,0,0,0.006279999855905771,0.022196178853239056,528
grouped_conv_forward_bf16_2d_16x64x128_compv4,231,1,132,528,1,1,1,1,1,1,1,0,0,0.004947999957948923,0.0281713826161352,528
grouped_conv_forward_bf16_2d_16x64x128_compv5,231,1,132,528,1,1,1,1,1,1,1,0,0,0.00494399992749095,0.028194175170779302,528
grouped_conv_forward_bf16_2d_32x64x128_compv3,231,1,132,528,1,1,1,1,1,1,1,0,0,0.006060000043362379,0.02300198003342895,528
grouped_conv_forward_bf16_2d_32x64x128_compv4,231,1,132,528,1,1,1,1,1,1,1,0,0,0.005548099987208843,0.02512427683736208,528
grouped_conv_forward_bf16_2d_32x64x128_compv5,231,1,132,528,1,1,1,1,1,1,1,0,0,0.0066720000468194485,0.020892086184329143,528
grouped_conv_forward_bf16_2d_64x64x128_compv3,231,1,132,528,1,1,1,1,1,1,1,0,0,0.006824000272899866,0.020426728374201137,528
grouped_conv_forward_bf16_2d_64x64x128_compv4,231,1,132,528,1,1,1,1,1,1,1,0,0,0.008495999500155449,0.01640678062627588,476
grouped_conv_forward_bf16_2d_64x64x128_compv5,231,1,132,528,1,1,1,1,1,1,1,0,0,0.006663999520242214,0.02091716837262521,528
grouped_conv_forward_bf16_2d_128x64x128_compv3,231,1,132,528,1,1,1,1,1,1,1,0,0,0.008528100326657295,0.016345023470735433,528
grouped_conv_forward_bf16_2d_128x64x128_compv4,231,1,132,528,1,1,1,1,1,1,1,0,0,0.007772000040858984,0.0179351517327828,528
grouped_conv_forward_bf16_2d_128x64x128_compv5,231,1,132,528,1,1,1,1,1,1,1,0,0,0.009467999450862408,0.014722434313967272,528
grouped_conv_forward_bf16_2d_16x64x64_compv3,233,1,1024,384,1,32,32,1,1,1,1,0,0,0.014839999377727509,54.265930038288104,393216
grouped_conv_forward_bf16_2d_16x64x64_compv4,233,1,1024,384,1,32,32,1,1,1,1,0,0,0.01369200088083744,58.81582794279993,393088
grouped_conv_forward_bf16_2d_16x64x64_compv5,233,1,1024,384,1,32,32,1,1,1,1,0,0,0.014892099425196648,54.076080544927336,393216
grouped_conv_forward_bf16_2d_32x64x64_compv3,233,1,1024,384,1,32,32,1,1,1,1,0,0,0.016683999449014664,48.26818476354963,392568
grouped_conv_forward_bf16_2d_32x64x64_compv4,233,1,1024,384,1,32,32,1,1,1,1,0,0,0.014100099913775921,57.11352209732986,393216
grouped_conv_forward_bf16_2d_32x64x64_compv5,233,1,1024,384,1,32,32,1,1,1,1,0,0,0.01624010130763054,49.587521207248905,392192
grouped_conv_forward_bf16_2d_64x64x64_compv3,233,1,1024,384,1,32,32,1,1,1,1,0,0,0.019708100706338882,40.861693371649075,393216
grouped_conv_forward_bf16_2d_64x64x64_compv4,233,1,1024,384,1,32,32,1,1,1,1,0,0,0.019384000450372696,41.54490039668341,392248
grouped_conv_forward_bf16_2d_64x64x64_compv5,233,1,1024,384,1,32,32,1,1,1,1,0,0,0.019804101437330246,40.66361559237508,391168
grouped_conv_forward_bf16_2d_32x128x64_compv3,233,1,1024,384,1,32,32,1,1,1,1,0,0,0.019328098744153976,41.66505866199462,392456
grouped_conv_forward_bf16_2d_32x128x64_compv4,233,1,1024,384,1,32,32,1,1,1,1,0,0,0.01339610107243061,60.11498148945243,393216
grouped_conv_forward_bf16_2d_32x128x64_compv5,233,1,1024,384,1,32,32,1,1,1,1,0,0,0.019816100597381592,40.63899272425017,393216
grouped_conv_forward_bf16_2d_64x128x64_compv3,233,1,1024,384,1,32,32,1,1,1,1,0,0,0.02308810129761696,34.87971391060727,391168
grouped_conv_forward_bf16_2d_64x128x64_compv4,233,1,1024,384,1,32,32,1,1,1,1,0,0,0.019168099388480186,42.01284392775948,392200
grouped_conv_forward_bf16_2d_64x128x64_compv5,233,1,1024,384,1,32,32,1,1,1,1,0,0,0.02242009900510311,35.91894789655932,393216
grouped_conv_forward_bf16_2d_128x128x64_compv3,233,1,1024,384,1,32,32,1,1,1,1,0,0,0.023236099630594254,34.657553582688124,393216
grouped_conv_forward_bf16_2d_128x128x64_compv4,233,1,1024,384,1,32,32,1,1,1,1,0,0,0.019420098513364792,41.46767677032087,393216
grouped_conv_forward_bf16_2d_128x128x64_compv5,233,1,1024,384,1,32,32,1,1,1,1,0,0,0.023788100108504295,33.85332852673263,393216
grouped_conv_forward_bf16_2d_16x64x128_compv3,233,1,1024,384,1,32,32,1,1,1,1,0,0,0.012220100499689579,65.90014280328192,393216
grouped_conv_forward_bf16_2d_16x64x128_compv4,233,1,1024,384,1,32,32,1,1,1,1,0,0,0.012895999476313591,62.44621593534698,393152
grouped_conv_forward_bf16_2d_16x64x128_compv5,233,1,1024,384,1,32,32,1,1,1,1,0,0,0.011992000043392181,67.15363284573527,393180
grouped_conv_forward_bf16_2d_32x64x128_compv3,233,1,1024,384,1,32,32,1,1,1,1,0,0,0.012807999737560749,62.87526424898011,392784
grouped_conv_forward_bf16_2d_32x64x128_compv4,233,1,1024,384,1,32,32,1,1,1,1,0,0,0.013299999758601189,60.5493520764317,393216
grouped_conv_forward_bf16_2d_32x64x128_compv5,233,1,1024,384,1,32,32,1,1,1,1,0,0,0.012368000112473965,65.11209255147031,392928
grouped_conv_forward_bf16_2d_64x64x128_compv3,233,1,1024,384,1,32,32,1,1,1,1,0,0,0.01629609987139702,49.41712276895633,393216
grouped_conv_forward_bf16_2d_64x64x128_compv4,233,1,1024,384,1,32,32,1,1,1,1,0,0,0.0191281009465456,42.100696260986254,392704
grouped_conv_forward_bf16_2d_64x64x128_compv5,233,1,1024,384,1,32,32,1,1,1,1,0,0,0.01624010130763054,49.587521207248905,392408
grouped_conv_forward_bf16_2d_128x64x128_compv3,233,1,1024,384,1,32,32,1,1,1,1,0,0,0.016524000093340874,48.73555818512348,393216
grouped_conv_forward_bf16_2d_128x64x128_compv4,233,1,1024,384,1,32,32,1,1,1,1,0,0,0.019416099414229393,41.476217793251436,393216
grouped_conv_forward_bf16_2d_128x64x128_compv5,233,1,1024,384,1,32,32,1,1,1,1,0,0,0.016596000641584396,48.52412249142445,393216
grouped_conv_forward_bf16_2d_16x64x64_compv3,236,4,3,768,1,266,266,14,14,14,14,0,0,0.06288419663906097,20.73930592586918,1108992
grouped_conv_forward_bf16_2d_16x64x64_compv4,236,4,3,768,1,266,266,14,14,14,14,0,0,0.06401219964027405,20.373844350436332,1108992
grouped_conv_forward_bf16_2d_16x64x64_compv5,236,4,3,768,1,266,266,14,14,14,14,0,0,0.06292419880628586,20.726121535769455,1108992
grouped_conv_forward_bf16_2d_32x64x64_compv3,236,4,3,768,1,266,266,14,14,14,14,0,0,0.061228297650814056,21.300193571242634,1107200
grouped_conv_forward_bf16_2d_32x64x64_compv4,236,4,3,768,1,266,266,14,14,14,14,0,0,0.07266829907894135,17.946953603293277,1108992
grouped_conv_forward_bf16_2d_32x64x64_compv5,236,4,3,768,1,266,266,14,14,14,14,0,0,0.061040300875902176,21.36579560201462,1107456
grouped_conv_forward_bf16_2d_64x64x64_compv3,236,4,3,768,1,266,266,14,14,14,14,0,0,0.0656123012304306,19.87698293677789,1106944
grouped_conv_forward_bf16_2d_64x64x64_compv4,236,4,3,768,1,266,266,14,14,14,14,0,0,0.10168459266424179,12.825685365199123,1108480
grouped_conv_forward_bf16_2d_64x64x64_compv5,236,4,3,768,1,266,266,14,14,14,14,0,0,0.06530030071735382,19.97195384512847,1107088
grouped_conv_forward_bf16_2d_32x128x64_compv3,236,4,3,768,1,266,266,14,14,14,14,0,0,0.06139630079269409,21.241908309811254,1108812
grouped_conv_forward_bf16_2d_32x128x64_compv4,236,4,3,768,1,266,266,14,14,14,14,0,0,0.07276039570569992,17.924237208317344,1108992
grouped_conv_forward_bf16_2d_32x128x64_compv5,236,4,3,768,1,266,266,14,14,14,14,0,0,0.06117229908704758,21.319692270257367,1108016
grouped_conv_forward_bf16_2d_64x128x64_compv3,236,4,3,768,1,266,266,14,14,14,14,0,0,0.0665643960237503,19.592675212356287,1108992
grouped_conv_forward_bf16_2d_64x128x64_compv4,236,4,3,768,1,266,266,14,14,14,14,0,0,0.10114860534667969,12.89364878072252,1108608
grouped_conv_forward_bf16_2d_64x128x64_compv5,236,4,3,768,1,266,266,14,14,14,14,0,0,0.06648039817810059,19.61743051697922,1107200
grouped_conv_forward_bf16_2d_128x128x64_compv3,236,4,3,768,1,266,266,14,14,14,14,0,0,0.06769639998674393,19.265050907513235,1108992
grouped_conv_forward_bf16_2d_128x128x64_compv4,236,4,3,768,1,266,266,14,14,14,14,0,0,0.10132460296154022,12.87125292259991,1108736
grouped_conv_forward_bf16_2d_128x128x64_compv5,236,4,3,768,1,266,266,14,14,14,14,0,0,0.06773640215396881,19.253673807999643,1108992
grouped_conv_forward_bf16_2d_16x64x128_compv3,236,4,3,768,1,266,266,14,14,14,14,0,0,0.06026030331850052,21.642350273394747,1108992
grouped_conv_forward_bf16_2d_16x64x128_compv4,236,4,3,768,1,266,266,14,14,14,14,0,0,0.06407629698514938,20.353463813651114,1108992
grouped_conv_forward_bf16_2d_16x64x128_compv5,236,4,3,768,1,266,266,14,14,14,14,0,0,0.06036819890141487,21.603669079639108,1108992
grouped_conv_forward_bf16_2d_32x64x128_compv3,236,4,3,768,1,266,266,14,14,14,14,0,0,0.04521220177412033,28.845633276513322,1108992
grouped_conv_forward_bf16_2d_32x64x128_compv4,236,4,3,768,1,266,266,14,14,14,14,0,0,0.07280830293893814,17.912443215353708,1108992
grouped_conv_forward_bf16_2d_32x64x128_compv5,236,4,3,768,1,266,266,14,14,14,14,0,0,0.045016199350357056,28.971228376028055,1108992
grouped_conv_forward_bf16_2d_64x64x128_compv3,236,4,3,768,1,266,266,14,14,14,14,0,0,0.05328429862856865,24.475776646532797,1108548
grouped_conv_forward_bf16_2d_64x64x128_compv4,236,4,3,768,1,266,266,14,14,14,14,0,0,0.10113249719142914,12.895702451916982,1108672
grouped_conv_forward_bf16_2d_64x64x128_compv5,236,4,3,768,1,266,266,14,14,14,14,0,0,0.05280429869890213,24.69826556047255,1108544
grouped_conv_forward_bf16_2d_128x64x128_compv3,236,4,3,768,1,266,266,14,14,14,14,0,0,0.045472197234630585,28.680703183763693,1108992
grouped_conv_forward_bf16_2d_128x64x128_compv4,236,4,3,768,1,266,266,14,14,14,14,0,0,0.1023005023598671,12.748467132763885,1108608
grouped_conv_forward_bf16_2d_128x64x128_compv5,236,4,3,768,1,266,266,14,14,14,14,0,0,0.045364201068878174,28.74898182423234,1108992
grouped_conv_forward_bf16_2d_16x64x64_compv3,237,1,1968,192,1,32,32,1,1,1,1,0,0,0.022096101194620132,35.02197429238845,196571
grouped_conv_forward_bf16_2d_16x64x64_compv4,237,1,1968,192,1,32,32,1,1,1,1,0,0,0.017952099442481995,43.10632806371144,196608
grouped_conv_forward_bf16_2d_16x64x64_compv5,237,1,1968,192,1,32,32,1,1,1,1,0,0,0.02205609902739525,35.08549209172593,196439
grouped_conv_forward_bf16_2d_32x64x64_compv3,237,1,1968,192,1,32,32,1,1,1,1,0,0,0.027996201068162918,27.641217682209597,196608
grouped_conv_forward_bf16_2d_32x64x64_compv4,237,1,1968,192,1,32,32,1,1,1,1,0,0,0.02250010147690773,34.39313768403292,196608
grouped_conv_forward_bf16_2d_32x64x64_compv5,237,1,1968,192,1,32,32,1,1,1,1,0,0,0.028028100728988647,27.60975834511792,196201
grouped_conv_forward_bf16_2d_64x64x64_compv3,237,1,1968,192,1,32,32,1,1,1,1,0,0,0.033736199140548706,22.93824164293256,196608
grouped_conv_forward_bf16_2d_64x64x64_compv4,237,1,1968,192,1,32,32,1,1,1,1,0,0,0.03338420018553734,23.180099678866828,196608
grouped_conv_forward_bf16_2d_64x64x64_compv5,237,1,1968,192,1,32,32,1,1,1,1,0,0,0.033580198884010315,23.044803596100174,196608
grouped_conv_forward_bf16_2d_32x128x64_compv3,237,1,1968,192,1,32,32,1,1,1,1,0,0,0.0338921993970871,22.832660664285758,196608
grouped_conv_forward_bf16_2d_32x128x64_compv4,237,1,1968,192,1,32,32,1,1,1,1,0,0,0.02270819991827011,34.07795821708404,196608
grouped_conv_forward_bf16_2d_32x128x64_compv5,237,1,1968,192,1,32,32,1,1,1,1,0,0,0.03318820148706436,23.316993790748807,196312
grouped_conv_forward_bf16_2d_64x128x64_compv3,237,1,1968,192,1,32,32,1,1,1,1,0,0,0.03913629800081253,19.77318059015019,196608
grouped_conv_forward_bf16_2d_64x128x64_compv4,237,1,1968,192,1,32,32,1,1,1,1,0,0,0.03337220102548599,23.188434212325994,196176
grouped_conv_forward_bf16_2d_64x128x64_compv5,237,1,1968,192,1,32,32,1,1,1,1,0,0,0.03914020210504532,19.771208281529233,196608
grouped_conv_forward_bf16_2d_128x128x64_compv3,237,1,1968,192,1,32,32,1,1,1,1,0,0,0.0389322005212307,19.876839162430617,196608
grouped_conv_forward_bf16_2d_128x128x64_compv4,237,1,1968,192,1,32,32,1,1,1,1,0,0,0.03325619921088219,23.26931839362987,196608
grouped_conv_forward_bf16_2d_128x128x64_compv5,237,1,1968,192,1,32,32,1,1,1,1,0,0,0.038304202258586884,20.20272039020266,196608
grouped_conv_forward_bf16_2d_16x64x128_compv3,237,1,1968,192,1,32,32,1,1,1,1,0,0,0.018508100882172585,41.81137183801439,196602
grouped_conv_forward_bf16_2d_16x64x128_compv4,237,1,1968,192,1,32,32,1,1,1,1,0,0,0.01801210083067417,42.962733513136556,196596
grouped_conv_forward_bf16_2d_16x64x128_compv5,237,1,1968,192,1,32,32,1,1,1,1,0,0,0.01793600060045719,43.14501907299638,196608
grouped_conv_forward_bf16_2d_32x64x128_compv3,237,1,1968,192,1,32,32,1,1,1,1,0,0,0.021619999781250954,35.79320517251293,196608
grouped_conv_forward_bf16_2d_32x64x128_compv4,237,1,1968,192,1,32,32,1,1,1,1,0,0,0.022595999762415886,34.24717189487449,196608
grouped_conv_forward_bf16_2d_32x64x128_compv5,237,1,1968,192,1,32,32,1,1,1,1,0,0,0.02075600065290928,37.283150108763024,196608
grouped_conv_forward_bf16_2d_64x64x128_compv3,237,1,1968,192,1,32,32,1,1,1,1,0,0,0.027640100568532944,27.997332574143876,196206
grouped_conv_forward_bf16_2d_64x64x128_compv4,237,1,1968,192,1,32,32,1,1,1,1,0,0,0.033260099589824677,23.266589623704707,196608
grouped_conv_forward_bf16_2d_64x64x128_compv5,237,1,1968,192,1,32,32,1,1,1,1,0,0,0.027480199933052063,28.16024227936005,196224
grouped_conv_forward_bf16_2d_128x64x128_compv3,237,1,1968,192,1,32,32,1,1,1,1,0,0,0.02767609991133213,27.960915391953158,196608
grouped_conv_forward_bf16_2d_128x64x128_compv4,237,1,1968,192,1,32,32,1,1,1,1,0,0,0.0333281010389328,23.219117317725807,196608
grouped_conv_forward_bf16_2d_128x64x128_compv5,237,1,1968,192,1,32,32,1,1,1,1,0,0,0.027656201273202896,27.9810332719053,196608
grouped_conv_forward_bf16_2d_16x64x64_compv3,238,3,960,640,1,16,16,1,1,1,1,0,0,0.014256000518798828,66.19797738892865,491520
grouped_conv_forward_bf16_2d_16x64x64_compv4,238,3,960,640,1,16,16,1,1,1,1,0,0,0.01337209902703762,70.57369214001895,491520
grouped_conv_forward_bf16_2d_16x64x64_compv5,238,3,960,640,1,16,16,1,1,1,1,0,0,0.014272099360823631,66.12330646957736,491520
grouped_conv_forward_bf16_2d_32x64x64_compv3,238,3,960,640,1,16,16,1,1,1,1,0,0,0.016419999301433563,57.47371742687028,491520
grouped_conv_forward_bf16_2d_32x64x64_compv4,238,3,960,640,1,16,16,1,1,1,1,0,0,0.013508099131286144,69.8631532703407,491520
grouped_conv_forward_bf16_2d_32x64x64_compv5,238,3,960,640,1,16,16,1,1,1,1,0,0,0.016044098883867264,58.82028070451074,491520
grouped_conv_forward_bf16_2d_64x64x64_compv3,238,3,960,640,1,16,16,1,1,1,1,0,0,0.019148100167512894,49.28522369029249,491520
grouped_conv_forward_bf16_2d_64x64x64_compv4,238,3,960,640,1,16,16,1,1,1,1,0,0,0.0191281009465456,49.33675343084327,491520
grouped_conv_forward_bf16_2d_64x64x64_compv5,238,3,960,640,1,16,16,1,1,1,1,0,0,0.018940100446343422,49.82647281483633,491520
grouped_conv_forward_bf16_2d_32x128x64_compv3,238,3,960,640,1,16,16,1,1,1,1,0,0,0.018184000626206398,51.89828241866275,491520
grouped_conv_forward_bf16_2d_32x128x64_compv4,238,3,960,640,1,16,16,1,1,1,1,0,0,0.013512100093066692,69.8424666410101,491520
grouped_conv_forward_bf16_2d_32x128x64_compv5,238,3,960,640,1,16,16,1,1,1,1,0,0,0.01883609965443611,50.10158245673455,491520
grouped_conv_forward_bf16_2d_64x128x64_compv3,238,3,960,640,1,16,16,1,1,1,1,0,0,0.021512100473046303,43.86918893310474,491520
grouped_conv_forward_bf16_2d_64x128x64_compv4,238,3,960,640,1,16,16,1,1,1,1,0,0,0.01907609961926937,49.47124510959883,491520
grouped_conv_forward_bf16_2d_64x128x64_compv5,238,3,960,640,1,16,16,1,1,1,1,0,0,0.02119610086083412,44.52320765012921,491520
grouped_conv_forward_bf16_2d_128x128x64_compv3,238,3,960,640,1,16,16,1,1,1,1,0,0,0.022464100271463394,42.010068891956685,491520
grouped_conv_forward_bf16_2d_128x128x64_compv4,238,3,960,640,1,16,16,1,1,1,1,0,0,0.019628100097179413,48.07996674806105,491520
grouped_conv_forward_bf16_2d_128x128x64_compv5,238,3,960,640,1,16,16,1,1,1,1,0,0,0.02244419977068901,42.04731777661543,491520
grouped_conv_forward_bf16_2d_16x64x128_compv3,238,3,960,640,1,16,16,1,1,1,1,0,0,0.012380099855363369,76.2286581712148,491520
grouped_conv_forward_bf16_2d_16x64x128_compv4,238,3,960,640,1,16,16,1,1,1,1,0,0,0.013240000233054161,71.27782351876183,491520
grouped_conv_forward_bf16_2d_16x64x128_compv5,238,3,960,640,1,16,16,1,1,1,1,0,0,0.012252000160515308,77.02566010742756,491520
grouped_conv_forward_bf16_2d_32x64x128_compv3,238,3,960,640,1,16,16,1,1,1,1,0,0,0.0124080004170537,76.05725082850114,491520
grouped_conv_forward_bf16_2d_32x64x128_compv4,238,3,960,640,1,16,16,1,1,1,1,0,0,0.013447999954223633,70.17537204137221,491520
grouped_conv_forward_bf16_2d_32x64x128_compv5,238,3,960,640,1,16,16,1,1,1,1,0,0,0.012427999638020992,75.93485898670944,491520
grouped_conv_forward_bf16_2d_64x64x128_compv3,238,3,960,640,1,16,16,1,1,1,1,0,0,0.01708409935235977,55.23957573272057,491520
grouped_conv_forward_bf16_2d_64x64x128_compv4,238,3,960,640,1,16,16,1,1,1,1,0,0,0.01915610022842884,49.26464096274999,491520
grouped_conv_forward_bf16_2d_64x64x128_compv5,238,3,960,640,1,16,16,1,1,1,1,0,0,0.016327999532222748,57.797551876309406,491520
grouped_conv_forward_bf16_2d_128x64x128_compv3,238,3,960,640,1,16,16,1,1,1,1,0,0,0.01759999990463257,53.62036392691116,491520
grouped_conv_forward_bf16_2d_128x64x128_compv4,238,3,960,640,1,16,16,1,1,1,1,0,0,0.01982009969651699,47.61421054636979,491520
grouped_conv_forward_bf16_2d_128x64x128_compv5,238,3,960,640,1,16,16,1,1,1,1,0,0,0.01703609898686409,55.39521698762531,491520
grouped_conv_forward_bf16_2d_16x64x64_compv3,239,4,20,40,1,128,128,1,1,1,1,0,0,0.010183999314904213,10.296308626665128,327860
grouped_conv_forward_bf16_2d_16x64x64_compv4,239,4,20,40,1,128,128,1,1,1,1,0,0,0.018355999141931534,5.712443065028724,327934
grouped_conv_forward_bf16_2d_16x64x64_compv5,239,4,20,40,1,128,128,1,1,1,1,0,0,0.009775999933481216,10.726022986239975,328057
grouped_conv_forward_bf16_2d_32x64x64_compv3,239,4,20,40,1,128,128,1,1,1,1,0,0,0.008556099608540535,12.25530379465582,327913
grouped_conv_forward_bf16_2d_32x64x64_compv4,239,4,20,40,1,128,128,1,1,1,1,0,0,0.0165839996188879,6.322817318481801,327790
grouped_conv_forward_bf16_2d_32x64x64_compv5,239,4,20,40,1,128,128,1,1,1,1,0,0,0.008559999987483025,12.249719644080542,327751
grouped_conv_forward_bf16_2d_64x64x64_compv3,239,4,20,40,1,128,128,1,1,1,1,0,0,0.00825200043618679,12.7069309812657,327833
grouped_conv_forward_bf16_2d_64x64x64_compv4,239,4,20,40,1,128,128,1,1,1,1,0,0,0.020464099943637848,5.123978102569789,328275
grouped_conv_forward_bf16_2d_64x64x64_compv5,239,4,20,40,1,128,128,1,1,1,1,0,0,0.008163999766111374,12.843900416957647,328334
grouped_conv_forward_bf16_2d_32x128x64_compv3,239,4,20,40,1,128,128,1,1,1,1,0,0,0.010452000424265862,10.032299631040734,329412
grouped_conv_forward_bf16_2d_32x128x64_compv4,239,4,20,40,1,128,128,1,1,1,1,0,0,0.01650010049343109,6.354967355607634,327712
grouped_conv_forward_bf16_2d_32x128x64_compv5,239,4,20,40,1,128,128,1,1,1,1,0,0,0.010780099779367447,9.726960060304082,329510
grouped_conv_forward_bf16_2d_64x128x64_compv3,239,4,20,40,1,128,128,1,1,1,1,0,0,0.010496100410819054,9.990148330890209,328603
grouped_conv_forward_bf16_2d_64x128x64_compv4,239,4,20,40,1,128,128,1,1,1,1,0,0,0.021316099911928177,4.919173790385699,328285
grouped_conv_forward_bf16_2d_64x128x64_compv5,239,4,20,40,1,128,128,1,1,1,1,0,0,0.011035999283194542,9.50141417276781,328576
grouped_conv_forward_bf16_2d_128x128x64_compv3,239,4,20,40,1,128,128,1,1,1,1,0,0,0.011256100609898567,9.315623912226643,331119
grouped_conv_forward_bf16_2d_128x128x64_compv4,239,4,20,40,1,128,128,1,1,1,1,0,0,0.02053609862923622,5.1060136539624645,328172
grouped_conv_forward_bf16_2d_128x128x64_compv5,239,4,20,40,1,128,128,1,1,1,1,0,0,0.01040400005877018,10.078585102622043,331285
grouped_conv_forward_bf16_2d_16x64x128_compv3,239,4,20,40,1,128,128,1,1,1,1,0,0,0.012068100273609161,8.688824058688454,327900
grouped_conv_forward_bf16_2d_16x64x128_compv4,239,4,20,40,1,128,128,1,1,1,1,0,0,0.019300099462270737,5.433008270500543,327975
grouped_conv_forward_bf16_2d_16x64x128_compv5,239,4,20,40,1,128,128,1,1,1,1,0,0,0.012004000134766102,8.735221494734109,327985
grouped_conv_forward_bf16_2d_32x64x128_compv3,239,4,20,40,1,128,128,1,1,1,1,0,0,0.010576100088655949,9.914580906100872,327788
grouped_conv_forward_bf16_2d_32x64x128_compv4,239,4,20,40,1,128,128,1,1,1,1,0,0,0.016568001359701157,6.328922706093462,327840
grouped_conv_forward_bf16_2d_32x64x128_compv5,239,4,20,40,1,128,128,1,1,1,1,0,0,0.010511999949812889,9.975038099373892,327711
grouped_conv_forward_bf16_2d_64x64x128_compv3,239,4,20,40,1,128,128,1,1,1,1,0,0,0.010428099893033504,10.055293013643853,328333
grouped_conv_forward_bf16_2d_64x64x128_compv4,239,4,20,40,1,128,128,1,1,1,1,0,0,0.020716099068522453,5.061647931551373,328065
grouped_conv_forward_bf16_2d_64x64x128_compv5,239,4,20,40,1,128,128,1,1,1,1,0,0,0.01016009971499443,10.32052863076231,328583
grouped_conv_forward_bf16_2d_128x64x128_compv3,239,4,20,40,1,128,128,1,1,1,1,0,0,0.010388100519776344,10.094010911848356,329591
grouped_conv_forward_bf16_2d_128x64x128_compv4,239,4,20,40,1,128,128,1,1,1,1,0,0,0.02070010080933571,5.065559871704075,328396
grouped_conv_forward_bf16_2d_128x64x128_compv5,239,4,20,40,1,128,128,1,1,1,1,0,0,0.010332100093364716,10.148720884666966,330313
grouped_conv_forward_bf16_2d_16x64x64_compv3,241,1,8,8,1,14,14,3,3,1,1,1,1,0.004883999936282635,0.046230958834093956,770
grouped_conv_forward_bf16_2d_16x64x64_compv4,241,1,8,8,1,14,14,3,3,1,1,1,1,0.005187999922782183,0.04352197443343714,770
grouped_conv_forward_bf16_2d_16x64x64_compv5,241,1,8,8,1,14,14,3,3,1,1,1,1,0.0047439998015761375,0.04759528023693915,770
grouped_conv_forward_bf16_2d_32x64x64_compv3,241,1,8,8,1,14,14,3,3,1,1,1,1,0.006016000173985958,0.037531913808173875,770
grouped_conv_forward_bf16_2d_32x64x64_compv4,241,1,8,8,1,14,14,3,3,1,1,1,1,0.005396100226789713,0.041843551919036506,770
grouped_conv_forward_bf16_2d_32x64x64_compv5,241,1,8,8,1,14,14,3,3,1,1,1,1,0.0069959997199475765,0.032274443830551204,770
grouped_conv_forward_bf16_2d_64x64x64_compv3,241,1,8,8,1,14,14,3,3,1,1,1,1,0.00675999978557229,0.03340118449144075,770
grouped_conv_forward_bf16_2d_64x64x64_compv4,241,1,8,8,1,14,14,3,3,1,1,1,1,0.008168099448084831,0.02764315021322877,770
grouped_conv_forward_bf16_2d_64x64x64_compv5,241,1,8,8,1,14,14,3,3,1,1,1,1,0.006752000190317631,0.033440757351249156,770
grouped_conv_forward_bf16_2d_32x128x64_compv3,241,1,8,8,1,14,14,3,3,1,1,1,1,0.007903999648988247,0.028566802888067254,770
grouped_conv_forward_bf16_2d_32x128x64_compv4,241,1,8,8,1,14,14,3,3,1,1,1,1,0.006164100021123886,0.036630164862060735,770
grouped_conv_forward_bf16_2d_32x128x64_compv5,241,1,8,8,1,14,14,3,3,1,1,1,1,0.005859999917447567,0.03853105856328202,770
grouped_conv_forward_bf16_2d_64x128x64_compv3,241,1,8,8,1,14,14,3,3,1,1,1,1,0.007423999719321728,0.030413794253298924,770
grouped_conv_forward_bf16_2d_64x128x64_compv4,241,1,8,8,1,14,14,3,3,1,1,1,1,0.0071400003507733345,0.03162352785816662,770
grouped_conv_forward_bf16_2d_64x128x64_compv5,241,1,8,8,1,14,14,3,3,1,1,1,1,0.008071999996900558,0.02797224976297056,770
grouped_conv_forward_bf16_2d_128x128x64_compv3,241,1,8,8,1,14,14,3,3,1,1,1,1,0.008247999474406242,0.027375365469001114,770
grouped_conv_forward_bf16_2d_128x128x64_compv4,241,1,8,8,1,14,14,3,3,1,1,1,1,0.007348100189119577,0.030727942487002696,770
grouped_conv_forward_bf16_2d_128x128x64_compv5,241,1,8,8,1,14,14,3,3,1,1,1,1,0.007915999740362167,0.028523497651058504,770
grouped_conv_forward_bf16_2d_16x64x128_compv3,241,1,8,8,1,14,14,3,3,1,1,1,1,0.005888000130653381,0.038347825236027,770
grouped_conv_forward_bf16_2d_16x64x128_compv4,241,1,8,8,1,14,14,3,3,1,1,1,1,0.005115999840199947,0.04413448144110486,770
grouped_conv_forward_bf16_2d_16x64x128_compv5,241,1,8,8,1,14,14,3,3,1,1,1,1,0.004472000058740377,0.05049016033859323,770
grouped_conv_forward_bf16_2d_32x64x128_compv3,241,1,8,8,1,14,14,3,3,1,1,1,1,0.005640099756419659,0.04003333447125641,770
grouped_conv_forward_bf16_2d_32x64x128_compv4,241,1,8,8,1,14,14,3,3,1,1,1,1,0.005488099996000528,0.04114210749886968,770
grouped_conv_forward_bf16_2d_32x64x128_compv5,241,1,8,8,1,14,14,3,3,1,1,1,1,0.006364099681377411,0.035479016876607254,770
grouped_conv_forward_bf16_2d_64x64x128_compv3,241,1,8,8,1,14,14,3,3,1,1,1,1,0.006388100329786539,0.035345719125163606,770
grouped_conv_forward_bf16_2d_64x64x128_compv4,241,1,8,8,1,14,14,3,3,1,1,1,1,0.008008100092411041,0.028195451779377,770
grouped_conv_forward_bf16_2d_64x64x128_compv5,241,1,8,8,1,14,14,3,3,1,1,1,1,0.006384000182151794,0.03536842004348039,770
grouped_conv_forward_bf16_2d_128x64x128_compv3,241,1,8,8,1,14,14,3,3,1,1,1,1,0.007876100018620491,0.028667995513793357,770
grouped_conv_forward_bf16_2d_128x64x128_compv4,241,1,8,8,1,14,14,3,3,1,1,1,1,0.007120099849998951,0.03171191482659239,770
grouped_conv_forward_bf16_2d_128x64x128_compv5,241,1,8,8,1,14,14,3,3,1,1,1,1,0.008676099590957165,0.026024597531745273,770
grouped_conv_forward_bf16_2d_16x64x64_compv3,242,1,280,92,1,64,64,1,1,1,1,0,0,0.007175999693572521,29.407180742916424,78898
grouped_conv_forward_bf16_2d_16x64x64_compv4,242,1,280,92,1,64,64,1,1,1,1,0,0,0.0076200999319553375,27.693327106518694,77969
grouped_conv_forward_bf16_2d_16x64x64_compv5,242,1,280,92,1,64,64,1,1,1,1,0,0,0.007180000189691782,29.390795880892416,78737
grouped_conv_forward_bf16_2d_32x64x64_compv3,242,1,280,92,1,64,64,1,1,1,1,0,0,0.007760000415146351,27.194060400835703,78017
grouped_conv_forward_bf16_2d_32x64x64_compv4,242,1,280,92,1,64,64,1,1,1,1,0,0,0.007320099975913763,28.828283861472503,77842
grouped_conv_forward_bf16_2d_32x64x64_compv5,242,1,280,92,1,64,64,1,1,1,1,0,0,0.007564099971204996,27.898351529373375,78017
grouped_conv_forward_bf16_2d_64x64x64_compv3,242,1,280,92,1,64,64,1,1,1,1,0,0,0.009328000247478485,22.622846741137668,78336
grouped_conv_forward_bf16_2d_64x64x64_compv4,242,1,280,92,1,64,64,1,1,1,1,0,0,0.008739999495446682,24.14484349912596,77824
grouped_conv_forward_bf16_2d_64x64x64_compv5,242,1,280,92,1,64,64,1,1,1,1,0,0,0.009096099995076656,23.19960423854395,78785
grouped_conv_forward_bf16_2d_32x128x64_compv3,242,1,280,92,1,64,64,1,1,1,1,0,0,0.00812000036239624,25.988412633238543,77824
grouped_conv_forward_bf16_2d_32x128x64_compv4,242,1,280,92,1,64,64,1,1,1,1,0,0,0.006780100055038929,31.124307648405104,77842
grouped_conv_forward_bf16_2d_32x128x64_compv5,242,1,280,92,1,64,64,1,1,1,1,0,0,0.008112099952995777,26.013722861251072,78454
grouped_conv_forward_bf16_2d_64x128x64_compv3,242,1,280,92,1,64,64,1,1,1,1,0,0,0.009811999276280403,21.506923722480856,77824
grouped_conv_forward_bf16_2d_64x128x64_compv4,242,1,280,92,1,64,64,1,1,1,1,0,0,0.008792100474238396,24.001763926415986,78384
grouped_conv_forward_bf16_2d_64x128x64_compv5,242,1,280,92,1,64,64,1,1,1,1,0,0,0.009920000098645687,21.272773982009333,77824
grouped_conv_forward_bf16_2d_128x128x64_compv3,242,1,280,92,1,64,64,1,1,1,1,0,0,0.010400000028312206,20.290953790915225,81586
grouped_conv_forward_bf16_2d_128x128x64_compv4,242,1,280,92,1,64,64,1,1,1,1,0,0,0.008780000731348991,24.034840822567585,77824
grouped_conv_forward_bf16_2d_128x128x64_compv5,242,1,280,92,1,64,64,1,1,1,1,0,0,0.011235999874770641,18.781231964396728,77824
grouped_conv_forward_bf16_2d_16x64x128_compv3,242,1,280,92,1,64,64,1,1,1,1,0,0,0.0068040997721254826,31.01452463476725,78065
grouped_conv_forward_bf16_2d_16x64x128_compv4,242,1,280,92,1,64,64,1,1,1,1,0,0,0.006819999776780605,30.942218021540054,78034
grouped_conv_forward_bf16_2d_16x64x128_compv5,242,1,280,92,1,64,64,1,1,1,1,0,0,0.0068000005558133125,31.033220992841564,78048
grouped_conv_forward_bf16_2d_32x64x128_compv3,242,1,280,92,1,64,64,1,1,1,1,0,0,0.006932099815458059,30.441846715684637,77888
grouped_conv_forward_bf16_2d_32x64x128_compv4,242,1,280,92,1,64,64,1,1,1,1,0,0,0.006760100368410349,31.216388588861022,77952
grouped_conv_forward_bf16_2d_32x64x128_compv5,242,1,280,92,1,64,64,1,1,1,1,0,0,0.006936000194400549,30.42472809766669,77888
grouped_conv_forward_bf16_2d_64x64x128_compv3,242,1,280,92,1,64,64,1,1,1,1,0,0,0.008820000104606152,23.925840986078214,77824
grouped_conv_forward_bf16_2d_64x64x128_compv4,242,1,280,92,1,64,64,1,1,1,1,0,0,0.008851999416947365,23.839350869814318,78144
grouped_conv_forward_bf16_2d_64x64x128_compv5,242,1,280,92,1,64,64,1,1,1,1,0,0,0.008832099847495556,23.89306321755849,77824
grouped_conv_forward_bf16_2d_128x64x128_compv3,242,1,280,92,1,64,64,1,1,1,1,0,0,0.009627999737858772,21.917939940340226,77824
grouped_conv_forward_bf16_2d_128x64x128_compv4,242,1,280,92,1,64,64,1,1,1,1,0,0,0.008736000396311283,24.15589634005789,78208
grouped_conv_forward_bf16_2d_128x64x128_compv5,242,1,280,92,1,64,64,1,1,1,1,0,0,0.009852100163698196,21.419384343813544,77824
grouped_conv_forward_bf16_2d_16x64x64_compv3,243,1,300,65,1,256,256,1,1,1,1,0,0,0.0440760999917984,57.98843365169781,329728
grouped_conv_forward_bf16_2d_16x64x64_compv4,243,1,300,65,1,256,256,1,1,1,1,0,0,0.05556830018758774,45.99572042642598,328661
grouped_conv_forward_bf16_2d_16x64x64_compv5,243,1,300,65,1,256,256,1,1,1,1,0,0,0.044060200452804565,58.00935932503931,329299
grouped_conv_forward_bf16_2d_32x64x64_compv3,243,1,300,65,1,256,256,1,1,1,1,0,0,0.037324197590351105,68.47847147451448,330741
grouped_conv_forward_bf16_2d_32x64x64_compv4,243,1,300,65,1,256,256,1,1,1,1,0,0,0.046400200575590134,55.08389981711826,329164
grouped_conv_forward_bf16_2d_32x64x64_compv5,243,1,300,65,1,256,256,1,1,1,1,0,0,0.03712020069360733,68.85480014228926,328957
grouped_conv_forward_bf16_2d_64x64x64_compv3,243,1,300,65,1,256,256,1,1,1,1,0,0,0.031424202024936676,81.3355259736353,332413
grouped_conv_forward_bf16_2d_64x64x64_compv4,243,1,300,65,1,256,256,1,1,1,1,0,0,0.05628029629588127,45.4138334056185,329459
grouped_conv_forward_bf16_2d_64x64x64_compv5,243,1,300,65,1,256,256,1,1,1,1,0,0,0.03164420276880264,80.77005506107464,332825
grouped_conv_forward_bf16_2d_32x128x64_compv3,243,1,300,65,1,256,256,1,1,1,1,0,0,0.02701210044324398,94.62070546384552,333911
grouped_conv_forward_bf16_2d_32x128x64_compv4,243,1,300,65,1,256,256,1,1,1,1,0,0,0.04678430035710335,54.63166020418925,330394
grouped_conv_forward_bf16_2d_32x128x64_compv5,243,1,300,65,1,256,256,1,1,1,1,0,0,0.026836100965738297,95.24125741154155,334418
grouped_conv_forward_bf16_2d_64x128x64_compv3,243,1,300,65,1,256,256,1,1,1,1,0,0,0.024244099855422974,105.42375321178567,335028
grouped_conv_forward_bf16_2d_64x128x64_compv4,243,1,300,65,1,256,256,1,1,1,1,0,0,0.05628430098295212,45.41060216372154,329851
grouped_conv_forward_bf16_2d_64x128x64_compv5,243,1,300,65,1,256,256,1,1,1,1,0,0,0.023976098746061325,106.60216355756673,334871
grouped_conv_forward_bf16_2d_128x128x64_compv3,243,1,300,65,1,256,256,1,1,1,1,0,0,0.02276809886097908,112.25812113722043,334358
grouped_conv_forward_bf16_2d_128x128x64_compv4,243,1,300,65,1,256,256,1,1,1,1,0,0,0.05622829869389534,45.45583023797752,329183
grouped_conv_forward_bf16_2d_128x128x64_compv5,243,1,300,65,1,256,256,1,1,1,1,0,0,0.022544099017977715,113.37352617027645,332960
grouped_conv_forward_bf16_2d_16x64x128_compv3,243,1,300,65,1,256,256,1,1,1,1,0,0,0.047844298183918,53.4212873219472,329397
grouped_conv_forward_bf16_2d_16x64x128_compv4,243,1,300,65,1,256,256,1,1,1,1,0,0,0.05577629804611206,45.82419575223425,328999
grouped_conv_forward_bf16_2d_16x64x128_compv5,243,1,300,65,1,256,256,1,1,1,1,0,0,0.04774419963359833,53.53328822379863,329336
grouped_conv_forward_bf16_2d_32x64x128_compv3,243,1,300,65,1,256,256,1,1,1,1,0,0,0.038248199969530106,66.82416432763176,329479
grouped_conv_forward_bf16_2d_32x64x128_compv4,243,1,300,65,1,256,256,1,1,1,1,0,0,0.046476200222969055,54.99382453251511,328500
grouped_conv_forward_bf16_2d_32x64x128_compv5,243,1,300,65,1,256,256,1,1,1,1,0,0,0.03798019886016846,67.29569819816008,328746
grouped_conv_forward_bf16_2d_64x64x128_compv3,243,1,300,65,1,256,256,1,1,1,1,0,0,0.036520201712846756,69.9860318433265,330604
grouped_conv_forward_bf16_2d_64x64x128_compv4,243,1,300,65,1,256,256,1,1,1,1,0,0,0.05618029832839966,45.494667633474755,329275
grouped_conv_forward_bf16_2d_64x64x128_compv5,243,1,300,65,1,256,256,1,1,1,1,0,0,0.03611620143055916,70.76890422472175,329227
grouped_conv_forward_bf16_2d_128x64x128_compv3,243,1,300,65,1,256,256,1,1,1,1,0,0,0.037108201533555984,68.87706475585357,334796
grouped_conv_forward_bf16_2d_128x64x128_compv4,243,1,300,65,1,256,256,1,1,1,1,0,0,0.05648829787969589,45.24661028808751,328763
grouped_conv_forward_bf16_2d_128x64x128_compv5,243,1,300,65,1,256,256,1,1,1,1,0,0,0.0357481986284256,71.49742079500597,334927
grouped_conv_forward_bf16_2d_16x64x64_compv3,244,1,40,320,1,56,56,3,3,1,1,1,1,0.012240000069141388,59.03058790184177,1003520
grouped_conv_forward_bf16_2d_16x64x64_compv4,244,1,40,320,1,56,56,3,3,1,1,1,1,0.014028100296854973,51.50621856916638,1003520
grouped_conv_forward_bf16_2d_16x64x64_compv5,244,1,40,320,1,56,56,3,3,1,1,1,1,0.01204800046980381,59.9713124024941,1003520
grouped_conv_forward_bf16_2d_32x64x64_compv3,244,1,40,320,1,56,56,3,3,1,1,1,1,0.0111480001360178,64.8129163243891,1003520
grouped_conv_forward_bf16_2d_32x64x64_compv4,244,1,40,320,1,56,56,3,3,1,1,1,1,0.010488100349903107,68.89087402817185,1003520
grouped_conv_forward_bf16_2d_32x64x64_compv5,244,1,40,320,1,56,56,3,3,1,1,1,1,0.011180000379681587,64.62740388749238,1003520
grouped_conv_forward_bf16_2d_64x64x64_compv3,244,1,40,320,1,56,56,3,3,1,1,1,1,0.011380000039935112,63.49159907420526,1003520
grouped_conv_forward_bf16_2d_64x64x64_compv4,244,1,40,320,1,56,56,3,3,1,1,1,1,0.012268099933862686,58.89537939005895,1003520
grouped_conv_forward_bf16_2d_64x64x64_compv5,244,1,40,320,1,56,56,3,3,1,1,1,1,0.011380000039935112,63.49159907420526,1003520
grouped_conv_forward_bf16_2d_32x128x64_compv3,244,1,40,320,1,56,56,3,3,1,1,1,1,0.012328100390732288,58.60873752643748,1003520
grouped_conv_forward_bf16_2d_32x128x64_compv4,244,1,40,320,1,56,56,3,3,1,1,1,1,0.01069599948823452,67.55183569284758,1003520
grouped_conv_forward_bf16_2d_32x128x64_compv5,244,1,40,320,1,56,56,3,3,1,1,1,1,0.012303999625146389,58.72353885018942,1003520
grouped_conv_forward_bf16_2d_64x128x64_compv3,244,1,40,320,1,56,56,3,3,1,1,1,1,0.012612000107765198,57.28943814035778,1003520
grouped_conv_forward_bf16_2d_64x128x64_compv4,244,1,40,320,1,56,56,3,3,1,1,1,1,0.012216100469231606,59.14607544525602,1003520
grouped_conv_forward_bf16_2d_64x128x64_compv5,244,1,40,320,1,56,56,3,3,1,1,1,1,0.012559999711811543,57.526625523766675,1002496
grouped_conv_forward_bf16_2d_128x128x64_compv3,244,1,40,320,1,56,56,3,3,1,1,1,1,0.013728099875152111,52.63178492078053,1003520
grouped_conv_forward_bf16_2d_128x128x64_compv4,244,1,40,320,1,56,56,3,3,1,1,1,1,0.012223999947309494,59.10785365792071,1003520
grouped_conv_forward_bf16_2d_128x128x64_compv5,244,1,40,320,1,56,56,3,3,1,1,1,1,0.013720099814236164,52.6624740186138,1003520
grouped_conv_forward_bf16_2d_16x64x128_compv3,244,1,40,320,1,56,56,3,3,1,1,1,1,0.011100100353360176,65.09260069718896,1003520
grouped_conv_forward_bf16_2d_16x64x128_compv4,244,1,40,320,1,56,56,3,3,1,1,1,1,0.013288000598549843,54.37495239719151,1003520
grouped_conv_forward_bf16_2d_16x64x128_compv5,244,1,40,320,1,56,56,3,3,1,1,1,1,0.010999999940395355,65.68494581046617,1003520
grouped_conv_forward_bf16_2d_32x64x128_compv3,244,1,40,320,1,56,56,3,3,1,1,1,1,0.009903999976813793,72.95379661667224,1003520
grouped_conv_forward_bf16_2d_32x64x128_compv4,244,1,40,320,1,56,56,3,3,1,1,1,1,0.011404000222682953,63.35797841908614,1003520
grouped_conv_forward_bf16_2d_32x64x128_compv5,244,1,40,320,1,56,56,3,3,1,1,1,1,0.009848000481724739,73.3686397904662,1003520
grouped_conv_forward_bf16_2d_64x64x128_compv3,244,1,40,320,1,56,56,3,3,1,1,1,1,0.010747999884188175,67.22501002841935,1003520
grouped_conv_forward_bf16_2d_64x64x128_compv4,244,1,40,320,1,56,56,3,3,1,1,1,1,0.01225999929010868,58.93429378767892,1003520
grouped_conv_forward_bf16_2d_64x64x128_compv5,244,1,40,320,1,56,56,3,3,1,1,1,1,0.010727999731898308,67.35033725361106,1003520
grouped_conv_forward_bf16_2d_128x64x128_compv3,244,1,40,320,1,56,56,3,3,1,1,1,1,0.011388099752366543,63.44644108424246,1003520
grouped_conv_forward_bf16_2d_128x64x128_compv4,244,1,40,320,1,56,56,3,3,1,1,1,1,0.012959999963641167,55.75111126751893,1003520
grouped_conv_forward_bf16_2d_128x64x128_compv5,244,1,40,320,1,56,56,3,3,1,1,1,1,0.01134399976581335,63.69309017243224,1003520
grouped_conv_forward_bf16_2d_16x64x64_compv3,246,4,1024,2048,1,56,56,1,1,2,2,0,0,0.09102030098438263,144.50993022157624,6421176
grouped_conv_forward_bf16_2d_16x64x64_compv4,246,4,1024,2048,1,56,56,1,1,2,2,0,0,0.10782049596309662,121.9929219069995,6422128
grouped_conv_forward_bf16_2d_16x64x64_compv5,246,4,1024,2048,1,56,56,1,1,2,2,0,0,0.09107249975204468,144.42710345945778,6420992
grouped_conv_forward_bf16_2d_32x64x64_compv3,246,4,1024,2048,1,56,56,1,1,2,2,0,0,0.07993249595165253,164.55556888847616,6421179
grouped_conv_forward_bf16_2d_32x64x64_compv4,246,4,1024,2048,1,56,56,1,1,2,2,0,0,0.09668049961328506,136.04953839308226,6420216
grouped_conv_forward_bf16_2d_32x64x64_compv5,246,4,1024,2048,1,56,56,1,1,2,2,0,0,0.07968050241470337,165.07598402859503,6421299
grouped_conv_forward_bf16_2d_64x64x64_compv3,246,4,1024,2048,1,56,56,1,1,2,2,0,0,0.0685523971915245,191.8727554814993,6422016
grouped_conv_forward_bf16_2d_64x64x64_compv4,246,4,1024,2048,1,56,56,1,1,2,2,0,0,0.12951280176639557,101.56013277918963,6415008
grouped_conv_forward_bf16_2d_64x64x64_compv5,246,4,1024,2048,1,56,56,1,1,2,2,0,0,0.06814839690923691,193.0102238724442,6422528
grouped_conv_forward_bf16_2d_32x128x64_compv3,246,4,1024,2048,1,56,56,1,1,2,2,0,0,0.06571239978075027,200.16522586127078,6422528
grouped_conv_forward_bf16_2d_32x128x64_compv4,246,4,1024,2048,1,56,56,1,1,2,2,0,0,0.09657660126686096,136.19590223158332,6421104
grouped_conv_forward_bf16_2d_32x128x64_compv5,246,4,1024,2048,1,56,56,1,1,2,2,0,0,0.06517639756202698,201.81135865145433,6422528
grouped_conv_forward_bf16_2d_64x128x64_compv3,246,4,1024,2048,1,56,56,1,1,2,2,0,0,0.05667229741811752,232.09465547085833,6422528
grouped_conv_forward_bf16_2d_64x128x64_compv4,246,4,1024,2048,1,56,56,1,1,2,2,0,0,0.12960879504680634,101.48491342157655,6412912
grouped_conv_forward_bf16_2d_64x128x64_compv5,246,4,1024,2048,1,56,56,1,1,2,2,0,0,0.05593230202794075,235.16531355046507,6422016
grouped_conv_forward_bf16_2d_128x128x64_compv3,246,4,1024,2048,1,56,56,1,1,2,2,0,0,0.0531403012573719,247.52094046842274,6418520
grouped_conv_forward_bf16_2d_128x128x64_compv4,246,4,1024,2048,1,56,56,1,1,2,2,0,0,0.13018080592155457,101.03899150790362,6418080
grouped_conv_forward_bf16_2d_128x128x64_compv5,246,4,1024,2048,1,56,56,1,1,2,2,0,0,0.053080301731824875,247.8007267263474,6417568
grouped_conv_forward_bf16_2d_16x64x128_compv3,246,4,1024,2048,1,56,56,1,1,2,2,0,0,0.08665649592876434,151.7870899697197,6422480
grouped_conv_forward_bf16_2d_16x64x128_compv4,246,4,1024,2048,1,56,56,1,1,2,2,0,0,0.10740870237350464,122.4606298497154,6422236
grouped_conv_forward_bf16_2d_16x64x128_compv5,246,4,1024,2048,1,56,56,1,1,2,2,0,0,0.08624830096960068,152.50546614983247,6422016
grouped_conv_forward_bf16_2d_32x64x128_compv3,246,4,1024,2048,1,56,56,1,1,2,2,0,0,0.06885229796171188,191.0370130466008,6420448
grouped_conv_forward_bf16_2d_32x64x128_compv4,246,4,1024,2048,1,56,56,1,1,2,2,0,0,0.09631659835577011,136.5635577724077,6419136
grouped_conv_forward_bf16_2d_32x64x128_compv5,246,4,1024,2048,1,56,56,1,1,2,2,0,0,0.06806840002536774,193.23705771103792,6420448
grouped_conv_forward_bf16_2d_64x64x128_compv3,246,4,1024,2048,1,56,56,1,1,2,2,0,0,0.06792040169239044,193.6581206273056,6421504
grouped_conv_forward_bf16_2d_64x64x128_compv4,246,4,1024,2048,1,56,56,1,1,2,2,0,0,0.1297048032283783,101.40979375174105,6417904
grouped_conv_forward_bf16_2d_64x64x128_compv5,246,4,1024,2048,1,56,56,1,1,2,2,0,0,0.06781239807605743,193.96655651739968,6420336
grouped_conv_forward_bf16_2d_128x64x128_compv3,246,4,1024,2048,1,56,56,1,1,2,2,0,0,0.06895239651203156,190.75968362760045,6416400
grouped_conv_forward_bf16_2d_128x64x128_compv4,246,4,1024,2048,1,56,56,1,1,2,2,0,0,0.12964880466461182,101.45359517988875,6417120
grouped_conv_forward_bf16_2d_128x64x128_compv5,246,4,1024,2048,1,56,56,1,1,2,2,0,0,0.06820440292358398,192.85173361515913,6418112
grouped_conv_forward_bf16_2d_16x64x64_compv3,249,1,208,624,1,32,32,1,1,1,1,0,0,0.007596000097692013,34.99394583746327,638976
grouped_conv_forward_bf16_2d_16x64x64_compv4,249,1,208,624,1,32,32,1,1,1,1,0,0,0.00659599993377924,40.29927511653254,638976
grouped_conv_forward_bf16_2d_16x64x64_compv5,249,1,208,624,1,32,32,1,1,1,1,0,0,0.007599999662488699,34.97552997429429,638976
grouped_conv_forward_bf16_2d_32x64x64_compv3,249,1,208,624,1,32,32,1,1,1,1,0,0,0.007956000044941902,33.410509615192076,638976
grouped_conv_forward_bf16_2d_32x64x64_compv4,249,1,208,624,1,32,32,1,1,1,1,0,0,0.007600100245326757,34.97506709381195,638976
grouped_conv_forward_bf16_2d_32x64x64_compv5,249,1,208,624,1,32,32,1,1,1,1,0,0,0.00784400012344122,33.88755887517573,638976
grouped_conv_forward_bf16_2d_64x64x64_compv3,249,1,208,624,1,32,32,1,1,1,1,0,0,0.008315999992191792,31.96416741817976,638976
grouped_conv_forward_bf16_2d_64x64x64_compv4,249,1,208,624,1,32,32,1,1,1,1,0,0,0.0076361000537872314,34.8101798205441,638976
grouped_conv_forward_bf16_2d_64x64x64_compv5,249,1,208,624,1,32,32,1,1,1,1,0,0,0.00879599992185831,30.219874756870404,638720
grouped_conv_forward_bf16_2d_32x128x64_compv3,249,1,208,624,1,32,32,1,1,1,1,0,0,0.007667999714612961,34.665365922410814,638976
grouped_conv_forward_bf16_2d_32x128x64_compv4,249,1,208,624,1,32,32,1,1,1,1,0,0,0.006883999798446894,38.61330967208491,638976
grouped_conv_forward_bf16_2d_32x128x64_compv5,249,1,208,624,1,32,32,1,1,1,1,0,0,0.007627999875694513,34.847144773425704,638976
grouped_conv_forward_bf16_2d_64x128x64_compv3,249,1,208,624,1,32,32,1,1,1,1,0,0,0.009696099907159805,27.41452940307652,638976
grouped_conv_forward_bf16_2d_64x128x64_compv4,249,1,208,624,1,32,32,1,1,1,1,0,0,0.008160000666975975,32.575244396212575,638976
grouped_conv_forward_bf16_2d_64x128x64_compv5,249,1,208,624,1,32,32,1,1,1,1,0,0,0.009875999763607979,26.915150097461193,638976
grouped_conv_forward_bf16_2d_128x128x64_compv3,249,1,208,624,1,32,32,1,1,1,1,0,0,0.010308099910616875,25.786907219071832,638976
grouped_conv_forward_bf16_2d_128x128x64_compv4,249,1,208,624,1,32,32,1,1,1,1,0,0,0.007643999997526407,34.77420409288556,638976
grouped_conv_forward_bf16_2d_128x128x64_compv5,249,1,208,624,1,32,32,1,1,1,1,0,0,0.011003999970853329,24.1561265634379,638976
grouped_conv_forward_bf16_2d_16x64x128_compv3,249,1,208,624,1,32,32,1,1,1,1,0,0,0.006160099990665913,43.1509255373735,638880
grouped_conv_forward_bf16_2d_16x64x128_compv4,249,1,208,624,1,32,32,1,1,1,1,0,0,0.006612000055611134,40.20175646768523,638477
grouped_conv_forward_bf16_2d_16x64x128_compv5,249,1,208,624,1,32,32,1,1,1,1,0,0,0.006291999481618404,42.246350588005505,638976
grouped_conv_forward_bf16_2d_32x64x128_compv3,249,1,208,624,1,32,32,1,1,1,1,0,0,0.00616810005158186,43.09495854105509,638976
grouped_conv_forward_bf16_2d_32x64x128_compv4,249,1,208,624,1,32,32,1,1,1,1,0,0,0.007484099827706814,35.517166007852076,638464
grouped_conv_forward_bf16_2d_32x64x128_compv5,249,1,208,624,1,32,32,1,1,1,1,0,0,0.006207999773323536,42.81798094488217,638976
grouped_conv_forward_bf16_2d_64x64x128_compv3,249,1,208,624,1,32,32,1,1,1,1,0,0,0.007788000162690878,34.13122887097591,638960
grouped_conv_forward_bf16_2d_64x64x128_compv4,249,1,208,624,1,32,32,1,1,1,1,0,0,0.007640100084245205,34.79195469548103,638848
grouped_conv_forward_bf16_2d_64x64x128_compv5,249,1,208,624,1,32,32,1,1,1,1,0,0,0.006972099654376507,38.1253896497512,638976
grouped_conv_forward_bf16_2d_128x64x128_compv3,249,1,208,624,1,32,32,1,1,1,1,0,0,0.007687999866902828,34.57518478171947,638976
grouped_conv_forward_bf16_2d_128x64x128_compv4,249,1,208,624,1,32,32,1,1,1,1,0,0,0.007571999914944172,35.104862517944156,638976
grouped_conv_forward_bf16_2d_128x64x128_compv5,249,1,208,624,1,32,32,1,1,1,1,0,0,0.008123999461531639,32.7196003961681,638976
grouped_conv_forward_bf16_2d_16x64x64_compv3,250,4,3,180,1,64,64,3,3,1,1,1,1,0.015415999107062817,10.330337910245383,590996
grouped_conv_forward_bf16_2d_16x64x64_compv4,250,4,3,180,1,64,64,3,3,1,1,1,1,0.01783199980854988,8.930713420243727,590818
grouped_conv_forward_bf16_2d_16x64x64_compv5,250,4,3,180,1,64,64,3,3,1,1,1,1,0.015375999733805656,10.357211417600878,590937
grouped_conv_forward_bf16_2d_32x64x64_compv3,250,4,3,180,1,64,64,3,3,1,1,1,1,0.012968100607395172,12.280324221820495,592105
grouped_conv_forward_bf16_2d_32x64x64_compv4,250,4,3,180,1,64,64,3,3,1,1,1,1,0.016040099784731865,9.928397088376476,590703
grouped_conv_forward_bf16_2d_32x64x64_compv5,250,4,3,180,1,64,64,3,3,1,1,1,1,0.012944099493324757,12.303094555332038,591483
grouped_conv_forward_bf16_2d_64x64x64_compv3,250,4,3,180,1,64,64,3,3,1,1,1,1,0.011296000331640244,14.098129897706512,595014
grouped_conv_forward_bf16_2d_64x64x64_compv4,250,4,3,180,1,64,64,3,3,1,1,1,1,0.019384099170565605,8.215624497104407,590912
grouped_conv_forward_bf16_2d_64x64x64_compv5,250,4,3,180,1,64,64,3,3,1,1,1,1,0.011280099861323833,14.118002673542831,595234
grouped_conv_forward_bf16_2d_32x128x64_compv3,250,4,3,180,1,64,64,3,3,1,1,1,1,0.012300100177526474,12.947250648492309,593148
grouped_conv_forward_bf16_2d_32x128x64_compv4,250,4,3,180,1,64,64,3,3,1,1,1,1,0.01613209955394268,9.871776421134145,590330
grouped_conv_forward_bf16_2d_32x128x64_compv5,250,4,3,180,1,64,64,3,3,1,1,1,1,0.012240000069141388,13.010823455916144,590712
grouped_conv_forward_bf16_2d_64x128x64_compv3,250,4,3,180,1,64,64,3,3,1,1,1,1,0.010812000371515751,14.729233678122243,594767
grouped_conv_forward_bf16_2d_64x128x64_compv4,250,4,3,180,1,64,64,3,3,1,1,1,1,0.01974410004913807,8.065826226754366,591111
grouped_conv_forward_bf16_2d_64x128x64_compv5,250,4,3,180,1,64,64,3,3,1,1,1,1,0.010780099779367447,14.772820591586823,594320
grouped_conv_forward_bf16_2d_128x128x64_compv3,250,4,3,180,1,64,64,3,3,1,1,1,1,0.010828000493347645,14.70746885335287,593396
grouped_conv_forward_bf16_2d_128x128x64_compv4,250,4,3,180,1,64,64,3,3,1,1,1,1,0.019404100254178047,8.207156112054724,590686
grouped_conv_forward_bf16_2d_128x128x64_compv5,250,4,3,180,1,64,64,3,3,1,1,1,1,0.010732000693678856,14.839029976377065,594139
grouped_conv_forward_bf16_2d_16x64x128_compv3,250,4,3,180,1,64,64,3,3,1,1,1,1,0.014588099904358387,10.91660195941085,591532
grouped_conv_forward_bf16_2d_16x64x128_compv4,250,4,3,180,1,64,64,3,3,1,1,1,1,0.01782809942960739,8.932667255351236,590666
grouped_conv_forward_bf16_2d_16x64x128_compv5,250,4,3,180,1,64,64,3,3,1,1,1,1,0.014516000635921955,10.970823437821197,591413
grouped_conv_forward_bf16_2d_32x64x128_compv3,250,4,3,180,1,64,64,3,3,1,1,1,1,0.012184100225567818,13.070516250827897,590979
grouped_conv_forward_bf16_2d_32x64x128_compv4,250,4,3,180,1,64,64,3,3,1,1,1,1,0.016992099583148956,9.372148463508918,590942
grouped_conv_forward_bf16_2d_32x64x128_compv5,250,4,3,180,1,64,64,3,3,1,1,1,1,0.012112000025808811,13.148322296949921,591238
grouped_conv_forward_bf16_2d_64x64x128_compv3,250,4,3,180,1,64,64,3,3,1,1,1,1,0.012368000112473965,12.876170646164782,591198
grouped_conv_forward_bf16_2d_64x64x128_compv4,250,4,3,180,1,64,64,3,3,1,1,1,1,0.01944800093770027,8.188629798514995,591065
grouped_conv_forward_bf16_2d_64x64x128_compv5,250,4,3,180,1,64,64,3,3,1,1,1,1,0.012484000064432621,12.756526688406243,592640
grouped_conv_forward_bf16_2d_128x64x128_compv3,250,4,3,180,1,64,64,3,3,1,1,1,1,0.013896000571548939,11.460310409461123,592269
grouped_conv_forward_bf16_2d_128x64x128_compv4,250,4,3,180,1,64,64,3,3,1,1,1,1,0.019356099888682365,8.227508688003617,591121
grouped_conv_forward_bf16_2d_128x64x128_compv5,250,4,3,180,1,64,64,3,3,1,1,1,1,0.013884100131690502,11.470133353223643,591420
grouped_conv_forward_bf16_2d_16x64x64_compv3,251,4,48,288,1,64,64,1,1,1,1,0,0,0.01348000019788742,33.604215530426444,4712347
grouped_conv_forward_bf16_2d_16x64x64_compv4,251,4,48,288,1,64,64,1,1,1,1,0,0,0.024260099977254868,18.672010108148662,4716592
grouped_conv_forward_bf16_2d_16x64x64_compv5,251,4,48,288,1,64,64,1,1,1,1,0,0,0.013463999144732952,33.644151869781226,4714100
grouped_conv_forward_bf16_2d_32x64x64_compv3,251,4,48,288,1,64,64,1,1,1,1,0,0,0.012016000226140022,37.698470662022885,4710036
grouped_conv_forward_bf16_2d_32x64x64_compv4,251,4,48,288,1,64,64,1,1,1,1,0,0,0.021912099793553352,20.67281713153161,4712635
grouped_conv_forward_bf16_2d_32x64x64_compv5,251,4,48,288,1,64,64,1,1,1,1,0,0,0.01132809929549694,39.98771728458163,4709277
grouped_conv_forward_bf16_2d_64x64x64_compv3,251,4,48,288,1,64,64,1,1,1,1,0,0,0.01029600016772747,43.99619508747373,4712444
grouped_conv_forward_bf16_2d_64x64x64_compv4,251,4,48,288,1,64,64,1,1,1,1,0,0,0.02662009932100773,17.01664695302316,4713504
grouped_conv_forward_bf16_2d_64x64x64_compv5,251,4,48,288,1,64,64,1,1,1,1,0,0,0.011024100705981255,41.090411279917625,4708820
grouped_conv_forward_bf16_2d_32x128x64_compv3,251,4,48,288,1,64,64,1,1,1,1,0,0,0.010352099314332008,43.75777494453354,4710356
grouped_conv_forward_bf16_2d_32x128x64_compv4,251,4,48,288,1,64,64,1,1,1,1,0,0,0.022596100345253944,20.047035775141808,4712991
grouped_conv_forward_bf16_2d_32x128x64_compv5,251,4,48,288,1,64,64,1,1,1,1,0,0,0.010459999553859234,43.30639113965072,4709550
grouped_conv_forward_bf16_2d_64x128x64_compv3,251,4,48,288,1,64,64,1,1,1,1,0,0,0.00980400014668703,46.20408254003063,4711192
grouped_conv_forward_bf16_2d_64x128x64_compv4,251,4,48,288,1,64,64,1,1,1,1,0,0,0.027132201939821243,16.69546883827242,4713664
grouped_conv_forward_bf16_2d_64x128x64_compv5,251,4,48,288,1,64,64,1,1,1,1,0,0,0.01036010030657053,43.72398129318403,4714164
grouped_conv_forward_bf16_2d_128x128x64_compv3,251,4,48,288,1,64,64,1,1,1,1,0,0,0.013256000354886055,34.17205943518502,4709112
grouped_conv_forward_bf16_2d_128x128x64_compv4,251,4,48,288,1,64,64,1,1,1,1,0,0,0.02655619941651821,17.05759265078568,4713824
grouped_conv_forward_bf16_2d_128x128x64_compv5,251,4,48,288,1,64,64,1,1,1,1,0,0,0.011980099603533745,37.811441222607534,4714488
grouped_conv_forward_bf16_2d_16x64x128_compv3,251,4,48,288,1,64,64,1,1,1,1,0,0,0.017188100144267082,26.354560899570306,4715928
grouped_conv_forward_bf16_2d_16x64x128_compv4,251,4,48,288,1,64,64,1,1,1,1,0,0,0.024248098954558372,18.681251377640223,4716456
grouped_conv_forward_bf16_2d_16x64x128_compv5,251,4,48,288,1,64,64,1,1,1,1,0,0,0.01693199947476387,26.753180135349446,4715784
grouped_conv_forward_bf16_2d_32x64x128_compv3,251,4,48,288,1,64,64,1,1,1,1,0,0,0.013952000066637993,32.46737599171726,4714216
grouped_conv_forward_bf16_2d_32x64x128_compv4,251,4,48,288,1,64,64,1,1,1,1,0,0,0.021964099258184433,20.623874745567147,4713412
grouped_conv_forward_bf16_2d_32x64x128_compv5,251,4,48,288,1,64,64,1,1,1,1,0,0,0.014507999643683434,31.223107466591568,4713308
grouped_conv_forward_bf16_2d_64x64x128_compv3,251,4,48,288,1,64,64,1,1,1,1,0,0,0.01353210024535656,33.474835671235766,4713178
grouped_conv_forward_bf16_2d_64x64x128_compv4,251,4,48,288,1,64,64,1,1,1,1,0,0,0.026684099808335304,16.97583337094629,4713664
grouped_conv_forward_bf16_2d_64x64x128_compv5,251,4,48,288,1,64,64,1,1,1,1,0,0,0.013515999540686607,33.514712000129926,4713332
grouped_conv_forward_bf16_2d_128x64x128_compv3,251,4,48,288,1,64,64,1,1,1,1,0,0,0.016963999718427658,26.702713954182133,4709384
grouped_conv_forward_bf16_2d_128x64x128_compv4,251,4,48,288,1,64,64,1,1,1,1,0,0,0.027420099824666977,16.520174430309595,4713664
grouped_conv_forward_bf16_2d_128x64x128_compv5,251,4,48,288,1,64,64,1,1,1,1,0,0,0.01679610088467598,26.969642246748073,4709312
grouped_conv_forward_bf16_2d_16x64x64_compv3,253,4,768,224,1,64,64,1,1,1,1,0,0,0.04796820133924484,117.51836463770032,3668960
grouped_conv_forward_bf16_2d_16x64x64_compv4,253,4,768,224,1,64,64,1,1,1,1,0,0,0.05424020439386368,103.92926499808219,3668672
grouped_conv_forward_bf16_2d_16x64x64_compv5,253,4,768,224,1,64,64,1,1,1,1,0,0,0.04805219918489456,117.31293617404431,3669312
grouped_conv_forward_bf16_2d_32x64x64_compv3,253,4,768,224,1,64,64,1,1,1,1,0,0,0.04030019789934158,139.87883111839753,3665888
grouped_conv_forward_bf16_2d_32x64x64_compv4,253,4,768,224,1,64,64,1,1,1,1,0,0,0.04636029899120331,121.5942239084702,3665520
grouped_conv_forward_bf16_2d_32x64x64_compv5,253,4,768,224,1,64,64,1,1,1,1,0,0,0.040156200528144836,140.3804269791166,3666688
grouped_conv_forward_bf16_2d_64x64x64_compv3,253,4,768,224,1,64,64,1,1,1,1,0,0,0.0357402004301548,157.7256005325537,3665808
grouped_conv_forward_bf16_2d_64x64x64_compv4,253,4,768,224,1,64,64,1,1,1,1,0,0,0.057488299906253815,98.0572496524074,3667176
grouped_conv_forward_bf16_2d_64x64x64_compv5,253,4,768,224,1,64,64,1,1,1,1,0,0,0.0354762002825737,158.8993333868686,3667968
grouped_conv_forward_bf16_2d_32x128x64_compv3,253,4,768,224,1,64,64,1,1,1,1,0,0,0.03276819735765457,172.03096387855393,3669760
grouped_conv_forward_bf16_2d_32x128x64_compv4,253,4,768,224,1,64,64,1,1,1,1,0,0,0.04582029953598976,123.02723101083788,3666340
grouped_conv_forward_bf16_2d_32x128x64_compv5,253,4,768,224,1,64,64,1,1,1,1,0,0,0.03270820155739784,172.3465157846628,3668956
grouped_conv_forward_bf16_2d_64x128x64_compv3,253,4,768,224,1,64,64,1,1,1,1,0,0,0.024716099724173546,228.07581450590277,3668928
grouped_conv_forward_bf16_2d_64x128x64_compv4,253,4,768,224,1,64,64,1,1,1,1,0,0,0.05744029954075813,98.13919184039125,3665408
grouped_conv_forward_bf16_2d_64x128x64_compv5,253,4,768,224,1,64,64,1,1,1,1,0,0,0.024824101477861404,227.08352932843553,3668968
grouped_conv_forward_bf16_2d_128x128x64_compv3,253,4,768,224,1,64,64,1,1,1,1,0,0,0.02239609882235527,251.70207636220698,3665728
grouped_conv_forward_bf16_2d_128x128x64_compv4,253,4,768,224,1,64,64,1,1,1,1,0,0,0.05747229978442192,98.08454850675679,3666944
grouped_conv_forward_bf16_2d_128x128x64_compv5,253,4,768,224,1,64,64,1,1,1,1,0,0,0.02210010029375553,255.0732576355229,3666864
grouped_conv_forward_bf16_2d_16x64x128_compv3,253,4,768,224,1,64,64,1,1,1,1,0,0,0.04393230006098747,128.3143511305903,3668264
grouped_conv_forward_bf16_2d_16x64x128_compv4,253,4,768,224,1,64,64,1,1,1,1,0,0,0.05418429896235466,104.03649551536118,3667760
grouped_conv_forward_bf16_2d_16x64x128_compv5,253,4,768,224,1,64,64,1,1,1,1,0,0,0.0436800979077816,129.05521841780816,3668368
grouped_conv_forward_bf16_2d_32x64x128_compv3,253,4,768,224,1,64,64,1,1,1,1,0,0,0.03491609916090965,161.4482920907462,3666448
grouped_conv_forward_bf16_2d_32x64x128_compv4,253,4,768,224,1,64,64,1,1,1,1,0,0,0.04632430151104927,121.68871180184829,3664256
grouped_conv_forward_bf16_2d_32x64x128_compv5,253,4,768,224,1,64,64,1,1,1,1,0,0,0.03484020009636879,161.80000575219228,3667584
grouped_conv_forward_bf16_2d_64x64x128_compv3,253,4,768,224,1,64,64,1,1,1,1,0,0,0.031396202743053436,179.5486104524932,3666128
grouped_conv_forward_bf16_2d_64x64x128_compv4,253,4,768,224,1,64,64,1,1,1,1,0,0,0.057624299079179764,97.8258246274575,3666432
grouped_conv_forward_bf16_2d_64x64x128_compv5,253,4,768,224,1,64,64,1,1,1,1,0,0,0.031400199979543686,179.5257539656574,3667496
grouped_conv_forward_bf16_2d_128x64x128_compv3,253,4,768,224,1,64,64,1,1,1,1,0,0,0.02892019972205162,194.92066549255824,3667264
grouped_conv_forward_bf16_2d_128x64x128_compv4,253,4,768,224,1,64,64,1,1,1,1,0,0,0.057620298117399216,97.83261732722256,3667200
grouped_conv_forward_bf16_2d_128x64x128_compv5,253,4,768,224,1,64,64,1,1,1,1,0,0,0.028928101062774658,194.86742540643314,3665920
grouped_conv_forward_bf16_2d_16x64x64_compv3,254,2,1280,1280,1,8,8,3,3,2,2,1,1,0.11070859432220459,8.52434633262,40960
grouped_conv_forward_bf16_2d_16x64x64_compv4,254,2,1280,1280,1,8,8,3,3,2,2,1,1,0.10037650167942047,9.401786117372572,40960
grouped_conv_forward_bf16_2d_16x64x64_compv5,254,2,1280,1280,1,8,8,3,3,2,2,1,1,0.11048070341348648,8.54192968402842,40960
grouped_conv_forward_bf16_2d_32x64x64_compv3,254,2,1280,1280,1,8,8,3,3,2,2,1,1,0.17260900139808655,5.467376511978718,40960
grouped_conv_forward_bf16_2d_32x64x64_compv4,254,2,1280,1280,1,8,8,3,3,2,2,1,1,0.12522080540657043,7.536434516100647,40960
grouped_conv_forward_bf16_2d_32x64x64_compv5,254,2,1280,1280,1,8,8,3,3,2,2,1,1,0.17277710139751434,5.46205713816644,40960
grouped_conv_forward_bf16_2d_64x64x64_compv3,254,2,1280,1280,1,8,8,3,3,2,2,1,1,0.18977320194244385,4.972874938824184,40960
grouped_conv_forward_bf16_2d_64x64x64_compv4,254,2,1280,1280,1,8,8,3,3,2,2,1,1,0.18189319968223572,5.1883105121503155,40960
grouped_conv_forward_bf16_2d_64x64x64_compv5,254,2,1280,1280,1,8,8,3,3,2,2,1,1,0.1898052990436554,4.972033998813404,40960
grouped_conv_forward_bf16_2d_32x128x64_compv3,254,2,1280,1280,1,8,8,3,3,2,2,1,1,0.20848529040813446,4.526546684193212,40960
grouped_conv_forward_bf16_2d_32x128x64_compv4,254,2,1280,1280,1,8,8,3,3,2,2,1,1,0.12544479966163635,7.522977457379677,40960
grouped_conv_forward_bf16_2d_32x128x64_compv5,254,2,1280,1280,1,8,8,3,3,2,2,1,1,0.20806129276752472,4.535771105942587,40960
grouped_conv_forward_bf16_2d_64x128x64_compv3,254,2,1280,1280,1,8,8,3,3,2,2,1,1,0.22836151719093323,4.13256319019354,40960
grouped_conv_forward_bf16_2d_64x128x64_compv4,254,2,1280,1280,1,8,8,3,3,2,2,1,1,0.18178918957710266,5.191278987465526,40960
grouped_conv_forward_bf16_2d_64x128x64_compv5,254,2,1280,1280,1,8,8,3,3,2,2,1,1,0.2275094985961914,4.148039558009901,40960
grouped_conv_forward_bf16_2d_128x128x64_compv3,254,2,1280,1280,1,8,8,3,3,2,2,1,1,0.209621399641037,4.502013637997153,40960
grouped_conv_forward_bf16_2d_128x128x64_compv4,254,2,1280,1280,1,8,8,3,3,2,2,1,1,0.18196919560432434,5.1861437144121405,40960
grouped_conv_forward_bf16_2d_128x128x64_compv5,254,2,1280,1280,1,8,8,3,3,2,2,1,1,0.2097454071044922,4.499351919204853,40960
grouped_conv_forward_bf16_2d_16x64x128_compv3,254,2,1280,1280,1,8,8,3,3,2,2,1,1,0.0994086042046547,9.493327137529725,40960
grouped_conv_forward_bf16_2d_16x64x128_compv4,254,2,1280,1280,1,8,8,3,3,2,2,1,1,0.099276602268219,9.505949825421338,40960
grouped_conv_forward_bf16_2d_16x64x128_compv5,254,2,1280,1280,1,8,8,3,3,2,2,1,1,0.09919620305299759,9.513654464131044,40960
grouped_conv_forward_bf16_2d_32x64x128_compv3,254,2,1280,1280,1,8,8,3,3,2,2,1,1,0.11414849758148193,8.267462296876499,40960
grouped_conv_forward_bf16_2d_32x64x128_compv4,254,2,1280,1280,1,8,8,3,3,2,2,1,1,0.12562869489192963,7.511965326168682,40960
grouped_conv_forward_bf16_2d_32x64x128_compv5,254,2,1280,1280,1,8,8,3,3,2,2,1,1,0.11422070115804672,8.262236095838535,40960
grouped_conv_forward_bf16_2d_64x64x128_compv3,254,2,1280,1280,1,8,8,3,3,2,2,1,1,0.14742490649223328,6.401349829241489,40960
grouped_conv_forward_bf16_2d_64x64x128_compv4,254,2,1280,1280,1,8,8,3,3,2,2,1,1,0.18240520358085632,5.1737471380945,40960
grouped_conv_forward_bf16_2d_64x64x128_compv5,254,2,1280,1280,1,8,8,3,3,2,2,1,1,0.14750489592552185,6.397878484497912,40960
grouped_conv_forward_bf16_2d_128x64x128_compv3,254,2,1280,1280,1,8,8,3,3,2,2,1,1,0.13627280294895172,6.925214566500993,38912
grouped_conv_forward_bf16_2d_128x64x128_compv4,254,2,1280,1280,1,8,8,3,3,2,2,1,1,0.18254509568214417,5.1697822747494975,40960
grouped_conv_forward_bf16_2d_128x64x128_compv5,254,2,1280,1280,1,8,8,3,3,2,2,1,1,0.1359248012304306,6.942944859637007,40960
grouped_conv_forward_bf16_2d_16x64x64_compv3,255,4,140,36,1,1,1,1,1,1,1,0,0,0.004635999910533428,0.00869715288569984,12
grouped_conv_forward_bf16_2d_16x64x64_compv4,255,4,140,36,1,1,1,1,1,1,1,0,0,0.004904000088572502,0.00822185955786487,12
grouped_conv_forward_bf16_2d_16x64x64_compv5,255,4,140,36,1,1,1,1,1,1,1,0,0,0.004492000211030245,0.008975956835663764,12
grouped_conv_forward_bf16_2d_32x64x64_compv3,255,4,140,36,1,1,1,1,1,1,1,0,0,0.006531999912112951,0.006172688386788023,12
grouped_conv_forward_bf16_2d_32x64x64_compv4,255,4,140,36,1,1,1,1,1,1,1,0,0,0.005388000048696995,0.0074832961461740845,12
grouped_conv_forward_bf16_2d_32x64x64_compv5,255,4,140,36,1,1,1,1,1,1,1,0,0,0.006524000316858292,0.006180257210566257,12
grouped_conv_forward_bf16_2d_64x64x64_compv3,255,4,140,36,1,1,1,1,1,1,1,0,0,0.006723999977111816,0.005996430716425849,12
grouped_conv_forward_bf16_2d_64x64x64_compv4,255,4,140,36,1,1,1,1,1,1,1,0,0,0.008008000440895557,0.005034964757755545,12
grouped_conv_forward_bf16_2d_64x64x64_compv5,255,4,140,36,1,1,1,1,1,1,1,0,0,0.006623999681323767,0.006086956814578573,12
grouped_conv_forward_bf16_2d_32x128x64_compv3,255,4,140,36,1,1,1,1,1,1,1,0,0,0.006908000446856022,0.005836710682083191,12
grouped_conv_forward_bf16_2d_32x128x64_compv4,255,4,140,36,1,1,1,1,1,1,1,0,0,0.0052919997833669186,0.007619047930940633,12
grouped_conv_forward_bf16_2d_32x128x64_compv5,255,4,140,36,1,1,1,1,1,1,1,0,0,0.00568810012191534,0.007088482821294493,12
grouped_conv_forward_bf16_2d_64x128x64_compv3,255,4,140,36,1,1,1,1,1,1,1,0,0,0.007356099784374237,0.005481165452057542,12
grouped_conv_forward_bf16_2d_64x128x64_compv4,255,4,140,36,1,1,1,1,1,1,1,0,0,0.007288000080734491,0.0055323819365183805,12
grouped_conv_forward_bf16_2d_64x128x64_compv5,255,4,140,36,1,1,1,1,1,1,1,0,0,0.00750399986281991,0.005373134426584097,12
grouped_conv_forward_bf16_2d_128x128x64_compv3,255,4,140,36,1,1,1,1,1,1,1,0,0,0.007828000001609325,0.005150740928935971,12
grouped_conv_forward_bf16_2d_128x128x64_compv4,255,4,140,36,1,1,1,1,1,1,1,0,0,0.0071881003677845,0.005609270591254604,12
grouped_conv_forward_bf16_2d_128x128x64_compv5,255,4,140,36,1,1,1,1,1,1,1,0,0,0.007760000415146351,0.005195876010689567,12
grouped_conv_forward_bf16_2d_16x64x128_compv3,255,4,140,36,1,1,1,1,1,1,1,0,0,0.005772000178694725,0.006985446769185293,12
grouped_conv_forward_bf16_2d_16x64x128_compv4,255,4,140,36,1,1,1,1,1,1,1,0,0,0.004484000150114298,0.00899197115302778,12
grouped_conv_forward_bf16_2d_16x64x128_compv5,255,4,140,36,1,1,1,1,1,1,1,0,0,0.004292000085115433,0.009394221621716393,12
grouped_conv_forward_bf16_2d_32x64x128_compv3,255,4,140,36,1,1,1,1,1,1,1,0,0,0.005396000109612942,0.007472201479049299,12
grouped_conv_forward_bf16_2d_32x64x128_compv4,255,4,140,36,1,1,1,1,1,1,1,0,0,0.0055160000920295715,0.00730964454809582,12
grouped_conv_forward_bf16_2d_32x64x128_compv5,255,4,140,36,1,1,1,1,1,1,1,0,0,0.0061519998125731945,0.006553966389530069,12
grouped_conv_forward_bf16_2d_64x64x128_compv3,255,4,140,36,1,1,1,1,1,1,1,0,0,0.006251999642699957,0.006449136644957902,12
grouped_conv_forward_bf16_2d_64x64x128_compv4,255,4,140,36,1,1,1,1,1,1,1,0,0,0.008080000057816505,0.0049900989741942965,12
grouped_conv_forward_bf16_2d_64x64x128_compv5,255,4,140,36,1,1,1,1,1,1,1,0,0,0.006196099799126387,0.0065073193310548165,12
grouped_conv_forward_bf16_2d_128x64x128_compv3,255,4,140,36,1,1,1,1,1,1,1,0,0,0.007848100736737251,0.00513754873344841,12
grouped_conv_forward_bf16_2d_128x64x128_compv4,255,4,140,36,1,1,1,1,1,1,1,0,0,0.007091999985277653,0.0056852791996193815,12
grouped_conv_forward_bf16_2d_128x64x128_compv5,255,4,140,36,1,1,1,1,1,1,1,0,0,0.009436000138521194,0.00427299696991303,12
grouped_conv_forward_bf16_2d_16x64x64_compv3,256,2,384,192,1,32,32,3,3,1,1,1,1,0.04084809869527817,66.53697672137127,393216
grouped_conv_forward_bf16_2d_16x64x64_compv4,256,2,384,192,1,32,32,3,3,1,1,1,1,0.03290810063481331,82.59088004382538,393216
grouped_conv_forward_bf16_2d_16x64x64_compv5,256,2,384,192,1,32,32,3,3,1,1,1,1,0.04100019857287407,66.290142160389,393216
grouped_conv_forward_bf16_2d_32x64x64_compv3,256,2,384,192,1,32,32,3,3,1,1,1,1,0.0467602014541626,58.12440724115083,393216
grouped_conv_forward_bf16_2d_32x64x64_compv4,256,2,384,192,1,32,32,3,3,1,1,1,1,0.036208201199769974,75.06335310623679,393216
grouped_conv_forward_bf16_2d_32x64x64_compv5,256,2,384,192,1,32,32,3,3,1,1,1,1,0.04668419808149338,58.21903564147196,393216
grouped_conv_forward_bf16_2d_64x64x64_compv3,256,2,384,192,1,32,32,3,3,1,1,1,1,0.057108402252197266,47.592103522655066,393216
grouped_conv_forward_bf16_2d_64x64x64_compv4,256,2,384,192,1,32,32,3,3,1,1,1,1,0.0515362024307251,52.73785928742829,393216
grouped_conv_forward_bf16_2d_64x64x64_compv5,256,2,384,192,1,32,32,3,3,1,1,1,1,0.05614429712295532,48.40935110555953,393216
grouped_conv_forward_bf16_2d_32x128x64_compv3,256,2,384,192,1,32,32,3,3,1,1,1,1,0.05601630359888077,48.51996324966907,393216
grouped_conv_forward_bf16_2d_32x128x64_compv4,256,2,384,192,1,32,32,3,3,1,1,1,1,0.03621219843626022,75.05506733550003,393216
grouped_conv_forward_bf16_2d_32x128x64_compv5,256,2,384,192,1,32,32,3,3,1,1,1,1,0.05599229782819748,48.54076538061406,393216
grouped_conv_forward_bf16_2d_64x128x64_compv3,256,2,384,192,1,32,32,3,3,1,1,1,1,0.06554039567708969,41.46921854715126,392192
grouped_conv_forward_bf16_2d_64x128x64_compv4,256,2,384,192,1,32,32,3,3,1,1,1,1,0.0515483021736145,52.72548032418395,393216
grouped_conv_forward_bf16_2d_64x128x64_compv5,256,2,384,192,1,32,32,3,3,1,1,1,1,0.06552429497241974,41.47940841094151,393216
grouped_conv_forward_bf16_2d_128x128x64_compv3,256,2,384,192,1,32,32,3,3,1,1,1,1,0.06427639722824097,42.284712728202486,393216
grouped_conv_forward_bf16_2d_128x128x64_compv4,256,2,384,192,1,32,32,3,3,1,1,1,1,0.05124030262231827,53.042407107412075,393216
grouped_conv_forward_bf16_2d_128x128x64_compv5,256,2,384,192,1,32,32,3,3,1,1,1,1,0.06412439793348312,42.384943634391924,393216
grouped_conv_forward_bf16_2d_16x64x128_compv3,256,2,384,192,1,32,32,3,3,1,1,1,1,0.03224419802427292,84.29141236367552,393216
grouped_conv_forward_bf16_2d_16x64x128_compv4,256,2,384,192,1,32,32,3,3,1,1,1,1,0.03292020037770271,82.5605239584409,393216
grouped_conv_forward_bf16_2d_16x64x128_compv5,256,2,384,192,1,32,32,3,3,1,1,1,1,0.03200409933924675,84.9237768946373,393216
grouped_conv_forward_bf16_2d_32x64x128_compv3,256,2,384,192,1,32,32,3,3,1,1,1,1,0.03343209996819496,81.29638863803454,393216
grouped_conv_forward_bf16_2d_32x64x128_compv4,256,2,384,192,1,32,32,3,3,1,1,1,1,0.03614019975066185,75.20459241374907,393216
grouped_conv_forward_bf16_2d_32x64x128_compv5,256,2,384,192,1,32,32,3,3,1,1,1,1,0.03312009945511818,82.06222314287136,393216
grouped_conv_forward_bf16_2d_64x64x128_compv3,256,2,384,192,1,32,32,3,3,1,1,1,1,0.04434429854154587,61.291058408638705,393216
grouped_conv_forward_bf16_2d_64x64x128_compv4,256,2,384,192,1,32,32,3,3,1,1,1,1,0.05118820071220398,53.096396321506425,393216
grouped_conv_forward_bf16_2d_64x64x128_compv5,256,2,384,192,1,32,32,3,3,1,1,1,1,0.04392030090093613,61.88274980470523,393216
grouped_conv_forward_bf16_2d_128x64x128_compv3,256,2,384,192,1,32,32,3,3,1,1,1,1,0.0427682027220726,63.549759377596935,393216
grouped_conv_forward_bf16_2d_128x64x128_compv4,256,2,384,192,1,32,32,3,3,1,1,1,1,0.05115620046854019,53.12961023505738,393216
grouped_conv_forward_bf16_2d_128x64x128_compv5,256,2,384,192,1,32,32,3,3,1,1,1,1,0.04270020127296448,63.650964421117074,393216
grouped_conv_forward_bf16_2d_16x64x64_compv3,257,1,2304,640,1,18,18,1,1,1,1,0,0,0.02515609934926033,37.98342766634428,207360
grouped_conv_forward_bf16_2d_16x64x64_compv4,257,1,2304,640,1,18,18,1,1,1,1,0,0,0.020172100514173508,47.36813993806085,207360
grouped_conv_forward_bf16_2d_16x64x64_compv5,257,1,2304,640,1,18,18,1,1,1,1,0,0,0.025164101272821426,37.97134932976951,207360
grouped_conv_forward_bf16_2d_32x64x64_compv3,257,1,2304,640,1,18,18,1,1,1,1,0,0,0.032252199947834015,29.626347397867047,207360
grouped_conv_forward_bf16_2d_32x64x64_compv4,257,1,2304,640,1,18,18,1,1,1,1,0,0,0.025172099471092224,37.959284290025884,207360
grouped_conv_forward_bf16_2d_32x64x64_compv5,257,1,2304,640,1,18,18,1,1,1,1,0,0,0.03218410164117813,29.68903375502211,207360
grouped_conv_forward_bf16_2d_64x64x64_compv3,257,1,2304,640,1,18,18,1,1,1,1,0,0,0.03908019885420799,24.4501028145898,207360
grouped_conv_forward_bf16_2d_64x64x64_compv4,257,1,2304,640,1,18,18,1,1,1,1,0,0,0.03694409877061844,25.863802658516033,207360
grouped_conv_forward_bf16_2d_64x64x64_compv5,257,1,2304,640,1,18,18,1,1,1,1,0,0,0.03881610184907913,24.616456431280426,207360
grouped_conv_forward_bf16_2d_32x128x64_compv3,257,1,2304,640,1,18,18,1,1,1,1,0,0,0.038304202258586884,24.945432189122187,207360
grouped_conv_forward_bf16_2d_32x128x64_compv4,257,1,2304,640,1,18,18,1,1,1,1,0,0,0.025168200954794884,37.96516412580381,207360
grouped_conv_forward_bf16_2d_32x128x64_compv5,257,1,2304,640,1,18,18,1,1,1,1,0,0,0.03856419771909714,24.7772529059207,207360
grouped_conv_forward_bf16_2d_64x128x64_compv3,257,1,2304,640,1,18,18,1,1,1,1,0,0,0.04446420073509216,21.48953234744386,207360
grouped_conv_forward_bf16_2d_64x128x64_compv4,257,1,2304,640,1,18,18,1,1,1,1,0,0,0.03690829873085022,25.88888983932825,207360
grouped_conv_forward_bf16_2d_64x128x64_compv5,257,1,2304,640,1,18,18,1,1,1,1,0,0,0.04474819824099541,21.35314755812043,207360
grouped_conv_forward_bf16_2d_128x128x64_compv3,257,1,2304,640,1,18,18,1,1,1,1,0,0,0.04447619989514351,21.483734722226924,207360
grouped_conv_forward_bf16_2d_128x128x64_compv4,257,1,2304,640,1,18,18,1,1,1,1,0,0,0.03723219782114029,25.663671121167674,207360
grouped_conv_forward_bf16_2d_128x128x64_compv5,257,1,2304,640,1,18,18,1,1,1,1,0,0,0.044008202850818634,21.71219950151238,207360
grouped_conv_forward_bf16_2d_16x64x128_compv3,257,1,2304,640,1,18,18,1,1,1,1,0,0,0.01982409879565239,48.19966293799713,207360
grouped_conv_forward_bf16_2d_16x64x128_compv4,257,1,2304,640,1,18,18,1,1,1,1,0,0,0.020068099722266197,47.61362028412813,207360
grouped_conv_forward_bf16_2d_16x64x128_compv5,257,1,2304,640,1,18,18,1,1,1,1,0,0,0.019835999235510826,48.17074595815758,207360
grouped_conv_forward_bf16_2d_32x64x128_compv3,257,1,2304,640,1,18,18,1,1,1,1,0,0,0.0237560011446476,40.222042177131506,207360
grouped_conv_forward_bf16_2d_32x64x128_compv4,257,1,2304,640,1,18,18,1,1,1,1,0,0,0.0252119991928339,37.89921111339673,207360
grouped_conv_forward_bf16_2d_32x64x128_compv5,257,1,2304,640,1,18,18,1,1,1,1,0,0,0.02375209890305996,40.22865027211982,207360
grouped_conv_forward_bf16_2d_64x64x128_compv3,257,1,2304,640,1,18,18,1,1,1,1,0,0,0.030628100037574768,31.1973279056738,207360
grouped_conv_forward_bf16_2d_64x64x128_compv4,257,1,2304,640,1,18,18,1,1,1,1,0,0,0.03714809939265251,25.721770309169315,207360
grouped_conv_forward_bf16_2d_64x64x128_compv5,257,1,2304,640,1,18,18,1,1,1,1,0,0,0.030708100646734238,31.116052763804447,207360
grouped_conv_forward_bf16_2d_128x64x128_compv3,257,1,2304,640,1,18,18,1,1,1,1,0,0,0.03000820055603981,31.841791986680175,207360
grouped_conv_forward_bf16_2d_128x64x128_compv4,257,1,2304,640,1,18,18,1,1,1,1,0,0,0.03760010004043579,25.41256217330334,207360
grouped_conv_forward_bf16_2d_128x64x128_compv5,257,1,2304,640,1,18,18,1,1,1,1,0,0,0.029764100909233093,32.10293107505191,205248
grouped_conv_forward_bf16_2d_16x64x64_compv3,258,1,192,128,1,512,512,1,1,1,1,0,0,0.12130850553512573,106.21598074398078,33551744
grouped_conv_forward_bf16_2d_16x64x64_compv4,258,1,192,128,1,512,512,1,1,1,1,0,0,0.1614529937505722,79.80590256446908,33542344
grouped_conv_forward_bf16_2d_16x64x64_compv5,258,1,192,128,1,512,512,1,1,1,1,0,0,0.12020079791545868,107.1948116106716,33551296
grouped_conv_forward_bf16_2d_32x64x64_compv3,258,1,192,128,1,512,512,1,1,1,1,0,0,0.09759660065174103,132.02203562373919,33543936
grouped_conv_forward_bf16_2d_32x64x64_compv4,258,1,192,128,1,512,512,1,1,1,1,0,0,0.14063289761543274,91.62082348067925,33546976
grouped_conv_forward_bf16_2d_32x64x64_compv5,258,1,192,128,1,512,512,1,1,1,1,0,0,0.09739260375499725,132.2985667414079,33540992
grouped_conv_forward_bf16_2d_64x64x64_compv3,258,1,192,128,1,512,512,1,1,1,1,0,0,0.08126050233840942,158.56291208170012,33535744
grouped_conv_forward_bf16_2d_64x64x64_compv4,258,1,192,128,1,512,512,1,1,1,1,0,0,0.1813652068376541,71.04395662578045,33544208
grouped_conv_forward_bf16_2d_64x64x64_compv5,258,1,192,128,1,512,512,1,1,1,1,0,0,0.08135650306940079,158.37580773363126,33534912
grouped_conv_forward_bf16_2d_32x128x64_compv3,258,1,192,128,1,512,512,1,1,1,1,0,0,0.06806039810180664,189.31569969259368,33544672
grouped_conv_forward_bf16_2d_32x128x64_compv4,258,1,192,128,1,512,512,1,1,1,1,0,0,0.140876904129982,91.46213119583867,33548161
grouped_conv_forward_bf16_2d_32x128x64_compv5,258,1,192,128,1,512,512,1,1,1,1,0,0,0.06796039640903473,189.59427208825207,33544976
grouped_conv_forward_bf16_2d_64x128x64_compv3,258,1,192,128,1,512,512,1,1,1,1,0,0,0.06176440045237541,208.6137288410197,33532376
grouped_conv_forward_bf16_2d_64x128x64_compv4,258,1,192,128,1,512,512,1,1,1,1,0,0,0.18154120445251465,70.97508208595298,33543296
grouped_conv_forward_bf16_2d_64x128x64_compv5,258,1,192,128,1,512,512,1,1,1,1,0,0,0.06196440011262894,207.9403958495506,33540008
grouped_conv_forward_bf16_2d_128x128x64_compv3,258,1,192,128,1,512,512,1,1,1,1,0,0,0.06574039906263351,195.9967093555979,33492832
grouped_conv_forward_bf16_2d_128x128x64_compv4,258,1,192,128,1,512,512,1,1,1,1,0,0,0.18140120804309845,71.02985711615946,33521088
grouped_conv_forward_bf16_2d_128x128x64_compv5,258,1,192,128,1,512,512,1,1,1,1,0,0,0.06441240012645721,200.03759932410222,33488288
grouped_conv_forward_bf16_2d_16x64x128_compv3,258,1,192,128,1,512,512,1,1,1,1,0,0,0.12528079748153687,102.848179026789,33551076
grouped_conv_forward_bf16_2d_16x64x128_compv4,258,1,192,128,1,512,512,1,1,1,1,0,0,0.1617370992898941,79.66571642851946,33546494
grouped_conv_forward_bf16_2d_16x64x128_compv5,258,1,192,128,1,512,512,1,1,1,1,0,0,0.1240525022149086,103.86652149650469,33549564
grouped_conv_forward_bf16_2d_32x64x128_compv3,258,1,192,128,1,512,512,1,1,1,1,0,0,0.0960846021771431,134.09954973061335,33546800
grouped_conv_forward_bf16_2d_32x64x128_compv4,258,1,192,128,1,512,512,1,1,1,1,0,0,0.14013290405273438,91.94772616109628,33547444
grouped_conv_forward_bf16_2d_32x64x128_compv5,258,1,192,128,1,512,512,1,1,1,1,0,0,0.09617260098457336,133.97684741901503,33547467
grouped_conv_forward_bf16_2d_64x64x128_compv3,258,1,192,128,1,512,512,1,1,1,1,0,0,0.09265260398387909,139.06680799000407,33544880
grouped_conv_forward_bf16_2d_64x64x128_compv4,258,1,192,128,1,512,512,1,1,1,1,0,0,0.1804492026567459,71.40459308379388,33543360
grouped_conv_forward_bf16_2d_64x64x128_compv5,258,1,192,128,1,512,512,1,1,1,1,0,0,0.09206859767436981,139.9489317038541,33543232
grouped_conv_forward_bf16_2d_128x64x128_compv3,258,1,192,128,1,512,512,1,1,1,1,0,0,0.0990046039223671,130.14447184803137,33508674
grouped_conv_forward_bf16_2d_128x64x128_compv4,258,1,192,128,1,512,512,1,1,1,1,0,0,0.18158119916915894,70.95944925441634,33536758
grouped_conv_forward_bf16_2d_128x64x128_compv5,258,1,192,128,1,512,512,1,1,1,1,0,0,0.09885270148515701,130.34445892138518,33511284
grouped_conv_forward_bf16_2d_16x64x64_compv3,259,4,200,276,1,56,56,1,1,1,1,0,0,0.02200399897992611,62.93663262134229,278015
grouped_conv_forward_bf16_2d_16x64x64_compv4,259,4,200,276,1,56,56,1,1,1,1,0,0,0.0224441010504961,61.70252026954714,277743
grouped_conv_forward_bf16_2d_16x64x64_compv5,259,4,200,276,1,56,56,1,1,1,1,0,0,0.021988099440932274,62.98214194092636,278052
grouped_conv_forward_bf16_2d_32x64x64_compv3,259,4,200,276,1,56,56,1,1,1,1,0,0,0.01876409910619259,73.80357522962372,278172
grouped_conv_forward_bf16_2d_32x64x64_compv4,259,4,200,276,1,56,56,1,1,1,1,0,0,0.021108100190758705,65.60787505671883,277045
grouped_conv_forward_bf16_2d_32x64x64_compv5,259,4,200,276,1,56,56,1,1,1,1,0,0,0.01844010129570961,75.10032498152327,279825
grouped_conv_forward_bf16_2d_64x64x64_compv3,259,4,200,276,1,56,56,1,1,1,1,0,0,0.01698410138487816,81.53846757138483,277764
grouped_conv_forward_bf16_2d_64x64x64_compv4,259,4,200,276,1,56,56,1,1,1,1,0,0,0.024664100259542465,56.14871758657414,277134
grouped_conv_forward_bf16_2d_64x64x64_compv5,259,4,200,276,1,56,56,1,1,1,1,0,0,0.016632098704576492,83.26415232365969,278179
grouped_conv_forward_bf16_2d_32x128x64_compv3,259,4,200,276,1,56,56,1,1,1,1,0,0,0.01695610024034977,81.67311943016877,279142
grouped_conv_forward_bf16_2d_32x128x64_compv4,259,4,200,276,1,56,56,1,1,1,1,0,0,0.02101610042154789,65.89507911658531,277045
grouped_conv_forward_bf16_2d_32x128x64_compv5,259,4,200,276,1,56,56,1,1,1,1,0,0,0.016724100336432457,82.80610449239953,278681
grouped_conv_forward_bf16_2d_64x128x64_compv3,259,4,200,276,1,56,56,1,1,1,1,0,0,0.017656099051237106,78.43508330924138,277152
grouped_conv_forward_bf16_2d_64x128x64_compv4,259,4,200,276,1,56,56,1,1,1,1,0,0,0.024688201025128365,56.0939048815445,276922
grouped_conv_forward_bf16_2d_64x128x64_compv5,259,4,200,276,1,56,56,1,1,1,1,0,0,0.01817210018634796,76.20790034166734,279362
grouped_conv_forward_bf16_2d_128x128x64_compv3,259,4,200,276,1,56,56,1,1,1,1,0,0,0.01950010098516941,71.01797067888204,281608
grouped_conv_forward_bf16_2d_128x128x64_compv4,259,4,200,276,1,56,56,1,1,1,1,0,0,0.024660099297761917,56.15782739876015,277099
grouped_conv_forward_bf16_2d_128x128x64_compv5,259,4,200,276,1,56,56,1,1,1,1,0,0,0.019480200484395027,71.09052091683377,276928
grouped_conv_forward_bf16_2d_16x64x128_compv3,259,4,200,276,1,56,56,1,1,1,1,0,0,0.018448099493980408,75.06776513493313,278658
grouped_conv_forward_bf16_2d_16x64x128_compv4,259,4,200,276,1,56,56,1,1,1,1,0,0,0.022516099736094475,61.50521698835796,277646
grouped_conv_forward_bf16_2d_16x64x128_compv5,259,4,200,276,1,56,56,1,1,1,1,0,0,0.018303999677300453,75.658742592605,278350
grouped_conv_forward_bf16_2d_32x64x128_compv3,259,4,200,276,1,56,56,1,1,1,1,0,0,0.014971999451518059,92.49650352208535,277081
grouped_conv_forward_bf16_2d_32x64x128_compv4,259,4,200,276,1,56,56,1,1,1,1,0,0,0.020208099856972694,68.52982763355469,277164
grouped_conv_forward_bf16_2d_32x64x128_compv5,259,4,200,276,1,56,56,1,1,1,1,0,0,0.014939999207854271,92.6946233887316,277429
grouped_conv_forward_bf16_2d_64x64x128_compv3,259,4,200,276,1,56,56,1,1,1,1,0,0,0.01442400086671114,96.01064314936953,278141
grouped_conv_forward_bf16_2d_64x64x128_compv4,259,4,200,276,1,56,56,1,1,1,1,0,0,0.024748200550675392,55.95791084544959,277141
grouped_conv_forward_bf16_2d_64x64x128_compv5,259,4,200,276,1,56,56,1,1,1,1,0,0,0.014480100944638252,95.63867028929728,276952
grouped_conv_forward_bf16_2d_128x64x128_compv3,259,4,200,276,1,56,56,1,1,1,1,0,0,0.014360100030899048,96.437879751545,279291
grouped_conv_forward_bf16_2d_128x64x128_compv4,259,4,200,276,1,56,56,1,1,1,1,0,0,0.0247001014649868,56.06687899493372,277265
grouped_conv_forward_bf16_2d_128x64x128_compv5,259,4,200,276,1,56,56,1,1,1,1,0,0,0.014336099848151207,96.59932719976084,282853
grouped_conv_forward_bf16_2d_16x64x64_compv3,260,8,640,640,1,64,64,3,3,2,2,1,1,0.4380617141723633,137.87549937823448,5242880
grouped_conv_forward_bf16_2d_16x64x64_compv4,260,8,640,640,1,64,64,3,3,2,2,1,1,0.45481881499290466,132.79568832468425,5238624
grouped_conv_forward_bf16_2d_16x64x64_compv5,260,8,640,640,1,64,64,3,3,2,2,1,1,0.45098280906677246,133.92523259363858,5242880
grouped_conv_forward_bf16_2d_32x64x64_compv3,260,8,640,640,1,64,64,3,3,2,2,1,1,0.3579062819480896,168.75361133996543,5242880
grouped_conv_forward_bf16_2d_32x64x64_compv4,260,8,640,640,1,64,64,3,3,2,2,1,1,0.3601303994655609,167.71141144882947,5241344
grouped_conv_forward_bf16_2d_32x64x64_compv5,260,8,640,640,1,64,64,3,3,2,2,1,1,0.34369832277297974,175.72962565748156,5242880
grouped_conv_forward_bf16_2d_64x64x64_compv3,260,8,640,640,1,64,64,3,3,2,2,1,1,0.27362579107284546,220.73203466379627,5242880
grouped_conv_forward_bf16_2d_64x64x64_compv4,260,8,640,640,1,64,64,3,3,2,2,1,1,0.4547151029109955,132.8259765583861,5239096
grouped_conv_forward_bf16_2d_64x64x64_compv5,260,8,640,640,1,64,64,3,3,2,2,1,1,0.27152180671691895,222.44245620746494,5242880
grouped_conv_forward_bf16_2d_32x128x64_compv3,260,8,640,640,1,64,64,3,3,2,2,1,1,0.25068169832229614,240.93493064797894,5242880
grouped_conv_forward_bf16_2d_32x128x64_compv4,260,8,640,640,1,64,64,3,3,2,2,1,1,0.3625144958496094,166.60844819032104,5241080
grouped_conv_forward_bf16_2d_32x128x64_compv5,260,8,640,640,1,64,64,3,3,2,2,1,1,0.2658937871456146,227.15076665903263,5242880
grouped_conv_forward_bf16_2d_64x128x64_compv3,260,8,640,640,1,64,64,3,3,2,2,1,1,0.24606569111347198,245.45468865120156,5242864
grouped_conv_forward_bf16_2d_64x128x64_compv4,260,8,640,640,1,64,64,3,3,2,2,1,1,0.45445507764816284,132.90197551001918,5239180
grouped_conv_forward_bf16_2d_64x128x64_compv5,260,8,640,640,1,64,64,3,3,2,2,1,1,0.24698570370674133,244.54037903227623,5242880
grouped_conv_forward_bf16_2d_128x128x64_compv3,260,8,640,640,1,64,64,3,3,2,2,1,1,0.24198560416698456,249.59326736776364,5242052
grouped_conv_forward_bf16_2d_128x128x64_compv4,260,8,640,640,1,64,64,3,3,2,2,1,1,0.4544591009616852,132.90079893260202,5239872
grouped_conv_forward_bf16_2d_128x128x64_compv5,260,8,640,640,1,64,64,3,3,2,2,1,1,0.24135370552539825,250.24673836484425,5238672
grouped_conv_forward_bf16_2d_16x64x128_compv3,260,8,640,640,1,64,64,3,3,2,2,1,1,0.393226683139801,153.59582701188958,5242880
grouped_conv_forward_bf16_2d_16x64x128_compv4,260,8,640,640,1,64,64,3,3,2,2,1,1,0.4415270686149597,136.7933743891724,5241600
grouped_conv_forward_bf16_2d_16x64x128_compv5,260,8,640,640,1,64,64,3,3,2,2,1,1,0.39384979009628296,153.35282414454184,5242880
grouped_conv_forward_bf16_2d_32x64x128_compv3,260,8,640,640,1,64,64,3,3,2,2,1,1,0.29516178369522095,204.62668589361124,5242880
grouped_conv_forward_bf16_2d_32x64x128_compv4,260,8,640,640,1,64,64,3,3,2,2,1,1,0.35990628600120544,167.81584526089023,5241344
grouped_conv_forward_bf16_2d_32x64x128_compv5,260,8,640,640,1,64,64,3,3,2,2,1,1,0.28717389702796936,210.3184802834553,5242880
grouped_conv_forward_bf16_2d_64x64x128_compv3,260,8,640,640,1,64,64,3,3,2,2,1,1,0.25318971276283264,238.5483080688032,5242608
grouped_conv_forward_bf16_2d_64x64x128_compv4,260,8,640,640,1,64,64,3,3,2,2,1,1,0.4517830014228821,133.68802591017746,5239276
grouped_conv_forward_bf16_2d_64x64x128_compv5,260,8,640,640,1,64,64,3,3,2,2,1,1,0.2562617063522339,235.68865773875115,5242880
grouped_conv_forward_bf16_2d_128x64x128_compv3,260,8,640,640,1,64,64,3,3,2,2,1,1,0.24476170539855957,246.76236628458892,5238468
grouped_conv_forward_bf16_2d_128x64x128_compv4,260,8,640,640,1,64,64,3,3,2,2,1,1,0.45272311568260193,133.41041247459563,5237976
grouped_conv_forward_bf16_2d_128x64x128_compv5,260,8,640,640,1,64,64,3,3,2,2,1,1,0.23740561306476593,254.4083807467644,5240234
grouped_conv_forward_bf16_2d_16x64x64_compv3,261,4,72,72,1,112,112,1,1,1,1,0,0,0.019168000668287277,27.140272843410944,403809
grouped_conv_forward_bf16_2d_16x64x64_compv4,261,4,72,72,1,112,112,1,1,1,1,0,0,0.028491999953985214,18.258625889378308,401787
grouped_conv_forward_bf16_2d_16x64x64_compv5,261,4,72,72,1,112,112,1,1,1,1,0,0,0.019484099000692368,26.699965340019766,402706
grouped_conv_forward_bf16_2d_32x64x64_compv3,261,4,72,72,1,112,112,1,1,1,1,0,0,0.016472000628709793,31.582366934425487,403788
grouped_conv_forward_bf16_2d_32x64x64_compv4,261,4,72,72,1,112,112,1,1,1,1,0,0,0.026544099673628807,19.59850868540989,401824
grouped_conv_forward_bf16_2d_32x64x64_compv5,261,4,72,72,1,112,112,1,1,1,1,0,0,0.016224000602960587,32.065134902982464,403011
grouped_conv_forward_bf16_2d_64x64x64_compv3,261,4,72,72,1,112,112,1,1,1,1,0,0,0.015080099925398827,34.497435068305194,405683
grouped_conv_forward_bf16_2d_64x64x64_compv4,261,4,72,72,1,112,112,1,1,1,1,0,0,0.034356098622083664,15.142137462185714,402083
grouped_conv_forward_bf16_2d_64x64x64_compv5,261,4,72,72,1,112,112,1,1,1,1,0,0,0.0150840999558568,34.48828697253554,402331
grouped_conv_forward_bf16_2d_32x128x64_compv3,261,4,72,72,1,112,112,1,1,1,1,0,0,0.01230000052601099,42.294694776628106,405873
grouped_conv_forward_bf16_2d_32x128x64_compv4,261,4,72,72,1,112,112,1,1,1,1,0,0,0.026584099978208542,19.569019392284766,401749
grouped_conv_forward_bf16_2d_32x128x64_compv5,261,4,72,72,1,112,112,1,1,1,1,0,0,0.012163999490439892,42.76757561596929,405357
grouped_conv_forward_bf16_2d_64x128x64_compv3,261,4,72,72,1,112,112,1,1,1,1,0,0,0.012795999646186829,40.655265894370785,404268
grouped_conv_forward_bf16_2d_64x128x64_compv4,261,4,72,72,1,112,112,1,1,1,1,0,0,0.034428201615810394,15.110425278824271,402275
grouped_conv_forward_bf16_2d_64x128x64_compv5,261,4,72,72,1,112,112,1,1,1,1,0,0,0.012892000377178192,40.35252503722522,404279
grouped_conv_forward_bf16_2d_128x128x64_compv3,261,4,72,72,1,112,112,1,1,1,1,0,0,0.012600099667906761,41.287353410786494,405247
grouped_conv_forward_bf16_2d_128x128x64_compv4,261,4,72,72,1,112,112,1,1,1,1,0,0,0.03463619947433472,15.019683911495095,402387
grouped_conv_forward_bf16_2d_128x128x64_compv5,261,4,72,72,1,112,112,1,1,1,1,0,0,0.012600099667906761,41.287353410786494,408759
grouped_conv_forward_bf16_2d_16x64x128_compv3,261,4,72,72,1,112,112,1,1,1,1,0,0,0.019668098539114,26.450181087176663,401832
grouped_conv_forward_bf16_2d_16x64x128_compv4,261,4,72,72,1,112,112,1,1,1,1,0,0,0.028596198186278343,18.192095488050775,401848
grouped_conv_forward_bf16_2d_16x64x128_compv5,261,4,72,72,1,112,112,1,1,1,1,0,0,0.019536100327968597,26.628895187194917,401743
grouped_conv_forward_bf16_2d_32x64x128_compv3,261,4,72,72,1,112,112,1,1,1,1,0,0,0.016232099384069443,32.04913644815166,402004
grouped_conv_forward_bf16_2d_32x64x128_compv4,261,4,72,72,1,112,112,1,1,1,1,0,0,0.02658819779753685,19.566003380951003,402075
grouped_conv_forward_bf16_2d_32x64x128_compv5,261,4,72,72,1,112,112,1,1,1,1,0,0,0.01621609926223755,32.08075873162963,401709
grouped_conv_forward_bf16_2d_64x64x128_compv3,261,4,72,72,1,112,112,1,1,1,1,0,0,0.016300100833177567,31.91543250708754,402331
grouped_conv_forward_bf16_2d_64x64x128_compv4,261,4,72,72,1,112,112,1,1,1,1,0,0,0.03436020016670227,15.140329959548332,402387
grouped_conv_forward_bf16_2d_64x64x128_compv5,261,4,72,72,1,112,112,1,1,1,1,0,0,0.01629209890961647,31.931107887697358,401288
grouped_conv_forward_bf16_2d_128x64x128_compv3,261,4,72,72,1,112,112,1,1,1,1,0,0,0.02112009935081005,24.63173867503834,404433
grouped_conv_forward_bf16_2d_128x64x128_compv4,261,4,72,72,1,112,112,1,1,1,1,0,0,0.03432819992303848,15.15444355271494,402304
grouped_conv_forward_bf16_2d_128x64x128_compv5,261,4,72,72,1,112,112,1,1,1,1,0,0,0.019880099222064018,26.16811728095533,408433
grouped_conv_forward_bf16_2d_16x64x64_compv3,262,1,768,3072,1,32,32,1,1,1,1,0,0,0.03828410059213638,126.21004890454361,3145728
grouped_conv_forward_bf16_2d_16x64x64_compv4,262,1,768,3072,1,32,32,1,1,1,1,0,0,0.043908100575208664,110.04434591115395,3144704
grouped_conv_forward_bf16_2d_16x64x64_compv5,262,1,768,3072,1,32,32,1,1,1,1,0,0,0.03803220018744469,127.04598167305352,3145728
grouped_conv_forward_bf16_2d_32x64x64_compv3,262,1,768,3072,1,32,32,1,1,1,1,0,0,0.03362410143017769,143.70163074940695,3145728
grouped_conv_forward_bf16_2d_32x64x64_compv4,262,1,768,3072,1,32,32,1,1,1,1,0,0,0.0370481014251709,130.42066994335084,3145504
grouped_conv_forward_bf16_2d_32x64x64_compv5,262,1,768,3072,1,32,32,1,1,1,1,0,0,0.03367609903216362,143.47974815566292,3144960
grouped_conv_forward_bf16_2d_64x64x64_compv3,262,1,768,3072,1,32,32,1,1,1,1,0,0,0.026816099882125854,180.1842262386798,3143168
grouped_conv_forward_bf16_2d_64x64x64_compv4,262,1,768,3072,1,32,32,1,1,1,1,0,0,0.04445219784975052,108.69739724302784,3145216
grouped_conv_forward_bf16_2d_64x64x64_compv5,262,1,768,3072,1,32,32,1,1,1,1,0,0,0.026660200208425522,181.23788156973316,3142656
grouped_conv_forward_bf16_2d_32x128x64_compv3,262,1,768,3072,1,32,32,1,1,1,1,0,0,0.02462809905409813,196.1920892630152,3145728
grouped_conv_forward_bf16_2d_32x128x64_compv4,262,1,768,3072,1,32,32,1,1,1,1,0,0,0.037192199379205704,129.91536635775023,3145312
grouped_conv_forward_bf16_2d_32x128x64_compv5,262,1,768,3072,1,32,32,1,1,1,1,0,0,0.02451610006392002,197.08837031184027,3145728
grouped_conv_forward_bf16_2d_64x128x64_compv3,262,1,768,3072,1,32,32,1,1,1,1,0,0,0.024340100586414337,198.5134856302499,3145728
grouped_conv_forward_bf16_2d_64x128x64_compv4,262,1,768,3072,1,32,32,1,1,1,1,0,0,0.04376420006155968,110.40618133550781,3145216
grouped_conv_forward_bf16_2d_64x128x64_compv5,262,1,768,3072,1,32,32,1,1,1,1,0,0,0.02409220114350319,200.55611271131093,3145728
grouped_conv_forward_bf16_2d_128x128x64_compv3,262,1,768,3072,1,32,32,1,1,1,1,0,0,0.021488100290298462,224.8611158140163,3145728
grouped_conv_forward_bf16_2d_128x128x64_compv4,262,1,768,3072,1,32,32,1,1,1,1,0,0,0.044724300503730774,108.03608225458868,3145216
grouped_conv_forward_bf16_2d_128x128x64_compv5,262,1,768,3072,1,32,32,1,1,1,1,0,0,0.0209880992770195,230.21799850596878,3145728
grouped_conv_forward_bf16_2d_16x64x128_compv3,262,1,768,3072,1,32,32,1,1,1,1,0,0,0.03612019866704941,133.7710861598288,3145536
grouped_conv_forward_bf16_2d_16x64x128_compv4,262,1,768,3072,1,32,32,1,1,1,1,0,0,0.04420819878578186,109.2973326376284,3145088
grouped_conv_forward_bf16_2d_16x64x128_compv5,262,1,768,3072,1,32,32,1,1,1,1,0,0,0.035968102514743805,134.33675590808176,3145600
grouped_conv_forward_bf16_2d_32x64x128_compv3,262,1,768,3072,1,32,32,1,1,1,1,0,0,0.027900099754333496,173.18354595665951,3145728
grouped_conv_forward_bf16_2d_32x64x128_compv4,262,1,768,3072,1,32,32,1,1,1,1,0,0,0.03709220141172409,130.2656090526014,3145376
grouped_conv_forward_bf16_2d_32x64x128_compv5,262,1,768,3072,1,32,32,1,1,1,1,0,0,0.027852099388837814,173.48201083672848,3145728
grouped_conv_forward_bf16_2d_64x64x128_compv3,262,1,768,3072,1,32,32,1,1,1,1,0,0,0.027392199262976646,176.394679434547,3145728
grouped_conv_forward_bf16_2d_64x64x128_compv4,262,1,768,3072,1,32,32,1,1,1,1,0,0,0.04386419802904129,110.15448646299133,3145216
grouped_conv_forward_bf16_2d_64x64x128_compv5,262,1,768,3072,1,32,32,1,1,1,1,0,0,0.02719619870185852,177.66594004440054,3145216
grouped_conv_forward_bf16_2d_128x64x128_compv3,262,1,768,3072,1,32,32,1,1,1,1,0,0,0.027320098131895065,176.8602068950489,3145728
grouped_conv_forward_bf16_2d_128x64x128_compv4,262,1,768,3072,1,32,32,1,1,1,1,0,0,0.04382019862532616,110.26509143222845,3145232
grouped_conv_forward_bf16_2d_128x64x128_compv5,262,1,768,3072,1,32,32,1,1,1,1,0,0,0.027584100142121315,175.1675125563264,3145728
grouped_conv_forward_bf16_2d_16x64x64_compv3,263,4,132,104,1,14,14,1,1,1,1,0,0,0.004883999936282635,4.407351408850291,9408
grouped_conv_forward_bf16_2d_16x64x64_compv4,263,4,132,104,1,14,14,1,1,1,1,0,0,0.004904099740087986,4.389287563636257,9413
grouped_conv_forward_bf16_2d_16x64x64_compv5,263,4,132,104,1,14,14,1,1,1,1,0,0,0.00542409997433424,3.9684932250243166,9451
grouped_conv_forward_bf16_2d_32x64x64_compv3,263,4,132,104,1,14,14,1,1,1,1,0,0,0.006199999712407589,3.471855644916022,9408
grouped_conv_forward_bf16_2d_32x64x64_compv4,263,4,132,104,1,14,14,1,1,1,1,0,0,0.006319999694824219,3.4059343416785874,9433
grouped_conv_forward_bf16_2d_32x64x64_compv5,263,4,132,104,1,14,14,1,1,1,1,0,0,0.005799999926239252,3.7112938403013462,9408
grouped_conv_forward_bf16_2d_64x64x64_compv3,263,4,132,104,1,14,14,1,1,1,1,0,0,0.007903999648988247,2.7233685419957445,9408
grouped_conv_forward_bf16_2d_64x64x64_compv4,263,4,132,104,1,14,14,1,1,1,1,0,0,0.0074800001457333565,2.877741120403359,9408
grouped_conv_forward_bf16_2d_64x64x64_compv5,263,4,132,104,1,14,14,1,1,1,1,0,0,0.007460000459104776,2.8854561226907927,9408
grouped_conv_forward_bf16_2d_32x128x64_compv3,263,4,132,104,1,14,14,1,1,1,1,0,0,0.0061519998125731945,3.4989441898237863,9408
grouped_conv_forward_bf16_2d_32x128x64_compv4,263,4,132,104,1,14,14,1,1,1,1,0,0,0.006264100316911936,3.4363281095427287,9408
grouped_conv_forward_bf16_2d_32x128x64_compv5,263,4,132,104,1,14,14,1,1,1,1,0,0,0.006051999982446432,3.5567587677517856,9721
grouped_conv_forward_bf16_2d_64x128x64_compv3,263,4,132,104,1,14,14,1,1,1,1,0,0,0.00788000039756298,2.7316628063441617,9408
grouped_conv_forward_bf16_2d_64x128x64_compv4,263,4,132,104,1,14,14,1,1,1,1,0,0,0.008163999766111374,2.6366370182115886,9790
grouped_conv_forward_bf16_2d_64x128x64_compv5,263,4,132,104,1,14,14,1,1,1,1,0,0,0.007643999997526407,2.8160000009112554,9408
grouped_conv_forward_bf16_2d_128x128x64_compv3,263,4,132,104,1,14,14,1,1,1,1,0,0,0.008419999852776527,2.556473203844758,9408
grouped_conv_forward_bf16_2d_128x128x64_compv4,263,4,132,104,1,14,14,1,1,1,1,0,0,0.008067999966442585,2.6680099268135247,9408
grouped_conv_forward_bf16_2d_128x128x64_compv5,263,4,132,104,1,14,14,1,1,1,1,0,0,0.008372100070118904,2.571099702549815,9408
grouped_conv_forward_bf16_2d_16x64x128_compv3,263,4,132,104,1,14,14,1,1,1,1,0,0,0.004999999888241291,4.305100896226504,9408
grouped_conv_forward_bf16_2d_16x64x128_compv4,263,4,132,104,1,14,14,1,1,1,1,0,0,0.004972000140696764,4.329345010232334,9408
grouped_conv_forward_bf16_2d_16x64x128_compv5,263,4,132,104,1,14,14,1,1,1,1,0,0,0.00455200020223856,4.728801195881823,9408
grouped_conv_forward_bf16_2d_32x64x128_compv3,263,4,132,104,1,14,14,1,1,1,1,0,0,0.005239999853074551,4.1079207258698665,9504
grouped_conv_forward_bf16_2d_32x64x128_compv4,263,4,132,104,1,14,14,1,1,1,1,0,0,0.005703999660909176,3.773756185071195,9408
grouped_conv_forward_bf16_2d_32x64x128_compv5,263,4,132,104,1,14,14,1,1,1,1,0,0,0.005239999853074551,4.1079207258698665,9408
grouped_conv_forward_bf16_2d_64x64x128_compv3,263,4,132,104,1,14,14,1,1,1,1,0,0,0.006988000124692917,3.080352549499407,9408
grouped_conv_forward_bf16_2d_64x64x128_compv4,263,4,132,104,1,14,14,1,1,1,1,0,0,0.0075599998235702515,2.8472889553368352,9408
grouped_conv_forward_bf16_2d_64x64x128_compv5,263,4,132,104,1,14,14,1,1,1,1,0,0,0.006700099911540747,3.2127138825083614,9408
grouped_conv_forward_bf16_2d_128x64x128_compv3,263,4,132,104,1,14,14,1,1,1,1,0,0,0.00817210040986538,2.6340234358861228,9408
grouped_conv_forward_bf16_2d_128x64x128_compv4,263,4,132,104,1,14,14,1,1,1,1,0,0,0.008088000118732452,2.661412423838276,9408
grouped_conv_forward_bf16_2d_128x64x128_compv5,263,4,132,104,1,14,14,1,1,1,1,0,0,0.007364100310951471,2.923032426376443,9408
grouped_conv_forward_bf16_2d_16x64x64_compv3,264,4,1344,384,1,7,7,1,1,1,1,0,0,0.015731999650597572,12.85975314602269,75264
grouped_conv_forward_bf16_2d_16x64x64_compv4,264,4,1344,384,1,7,7,1,1,1,1,0,0,0.012907999567687511,15.67319792188714,75264
grouped_conv_forward_bf16_2d_16x64x64_compv5,264,4,1344,384,1,7,7,1,1,1,1,0,0,0.01573210023343563,12.859670927472786,75264
grouped_conv_forward_bf16_2d_32x64x64_compv3,264,4,1344,384,1,7,7,1,1,1,1,0,0,0.01982009969651699,10.207296385878024,75264
grouped_conv_forward_bf16_2d_32x64x64_compv4,264,4,1344,384,1,7,7,1,1,1,1,0,0,0.016328100115060806,12.3902738576053,75264
grouped_conv_forward_bf16_2d_32x64x64_compv5,264,4,1344,384,1,7,7,1,1,1,1,0,0,0.019832100719213486,10.201119632475491,75264
grouped_conv_forward_bf16_2d_64x64x64_compv3,264,4,1344,384,1,7,7,1,1,1,1,0,0,0.02512810006737709,8.051131261716492,75264
grouped_conv_forward_bf16_2d_64x64x64_compv4,264,4,1344,384,1,7,7,1,1,1,1,0,0,0.02331620082259178,8.676783732449929,75264
grouped_conv_forward_bf16_2d_64x64x64_compv5,264,4,1344,384,1,7,7,1,1,1,1,0,0,0.024340100586414337,8.311782906637662,75264
grouped_conv_forward_bf16_2d_32x128x64_compv3,264,4,1344,384,1,7,7,1,1,1,1,0,0,0.024396199733018875,8.292669932775857,75264
grouped_conv_forward_bf16_2d_32x128x64_compv4,264,4,1344,384,1,7,7,1,1,1,1,0,0,0.016224099323153496,12.469698808567012,75264
grouped_conv_forward_bf16_2d_32x128x64_compv5,264,4,1344,384,1,7,7,1,1,1,1,0,0,0.024236099794507027,8.347450031784913,75264
grouped_conv_forward_bf16_2d_64x128x64_compv3,264,4,1344,384,1,7,7,1,1,1,1,0,0,0.02836819924414158,7.131564124281865,75264
grouped_conv_forward_bf16_2d_64x128x64_compv4,264,4,1344,384,1,7,7,1,1,1,1,0,0,0.023076100274920464,8.76706330748068,75264
grouped_conv_forward_bf16_2d_64x128x64_compv5,264,4,1344,384,1,7,7,1,1,1,1,0,0,0.028036098927259445,7.216040738224629,75264
grouped_conv_forward_bf16_2d_128x128x64_compv3,264,4,1344,384,1,7,7,1,1,1,1,0,0,0.02868019975721836,7.053982667923427,75264
grouped_conv_forward_bf16_2d_128x128x64_compv4,264,4,1344,384,1,7,7,1,1,1,1,0,0,0.02372809872031212,8.526162773708268,75264
grouped_conv_forward_bf16_2d_128x128x64_compv5,264,4,1344,384,1,7,7,1,1,1,1,0,0,0.028636198490858078,7.064821542726282,75264
grouped_conv_forward_bf16_2d_16x64x128_compv3,264,4,1344,384,1,7,7,1,1,1,1,0,0,0.013031999580562115,15.524066797988164,75264
grouped_conv_forward_bf16_2d_16x64x128_compv4,264,4,1344,384,1,7,7,1,1,1,1,0,0,0.012676100246608257,15.959926796424,75264
grouped_conv_forward_bf16_2d_16x64x128_compv5,264,4,1344,384,1,7,7,1,1,1,1,0,0,0.013019999489188194,15.538374803163233,75264
grouped_conv_forward_bf16_2d_32x64x128_compv3,264,4,1344,384,1,7,7,1,1,1,1,0,0,0.015800001099705696,12.8044061974001,75264
grouped_conv_forward_bf16_2d_32x64x128_compv4,264,4,1344,384,1,7,7,1,1,1,1,0,0,0.01698010042309761,11.914513280781497,75264
grouped_conv_forward_bf16_2d_32x64x128_compv5,264,4,1344,384,1,7,7,1,1,1,1,0,0,0.015640098601579666,12.935316915429581,75264
grouped_conv_forward_bf16_2d_64x64x128_compv3,264,4,1344,384,1,7,7,1,1,1,1,0,0,0.020284099504351616,9.973803961896255,75264
grouped_conv_forward_bf16_2d_64x64x128_compv4,264,4,1344,384,1,7,7,1,1,1,1,0,0,0.02334810048341751,8.664928958297319,75264
grouped_conv_forward_bf16_2d_64x64x128_compv5,264,4,1344,384,1,7,7,1,1,1,1,0,0,0.0203281007707119,9.952215127321756,75264
grouped_conv_forward_bf16_2d_128x64x128_compv3,264,4,1344,384,1,7,7,1,1,1,1,0,0,0.0208601001650095,9.69840175261248,75264
grouped_conv_forward_bf16_2d_128x64x128_compv4,264,4,1344,384,1,7,7,1,1,1,1,0,0,0.023012099787592888,8.79144597265637,75264
grouped_conv_forward_bf16_2d_128x64x128_compv5,264,4,1344,384,1,7,7,1,1,1,1,0,0,0.02006009966135025,10.085175817435719,75264
grouped_conv_forward_bf16_2d_16x64x64_compv3,265,4,256,128,1,56,56,3,3,2,2,1,1,0.028600100427865982,64.67418073112046,401352
grouped_conv_forward_bf16_2d_16x64x64_compv4,265,4,256,128,1,56,56,3,3,2,2,1,1,0.024112099781632423,76.71202760238302,401384
grouped_conv_forward_bf16_2d_16x64x64_compv5,265,4,256,128,1,56,56,3,3,2,2,1,1,0.028600100427865982,64.67418073112046,400992
grouped_conv_forward_bf16_2d_32x64x64_compv3,265,4,256,128,1,56,56,3,3,2,2,1,1,0.03191610053181648,57.95470101856852,400800
grouped_conv_forward_bf16_2d_32x64x64_compv4,265,4,256,128,1,56,56,3,3,2,2,1,1,0.025592198595404625,72.27546539640142,401164
grouped_conv_forward_bf16_2d_32x64x64_compv5,265,4,256,128,1,56,56,3,3,2,2,1,1,0.03184410184621811,58.08573508942203,401408
grouped_conv_forward_bf16_2d_64x64x64_compv3,265,4,256,128,1,56,56,3,3,2,2,1,1,0.039236199110746384,47.142386518611325,401408
grouped_conv_forward_bf16_2d_64x64x64_compv4,265,4,256,128,1,56,56,3,3,2,2,1,1,0.036900199949741364,50.126776183308046,401408
grouped_conv_forward_bf16_2d_64x64x64_compv5,265,4,256,128,1,56,56,3,3,2,2,1,1,0.03895620256662369,47.481221015745206,401408
grouped_conv_forward_bf16_2d_32x128x64_compv3,265,4,256,128,1,56,56,3,3,2,2,1,1,0.03903619945049286,47.383917749109834,401408
grouped_conv_forward_bf16_2d_32x128x64_compv4,265,4,256,128,1,56,56,3,3,2,2,1,1,0.025464098900556564,72.6390543495561,401108
grouped_conv_forward_bf16_2d_32x128x64_compv5,265,4,256,128,1,56,56,3,3,2,2,1,1,0.03884420171380043,47.61812529005711,400977
grouped_conv_forward_bf16_2d_64x128x64_compv3,265,4,256,128,1,56,56,3,3,2,2,1,1,0.04468829929828644,41.390880678937044,401408
grouped_conv_forward_bf16_2d_64x128x64_compv4,265,4,256,128,1,56,56,3,3,2,2,1,1,0.03702019900083542,49.96429284343552,400528
grouped_conv_forward_bf16_2d_64x128x64_compv5,265,4,256,128,1,56,56,3,3,2,2,1,1,0.04513629898428917,40.980056088423,401408
grouped_conv_forward_bf16_2d_128x128x64_compv3,265,4,256,128,1,56,56,3,3,2,2,1,1,0.04473220184445381,41.35025748188911,398800
grouped_conv_forward_bf16_2d_128x128x64_compv4,265,4,256,128,1,56,56,3,3,2,2,1,1,0.037000201642513275,49.991296854844876,401408
grouped_conv_forward_bf16_2d_128x128x64_compv5,265,4,256,128,1,56,56,3,3,2,2,1,1,0.04420020058751106,41.84795633082798,401408
grouped_conv_forward_bf16_2d_16x64x128_compv3,265,4,256,128,1,56,56,3,3,2,2,1,1,0.023360099643468857,79.18151430133757,401392
grouped_conv_forward_bf16_2d_16x64x128_compv4,265,4,256,128,1,56,56,3,3,2,2,1,1,0.02417610026896,76.50895071670587,401348
grouped_conv_forward_bf16_2d_16x64x128_compv5,265,4,256,128,1,56,56,3,3,2,2,1,1,0.022619999945163727,81.77223998603381,401216
grouped_conv_forward_bf16_2d_32x64x128_compv3,265,4,256,128,1,56,56,3,3,2,2,1,1,0.023756099864840508,77.86160499929429,400896
grouped_conv_forward_bf16_2d_32x64x128_compv4,265,4,256,128,1,56,56,3,3,2,2,1,1,0.025456100702285767,72.66187723062833,401076
grouped_conv_forward_bf16_2d_32x64x128_compv5,265,4,256,128,1,56,56,3,3,2,2,1,1,0.02343210019171238,78.93821078207108,400968
grouped_conv_forward_bf16_2d_64x64x128_compv3,265,4,256,128,1,56,56,3,3,2,2,1,1,0.030764201655983925,60.12468923080988,401408
grouped_conv_forward_bf16_2d_64x64x128_compv4,265,4,256,128,1,56,56,3,3,2,2,1,1,0.03726019710302353,49.6424658969371,401408
grouped_conv_forward_bf16_2d_64x64x128_compv5,265,4,256,128,1,56,56,3,3,2,2,1,1,0.030816201120615005,60.023234426602336,401408
grouped_conv_forward_bf16_2d_128x64x128_compv3,265,4,256,128,1,56,56,3,3,2,2,1,1,0.03134020045399666,59.01966283575951,399300
grouped_conv_forward_bf16_2d_128x64x128_compv4,265,4,256,128,1,56,56,3,3,2,2,1,1,0.03717629984021187,49.75449606201203,400850
grouped_conv_forward_bf16_2d_128x64x128_compv5,265,4,256,128,1,56,56,3,3,2,2,1,1,0.031632199883461,58.4748474913095,401408
grouped_conv_forward_bf16_2d_16x64x64_compv3,266,1,16,96,1,28,28,1,1,1,1,0,0,0.0036639999598264694,0.6573275181242269,75264
grouped_conv_forward_bf16_2d_16x64x64_compv4,266,1,16,96,1,28,28,1,1,1,1,0,0,0.005180099979043007,0.4649423775108191,75264
grouped_conv_forward_bf16_2d_16x64x64_compv5,266,1,16,96,1,28,28,1,1,1,1,0,0,0.0041680000722408295,0.5778426003493693,75264
grouped_conv_forward_bf16_2d_32x64x64_compv3,266,1,16,96,1,28,28,1,1,1,1,0,0,0.0041680000722408295,0.5778426003493693,75264
grouped_conv_forward_bf16_2d_32x64x64_compv4,266,1,16,96,1,28,28,1,1,1,1,0,0,0.00570000009611249,0.42253472971739214,75264
grouped_conv_forward_bf16_2d_32x64x64_compv5,266,1,16,96,1,28,28,1,1,1,1,0,0,0.004052000120282173,0.59438497742006,75264
grouped_conv_forward_bf16_2d_64x64x64_compv3,266,1,16,96,1,28,28,1,1,1,1,0,0,0.005692000035196543,0.4231285989296093,75264
grouped_conv_forward_bf16_2d_64x64x64_compv4,266,1,16,96,1,28,28,1,1,1,1,0,0,0.006779999937862158,0.35522832183969344,75264
grouped_conv_forward_bf16_2d_64x64x64_compv5,266,1,16,96,1,28,28,1,1,1,1,0,0,0.00483600003644824,0.49802481014223987,73600
grouped_conv_forward_bf16_2d_32x128x64_compv3,266,1,16,96,1,28,28,1,1,1,1,0,0,0.004228000063449144,0.5696423755573979,75264
grouped_conv_forward_bf16_2d_32x128x64_compv4,266,1,16,96,1,28,28,1,1,1,1,0,0,0.005923999939113855,0.4065577354412109,75264
grouped_conv_forward_bf16_2d_32x128x64_compv5,266,1,16,96,1,28,28,1,1,1,1,0,0,0.004228000063449144,0.5696423755573979,75264
grouped_conv_forward_bf16_2d_64x128x64_compv3,266,1,16,96,1,28,28,1,1,1,1,0,0,0.005152000114321709,0.46747825049632913,75264
grouped_conv_forward_bf16_2d_64x128x64_compv4,266,1,16,96,1,28,28,1,1,1,1,0,0,0.006740099750459194,0.3573312100960992,75264
grouped_conv_forward_bf16_2d_64x128x64_compv5,266,1,16,96,1,28,28,1,1,1,1,0,0,0.00529209990054369,0.4551025198433169,75264
grouped_conv_forward_bf16_2d_128x128x64_compv3,266,1,16,96,1,28,28,1,1,1,1,0,0,0.005728099960833788,0.4204619361512371,75264
grouped_conv_forward_bf16_2d_128x128x64_compv4,266,1,16,96,1,28,28,1,1,1,1,0,0,0.00699200015515089,0.34445765826045305,75264
grouped_conv_forward_bf16_2d_128x128x64_compv5,266,1,16,96,1,28,28,1,1,1,1,0,0,0.006260000169277191,0.38473609183274043,75264
grouped_conv_forward_bf16_2d_16x64x128_compv3,266,1,16,96,1,28,28,1,1,1,1,0,0,0.00481600034981966,0.5000929869305734,75264
grouped_conv_forward_bf16_2d_16x64x128_compv4,266,1,16,96,1,28,28,1,1,1,1,0,0,0.004891999997198582,0.4923237942312357,75264
grouped_conv_forward_bf16_2d_16x64x128_compv5,266,1,16,96,1,28,28,1,1,1,1,0,0,0.004019999876618385,0.5991164362984959,75264
grouped_conv_forward_bf16_2d_32x64x128_compv3,266,1,16,96,1,28,28,1,1,1,1,0,0,0.004520100075751543,0.5328306806569,75264
grouped_conv_forward_bf16_2d_32x64x128_compv4,266,1,16,96,1,28,28,1,1,1,1,0,0,0.005119999870657921,0.4704000118833038,75264
grouped_conv_forward_bf16_2d_32x64x128_compv5,266,1,16,96,1,28,28,1,1,1,1,0,0,0.004328000359237194,0.5564805453076457,75264
grouped_conv_forward_bf16_2d_64x64x128_compv3,266,1,16,96,1,28,28,1,1,1,1,0,0,0.005400000140070915,0.44600887731983857,75264
grouped_conv_forward_bf16_2d_64x64x128_compv4,266,1,16,96,1,28,28,1,1,1,1,0,0,0.00675999978557229,0.3562793012420347,75264
grouped_conv_forward_bf16_2d_64x64x128_compv5,266,1,16,96,1,28,28,1,1,1,1,0,0,0.005380100104957819,0.4476585849732777,75264
grouped_conv_forward_bf16_2d_128x64x128_compv3,266,1,16,96,1,28,28,1,1,1,1,0,0,0.007264000363647938,0.33155945476722026,75264
grouped_conv_forward_bf16_2d_128x64x128_compv4,266,1,16,96,1,28,28,1,1,1,1,0,0,0.00694409990683198,0.3468337196056812,75264
grouped_conv_forward_bf16_2d_128x64x128_compv5,266,1,16,96,1,28,28,1,1,1,1,0,0,0.006188000086694956,0.3892126642303208,75264
grouped_conv_forward_bf16_2d_16x64x64_compv3,268,1,35,210,1,256,256,1,1,1,1,0,0,0.0335920974612236,28.678745086163744,917393
grouped_conv_forward_bf16_2d_16x64x64_compv4,268,1,35,210,1,256,256,1,1,1,1,0,0,0.0672203004360199,14.331670548199078,917674
grouped_conv_forward_bf16_2d_16x64x64_compv5,268,1,35,210,1,256,256,1,1,1,1,0,0,0.03356420248746872,28.702579790468135,917799
grouped_conv_forward_bf16_2d_32x64x64_compv3,268,1,35,210,1,256,256,1,1,1,1,0,0,0.02744010090827942,35.10844232024389,918571
grouped_conv_forward_bf16_2d_32x64x64_compv4,268,1,35,210,1,256,256,1,1,1,1,0,0,0.0626043975353241,15.388363085139826,918498
grouped_conv_forward_bf16_2d_32x64x64_compv5,268,1,35,210,1,256,256,1,1,1,1,0,0,0.027444100007414818,35.103326388539436,919667
grouped_conv_forward_bf16_2d_64x64x64_compv3,268,1,35,210,1,256,256,1,1,1,1,0,0,0.023764099925756454,40.53926734064319,922406
grouped_conv_forward_bf16_2d_64x64x64_compv4,268,1,35,210,1,256,256,1,1,1,1,0,0,0.07790049910545349,12.366791112543178,921166
grouped_conv_forward_bf16_2d_64x64x64_compv5,268,1,35,210,1,256,256,1,1,1,1,0,0,0.023876098915934563,40.349104072317886,921782
grouped_conv_forward_bf16_2d_32x128x64_compv3,268,1,35,210,1,256,256,1,1,1,1,0,0,0.02038409933447838,47.26130814965696,919431
grouped_conv_forward_bf16_2d_32x128x64_compv4,268,1,35,210,1,256,256,1,1,1,1,0,0,0.06149639934301376,15.665619618255645,918533
grouped_conv_forward_bf16_2d_32x128x64_compv5,268,1,35,210,1,256,256,1,1,1,1,0,0,0.020520100370049477,46.9480744551386,919541
grouped_conv_forward_bf16_2d_64x128x64_compv3,268,1,35,210,1,256,256,1,1,1,1,0,0,0.01976819895207882,48.733787146486165,919432
grouped_conv_forward_bf16_2d_64x128x64_compv4,268,1,35,210,1,256,256,1,1,1,1,0,0,0.0781324952840805,12.330070817491073,921311
grouped_conv_forward_bf16_2d_64x128x64_compv5,268,1,35,210,1,256,256,1,1,1,1,0,0,0.019812200218439102,48.62555341548529,918603
grouped_conv_forward_bf16_2d_128x128x64_compv3,268,1,35,210,1,256,256,1,1,1,1,0,0,0.02229209989309311,43.21617095832634,933164
grouped_conv_forward_bf16_2d_128x128x64_compv4,268,1,35,210,1,256,256,1,1,1,1,0,0,0.07818049937486649,12.322499954633287,921327
grouped_conv_forward_bf16_2d_128x128x64_compv5,268,1,35,210,1,256,256,1,1,1,1,0,0,0.02229209989309311,43.21617095832634,935358
grouped_conv_forward_bf16_2d_16x64x128_compv3,268,1,35,210,1,256,256,1,1,1,1,0,0,0.04494030028581619,21.43686610621194,917782
grouped_conv_forward_bf16_2d_16x64x128_compv4,268,1,35,210,1,256,256,1,1,1,1,0,0,0.06735239923000336,14.303561729258266,917643
grouped_conv_forward_bf16_2d_16x64x128_compv5,268,1,35,210,1,256,256,1,1,1,1,0,0,0.04464840143918991,21.577014382297655,917691
grouped_conv_forward_bf16_2d_32x64x128_compv3,268,1,35,210,1,256,256,1,1,1,1,0,0,0.03578430041670799,26.921839711310664,918188
grouped_conv_forward_bf16_2d_32x64x128_compv4,268,1,35,210,1,256,256,1,1,1,1,0,0,0.061684500426054,15.617848784475079,918296
grouped_conv_forward_bf16_2d_32x64x128_compv5,268,1,35,210,1,256,256,1,1,1,1,0,0,0.03539229929447174,27.220022976876198,917947
grouped_conv_forward_bf16_2d_64x64x128_compv3,268,1,35,210,1,256,256,1,1,1,1,0,0,0.03387629985809326,28.438147142266562,919429
grouped_conv_forward_bf16_2d_64x64x128_compv4,268,1,35,210,1,256,256,1,1,1,1,0,0,0.0779327005147934,12.361681215154718,921478
grouped_conv_forward_bf16_2d_64x64x128_compv5,268,1,35,210,1,256,256,1,1,1,1,0,0,0.03396020084619522,28.36788876376547,919268
grouped_conv_forward_bf16_2d_128x64x128_compv3,268,1,35,210,1,256,256,1,1,1,1,0,0,0.03882429748773575,24.813821816204737,935683
grouped_conv_forward_bf16_2d_128x64x128_compv4,268,1,35,210,1,256,256,1,1,1,1,0,0,0.07778859883546829,12.384580959449549,921275
grouped_conv_forward_bf16_2d_128x64x128_compv5,268,1,35,210,1,256,256,1,1,1,1,0,0,0.038828302174806595,24.811262559532675,935562
grouped_conv_forward_bf16_2d_16x64x64_compv3,269,1,728,1024,1,14,14,1,1,1,1,0,0,0.010375999845564365,28.163553233370877,200704
grouped_conv_forward_bf16_2d_16x64x64_compv4,269,1,728,1024,1,14,14,1,1,1,1,0,0,0.008776100352406502,33.29782161388671,200704
grouped_conv_forward_bf16_2d_16x64x64_compv5,269,1,728,1024,1,14,14,1,1,1,1,0,0,0.010387999936938286,28.131019038697563,200704
grouped_conv_forward_bf16_2d_32x64x64_compv3,269,1,728,1024,1,14,14,1,1,1,1,0,0,0.012980001047253609,22.513482312994945,200704
grouped_conv_forward_bf16_2d_32x64x64_compv4,269,1,728,1024,1,14,14,1,1,1,1,0,0,0.01080399937927723,27.047856422549092,200704
grouped_conv_forward_bf16_2d_32x64x64_compv5,269,1,728,1024,1,14,14,1,1,1,1,0,0,0.013132000342011452,22.252894942830878,200704
grouped_conv_forward_bf16_2d_64x64x64_compv3,269,1,728,1024,1,14,14,1,1,1,1,0,0,0.015852099284529686,18.434468441992856,200704
grouped_conv_forward_bf16_2d_64x64x64_compv4,269,1,728,1024,1,14,14,1,1,1,1,0,0,0.015408100560307503,18.965674766738932,200704
grouped_conv_forward_bf16_2d_64x64x64_compv5,269,1,728,1024,1,14,14,1,1,1,1,0,0,0.01589209958910942,18.38806901262164,200704
grouped_conv_forward_bf16_2d_32x128x64_compv3,269,1,728,1024,1,14,14,1,1,1,1,0,0,0.015163999982178211,19.270972325471064,200704
grouped_conv_forward_bf16_2d_32x128x64_compv4,269,1,728,1024,1,14,14,1,1,1,1,0,0,0.011467999778687954,25.4817779594894,200704
grouped_conv_forward_bf16_2d_32x128x64_compv5,269,1,728,1024,1,14,14,1,1,1,1,0,0,0.015136100351810455,19.306493562263313,200704
grouped_conv_forward_bf16_2d_64x128x64_compv3,269,1,728,1024,1,14,14,1,1,1,1,0,0,0.01788800023496151,16.33637187844261,200704
grouped_conv_forward_bf16_2d_64x128x64_compv4,269,1,728,1024,1,14,14,1,1,1,1,0,0,0.01532800029963255,19.06478459600535,200704
grouped_conv_forward_bf16_2d_64x128x64_compv5,269,1,728,1024,1,14,14,1,1,1,1,0,0,0.01780010014772415,16.417043812945217,200704
grouped_conv_forward_bf16_2d_128x128x64_compv3,269,1,728,1024,1,14,14,1,1,1,1,0,0,0.02027210034430027,14.415133066473912,200704
grouped_conv_forward_bf16_2d_128x128x64_compv4,269,1,728,1024,1,14,14,1,1,1,1,0,0,0.016032099723815918,18.227495401983777,200704
grouped_conv_forward_bf16_2d_128x128x64_compv5,269,1,728,1024,1,14,14,1,1,1,1,0,0,0.019124099984765053,15.28045890958513,200704
grouped_conv_forward_bf16_2d_16x64x128_compv3,269,1,728,1024,1,14,14,1,1,1,1,0,0,0.008664099499583244,33.72826270220655,200704
grouped_conv_forward_bf16_2d_16x64x128_compv4,269,1,728,1024,1,14,14,1,1,1,1,0,0,0.009576099924743176,30.516079228134963,200704
grouped_conv_forward_bf16_2d_16x64x128_compv5,269,1,728,1024,1,14,14,1,1,1,1,0,0,0.008619999513030052,33.90081676434791,200704
grouped_conv_forward_bf16_2d_32x64x128_compv3,269,1,728,1024,1,14,14,1,1,1,1,0,0,0.010292000137269497,28.393414312325135,200704
grouped_conv_forward_bf16_2d_32x64x128_compv4,269,1,728,1024,1,14,14,1,1,1,1,0,0,0.01088009960949421,26.858671748280518,200704
grouped_conv_forward_bf16_2d_32x64x128_compv5,269,1,728,1024,1,14,14,1,1,1,1,0,0,0.010211999528110027,28.615847777470783,200704
grouped_conv_forward_bf16_2d_64x64x128_compv3,269,1,728,1024,1,14,14,1,1,1,1,0,0,0.013051999732851982,22.389291294916855,200704
grouped_conv_forward_bf16_2d_64x64x128_compv4,269,1,728,1024,1,14,14,1,1,1,1,0,0,0.015407999977469444,18.965798573942756,200704
grouped_conv_forward_bf16_2d_64x64x128_compv5,269,1,728,1024,1,14,14,1,1,1,1,0,0,0.01308399997651577,22.334532598938345,200704
grouped_conv_forward_bf16_2d_128x64x128_compv3,269,1,728,1024,1,14,14,1,1,1,1,0,0,0.014351999387145042,20.361276231780177,200704
grouped_conv_forward_bf16_2d_128x64x128_compv4,269,1,728,1024,1,14,14,1,1,1,1,0,0,0.015436099842190742,18.931273248264144,200704
grouped_conv_forward_bf16_2d_128x64x128_compv5,269,1,728,1024,1,14,14,1,1,1,1,0,0,0.013500000350177288,21.6462975125895,200704
grouped_conv_forward_bf16_2d_16x64x64_compv3,270,1,48,120,1,512,512,1,1,2,2,0,0,0.018964000046253204,39.81094274196458,918496
grouped_conv_forward_bf16_2d_16x64x64_compv4,270,1,48,120,1,512,512,1,1,2,2,0,0,0.035832200199365616,21.069728227667312,917925
grouped_conv_forward_bf16_2d_16x64x64_compv5,270,1,48,120,1,512,512,1,1,2,2,0,0,0.01904810033738613,39.63517130987568,918130
grouped_conv_forward_bf16_2d_32x64x64_compv3,270,1,48,120,1,512,512,1,1,2,2,0,0,0.016812099143862724,44.906630251202415,921332
grouped_conv_forward_bf16_2d_32x64x64_compv4,270,1,48,120,1,512,512,1,1,2,2,0,0,0.03289220109581947,22.953000858794933,918741
grouped_conv_forward_bf16_2d_32x64x64_compv5,270,1,48,120,1,512,512,1,1,2,2,0,0,0.015752099454402924,47.9285140488987,921273
grouped_conv_forward_bf16_2d_64x64x64_compv3,270,1,48,120,1,512,512,1,1,2,2,0,0,0.014412100426852703,52.38478068008234,920320
grouped_conv_forward_bf16_2d_64x64x64_compv4,270,1,48,120,1,512,512,1,1,2,2,0,0,0.04068420082330704,18.556950971677743,920256
grouped_conv_forward_bf16_2d_64x64x64_compv5,270,1,48,120,1,512,512,1,1,2,2,0,0,0.014132100157439709,53.4226839315564,920660
grouped_conv_forward_bf16_2d_32x128x64_compv3,270,1,48,120,1,512,512,1,1,2,2,0,0,0.011680000461637974,64.63824402059349,919624
grouped_conv_forward_bf16_2d_32x128x64_compv4,270,1,48,120,1,512,512,1,1,2,2,0,0,0.03258819878101349,23.167120253355726,918370
grouped_conv_forward_bf16_2d_32x128x64_compv5,270,1,48,120,1,512,512,1,1,2,2,0,0,0.01178400032222271,64.06777828885836,920868
grouped_conv_forward_bf16_2d_64x128x64_compv3,270,1,48,120,1,512,512,1,1,2,2,0,0,0.011855999939143658,63.67870478030137,921066
grouped_conv_forward_bf16_2d_64x128x64_compv4,270,1,48,120,1,512,512,1,1,2,2,0,0,0.040692202746868134,18.55330183761326,919600
grouped_conv_forward_bf16_2d_64x128x64_compv5,270,1,48,120,1,512,512,1,1,2,2,0,0,0.011531999334692955,65.4678081474327,920728
grouped_conv_forward_bf16_2d_128x128x64_compv3,270,1,48,120,1,512,512,1,1,2,2,0,0,0.012291999533772469,61.4200088379189,928347
grouped_conv_forward_bf16_2d_128x128x64_compv4,270,1,48,120,1,512,512,1,1,2,2,0,0,0.04048820212483406,18.646783022675255,920322
grouped_conv_forward_bf16_2d_128x128x64_compv5,270,1,48,120,1,512,512,1,1,2,2,0,0,0.012132000178098679,62.230028760048974,927261
grouped_conv_forward_bf16_2d_16x64x128_compv3,270,1,48,120,1,512,512,1,1,2,2,0,0,0.02473209984600544,30.526106747945157,918083
grouped_conv_forward_bf16_2d_16x64x128_compv4,270,1,48,120,1,512,512,1,1,2,2,0,0,0.03612019866704941,20.901732212473252,917937
grouped_conv_forward_bf16_2d_16x64x128_compv5,270,1,48,120,1,512,512,1,1,2,2,0,0,0.024376001209020615,30.97204966172274,917934
grouped_conv_forward_bf16_2d_32x64x128_compv3,270,1,48,120,1,512,512,1,1,2,2,0,0,0.020040098577737808,37.673203905228696,918638
grouped_conv_forward_bf16_2d_32x64x128_compv4,270,1,48,120,1,512,512,1,1,2,2,0,0,0.03276819735765457,23.0398612337349,918692
grouped_conv_forward_bf16_2d_32x64x128_compv5,270,1,48,120,1,512,512,1,1,2,2,0,0,0.020024100318551064,37.70330291946069,918874
grouped_conv_forward_bf16_2d_64x64x128_compv3,270,1,48,120,1,512,512,1,1,2,2,0,0,0.019168099388480186,39.387041182274515,919263
grouped_conv_forward_bf16_2d_64x64x128_compv4,270,1,48,120,1,512,512,1,1,2,2,0,0,0.04070020094513893,18.54965583628577,920512
grouped_conv_forward_bf16_2d_64x64x128_compv5,270,1,48,120,1,512,512,1,1,2,2,0,0,0.019140100106596947,39.44465889913427,919998
grouped_conv_forward_bf16_2d_128x64x128_compv3,270,1,48,120,1,512,512,1,1,2,2,0,0,0.021112099289894104,35.76028653680071,926326
grouped_conv_forward_bf16_2d_128x64x128_compv4,270,1,48,120,1,512,512,1,1,2,2,0,0,0.04066019877791405,18.567905290470197,920256
grouped_conv_forward_bf16_2d_128x64x128_compv5,270,1,48,120,1,512,512,1,1,2,2,0,0,0.021168099716305733,35.66568232945563,926039
grouped_conv_forward_bf16_2d_16x64x64_compv3,271,1,640,1056,1,14,14,1,1,1,1,0,0,0.009184000082314014,28.846829009745395,206976
grouped_conv_forward_bf16_2d_16x64x64_compv4,271,1,640,1056,1,14,14,1,1,1,1,0,0,0.007640100084245205,34.67615307112477,206976
grouped_conv_forward_bf16_2d_16x64x64_compv5,271,1,640,1056,1,14,14,1,1,1,1,0,0,0.00923210009932518,28.696534607479503,206976
grouped_conv_forward_bf16_2d_32x64x64_compv3,271,1,640,1056,1,14,14,1,1,1,1,0,0,0.011348100379109383,23.345694094115167,206976
grouped_conv_forward_bf16_2d_32x64x64_compv4,271,1,640,1056,1,14,14,1,1,1,1,0,0,0.009375999681651592,28.256110174412083,206976
grouped_conv_forward_bf16_2d_32x64x64_compv5,271,1,640,1056,1,14,14,1,1,1,1,0,0,0.011359999887645245,23.32123966727572,206976
grouped_conv_forward_bf16_2d_64x64x64_compv3,271,1,640,1056,1,14,14,1,1,1,1,0,0,0.013908100314438343,19.048559760887716,206976
grouped_conv_forward_bf16_2d_64x64x64_compv4,271,1,640,1056,1,14,14,1,1,1,1,0,0,0.01264410000294447,20.95279853356942,206976
grouped_conv_forward_bf16_2d_64x64x64_compv5,271,1,640,1056,1,14,14,1,1,1,1,0,0,0.013816100545227528,19.175401853275748,206976
grouped_conv_forward_bf16_2d_32x128x64_compv3,271,1,640,1056,1,14,14,1,1,1,1,0,0,0.01305609941482544,20.29161019555105,206976
grouped_conv_forward_bf16_2d_32x128x64_compv4,271,1,640,1056,1,14,14,1,1,1,1,0,0,0.009812099859118462,27.000263328323054,206976
grouped_conv_forward_bf16_2d_32x128x64_compv5,271,1,640,1056,1,14,14,1,1,1,1,0,0,0.013247999362647533,19.997682121495473,206976
grouped_conv_forward_bf16_2d_64x128x64_compv3,271,1,640,1056,1,14,14,1,1,1,1,0,0,0.015704099088907242,16.87007185194951,206976
grouped_conv_forward_bf16_2d_64x128x64_compv4,271,1,640,1056,1,14,14,1,1,1,1,0,0,0.013040000572800636,20.316661684248718,206928
grouped_conv_forward_bf16_2d_64x128x64_compv5,271,1,640,1056,1,14,14,1,1,1,1,0,0,0.01565210148692131,16.926115654269903,206976
grouped_conv_forward_bf16_2d_128x128x64_compv3,271,1,640,1056,1,14,14,1,1,1,1,0,0,0.01642009988427162,16.134449964812255,206976
grouped_conv_forward_bf16_2d_128x128x64_compv4,271,1,640,1056,1,14,14,1,1,1,1,0,0,0.013048100285232067,20.30404995429479,206976
grouped_conv_forward_bf16_2d_128x128x64_compv5,271,1,640,1056,1,14,14,1,1,1,1,0,0,0.0163480993360281,16.20550955523902,206976
grouped_conv_forward_bf16_2d_16x64x128_compv3,271,1,640,1056,1,14,14,1,1,1,1,0,0,0.007728000171482563,34.2817383697308,206976
grouped_conv_forward_bf16_2d_16x64x128_compv4,271,1,640,1056,1,14,14,1,1,1,1,0,0,0.007620000280439854,34.767620767686815,206976
grouped_conv_forward_bf16_2d_16x64x128_compv5,271,1,640,1056,1,14,14,1,1,1,1,0,0,0.007735999766737223,34.24628851969808,206976
grouped_conv_forward_bf16_2d_32x64x128_compv3,271,1,640,1056,1,14,14,1,1,1,1,0,0,0.008976100012660027,29.514965255104084,206976
grouped_conv_forward_bf16_2d_32x64x128_compv4,271,1,640,1056,1,14,14,1,1,1,1,0,0,0.009151999838650227,28.947692818040174,206976
grouped_conv_forward_bf16_2d_32x64x128_compv5,271,1,640,1056,1,14,14,1,1,1,1,0,0,0.00899210013449192,29.462447708270464,206976
grouped_conv_forward_bf16_2d_64x64x128_compv3,271,1,640,1056,1,14,14,1,1,1,1,0,0,0.011856099590659142,22.345399342691522,206976
grouped_conv_forward_bf16_2d_64x64x128_compv4,271,1,640,1056,1,14,14,1,1,1,1,0,0,0.01254000049084425,21.12673601515655,206976
grouped_conv_forward_bf16_2d_64x64x128_compv5,271,1,640,1056,1,14,14,1,1,1,1,0,0,0.011668100021779537,22.70543443281135,206976
grouped_conv_forward_bf16_2d_128x64x128_compv3,271,1,640,1056,1,14,14,1,1,1,1,0,0,0.01268010027706623,20.89331111041467,206976
grouped_conv_forward_bf16_2d_128x64x128_compv4,271,1,640,1056,1,14,14,1,1,1,1,0,0,0.012536099180579185,21.1333107838223,206976
grouped_conv_forward_bf16_2d_128x64x128_compv5,271,1,640,1056,1,14,14,1,1,1,1,0,0,0.012223999947309494,21.672879674570925,206976
grouped_conv_forward_bf16_2d_16x64x64_compv3,272,4,240,2112,1,128,128,1,1,1,1,0,0,0.6416710615158081,103.53868102303886,138402968
grouped_conv_forward_bf16_2d_16x64x64_compv4,272,4,240,2112,1,128,128,1,1,1,1,0,0,0.6790443062782288,97.84011845138433,138379471
grouped_conv_forward_bf16_2d_16x64x64_compv5,272,4,240,2112,1,128,128,1,1,1,1,0,0,0.6541522741317749,101.56316501105142,138404444
grouped_conv_forward_bf16_2d_32x64x64_compv3,272,4,240,2112,1,128,128,1,1,1,1,0,0,0.5129755139350891,129.51451590807685,138376620
grouped_conv_forward_bf16_2d_32x64x64_compv4,272,4,240,2112,1,128,128,1,1,1,1,0,0,0.5739759206771851,115.75010896208983,138367617
grouped_conv_forward_bf16_2d_32x64x64_compv5,272,4,240,2112,1,128,128,1,1,1,1,0,0,0.512751579284668,129.57107894759943,138373985
grouped_conv_forward_bf16_2d_64x64x64_compv3,272,4,240,2112,1,128,128,1,1,1,1,0,0,0.4456110894680023,149.09363103893457,138360012
grouped_conv_forward_bf16_2d_64x64x64_compv4,272,4,240,2112,1,128,128,1,1,1,1,0,0,0.7348011136054993,90.41599710431193,138362098
grouped_conv_forward_bf16_2d_64x64x64_compv5,272,4,240,2112,1,128,128,1,1,1,1,0,0,0.44097909331321716,150.6596942291112,138366497
grouped_conv_forward_bf16_2d_32x128x64_compv3,272,4,240,2112,1,128,128,1,1,1,1,0,0,0.4019227921962738,165.2998452686803,138393618
grouped_conv_forward_bf16_2d_32x128x64_compv4,272,4,240,2112,1,128,128,1,1,1,1,0,0,0.5797160863876343,114.60398791758827,138368485
grouped_conv_forward_bf16_2d_32x128x64_compv5,272,4,240,2112,1,128,128,1,1,1,1,0,0,0.40340280532836914,164.69338954130419,138391130
grouped_conv_forward_bf16_2d_64x128x64_compv3,272,4,240,2112,1,128,128,1,1,1,1,0,0,0.34076640009880066,194.965745862084,138377570
grouped_conv_forward_bf16_2d_64x128x64_compv4,272,4,240,2112,1,128,128,1,1,1,1,0,0,0.7347692251205444,90.4199210971314,138361592
grouped_conv_forward_bf16_2d_64x128x64_compv5,272,4,240,2112,1,128,128,1,1,1,1,0,0,0.34545838832855225,192.31773667864616,138378354
grouped_conv_forward_bf16_2d_128x128x64_compv3,272,4,240,2112,1,128,128,1,1,1,1,0,0,0.3458184003829956,192.11752551749655,138305482
grouped_conv_forward_bf16_2d_128x128x64_compv4,272,4,240,2112,1,128,128,1,1,1,1,0,0,0.7347971796989441,90.41648116725273,138361344
grouped_conv_forward_bf16_2d_128x128x64_compv5,272,4,240,2112,1,128,128,1,1,1,1,0,0,0.34371039271354675,193.29580009345312,138310038
grouped_conv_forward_bf16_2d_16x64x128_compv3,272,4,240,2112,1,128,128,1,1,1,1,0,0,0.5537118911743164,119.98618129565226,138378090
grouped_conv_forward_bf16_2d_16x64x128_compv4,272,4,240,2112,1,128,128,1,1,1,1,0,0,0.6806848049163818,97.60431682937522,138382634
grouped_conv_forward_bf16_2d_16x64x128_compv5,272,4,240,2112,1,128,128,1,1,1,1,0,0,0.5568014979362488,119.32039623860139,138376251
grouped_conv_forward_bf16_2d_32x64x128_compv3,272,4,240,2112,1,128,128,1,1,1,1,0,0,0.4519825875759125,146.99189125032717,138362664
grouped_conv_forward_bf16_2d_32x64x128_compv4,272,4,240,2112,1,128,128,1,1,1,1,0,0,0.5801638960838318,114.51552881601575,138368136
grouped_conv_forward_bf16_2d_32x64x128_compv5,272,4,240,2112,1,128,128,1,1,1,1,0,0,0.44383102655410767,149.6915974437865,138359789
grouped_conv_forward_bf16_2d_64x64x128_compv3,272,4,240,2112,1,128,128,1,1,1,1,0,0,0.3973667025566101,167.19512463562563,138352518
grouped_conv_forward_bf16_2d_64x64x128_compv4,272,4,240,2112,1,128,128,1,1,1,1,0,0,0.7341331243515015,90.49826680779184,138361188
grouped_conv_forward_bf16_2d_64x64x128_compv5,272,4,240,2112,1,128,128,1,1,1,1,0,0,0.39741867780685425,167.17325850570316,138359561
grouped_conv_forward_bf16_2d_128x64x128_compv3,272,4,240,2112,1,128,128,1,1,1,1,0,0,0.40695881843566895,163.2542958901438,138242932
grouped_conv_forward_bf16_2d_128x64x128_compv4,272,4,240,2112,1,128,128,1,1,1,1,0,0,0.7344051003456116,90.46475212213849,138361358
grouped_conv_forward_bf16_2d_128x64x128_compv5,272,4,240,2112,1,128,128,1,1,1,1,0,0,0.406582772731781,163.4052887032388,138237988
grouped_conv_forward_bf16_2d_16x64x64_compv3,273,4,672,80,1,64,64,1,1,1,1,0,0,0.02537199854850769,69.43117534206279,1309788
grouped_conv_forward_bf16_2d_16x64x64_compv4,273,4,672,80,1,64,64,1,1,1,1,0,0,0.02943209931254387,59.85327996121596,1309264
grouped_conv_forward_bf16_2d_16x64x64_compv5,273,4,672,80,1,64,64,1,1,1,1,0,0,0.02544809877872467,69.22354771244262,1309388
grouped_conv_forward_bf16_2d_32x64x64_compv3,273,4,672,80,1,64,64,1,1,1,1,0,0,0.02156810089945793,81.67653184728351,1308672
grouped_conv_forward_bf16_2d_32x64x64_compv4,273,4,672,80,1,64,64,1,1,1,1,0,0,0.024344099685549736,72.36281903025815,1309004
grouped_conv_forward_bf16_2d_32x64x64_compv5,273,4,672,80,1,64,64,1,1,1,1,0,0,0.02117609977722168,83.1884860069886,1308696
grouped_conv_forward_bf16_2d_64x64x64_compv3,273,4,672,80,1,64,64,1,1,1,1,0,0,0.021048100665211678,83.69437737019126,1308158
grouped_conv_forward_bf16_2d_64x64x64_compv4,273,4,672,80,1,64,64,1,1,1,1,0,0,0.030396198853850365,57.95486759611236,1310178
grouped_conv_forward_bf16_2d_64x64x64_compv5,273,4,672,80,1,64,64,1,1,1,1,0,0,0.019892100244760513,88.55815415790494,1308054
grouped_conv_forward_bf16_2d_32x128x64_compv3,273,4,672,80,1,64,64,1,1,1,1,0,0,0.017500098794698715,100.66272771749391,1310328
grouped_conv_forward_bf16_2d_32x128x64_compv4,273,4,672,80,1,64,64,1,1,1,1,0,0,0.02430810034275055,72.46998552584829,1308620
grouped_conv_forward_bf16_2d_32x128x64_compv5,273,4,672,80,1,64,64,1,1,1,1,0,0,0.016920100897550583,104.11330822826339,1310432
grouped_conv_forward_bf16_2d_64x128x64_compv3,273,4,672,80,1,64,64,1,1,1,1,0,0,0.017472099512815475,100.8240411352907,1309384
grouped_conv_forward_bf16_2d_64x128x64_compv4,273,4,672,80,1,64,64,1,1,1,1,0,0,0.029920199885964394,58.87686869452943,1309536
grouped_conv_forward_bf16_2d_64x128x64_compv5,273,4,672,80,1,64,64,1,1,1,1,0,0,0.01799209974706173,97.91006634940906,1309387
grouped_conv_forward_bf16_2d_128x128x64_compv3,273,4,672,80,1,64,64,1,1,1,1,0,0,0.017768099904060364,99.14440427011769,1310720
grouped_conv_forward_bf16_2d_128x128x64_compv4,273,4,672,80,1,64,64,1,1,1,1,0,0,0.029464200139045715,59.788070664967144,1309302
grouped_conv_forward_bf16_2d_128x128x64_compv5,273,4,672,80,1,64,64,1,1,1,1,0,0,0.017788100987672806,99.03292550569608,1307832
grouped_conv_forward_bf16_2d_16x64x128_compv3,273,4,672,80,1,64,64,1,1,1,1,0,0,0.024104099720716476,73.08332194153557,1310118
grouped_conv_forward_bf16_2d_16x64x128_compv4,273,4,672,80,1,64,64,1,1,1,1,0,0,0.028408199548721313,62.01053597144603,1309802
grouped_conv_forward_bf16_2d_16x64x128_compv5,273,4,672,80,1,64,64,1,1,1,1,0,0,0.023792000487446785,74.04201596790759,1310662
grouped_conv_forward_bf16_2d_32x64x128_compv3,273,4,672,80,1,64,64,1,1,1,1,0,0,0.020524099469184875,85.83118020086087,1309332
grouped_conv_forward_bf16_2d_32x64x128_compv4,273,4,672,80,1,64,64,1,1,1,1,0,0,0.024368099868297577,72.29154876748586,1309508
grouped_conv_forward_bf16_2d_32x64x128_compv5,273,4,672,80,1,64,64,1,1,1,1,0,0,0.020500099286437035,85.93166576346721,1310076
grouped_conv_forward_bf16_2d_64x64x128_compv3,273,4,672,80,1,64,64,1,1,1,1,0,0,0.017208099365234375,102.37084541474617,1309184
grouped_conv_forward_bf16_2d_64x64x128_compv4,273,4,672,80,1,64,64,1,1,1,1,0,0,0.03067219816148281,57.433369161398154,1309440
grouped_conv_forward_bf16_2d_64x64x128_compv5,273,4,672,80,1,64,64,1,1,1,1,0,0,0.01727609895169735,101.96790866533702,1308252
grouped_conv_forward_bf16_2d_128x64x128_compv3,273,4,672,80,1,64,64,1,1,1,1,0,0,0.014800099655985832,119.02674447786748,1309824
grouped_conv_forward_bf16_2d_128x64x128_compv4,273,4,672,80,1,64,64,1,1,1,1,0,0,0.02953219972550869,59.650405197496895,1308592
grouped_conv_forward_bf16_2d_128x64x128_compv5,273,4,672,80,1,64,64,1,1,1,1,0,0,0.014936099760234356,117.9429508558906,1309824
grouped_conv_forward_bf16_2d_16x64x64_compv3,274,4,432,1008,1,14,14,1,1,2,2,0,0,0.007712000049650669,22.134174131356776,197564
grouped_conv_forward_bf16_2d_16x64x64_compv4,274,4,432,1008,1,14,14,1,1,2,2,0,0,0.007116100285202265,23.987682179657217,197568
grouped_conv_forward_bf16_2d_16x64x64_compv5,274,4,432,1008,1,14,14,1,1,2,2,0,0,0.007692000363022089,22.191724381684068,197568
grouped_conv_forward_bf16_2d_32x64x64_compv3,274,4,432,1008,1,14,14,1,1,2,2,0,0,0.00947600044310093,18.013797384768854,197568
grouped_conv_forward_bf16_2d_32x64x64_compv4,274,4,432,1008,1,14,14,1,1,2,2,0,0,0.008820099756121635,19.353381109043088,197568
grouped_conv_forward_bf16_2d_32x64x64_compv5,274,4,432,1008,1,14,14,1,1,2,2,0,0,0.00947600044310093,18.013797384768854,197120
grouped_conv_forward_bf16_2d_64x64x64_compv3,274,4,432,1008,1,14,14,1,1,2,2,0,0,0.011028099805116653,15.478528034430894,197568
grouped_conv_forward_bf16_2d_64x64x64_compv4,274,4,432,1008,1,14,14,1,1,2,2,0,0,0.011731999926269054,14.549842573540202,197568
grouped_conv_forward_bf16_2d_64x64x64_compv5,274,4,432,1008,1,14,14,1,1,2,2,0,0,0.010896099731326103,15.666041630405049,197568
grouped_conv_forward_bf16_2d_32x128x64_compv3,274,4,432,1008,1,14,14,1,1,2,2,0,0,0.011072100140154362,15.417016630922578,197568
grouped_conv_forward_bf16_2d_32x128x64_compv4,274,4,432,1008,1,14,14,1,1,2,2,0,0,0.008416099473834038,20.282406657705113,197568
grouped_conv_forward_bf16_2d_32x128x64_compv5,274,4,432,1008,1,14,14,1,1,2,2,0,0,0.010339999571442604,16.508584049794564,197568
grouped_conv_forward_bf16_2d_64x128x64_compv3,274,4,432,1008,1,14,14,1,1,2,2,0,0,0.012472099624574184,13.68644872461303,197568
grouped_conv_forward_bf16_2d_64x128x64_compv4,274,4,432,1008,1,14,14,1,1,2,2,0,0,0.011880000121891499,14.368581670756907,197568
grouped_conv_forward_bf16_2d_64x128x64_compv5,274,4,432,1008,1,14,14,1,1,2,2,0,0,0.012380099855363369,13.788156314914458,197568
grouped_conv_forward_bf16_2d_128x128x64_compv3,274,4,432,1008,1,14,14,1,1,2,2,0,0,0.013184000737965107,12.94741675100563,197568
grouped_conv_forward_bf16_2d_128x128x64_compv4,274,4,432,1008,1,14,14,1,1,2,2,0,0,0.011735999956727028,14.544883489212708,197436
grouped_conv_forward_bf16_2d_128x128x64_compv5,274,4,432,1008,1,14,14,1,1,2,2,0,0,0.01316010020673275,12.970931020165786,197568
grouped_conv_forward_bf16_2d_16x64x128_compv3,274,4,432,1008,1,14,14,1,1,2,2,0,0,0.007091999985277653,24.069198019508615,197568
grouped_conv_forward_bf16_2d_16x64x128_compv4,274,4,432,1008,1,14,14,1,1,2,2,0,0,0.007292100228369236,23.408722679909477,197568
grouped_conv_forward_bf16_2d_16x64x128_compv5,274,4,432,1008,1,14,14,1,1,2,2,0,0,0.0068960003554821014,24.75329802793585,197568
grouped_conv_forward_bf16_2d_32x64x128_compv3,274,4,432,1008,1,14,14,1,1,2,2,0,0,0.008063999935984612,21.168000168040397,197056
grouped_conv_forward_bf16_2d_32x64x128_compv4,274,4,432,1008,1,14,14,1,1,2,2,0,0,0.008484000340104103,20.12007840135299,197568
grouped_conv_forward_bf16_2d_32x64x128_compv5,274,4,432,1008,1,14,14,1,1,2,2,0,0,0.007968000136315823,21.423035778074958,197568
grouped_conv_forward_bf16_2d_64x64x128_compv3,274,4,432,1008,1,14,14,1,1,2,2,0,0,0.011051999405026436,15.445056206062263,197568
grouped_conv_forward_bf16_2d_64x64x128_compv4,274,4,432,1008,1,14,14,1,1,2,2,0,0,0.01196799986064434,14.262930647361305,197568
grouped_conv_forward_bf16_2d_64x64x128_compv5,274,4,432,1008,1,14,14,1,1,2,2,0,0,0.010200100019574165,16.735007663888215,197568
grouped_conv_forward_bf16_2d_128x64x128_compv3,274,4,432,1008,1,14,14,1,1,2,2,0,0,0.011119999922811985,15.350607300798822,197568
grouped_conv_forward_bf16_2d_128x64x128_compv4,274,4,432,1008,1,14,14,1,1,2,2,0,0,0.011720100417733192,14.564615141157228,197568
grouped_conv_forward_bf16_2d_128x64x128_compv5,274,4,432,1008,1,14,14,1,1,2,2,0,0,0.011003999970853329,15.512427522004328,197568
grouped_conv_forward_bf16_2d_16x64x64_compv3,275,1,3,64,1,1024,1024,7,7,4,4,2,2,0.04959220066666603,24.86530864577783,4194304
grouped_conv_forward_bf16_2d_16x64x64_compv4,275,1,3,64,1,1024,1024,7,7,4,4,2,2,0.05886030197143555,20.95003482310414,4194296
grouped_conv_forward_bf16_2d_16x64x64_compv5,275,1,3,64,1,1024,1024,7,7,4,4,2,2,0.04946029931306839,24.93161976628362,4194304
grouped_conv_forward_bf16_2d_32x64x64_compv3,275,1,3,64,1,1024,1024,7,7,4,4,2,2,0.04256429895758629,28.97088419637224,4194304
grouped_conv_forward_bf16_2d_32x64x64_compv4,275,1,3,64,1,1024,1024,7,7,4,4,2,2,0.050400298088788986,24.466628626434566,4193875
grouped_conv_forward_bf16_2d_32x64x64_compv5,275,1,3,64,1,1024,1024,7,7,4,4,2,2,0.042764198035001755,28.83546126576975,4194048
grouped_conv_forward_bf16_2d_64x64x64_compv3,275,1,3,64,1,1024,1024,7,7,4,4,2,2,0.037556201219558716,32.834134868725926,4194304
grouped_conv_forward_bf16_2d_64x64x64_compv4,275,1,3,64,1,1024,1024,7,7,4,4,2,2,0.060732401907444,20.304241842423412,4193136
grouped_conv_forward_bf16_2d_64x64x64_compv5,275,1,3,64,1,1024,1024,7,7,4,4,2,2,0.03726019710302353,33.09497726462473,4194026
grouped_conv_forward_bf16_2d_32x128x64_compv3,275,1,3,64,1,1024,1024,7,7,4,4,2,2,0.054540298879146576,22.609435616266566,4190412
grouped_conv_forward_bf16_2d_32x128x64_compv4,275,1,3,64,1,1024,1024,7,7,4,4,2,2,0.05032830312848091,24.501628295553864,4194064
grouped_conv_forward_bf16_2d_32x128x64_compv5,275,1,3,64,1,1024,1024,7,7,4,4,2,2,0.05452430248260498,22.616068795990685,4191120
grouped_conv_forward_bf16_2d_64x128x64_compv3,275,1,3,64,1,1024,1024,7,7,4,4,2,2,0.04643630236387253,26.555201711309646,4189504
grouped_conv_forward_bf16_2d_64x128x64_compv4,275,1,3,64,1,1024,1024,7,7,4,4,2,2,0.0602123960852623,20.47959317635961,4192880
grouped_conv_forward_bf16_2d_64x128x64_compv5,275,1,3,64,1,1024,1024,7,7,4,4,2,2,0.04603230208158493,26.788262160221347,4189296
grouped_conv_forward_bf16_2d_128x128x64_compv3,275,1,3,64,1,1024,1024,7,7,4,4,2,2,0.04209220036864281,29.2958164505611,4190376
grouped_conv_forward_bf16_2d_128x128x64_compv4,275,1,3,64,1,1024,1024,7,7,4,4,2,2,0.06018440052866936,20.48911952545893,4193008
grouped_conv_forward_bf16_2d_128x128x64_compv5,275,1,3,64,1,1024,1024,7,7,4,4,2,2,0.042656201869249344,28.90846634165416,4190376
grouped_conv_forward_bf16_2d_16x64x128_compv3,275,1,3,64,1,1024,1024,7,7,4,4,2,2,0.04937630146741867,24.974032873111955,4194304
grouped_conv_forward_bf16_2d_16x64x128_compv4,275,1,3,64,1,1024,1024,7,7,4,4,2,2,0.058520399034023285,21.071718517897853,4194208
grouped_conv_forward_bf16_2d_16x64x128_compv5,275,1,3,64,1,1024,1024,7,7,4,4,2,2,0.04867210239171982,25.33536287534153,4194272
grouped_conv_forward_bf16_2d_32x64x128_compv3,275,1,3,64,1,1024,1024,7,7,4,4,2,2,0.03834420070052147,32.159370999308116,4194176
grouped_conv_forward_bf16_2d_32x64x128_compv4,275,1,3,64,1,1024,1024,7,7,4,4,2,2,0.050744302570819855,24.300765081538433,4194067
grouped_conv_forward_bf16_2d_32x64x128_compv5,275,1,3,64,1,1024,1024,7,7,4,4,2,2,0.03820420056581497,32.2772197228856,4194088
grouped_conv_forward_bf16_2d_64x64x128_compv3,275,1,3,64,1,1024,1024,7,7,4,4,2,2,0.03462420031428337,35.614551810783745,4193309
grouped_conv_forward_bf16_2d_64x64x128_compv4,275,1,3,64,1,1024,1024,7,7,4,4,2,2,0.06025639921426773,20.464637649772076,4193136
grouped_conv_forward_bf16_2d_64x64x128_compv5,275,1,3,64,1,1024,1024,7,7,4,4,2,2,0.034616198390722275,35.622784514965645,4193167
grouped_conv_forward_bf16_2d_128x64x128_compv3,275,1,3,64,1,1024,1024,7,7,4,4,2,2,0.032124198973178864,38.38618285951849,4191976
grouped_conv_forward_bf16_2d_128x64x128_compv4,275,1,3,64,1,1024,1024,7,7,4,4,2,2,0.060436397790908813,20.403687530587632,4193392
grouped_conv_forward_bf16_2d_128x64x128_compv5,275,1,3,64,1,1024,1024,7,7,4,4,2,2,0.03217630088329315,38.324025514078706,4192288
grouped_conv_forward_bf16_2d_16x64x64_compv3,277,1,416,512,1,14,14,1,1,1,1,0,0,0.007275999989360571,11.47510501952839,100352
grouped_conv_forward_bf16_2d_16x64x64_compv4,277,1,416,512,1,14,14,1,1,1,1,0,0,0.007703999988734722,10.837599185110147,100352
grouped_conv_forward_bf16_2d_16x64x64_compv5,277,1,416,512,1,14,14,1,1,1,1,0,0,0.007280000485479832,11.468799235182592,100352
grouped_conv_forward_bf16_2d_32x64x64_compv3,277,1,416,512,1,14,14,1,1,1,1,0,0,0.009664099663496017,8.639487061104687,100352
grouped_conv_forward_bf16_2d_32x64x64_compv4,277,1,416,512,1,14,14,1,1,1,1,0,0,0.008307999931275845,10.049694835177755,100352
grouped_conv_forward_bf16_2d_32x64x64_compv5,277,1,416,512,1,14,14,1,1,1,1,0,0,0.008960099890828133,9.31829611469691,100352
grouped_conv_forward_bf16_2d_64x64x64_compv3,277,1,416,512,1,14,14,1,1,1,1,0,0,0.011003999970853329,7.587501292361905,100352
grouped_conv_forward_bf16_2d_64x64x64_compv4,277,1,416,512,1,14,14,1,1,1,1,0,0,0.011816000565886497,7.066084969651144,100352
grouped_conv_forward_bf16_2d_64x64x64_compv5,277,1,416,512,1,14,14,1,1,1,1,0,0,0.010991999879479408,7.595784653879955,100352
grouped_conv_forward_bf16_2d_32x128x64_compv3,277,1,416,512,1,14,14,1,1,1,1,0,0,0.010208000428974628,8.17915953089225,100352
grouped_conv_forward_bf16_2d_32x128x64_compv4,277,1,416,512,1,14,14,1,1,1,1,0,0,0.00839999970048666,9.939627021077486,100124
grouped_conv_forward_bf16_2d_32x128x64_compv5,277,1,416,512,1,14,14,1,1,1,1,0,0,0.010452100075781345,7.988142420628182,100352
grouped_conv_forward_bf16_2d_64x128x64_compv3,277,1,416,512,1,14,14,1,1,1,1,0,0,0.012415999546647072,6.72461880224111,98816
grouped_conv_forward_bf16_2d_64x128x64_compv4,277,1,416,512,1,14,14,1,1,1,1,0,0,0.011695999652147293,7.138582975647693,100352
grouped_conv_forward_bf16_2d_64x128x64_compv5,277,1,416,512,1,14,14,1,1,1,1,0,0,0.012100099585950375,6.900179904051777,100352
grouped_conv_forward_bf16_2d_128x128x64_compv3,277,1,416,512,1,14,14,1,1,1,1,0,0,0.013079999014735222,6.38324696400523,100352
grouped_conv_forward_bf16_2d_128x128x64_compv4,277,1,416,512,1,14,14,1,1,1,1,0,0,0.011804000474512577,7.0732684381264965,100352
grouped_conv_forward_bf16_2d_128x128x64_compv5,277,1,416,512,1,14,14,1,1,1,1,0,0,0.0130241010338068,6.410643144066271,100352
grouped_conv_forward_bf16_2d_16x64x128_compv3,277,1,416,512,1,14,14,1,1,1,1,0,0,0.006772000342607498,12.329128732419973,100352
grouped_conv_forward_bf16_2d_16x64x128_compv4,277,1,416,512,1,14,14,1,1,1,1,0,0,0.007379999849945307,11.313396435992985,100352
grouped_conv_forward_bf16_2d_16x64x128_compv5,277,1,416,512,1,14,14,1,1,1,1,0,0,0.006768000312149525,12.336415506677566,100352
grouped_conv_forward_bf16_2d_32x64x128_compv3,277,1,416,512,1,14,14,1,1,1,1,0,0,0.007823999971151352,10.671378362455885,100352
grouped_conv_forward_bf16_2d_32x64x128_compv4,277,1,416,512,1,14,14,1,1,1,1,0,0,0.008364100009202957,9.982289057774706,100352
grouped_conv_forward_bf16_2d_32x64x128_compv5,277,1,416,512,1,14,14,1,1,1,1,0,0,0.007744099944829941,10.781480687854616,100352
grouped_conv_forward_bf16_2d_64x64x128_compv3,277,1,416,512,1,14,14,1,1,1,1,0,0,0.01017600018531084,8.204880353729042,100352
grouped_conv_forward_bf16_2d_64x64x128_compv4,277,1,416,512,1,14,14,1,1,1,1,0,0,0.011772099882364273,7.092435914944985,100352
grouped_conv_forward_bf16_2d_64x64x128_compv5,277,1,416,512,1,14,14,1,1,1,1,0,0,0.010080100037157536,8.28294001966512,100352
grouped_conv_forward_bf16_2d_128x64x128_compv3,277,1,416,512,1,14,14,1,1,1,1,0,0,0.010740099474787712,7.773937680558617,100352
grouped_conv_forward_bf16_2d_128x64x128_compv4,277,1,416,512,1,14,14,1,1,1,1,0,0,0.012000100687146187,6.957680287585647,100352
grouped_conv_forward_bf16_2d_128x64x128_compv5,277,1,416,512,1,14,14,1,1,1,1,0,0,0.010692100040614605,7.808836775081338,100352
grouped_conv_forward_bf16_2d_16x64x64_compv3,280,4,1216,512,1,28,28,1,1,1,1,0,0,0.03542809933423996,110.22033632569332,1605632
grouped_conv_forward_bf16_2d_16x64x64_compv4,280,4,1216,512,1,28,28,1,1,1,1,0,0,0.038728099316358566,100.82852225982053,1605632
grouped_conv_forward_bf16_2d_16x64x64_compv5,280,4,1216,512,1,28,28,1,1,1,1,0,0,0.035468097776174545,110.09603753328683,1605632
grouped_conv_forward_bf16_2d_32x64x64_compv3,280,4,1216,512,1,28,28,1,1,1,1,0,0,0.031676098704338074,123.27581942612208,1605632
grouped_conv_forward_bf16_2d_32x64x64_compv4,280,4,1216,512,1,28,28,1,1,1,1,0,0,0.03545219823718071,110.14541320895344,1605490
grouped_conv_forward_bf16_2d_32x64x64_compv5,280,4,1216,512,1,28,28,1,1,1,1,0,0,0.031668100506067276,123.30695436727765,1605632
grouped_conv_forward_bf16_2d_64x64x64_compv3,280,4,1216,512,1,28,28,1,1,1,1,0,0,0.029652198776602745,131.68996516646797,1603632
grouped_conv_forward_bf16_2d_64x64x64_compv4,280,4,1216,512,1,28,28,1,1,1,1,0,0,0.04399619996547699,88.75532493861063,1605048
grouped_conv_forward_bf16_2d_64x64x64_compv5,280,4,1216,512,1,28,28,1,1,1,1,0,0,0.029680201783776283,131.5657168521841,1605600
grouped_conv_forward_bf16_2d_32x128x64_compv3,280,4,1216,512,1,28,28,1,1,1,1,0,0,0.02720009908080101,143.56186763879265,1605632
grouped_conv_forward_bf16_2d_32x128x64_compv4,280,4,1216,512,1,28,28,1,1,1,1,0,0,0.035196200013160706,110.94655168853072,1605456
grouped_conv_forward_bf16_2d_32x128x64_compv5,280,4,1216,512,1,28,28,1,1,1,1,0,0,0.026848098263144493,145.44408269543678,1604832
grouped_conv_forward_bf16_2d_64x128x64_compv3,280,4,1216,512,1,28,28,1,1,1,1,0,0,0.026672199368476868,146.40326319002733,1603808
grouped_conv_forward_bf16_2d_64x128x64_compv4,280,4,1216,512,1,28,28,1,1,1,1,0,0,0.043640200048685074,89.47935664006332,1605120
grouped_conv_forward_bf16_2d_64x128x64_compv5,280,4,1216,512,1,28,28,1,1,1,1,0,0,0.026656201109290123,146.49113007476072,1604160
grouped_conv_forward_bf16_2d_128x128x64_compv3,280,4,1216,512,1,28,28,1,1,1,1,0,0,0.02850010059773922,137.01344704410474,1605632
grouped_conv_forward_bf16_2d_128x128x64_compv4,280,4,1216,512,1,28,28,1,1,1,1,0,0,0.04376029968261719,89.23378158562141,1604780
grouped_conv_forward_bf16_2d_128x128x64_compv5,280,4,1216,512,1,28,28,1,1,1,1,0,0,0.028256099671125412,138.19660425357185,1605632
grouped_conv_forward_bf16_2d_16x64x128_compv3,280,4,1216,512,1,28,28,1,1,1,1,0,0,0.03190020099282265,122.40979374639609,1605632
grouped_conv_forward_bf16_2d_16x64x128_compv4,280,4,1216,512,1,28,28,1,1,1,1,0,0,0.03872019797563553,100.84909758098694,1605616
grouped_conv_forward_bf16_2d_16x64x128_compv5,280,4,1216,512,1,28,28,1,1,1,1,0,0,0.031911998987197876,122.36453835331739,1605632
grouped_conv_forward_bf16_2d_32x64x128_compv3,280,4,1216,512,1,28,28,1,1,1,1,0,0,0.029764100909233093,131.19485906556196,1605508
grouped_conv_forward_bf16_2d_32x64x128_compv4,280,4,1216,512,1,28,28,1,1,1,1,0,0,0.03578820079565048,109.11129749988945,1605396
grouped_conv_forward_bf16_2d_32x64x128_compv5,280,4,1216,512,1,28,28,1,1,1,1,0,0,0.029788101091980934,131.08915576532715,1605632
grouped_conv_forward_bf16_2d_64x64x128_compv3,280,4,1216,512,1,28,28,1,1,1,1,0,0,0.024692099541425705,158.14358019449867,1605312
grouped_conv_forward_bf16_2d_64x64x128_compv4,280,4,1216,512,1,28,28,1,1,1,1,0,0,0.043744198977947235,89.2666254094303,1604892
grouped_conv_forward_bf16_2d_64x64x128_compv5,280,4,1216,512,1,28,28,1,1,1,1,0,0,0.024640100076794624,158.4773199715015,1605480
grouped_conv_forward_bf16_2d_128x64x128_compv3,280,4,1216,512,1,28,28,1,1,1,1,0,0,0.022440100088715553,174.01424274233315,1605408
grouped_conv_forward_bf16_2d_128x64x128_compv4,280,4,1216,512,1,28,28,1,1,1,1,0,0,0.04404430091381073,88.65839491110104,1604884
grouped_conv_forward_bf16_2d_128x64x128_compv5,280,4,1216,512,1,28,28,1,1,1,1,0,0,0.021608099341392517,180.71450719961157,1605376
grouped_conv_forward_bf16_2d_16x64x64_compv3,282,4,288,96,1,56,56,1,1,1,1,0,0,0.013368000276386738,51.88756804749883,1204224
grouped_conv_forward_bf16_2d_16x64x64_compv4,282,4,288,96,1,56,56,1,1,1,1,0,0,0.014312000945210457,48.465132629279616,1204166
grouped_conv_forward_bf16_2d_16x64x64_compv5,282,4,288,96,1,56,56,1,1,1,1,0,0,0.013360099866986275,51.9182514281959,1203164
grouped_conv_forward_bf16_2d_32x64x64_compv3,282,4,288,96,1,56,56,1,1,1,1,0,0,0.012172000482678413,56.98595107575678,1203912
grouped_conv_forward_bf16_2d_32x64x64_compv4,282,4,288,96,1,56,56,1,1,1,1,0,0,0.013700099661946297,50.629779426105245,1203068
grouped_conv_forward_bf16_2d_32x64x64_compv5,282,4,288,96,1,56,56,1,1,1,1,0,0,0.012160000391304493,57.042187638086816,1201920
grouped_conv_forward_bf16_2d_64x64x64_compv3,282,4,288,96,1,56,56,1,1,1,1,0,0,0.011712100356817245,59.22362367705106,1203456
grouped_conv_forward_bf16_2d_64x64x64_compv4,282,4,288,96,1,56,56,1,1,1,1,0,0,0.01565210148692131,44.31564825845211,1201664
grouped_conv_forward_bf16_2d_64x64x64_compv5,282,4,288,96,1,56,56,1,1,1,1,0,0,0.011992099694907665,57.840832018311595,1201440
grouped_conv_forward_bf16_2d_32x128x64_compv3,282,4,288,96,1,56,56,1,1,1,1,0,0,0.00967200007289648,71.71557266048254,1203936
grouped_conv_forward_bf16_2d_32x128x64_compv4,282,4,288,96,1,56,56,1,1,1,1,0,0,0.014508100226521492,47.810051844831214,1203120
grouped_conv_forward_bf16_2d_32x128x64_compv5,282,4,288,96,1,56,56,1,1,1,1,0,0,0.009895999915897846,70.09226251969586,1203912
grouped_conv_forward_bf16_2d_64x128x64_compv3,282,4,288,96,1,56,56,1,1,1,1,0,0,0.010632099583745003,65.23951535033288,1203072
grouped_conv_forward_bf16_2d_64x128x64_compv4,282,4,288,96,1,56,56,1,1,1,1,0,0,0.015876099467277527,43.69039293496855,1202688
grouped_conv_forward_bf16_2d_64x128x64_compv5,282,4,288,96,1,56,56,1,1,1,1,0,0,0.010288000106811523,67.42156073081263,1204224
grouped_conv_forward_bf16_2d_128x128x64_compv3,282,4,288,96,1,56,56,1,1,1,1,0,0,0.01109199970960617,62.534533191457136,1204224
grouped_conv_forward_bf16_2d_128x128x64_compv4,282,4,288,96,1,56,56,1,1,1,1,0,0,0.017240099608898163,40.23370164531961,1203840
grouped_conv_forward_bf16_2d_128x128x64_compv5,282,4,288,96,1,56,56,1,1,1,1,0,0,0.010843999683856964,63.96468500756084,1203258
grouped_conv_forward_bf16_2d_16x64x128_compv3,282,4,288,96,1,56,56,1,1,1,1,0,0,0.013328100554645061,52.04290147392815,1204182
grouped_conv_forward_bf16_2d_16x64x128_compv4,282,4,288,96,1,56,56,1,1,1,1,0,0,0.014368100091814995,48.27590423003376,1204224
grouped_conv_forward_bf16_2d_16x64x128_compv5,282,4,288,96,1,56,56,1,1,1,1,0,0,0.013256000354886055,52.32596601012706,1203826
grouped_conv_forward_bf16_2d_32x64x128_compv3,282,4,288,96,1,56,56,1,1,1,1,0,0,0.01332399994134903,52.05891827178821,1204062
grouped_conv_forward_bf16_2d_32x64x128_compv4,282,4,288,96,1,56,56,1,1,1,1,0,0,0.013460000045597553,51.53291394132431,1203200
grouped_conv_forward_bf16_2d_32x64x128_compv5,282,4,288,96,1,56,56,1,1,1,1,0,0,0.012455999851226807,55.68665962465335,1203968
grouped_conv_forward_bf16_2d_64x64x128_compv3,282,4,288,96,1,56,56,1,1,1,1,0,0,0.011192100122570992,61.97523399573218,1203840
grouped_conv_forward_bf16_2d_64x64x128_compv4,282,4,288,96,1,56,56,1,1,1,1,0,0,0.01571200042963028,44.14670347716646,1202750
grouped_conv_forward_bf16_2d_64x64x128_compv5,282,4,288,96,1,56,56,1,1,1,1,0,0,0.011060000397264957,62.71546103845796,1202018
grouped_conv_forward_bf16_2d_128x64x128_compv3,282,4,288,96,1,56,56,1,1,1,1,0,0,0.010080000385642052,68.81279736735036,1204224
grouped_conv_forward_bf16_2d_128x64x128_compv4,282,4,288,96,1,56,56,1,1,1,1,0,0,0.015644099563360214,44.33831561802038,1203936
grouped_conv_forward_bf16_2d_128x64x128_compv5,282,4,288,96,1,56,56,1,1,1,1,0,0,0.01017600018531084,68.1636214002105,1202886
grouped_conv_forward_bf16_2d_16x64x64_compv3,284,4,5,20,1,28,28,1,1,1,1,0,0,0.004252000246196985,0.14750704696241998,6272
grouped_conv_forward_bf16_2d_16x64x64_compv4,284,4,5,20,1,28,28,1,1,1,1,0,0,0.0050999997183680534,0.12298039894808023,6272
grouped_conv_forward_bf16_2d_16x64x64_compv5,284,4,5,20,1,28,28,1,1,1,1,0,0,0.009196000173687935,0.06820356547997647,6272
grouped_conv_forward_bf16_2d_32x64x64_compv3,284,4,5,20,1,28,28,1,1,1,1,0,0,0.005952100269496441,0.10537456890877651,6208
grouped_conv_forward_bf16_2d_32x64x64_compv4,284,4,5,20,1,28,28,1,1,1,1,0,0,0.005604099947959185,0.11191806103108566,6208
grouped_conv_forward_bf16_2d_32x64x64_compv5,284,4,5,20,1,28,28,1,1,1,1,0,0,0.003991999663412571,0.15711424170407784,6208
grouped_conv_forward_bf16_2d_64x64x64_compv3,284,4,5,20,1,28,28,1,1,1,1,0,0,0.00521599967032671,0.12024540637302507,6272
grouped_conv_forward_bf16_2d_64x64x64_compv4,284,4,5,20,1,28,28,1,1,1,1,0,0,0.009308000095188618,0.067382895744082,6272
grouped_conv_forward_bf16_2d_64x64x64_compv5,284,4,5,20,1,28,28,1,1,1,1,0,0,0.005455999635159969,0.11495601941725764,6272
grouped_conv_forward_bf16_2d_32x128x64_compv3,284,4,5,20,1,28,28,1,1,1,1,0,0,0.004075999837368727,0.15387635550174378,6352
grouped_conv_forward_bf16_2d_32x128x64_compv4,284,4,5,20,1,28,28,1,1,1,1,0,0,0.005668000318109989,0.11065630995044504,6208
grouped_conv_forward_bf16_2d_32x128x64_compv5,284,4,5,20,1,28,28,1,1,1,1,0,0,0.004307999741286039,0.1455896094860874,6416
grouped_conv_forward_bf16_2d_64x128x64_compv3,284,4,5,20,1,28,28,1,1,1,1,0,0,0.004996099974960089,0.1255379202064527,6272
grouped_conv_forward_bf16_2d_64x128x64_compv4,284,4,5,20,1,28,28,1,1,1,1,0,0,0.006391999777406454,0.09812265673364676,6272
grouped_conv_forward_bf16_2d_64x128x64_compv5,284,4,5,20,1,28,28,1,1,1,1,0,0,0.005024000070989132,0.12484076256720993,6272
grouped_conv_forward_bf16_2d_128x128x64_compv3,284,4,5,20,1,28,28,1,1,1,1,0,0,0.005671999882906675,0.11057828154936153,6272
grouped_conv_forward_bf16_2d_128x128x64_compv4,284,4,5,20,1,28,28,1,1,1,1,0,0,0.006415999494493008,0.09775561867458678,6272
grouped_conv_forward_bf16_2d_128x128x64_compv5,284,4,5,20,1,28,28,1,1,1,1,0,0,0.005563999991863966,0.11272465868388419,6272
grouped_conv_forward_bf16_2d_16x64x128_compv3,284,4,5,20,1,28,28,1,1,1,1,0,0,0.00476810010150075,0.13154086253402902,6272
grouped_conv_forward_bf16_2d_16x64x128_compv4,284,4,5,20,1,28,28,1,1,1,1,0,0,0.00444400031119585,0.14113410352827466,6272
grouped_conv_forward_bf16_2d_16x64x128_compv5,284,4,5,20,1,28,28,1,1,1,1,0,0,0.003711999859660864,0.16896552362943848,6295
grouped_conv_forward_bf16_2d_32x64x128_compv3,284,4,5,20,1,28,28,1,1,1,1,0,0,0.004011999815702438,0.15633101416037506,6217
grouped_conv_forward_bf16_2d_32x64x128_compv4,284,4,5,20,1,28,28,1,1,1,1,0,0,0.004687999840825796,0.13378840044702692,6217
grouped_conv_forward_bf16_2d_32x64x128_compv5,284,4,5,20,1,28,28,1,1,1,1,0,0,0.004044000059366226,0.15509396409313964,6217
grouped_conv_forward_bf16_2d_64x64x128_compv3,284,4,5,20,1,28,28,1,1,1,1,0,0,0.00508800009265542,0.12327043800674642,6272
grouped_conv_forward_bf16_2d_64x64x128_compv4,284,4,5,20,1,28,28,1,1,1,1,0,0,0.006400000303983688,0.09799999534524999,6272
grouped_conv_forward_bf16_2d_64x64x128_compv5,284,4,5,20,1,28,28,1,1,1,1,0,0,0.005059999879449606,0.12395257212302993,6272
grouped_conv_forward_bf16_2d_128x64x128_compv3,284,4,5,20,1,28,28,1,1,1,1,0,0,0.00547999981790781,0.11445255854761259,6272
grouped_conv_forward_bf16_2d_128x64x128_compv4,284,4,5,20,1,28,28,1,1,1,1,0,0,0.006391999777406454,0.09812265673364676,6378
grouped_conv_forward_bf16_2d_128x64x128_compv5,284,4,5,20,1,28,28,1,1,1,1,0,0,0.005552000366151333,0.1129682922616191,6272
grouped_conv_forward_bf16_2d_16x64x64_compv3,285,4,174,1044,1,64,64,1,1,1,1,0,0,0.06562419980764389,90.70592594573098,1341326
grouped_conv_forward_bf16_2d_16x64x64_compv4,285,4,174,1044,1,64,64,1,1,1,1,0,0,0.08402429521083832,70.84265084358822,1333740
grouped_conv_forward_bf16_2d_16x64x64_compv5,285,4,174,1044,1,64,64,1,1,1,1,0,0,0.06583629548549652,90.41371122272992,1342890
grouped_conv_forward_bf16_2d_32x64x64_compv3,285,4,174,1044,1,64,64,1,1,1,1,0,0,0.05309230089187622,112.11613940263054,1338607
grouped_conv_forward_bf16_2d_32x64x64_compv4,285,4,174,1044,1,64,64,1,1,1,1,0,0,0.07540839910507202,78.93688075390571,1331403
grouped_conv_forward_bf16_2d_32x64x64_compv5,285,4,174,1044,1,64,64,1,1,1,1,0,0,0.053000301122665405,112.31075450351416,1334667
grouped_conv_forward_bf16_2d_64x64x64_compv3,285,4,174,1044,1,64,64,1,1,1,1,0,0,0.0447641983628273,132.9746544270304,1336152
grouped_conv_forward_bf16_2d_64x64x64_compv4,285,4,174,1044,1,64,64,1,1,1,1,0,0,0.09760860353708267,60.98339277785664,1332824
grouped_conv_forward_bf16_2d_64x64x64_compv5,285,4,174,1044,1,64,64,1,1,1,1,0,0,0.04476020112633705,132.9865295108678,1336371
grouped_conv_forward_bf16_2d_32x128x64_compv3,285,4,174,1044,1,64,64,1,1,1,1,0,0,0.04102019965648651,145.11152695130124,1337086
grouped_conv_forward_bf16_2d_32x128x64_compv4,285,4,174,1044,1,64,64,1,1,1,1,0,0,0.07523249834775925,79.12144271063266,1331654
grouped_conv_forward_bf16_2d_32x128x64_compv5,285,4,174,1044,1,64,64,1,1,1,1,0,0,0.04108019918203354,144.8995848735644,1337936
grouped_conv_forward_bf16_2d_64x128x64_compv3,285,4,174,1044,1,64,64,1,1,1,1,0,0,0.03749620169401169,158.7495143261575,1336237
grouped_conv_forward_bf16_2d_64x128x64_compv4,285,4,174,1044,1,64,64,1,1,1,1,0,0,0.09661660343408585,61.60953290042886,1333012
grouped_conv_forward_bf16_2d_64x128x64_compv5,285,4,174,1044,1,64,64,1,1,1,1,0,0,0.03730420023202896,159.56658421775379,1334297
grouped_conv_forward_bf16_2d_128x128x64_compv3,285,4,174,1044,1,64,64,1,1,1,1,0,0,0.04142029955983162,143.7098203358382,1350964
grouped_conv_forward_bf16_2d_128x128x64_compv4,285,4,174,1044,1,64,64,1,1,1,1,0,0,0.09654860198497772,61.65292594217125,1332735
grouped_conv_forward_bf16_2d_128x128x64_compv5,285,4,174,1044,1,64,64,1,1,1,1,0,0,0.041856199502944946,142.21319371294544,1347630
grouped_conv_forward_bf16_2d_16x64x128_compv3,285,4,174,1044,1,64,64,1,1,1,1,0,0,0.06527639925479889,91.1892180934351,1341135
grouped_conv_forward_bf16_2d_16x64x128_compv4,285,4,174,1044,1,64,64,1,1,1,1,0,0,0.08407250046730042,70.80203128150325,1335762
grouped_conv_forward_bf16_2d_16x64x128_compv5,285,4,174,1044,1,64,64,1,1,1,1,0,0,0.06471230089664459,91.98411624255264,1342125
grouped_conv_forward_bf16_2d_32x64x128_compv3,285,4,174,1044,1,64,64,1,1,1,1,0,0,0.05078420042991638,117.2117264347722,1329316
grouped_conv_forward_bf16_2d_32x64x128_compv4,285,4,174,1044,1,64,64,1,1,1,1,0,0,0.07537639886140823,78.97039256206239,1331105
grouped_conv_forward_bf16_2d_32x64x128_compv5,285,4,174,1044,1,64,64,1,1,1,1,0,0,0.05080829933285713,117.15613169816501,1329005
grouped_conv_forward_bf16_2d_64x64x128_compv3,285,4,174,1044,1,64,64,1,1,1,1,0,0,0.05010030418634415,118.81172988212067,1331398
grouped_conv_forward_bf16_2d_64x64x128_compv4,285,4,174,1044,1,64,64,1,1,1,1,0,0,0.09660859405994415,61.6146406634027,1333089
grouped_conv_forward_bf16_2d_64x64x128_compv5,285,4,174,1044,1,64,64,1,1,1,1,0,0,0.05014430359005928,118.70747785557117,1330906
grouped_conv_forward_bf16_2d_128x64x128_compv3,285,4,174,1044,1,64,64,1,1,1,1,0,0,0.054992299526929855,108.24249684421808,1361301
grouped_conv_forward_bf16_2d_128x64x128_compv4,285,4,174,1044,1,64,64,1,1,1,1,0,0,0.09688059985637665,61.441648966092856,1332823
grouped_conv_forward_bf16_2d_128x64x128_compv5,285,4,174,1044,1,64,64,1,1,1,1,0,0,0.05462830141186714,108.96373590533993,1361939
grouped_conv_forward_bf16_2d_16x64x64_compv3,286,4,336,192,1,56,56,1,1,1,1,0,0,0.020080000162124634,80.60144636118127,2408384
grouped_conv_forward_bf16_2d_16x64x64_compv4,286,4,336,192,1,56,56,1,1,1,1,0,0,0.02021609991788864,80.0588176044706,2408334
grouped_conv_forward_bf16_2d_16x64x64_compv5,286,4,336,192,1,56,56,1,1,1,1,0,0,0.020040098577737808,80.76193087183401,2408384
grouped_conv_forward_bf16_2d_32x64x64_compv3,286,4,336,192,1,56,56,1,1,1,1,0,0,0.017916100099682808,90.3364597761236,2407955
grouped_conv_forward_bf16_2d_32x64x64_compv4,286,4,336,192,1,56,56,1,1,1,1,0,0,0.017548101022839546,92.23089460754119,2407820
grouped_conv_forward_bf16_2d_32x64x64_compv5,286,4,336,192,1,56,56,1,1,1,1,0,0,0.017632100731134415,91.79150463575365,2408255
grouped_conv_forward_bf16_2d_64x64x64_compv3,286,4,336,192,1,56,56,1,1,1,1,0,0,0.016512099653482437,98.01764100052895,2408192
grouped_conv_forward_bf16_2d_64x64x64_compv4,286,4,336,192,1,56,56,1,1,1,1,0,0,0.022836100310087204,70.87361826331983,2407184
grouped_conv_forward_bf16_2d_64x64x64_compv5,286,4,336,192,1,56,56,1,1,1,1,0,0,0.016192199662327766,99.95411925196889,2407424
grouped_conv_forward_bf16_2d_32x128x64_compv3,286,4,336,192,1,56,56,1,1,1,1,0,0,0.018500100821256638,87.48476949597853,2408088
grouped_conv_forward_bf16_2d_32x128x64_compv4,286,4,336,192,1,56,56,1,1,1,1,0,0,0.017600100487470627,91.95839859847284,2407696
grouped_conv_forward_bf16_2d_32x128x64_compv5,286,4,336,192,1,56,56,1,1,1,1,0,0,0.018456099554896355,87.69334231135647,2407400
grouped_conv_forward_bf16_2d_64x128x64_compv3,286,4,336,192,1,56,56,1,1,1,1,0,0,0.015052099712193012,107.52500228848115,2406602
grouped_conv_forward_bf16_2d_64x128x64_compv4,286,4,336,192,1,56,56,1,1,1,1,0,0,0.022864200174808502,70.78651532202812,2407776
grouped_conv_forward_bf16_2d_64x128x64_compv5,286,4,336,192,1,56,56,1,1,1,1,0,0,0.015472101047635078,104.6061585958544,2406783
grouped_conv_forward_bf16_2d_128x128x64_compv3,286,4,336,192,1,56,56,1,1,1,1,0,0,0.01390410028398037,116.4028612383306,2406968
grouped_conv_forward_bf16_2d_128x128x64_compv4,286,4,336,192,1,56,56,1,1,1,1,0,0,0.02292810007929802,70.5892354971591,2407224
grouped_conv_forward_bf16_2d_128x128x64_compv5,286,4,336,192,1,56,56,1,1,1,1,0,0,0.013508099131286144,119.81530785863431,2407466
grouped_conv_forward_bf16_2d_16x64x128_compv3,286,4,336,192,1,56,56,1,1,1,1,0,0,0.01844010129570961,87.76942328275415,2408020
grouped_conv_forward_bf16_2d_16x64x128_compv4,286,4,336,192,1,56,56,1,1,1,1,0,0,0.020340099930763245,79.57075243038238,2408051
grouped_conv_forward_bf16_2d_16x64x128_compv5,286,4,336,192,1,56,56,1,1,1,1,0,0,0.01841999962925911,87.86520567726518,2408410
grouped_conv_forward_bf16_2d_32x64x128_compv3,286,4,336,192,1,56,56,1,1,1,1,0,0,0.015087999403476715,107.26916224738554,2407742
grouped_conv_forward_bf16_2d_32x64x128_compv4,286,4,336,192,1,56,56,1,1,1,1,0,0,0.01748010143637657,92.58968329736948,2407766
grouped_conv_forward_bf16_2d_32x64x128_compv5,286,4,336,192,1,56,56,1,1,1,1,0,0,0.015024000778794289,107.7261030420345,2408042
grouped_conv_forward_bf16_2d_64x64x128_compv3,286,4,336,192,1,56,56,1,1,1,1,0,0,0.016924099996685982,95.63149924172775,2407680
grouped_conv_forward_bf16_2d_64x64x128_compv4,286,4,336,192,1,56,56,1,1,1,1,0,0,0.023156100884079933,69.89419609554044,2407776
grouped_conv_forward_bf16_2d_64x64x128_compv5,286,4,336,192,1,56,56,1,1,1,1,0,0,0.01692810095846653,95.60889670796324,2408176
grouped_conv_forward_bf16_2d_128x64x128_compv3,286,4,336,192,1,56,56,1,1,1,1,0,0,0.018236100673675537,88.75126788131465,2407104
grouped_conv_forward_bf16_2d_128x64x128_compv4,286,4,336,192,1,56,56,1,1,1,1,0,0,0.023048199713230133,70.22140887953871,2407816
grouped_conv_forward_bf16_2d_128x64x128_compv5,286,4,336,192,1,56,56,1,1,1,1,0,0,0.01828410103917122,88.51827347336527,2407350
grouped_conv_forward_bf16_2d_16x64x64_compv3,287,1,1024,416,1,128,128,1,1,1,1,0,0,0.10078040510416031,138.50553287192307,6814848
grouped_conv_forward_bf16_2d_16x64x64_compv4,287,1,1024,416,1,128,128,1,1,1,1,0,0,0.11591670662164688,120.41960230600004,6813744
grouped_conv_forward_bf16_2d_16x64x64_compv5,287,1,1024,416,1,128,128,1,1,1,1,0,0,0.10085660219192505,138.40089204509786,6814592
grouped_conv_forward_bf16_2d_32x64x64_compv3,287,1,1024,416,1,128,128,1,1,1,1,0,0,0.08335649967193604,167.45717210939355,6811904
grouped_conv_forward_bf16_2d_32x64x64_compv4,287,1,1024,416,1,128,128,1,1,1,1,0,0,0.09972859919071198,139.9663068094113,6811892
grouped_conv_forward_bf16_2d_32x64x64_compv5,287,1,1024,416,1,128,128,1,1,1,1,0,0,0.08432859927415848,165.52680623354627,6814592
grouped_conv_forward_bf16_2d_64x64x64_compv3,287,1,1024,416,1,128,128,1,1,1,1,0,0,0.06960440427064896,200.54253546547676,6814208
grouped_conv_forward_bf16_2d_64x64x64_compv4,287,1,1024,416,1,128,128,1,1,1,1,0,0,0.12504880130290985,111.6255699100027,6809088
grouped_conv_forward_bf16_2d_64x64x64_compv5,287,1,1024,416,1,128,128,1,1,1,1,0,0,0.06963250041007996,200.46161820693942,6812928
grouped_conv_forward_bf16_2d_32x128x64_compv3,287,1,1024,416,1,128,128,1,1,1,1,0,0,0.07001649588346481,199.36221508760897,6813008
grouped_conv_forward_bf16_2d_32x128x64_compv4,287,1,1024,416,1,128,128,1,1,1,1,0,0,0.1000967025756836,139.4515838465888,6811984
grouped_conv_forward_bf16_2d_32x128x64_compv5,287,1,1024,416,1,128,128,1,1,1,1,0,0,0.06953249871730804,200.7499222593796,6813184
grouped_conv_forward_bf16_2d_64x128x64_compv3,287,1,1024,416,1,128,128,1,1,1,1,0,0,0.05786439776420593,241.2302599066297,6814976
grouped_conv_forward_bf16_2d_64x128x64_compv4,287,1,1024,416,1,128,128,1,1,1,1,0,0,0.12632089853286743,110.50145996521788,6809648
grouped_conv_forward_bf16_2d_64x128x64_compv5,287,1,1024,416,1,128,128,1,1,1,1,0,0,0.058256398886442184,239.60704710240077,6812912
grouped_conv_forward_bf16_2d_128x128x64_compv3,287,1,1024,416,1,128,128,1,1,1,1,0,0,0.052532296627759933,265.7154666377894,6810752
grouped_conv_forward_bf16_2d_128x128x64_compv4,287,1,1024,416,1,128,128,1,1,1,1,0,0,0.12551289796829224,111.21282304808474,6810880
grouped_conv_forward_bf16_2d_128x128x64_compv5,287,1,1024,416,1,128,128,1,1,1,1,0,0,0.05214430019259453,267.6926080212769,6807808
grouped_conv_forward_bf16_2d_16x64x128_compv3,287,1,1024,416,1,128,128,1,1,1,1,0,0,0.09456460177898407,147.60960707711828,6814848
grouped_conv_forward_bf16_2d_16x64x128_compv4,287,1,1024,416,1,128,128,1,1,1,1,0,0,0.11614479869604111,120.18311511762766,6815424
grouped_conv_forward_bf16_2d_16x64x128_compv5,287,1,1024,416,1,128,128,1,1,1,1,0,0,0.09377630054950714,148.850441211752,6813776
grouped_conv_forward_bf16_2d_32x64x128_compv3,287,1,1024,416,1,128,128,1,1,1,1,0,0,0.07219640165567398,193.34265132177785,6812920
grouped_conv_forward_bf16_2d_32x64x128_compv4,287,1,1024,416,1,128,128,1,1,1,1,0,0,0.10016059875488281,139.36262248351943,6812256
grouped_conv_forward_bf16_2d_32x64x128_compv5,287,1,1024,416,1,128,128,1,1,1,1,0,0,0.07154040038585663,195.11553802765118,6811904
grouped_conv_forward_bf16_2d_64x64x128_compv3,287,1,1024,416,1,128,128,1,1,1,1,0,0,0.06757239997386932,206.57315290559305,6810752
grouped_conv_forward_bf16_2d_64x64x128_compv4,287,1,1024,416,1,128,128,1,1,1,1,0,0,0.12510479986667633,111.57560482791763,6810368
grouped_conv_forward_bf16_2d_64x64x128_compv5,287,1,1024,416,1,128,128,1,1,1,1,0,0,0.06699240207672119,208.36159443893726,6811792
grouped_conv_forward_bf16_2d_128x64x128_compv3,287,1,1024,416,1,128,128,1,1,1,1,0,0,0.06555639952421188,212.92572217674442,6809728
grouped_conv_forward_bf16_2d_128x64x128_compv4,287,1,1024,416,1,128,128,1,1,1,1,0,0,0.1249127984046936,111.74710590324509,6809424
grouped_conv_forward_bf16_2d_128x64x128_compv5,287,1,1024,416,1,128,128,1,1,1,1,0,0,0.06587240099906921,211.9042800974757,6807872
grouped_conv_forward_bf16_2d_16x64x64_compv3,288,1,104,260,1,64,64,1,1,1,1,0,0,0.006796000059694052,32.5944199609045,82669
grouped_conv_forward_bf16_2d_16x64x64_compv4,288,1,104,260,1,64,64,1,1,1,1,0,0,0.008872000500559807,24.96750084561233,82128
grouped_conv_forward_bf16_2d_16x64x64_compv5,288,1,104,260,1,64,64,1,1,1,1,0,0,0.006760100368410349,32.767513487686415,82564
grouped_conv_forward_bf16_2d_32x64x64_compv3,288,1,104,260,1,64,64,1,1,1,1,0,0,0.006424000021070242,34.48189278852089,83096
grouped_conv_forward_bf16_2d_32x64x64_compv4,288,1,104,260,1,64,64,1,1,1,1,0,0,0.008896099403500557,24.899865654922493,82264
grouped_conv_forward_bf16_2d_32x64x64_compv5,288,1,104,260,1,64,64,1,1,1,1,0,0,0.006899999920278788,32.10314239989876,83696
grouped_conv_forward_bf16_2d_64x64x64_compv3,288,1,104,260,1,64,64,1,1,1,1,0,0,0.006964000407606363,31.80810841970313,82496
grouped_conv_forward_bf16_2d_64x64x64_compv4,288,1,104,260,1,64,64,1,1,1,1,0,0,0.011256100609898567,19.679255514578784,82181
grouped_conv_forward_bf16_2d_64x64x64_compv5,288,1,104,260,1,64,64,1,1,1,1,0,0,0.007075999863445759,31.30464729717105,82560
grouped_conv_forward_bf16_2d_32x128x64_compv3,288,1,104,260,1,64,64,1,1,1,1,0,0,0.006540100090205669,33.86976910823302,82240
grouped_conv_forward_bf16_2d_32x128x64_compv4,288,1,104,260,1,64,64,1,1,1,1,0,0,0.008712099865078926,25.4257507868906,82264
grouped_conv_forward_bf16_2d_32x128x64_compv5,288,1,104,260,1,64,64,1,1,1,1,0,0,0.006428000517189503,34.460432821628174,82856
grouped_conv_forward_bf16_2d_64x128x64_compv3,288,1,104,260,1,64,64,1,1,1,1,0,0,0.006440000142902136,34.39622283924011,81920
grouped_conv_forward_bf16_2d_64x128x64_compv4,288,1,104,260,1,64,64,1,1,1,1,0,0,0.011260099709033966,19.672266296388248,82168
grouped_conv_forward_bf16_2d_64x128x64_compv5,288,1,104,260,1,64,64,1,1,1,1,0,0,0.007035999558866024,31.482617096084716,81920
grouped_conv_forward_bf16_2d_128x128x64_compv3,288,1,104,260,1,64,64,1,1,1,1,0,0,0.007515999488532543,29.472019035920518,81920
grouped_conv_forward_bf16_2d_128x128x64_compv4,288,1,104,260,1,64,64,1,1,1,1,0,0,0.011491999961435795,19.275294182330004,82212
grouped_conv_forward_bf16_2d_128x128x64_compv5,288,1,104,260,1,64,64,1,1,1,1,0,0,0.007571999914944172,29.254052098286795,82160
grouped_conv_forward_bf16_2d_16x64x128_compv3,288,1,104,260,1,64,64,1,1,1,1,0,0,0.006571999751031399,33.705369505718004,81930
grouped_conv_forward_bf16_2d_16x64x128_compv4,288,1,104,260,1,64,64,1,1,1,1,0,0,0.009412100538611412,23.534776226761398,82080
grouped_conv_forward_bf16_2d_16x64x128_compv5,288,1,104,260,1,64,64,1,1,1,1,0,0,0.006539999507367611,33.870290013088976,81929
grouped_conv_forward_bf16_2d_32x64x128_compv3,288,1,104,260,1,64,64,1,1,1,1,0,0,0.006032000295817852,36.72275681975347,82360
grouped_conv_forward_bf16_2d_32x64x128_compv4,288,1,104,260,1,64,64,1,1,1,1,0,0,0.009139999747276306,24.235414236855952,82232
grouped_conv_forward_bf16_2d_32x64x128_compv5,288,1,104,260,1,64,64,1,1,1,1,0,0,0.005996000021696091,36.94324202776452,82280
grouped_conv_forward_bf16_2d_64x64x128_compv3,288,1,104,260,1,64,64,1,1,1,1,0,0,0.0072200000286102295,30.680287967067855,82728
grouped_conv_forward_bf16_2d_64x64x128_compv4,288,1,104,260,1,64,64,1,1,1,1,0,0,0.011251999996602535,19.686427307757192,82112
grouped_conv_forward_bf16_2d_64x64x128_compv5,288,1,104,260,1,64,64,1,1,1,1,0,0,0.006780100055038929,32.67085709677306,82112
grouped_conv_forward_bf16_2d_128x64x128_compv3,288,1,104,260,1,64,64,1,1,1,1,0,0,0.0065920003689825535,33.603104915206394,84464
grouped_conv_forward_bf16_2d_128x64x128_compv4,288,1,104,260,1,64,64,1,1,1,1,0,0,0.011180100031197071,19.81303202850524,82168
grouped_conv_forward_bf16_2d_128x64x128_compv5,288,1,104,260,1,64,64,1,1,1,1,0,0,0.0064839995466172695,34.16281546712378,81920
grouped_conv_forward_bf16_2d_16x64x64_compv3,290,1,28,32,1,128,128,1,1,1,1,0,0,0.004568000324070454,6.427348055404203,522928
grouped_conv_forward_bf16_2d_16x64x64_compv4,290,1,28,32,1,128,128,1,1,1,1,0,0,0.007063999772071838,4.15630364486674,524056
grouped_conv_forward_bf16_2d_16x64x64_compv5,290,1,28,32,1,128,128,1,1,1,1,0,0,0.004875999875366688,6.021355363097101,522942
grouped_conv_forward_bf16_2d_32x64x64_compv3,290,1,28,32,1,128,128,1,1,1,1,0,0,0.004292000085115433,6.840663424453395,522240
grouped_conv_forward_bf16_2d_32x64x64_compv4,290,1,28,32,1,128,128,1,1,1,1,0,0,0.005920100025832653,4.959397285837335,522240
grouped_conv_forward_bf16_2d_32x64x64_compv5,290,1,28,32,1,128,128,1,1,1,1,0,0,0.004268100019544363,6.878969064819224,522240
grouped_conv_forward_bf16_2d_64x64x64_compv3,290,1,28,32,1,128,128,1,1,1,1,0,0,0.004676000215113163,6.2788979147404635,522624
grouped_conv_forward_bf16_2d_64x64x64_compv4,290,1,28,32,1,128,128,1,1,1,1,0,0,0.006607999559491873,4.443118940258778,522912
grouped_conv_forward_bf16_2d_64x64x64_compv5,290,1,28,32,1,128,128,1,1,1,1,0,0,0.004764100071042776,6.162785743829599,522624
grouped_conv_forward_bf16_2d_32x128x64_compv3,290,1,28,32,1,128,128,1,1,1,1,0,0,0.005112000275403261,5.743373712491422,523264
grouped_conv_forward_bf16_2d_32x128x64_compv4,290,1,28,32,1,128,128,1,1,1,1,0,0,0.006156000308692455,4.769351287806569,522240
grouped_conv_forward_bf16_2d_32x128x64_compv5,290,1,28,32,1,128,128,1,1,1,1,0,0,0.005316100083291531,5.522869686422703,523360
grouped_conv_forward_bf16_2d_64x128x64_compv3,290,1,28,32,1,128,128,1,1,1,1,0,0,0.005140000022947788,5.712087134031174,522880
grouped_conv_forward_bf16_2d_64x128x64_compv4,290,1,28,32,1,128,128,1,1,1,1,0,0,0.006616000086069107,4.437746012401324,522912
grouped_conv_forward_bf16_2d_64x128x64_compv5,290,1,28,32,1,128,128,1,1,1,1,0,0,0.005872000008821487,5.000021790853605,522880
grouped_conv_forward_bf16_2d_128x128x64_compv3,290,1,28,32,1,128,128,1,1,1,1,0,0,0.005852099973708391,5.017024338597365,524288
grouped_conv_forward_bf16_2d_128x128x64_compv4,290,1,28,32,1,128,128,1,1,1,1,0,0,0.007336000446230173,4.00219822983893,522912
grouped_conv_forward_bf16_2d_128x128x64_compv5,290,1,28,32,1,128,128,1,1,1,1,0,0,0.005820100195705891,5.044608685888621,522172
grouped_conv_forward_bf16_2d_16x64x128_compv3,290,1,28,32,1,128,128,1,1,1,1,0,0,0.004936099983751774,5.948041590860218,523676
grouped_conv_forward_bf16_2d_16x64x128_compv4,290,1,28,32,1,128,128,1,1,1,1,0,0,0.007016000337898731,4.1847386810122735,524112
grouped_conv_forward_bf16_2d_16x64x128_compv5,290,1,28,32,1,128,128,1,1,1,1,0,0,0.005663999821990728,5.183638580991477,523620
grouped_conv_forward_bf16_2d_32x64x128_compv3,290,1,28,32,1,128,128,1,1,1,1,0,0,0.004712000023573637,6.230926963733953,522240
grouped_conv_forward_bf16_2d_32x64x128_compv4,290,1,28,32,1,128,128,1,1,1,1,0,0,0.005880099721252918,4.993134367072266,522240
grouped_conv_forward_bf16_2d_32x64x128_compv5,290,1,28,32,1,128,128,1,1,1,1,0,0,0.0047160000540316105,6.22564199822276,522240
grouped_conv_forward_bf16_2d_64x64x128_compv3,290,1,28,32,1,128,128,1,1,1,1,0,0,0.005435999948531389,5.40105376710536,522832
grouped_conv_forward_bf16_2d_64x64x128_compv4,290,1,28,32,1,128,128,1,1,1,1,0,0,0.006524000316858292,4.500325961685224,522912
grouped_conv_forward_bf16_2d_64x64x128_compv5,290,1,28,32,1,128,128,1,1,1,1,0,0,0.0052200001664459705,5.624545414524345,522752
grouped_conv_forward_bf16_2d_128x64x128_compv3,290,1,28,32,1,128,128,1,1,1,1,0,0,0.00573199987411499,5.122143866852953,521920
grouped_conv_forward_bf16_2d_128x64x128_compv4,290,1,28,32,1,128,128,1,1,1,1,0,0,0.006636100355535746,4.424304399722975,522912
grouped_conv_forward_bf16_2d_128x64x128_compv5,290,1,28,32,1,128,128,1,1,1,1,0,0,0.0057080998085439205,5.143590509061101,524288
grouped_conv_forward_bf16_2d_16x64x64_compv3,291,4,104,256,1,512,512,1,1,1,1,0,0,0.7183032035827637,77.73120677940382,268386144
grouped_conv_forward_bf16_2d_16x64x64_compv4,291,4,104,256,1,512,512,1,1,1,1,0,0,1.1337882280349731,49.24603507726464,268352592
grouped_conv_forward_bf16_2d_16x64x64_compv5,291,4,104,256,1,512,512,1,1,1,1,0,0,0.709969162940979,78.64366195386661,268386324
grouped_conv_forward_bf16_2d_32x64x64_compv3,291,4,104,256,1,512,512,1,1,1,1,0,0,0.6081405282020569,91.81196164161709,268303296
grouped_conv_forward_bf16_2d_32x64x64_compv4,291,4,104,256,1,512,512,1,1,1,1,0,0,1.0130436420440674,55.11566583186867,268261924
grouped_conv_forward_bf16_2d_32x64x64_compv5,291,4,104,256,1,512,512,1,1,1,1,0,0,0.6083924770355225,91.77394026971173,268300717
grouped_conv_forward_bf16_2d_64x64x64_compv3,291,4,104,256,1,512,512,1,1,1,1,0,0,0.5264838933944702,106.05181953052781,268216536
grouped_conv_forward_bf16_2d_64x64x64_compv4,291,4,104,256,1,512,512,1,1,1,1,0,0,1.287137746810913,43.3788652273923,268250016
grouped_conv_forward_bf16_2d_64x64x64_compv5,291,4,104,256,1,512,512,1,1,1,1,0,0,0.5261279344558716,106.12357031706527,268224305
grouped_conv_forward_bf16_2d_32x128x64_compv3,291,4,104,256,1,512,512,1,1,1,1,0,0,0.4721835255622864,118.24761311083647,268297476
grouped_conv_forward_bf16_2d_32x128x64_compv4,291,4,104,256,1,512,512,1,1,1,1,0,0,1.012851595878601,55.12611627922266,268253846
grouped_conv_forward_bf16_2d_32x128x64_compv5,291,4,104,256,1,512,512,1,1,1,1,0,0,0.4674435257911682,119.44667487585284,268299826
grouped_conv_forward_bf16_2d_64x128x64_compv3,291,4,104,256,1,512,512,1,1,1,1,0,0,0.42219918966293335,132.24699671398244,268309712
grouped_conv_forward_bf16_2d_64x128x64_compv4,291,4,104,256,1,512,512,1,1,1,1,0,0,1.288833737373352,43.32178249910735,268249296
grouped_conv_forward_bf16_2d_64x128x64_compv5,291,4,104,256,1,512,512,1,1,1,1,0,0,0.4107750952243805,135.9249270394572,268309082
grouped_conv_forward_bf16_2d_128x128x64_compv3,291,4,104,256,1,512,512,1,1,1,1,0,0,0.4240671992301941,131.66445070346415,268018552
grouped_conv_forward_bf16_2d_128x128x64_compv4,291,4,104,256,1,512,512,1,1,1,1,0,0,1.2869497537612915,43.38520185797123,268249384
grouped_conv_forward_bf16_2d_128x128x64_compv5,291,4,104,256,1,512,512,1,1,1,1,0,0,0.4192790985107422,133.16803782092057,268041884
grouped_conv_forward_bf16_2d_16x64x128_compv3,291,4,104,256,1,512,512,1,1,1,1,0,0,0.7505897283554077,74.38760848797823,268342743
grouped_conv_forward_bf16_2d_16x64x128_compv4,291,4,104,256,1,512,512,1,1,1,1,0,0,1.1307005882263184,49.38051278065161,268357332
grouped_conv_forward_bf16_2d_16x64x128_compv5,291,4,104,256,1,512,512,1,1,1,1,0,0,0.7437121868133545,75.07551420831095,268345125
grouped_conv_forward_bf16_2d_32x64x128_compv3,291,4,104,256,1,512,512,1,1,1,1,0,0,0.6112405061721802,91.34632650191539,268223252
grouped_conv_forward_bf16_2d_32x64x128_compv4,291,4,104,256,1,512,512,1,1,1,1,0,0,1.0121517181396484,55.16423461753824,268249517
grouped_conv_forward_bf16_2d_32x64x128_compv5,291,4,104,256,1,512,512,1,1,1,1,0,0,0.6094166040420532,91.61971380114726,268237661
grouped_conv_forward_bf16_2d_64x64x128_compv3,291,4,104,256,1,512,512,1,1,1,1,0,0,0.6241887211799622,89.45143184011832,268231200
grouped_conv_forward_bf16_2d_64x64x128_compv4,291,4,104,256,1,512,512,1,1,1,1,0,0,1.2921137809753418,43.21180972611693,268249328
grouped_conv_forward_bf16_2d_64x64x128_compv5,291,4,104,256,1,512,512,1,1,1,1,0,0,0.6222566962242126,89.72916673584753,268178347
grouped_conv_forward_bf16_2d_128x64x128_compv3,291,4,104,256,1,512,512,1,1,1,1,0,0,0.615252673625946,90.75064155177591,268004866
grouped_conv_forward_bf16_2d_128x64x128_compv4,291,4,104,256,1,512,512,1,1,1,1,0,0,1.2884938716888428,43.333209474110284,268250016
grouped_conv_forward_bf16_2d_128x64x128_compv5,291,4,104,256,1,512,512,1,1,1,1,0,0,0.6141207218170166,90.91791379844771,268009904
grouped_conv_forward_bf16_2d_16x64x64_compv3,292,1,64,256,1,30,30,1,1,1,1,0,0,0.0037320000119507313,7.902250778553677,229376
grouped_conv_forward_bf16_2d_16x64x64_compv4,292,1,64,256,1,30,30,1,1,1,1,0,0,0.00478809978812933,6.159270129063447,230112
grouped_conv_forward_bf16_2d_16x64x64_compv5,292,1,64,256,1,30,30,1,1,1,1,0,0,0.0038001001812517643,7.760637507794732,230400
grouped_conv_forward_bf16_2d_32x64x64_compv3,292,1,64,256,1,30,30,1,1,1,1,0,0,0.00428810017183423,6.877451276373791,228864
grouped_conv_forward_bf16_2d_32x64x64_compv4,292,1,64,256,1,30,30,1,1,1,1,0,0,0.0052200001664459705,5.649654992267757,230400
grouped_conv_forward_bf16_2d_32x64x64_compv5,292,1,64,256,1,30,30,1,1,1,1,0,0,0.004108100198209286,7.178792769673721,230400
grouped_conv_forward_bf16_2d_64x64x64_compv3,292,1,64,256,1,30,30,1,1,1,1,0,0,0.005012099631130695,5.884001151299338,230400
grouped_conv_forward_bf16_2d_64x64x64_compv4,292,1,64,256,1,30,30,1,1,1,1,0,0,0.007271999958902597,4.055445567473636,230400
grouped_conv_forward_bf16_2d_64x64x64_compv5,292,1,64,256,1,30,30,1,1,1,1,0,0,0.004891999997198582,6.028454623239621,227840
grouped_conv_forward_bf16_2d_32x128x64_compv3,292,1,64,256,1,30,30,1,1,1,1,0,0,0.005063999909907579,5.82369678607246,227840
grouped_conv_forward_bf16_2d_32x128x64_compv4,292,1,64,256,1,30,30,1,1,1,1,0,0,0.005628000013530254,5.240085275248812,230400
grouped_conv_forward_bf16_2d_32x128x64_compv5,292,1,64,256,1,30,30,1,1,1,1,0,0,0.004764100071042776,6.190298180185981,230400
grouped_conv_forward_bf16_2d_64x128x64_compv3,292,1,64,256,1,30,30,1,1,1,1,0,0,0.005375999957323074,5.485714329262169,230400
grouped_conv_forward_bf16_2d_64x128x64_compv4,292,1,64,256,1,30,30,1,1,1,1,0,0,0.006780100055038929,4.349670323534875,229504
grouped_conv_forward_bf16_2d_64x128x64_compv5,292,1,64,256,1,30,30,1,1,1,1,0,0,0.005332000087946653,5.530982654457724,230400
grouped_conv_forward_bf16_2d_128x128x64_compv3,292,1,64,256,1,30,30,1,1,1,1,0,0,0.006964000407606363,4.234807333984144,230400
grouped_conv_forward_bf16_2d_128x128x64_compv4,292,1,64,256,1,30,30,1,1,1,1,0,0,0.007579999975860119,3.8906596429973694,230400
grouped_conv_forward_bf16_2d_128x128x64_compv5,292,1,64,256,1,30,30,1,1,1,1,0,0,0.006872099824249744,4.291439407782421,230400
grouped_conv_forward_bf16_2d_16x64x128_compv3,292,1,64,256,1,30,30,1,1,1,1,0,0,0.0049240002408623695,5.989276717589077,230176
grouped_conv_forward_bf16_2d_16x64x128_compv4,292,1,64,256,1,30,30,1,1,1,1,0,0,0.004927999805659056,5.984415820417415,230318
grouped_conv_forward_bf16_2d_16x64x128_compv5,292,1,64,256,1,30,30,1,1,1,1,0,0,0.004616000223904848,6.388907835678631,230248
grouped_conv_forward_bf16_2d_32x64x128_compv3,292,1,64,256,1,30,30,1,1,1,1,0,0,0.0052720000967383385,5.5939300946230075,230400
grouped_conv_forward_bf16_2d_32x64x128_compv4,292,1,64,256,1,30,30,1,1,1,1,0,0,0.00544800003990531,5.413215819380313,230400
grouped_conv_forward_bf16_2d_32x64x128_compv5,292,1,64,256,1,30,30,1,1,1,1,0,0,0.004851999692618847,6.0781537238890975,229760
grouped_conv_forward_bf16_2d_64x64x128_compv3,292,1,64,256,1,30,30,1,1,1,1,0,0,0.0055240001529455185,5.33873989563064,229680
grouped_conv_forward_bf16_2d_64x64x128_compv4,292,1,64,256,1,30,30,1,1,1,1,0,0,0.006736099720001221,4.3780824551087045,230400
grouped_conv_forward_bf16_2d_64x64x128_compv5,292,1,64,256,1,30,30,1,1,1,1,0,0,0.005355999805033207,5.506198856147486,230400
grouped_conv_forward_bf16_2d_128x64x128_compv3,292,1,64,256,1,30,30,1,1,1,1,0,0,0.006251999642699957,4.717082803169208,230400
grouped_conv_forward_bf16_2d_128x64x128_compv4,292,1,64,256,1,30,30,1,1,1,1,0,0,0.007351999636739492,4.011316846729189,230400
grouped_conv_forward_bf16_2d_128x64x128_compv5,292,1,64,256,1,30,30,1,1,1,1,0,0,0.006175999995321035,4.775129537296415,230400
grouped_conv_forward_bf16_2d_16x64x64_compv3,293,1,1536,384,1,74,74,1,1,1,1,0,0,0.052792198956012726,122.36187496910983,2102784
grouped_conv_forward_bf16_2d_16x64x64_compv4,293,1,1536,384,1,74,74,1,1,1,1,0,0,0.058016300201416016,111.34375038693584,2102752
grouped_conv_forward_bf16_2d_16x64x64_compv5,293,1,1536,384,1,74,74,1,1,1,1,0,0,0.05296830087900162,121.95506257141163,2102784
grouped_conv_forward_bf16_2d_32x64x64_compv3,293,1,1536,384,1,74,74,1,1,1,1,0,0,0.05108829587697983,126.44290315642995,2102784
grouped_conv_forward_bf16_2d_32x64x64_compv4,293,1,1536,384,1,74,74,1,1,1,1,0,0,0.05344030261039734,120.87791671193104,2102784
grouped_conv_forward_bf16_2d_32x64x64_compv5,293,1,1536,384,1,74,74,1,1,1,1,0,0,0.05126029998064041,126.01862358276617,2102656
grouped_conv_forward_bf16_2d_64x64x64_compv3,293,1,1536,384,1,74,74,1,1,1,1,0,0,0.044220298528671265,146.08115871971484,2101760
grouped_conv_forward_bf16_2d_64x64x64_compv4,293,1,1536,384,1,74,74,1,1,1,1,0,0,0.0774725005030632,83.38123083744517,2101632
grouped_conv_forward_bf16_2d_64x64x64_compv5,293,1,1536,384,1,74,74,1,1,1,1,0,0,0.043740298599004745,147.68423295919118,2101248
grouped_conv_forward_bf16_2d_32x128x64_compv3,293,1,1536,384,1,74,74,1,1,1,1,0,0,0.03950820118188858,163.50408914494673,2102784
grouped_conv_forward_bf16_2d_32x128x64_compv4,293,1,1536,384,1,74,74,1,1,1,1,0,0,0.05341640114784241,120.93200420075327,2102528
grouped_conv_forward_bf16_2d_32x128x64_compv5,293,1,1536,384,1,74,74,1,1,1,1,0,0,0.039544202387332916,163.35523434578704,2102784
grouped_conv_forward_bf16_2d_64x128x64_compv3,293,1,1536,384,1,74,74,1,1,1,1,0,0,0.03943619877099991,163.8026140782689,2100736
grouped_conv_forward_bf16_2d_64x128x64_compv4,293,1,1536,384,1,74,74,1,1,1,1,0,0,0.07648850232362747,84.45390158991998,2100992
grouped_conv_forward_bf16_2d_64x128x64_compv5,293,1,1536,384,1,74,74,1,1,1,1,0,0,0.03927230089902878,164.48622311711185,2101312
grouped_conv_forward_bf16_2d_128x128x64_compv3,293,1,1536,384,1,74,74,1,1,1,1,0,0,0.03672420233488083,175.8990539561562,2102784
grouped_conv_forward_bf16_2d_128x128x64_compv4,293,1,1536,384,1,74,74,1,1,1,1,0,0,0.07623650133609772,84.73306532682304,2101248
grouped_conv_forward_bf16_2d_128x128x64_compv5,293,1,1536,384,1,74,74,1,1,1,1,0,0,0.037848200649023056,170.67528540928774,2102784
grouped_conv_forward_bf16_2d_16x64x128_compv3,293,1,1536,384,1,74,74,1,1,1,1,0,0,0.04675230011343956,138.1697249616829,2102752
grouped_conv_forward_bf16_2d_16x64x128_compv4,293,1,1536,384,1,74,74,1,1,1,1,0,0,0.055520396679639816,116.34917677684552,2102752
grouped_conv_forward_bf16_2d_16x64x128_compv5,293,1,1536,384,1,74,74,1,1,1,1,0,0,0.04666829854249954,138.41842642103782,2102784
grouped_conv_forward_bf16_2d_32x64x128_compv3,293,1,1536,384,1,74,74,1,1,1,1,0,0,0.03943619877099991,163.8026140782689,2102784
grouped_conv_forward_bf16_2d_32x64x128_compv4,293,1,1536,384,1,74,74,1,1,1,1,0,0,0.05349230021238327,120.76041640296843,2102656
grouped_conv_forward_bf16_2d_32x64x128_compv5,293,1,1536,384,1,74,74,1,1,1,1,0,0,0.03932420164346695,164.26913142617298,2102656
grouped_conv_forward_bf16_2d_64x64x128_compv3,293,1,1536,384,1,74,74,1,1,1,1,0,0,0.044936299324035645,143.75354769245075,2101696
grouped_conv_forward_bf16_2d_64x64x128_compv4,293,1,1536,384,1,74,74,1,1,1,1,0,0,0.07603250443935394,84.960406021513,2101024
grouped_conv_forward_bf16_2d_64x64x128_compv5,293,1,1536,384,1,74,74,1,1,1,1,0,0,0.04524030163884163,142.78756361018375,2101760
grouped_conv_forward_bf16_2d_128x64x128_compv3,293,1,1536,384,1,74,74,1,1,1,1,0,0,0.04524030163884163,142.78756361018375,2101504
grouped_conv_forward_bf16_2d_128x64x128_compv4,293,1,1536,384,1,74,74,1,1,1,1,0,0,0.076276496052742,84.688636503876,2101504
grouped_conv_forward_bf16_2d_128x64x128_compv5,293,1,1536,384,1,74,74,1,1,1,1,0,0,0.045704297721385956,141.33796535675359,2100912
grouped_conv_forward_bf16_2d_16x64x64_compv3,294,1,1536,2304,1,7,7,1,1,1,1,0,0,0.017616000026464462,19.687585801486073,112896
grouped_conv_forward_bf16_2d_16x64x64_compv4,294,1,1536,2304,1,7,7,1,1,1,1,0,0,0.014108000323176384,24.58296739831057,112896
grouped_conv_forward_bf16_2d_16x64x64_compv5,294,1,1536,2304,1,7,7,1,1,1,1,0,0,0.018208099529147148,19.04737567173462,112896
grouped_conv_forward_bf16_2d_32x64x64_compv3,294,1,1536,2304,1,7,7,1,1,1,1,0,0,0.022776100784540176,15.2272118603993,112608
grouped_conv_forward_bf16_2d_32x64x64_compv4,294,1,1536,2304,1,7,7,1,1,1,1,0,0,0.01801210083067417,19.25463971472888,112896
grouped_conv_forward_bf16_2d_32x64x64_compv5,294,1,1536,2304,1,7,7,1,1,1,1,0,0,0.022416099905967712,15.47175973763701,112896
grouped_conv_forward_bf16_2d_64x64x64_compv3,294,1,1536,2304,1,7,7,1,1,1,1,0,0,0.027180200442671776,12.759895304359588,112080
grouped_conv_forward_bf16_2d_64x64x64_compv4,294,1,1536,2304,1,7,7,1,1,1,1,0,0,0.026316100731492043,13.178871578986259,112896
grouped_conv_forward_bf16_2d_64x64x64_compv5,294,1,1536,2304,1,7,7,1,1,1,1,0,0,0.02716819941997528,12.765531739472028,112896
grouped_conv_forward_bf16_2d_32x128x64_compv3,294,1,1536,2304,1,7,7,1,1,1,1,0,0,0.026528099551796913,13.07355286882991,112896
grouped_conv_forward_bf16_2d_32x128x64_compv4,294,1,1536,2304,1,7,7,1,1,1,1,0,0,0.018828099593520164,18.420154953894528,112896
grouped_conv_forward_bf16_2d_32x128x64_compv5,294,1,1536,2304,1,7,7,1,1,1,1,0,0,0.02738809958100319,12.66303676800406,112896
grouped_conv_forward_bf16_2d_64x128x64_compv3,294,1,1536,2304,1,7,7,1,1,1,1,0,0,0.030876200646162033,11.232486664226608,112896
grouped_conv_forward_bf16_2d_64x128x64_compv4,294,1,1536,2304,1,7,7,1,1,1,1,0,0,0.026948099955916405,12.869794626238837,112896
grouped_conv_forward_bf16_2d_64x128x64_compv5,294,1,1536,2304,1,7,7,1,1,1,1,0,0,0.03072420135140419,11.288056214491299,112896
grouped_conv_forward_bf16_2d_128x128x64_compv3,294,1,1536,2304,1,7,7,1,1,1,1,0,0,0.029708201065659523,11.674100065281104,112896
grouped_conv_forward_bf16_2d_128x128x64_compv4,294,1,1536,2304,1,7,7,1,1,1,1,0,0,0.027004200965166092,12.843057731920078,112896
grouped_conv_forward_bf16_2d_128x128x64_compv5,294,1,1536,2304,1,7,7,1,1,1,1,0,0,0.029708201065659523,11.674100065281104,112896
grouped_conv_forward_bf16_2d_16x64x128_compv3,294,1,1536,2304,1,7,7,1,1,1,1,0,0,0.014444099739193916,24.01094690996331,112896
grouped_conv_forward_bf16_2d_16x64x128_compv4,294,1,1536,2304,1,7,7,1,1,1,1,0,0,0.014516100287437439,23.89185147061452,112896
grouped_conv_forward_bf16_2d_16x64x128_compv5,294,1,1536,2304,1,7,7,1,1,1,1,0,0,0.014127999544143677,24.54816840249418,112896
grouped_conv_forward_bf16_2d_32x64x128_compv3,294,1,1536,2304,1,7,7,1,1,1,1,0,0,0.016764100641012192,20.688047598064273,112896
grouped_conv_forward_bf16_2d_32x64x128_compv4,294,1,1536,2304,1,7,7,1,1,1,1,0,0,0.017764100804924965,19.52344876943322,112672
grouped_conv_forward_bf16_2d_32x64x128_compv5,294,1,1536,2304,1,7,7,1,1,1,1,0,0,0.016916099935770035,20.502155539211326,112896
grouped_conv_forward_bf16_2d_64x64x128_compv3,294,1,1536,2304,1,7,7,1,1,1,1,0,0,0.021528098732233047,16.10994618306573,112896
grouped_conv_forward_bf16_2d_64x64x128_compv4,294,1,1536,2304,1,7,7,1,1,1,1,0,0,0.025944098830223083,13.367838068670272,112896
grouped_conv_forward_bf16_2d_64x64x128_compv5,294,1,1536,2304,1,7,7,1,1,1,1,0,0,0.021508101373910904,16.124924556134214,112896
grouped_conv_forward_bf16_2d_128x64x128_compv3,294,1,1536,2304,1,7,7,1,1,1,1,0,0,0.020984100177884102,16.52758560338567,112896
grouped_conv_forward_bf16_2d_128x64x128_compv4,294,1,1536,2304,1,7,7,1,1,1,1,0,0,0.02592020109295845,13.380162860473218,112896
grouped_conv_forward_bf16_2d_128x64x128_compv5,294,1,1536,2304,1,7,7,1,1,1,1,0,0,0.02096409909427166,16.543353971016383,112896
grouped_conv_forward_bf16_2d_16x64x64_compv3,295,4,48,96,1,32,32,1,1,1,1,0,0,0.004176000133156776,9.039447987628412,391164
grouped_conv_forward_bf16_2d_16x64x64_compv4,295,4,48,96,1,32,32,1,1,1,1,0,0,0.00542800035327673,6.95444612069934,392848
grouped_conv_forward_bf16_2d_16x64x64_compv5,295,4,48,96,1,32,32,1,1,1,1,0,0,0.004436000250279903,8.509633424303374,392188
grouped_conv_forward_bf16_2d_32x64x64_compv3,295,4,48,96,1,32,32,1,1,1,1,0,0,0.004304000176489353,8.770616740724796,392576
grouped_conv_forward_bf16_2d_32x64x64_compv4,295,4,48,96,1,32,32,1,1,1,1,0,0,0.00534799974411726,7.058477525456726,392864
grouped_conv_forward_bf16_2d_32x64x64_compv5,295,4,48,96,1,32,32,1,1,1,1,0,0,0.004207999911159277,8.970707413727219,392576
grouped_conv_forward_bf16_2d_64x64x64_compv3,295,4,48,96,1,32,32,1,1,1,1,0,0,0.005063999909907579,7.454331886172749,393216
grouped_conv_forward_bf16_2d_64x64x64_compv4,295,4,48,96,1,32,32,1,1,1,1,0,0,0.006784000433981419,5.564377002530038,392496
grouped_conv_forward_bf16_2d_64x64x64_compv5,295,4,48,96,1,32,32,1,1,1,1,0,0,0.004924099892377853,7.666119052221561,393216
grouped_conv_forward_bf16_2d_32x128x64_compv3,295,4,48,96,1,32,32,1,1,1,1,0,0,0.004363999702036381,8.650031754673412,392832
grouped_conv_forward_bf16_2d_32x128x64_compv4,295,4,48,96,1,32,32,1,1,1,1,0,0,0.005920100025832653,6.376367938933718,392648
grouped_conv_forward_bf16_2d_32x128x64_compv5,295,4,48,96,1,32,32,1,1,1,1,0,0,0.004832100123167038,7.812076537697828,393216
grouped_conv_forward_bf16_2d_64x128x64_compv3,295,4,48,96,1,32,32,1,1,1,1,0,0,0.005175999831408262,7.293032695043481,391872
grouped_conv_forward_bf16_2d_64x128x64_compv4,295,4,48,96,1,32,32,1,1,1,1,0,0,0.006831999868154526,5.525283478993504,393216
grouped_conv_forward_bf16_2d_64x128x64_compv5,295,4,48,96,1,32,32,1,1,1,1,0,0,0.005167999770492315,7.304322305804586,393216
grouped_conv_forward_bf16_2d_128x128x64_compv3,295,4,48,96,1,32,32,1,1,1,1,0,0,0.005784099921584129,6.526293893910032,393216
grouped_conv_forward_bf16_2d_128x128x64_compv4,295,4,48,96,1,32,32,1,1,1,1,0,0,0.006792099680751562,5.557741755024274,391840
grouped_conv_forward_bf16_2d_128x128x64_compv5,295,4,48,96,1,32,32,1,1,1,1,0,0,0.006008000113070011,6.283078443670481,393216
grouped_conv_forward_bf16_2d_16x64x128_compv3,295,4,48,96,1,32,32,1,1,1,1,0,0,0.004484000150114298,8.418540306926122,392856
grouped_conv_forward_bf16_2d_16x64x128_compv4,295,4,48,96,1,32,32,1,1,1,1,0,0,0.006148000247776508,6.1400023550181615,392896
grouped_conv_forward_bf16_2d_16x64x128_compv5,295,4,48,96,1,32,32,1,1,1,1,0,0,0.0046720001846551895,8.079780502574186,392040
grouped_conv_forward_bf16_2d_32x64x128_compv3,295,4,48,96,1,32,32,1,1,1,1,0,0,0.005104000214487314,7.395911914904137,392864
grouped_conv_forward_bf16_2d_32x64x128_compv4,295,4,48,96,1,32,32,1,1,1,1,0,0,0.005555999930948019,6.794229026125805,392864
grouped_conv_forward_bf16_2d_32x64x128_compv5,295,4,48,96,1,32,32,1,1,1,1,0,0,0.004560000263154507,8.278231101216267,392864
grouped_conv_forward_bf16_2d_64x64x128_compv3,295,4,48,96,1,32,32,1,1,1,1,0,0,0.005923999939113855,6.372170220792856,392496
grouped_conv_forward_bf16_2d_64x64x128_compv4,295,4,48,96,1,32,32,1,1,1,1,0,0,0.00674000009894371,5.600702588404407,393216
grouped_conv_forward_bf16_2d_64x64x128_compv5,295,4,48,96,1,32,32,1,1,1,1,0,0,0.005400099791586399,6.990377485026156,392496
grouped_conv_forward_bf16_2d_128x64x128_compv3,295,4,48,96,1,32,32,1,1,1,1,0,0,0.006348100490868092,5.946461631208035,393216
grouped_conv_forward_bf16_2d_128x64x128_compv4,295,4,48,96,1,32,32,1,1,1,1,0,0,0.007436099462211132,5.076416230287401,393216
grouped_conv_forward_bf16_2d_128x64x128_compv5,295,4,48,96,1,32,32,1,1,1,1,0,0,0.006876099854707718,5.489846976866596,389744
grouped_conv_forward_bf16_2d_16x64x64_compv3,297,4,52,52,1,56,56,3,3,2,2,1,1,0.008320000022649765,18.345599950057267,34496
grouped_conv_forward_bf16_2d_16x64x64_compv4,297,4,52,52,1,56,56,3,3,2,2,1,1,0.00758010009303689,20.136329352723386,34526
grouped_conv_forward_bf16_2d_16x64x64_compv5,297,4,52,52,1,56,56,3,3,2,2,1,1,0.008344000205397606,18.292831764465024,34480
grouped_conv_forward_bf16_2d_32x64x64_compv3,297,4,52,52,1,56,56,3,3,2,2,1,1,0.010143999941647053,15.046864439868779,34331
grouped_conv_forward_bf16_2d_32x64x64_compv4,297,4,52,52,1,56,56,3,3,2,2,1,1,0.008808000013232231,17.329177085683053,34827
grouped_conv_forward_bf16_2d_32x64x64_compv5,297,4,52,52,1,56,56,3,3,2,2,1,1,0.010196000337600708,14.970124259128625,34348
grouped_conv_forward_bf16_2d_64x64x64_compv3,297,4,52,52,1,56,56,3,3,2,2,1,1,0.012788000516593456,11.935829358306902,34496
grouped_conv_forward_bf16_2d_64x64x64_compv4,297,4,52,52,1,56,56,3,3,2,2,1,1,0.012392000295221806,12.317252127475676,34496
grouped_conv_forward_bf16_2d_64x64x64_compv5,297,4,52,52,1,56,56,3,3,2,2,1,1,0.01285610068589449,11.872603966727574,34496
grouped_conv_forward_bf16_2d_32x128x64_compv3,297,4,52,52,1,56,56,3,3,2,2,1,1,0.011739999987185001,13.001311087445638,34600
grouped_conv_forward_bf16_2d_32x128x64_compv4,297,4,52,52,1,56,56,3,3,2,2,1,1,0.008940000087022781,17.073309900920925,34731
grouped_conv_forward_bf16_2d_32x128x64_compv5,297,4,52,52,1,56,56,3,3,2,2,1,1,0.01167600043118,13.072575056814584,34442
grouped_conv_forward_bf16_2d_64x128x64_compv3,297,4,52,52,1,56,56,3,3,2,2,1,1,0.015080000273883343,10.121710160996829,34496
grouped_conv_forward_bf16_2d_64x128x64_compv4,297,4,52,52,1,56,56,3,3,2,2,1,1,0.012352099642157555,12.357040213556681,34496
grouped_conv_forward_bf16_2d_64x128x64_compv5,297,4,52,52,1,56,56,3,3,2,2,1,1,0.014296099543571472,10.676715808728092,34496
grouped_conv_forward_bf16_2d_128x128x64_compv3,297,4,52,52,1,56,56,3,3,2,2,1,1,0.01456809975206852,10.477371420958821,34496
grouped_conv_forward_bf16_2d_128x128x64_compv4,297,4,52,52,1,56,56,3,3,2,2,1,1,0.01316010020673275,11.59834572702655,34496
grouped_conv_forward_bf16_2d_128x128x64_compv5,297,4,52,52,1,56,56,3,3,2,2,1,1,0.01422400027513504,10.730834438102603,34496
grouped_conv_forward_bf16_2d_16x64x128_compv3,297,4,52,52,1,56,56,3,3,2,2,1,1,0.0075599998235702515,20.189867137843013,34496
grouped_conv_forward_bf16_2d_16x64x128_compv4,297,4,52,52,1,56,56,3,3,2,2,1,1,0.007320000324398279,20.85182858411239,34544
grouped_conv_forward_bf16_2d_16x64x128_compv5,297,4,52,52,1,56,56,3,3,2,2,1,1,0.007407999597489834,20.6041307091485,34514
grouped_conv_forward_bf16_2d_32x64x128_compv3,297,4,52,52,1,56,56,3,3,2,2,1,1,0.008656100369989872,17.633274277777186,34621
grouped_conv_forward_bf16_2d_32x64x128_compv4,297,4,52,52,1,56,56,3,3,2,2,1,1,0.008820099756121635,17.30540427210731,34878
grouped_conv_forward_bf16_2d_32x64x128_compv5,297,4,52,52,1,56,56,3,3,2,2,1,1,0.008748000487685204,17.448031949114426,34645
grouped_conv_forward_bf16_2d_64x64x128_compv3,297,4,52,52,1,56,56,3,3,2,2,1,1,0.011388000100851059,13.403177963494494,34496
grouped_conv_forward_bf16_2d_64x64x128_compv4,297,4,52,52,1,56,56,3,3,2,2,1,1,0.012307999655604362,12.401315914117575,34496
grouped_conv_forward_bf16_2d_64x64x128_compv5,297,4,52,52,1,56,56,3,3,2,2,1,1,0.011424100026488304,13.360824191498185,34496
grouped_conv_forward_bf16_2d_128x64x128_compv3,297,4,52,52,1,56,56,3,3,2,2,1,1,0.011600100435316563,13.15810952250903,34496
grouped_conv_forward_bf16_2d_128x64x128_compv4,297,4,52,52,1,56,56,3,3,2,2,1,1,0.012328000739216805,12.381195883161254,35598
grouped_conv_forward_bf16_2d_128x64x128_compv5,297,4,52,52,1,56,56,3,3,2,2,1,1,0.011668000370264053,13.08153815190064,34496
grouped_conv_forward_bf16_2d_16x64x64_compv3,298,1,1024,256,1,96,96,3,3,1,1,1,1,0.321585476398468,135.22545967877286,2359296
grouped_conv_forward_bf16_2d_16x64x64_compv4,298,1,1024,256,1,96,96,3,3,1,1,1,1,0.3217819929122925,135.14287570421334,2356736
grouped_conv_forward_bf16_2d_16x64x64_compv5,298,1,1024,256,1,96,96,3,3,1,1,1,1,0.32951828837394714,131.97004659920478,2359296
grouped_conv_forward_bf16_2d_32x64x64_compv3,298,1,1024,256,1,96,96,3,3,1,1,1,1,0.3081621825695038,141.11577062896717,2359296
grouped_conv_forward_bf16_2d_32x64x64_compv4,298,1,1024,256,1,96,96,3,3,1,1,1,1,0.31157809495925903,139.56868141737039,2359296
grouped_conv_forward_bf16_2d_32x64x64_compv5,298,1,1024,256,1,96,96,3,3,1,1,1,1,0.3085622191429138,140.93282059220203,2359296
grouped_conv_forward_bf16_2d_64x64x64_compv3,298,1,1024,256,1,96,96,3,3,1,1,1,1,0.23792168498039246,182.77671442846332,2359296
grouped_conv_forward_bf16_2d_64x64x64_compv4,298,1,1024,256,1,96,96,3,3,1,1,1,1,0.4410873055458069,98.58942509848298,2358064
grouped_conv_forward_bf16_2d_64x64x64_compv5,298,1,1024,256,1,96,96,3,3,1,1,1,1,0.23797769844532013,182.73369377085498,2359296
grouped_conv_forward_bf16_2d_32x128x64_compv3,298,1,1024,256,1,96,96,3,3,1,1,1,1,0.22559359669685364,192.76497431102177,2359296
grouped_conv_forward_bf16_2d_32x128x64_compv4,298,1,1024,256,1,96,96,3,3,1,1,1,1,0.3109181821346283,139.86491099825813,2358288
grouped_conv_forward_bf16_2d_32x128x64_compv5,298,1,1024,256,1,96,96,3,3,1,1,1,1,0.22414961457252502,194.0067751396006,2357948
grouped_conv_forward_bf16_2d_64x128x64_compv3,298,1,1024,256,1,96,96,3,3,1,1,1,1,0.21015748381614685,206.92360358693463,2357822
grouped_conv_forward_bf16_2d_64x128x64_compv4,298,1,1024,256,1,96,96,3,3,1,1,1,1,0.441315233707428,98.53850615279147,2356370
grouped_conv_forward_bf16_2d_64x128x64_compv5,298,1,1024,256,1,96,96,3,3,1,1,1,1,0.2105254828929901,206.5619006042331,2358082
grouped_conv_forward_bf16_2d_128x128x64_compv3,298,1,1024,256,1,96,96,3,3,1,1,1,1,0.189057394862175,230.01768274497906,2358504
grouped_conv_forward_bf16_2d_128x128x64_compv4,298,1,1024,256,1,96,96,3,3,1,1,1,1,0.44155532121658325,98.48492766927797,2357352
grouped_conv_forward_bf16_2d_128x128x64_compv5,298,1,1024,256,1,96,96,3,3,1,1,1,1,0.18941739201545715,229.58052272439343,2359272
grouped_conv_forward_bf16_2d_16x64x128_compv3,298,1,1024,256,1,96,96,3,3,1,1,1,1,0.28060609102249146,154.97362766980856,2359296
grouped_conv_forward_bf16_2d_16x64x128_compv4,298,1,1024,256,1,96,96,3,3,1,1,1,1,0.333326518535614,130.46229883852973,2356992
grouped_conv_forward_bf16_2d_16x64x128_compv5,298,1,1024,256,1,96,96,3,3,1,1,1,1,0.2883374094963074,150.81825125628353,2359040
grouped_conv_forward_bf16_2d_32x64x128_compv3,298,1,1024,256,1,96,96,3,3,1,1,1,1,0.21376530826091766,203.43125002734865,2359296
grouped_conv_forward_bf16_2d_32x64x128_compv4,298,1,1024,256,1,96,96,3,3,1,1,1,1,0.3111860156059265,139.74453121656217,2359296
grouped_conv_forward_bf16_2d_32x64x128_compv5,298,1,1024,256,1,96,96,3,3,1,1,1,1,0.21332140266895294,203.85457496492023,2359296
grouped_conv_forward_bf16_2d_64x64x128_compv3,298,1,1024,256,1,96,96,3,3,1,1,1,1,0.24659769237041473,176.34611035483172,2359166
grouped_conv_forward_bf16_2d_64x64x128_compv4,298,1,1024,256,1,96,96,3,3,1,1,1,1,0.44194698333740234,98.39764838670797,2357550
grouped_conv_forward_bf16_2d_64x64x128_compv5,298,1,1024,256,1,96,96,3,3,1,1,1,1,0.24821779131889343,175.19511248946466,2359296
grouped_conv_forward_bf16_2d_128x64x128_compv3,298,1,1024,256,1,96,96,3,3,1,1,1,1,0.2380336970090866,182.69070479689253,2357316
grouped_conv_forward_bf16_2d_128x64x128_compv4,298,1,1024,256,1,96,96,3,3,1,1,1,1,0.44149908423423767,98.4974724181493,2357370
grouped_conv_forward_bf16_2d_128x64x128_compv5,298,1,1024,256,1,96,96,3,3,1,1,1,1,0.23916170001029968,181.8290464991979,2355168
