problem_idx,N,C,K,G,Hi,Wi,Y,X,stride_h,stride_w,Ho,Wo,kernel_name,predicted_tflops,rank
0,1,52,156,1,256,256,1,1,1,1,256,256,grouped_conv_forward_bf16_2d_32x128x64_compv5,81.11,1
0,1,52,156,1,256,256,1,1,1,1,256,256,grouped_conv_forward_bf16_2d_32x128x64_compv3,80.39,2
0,1,52,156,1,256,256,1,1,1,1,256,256,grouped_conv_forward_bf16_2d_64x128x64_compv3,78.05,3
0,1,52,156,1,256,256,1,1,1,1,256,256,grouped_conv_forward_bf16_2d_64x128x64_compv5,77.59,4
0,1,52,156,1,256,256,1,1,1,1,256,256,grouped_conv_forward_bf16_2d_64x64x64_compv3,76.01,5
0,1,52,156,1,256,256,1,1,1,1,256,256,grouped_conv_forward_bf16_2d_64x64x64_compv5,75.82,6
0,1,52,156,1,256,256,1,1,1,1,256,256,grouped_conv_forward_bf16_2d_128x128x64_compv5,75.63,7
0,1,52,156,1,256,256,1,1,1,1,256,256,grouped_conv_forward_bf16_2d_128x128x64_compv3,73.25,8
0,1,52,156,1,256,256,1,1,1,1,256,256,grouped_conv_forward_bf16_2d_32x64x64_compv5,70.47,9
0,1,52,156,1,256,256,1,1,1,1,256,256,grouped_conv_forward_bf16_2d_32x64x64_compv3,68.67,10
0,1,52,156,1,256,256,1,1,1,1,256,256,grouped_conv_forward_bf16_2d_16x64x64_compv5,61.13,11
0,1,52,156,1,256,256,1,1,1,1,256,256,grouped_conv_forward_bf16_2d_16x64x64_compv3,60.25,12
0,1,52,156,1,256,256,1,1,1,1,256,256,grouped_conv_forward_bf16_2d_32x64x128_compv5,56.74,13
0,1,52,156,1,256,256,1,1,1,1,256,256,grouped_conv_forward_bf16_2d_64x64x128_compv5,55.74,14
0,1,52,156,1,256,256,1,1,1,1,256,256,grouped_conv_forward_bf16_2d_64x64x128_compv3,55.72,15
0,1,52,156,1,256,256,1,1,1,1,256,256,grouped_conv_forward_bf16_2d_32x64x128_compv3,55.62,16
0,1,52,156,1,256,256,1,1,1,1,256,256,grouped_conv_forward_bf16_2d_128x64x128_compv5,51.62,17
0,1,52,156,1,256,256,1,1,1,1,256,256,grouped_conv_forward_bf16_2d_128x64x128_compv3,51.21,18
0,1,52,156,1,256,256,1,1,1,1,256,256,grouped_conv_forward_bf16_2d_16x64x128_compv5,47.52,19
0,1,52,156,1,256,256,1,1,1,1,256,256,grouped_conv_forward_bf16_2d_16x64x128_compv3,46.56,20
0,1,52,156,1,256,256,1,1,1,1,256,256,grouped_conv_forward_bf16_2d_32x64x64_compv4,33.59,21
0,1,52,156,1,256,256,1,1,1,1,256,256,grouped_conv_forward_bf16_2d_32x64x128_compv4,33.14,22
0,1,52,156,1,256,256,1,1,1,1,256,256,grouped_conv_forward_bf16_2d_32x128x64_compv4,32.91,23
0,1,52,156,1,256,256,1,1,1,1,256,256,grouped_conv_forward_bf16_2d_16x64x128_compv4,30.64,24
0,1,52,156,1,256,256,1,1,1,1,256,256,grouped_conv_forward_bf16_2d_16x64x64_compv4,30.39,25
0,1,52,156,1,256,256,1,1,1,1,256,256,grouped_conv_forward_bf16_2d_128x64x128_compv4,25.78,26
0,1,52,156,1,256,256,1,1,1,1,256,256,grouped_conv_forward_bf16_2d_64x64x64_compv4,25.63,27
0,1,52,156,1,256,256,1,1,1,1,256,256,grouped_conv_forward_bf16_2d_64x64x128_compv4,25.37,28
0,1,52,156,1,256,256,1,1,1,1,256,256,grouped_conv_forward_bf16_2d_128x128x64_compv4,25.08,29
0,1,52,156,1,256,256,1,1,1,1,256,256,grouped_conv_forward_bf16_2d_64x128x64_compv4,24.88,30
1,1,32,64,1,56,56,2,2,2,2,28,28,grouped_conv_forward_bf16_2d_16x64x64_compv3,2.66,1
1,1,32,64,1,56,56,2,2,2,2,28,28,grouped_conv_forward_bf16_2d_16x64x64_compv5,2.65,2
1,1,32,64,1,56,56,2,2,2,2,28,28,grouped_conv_forward_bf16_2d_16x64x128_compv3,2.51,3
1,1,32,64,1,56,56,2,2,2,2,28,28,grouped_conv_forward_bf16_2d_16x64x128_compv5,2.43,4
1,1,32,64,1,56,56,2,2,2,2,28,28,grouped_conv_forward_bf16_2d_32x64x128_compv3,2.37,5
1,1,32,64,1,56,56,2,2,2,2,28,28,grouped_conv_forward_bf16_2d_32x64x64_compv5,2.37,6
1,1,32,64,1,56,56,2,2,2,2,28,28,grouped_conv_forward_bf16_2d_32x64x128_compv5,2.33,7
1,1,32,64,1,56,56,2,2,2,2,28,28,grouped_conv_forward_bf16_2d_32x64x64_compv3,2.32,8
1,1,32,64,1,56,56,2,2,2,2,28,28,grouped_conv_forward_bf16_2d_16x64x64_compv4,2.28,9
1,1,32,64,1,56,56,2,2,2,2,28,28,grouped_conv_forward_bf16_2d_16x64x128_compv4,2.18,10
1,1,32,64,1,56,56,2,2,2,2,28,28,grouped_conv_forward_bf16_2d_32x64x128_compv4,2.08,11
1,1,32,64,1,56,56,2,2,2,2,28,28,grouped_conv_forward_bf16_2d_32x128x64_compv5,2.03,12
1,1,32,64,1,56,56,2,2,2,2,28,28,grouped_conv_forward_bf16_2d_32x128x64_compv3,2.00,13
1,1,32,64,1,56,56,2,2,2,2,28,28,grouped_conv_forward_bf16_2d_32x64x64_compv4,1.99,14
1,1,32,64,1,56,56,2,2,2,2,28,28,grouped_conv_forward_bf16_2d_64x64x64_compv3,1.92,15
1,1,32,64,1,56,56,2,2,2,2,28,28,grouped_conv_forward_bf16_2d_64x64x64_compv5,1.91,16
1,1,32,64,1,56,56,2,2,2,2,28,28,grouped_conv_forward_bf16_2d_64x64x128_compv3,1.86,17
1,1,32,64,1,56,56,2,2,2,2,28,28,grouped_conv_forward_bf16_2d_64x64x128_compv5,1.81,18
1,1,32,64,1,56,56,2,2,2,2,28,28,grouped_conv_forward_bf16_2d_32x128x64_compv4,1.78,19
1,1,32,64,1,56,56,2,2,2,2,28,28,grouped_conv_forward_bf16_2d_64x128x64_compv5,1.73,20
1,1,32,64,1,56,56,2,2,2,2,28,28,grouped_conv_forward_bf16_2d_64x128x64_compv3,1.70,21
1,1,32,64,1,56,56,2,2,2,2,28,28,grouped_conv_forward_bf16_2d_128x64x128_compv3,1.69,22
1,1,32,64,1,56,56,2,2,2,2,28,28,grouped_conv_forward_bf16_2d_64x64x128_compv4,1.62,23
1,1,32,64,1,56,56,2,2,2,2,28,28,grouped_conv_forward_bf16_2d_128x64x128_compv5,1.60,24
1,1,32,64,1,56,56,2,2,2,2,28,28,grouped_conv_forward_bf16_2d_64x64x64_compv4,1.56,25
1,1,32,64,1,56,56,2,2,2,2,28,28,grouped_conv_forward_bf16_2d_128x128x64_compv3,1.56,26
1,1,32,64,1,56,56,2,2,2,2,28,28,grouped_conv_forward_bf16_2d_128x128x64_compv5,1.55,27
1,1,32,64,1,56,56,2,2,2,2,28,28,grouped_conv_forward_bf16_2d_128x64x128_compv4,1.47,28
1,1,32,64,1,56,56,2,2,2,2,28,28,grouped_conv_forward_bf16_2d_64x128x64_compv4,1.44,29
1,1,32,64,1,56,56,2,2,2,2,28,28,grouped_conv_forward_bf16_2d_128x128x64_compv4,1.42,30
2,4,240,240,240,128,128,5,5,1,1,128,128,grouped_conv_forward_bf16_2d_32x128x64_compv5,104.93,1
2,4,240,240,240,128,128,5,5,1,1,128,128,grouped_conv_forward_bf16_2d_32x128x64_compv3,104.66,2
2,4,240,240,240,128,128,5,5,1,1,128,128,grouped_conv_forward_bf16_2d_64x128x64_compv5,101.75,3
2,4,240,240,240,128,128,5,5,1,1,128,128,grouped_conv_forward_bf16_2d_64x128x64_compv3,101.59,4
2,4,240,240,240,128,128,5,5,1,1,128,128,grouped_conv_forward_bf16_2d_64x64x64_compv5,94.05,5
2,4,240,240,240,128,128,5,5,1,1,128,128,grouped_conv_forward_bf16_2d_64x64x64_compv3,92.71,6
2,4,240,240,240,128,128,5,5,1,1,128,128,grouped_conv_forward_bf16_2d_128x128x64_compv5,91.81,7
2,4,240,240,240,128,128,5,5,1,1,128,128,grouped_conv_forward_bf16_2d_128x128x64_compv3,88.09,8
2,4,240,240,240,128,128,5,5,1,1,128,128,grouped_conv_forward_bf16_2d_32x64x64_compv5,83.24,9
2,4,240,240,240,128,128,5,5,1,1,128,128,grouped_conv_forward_bf16_2d_32x64x64_compv3,82.20,10
2,4,240,240,240,128,128,5,5,1,1,128,128,grouped_conv_forward_bf16_2d_32x64x128_compv5,77.69,11
2,4,240,240,240,128,128,5,5,1,1,128,128,grouped_conv_forward_bf16_2d_32x64x128_compv3,76.67,12
2,4,240,240,240,128,128,5,5,1,1,128,128,grouped_conv_forward_bf16_2d_64x64x128_compv5,74.35,13
2,4,240,240,240,128,128,5,5,1,1,128,128,grouped_conv_forward_bf16_2d_64x64x128_compv3,73.84,14
2,4,240,240,240,128,128,5,5,1,1,128,128,grouped_conv_forward_bf16_2d_16x64x64_compv5,70.39,15
2,4,240,240,240,128,128,5,5,1,1,128,128,grouped_conv_forward_bf16_2d_16x64x64_compv3,68.79,16
2,4,240,240,240,128,128,5,5,1,1,128,128,grouped_conv_forward_bf16_2d_128x64x128_compv5,67.95,17
2,4,240,240,240,128,128,5,5,1,1,128,128,grouped_conv_forward_bf16_2d_128x64x128_compv3,67.59,18
2,4,240,240,240,128,128,5,5,1,1,128,128,grouped_conv_forward_bf16_2d_16x64x128_compv5,62.46,19
2,4,240,240,240,128,128,5,5,1,1,128,128,grouped_conv_forward_bf16_2d_16x64x128_compv3,61.37,20
2,4,240,240,240,128,128,5,5,1,1,128,128,grouped_conv_forward_bf16_2d_32x128x64_compv4,42.37,21
2,4,240,240,240,128,128,5,5,1,1,128,128,grouped_conv_forward_bf16_2d_32x64x128_compv4,42.10,22
2,4,240,240,240,128,128,5,5,1,1,128,128,grouped_conv_forward_bf16_2d_32x64x64_compv4,39.48,23
2,4,240,240,240,128,128,5,5,1,1,128,128,grouped_conv_forward_bf16_2d_16x64x128_compv4,39.07,24
2,4,240,240,240,128,128,5,5,1,1,128,128,grouped_conv_forward_bf16_2d_16x64x64_compv4,36.40,25
2,4,240,240,240,128,128,5,5,1,1,128,128,grouped_conv_forward_bf16_2d_64x128x64_compv4,31.99,26
2,4,240,240,240,128,128,5,5,1,1,128,128,grouped_conv_forward_bf16_2d_128x64x128_compv4,31.83,27
2,4,240,240,240,128,128,5,5,1,1,128,128,grouped_conv_forward_bf16_2d_128x128x64_compv4,31.71,28
2,4,240,240,240,128,128,5,5,1,1,128,128,grouped_conv_forward_bf16_2d_64x64x128_compv4,30.62,29
2,4,240,240,240,128,128,5,5,1,1,128,128,grouped_conv_forward_bf16_2d_64x64x64_compv4,28.41,30
3,1,192,432,1,256,256,1,1,2,2,128,128,grouped_conv_forward_bf16_2d_128x128x64_compv5,119.50,1
3,1,192,432,1,256,256,1,1,2,2,128,128,grouped_conv_forward_bf16_2d_64x128x64_compv5,113.59,2
3,1,192,432,1,256,256,1,1,2,2,128,128,grouped_conv_forward_bf16_2d_64x64x64_compv5,111.41,3
3,1,192,432,1,256,256,1,1,2,2,128,128,grouped_conv_forward_bf16_2d_64x128x64_compv3,108.90,4
3,1,192,432,1,256,256,1,1,2,2,128,128,grouped_conv_forward_bf16_2d_32x128x64_compv5,108.62,5
3,1,192,432,1,256,256,1,1,2,2,128,128,grouped_conv_forward_bf16_2d_64x64x64_compv3,108.58,6
3,1,192,432,1,256,256,1,1,2,2,128,128,grouped_conv_forward_bf16_2d_32x128x64_compv3,106.68,7
3,1,192,432,1,256,256,1,1,2,2,128,128,grouped_conv_forward_bf16_2d_32x64x64_compv5,104.64,8
3,1,192,432,1,256,256,1,1,2,2,128,128,grouped_conv_forward_bf16_2d_32x64x64_compv3,103.11,9
3,1,192,432,1,256,256,1,1,2,2,128,128,grouped_conv_forward_bf16_2d_128x128x64_compv3,101.52,10
3,1,192,432,1,256,256,1,1,2,2,128,128,grouped_conv_forward_bf16_2d_32x64x128_compv5,99.61,11
3,1,192,432,1,256,256,1,1,2,2,128,128,grouped_conv_forward_bf16_2d_64x64x128_compv5,99.13,12
3,1,192,432,1,256,256,1,1,2,2,128,128,grouped_conv_forward_bf16_2d_32x64x128_compv3,96.91,13
3,1,192,432,1,256,256,1,1,2,2,128,128,grouped_conv_forward_bf16_2d_128x64x128_compv5,95.24,14
3,1,192,432,1,256,256,1,1,2,2,128,128,grouped_conv_forward_bf16_2d_64x64x128_compv3,93.74,15
3,1,192,432,1,256,256,1,1,2,2,128,128,grouped_conv_forward_bf16_2d_16x64x64_compv5,92.41,16
3,1,192,432,1,256,256,1,1,2,2,128,128,grouped_conv_forward_bf16_2d_16x64x64_compv3,92.01,17
3,1,192,432,1,256,256,1,1,2,2,128,128,grouped_conv_forward_bf16_2d_128x64x128_compv3,88.49,18
3,1,192,432,1,256,256,1,1,2,2,128,128,grouped_conv_forward_bf16_2d_16x64x128_compv5,88.21,19
3,1,192,432,1,256,256,1,1,2,2,128,128,grouped_conv_forward_bf16_2d_16x64x128_compv3,86.52,20
3,1,192,432,1,256,256,1,1,2,2,128,128,grouped_conv_forward_bf16_2d_32x64x64_compv4,67.63,21
3,1,192,432,1,256,256,1,1,2,2,128,128,grouped_conv_forward_bf16_2d_16x64x64_compv4,64.37,22
3,1,192,432,1,256,256,1,1,2,2,128,128,grouped_conv_forward_bf16_2d_32x64x128_compv4,63.84,23
3,1,192,432,1,256,256,1,1,2,2,128,128,grouped_conv_forward_bf16_2d_32x128x64_compv4,62.72,24
3,1,192,432,1,256,256,1,1,2,2,128,128,grouped_conv_forward_bf16_2d_16x64x128_compv4,60.82,25
3,1,192,432,1,256,256,1,1,2,2,128,128,grouped_conv_forward_bf16_2d_64x128x64_compv4,56.41,26
3,1,192,432,1,256,256,1,1,2,2,128,128,grouped_conv_forward_bf16_2d_64x64x64_compv4,55.86,27
3,1,192,432,1,256,256,1,1,2,2,128,128,grouped_conv_forward_bf16_2d_64x64x128_compv4,55.56,28
3,1,192,432,1,256,256,1,1,2,2,128,128,grouped_conv_forward_bf16_2d_128x128x64_compv4,53.33,29
3,1,192,432,1,256,256,1,1,2,2,128,128,grouped_conv_forward_bf16_2d_128x64x128_compv4,52.31,30
4,1,166,1328,1,64,64,1,1,1,1,64,64,grouped_conv_forward_bf16_2d_32x64x128_compv5,90.06,1
4,1,166,1328,1,64,64,1,1,1,1,64,64,grouped_conv_forward_bf16_2d_64x64x128_compv5,88.86,2
4,1,166,1328,1,64,64,1,1,1,1,64,64,grouped_conv_forward_bf16_2d_32x64x128_compv3,88.77,3
4,1,166,1328,1,64,64,1,1,1,1,64,64,grouped_conv_forward_bf16_2d_64x128x64_compv5,87.59,4
4,1,166,1328,1,64,64,1,1,1,1,64,64,grouped_conv_forward_bf16_2d_64x64x128_compv3,87.50,5
4,1,166,1328,1,64,64,1,1,1,1,64,64,grouped_conv_forward_bf16_2d_32x128x64_compv5,87.45,6
4,1,166,1328,1,64,64,1,1,1,1,64,64,grouped_conv_forward_bf16_2d_128x64x128_compv5,86.68,7
4,1,166,1328,1,64,64,1,1,1,1,64,64,grouped_conv_forward_bf16_2d_32x128x64_compv3,86.61,8
4,1,166,1328,1,64,64,1,1,1,1,64,64,grouped_conv_forward_bf16_2d_64x128x64_compv3,86.31,9
4,1,166,1328,1,64,64,1,1,1,1,64,64,grouped_conv_forward_bf16_2d_128x128x64_compv5,85.46,10
4,1,166,1328,1,64,64,1,1,1,1,64,64,grouped_conv_forward_bf16_2d_16x64x128_compv5,82.82,11
4,1,166,1328,1,64,64,1,1,1,1,64,64,grouped_conv_forward_bf16_2d_128x64x128_compv3,82.70,12
4,1,166,1328,1,64,64,1,1,1,1,64,64,grouped_conv_forward_bf16_2d_128x128x64_compv3,82.11,13
4,1,166,1328,1,64,64,1,1,1,1,64,64,grouped_conv_forward_bf16_2d_16x64x128_compv3,82.02,14
4,1,166,1328,1,64,64,1,1,1,1,64,64,grouped_conv_forward_bf16_2d_64x64x64_compv5,80.75,15
4,1,166,1328,1,64,64,1,1,1,1,64,64,grouped_conv_forward_bf16_2d_32x64x64_compv5,79.59,16
4,1,166,1328,1,64,64,1,1,1,1,64,64,grouped_conv_forward_bf16_2d_64x64x64_compv3,79.36,17
4,1,166,1328,1,64,64,1,1,1,1,64,64,grouped_conv_forward_bf16_2d_32x64x64_compv3,78.58,18
4,1,166,1328,1,64,64,1,1,1,1,64,64,grouped_conv_forward_bf16_2d_16x64x64_compv5,74.56,19
4,1,166,1328,1,64,64,1,1,1,1,64,64,grouped_conv_forward_bf16_2d_16x64x64_compv3,73.88,20
4,1,166,1328,1,64,64,1,1,1,1,64,64,grouped_conv_forward_bf16_2d_32x128x64_compv4,60.39,21
4,1,166,1328,1,64,64,1,1,1,1,64,64,grouped_conv_forward_bf16_2d_32x64x128_compv4,59.15,22
4,1,166,1328,1,64,64,1,1,1,1,64,64,grouped_conv_forward_bf16_2d_32x64x64_compv4,58.76,23
4,1,166,1328,1,64,64,1,1,1,1,64,64,grouped_conv_forward_bf16_2d_16x64x128_compv4,54.13,24
4,1,166,1328,1,64,64,1,1,1,1,64,64,grouped_conv_forward_bf16_2d_16x64x64_compv4,53.20,25
4,1,166,1328,1,64,64,1,1,1,1,64,64,grouped_conv_forward_bf16_2d_64x128x64_compv4,51.12,26
4,1,166,1328,1,64,64,1,1,1,1,64,64,grouped_conv_forward_bf16_2d_64x64x128_compv4,49.77,27
4,1,166,1328,1,64,64,1,1,1,1,64,64,grouped_conv_forward_bf16_2d_128x128x64_compv4,48.62,28
4,1,166,1328,1,64,64,1,1,1,1,64,64,grouped_conv_forward_bf16_2d_128x64x128_compv4,48.55,29
4,1,166,1328,1,64,64,1,1,1,1,64,64,grouped_conv_forward_bf16_2d_64x64x64_compv4,48.28,30
5,1,443,116,1,128,128,1,1,1,1,128,128,grouped_conv_forward_bf16_2d_128x128x64_compv5,100.35,1
5,1,443,116,1,128,128,1,1,1,1,128,128,grouped_conv_forward_bf16_2d_64x64x64_compv5,97.51,2
5,1,443,116,1,128,128,1,1,1,1,128,128,grouped_conv_forward_bf16_2d_64x64x64_compv3,96.95,3
5,1,443,116,1,128,128,1,1,1,1,128,128,grouped_conv_forward_bf16_2d_128x128x64_compv3,95.94,4
5,1,443,116,1,128,128,1,1,1,1,128,128,grouped_conv_forward_bf16_2d_128x64x128_compv5,95.71,5
5,1,443,116,1,128,128,1,1,1,1,128,128,grouped_conv_forward_bf16_2d_64x128x64_compv5,94.68,6
5,1,443,116,1,128,128,1,1,1,1,128,128,grouped_conv_forward_bf16_2d_64x128x64_compv3,94.31,7
5,1,443,116,1,128,128,1,1,1,1,128,128,grouped_conv_forward_bf16_2d_128x64x128_compv3,94.14,8
5,1,443,116,1,128,128,1,1,1,1,128,128,grouped_conv_forward_bf16_2d_32x64x128_compv5,93.77,9
5,1,443,116,1,128,128,1,1,1,1,128,128,grouped_conv_forward_bf16_2d_64x64x128_compv5,93.62,10
5,1,443,116,1,128,128,1,1,1,1,128,128,grouped_conv_forward_bf16_2d_64x64x128_compv3,92.93,11
5,1,443,116,1,128,128,1,1,1,1,128,128,grouped_conv_forward_bf16_2d_32x128x64_compv5,92.85,12
5,1,443,116,1,128,128,1,1,1,1,128,128,grouped_conv_forward_bf16_2d_32x64x128_compv3,92.68,13
5,1,443,116,1,128,128,1,1,1,1,128,128,grouped_conv_forward_bf16_2d_32x128x64_compv3,92.58,14
5,1,443,116,1,128,128,1,1,1,1,128,128,grouped_conv_forward_bf16_2d_32x64x64_compv5,91.70,15
5,1,443,116,1,128,128,1,1,1,1,128,128,grouped_conv_forward_bf16_2d_32x64x64_compv3,91.03,16
5,1,443,116,1,128,128,1,1,1,1,128,128,grouped_conv_forward_bf16_2d_32x64x64_compv4,87.19,17
5,1,443,116,1,128,128,1,1,1,1,128,128,grouped_conv_forward_bf16_2d_32x128x64_compv4,83.17,18
5,1,443,116,1,128,128,1,1,1,1,128,128,grouped_conv_forward_bf16_2d_16x64x128_compv5,81.62,19
5,1,443,116,1,128,128,1,1,1,1,128,128,grouped_conv_forward_bf16_2d_16x64x128_compv3,80.93,20
5,1,443,116,1,128,128,1,1,1,1,128,128,grouped_conv_forward_bf16_2d_32x64x128_compv4,80.26,21
5,1,443,116,1,128,128,1,1,1,1,128,128,grouped_conv_forward_bf16_2d_16x64x64_compv5,79.45,22
5,1,443,116,1,128,128,1,1,1,1,128,128,grouped_conv_forward_bf16_2d_16x64x64_compv3,79.23,23
5,1,443,116,1,128,128,1,1,1,1,128,128,grouped_conv_forward_bf16_2d_16x64x64_compv4,79.15,24
5,1,443,116,1,128,128,1,1,1,1,128,128,grouped_conv_forward_bf16_2d_64x64x64_compv4,74.15,25
5,1,443,116,1,128,128,1,1,1,1,128,128,grouped_conv_forward_bf16_2d_64x128x64_compv4,73.90,26
5,1,443,116,1,128,128,1,1,1,1,128,128,grouped_conv_forward_bf16_2d_64x64x128_compv4,72.58,27
5,1,443,116,1,128,128,1,1,1,1,128,128,grouped_conv_forward_bf16_2d_128x128x64_compv4,72.34,28
5,1,443,116,1,128,128,1,1,1,1,128,128,grouped_conv_forward_bf16_2d_128x64x128_compv4,71.45,29
5,1,443,116,1,128,128,1,1,1,1,128,128,grouped_conv_forward_bf16_2d_16x64x128_compv4,71.27,30
6,4,256,128,1,640,640,3,3,1,1,640,640,grouped_conv_forward_bf16_2d_128x128x64_compv3,348.19,1
6,4,256,128,1,640,640,3,3,1,1,640,640,grouped_conv_forward_bf16_2d_128x128x64_compv5,337.13,2
6,4,256,128,1,640,640,3,3,1,1,640,640,grouped_conv_forward_bf16_2d_64x128x64_compv3,306.97,3
6,4,256,128,1,640,640,3,3,1,1,640,640,grouped_conv_forward_bf16_2d_128x64x128_compv3,279.00,4
6,4,256,128,1,640,640,3,3,1,1,640,640,grouped_conv_forward_bf16_2d_64x128x64_compv5,277.63,5
6,4,256,128,1,640,640,3,3,1,1,640,640,grouped_conv_forward_bf16_2d_128x64x128_compv5,270.47,6
6,4,256,128,1,640,640,3,3,1,1,640,640,grouped_conv_forward_bf16_2d_32x128x64_compv3,255.39,7
6,4,256,128,1,640,640,3,3,1,1,640,640,grouped_conv_forward_bf16_2d_32x128x64_compv5,254.08,8
6,4,256,128,1,640,640,3,3,1,1,640,640,grouped_conv_forward_bf16_2d_64x64x128_compv3,250.92,9
6,4,256,128,1,640,640,3,3,1,1,640,640,grouped_conv_forward_bf16_2d_64x64x128_compv5,242.30,10
6,4,256,128,1,640,640,3,3,1,1,640,640,grouped_conv_forward_bf16_2d_64x64x64_compv3,238.87,11
6,4,256,128,1,640,640,3,3,1,1,640,640,grouped_conv_forward_bf16_2d_64x64x64_compv5,229.78,12
6,4,256,128,1,640,640,3,3,1,1,640,640,grouped_conv_forward_bf16_2d_32x64x128_compv3,228.28,13
6,4,256,128,1,640,640,3,3,1,1,640,640,grouped_conv_forward_bf16_2d_32x64x128_compv5,225.02,14
6,4,256,128,1,640,640,3,3,1,1,640,640,grouped_conv_forward_bf16_2d_32x64x64_compv5,195.38,15
6,4,256,128,1,640,640,3,3,1,1,640,640,grouped_conv_forward_bf16_2d_32x64x64_compv3,195.04,16
6,4,256,128,1,640,640,3,3,1,1,640,640,grouped_conv_forward_bf16_2d_16x64x128_compv5,171.12,17
6,4,256,128,1,640,640,3,3,1,1,640,640,grouped_conv_forward_bf16_2d_16x64x128_compv3,166.77,18
6,4,256,128,1,640,640,3,3,1,1,640,640,grouped_conv_forward_bf16_2d_32x128x64_compv4,160.63,19
6,4,256,128,1,640,640,3,3,1,1,640,640,grouped_conv_forward_bf16_2d_16x64x64_compv5,159.04,20
6,4,256,128,1,640,640,3,3,1,1,640,640,grouped_conv_forward_bf16_2d_32x64x64_compv4,158.90,21
6,4,256,128,1,640,640,3,3,1,1,640,640,grouped_conv_forward_bf16_2d_16x64x64_compv3,158.86,22
6,4,256,128,1,640,640,3,3,1,1,640,640,grouped_conv_forward_bf16_2d_32x64x128_compv4,157.40,23
6,4,256,128,1,640,640,3,3,1,1,640,640,grouped_conv_forward_bf16_2d_16x64x64_compv4,142.10,24
6,4,256,128,1,640,640,3,3,1,1,640,640,grouped_conv_forward_bf16_2d_16x64x128_compv4,139.92,25
6,4,256,128,1,640,640,3,3,1,1,640,640,grouped_conv_forward_bf16_2d_128x128x64_compv4,130.79,26
6,4,256,128,1,640,640,3,3,1,1,640,640,grouped_conv_forward_bf16_2d_128x64x128_compv4,128.81,27
6,4,256,128,1,640,640,3,3,1,1,640,640,grouped_conv_forward_bf16_2d_64x64x64_compv4,128.55,28
6,4,256,128,1,640,640,3,3,1,1,640,640,grouped_conv_forward_bf16_2d_64x64x128_compv4,127.81,29
6,4,256,128,1,640,640,3,3,1,1,640,640,grouped_conv_forward_bf16_2d_64x128x64_compv4,126.26,30
7,4,1260,1260,1260,64,64,3,3,1,1,64,64,grouped_conv_forward_bf16_2d_32x128x64_compv3,101.48,1
7,4,1260,1260,1260,64,64,3,3,1,1,64,64,grouped_conv_forward_bf16_2d_32x128x64_compv5,101.15,2
7,4,1260,1260,1260,64,64,3,3,1,1,64,64,grouped_conv_forward_bf16_2d_64x128x64_compv3,97.10,3
7,4,1260,1260,1260,64,64,3,3,1,1,64,64,grouped_conv_forward_bf16_2d_64x128x64_compv5,95.89,4
7,4,1260,1260,1260,64,64,3,3,1,1,64,64,grouped_conv_forward_bf16_2d_64x64x64_compv5,90.59,5
7,4,1260,1260,1260,64,64,3,3,1,1,64,64,grouped_conv_forward_bf16_2d_64x64x64_compv3,90.17,6
7,4,1260,1260,1260,64,64,3,3,1,1,64,64,grouped_conv_forward_bf16_2d_128x128x64_compv5,82.66,7
7,4,1260,1260,1260,64,64,3,3,1,1,64,64,grouped_conv_forward_bf16_2d_128x128x64_compv3,81.85,8
7,4,1260,1260,1260,64,64,3,3,1,1,64,64,grouped_conv_forward_bf16_2d_32x64x64_compv5,79.14,9
7,4,1260,1260,1260,64,64,3,3,1,1,64,64,grouped_conv_forward_bf16_2d_32x64x64_compv3,78.45,10
7,4,1260,1260,1260,64,64,3,3,1,1,64,64,grouped_conv_forward_bf16_2d_32x64x128_compv5,74.48,11
7,4,1260,1260,1260,64,64,3,3,1,1,64,64,grouped_conv_forward_bf16_2d_32x64x128_compv3,73.92,12
7,4,1260,1260,1260,64,64,3,3,1,1,64,64,grouped_conv_forward_bf16_2d_64x64x128_compv3,71.19,13
7,4,1260,1260,1260,64,64,3,3,1,1,64,64,grouped_conv_forward_bf16_2d_64x64x128_compv5,70.76,14
7,4,1260,1260,1260,64,64,3,3,1,1,64,64,grouped_conv_forward_bf16_2d_16x64x64_compv5,68.18,15
7,4,1260,1260,1260,64,64,3,3,1,1,64,64,grouped_conv_forward_bf16_2d_16x64x64_compv3,67.87,16
7,4,1260,1260,1260,64,64,3,3,1,1,64,64,grouped_conv_forward_bf16_2d_128x64x128_compv5,64.45,17
7,4,1260,1260,1260,64,64,3,3,1,1,64,64,grouped_conv_forward_bf16_2d_128x64x128_compv3,64.43,18
7,4,1260,1260,1260,64,64,3,3,1,1,64,64,grouped_conv_forward_bf16_2d_16x64x128_compv3,62.06,19
7,4,1260,1260,1260,64,64,3,3,1,1,64,64,grouped_conv_forward_bf16_2d_16x64x128_compv5,61.91,20
7,4,1260,1260,1260,64,64,3,3,1,1,64,64,grouped_conv_forward_bf16_2d_32x128x64_compv4,38.52,21
7,4,1260,1260,1260,64,64,3,3,1,1,64,64,grouped_conv_forward_bf16_2d_32x64x128_compv4,38.04,22
7,4,1260,1260,1260,64,64,3,3,1,1,64,64,grouped_conv_forward_bf16_2d_16x64x128_compv4,35.84,23
7,4,1260,1260,1260,64,64,3,3,1,1,64,64,grouped_conv_forward_bf16_2d_32x64x64_compv4,35.09,24
7,4,1260,1260,1260,64,64,3,3,1,1,64,64,grouped_conv_forward_bf16_2d_16x64x64_compv4,33.55,25
7,4,1260,1260,1260,64,64,3,3,1,1,64,64,grouped_conv_forward_bf16_2d_64x128x64_compv4,29.35,26
7,4,1260,1260,1260,64,64,3,3,1,1,64,64,grouped_conv_forward_bf16_2d_128x128x64_compv4,28.95,27
7,4,1260,1260,1260,64,64,3,3,1,1,64,64,grouped_conv_forward_bf16_2d_128x64x128_compv4,28.86,28
7,4,1260,1260,1260,64,64,3,3,1,1,64,64,grouped_conv_forward_bf16_2d_64x64x128_compv4,27.91,29
7,4,1260,1260,1260,64,64,3,3,1,1,64,64,grouped_conv_forward_bf16_2d_64x64x64_compv4,25.93,30
8,1,1536,3072,1,7,7,1,1,1,1,7,7,grouped_conv_forward_bf16_2d_32x128x64_compv4,40.47,1
8,1,1536,3072,1,7,7,1,1,1,1,7,7,grouped_conv_forward_bf16_2d_128x128x64_compv4,31.47,2
8,1,1536,3072,1,7,7,1,1,1,1,7,7,grouped_conv_forward_bf16_2d_64x128x64_compv4,31.17,3
8,1,1536,3072,1,7,7,1,1,1,1,7,7,grouped_conv_forward_bf16_2d_32x128x64_compv5,29.56,4
8,1,1536,3072,1,7,7,1,1,1,1,7,7,grouped_conv_forward_bf16_2d_32x128x64_compv3,29.34,5
8,1,1536,3072,1,7,7,1,1,1,1,7,7,grouped_conv_forward_bf16_2d_16x64x64_compv4,29.18,6
8,1,1536,3072,1,7,7,1,1,1,1,7,7,grouped_conv_forward_bf16_2d_128x128x64_compv5,26.39,7
8,1,1536,3072,1,7,7,1,1,1,1,7,7,grouped_conv_forward_bf16_2d_64x128x64_compv5,26.34,8
8,1,1536,3072,1,7,7,1,1,1,1,7,7,grouped_conv_forward_bf16_2d_128x128x64_compv3,26.29,9
8,1,1536,3072,1,7,7,1,1,1,1,7,7,grouped_conv_forward_bf16_2d_64x128x64_compv3,26.18,10
8,1,1536,3072,1,7,7,1,1,1,1,7,7,grouped_conv_forward_bf16_2d_32x64x64_compv4,26.00,11
8,1,1536,3072,1,7,7,1,1,1,1,7,7,grouped_conv_forward_bf16_2d_16x64x64_compv5,24.51,12
8,1,1536,3072,1,7,7,1,1,1,1,7,7,grouped_conv_forward_bf16_2d_16x64x64_compv3,24.33,13
8,1,1536,3072,1,7,7,1,1,1,1,7,7,grouped_conv_forward_bf16_2d_16x64x128_compv4,24.05,14
8,1,1536,3072,1,7,7,1,1,1,1,7,7,grouped_conv_forward_bf16_2d_16x64x128_compv3,23.94,15
8,1,1536,3072,1,7,7,1,1,1,1,7,7,grouped_conv_forward_bf16_2d_16x64x128_compv5,23.87,16
8,1,1536,3072,1,7,7,1,1,1,1,7,7,grouped_conv_forward_bf16_2d_32x64x128_compv5,21.92,17
8,1,1536,3072,1,7,7,1,1,1,1,7,7,grouped_conv_forward_bf16_2d_32x64x128_compv3,21.83,18
8,1,1536,3072,1,7,7,1,1,1,1,7,7,grouped_conv_forward_bf16_2d_32x64x128_compv4,21.58,19
8,1,1536,3072,1,7,7,1,1,1,1,7,7,grouped_conv_forward_bf16_2d_32x64x64_compv5,20.80,20
8,1,1536,3072,1,7,7,1,1,1,1,7,7,grouped_conv_forward_bf16_2d_32x64x64_compv3,20.49,21
8,1,1536,3072,1,7,7,1,1,1,1,7,7,grouped_conv_forward_bf16_2d_64x64x64_compv4,19.29,22
8,1,1536,3072,1,7,7,1,1,1,1,7,7,grouped_conv_forward_bf16_2d_64x64x64_compv5,18.23,23
8,1,1536,3072,1,7,7,1,1,1,1,7,7,grouped_conv_forward_bf16_2d_64x64x64_compv3,18.12,24
8,1,1536,3072,1,7,7,1,1,1,1,7,7,grouped_conv_forward_bf16_2d_128x64x128_compv5,18.02,25
8,1,1536,3072,1,7,7,1,1,1,1,7,7,grouped_conv_forward_bf16_2d_128x64x128_compv3,17.83,26
8,1,1536,3072,1,7,7,1,1,1,1,7,7,grouped_conv_forward_bf16_2d_64x64x128_compv5,17.46,27
8,1,1536,3072,1,7,7,1,1,1,1,7,7,grouped_conv_forward_bf16_2d_64x64x128_compv3,17.21,28
8,1,1536,3072,1,7,7,1,1,1,1,7,7,grouped_conv_forward_bf16_2d_128x64x128_compv4,15.42,29
8,1,1536,3072,1,7,7,1,1,1,1,7,7,grouped_conv_forward_bf16_2d_64x64x128_compv4,15.02,30
9,1,160,278,1,64,64,1,1,1,1,64,64,grouped_conv_forward_bf16_2d_32x64x64_compv5,55.65,1
9,1,160,278,1,64,64,1,1,1,1,64,64,grouped_conv_forward_bf16_2d_32x64x64_compv3,54.80,2
9,1,160,278,1,64,64,1,1,1,1,64,64,grouped_conv_forward_bf16_2d_64x64x64_compv3,54.17,3
9,1,160,278,1,64,64,1,1,1,1,64,64,grouped_conv_forward_bf16_2d_64x64x64_compv5,53.81,4
9,1,160,278,1,64,64,1,1,1,1,64,64,grouped_conv_forward_bf16_2d_16x64x64_compv3,51.47,5
9,1,160,278,1,64,64,1,1,1,1,64,64,grouped_conv_forward_bf16_2d_16x64x64_compv5,51.36,6
9,1,160,278,1,64,64,1,1,1,1,64,64,grouped_conv_forward_bf16_2d_32x64x64_compv4,39.13,7
9,1,160,278,1,64,64,1,1,1,1,64,64,grouped_conv_forward_bf16_2d_16x64x64_compv4,36.66,8
9,1,160,278,1,64,64,1,1,1,1,64,64,grouped_conv_forward_bf16_2d_64x64x64_compv4,33.90,9
9,1,160,278,1,64,64,1,1,1,1,64,64,grouped_conv_forward_bf16_2d_32x128x64_compv3,29.87,10
9,1,160,278,1,64,64,1,1,1,1,64,64,grouped_conv_forward_bf16_2d_32x64x128_compv3,29.75,11
9,1,160,278,1,64,64,1,1,1,1,64,64,grouped_conv_forward_bf16_2d_32x128x64_compv5,29.59,12
9,1,160,278,1,64,64,1,1,1,1,64,64,grouped_conv_forward_bf16_2d_32x64x128_compv5,29.42,13
9,1,160,278,1,64,64,1,1,1,1,64,64,grouped_conv_forward_bf16_2d_16x64x128_compv3,27.51,14
9,1,160,278,1,64,64,1,1,1,1,64,64,grouped_conv_forward_bf16_2d_64x64x128_compv3,27.05,15
9,1,160,278,1,64,64,1,1,1,1,64,64,grouped_conv_forward_bf16_2d_16x64x128_compv5,27.04,16
9,1,160,278,1,64,64,1,1,1,1,64,64,grouped_conv_forward_bf16_2d_64x64x128_compv5,26.42,17
9,1,160,278,1,64,64,1,1,1,1,64,64,grouped_conv_forward_bf16_2d_64x128x64_compv3,26.04,18
9,1,160,278,1,64,64,1,1,1,1,64,64,grouped_conv_forward_bf16_2d_64x128x64_compv5,25.61,19
9,1,160,278,1,64,64,1,1,1,1,64,64,grouped_conv_forward_bf16_2d_32x128x64_compv4,24.81,20
9,1,160,278,1,64,64,1,1,1,1,64,64,grouped_conv_forward_bf16_2d_128x64x128_compv3,24.81,21
9,1,160,278,1,64,64,1,1,1,1,64,64,grouped_conv_forward_bf16_2d_128x64x128_compv5,24.63,22
9,1,160,278,1,64,64,1,1,1,1,64,64,grouped_conv_forward_bf16_2d_32x64x128_compv4,24.49,23
9,1,160,278,1,64,64,1,1,1,1,64,64,grouped_conv_forward_bf16_2d_16x64x128_compv4,22.97,24
9,1,160,278,1,64,64,1,1,1,1,64,64,grouped_conv_forward_bf16_2d_128x128x64_compv5,22.16,25
9,1,160,278,1,64,64,1,1,1,1,64,64,grouped_conv_forward_bf16_2d_128x128x64_compv4,22.08,26
9,1,160,278,1,64,64,1,1,1,1,64,64,grouped_conv_forward_bf16_2d_128x128x64_compv3,22.01,27
9,1,160,278,1,64,64,1,1,1,1,64,64,grouped_conv_forward_bf16_2d_64x128x64_compv4,21.78,28
9,1,160,278,1,64,64,1,1,1,1,64,64,grouped_conv_forward_bf16_2d_128x64x128_compv4,21.49,29
9,1,160,278,1,64,64,1,1,1,1,64,64,grouped_conv_forward_bf16_2d_64x64x128_compv4,21.32,30
10,4,192,388,1,512,512,1,1,1,1,512,512,grouped_conv_forward_bf16_2d_128x128x64_compv5,163.25,1
10,4,192,388,1,512,512,1,1,1,1,512,512,grouped_conv_forward_bf16_2d_64x128x64_compv5,158.72,2
10,4,192,388,1,512,512,1,1,1,1,512,512,grouped_conv_forward_bf16_2d_64x128x64_compv3,153.89,3
10,4,192,388,1,512,512,1,1,1,1,512,512,grouped_conv_forward_bf16_2d_128x128x64_compv3,144.36,4
10,4,192,388,1,512,512,1,1,1,1,512,512,grouped_conv_forward_bf16_2d_32x128x64_compv5,141.32,5
10,4,192,388,1,512,512,1,1,1,1,512,512,grouped_conv_forward_bf16_2d_32x128x64_compv3,138.81,6
10,4,192,388,1,512,512,1,1,1,1,512,512,grouped_conv_forward_bf16_2d_128x64x128_compv5,129.57,7
10,4,192,388,1,512,512,1,1,1,1,512,512,grouped_conv_forward_bf16_2d_64x64x64_compv5,129.05,8
10,4,192,388,1,512,512,1,1,1,1,512,512,grouped_conv_forward_bf16_2d_64x64x128_compv5,127.96,9
10,4,192,388,1,512,512,1,1,1,1,512,512,grouped_conv_forward_bf16_2d_64x64x64_compv3,123.42,10
10,4,192,388,1,512,512,1,1,1,1,512,512,grouped_conv_forward_bf16_2d_64x64x128_compv3,122.77,11
10,4,192,388,1,512,512,1,1,1,1,512,512,grouped_conv_forward_bf16_2d_128x64x128_compv3,121.07,12
10,4,192,388,1,512,512,1,1,1,1,512,512,grouped_conv_forward_bf16_2d_32x64x64_compv5,117.50,13
10,4,192,388,1,512,512,1,1,1,1,512,512,grouped_conv_forward_bf16_2d_32x64x128_compv5,116.81,14
10,4,192,388,1,512,512,1,1,1,1,512,512,grouped_conv_forward_bf16_2d_32x64x128_compv3,115.09,15
10,4,192,388,1,512,512,1,1,1,1,512,512,grouped_conv_forward_bf16_2d_32x64x64_compv3,114.83,16
10,4,192,388,1,512,512,1,1,1,1,512,512,grouped_conv_forward_bf16_2d_16x64x128_compv5,100.99,17
10,4,192,388,1,512,512,1,1,1,1,512,512,grouped_conv_forward_bf16_2d_16x64x64_compv3,99.75,18
10,4,192,388,1,512,512,1,1,1,1,512,512,grouped_conv_forward_bf16_2d_16x64x128_compv3,99.70,19
10,4,192,388,1,512,512,1,1,1,1,512,512,grouped_conv_forward_bf16_2d_16x64x64_compv5,99.40,20
10,4,192,388,1,512,512,1,1,1,1,512,512,grouped_conv_forward_bf16_2d_32x64x128_compv4,76.28,21
10,4,192,388,1,512,512,1,1,1,1,512,512,grouped_conv_forward_bf16_2d_32x128x64_compv4,74.81,22
10,4,192,388,1,512,512,1,1,1,1,512,512,grouped_conv_forward_bf16_2d_32x64x64_compv4,73.96,23
10,4,192,388,1,512,512,1,1,1,1,512,512,grouped_conv_forward_bf16_2d_16x64x128_compv4,67.32,24
10,4,192,388,1,512,512,1,1,1,1,512,512,grouped_conv_forward_bf16_2d_16x64x64_compv4,66.35,25
10,4,192,388,1,512,512,1,1,1,1,512,512,grouped_conv_forward_bf16_2d_128x64x128_compv4,56.18,26
10,4,192,388,1,512,512,1,1,1,1,512,512,grouped_conv_forward_bf16_2d_128x128x64_compv4,55.66,27
10,4,192,388,1,512,512,1,1,1,1,512,512,grouped_conv_forward_bf16_2d_64x64x64_compv4,54.87,28
10,4,192,388,1,512,512,1,1,1,1,512,512,grouped_conv_forward_bf16_2d_64x64x128_compv4,52.86,29
10,4,192,388,1,512,512,1,1,1,1,512,512,grouped_conv_forward_bf16_2d_64x128x64_compv4,52.39,30
11,2,2560,1280,1,32,32,3,3,1,1,32,32,grouped_conv_forward_bf16_2d_128x128x64_compv5,262.87,1
11,2,2560,1280,1,32,32,3,3,1,1,32,32,grouped_conv_forward_bf16_2d_128x128x64_compv3,252.90,2
11,2,2560,1280,1,32,32,3,3,1,1,32,32,grouped_conv_forward_bf16_2d_64x128x64_compv5,245.12,3
11,2,2560,1280,1,32,32,3,3,1,1,32,32,grouped_conv_forward_bf16_2d_128x64x128_compv5,239.67,4
11,2,2560,1280,1,32,32,3,3,1,1,32,32,grouped_conv_forward_bf16_2d_64x128x64_compv3,235.95,5
11,2,2560,1280,1,32,32,3,3,1,1,32,32,grouped_conv_forward_bf16_2d_128x64x128_compv3,234.56,6
11,2,2560,1280,1,32,32,3,3,1,1,32,32,grouped_conv_forward_bf16_2d_64x64x128_compv5,212.45,7
11,2,2560,1280,1,32,32,3,3,1,1,32,32,grouped_conv_forward_bf16_2d_32x128x64_compv5,198.35,8
11,2,2560,1280,1,32,32,3,3,1,1,32,32,grouped_conv_forward_bf16_2d_32x64x128_compv5,196.12,9
11,2,2560,1280,1,32,32,3,3,1,1,32,32,grouped_conv_forward_bf16_2d_32x128x64_compv3,192.49,10
11,2,2560,1280,1,32,32,3,3,1,1,32,32,grouped_conv_forward_bf16_2d_32x64x128_compv3,191.03,11
11,2,2560,1280,1,32,32,3,3,1,1,32,32,grouped_conv_forward_bf16_2d_64x64x64_compv5,183.73,12
11,2,2560,1280,1,32,32,3,3,1,1,32,32,grouped_conv_forward_bf16_2d_64x64x64_compv3,179.40,13
11,2,2560,1280,1,32,32,3,3,1,1,32,32,grouped_conv_forward_bf16_2d_64x64x128_compv3,173.72,14
11,2,2560,1280,1,32,32,3,3,1,1,32,32,grouped_conv_forward_bf16_2d_32x64x64_compv5,164.99,15
11,2,2560,1280,1,32,32,3,3,1,1,32,32,grouped_conv_forward_bf16_2d_32x64x64_compv3,161.68,16
11,2,2560,1280,1,32,32,3,3,1,1,32,32,grouped_conv_forward_bf16_2d_16x64x128_compv5,160.63,17
11,2,2560,1280,1,32,32,3,3,1,1,32,32,grouped_conv_forward_bf16_2d_16x64x128_compv3,158.23,18
11,2,2560,1280,1,32,32,3,3,1,1,32,32,grouped_conv_forward_bf16_2d_32x128x64_compv4,148.56,19
11,2,2560,1280,1,32,32,3,3,1,1,32,32,grouped_conv_forward_bf16_2d_32x64x128_compv4,147.99,20
11,2,2560,1280,1,32,32,3,3,1,1,32,32,grouped_conv_forward_bf16_2d_32x64x64_compv4,146.12,21
11,2,2560,1280,1,32,32,3,3,1,1,32,32,grouped_conv_forward_bf16_2d_16x64x64_compv5,139.93,22
11,2,2560,1280,1,32,32,3,3,1,1,32,32,grouped_conv_forward_bf16_2d_16x64x64_compv3,138.68,23
11,2,2560,1280,1,32,32,3,3,1,1,32,32,grouped_conv_forward_bf16_2d_16x64x128_compv4,130.23,24
11,2,2560,1280,1,32,32,3,3,1,1,32,32,grouped_conv_forward_bf16_2d_16x64x64_compv4,127.79,25
11,2,2560,1280,1,32,32,3,3,1,1,32,32,grouped_conv_forward_bf16_2d_128x64x128_compv4,108.68,26
11,2,2560,1280,1,32,32,3,3,1,1,32,32,grouped_conv_forward_bf16_2d_64x64x64_compv4,108.68,27
11,2,2560,1280,1,32,32,3,3,1,1,32,32,grouped_conv_forward_bf16_2d_128x128x64_compv4,107.09,28
11,2,2560,1280,1,32,32,3,3,1,1,32,32,grouped_conv_forward_bf16_2d_64x64x128_compv4,105.78,29
11,2,2560,1280,1,32,32,3,3,1,1,32,32,grouped_conv_forward_bf16_2d_64x128x64_compv4,103.11,30
12,1,256,768,1,64,64,1,1,1,1,64,64,grouped_conv_forward_bf16_2d_128x128x64_compv5,141.88,1
12,1,256,768,1,64,64,1,1,1,1,64,64,grouped_conv_forward_bf16_2d_128x128x64_compv3,139.58,2
12,1,256,768,1,64,64,1,1,1,1,64,64,grouped_conv_forward_bf16_2d_64x128x64_compv3,136.80,3
12,1,256,768,1,64,64,1,1,1,1,64,64,grouped_conv_forward_bf16_2d_64x128x64_compv5,136.61,4
12,1,256,768,1,64,64,1,1,1,1,64,64,grouped_conv_forward_bf16_2d_32x128x64_compv5,127.00,5
12,1,256,768,1,64,64,1,1,1,1,64,64,grouped_conv_forward_bf16_2d_32x128x64_compv3,126.68,6
12,1,256,768,1,64,64,1,1,1,1,64,64,grouped_conv_forward_bf16_2d_128x64x128_compv5,125.04,7
12,1,256,768,1,64,64,1,1,1,1,64,64,grouped_conv_forward_bf16_2d_128x64x128_compv3,123.87,8
12,1,256,768,1,64,64,1,1,1,1,64,64,grouped_conv_forward_bf16_2d_64x64x128_compv5,122.27,9
12,1,256,768,1,64,64,1,1,1,1,64,64,grouped_conv_forward_bf16_2d_64x64x128_compv3,122.20,10
12,1,256,768,1,64,64,1,1,1,1,64,64,grouped_conv_forward_bf16_2d_32x64x128_compv5,120.44,11
12,1,256,768,1,64,64,1,1,1,1,64,64,grouped_conv_forward_bf16_2d_32x64x128_compv3,120.39,12
12,1,256,768,1,64,64,1,1,1,1,64,64,grouped_conv_forward_bf16_2d_64x64x64_compv3,106.55,13
12,1,256,768,1,64,64,1,1,1,1,64,64,grouped_conv_forward_bf16_2d_64x64x64_compv5,106.20,14
12,1,256,768,1,64,64,1,1,1,1,64,64,grouped_conv_forward_bf16_2d_16x64x128_compv5,105.69,15
12,1,256,768,1,64,64,1,1,1,1,64,64,grouped_conv_forward_bf16_2d_16x64x128_compv3,105.55,16
12,1,256,768,1,64,64,1,1,1,1,64,64,grouped_conv_forward_bf16_2d_32x64x64_compv5,103.46,17
12,1,256,768,1,64,64,1,1,1,1,64,64,grouped_conv_forward_bf16_2d_32x64x64_compv3,102.51,18
12,1,256,768,1,64,64,1,1,1,1,64,64,grouped_conv_forward_bf16_2d_32x128x64_compv4,92.73,19
12,1,256,768,1,64,64,1,1,1,1,64,64,grouped_conv_forward_bf16_2d_32x64x64_compv4,92.70,20
12,1,256,768,1,64,64,1,1,1,1,64,64,grouped_conv_forward_bf16_2d_32x64x128_compv4,90.90,21
12,1,256,768,1,64,64,1,1,1,1,64,64,grouped_conv_forward_bf16_2d_16x64x64_compv5,90.27,22
12,1,256,768,1,64,64,1,1,1,1,64,64,grouped_conv_forward_bf16_2d_16x64x64_compv3,90.15,23
12,1,256,768,1,64,64,1,1,1,1,64,64,grouped_conv_forward_bf16_2d_16x64x64_compv4,86.04,24
12,1,256,768,1,64,64,1,1,1,1,64,64,grouped_conv_forward_bf16_2d_16x64x128_compv4,84.34,25
12,1,256,768,1,64,64,1,1,1,1,64,64,grouped_conv_forward_bf16_2d_64x64x64_compv4,71.50,26
12,1,256,768,1,64,64,1,1,1,1,64,64,grouped_conv_forward_bf16_2d_128x64x128_compv4,71.04,27
12,1,256,768,1,64,64,1,1,1,1,64,64,grouped_conv_forward_bf16_2d_64x128x64_compv4,70.81,28
12,1,256,768,1,64,64,1,1,1,1,64,64,grouped_conv_forward_bf16_2d_128x128x64_compv4,70.21,29
12,1,256,768,1,64,64,1,1,1,1,64,64,grouped_conv_forward_bf16_2d_64x64x128_compv4,69.91,30
13,4,128,3072,1,1,1,1,1,1,1,1,1,grouped_conv_forward_bf16_2d_32x128x64_compv3,17.33,1
13,4,128,3072,1,1,1,1,1,1,1,1,1,grouped_conv_forward_bf16_2d_32x128x64_compv5,17.32,2
13,4,128,3072,1,1,1,1,1,1,1,1,1,grouped_conv_forward_bf16_2d_32x128x64_compv4,15.30,3
13,4,128,3072,1,1,1,1,1,1,1,1,1,grouped_conv_forward_bf16_2d_64x128x64_compv3,13.15,4
13,4,128,3072,1,1,1,1,1,1,1,1,1,grouped_conv_forward_bf16_2d_64x128x64_compv5,13.11,5
13,4,128,3072,1,1,1,1,1,1,1,1,1,grouped_conv_forward_bf16_2d_128x128x64_compv4,11.57,6
13,4,128,3072,1,1,1,1,1,1,1,1,1,grouped_conv_forward_bf16_2d_64x128x64_compv4,11.44,7
13,4,128,3072,1,1,1,1,1,1,1,1,1,grouped_conv_forward_bf16_2d_128x128x64_compv3,11.03,8
13,4,128,3072,1,1,1,1,1,1,1,1,1,grouped_conv_forward_bf16_2d_128x128x64_compv5,10.95,9
13,4,128,3072,1,1,1,1,1,1,1,1,1,grouped_conv_forward_bf16_2d_16x64x64_compv5,10.36,10
13,4,128,3072,1,1,1,1,1,1,1,1,1,grouped_conv_forward_bf16_2d_16x64x64_compv3,10.29,11
13,4,128,3072,1,1,1,1,1,1,1,1,1,grouped_conv_forward_bf16_2d_32x64x64_compv5,9.47,12
13,4,128,3072,1,1,1,1,1,1,1,1,1,grouped_conv_forward_bf16_2d_32x64x64_compv3,9.25,13
13,4,128,3072,1,1,1,1,1,1,1,1,1,grouped_conv_forward_bf16_2d_16x64x128_compv3,9.10,14
13,4,128,3072,1,1,1,1,1,1,1,1,1,grouped_conv_forward_bf16_2d_16x64x128_compv5,9.06,15
13,4,128,3072,1,1,1,1,1,1,1,1,1,grouped_conv_forward_bf16_2d_32x64x128_compv3,8.59,16
13,4,128,3072,1,1,1,1,1,1,1,1,1,grouped_conv_forward_bf16_2d_32x64x128_compv5,8.52,17
13,4,128,3072,1,1,1,1,1,1,1,1,1,grouped_conv_forward_bf16_2d_16x64x64_compv4,8.46,18
13,4,128,3072,1,1,1,1,1,1,1,1,1,grouped_conv_forward_bf16_2d_16x64x128_compv4,8.19,19
13,4,128,3072,1,1,1,1,1,1,1,1,1,grouped_conv_forward_bf16_2d_32x64x64_compv4,7.96,20
13,4,128,3072,1,1,1,1,1,1,1,1,1,grouped_conv_forward_bf16_2d_32x64x128_compv4,7.42,21
13,4,128,3072,1,1,1,1,1,1,1,1,1,grouped_conv_forward_bf16_2d_64x64x64_compv3,7.42,22
13,4,128,3072,1,1,1,1,1,1,1,1,1,grouped_conv_forward_bf16_2d_64x64x64_compv5,7.36,23
13,4,128,3072,1,1,1,1,1,1,1,1,1,grouped_conv_forward_bf16_2d_64x64x128_compv5,7.14,24
13,4,128,3072,1,1,1,1,1,1,1,1,1,grouped_conv_forward_bf16_2d_64x64x128_compv3,7.14,25
13,4,128,3072,1,1,1,1,1,1,1,1,1,grouped_conv_forward_bf16_2d_64x64x64_compv4,6.29,26
13,4,128,3072,1,1,1,1,1,1,1,1,1,grouped_conv_forward_bf16_2d_64x64x128_compv4,6.14,27
13,4,128,3072,1,1,1,1,1,1,1,1,1,grouped_conv_forward_bf16_2d_128x64x128_compv5,5.97,28
13,4,128,3072,1,1,1,1,1,1,1,1,1,grouped_conv_forward_bf16_2d_128x64x128_compv3,5.96,29
13,4,128,3072,1,1,1,1,1,1,1,1,1,grouped_conv_forward_bf16_2d_128x64x128_compv4,5.91,30
14,1,872,872,872,7,7,1,5,1,1,7,7,grouped_conv_forward_bf16_2d_16x64x64_compv3,1.29,1
14,1,872,872,872,7,7,1,5,1,1,7,7,grouped_conv_forward_bf16_2d_16x64x64_compv5,1.24,2
14,1,872,872,872,7,7,1,5,1,1,7,7,grouped_conv_forward_bf16_2d_32x128x64_compv3,1.19,3
14,1,872,872,872,7,7,1,5,1,1,7,7,grouped_conv_forward_bf16_2d_32x128x64_compv5,1.16,4
14,1,872,872,872,7,7,1,5,1,1,7,7,grouped_conv_forward_bf16_2d_32x64x64_compv3,1.10,5
14,1,872,872,872,7,7,1,5,1,1,7,7,grouped_conv_forward_bf16_2d_32x64x64_compv5,1.08,6
14,1,872,872,872,7,7,1,5,1,1,7,7,grouped_conv_forward_bf16_2d_64x128x64_compv3,1.06,7
14,1,872,872,872,7,7,1,5,1,1,7,7,grouped_conv_forward_bf16_2d_64x64x64_compv3,1.04,8
14,1,872,872,872,7,7,1,5,1,1,7,7,grouped_conv_forward_bf16_2d_64x128x64_compv5,1.02,9
14,1,872,872,872,7,7,1,5,1,1,7,7,grouped_conv_forward_bf16_2d_128x128x64_compv3,1.01,10
14,1,872,872,872,7,7,1,5,1,1,7,7,grouped_conv_forward_bf16_2d_64x64x64_compv5,1.00,11
14,1,872,872,872,7,7,1,5,1,1,7,7,grouped_conv_forward_bf16_2d_32x128x64_compv4,0.98,12
14,1,872,872,872,7,7,1,5,1,1,7,7,grouped_conv_forward_bf16_2d_128x128x64_compv5,0.97,13
14,1,872,872,872,7,7,1,5,1,1,7,7,grouped_conv_forward_bf16_2d_64x128x64_compv4,0.93,14
14,1,872,872,872,7,7,1,5,1,1,7,7,grouped_conv_forward_bf16_2d_128x128x64_compv4,0.91,15
14,1,872,872,872,7,7,1,5,1,1,7,7,grouped_conv_forward_bf16_2d_16x64x64_compv4,0.87,16
14,1,872,872,872,7,7,1,5,1,1,7,7,grouped_conv_forward_bf16_2d_32x64x64_compv4,0.84,17
14,1,872,872,872,7,7,1,5,1,1,7,7,grouped_conv_forward_bf16_2d_64x64x64_compv4,0.76,18
14,1,872,872,872,7,7,1,5,1,1,7,7,grouped_conv_forward_bf16_2d_16x64x128_compv5,0.56,19
14,1,872,872,872,7,7,1,5,1,1,7,7,grouped_conv_forward_bf16_2d_16x64x128_compv3,0.56,20
14,1,872,872,872,7,7,1,5,1,1,7,7,grouped_conv_forward_bf16_2d_32x64x128_compv5,0.54,21
14,1,872,872,872,7,7,1,5,1,1,7,7,grouped_conv_forward_bf16_2d_32x64x128_compv3,0.52,22
14,1,872,872,872,7,7,1,5,1,1,7,7,grouped_conv_forward_bf16_2d_64x64x128_compv5,0.49,23
14,1,872,872,872,7,7,1,5,1,1,7,7,grouped_conv_forward_bf16_2d_64x64x128_compv3,0.48,24
14,1,872,872,872,7,7,1,5,1,1,7,7,grouped_conv_forward_bf16_2d_128x64x128_compv5,0.47,25
14,1,872,872,872,7,7,1,5,1,1,7,7,grouped_conv_forward_bf16_2d_128x64x128_compv3,0.47,26
14,1,872,872,872,7,7,1,5,1,1,7,7,grouped_conv_forward_bf16_2d_16x64x128_compv4,0.45,27
14,1,872,872,872,7,7,1,5,1,1,7,7,grouped_conv_forward_bf16_2d_32x64x128_compv4,0.44,28
14,1,872,872,872,7,7,1,5,1,1,7,7,grouped_conv_forward_bf16_2d_128x64x128_compv4,0.42,29
14,1,872,872,872,7,7,1,5,1,1,7,7,grouped_conv_forward_bf16_2d_64x64x128_compv4,0.41,30
15,1,80,52,1,128,128,1,1,1,1,128,128,grouped_conv_forward_bf16_2d_32x64x64_compv5,30.60,1
15,1,80,52,1,128,128,1,1,1,1,128,128,grouped_conv_forward_bf16_2d_16x64x64_compv5,29.80,2
15,1,80,52,1,128,128,1,1,1,1,128,128,grouped_conv_forward_bf16_2d_32x64x128_compv5,29.78,3
15,1,80,52,1,128,128,1,1,1,1,128,128,grouped_conv_forward_bf16_2d_32x64x64_compv3,29.75,4
15,1,80,52,1,128,128,1,1,1,1,128,128,grouped_conv_forward_bf16_2d_16x64x64_compv3,29.66,5
15,1,80,52,1,128,128,1,1,1,1,128,128,grouped_conv_forward_bf16_2d_32x64x128_compv3,29.46,6
15,1,80,52,1,128,128,1,1,1,1,128,128,grouped_conv_forward_bf16_2d_64x64x64_compv5,29.42,7
15,1,80,52,1,128,128,1,1,1,1,128,128,grouped_conv_forward_bf16_2d_64x64x64_compv3,29.36,8
15,1,80,52,1,128,128,1,1,1,1,128,128,grouped_conv_forward_bf16_2d_64x64x128_compv3,29.12,9
15,1,80,52,1,128,128,1,1,1,1,128,128,grouped_conv_forward_bf16_2d_16x64x128_compv5,29.00,10
15,1,80,52,1,128,128,1,1,1,1,128,128,grouped_conv_forward_bf16_2d_64x64x128_compv5,28.92,11
15,1,80,52,1,128,128,1,1,1,1,128,128,grouped_conv_forward_bf16_2d_16x64x128_compv3,28.84,12
15,1,80,52,1,128,128,1,1,1,1,128,128,grouped_conv_forward_bf16_2d_128x64x128_compv5,28.42,13
15,1,80,52,1,128,128,1,1,1,1,128,128,grouped_conv_forward_bf16_2d_128x64x128_compv3,28.33,14
15,1,80,52,1,128,128,1,1,1,1,128,128,grouped_conv_forward_bf16_2d_32x64x128_compv4,20.96,15
15,1,80,52,1,128,128,1,1,1,1,128,128,grouped_conv_forward_bf16_2d_32x64x64_compv4,20.29,16
15,1,80,52,1,128,128,1,1,1,1,128,128,grouped_conv_forward_bf16_2d_16x64x128_compv4,19.20,17
15,1,80,52,1,128,128,1,1,1,1,128,128,grouped_conv_forward_bf16_2d_64x64x128_compv4,18.85,18
15,1,80,52,1,128,128,1,1,1,1,128,128,grouped_conv_forward_bf16_2d_64x64x64_compv4,18.81,19
15,1,80,52,1,128,128,1,1,1,1,128,128,grouped_conv_forward_bf16_2d_16x64x64_compv4,18.32,20
15,1,80,52,1,128,128,1,1,1,1,128,128,grouped_conv_forward_bf16_2d_128x64x128_compv4,17.96,21
15,1,80,52,1,128,128,1,1,1,1,128,128,grouped_conv_forward_bf16_2d_32x128x64_compv5,12.48,22
15,1,80,52,1,128,128,1,1,1,1,128,128,grouped_conv_forward_bf16_2d_32x128x64_compv3,12.47,23
15,1,80,52,1,128,128,1,1,1,1,128,128,grouped_conv_forward_bf16_2d_64x128x64_compv3,11.82,24
15,1,80,52,1,128,128,1,1,1,1,128,128,grouped_conv_forward_bf16_2d_64x128x64_compv5,11.73,25
15,1,80,52,1,128,128,1,1,1,1,128,128,grouped_conv_forward_bf16_2d_32x128x64_compv4,11.66,26
15,1,80,52,1,128,128,1,1,1,1,128,128,grouped_conv_forward_bf16_2d_128x128x64_compv3,11.13,27
15,1,80,52,1,128,128,1,1,1,1,128,128,grouped_conv_forward_bf16_2d_128x128x64_compv5,10.86,28
15,1,80,52,1,128,128,1,1,1,1,128,128,grouped_conv_forward_bf16_2d_128x128x64_compv4,10.27,29
15,1,80,52,1,128,128,1,1,1,1,128,128,grouped_conv_forward_bf16_2d_64x128x64_compv4,9.97,30
16,1,4096,4096,32,256,256,3,3,2,2,128,128,grouped_conv_forward_bf16_2d_128x128x64_compv5,290.26,1
16,1,4096,4096,32,256,256,3,3,2,2,128,128,grouped_conv_forward_bf16_2d_128x128x64_compv3,278.06,2
16,1,4096,4096,32,256,256,3,3,2,2,128,128,grouped_conv_forward_bf16_2d_64x128x64_compv3,273.74,3
16,1,4096,4096,32,256,256,3,3,2,2,128,128,grouped_conv_forward_bf16_2d_64x128x64_compv5,272.09,4
16,1,4096,4096,32,256,256,3,3,2,2,128,128,grouped_conv_forward_bf16_2d_128x64x128_compv3,237.68,5
16,1,4096,4096,32,256,256,3,3,2,2,128,128,grouped_conv_forward_bf16_2d_128x64x128_compv5,236.14,6
16,1,4096,4096,32,256,256,3,3,2,2,128,128,grouped_conv_forward_bf16_2d_32x128x64_compv3,235.13,7
16,1,4096,4096,32,256,256,3,3,2,2,128,128,grouped_conv_forward_bf16_2d_32x128x64_compv5,228.92,8
16,1,4096,4096,32,256,256,3,3,2,2,128,128,grouped_conv_forward_bf16_2d_64x64x128_compv3,222.70,9
16,1,4096,4096,32,256,256,3,3,2,2,128,128,grouped_conv_forward_bf16_2d_64x64x128_compv5,221.29,10
16,1,4096,4096,32,256,256,3,3,2,2,128,128,grouped_conv_forward_bf16_2d_64x64x64_compv3,205.82,11
16,1,4096,4096,32,256,256,3,3,2,2,128,128,grouped_conv_forward_bf16_2d_64x64x64_compv5,204.70,12
16,1,4096,4096,32,256,256,3,3,2,2,128,128,grouped_conv_forward_bf16_2d_32x64x128_compv3,203.96,13
16,1,4096,4096,32,256,256,3,3,2,2,128,128,grouped_conv_forward_bf16_2d_32x64x128_compv5,199.13,14
16,1,4096,4096,32,256,256,3,3,2,2,128,128,grouped_conv_forward_bf16_2d_32x64x64_compv3,169.87,15
16,1,4096,4096,32,256,256,3,3,2,2,128,128,grouped_conv_forward_bf16_2d_32x64x64_compv5,169.72,16
16,1,4096,4096,32,256,256,3,3,2,2,128,128,grouped_conv_forward_bf16_2d_32x128x64_compv4,158.63,17
16,1,4096,4096,32,256,256,3,3,2,2,128,128,grouped_conv_forward_bf16_2d_32x64x128_compv4,156.52,18
16,1,4096,4096,32,256,256,3,3,2,2,128,128,grouped_conv_forward_bf16_2d_16x64x128_compv3,154.90,19
16,1,4096,4096,32,256,256,3,3,2,2,128,128,grouped_conv_forward_bf16_2d_32x64x64_compv4,153.03,20
16,1,4096,4096,32,256,256,3,3,2,2,128,128,grouped_conv_forward_bf16_2d_16x64x128_compv5,150.65,21
16,1,4096,4096,32,256,256,3,3,2,2,128,128,grouped_conv_forward_bf16_2d_16x64x64_compv3,141.11,22
16,1,4096,4096,32,256,256,3,3,2,2,128,128,grouped_conv_forward_bf16_2d_16x64x64_compv5,138.33,23
16,1,4096,4096,32,256,256,3,3,2,2,128,128,grouped_conv_forward_bf16_2d_16x64x128_compv4,137.79,24
16,1,4096,4096,32,256,256,3,3,2,2,128,128,grouped_conv_forward_bf16_2d_16x64x64_compv4,133.63,25
16,1,4096,4096,32,256,256,3,3,2,2,128,128,grouped_conv_forward_bf16_2d_128x64x128_compv4,128.86,26
16,1,4096,4096,32,256,256,3,3,2,2,128,128,grouped_conv_forward_bf16_2d_64x64x128_compv4,128.78,27
16,1,4096,4096,32,256,256,3,3,2,2,128,128,grouped_conv_forward_bf16_2d_64x128x64_compv4,127.50,28
16,1,4096,4096,32,256,256,3,3,2,2,128,128,grouped_conv_forward_bf16_2d_128x128x64_compv4,125.43,29
16,1,4096,4096,32,256,256,3,3,2,2,128,128,grouped_conv_forward_bf16_2d_64x64x64_compv4,123.35,30
17,4,2816,5636,1,64,64,1,1,1,1,64,64,grouped_conv_forward_bf16_2d_128x128x64_compv5,348.77,1
17,4,2816,5636,1,64,64,1,1,1,1,64,64,grouped_conv_forward_bf16_2d_128x128x64_compv3,332.93,2
17,4,2816,5636,1,64,64,1,1,1,1,64,64,grouped_conv_forward_bf16_2d_64x128x64_compv5,320.69,3
17,4,2816,5636,1,64,64,1,1,1,1,64,64,grouped_conv_forward_bf16_2d_64x128x64_compv3,308.89,4
17,4,2816,5636,1,64,64,1,1,1,1,64,64,grouped_conv_forward_bf16_2d_128x64x128_compv5,291.24,5
17,4,2816,5636,1,64,64,1,1,1,1,64,64,grouped_conv_forward_bf16_2d_128x64x128_compv3,275.22,6
17,4,2816,5636,1,64,64,1,1,1,1,64,64,grouped_conv_forward_bf16_2d_32x128x64_compv5,272.33,7
17,4,2816,5636,1,64,64,1,1,1,1,64,64,grouped_conv_forward_bf16_2d_32x128x64_compv3,265.75,8
17,4,2816,5636,1,64,64,1,1,1,1,64,64,grouped_conv_forward_bf16_2d_64x64x128_compv5,263.26,9
17,4,2816,5636,1,64,64,1,1,1,1,64,64,grouped_conv_forward_bf16_2d_32x64x128_compv5,242.78,10
17,4,2816,5636,1,64,64,1,1,1,1,64,64,grouped_conv_forward_bf16_2d_64x64x64_compv5,236.34,11
17,4,2816,5636,1,64,64,1,1,1,1,64,64,grouped_conv_forward_bf16_2d_32x64x128_compv3,236.13,12
17,4,2816,5636,1,64,64,1,1,1,1,64,64,grouped_conv_forward_bf16_2d_64x64x128_compv3,234.95,13
17,4,2816,5636,1,64,64,1,1,1,1,64,64,grouped_conv_forward_bf16_2d_64x64x64_compv3,230.72,14
17,4,2816,5636,1,64,64,1,1,1,1,64,64,grouped_conv_forward_bf16_2d_32x64x64_compv5,185.37,15
17,4,2816,5636,1,64,64,1,1,1,1,64,64,grouped_conv_forward_bf16_2d_32x64x64_compv3,182.46,16
17,4,2816,5636,1,64,64,1,1,1,1,64,64,grouped_conv_forward_bf16_2d_16x64x128_compv5,175.82,17
17,4,2816,5636,1,64,64,1,1,1,1,64,64,grouped_conv_forward_bf16_2d_16x64x128_compv3,171.75,18
17,4,2816,5636,1,64,64,1,1,1,1,64,64,grouped_conv_forward_bf16_2d_32x128x64_compv4,170.40,19
17,4,2816,5636,1,64,64,1,1,1,1,64,64,grouped_conv_forward_bf16_2d_32x64x64_compv4,166.24,20
17,4,2816,5636,1,64,64,1,1,1,1,64,64,grouped_conv_forward_bf16_2d_32x64x128_compv4,164.98,21
17,4,2816,5636,1,64,64,1,1,1,1,64,64,grouped_conv_forward_bf16_2d_16x64x64_compv3,146.48,22
17,4,2816,5636,1,64,64,1,1,1,1,64,64,grouped_conv_forward_bf16_2d_16x64x128_compv4,146.31,23
17,4,2816,5636,1,64,64,1,1,1,1,64,64,grouped_conv_forward_bf16_2d_16x64x64_compv5,144.72,24
17,4,2816,5636,1,64,64,1,1,1,1,64,64,grouped_conv_forward_bf16_2d_16x64x64_compv4,136.10,25
17,4,2816,5636,1,64,64,1,1,1,1,64,64,grouped_conv_forward_bf16_2d_128x64x128_compv4,132.33,26
17,4,2816,5636,1,64,64,1,1,1,1,64,64,grouped_conv_forward_bf16_2d_128x128x64_compv4,131.51,27
17,4,2816,5636,1,64,64,1,1,1,1,64,64,grouped_conv_forward_bf16_2d_64x64x128_compv4,128.85,28
17,4,2816,5636,1,64,64,1,1,1,1,64,64,grouped_conv_forward_bf16_2d_64x128x64_compv4,126.67,29
17,4,2816,5636,1,64,64,1,1,1,1,64,64,grouped_conv_forward_bf16_2d_64x64x64_compv4,124.48,30
18,1,213,67,1,64,64,1,1,1,1,64,64,grouped_conv_forward_bf16_2d_32x128x64_compv4,27.30,1
18,1,213,67,1,64,64,1,1,1,1,64,64,grouped_conv_forward_bf16_2d_32x64x64_compv4,26.15,2
18,1,213,67,1,64,64,1,1,1,1,64,64,grouped_conv_forward_bf16_2d_16x64x128_compv3,25.86,3
18,1,213,67,1,64,64,1,1,1,1,64,64,grouped_conv_forward_bf16_2d_32x128x64_compv3,25.57,4
18,1,213,67,1,64,64,1,1,1,1,64,64,grouped_conv_forward_bf16_2d_32x128x64_compv5,25.46,5
18,1,213,67,1,64,64,1,1,1,1,64,64,grouped_conv_forward_bf16_2d_16x64x64_compv4,25.33,6
18,1,213,67,1,64,64,1,1,1,1,64,64,grouped_conv_forward_bf16_2d_32x64x64_compv5,25.28,7
18,1,213,67,1,64,64,1,1,1,1,64,64,grouped_conv_forward_bf16_2d_16x64x128_compv5,25.21,8
18,1,213,67,1,64,64,1,1,1,1,64,64,grouped_conv_forward_bf16_2d_16x64x64_compv5,25.05,9
18,1,213,67,1,64,64,1,1,1,1,64,64,grouped_conv_forward_bf16_2d_16x64x64_compv3,24.87,10
18,1,213,67,1,64,64,1,1,1,1,64,64,grouped_conv_forward_bf16_2d_32x64x64_compv3,24.77,11
18,1,213,67,1,64,64,1,1,1,1,64,64,grouped_conv_forward_bf16_2d_32x64x128_compv3,24.03,12
18,1,213,67,1,64,64,1,1,1,1,64,64,grouped_conv_forward_bf16_2d_32x64x128_compv5,23.81,13
18,1,213,67,1,64,64,1,1,1,1,64,64,grouped_conv_forward_bf16_2d_16x64x128_compv4,23.65,14
18,1,213,67,1,64,64,1,1,1,1,64,64,grouped_conv_forward_bf16_2d_128x128x64_compv4,23.54,15
18,1,213,67,1,64,64,1,1,1,1,64,64,grouped_conv_forward_bf16_2d_64x128x64_compv4,23.13,16
18,1,213,67,1,64,64,1,1,1,1,64,64,grouped_conv_forward_bf16_2d_64x128x64_compv3,22.24,17
18,1,213,67,1,64,64,1,1,1,1,64,64,grouped_conv_forward_bf16_2d_64x128x64_compv5,22.00,18
18,1,213,67,1,64,64,1,1,1,1,64,64,grouped_conv_forward_bf16_2d_64x64x64_compv4,21.92,19
18,1,213,67,1,64,64,1,1,1,1,64,64,grouped_conv_forward_bf16_2d_32x64x128_compv4,21.81,20
18,1,213,67,1,64,64,1,1,1,1,64,64,grouped_conv_forward_bf16_2d_64x64x64_compv3,21.36,21
18,1,213,67,1,64,64,1,1,1,1,64,64,grouped_conv_forward_bf16_2d_64x64x64_compv5,21.32,22
18,1,213,67,1,64,64,1,1,1,1,64,64,grouped_conv_forward_bf16_2d_128x128x64_compv3,20.99,23
18,1,213,67,1,64,64,1,1,1,1,64,64,grouped_conv_forward_bf16_2d_128x128x64_compv5,20.98,24
18,1,213,67,1,64,64,1,1,1,1,64,64,grouped_conv_forward_bf16_2d_64x64x128_compv3,20.35,25
18,1,213,67,1,64,64,1,1,1,1,64,64,grouped_conv_forward_bf16_2d_64x64x128_compv5,20.10,26
18,1,213,67,1,64,64,1,1,1,1,64,64,grouped_conv_forward_bf16_2d_128x64x128_compv3,20.01,27
18,1,213,67,1,64,64,1,1,1,1,64,64,grouped_conv_forward_bf16_2d_128x64x128_compv5,19.76,28
18,1,213,67,1,64,64,1,1,1,1,64,64,grouped_conv_forward_bf16_2d_128x64x128_compv4,19.16,29
18,1,213,67,1,64,64,1,1,1,1,64,64,grouped_conv_forward_bf16_2d_64x64x128_compv4,19.13,30
19,1,384,384,1,32,32,1,1,1,1,32,32,grouped_conv_forward_bf16_2d_16x64x128_compv3,46.52,1
19,1,384,384,1,32,32,1,1,1,1,32,32,grouped_conv_forward_bf16_2d_16x64x128_compv5,46.30,2
19,1,384,384,1,32,32,1,1,1,1,32,32,grouped_conv_forward_bf16_2d_16x64x128_compv4,44.10,3
19,1,384,384,1,32,32,1,1,1,1,32,32,grouped_conv_forward_bf16_2d_16x64x64_compv4,43.64,4
19,1,384,384,1,32,32,1,1,1,1,32,32,grouped_conv_forward_bf16_2d_32x64x128_compv3,41.41,5
19,1,384,384,1,32,32,1,1,1,1,32,32,grouped_conv_forward_bf16_2d_32x128x64_compv4,41.35,6
19,1,384,384,1,32,32,1,1,1,1,32,32,grouped_conv_forward_bf16_2d_32x64x128_compv5,41.30,7
19,1,384,384,1,32,32,1,1,1,1,32,32,grouped_conv_forward_bf16_2d_32x64x64_compv4,39.81,8
19,1,384,384,1,32,32,1,1,1,1,32,32,grouped_conv_forward_bf16_2d_16x64x64_compv5,39.35,9
19,1,384,384,1,32,32,1,1,1,1,32,32,grouped_conv_forward_bf16_2d_16x64x64_compv3,39.26,10
19,1,384,384,1,32,32,1,1,1,1,32,32,grouped_conv_forward_bf16_2d_32x64x128_compv4,39.14,11
19,1,384,384,1,32,32,1,1,1,1,32,32,grouped_conv_forward_bf16_2d_64x64x128_compv3,35.95,12
19,1,384,384,1,32,32,1,1,1,1,32,32,grouped_conv_forward_bf16_2d_64x64x128_compv5,35.94,13
19,1,384,384,1,32,32,1,1,1,1,32,32,grouped_conv_forward_bf16_2d_32x64x64_compv5,35.62,14
19,1,384,384,1,32,32,1,1,1,1,32,32,grouped_conv_forward_bf16_2d_32x64x64_compv3,35.20,15
19,1,384,384,1,32,32,1,1,1,1,32,32,grouped_conv_forward_bf16_2d_64x128x64_compv4,33.68,16
19,1,384,384,1,32,32,1,1,1,1,32,32,grouped_conv_forward_bf16_2d_64x64x128_compv4,32.66,17
19,1,384,384,1,32,32,1,1,1,1,32,32,grouped_conv_forward_bf16_2d_128x128x64_compv4,32.22,18
19,1,384,384,1,32,32,1,1,1,1,32,32,grouped_conv_forward_bf16_2d_128x64x128_compv3,31.96,19
19,1,384,384,1,32,32,1,1,1,1,32,32,grouped_conv_forward_bf16_2d_128x64x128_compv5,31.92,20
19,1,384,384,1,32,32,1,1,1,1,32,32,grouped_conv_forward_bf16_2d_32x128x64_compv5,31.05,21
19,1,384,384,1,32,32,1,1,1,1,32,32,grouped_conv_forward_bf16_2d_128x64x128_compv4,31.01,22
19,1,384,384,1,32,32,1,1,1,1,32,32,grouped_conv_forward_bf16_2d_32x128x64_compv3,31.00,23
19,1,384,384,1,32,32,1,1,1,1,32,32,grouped_conv_forward_bf16_2d_64x64x64_compv4,30.75,24
19,1,384,384,1,32,32,1,1,1,1,32,32,grouped_conv_forward_bf16_2d_64x64x64_compv3,28.68,25
19,1,384,384,1,32,32,1,1,1,1,32,32,grouped_conv_forward_bf16_2d_64x64x64_compv5,28.63,26
19,1,384,384,1,32,32,1,1,1,1,32,32,grouped_conv_forward_bf16_2d_64x128x64_compv3,27.13,27
19,1,384,384,1,32,32,1,1,1,1,32,32,grouped_conv_forward_bf16_2d_64x128x64_compv5,27.09,28
19,1,384,384,1,32,32,1,1,1,1,32,32,grouped_conv_forward_bf16_2d_128x128x64_compv5,24.45,29
19,1,384,384,1,32,32,1,1,1,1,32,32,grouped_conv_forward_bf16_2d_128x128x64_compv3,24.44,30
20,4,11110,11110,11,128,128,3,3,1,1,128,128,grouped_conv_forward_bf16_2d_128x128x64_compv5,371.12,1
20,4,11110,11110,11,128,128,3,3,1,1,128,128,grouped_conv_forward_bf16_2d_128x128x64_compv3,353.81,2
20,4,11110,11110,11,128,128,3,3,1,1,128,128,grouped_conv_forward_bf16_2d_64x128x64_compv5,344.44,3
20,4,11110,11110,11,128,128,3,3,1,1,128,128,grouped_conv_forward_bf16_2d_64x128x64_compv3,343.62,4
20,4,11110,11110,11,128,128,3,3,1,1,128,128,grouped_conv_forward_bf16_2d_128x64x128_compv3,310.62,5
20,4,11110,11110,11,128,128,3,3,1,1,128,128,grouped_conv_forward_bf16_2d_128x64x128_compv5,302.33,6
20,4,11110,11110,11,128,128,3,3,1,1,128,128,grouped_conv_forward_bf16_2d_32x128x64_compv5,284.08,7
20,4,11110,11110,11,128,128,3,3,1,1,128,128,grouped_conv_forward_bf16_2d_32x128x64_compv3,281.60,8
20,4,11110,11110,11,128,128,3,3,1,1,128,128,grouped_conv_forward_bf16_2d_64x64x128_compv3,277.03,9
20,4,11110,11110,11,128,128,3,3,1,1,128,128,grouped_conv_forward_bf16_2d_64x64x128_compv5,276.40,10
20,4,11110,11110,11,128,128,3,3,1,1,128,128,grouped_conv_forward_bf16_2d_64x64x64_compv5,258.36,11
20,4,11110,11110,11,128,128,3,3,1,1,128,128,grouped_conv_forward_bf16_2d_64x64x64_compv3,255.20,12
20,4,11110,11110,11,128,128,3,3,1,1,128,128,grouped_conv_forward_bf16_2d_32x64x128_compv3,251.17,13
20,4,11110,11110,11,128,128,3,3,1,1,128,128,grouped_conv_forward_bf16_2d_32x64x128_compv5,250.69,14
20,4,11110,11110,11,128,128,3,3,1,1,128,128,grouped_conv_forward_bf16_2d_32x64x64_compv5,201.65,15
20,4,11110,11110,11,128,128,3,3,1,1,128,128,grouped_conv_forward_bf16_2d_32x64x64_compv3,199.96,16
20,4,11110,11110,11,128,128,3,3,1,1,128,128,grouped_conv_forward_bf16_2d_16x64x128_compv5,180.71,17
20,4,11110,11110,11,128,128,3,3,1,1,128,128,grouped_conv_forward_bf16_2d_16x64x128_compv3,177.91,18
20,4,11110,11110,11,128,128,3,3,1,1,128,128,grouped_conv_forward_bf16_2d_32x128x64_compv4,171.53,19
20,4,11110,11110,11,128,128,3,3,1,1,128,128,grouped_conv_forward_bf16_2d_32x64x64_compv4,168.18,20
20,4,11110,11110,11,128,128,3,3,1,1,128,128,grouped_conv_forward_bf16_2d_32x64x128_compv4,166.12,21
20,4,11110,11110,11,128,128,3,3,1,1,128,128,grouped_conv_forward_bf16_2d_16x64x64_compv3,160.27,22
20,4,11110,11110,11,128,128,3,3,1,1,128,128,grouped_conv_forward_bf16_2d_16x64x64_compv5,159.87,23
20,4,11110,11110,11,128,128,3,3,1,1,128,128,grouped_conv_forward_bf16_2d_16x64x128_compv4,145.49,24
20,4,11110,11110,11,128,128,3,3,1,1,128,128,grouped_conv_forward_bf16_2d_16x64x64_compv4,138.10,25
20,4,11110,11110,11,128,128,3,3,1,1,128,128,grouped_conv_forward_bf16_2d_128x64x128_compv4,136.57,26
20,4,11110,11110,11,128,128,3,3,1,1,128,128,grouped_conv_forward_bf16_2d_64x64x128_compv4,134.11,27
20,4,11110,11110,11,128,128,3,3,1,1,128,128,grouped_conv_forward_bf16_2d_64x128x64_compv4,133.37,28
20,4,11110,11110,11,128,128,3,3,1,1,128,128,grouped_conv_forward_bf16_2d_64x64x64_compv4,132.72,29
20,4,11110,11110,11,128,128,3,3,1,1,128,128,grouped_conv_forward_bf16_2d_128x128x64_compv4,130.94,30
21,1,2304,2304,2304,64,64,3,3,1,1,64,64,grouped_conv_forward_bf16_2d_64x64x64_compv3,75.28,1
21,1,2304,2304,2304,64,64,3,3,1,1,64,64,grouped_conv_forward_bf16_2d_64x64x64_compv5,74.64,2
21,1,2304,2304,2304,64,64,3,3,1,1,64,64,grouped_conv_forward_bf16_2d_32x128x64_compv3,73.04,3
21,1,2304,2304,2304,64,64,3,3,1,1,64,64,grouped_conv_forward_bf16_2d_32x128x64_compv5,71.83,4
21,1,2304,2304,2304,64,64,3,3,1,1,64,64,grouped_conv_forward_bf16_2d_64x128x64_compv3,70.94,5
21,1,2304,2304,2304,64,64,3,3,1,1,64,64,grouped_conv_forward_bf16_2d_64x128x64_compv5,69.22,6
21,1,2304,2304,2304,64,64,3,3,1,1,64,64,grouped_conv_forward_bf16_2d_32x64x64_compv5,67.35,7
21,1,2304,2304,2304,64,64,3,3,1,1,64,64,grouped_conv_forward_bf16_2d_128x128x64_compv3,67.15,8
21,1,2304,2304,2304,64,64,3,3,1,1,64,64,grouped_conv_forward_bf16_2d_32x64x64_compv3,67.13,9
21,1,2304,2304,2304,64,64,3,3,1,1,64,64,grouped_conv_forward_bf16_2d_128x128x64_compv5,65.35,10
21,1,2304,2304,2304,64,64,3,3,1,1,64,64,grouped_conv_forward_bf16_2d_16x64x64_compv3,61.45,11
21,1,2304,2304,2304,64,64,3,3,1,1,64,64,grouped_conv_forward_bf16_2d_16x64x64_compv5,60.48,12
21,1,2304,2304,2304,64,64,3,3,1,1,64,64,grouped_conv_forward_bf16_2d_32x64x128_compv3,59.36,13
21,1,2304,2304,2304,64,64,3,3,1,1,64,64,grouped_conv_forward_bf16_2d_32x64x128_compv5,58.84,14
21,1,2304,2304,2304,64,64,3,3,1,1,64,64,grouped_conv_forward_bf16_2d_64x64x128_compv3,56.98,15
21,1,2304,2304,2304,64,64,3,3,1,1,64,64,grouped_conv_forward_bf16_2d_64x64x128_compv5,56.08,16
21,1,2304,2304,2304,64,64,3,3,1,1,64,64,grouped_conv_forward_bf16_2d_16x64x128_compv3,54.98,17
21,1,2304,2304,2304,64,64,3,3,1,1,64,64,grouped_conv_forward_bf16_2d_16x64x128_compv5,53.75,18
21,1,2304,2304,2304,64,64,3,3,1,1,64,64,grouped_conv_forward_bf16_2d_128x64x128_compv3,52.17,19
21,1,2304,2304,2304,64,64,3,3,1,1,64,64,grouped_conv_forward_bf16_2d_128x64x128_compv5,50.93,20
21,1,2304,2304,2304,64,64,3,3,1,1,64,64,grouped_conv_forward_bf16_2d_32x128x64_compv4,35.92,21
21,1,2304,2304,2304,64,64,3,3,1,1,64,64,grouped_conv_forward_bf16_2d_32x64x128_compv4,35.41,22
21,1,2304,2304,2304,64,64,3,3,1,1,64,64,grouped_conv_forward_bf16_2d_16x64x128_compv4,33.75,23
21,1,2304,2304,2304,64,64,3,3,1,1,64,64,grouped_conv_forward_bf16_2d_32x64x64_compv4,31.91,24
21,1,2304,2304,2304,64,64,3,3,1,1,64,64,grouped_conv_forward_bf16_2d_16x64x64_compv4,30.56,25
21,1,2304,2304,2304,64,64,3,3,1,1,64,64,grouped_conv_forward_bf16_2d_64x128x64_compv4,28.20,26
21,1,2304,2304,2304,64,64,3,3,1,1,64,64,grouped_conv_forward_bf16_2d_128x128x64_compv4,28.11,27
21,1,2304,2304,2304,64,64,3,3,1,1,64,64,grouped_conv_forward_bf16_2d_128x64x128_compv4,27.96,28
21,1,2304,2304,2304,64,64,3,3,1,1,64,64,grouped_conv_forward_bf16_2d_64x64x128_compv4,27.69,29
21,1,2304,2304,2304,64,64,3,3,1,1,64,64,grouped_conv_forward_bf16_2d_64x64x64_compv4,25.86,30
22,1,64,64,64,144,144,3,3,1,1,144,144,grouped_conv_forward_bf16_2d_32x64x128_compv5,29.69,1
22,1,64,64,64,144,144,3,3,1,1,144,144,grouped_conv_forward_bf16_2d_128x64x128_compv5,29.46,2
22,1,64,64,64,144,144,3,3,1,1,144,144,grouped_conv_forward_bf16_2d_128x64x128_compv3,29.05,3
22,1,64,64,64,144,144,3,3,1,1,144,144,grouped_conv_forward_bf16_2d_32x64x128_compv3,29.01,4
22,1,64,64,64,144,144,3,3,1,1,144,144,grouped_conv_forward_bf16_2d_64x64x128_compv3,28.95,5
22,1,64,64,64,144,144,3,3,1,1,144,144,grouped_conv_forward_bf16_2d_64x64x128_compv5,28.95,6
22,1,64,64,64,144,144,3,3,1,1,144,144,grouped_conv_forward_bf16_2d_32x64x64_compv5,28.65,7
22,1,64,64,64,144,144,3,3,1,1,144,144,grouped_conv_forward_bf16_2d_64x64x64_compv5,28.03,8
22,1,64,64,64,144,144,3,3,1,1,144,144,grouped_conv_forward_bf16_2d_32x64x64_compv3,27.95,9
22,1,64,64,64,144,144,3,3,1,1,144,144,grouped_conv_forward_bf16_2d_64x64x64_compv3,27.75,10
22,1,64,64,64,144,144,3,3,1,1,144,144,grouped_conv_forward_bf16_2d_16x64x64_compv5,27.33,11
22,1,64,64,64,144,144,3,3,1,1,144,144,grouped_conv_forward_bf16_2d_16x64x64_compv3,27.21,12
22,1,64,64,64,144,144,3,3,1,1,144,144,grouped_conv_forward_bf16_2d_16x64x128_compv5,27.19,13
22,1,64,64,64,144,144,3,3,1,1,144,144,grouped_conv_forward_bf16_2d_16x64x128_compv3,26.83,14
22,1,64,64,64,144,144,3,3,1,1,144,144,grouped_conv_forward_bf16_2d_32x64x128_compv4,18.37,15
22,1,64,64,64,144,144,3,3,1,1,144,144,grouped_conv_forward_bf16_2d_32x64x64_compv4,17.67,16
22,1,64,64,64,144,144,3,3,1,1,144,144,grouped_conv_forward_bf16_2d_128x64x128_compv4,17.54,17
22,1,64,64,64,144,144,3,3,1,1,144,144,grouped_conv_forward_bf16_2d_32x128x64_compv5,17.14,18
22,1,64,64,64,144,144,3,3,1,1,144,144,grouped_conv_forward_bf16_2d_64x64x128_compv4,17.11,19
22,1,64,64,64,144,144,3,3,1,1,144,144,grouped_conv_forward_bf16_2d_32x128x64_compv3,16.93,20
22,1,64,64,64,144,144,3,3,1,1,144,144,grouped_conv_forward_bf16_2d_16x64x128_compv4,16.82,21
22,1,64,64,64,144,144,3,3,1,1,144,144,grouped_conv_forward_bf16_2d_64x128x64_compv5,16.20,22
22,1,64,64,64,144,144,3,3,1,1,144,144,grouped_conv_forward_bf16_2d_64x64x64_compv4,16.20,23
22,1,64,64,64,144,144,3,3,1,1,144,144,grouped_conv_forward_bf16_2d_64x128x64_compv3,16.18,24
22,1,64,64,64,144,144,3,3,1,1,144,144,grouped_conv_forward_bf16_2d_16x64x64_compv4,16.10,25
22,1,64,64,64,144,144,3,3,1,1,144,144,grouped_conv_forward_bf16_2d_32x128x64_compv4,15.89,26
22,1,64,64,64,144,144,3,3,1,1,144,144,grouped_conv_forward_bf16_2d_128x128x64_compv5,15.30,27
22,1,64,64,64,144,144,3,3,1,1,144,144,grouped_conv_forward_bf16_2d_128x128x64_compv3,15.05,28
22,1,64,64,64,144,144,3,3,1,1,144,144,grouped_conv_forward_bf16_2d_128x128x64_compv4,13.94,29
22,1,64,64,64,144,144,3,3,1,1,144,144,grouped_conv_forward_bf16_2d_64x128x64_compv4,13.71,30
23,1,512,256,1,128,128,3,3,1,1,128,128,grouped_conv_forward_bf16_2d_128x128x64_compv3,342.15,1
23,1,512,256,1,128,128,3,3,1,1,128,128,grouped_conv_forward_bf16_2d_128x128x64_compv5,332.80,2
23,1,512,256,1,128,128,3,3,1,1,128,128,grouped_conv_forward_bf16_2d_64x128x64_compv3,300.59,3
23,1,512,256,1,128,128,3,3,1,1,128,128,grouped_conv_forward_bf16_2d_64x128x64_compv5,297.71,4
23,1,512,256,1,128,128,3,3,1,1,128,128,grouped_conv_forward_bf16_2d_128x64x128_compv3,281.51,5
23,1,512,256,1,128,128,3,3,1,1,128,128,grouped_conv_forward_bf16_2d_128x64x128_compv5,279.66,6
23,1,512,256,1,128,128,3,3,1,1,128,128,grouped_conv_forward_bf16_2d_64x64x128_compv3,242.03,7
23,1,512,256,1,128,128,3,3,1,1,128,128,grouped_conv_forward_bf16_2d_64x64x128_compv5,239.42,8
23,1,512,256,1,128,128,3,3,1,1,128,128,grouped_conv_forward_bf16_2d_32x128x64_compv5,224.17,9
23,1,512,256,1,128,128,3,3,1,1,128,128,grouped_conv_forward_bf16_2d_32x128x64_compv3,223.78,10
23,1,512,256,1,128,128,3,3,1,1,128,128,grouped_conv_forward_bf16_2d_32x64x128_compv5,217.82,11
23,1,512,256,1,128,128,3,3,1,1,128,128,grouped_conv_forward_bf16_2d_32x64x128_compv3,217.12,12
23,1,512,256,1,128,128,3,3,1,1,128,128,grouped_conv_forward_bf16_2d_64x64x64_compv3,190.23,13
23,1,512,256,1,128,128,3,3,1,1,128,128,grouped_conv_forward_bf16_2d_32x64x64_compv5,179.93,14
23,1,512,256,1,128,128,3,3,1,1,128,128,grouped_conv_forward_bf16_2d_64x64x64_compv5,179.19,15
23,1,512,256,1,128,128,3,3,1,1,128,128,grouped_conv_forward_bf16_2d_32x64x64_compv3,178.94,16
23,1,512,256,1,128,128,3,3,1,1,128,128,grouped_conv_forward_bf16_2d_16x64x128_compv5,167.55,17
23,1,512,256,1,128,128,3,3,1,1,128,128,grouped_conv_forward_bf16_2d_16x64x128_compv3,167.11,18
23,1,512,256,1,128,128,3,3,1,1,128,128,grouped_conv_forward_bf16_2d_32x64x64_compv4,166.88,19
23,1,512,256,1,128,128,3,3,1,1,128,128,grouped_conv_forward_bf16_2d_32x128x64_compv4,163.38,20
23,1,512,256,1,128,128,3,3,1,1,128,128,grouped_conv_forward_bf16_2d_32x64x128_compv4,163.09,21
23,1,512,256,1,128,128,3,3,1,1,128,128,grouped_conv_forward_bf16_2d_16x64x64_compv5,147.93,22
23,1,512,256,1,128,128,3,3,1,1,128,128,grouped_conv_forward_bf16_2d_16x64x64_compv3,147.38,23
23,1,512,256,1,128,128,3,3,1,1,128,128,grouped_conv_forward_bf16_2d_16x64x128_compv4,139.34,24
23,1,512,256,1,128,128,3,3,1,1,128,128,grouped_conv_forward_bf16_2d_16x64x64_compv4,137.23,25
23,1,512,256,1,128,128,3,3,1,1,128,128,grouped_conv_forward_bf16_2d_64x128x64_compv4,132.37,26
23,1,512,256,1,128,128,3,3,1,1,128,128,grouped_conv_forward_bf16_2d_64x64x128_compv4,128.00,27
23,1,512,256,1,128,128,3,3,1,1,128,128,grouped_conv_forward_bf16_2d_128x64x128_compv4,127.73,28
23,1,512,256,1,128,128,3,3,1,1,128,128,grouped_conv_forward_bf16_2d_64x64x64_compv4,127.67,29
23,1,512,256,1,128,128,3,3,1,1,128,128,grouped_conv_forward_bf16_2d_128x128x64_compv4,126.01,30
24,1,4,512,1,64,64,3,3,1,1,64,64,grouped_conv_forward_bf16_2d_32x128x64_compv5,47.96,1
24,1,4,512,1,64,64,3,3,1,1,64,64,grouped_conv_forward_bf16_2d_32x128x64_compv3,47.58,2
24,1,4,512,1,64,64,3,3,1,1,64,64,grouped_conv_forward_bf16_2d_64x128x64_compv3,47.34,3
24,1,4,512,1,64,64,3,3,1,1,64,64,grouped_conv_forward_bf16_2d_64x128x64_compv5,47.14,4
24,1,4,512,1,64,64,3,3,1,1,64,64,grouped_conv_forward_bf16_2d_128x128x64_compv3,43.70,5
24,1,4,512,1,64,64,3,3,1,1,64,64,grouped_conv_forward_bf16_2d_128x128x64_compv5,43.43,6
24,1,4,512,1,64,64,3,3,1,1,64,64,grouped_conv_forward_bf16_2d_64x64x128_compv5,33.35,7
24,1,4,512,1,64,64,3,3,1,1,64,64,grouped_conv_forward_bf16_2d_64x64x128_compv3,33.19,8
24,1,4,512,1,64,64,3,3,1,1,64,64,grouped_conv_forward_bf16_2d_32x64x128_compv5,31.29,9
24,1,4,512,1,64,64,3,3,1,1,64,64,grouped_conv_forward_bf16_2d_32x64x128_compv3,30.86,10
24,1,4,512,1,64,64,3,3,1,1,64,64,grouped_conv_forward_bf16_2d_128x64x128_compv3,30.52,11
24,1,4,512,1,64,64,3,3,1,1,64,64,grouped_conv_forward_bf16_2d_64x64x64_compv3,30.49,12
24,1,4,512,1,64,64,3,3,1,1,64,64,grouped_conv_forward_bf16_2d_64x64x64_compv5,30.21,13
24,1,4,512,1,64,64,3,3,1,1,64,64,grouped_conv_forward_bf16_2d_128x64x128_compv5,29.81,14
24,1,4,512,1,64,64,3,3,1,1,64,64,grouped_conv_forward_bf16_2d_32x64x64_compv5,29.72,15
24,1,4,512,1,64,64,3,3,1,1,64,64,grouped_conv_forward_bf16_2d_32x64x64_compv3,28.90,16
24,1,4,512,1,64,64,3,3,1,1,64,64,grouped_conv_forward_bf16_2d_16x64x128_compv5,28.59,17
24,1,4,512,1,64,64,3,3,1,1,64,64,grouped_conv_forward_bf16_2d_16x64x128_compv3,28.54,18
24,1,4,512,1,64,64,3,3,1,1,64,64,grouped_conv_forward_bf16_2d_16x64x64_compv5,27.42,19
24,1,4,512,1,64,64,3,3,1,1,64,64,grouped_conv_forward_bf16_2d_16x64x64_compv3,27.19,20
24,1,4,512,1,64,64,3,3,1,1,64,64,grouped_conv_forward_bf16_2d_32x128x64_compv4,22.66,21
24,1,4,512,1,64,64,3,3,1,1,64,64,grouped_conv_forward_bf16_2d_32x64x128_compv4,22.47,22
24,1,4,512,1,64,64,3,3,1,1,64,64,grouped_conv_forward_bf16_2d_16x64x128_compv4,21.44,23
24,1,4,512,1,64,64,3,3,1,1,64,64,grouped_conv_forward_bf16_2d_32x64x64_compv4,20.98,24
24,1,4,512,1,64,64,3,3,1,1,64,64,grouped_conv_forward_bf16_2d_16x64x64_compv4,19.90,25
24,1,4,512,1,64,64,3,3,1,1,64,64,grouped_conv_forward_bf16_2d_64x128x64_compv4,18.16,26
24,1,4,512,1,64,64,3,3,1,1,64,64,grouped_conv_forward_bf16_2d_64x64x128_compv4,18.13,27
24,1,4,512,1,64,64,3,3,1,1,64,64,grouped_conv_forward_bf16_2d_128x128x64_compv4,18.01,28
24,1,4,512,1,64,64,3,3,1,1,64,64,grouped_conv_forward_bf16_2d_128x64x128_compv4,17.83,29
24,1,4,512,1,64,64,3,3,1,1,64,64,grouped_conv_forward_bf16_2d_64x64x64_compv4,17.30,30
25,4,288,288,288,128,128,7,7,2,2,64,64,grouped_conv_forward_bf16_2d_32x128x64_compv5,65.84,1
25,4,288,288,288,128,128,7,7,2,2,64,64,grouped_conv_forward_bf16_2d_32x128x64_compv3,65.51,2
25,4,288,288,288,128,128,7,7,2,2,64,64,grouped_conv_forward_bf16_2d_64x128x64_compv3,63.88,3
25,4,288,288,288,128,128,7,7,2,2,64,64,grouped_conv_forward_bf16_2d_64x128x64_compv5,63.69,4
25,4,288,288,288,128,128,7,7,2,2,64,64,grouped_conv_forward_bf16_2d_128x128x64_compv3,62.21,5
25,4,288,288,288,128,128,7,7,2,2,64,64,grouped_conv_forward_bf16_2d_128x128x64_compv5,62.11,6
25,4,288,288,288,128,128,7,7,2,2,64,64,grouped_conv_forward_bf16_2d_64x64x64_compv5,58.12,7
25,4,288,288,288,128,128,7,7,2,2,64,64,grouped_conv_forward_bf16_2d_64x64x64_compv3,57.15,8
25,4,288,288,288,128,128,7,7,2,2,64,64,grouped_conv_forward_bf16_2d_32x64x64_compv5,56.39,9
25,4,288,288,288,128,128,7,7,2,2,64,64,grouped_conv_forward_bf16_2d_32x64x64_compv3,55.12,10
25,4,288,288,288,128,128,7,7,2,2,64,64,grouped_conv_forward_bf16_2d_32x64x128_compv5,55.00,11
25,4,288,288,288,128,128,7,7,2,2,64,64,grouped_conv_forward_bf16_2d_64x64x128_compv5,54.51,12
25,4,288,288,288,128,128,7,7,2,2,64,64,grouped_conv_forward_bf16_2d_64x64x128_compv3,53.73,13
25,4,288,288,288,128,128,7,7,2,2,64,64,grouped_conv_forward_bf16_2d_32x64x128_compv3,53.66,14
25,4,288,288,288,128,128,7,7,2,2,64,64,grouped_conv_forward_bf16_2d_128x64x128_compv5,51.00,15
25,4,288,288,288,128,128,7,7,2,2,64,64,grouped_conv_forward_bf16_2d_128x64x128_compv3,50.10,16
25,4,288,288,288,128,128,7,7,2,2,64,64,grouped_conv_forward_bf16_2d_16x64x64_compv5,49.57,17
25,4,288,288,288,128,128,7,7,2,2,64,64,grouped_conv_forward_bf16_2d_16x64x64_compv3,48.59,18
25,4,288,288,288,128,128,7,7,2,2,64,64,grouped_conv_forward_bf16_2d_16x64x128_compv5,47.76,19
25,4,288,288,288,128,128,7,7,2,2,64,64,grouped_conv_forward_bf16_2d_16x64x128_compv3,46.64,20
25,4,288,288,288,128,128,7,7,2,2,64,64,grouped_conv_forward_bf16_2d_32x64x64_compv4,35.54,21
25,4,288,288,288,128,128,7,7,2,2,64,64,grouped_conv_forward_bf16_2d_32x64x128_compv4,34.87,22
25,4,288,288,288,128,128,7,7,2,2,64,64,grouped_conv_forward_bf16_2d_32x128x64_compv4,33.01,23
25,4,288,288,288,128,128,7,7,2,2,64,64,grouped_conv_forward_bf16_2d_16x64x64_compv4,32.55,24
25,4,288,288,288,128,128,7,7,2,2,64,64,grouped_conv_forward_bf16_2d_16x64x128_compv4,31.12,25
25,4,288,288,288,128,128,7,7,2,2,64,64,grouped_conv_forward_bf16_2d_128x64x128_compv4,27.78,26
25,4,288,288,288,128,128,7,7,2,2,64,64,grouped_conv_forward_bf16_2d_64x64x128_compv4,27.39,27
25,4,288,288,288,128,128,7,7,2,2,64,64,grouped_conv_forward_bf16_2d_64x128x64_compv4,26.84,28
25,4,288,288,288,128,128,7,7,2,2,64,64,grouped_conv_forward_bf16_2d_128x128x64_compv4,26.82,29
25,4,288,288,288,128,128,7,7,2,2,64,64,grouped_conv_forward_bf16_2d_64x64x64_compv4,25.72,30
26,1,224,2016,1,1,1,1,1,1,1,1,1,grouped_conv_forward_bf16_2d_32x128x64_compv5,5.92,1
26,1,224,2016,1,1,1,1,1,1,1,1,1,grouped_conv_forward_bf16_2d_32x128x64_compv3,5.90,2
26,1,224,2016,1,1,1,1,1,1,1,1,1,grouped_conv_forward_bf16_2d_32x128x64_compv4,5.69,3
26,1,224,2016,1,1,1,1,1,1,1,1,1,grouped_conv_forward_bf16_2d_16x64x64_compv5,5.30,4
26,1,224,2016,1,1,1,1,1,1,1,1,1,grouped_conv_forward_bf16_2d_16x64x64_compv3,5.28,5
26,1,224,2016,1,1,1,1,1,1,1,1,1,grouped_conv_forward_bf16_2d_16x64x64_compv4,5.05,6
26,1,224,2016,1,1,1,1,1,1,1,1,1,grouped_conv_forward_bf16_2d_64x128x64_compv3,4.95,7
26,1,224,2016,1,1,1,1,1,1,1,1,1,grouped_conv_forward_bf16_2d_64x128x64_compv5,4.93,8
26,1,224,2016,1,1,1,1,1,1,1,1,1,grouped_conv_forward_bf16_2d_64x128x64_compv4,4.78,9
26,1,224,2016,1,1,1,1,1,1,1,1,1,grouped_conv_forward_bf16_2d_128x128x64_compv4,4.66,10
26,1,224,2016,1,1,1,1,1,1,1,1,1,grouped_conv_forward_bf16_2d_32x64x64_compv5,4.66,11
26,1,224,2016,1,1,1,1,1,1,1,1,1,grouped_conv_forward_bf16_2d_32x64x64_compv3,4.58,12
26,1,224,2016,1,1,1,1,1,1,1,1,1,grouped_conv_forward_bf16_2d_32x64x64_compv4,4.38,13
26,1,224,2016,1,1,1,1,1,1,1,1,1,grouped_conv_forward_bf16_2d_128x128x64_compv3,4.36,14
26,1,224,2016,1,1,1,1,1,1,1,1,1,grouped_conv_forward_bf16_2d_128x128x64_compv5,4.33,15
26,1,224,2016,1,1,1,1,1,1,1,1,1,grouped_conv_forward_bf16_2d_64x64x64_compv5,3.95,16
26,1,224,2016,1,1,1,1,1,1,1,1,1,grouped_conv_forward_bf16_2d_64x64x64_compv3,3.94,17
26,1,224,2016,1,1,1,1,1,1,1,1,1,grouped_conv_forward_bf16_2d_64x64x64_compv4,3.75,18
26,1,224,2016,1,1,1,1,1,1,1,1,1,grouped_conv_forward_bf16_2d_16x64x128_compv3,2.76,19
26,1,224,2016,1,1,1,1,1,1,1,1,1,grouped_conv_forward_bf16_2d_16x64x128_compv5,2.74,20
26,1,224,2016,1,1,1,1,1,1,1,1,1,grouped_conv_forward_bf16_2d_16x64x128_compv4,2.55,21
26,1,224,2016,1,1,1,1,1,1,1,1,1,grouped_conv_forward_bf16_2d_32x64x128_compv5,2.53,22
26,1,224,2016,1,1,1,1,1,1,1,1,1,grouped_conv_forward_bf16_2d_32x64x128_compv3,2.52,23
26,1,224,2016,1,1,1,1,1,1,1,1,1,grouped_conv_forward_bf16_2d_32x64x128_compv4,2.33,24
26,1,224,2016,1,1,1,1,1,1,1,1,1,grouped_conv_forward_bf16_2d_64x64x128_compv5,2.20,25
26,1,224,2016,1,1,1,1,1,1,1,1,1,grouped_conv_forward_bf16_2d_64x64x128_compv3,2.20,26
26,1,224,2016,1,1,1,1,1,1,1,1,1,grouped_conv_forward_bf16_2d_128x64x128_compv3,2.03,27
26,1,224,2016,1,1,1,1,1,1,1,1,1,grouped_conv_forward_bf16_2d_128x64x128_compv5,2.03,28
26,1,224,2016,1,1,1,1,1,1,1,1,1,grouped_conv_forward_bf16_2d_64x64x128_compv4,2.02,29
26,1,224,2016,1,1,1,1,1,1,1,1,1,grouped_conv_forward_bf16_2d_128x64x128_compv4,1.99,30
27,4,360,360,45,128,128,3,3,1,1,128,128,grouped_conv_forward_bf16_2d_32x128x64_compv5,110.32,1
27,4,360,360,45,128,128,3,3,1,1,128,128,grouped_conv_forward_bf16_2d_64x128x64_compv5,110.30,2
27,4,360,360,45,128,128,3,3,1,1,128,128,grouped_conv_forward_bf16_2d_64x128x64_compv3,109.91,3
27,4,360,360,45,128,128,3,3,1,1,128,128,grouped_conv_forward_bf16_2d_32x128x64_compv3,109.22,4
27,4,360,360,45,128,128,3,3,1,1,128,128,grouped_conv_forward_bf16_2d_64x64x64_compv5,99.94,5
27,4,360,360,45,128,128,3,3,1,1,128,128,grouped_conv_forward_bf16_2d_64x64x64_compv3,99.13,6
27,4,360,360,45,128,128,3,3,1,1,128,128,grouped_conv_forward_bf16_2d_128x128x64_compv5,98.34,7
27,4,360,360,45,128,128,3,3,1,1,128,128,grouped_conv_forward_bf16_2d_128x128x64_compv3,93.44,8
27,4,360,360,45,128,128,3,3,1,1,128,128,grouped_conv_forward_bf16_2d_32x64x64_compv5,85.90,9
27,4,360,360,45,128,128,3,3,1,1,128,128,grouped_conv_forward_bf16_2d_32x64x64_compv3,84.32,10
27,4,360,360,45,128,128,3,3,1,1,128,128,grouped_conv_forward_bf16_2d_32x64x128_compv5,81.15,11
27,4,360,360,45,128,128,3,3,1,1,128,128,grouped_conv_forward_bf16_2d_64x64x128_compv5,80.15,12
27,4,360,360,45,128,128,3,3,1,1,128,128,grouped_conv_forward_bf16_2d_32x64x128_compv3,80.04,13
27,4,360,360,45,128,128,3,3,1,1,128,128,grouped_conv_forward_bf16_2d_64x64x128_compv3,79.85,14
27,4,360,360,45,128,128,3,3,1,1,128,128,grouped_conv_forward_bf16_2d_128x64x128_compv5,73.00,15
27,4,360,360,45,128,128,3,3,1,1,128,128,grouped_conv_forward_bf16_2d_128x64x128_compv3,72.56,16
27,4,360,360,45,128,128,3,3,1,1,128,128,grouped_conv_forward_bf16_2d_16x64x64_compv5,70.86,17
27,4,360,360,45,128,128,3,3,1,1,128,128,grouped_conv_forward_bf16_2d_16x64x64_compv3,69.90,18
27,4,360,360,45,128,128,3,3,1,1,128,128,grouped_conv_forward_bf16_2d_16x64x128_compv5,64.77,19
27,4,360,360,45,128,128,3,3,1,1,128,128,grouped_conv_forward_bf16_2d_16x64x128_compv3,63.70,20
27,4,360,360,45,128,128,3,3,1,1,128,128,grouped_conv_forward_bf16_2d_32x128x64_compv4,42.77,21
27,4,360,360,45,128,128,3,3,1,1,128,128,grouped_conv_forward_bf16_2d_32x64x128_compv4,42.40,22
27,4,360,360,45,128,128,3,3,1,1,128,128,grouped_conv_forward_bf16_2d_32x64x64_compv4,40.61,23
27,4,360,360,45,128,128,3,3,1,1,128,128,grouped_conv_forward_bf16_2d_16x64x128_compv4,38.37,24
27,4,360,360,45,128,128,3,3,1,1,128,128,grouped_conv_forward_bf16_2d_16x64x64_compv4,37.53,25
27,4,360,360,45,128,128,3,3,1,1,128,128,grouped_conv_forward_bf16_2d_64x128x64_compv4,32.96,26
27,4,360,360,45,128,128,3,3,1,1,128,128,grouped_conv_forward_bf16_2d_128x64x128_compv4,32.79,27
27,4,360,360,45,128,128,3,3,1,1,128,128,grouped_conv_forward_bf16_2d_128x128x64_compv4,32.37,28
27,4,360,360,45,128,128,3,3,1,1,128,128,grouped_conv_forward_bf16_2d_64x64x128_compv4,31.85,29
27,4,360,360,45,128,128,3,3,1,1,128,128,grouped_conv_forward_bf16_2d_64x64x64_compv4,30.26,30
28,1,1152,48,1,1,1,1,1,1,1,1,1,grouped_conv_forward_bf16_2d_16x64x128_compv4,0.40,1
28,1,1152,48,1,1,1,1,1,1,1,1,1,grouped_conv_forward_bf16_2d_16x64x64_compv4,0.39,2
28,1,1152,48,1,1,1,1,1,1,1,1,1,grouped_conv_forward_bf16_2d_32x128x64_compv4,0.37,3
28,1,1152,48,1,1,1,1,1,1,1,1,1,grouped_conv_forward_bf16_2d_16x64x128_compv5,0.37,4
28,1,1152,48,1,1,1,1,1,1,1,1,1,grouped_conv_forward_bf16_2d_16x64x128_compv3,0.36,5
28,1,1152,48,1,1,1,1,1,1,1,1,1,grouped_conv_forward_bf16_2d_32x64x128_compv5,0.36,6
28,1,1152,48,1,1,1,1,1,1,1,1,1,grouped_conv_forward_bf16_2d_32x64x128_compv3,0.33,7
28,1,1152,48,1,1,1,1,1,1,1,1,1,grouped_conv_forward_bf16_2d_32x64x64_compv4,0.32,8
28,1,1152,48,1,1,1,1,1,1,1,1,1,grouped_conv_forward_bf16_2d_32x64x128_compv4,0.31,9
28,1,1152,48,1,1,1,1,1,1,1,1,1,grouped_conv_forward_bf16_2d_64x64x128_compv5,0.31,10
28,1,1152,48,1,1,1,1,1,1,1,1,1,grouped_conv_forward_bf16_2d_16x64x64_compv5,0.30,11
28,1,1152,48,1,1,1,1,1,1,1,1,1,grouped_conv_forward_bf16_2d_128x64x128_compv5,0.30,12
28,1,1152,48,1,1,1,1,1,1,1,1,1,grouped_conv_forward_bf16_2d_64x64x128_compv3,0.29,13
28,1,1152,48,1,1,1,1,1,1,1,1,1,grouped_conv_forward_bf16_2d_128x64x128_compv3,0.29,14
28,1,1152,48,1,1,1,1,1,1,1,1,1,grouped_conv_forward_bf16_2d_16x64x64_compv3,0.29,15
28,1,1152,48,1,1,1,1,1,1,1,1,1,grouped_conv_forward_bf16_2d_64x128x64_compv4,0.28,16
28,1,1152,48,1,1,1,1,1,1,1,1,1,grouped_conv_forward_bf16_2d_128x128x64_compv4,0.27,17
28,1,1152,48,1,1,1,1,1,1,1,1,1,grouped_conv_forward_bf16_2d_32x128x64_compv5,0.26,18
28,1,1152,48,1,1,1,1,1,1,1,1,1,grouped_conv_forward_bf16_2d_32x64x64_compv5,0.25,19
28,1,1152,48,1,1,1,1,1,1,1,1,1,grouped_conv_forward_bf16_2d_64x64x64_compv4,0.24,20
28,1,1152,48,1,1,1,1,1,1,1,1,1,grouped_conv_forward_bf16_2d_64x64x128_compv4,0.24,21
28,1,1152,48,1,1,1,1,1,1,1,1,1,grouped_conv_forward_bf16_2d_128x64x128_compv4,0.24,22
28,1,1152,48,1,1,1,1,1,1,1,1,1,grouped_conv_forward_bf16_2d_32x128x64_compv3,0.24,23
28,1,1152,48,1,1,1,1,1,1,1,1,1,grouped_conv_forward_bf16_2d_64x128x64_compv5,0.23,24
28,1,1152,48,1,1,1,1,1,1,1,1,1,grouped_conv_forward_bf16_2d_32x64x64_compv3,0.23,25
28,1,1152,48,1,1,1,1,1,1,1,1,1,grouped_conv_forward_bf16_2d_128x128x64_compv5,0.22,26
28,1,1152,48,1,1,1,1,1,1,1,1,1,grouped_conv_forward_bf16_2d_64x64x64_compv5,0.22,27
28,1,1152,48,1,1,1,1,1,1,1,1,1,grouped_conv_forward_bf16_2d_64x128x64_compv3,0.22,28
28,1,1152,48,1,1,1,1,1,1,1,1,1,grouped_conv_forward_bf16_2d_128x128x64_compv3,0.21,29
28,1,1152,48,1,1,1,1,1,1,1,1,1,grouped_conv_forward_bf16_2d_64x64x64_compv3,0.20,30
29,1,278,250,1,14,14,1,1,1,1,14,14,grouped_conv_forward_bf16_2d_16x64x128_compv3,5.03,1
29,1,278,250,1,14,14,1,1,1,1,14,14,grouped_conv_forward_bf16_2d_16x64x128_compv5,5.02,2
29,1,278,250,1,14,14,1,1,1,1,14,14,grouped_conv_forward_bf16_2d_16x64x64_compv4,4.84,3
29,1,278,250,1,14,14,1,1,1,1,14,14,grouped_conv_forward_bf16_2d_16x64x128_compv4,4.80,4
29,1,278,250,1,14,14,1,1,1,1,14,14,grouped_conv_forward_bf16_2d_16x64x64_compv5,4.54,5
29,1,278,250,1,14,14,1,1,1,1,14,14,grouped_conv_forward_bf16_2d_32x64x128_compv3,4.52,6
29,1,278,250,1,14,14,1,1,1,1,14,14,grouped_conv_forward_bf16_2d_32x64x128_compv5,4.51,7
29,1,278,250,1,14,14,1,1,1,1,14,14,grouped_conv_forward_bf16_2d_16x64x64_compv3,4.46,8
29,1,278,250,1,14,14,1,1,1,1,14,14,grouped_conv_forward_bf16_2d_32x64x128_compv4,4.16,9
29,1,278,250,1,14,14,1,1,1,1,14,14,grouped_conv_forward_bf16_2d_32x128x64_compv4,4.05,10
29,1,278,250,1,14,14,1,1,1,1,14,14,grouped_conv_forward_bf16_2d_32x64x64_compv4,4.01,11
29,1,278,250,1,14,14,1,1,1,1,14,14,grouped_conv_forward_bf16_2d_32x64x64_compv5,3.75,12
29,1,278,250,1,14,14,1,1,1,1,14,14,grouped_conv_forward_bf16_2d_64x64x128_compv5,3.69,13
29,1,278,250,1,14,14,1,1,1,1,14,14,grouped_conv_forward_bf16_2d_32x64x64_compv3,3.65,14
29,1,278,250,1,14,14,1,1,1,1,14,14,grouped_conv_forward_bf16_2d_64x64x128_compv3,3.65,15
29,1,278,250,1,14,14,1,1,1,1,14,14,grouped_conv_forward_bf16_2d_128x64x128_compv3,3.34,16
29,1,278,250,1,14,14,1,1,1,1,14,14,grouped_conv_forward_bf16_2d_128x64x128_compv5,3.33,17
29,1,278,250,1,14,14,1,1,1,1,14,14,grouped_conv_forward_bf16_2d_128x128x64_compv4,3.29,18
29,1,278,250,1,14,14,1,1,1,1,14,14,grouped_conv_forward_bf16_2d_64x64x128_compv4,3.21,19
29,1,278,250,1,14,14,1,1,1,1,14,14,grouped_conv_forward_bf16_2d_128x64x128_compv4,3.21,20
29,1,278,250,1,14,14,1,1,1,1,14,14,grouped_conv_forward_bf16_2d_64x128x64_compv4,3.15,21
29,1,278,250,1,14,14,1,1,1,1,14,14,grouped_conv_forward_bf16_2d_32x128x64_compv5,3.10,22
29,1,278,250,1,14,14,1,1,1,1,14,14,grouped_conv_forward_bf16_2d_32x128x64_compv3,3.08,23
29,1,278,250,1,14,14,1,1,1,1,14,14,grouped_conv_forward_bf16_2d_64x64x64_compv4,3.07,24
29,1,278,250,1,14,14,1,1,1,1,14,14,grouped_conv_forward_bf16_2d_64x64x64_compv5,2.95,25
29,1,278,250,1,14,14,1,1,1,1,14,14,grouped_conv_forward_bf16_2d_64x64x64_compv3,2.93,26
29,1,278,250,1,14,14,1,1,1,1,14,14,grouped_conv_forward_bf16_2d_64x128x64_compv5,2.64,27
29,1,278,250,1,14,14,1,1,1,1,14,14,grouped_conv_forward_bf16_2d_64x128x64_compv3,2.63,28
29,1,278,250,1,14,14,1,1,1,1,14,14,grouped_conv_forward_bf16_2d_128x128x64_compv5,2.53,29
29,1,278,250,1,14,14,1,1,1,1,14,14,grouped_conv_forward_bf16_2d_128x128x64_compv3,2.53,30
30,1,64,156,1,512,512,1,1,1,1,512,512,grouped_conv_forward_bf16_2d_32x128x64_compv5,114.36,1
30,1,64,156,1,512,512,1,1,1,1,512,512,grouped_conv_forward_bf16_2d_64x128x64_compv5,112.93,2
30,1,64,156,1,512,512,1,1,1,1,512,512,grouped_conv_forward_bf16_2d_32x128x64_compv3,112.87,3
30,1,64,156,1,512,512,1,1,1,1,512,512,grouped_conv_forward_bf16_2d_64x128x64_compv3,112.34,4
30,1,64,156,1,512,512,1,1,1,1,512,512,grouped_conv_forward_bf16_2d_128x128x64_compv5,100.17,5
30,1,64,156,1,512,512,1,1,1,1,512,512,grouped_conv_forward_bf16_2d_64x64x64_compv5,98.14,6
30,1,64,156,1,512,512,1,1,1,1,512,512,grouped_conv_forward_bf16_2d_64x64x64_compv3,97.32,7
30,1,64,156,1,512,512,1,1,1,1,512,512,grouped_conv_forward_bf16_2d_128x128x64_compv3,92.15,8
30,1,64,156,1,512,512,1,1,1,1,512,512,grouped_conv_forward_bf16_2d_32x64x64_compv5,84.92,9
30,1,64,156,1,512,512,1,1,1,1,512,512,grouped_conv_forward_bf16_2d_32x64x64_compv3,82.28,10
30,1,64,156,1,512,512,1,1,1,1,512,512,grouped_conv_forward_bf16_2d_16x64x64_compv5,70.65,11
30,1,64,156,1,512,512,1,1,1,1,512,512,grouped_conv_forward_bf16_2d_16x64x64_compv3,70.63,12
30,1,64,156,1,512,512,1,1,1,1,512,512,grouped_conv_forward_bf16_2d_64x64x128_compv5,65.55,13
30,1,64,156,1,512,512,1,1,1,1,512,512,grouped_conv_forward_bf16_2d_64x64x128_compv3,64.00,14
30,1,64,156,1,512,512,1,1,1,1,512,512,grouped_conv_forward_bf16_2d_32x64x128_compv5,63.51,15
30,1,64,156,1,512,512,1,1,1,1,512,512,grouped_conv_forward_bf16_2d_32x64x128_compv3,62.06,16
30,1,64,156,1,512,512,1,1,1,1,512,512,grouped_conv_forward_bf16_2d_128x64x128_compv5,58.15,17
30,1,64,156,1,512,512,1,1,1,1,512,512,grouped_conv_forward_bf16_2d_128x64x128_compv3,56.34,18
30,1,64,156,1,512,512,1,1,1,1,512,512,grouped_conv_forward_bf16_2d_16x64x128_compv5,54.00,19
30,1,64,156,1,512,512,1,1,1,1,512,512,grouped_conv_forward_bf16_2d_16x64x128_compv3,53.86,20
30,1,64,156,1,512,512,1,1,1,1,512,512,grouped_conv_forward_bf16_2d_32x128x64_compv4,35.32,21
30,1,64,156,1,512,512,1,1,1,1,512,512,grouped_conv_forward_bf16_2d_32x64x128_compv4,34.61,22
30,1,64,156,1,512,512,1,1,1,1,512,512,grouped_conv_forward_bf16_2d_32x64x64_compv4,34.52,23
30,1,64,156,1,512,512,1,1,1,1,512,512,grouped_conv_forward_bf16_2d_16x64x64_compv4,32.85,24
30,1,64,156,1,512,512,1,1,1,1,512,512,grouped_conv_forward_bf16_2d_16x64x128_compv4,32.38,25
30,1,64,156,1,512,512,1,1,1,1,512,512,grouped_conv_forward_bf16_2d_128x128x64_compv4,26.37,26
30,1,64,156,1,512,512,1,1,1,1,512,512,grouped_conv_forward_bf16_2d_64x64x64_compv4,26.09,27
30,1,64,156,1,512,512,1,1,1,1,512,512,grouped_conv_forward_bf16_2d_128x64x128_compv4,26.05,28
30,1,64,156,1,512,512,1,1,1,1,512,512,grouped_conv_forward_bf16_2d_64x128x64_compv4,25.34,29
30,1,64,156,1,512,512,1,1,1,1,512,512,grouped_conv_forward_bf16_2d_64x64x128_compv4,23.95,30
31,1,32,64,1,256,256,3,3,1,1,258,258,grouped_conv_forward_bf16_2d_32x64x128_compv3,133.63,1
31,1,32,64,1,256,256,3,3,1,1,258,258,grouped_conv_forward_bf16_2d_32x64x128_compv5,131.81,2
31,1,32,64,1,256,256,3,3,1,1,258,258,grouped_conv_forward_bf16_2d_64x64x128_compv3,130.17,3
31,1,32,64,1,256,256,3,3,1,1,258,258,grouped_conv_forward_bf16_2d_64x64x128_compv5,129.94,4
31,1,32,64,1,256,256,3,3,1,1,258,258,grouped_conv_forward_bf16_2d_128x64x128_compv5,128.48,5
31,1,32,64,1,256,256,3,3,1,1,258,258,grouped_conv_forward_bf16_2d_128x64x128_compv3,123.53,6
31,1,32,64,1,256,256,3,3,1,1,258,258,grouped_conv_forward_bf16_2d_64x64x64_compv5,119.96,7
31,1,32,64,1,256,256,3,3,1,1,258,258,grouped_conv_forward_bf16_2d_64x64x64_compv3,118.82,8
31,1,32,64,1,256,256,3,3,1,1,258,258,grouped_conv_forward_bf16_2d_64x128x64_compv3,117.73,9
31,1,32,64,1,256,256,3,3,1,1,258,258,grouped_conv_forward_bf16_2d_128x128x64_compv5,117.34,10
31,1,32,64,1,256,256,3,3,1,1,258,258,grouped_conv_forward_bf16_2d_16x64x128_compv5,115.77,11
31,1,32,64,1,256,256,3,3,1,1,258,258,grouped_conv_forward_bf16_2d_64x128x64_compv5,114.73,12
31,1,32,64,1,256,256,3,3,1,1,258,258,grouped_conv_forward_bf16_2d_128x128x64_compv3,113.90,13
31,1,32,64,1,256,256,3,3,1,1,258,258,grouped_conv_forward_bf16_2d_32x128x64_compv3,113.81,14
31,1,32,64,1,256,256,3,3,1,1,258,258,grouped_conv_forward_bf16_2d_32x64x64_compv5,113.67,15
31,1,32,64,1,256,256,3,3,1,1,258,258,grouped_conv_forward_bf16_2d_32x64x64_compv3,113.63,16
31,1,32,64,1,256,256,3,3,1,1,258,258,grouped_conv_forward_bf16_2d_16x64x128_compv3,113.22,17
31,1,32,64,1,256,256,3,3,1,1,258,258,grouped_conv_forward_bf16_2d_32x128x64_compv5,110.34,18
31,1,32,64,1,256,256,3,3,1,1,258,258,grouped_conv_forward_bf16_2d_16x64x64_compv5,104.32,19
31,1,32,64,1,256,256,3,3,1,1,258,258,grouped_conv_forward_bf16_2d_16x64x64_compv3,102.08,20
31,1,32,64,1,256,256,3,3,1,1,258,258,grouped_conv_forward_bf16_2d_32x64x128_compv4,100.45,21
31,1,32,64,1,256,256,3,3,1,1,258,258,grouped_conv_forward_bf16_2d_32x128x64_compv4,99.36,22
31,1,32,64,1,256,256,3,3,1,1,258,258,grouped_conv_forward_bf16_2d_32x64x64_compv4,98.92,23
31,1,32,64,1,256,256,3,3,1,1,258,258,grouped_conv_forward_bf16_2d_16x64x64_compv4,93.09,24
31,1,32,64,1,256,256,3,3,1,1,258,258,grouped_conv_forward_bf16_2d_16x64x128_compv4,90.95,25
31,1,32,64,1,256,256,3,3,1,1,258,258,grouped_conv_forward_bf16_2d_64x128x64_compv4,78.41,26
31,1,32,64,1,256,256,3,3,1,1,258,258,grouped_conv_forward_bf16_2d_64x64x64_compv4,77.24,27
31,1,32,64,1,256,256,3,3,1,1,258,258,grouped_conv_forward_bf16_2d_64x64x128_compv4,77.03,28
31,1,32,64,1,256,256,3,3,1,1,258,258,grouped_conv_forward_bf16_2d_128x128x64_compv4,74.71,29
31,1,32,64,1,256,256,3,3,1,1,258,258,grouped_conv_forward_bf16_2d_128x64x128_compv4,74.21,30
32,1,240,1664,1,32,32,1,1,1,1,32,32,grouped_conv_forward_bf16_2d_128x64x128_compv3,96.11,1
32,1,240,1664,1,32,32,1,1,1,1,32,32,grouped_conv_forward_bf16_2d_128x64x128_compv5,92.57,2
32,1,240,1664,1,32,32,1,1,1,1,32,32,grouped_conv_forward_bf16_2d_64x64x128_compv3,90.33,3
32,1,240,1664,1,32,32,1,1,1,1,32,32,grouped_conv_forward_bf16_2d_64x64x128_compv5,89.43,4
32,1,240,1664,1,32,32,1,1,1,1,32,32,grouped_conv_forward_bf16_2d_32x128x64_compv5,87.20,5
32,1,240,1664,1,32,32,1,1,1,1,32,32,grouped_conv_forward_bf16_2d_32x128x64_compv3,86.43,6
32,1,240,1664,1,32,32,1,1,1,1,32,32,grouped_conv_forward_bf16_2d_32x64x128_compv5,84.93,7
32,1,240,1664,1,32,32,1,1,1,1,32,32,grouped_conv_forward_bf16_2d_64x128x64_compv3,84.50,8
32,1,240,1664,1,32,32,1,1,1,1,32,32,grouped_conv_forward_bf16_2d_32x64x128_compv3,84.44,9
32,1,240,1664,1,32,32,1,1,1,1,32,32,grouped_conv_forward_bf16_2d_64x128x64_compv5,83.08,10
32,1,240,1664,1,32,32,1,1,1,1,32,32,grouped_conv_forward_bf16_2d_64x64x64_compv5,82.49,11
32,1,240,1664,1,32,32,1,1,1,1,32,32,grouped_conv_forward_bf16_2d_64x64x64_compv3,82.33,12
32,1,240,1664,1,32,32,1,1,1,1,32,32,grouped_conv_forward_bf16_2d_16x64x128_compv5,81.13,13
32,1,240,1664,1,32,32,1,1,1,1,32,32,grouped_conv_forward_bf16_2d_16x64x128_compv3,80.58,14
32,1,240,1664,1,32,32,1,1,1,1,32,32,grouped_conv_forward_bf16_2d_128x128x64_compv3,77.97,15
32,1,240,1664,1,32,32,1,1,1,1,32,32,grouped_conv_forward_bf16_2d_128x128x64_compv5,77.57,16
32,1,240,1664,1,32,32,1,1,1,1,32,32,grouped_conv_forward_bf16_2d_32x64x64_compv5,77.43,17
32,1,240,1664,1,32,32,1,1,1,1,32,32,grouped_conv_forward_bf16_2d_32x64x64_compv4,76.61,18
32,1,240,1664,1,32,32,1,1,1,1,32,32,grouped_conv_forward_bf16_2d_32x64x64_compv3,76.07,19
32,1,240,1664,1,32,32,1,1,1,1,32,32,grouped_conv_forward_bf16_2d_16x64x64_compv4,75.83,20
32,1,240,1664,1,32,32,1,1,1,1,32,32,grouped_conv_forward_bf16_2d_32x128x64_compv4,72.04,21
32,1,240,1664,1,32,32,1,1,1,1,32,32,grouped_conv_forward_bf16_2d_32x64x128_compv4,71.95,22
32,1,240,1664,1,32,32,1,1,1,1,32,32,grouped_conv_forward_bf16_2d_16x64x64_compv5,71.62,23
32,1,240,1664,1,32,32,1,1,1,1,32,32,grouped_conv_forward_bf16_2d_16x64x64_compv3,71.36,24
32,1,240,1664,1,32,32,1,1,1,1,32,32,grouped_conv_forward_bf16_2d_16x64x128_compv4,69.06,25
32,1,240,1664,1,32,32,1,1,1,1,32,32,grouped_conv_forward_bf16_2d_64x64x64_compv4,64.76,26
32,1,240,1664,1,32,32,1,1,1,1,32,32,grouped_conv_forward_bf16_2d_128x128x64_compv4,62.45,27
32,1,240,1664,1,32,32,1,1,1,1,32,32,grouped_conv_forward_bf16_2d_64x128x64_compv4,62.26,28
32,1,240,1664,1,32,32,1,1,1,1,32,32,grouped_conv_forward_bf16_2d_128x64x128_compv4,62.09,29
32,1,240,1664,1,32,32,1,1,1,1,32,32,grouped_conv_forward_bf16_2d_64x64x128_compv4,61.39,30
33,4,48,192,1,512,512,3,3,1,1,512,512,grouped_conv_forward_bf16_2d_128x128x64_compv5,267.92,1
33,4,48,192,1,512,512,3,3,1,1,512,512,grouped_conv_forward_bf16_2d_128x128x64_compv3,257.46,2
33,4,48,192,1,512,512,3,3,1,1,512,512,grouped_conv_forward_bf16_2d_64x128x64_compv3,253.56,3
33,4,48,192,1,512,512,3,3,1,1,512,512,grouped_conv_forward_bf16_2d_32x128x64_compv3,231.61,4
33,4,48,192,1,512,512,3,3,1,1,512,512,grouped_conv_forward_bf16_2d_64x128x64_compv5,228.74,5
33,4,48,192,1,512,512,3,3,1,1,512,512,grouped_conv_forward_bf16_2d_32x128x64_compv5,226.01,6
33,4,48,192,1,512,512,3,3,1,1,512,512,grouped_conv_forward_bf16_2d_64x64x64_compv3,199.94,7
33,4,48,192,1,512,512,3,3,1,1,512,512,grouped_conv_forward_bf16_2d_64x64x64_compv5,191.53,8
33,4,48,192,1,512,512,3,3,1,1,512,512,grouped_conv_forward_bf16_2d_128x64x128_compv3,191.48,9
33,4,48,192,1,512,512,3,3,1,1,512,512,grouped_conv_forward_bf16_2d_64x64x128_compv3,190.64,10
33,4,48,192,1,512,512,3,3,1,1,512,512,grouped_conv_forward_bf16_2d_128x64x128_compv5,190.18,11
33,4,48,192,1,512,512,3,3,1,1,512,512,grouped_conv_forward_bf16_2d_64x64x128_compv5,183.26,12
33,4,48,192,1,512,512,3,3,1,1,512,512,grouped_conv_forward_bf16_2d_32x64x128_compv3,179.64,13
33,4,48,192,1,512,512,3,3,1,1,512,512,grouped_conv_forward_bf16_2d_32x64x128_compv5,177.58,14
33,4,48,192,1,512,512,3,3,1,1,512,512,grouped_conv_forward_bf16_2d_32x64x64_compv3,161.80,15
33,4,48,192,1,512,512,3,3,1,1,512,512,grouped_conv_forward_bf16_2d_32x64x64_compv5,160.23,16
33,4,48,192,1,512,512,3,3,1,1,512,512,grouped_conv_forward_bf16_2d_16x64x64_compv3,130.39,17
33,4,48,192,1,512,512,3,3,1,1,512,512,grouped_conv_forward_bf16_2d_16x64x128_compv3,128.71,18
33,4,48,192,1,512,512,3,3,1,1,512,512,grouped_conv_forward_bf16_2d_16x64x128_compv5,127.91,19
33,4,48,192,1,512,512,3,3,1,1,512,512,grouped_conv_forward_bf16_2d_16x64x64_compv5,127.64,20
33,4,48,192,1,512,512,3,3,1,1,512,512,grouped_conv_forward_bf16_2d_32x64x64_compv4,115.88,21
33,4,48,192,1,512,512,3,3,1,1,512,512,grouped_conv_forward_bf16_2d_32x128x64_compv4,114.88,22
33,4,48,192,1,512,512,3,3,1,1,512,512,grouped_conv_forward_bf16_2d_32x64x128_compv4,113.25,23
33,4,48,192,1,512,512,3,3,1,1,512,512,grouped_conv_forward_bf16_2d_16x64x64_compv4,98.27,24
33,4,48,192,1,512,512,3,3,1,1,512,512,grouped_conv_forward_bf16_2d_16x64x128_compv4,97.18,25
33,4,48,192,1,512,512,3,3,1,1,512,512,grouped_conv_forward_bf16_2d_64x64x64_compv4,88.46,26
33,4,48,192,1,512,512,3,3,1,1,512,512,grouped_conv_forward_bf16_2d_64x128x64_compv4,88.37,27
33,4,48,192,1,512,512,3,3,1,1,512,512,grouped_conv_forward_bf16_2d_128x128x64_compv4,84.11,28
33,4,48,192,1,512,512,3,3,1,1,512,512,grouped_conv_forward_bf16_2d_64x64x128_compv4,83.54,29
33,4,48,192,1,512,512,3,3,1,1,512,512,grouped_conv_forward_bf16_2d_128x64x128_compv4,76.67,30
34,1,480,480,480,128,128,5,5,1,1,128,128,grouped_conv_forward_bf16_2d_32x128x64_compv3,79.95,1
34,1,480,480,480,128,128,5,5,1,1,128,128,grouped_conv_forward_bf16_2d_32x128x64_compv5,79.56,2
34,1,480,480,480,128,128,5,5,1,1,128,128,grouped_conv_forward_bf16_2d_64x64x64_compv5,77.65,3
34,1,480,480,480,128,128,5,5,1,1,128,128,grouped_conv_forward_bf16_2d_64x64x64_compv3,76.37,4
34,1,480,480,480,128,128,5,5,1,1,128,128,grouped_conv_forward_bf16_2d_64x128x64_compv3,76.34,5
34,1,480,480,480,128,128,5,5,1,1,128,128,grouped_conv_forward_bf16_2d_64x128x64_compv5,76.25,6
34,1,480,480,480,128,128,5,5,1,1,128,128,grouped_conv_forward_bf16_2d_128x128x64_compv5,75.29,7
34,1,480,480,480,128,128,5,5,1,1,128,128,grouped_conv_forward_bf16_2d_128x128x64_compv3,72.72,8
34,1,480,480,480,128,128,5,5,1,1,128,128,grouped_conv_forward_bf16_2d_32x64x64_compv5,70.32,9
34,1,480,480,480,128,128,5,5,1,1,128,128,grouped_conv_forward_bf16_2d_32x64x64_compv3,69.24,10
34,1,480,480,480,128,128,5,5,1,1,128,128,grouped_conv_forward_bf16_2d_32x64x128_compv5,62.00,11
34,1,480,480,480,128,128,5,5,1,1,128,128,grouped_conv_forward_bf16_2d_16x64x64_compv5,61.46,12
34,1,480,480,480,128,128,5,5,1,1,128,128,grouped_conv_forward_bf16_2d_32x64x128_compv3,61.10,13
34,1,480,480,480,128,128,5,5,1,1,128,128,grouped_conv_forward_bf16_2d_16x64x64_compv3,60.90,14
34,1,480,480,480,128,128,5,5,1,1,128,128,grouped_conv_forward_bf16_2d_64x64x128_compv5,58.96,15
34,1,480,480,480,128,128,5,5,1,1,128,128,grouped_conv_forward_bf16_2d_64x64x128_compv3,58.15,16
34,1,480,480,480,128,128,5,5,1,1,128,128,grouped_conv_forward_bf16_2d_128x64x128_compv5,54.15,17
34,1,480,480,480,128,128,5,5,1,1,128,128,grouped_conv_forward_bf16_2d_16x64x128_compv5,52.98,18
34,1,480,480,480,128,128,5,5,1,1,128,128,grouped_conv_forward_bf16_2d_128x64x128_compv3,52.86,19
34,1,480,480,480,128,128,5,5,1,1,128,128,grouped_conv_forward_bf16_2d_16x64x128_compv3,52.39,20
34,1,480,480,480,128,128,5,5,1,1,128,128,grouped_conv_forward_bf16_2d_32x64x128_compv4,38.74,21
34,1,480,480,480,128,128,5,5,1,1,128,128,grouped_conv_forward_bf16_2d_32x128x64_compv4,38.04,22
34,1,480,480,480,128,128,5,5,1,1,128,128,grouped_conv_forward_bf16_2d_16x64x128_compv4,35.66,23
34,1,480,480,480,128,128,5,5,1,1,128,128,grouped_conv_forward_bf16_2d_32x64x64_compv4,35.20,24
34,1,480,480,480,128,128,5,5,1,1,128,128,grouped_conv_forward_bf16_2d_16x64x64_compv4,32.99,25
34,1,480,480,480,128,128,5,5,1,1,128,128,grouped_conv_forward_bf16_2d_128x64x128_compv4,29.17,26
34,1,480,480,480,128,128,5,5,1,1,128,128,grouped_conv_forward_bf16_2d_128x128x64_compv4,28.93,27
34,1,480,480,480,128,128,5,5,1,1,128,128,grouped_conv_forward_bf16_2d_64x128x64_compv4,28.76,28
34,1,480,480,480,128,128,5,5,1,1,128,128,grouped_conv_forward_bf16_2d_64x64x128_compv4,28.18,29
34,1,480,480,480,128,128,5,5,1,1,128,128,grouped_conv_forward_bf16_2d_64x64x64_compv4,26.23,30
35,4,240,1280,1,5,5,1,1,1,1,5,5,grouped_conv_forward_bf16_2d_16x64x128_compv3,12.76,1
35,4,240,1280,1,5,5,1,1,1,1,5,5,grouped_conv_forward_bf16_2d_16x64x128_compv5,12.76,2
35,4,240,1280,1,5,5,1,1,1,1,5,5,grouped_conv_forward_bf16_2d_32x64x128_compv5,12.20,3
35,4,240,1280,1,5,5,1,1,1,1,5,5,grouped_conv_forward_bf16_2d_32x64x128_compv3,12.08,4
35,4,240,1280,1,5,5,1,1,1,1,5,5,grouped_conv_forward_bf16_2d_16x64x128_compv4,12.01,5
35,4,240,1280,1,5,5,1,1,1,1,5,5,grouped_conv_forward_bf16_2d_32x128x64_compv4,11.41,6
35,4,240,1280,1,5,5,1,1,1,1,5,5,grouped_conv_forward_bf16_2d_32x64x128_compv4,11.22,7
35,4,240,1280,1,5,5,1,1,1,1,5,5,grouped_conv_forward_bf16_2d_32x128x64_compv5,10.36,8
35,4,240,1280,1,5,5,1,1,1,1,5,5,grouped_conv_forward_bf16_2d_64x64x128_compv5,10.23,9
35,4,240,1280,1,5,5,1,1,1,1,5,5,grouped_conv_forward_bf16_2d_32x128x64_compv3,10.18,10
35,4,240,1280,1,5,5,1,1,1,1,5,5,grouped_conv_forward_bf16_2d_64x64x128_compv3,10.03,11
35,4,240,1280,1,5,5,1,1,1,1,5,5,grouped_conv_forward_bf16_2d_128x64x128_compv3,9.92,12
35,4,240,1280,1,5,5,1,1,1,1,5,5,grouped_conv_forward_bf16_2d_128x64x128_compv5,9.90,13
35,4,240,1280,1,5,5,1,1,1,1,5,5,grouped_conv_forward_bf16_2d_128x64x128_compv4,9.49,14
35,4,240,1280,1,5,5,1,1,1,1,5,5,grouped_conv_forward_bf16_2d_128x128x64_compv4,9.37,15
35,4,240,1280,1,5,5,1,1,1,1,5,5,grouped_conv_forward_bf16_2d_64x128x64_compv4,9.32,16
35,4,240,1280,1,5,5,1,1,1,1,5,5,grouped_conv_forward_bf16_2d_64x64x128_compv4,9.12,17
35,4,240,1280,1,5,5,1,1,1,1,5,5,grouped_conv_forward_bf16_2d_64x128x64_compv5,8.84,18
35,4,240,1280,1,5,5,1,1,1,1,5,5,grouped_conv_forward_bf16_2d_64x128x64_compv3,8.68,19
35,4,240,1280,1,5,5,1,1,1,1,5,5,grouped_conv_forward_bf16_2d_128x128x64_compv3,8.18,20
35,4,240,1280,1,5,5,1,1,1,1,5,5,grouped_conv_forward_bf16_2d_128x128x64_compv5,8.14,21
35,4,240,1280,1,5,5,1,1,1,1,5,5,grouped_conv_forward_bf16_2d_16x64x64_compv4,7.68,22
35,4,240,1280,1,5,5,1,1,1,1,5,5,grouped_conv_forward_bf16_2d_16x64x64_compv5,7.52,23
35,4,240,1280,1,5,5,1,1,1,1,5,5,grouped_conv_forward_bf16_2d_32x64x64_compv4,7.47,24
35,4,240,1280,1,5,5,1,1,1,1,5,5,grouped_conv_forward_bf16_2d_16x64x64_compv3,7.30,25
35,4,240,1280,1,5,5,1,1,1,1,5,5,grouped_conv_forward_bf16_2d_32x64x64_compv5,7.18,26
35,4,240,1280,1,5,5,1,1,1,1,5,5,grouped_conv_forward_bf16_2d_32x64x64_compv3,6.94,27
35,4,240,1280,1,5,5,1,1,1,1,5,5,grouped_conv_forward_bf16_2d_64x64x64_compv4,5.62,28
35,4,240,1280,1,5,5,1,1,1,1,5,5,grouped_conv_forward_bf16_2d_64x64x64_compv5,5.59,29
35,4,240,1280,1,5,5,1,1,1,1,5,5,grouped_conv_forward_bf16_2d_64x64x64_compv3,5.50,30
36,4,64,128,1,256,256,1,1,2,2,128,128,grouped_conv_forward_bf16_2d_32x128x64_compv3,75.36,1
36,4,64,128,1,256,256,1,1,2,2,128,128,grouped_conv_forward_bf16_2d_32x128x64_compv5,75.11,2
36,4,64,128,1,256,256,1,1,2,2,128,128,grouped_conv_forward_bf16_2d_64x64x64_compv5,74.40,3
36,4,64,128,1,256,256,1,1,2,2,128,128,grouped_conv_forward_bf16_2d_64x64x64_compv3,73.95,4
36,4,64,128,1,256,256,1,1,2,2,128,128,grouped_conv_forward_bf16_2d_64x128x64_compv5,73.59,5
36,4,64,128,1,256,256,1,1,2,2,128,128,grouped_conv_forward_bf16_2d_64x128x64_compv3,73.11,6
36,4,64,128,1,256,256,1,1,2,2,128,128,grouped_conv_forward_bf16_2d_32x64x64_compv5,69.36,7
36,4,64,128,1,256,256,1,1,2,2,128,128,grouped_conv_forward_bf16_2d_128x128x64_compv5,68.50,8
36,4,64,128,1,256,256,1,1,2,2,128,128,grouped_conv_forward_bf16_2d_32x64x64_compv3,68.31,9
36,4,64,128,1,256,256,1,1,2,2,128,128,grouped_conv_forward_bf16_2d_128x128x64_compv3,67.42,10
36,4,64,128,1,256,256,1,1,2,2,128,128,grouped_conv_forward_bf16_2d_16x64x64_compv5,58.35,11
36,4,64,128,1,256,256,1,1,2,2,128,128,grouped_conv_forward_bf16_2d_16x64x64_compv3,58.35,12
36,4,64,128,1,256,256,1,1,2,2,128,128,grouped_conv_forward_bf16_2d_64x64x128_compv5,50.82,13
36,4,64,128,1,256,256,1,1,2,2,128,128,grouped_conv_forward_bf16_2d_64x64x128_compv3,50.06,14
36,4,64,128,1,256,256,1,1,2,2,128,128,grouped_conv_forward_bf16_2d_32x64x128_compv5,50.02,15
36,4,64,128,1,256,256,1,1,2,2,128,128,grouped_conv_forward_bf16_2d_32x64x128_compv3,50.01,16
36,4,64,128,1,256,256,1,1,2,2,128,128,grouped_conv_forward_bf16_2d_128x64x128_compv5,45.56,17
36,4,64,128,1,256,256,1,1,2,2,128,128,grouped_conv_forward_bf16_2d_128x64x128_compv3,44.64,18
36,4,64,128,1,256,256,1,1,2,2,128,128,grouped_conv_forward_bf16_2d_16x64x128_compv3,44.21,19
36,4,64,128,1,256,256,1,1,2,2,128,128,grouped_conv_forward_bf16_2d_16x64x128_compv5,43.19,20
36,4,64,128,1,256,256,1,1,2,2,128,128,grouped_conv_forward_bf16_2d_32x128x64_compv4,33.85,21
36,4,64,128,1,256,256,1,1,2,2,128,128,grouped_conv_forward_bf16_2d_32x64x128_compv4,33.27,22
36,4,64,128,1,256,256,1,1,2,2,128,128,grouped_conv_forward_bf16_2d_32x64x64_compv4,32.28,23
36,4,64,128,1,256,256,1,1,2,2,128,128,grouped_conv_forward_bf16_2d_16x64x128_compv4,30.82,24
36,4,64,128,1,256,256,1,1,2,2,128,128,grouped_conv_forward_bf16_2d_16x64x64_compv4,29.66,25
36,4,64,128,1,256,256,1,1,2,2,128,128,grouped_conv_forward_bf16_2d_64x128x64_compv4,25.12,26
36,4,64,128,1,256,256,1,1,2,2,128,128,grouped_conv_forward_bf16_2d_128x64x128_compv4,24.95,27
36,4,64,128,1,256,256,1,1,2,2,128,128,grouped_conv_forward_bf16_2d_128x128x64_compv4,24.85,28
36,4,64,128,1,256,256,1,1,2,2,128,128,grouped_conv_forward_bf16_2d_64x64x64_compv4,24.84,29
36,4,64,128,1,256,256,1,1,2,2,128,128,grouped_conv_forward_bf16_2d_64x64x128_compv4,24.75,30
37,1,65,390,1,256,256,1,1,1,1,256,256,grouped_conv_forward_bf16_2d_64x128x64_compv5,110.17,1
37,1,65,390,1,256,256,1,1,1,1,256,256,grouped_conv_forward_bf16_2d_32x128x64_compv5,108.35,2
37,1,65,390,1,256,256,1,1,1,1,256,256,grouped_conv_forward_bf16_2d_64x128x64_compv3,107.51,3
37,1,65,390,1,256,256,1,1,1,1,256,256,grouped_conv_forward_bf16_2d_32x128x64_compv3,105.30,4
37,1,65,390,1,256,256,1,1,1,1,256,256,grouped_conv_forward_bf16_2d_128x128x64_compv5,97.17,5
37,1,65,390,1,256,256,1,1,1,1,256,256,grouped_conv_forward_bf16_2d_64x64x64_compv5,91.77,6
37,1,65,390,1,256,256,1,1,1,1,256,256,grouped_conv_forward_bf16_2d_64x64x64_compv3,90.32,7
37,1,65,390,1,256,256,1,1,1,1,256,256,grouped_conv_forward_bf16_2d_128x128x64_compv3,89.32,8
37,1,65,390,1,256,256,1,1,1,1,256,256,grouped_conv_forward_bf16_2d_32x64x64_compv5,79.28,9
37,1,65,390,1,256,256,1,1,1,1,256,256,grouped_conv_forward_bf16_2d_32x64x64_compv3,77.32,10
37,1,65,390,1,256,256,1,1,1,1,256,256,grouped_conv_forward_bf16_2d_16x64x64_compv5,65.74,11
37,1,65,390,1,256,256,1,1,1,1,256,256,grouped_conv_forward_bf16_2d_16x64x64_compv3,64.78,12
37,1,65,390,1,256,256,1,1,1,1,256,256,grouped_conv_forward_bf16_2d_64x64x128_compv5,62.14,13
37,1,65,390,1,256,256,1,1,1,1,256,256,grouped_conv_forward_bf16_2d_64x64x128_compv3,60.86,14
37,1,65,390,1,256,256,1,1,1,1,256,256,grouped_conv_forward_bf16_2d_32x64x128_compv5,59.73,15
37,1,65,390,1,256,256,1,1,1,1,256,256,grouped_conv_forward_bf16_2d_32x64x128_compv3,58.48,16
37,1,65,390,1,256,256,1,1,1,1,256,256,grouped_conv_forward_bf16_2d_128x64x128_compv5,55.63,17
37,1,65,390,1,256,256,1,1,1,1,256,256,grouped_conv_forward_bf16_2d_128x64x128_compv3,54.18,18
37,1,65,390,1,256,256,1,1,1,1,256,256,grouped_conv_forward_bf16_2d_16x64x128_compv5,49.14,19
37,1,65,390,1,256,256,1,1,1,1,256,256,grouped_conv_forward_bf16_2d_16x64x128_compv3,48.05,20
37,1,65,390,1,256,256,1,1,1,1,256,256,grouped_conv_forward_bf16_2d_32x128x64_compv4,34.06,21
37,1,65,390,1,256,256,1,1,1,1,256,256,grouped_conv_forward_bf16_2d_32x64x128_compv4,33.75,22
37,1,65,390,1,256,256,1,1,1,1,256,256,grouped_conv_forward_bf16_2d_32x64x64_compv4,33.44,23
37,1,65,390,1,256,256,1,1,1,1,256,256,grouped_conv_forward_bf16_2d_16x64x128_compv4,31.79,24
37,1,65,390,1,256,256,1,1,1,1,256,256,grouped_conv_forward_bf16_2d_16x64x64_compv4,31.27,25
37,1,65,390,1,256,256,1,1,1,1,256,256,grouped_conv_forward_bf16_2d_128x128x64_compv4,26.91,26
37,1,65,390,1,256,256,1,1,1,1,256,256,grouped_conv_forward_bf16_2d_128x64x128_compv4,26.81,27
37,1,65,390,1,256,256,1,1,1,1,256,256,grouped_conv_forward_bf16_2d_64x64x128_compv4,26.71,28
37,1,65,390,1,256,256,1,1,1,1,256,256,grouped_conv_forward_bf16_2d_64x128x64_compv4,26.68,29
37,1,65,390,1,256,256,1,1,1,1,256,256,grouped_conv_forward_bf16_2d_64x64x64_compv4,26.43,30
38,4,256,2048,1,56,56,1,1,1,1,56,56,grouped_conv_forward_bf16_2d_64x128x64_compv5,206.24,1
38,4,256,2048,1,56,56,1,1,1,1,56,56,grouped_conv_forward_bf16_2d_64x128x64_compv3,205.74,2
38,4,256,2048,1,56,56,1,1,1,1,56,56,grouped_conv_forward_bf16_2d_128x128x64_compv5,193.76,3
38,4,256,2048,1,56,56,1,1,1,1,56,56,grouped_conv_forward_bf16_2d_128x128x64_compv3,192.14,4
38,4,256,2048,1,56,56,1,1,1,1,56,56,grouped_conv_forward_bf16_2d_32x128x64_compv5,190.09,5
38,4,256,2048,1,56,56,1,1,1,1,56,56,grouped_conv_forward_bf16_2d_32x128x64_compv3,189.98,6
38,4,256,2048,1,56,56,1,1,1,1,56,56,grouped_conv_forward_bf16_2d_64x64x128_compv3,175.73,7
38,4,256,2048,1,56,56,1,1,1,1,56,56,grouped_conv_forward_bf16_2d_64x64x128_compv5,175.65,8
38,4,256,2048,1,56,56,1,1,1,1,56,56,grouped_conv_forward_bf16_2d_32x64x128_compv5,170.17,9
38,4,256,2048,1,56,56,1,1,1,1,56,56,grouped_conv_forward_bf16_2d_64x64x64_compv3,169.87,10
38,4,256,2048,1,56,56,1,1,1,1,56,56,grouped_conv_forward_bf16_2d_32x64x128_compv3,169.82,11
38,4,256,2048,1,56,56,1,1,1,1,56,56,grouped_conv_forward_bf16_2d_64x64x64_compv5,169.74,12
38,4,256,2048,1,56,56,1,1,1,1,56,56,grouped_conv_forward_bf16_2d_128x64x128_compv5,162.77,13
38,4,256,2048,1,56,56,1,1,1,1,56,56,grouped_conv_forward_bf16_2d_128x64x128_compv3,161.26,14
38,4,256,2048,1,56,56,1,1,1,1,56,56,grouped_conv_forward_bf16_2d_32x64x64_compv3,143.92,15
38,4,256,2048,1,56,56,1,1,1,1,56,56,grouped_conv_forward_bf16_2d_32x64x64_compv5,143.92,16
38,4,256,2048,1,56,56,1,1,1,1,56,56,grouped_conv_forward_bf16_2d_16x64x128_compv5,134.28,17
38,4,256,2048,1,56,56,1,1,1,1,56,56,grouped_conv_forward_bf16_2d_16x64x128_compv3,133.87,18
38,4,256,2048,1,56,56,1,1,1,1,56,56,grouped_conv_forward_bf16_2d_32x64x64_compv4,117.01,19
38,4,256,2048,1,56,56,1,1,1,1,56,56,grouped_conv_forward_bf16_2d_32x64x128_compv4,116.86,20
38,4,256,2048,1,56,56,1,1,1,1,56,56,grouped_conv_forward_bf16_2d_32x128x64_compv4,116.71,21
38,4,256,2048,1,56,56,1,1,1,1,56,56,grouped_conv_forward_bf16_2d_16x64x64_compv3,113.89,22
38,4,256,2048,1,56,56,1,1,1,1,56,56,grouped_conv_forward_bf16_2d_16x64x64_compv5,113.85,23
38,4,256,2048,1,56,56,1,1,1,1,56,56,grouped_conv_forward_bf16_2d_16x64x128_compv4,104.40,24
38,4,256,2048,1,56,56,1,1,1,1,56,56,grouped_conv_forward_bf16_2d_16x64x64_compv4,102.91,25
38,4,256,2048,1,56,56,1,1,1,1,56,56,grouped_conv_forward_bf16_2d_128x64x128_compv4,92.35,26
38,4,256,2048,1,56,56,1,1,1,1,56,56,grouped_conv_forward_bf16_2d_64x64x128_compv4,91.29,27
38,4,256,2048,1,56,56,1,1,1,1,56,56,grouped_conv_forward_bf16_2d_128x128x64_compv4,91.11,28
38,4,256,2048,1,56,56,1,1,1,1,56,56,grouped_conv_forward_bf16_2d_64x128x64_compv4,91.11,29
38,4,256,2048,1,56,56,1,1,1,1,56,56,grouped_conv_forward_bf16_2d_64x64x64_compv4,90.53,30
39,1,64,256,1,4,4,1,1,1,1,4,4,grouped_conv_forward_bf16_2d_16x64x64_compv3,0.35,1
39,1,64,256,1,4,4,1,1,1,1,4,4,grouped_conv_forward_bf16_2d_16x64x64_compv5,0.33,2
39,1,64,256,1,4,4,1,1,1,1,4,4,grouped_conv_forward_bf16_2d_32x128x64_compv5,0.33,3
39,1,64,256,1,4,4,1,1,1,1,4,4,grouped_conv_forward_bf16_2d_32x64x64_compv5,0.32,4
39,1,64,256,1,4,4,1,1,1,1,4,4,grouped_conv_forward_bf16_2d_32x128x64_compv3,0.31,5
39,1,64,256,1,4,4,1,1,1,1,4,4,grouped_conv_forward_bf16_2d_16x64x128_compv5,0.30,6
39,1,64,256,1,4,4,1,1,1,1,4,4,grouped_conv_forward_bf16_2d_16x64x128_compv3,0.30,7
39,1,64,256,1,4,4,1,1,1,1,4,4,grouped_conv_forward_bf16_2d_32x64x128_compv5,0.30,8
39,1,64,256,1,4,4,1,1,1,1,4,4,grouped_conv_forward_bf16_2d_32x64x64_compv3,0.29,9
39,1,64,256,1,4,4,1,1,1,1,4,4,grouped_conv_forward_bf16_2d_32x128x64_compv4,0.29,10
39,1,64,256,1,4,4,1,1,1,1,4,4,grouped_conv_forward_bf16_2d_64x64x128_compv5,0.29,11
39,1,64,256,1,4,4,1,1,1,1,4,4,grouped_conv_forward_bf16_2d_16x64x64_compv4,0.29,12
39,1,64,256,1,4,4,1,1,1,1,4,4,grouped_conv_forward_bf16_2d_64x64x64_compv3,0.28,13
39,1,64,256,1,4,4,1,1,1,1,4,4,grouped_conv_forward_bf16_2d_32x64x128_compv3,0.28,14
39,1,64,256,1,4,4,1,1,1,1,4,4,grouped_conv_forward_bf16_2d_64x64x64_compv5,0.28,15
39,1,64,256,1,4,4,1,1,1,1,4,4,grouped_conv_forward_bf16_2d_64x64x128_compv3,0.28,16
39,1,64,256,1,4,4,1,1,1,1,4,4,grouped_conv_forward_bf16_2d_64x128x64_compv5,0.27,17
39,1,64,256,1,4,4,1,1,1,1,4,4,grouped_conv_forward_bf16_2d_64x128x64_compv3,0.27,18
39,1,64,256,1,4,4,1,1,1,1,4,4,grouped_conv_forward_bf16_2d_16x64x128_compv4,0.27,19
39,1,64,256,1,4,4,1,1,1,1,4,4,grouped_conv_forward_bf16_2d_128x64x128_compv5,0.27,20
39,1,64,256,1,4,4,1,1,1,1,4,4,grouped_conv_forward_bf16_2d_128x64x128_compv3,0.26,21
39,1,64,256,1,4,4,1,1,1,1,4,4,grouped_conv_forward_bf16_2d_32x64x64_compv4,0.26,22
39,1,64,256,1,4,4,1,1,1,1,4,4,grouped_conv_forward_bf16_2d_128x128x64_compv5,0.25,23
39,1,64,256,1,4,4,1,1,1,1,4,4,grouped_conv_forward_bf16_2d_128x128x64_compv3,0.25,24
39,1,64,256,1,4,4,1,1,1,1,4,4,grouped_conv_forward_bf16_2d_32x64x128_compv4,0.24,25
39,1,64,256,1,4,4,1,1,1,1,4,4,grouped_conv_forward_bf16_2d_128x64x128_compv4,0.23,26
39,1,64,256,1,4,4,1,1,1,1,4,4,grouped_conv_forward_bf16_2d_128x128x64_compv4,0.23,27
39,1,64,256,1,4,4,1,1,1,1,4,4,grouped_conv_forward_bf16_2d_64x64x128_compv4,0.22,28
39,1,64,256,1,4,4,1,1,1,1,4,4,grouped_conv_forward_bf16_2d_64x128x64_compv4,0.22,29
39,1,64,256,1,4,4,1,1,1,1,4,4,grouped_conv_forward_bf16_2d_64x64x64_compv4,0.20,30
40,1,256,1920,1,64,64,1,1,1,1,64,64,grouped_conv_forward_bf16_2d_64x128x64_compv5,167.77,1
40,1,256,1920,1,64,64,1,1,1,1,64,64,grouped_conv_forward_bf16_2d_64x128x64_compv3,167.68,2
40,1,256,1920,1,64,64,1,1,1,1,64,64,grouped_conv_forward_bf16_2d_128x128x64_compv5,163.18,3
40,1,256,1920,1,64,64,1,1,1,1,64,64,grouped_conv_forward_bf16_2d_128x128x64_compv3,162.94,4
40,1,256,1920,1,64,64,1,1,1,1,64,64,grouped_conv_forward_bf16_2d_32x128x64_compv5,157.26,5
40,1,256,1920,1,64,64,1,1,1,1,64,64,grouped_conv_forward_bf16_2d_32x128x64_compv3,156.52,6
40,1,256,1920,1,64,64,1,1,1,1,64,64,grouped_conv_forward_bf16_2d_64x64x128_compv3,149.65,7
40,1,256,1920,1,64,64,1,1,1,1,64,64,grouped_conv_forward_bf16_2d_64x64x128_compv5,149.27,8
40,1,256,1920,1,64,64,1,1,1,1,64,64,grouped_conv_forward_bf16_2d_64x64x64_compv3,146.49,9
40,1,256,1920,1,64,64,1,1,1,1,64,64,grouped_conv_forward_bf16_2d_64x64x64_compv5,146.06,10
40,1,256,1920,1,64,64,1,1,1,1,64,64,grouped_conv_forward_bf16_2d_32x64x128_compv5,145.62,11
40,1,256,1920,1,64,64,1,1,1,1,64,64,grouped_conv_forward_bf16_2d_32x64x128_compv3,145.25,12
40,1,256,1920,1,64,64,1,1,1,1,64,64,grouped_conv_forward_bf16_2d_128x64x128_compv3,142.36,13
40,1,256,1920,1,64,64,1,1,1,1,64,64,grouped_conv_forward_bf16_2d_128x64x128_compv5,141.33,14
40,1,256,1920,1,64,64,1,1,1,1,64,64,grouped_conv_forward_bf16_2d_32x64x64_compv5,128.05,15
40,1,256,1920,1,64,64,1,1,1,1,64,64,grouped_conv_forward_bf16_2d_32x64x64_compv3,127.56,16
40,1,256,1920,1,64,64,1,1,1,1,64,64,grouped_conv_forward_bf16_2d_16x64x128_compv3,120.56,17
40,1,256,1920,1,64,64,1,1,1,1,64,64,grouped_conv_forward_bf16_2d_16x64x128_compv5,120.48,18
40,1,256,1920,1,64,64,1,1,1,1,64,64,grouped_conv_forward_bf16_2d_32x64x64_compv4,111.42,19
40,1,256,1920,1,64,64,1,1,1,1,64,64,grouped_conv_forward_bf16_2d_16x64x64_compv5,106.11,20
40,1,256,1920,1,64,64,1,1,1,1,64,64,grouped_conv_forward_bf16_2d_16x64x64_compv3,106.06,21
40,1,256,1920,1,64,64,1,1,1,1,64,64,grouped_conv_forward_bf16_2d_32x128x64_compv4,104.48,22
40,1,256,1920,1,64,64,1,1,1,1,64,64,grouped_conv_forward_bf16_2d_32x64x128_compv4,103.35,23
40,1,256,1920,1,64,64,1,1,1,1,64,64,grouped_conv_forward_bf16_2d_16x64x64_compv4,98.94,24
40,1,256,1920,1,64,64,1,1,1,1,64,64,grouped_conv_forward_bf16_2d_16x64x128_compv4,94.55,25
40,1,256,1920,1,64,64,1,1,1,1,64,64,grouped_conv_forward_bf16_2d_64x64x64_compv4,84.78,26
40,1,256,1920,1,64,64,1,1,1,1,64,64,grouped_conv_forward_bf16_2d_128x64x128_compv4,83.79,27
40,1,256,1920,1,64,64,1,1,1,1,64,64,grouped_conv_forward_bf16_2d_128x128x64_compv4,82.93,28
40,1,256,1920,1,64,64,1,1,1,1,64,64,grouped_conv_forward_bf16_2d_64x128x64_compv4,82.82,29
40,1,256,1920,1,64,64,1,1,1,1,64,64,grouped_conv_forward_bf16_2d_64x64x128_compv4,82.15,30
41,1,704,704,1,128,128,1,1,1,1,128,128,grouped_conv_forward_bf16_2d_128x128x64_compv3,262.45,1
41,1,704,704,1,128,128,1,1,1,1,128,128,grouped_conv_forward_bf16_2d_128x128x64_compv5,257.21,2
41,1,704,704,1,128,128,1,1,1,1,128,128,grouped_conv_forward_bf16_2d_64x128x64_compv3,248.86,3
41,1,704,704,1,128,128,1,1,1,1,128,128,grouped_conv_forward_bf16_2d_64x128x64_compv5,244.59,4
41,1,704,704,1,128,128,1,1,1,1,128,128,grouped_conv_forward_bf16_2d_32x128x64_compv3,217.54,5
41,1,704,704,1,128,128,1,1,1,1,128,128,grouped_conv_forward_bf16_2d_32x128x64_compv5,216.62,6
41,1,704,704,1,128,128,1,1,1,1,128,128,grouped_conv_forward_bf16_2d_128x64x128_compv5,198.52,7
41,1,704,704,1,128,128,1,1,1,1,128,128,grouped_conv_forward_bf16_2d_128x64x128_compv3,197.15,8
41,1,704,704,1,128,128,1,1,1,1,128,128,grouped_conv_forward_bf16_2d_64x64x128_compv3,192.46,9
41,1,704,704,1,128,128,1,1,1,1,128,128,grouped_conv_forward_bf16_2d_64x64x128_compv5,190.55,10
41,1,704,704,1,128,128,1,1,1,1,128,128,grouped_conv_forward_bf16_2d_64x64x64_compv3,189.86,11
41,1,704,704,1,128,128,1,1,1,1,128,128,grouped_conv_forward_bf16_2d_64x64x64_compv5,188.23,12
41,1,704,704,1,128,128,1,1,1,1,128,128,grouped_conv_forward_bf16_2d_32x64x128_compv5,181.26,13
41,1,704,704,1,128,128,1,1,1,1,128,128,grouped_conv_forward_bf16_2d_32x64x128_compv3,181.08,14
41,1,704,704,1,128,128,1,1,1,1,128,128,grouped_conv_forward_bf16_2d_32x64x64_compv5,158.71,15
41,1,704,704,1,128,128,1,1,1,1,128,128,grouped_conv_forward_bf16_2d_32x64x64_compv3,158.63,16
41,1,704,704,1,128,128,1,1,1,1,128,128,grouped_conv_forward_bf16_2d_16x64x128_compv5,137.03,17
41,1,704,704,1,128,128,1,1,1,1,128,128,grouped_conv_forward_bf16_2d_16x64x128_compv3,136.84,18
41,1,704,704,1,128,128,1,1,1,1,128,128,grouped_conv_forward_bf16_2d_32x128x64_compv4,134.87,19
41,1,704,704,1,128,128,1,1,1,1,128,128,grouped_conv_forward_bf16_2d_32x64x64_compv4,133.90,20
41,1,704,704,1,128,128,1,1,1,1,128,128,grouped_conv_forward_bf16_2d_16x64x64_compv3,132.11,21
41,1,704,704,1,128,128,1,1,1,1,128,128,grouped_conv_forward_bf16_2d_16x64x64_compv5,131.78,22
41,1,704,704,1,128,128,1,1,1,1,128,128,grouped_conv_forward_bf16_2d_32x64x128_compv4,129.75,23
41,1,704,704,1,128,128,1,1,1,1,128,128,grouped_conv_forward_bf16_2d_16x64x64_compv4,114.50,24
41,1,704,704,1,128,128,1,1,1,1,128,128,grouped_conv_forward_bf16_2d_16x64x128_compv4,110.53,25
41,1,704,704,1,128,128,1,1,1,1,128,128,grouped_conv_forward_bf16_2d_128x128x64_compv4,107.18,26
41,1,704,704,1,128,128,1,1,1,1,128,128,grouped_conv_forward_bf16_2d_128x64x128_compv4,106.91,27
41,1,704,704,1,128,128,1,1,1,1,128,128,grouped_conv_forward_bf16_2d_64x128x64_compv4,106.81,28
41,1,704,704,1,128,128,1,1,1,1,128,128,grouped_conv_forward_bf16_2d_64x64x64_compv4,105.61,29
41,1,704,704,1,128,128,1,1,1,1,128,128,grouped_conv_forward_bf16_2d_64x64x128_compv4,102.93,30
42,1,192,432,1,128,128,1,1,2,2,64,64,grouped_conv_forward_bf16_2d_32x128x64_compv5,79.93,1
42,1,192,432,1,128,128,1,1,2,2,64,64,grouped_conv_forward_bf16_2d_32x128x64_compv3,78.46,2
42,1,192,432,1,128,128,1,1,2,2,64,64,grouped_conv_forward_bf16_2d_128x64x128_compv3,76.96,3
42,1,192,432,1,128,128,1,1,2,2,64,64,grouped_conv_forward_bf16_2d_128x64x128_compv5,76.34,4
42,1,192,432,1,128,128,1,1,2,2,64,64,grouped_conv_forward_bf16_2d_64x64x128_compv5,76.32,5
42,1,192,432,1,128,128,1,1,2,2,64,64,grouped_conv_forward_bf16_2d_64x128x64_compv5,75.78,6
42,1,192,432,1,128,128,1,1,2,2,64,64,grouped_conv_forward_bf16_2d_64x64x128_compv3,75.59,7
42,1,192,432,1,128,128,1,1,2,2,64,64,grouped_conv_forward_bf16_2d_64x128x64_compv3,74.85,8
42,1,192,432,1,128,128,1,1,2,2,64,64,grouped_conv_forward_bf16_2d_32x64x128_compv5,74.37,9
42,1,192,432,1,128,128,1,1,2,2,64,64,grouped_conv_forward_bf16_2d_32x64x128_compv3,73.05,10
42,1,192,432,1,128,128,1,1,2,2,64,64,grouped_conv_forward_bf16_2d_128x128x64_compv3,71.95,11
42,1,192,432,1,128,128,1,1,2,2,64,64,grouped_conv_forward_bf16_2d_128x128x64_compv5,71.90,12
42,1,192,432,1,128,128,1,1,2,2,64,64,grouped_conv_forward_bf16_2d_32x64x64_compv5,70.98,13
42,1,192,432,1,128,128,1,1,2,2,64,64,grouped_conv_forward_bf16_2d_64x64x64_compv5,69.48,14
42,1,192,432,1,128,128,1,1,2,2,64,64,grouped_conv_forward_bf16_2d_32x64x64_compv3,69.28,15
42,1,192,432,1,128,128,1,1,2,2,64,64,grouped_conv_forward_bf16_2d_64x64x64_compv3,68.75,16
42,1,192,432,1,128,128,1,1,2,2,64,64,grouped_conv_forward_bf16_2d_16x64x128_compv5,68.55,17
42,1,192,432,1,128,128,1,1,2,2,64,64,grouped_conv_forward_bf16_2d_16x64x128_compv3,67.61,18
42,1,192,432,1,128,128,1,1,2,2,64,64,grouped_conv_forward_bf16_2d_16x64x64_compv5,66.02,19
42,1,192,432,1,128,128,1,1,2,2,64,64,grouped_conv_forward_bf16_2d_16x64x64_compv3,64.98,20
42,1,192,432,1,128,128,1,1,2,2,64,64,grouped_conv_forward_bf16_2d_32x64x64_compv4,54.92,21
42,1,192,432,1,128,128,1,1,2,2,64,64,grouped_conv_forward_bf16_2d_32x128x64_compv4,52.18,22
42,1,192,432,1,128,128,1,1,2,2,64,64,grouped_conv_forward_bf16_2d_16x64x64_compv4,51.57,23
42,1,192,432,1,128,128,1,1,2,2,64,64,grouped_conv_forward_bf16_2d_32x64x128_compv4,51.39,24
42,1,192,432,1,128,128,1,1,2,2,64,64,grouped_conv_forward_bf16_2d_16x64x128_compv4,48.31,25
42,1,192,432,1,128,128,1,1,2,2,64,64,grouped_conv_forward_bf16_2d_64x64x64_compv4,48.25,26
42,1,192,432,1,128,128,1,1,2,2,64,64,grouped_conv_forward_bf16_2d_64x64x128_compv4,48.19,27
42,1,192,432,1,128,128,1,1,2,2,64,64,grouped_conv_forward_bf16_2d_64x128x64_compv4,47.95,28
42,1,192,432,1,128,128,1,1,2,2,64,64,grouped_conv_forward_bf16_2d_128x128x64_compv4,45.75,29
42,1,192,432,1,128,128,1,1,2,2,64,64,grouped_conv_forward_bf16_2d_128x64x128_compv4,45.21,30
43,1,256,96,1,128,128,1,1,1,1,128,128,grouped_conv_forward_bf16_2d_128x128x64_compv5,90.39,1
43,1,256,96,1,128,128,1,1,1,1,128,128,grouped_conv_forward_bf16_2d_32x128x64_compv5,90.18,2
43,1,256,96,1,128,128,1,1,1,1,128,128,grouped_conv_forward_bf16_2d_128x128x64_compv3,89.69,3
43,1,256,96,1,128,128,1,1,1,1,128,128,grouped_conv_forward_bf16_2d_32x128x64_compv3,89.43,4
43,1,256,96,1,128,128,1,1,1,1,128,128,grouped_conv_forward_bf16_2d_64x128x64_compv5,88.22,5
43,1,256,96,1,128,128,1,1,1,1,128,128,grouped_conv_forward_bf16_2d_64x64x64_compv5,87.50,6
43,1,256,96,1,128,128,1,1,1,1,128,128,grouped_conv_forward_bf16_2d_64x128x64_compv3,87.47,7
43,1,256,96,1,128,128,1,1,1,1,128,128,grouped_conv_forward_bf16_2d_32x64x128_compv5,87.15,8
43,1,256,96,1,128,128,1,1,1,1,128,128,grouped_conv_forward_bf16_2d_64x64x64_compv3,86.51,9
43,1,256,96,1,128,128,1,1,1,1,128,128,grouped_conv_forward_bf16_2d_64x64x128_compv5,85.90,10
43,1,256,96,1,128,128,1,1,1,1,128,128,grouped_conv_forward_bf16_2d_32x64x128_compv3,85.70,11
43,1,256,96,1,128,128,1,1,1,1,128,128,grouped_conv_forward_bf16_2d_128x64x128_compv3,85.43,12
43,1,256,96,1,128,128,1,1,1,1,128,128,grouped_conv_forward_bf16_2d_64x64x128_compv3,85.20,13
43,1,256,96,1,128,128,1,1,1,1,128,128,grouped_conv_forward_bf16_2d_128x64x128_compv5,85.17,14
43,1,256,96,1,128,128,1,1,1,1,128,128,grouped_conv_forward_bf16_2d_32x64x64_compv5,83.47,15
43,1,256,96,1,128,128,1,1,1,1,128,128,grouped_conv_forward_bf16_2d_32x64x64_compv3,82.40,16
43,1,256,96,1,128,128,1,1,1,1,128,128,grouped_conv_forward_bf16_2d_32x64x64_compv4,81.89,17
43,1,256,96,1,128,128,1,1,1,1,128,128,grouped_conv_forward_bf16_2d_32x128x64_compv4,80.23,18
43,1,256,96,1,128,128,1,1,1,1,128,128,grouped_conv_forward_bf16_2d_16x64x128_compv5,79.09,19
43,1,256,96,1,128,128,1,1,1,1,128,128,grouped_conv_forward_bf16_2d_16x64x128_compv3,78.36,20
43,1,256,96,1,128,128,1,1,1,1,128,128,grouped_conv_forward_bf16_2d_32x64x128_compv4,77.75,21
43,1,256,96,1,128,128,1,1,1,1,128,128,grouped_conv_forward_bf16_2d_16x64x64_compv4,75.83,22
43,1,256,96,1,128,128,1,1,1,1,128,128,grouped_conv_forward_bf16_2d_16x64x64_compv5,73.64,23
43,1,256,96,1,128,128,1,1,1,1,128,128,grouped_conv_forward_bf16_2d_16x64x64_compv3,73.32,24
43,1,256,96,1,128,128,1,1,1,1,128,128,grouped_conv_forward_bf16_2d_64x128x64_compv4,71.32,25
43,1,256,96,1,128,128,1,1,1,1,128,128,grouped_conv_forward_bf16_2d_16x64x128_compv4,70.89,26
43,1,256,96,1,128,128,1,1,1,1,128,128,grouped_conv_forward_bf16_2d_128x128x64_compv4,70.89,27
43,1,256,96,1,128,128,1,1,1,1,128,128,grouped_conv_forward_bf16_2d_64x64x128_compv4,70.72,28
43,1,256,96,1,128,128,1,1,1,1,128,128,grouped_conv_forward_bf16_2d_128x64x128_compv4,70.40,29
43,1,256,96,1,128,128,1,1,1,1,128,128,grouped_conv_forward_bf16_2d_64x64x64_compv4,69.83,30
44,1,277,1920,1,64,64,1,1,1,1,64,64,grouped_conv_forward_bf16_2d_64x128x64_compv3,165.68,1
44,1,277,1920,1,64,64,1,1,1,1,64,64,grouped_conv_forward_bf16_2d_64x128x64_compv5,165.21,2
44,1,277,1920,1,64,64,1,1,1,1,64,64,grouped_conv_forward_bf16_2d_32x128x64_compv5,157.10,3
44,1,277,1920,1,64,64,1,1,1,1,64,64,grouped_conv_forward_bf16_2d_32x128x64_compv3,156.40,4
44,1,277,1920,1,64,64,1,1,1,1,64,64,grouped_conv_forward_bf16_2d_128x128x64_compv5,154.38,5
44,1,277,1920,1,64,64,1,1,1,1,64,64,grouped_conv_forward_bf16_2d_128x128x64_compv3,150.25,6
44,1,277,1920,1,64,64,1,1,1,1,64,64,grouped_conv_forward_bf16_2d_64x64x128_compv3,147.65,7
44,1,277,1920,1,64,64,1,1,1,1,64,64,grouped_conv_forward_bf16_2d_64x64x128_compv5,146.76,8
44,1,277,1920,1,64,64,1,1,1,1,64,64,grouped_conv_forward_bf16_2d_32x64x128_compv5,145.19,9
44,1,277,1920,1,64,64,1,1,1,1,64,64,grouped_conv_forward_bf16_2d_32x64x128_compv3,145.01,10
44,1,277,1920,1,64,64,1,1,1,1,64,64,grouped_conv_forward_bf16_2d_64x64x64_compv3,138.52,11
44,1,277,1920,1,64,64,1,1,1,1,64,64,grouped_conv_forward_bf16_2d_64x64x64_compv5,137.59,12
44,1,277,1920,1,64,64,1,1,1,1,64,64,grouped_conv_forward_bf16_2d_128x64x128_compv5,137.00,13
44,1,277,1920,1,64,64,1,1,1,1,64,64,grouped_conv_forward_bf16_2d_128x64x128_compv3,135.04,14
44,1,277,1920,1,64,64,1,1,1,1,64,64,grouped_conv_forward_bf16_2d_32x64x64_compv5,127.27,15
44,1,277,1920,1,64,64,1,1,1,1,64,64,grouped_conv_forward_bf16_2d_32x64x64_compv3,126.85,16
44,1,277,1920,1,64,64,1,1,1,1,64,64,grouped_conv_forward_bf16_2d_16x64x128_compv3,118.96,17
44,1,277,1920,1,64,64,1,1,1,1,64,64,grouped_conv_forward_bf16_2d_16x64x128_compv5,118.73,18
44,1,277,1920,1,64,64,1,1,1,1,64,64,grouped_conv_forward_bf16_2d_32x64x64_compv4,109.15,19
44,1,277,1920,1,64,64,1,1,1,1,64,64,grouped_conv_forward_bf16_2d_16x64x64_compv5,105.35,20
44,1,277,1920,1,64,64,1,1,1,1,64,64,grouped_conv_forward_bf16_2d_16x64x64_compv3,105.34,21
44,1,277,1920,1,64,64,1,1,1,1,64,64,grouped_conv_forward_bf16_2d_32x128x64_compv4,102.00,22
44,1,277,1920,1,64,64,1,1,1,1,64,64,grouped_conv_forward_bf16_2d_32x64x128_compv4,101.24,23
44,1,277,1920,1,64,64,1,1,1,1,64,64,grouped_conv_forward_bf16_2d_16x64x64_compv4,97.95,24
44,1,277,1920,1,64,64,1,1,1,1,64,64,grouped_conv_forward_bf16_2d_16x64x128_compv4,93.38,25
44,1,277,1920,1,64,64,1,1,1,1,64,64,grouped_conv_forward_bf16_2d_64x64x64_compv4,87.10,26
44,1,277,1920,1,64,64,1,1,1,1,64,64,grouped_conv_forward_bf16_2d_128x64x128_compv4,83.74,27
44,1,277,1920,1,64,64,1,1,1,1,64,64,grouped_conv_forward_bf16_2d_128x128x64_compv4,83.11,28
44,1,277,1920,1,64,64,1,1,1,1,64,64,grouped_conv_forward_bf16_2d_64x128x64_compv4,82.60,29
44,1,277,1920,1,64,64,1,1,1,1,64,64,grouped_conv_forward_bf16_2d_64x64x128_compv4,82.04,30
45,1,392,392,7,512,512,3,3,2,2,256,256,grouped_conv_forward_bf16_2d_128x128x64_compv5,256.95,1
45,1,392,392,7,512,512,3,3,2,2,256,256,grouped_conv_forward_bf16_2d_64x128x64_compv5,240.14,2
45,1,392,392,7,512,512,3,3,2,2,256,256,grouped_conv_forward_bf16_2d_64x128x64_compv3,238.11,3
45,1,392,392,7,512,512,3,3,2,2,256,256,grouped_conv_forward_bf16_2d_128x128x64_compv3,231.60,4
45,1,392,392,7,512,512,3,3,2,2,256,256,grouped_conv_forward_bf16_2d_32x128x64_compv5,225.54,5
45,1,392,392,7,512,512,3,3,2,2,256,256,grouped_conv_forward_bf16_2d_32x128x64_compv3,218.71,6
45,1,392,392,7,512,512,3,3,2,2,256,256,grouped_conv_forward_bf16_2d_128x64x128_compv5,192.35,7
45,1,392,392,7,512,512,3,3,2,2,256,256,grouped_conv_forward_bf16_2d_64x64x64_compv5,189.45,8
45,1,392,392,7,512,512,3,3,2,2,256,256,grouped_conv_forward_bf16_2d_64x64x64_compv3,188.16,9
45,1,392,392,7,512,512,3,3,2,2,256,256,grouped_conv_forward_bf16_2d_128x64x128_compv3,186.89,10
45,1,392,392,7,512,512,3,3,2,2,256,256,grouped_conv_forward_bf16_2d_64x64x128_compv5,186.86,11
45,1,392,392,7,512,512,3,3,2,2,256,256,grouped_conv_forward_bf16_2d_64x64x128_compv3,184.56,12
45,1,392,392,7,512,512,3,3,2,2,256,256,grouped_conv_forward_bf16_2d_32x64x128_compv5,178.39,13
45,1,392,392,7,512,512,3,3,2,2,256,256,grouped_conv_forward_bf16_2d_32x64x128_compv3,175.51,14
45,1,392,392,7,512,512,3,3,2,2,256,256,grouped_conv_forward_bf16_2d_32x64x64_compv5,158.71,15
45,1,392,392,7,512,512,3,3,2,2,256,256,grouped_conv_forward_bf16_2d_32x64x64_compv3,154.85,16
45,1,392,392,7,512,512,3,3,2,2,256,256,grouped_conv_forward_bf16_2d_16x64x128_compv5,131.27,17
45,1,392,392,7,512,512,3,3,2,2,256,256,grouped_conv_forward_bf16_2d_16x64x64_compv5,126.40,18
45,1,392,392,7,512,512,3,3,2,2,256,256,grouped_conv_forward_bf16_2d_16x64x128_compv3,126.34,19
45,1,392,392,7,512,512,3,3,2,2,256,256,grouped_conv_forward_bf16_2d_16x64x64_compv3,122.49,20
45,1,392,392,7,512,512,3,3,2,2,256,256,grouped_conv_forward_bf16_2d_32x64x128_compv4,121.49,21
45,1,392,392,7,512,512,3,3,2,2,256,256,grouped_conv_forward_bf16_2d_32x128x64_compv4,120.85,22
45,1,392,392,7,512,512,3,3,2,2,256,256,grouped_conv_forward_bf16_2d_32x64x64_compv4,118.46,23
45,1,392,392,7,512,512,3,3,2,2,256,256,grouped_conv_forward_bf16_2d_16x64x128_compv4,103.43,24
45,1,392,392,7,512,512,3,3,2,2,256,256,grouped_conv_forward_bf16_2d_16x64x64_compv4,101.71,25
45,1,392,392,7,512,512,3,3,2,2,256,256,grouped_conv_forward_bf16_2d_64x64x128_compv4,97.52,26
45,1,392,392,7,512,512,3,3,2,2,256,256,grouped_conv_forward_bf16_2d_64x128x64_compv4,95.87,27
45,1,392,392,7,512,512,3,3,2,2,256,256,grouped_conv_forward_bf16_2d_64x64x64_compv4,94.74,28
45,1,392,392,7,512,512,3,3,2,2,256,256,grouped_conv_forward_bf16_2d_128x128x64_compv4,94.31,29
45,1,392,392,7,512,512,3,3,2,2,256,256,grouped_conv_forward_bf16_2d_128x64x128_compv4,93.32,30
46,4,3,320,1,256,256,16,16,16,16,16,16,grouped_conv_forward_bf16_2d_16x64x64_compv4,43.46,1
46,4,3,320,1,256,256,16,16,16,16,16,16,grouped_conv_forward_bf16_2d_32x128x64_compv4,43.10,2
46,4,3,320,1,256,256,16,16,16,16,16,16,grouped_conv_forward_bf16_2d_16x64x64_compv5,41.05,3
46,4,3,320,1,256,256,16,16,16,16,16,16,grouped_conv_forward_bf16_2d_16x64x64_compv3,40.53,4
46,4,3,320,1,256,256,16,16,16,16,16,16,grouped_conv_forward_bf16_2d_32x64x64_compv4,39.56,5
46,4,3,320,1,256,256,16,16,16,16,16,16,grouped_conv_forward_bf16_2d_16x64x128_compv4,39.01,6
46,4,3,320,1,256,256,16,16,16,16,16,16,grouped_conv_forward_bf16_2d_16x64x128_compv5,38.64,7
46,4,3,320,1,256,256,16,16,16,16,16,16,grouped_conv_forward_bf16_2d_16x64x128_compv3,38.17,8
46,4,3,320,1,256,256,16,16,16,16,16,16,grouped_conv_forward_bf16_2d_32x64x64_compv5,36.16,9
46,4,3,320,1,256,256,16,16,16,16,16,16,grouped_conv_forward_bf16_2d_32x64x128_compv5,35.85,10
46,4,3,320,1,256,256,16,16,16,16,16,16,grouped_conv_forward_bf16_2d_32x64x128_compv4,35.68,11
46,4,3,320,1,256,256,16,16,16,16,16,16,grouped_conv_forward_bf16_2d_32x64x64_compv3,35.63,12
46,4,3,320,1,256,256,16,16,16,16,16,16,grouped_conv_forward_bf16_2d_32x64x128_compv3,35.55,13
46,4,3,320,1,256,256,16,16,16,16,16,16,grouped_conv_forward_bf16_2d_32x128x64_compv5,32.91,14
46,4,3,320,1,256,256,16,16,16,16,16,16,grouped_conv_forward_bf16_2d_32x128x64_compv3,32.65,15
46,4,3,320,1,256,256,16,16,16,16,16,16,grouped_conv_forward_bf16_2d_64x128x64_compv4,31.99,16
46,4,3,320,1,256,256,16,16,16,16,16,16,grouped_conv_forward_bf16_2d_128x128x64_compv4,31.10,17
46,4,3,320,1,256,256,16,16,16,16,16,16,grouped_conv_forward_bf16_2d_64x64x64_compv4,29.60,18
46,4,3,320,1,256,256,16,16,16,16,16,16,grouped_conv_forward_bf16_2d_64x64x64_compv5,28.12,19
46,4,3,320,1,256,256,16,16,16,16,16,16,grouped_conv_forward_bf16_2d_64x64x64_compv3,28.01,20
46,4,3,320,1,256,256,16,16,16,16,16,16,grouped_conv_forward_bf16_2d_64x64x128_compv5,27.71,21
46,4,3,320,1,256,256,16,16,16,16,16,16,grouped_conv_forward_bf16_2d_128x64x128_compv5,27.59,22
46,4,3,320,1,256,256,16,16,16,16,16,16,grouped_conv_forward_bf16_2d_64x64x128_compv3,27.27,23
46,4,3,320,1,256,256,16,16,16,16,16,16,grouped_conv_forward_bf16_2d_128x64x128_compv3,27.16,24
46,4,3,320,1,256,256,16,16,16,16,16,16,grouped_conv_forward_bf16_2d_64x128x64_compv5,27.00,25
46,4,3,320,1,256,256,16,16,16,16,16,16,grouped_conv_forward_bf16_2d_128x64x128_compv4,26.91,26
46,4,3,320,1,256,256,16,16,16,16,16,16,grouped_conv_forward_bf16_2d_64x128x64_compv3,26.66,27
46,4,3,320,1,256,256,16,16,16,16,16,16,grouped_conv_forward_bf16_2d_64x64x128_compv4,26.39,28
46,4,3,320,1,256,256,16,16,16,16,16,16,grouped_conv_forward_bf16_2d_128x128x64_compv5,26.13,29
46,4,3,320,1,256,256,16,16,16,16,16,16,grouped_conv_forward_bf16_2d_128x128x64_compv3,24.81,30
47,1,320,512,1,256,256,1,1,1,1,256,256,grouped_conv_forward_bf16_2d_64x128x64_compv5,218.56,1
47,1,320,512,1,256,256,1,1,1,1,256,256,grouped_conv_forward_bf16_2d_64x128x64_compv3,217.05,2
47,1,320,512,1,256,256,1,1,1,1,256,256,grouped_conv_forward_bf16_2d_128x128x64_compv5,212.70,3
47,1,320,512,1,256,256,1,1,1,1,256,256,grouped_conv_forward_bf16_2d_128x128x64_compv3,207.30,4
47,1,320,512,1,256,256,1,1,1,1,256,256,grouped_conv_forward_bf16_2d_32x128x64_compv3,190.96,5
47,1,320,512,1,256,256,1,1,1,1,256,256,grouped_conv_forward_bf16_2d_32x128x64_compv5,188.27,6
47,1,320,512,1,256,256,1,1,1,1,256,256,grouped_conv_forward_bf16_2d_64x64x128_compv5,183.02,7
47,1,320,512,1,256,256,1,1,1,1,256,256,grouped_conv_forward_bf16_2d_64x64x128_compv3,182.21,8
47,1,320,512,1,256,256,1,1,1,1,256,256,grouped_conv_forward_bf16_2d_128x64x128_compv5,177.80,9
47,1,320,512,1,256,256,1,1,1,1,256,256,grouped_conv_forward_bf16_2d_128x64x128_compv3,176.59,10
47,1,320,512,1,256,256,1,1,1,1,256,256,grouped_conv_forward_bf16_2d_64x64x64_compv3,175.99,11
47,1,320,512,1,256,256,1,1,1,1,256,256,grouped_conv_forward_bf16_2d_64x64x64_compv5,175.22,12
47,1,320,512,1,256,256,1,1,1,1,256,256,grouped_conv_forward_bf16_2d_32x64x128_compv3,174.71,13
47,1,320,512,1,256,256,1,1,1,1,256,256,grouped_conv_forward_bf16_2d_32x64x128_compv5,170.57,14
47,1,320,512,1,256,256,1,1,1,1,256,256,grouped_conv_forward_bf16_2d_32x64x64_compv3,146.93,15
47,1,320,512,1,256,256,1,1,1,1,256,256,grouped_conv_forward_bf16_2d_32x64x64_compv5,143.69,16
47,1,320,512,1,256,256,1,1,1,1,256,256,grouped_conv_forward_bf16_2d_16x64x128_compv5,136.31,17
47,1,320,512,1,256,256,1,1,1,1,256,256,grouped_conv_forward_bf16_2d_16x64x128_compv3,135.40,18
47,1,320,512,1,256,256,1,1,1,1,256,256,grouped_conv_forward_bf16_2d_32x64x64_compv4,122.91,19
47,1,320,512,1,256,256,1,1,1,1,256,256,grouped_conv_forward_bf16_2d_32x64x128_compv4,122.82,20
47,1,320,512,1,256,256,1,1,1,1,256,256,grouped_conv_forward_bf16_2d_32x128x64_compv4,121.73,21
47,1,320,512,1,256,256,1,1,1,1,256,256,grouped_conv_forward_bf16_2d_16x64x64_compv5,118.33,22
47,1,320,512,1,256,256,1,1,1,1,256,256,grouped_conv_forward_bf16_2d_16x64x64_compv3,117.30,23
47,1,320,512,1,256,256,1,1,1,1,256,256,grouped_conv_forward_bf16_2d_16x64x64_compv4,107.60,24
47,1,320,512,1,256,256,1,1,1,1,256,256,grouped_conv_forward_bf16_2d_16x64x128_compv4,107.39,25
47,1,320,512,1,256,256,1,1,1,1,256,256,grouped_conv_forward_bf16_2d_64x64x64_compv4,99.48,26
47,1,320,512,1,256,256,1,1,1,1,256,256,grouped_conv_forward_bf16_2d_64x64x128_compv4,99.38,27
47,1,320,512,1,256,256,1,1,1,1,256,256,grouped_conv_forward_bf16_2d_64x128x64_compv4,99.24,28
47,1,320,512,1,256,256,1,1,1,1,256,256,grouped_conv_forward_bf16_2d_128x64x128_compv4,96.08,29
47,1,320,512,1,256,256,1,1,1,1,256,256,grouped_conv_forward_bf16_2d_128x128x64_compv4,94.98,30
48,4,768,2048,1,7,7,1,1,1,1,7,7,grouped_conv_forward_bf16_2d_16x64x64_compv4,55.14,1
48,4,768,2048,1,7,7,1,1,1,1,7,7,grouped_conv_forward_bf16_2d_32x64x64_compv4,52.90,2
48,4,768,2048,1,7,7,1,1,1,1,7,7,grouped_conv_forward_bf16_2d_16x64x64_compv3,51.27,3
48,4,768,2048,1,7,7,1,1,1,1,7,7,grouped_conv_forward_bf16_2d_16x64x64_compv5,51.19,4
48,4,768,2048,1,7,7,1,1,1,1,7,7,grouped_conv_forward_bf16_2d_32x64x64_compv5,48.33,5
48,4,768,2048,1,7,7,1,1,1,1,7,7,grouped_conv_forward_bf16_2d_32x64x64_compv3,47.42,6
48,4,768,2048,1,7,7,1,1,1,1,7,7,grouped_conv_forward_bf16_2d_32x128x64_compv4,45.59,7
48,4,768,2048,1,7,7,1,1,1,1,7,7,grouped_conv_forward_bf16_2d_32x64x128_compv5,44.73,8
48,4,768,2048,1,7,7,1,1,1,1,7,7,grouped_conv_forward_bf16_2d_32x64x128_compv3,44.43,9
48,4,768,2048,1,7,7,1,1,1,1,7,7,grouped_conv_forward_bf16_2d_64x64x64_compv4,44.39,10
48,4,768,2048,1,7,7,1,1,1,1,7,7,grouped_conv_forward_bf16_2d_64x64x64_compv5,44.17,11
48,4,768,2048,1,7,7,1,1,1,1,7,7,grouped_conv_forward_bf16_2d_64x64x64_compv3,44.00,12
48,4,768,2048,1,7,7,1,1,1,1,7,7,grouped_conv_forward_bf16_2d_16x64x128_compv3,43.80,13
48,4,768,2048,1,7,7,1,1,1,1,7,7,grouped_conv_forward_bf16_2d_16x64x128_compv5,43.68,14
48,4,768,2048,1,7,7,1,1,1,1,7,7,grouped_conv_forward_bf16_2d_32x64x128_compv4,41.61,15
48,4,768,2048,1,7,7,1,1,1,1,7,7,grouped_conv_forward_bf16_2d_16x64x128_compv4,40.10,16
48,4,768,2048,1,7,7,1,1,1,1,7,7,grouped_conv_forward_bf16_2d_128x64x128_compv5,38.24,17
48,4,768,2048,1,7,7,1,1,1,1,7,7,grouped_conv_forward_bf16_2d_128x64x128_compv3,37.93,18
48,4,768,2048,1,7,7,1,1,1,1,7,7,grouped_conv_forward_bf16_2d_64x64x128_compv5,37.89,19
48,4,768,2048,1,7,7,1,1,1,1,7,7,grouped_conv_forward_bf16_2d_64x64x128_compv3,37.61,20
48,4,768,2048,1,7,7,1,1,1,1,7,7,grouped_conv_forward_bf16_2d_32x128x64_compv5,36.26,21
48,4,768,2048,1,7,7,1,1,1,1,7,7,grouped_conv_forward_bf16_2d_32x128x64_compv3,36.06,22
48,4,768,2048,1,7,7,1,1,1,1,7,7,grouped_conv_forward_bf16_2d_128x128x64_compv4,35.72,23
48,4,768,2048,1,7,7,1,1,1,1,7,7,grouped_conv_forward_bf16_2d_128x64x128_compv4,35.55,24
48,4,768,2048,1,7,7,1,1,1,1,7,7,grouped_conv_forward_bf16_2d_64x64x128_compv4,34.00,25
48,4,768,2048,1,7,7,1,1,1,1,7,7,grouped_conv_forward_bf16_2d_64x128x64_compv4,33.77,26
48,4,768,2048,1,7,7,1,1,1,1,7,7,grouped_conv_forward_bf16_2d_64x128x64_compv5,30.57,27
48,4,768,2048,1,7,7,1,1,1,1,7,7,grouped_conv_forward_bf16_2d_64x128x64_compv3,30.39,28
48,4,768,2048,1,7,7,1,1,1,1,7,7,grouped_conv_forward_bf16_2d_128x128x64_compv3,29.56,29
48,4,768,2048,1,7,7,1,1,1,1,7,7,grouped_conv_forward_bf16_2d_128x128x64_compv5,29.54,30
49,4,32,192,1,112,112,4,4,4,4,28,28,grouped_conv_forward_bf16_2d_32x128x64_compv4,72.35,1
49,4,32,192,1,112,112,4,4,4,4,28,28,grouped_conv_forward_bf16_2d_16x64x64_compv4,66.67,2
49,4,32,192,1,112,112,4,4,4,4,28,28,grouped_conv_forward_bf16_2d_32x64x64_compv4,64.61,3
49,4,32,192,1,112,112,4,4,4,4,28,28,grouped_conv_forward_bf16_2d_32x128x64_compv5,63.36,4
49,4,32,192,1,112,112,4,4,4,4,28,28,grouped_conv_forward_bf16_2d_16x64x64_compv5,63.18,5
49,4,32,192,1,112,112,4,4,4,4,28,28,grouped_conv_forward_bf16_2d_32x128x64_compv3,62.91,6
49,4,32,192,1,112,112,4,4,4,4,28,28,grouped_conv_forward_bf16_2d_16x64x64_compv3,62.91,7
49,4,32,192,1,112,112,4,4,4,4,28,28,grouped_conv_forward_bf16_2d_32x64x64_compv5,61.21,8
49,4,32,192,1,112,112,4,4,4,4,28,28,grouped_conv_forward_bf16_2d_32x64x128_compv5,59.97,9
49,4,32,192,1,112,112,4,4,4,4,28,28,grouped_conv_forward_bf16_2d_32x64x64_compv3,59.92,10
49,4,32,192,1,112,112,4,4,4,4,28,28,grouped_conv_forward_bf16_2d_32x64x128_compv3,59.52,11
49,4,32,192,1,112,112,4,4,4,4,28,28,grouped_conv_forward_bf16_2d_64x128x64_compv4,59.40,12
49,4,32,192,1,112,112,4,4,4,4,28,28,grouped_conv_forward_bf16_2d_16x64x128_compv5,57.94,13
49,4,32,192,1,112,112,4,4,4,4,28,28,grouped_conv_forward_bf16_2d_16x64x128_compv3,57.70,14
49,4,32,192,1,112,112,4,4,4,4,28,28,grouped_conv_forward_bf16_2d_128x128x64_compv4,57.46,15
49,4,32,192,1,112,112,4,4,4,4,28,28,grouped_conv_forward_bf16_2d_32x64x128_compv4,56.75,16
49,4,32,192,1,112,112,4,4,4,4,28,28,grouped_conv_forward_bf16_2d_64x128x64_compv5,54.02,17
49,4,32,192,1,112,112,4,4,4,4,28,28,grouped_conv_forward_bf16_2d_64x128x64_compv3,53.85,18
49,4,32,192,1,112,112,4,4,4,4,28,28,grouped_conv_forward_bf16_2d_16x64x128_compv4,53.47,19
49,4,32,192,1,112,112,4,4,4,4,28,28,grouped_conv_forward_bf16_2d_64x64x64_compv5,53.15,20
49,4,32,192,1,112,112,4,4,4,4,28,28,grouped_conv_forward_bf16_2d_64x64x64_compv3,52.90,21
49,4,32,192,1,112,112,4,4,4,4,28,28,grouped_conv_forward_bf16_2d_64x64x64_compv4,52.50,22
49,4,32,192,1,112,112,4,4,4,4,28,28,grouped_conv_forward_bf16_2d_64x64x128_compv5,50.85,23
49,4,32,192,1,112,112,4,4,4,4,28,28,grouped_conv_forward_bf16_2d_64x64x128_compv3,50.42,24
49,4,32,192,1,112,112,4,4,4,4,28,28,grouped_conv_forward_bf16_2d_128x128x64_compv3,47.65,25
49,4,32,192,1,112,112,4,4,4,4,28,28,grouped_conv_forward_bf16_2d_128x128x64_compv5,47.49,26
49,4,32,192,1,112,112,4,4,4,4,28,28,grouped_conv_forward_bf16_2d_128x64x128_compv5,46.14,27
49,4,32,192,1,112,112,4,4,4,4,28,28,grouped_conv_forward_bf16_2d_128x64x128_compv3,46.08,28
49,4,32,192,1,112,112,4,4,4,4,28,28,grouped_conv_forward_bf16_2d_64x64x128_compv4,45.89,29
49,4,32,192,1,112,112,4,4,4,4,28,28,grouped_conv_forward_bf16_2d_128x64x128_compv4,43.75,30
50,4,176,256,1,7,7,1,1,1,1,7,7,grouped_conv_forward_bf16_2d_16x64x128_compv3,3.83,1
50,4,176,256,1,7,7,1,1,1,1,7,7,grouped_conv_forward_bf16_2d_16x64x128_compv5,3.82,2
50,4,176,256,1,7,7,1,1,1,1,7,7,grouped_conv_forward_bf16_2d_16x64x64_compv5,3.77,3
50,4,176,256,1,7,7,1,1,1,1,7,7,grouped_conv_forward_bf16_2d_16x64x64_compv3,3.66,4
50,4,176,256,1,7,7,1,1,1,1,7,7,grouped_conv_forward_bf16_2d_32x64x128_compv5,3.60,5
50,4,176,256,1,7,7,1,1,1,1,7,7,grouped_conv_forward_bf16_2d_32x64x128_compv3,3.57,6
50,4,176,256,1,7,7,1,1,1,1,7,7,grouped_conv_forward_bf16_2d_16x64x64_compv4,3.51,7
50,4,176,256,1,7,7,1,1,1,1,7,7,grouped_conv_forward_bf16_2d_32x64x64_compv5,3.45,8
50,4,176,256,1,7,7,1,1,1,1,7,7,grouped_conv_forward_bf16_2d_16x64x128_compv4,3.42,9
50,4,176,256,1,7,7,1,1,1,1,7,7,grouped_conv_forward_bf16_2d_32x64x64_compv3,3.26,10
50,4,176,256,1,7,7,1,1,1,1,7,7,grouped_conv_forward_bf16_2d_32x64x128_compv4,3.20,11
50,4,176,256,1,7,7,1,1,1,1,7,7,grouped_conv_forward_bf16_2d_32x64x64_compv4,3.19,12
50,4,176,256,1,7,7,1,1,1,1,7,7,grouped_conv_forward_bf16_2d_32x128x64_compv4,3.14,13
50,4,176,256,1,7,7,1,1,1,1,7,7,grouped_conv_forward_bf16_2d_64x64x128_compv5,3.05,14
50,4,176,256,1,7,7,1,1,1,1,7,7,grouped_conv_forward_bf16_2d_64x64x128_compv3,2.97,15
50,4,176,256,1,7,7,1,1,1,1,7,7,grouped_conv_forward_bf16_2d_32x128x64_compv5,2.94,16
50,4,176,256,1,7,7,1,1,1,1,7,7,grouped_conv_forward_bf16_2d_32x128x64_compv3,2.88,17
50,4,176,256,1,7,7,1,1,1,1,7,7,grouped_conv_forward_bf16_2d_128x64x128_compv5,2.83,18
50,4,176,256,1,7,7,1,1,1,1,7,7,grouped_conv_forward_bf16_2d_128x64x128_compv3,2.80,19
50,4,176,256,1,7,7,1,1,1,1,7,7,grouped_conv_forward_bf16_2d_64x64x64_compv5,2.79,20
50,4,176,256,1,7,7,1,1,1,1,7,7,grouped_conv_forward_bf16_2d_64x64x64_compv3,2.73,21
50,4,176,256,1,7,7,1,1,1,1,7,7,grouped_conv_forward_bf16_2d_128x64x128_compv4,2.59,22
50,4,176,256,1,7,7,1,1,1,1,7,7,grouped_conv_forward_bf16_2d_128x128x64_compv4,2.59,23
50,4,176,256,1,7,7,1,1,1,1,7,7,grouped_conv_forward_bf16_2d_64x64x64_compv4,2.53,24
50,4,176,256,1,7,7,1,1,1,1,7,7,grouped_conv_forward_bf16_2d_64x128x64_compv5,2.50,25
50,4,176,256,1,7,7,1,1,1,1,7,7,grouped_conv_forward_bf16_2d_64x64x128_compv4,2.49,26
50,4,176,256,1,7,7,1,1,1,1,7,7,grouped_conv_forward_bf16_2d_64x128x64_compv3,2.44,27
50,4,176,256,1,7,7,1,1,1,1,7,7,grouped_conv_forward_bf16_2d_64x128x64_compv4,2.43,28
50,4,176,256,1,7,7,1,1,1,1,7,7,grouped_conv_forward_bf16_2d_128x128x64_compv5,2.32,29
50,4,176,256,1,7,7,1,1,1,1,7,7,grouped_conv_forward_bf16_2d_128x128x64_compv3,2.30,30
51,1,144,96,1,7,7,1,1,1,1,7,7,grouped_conv_forward_bf16_2d_32x64x128_compv5,0.28,1
51,1,144,96,1,7,7,1,1,1,1,7,7,grouped_conv_forward_bf16_2d_32x64x128_compv3,0.27,2
51,1,144,96,1,7,7,1,1,1,1,7,7,grouped_conv_forward_bf16_2d_16x64x64_compv3,0.26,3
51,1,144,96,1,7,7,1,1,1,1,7,7,grouped_conv_forward_bf16_2d_16x64x64_compv5,0.26,4
51,1,144,96,1,7,7,1,1,1,1,7,7,grouped_conv_forward_bf16_2d_16x64x128_compv4,0.26,5
51,1,144,96,1,7,7,1,1,1,1,7,7,grouped_conv_forward_bf16_2d_16x64x128_compv3,0.25,6
51,1,144,96,1,7,7,1,1,1,1,7,7,grouped_conv_forward_bf16_2d_16x64x128_compv5,0.25,7
51,1,144,96,1,7,7,1,1,1,1,7,7,grouped_conv_forward_bf16_2d_16x64x64_compv4,0.24,8
51,1,144,96,1,7,7,1,1,1,1,7,7,grouped_conv_forward_bf16_2d_32x128x64_compv4,0.23,9
51,1,144,96,1,7,7,1,1,1,1,7,7,grouped_conv_forward_bf16_2d_32x64x64_compv5,0.23,10
51,1,144,96,1,7,7,1,1,1,1,7,7,grouped_conv_forward_bf16_2d_64x64x128_compv5,0.23,11
51,1,144,96,1,7,7,1,1,1,1,7,7,grouped_conv_forward_bf16_2d_32x128x64_compv5,0.23,12
51,1,144,96,1,7,7,1,1,1,1,7,7,grouped_conv_forward_bf16_2d_32x64x128_compv4,0.22,13
51,1,144,96,1,7,7,1,1,1,1,7,7,grouped_conv_forward_bf16_2d_64x64x128_compv3,0.22,14
51,1,144,96,1,7,7,1,1,1,1,7,7,grouped_conv_forward_bf16_2d_32x64x64_compv3,0.21,15
51,1,144,96,1,7,7,1,1,1,1,7,7,grouped_conv_forward_bf16_2d_32x128x64_compv3,0.21,16
51,1,144,96,1,7,7,1,1,1,1,7,7,grouped_conv_forward_bf16_2d_32x64x64_compv4,0.21,17
51,1,144,96,1,7,7,1,1,1,1,7,7,grouped_conv_forward_bf16_2d_128x64x128_compv3,0.20,18
51,1,144,96,1,7,7,1,1,1,1,7,7,grouped_conv_forward_bf16_2d_128x64x128_compv5,0.20,19
51,1,144,96,1,7,7,1,1,1,1,7,7,grouped_conv_forward_bf16_2d_64x128x64_compv5,0.19,20
51,1,144,96,1,7,7,1,1,1,1,7,7,grouped_conv_forward_bf16_2d_64x64x64_compv5,0.18,21
51,1,144,96,1,7,7,1,1,1,1,7,7,grouped_conv_forward_bf16_2d_64x128x64_compv3,0.18,22
51,1,144,96,1,7,7,1,1,1,1,7,7,grouped_conv_forward_bf16_2d_128x64x128_compv4,0.18,23
51,1,144,96,1,7,7,1,1,1,1,7,7,grouped_conv_forward_bf16_2d_128x128x64_compv4,0.18,24
51,1,144,96,1,7,7,1,1,1,1,7,7,grouped_conv_forward_bf16_2d_64x64x128_compv4,0.18,25
51,1,144,96,1,7,7,1,1,1,1,7,7,grouped_conv_forward_bf16_2d_64x64x64_compv3,0.18,26
51,1,144,96,1,7,7,1,1,1,1,7,7,grouped_conv_forward_bf16_2d_64x128x64_compv4,0.17,27
51,1,144,96,1,7,7,1,1,1,1,7,7,grouped_conv_forward_bf16_2d_128x128x64_compv5,0.16,28
51,1,144,96,1,7,7,1,1,1,1,7,7,grouped_conv_forward_bf16_2d_128x128x64_compv3,0.16,29
51,1,144,96,1,7,7,1,1,1,1,7,7,grouped_conv_forward_bf16_2d_64x64x64_compv4,0.13,30
52,4,320,512,1,28,28,1,1,1,1,28,28,grouped_conv_forward_bf16_2d_128x64x128_compv3,101.91,1
52,4,320,512,1,28,28,1,1,1,1,28,28,grouped_conv_forward_bf16_2d_128x64x128_compv5,100.80,2
52,4,320,512,1,28,28,1,1,1,1,28,28,grouped_conv_forward_bf16_2d_64x64x128_compv5,93.08,3
52,4,320,512,1,28,28,1,1,1,1,28,28,grouped_conv_forward_bf16_2d_64x64x128_compv3,92.94,4
52,4,320,512,1,28,28,1,1,1,1,28,28,grouped_conv_forward_bf16_2d_32x128x64_compv5,89.53,5
52,4,320,512,1,28,28,1,1,1,1,28,28,grouped_conv_forward_bf16_2d_32x128x64_compv3,89.48,6
52,4,320,512,1,28,28,1,1,1,1,28,28,grouped_conv_forward_bf16_2d_64x128x64_compv5,87.20,7
52,4,320,512,1,28,28,1,1,1,1,28,28,grouped_conv_forward_bf16_2d_64x128x64_compv3,87.17,8
52,4,320,512,1,28,28,1,1,1,1,28,28,grouped_conv_forward_bf16_2d_32x64x128_compv3,85.24,9
52,4,320,512,1,28,28,1,1,1,1,28,28,grouped_conv_forward_bf16_2d_32x64x128_compv5,85.03,10
52,4,320,512,1,28,28,1,1,1,1,28,28,grouped_conv_forward_bf16_2d_16x64x128_compv3,80.93,11
52,4,320,512,1,28,28,1,1,1,1,28,28,grouped_conv_forward_bf16_2d_16x64x128_compv5,80.81,12
52,4,320,512,1,28,28,1,1,1,1,28,28,grouped_conv_forward_bf16_2d_64x64x64_compv5,77.44,13
52,4,320,512,1,28,28,1,1,1,1,28,28,grouped_conv_forward_bf16_2d_128x128x64_compv5,77.43,14
52,4,320,512,1,28,28,1,1,1,1,28,28,grouped_conv_forward_bf16_2d_64x64x64_compv3,77.30,15
52,4,320,512,1,28,28,1,1,1,1,28,28,grouped_conv_forward_bf16_2d_128x128x64_compv3,77.26,16
52,4,320,512,1,28,28,1,1,1,1,28,28,grouped_conv_forward_bf16_2d_32x64x64_compv5,76.18,17
52,4,320,512,1,28,28,1,1,1,1,28,28,grouped_conv_forward_bf16_2d_32x64x64_compv3,74.97,18
52,4,320,512,1,28,28,1,1,1,1,28,28,grouped_conv_forward_bf16_2d_32x64x64_compv4,74.50,19
52,4,320,512,1,28,28,1,1,1,1,28,28,grouped_conv_forward_bf16_2d_32x128x64_compv4,74.29,20
52,4,320,512,1,28,28,1,1,1,1,28,28,grouped_conv_forward_bf16_2d_32x64x128_compv4,73.82,21
52,4,320,512,1,28,28,1,1,1,1,28,28,grouped_conv_forward_bf16_2d_16x64x64_compv4,73.78,22
52,4,320,512,1,28,28,1,1,1,1,28,28,grouped_conv_forward_bf16_2d_16x64x64_compv5,71.68,23
52,4,320,512,1,28,28,1,1,1,1,28,28,grouped_conv_forward_bf16_2d_16x64x64_compv3,71.58,24
52,4,320,512,1,28,28,1,1,1,1,28,28,grouped_conv_forward_bf16_2d_16x64x128_compv4,70.67,25
52,4,320,512,1,28,28,1,1,1,1,28,28,grouped_conv_forward_bf16_2d_64x64x64_compv4,66.37,26
52,4,320,512,1,28,28,1,1,1,1,28,28,grouped_conv_forward_bf16_2d_64x128x64_compv4,62.82,27
52,4,320,512,1,28,28,1,1,1,1,28,28,grouped_conv_forward_bf16_2d_128x64x128_compv4,62.74,28
52,4,320,512,1,28,28,1,1,1,1,28,28,grouped_conv_forward_bf16_2d_64x64x128_compv4,62.19,29
52,4,320,512,1,28,28,1,1,1,1,28,28,grouped_conv_forward_bf16_2d_128x128x64_compv4,61.71,30
53,4,64,256,1,256,256,3,3,1,1,256,256,grouped_conv_forward_bf16_2d_128x128x64_compv5,307.15,1
53,4,64,256,1,256,256,3,3,1,1,256,256,grouped_conv_forward_bf16_2d_128x128x64_compv3,301.18,2
53,4,64,256,1,256,256,3,3,1,1,256,256,grouped_conv_forward_bf16_2d_64x128x64_compv3,281.24,3
53,4,64,256,1,256,256,3,3,1,1,256,256,grouped_conv_forward_bf16_2d_64x128x64_compv5,260.48,4
53,4,64,256,1,256,256,3,3,1,1,256,256,grouped_conv_forward_bf16_2d_32x128x64_compv5,235.38,5
53,4,64,256,1,256,256,3,3,1,1,256,256,grouped_conv_forward_bf16_2d_32x128x64_compv3,232.22,6
53,4,64,256,1,256,256,3,3,1,1,256,256,grouped_conv_forward_bf16_2d_64x64x64_compv3,212.21,7
53,4,64,256,1,256,256,3,3,1,1,256,256,grouped_conv_forward_bf16_2d_128x64x128_compv3,212.13,8
53,4,64,256,1,256,256,3,3,1,1,256,256,grouped_conv_forward_bf16_2d_128x64x128_compv5,211.33,9
53,4,64,256,1,256,256,3,3,1,1,256,256,grouped_conv_forward_bf16_2d_64x64x128_compv3,208.03,10
53,4,64,256,1,256,256,3,3,1,1,256,256,grouped_conv_forward_bf16_2d_64x64x64_compv5,201.80,11
53,4,64,256,1,256,256,3,3,1,1,256,256,grouped_conv_forward_bf16_2d_64x64x128_compv5,198.36,12
53,4,64,256,1,256,256,3,3,1,1,256,256,grouped_conv_forward_bf16_2d_32x64x128_compv5,187.50,13
53,4,64,256,1,256,256,3,3,1,1,256,256,grouped_conv_forward_bf16_2d_32x64x128_compv3,187.04,14
53,4,64,256,1,256,256,3,3,1,1,256,256,grouped_conv_forward_bf16_2d_32x64x64_compv5,164.52,15
53,4,64,256,1,256,256,3,3,1,1,256,256,grouped_conv_forward_bf16_2d_32x64x64_compv3,150.23,16
53,4,64,256,1,256,256,3,3,1,1,256,256,grouped_conv_forward_bf16_2d_16x64x128_compv5,138.38,17
53,4,64,256,1,256,256,3,3,1,1,256,256,grouped_conv_forward_bf16_2d_32x128x64_compv4,137.35,18
53,4,64,256,1,256,256,3,3,1,1,256,256,grouped_conv_forward_bf16_2d_16x64x128_compv3,137.35,19
53,4,64,256,1,256,256,3,3,1,1,256,256,grouped_conv_forward_bf16_2d_32x64x128_compv4,136.66,20
53,4,64,256,1,256,256,3,3,1,1,256,256,grouped_conv_forward_bf16_2d_32x64x64_compv4,133.24,21
53,4,64,256,1,256,256,3,3,1,1,256,256,grouped_conv_forward_bf16_2d_16x64x64_compv5,131.00,22
53,4,64,256,1,256,256,3,3,1,1,256,256,grouped_conv_forward_bf16_2d_16x64x64_compv3,128.78,23
53,4,64,256,1,256,256,3,3,1,1,256,256,grouped_conv_forward_bf16_2d_16x64x64_compv4,115.06,24
53,4,64,256,1,256,256,3,3,1,1,256,256,grouped_conv_forward_bf16_2d_16x64x128_compv4,114.31,25
53,4,64,256,1,256,256,3,3,1,1,256,256,grouped_conv_forward_bf16_2d_128x128x64_compv4,113.10,26
53,4,64,256,1,256,256,3,3,1,1,256,256,grouped_conv_forward_bf16_2d_64x64x128_compv4,112.47,27
53,4,64,256,1,256,256,3,3,1,1,256,256,grouped_conv_forward_bf16_2d_64x128x64_compv4,111.94,28
53,4,64,256,1,256,256,3,3,1,1,256,256,grouped_conv_forward_bf16_2d_64x64x64_compv4,110.97,29
53,4,64,256,1,256,256,3,3,1,1,256,256,grouped_conv_forward_bf16_2d_128x64x128_compv4,110.84,30
54,1,608,192,1,128,128,1,1,1,1,128,128,grouped_conv_forward_bf16_2d_128x128x64_compv5,195.30,1
54,1,608,192,1,128,128,1,1,1,1,128,128,grouped_conv_forward_bf16_2d_128x128x64_compv3,193.33,2
54,1,608,192,1,128,128,1,1,1,1,128,128,grouped_conv_forward_bf16_2d_64x128x64_compv5,181.39,3
54,1,608,192,1,128,128,1,1,1,1,128,128,grouped_conv_forward_bf16_2d_64x128x64_compv3,180.34,4
54,1,608,192,1,128,128,1,1,1,1,128,128,grouped_conv_forward_bf16_2d_128x64x128_compv5,176.15,5
54,1,608,192,1,128,128,1,1,1,1,128,128,grouped_conv_forward_bf16_2d_128x64x128_compv3,171.74,6
54,1,608,192,1,128,128,1,1,1,1,128,128,grouped_conv_forward_bf16_2d_64x64x128_compv5,158.94,7
54,1,608,192,1,128,128,1,1,1,1,128,128,grouped_conv_forward_bf16_2d_64x64x128_compv3,157.17,8
54,1,608,192,1,128,128,1,1,1,1,128,128,grouped_conv_forward_bf16_2d_32x128x64_compv5,155.35,9
54,1,608,192,1,128,128,1,1,1,1,128,128,grouped_conv_forward_bf16_2d_32x128x64_compv3,154.72,10
54,1,608,192,1,128,128,1,1,1,1,128,128,grouped_conv_forward_bf16_2d_64x64x64_compv3,152.15,11
54,1,608,192,1,128,128,1,1,1,1,128,128,grouped_conv_forward_bf16_2d_64x64x64_compv5,152.02,12
54,1,608,192,1,128,128,1,1,1,1,128,128,grouped_conv_forward_bf16_2d_32x64x128_compv5,151.86,13
54,1,608,192,1,128,128,1,1,1,1,128,128,grouped_conv_forward_bf16_2d_32x64x128_compv3,150.74,14
54,1,608,192,1,128,128,1,1,1,1,128,128,grouped_conv_forward_bf16_2d_32x64x64_compv5,128.45,15
54,1,608,192,1,128,128,1,1,1,1,128,128,grouped_conv_forward_bf16_2d_32x64x64_compv3,127.89,16
54,1,608,192,1,128,128,1,1,1,1,128,128,grouped_conv_forward_bf16_2d_16x64x128_compv5,120.26,17
54,1,608,192,1,128,128,1,1,1,1,128,128,grouped_conv_forward_bf16_2d_32x64x64_compv4,119.97,18
54,1,608,192,1,128,128,1,1,1,1,128,128,grouped_conv_forward_bf16_2d_16x64x128_compv3,119.64,19
54,1,608,192,1,128,128,1,1,1,1,128,128,grouped_conv_forward_bf16_2d_32x128x64_compv4,116.90,20
54,1,608,192,1,128,128,1,1,1,1,128,128,grouped_conv_forward_bf16_2d_32x64x128_compv4,113.58,21
54,1,608,192,1,128,128,1,1,1,1,128,128,grouped_conv_forward_bf16_2d_16x64x64_compv5,109.97,22
54,1,608,192,1,128,128,1,1,1,1,128,128,grouped_conv_forward_bf16_2d_16x64x64_compv3,109.84,23
54,1,608,192,1,128,128,1,1,1,1,128,128,grouped_conv_forward_bf16_2d_16x64x64_compv4,102.76,24
54,1,608,192,1,128,128,1,1,1,1,128,128,grouped_conv_forward_bf16_2d_16x64x128_compv4,96.53,25
54,1,608,192,1,128,128,1,1,1,1,128,128,grouped_conv_forward_bf16_2d_128x64x128_compv4,96.01,26
54,1,608,192,1,128,128,1,1,1,1,128,128,grouped_conv_forward_bf16_2d_64x64x128_compv4,92.53,27
54,1,608,192,1,128,128,1,1,1,1,128,128,grouped_conv_forward_bf16_2d_64x64x64_compv4,91.43,28
54,1,608,192,1,128,128,1,1,1,1,128,128,grouped_conv_forward_bf16_2d_128x128x64_compv4,89.92,29
54,1,608,192,1,128,128,1,1,1,1,128,128,grouped_conv_forward_bf16_2d_64x128x64_compv4,89.74,30
55,1,224,112,1,128,128,1,1,1,1,128,128,grouped_conv_forward_bf16_2d_128x128x64_compv5,86.58,1
55,1,224,112,1,128,128,1,1,1,1,128,128,grouped_conv_forward_bf16_2d_64x64x64_compv5,86.30,2
55,1,224,112,1,128,128,1,1,1,1,128,128,grouped_conv_forward_bf16_2d_128x128x64_compv3,85.97,3
55,1,224,112,1,128,128,1,1,1,1,128,128,grouped_conv_forward_bf16_2d_32x128x64_compv5,84.94,4
55,1,224,112,1,128,128,1,1,1,1,128,128,grouped_conv_forward_bf16_2d_64x64x64_compv3,84.68,5
55,1,224,112,1,128,128,1,1,1,1,128,128,grouped_conv_forward_bf16_2d_32x128x64_compv3,83.24,6
55,1,224,112,1,128,128,1,1,1,1,128,128,grouped_conv_forward_bf16_2d_64x128x64_compv5,82.94,7
55,1,224,112,1,128,128,1,1,1,1,128,128,grouped_conv_forward_bf16_2d_32x64x64_compv5,82.19,8
55,1,224,112,1,128,128,1,1,1,1,128,128,grouped_conv_forward_bf16_2d_32x64x128_compv5,81.79,9
55,1,224,112,1,128,128,1,1,1,1,128,128,grouped_conv_forward_bf16_2d_64x128x64_compv3,81.56,10
55,1,224,112,1,128,128,1,1,1,1,128,128,grouped_conv_forward_bf16_2d_32x64x64_compv3,80.53,11
55,1,224,112,1,128,128,1,1,1,1,128,128,grouped_conv_forward_bf16_2d_128x64x128_compv5,80.08,12
55,1,224,112,1,128,128,1,1,1,1,128,128,grouped_conv_forward_bf16_2d_128x64x128_compv3,79.77,13
55,1,224,112,1,128,128,1,1,1,1,128,128,grouped_conv_forward_bf16_2d_32x64x128_compv3,79.77,14
55,1,224,112,1,128,128,1,1,1,1,128,128,grouped_conv_forward_bf16_2d_64x64x128_compv5,79.73,15
55,1,224,112,1,128,128,1,1,1,1,128,128,grouped_conv_forward_bf16_2d_64x64x128_compv3,78.17,16
55,1,224,112,1,128,128,1,1,1,1,128,128,grouped_conv_forward_bf16_2d_32x64x64_compv4,77.67,17
55,1,224,112,1,128,128,1,1,1,1,128,128,grouped_conv_forward_bf16_2d_32x128x64_compv4,76.36,18
55,1,224,112,1,128,128,1,1,1,1,128,128,grouped_conv_forward_bf16_2d_32x64x128_compv4,73.05,19
55,1,224,112,1,128,128,1,1,1,1,128,128,grouped_conv_forward_bf16_2d_16x64x128_compv5,72.78,20
55,1,224,112,1,128,128,1,1,1,1,128,128,grouped_conv_forward_bf16_2d_16x64x64_compv4,72.53,21
55,1,224,112,1,128,128,1,1,1,1,128,128,grouped_conv_forward_bf16_2d_16x64x64_compv5,72.47,22
55,1,224,112,1,128,128,1,1,1,1,128,128,grouped_conv_forward_bf16_2d_16x64x64_compv3,71.92,23
55,1,224,112,1,128,128,1,1,1,1,128,128,grouped_conv_forward_bf16_2d_16x64x128_compv3,71.92,24
55,1,224,112,1,128,128,1,1,1,1,128,128,grouped_conv_forward_bf16_2d_128x128x64_compv4,68.04,25
55,1,224,112,1,128,128,1,1,1,1,128,128,grouped_conv_forward_bf16_2d_64x128x64_compv4,67.65,26
55,1,224,112,1,128,128,1,1,1,1,128,128,grouped_conv_forward_bf16_2d_64x64x64_compv4,67.44,27
55,1,224,112,1,128,128,1,1,1,1,128,128,grouped_conv_forward_bf16_2d_128x64x128_compv4,66.83,28
55,1,224,112,1,128,128,1,1,1,1,128,128,grouped_conv_forward_bf16_2d_16x64x128_compv4,66.82,29
55,1,224,112,1,128,128,1,1,1,1,128,128,grouped_conv_forward_bf16_2d_64x64x128_compv4,65.97,30
56,1,1056,248,1,14,14,1,1,1,1,14,14,grouped_conv_forward_bf16_2d_16x64x64_compv4,9.72,1
56,1,1056,248,1,14,14,1,1,1,1,14,14,grouped_conv_forward_bf16_2d_16x64x128_compv5,9.05,2
56,1,1056,248,1,14,14,1,1,1,1,14,14,grouped_conv_forward_bf16_2d_16x64x128_compv3,8.97,3
56,1,1056,248,1,14,14,1,1,1,1,14,14,grouped_conv_forward_bf16_2d_16x64x128_compv4,8.80,4
56,1,1056,248,1,14,14,1,1,1,1,14,14,grouped_conv_forward_bf16_2d_16x64x64_compv5,8.02,5
56,1,1056,248,1,14,14,1,1,1,1,14,14,grouped_conv_forward_bf16_2d_16x64x64_compv3,8.00,6
56,1,1056,248,1,14,14,1,1,1,1,14,14,grouped_conv_forward_bf16_2d_32x64x64_compv4,7.41,7
56,1,1056,248,1,14,14,1,1,1,1,14,14,grouped_conv_forward_bf16_2d_32x64x128_compv5,7.25,8
56,1,1056,248,1,14,14,1,1,1,1,14,14,grouped_conv_forward_bf16_2d_32x64x128_compv3,7.17,9
56,1,1056,248,1,14,14,1,1,1,1,14,14,grouped_conv_forward_bf16_2d_32x128x64_compv4,6.84,10
56,1,1056,248,1,14,14,1,1,1,1,14,14,grouped_conv_forward_bf16_2d_32x64x128_compv4,6.63,11
56,1,1056,248,1,14,14,1,1,1,1,14,14,grouped_conv_forward_bf16_2d_32x64x64_compv5,6.25,12
56,1,1056,248,1,14,14,1,1,1,1,14,14,grouped_conv_forward_bf16_2d_32x64x64_compv3,6.12,13
56,1,1056,248,1,14,14,1,1,1,1,14,14,grouped_conv_forward_bf16_2d_64x64x128_compv5,5.27,14
56,1,1056,248,1,14,14,1,1,1,1,14,14,grouped_conv_forward_bf16_2d_64x64x128_compv3,5.22,15
56,1,1056,248,1,14,14,1,1,1,1,14,14,grouped_conv_forward_bf16_2d_128x64x128_compv5,5.19,16
56,1,1056,248,1,14,14,1,1,1,1,14,14,grouped_conv_forward_bf16_2d_128x64x128_compv3,5.19,17
56,1,1056,248,1,14,14,1,1,1,1,14,14,grouped_conv_forward_bf16_2d_64x64x64_compv4,4.92,18
56,1,1056,248,1,14,14,1,1,1,1,14,14,grouped_conv_forward_bf16_2d_64x64x64_compv5,4.90,19
56,1,1056,248,1,14,14,1,1,1,1,14,14,grouped_conv_forward_bf16_2d_64x64x64_compv3,4.86,20
56,1,1056,248,1,14,14,1,1,1,1,14,14,grouped_conv_forward_bf16_2d_32x128x64_compv5,4.59,21
56,1,1056,248,1,14,14,1,1,1,1,14,14,grouped_conv_forward_bf16_2d_64x128x64_compv4,4.59,22
56,1,1056,248,1,14,14,1,1,1,1,14,14,grouped_conv_forward_bf16_2d_32x128x64_compv3,4.56,23
56,1,1056,248,1,14,14,1,1,1,1,14,14,grouped_conv_forward_bf16_2d_128x128x64_compv4,4.51,24
56,1,1056,248,1,14,14,1,1,1,1,14,14,grouped_conv_forward_bf16_2d_64x64x128_compv4,4.47,25
56,1,1056,248,1,14,14,1,1,1,1,14,14,grouped_conv_forward_bf16_2d_128x64x128_compv4,4.35,26
56,1,1056,248,1,14,14,1,1,1,1,14,14,grouped_conv_forward_bf16_2d_64x128x64_compv5,4.01,27
56,1,1056,248,1,14,14,1,1,1,1,14,14,grouped_conv_forward_bf16_2d_64x128x64_compv3,3.99,28
56,1,1056,248,1,14,14,1,1,1,1,14,14,grouped_conv_forward_bf16_2d_128x128x64_compv5,3.85,29
56,1,1056,248,1,14,14,1,1,1,1,14,14,grouped_conv_forward_bf16_2d_128x128x64_compv3,3.82,30
57,1,2432,960,1,128,128,1,1,1,1,128,128,grouped_conv_forward_bf16_2d_128x128x64_compv3,311.71,1
57,1,2432,960,1,128,128,1,1,1,1,128,128,grouped_conv_forward_bf16_2d_128x128x64_compv5,306.50,2
57,1,2432,960,1,128,128,1,1,1,1,128,128,grouped_conv_forward_bf16_2d_64x128x64_compv3,290.47,3
57,1,2432,960,1,128,128,1,1,1,1,128,128,grouped_conv_forward_bf16_2d_64x128x64_compv5,289.10,4
57,1,2432,960,1,128,128,1,1,1,1,128,128,grouped_conv_forward_bf16_2d_128x64x128_compv3,267.28,5
57,1,2432,960,1,128,128,1,1,1,1,128,128,grouped_conv_forward_bf16_2d_128x64x128_compv5,265.25,6
57,1,2432,960,1,128,128,1,1,1,1,128,128,grouped_conv_forward_bf16_2d_64x64x128_compv5,251.96,7
57,1,2432,960,1,128,128,1,1,1,1,128,128,grouped_conv_forward_bf16_2d_64x64x128_compv3,250.59,8
57,1,2432,960,1,128,128,1,1,1,1,128,128,grouped_conv_forward_bf16_2d_32x128x64_compv3,236.91,9
57,1,2432,960,1,128,128,1,1,1,1,128,128,grouped_conv_forward_bf16_2d_32x128x64_compv5,235.91,10
57,1,2432,960,1,128,128,1,1,1,1,128,128,grouped_conv_forward_bf16_2d_64x64x64_compv5,232.13,11
57,1,2432,960,1,128,128,1,1,1,1,128,128,grouped_conv_forward_bf16_2d_64x64x64_compv3,230.59,12
57,1,2432,960,1,128,128,1,1,1,1,128,128,grouped_conv_forward_bf16_2d_32x64x128_compv3,224.79,13
57,1,2432,960,1,128,128,1,1,1,1,128,128,grouped_conv_forward_bf16_2d_32x64x128_compv5,224.16,14
57,1,2432,960,1,128,128,1,1,1,1,128,128,grouped_conv_forward_bf16_2d_32x64x64_compv5,189.86,15
57,1,2432,960,1,128,128,1,1,1,1,128,128,grouped_conv_forward_bf16_2d_32x64x64_compv3,189.16,16
57,1,2432,960,1,128,128,1,1,1,1,128,128,grouped_conv_forward_bf16_2d_32x128x64_compv4,172.04,17
57,1,2432,960,1,128,128,1,1,1,1,128,128,grouped_conv_forward_bf16_2d_32x64x64_compv4,169.06,18
57,1,2432,960,1,128,128,1,1,1,1,128,128,grouped_conv_forward_bf16_2d_16x64x128_compv5,165.98,19
57,1,2432,960,1,128,128,1,1,1,1,128,128,grouped_conv_forward_bf16_2d_32x64x128_compv4,165.60,20
57,1,2432,960,1,128,128,1,1,1,1,128,128,grouped_conv_forward_bf16_2d_16x64x128_compv3,165.46,21
57,1,2432,960,1,128,128,1,1,1,1,128,128,grouped_conv_forward_bf16_2d_16x64x64_compv3,148.20,22
57,1,2432,960,1,128,128,1,1,1,1,128,128,grouped_conv_forward_bf16_2d_16x64x64_compv5,147.98,23
57,1,2432,960,1,128,128,1,1,1,1,128,128,grouped_conv_forward_bf16_2d_16x64x64_compv4,141.86,24
57,1,2432,960,1,128,128,1,1,1,1,128,128,grouped_conv_forward_bf16_2d_16x64x128_compv4,139.28,25
57,1,2432,960,1,128,128,1,1,1,1,128,128,grouped_conv_forward_bf16_2d_128x128x64_compv4,133.07,26
57,1,2432,960,1,128,128,1,1,1,1,128,128,grouped_conv_forward_bf16_2d_128x64x128_compv4,131.01,27
57,1,2432,960,1,128,128,1,1,1,1,128,128,grouped_conv_forward_bf16_2d_64x64x64_compv4,130.04,28
57,1,2432,960,1,128,128,1,1,1,1,128,128,grouped_conv_forward_bf16_2d_64x128x64_compv4,129.37,29
57,1,2432,960,1,128,128,1,1,1,1,128,128,grouped_conv_forward_bf16_2d_64x64x128_compv4,127.39,30
58,1,1792,640,1,14,14,1,1,1,1,14,14,grouped_conv_forward_bf16_2d_16x64x64_compv4,35.62,1
58,1,1792,640,1,14,14,1,1,1,1,14,14,grouped_conv_forward_bf16_2d_16x64x128_compv4,28.85,2
58,1,1792,640,1,14,14,1,1,1,1,14,14,grouped_conv_forward_bf16_2d_16x64x64_compv5,28.42,3
58,1,1792,640,1,14,14,1,1,1,1,14,14,grouped_conv_forward_bf16_2d_16x64x128_compv5,28.41,4
58,1,1792,640,1,14,14,1,1,1,1,14,14,grouped_conv_forward_bf16_2d_16x64x64_compv3,28.38,5
58,1,1792,640,1,14,14,1,1,1,1,14,14,grouped_conv_forward_bf16_2d_16x64x128_compv3,28.37,6
58,1,1792,640,1,14,14,1,1,1,1,14,14,grouped_conv_forward_bf16_2d_32x64x64_compv4,26.37,7
58,1,1792,640,1,14,14,1,1,1,1,14,14,grouped_conv_forward_bf16_2d_32x128x64_compv4,25.84,8
58,1,1792,640,1,14,14,1,1,1,1,14,14,grouped_conv_forward_bf16_2d_32x64x128_compv3,23.88,9
58,1,1792,640,1,14,14,1,1,1,1,14,14,grouped_conv_forward_bf16_2d_32x64x128_compv5,23.86,10
58,1,1792,640,1,14,14,1,1,1,1,14,14,grouped_conv_forward_bf16_2d_32x64x128_compv4,22.76,11
58,1,1792,640,1,14,14,1,1,1,1,14,14,grouped_conv_forward_bf16_2d_32x64x64_compv5,21.56,12
58,1,1792,640,1,14,14,1,1,1,1,14,14,grouped_conv_forward_bf16_2d_32x64x64_compv3,21.31,13
58,1,1792,640,1,14,14,1,1,1,1,14,14,grouped_conv_forward_bf16_2d_128x64x128_compv5,18.69,14
58,1,1792,640,1,14,14,1,1,1,1,14,14,grouped_conv_forward_bf16_2d_128x64x128_compv3,18.66,15
58,1,1792,640,1,14,14,1,1,1,1,14,14,grouped_conv_forward_bf16_2d_64x64x64_compv4,18.58,16
58,1,1792,640,1,14,14,1,1,1,1,14,14,grouped_conv_forward_bf16_2d_64x64x128_compv5,18.35,17
58,1,1792,640,1,14,14,1,1,1,1,14,14,grouped_conv_forward_bf16_2d_64x64x128_compv3,18.25,18
58,1,1792,640,1,14,14,1,1,1,1,14,14,grouped_conv_forward_bf16_2d_64x64x64_compv5,17.61,19
58,1,1792,640,1,14,14,1,1,1,1,14,14,grouped_conv_forward_bf16_2d_64x64x64_compv3,17.58,20
58,1,1792,640,1,14,14,1,1,1,1,14,14,grouped_conv_forward_bf16_2d_128x128x64_compv4,16.06,21
58,1,1792,640,1,14,14,1,1,1,1,14,14,grouped_conv_forward_bf16_2d_64x128x64_compv4,15.73,22
58,1,1792,640,1,14,14,1,1,1,1,14,14,grouped_conv_forward_bf16_2d_128x64x128_compv4,15.59,23
58,1,1792,640,1,14,14,1,1,1,1,14,14,grouped_conv_forward_bf16_2d_64x64x128_compv4,15.55,24
58,1,1792,640,1,14,14,1,1,1,1,14,14,grouped_conv_forward_bf16_2d_32x128x64_compv5,15.40,25
58,1,1792,640,1,14,14,1,1,1,1,14,14,grouped_conv_forward_bf16_2d_32x128x64_compv3,15.35,26
58,1,1792,640,1,14,14,1,1,1,1,14,14,grouped_conv_forward_bf16_2d_128x128x64_compv5,13.24,27
58,1,1792,640,1,14,14,1,1,1,1,14,14,grouped_conv_forward_bf16_2d_128x128x64_compv3,13.21,28
58,1,1792,640,1,14,14,1,1,1,1,14,14,grouped_conv_forward_bf16_2d_64x128x64_compv5,12.87,29
58,1,1792,640,1,14,14,1,1,1,1,14,14,grouped_conv_forward_bf16_2d_64x128x64_compv3,12.77,30
59,4,1536,1536,1,7,7,3,3,1,1,7,7,grouped_conv_forward_bf16_2d_16x64x128_compv5,73.28,1
59,4,1536,1536,1,7,7,3,3,1,1,7,7,grouped_conv_forward_bf16_2d_16x64x128_compv3,72.99,2
59,4,1536,1536,1,7,7,3,3,1,1,7,7,grouped_conv_forward_bf16_2d_16x64x128_compv4,71.00,3
59,4,1536,1536,1,7,7,3,3,1,1,7,7,grouped_conv_forward_bf16_2d_32x64x128_compv5,70.70,4
59,4,1536,1536,1,7,7,3,3,1,1,7,7,grouped_conv_forward_bf16_2d_32x64x128_compv3,70.46,5
59,4,1536,1536,1,7,7,3,3,1,1,7,7,grouped_conv_forward_bf16_2d_32x64x128_compv4,67.19,6
59,4,1536,1536,1,7,7,3,3,1,1,7,7,grouped_conv_forward_bf16_2d_32x128x64_compv4,66.29,7
59,4,1536,1536,1,7,7,3,3,1,1,7,7,grouped_conv_forward_bf16_2d_128x64x128_compv5,58.62,8
59,4,1536,1536,1,7,7,3,3,1,1,7,7,grouped_conv_forward_bf16_2d_128x64x128_compv3,58.43,9
59,4,1536,1536,1,7,7,3,3,1,1,7,7,grouped_conv_forward_bf16_2d_64x64x128_compv5,55.49,10
59,4,1536,1536,1,7,7,3,3,1,1,7,7,grouped_conv_forward_bf16_2d_64x64x128_compv3,55.21,11
59,4,1536,1536,1,7,7,3,3,1,1,7,7,grouped_conv_forward_bf16_2d_16x64x64_compv4,55.04,12
59,4,1536,1536,1,7,7,3,3,1,1,7,7,grouped_conv_forward_bf16_2d_32x64x64_compv4,51.40,13
59,4,1536,1536,1,7,7,3,3,1,1,7,7,grouped_conv_forward_bf16_2d_16x64x64_compv3,50.63,14
59,4,1536,1536,1,7,7,3,3,1,1,7,7,grouped_conv_forward_bf16_2d_16x64x64_compv5,50.54,15
59,4,1536,1536,1,7,7,3,3,1,1,7,7,grouped_conv_forward_bf16_2d_128x128x64_compv4,47.40,16
59,4,1536,1536,1,7,7,3,3,1,1,7,7,grouped_conv_forward_bf16_2d_64x64x128_compv4,46.62,17
59,4,1536,1536,1,7,7,3,3,1,1,7,7,grouped_conv_forward_bf16_2d_64x128x64_compv4,46.10,18
59,4,1536,1536,1,7,7,3,3,1,1,7,7,grouped_conv_forward_bf16_2d_128x64x128_compv4,45.94,19
59,4,1536,1536,1,7,7,3,3,1,1,7,7,grouped_conv_forward_bf16_2d_32x128x64_compv5,42.36,20
59,4,1536,1536,1,7,7,3,3,1,1,7,7,grouped_conv_forward_bf16_2d_32x128x64_compv3,42.34,21
59,4,1536,1536,1,7,7,3,3,1,1,7,7,grouped_conv_forward_bf16_2d_32x64x64_compv5,41.54,22
59,4,1536,1536,1,7,7,3,3,1,1,7,7,grouped_conv_forward_bf16_2d_32x64x64_compv3,41.38,23
59,4,1536,1536,1,7,7,3,3,1,1,7,7,grouped_conv_forward_bf16_2d_128x128x64_compv3,40.69,24
59,4,1536,1536,1,7,7,3,3,1,1,7,7,grouped_conv_forward_bf16_2d_128x128x64_compv5,40.56,25
59,4,1536,1536,1,7,7,3,3,1,1,7,7,grouped_conv_forward_bf16_2d_64x64x64_compv4,39.23,26
59,4,1536,1536,1,7,7,3,3,1,1,7,7,grouped_conv_forward_bf16_2d_64x128x64_compv3,38.77,27
59,4,1536,1536,1,7,7,3,3,1,1,7,7,grouped_conv_forward_bf16_2d_64x128x64_compv5,38.77,28
59,4,1536,1536,1,7,7,3,3,1,1,7,7,grouped_conv_forward_bf16_2d_64x64x64_compv3,37.95,29
59,4,1536,1536,1,7,7,3,3,1,1,7,7,grouped_conv_forward_bf16_2d_64x64x64_compv5,37.88,30
60,8,640,1280,1,4,4,1,1,1,1,4,4,grouped_conv_forward_bf16_2d_16x64x64_compv4,25.66,1
60,8,640,1280,1,4,4,1,1,1,1,4,4,grouped_conv_forward_bf16_2d_16x64x128_compv3,22.64,2
60,8,640,1280,1,4,4,1,1,1,1,4,4,grouped_conv_forward_bf16_2d_16x64x128_compv5,22.56,3
60,8,640,1280,1,4,4,1,1,1,1,4,4,grouped_conv_forward_bf16_2d_16x64x64_compv5,22.51,4
60,8,640,1280,1,4,4,1,1,1,1,4,4,grouped_conv_forward_bf16_2d_16x64x64_compv3,22.41,5
60,8,640,1280,1,4,4,1,1,1,1,4,4,grouped_conv_forward_bf16_2d_16x64x128_compv4,22.00,6
60,8,640,1280,1,4,4,1,1,1,1,4,4,grouped_conv_forward_bf16_2d_32x64x64_compv4,19.60,7
60,8,640,1280,1,4,4,1,1,1,1,4,4,grouped_conv_forward_bf16_2d_32x64x128_compv5,18.63,8
60,8,640,1280,1,4,4,1,1,1,1,4,4,grouped_conv_forward_bf16_2d_32x64x128_compv3,18.56,9
60,8,640,1280,1,4,4,1,1,1,1,4,4,grouped_conv_forward_bf16_2d_32x128x64_compv4,18.25,10
60,8,640,1280,1,4,4,1,1,1,1,4,4,grouped_conv_forward_bf16_2d_32x64x128_compv4,17.48,11
60,8,640,1280,1,4,4,1,1,1,1,4,4,grouped_conv_forward_bf16_2d_32x64x64_compv5,17.35,12
60,8,640,1280,1,4,4,1,1,1,1,4,4,grouped_conv_forward_bf16_2d_32x64x64_compv3,17.03,13
60,8,640,1280,1,4,4,1,1,1,1,4,4,grouped_conv_forward_bf16_2d_64x64x128_compv5,15.41,14
60,8,640,1280,1,4,4,1,1,1,1,4,4,grouped_conv_forward_bf16_2d_64x64x128_compv3,15.28,15
60,8,640,1280,1,4,4,1,1,1,1,4,4,grouped_conv_forward_bf16_2d_128x64x128_compv5,14.50,16
60,8,640,1280,1,4,4,1,1,1,1,4,4,grouped_conv_forward_bf16_2d_128x64x128_compv3,14.47,17
60,8,640,1280,1,4,4,1,1,1,1,4,4,grouped_conv_forward_bf16_2d_32x128x64_compv5,14.03,18
60,8,640,1280,1,4,4,1,1,1,1,4,4,grouped_conv_forward_bf16_2d_32x128x64_compv3,13.87,19
60,8,640,1280,1,4,4,1,1,1,1,4,4,grouped_conv_forward_bf16_2d_64x64x64_compv4,13.87,20
60,8,640,1280,1,4,4,1,1,1,1,4,4,grouped_conv_forward_bf16_2d_64x64x64_compv5,13.69,21
60,8,640,1280,1,4,4,1,1,1,1,4,4,grouped_conv_forward_bf16_2d_64x64x64_compv3,13.67,22
60,8,640,1280,1,4,4,1,1,1,1,4,4,grouped_conv_forward_bf16_2d_64x64x128_compv4,13.46,23
60,8,640,1280,1,4,4,1,1,1,1,4,4,grouped_conv_forward_bf16_2d_64x128x64_compv4,13.24,24
60,8,640,1280,1,4,4,1,1,1,1,4,4,grouped_conv_forward_bf16_2d_128x128x64_compv4,13.19,25
60,8,640,1280,1,4,4,1,1,1,1,4,4,grouped_conv_forward_bf16_2d_128x64x128_compv4,12.98,26
60,8,640,1280,1,4,4,1,1,1,1,4,4,grouped_conv_forward_bf16_2d_64x128x64_compv5,11.90,27
60,8,640,1280,1,4,4,1,1,1,1,4,4,grouped_conv_forward_bf16_2d_64x128x64_compv3,11.81,28
60,8,640,1280,1,4,4,1,1,1,1,4,4,grouped_conv_forward_bf16_2d_128x128x64_compv3,11.33,29
60,8,640,1280,1,4,4,1,1,1,1,4,4,grouped_conv_forward_bf16_2d_128x128x64_compv5,11.31,30
61,4,448,64,1,56,56,1,1,1,1,56,56,grouped_conv_forward_bf16_2d_32x64x128_compv3,69.66,1
61,4,448,64,1,56,56,1,1,1,1,56,56,grouped_conv_forward_bf16_2d_32x64x128_compv5,69.66,2
61,4,448,64,1,56,56,1,1,1,1,56,56,grouped_conv_forward_bf16_2d_16x64x128_compv3,65.85,3
61,4,448,64,1,56,56,1,1,1,1,56,56,grouped_conv_forward_bf16_2d_16x64x128_compv5,65.36,4
61,4,448,64,1,56,56,1,1,1,1,56,56,grouped_conv_forward_bf16_2d_32x64x128_compv4,65.07,5
61,4,448,64,1,56,56,1,1,1,1,56,56,grouped_conv_forward_bf16_2d_32x128x64_compv4,64.08,6
61,4,448,64,1,56,56,1,1,1,1,56,56,grouped_conv_forward_bf16_2d_64x64x128_compv5,63.26,7
61,4,448,64,1,56,56,1,1,1,1,56,56,grouped_conv_forward_bf16_2d_64x64x128_compv3,63.16,8
61,4,448,64,1,56,56,1,1,1,1,56,56,grouped_conv_forward_bf16_2d_128x64x128_compv3,61.26,9
61,4,448,64,1,56,56,1,1,1,1,56,56,grouped_conv_forward_bf16_2d_128x64x128_compv5,60.87,10
61,4,448,64,1,56,56,1,1,1,1,56,56,grouped_conv_forward_bf16_2d_32x64x64_compv4,60.81,11
61,4,448,64,1,56,56,1,1,1,1,56,56,grouped_conv_forward_bf16_2d_128x64x128_compv4,56.67,12
61,4,448,64,1,56,56,1,1,1,1,56,56,grouped_conv_forward_bf16_2d_16x64x128_compv4,56.49,13
61,4,448,64,1,56,56,1,1,1,1,56,56,grouped_conv_forward_bf16_2d_64x64x128_compv4,56.21,14
61,4,448,64,1,56,56,1,1,1,1,56,56,grouped_conv_forward_bf16_2d_64x128x64_compv4,55.63,15
61,4,448,64,1,56,56,1,1,1,1,56,56,grouped_conv_forward_bf16_2d_128x128x64_compv4,54.96,16
61,4,448,64,1,56,56,1,1,1,1,56,56,grouped_conv_forward_bf16_2d_64x64x64_compv4,53.64,17
61,4,448,64,1,56,56,1,1,1,1,56,56,grouped_conv_forward_bf16_2d_32x64x64_compv5,53.51,18
61,4,448,64,1,56,56,1,1,1,1,56,56,grouped_conv_forward_bf16_2d_16x64x64_compv4,53.34,19
61,4,448,64,1,56,56,1,1,1,1,56,56,grouped_conv_forward_bf16_2d_32x64x64_compv3,52.74,20
61,4,448,64,1,56,56,1,1,1,1,56,56,grouped_conv_forward_bf16_2d_16x64x64_compv5,51.57,21
61,4,448,64,1,56,56,1,1,1,1,56,56,grouped_conv_forward_bf16_2d_16x64x64_compv3,51.37,22
61,4,448,64,1,56,56,1,1,1,1,56,56,grouped_conv_forward_bf16_2d_64x64x64_compv5,50.07,23
61,4,448,64,1,56,56,1,1,1,1,56,56,grouped_conv_forward_bf16_2d_64x64x64_compv3,50.07,24
61,4,448,64,1,56,56,1,1,1,1,56,56,grouped_conv_forward_bf16_2d_32x128x64_compv5,49.19,25
61,4,448,64,1,56,56,1,1,1,1,56,56,grouped_conv_forward_bf16_2d_32x128x64_compv3,48.92,26
61,4,448,64,1,56,56,1,1,1,1,56,56,grouped_conv_forward_bf16_2d_64x128x64_compv5,46.92,27
61,4,448,64,1,56,56,1,1,1,1,56,56,grouped_conv_forward_bf16_2d_64x128x64_compv3,46.86,28
61,4,448,64,1,56,56,1,1,1,1,56,56,grouped_conv_forward_bf16_2d_128x128x64_compv3,45.14,29
61,4,448,64,1,56,56,1,1,1,1,56,56,grouped_conv_forward_bf16_2d_128x128x64_compv5,45.04,30
62,1,16,16,16,4,4,3,3,1,1,4,4,grouped_conv_forward_bf16_2d_32x128x64_compv5,0.10,1
62,1,16,16,16,4,4,3,3,1,1,4,4,grouped_conv_forward_bf16_2d_32x128x64_compv4,0.09,2
62,1,16,16,16,4,4,3,3,1,1,4,4,grouped_conv_forward_bf16_2d_32x128x64_compv3,0.08,3
62,1,16,16,16,4,4,3,3,1,1,4,4,grouped_conv_forward_bf16_2d_32x64x128_compv5,0.08,4
62,1,16,16,16,4,4,3,3,1,1,4,4,grouped_conv_forward_bf16_2d_16x64x128_compv4,0.08,5
62,1,16,16,16,4,4,3,3,1,1,4,4,grouped_conv_forward_bf16_2d_32x64x128_compv3,0.08,6
62,1,16,16,16,4,4,3,3,1,1,4,4,grouped_conv_forward_bf16_2d_16x64x64_compv3,0.07,7
62,1,16,16,16,4,4,3,3,1,1,4,4,grouped_conv_forward_bf16_2d_16x64x128_compv5,0.07,8
62,1,16,16,16,4,4,3,3,1,1,4,4,grouped_conv_forward_bf16_2d_16x64x128_compv3,0.07,9
62,1,16,16,16,4,4,3,3,1,1,4,4,grouped_conv_forward_bf16_2d_64x128x64_compv4,0.07,10
62,1,16,16,16,4,4,3,3,1,1,4,4,grouped_conv_forward_bf16_2d_32x64x128_compv4,0.07,11
62,1,16,16,16,4,4,3,3,1,1,4,4,grouped_conv_forward_bf16_2d_64x64x128_compv4,0.07,12
62,1,16,16,16,4,4,3,3,1,1,4,4,grouped_conv_forward_bf16_2d_16x64x64_compv5,0.07,13
62,1,16,16,16,4,4,3,3,1,1,4,4,grouped_conv_forward_bf16_2d_64x128x64_compv5,0.07,14
62,1,16,16,16,4,4,3,3,1,1,4,4,grouped_conv_forward_bf16_2d_128x64x128_compv3,0.07,15
62,1,16,16,16,4,4,3,3,1,1,4,4,grouped_conv_forward_bf16_2d_32x64x64_compv5,0.07,16
62,1,16,16,16,4,4,3,3,1,1,4,4,grouped_conv_forward_bf16_2d_128x128x64_compv4,0.07,17
62,1,16,16,16,4,4,3,3,1,1,4,4,grouped_conv_forward_bf16_2d_64x64x128_compv3,0.07,18
62,1,16,16,16,4,4,3,3,1,1,4,4,grouped_conv_forward_bf16_2d_128x128x64_compv3,0.07,19
62,1,16,16,16,4,4,3,3,1,1,4,4,grouped_conv_forward_bf16_2d_128x128x64_compv5,0.07,20
62,1,16,16,16,4,4,3,3,1,1,4,4,grouped_conv_forward_bf16_2d_64x64x128_compv5,0.07,21
62,1,16,16,16,4,4,3,3,1,1,4,4,grouped_conv_forward_bf16_2d_64x128x64_compv3,0.06,22
62,1,16,16,16,4,4,3,3,1,1,4,4,grouped_conv_forward_bf16_2d_128x64x128_compv4,0.06,23
62,1,16,16,16,4,4,3,3,1,1,4,4,grouped_conv_forward_bf16_2d_128x64x128_compv5,0.06,24
62,1,16,16,16,4,4,3,3,1,1,4,4,grouped_conv_forward_bf16_2d_32x64x64_compv3,0.06,25
62,1,16,16,16,4,4,3,3,1,1,4,4,grouped_conv_forward_bf16_2d_64x64x64_compv5,0.05,26
62,1,16,16,16,4,4,3,3,1,1,4,4,grouped_conv_forward_bf16_2d_64x64x64_compv3,0.05,27
62,1,16,16,16,4,4,3,3,1,1,4,4,grouped_conv_forward_bf16_2d_32x64x64_compv4,0.05,28
62,1,16,16,16,4,4,3,3,1,1,4,4,grouped_conv_forward_bf16_2d_16x64x64_compv4,0.05,29
62,1,16,16,16,4,4,3,3,1,1,4,4,grouped_conv_forward_bf16_2d_64x64x64_compv4,0.04,30
63,4,1728,128,1,64,64,1,1,1,1,64,64,grouped_conv_forward_bf16_2d_128x64x128_compv3,185.17,1
63,4,1728,128,1,64,64,1,1,1,1,64,64,grouped_conv_forward_bf16_2d_128x64x128_compv5,184.57,2
63,4,1728,128,1,64,64,1,1,1,1,64,64,grouped_conv_forward_bf16_2d_64x64x128_compv5,162.28,3
63,4,1728,128,1,64,64,1,1,1,1,64,64,grouped_conv_forward_bf16_2d_64x64x128_compv3,161.21,4
63,4,1728,128,1,64,64,1,1,1,1,64,64,grouped_conv_forward_bf16_2d_128x128x64_compv5,155.76,5
63,4,1728,128,1,64,64,1,1,1,1,64,64,grouped_conv_forward_bf16_2d_128x128x64_compv3,154.33,6
63,4,1728,128,1,64,64,1,1,1,1,64,64,grouped_conv_forward_bf16_2d_64x128x64_compv5,153.18,7
63,4,1728,128,1,64,64,1,1,1,1,64,64,grouped_conv_forward_bf16_2d_64x128x64_compv3,152.73,8
63,4,1728,128,1,64,64,1,1,1,1,64,64,grouped_conv_forward_bf16_2d_32x128x64_compv5,151.95,9
63,4,1728,128,1,64,64,1,1,1,1,64,64,grouped_conv_forward_bf16_2d_32x128x64_compv3,151.23,10
63,4,1728,128,1,64,64,1,1,1,1,64,64,grouped_conv_forward_bf16_2d_32x64x128_compv5,147.15,11
63,4,1728,128,1,64,64,1,1,1,1,64,64,grouped_conv_forward_bf16_2d_32x64x128_compv3,146.03,12
63,4,1728,128,1,64,64,1,1,1,1,64,64,grouped_conv_forward_bf16_2d_64x64x64_compv5,143.04,13
63,4,1728,128,1,64,64,1,1,1,1,64,64,grouped_conv_forward_bf16_2d_64x64x64_compv3,142.98,14
63,4,1728,128,1,64,64,1,1,1,1,64,64,grouped_conv_forward_bf16_2d_32x64x64_compv5,133.80,15
63,4,1728,128,1,64,64,1,1,1,1,64,64,grouped_conv_forward_bf16_2d_32x64x64_compv4,132.92,16
63,4,1728,128,1,64,64,1,1,1,1,64,64,grouped_conv_forward_bf16_2d_32x64x64_compv3,132.88,17
63,4,1728,128,1,64,64,1,1,1,1,64,64,grouped_conv_forward_bf16_2d_16x64x128_compv5,132.10,18
63,4,1728,128,1,64,64,1,1,1,1,64,64,grouped_conv_forward_bf16_2d_16x64x128_compv3,131.40,19
63,4,1728,128,1,64,64,1,1,1,1,64,64,grouped_conv_forward_bf16_2d_32x64x128_compv4,129.79,20
63,4,1728,128,1,64,64,1,1,1,1,64,64,grouped_conv_forward_bf16_2d_32x128x64_compv4,129.46,21
63,4,1728,128,1,64,64,1,1,1,1,64,64,grouped_conv_forward_bf16_2d_16x64x64_compv4,118.45,22
63,4,1728,128,1,64,64,1,1,1,1,64,64,grouped_conv_forward_bf16_2d_16x64x64_compv5,117.62,23
63,4,1728,128,1,64,64,1,1,1,1,64,64,grouped_conv_forward_bf16_2d_16x64x64_compv3,117.30,24
63,4,1728,128,1,64,64,1,1,1,1,64,64,grouped_conv_forward_bf16_2d_16x64x128_compv4,115.77,25
63,4,1728,128,1,64,64,1,1,1,1,64,64,grouped_conv_forward_bf16_2d_64x64x64_compv4,102.41,26
63,4,1728,128,1,64,64,1,1,1,1,64,64,grouped_conv_forward_bf16_2d_128x128x64_compv4,101.55,27
63,4,1728,128,1,64,64,1,1,1,1,64,64,grouped_conv_forward_bf16_2d_128x64x128_compv4,97.86,28
63,4,1728,128,1,64,64,1,1,1,1,64,64,grouped_conv_forward_bf16_2d_64x64x128_compv4,96.67,29
63,4,1728,128,1,64,64,1,1,1,1,64,64,grouped_conv_forward_bf16_2d_64x128x64_compv4,95.84,30
64,4,432,104,1,14,14,1,1,1,1,14,14,grouped_conv_forward_bf16_2d_16x64x64_compv4,9.49,1
64,4,432,104,1,14,14,1,1,1,1,14,14,grouped_conv_forward_bf16_2d_16x64x64_compv5,8.16,2
64,4,432,104,1,14,14,1,1,1,1,14,14,grouped_conv_forward_bf16_2d_16x64x64_compv3,8.13,3
64,4,432,104,1,14,14,1,1,1,1,14,14,grouped_conv_forward_bf16_2d_16x64x128_compv3,7.29,4
64,4,432,104,1,14,14,1,1,1,1,14,14,grouped_conv_forward_bf16_2d_16x64x128_compv4,7.25,5
64,4,432,104,1,14,14,1,1,1,1,14,14,grouped_conv_forward_bf16_2d_16x64x128_compv5,7.24,6
64,4,432,104,1,14,14,1,1,1,1,14,14,grouped_conv_forward_bf16_2d_32x64x64_compv4,7.24,7
64,4,432,104,1,14,14,1,1,1,1,14,14,grouped_conv_forward_bf16_2d_32x128x64_compv4,6.84,8
64,4,432,104,1,14,14,1,1,1,1,14,14,grouped_conv_forward_bf16_2d_32x64x64_compv5,6.58,9
64,4,432,104,1,14,14,1,1,1,1,14,14,grouped_conv_forward_bf16_2d_32x64x64_compv3,6.48,10
64,4,432,104,1,14,14,1,1,1,1,14,14,grouped_conv_forward_bf16_2d_32x64x128_compv3,6.16,11
64,4,432,104,1,14,14,1,1,1,1,14,14,grouped_conv_forward_bf16_2d_32x64x128_compv5,6.16,12
64,4,432,104,1,14,14,1,1,1,1,14,14,grouped_conv_forward_bf16_2d_32x64x128_compv4,6.00,13
64,4,432,104,1,14,14,1,1,1,1,14,14,grouped_conv_forward_bf16_2d_32x128x64_compv5,5.83,14
64,4,432,104,1,14,14,1,1,1,1,14,14,grouped_conv_forward_bf16_2d_32x128x64_compv3,5.70,15
64,4,432,104,1,14,14,1,1,1,1,14,14,grouped_conv_forward_bf16_2d_64x64x64_compv4,5.69,16
64,4,432,104,1,14,14,1,1,1,1,14,14,grouped_conv_forward_bf16_2d_128x64x128_compv5,5.63,17
64,4,432,104,1,14,14,1,1,1,1,14,14,grouped_conv_forward_bf16_2d_64x64x128_compv5,5.63,18
64,4,432,104,1,14,14,1,1,1,1,14,14,grouped_conv_forward_bf16_2d_128x64x128_compv3,5.62,19
64,4,432,104,1,14,14,1,1,1,1,14,14,grouped_conv_forward_bf16_2d_128x128x64_compv4,5.62,20
64,4,432,104,1,14,14,1,1,1,1,14,14,grouped_conv_forward_bf16_2d_64x64x128_compv3,5.59,21
64,4,432,104,1,14,14,1,1,1,1,14,14,grouped_conv_forward_bf16_2d_64x128x64_compv4,5.57,22
64,4,432,104,1,14,14,1,1,1,1,14,14,grouped_conv_forward_bf16_2d_64x64x64_compv5,5.48,23
64,4,432,104,1,14,14,1,1,1,1,14,14,grouped_conv_forward_bf16_2d_64x64x64_compv3,5.43,24
64,4,432,104,1,14,14,1,1,1,1,14,14,grouped_conv_forward_bf16_2d_128x64x128_compv4,5.42,25
64,4,432,104,1,14,14,1,1,1,1,14,14,grouped_conv_forward_bf16_2d_64x64x128_compv4,5.19,26
64,4,432,104,1,14,14,1,1,1,1,14,14,grouped_conv_forward_bf16_2d_64x128x64_compv5,5.02,27
64,4,432,104,1,14,14,1,1,1,1,14,14,grouped_conv_forward_bf16_2d_128x128x64_compv5,5.00,28
64,4,432,104,1,14,14,1,1,1,1,14,14,grouped_conv_forward_bf16_2d_64x128x64_compv3,4.93,29
64,4,432,104,1,14,14,1,1,1,1,14,14,grouped_conv_forward_bf16_2d_128x128x64_compv3,4.92,30
65,1,20,320,1,1,1,1,1,1,1,1,1,grouped_conv_forward_bf16_2d_32x128x64_compv5,0.33,1
65,1,20,320,1,1,1,1,1,1,1,1,1,grouped_conv_forward_bf16_2d_16x64x64_compv3,0.32,2
65,1,20,320,1,1,1,1,1,1,1,1,1,grouped_conv_forward_bf16_2d_32x128x64_compv3,0.32,3
65,1,20,320,1,1,1,1,1,1,1,1,1,grouped_conv_forward_bf16_2d_16x64x64_compv5,0.32,4
65,1,20,320,1,1,1,1,1,1,1,1,1,grouped_conv_forward_bf16_2d_32x64x64_compv5,0.31,5
65,1,20,320,1,1,1,1,1,1,1,1,1,grouped_conv_forward_bf16_2d_32x64x128_compv5,0.30,6
65,1,20,320,1,1,1,1,1,1,1,1,1,grouped_conv_forward_bf16_2d_32x64x64_compv3,0.30,7
65,1,20,320,1,1,1,1,1,1,1,1,1,grouped_conv_forward_bf16_2d_16x64x128_compv5,0.30,8
65,1,20,320,1,1,1,1,1,1,1,1,1,grouped_conv_forward_bf16_2d_32x128x64_compv4,0.29,9
65,1,20,320,1,1,1,1,1,1,1,1,1,grouped_conv_forward_bf16_2d_32x64x128_compv3,0.29,10
65,1,20,320,1,1,1,1,1,1,1,1,1,grouped_conv_forward_bf16_2d_16x64x128_compv3,0.29,11
65,1,20,320,1,1,1,1,1,1,1,1,1,grouped_conv_forward_bf16_2d_64x64x64_compv3,0.28,12
65,1,20,320,1,1,1,1,1,1,1,1,1,grouped_conv_forward_bf16_2d_64x64x64_compv5,0.27,13
65,1,20,320,1,1,1,1,1,1,1,1,1,grouped_conv_forward_bf16_2d_16x64x128_compv4,0.27,14
65,1,20,320,1,1,1,1,1,1,1,1,1,grouped_conv_forward_bf16_2d_16x64x64_compv4,0.27,15
65,1,20,320,1,1,1,1,1,1,1,1,1,grouped_conv_forward_bf16_2d_64x128x64_compv3,0.26,16
65,1,20,320,1,1,1,1,1,1,1,1,1,grouped_conv_forward_bf16_2d_64x128x64_compv5,0.26,17
65,1,20,320,1,1,1,1,1,1,1,1,1,grouped_conv_forward_bf16_2d_32x64x64_compv4,0.26,18
65,1,20,320,1,1,1,1,1,1,1,1,1,grouped_conv_forward_bf16_2d_32x64x128_compv4,0.26,19
65,1,20,320,1,1,1,1,1,1,1,1,1,grouped_conv_forward_bf16_2d_64x64x128_compv5,0.25,20
65,1,20,320,1,1,1,1,1,1,1,1,1,grouped_conv_forward_bf16_2d_128x128x64_compv3,0.25,21
65,1,20,320,1,1,1,1,1,1,1,1,1,grouped_conv_forward_bf16_2d_128x128x64_compv5,0.25,22
65,1,20,320,1,1,1,1,1,1,1,1,1,grouped_conv_forward_bf16_2d_64x64x128_compv3,0.25,23
65,1,20,320,1,1,1,1,1,1,1,1,1,grouped_conv_forward_bf16_2d_128x64x128_compv3,0.24,24
65,1,20,320,1,1,1,1,1,1,1,1,1,grouped_conv_forward_bf16_2d_128x64x128_compv5,0.23,25
65,1,20,320,1,1,1,1,1,1,1,1,1,grouped_conv_forward_bf16_2d_128x128x64_compv4,0.22,26
65,1,20,320,1,1,1,1,1,1,1,1,1,grouped_conv_forward_bf16_2d_64x128x64_compv4,0.22,27
65,1,20,320,1,1,1,1,1,1,1,1,1,grouped_conv_forward_bf16_2d_64x64x64_compv4,0.22,28
65,1,20,320,1,1,1,1,1,1,1,1,1,grouped_conv_forward_bf16_2d_128x64x128_compv4,0.21,29
65,1,20,320,1,1,1,1,1,1,1,1,1,grouped_conv_forward_bf16_2d_64x64x128_compv4,0.21,30
66,1,192,192,192,512,512,7,7,1,1,512,512,grouped_conv_forward_bf16_2d_32x128x64_compv5,112.43,1
66,1,192,192,192,512,512,7,7,1,1,512,512,grouped_conv_forward_bf16_2d_32x128x64_compv3,110.98,2
66,1,192,192,192,512,512,7,7,1,1,512,512,grouped_conv_forward_bf16_2d_64x64x64_compv5,110.53,3
66,1,192,192,192,512,512,7,7,1,1,512,512,grouped_conv_forward_bf16_2d_64x128x64_compv5,110.35,4
66,1,192,192,192,512,512,7,7,1,1,512,512,grouped_conv_forward_bf16_2d_64x128x64_compv3,110.28,5
66,1,192,192,192,512,512,7,7,1,1,512,512,grouped_conv_forward_bf16_2d_64x64x64_compv3,109.22,6
66,1,192,192,192,512,512,7,7,1,1,512,512,grouped_conv_forward_bf16_2d_128x128x64_compv5,103.16,7
66,1,192,192,192,512,512,7,7,1,1,512,512,grouped_conv_forward_bf16_2d_128x128x64_compv3,95.06,8
66,1,192,192,192,512,512,7,7,1,1,512,512,grouped_conv_forward_bf16_2d_32x64x64_compv5,94.24,9
66,1,192,192,192,512,512,7,7,1,1,512,512,grouped_conv_forward_bf16_2d_32x64x64_compv3,92.30,10
66,1,192,192,192,512,512,7,7,1,1,512,512,grouped_conv_forward_bf16_2d_32x64x128_compv5,84.24,11
66,1,192,192,192,512,512,7,7,1,1,512,512,grouped_conv_forward_bf16_2d_64x64x128_compv5,84.22,12
66,1,192,192,192,512,512,7,7,1,1,512,512,grouped_conv_forward_bf16_2d_64x64x128_compv3,81.70,13
66,1,192,192,192,512,512,7,7,1,1,512,512,grouped_conv_forward_bf16_2d_32x64x128_compv3,81.08,14
66,1,192,192,192,512,512,7,7,1,1,512,512,grouped_conv_forward_bf16_2d_16x64x64_compv5,78.83,15
66,1,192,192,192,512,512,7,7,1,1,512,512,grouped_conv_forward_bf16_2d_128x64x128_compv5,77.10,16
66,1,192,192,192,512,512,7,7,1,1,512,512,grouped_conv_forward_bf16_2d_16x64x64_compv3,76.04,17
66,1,192,192,192,512,512,7,7,1,1,512,512,grouped_conv_forward_bf16_2d_128x64x128_compv3,74.24,18
66,1,192,192,192,512,512,7,7,1,1,512,512,grouped_conv_forward_bf16_2d_16x64x128_compv5,70.14,19
66,1,192,192,192,512,512,7,7,1,1,512,512,grouped_conv_forward_bf16_2d_16x64x128_compv3,67.52,20
66,1,192,192,192,512,512,7,7,1,1,512,512,grouped_conv_forward_bf16_2d_32x128x64_compv4,42.81,21
66,1,192,192,192,512,512,7,7,1,1,512,512,grouped_conv_forward_bf16_2d_32x64x128_compv4,41.22,22
66,1,192,192,192,512,512,7,7,1,1,512,512,grouped_conv_forward_bf16_2d_32x64x64_compv4,41.09,23
66,1,192,192,192,512,512,7,7,1,1,512,512,grouped_conv_forward_bf16_2d_16x64x128_compv4,38.30,24
66,1,192,192,192,512,512,7,7,1,1,512,512,grouped_conv_forward_bf16_2d_16x64x64_compv4,37.82,25
66,1,192,192,192,512,512,7,7,1,1,512,512,grouped_conv_forward_bf16_2d_64x128x64_compv4,33.98,26
66,1,192,192,192,512,512,7,7,1,1,512,512,grouped_conv_forward_bf16_2d_128x128x64_compv4,33.79,27
66,1,192,192,192,512,512,7,7,1,1,512,512,grouped_conv_forward_bf16_2d_64x64x64_compv4,32.14,28
66,1,192,192,192,512,512,7,7,1,1,512,512,grouped_conv_forward_bf16_2d_128x64x128_compv4,30.42,29
66,1,192,192,192,512,512,7,7,1,1,512,512,grouped_conv_forward_bf16_2d_64x64x128_compv4,28.64,30
67,4,1140,1140,1140,14,14,3,3,1,1,14,14,grouped_conv_forward_bf16_2d_32x64x64_compv5,31.75,1
67,4,1140,1140,1140,14,14,3,3,1,1,14,14,grouped_conv_forward_bf16_2d_32x64x64_compv3,30.88,2
67,4,1140,1140,1140,14,14,3,3,1,1,14,14,grouped_conv_forward_bf16_2d_64x64x64_compv3,30.79,3
67,4,1140,1140,1140,14,14,3,3,1,1,14,14,grouped_conv_forward_bf16_2d_64x64x64_compv5,30.68,4
67,4,1140,1140,1140,14,14,3,3,1,1,14,14,grouped_conv_forward_bf16_2d_16x64x64_compv5,30.33,5
67,4,1140,1140,1140,14,14,3,3,1,1,14,14,grouped_conv_forward_bf16_2d_16x64x64_compv3,29.95,6
67,4,1140,1140,1140,14,14,3,3,1,1,14,14,grouped_conv_forward_bf16_2d_32x64x64_compv4,18.13,7
67,4,1140,1140,1140,14,14,3,3,1,1,14,14,grouped_conv_forward_bf16_2d_16x64x64_compv4,17.29,8
67,4,1140,1140,1140,14,14,3,3,1,1,14,14,grouped_conv_forward_bf16_2d_64x64x64_compv4,17.05,9
67,4,1140,1140,1140,14,14,3,3,1,1,14,14,grouped_conv_forward_bf16_2d_32x128x64_compv3,13.63,10
67,4,1140,1140,1140,14,14,3,3,1,1,14,14,grouped_conv_forward_bf16_2d_32x128x64_compv5,13.46,11
67,4,1140,1140,1140,14,14,3,3,1,1,14,14,grouped_conv_forward_bf16_2d_32x64x128_compv5,13.18,12
67,4,1140,1140,1140,14,14,3,3,1,1,14,14,grouped_conv_forward_bf16_2d_32x64x128_compv3,13.14,13
67,4,1140,1140,1140,14,14,3,3,1,1,14,14,grouped_conv_forward_bf16_2d_16x64x128_compv3,12.90,14
67,4,1140,1140,1140,14,14,3,3,1,1,14,14,grouped_conv_forward_bf16_2d_16x64x128_compv5,12.73,15
67,4,1140,1140,1140,14,14,3,3,1,1,14,14,grouped_conv_forward_bf16_2d_64x64x128_compv3,12.70,16
67,4,1140,1140,1140,14,14,3,3,1,1,14,14,grouped_conv_forward_bf16_2d_64x64x128_compv5,12.54,17
67,4,1140,1140,1140,14,14,3,3,1,1,14,14,grouped_conv_forward_bf16_2d_64x128x64_compv3,12.25,18
67,4,1140,1140,1140,14,14,3,3,1,1,14,14,grouped_conv_forward_bf16_2d_64x128x64_compv5,12.01,19
67,4,1140,1140,1140,14,14,3,3,1,1,14,14,grouped_conv_forward_bf16_2d_32x128x64_compv4,11.91,20
67,4,1140,1140,1140,14,14,3,3,1,1,14,14,grouped_conv_forward_bf16_2d_128x64x128_compv3,11.77,21
67,4,1140,1140,1140,14,14,3,3,1,1,14,14,grouped_conv_forward_bf16_2d_128x64x128_compv5,11.54,22
67,4,1140,1140,1140,14,14,3,3,1,1,14,14,grouped_conv_forward_bf16_2d_32x64x128_compv4,11.28,23
67,4,1140,1140,1140,14,14,3,3,1,1,14,14,grouped_conv_forward_bf16_2d_16x64x128_compv4,10.77,24
67,4,1140,1140,1140,14,14,3,3,1,1,14,14,grouped_conv_forward_bf16_2d_128x128x64_compv3,10.62,25
67,4,1140,1140,1140,14,14,3,3,1,1,14,14,grouped_conv_forward_bf16_2d_128x128x64_compv5,10.42,26
67,4,1140,1140,1140,14,14,3,3,1,1,14,14,grouped_conv_forward_bf16_2d_128x128x64_compv4,10.06,27
67,4,1140,1140,1140,14,14,3,3,1,1,14,14,grouped_conv_forward_bf16_2d_128x64x128_compv4,10.03,28
67,4,1140,1140,1140,14,14,3,3,1,1,14,14,grouped_conv_forward_bf16_2d_64x128x64_compv4,10.02,29
67,4,1140,1140,1140,14,14,3,3,1,1,14,14,grouped_conv_forward_bf16_2d_64x64x128_compv4,9.77,30
68,4,192,768,1,48,48,1,1,1,1,48,48,grouped_conv_forward_bf16_2d_32x128x64_compv5,109.93,1
68,4,192,768,1,48,48,1,1,1,1,48,48,grouped_conv_forward_bf16_2d_64x128x64_compv5,109.52,2
68,4,192,768,1,48,48,1,1,1,1,48,48,grouped_conv_forward_bf16_2d_64x128x64_compv3,109.09,3
68,4,192,768,1,48,48,1,1,1,1,48,48,grouped_conv_forward_bf16_2d_32x128x64_compv3,109.05,4
68,4,192,768,1,48,48,1,1,1,1,48,48,grouped_conv_forward_bf16_2d_64x64x64_compv5,107.19,5
68,4,192,768,1,48,48,1,1,1,1,48,48,grouped_conv_forward_bf16_2d_64x64x64_compv3,106.18,6
68,4,192,768,1,48,48,1,1,1,1,48,48,grouped_conv_forward_bf16_2d_128x128x64_compv5,104.29,7
68,4,192,768,1,48,48,1,1,1,1,48,48,grouped_conv_forward_bf16_2d_128x128x64_compv3,104.28,8
68,4,192,768,1,48,48,1,1,1,1,48,48,grouped_conv_forward_bf16_2d_32x64x128_compv5,100.98,9
68,4,192,768,1,48,48,1,1,1,1,48,48,grouped_conv_forward_bf16_2d_32x64x64_compv5,99.85,10
68,4,192,768,1,48,48,1,1,1,1,48,48,grouped_conv_forward_bf16_2d_32x64x128_compv3,99.45,11
68,4,192,768,1,48,48,1,1,1,1,48,48,grouped_conv_forward_bf16_2d_32x64x64_compv3,98.63,12
68,4,192,768,1,48,48,1,1,1,1,48,48,grouped_conv_forward_bf16_2d_64x64x128_compv5,98.47,13
68,4,192,768,1,48,48,1,1,1,1,48,48,grouped_conv_forward_bf16_2d_64x64x128_compv3,97.90,14
68,4,192,768,1,48,48,1,1,1,1,48,48,grouped_conv_forward_bf16_2d_16x64x128_compv5,91.82,15
68,4,192,768,1,48,48,1,1,1,1,48,48,grouped_conv_forward_bf16_2d_16x64x128_compv3,90.90,16
68,4,192,768,1,48,48,1,1,1,1,48,48,grouped_conv_forward_bf16_2d_128x64x128_compv5,89.07,17
68,4,192,768,1,48,48,1,1,1,1,48,48,grouped_conv_forward_bf16_2d_128x64x128_compv3,88.02,18
68,4,192,768,1,48,48,1,1,1,1,48,48,grouped_conv_forward_bf16_2d_16x64x64_compv5,87.37,19
68,4,192,768,1,48,48,1,1,1,1,48,48,grouped_conv_forward_bf16_2d_16x64x64_compv3,86.80,20
68,4,192,768,1,48,48,1,1,1,1,48,48,grouped_conv_forward_bf16_2d_32x64x64_compv4,69.66,21
68,4,192,768,1,48,48,1,1,1,1,48,48,grouped_conv_forward_bf16_2d_32x128x64_compv4,64.67,22
68,4,192,768,1,48,48,1,1,1,1,48,48,grouped_conv_forward_bf16_2d_32x64x128_compv4,64.57,23
68,4,192,768,1,48,48,1,1,1,1,48,48,grouped_conv_forward_bf16_2d_16x64x64_compv4,63.72,24
68,4,192,768,1,48,48,1,1,1,1,48,48,grouped_conv_forward_bf16_2d_16x64x128_compv4,59.84,25
68,4,192,768,1,48,48,1,1,1,1,48,48,grouped_conv_forward_bf16_2d_64x64x128_compv4,55.49,26
68,4,192,768,1,48,48,1,1,1,1,48,48,grouped_conv_forward_bf16_2d_64x128x64_compv4,55.41,27
68,4,192,768,1,48,48,1,1,1,1,48,48,grouped_conv_forward_bf16_2d_64x64x64_compv4,54.51,28
68,4,192,768,1,48,48,1,1,1,1,48,48,grouped_conv_forward_bf16_2d_128x128x64_compv4,52.03,29
68,4,192,768,1,48,48,1,1,1,1,48,48,grouped_conv_forward_bf16_2d_128x64x128_compv4,51.74,30
69,1,1266,232,1,32,32,1,1,1,1,32,32,grouped_conv_forward_bf16_2d_16x64x64_compv4,54.41,1
69,1,1266,232,1,32,32,1,1,1,1,32,32,grouped_conv_forward_bf16_2d_32x64x64_compv4,46.87,2
69,1,1266,232,1,32,32,1,1,1,1,32,32,grouped_conv_forward_bf16_2d_16x64x64_compv5,44.36,3
69,1,1266,232,1,32,32,1,1,1,1,32,32,grouped_conv_forward_bf16_2d_16x64x64_compv3,44.25,4
69,1,1266,232,1,32,32,1,1,1,1,32,32,grouped_conv_forward_bf16_2d_32x64x64_compv5,37.74,5
69,1,1266,232,1,32,32,1,1,1,1,32,32,grouped_conv_forward_bf16_2d_32x64x64_compv3,37.49,6
69,1,1266,232,1,32,32,1,1,1,1,32,32,grouped_conv_forward_bf16_2d_16x64x128_compv5,34.81,7
69,1,1266,232,1,32,32,1,1,1,1,32,32,grouped_conv_forward_bf16_2d_16x64x128_compv4,34.72,8
69,1,1266,232,1,32,32,1,1,1,1,32,32,grouped_conv_forward_bf16_2d_16x64x128_compv3,34.53,9
69,1,1266,232,1,32,32,1,1,1,1,32,32,grouped_conv_forward_bf16_2d_64x64x64_compv4,30.42,10
69,1,1266,232,1,32,32,1,1,1,1,32,32,grouped_conv_forward_bf16_2d_64x64x64_compv5,29.75,11
69,1,1266,232,1,32,32,1,1,1,1,32,32,grouped_conv_forward_bf16_2d_64x64x64_compv3,29.69,12
69,1,1266,232,1,32,32,1,1,1,1,32,32,grouped_conv_forward_bf16_2d_32x64x128_compv5,29.42,13
69,1,1266,232,1,32,32,1,1,1,1,32,32,grouped_conv_forward_bf16_2d_32x64x128_compv3,29.36,14
69,1,1266,232,1,32,32,1,1,1,1,32,32,grouped_conv_forward_bf16_2d_32x128x64_compv4,28.90,15
69,1,1266,232,1,32,32,1,1,1,1,32,32,grouped_conv_forward_bf16_2d_32x64x128_compv4,27.63,16
69,1,1266,232,1,32,32,1,1,1,1,32,32,grouped_conv_forward_bf16_2d_64x64x128_compv5,22.67,17
69,1,1266,232,1,32,32,1,1,1,1,32,32,grouped_conv_forward_bf16_2d_64x64x128_compv3,22.59,18
69,1,1266,232,1,32,32,1,1,1,1,32,32,grouped_conv_forward_bf16_2d_128x64x128_compv5,22.55,19
69,1,1266,232,1,32,32,1,1,1,1,32,32,grouped_conv_forward_bf16_2d_128x64x128_compv3,22.49,20
69,1,1266,232,1,32,32,1,1,1,1,32,32,grouped_conv_forward_bf16_2d_32x128x64_compv3,20.78,21
69,1,1266,232,1,32,32,1,1,1,1,32,32,grouped_conv_forward_bf16_2d_32x128x64_compv5,20.78,22
69,1,1266,232,1,32,32,1,1,1,1,32,32,grouped_conv_forward_bf16_2d_128x128x64_compv4,19.29,23
69,1,1266,232,1,32,32,1,1,1,1,32,32,grouped_conv_forward_bf16_2d_128x64x128_compv4,19.16,24
69,1,1266,232,1,32,32,1,1,1,1,32,32,grouped_conv_forward_bf16_2d_64x64x128_compv4,18.89,25
69,1,1266,232,1,32,32,1,1,1,1,32,32,grouped_conv_forward_bf16_2d_64x128x64_compv4,18.88,26
69,1,1266,232,1,32,32,1,1,1,1,32,32,grouped_conv_forward_bf16_2d_128x128x64_compv5,17.30,27
69,1,1266,232,1,32,32,1,1,1,1,32,32,grouped_conv_forward_bf16_2d_128x128x64_compv3,17.28,28
69,1,1266,232,1,32,32,1,1,1,1,32,32,grouped_conv_forward_bf16_2d_64x128x64_compv3,16.99,29
69,1,1266,232,1,32,32,1,1,1,1,32,32,grouped_conv_forward_bf16_2d_64x128x64_compv5,16.98,30
70,1,232,232,1,1024,1024,3,3,2,2,512,512,grouped_conv_forward_bf16_2d_128x128x64_compv5,294.91,1
70,1,232,232,1,1024,1024,3,3,2,2,512,512,grouped_conv_forward_bf16_2d_128x128x64_compv3,294.48,2
70,1,232,232,1,1024,1024,3,3,2,2,512,512,grouped_conv_forward_bf16_2d_64x128x64_compv3,272.65,3
70,1,232,232,1,1024,1024,3,3,2,2,512,512,grouped_conv_forward_bf16_2d_64x128x64_compv5,252.60,4
70,1,232,232,1,1024,1024,3,3,2,2,512,512,grouped_conv_forward_bf16_2d_128x64x128_compv3,249.21,5
70,1,232,232,1,1024,1024,3,3,2,2,512,512,grouped_conv_forward_bf16_2d_32x128x64_compv5,241.33,6
70,1,232,232,1,1024,1024,3,3,2,2,512,512,grouped_conv_forward_bf16_2d_32x128x64_compv3,236.90,7
70,1,232,232,1,1024,1024,3,3,2,2,512,512,grouped_conv_forward_bf16_2d_128x64x128_compv5,235.98,8
70,1,232,232,1,1024,1024,3,3,2,2,512,512,grouped_conv_forward_bf16_2d_64x64x128_compv3,230.17,9
70,1,232,232,1,1024,1024,3,3,2,2,512,512,grouped_conv_forward_bf16_2d_64x64x128_compv5,217.27,10
70,1,232,232,1,1024,1024,3,3,2,2,512,512,grouped_conv_forward_bf16_2d_64x64x64_compv3,216.85,11
70,1,232,232,1,1024,1024,3,3,2,2,512,512,grouped_conv_forward_bf16_2d_64x64x64_compv5,209.51,12
70,1,232,232,1,1024,1024,3,3,2,2,512,512,grouped_conv_forward_bf16_2d_32x64x128_compv3,208.12,13
70,1,232,232,1,1024,1024,3,3,2,2,512,512,grouped_conv_forward_bf16_2d_32x64x128_compv5,208.07,14
70,1,232,232,1,1024,1024,3,3,2,2,512,512,grouped_conv_forward_bf16_2d_32x64x64_compv5,177.41,15
70,1,232,232,1,1024,1024,3,3,2,2,512,512,grouped_conv_forward_bf16_2d_32x64x64_compv3,172.18,16
70,1,232,232,1,1024,1024,3,3,2,2,512,512,grouped_conv_forward_bf16_2d_16x64x128_compv5,154.42,17
70,1,232,232,1,1024,1024,3,3,2,2,512,512,grouped_conv_forward_bf16_2d_32x128x64_compv4,153.21,18
70,1,232,232,1,1024,1024,3,3,2,2,512,512,grouped_conv_forward_bf16_2d_32x64x128_compv4,153.21,19
70,1,232,232,1,1024,1024,3,3,2,2,512,512,grouped_conv_forward_bf16_2d_16x64x128_compv3,150.34,20
70,1,232,232,1,1024,1024,3,3,2,2,512,512,grouped_conv_forward_bf16_2d_32x64x64_compv4,146.61,21
70,1,232,232,1,1024,1024,3,3,2,2,512,512,grouped_conv_forward_bf16_2d_16x64x64_compv5,142.97,22
70,1,232,232,1,1024,1024,3,3,2,2,512,512,grouped_conv_forward_bf16_2d_16x64x64_compv3,139.65,23
70,1,232,232,1,1024,1024,3,3,2,2,512,512,grouped_conv_forward_bf16_2d_16x64x128_compv4,136.09,24
70,1,232,232,1,1024,1024,3,3,2,2,512,512,grouped_conv_forward_bf16_2d_16x64x64_compv4,131.59,25
70,1,232,232,1,1024,1024,3,3,2,2,512,512,grouped_conv_forward_bf16_2d_64x64x128_compv4,123.85,26
70,1,232,232,1,1024,1024,3,3,2,2,512,512,grouped_conv_forward_bf16_2d_64x128x64_compv4,119.98,27
70,1,232,232,1,1024,1024,3,3,2,2,512,512,grouped_conv_forward_bf16_2d_64x64x64_compv4,118.57,28
70,1,232,232,1,1024,1024,3,3,2,2,512,512,grouped_conv_forward_bf16_2d_128x128x64_compv4,117.97,29
70,1,232,232,1,1024,1024,3,3,2,2,512,512,grouped_conv_forward_bf16_2d_128x64x128_compv4,114.33,30
71,1,304,304,304,130,130,3,3,2,2,64,64,grouped_conv_forward_bf16_2d_32x64x64_compv5,36.37,1
71,1,304,304,304,130,130,3,3,2,2,64,64,grouped_conv_forward_bf16_2d_32x64x64_compv3,35.63,2
71,1,304,304,304,130,130,3,3,2,2,64,64,grouped_conv_forward_bf16_2d_64x64x64_compv5,35.56,3
71,1,304,304,304,130,130,3,3,2,2,64,64,grouped_conv_forward_bf16_2d_64x64x64_compv3,35.36,4
71,1,304,304,304,130,130,3,3,2,2,64,64,grouped_conv_forward_bf16_2d_16x64x64_compv5,32.26,5
71,1,304,304,304,130,130,3,3,2,2,64,64,grouped_conv_forward_bf16_2d_16x64x64_compv3,32.22,6
71,1,304,304,304,130,130,3,3,2,2,64,64,grouped_conv_forward_bf16_2d_32x64x64_compv4,21.96,7
71,1,304,304,304,130,130,3,3,2,2,64,64,grouped_conv_forward_bf16_2d_64x64x64_compv4,20.15,8
71,1,304,304,304,130,130,3,3,2,2,64,64,grouped_conv_forward_bf16_2d_16x64x64_compv4,20.01,9
71,1,304,304,304,130,130,3,3,2,2,64,64,grouped_conv_forward_bf16_2d_32x128x64_compv5,15.45,10
71,1,304,304,304,130,130,3,3,2,2,64,64,grouped_conv_forward_bf16_2d_32x128x64_compv3,15.36,11
71,1,304,304,304,130,130,3,3,2,2,64,64,grouped_conv_forward_bf16_2d_32x64x128_compv5,14.78,12
71,1,304,304,304,130,130,3,3,2,2,64,64,grouped_conv_forward_bf16_2d_32x64x128_compv3,14.69,13
71,1,304,304,304,130,130,3,3,2,2,64,64,grouped_conv_forward_bf16_2d_64x128x64_compv3,14.46,14
71,1,304,304,304,130,130,3,3,2,2,64,64,grouped_conv_forward_bf16_2d_64x128x64_compv5,14.27,15
71,1,304,304,304,130,130,3,3,2,2,64,64,grouped_conv_forward_bf16_2d_64x64x128_compv3,14.17,16
71,1,304,304,304,130,130,3,3,2,2,64,64,grouped_conv_forward_bf16_2d_64x64x128_compv5,14.10,17
71,1,304,304,304,130,130,3,3,2,2,64,64,grouped_conv_forward_bf16_2d_32x128x64_compv4,13.77,18
71,1,304,304,304,130,130,3,3,2,2,64,64,grouped_conv_forward_bf16_2d_16x64x128_compv5,13.25,19
71,1,304,304,304,130,130,3,3,2,2,64,64,grouped_conv_forward_bf16_2d_32x64x128_compv4,13.25,20
71,1,304,304,304,130,130,3,3,2,2,64,64,grouped_conv_forward_bf16_2d_16x64x128_compv3,13.22,21
71,1,304,304,304,130,130,3,3,2,2,64,64,grouped_conv_forward_bf16_2d_128x64x128_compv3,13.05,22
71,1,304,304,304,130,130,3,3,2,2,64,64,grouped_conv_forward_bf16_2d_128x64x128_compv5,12.74,23
71,1,304,304,304,130,130,3,3,2,2,64,64,grouped_conv_forward_bf16_2d_128x128x64_compv3,12.66,24
71,1,304,304,304,130,130,3,3,2,2,64,64,grouped_conv_forward_bf16_2d_128x128x64_compv5,12.37,25
71,1,304,304,304,130,130,3,3,2,2,64,64,grouped_conv_forward_bf16_2d_16x64x128_compv4,11.94,26
71,1,304,304,304,130,130,3,3,2,2,64,64,grouped_conv_forward_bf16_2d_64x128x64_compv4,11.67,27
71,1,304,304,304,130,130,3,3,2,2,64,64,grouped_conv_forward_bf16_2d_128x128x64_compv4,11.59,28
71,1,304,304,304,130,130,3,3,2,2,64,64,grouped_conv_forward_bf16_2d_128x64x128_compv4,11.36,29
71,1,304,304,304,130,130,3,3,2,2,64,64,grouped_conv_forward_bf16_2d_64x64x128_compv4,11.33,30
72,1,128,128,1,32,32,3,3,1,1,32,32,grouped_conv_forward_bf16_2d_16x64x64_compv4,24.80,1
72,1,128,128,1,32,32,3,3,1,1,32,32,grouped_conv_forward_bf16_2d_16x64x128_compv4,24.59,2
72,1,128,128,1,32,32,3,3,1,1,32,32,grouped_conv_forward_bf16_2d_16x64x128_compv5,24.32,3
72,1,128,128,1,32,32,3,3,1,1,32,32,grouped_conv_forward_bf16_2d_16x64x128_compv3,24.20,4
72,1,128,128,1,32,32,3,3,1,1,32,32,grouped_conv_forward_bf16_2d_32x64x128_compv3,20.71,5
72,1,128,128,1,32,32,3,3,1,1,32,32,grouped_conv_forward_bf16_2d_32x64x128_compv5,20.69,6
72,1,128,128,1,32,32,3,3,1,1,32,32,grouped_conv_forward_bf16_2d_32x64x128_compv4,19.99,7
72,1,128,128,1,32,32,3,3,1,1,32,32,grouped_conv_forward_bf16_2d_16x64x64_compv3,19.22,8
72,1,128,128,1,32,32,3,3,1,1,32,32,grouped_conv_forward_bf16_2d_16x64x64_compv5,19.19,9
72,1,128,128,1,32,32,3,3,1,1,32,32,grouped_conv_forward_bf16_2d_32x64x64_compv4,19.05,10
72,1,128,128,1,32,32,3,3,1,1,32,32,grouped_conv_forward_bf16_2d_32x128x64_compv4,18.99,11
72,1,128,128,1,32,32,3,3,1,1,32,32,grouped_conv_forward_bf16_2d_64x64x128_compv3,15.92,12
72,1,128,128,1,32,32,3,3,1,1,32,32,grouped_conv_forward_bf16_2d_64x64x128_compv5,15.89,13
72,1,128,128,1,32,32,3,3,1,1,32,32,grouped_conv_forward_bf16_2d_32x64x64_compv5,15.86,14
72,1,128,128,1,32,32,3,3,1,1,32,32,grouped_conv_forward_bf16_2d_32x64x64_compv3,15.81,15
72,1,128,128,1,32,32,3,3,1,1,32,32,grouped_conv_forward_bf16_2d_128x64x128_compv3,14.97,16
72,1,128,128,1,32,32,3,3,1,1,32,32,grouped_conv_forward_bf16_2d_128x64x128_compv5,14.87,17
72,1,128,128,1,32,32,3,3,1,1,32,32,grouped_conv_forward_bf16_2d_64x64x128_compv4,14.52,18
72,1,128,128,1,32,32,3,3,1,1,32,32,grouped_conv_forward_bf16_2d_64x128x64_compv4,14.12,19
72,1,128,128,1,32,32,3,3,1,1,32,32,grouped_conv_forward_bf16_2d_32x128x64_compv3,13.69,20
72,1,128,128,1,32,32,3,3,1,1,32,32,grouped_conv_forward_bf16_2d_32x128x64_compv5,13.66,21
72,1,128,128,1,32,32,3,3,1,1,32,32,grouped_conv_forward_bf16_2d_128x64x128_compv4,13.45,22
72,1,128,128,1,32,32,3,3,1,1,32,32,grouped_conv_forward_bf16_2d_64x64x64_compv4,13.37,23
72,1,128,128,1,32,32,3,3,1,1,32,32,grouped_conv_forward_bf16_2d_128x128x64_compv4,13.31,24
72,1,128,128,1,32,32,3,3,1,1,32,32,grouped_conv_forward_bf16_2d_64x64x64_compv3,12.50,25
72,1,128,128,1,32,32,3,3,1,1,32,32,grouped_conv_forward_bf16_2d_64x64x64_compv5,12.45,26
72,1,128,128,1,32,32,3,3,1,1,32,32,grouped_conv_forward_bf16_2d_64x128x64_compv3,11.97,27
72,1,128,128,1,32,32,3,3,1,1,32,32,grouped_conv_forward_bf16_2d_64x128x64_compv5,11.94,28
72,1,128,128,1,32,32,3,3,1,1,32,32,grouped_conv_forward_bf16_2d_128x128x64_compv3,11.22,29
72,1,128,128,1,32,32,3,3,1,1,32,32,grouped_conv_forward_bf16_2d_128x128x64_compv5,11.17,30
73,1,24,96,1,256,256,3,3,2,2,128,128,grouped_conv_forward_bf16_2d_128x128x64_compv5,86.80,1
73,1,24,96,1,256,256,3,3,2,2,128,128,grouped_conv_forward_bf16_2d_32x128x64_compv5,81.96,2
73,1,24,96,1,256,256,3,3,2,2,128,128,grouped_conv_forward_bf16_2d_64x64x64_compv5,79.59,3
73,1,24,96,1,256,256,3,3,2,2,128,128,grouped_conv_forward_bf16_2d_32x64x128_compv5,79.07,4
73,1,24,96,1,256,256,3,3,2,2,128,128,grouped_conv_forward_bf16_2d_64x128x64_compv5,78.89,5
73,1,24,96,1,256,256,3,3,2,2,128,128,grouped_conv_forward_bf16_2d_32x128x64_compv3,78.50,6
73,1,24,96,1,256,256,3,3,2,2,128,128,grouped_conv_forward_bf16_2d_32x64x128_compv3,77.69,7
73,1,24,96,1,256,256,3,3,2,2,128,128,grouped_conv_forward_bf16_2d_64x64x128_compv5,77.66,8
73,1,24,96,1,256,256,3,3,2,2,128,128,grouped_conv_forward_bf16_2d_32x64x64_compv5,76.16,9
73,1,24,96,1,256,256,3,3,2,2,128,128,grouped_conv_forward_bf16_2d_128x128x64_compv3,75.95,10
73,1,24,96,1,256,256,3,3,2,2,128,128,grouped_conv_forward_bf16_2d_64x64x64_compv3,75.29,11
73,1,24,96,1,256,256,3,3,2,2,128,128,grouped_conv_forward_bf16_2d_64x128x64_compv3,74.67,12
73,1,24,96,1,256,256,3,3,2,2,128,128,grouped_conv_forward_bf16_2d_128x64x128_compv5,74.54,13
73,1,24,96,1,256,256,3,3,2,2,128,128,grouped_conv_forward_bf16_2d_64x64x128_compv3,73.60,14
73,1,24,96,1,256,256,3,3,2,2,128,128,grouped_conv_forward_bf16_2d_128x64x128_compv3,73.10,15
73,1,24,96,1,256,256,3,3,2,2,128,128,grouped_conv_forward_bf16_2d_32x64x64_compv3,73.03,16
73,1,24,96,1,256,256,3,3,2,2,128,128,grouped_conv_forward_bf16_2d_16x64x64_compv5,71.13,17
73,1,24,96,1,256,256,3,3,2,2,128,128,grouped_conv_forward_bf16_2d_16x64x128_compv5,70.19,18
73,1,24,96,1,256,256,3,3,2,2,128,128,grouped_conv_forward_bf16_2d_16x64x64_compv3,69.11,19
73,1,24,96,1,256,256,3,3,2,2,128,128,grouped_conv_forward_bf16_2d_16x64x128_compv3,68.58,20
73,1,24,96,1,256,256,3,3,2,2,128,128,grouped_conv_forward_bf16_2d_32x64x64_compv4,58.39,21
73,1,24,96,1,256,256,3,3,2,2,128,128,grouped_conv_forward_bf16_2d_32x128x64_compv4,55.47,22
73,1,24,96,1,256,256,3,3,2,2,128,128,grouped_conv_forward_bf16_2d_32x64x128_compv4,55.35,23
73,1,24,96,1,256,256,3,3,2,2,128,128,grouped_conv_forward_bf16_2d_16x64x64_compv4,55.34,24
73,1,24,96,1,256,256,3,3,2,2,128,128,grouped_conv_forward_bf16_2d_64x128x64_compv4,52.02,25
73,1,24,96,1,256,256,3,3,2,2,128,128,grouped_conv_forward_bf16_2d_16x64x128_compv4,51.57,26
73,1,24,96,1,256,256,3,3,2,2,128,128,grouped_conv_forward_bf16_2d_64x64x128_compv4,51.04,27
73,1,24,96,1,256,256,3,3,2,2,128,128,grouped_conv_forward_bf16_2d_64x64x64_compv4,49.74,28
73,1,24,96,1,256,256,3,3,2,2,128,128,grouped_conv_forward_bf16_2d_128x128x64_compv4,48.71,29
73,1,24,96,1,256,256,3,3,2,2,128,128,grouped_conv_forward_bf16_2d_128x64x128_compv4,48.26,30
74,1,512,8,1,32,32,3,3,1,1,32,32,grouped_conv_forward_bf16_2d_16x64x128_compv5,13.10,1
74,1,512,8,1,32,32,3,3,1,1,32,32,grouped_conv_forward_bf16_2d_16x64x128_compv3,13.06,2
74,1,512,8,1,32,32,3,3,1,1,32,32,grouped_conv_forward_bf16_2d_16x64x128_compv4,13.01,3
74,1,512,8,1,32,32,3,3,1,1,32,32,grouped_conv_forward_bf16_2d_32x64x128_compv3,11.46,4
74,1,512,8,1,32,32,3,3,1,1,32,32,grouped_conv_forward_bf16_2d_32x64x128_compv5,11.43,5
74,1,512,8,1,32,32,3,3,1,1,32,32,grouped_conv_forward_bf16_2d_32x64x128_compv4,10.88,6
74,1,512,8,1,32,32,3,3,1,1,32,32,grouped_conv_forward_bf16_2d_16x64x64_compv4,10.01,7
74,1,512,8,1,32,32,3,3,1,1,32,32,grouped_conv_forward_bf16_2d_16x64x64_compv5,8.92,8
74,1,512,8,1,32,32,3,3,1,1,32,32,grouped_conv_forward_bf16_2d_64x64x128_compv5,8.90,9
74,1,512,8,1,32,32,3,3,1,1,32,32,grouped_conv_forward_bf16_2d_16x64x64_compv3,8.89,10
74,1,512,8,1,32,32,3,3,1,1,32,32,grouped_conv_forward_bf16_2d_64x64x128_compv3,8.88,11
74,1,512,8,1,32,32,3,3,1,1,32,32,grouped_conv_forward_bf16_2d_128x64x128_compv3,8.30,12
74,1,512,8,1,32,32,3,3,1,1,32,32,grouped_conv_forward_bf16_2d_128x64x128_compv5,8.29,13
74,1,512,8,1,32,32,3,3,1,1,32,32,grouped_conv_forward_bf16_2d_32x64x64_compv4,8.07,14
74,1,512,8,1,32,32,3,3,1,1,32,32,grouped_conv_forward_bf16_2d_64x64x128_compv4,7.87,15
74,1,512,8,1,32,32,3,3,1,1,32,32,grouped_conv_forward_bf16_2d_32x64x64_compv5,7.43,16
74,1,512,8,1,32,32,3,3,1,1,32,32,grouped_conv_forward_bf16_2d_32x64x64_compv3,7.36,17
74,1,512,8,1,32,32,3,3,1,1,32,32,grouped_conv_forward_bf16_2d_128x64x128_compv4,7.12,18
74,1,512,8,1,32,32,3,3,1,1,32,32,grouped_conv_forward_bf16_2d_32x128x64_compv4,6.61,19
74,1,512,8,1,32,32,3,3,1,1,32,32,grouped_conv_forward_bf16_2d_64x64x64_compv5,5.71,20
74,1,512,8,1,32,32,3,3,1,1,32,32,grouped_conv_forward_bf16_2d_64x64x64_compv3,5.71,21
74,1,512,8,1,32,32,3,3,1,1,32,32,grouped_conv_forward_bf16_2d_64x64x64_compv4,5.60,22
74,1,512,8,1,32,32,3,3,1,1,32,32,grouped_conv_forward_bf16_2d_32x128x64_compv3,5.35,23
74,1,512,8,1,32,32,3,3,1,1,32,32,grouped_conv_forward_bf16_2d_32x128x64_compv5,5.34,24
74,1,512,8,1,32,32,3,3,1,1,32,32,grouped_conv_forward_bf16_2d_64x128x64_compv4,4.54,25
74,1,512,8,1,32,32,3,3,1,1,32,32,grouped_conv_forward_bf16_2d_128x128x64_compv3,4.48,26
74,1,512,8,1,32,32,3,3,1,1,32,32,grouped_conv_forward_bf16_2d_64x128x64_compv5,4.48,27
74,1,512,8,1,32,32,3,3,1,1,32,32,grouped_conv_forward_bf16_2d_64x128x64_compv3,4.48,28
74,1,512,8,1,32,32,3,3,1,1,32,32,grouped_conv_forward_bf16_2d_128x128x64_compv5,4.47,29
74,1,512,8,1,32,32,3,3,1,1,32,32,grouped_conv_forward_bf16_2d_128x128x64_compv4,4.32,30
75,1,128,32,1,24,24,1,1,1,1,24,24,grouped_conv_forward_bf16_2d_16x64x128_compv3,1.23,1
75,1,128,32,1,24,24,1,1,1,1,24,24,grouped_conv_forward_bf16_2d_16x64x64_compv3,1.21,2
75,1,128,32,1,24,24,1,1,1,1,24,24,grouped_conv_forward_bf16_2d_16x64x128_compv5,1.20,3
75,1,128,32,1,24,24,1,1,1,1,24,24,grouped_conv_forward_bf16_2d_16x64x64_compv5,1.17,4
75,1,128,32,1,24,24,1,1,1,1,24,24,grouped_conv_forward_bf16_2d_32x64x128_compv3,1.13,5
75,1,128,32,1,24,24,1,1,1,1,24,24,grouped_conv_forward_bf16_2d_32x64x128_compv5,1.12,6
75,1,128,32,1,24,24,1,1,1,1,24,24,grouped_conv_forward_bf16_2d_16x64x128_compv4,1.10,7
75,1,128,32,1,24,24,1,1,1,1,24,24,grouped_conv_forward_bf16_2d_16x64x64_compv4,1.09,8
75,1,128,32,1,24,24,1,1,1,1,24,24,grouped_conv_forward_bf16_2d_32x64x64_compv5,1.09,9
75,1,128,32,1,24,24,1,1,1,1,24,24,grouped_conv_forward_bf16_2d_32x64x64_compv3,1.05,10
75,1,128,32,1,24,24,1,1,1,1,24,24,grouped_conv_forward_bf16_2d_32x64x128_compv4,1.01,11
75,1,128,32,1,24,24,1,1,1,1,24,24,grouped_conv_forward_bf16_2d_64x64x128_compv3,1.00,12
75,1,128,32,1,24,24,1,1,1,1,24,24,grouped_conv_forward_bf16_2d_64x64x128_compv5,1.00,13
75,1,128,32,1,24,24,1,1,1,1,24,24,grouped_conv_forward_bf16_2d_32x64x64_compv4,0.98,14
75,1,128,32,1,24,24,1,1,1,1,24,24,grouped_conv_forward_bf16_2d_128x64x128_compv3,0.97,15
75,1,128,32,1,24,24,1,1,1,1,24,24,grouped_conv_forward_bf16_2d_64x64x64_compv5,0.95,16
75,1,128,32,1,24,24,1,1,1,1,24,24,grouped_conv_forward_bf16_2d_128x64x128_compv5,0.94,17
75,1,128,32,1,24,24,1,1,1,1,24,24,grouped_conv_forward_bf16_2d_64x64x64_compv3,0.94,18
75,1,128,32,1,24,24,1,1,1,1,24,24,grouped_conv_forward_bf16_2d_64x64x128_compv4,0.89,19
75,1,128,32,1,24,24,1,1,1,1,24,24,grouped_conv_forward_bf16_2d_128x64x128_compv4,0.87,20
75,1,128,32,1,24,24,1,1,1,1,24,24,grouped_conv_forward_bf16_2d_64x64x64_compv4,0.84,21
75,1,128,32,1,24,24,1,1,1,1,24,24,grouped_conv_forward_bf16_2d_32x128x64_compv5,0.34,22
75,1,128,32,1,24,24,1,1,1,1,24,24,grouped_conv_forward_bf16_2d_32x128x64_compv3,0.32,23
75,1,128,32,1,24,24,1,1,1,1,24,24,grouped_conv_forward_bf16_2d_32x128x64_compv4,0.32,24
75,1,128,32,1,24,24,1,1,1,1,24,24,grouped_conv_forward_bf16_2d_64x128x64_compv5,0.29,25
75,1,128,32,1,24,24,1,1,1,1,24,24,grouped_conv_forward_bf16_2d_64x128x64_compv3,0.28,26
75,1,128,32,1,24,24,1,1,1,1,24,24,grouped_conv_forward_bf16_2d_64x128x64_compv4,0.26,27
75,1,128,32,1,24,24,1,1,1,1,24,24,grouped_conv_forward_bf16_2d_128x128x64_compv4,0.24,28
75,1,128,32,1,24,24,1,1,1,1,24,24,grouped_conv_forward_bf16_2d_128x128x64_compv3,0.24,29
75,1,128,32,1,24,24,1,1,1,1,24,24,grouped_conv_forward_bf16_2d_128x128x64_compv5,0.23,30
76,1,1088,1088,1,7,7,1,1,1,1,7,7,grouped_conv_forward_bf16_2d_16x64x64_compv4,8.59,1
76,1,1088,1088,1,7,7,1,1,1,1,7,7,grouped_conv_forward_bf16_2d_16x64x64_compv5,7.73,2
76,1,1088,1088,1,7,7,1,1,1,1,7,7,grouped_conv_forward_bf16_2d_16x64x64_compv3,7.66,3
76,1,1088,1088,1,7,7,1,1,1,1,7,7,grouped_conv_forward_bf16_2d_32x128x64_compv4,7.48,4
76,1,1088,1088,1,7,7,1,1,1,1,7,7,grouped_conv_forward_bf16_2d_32x64x64_compv4,7.48,5
76,1,1088,1088,1,7,7,1,1,1,1,7,7,grouped_conv_forward_bf16_2d_16x64x128_compv3,7.13,6
76,1,1088,1088,1,7,7,1,1,1,1,7,7,grouped_conv_forward_bf16_2d_16x64x128_compv4,7.13,7
76,1,1088,1088,1,7,7,1,1,1,1,7,7,grouped_conv_forward_bf16_2d_16x64x128_compv5,7.12,8
76,1,1088,1088,1,7,7,1,1,1,1,7,7,grouped_conv_forward_bf16_2d_32x64x64_compv5,6.54,9
76,1,1088,1088,1,7,7,1,1,1,1,7,7,grouped_conv_forward_bf16_2d_32x64x64_compv3,6.40,10
76,1,1088,1088,1,7,7,1,1,1,1,7,7,grouped_conv_forward_bf16_2d_32x64x128_compv5,6.38,11
76,1,1088,1088,1,7,7,1,1,1,1,7,7,grouped_conv_forward_bf16_2d_32x64x128_compv3,6.32,12
76,1,1088,1088,1,7,7,1,1,1,1,7,7,grouped_conv_forward_bf16_2d_32x64x128_compv4,6.16,13
76,1,1088,1088,1,7,7,1,1,1,1,7,7,grouped_conv_forward_bf16_2d_32x128x64_compv5,5.78,14
76,1,1088,1088,1,7,7,1,1,1,1,7,7,grouped_conv_forward_bf16_2d_32x128x64_compv3,5.74,15
76,1,1088,1088,1,7,7,1,1,1,1,7,7,grouped_conv_forward_bf16_2d_64x128x64_compv4,5.69,16
76,1,1088,1088,1,7,7,1,1,1,1,7,7,grouped_conv_forward_bf16_2d_128x128x64_compv4,5.34,17
76,1,1088,1088,1,7,7,1,1,1,1,7,7,grouped_conv_forward_bf16_2d_64x64x64_compv4,5.31,18
76,1,1088,1088,1,7,7,1,1,1,1,7,7,grouped_conv_forward_bf16_2d_64x64x64_compv5,5.21,19
76,1,1088,1088,1,7,7,1,1,1,1,7,7,grouped_conv_forward_bf16_2d_64x64x64_compv3,5.19,20
76,1,1088,1088,1,7,7,1,1,1,1,7,7,grouped_conv_forward_bf16_2d_64x128x64_compv5,5.10,21
76,1,1088,1088,1,7,7,1,1,1,1,7,7,grouped_conv_forward_bf16_2d_64x64x128_compv5,5.07,22
76,1,1088,1088,1,7,7,1,1,1,1,7,7,grouped_conv_forward_bf16_2d_64x128x64_compv3,5.05,23
76,1,1088,1088,1,7,7,1,1,1,1,7,7,grouped_conv_forward_bf16_2d_64x64x128_compv3,4.99,24
76,1,1088,1088,1,7,7,1,1,1,1,7,7,grouped_conv_forward_bf16_2d_128x64x128_compv5,4.99,25
76,1,1088,1088,1,7,7,1,1,1,1,7,7,grouped_conv_forward_bf16_2d_128x64x128_compv3,4.94,26
76,1,1088,1088,1,7,7,1,1,1,1,7,7,grouped_conv_forward_bf16_2d_128x128x64_compv5,4.75,27
76,1,1088,1088,1,7,7,1,1,1,1,7,7,grouped_conv_forward_bf16_2d_128x128x64_compv3,4.74,28
76,1,1088,1088,1,7,7,1,1,1,1,7,7,grouped_conv_forward_bf16_2d_64x64x128_compv4,4.51,29
76,1,1088,1088,1,7,7,1,1,1,1,7,7,grouped_conv_forward_bf16_2d_128x64x128_compv4,4.44,30
77,1,96,54,1,111,111,1,1,1,1,111,111,grouped_conv_forward_bf16_2d_16x64x64_compv3,14.68,1
77,1,96,54,1,111,111,1,1,1,1,111,111,grouped_conv_forward_bf16_2d_32x64x64_compv5,14.67,2
77,1,96,54,1,111,111,1,1,1,1,111,111,grouped_conv_forward_bf16_2d_32x64x64_compv3,14.50,3
77,1,96,54,1,111,111,1,1,1,1,111,111,grouped_conv_forward_bf16_2d_16x64x64_compv5,14.50,4
77,1,96,54,1,111,111,1,1,1,1,111,111,grouped_conv_forward_bf16_2d_16x64x128_compv3,14.11,5
77,1,96,54,1,111,111,1,1,1,1,111,111,grouped_conv_forward_bf16_2d_16x64x128_compv5,13.62,6
77,1,96,54,1,111,111,1,1,1,1,111,111,grouped_conv_forward_bf16_2d_32x64x128_compv3,13.58,7
77,1,96,54,1,111,111,1,1,1,1,111,111,grouped_conv_forward_bf16_2d_32x64x128_compv5,13.48,8
77,1,96,54,1,111,111,1,1,1,1,111,111,grouped_conv_forward_bf16_2d_32x128x64_compv3,13.33,9
77,1,96,54,1,111,111,1,1,1,1,111,111,grouped_conv_forward_bf16_2d_32x128x64_compv5,13.23,10
77,1,96,54,1,111,111,1,1,1,1,111,111,grouped_conv_forward_bf16_2d_32x128x64_compv4,12.81,11
77,1,96,54,1,111,111,1,1,1,1,111,111,grouped_conv_forward_bf16_2d_64x64x64_compv3,12.62,12
77,1,96,54,1,111,111,1,1,1,1,111,111,grouped_conv_forward_bf16_2d_64x64x64_compv5,12.58,13
77,1,96,54,1,111,111,1,1,1,1,111,111,grouped_conv_forward_bf16_2d_64x128x64_compv3,12.37,14
77,1,96,54,1,111,111,1,1,1,1,111,111,grouped_conv_forward_bf16_2d_32x64x128_compv4,12.34,15
77,1,96,54,1,111,111,1,1,1,1,111,111,grouped_conv_forward_bf16_2d_64x64x128_compv3,12.25,16
77,1,96,54,1,111,111,1,1,1,1,111,111,grouped_conv_forward_bf16_2d_64x128x64_compv5,12.23,17
77,1,96,54,1,111,111,1,1,1,1,111,111,grouped_conv_forward_bf16_2d_64x64x128_compv5,12.10,18
77,1,96,54,1,111,111,1,1,1,1,111,111,grouped_conv_forward_bf16_2d_32x64x64_compv4,11.79,19
77,1,96,54,1,111,111,1,1,1,1,111,111,grouped_conv_forward_bf16_2d_16x64x128_compv4,11.69,20
77,1,96,54,1,111,111,1,1,1,1,111,111,grouped_conv_forward_bf16_2d_128x128x64_compv5,11.23,21
77,1,96,54,1,111,111,1,1,1,1,111,111,grouped_conv_forward_bf16_2d_16x64x64_compv4,11.19,22
77,1,96,54,1,111,111,1,1,1,1,111,111,grouped_conv_forward_bf16_2d_128x128x64_compv4,10.90,23
77,1,96,54,1,111,111,1,1,1,1,111,111,grouped_conv_forward_bf16_2d_64x128x64_compv4,10.87,24
77,1,96,54,1,111,111,1,1,1,1,111,111,grouped_conv_forward_bf16_2d_128x64x128_compv5,10.73,25
77,1,96,54,1,111,111,1,1,1,1,111,111,grouped_conv_forward_bf16_2d_128x128x64_compv3,10.71,26
77,1,96,54,1,111,111,1,1,1,1,111,111,grouped_conv_forward_bf16_2d_128x64x128_compv3,10.65,27
77,1,96,54,1,111,111,1,1,1,1,111,111,grouped_conv_forward_bf16_2d_128x64x128_compv4,10.61,28
77,1,96,54,1,111,111,1,1,1,1,111,111,grouped_conv_forward_bf16_2d_64x64x128_compv4,10.36,29
77,1,96,54,1,111,111,1,1,1,1,111,111,grouped_conv_forward_bf16_2d_64x64x64_compv4,10.06,30
78,4,48,48,1,32,32,3,3,1,1,32,32,grouped_conv_forward_bf16_2d_16x64x128_compv4,42.11,1
78,4,48,48,1,32,32,3,3,1,1,32,32,grouped_conv_forward_bf16_2d_16x64x128_compv3,41.78,2
78,4,48,48,1,32,32,3,3,1,1,32,32,grouped_conv_forward_bf16_2d_16x64x128_compv5,41.47,3
78,4,48,48,1,32,32,3,3,1,1,32,32,grouped_conv_forward_bf16_2d_16x64x64_compv4,39.69,4
78,4,48,48,1,32,32,3,3,1,1,32,32,grouped_conv_forward_bf16_2d_32x64x128_compv5,38.85,5
78,4,48,48,1,32,32,3,3,1,1,32,32,grouped_conv_forward_bf16_2d_32x64x128_compv3,38.61,6
78,4,48,48,1,32,32,3,3,1,1,32,32,grouped_conv_forward_bf16_2d_32x64x128_compv4,37.13,7
78,4,48,48,1,32,32,3,3,1,1,32,32,grouped_conv_forward_bf16_2d_16x64x64_compv3,36.32,8
78,4,48,48,1,32,32,3,3,1,1,32,32,grouped_conv_forward_bf16_2d_16x64x64_compv5,36.06,9
78,4,48,48,1,32,32,3,3,1,1,32,32,grouped_conv_forward_bf16_2d_32x64x64_compv4,32.85,10
78,4,48,48,1,32,32,3,3,1,1,32,32,grouped_conv_forward_bf16_2d_64x64x128_compv3,31.06,11
78,4,48,48,1,32,32,3,3,1,1,32,32,grouped_conv_forward_bf16_2d_64x64x128_compv5,30.98,12
78,4,48,48,1,32,32,3,3,1,1,32,32,grouped_conv_forward_bf16_2d_32x64x64_compv5,29.43,13
78,4,48,48,1,32,32,3,3,1,1,32,32,grouped_conv_forward_bf16_2d_64x64x128_compv4,29.32,14
78,4,48,48,1,32,32,3,3,1,1,32,32,grouped_conv_forward_bf16_2d_32x64x64_compv3,29.00,15
78,4,48,48,1,32,32,3,3,1,1,32,32,grouped_conv_forward_bf16_2d_128x64x128_compv3,28.93,16
78,4,48,48,1,32,32,3,3,1,1,32,32,grouped_conv_forward_bf16_2d_128x64x128_compv5,28.80,17
78,4,48,48,1,32,32,3,3,1,1,32,32,grouped_conv_forward_bf16_2d_128x64x128_compv4,28.35,18
78,4,48,48,1,32,32,3,3,1,1,32,32,grouped_conv_forward_bf16_2d_64x64x64_compv4,26.03,19
78,4,48,48,1,32,32,3,3,1,1,32,32,grouped_conv_forward_bf16_2d_64x64x64_compv3,25.34,20
78,4,48,48,1,32,32,3,3,1,1,32,32,grouped_conv_forward_bf16_2d_64x64x64_compv5,25.29,21
78,4,48,48,1,32,32,3,3,1,1,32,32,grouped_conv_forward_bf16_2d_32x128x64_compv4,14.24,22
78,4,48,48,1,32,32,3,3,1,1,32,32,grouped_conv_forward_bf16_2d_32x128x64_compv5,11.99,23
78,4,48,48,1,32,32,3,3,1,1,32,32,grouped_conv_forward_bf16_2d_32x128x64_compv3,11.98,24
78,4,48,48,1,32,32,3,3,1,1,32,32,grouped_conv_forward_bf16_2d_64x128x64_compv4,11.22,25
78,4,48,48,1,32,32,3,3,1,1,32,32,grouped_conv_forward_bf16_2d_128x128x64_compv4,11.06,26
78,4,48,48,1,32,32,3,3,1,1,32,32,grouped_conv_forward_bf16_2d_64x128x64_compv3,10.76,27
78,4,48,48,1,32,32,3,3,1,1,32,32,grouped_conv_forward_bf16_2d_64x128x64_compv5,10.68,28
78,4,48,48,1,32,32,3,3,1,1,32,32,grouped_conv_forward_bf16_2d_128x128x64_compv3,10.39,29
78,4,48,48,1,32,32,3,3,1,1,32,32,grouped_conv_forward_bf16_2d_128x128x64_compv5,10.31,30
79,1,1024,512,1,16,16,1,1,1,1,16,16,grouped_conv_forward_bf16_2d_16x64x64_compv4,21.91,1
79,1,1024,512,1,16,16,1,1,1,1,16,16,grouped_conv_forward_bf16_2d_16x64x128_compv5,20.91,2
79,1,1024,512,1,16,16,1,1,1,1,16,16,grouped_conv_forward_bf16_2d_16x64x128_compv3,20.82,3
79,1,1024,512,1,16,16,1,1,1,1,16,16,grouped_conv_forward_bf16_2d_16x64x128_compv4,20.76,4
79,1,1024,512,1,16,16,1,1,1,1,16,16,grouped_conv_forward_bf16_2d_16x64x64_compv5,18.01,5
79,1,1024,512,1,16,16,1,1,1,1,16,16,grouped_conv_forward_bf16_2d_16x64x64_compv3,17.92,6
79,1,1024,512,1,16,16,1,1,1,1,16,16,grouped_conv_forward_bf16_2d_32x64x128_compv5,17.80,7
79,1,1024,512,1,16,16,1,1,1,1,16,16,grouped_conv_forward_bf16_2d_32x64x128_compv3,17.67,8
79,1,1024,512,1,16,16,1,1,1,1,16,16,grouped_conv_forward_bf16_2d_32x64x64_compv4,16.86,9
79,1,1024,512,1,16,16,1,1,1,1,16,16,grouped_conv_forward_bf16_2d_32x64x128_compv4,16.79,10
79,1,1024,512,1,16,16,1,1,1,1,16,16,grouped_conv_forward_bf16_2d_32x128x64_compv4,16.78,11
79,1,1024,512,1,16,16,1,1,1,1,16,16,grouped_conv_forward_bf16_2d_32x64x64_compv5,14.27,12
79,1,1024,512,1,16,16,1,1,1,1,16,16,grouped_conv_forward_bf16_2d_32x64x64_compv3,14.05,13
79,1,1024,512,1,16,16,1,1,1,1,16,16,grouped_conv_forward_bf16_2d_128x64x128_compv5,13.37,14
79,1,1024,512,1,16,16,1,1,1,1,16,16,grouped_conv_forward_bf16_2d_128x64x128_compv3,13.36,15
79,1,1024,512,1,16,16,1,1,1,1,16,16,grouped_conv_forward_bf16_2d_64x64x128_compv5,13.35,16
79,1,1024,512,1,16,16,1,1,1,1,16,16,grouped_conv_forward_bf16_2d_64x64x128_compv3,13.26,17
79,1,1024,512,1,16,16,1,1,1,1,16,16,grouped_conv_forward_bf16_2d_32x128x64_compv5,11.82,18
79,1,1024,512,1,16,16,1,1,1,1,16,16,grouped_conv_forward_bf16_2d_32x128x64_compv3,11.68,19
79,1,1024,512,1,16,16,1,1,1,1,16,16,grouped_conv_forward_bf16_2d_64x64x64_compv4,11.62,20
79,1,1024,512,1,16,16,1,1,1,1,16,16,grouped_conv_forward_bf16_2d_64x128x64_compv4,11.49,21
79,1,1024,512,1,16,16,1,1,1,1,16,16,grouped_conv_forward_bf16_2d_128x64x128_compv4,11.47,22
79,1,1024,512,1,16,16,1,1,1,1,16,16,grouped_conv_forward_bf16_2d_64x64x128_compv4,11.38,23
79,1,1024,512,1,16,16,1,1,1,1,16,16,grouped_conv_forward_bf16_2d_64x64x64_compv5,11.38,24
79,1,1024,512,1,16,16,1,1,1,1,16,16,grouped_conv_forward_bf16_2d_128x128x64_compv4,11.32,25
79,1,1024,512,1,16,16,1,1,1,1,16,16,grouped_conv_forward_bf16_2d_64x64x64_compv3,11.31,26
79,1,1024,512,1,16,16,1,1,1,1,16,16,grouped_conv_forward_bf16_2d_64x128x64_compv5,10.09,27
79,1,1024,512,1,16,16,1,1,1,1,16,16,grouped_conv_forward_bf16_2d_64x128x64_compv3,10.03,28
79,1,1024,512,1,16,16,1,1,1,1,16,16,grouped_conv_forward_bf16_2d_128x128x64_compv5,9.58,29
79,1,1024,512,1,16,16,1,1,1,1,16,16,grouped_conv_forward_bf16_2d_128x128x64_compv3,9.56,30
80,1,256,64,1,56,56,3,3,1,1,56,56,grouped_conv_forward_bf16_2d_16x64x64_compv4,46.37,1
80,1,256,64,1,56,56,3,3,1,1,56,56,grouped_conv_forward_bf16_2d_16x64x128_compv3,45.94,2
80,1,256,64,1,56,56,3,3,1,1,56,56,grouped_conv_forward_bf16_2d_16x64x128_compv4,45.86,3
80,1,256,64,1,56,56,3,3,1,1,56,56,grouped_conv_forward_bf16_2d_16x64x128_compv5,45.79,4
80,1,256,64,1,56,56,3,3,1,1,56,56,grouped_conv_forward_bf16_2d_32x64x128_compv5,40.58,5
80,1,256,64,1,56,56,3,3,1,1,56,56,grouped_conv_forward_bf16_2d_32x64x128_compv3,40.54,6
80,1,256,64,1,56,56,3,3,1,1,56,56,grouped_conv_forward_bf16_2d_32x128x64_compv4,37.81,7
80,1,256,64,1,56,56,3,3,1,1,56,56,grouped_conv_forward_bf16_2d_32x64x64_compv4,37.79,8
80,1,256,64,1,56,56,3,3,1,1,56,56,grouped_conv_forward_bf16_2d_32x64x128_compv4,37.59,9
80,1,256,64,1,56,56,3,3,1,1,56,56,grouped_conv_forward_bf16_2d_16x64x64_compv5,37.23,10
80,1,256,64,1,56,56,3,3,1,1,56,56,grouped_conv_forward_bf16_2d_16x64x64_compv3,37.22,11
80,1,256,64,1,56,56,3,3,1,1,56,56,grouped_conv_forward_bf16_2d_128x64x128_compv5,31.95,12
80,1,256,64,1,56,56,3,3,1,1,56,56,grouped_conv_forward_bf16_2d_128x64x128_compv3,31.61,13
80,1,256,64,1,56,56,3,3,1,1,56,56,grouped_conv_forward_bf16_2d_64x64x128_compv5,30.03,14
80,1,256,64,1,56,56,3,3,1,1,56,56,grouped_conv_forward_bf16_2d_64x64x128_compv3,30.02,15
80,1,256,64,1,56,56,3,3,1,1,56,56,grouped_conv_forward_bf16_2d_32x64x64_compv5,29.74,16
80,1,256,64,1,56,56,3,3,1,1,56,56,grouped_conv_forward_bf16_2d_32x64x64_compv3,29.56,17
80,1,256,64,1,56,56,3,3,1,1,56,56,grouped_conv_forward_bf16_2d_64x128x64_compv4,25.48,18
80,1,256,64,1,56,56,3,3,1,1,56,56,grouped_conv_forward_bf16_2d_128x128x64_compv4,25.31,19
80,1,256,64,1,56,56,3,3,1,1,56,56,grouped_conv_forward_bf16_2d_128x64x128_compv4,25.13,20
80,1,256,64,1,56,56,3,3,1,1,56,56,grouped_conv_forward_bf16_2d_64x64x128_compv4,25.10,21
80,1,256,64,1,56,56,3,3,1,1,56,56,grouped_conv_forward_bf16_2d_64x64x64_compv4,25.05,22
80,1,256,64,1,56,56,3,3,1,1,56,56,grouped_conv_forward_bf16_2d_32x128x64_compv5,24.66,23
80,1,256,64,1,56,56,3,3,1,1,56,56,grouped_conv_forward_bf16_2d_32x128x64_compv3,24.65,24
80,1,256,64,1,56,56,3,3,1,1,56,56,grouped_conv_forward_bf16_2d_64x64x64_compv3,24.05,25
80,1,256,64,1,56,56,3,3,1,1,56,56,grouped_conv_forward_bf16_2d_64x64x64_compv5,24.01,26
80,1,256,64,1,56,56,3,3,1,1,56,56,grouped_conv_forward_bf16_2d_128x128x64_compv3,22.66,27
80,1,256,64,1,56,56,3,3,1,1,56,56,grouped_conv_forward_bf16_2d_128x128x64_compv5,22.52,28
80,1,256,64,1,56,56,3,3,1,1,56,56,grouped_conv_forward_bf16_2d_64x128x64_compv3,20.89,29
80,1,256,64,1,56,56,3,3,1,1,56,56,grouped_conv_forward_bf16_2d_64x128x64_compv5,20.85,30
81,1,144,144,9,128,128,3,3,1,1,128,128,grouped_conv_forward_bf16_2d_32x128x64_compv5,72.45,1
81,1,144,144,9,128,128,3,3,1,1,128,128,grouped_conv_forward_bf16_2d_32x128x64_compv3,71.45,2
81,1,144,144,9,128,128,3,3,1,1,128,128,grouped_conv_forward_bf16_2d_64x64x128_compv5,71.29,3
81,1,144,144,9,128,128,3,3,1,1,128,128,grouped_conv_forward_bf16_2d_32x64x128_compv5,71.00,4
81,1,144,144,9,128,128,3,3,1,1,128,128,grouped_conv_forward_bf16_2d_64x64x128_compv3,70.15,5
81,1,144,144,9,128,128,3,3,1,1,128,128,grouped_conv_forward_bf16_2d_128x128x64_compv5,69.90,6
81,1,144,144,9,128,128,3,3,1,1,128,128,grouped_conv_forward_bf16_2d_32x64x128_compv3,69.88,7
81,1,144,144,9,128,128,3,3,1,1,128,128,grouped_conv_forward_bf16_2d_64x128x64_compv5,69.61,8
81,1,144,144,9,128,128,3,3,1,1,128,128,grouped_conv_forward_bf16_2d_128x64x128_compv5,68.89,9
81,1,144,144,9,128,128,3,3,1,1,128,128,grouped_conv_forward_bf16_2d_64x128x64_compv3,68.53,10
81,1,144,144,9,128,128,3,3,1,1,128,128,grouped_conv_forward_bf16_2d_64x64x64_compv5,67.53,11
81,1,144,144,9,128,128,3,3,1,1,128,128,grouped_conv_forward_bf16_2d_128x64x128_compv3,67.36,12
81,1,144,144,9,128,128,3,3,1,1,128,128,grouped_conv_forward_bf16_2d_128x128x64_compv3,67.02,13
81,1,144,144,9,128,128,3,3,1,1,128,128,grouped_conv_forward_bf16_2d_64x64x64_compv3,66.63,14
81,1,144,144,9,128,128,3,3,1,1,128,128,grouped_conv_forward_bf16_2d_32x64x64_compv5,64.93,15
81,1,144,144,9,128,128,3,3,1,1,128,128,grouped_conv_forward_bf16_2d_32x64x64_compv3,63.95,16
81,1,144,144,9,128,128,3,3,1,1,128,128,grouped_conv_forward_bf16_2d_16x64x128_compv5,60.20,17
81,1,144,144,9,128,128,3,3,1,1,128,128,grouped_conv_forward_bf16_2d_16x64x128_compv3,59.71,18
81,1,144,144,9,128,128,3,3,1,1,128,128,grouped_conv_forward_bf16_2d_16x64x64_compv5,57.16,19
81,1,144,144,9,128,128,3,3,1,1,128,128,grouped_conv_forward_bf16_2d_16x64x64_compv3,56.68,20
81,1,144,144,9,128,128,3,3,1,1,128,128,grouped_conv_forward_bf16_2d_32x64x128_compv4,46.58,21
81,1,144,144,9,128,128,3,3,1,1,128,128,grouped_conv_forward_bf16_2d_32x64x64_compv4,43.43,22
81,1,144,144,9,128,128,3,3,1,1,128,128,grouped_conv_forward_bf16_2d_16x64x128_compv4,41.58,23
81,1,144,144,9,128,128,3,3,1,1,128,128,grouped_conv_forward_bf16_2d_64x64x128_compv4,39.47,24
81,1,144,144,9,128,128,3,3,1,1,128,128,grouped_conv_forward_bf16_2d_16x64x64_compv4,39.24,25
81,1,144,144,9,128,128,3,3,1,1,128,128,grouped_conv_forward_bf16_2d_32x128x64_compv4,39.10,26
81,1,144,144,9,128,128,3,3,1,1,128,128,grouped_conv_forward_bf16_2d_128x64x128_compv4,38.31,27
81,1,144,144,9,128,128,3,3,1,1,128,128,grouped_conv_forward_bf16_2d_64x64x64_compv4,37.54,28
81,1,144,144,9,128,128,3,3,1,1,128,128,grouped_conv_forward_bf16_2d_64x128x64_compv4,34.20,29
81,1,144,144,9,128,128,3,3,1,1,128,128,grouped_conv_forward_bf16_2d_128x128x64_compv4,32.82,30
82,4,2112,192,1,7,7,1,1,1,1,7,7,grouped_conv_forward_bf16_2d_16x64x64_compv4,8.97,1
82,4,2112,192,1,7,7,1,1,1,1,7,7,grouped_conv_forward_bf16_2d_32x64x64_compv4,7.82,2
82,4,2112,192,1,7,7,1,1,1,1,7,7,grouped_conv_forward_bf16_2d_16x64x128_compv5,7.69,3
82,4,2112,192,1,7,7,1,1,1,1,7,7,grouped_conv_forward_bf16_2d_16x64x128_compv3,7.64,4
82,4,2112,192,1,7,7,1,1,1,1,7,7,grouped_conv_forward_bf16_2d_16x64x128_compv4,7.55,5
82,4,2112,192,1,7,7,1,1,1,1,7,7,grouped_conv_forward_bf16_2d_32x64x128_compv5,7.53,6
82,4,2112,192,1,7,7,1,1,1,1,7,7,grouped_conv_forward_bf16_2d_32x64x128_compv3,7.46,7
82,4,2112,192,1,7,7,1,1,1,1,7,7,grouped_conv_forward_bf16_2d_32x64x128_compv4,6.83,8
82,4,2112,192,1,7,7,1,1,1,1,7,7,grouped_conv_forward_bf16_2d_16x64x64_compv5,6.60,9
82,4,2112,192,1,7,7,1,1,1,1,7,7,grouped_conv_forward_bf16_2d_16x64x64_compv3,6.59,10
82,4,2112,192,1,7,7,1,1,1,1,7,7,grouped_conv_forward_bf16_2d_32x128x64_compv4,6.31,11
82,4,2112,192,1,7,7,1,1,1,1,7,7,grouped_conv_forward_bf16_2d_32x64x64_compv5,6.06,12
82,4,2112,192,1,7,7,1,1,1,1,7,7,grouped_conv_forward_bf16_2d_32x64x64_compv3,6.00,13
82,4,2112,192,1,7,7,1,1,1,1,7,7,grouped_conv_forward_bf16_2d_64x64x128_compv5,5.31,14
82,4,2112,192,1,7,7,1,1,1,1,7,7,grouped_conv_forward_bf16_2d_128x64x128_compv5,5.31,15
82,4,2112,192,1,7,7,1,1,1,1,7,7,grouped_conv_forward_bf16_2d_128x64x128_compv3,5.29,16
82,4,2112,192,1,7,7,1,1,1,1,7,7,grouped_conv_forward_bf16_2d_64x64x128_compv3,5.27,17
82,4,2112,192,1,7,7,1,1,1,1,7,7,grouped_conv_forward_bf16_2d_64x64x64_compv4,5.25,18
82,4,2112,192,1,7,7,1,1,1,1,7,7,grouped_conv_forward_bf16_2d_64x64x64_compv3,4.89,19
82,4,2112,192,1,7,7,1,1,1,1,7,7,grouped_conv_forward_bf16_2d_64x64x64_compv5,4.89,20
82,4,2112,192,1,7,7,1,1,1,1,7,7,grouped_conv_forward_bf16_2d_128x128x64_compv4,4.57,21
82,4,2112,192,1,7,7,1,1,1,1,7,7,grouped_conv_forward_bf16_2d_64x128x64_compv4,4.57,22
82,4,2112,192,1,7,7,1,1,1,1,7,7,grouped_conv_forward_bf16_2d_64x64x128_compv4,4.38,23
82,4,2112,192,1,7,7,1,1,1,1,7,7,grouped_conv_forward_bf16_2d_32x128x64_compv5,4.22,24
82,4,2112,192,1,7,7,1,1,1,1,7,7,grouped_conv_forward_bf16_2d_128x64x128_compv4,4.19,25
82,4,2112,192,1,7,7,1,1,1,1,7,7,grouped_conv_forward_bf16_2d_32x128x64_compv3,4.19,26
82,4,2112,192,1,7,7,1,1,1,1,7,7,grouped_conv_forward_bf16_2d_128x128x64_compv5,3.94,27
82,4,2112,192,1,7,7,1,1,1,1,7,7,grouped_conv_forward_bf16_2d_128x128x64_compv3,3.93,28
82,4,2112,192,1,7,7,1,1,1,1,7,7,grouped_conv_forward_bf16_2d_64x128x64_compv5,3.93,29
82,4,2112,192,1,7,7,1,1,1,1,7,7,grouped_conv_forward_bf16_2d_64x128x64_compv3,3.92,30
83,1,72,72,72,59,59,5,5,2,2,28,28,grouped_conv_forward_bf16_2d_32x64x64_compv5,1.94,1
83,1,72,72,72,59,59,5,5,2,2,28,28,grouped_conv_forward_bf16_2d_32x64x64_compv3,1.88,2
83,1,72,72,72,59,59,5,5,2,2,28,28,grouped_conv_forward_bf16_2d_16x64x64_compv5,1.80,3
83,1,72,72,72,59,59,5,5,2,2,28,28,grouped_conv_forward_bf16_2d_16x64x64_compv3,1.78,4
83,1,72,72,72,59,59,5,5,2,2,28,28,grouped_conv_forward_bf16_2d_32x128x64_compv5,1.76,5
83,1,72,72,72,59,59,5,5,2,2,28,28,grouped_conv_forward_bf16_2d_64x64x64_compv3,1.72,6
83,1,72,72,72,59,59,5,5,2,2,28,28,grouped_conv_forward_bf16_2d_32x128x64_compv3,1.69,7
83,1,72,72,72,59,59,5,5,2,2,28,28,grouped_conv_forward_bf16_2d_64x64x64_compv5,1.69,8
83,1,72,72,72,59,59,5,5,2,2,28,28,grouped_conv_forward_bf16_2d_32x64x64_compv4,1.65,9
83,1,72,72,72,59,59,5,5,2,2,28,28,grouped_conv_forward_bf16_2d_64x128x64_compv5,1.56,10
83,1,72,72,72,59,59,5,5,2,2,28,28,grouped_conv_forward_bf16_2d_16x64x64_compv4,1.56,11
83,1,72,72,72,59,59,5,5,2,2,28,28,grouped_conv_forward_bf16_2d_64x128x64_compv3,1.53,12
83,1,72,72,72,59,59,5,5,2,2,28,28,grouped_conv_forward_bf16_2d_16x64x128_compv5,1.52,13
83,1,72,72,72,59,59,5,5,2,2,28,28,grouped_conv_forward_bf16_2d_16x64x128_compv3,1.51,14
83,1,72,72,72,59,59,5,5,2,2,28,28,grouped_conv_forward_bf16_2d_32x64x128_compv3,1.47,15
83,1,72,72,72,59,59,5,5,2,2,28,28,grouped_conv_forward_bf16_2d_32x128x64_compv4,1.45,16
83,1,72,72,72,59,59,5,5,2,2,28,28,grouped_conv_forward_bf16_2d_128x128x64_compv5,1.45,17
83,1,72,72,72,59,59,5,5,2,2,28,28,grouped_conv_forward_bf16_2d_32x64x128_compv5,1.45,18
83,1,72,72,72,59,59,5,5,2,2,28,28,grouped_conv_forward_bf16_2d_128x128x64_compv3,1.44,19
83,1,72,72,72,59,59,5,5,2,2,28,28,grouped_conv_forward_bf16_2d_64x64x64_compv4,1.39,20
83,1,72,72,72,59,59,5,5,2,2,28,28,grouped_conv_forward_bf16_2d_16x64x128_compv4,1.35,21
83,1,72,72,72,59,59,5,5,2,2,28,28,grouped_conv_forward_bf16_2d_64x128x64_compv4,1.34,22
83,1,72,72,72,59,59,5,5,2,2,28,28,grouped_conv_forward_bf16_2d_128x128x64_compv4,1.32,23
83,1,72,72,72,59,59,5,5,2,2,28,28,grouped_conv_forward_bf16_2d_64x64x128_compv3,1.29,24
83,1,72,72,72,59,59,5,5,2,2,28,28,grouped_conv_forward_bf16_2d_128x64x128_compv3,1.27,25
83,1,72,72,72,59,59,5,5,2,2,28,28,grouped_conv_forward_bf16_2d_64x64x128_compv5,1.26,26
83,1,72,72,72,59,59,5,5,2,2,28,28,grouped_conv_forward_bf16_2d_32x64x128_compv4,1.23,27
83,1,72,72,72,59,59,5,5,2,2,28,28,grouped_conv_forward_bf16_2d_128x64x128_compv5,1.23,28
83,1,72,72,72,59,59,5,5,2,2,28,28,grouped_conv_forward_bf16_2d_128x64x128_compv4,1.15,29
83,1,72,72,72,59,59,5,5,2,2,28,28,grouped_conv_forward_bf16_2d_64x64x128_compv4,1.13,30
84,4,160,16,1,1,1,1,1,1,1,1,1,grouped_conv_forward_bf16_2d_32x64x128_compv5,0.12,1
84,4,160,16,1,1,1,1,1,1,1,1,1,grouped_conv_forward_bf16_2d_32x128x64_compv5,0.12,2
84,4,160,16,1,1,1,1,1,1,1,1,1,grouped_conv_forward_bf16_2d_16x64x128_compv4,0.12,3
84,4,160,16,1,1,1,1,1,1,1,1,1,grouped_conv_forward_bf16_2d_32x128x64_compv4,0.11,4
84,4,160,16,1,1,1,1,1,1,1,1,1,grouped_conv_forward_bf16_2d_16x64x128_compv5,0.11,5
84,4,160,16,1,1,1,1,1,1,1,1,1,grouped_conv_forward_bf16_2d_64x64x128_compv5,0.11,6
84,4,160,16,1,1,1,1,1,1,1,1,1,grouped_conv_forward_bf16_2d_16x64x64_compv4,0.11,7
84,4,160,16,1,1,1,1,1,1,1,1,1,grouped_conv_forward_bf16_2d_32x64x128_compv3,0.10,8
84,4,160,16,1,1,1,1,1,1,1,1,1,grouped_conv_forward_bf16_2d_16x64x128_compv3,0.10,9
84,4,160,16,1,1,1,1,1,1,1,1,1,grouped_conv_forward_bf16_2d_64x64x128_compv3,0.10,10
84,4,160,16,1,1,1,1,1,1,1,1,1,grouped_conv_forward_bf16_2d_128x64x128_compv5,0.10,11
84,4,160,16,1,1,1,1,1,1,1,1,1,grouped_conv_forward_bf16_2d_128x64x128_compv3,0.10,12
84,4,160,16,1,1,1,1,1,1,1,1,1,grouped_conv_forward_bf16_2d_32x64x64_compv5,0.10,13
84,4,160,16,1,1,1,1,1,1,1,1,1,grouped_conv_forward_bf16_2d_16x64x64_compv5,0.10,14
84,4,160,16,1,1,1,1,1,1,1,1,1,grouped_conv_forward_bf16_2d_16x64x64_compv3,0.09,15
84,4,160,16,1,1,1,1,1,1,1,1,1,grouped_conv_forward_bf16_2d_64x128x64_compv5,0.09,16
84,4,160,16,1,1,1,1,1,1,1,1,1,grouped_conv_forward_bf16_2d_32x64x128_compv4,0.09,17
84,4,160,16,1,1,1,1,1,1,1,1,1,grouped_conv_forward_bf16_2d_32x128x64_compv3,0.09,18
84,4,160,16,1,1,1,1,1,1,1,1,1,grouped_conv_forward_bf16_2d_32x64x64_compv4,0.09,19
84,4,160,16,1,1,1,1,1,1,1,1,1,grouped_conv_forward_bf16_2d_128x128x64_compv4,0.09,20
84,4,160,16,1,1,1,1,1,1,1,1,1,grouped_conv_forward_bf16_2d_64x64x128_compv4,0.09,21
84,4,160,16,1,1,1,1,1,1,1,1,1,grouped_conv_forward_bf16_2d_128x64x128_compv4,0.09,22
84,4,160,16,1,1,1,1,1,1,1,1,1,grouped_conv_forward_bf16_2d_64x128x64_compv3,0.09,23
84,4,160,16,1,1,1,1,1,1,1,1,1,grouped_conv_forward_bf16_2d_64x128x64_compv4,0.08,24
84,4,160,16,1,1,1,1,1,1,1,1,1,grouped_conv_forward_bf16_2d_128x128x64_compv5,0.08,25
84,4,160,16,1,1,1,1,1,1,1,1,1,grouped_conv_forward_bf16_2d_64x64x64_compv5,0.08,26
84,4,160,16,1,1,1,1,1,1,1,1,1,grouped_conv_forward_bf16_2d_128x128x64_compv3,0.08,27
84,4,160,16,1,1,1,1,1,1,1,1,1,grouped_conv_forward_bf16_2d_32x64x64_compv3,0.08,28
84,4,160,16,1,1,1,1,1,1,1,1,1,grouped_conv_forward_bf16_2d_64x64x64_compv3,0.07,29
84,4,160,16,1,1,1,1,1,1,1,1,1,grouped_conv_forward_bf16_2d_64x64x64_compv4,0.06,30
85,1,160,160,1,8,8,3,3,1,1,8,8,grouped_conv_forward_bf16_2d_16x64x64_compv4,2.70,1
85,1,160,160,1,8,8,3,3,1,1,8,8,grouped_conv_forward_bf16_2d_16x64x128_compv4,2.44,2
85,1,160,160,1,8,8,3,3,1,1,8,8,grouped_conv_forward_bf16_2d_16x64x64_compv5,2.42,3
85,1,160,160,1,8,8,3,3,1,1,8,8,grouped_conv_forward_bf16_2d_16x64x64_compv3,2.41,4
85,1,160,160,1,8,8,3,3,1,1,8,8,grouped_conv_forward_bf16_2d_16x64x128_compv5,2.38,5
85,1,160,160,1,8,8,3,3,1,1,8,8,grouped_conv_forward_bf16_2d_16x64x128_compv3,2.37,6
85,1,160,160,1,8,8,3,3,1,1,8,8,grouped_conv_forward_bf16_2d_32x128x64_compv4,2.31,7
85,1,160,160,1,8,8,3,3,1,1,8,8,grouped_conv_forward_bf16_2d_32x64x64_compv4,2.08,8
85,1,160,160,1,8,8,3,3,1,1,8,8,grouped_conv_forward_bf16_2d_32x64x128_compv3,2.03,9
85,1,160,160,1,8,8,3,3,1,1,8,8,grouped_conv_forward_bf16_2d_32x64x128_compv5,2.02,10
85,1,160,160,1,8,8,3,3,1,1,8,8,grouped_conv_forward_bf16_2d_32x64x128_compv4,1.92,11
85,1,160,160,1,8,8,3,3,1,1,8,8,grouped_conv_forward_bf16_2d_32x64x64_compv5,1.82,12
85,1,160,160,1,8,8,3,3,1,1,8,8,grouped_conv_forward_bf16_2d_32x64x64_compv3,1.78,13
85,1,160,160,1,8,8,3,3,1,1,8,8,grouped_conv_forward_bf16_2d_64x128x64_compv4,1.70,14
85,1,160,160,1,8,8,3,3,1,1,8,8,grouped_conv_forward_bf16_2d_32x128x64_compv5,1.69,15
85,1,160,160,1,8,8,3,3,1,1,8,8,grouped_conv_forward_bf16_2d_32x128x64_compv3,1.67,16
85,1,160,160,1,8,8,3,3,1,1,8,8,grouped_conv_forward_bf16_2d_64x64x128_compv5,1.64,17
85,1,160,160,1,8,8,3,3,1,1,8,8,grouped_conv_forward_bf16_2d_64x64x128_compv3,1.63,18
85,1,160,160,1,8,8,3,3,1,1,8,8,grouped_conv_forward_bf16_2d_128x64x128_compv5,1.57,19
85,1,160,160,1,8,8,3,3,1,1,8,8,grouped_conv_forward_bf16_2d_128x64x128_compv3,1.56,20
85,1,160,160,1,8,8,3,3,1,1,8,8,grouped_conv_forward_bf16_2d_128x128x64_compv4,1.56,21
85,1,160,160,1,8,8,3,3,1,1,8,8,grouped_conv_forward_bf16_2d_64x64x64_compv4,1.52,22
85,1,160,160,1,8,8,3,3,1,1,8,8,grouped_conv_forward_bf16_2d_64x128x64_compv5,1.51,23
85,1,160,160,1,8,8,3,3,1,1,8,8,grouped_conv_forward_bf16_2d_64x128x64_compv3,1.51,24
85,1,160,160,1,8,8,3,3,1,1,8,8,grouped_conv_forward_bf16_2d_64x64x64_compv3,1.48,25
85,1,160,160,1,8,8,3,3,1,1,8,8,grouped_conv_forward_bf16_2d_64x64x64_compv5,1.47,26
85,1,160,160,1,8,8,3,3,1,1,8,8,grouped_conv_forward_bf16_2d_128x128x64_compv5,1.45,27
85,1,160,160,1,8,8,3,3,1,1,8,8,grouped_conv_forward_bf16_2d_128x128x64_compv3,1.44,28
85,1,160,160,1,8,8,3,3,1,1,8,8,grouped_conv_forward_bf16_2d_64x64x128_compv4,1.44,29
85,1,160,160,1,8,8,3,3,1,1,8,8,grouped_conv_forward_bf16_2d_128x64x128_compv4,1.36,30
86,1,185,1280,1,64,64,1,1,1,1,64,64,grouped_conv_forward_bf16_2d_32x64x128_compv5,91.58,1
86,1,185,1280,1,64,64,1,1,1,1,64,64,grouped_conv_forward_bf16_2d_64x64x128_compv5,91.15,2
86,1,185,1280,1,64,64,1,1,1,1,64,64,grouped_conv_forward_bf16_2d_32x64x128_compv3,90.95,3
86,1,185,1280,1,64,64,1,1,1,1,64,64,grouped_conv_forward_bf16_2d_64x64x128_compv3,90.91,4
86,1,185,1280,1,64,64,1,1,1,1,64,64,grouped_conv_forward_bf16_2d_64x128x64_compv5,90.20,5
86,1,185,1280,1,64,64,1,1,1,1,64,64,grouped_conv_forward_bf16_2d_64x128x64_compv3,90.20,6
86,1,185,1280,1,64,64,1,1,1,1,64,64,grouped_conv_forward_bf16_2d_32x128x64_compv5,90.16,7
86,1,185,1280,1,64,64,1,1,1,1,64,64,grouped_conv_forward_bf16_2d_32x128x64_compv3,89.75,8
86,1,185,1280,1,64,64,1,1,1,1,64,64,grouped_conv_forward_bf16_2d_128x128x64_compv5,86.91,9
86,1,185,1280,1,64,64,1,1,1,1,64,64,grouped_conv_forward_bf16_2d_128x128x64_compv3,86.12,10
86,1,185,1280,1,64,64,1,1,1,1,64,64,grouped_conv_forward_bf16_2d_128x64x128_compv5,85.97,11
86,1,185,1280,1,64,64,1,1,1,1,64,64,grouped_conv_forward_bf16_2d_16x64x128_compv5,84.77,12
86,1,185,1280,1,64,64,1,1,1,1,64,64,grouped_conv_forward_bf16_2d_128x64x128_compv3,84.40,13
86,1,185,1280,1,64,64,1,1,1,1,64,64,grouped_conv_forward_bf16_2d_64x64x64_compv5,83.89,14
86,1,185,1280,1,64,64,1,1,1,1,64,64,grouped_conv_forward_bf16_2d_64x64x64_compv3,83.80,15
86,1,185,1280,1,64,64,1,1,1,1,64,64,grouped_conv_forward_bf16_2d_16x64x128_compv3,83.76,16
86,1,185,1280,1,64,64,1,1,1,1,64,64,grouped_conv_forward_bf16_2d_32x64x64_compv5,80.84,17
86,1,185,1280,1,64,64,1,1,1,1,64,64,grouped_conv_forward_bf16_2d_32x64x64_compv3,79.46,18
86,1,185,1280,1,64,64,1,1,1,1,64,64,grouped_conv_forward_bf16_2d_16x64x64_compv5,75.98,19
86,1,185,1280,1,64,64,1,1,1,1,64,64,grouped_conv_forward_bf16_2d_16x64x64_compv3,75.01,20
86,1,185,1280,1,64,64,1,1,1,1,64,64,grouped_conv_forward_bf16_2d_32x128x64_compv4,63.07,21
86,1,185,1280,1,64,64,1,1,1,1,64,64,grouped_conv_forward_bf16_2d_32x64x128_compv4,61.99,22
86,1,185,1280,1,64,64,1,1,1,1,64,64,grouped_conv_forward_bf16_2d_32x64x64_compv4,61.84,23
86,1,185,1280,1,64,64,1,1,1,1,64,64,grouped_conv_forward_bf16_2d_16x64x128_compv4,57.08,24
86,1,185,1280,1,64,64,1,1,1,1,64,64,grouped_conv_forward_bf16_2d_16x64x64_compv4,56.22,25
86,1,185,1280,1,64,64,1,1,1,1,64,64,grouped_conv_forward_bf16_2d_64x128x64_compv4,54.64,26
86,1,185,1280,1,64,64,1,1,1,1,64,64,grouped_conv_forward_bf16_2d_64x64x128_compv4,53.83,27
86,1,185,1280,1,64,64,1,1,1,1,64,64,grouped_conv_forward_bf16_2d_64x64x64_compv4,51.92,28
86,1,185,1280,1,64,64,1,1,1,1,64,64,grouped_conv_forward_bf16_2d_128x128x64_compv4,50.30,29
86,1,185,1280,1,64,64,1,1,1,1,64,64,grouped_conv_forward_bf16_2d_128x64x128_compv4,49.94,30
87,4,232,818,1,14,14,1,1,1,1,14,14,grouped_conv_forward_bf16_2d_32x64x64_compv4,40.67,1
87,4,232,818,1,14,14,1,1,1,1,14,14,grouped_conv_forward_bf16_2d_32x128x64_compv4,40.02,2
87,4,232,818,1,14,14,1,1,1,1,14,14,grouped_conv_forward_bf16_2d_32x64x128_compv5,39.98,3
87,4,232,818,1,14,14,1,1,1,1,14,14,grouped_conv_forward_bf16_2d_32x64x128_compv3,39.78,4
87,4,232,818,1,14,14,1,1,1,1,14,14,grouped_conv_forward_bf16_2d_16x64x64_compv4,39.68,5
87,4,232,818,1,14,14,1,1,1,1,14,14,grouped_conv_forward_bf16_2d_32x64x64_compv5,39.07,6
87,4,232,818,1,14,14,1,1,1,1,14,14,grouped_conv_forward_bf16_2d_16x64x128_compv5,38.76,7
87,4,232,818,1,14,14,1,1,1,1,14,14,grouped_conv_forward_bf16_2d_16x64x128_compv3,38.68,8
87,4,232,818,1,14,14,1,1,1,1,14,14,grouped_conv_forward_bf16_2d_16x64x64_compv5,38.23,9
87,4,232,818,1,14,14,1,1,1,1,14,14,grouped_conv_forward_bf16_2d_32x64x64_compv3,38.07,10
87,4,232,818,1,14,14,1,1,1,1,14,14,grouped_conv_forward_bf16_2d_16x64x64_compv3,37.77,11
87,4,232,818,1,14,14,1,1,1,1,14,14,grouped_conv_forward_bf16_2d_32x64x128_compv4,37.58,12
87,4,232,818,1,14,14,1,1,1,1,14,14,grouped_conv_forward_bf16_2d_64x64x64_compv4,37.50,13
87,4,232,818,1,14,14,1,1,1,1,14,14,grouped_conv_forward_bf16_2d_32x128x64_compv5,37.41,14
87,4,232,818,1,14,14,1,1,1,1,14,14,grouped_conv_forward_bf16_2d_16x64x128_compv4,37.25,15
87,4,232,818,1,14,14,1,1,1,1,14,14,grouped_conv_forward_bf16_2d_32x128x64_compv3,37.23,16
87,4,232,818,1,14,14,1,1,1,1,14,14,grouped_conv_forward_bf16_2d_64x64x64_compv5,35.27,17
87,4,232,818,1,14,14,1,1,1,1,14,14,grouped_conv_forward_bf16_2d_64x64x64_compv3,34.96,18
87,4,232,818,1,14,14,1,1,1,1,14,14,grouped_conv_forward_bf16_2d_128x128x64_compv4,33.21,19
87,4,232,818,1,14,14,1,1,1,1,14,14,grouped_conv_forward_bf16_2d_64x128x64_compv4,32.98,20
87,4,232,818,1,14,14,1,1,1,1,14,14,grouped_conv_forward_bf16_2d_64x64x128_compv5,32.64,21
87,4,232,818,1,14,14,1,1,1,1,14,14,grouped_conv_forward_bf16_2d_64x64x128_compv3,32.48,22
87,4,232,818,1,14,14,1,1,1,1,14,14,grouped_conv_forward_bf16_2d_128x64x128_compv5,32.07,23
87,4,232,818,1,14,14,1,1,1,1,14,14,grouped_conv_forward_bf16_2d_128x64x128_compv3,31.99,24
87,4,232,818,1,14,14,1,1,1,1,14,14,grouped_conv_forward_bf16_2d_128x64x128_compv4,31.94,25
87,4,232,818,1,14,14,1,1,1,1,14,14,grouped_conv_forward_bf16_2d_64x64x128_compv4,31.12,26
87,4,232,818,1,14,14,1,1,1,1,14,14,grouped_conv_forward_bf16_2d_64x128x64_compv5,30.04,27
87,4,232,818,1,14,14,1,1,1,1,14,14,grouped_conv_forward_bf16_2d_64x128x64_compv3,29.66,28
87,4,232,818,1,14,14,1,1,1,1,14,14,grouped_conv_forward_bf16_2d_128x128x64_compv5,28.06,29
87,4,232,818,1,14,14,1,1,1,1,14,14,grouped_conv_forward_bf16_2d_128x128x64_compv3,27.94,30
88,4,480,480,480,64,64,7,7,1,1,64,64,grouped_conv_forward_bf16_2d_32x128x64_compv3,79.07,1
88,4,480,480,480,64,64,7,7,1,1,64,64,grouped_conv_forward_bf16_2d_64x64x64_compv5,78.22,2
88,4,480,480,480,64,64,7,7,1,1,64,64,grouped_conv_forward_bf16_2d_32x128x64_compv5,77.98,3
88,4,480,480,480,64,64,7,7,1,1,64,64,grouped_conv_forward_bf16_2d_64x64x64_compv3,77.03,4
88,4,480,480,480,64,64,7,7,1,1,64,64,grouped_conv_forward_bf16_2d_64x128x64_compv3,76.43,5
88,4,480,480,480,64,64,7,7,1,1,64,64,grouped_conv_forward_bf16_2d_64x128x64_compv5,75.71,6
88,4,480,480,480,64,64,7,7,1,1,64,64,grouped_conv_forward_bf16_2d_128x128x64_compv3,72.74,7
88,4,480,480,480,64,64,7,7,1,1,64,64,grouped_conv_forward_bf16_2d_128x128x64_compv5,71.90,8
88,4,480,480,480,64,64,7,7,1,1,64,64,grouped_conv_forward_bf16_2d_32x64x64_compv5,70.66,9
88,4,480,480,480,64,64,7,7,1,1,64,64,grouped_conv_forward_bf16_2d_32x64x64_compv3,69.75,10
88,4,480,480,480,64,64,7,7,1,1,64,64,grouped_conv_forward_bf16_2d_16x64x64_compv5,61.24,11
88,4,480,480,480,64,64,7,7,1,1,64,64,grouped_conv_forward_bf16_2d_16x64x64_compv3,60.83,12
88,4,480,480,480,64,64,7,7,1,1,64,64,grouped_conv_forward_bf16_2d_32x64x128_compv5,60.53,13
88,4,480,480,480,64,64,7,7,1,1,64,64,grouped_conv_forward_bf16_2d_32x64x128_compv3,59.59,14
88,4,480,480,480,64,64,7,7,1,1,64,64,grouped_conv_forward_bf16_2d_64x64x128_compv5,59.51,15
88,4,480,480,480,64,64,7,7,1,1,64,64,grouped_conv_forward_bf16_2d_64x64x128_compv3,59.05,16
88,4,480,480,480,64,64,7,7,1,1,64,64,grouped_conv_forward_bf16_2d_128x64x128_compv5,54.27,17
88,4,480,480,480,64,64,7,7,1,1,64,64,grouped_conv_forward_bf16_2d_128x64x128_compv3,53.41,18
88,4,480,480,480,64,64,7,7,1,1,64,64,grouped_conv_forward_bf16_2d_16x64x128_compv5,51.77,19
88,4,480,480,480,64,64,7,7,1,1,64,64,grouped_conv_forward_bf16_2d_16x64x128_compv3,51.10,20
88,4,480,480,480,64,64,7,7,1,1,64,64,grouped_conv_forward_bf16_2d_32x64x128_compv4,39.53,21
88,4,480,480,480,64,64,7,7,1,1,64,64,grouped_conv_forward_bf16_2d_32x128x64_compv4,39.02,22
88,4,480,480,480,64,64,7,7,1,1,64,64,grouped_conv_forward_bf16_2d_32x64x64_compv4,36.58,23
88,4,480,480,480,64,64,7,7,1,1,64,64,grouped_conv_forward_bf16_2d_16x64x128_compv4,35.41,24
88,4,480,480,480,64,64,7,7,1,1,64,64,grouped_conv_forward_bf16_2d_16x64x64_compv4,33.56,25
88,4,480,480,480,64,64,7,7,1,1,64,64,grouped_conv_forward_bf16_2d_64x128x64_compv4,28.68,26
88,4,480,480,480,64,64,7,7,1,1,64,64,grouped_conv_forward_bf16_2d_128x64x128_compv4,28.33,27
88,4,480,480,480,64,64,7,7,1,1,64,64,grouped_conv_forward_bf16_2d_64x64x128_compv4,28.08,28
88,4,480,480,480,64,64,7,7,1,1,64,64,grouped_conv_forward_bf16_2d_128x128x64_compv4,27.97,29
88,4,480,480,480,64,64,7,7,1,1,64,64,grouped_conv_forward_bf16_2d_64x64x64_compv4,26.37,30
89,4,480,480,480,77,77,3,3,2,2,38,38,grouped_conv_forward_bf16_2d_32x128x64_compv3,58.20,1
89,4,480,480,480,77,77,3,3,2,2,38,38,grouped_conv_forward_bf16_2d_32x128x64_compv5,57.42,2
89,4,480,480,480,77,77,3,3,2,2,38,38,grouped_conv_forward_bf16_2d_64x128x64_compv3,55.52,3
89,4,480,480,480,77,77,3,3,2,2,38,38,grouped_conv_forward_bf16_2d_64x128x64_compv5,54.02,4
89,4,480,480,480,77,77,3,3,2,2,38,38,grouped_conv_forward_bf16_2d_128x128x64_compv3,53.84,5
89,4,480,480,480,77,77,3,3,2,2,38,38,grouped_conv_forward_bf16_2d_128x128x64_compv5,51.91,6
89,4,480,480,480,77,77,3,3,2,2,38,38,grouped_conv_forward_bf16_2d_64x64x64_compv3,45.19,7
89,4,480,480,480,77,77,3,3,2,2,38,38,grouped_conv_forward_bf16_2d_32x64x64_compv5,45.10,8
89,4,480,480,480,77,77,3,3,2,2,38,38,grouped_conv_forward_bf16_2d_32x64x64_compv3,44.88,9
89,4,480,480,480,77,77,3,3,2,2,38,38,grouped_conv_forward_bf16_2d_64x64x64_compv5,44.29,10
89,4,480,480,480,77,77,3,3,2,2,38,38,grouped_conv_forward_bf16_2d_32x64x128_compv5,41.68,11
89,4,480,480,480,77,77,3,3,2,2,38,38,grouped_conv_forward_bf16_2d_64x64x128_compv3,41.65,12
89,4,480,480,480,77,77,3,3,2,2,38,38,grouped_conv_forward_bf16_2d_32x64x128_compv3,41.36,13
89,4,480,480,480,77,77,3,3,2,2,38,38,grouped_conv_forward_bf16_2d_64x64x128_compv5,41.34,14
89,4,480,480,480,77,77,3,3,2,2,38,38,grouped_conv_forward_bf16_2d_128x64x128_compv3,41.19,15
89,4,480,480,480,77,77,3,3,2,2,38,38,grouped_conv_forward_bf16_2d_16x64x64_compv3,40.86,16
89,4,480,480,480,77,77,3,3,2,2,38,38,grouped_conv_forward_bf16_2d_128x64x128_compv5,40.60,17
89,4,480,480,480,77,77,3,3,2,2,38,38,grouped_conv_forward_bf16_2d_16x64x64_compv5,40.27,18
89,4,480,480,480,77,77,3,3,2,2,38,38,grouped_conv_forward_bf16_2d_16x64x128_compv3,37.60,19
89,4,480,480,480,77,77,3,3,2,2,38,38,grouped_conv_forward_bf16_2d_16x64x128_compv5,37.24,20
89,4,480,480,480,77,77,3,3,2,2,38,38,grouped_conv_forward_bf16_2d_32x128x64_compv4,25.91,21
89,4,480,480,480,77,77,3,3,2,2,38,38,grouped_conv_forward_bf16_2d_32x64x64_compv4,25.56,22
89,4,480,480,480,77,77,3,3,2,2,38,38,grouped_conv_forward_bf16_2d_32x64x128_compv4,25.39,23
89,4,480,480,480,77,77,3,3,2,2,38,38,grouped_conv_forward_bf16_2d_16x64x64_compv4,23.90,24
89,4,480,480,480,77,77,3,3,2,2,38,38,grouped_conv_forward_bf16_2d_16x64x128_compv4,23.84,25
89,4,480,480,480,77,77,3,3,2,2,38,38,grouped_conv_forward_bf16_2d_128x64x128_compv4,22.78,26
89,4,480,480,480,77,77,3,3,2,2,38,38,grouped_conv_forward_bf16_2d_128x128x64_compv4,22.36,27
89,4,480,480,480,77,77,3,3,2,2,38,38,grouped_conv_forward_bf16_2d_64x64x128_compv4,22.25,28
89,4,480,480,480,77,77,3,3,2,2,38,38,grouped_conv_forward_bf16_2d_64x128x64_compv4,22.21,29
89,4,480,480,480,77,77,3,3,2,2,38,38,grouped_conv_forward_bf16_2d_64x64x64_compv4,21.90,30
90,1,84,84,84,128,128,5,5,1,1,128,128,grouped_conv_forward_bf16_2d_32x128x64_compv5,41.25,1
90,1,84,84,84,128,128,5,5,1,1,128,128,grouped_conv_forward_bf16_2d_32x128x64_compv3,40.68,2
90,1,84,84,84,128,128,5,5,1,1,128,128,grouped_conv_forward_bf16_2d_64x128x64_compv5,39.02,3
90,1,84,84,84,128,128,5,5,1,1,128,128,grouped_conv_forward_bf16_2d_64x128x64_compv3,38.85,4
90,1,84,84,84,128,128,5,5,1,1,128,128,grouped_conv_forward_bf16_2d_128x128x64_compv5,38.21,5
90,1,84,84,84,128,128,5,5,1,1,128,128,grouped_conv_forward_bf16_2d_128x128x64_compv3,37.21,6
90,1,84,84,84,128,128,5,5,1,1,128,128,grouped_conv_forward_bf16_2d_32x64x128_compv5,31.26,7
90,1,84,84,84,128,128,5,5,1,1,128,128,grouped_conv_forward_bf16_2d_64x64x64_compv5,31.07,8
90,1,84,84,84,128,128,5,5,1,1,128,128,grouped_conv_forward_bf16_2d_32x64x128_compv3,31.05,9
90,1,84,84,84,128,128,5,5,1,1,128,128,grouped_conv_forward_bf16_2d_32x64x64_compv5,30.94,10
90,1,84,84,84,128,128,5,5,1,1,128,128,grouped_conv_forward_bf16_2d_64x64x64_compv3,30.79,11
90,1,84,84,84,128,128,5,5,1,1,128,128,grouped_conv_forward_bf16_2d_32x64x64_compv3,30.43,12
90,1,84,84,84,128,128,5,5,1,1,128,128,grouped_conv_forward_bf16_2d_64x64x128_compv5,30.27,13
90,1,84,84,84,128,128,5,5,1,1,128,128,grouped_conv_forward_bf16_2d_64x64x128_compv3,30.09,14
90,1,84,84,84,128,128,5,5,1,1,128,128,grouped_conv_forward_bf16_2d_128x64x128_compv5,29.52,15
90,1,84,84,84,128,128,5,5,1,1,128,128,grouped_conv_forward_bf16_2d_128x64x128_compv3,29.22,16
90,1,84,84,84,128,128,5,5,1,1,128,128,grouped_conv_forward_bf16_2d_16x64x64_compv5,27.60,17
90,1,84,84,84,128,128,5,5,1,1,128,128,grouped_conv_forward_bf16_2d_16x64x64_compv3,27.33,18
90,1,84,84,84,128,128,5,5,1,1,128,128,grouped_conv_forward_bf16_2d_16x64x128_compv5,26.97,19
90,1,84,84,84,128,128,5,5,1,1,128,128,grouped_conv_forward_bf16_2d_16x64x128_compv3,26.89,20
90,1,84,84,84,128,128,5,5,1,1,128,128,grouped_conv_forward_bf16_2d_32x64x64_compv4,20.50,21
90,1,84,84,84,128,128,5,5,1,1,128,128,grouped_conv_forward_bf16_2d_32x128x64_compv4,20.15,22
90,1,84,84,84,128,128,5,5,1,1,128,128,grouped_conv_forward_bf16_2d_32x64x128_compv4,19.74,23
90,1,84,84,84,128,128,5,5,1,1,128,128,grouped_conv_forward_bf16_2d_16x64x64_compv4,19.68,24
90,1,84,84,84,128,128,5,5,1,1,128,128,grouped_conv_forward_bf16_2d_16x64x128_compv4,19.20,25
90,1,84,84,84,128,128,5,5,1,1,128,128,grouped_conv_forward_bf16_2d_128x128x64_compv4,18.10,26
90,1,84,84,84,128,128,5,5,1,1,128,128,grouped_conv_forward_bf16_2d_128x64x128_compv4,18.09,27
90,1,84,84,84,128,128,5,5,1,1,128,128,grouped_conv_forward_bf16_2d_64x128x64_compv4,18.04,28
90,1,84,84,84,128,128,5,5,1,1,128,128,grouped_conv_forward_bf16_2d_64x64x64_compv4,17.90,29
90,1,84,84,84,128,128,5,5,1,1,128,128,grouped_conv_forward_bf16_2d_64x64x128_compv4,17.81,30
91,4,48,48,1,512,512,1,1,2,2,256,256,grouped_conv_forward_bf16_2d_64x64x64_compv5,80.67,1
91,4,48,48,1,512,512,1,1,2,2,256,256,grouped_conv_forward_bf16_2d_64x64x64_compv3,79.80,2
91,4,48,48,1,512,512,1,1,2,2,256,256,grouped_conv_forward_bf16_2d_32x64x64_compv5,74.89,3
91,4,48,48,1,512,512,1,1,2,2,256,256,grouped_conv_forward_bf16_2d_32x128x64_compv5,74.74,4
91,4,48,48,1,512,512,1,1,2,2,256,256,grouped_conv_forward_bf16_2d_32x128x64_compv3,72.70,5
91,4,48,48,1,512,512,1,1,2,2,256,256,grouped_conv_forward_bf16_2d_32x64x64_compv3,72.07,6
91,4,48,48,1,512,512,1,1,2,2,256,256,grouped_conv_forward_bf16_2d_64x128x64_compv3,71.26,7
91,4,48,48,1,512,512,1,1,2,2,256,256,grouped_conv_forward_bf16_2d_64x128x64_compv5,71.20,8
91,4,48,48,1,512,512,1,1,2,2,256,256,grouped_conv_forward_bf16_2d_128x128x64_compv5,67.10,9
91,4,48,48,1,512,512,1,1,2,2,256,256,grouped_conv_forward_bf16_2d_16x64x64_compv5,64.49,10
91,4,48,48,1,512,512,1,1,2,2,256,256,grouped_conv_forward_bf16_2d_16x64x64_compv3,63.68,11
91,4,48,48,1,512,512,1,1,2,2,256,256,grouped_conv_forward_bf16_2d_32x64x128_compv5,62.84,12
91,4,48,48,1,512,512,1,1,2,2,256,256,grouped_conv_forward_bf16_2d_128x128x64_compv3,62.67,13
91,4,48,48,1,512,512,1,1,2,2,256,256,grouped_conv_forward_bf16_2d_64x64x128_compv5,61.70,14
91,4,48,48,1,512,512,1,1,2,2,256,256,grouped_conv_forward_bf16_2d_32x64x128_compv3,60.90,15
91,4,48,48,1,512,512,1,1,2,2,256,256,grouped_conv_forward_bf16_2d_64x64x128_compv3,60.06,16
91,4,48,48,1,512,512,1,1,2,2,256,256,grouped_conv_forward_bf16_2d_128x64x128_compv5,54.61,17
91,4,48,48,1,512,512,1,1,2,2,256,256,grouped_conv_forward_bf16_2d_128x64x128_compv3,52.79,18
91,4,48,48,1,512,512,1,1,2,2,256,256,grouped_conv_forward_bf16_2d_16x64x128_compv5,52.37,19
91,4,48,48,1,512,512,1,1,2,2,256,256,grouped_conv_forward_bf16_2d_16x64x128_compv3,50.87,20
91,4,48,48,1,512,512,1,1,2,2,256,256,grouped_conv_forward_bf16_2d_32x64x128_compv4,34.97,21
91,4,48,48,1,512,512,1,1,2,2,256,256,grouped_conv_forward_bf16_2d_32x128x64_compv4,33.64,22
91,4,48,48,1,512,512,1,1,2,2,256,256,grouped_conv_forward_bf16_2d_32x64x64_compv4,33.17,23
91,4,48,48,1,512,512,1,1,2,2,256,256,grouped_conv_forward_bf16_2d_16x64x128_compv4,31.97,24
91,4,48,48,1,512,512,1,1,2,2,256,256,grouped_conv_forward_bf16_2d_16x64x64_compv4,30.64,25
91,4,48,48,1,512,512,1,1,2,2,256,256,grouped_conv_forward_bf16_2d_128x64x128_compv4,26.67,26
91,4,48,48,1,512,512,1,1,2,2,256,256,grouped_conv_forward_bf16_2d_128x128x64_compv4,25.91,27
91,4,48,48,1,512,512,1,1,2,2,256,256,grouped_conv_forward_bf16_2d_64x64x128_compv4,25.70,28
91,4,48,48,1,512,512,1,1,2,2,256,256,grouped_conv_forward_bf16_2d_64x128x64_compv4,25.63,29
91,4,48,48,1,512,512,1,1,2,2,256,256,grouped_conv_forward_bf16_2d_64x64x64_compv4,24.70,30
92,1,528,136,1,64,64,1,1,1,1,64,64,grouped_conv_forward_bf16_2d_32x64x128_compv5,94.05,1
92,1,528,136,1,64,64,1,1,1,1,64,64,grouped_conv_forward_bf16_2d_32x64x128_compv3,92.93,2
92,1,528,136,1,64,64,1,1,1,1,64,64,grouped_conv_forward_bf16_2d_128x64x128_compv5,89.74,3
92,1,528,136,1,64,64,1,1,1,1,64,64,grouped_conv_forward_bf16_2d_128x64x128_compv3,88.48,4
92,1,528,136,1,64,64,1,1,1,1,64,64,grouped_conv_forward_bf16_2d_16x64x128_compv5,87.20,5
92,1,528,136,1,64,64,1,1,1,1,64,64,grouped_conv_forward_bf16_2d_16x64x128_compv3,86.39,6
92,1,528,136,1,64,64,1,1,1,1,64,64,grouped_conv_forward_bf16_2d_64x64x128_compv5,85.72,7
92,1,528,136,1,64,64,1,1,1,1,64,64,grouped_conv_forward_bf16_2d_64x64x128_compv3,85.21,8
92,1,528,136,1,64,64,1,1,1,1,64,64,grouped_conv_forward_bf16_2d_32x64x128_compv4,73.05,9
92,1,528,136,1,64,64,1,1,1,1,64,64,grouped_conv_forward_bf16_2d_32x64x64_compv4,70.07,10
92,1,528,136,1,64,64,1,1,1,1,64,64,grouped_conv_forward_bf16_2d_32x64x64_compv5,67.71,11
92,1,528,136,1,64,64,1,1,1,1,64,64,grouped_conv_forward_bf16_2d_32x64x64_compv3,67.16,12
92,1,528,136,1,64,64,1,1,1,1,64,64,grouped_conv_forward_bf16_2d_16x64x128_compv4,67.13,13
92,1,528,136,1,64,64,1,1,1,1,64,64,grouped_conv_forward_bf16_2d_16x64x64_compv4,66.61,14
92,1,528,136,1,64,64,1,1,1,1,64,64,grouped_conv_forward_bf16_2d_16x64x64_compv5,65.55,15
92,1,528,136,1,64,64,1,1,1,1,64,64,grouped_conv_forward_bf16_2d_16x64x64_compv3,65.34,16
92,1,528,136,1,64,64,1,1,1,1,64,64,grouped_conv_forward_bf16_2d_64x64x64_compv5,63.61,17
92,1,528,136,1,64,64,1,1,1,1,64,64,grouped_conv_forward_bf16_2d_64x64x64_compv3,63.39,18
92,1,528,136,1,64,64,1,1,1,1,64,64,grouped_conv_forward_bf16_2d_64x64x64_compv4,63.00,19
92,1,528,136,1,64,64,1,1,1,1,64,64,grouped_conv_forward_bf16_2d_32x128x64_compv4,62.73,20
92,1,528,136,1,64,64,1,1,1,1,64,64,grouped_conv_forward_bf16_2d_128x64x128_compv4,60.55,21
92,1,528,136,1,64,64,1,1,1,1,64,64,grouped_conv_forward_bf16_2d_64x64x128_compv4,59.92,22
92,1,528,136,1,64,64,1,1,1,1,64,64,grouped_conv_forward_bf16_2d_32x128x64_compv5,58.26,23
92,1,528,136,1,64,64,1,1,1,1,64,64,grouped_conv_forward_bf16_2d_32x128x64_compv3,58.06,24
92,1,528,136,1,64,64,1,1,1,1,64,64,grouped_conv_forward_bf16_2d_128x128x64_compv4,51.22,25
92,1,528,136,1,64,64,1,1,1,1,64,64,grouped_conv_forward_bf16_2d_64x128x64_compv4,50.28,26
92,1,528,136,1,64,64,1,1,1,1,64,64,grouped_conv_forward_bf16_2d_64x128x64_compv5,48.57,27
92,1,528,136,1,64,64,1,1,1,1,64,64,grouped_conv_forward_bf16_2d_64x128x64_compv3,48.43,28
92,1,528,136,1,64,64,1,1,1,1,64,64,grouped_conv_forward_bf16_2d_128x128x64_compv5,47.10,29
92,1,528,136,1,64,64,1,1,1,1,64,64,grouped_conv_forward_bf16_2d_128x128x64_compv3,46.66,30
93,2,1280,640,1,40,40,3,3,1,1,40,40,grouped_conv_forward_bf16_2d_128x64x128_compv5,250.54,1
93,2,1280,640,1,40,40,3,3,1,1,40,40,grouped_conv_forward_bf16_2d_128x64x128_compv3,206.18,2
93,2,1280,640,1,40,40,3,3,1,1,40,40,grouped_conv_forward_bf16_2d_128x128x64_compv5,203.25,3
93,2,1280,640,1,40,40,3,3,1,1,40,40,grouped_conv_forward_bf16_2d_64x128x64_compv5,197.59,4
93,2,1280,640,1,40,40,3,3,1,1,40,40,grouped_conv_forward_bf16_2d_32x128x64_compv5,191.25,5
93,2,1280,640,1,40,40,3,3,1,1,40,40,grouped_conv_forward_bf16_2d_64x64x128_compv5,182.78,6
93,2,1280,640,1,40,40,3,3,1,1,40,40,grouped_conv_forward_bf16_2d_32x64x128_compv5,180.97,7
93,2,1280,640,1,40,40,3,3,1,1,40,40,grouped_conv_forward_bf16_2d_128x128x64_compv3,177.43,8
93,2,1280,640,1,40,40,3,3,1,1,40,40,grouped_conv_forward_bf16_2d_32x128x64_compv3,177.35,9
93,2,1280,640,1,40,40,3,3,1,1,40,40,grouped_conv_forward_bf16_2d_64x64x64_compv5,176.70,10
93,2,1280,640,1,40,40,3,3,1,1,40,40,grouped_conv_forward_bf16_2d_64x128x64_compv3,172.12,11
93,2,1280,640,1,40,40,3,3,1,1,40,40,grouped_conv_forward_bf16_2d_32x64x64_compv5,165.14,12
93,2,1280,640,1,40,40,3,3,1,1,40,40,grouped_conv_forward_bf16_2d_32x64x128_compv3,162.94,13
93,2,1280,640,1,40,40,3,3,1,1,40,40,grouped_conv_forward_bf16_2d_64x64x64_compv3,157.85,14
93,2,1280,640,1,40,40,3,3,1,1,40,40,grouped_conv_forward_bf16_2d_32x64x64_compv3,157.50,15
93,2,1280,640,1,40,40,3,3,1,1,40,40,grouped_conv_forward_bf16_2d_16x64x128_compv5,154.95,16
93,2,1280,640,1,40,40,3,3,1,1,40,40,grouped_conv_forward_bf16_2d_16x64x128_compv3,146.67,17
93,2,1280,640,1,40,40,3,3,1,1,40,40,grouped_conv_forward_bf16_2d_32x64x64_compv4,145.40,18
93,2,1280,640,1,40,40,3,3,1,1,40,40,grouped_conv_forward_bf16_2d_32x128x64_compv4,140.82,19
93,2,1280,640,1,40,40,3,3,1,1,40,40,grouped_conv_forward_bf16_2d_32x64x128_compv4,136.02,20
93,2,1280,640,1,40,40,3,3,1,1,40,40,grouped_conv_forward_bf16_2d_16x64x64_compv5,136.00,21
93,2,1280,640,1,40,40,3,3,1,1,40,40,grouped_conv_forward_bf16_2d_16x64x64_compv3,132.63,22
93,2,1280,640,1,40,40,3,3,1,1,40,40,grouped_conv_forward_bf16_2d_16x64x64_compv4,125.53,23
93,2,1280,640,1,40,40,3,3,1,1,40,40,grouped_conv_forward_bf16_2d_16x64x128_compv4,124.82,24
93,2,1280,640,1,40,40,3,3,1,1,40,40,grouped_conv_forward_bf16_2d_64x64x128_compv3,116.43,25
93,2,1280,640,1,40,40,3,3,1,1,40,40,grouped_conv_forward_bf16_2d_64x128x64_compv4,104.45,26
93,2,1280,640,1,40,40,3,3,1,1,40,40,grouped_conv_forward_bf16_2d_64x64x64_compv4,103.59,27
93,2,1280,640,1,40,40,3,3,1,1,40,40,grouped_conv_forward_bf16_2d_128x64x128_compv4,103.53,28
93,2,1280,640,1,40,40,3,3,1,1,40,40,grouped_conv_forward_bf16_2d_128x128x64_compv4,102.32,29
93,2,1280,640,1,40,40,3,3,1,1,40,40,grouped_conv_forward_bf16_2d_64x64x128_compv4,95.57,30
94,1,704,1024,1,14,14,1,1,1,1,14,14,grouped_conv_forward_bf16_2d_16x64x64_compv4,29.08,1
94,1,704,1024,1,14,14,1,1,1,1,14,14,grouped_conv_forward_bf16_2d_16x64x128_compv3,28.63,2
94,1,704,1024,1,14,14,1,1,1,1,14,14,grouped_conv_forward_bf16_2d_16x64x128_compv5,28.61,3
94,1,704,1024,1,14,14,1,1,1,1,14,14,grouped_conv_forward_bf16_2d_16x64x128_compv4,27.80,4
94,1,704,1024,1,14,14,1,1,1,1,14,14,grouped_conv_forward_bf16_2d_32x64x64_compv4,26.93,5
94,1,704,1024,1,14,14,1,1,1,1,14,14,grouped_conv_forward_bf16_2d_16x64x64_compv5,26.59,6
94,1,704,1024,1,14,14,1,1,1,1,14,14,grouped_conv_forward_bf16_2d_16x64x64_compv3,26.56,7
94,1,704,1024,1,14,14,1,1,1,1,14,14,grouped_conv_forward_bf16_2d_32x64x128_compv5,24.71,8
94,1,704,1024,1,14,14,1,1,1,1,14,14,grouped_conv_forward_bf16_2d_32x64x128_compv3,24.62,9
94,1,704,1024,1,14,14,1,1,1,1,14,14,grouped_conv_forward_bf16_2d_32x64x64_compv5,24.18,10
94,1,704,1024,1,14,14,1,1,1,1,14,14,grouped_conv_forward_bf16_2d_32x64x64_compv3,23.74,11
94,1,704,1024,1,14,14,1,1,1,1,14,14,grouped_conv_forward_bf16_2d_32x64x128_compv4,23.73,12
94,1,704,1024,1,14,14,1,1,1,1,14,14,grouped_conv_forward_bf16_2d_32x128x64_compv4,23.08,13
94,1,704,1024,1,14,14,1,1,1,1,14,14,grouped_conv_forward_bf16_2d_64x64x64_compv4,19.70,14
94,1,704,1024,1,14,14,1,1,1,1,14,14,grouped_conv_forward_bf16_2d_64x64x64_compv5,19.29,15
94,1,704,1024,1,14,14,1,1,1,1,14,14,grouped_conv_forward_bf16_2d_64x64x64_compv3,19.24,16
94,1,704,1024,1,14,14,1,1,1,1,14,14,grouped_conv_forward_bf16_2d_64x64x128_compv5,18.75,17
94,1,704,1024,1,14,14,1,1,1,1,14,14,grouped_conv_forward_bf16_2d_64x64x128_compv3,18.60,18
94,1,704,1024,1,14,14,1,1,1,1,14,14,grouped_conv_forward_bf16_2d_128x64x128_compv5,18.27,19
94,1,704,1024,1,14,14,1,1,1,1,14,14,grouped_conv_forward_bf16_2d_128x64x128_compv3,18.07,20
94,1,704,1024,1,14,14,1,1,1,1,14,14,grouped_conv_forward_bf16_2d_32x128x64_compv5,17.04,21
94,1,704,1024,1,14,14,1,1,1,1,14,14,grouped_conv_forward_bf16_2d_32x128x64_compv3,16.97,22
94,1,704,1024,1,14,14,1,1,1,1,14,14,grouped_conv_forward_bf16_2d_128x64x128_compv4,16.75,23
94,1,704,1024,1,14,14,1,1,1,1,14,14,grouped_conv_forward_bf16_2d_64x64x128_compv4,16.46,24
94,1,704,1024,1,14,14,1,1,1,1,14,14,grouped_conv_forward_bf16_2d_128x128x64_compv4,16.34,25
94,1,704,1024,1,14,14,1,1,1,1,14,14,grouped_conv_forward_bf16_2d_64x128x64_compv4,16.03,26
94,1,704,1024,1,14,14,1,1,1,1,14,14,grouped_conv_forward_bf16_2d_64x128x64_compv5,14.22,27
94,1,704,1024,1,14,14,1,1,1,1,14,14,grouped_conv_forward_bf16_2d_64x128x64_compv3,14.10,28
94,1,704,1024,1,14,14,1,1,1,1,14,14,grouped_conv_forward_bf16_2d_128x128x64_compv5,13.80,29
94,1,704,1024,1,14,14,1,1,1,1,14,14,grouped_conv_forward_bf16_2d_128x128x64_compv3,13.79,30
95,1,56,224,1,56,56,3,3,2,2,28,28,grouped_conv_forward_bf16_2d_16x64x64_compv4,29.72,1
95,1,56,224,1,56,56,3,3,2,2,28,28,grouped_conv_forward_bf16_2d_16x64x128_compv4,26.78,2
95,1,56,224,1,56,56,3,3,2,2,28,28,grouped_conv_forward_bf16_2d_16x64x128_compv5,26.22,3
95,1,56,224,1,56,56,3,3,2,2,28,28,grouped_conv_forward_bf16_2d_16x64x128_compv3,26.21,4
95,1,56,224,1,56,56,3,3,2,2,28,28,grouped_conv_forward_bf16_2d_16x64x64_compv5,26.07,5
95,1,56,224,1,56,56,3,3,2,2,28,28,grouped_conv_forward_bf16_2d_16x64x64_compv3,26.00,6
95,1,56,224,1,56,56,3,3,2,2,28,28,grouped_conv_forward_bf16_2d_32x64x64_compv4,23.67,7
95,1,56,224,1,56,56,3,3,2,2,28,28,grouped_conv_forward_bf16_2d_32x64x128_compv5,21.63,8
95,1,56,224,1,56,56,3,3,2,2,28,28,grouped_conv_forward_bf16_2d_32x64x128_compv3,21.56,9
95,1,56,224,1,56,56,3,3,2,2,28,28,grouped_conv_forward_bf16_2d_32x64x128_compv4,21.23,10
95,1,56,224,1,56,56,3,3,2,2,28,28,grouped_conv_forward_bf16_2d_32x64x64_compv5,21.16,11
95,1,56,224,1,56,56,3,3,2,2,28,28,grouped_conv_forward_bf16_2d_32x64x64_compv3,20.86,12
95,1,56,224,1,56,56,3,3,2,2,28,28,grouped_conv_forward_bf16_2d_32x128x64_compv4,20.40,13
95,1,56,224,1,56,56,3,3,2,2,28,28,grouped_conv_forward_bf16_2d_64x64x128_compv3,17.23,14
95,1,56,224,1,56,56,3,3,2,2,28,28,grouped_conv_forward_bf16_2d_64x64x128_compv5,17.18,15
95,1,56,224,1,56,56,3,3,2,2,28,28,grouped_conv_forward_bf16_2d_64x64x64_compv3,16.68,16
95,1,56,224,1,56,56,3,3,2,2,28,28,grouped_conv_forward_bf16_2d_64x64x64_compv5,16.66,17
95,1,56,224,1,56,56,3,3,2,2,28,28,grouped_conv_forward_bf16_2d_32x128x64_compv5,16.38,18
95,1,56,224,1,56,56,3,3,2,2,28,28,grouped_conv_forward_bf16_2d_64x64x64_compv4,16.36,19
95,1,56,224,1,56,56,3,3,2,2,28,28,grouped_conv_forward_bf16_2d_32x128x64_compv3,16.29,20
95,1,56,224,1,56,56,3,3,2,2,28,28,grouped_conv_forward_bf16_2d_128x64x128_compv3,15.99,21
95,1,56,224,1,56,56,3,3,2,2,28,28,grouped_conv_forward_bf16_2d_128x64x128_compv5,15.94,22
95,1,56,224,1,56,56,3,3,2,2,28,28,grouped_conv_forward_bf16_2d_64x64x128_compv4,15.35,23
95,1,56,224,1,56,56,3,3,2,2,28,28,grouped_conv_forward_bf16_2d_128x64x128_compv4,15.00,24
95,1,56,224,1,56,56,3,3,2,2,28,28,grouped_conv_forward_bf16_2d_64x128x64_compv4,14.97,25
95,1,56,224,1,56,56,3,3,2,2,28,28,grouped_conv_forward_bf16_2d_128x128x64_compv4,14.40,26
95,1,56,224,1,56,56,3,3,2,2,28,28,grouped_conv_forward_bf16_2d_64x128x64_compv5,13.83,27
95,1,56,224,1,56,56,3,3,2,2,28,28,grouped_conv_forward_bf16_2d_64x128x64_compv3,13.80,28
95,1,56,224,1,56,56,3,3,2,2,28,28,grouped_conv_forward_bf16_2d_128x128x64_compv5,12.82,29
95,1,56,224,1,56,56,3,3,2,2,28,28,grouped_conv_forward_bf16_2d_128x128x64_compv3,12.78,30
96,1,256,1280,1,64,64,1,1,1,1,64,64,grouped_conv_forward_bf16_2d_64x128x64_compv3,149.35,1
96,1,256,1280,1,64,64,1,1,1,1,64,64,grouped_conv_forward_bf16_2d_64x128x64_compv5,149.03,2
96,1,256,1280,1,64,64,1,1,1,1,64,64,grouped_conv_forward_bf16_2d_128x128x64_compv3,146.63,3
96,1,256,1280,1,64,64,1,1,1,1,64,64,grouped_conv_forward_bf16_2d_128x128x64_compv5,146.43,4
96,1,256,1280,1,64,64,1,1,1,1,64,64,grouped_conv_forward_bf16_2d_32x128x64_compv5,145.72,5
96,1,256,1280,1,64,64,1,1,1,1,64,64,grouped_conv_forward_bf16_2d_32x128x64_compv3,145.28,6
96,1,256,1280,1,64,64,1,1,1,1,64,64,grouped_conv_forward_bf16_2d_64x64x128_compv3,143.18,7
96,1,256,1280,1,64,64,1,1,1,1,64,64,grouped_conv_forward_bf16_2d_64x64x128_compv5,142.74,8
96,1,256,1280,1,64,64,1,1,1,1,64,64,grouped_conv_forward_bf16_2d_32x64x128_compv5,141.45,9
96,1,256,1280,1,64,64,1,1,1,1,64,64,grouped_conv_forward_bf16_2d_32x64x128_compv3,140.91,10
96,1,256,1280,1,64,64,1,1,1,1,64,64,grouped_conv_forward_bf16_2d_128x64x128_compv3,133.85,11
96,1,256,1280,1,64,64,1,1,1,1,64,64,grouped_conv_forward_bf16_2d_128x64x128_compv5,133.15,12
96,1,256,1280,1,64,64,1,1,1,1,64,64,grouped_conv_forward_bf16_2d_64x64x64_compv3,127.81,13
96,1,256,1280,1,64,64,1,1,1,1,64,64,grouped_conv_forward_bf16_2d_64x64x64_compv5,127.45,14
96,1,256,1280,1,64,64,1,1,1,1,64,64,grouped_conv_forward_bf16_2d_32x64x64_compv5,122.45,15
96,1,256,1280,1,64,64,1,1,1,1,64,64,grouped_conv_forward_bf16_2d_32x64x64_compv3,121.86,16
96,1,256,1280,1,64,64,1,1,1,1,64,64,grouped_conv_forward_bf16_2d_16x64x128_compv5,116.98,17
96,1,256,1280,1,64,64,1,1,1,1,64,64,grouped_conv_forward_bf16_2d_16x64x128_compv3,116.74,18
96,1,256,1280,1,64,64,1,1,1,1,64,64,grouped_conv_forward_bf16_2d_32x64x64_compv4,103.15,19
96,1,256,1280,1,64,64,1,1,1,1,64,64,grouped_conv_forward_bf16_2d_16x64x64_compv5,102.64,20
96,1,256,1280,1,64,64,1,1,1,1,64,64,grouped_conv_forward_bf16_2d_16x64x64_compv3,102.44,21
96,1,256,1280,1,64,64,1,1,1,1,64,64,grouped_conv_forward_bf16_2d_32x128x64_compv4,100.52,22
96,1,256,1280,1,64,64,1,1,1,1,64,64,grouped_conv_forward_bf16_2d_32x64x128_compv4,99.03,23
96,1,256,1280,1,64,64,1,1,1,1,64,64,grouped_conv_forward_bf16_2d_16x64x64_compv4,93.42,24
96,1,256,1280,1,64,64,1,1,1,1,64,64,grouped_conv_forward_bf16_2d_16x64x128_compv4,90.62,25
96,1,256,1280,1,64,64,1,1,1,1,64,64,grouped_conv_forward_bf16_2d_64x128x64_compv4,80.18,26
96,1,256,1280,1,64,64,1,1,1,1,64,64,grouped_conv_forward_bf16_2d_128x64x128_compv4,79.99,27
96,1,256,1280,1,64,64,1,1,1,1,64,64,grouped_conv_forward_bf16_2d_128x128x64_compv4,79.75,28
96,1,256,1280,1,64,64,1,1,1,1,64,64,grouped_conv_forward_bf16_2d_64x64x128_compv4,79.05,29
96,1,256,1280,1,64,64,1,1,1,1,64,64,grouped_conv_forward_bf16_2d_64x64x64_compv4,79.02,30
97,1,448,448,448,28,28,5,5,2,2,14,14,grouped_conv_forward_bf16_2d_32x64x64_compv5,1.66,1
97,1,448,448,448,28,28,5,5,2,2,14,14,grouped_conv_forward_bf16_2d_16x64x128_compv5,1.61,2
97,1,448,448,448,28,28,5,5,2,2,14,14,grouped_conv_forward_bf16_2d_16x64x64_compv5,1.60,3
97,1,448,448,448,28,28,5,5,2,2,14,14,grouped_conv_forward_bf16_2d_16x64x128_compv3,1.60,4
97,1,448,448,448,28,28,5,5,2,2,14,14,grouped_conv_forward_bf16_2d_16x64x64_compv4,1.59,5
97,1,448,448,448,28,28,5,5,2,2,14,14,grouped_conv_forward_bf16_2d_32x128x64_compv5,1.59,6
97,1,448,448,448,28,28,5,5,2,2,14,14,grouped_conv_forward_bf16_2d_32x64x64_compv4,1.59,7
97,1,448,448,448,28,28,5,5,2,2,14,14,grouped_conv_forward_bf16_2d_32x128x64_compv3,1.56,8
97,1,448,448,448,28,28,5,5,2,2,14,14,grouped_conv_forward_bf16_2d_32x64x64_compv3,1.54,9
97,1,448,448,448,28,28,5,5,2,2,14,14,grouped_conv_forward_bf16_2d_16x64x128_compv4,1.53,10
97,1,448,448,448,28,28,5,5,2,2,14,14,grouped_conv_forward_bf16_2d_64x64x64_compv5,1.52,11
97,1,448,448,448,28,28,5,5,2,2,14,14,grouped_conv_forward_bf16_2d_16x64x64_compv3,1.50,12
97,1,448,448,448,28,28,5,5,2,2,14,14,grouped_conv_forward_bf16_2d_64x64x64_compv3,1.49,13
97,1,448,448,448,28,28,5,5,2,2,14,14,grouped_conv_forward_bf16_2d_32x64x128_compv5,1.46,14
97,1,448,448,448,28,28,5,5,2,2,14,14,grouped_conv_forward_bf16_2d_64x128x64_compv5,1.43,15
97,1,448,448,448,28,28,5,5,2,2,14,14,grouped_conv_forward_bf16_2d_32x64x128_compv3,1.43,16
97,1,448,448,448,28,28,5,5,2,2,14,14,grouped_conv_forward_bf16_2d_32x128x64_compv4,1.41,17
97,1,448,448,448,28,28,5,5,2,2,14,14,grouped_conv_forward_bf16_2d_64x64x64_compv4,1.41,18
97,1,448,448,448,28,28,5,5,2,2,14,14,grouped_conv_forward_bf16_2d_64x128x64_compv3,1.40,19
97,1,448,448,448,28,28,5,5,2,2,14,14,grouped_conv_forward_bf16_2d_32x64x128_compv4,1.33,20
97,1,448,448,448,28,28,5,5,2,2,14,14,grouped_conv_forward_bf16_2d_128x128x64_compv5,1.31,21
97,1,448,448,448,28,28,5,5,2,2,14,14,grouped_conv_forward_bf16_2d_128x128x64_compv3,1.31,22
97,1,448,448,448,28,28,5,5,2,2,14,14,grouped_conv_forward_bf16_2d_128x128x64_compv4,1.30,23
97,1,448,448,448,28,28,5,5,2,2,14,14,grouped_conv_forward_bf16_2d_64x64x128_compv5,1.30,24
97,1,448,448,448,28,28,5,5,2,2,14,14,grouped_conv_forward_bf16_2d_64x128x64_compv4,1.30,25
97,1,448,448,448,28,28,5,5,2,2,14,14,grouped_conv_forward_bf16_2d_64x64x128_compv3,1.28,26
97,1,448,448,448,28,28,5,5,2,2,14,14,grouped_conv_forward_bf16_2d_128x64x128_compv5,1.23,27
97,1,448,448,448,28,28,5,5,2,2,14,14,grouped_conv_forward_bf16_2d_128x64x128_compv3,1.23,28
97,1,448,448,448,28,28,5,5,2,2,14,14,grouped_conv_forward_bf16_2d_128x64x128_compv4,1.21,29
97,1,448,448,448,28,28,5,5,2,2,14,14,grouped_conv_forward_bf16_2d_64x64x128_compv4,1.19,30
98,1,32,64,1,64,64,1,1,2,2,32,32,grouped_conv_forward_bf16_2d_16x64x64_compv5,2.51,1
98,1,32,64,1,64,64,1,1,2,2,32,32,grouped_conv_forward_bf16_2d_16x64x64_compv3,2.49,2
98,1,32,64,1,64,64,1,1,2,2,32,32,grouped_conv_forward_bf16_2d_16x64x128_compv5,2.27,3
98,1,32,64,1,64,64,1,1,2,2,32,32,grouped_conv_forward_bf16_2d_16x64x128_compv3,2.26,4
98,1,32,64,1,64,64,1,1,2,2,32,32,grouped_conv_forward_bf16_2d_32x64x64_compv5,2.24,5
98,1,32,64,1,64,64,1,1,2,2,32,32,grouped_conv_forward_bf16_2d_32x64x64_compv3,2.19,6
98,1,32,64,1,64,64,1,1,2,2,32,32,grouped_conv_forward_bf16_2d_16x64x64_compv4,1.98,7
98,1,32,64,1,64,64,1,1,2,2,32,32,grouped_conv_forward_bf16_2d_16x64x128_compv4,1.96,8
98,1,32,64,1,64,64,1,1,2,2,32,32,grouped_conv_forward_bf16_2d_64x64x64_compv3,1.95,9
98,1,32,64,1,64,64,1,1,2,2,32,32,grouped_conv_forward_bf16_2d_32x64x128_compv5,1.94,10
98,1,32,64,1,64,64,1,1,2,2,32,32,grouped_conv_forward_bf16_2d_32x64x128_compv3,1.94,11
98,1,32,64,1,64,64,1,1,2,2,32,32,grouped_conv_forward_bf16_2d_64x64x64_compv5,1.92,12
98,1,32,64,1,64,64,1,1,2,2,32,32,grouped_conv_forward_bf16_2d_64x64x128_compv3,1.80,13
98,1,32,64,1,64,64,1,1,2,2,32,32,grouped_conv_forward_bf16_2d_64x64x128_compv5,1.75,14
98,1,32,64,1,64,64,1,1,2,2,32,32,grouped_conv_forward_bf16_2d_32x64x64_compv4,1.75,15
98,1,32,64,1,64,64,1,1,2,2,32,32,grouped_conv_forward_bf16_2d_32x64x128_compv4,1.73,16
98,1,32,64,1,64,64,1,1,2,2,32,32,grouped_conv_forward_bf16_2d_32x128x64_compv5,1.67,17
98,1,32,64,1,64,64,1,1,2,2,32,32,grouped_conv_forward_bf16_2d_128x64x128_compv3,1.66,18
98,1,32,64,1,64,64,1,1,2,2,32,32,grouped_conv_forward_bf16_2d_32x128x64_compv3,1.62,19
98,1,32,64,1,64,64,1,1,2,2,32,32,grouped_conv_forward_bf16_2d_128x64x128_compv5,1.60,20
98,1,32,64,1,64,64,1,1,2,2,32,32,grouped_conv_forward_bf16_2d_128x64x128_compv4,1.52,21
98,1,32,64,1,64,64,1,1,2,2,32,32,grouped_conv_forward_bf16_2d_64x64x64_compv4,1.52,22
98,1,32,64,1,64,64,1,1,2,2,32,32,grouped_conv_forward_bf16_2d_64x64x128_compv4,1.52,23
98,1,32,64,1,64,64,1,1,2,2,32,32,grouped_conv_forward_bf16_2d_64x128x64_compv5,1.47,24
98,1,32,64,1,64,64,1,1,2,2,32,32,grouped_conv_forward_bf16_2d_64x128x64_compv3,1.45,25
98,1,32,64,1,64,64,1,1,2,2,32,32,grouped_conv_forward_bf16_2d_128x128x64_compv5,1.38,26
98,1,32,64,1,64,64,1,1,2,2,32,32,grouped_conv_forward_bf16_2d_128x128x64_compv3,1.37,27
98,1,32,64,1,64,64,1,1,2,2,32,32,grouped_conv_forward_bf16_2d_32x128x64_compv4,1.29,28
98,1,32,64,1,64,64,1,1,2,2,32,32,grouped_conv_forward_bf16_2d_128x128x64_compv4,1.17,29
98,1,32,64,1,64,64,1,1,2,2,32,32,grouped_conv_forward_bf16_2d_64x128x64_compv4,1.16,30
99,1,3,8,1,336,336,14,14,14,14,24,24,grouped_conv_forward_bf16_2d_16x64x128_compv5,2.44,1
99,1,3,8,1,336,336,14,14,14,14,24,24,grouped_conv_forward_bf16_2d_16x64x128_compv3,2.32,2
99,1,3,8,1,336,336,14,14,14,14,24,24,grouped_conv_forward_bf16_2d_16x64x64_compv5,2.28,3
99,1,3,8,1,336,336,14,14,14,14,24,24,grouped_conv_forward_bf16_2d_16x64x64_compv3,2.21,4
99,1,3,8,1,336,336,14,14,14,14,24,24,grouped_conv_forward_bf16_2d_16x64x128_compv4,2.21,5
99,1,3,8,1,336,336,14,14,14,14,24,24,grouped_conv_forward_bf16_2d_16x64x64_compv4,2.19,6
99,1,3,8,1,336,336,14,14,14,14,24,24,grouped_conv_forward_bf16_2d_32x64x128_compv5,2.15,7
99,1,3,8,1,336,336,14,14,14,14,24,24,grouped_conv_forward_bf16_2d_32x64x128_compv3,2.07,8
99,1,3,8,1,336,336,14,14,14,14,24,24,grouped_conv_forward_bf16_2d_32x64x64_compv5,2.06,9
99,1,3,8,1,336,336,14,14,14,14,24,24,grouped_conv_forward_bf16_2d_32x64x64_compv3,1.97,10
99,1,3,8,1,336,336,14,14,14,14,24,24,grouped_conv_forward_bf16_2d_32x64x128_compv4,1.93,11
99,1,3,8,1,336,336,14,14,14,14,24,24,grouped_conv_forward_bf16_2d_32x64x64_compv4,1.92,12
99,1,3,8,1,336,336,14,14,14,14,24,24,grouped_conv_forward_bf16_2d_64x64x128_compv5,1.71,13
99,1,3,8,1,336,336,14,14,14,14,24,24,grouped_conv_forward_bf16_2d_64x64x128_compv3,1.62,14
99,1,3,8,1,336,336,14,14,14,14,24,24,grouped_conv_forward_bf16_2d_64x64x64_compv5,1.60,15
99,1,3,8,1,336,336,14,14,14,14,24,24,grouped_conv_forward_bf16_2d_128x64x128_compv5,1.59,16
99,1,3,8,1,336,336,14,14,14,14,24,24,grouped_conv_forward_bf16_2d_64x64x64_compv3,1.55,17
99,1,3,8,1,336,336,14,14,14,14,24,24,grouped_conv_forward_bf16_2d_64x64x128_compv4,1.55,18
99,1,3,8,1,336,336,14,14,14,14,24,24,grouped_conv_forward_bf16_2d_128x64x128_compv3,1.50,19
99,1,3,8,1,336,336,14,14,14,14,24,24,grouped_conv_forward_bf16_2d_128x64x128_compv4,1.49,20
99,1,3,8,1,336,336,14,14,14,14,24,24,grouped_conv_forward_bf16_2d_64x64x64_compv4,1.48,21
99,1,3,8,1,336,336,14,14,14,14,24,24,grouped_conv_forward_bf16_2d_32x128x64_compv5,0.60,22
99,1,3,8,1,336,336,14,14,14,14,24,24,grouped_conv_forward_bf16_2d_32x128x64_compv4,0.57,23
99,1,3,8,1,336,336,14,14,14,14,24,24,grouped_conv_forward_bf16_2d_32x128x64_compv3,0.55,24
99,1,3,8,1,336,336,14,14,14,14,24,24,grouped_conv_forward_bf16_2d_64x128x64_compv5,0.51,25
99,1,3,8,1,336,336,14,14,14,14,24,24,grouped_conv_forward_bf16_2d_128x128x64_compv5,0.48,26
99,1,3,8,1,336,336,14,14,14,14,24,24,grouped_conv_forward_bf16_2d_64x128x64_compv4,0.47,27
99,1,3,8,1,336,336,14,14,14,14,24,24,grouped_conv_forward_bf16_2d_64x128x64_compv3,0.46,28
99,1,3,8,1,336,336,14,14,14,14,24,24,grouped_conv_forward_bf16_2d_128x128x64_compv4,0.43,29
99,1,3,8,1,336,336,14,14,14,14,24,24,grouped_conv_forward_bf16_2d_128x128x64_compv3,0.38,30
100,1,8,8,1,256,256,1,1,1,1,256,256,grouped_conv_forward_bf16_2d_32x64x64_compv5,50.13,1
100,1,8,8,1,256,256,1,1,1,1,256,256,grouped_conv_forward_bf16_2d_32x64x64_compv3,48.33,2
100,1,8,8,1,256,256,1,1,1,1,256,256,grouped_conv_forward_bf16_2d_64x64x64_compv3,47.61,3
100,1,8,8,1,256,256,1,1,1,1,256,256,grouped_conv_forward_bf16_2d_64x64x64_compv5,47.59,4
100,1,8,8,1,256,256,1,1,1,1,256,256,grouped_conv_forward_bf16_2d_32x64x128_compv5,47.52,5
100,1,8,8,1,256,256,1,1,1,1,256,256,grouped_conv_forward_bf16_2d_16x64x64_compv5,46.48,6
100,1,8,8,1,256,256,1,1,1,1,256,256,grouped_conv_forward_bf16_2d_32x64x128_compv3,46.36,7
100,1,8,8,1,256,256,1,1,1,1,256,256,grouped_conv_forward_bf16_2d_64x64x128_compv5,45.71,8
100,1,8,8,1,256,256,1,1,1,1,256,256,grouped_conv_forward_bf16_2d_64x64x128_compv3,45.58,9
100,1,8,8,1,256,256,1,1,1,1,256,256,grouped_conv_forward_bf16_2d_16x64x64_compv3,45.29,10
100,1,8,8,1,256,256,1,1,1,1,256,256,grouped_conv_forward_bf16_2d_128x64x128_compv3,44.97,11
100,1,8,8,1,256,256,1,1,1,1,256,256,grouped_conv_forward_bf16_2d_128x64x128_compv5,44.72,12
100,1,8,8,1,256,256,1,1,1,1,256,256,grouped_conv_forward_bf16_2d_32x128x64_compv5,44.63,13
100,1,8,8,1,256,256,1,1,1,1,256,256,grouped_conv_forward_bf16_2d_16x64x128_compv5,44.42,14
100,1,8,8,1,256,256,1,1,1,1,256,256,grouped_conv_forward_bf16_2d_32x128x64_compv3,43.31,15
100,1,8,8,1,256,256,1,1,1,1,256,256,grouped_conv_forward_bf16_2d_16x64x128_compv3,42.99,16
100,1,8,8,1,256,256,1,1,1,1,256,256,grouped_conv_forward_bf16_2d_128x128x64_compv5,42.81,17
100,1,8,8,1,256,256,1,1,1,1,256,256,grouped_conv_forward_bf16_2d_128x128x64_compv3,42.13,18
100,1,8,8,1,256,256,1,1,1,1,256,256,grouped_conv_forward_bf16_2d_64x128x64_compv3,41.75,19
100,1,8,8,1,256,256,1,1,1,1,256,256,grouped_conv_forward_bf16_2d_64x128x64_compv5,40.72,20
100,1,8,8,1,256,256,1,1,1,1,256,256,grouped_conv_forward_bf16_2d_32x64x128_compv4,29.75,21
100,1,8,8,1,256,256,1,1,1,1,256,256,grouped_conv_forward_bf16_2d_16x64x128_compv4,28.29,22
100,1,8,8,1,256,256,1,1,1,1,256,256,grouped_conv_forward_bf16_2d_32x64x64_compv4,27.98,23
100,1,8,8,1,256,256,1,1,1,1,256,256,grouped_conv_forward_bf16_2d_16x64x64_compv4,26.27,24
100,1,8,8,1,256,256,1,1,1,1,256,256,grouped_conv_forward_bf16_2d_32x128x64_compv4,25.02,25
100,1,8,8,1,256,256,1,1,1,1,256,256,grouped_conv_forward_bf16_2d_128x64x128_compv4,23.48,26
100,1,8,8,1,256,256,1,1,1,1,256,256,grouped_conv_forward_bf16_2d_64x64x128_compv4,23.18,27
100,1,8,8,1,256,256,1,1,1,1,256,256,grouped_conv_forward_bf16_2d_64x64x64_compv4,21.47,28
100,1,8,8,1,256,256,1,1,1,1,256,256,grouped_conv_forward_bf16_2d_128x128x64_compv4,21.27,29
100,1,8,8,1,256,256,1,1,1,1,256,256,grouped_conv_forward_bf16_2d_64x128x64_compv4,20.85,30
101,1,25,26,1,256,256,1,1,1,1,256,256,grouped_conv_forward_bf16_2d_32x64x64_compv5,49.92,1
101,1,25,26,1,256,256,1,1,1,1,256,256,grouped_conv_forward_bf16_2d_32x64x64_compv3,48.09,2
101,1,25,26,1,256,256,1,1,1,1,256,256,grouped_conv_forward_bf16_2d_64x64x64_compv3,47.76,3
101,1,25,26,1,256,256,1,1,1,1,256,256,grouped_conv_forward_bf16_2d_64x64x64_compv5,47.75,4
101,1,25,26,1,256,256,1,1,1,1,256,256,grouped_conv_forward_bf16_2d_32x64x128_compv5,47.61,5
101,1,25,26,1,256,256,1,1,1,1,256,256,grouped_conv_forward_bf16_2d_16x64x64_compv5,46.51,6
101,1,25,26,1,256,256,1,1,1,1,256,256,grouped_conv_forward_bf16_2d_32x64x128_compv3,46.42,7
101,1,25,26,1,256,256,1,1,1,1,256,256,grouped_conv_forward_bf16_2d_64x64x128_compv5,45.81,8
101,1,25,26,1,256,256,1,1,1,1,256,256,grouped_conv_forward_bf16_2d_64x64x128_compv3,45.67,9
101,1,25,26,1,256,256,1,1,1,1,256,256,grouped_conv_forward_bf16_2d_16x64x64_compv3,45.31,10
101,1,25,26,1,256,256,1,1,1,1,256,256,grouped_conv_forward_bf16_2d_128x64x128_compv3,44.98,11
101,1,25,26,1,256,256,1,1,1,1,256,256,grouped_conv_forward_bf16_2d_128x64x128_compv5,44.73,12
101,1,25,26,1,256,256,1,1,1,1,256,256,grouped_conv_forward_bf16_2d_32x128x64_compv5,44.42,13
101,1,25,26,1,256,256,1,1,1,1,256,256,grouped_conv_forward_bf16_2d_16x64x128_compv5,44.39,14
101,1,25,26,1,256,256,1,1,1,1,256,256,grouped_conv_forward_bf16_2d_32x128x64_compv3,43.32,15
101,1,25,26,1,256,256,1,1,1,1,256,256,grouped_conv_forward_bf16_2d_16x64x128_compv3,42.99,16
101,1,25,26,1,256,256,1,1,1,1,256,256,grouped_conv_forward_bf16_2d_128x128x64_compv5,42.89,17
101,1,25,26,1,256,256,1,1,1,1,256,256,grouped_conv_forward_bf16_2d_128x128x64_compv3,42.21,18
101,1,25,26,1,256,256,1,1,1,1,256,256,grouped_conv_forward_bf16_2d_64x128x64_compv3,41.79,19
101,1,25,26,1,256,256,1,1,1,1,256,256,grouped_conv_forward_bf16_2d_64x128x64_compv5,40.77,20
101,1,25,26,1,256,256,1,1,1,1,256,256,grouped_conv_forward_bf16_2d_32x64x128_compv4,29.76,21
101,1,25,26,1,256,256,1,1,1,1,256,256,grouped_conv_forward_bf16_2d_16x64x128_compv4,28.91,22
101,1,25,26,1,256,256,1,1,1,1,256,256,grouped_conv_forward_bf16_2d_32x64x64_compv4,27.86,23
101,1,25,26,1,256,256,1,1,1,1,256,256,grouped_conv_forward_bf16_2d_16x64x64_compv4,26.57,24
101,1,25,26,1,256,256,1,1,1,1,256,256,grouped_conv_forward_bf16_2d_32x128x64_compv4,24.98,25
101,1,25,26,1,256,256,1,1,1,1,256,256,grouped_conv_forward_bf16_2d_128x64x128_compv4,23.45,26
101,1,25,26,1,256,256,1,1,1,1,256,256,grouped_conv_forward_bf16_2d_64x64x128_compv4,23.20,27
101,1,25,26,1,256,256,1,1,1,1,256,256,grouped_conv_forward_bf16_2d_64x64x64_compv4,21.47,28
101,1,25,26,1,256,256,1,1,1,1,256,256,grouped_conv_forward_bf16_2d_128x128x64_compv4,21.24,29
101,1,25,26,1,256,256,1,1,1,1,256,256,grouped_conv_forward_bf16_2d_64x128x64_compv4,20.86,30
102,1,192,224,1,12,12,1,7,1,1,12,12,grouped_conv_forward_bf16_2d_16x64x64_compv4,8.05,1
102,1,192,224,1,12,12,1,7,1,1,12,12,grouped_conv_forward_bf16_2d_16x64x128_compv4,7.41,2
102,1,192,224,1,12,12,1,7,1,1,12,12,grouped_conv_forward_bf16_2d_16x64x128_compv5,7.28,3
102,1,192,224,1,12,12,1,7,1,1,12,12,grouped_conv_forward_bf16_2d_16x64x128_compv3,7.26,4
102,1,192,224,1,12,12,1,7,1,1,12,12,grouped_conv_forward_bf16_2d_32x64x64_compv4,6.60,5
102,1,192,224,1,12,12,1,7,1,1,12,12,grouped_conv_forward_bf16_2d_32x128x64_compv4,6.13,6
102,1,192,224,1,12,12,1,7,1,1,12,12,grouped_conv_forward_bf16_2d_16x64x64_compv5,5.99,7
102,1,192,224,1,12,12,1,7,1,1,12,12,grouped_conv_forward_bf16_2d_32x64x128_compv5,5.98,8
102,1,192,224,1,12,12,1,7,1,1,12,12,grouped_conv_forward_bf16_2d_32x64x128_compv3,5.97,9
102,1,192,224,1,12,12,1,7,1,1,12,12,grouped_conv_forward_bf16_2d_16x64x64_compv3,5.94,10
102,1,192,224,1,12,12,1,7,1,1,12,12,grouped_conv_forward_bf16_2d_32x64x128_compv4,5.64,11
102,1,192,224,1,12,12,1,7,1,1,12,12,grouped_conv_forward_bf16_2d_32x64x64_compv5,5.27,12
102,1,192,224,1,12,12,1,7,1,1,12,12,grouped_conv_forward_bf16_2d_32x64x64_compv3,5.17,13
102,1,192,224,1,12,12,1,7,1,1,12,12,grouped_conv_forward_bf16_2d_128x64x128_compv5,4.52,14
102,1,192,224,1,12,12,1,7,1,1,12,12,grouped_conv_forward_bf16_2d_128x64x128_compv3,4.52,15
102,1,192,224,1,12,12,1,7,1,1,12,12,grouped_conv_forward_bf16_2d_64x64x64_compv4,4.44,16
102,1,192,224,1,12,12,1,7,1,1,12,12,grouped_conv_forward_bf16_2d_64x64x128_compv5,4.42,17
102,1,192,224,1,12,12,1,7,1,1,12,12,grouped_conv_forward_bf16_2d_64x64x128_compv3,4.40,18
102,1,192,224,1,12,12,1,7,1,1,12,12,grouped_conv_forward_bf16_2d_64x64x64_compv5,4.13,19
102,1,192,224,1,12,12,1,7,1,1,12,12,grouped_conv_forward_bf16_2d_32x128x64_compv5,4.12,20
102,1,192,224,1,12,12,1,7,1,1,12,12,grouped_conv_forward_bf16_2d_64x64x64_compv3,4.11,21
102,1,192,224,1,12,12,1,7,1,1,12,12,grouped_conv_forward_bf16_2d_64x128x64_compv4,4.10,22
102,1,192,224,1,12,12,1,7,1,1,12,12,grouped_conv_forward_bf16_2d_32x128x64_compv3,4.10,23
102,1,192,224,1,12,12,1,7,1,1,12,12,grouped_conv_forward_bf16_2d_128x128x64_compv4,4.05,24
102,1,192,224,1,12,12,1,7,1,1,12,12,grouped_conv_forward_bf16_2d_64x64x128_compv4,3.81,25
102,1,192,224,1,12,12,1,7,1,1,12,12,grouped_conv_forward_bf16_2d_128x64x128_compv4,3.73,26
102,1,192,224,1,12,12,1,7,1,1,12,12,grouped_conv_forward_bf16_2d_64x128x64_compv5,3.48,27
102,1,192,224,1,12,12,1,7,1,1,12,12,grouped_conv_forward_bf16_2d_64x128x64_compv3,3.46,28
102,1,192,224,1,12,12,1,7,1,1,12,12,grouped_conv_forward_bf16_2d_128x128x64_compv5,3.40,29
102,1,192,224,1,12,12,1,7,1,1,12,12,grouped_conv_forward_bf16_2d_128x128x64_compv3,3.38,30
103,4,171,107,1,256,256,1,1,1,1,256,256,grouped_conv_forward_bf16_2d_64x64x128_compv5,138.44,1
103,4,171,107,1,256,256,1,1,1,1,256,256,grouped_conv_forward_bf16_2d_64x64x128_compv3,137.14,2
103,4,171,107,1,256,256,1,1,1,1,256,256,grouped_conv_forward_bf16_2d_64x64x64_compv5,136.15,3
103,4,171,107,1,256,256,1,1,1,1,256,256,grouped_conv_forward_bf16_2d_64x64x64_compv3,134.70,4
103,4,171,107,1,256,256,1,1,1,1,256,256,grouped_conv_forward_bf16_2d_128x128x64_compv5,132.67,5
103,4,171,107,1,256,256,1,1,1,1,256,256,grouped_conv_forward_bf16_2d_64x128x64_compv5,132.59,6
103,4,171,107,1,256,256,1,1,1,1,256,256,grouped_conv_forward_bf16_2d_64x128x64_compv3,130.14,7
103,4,171,107,1,256,256,1,1,1,1,256,256,grouped_conv_forward_bf16_2d_32x64x64_compv5,128.87,8
103,4,171,107,1,256,256,1,1,1,1,256,256,grouped_conv_forward_bf16_2d_32x64x128_compv5,127.84,9
103,4,171,107,1,256,256,1,1,1,1,256,256,grouped_conv_forward_bf16_2d_32x64x64_compv3,126.53,10
103,4,171,107,1,256,256,1,1,1,1,256,256,grouped_conv_forward_bf16_2d_128x64x128_compv5,126.39,11
103,4,171,107,1,256,256,1,1,1,1,256,256,grouped_conv_forward_bf16_2d_32x64x128_compv3,125.35,12
103,4,171,107,1,256,256,1,1,1,1,256,256,grouped_conv_forward_bf16_2d_32x128x64_compv5,123.80,13
103,4,171,107,1,256,256,1,1,1,1,256,256,grouped_conv_forward_bf16_2d_32x128x64_compv3,120.76,14
103,4,171,107,1,256,256,1,1,1,1,256,256,grouped_conv_forward_bf16_2d_128x64x128_compv3,119.52,15
103,4,171,107,1,256,256,1,1,1,1,256,256,grouped_conv_forward_bf16_2d_128x128x64_compv3,119.21,16
103,4,171,107,1,256,256,1,1,1,1,256,256,grouped_conv_forward_bf16_2d_16x64x128_compv5,103.50,17
103,4,171,107,1,256,256,1,1,1,1,256,256,grouped_conv_forward_bf16_2d_16x64x64_compv3,103.48,18
103,4,171,107,1,256,256,1,1,1,1,256,256,grouped_conv_forward_bf16_2d_16x64x128_compv3,103.24,19
103,4,171,107,1,256,256,1,1,1,1,256,256,grouped_conv_forward_bf16_2d_16x64x64_compv5,102.05,20
103,4,171,107,1,256,256,1,1,1,1,256,256,grouped_conv_forward_bf16_2d_32x64x128_compv4,75.86,21
103,4,171,107,1,256,256,1,1,1,1,256,256,grouped_conv_forward_bf16_2d_32x128x64_compv4,74.09,22
103,4,171,107,1,256,256,1,1,1,1,256,256,grouped_conv_forward_bf16_2d_32x64x64_compv4,73.05,23
103,4,171,107,1,256,256,1,1,1,1,256,256,grouped_conv_forward_bf16_2d_16x64x128_compv4,70.68,24
103,4,171,107,1,256,256,1,1,1,1,256,256,grouped_conv_forward_bf16_2d_16x64x64_compv4,68.53,25
103,4,171,107,1,256,256,1,1,1,1,256,256,grouped_conv_forward_bf16_2d_128x128x64_compv4,59.78,26
103,4,171,107,1,256,256,1,1,1,1,256,256,grouped_conv_forward_bf16_2d_128x64x128_compv4,58.60,27
103,4,171,107,1,256,256,1,1,1,1,256,256,grouped_conv_forward_bf16_2d_64x128x64_compv4,58.21,28
103,4,171,107,1,256,256,1,1,1,1,256,256,grouped_conv_forward_bf16_2d_64x64x64_compv4,57.46,29
103,4,171,107,1,256,256,1,1,1,1,256,256,grouped_conv_forward_bf16_2d_64x64x128_compv4,57.05,30
104,1,168,1968,1,1,1,1,1,1,1,1,1,grouped_conv_forward_bf16_2d_32x128x64_compv5,5.73,1
104,1,168,1968,1,1,1,1,1,1,1,1,1,grouped_conv_forward_bf16_2d_32x128x64_compv3,5.71,2
104,1,168,1968,1,1,1,1,1,1,1,1,1,grouped_conv_forward_bf16_2d_32x128x64_compv4,5.38,3
104,1,168,1968,1,1,1,1,1,1,1,1,1,grouped_conv_forward_bf16_2d_16x64x64_compv5,5.22,4
104,1,168,1968,1,1,1,1,1,1,1,1,1,grouped_conv_forward_bf16_2d_16x64x64_compv3,5.20,5
104,1,168,1968,1,1,1,1,1,1,1,1,1,grouped_conv_forward_bf16_2d_16x64x64_compv4,4.91,6
104,1,168,1968,1,1,1,1,1,1,1,1,1,grouped_conv_forward_bf16_2d_32x64x64_compv5,4.64,7
104,1,168,1968,1,1,1,1,1,1,1,1,1,grouped_conv_forward_bf16_2d_64x128x64_compv3,4.60,8
104,1,168,1968,1,1,1,1,1,1,1,1,1,grouped_conv_forward_bf16_2d_64x128x64_compv5,4.58,9
104,1,168,1968,1,1,1,1,1,1,1,1,1,grouped_conv_forward_bf16_2d_32x64x64_compv3,4.57,10
104,1,168,1968,1,1,1,1,1,1,1,1,1,grouped_conv_forward_bf16_2d_128x128x64_compv4,4.38,11
104,1,168,1968,1,1,1,1,1,1,1,1,1,grouped_conv_forward_bf16_2d_64x128x64_compv4,4.38,12
104,1,168,1968,1,1,1,1,1,1,1,1,1,grouped_conv_forward_bf16_2d_32x64x64_compv4,4.30,13
104,1,168,1968,1,1,1,1,1,1,1,1,1,grouped_conv_forward_bf16_2d_128x128x64_compv3,4.15,14
104,1,168,1968,1,1,1,1,1,1,1,1,1,grouped_conv_forward_bf16_2d_128x128x64_compv5,4.12,15
104,1,168,1968,1,1,1,1,1,1,1,1,1,grouped_conv_forward_bf16_2d_64x64x64_compv3,3.77,16
104,1,168,1968,1,1,1,1,1,1,1,1,1,grouped_conv_forward_bf16_2d_64x64x64_compv5,3.76,17
104,1,168,1968,1,1,1,1,1,1,1,1,1,grouped_conv_forward_bf16_2d_64x64x64_compv4,3.49,18
104,1,168,1968,1,1,1,1,1,1,1,1,1,grouped_conv_forward_bf16_2d_16x64x128_compv3,2.61,19
104,1,168,1968,1,1,1,1,1,1,1,1,1,grouped_conv_forward_bf16_2d_16x64x128_compv5,2.59,20
104,1,168,1968,1,1,1,1,1,1,1,1,1,grouped_conv_forward_bf16_2d_16x64x128_compv4,2.40,21
104,1,168,1968,1,1,1,1,1,1,1,1,1,grouped_conv_forward_bf16_2d_32x64x128_compv5,2.39,22
104,1,168,1968,1,1,1,1,1,1,1,1,1,grouped_conv_forward_bf16_2d_32x64x128_compv3,2.38,23
104,1,168,1968,1,1,1,1,1,1,1,1,1,grouped_conv_forward_bf16_2d_32x64x128_compv4,2.19,24
104,1,168,1968,1,1,1,1,1,1,1,1,1,grouped_conv_forward_bf16_2d_64x64x128_compv5,1.97,25
104,1,168,1968,1,1,1,1,1,1,1,1,1,grouped_conv_forward_bf16_2d_64x64x128_compv3,1.96,26
104,1,168,1968,1,1,1,1,1,1,1,1,1,grouped_conv_forward_bf16_2d_128x64x128_compv3,1.90,27
104,1,168,1968,1,1,1,1,1,1,1,1,1,grouped_conv_forward_bf16_2d_128x64x128_compv5,1.90,28
104,1,168,1968,1,1,1,1,1,1,1,1,1,grouped_conv_forward_bf16_2d_128x64x128_compv4,1.85,29
104,1,168,1968,1,1,1,1,1,1,1,1,1,grouped_conv_forward_bf16_2d_64x64x128_compv4,1.81,30
105,1,192,192,192,515,515,5,5,2,2,256,256,grouped_conv_forward_bf16_2d_32x128x64_compv5,92.36,1
105,1,192,192,192,515,515,5,5,2,2,256,256,grouped_conv_forward_bf16_2d_32x128x64_compv3,91.05,2
105,1,192,192,192,515,515,5,5,2,2,256,256,grouped_conv_forward_bf16_2d_64x64x64_compv5,90.40,3
105,1,192,192,192,515,515,5,5,2,2,256,256,grouped_conv_forward_bf16_2d_64x128x64_compv5,89.99,4
105,1,192,192,192,515,515,5,5,2,2,256,256,grouped_conv_forward_bf16_2d_64x128x64_compv3,87.93,5
105,1,192,192,192,515,515,5,5,2,2,256,256,grouped_conv_forward_bf16_2d_64x64x64_compv3,87.67,6
105,1,192,192,192,515,515,5,5,2,2,256,256,grouped_conv_forward_bf16_2d_128x128x64_compv5,86.51,7
105,1,192,192,192,515,515,5,5,2,2,256,256,grouped_conv_forward_bf16_2d_128x128x64_compv3,81.96,8
105,1,192,192,192,515,515,5,5,2,2,256,256,grouped_conv_forward_bf16_2d_32x64x64_compv5,78.85,9
105,1,192,192,192,515,515,5,5,2,2,256,256,grouped_conv_forward_bf16_2d_32x64x64_compv3,77.05,10
105,1,192,192,192,515,515,5,5,2,2,256,256,grouped_conv_forward_bf16_2d_32x64x128_compv5,76.86,11
105,1,192,192,192,515,515,5,5,2,2,256,256,grouped_conv_forward_bf16_2d_32x64x128_compv3,73.62,12
105,1,192,192,192,515,515,5,5,2,2,256,256,grouped_conv_forward_bf16_2d_64x64x128_compv5,72.73,13
105,1,192,192,192,515,515,5,5,2,2,256,256,grouped_conv_forward_bf16_2d_64x64x128_compv3,71.15,14
105,1,192,192,192,515,515,5,5,2,2,256,256,grouped_conv_forward_bf16_2d_128x64x128_compv5,67.80,15
105,1,192,192,192,515,515,5,5,2,2,256,256,grouped_conv_forward_bf16_2d_128x64x128_compv3,66.18,16
105,1,192,192,192,515,515,5,5,2,2,256,256,grouped_conv_forward_bf16_2d_16x64x64_compv5,65.95,17
105,1,192,192,192,515,515,5,5,2,2,256,256,grouped_conv_forward_bf16_2d_16x64x64_compv3,64.82,18
105,1,192,192,192,515,515,5,5,2,2,256,256,grouped_conv_forward_bf16_2d_16x64x128_compv5,62.08,19
105,1,192,192,192,515,515,5,5,2,2,256,256,grouped_conv_forward_bf16_2d_16x64x128_compv3,59.20,20
105,1,192,192,192,515,515,5,5,2,2,256,256,grouped_conv_forward_bf16_2d_32x128x64_compv4,41.49,21
105,1,192,192,192,515,515,5,5,2,2,256,256,grouped_conv_forward_bf16_2d_32x64x128_compv4,40.07,22
105,1,192,192,192,515,515,5,5,2,2,256,256,grouped_conv_forward_bf16_2d_32x64x64_compv4,38.42,23
105,1,192,192,192,515,515,5,5,2,2,256,256,grouped_conv_forward_bf16_2d_16x64x128_compv4,36.49,24
105,1,192,192,192,515,515,5,5,2,2,256,256,grouped_conv_forward_bf16_2d_16x64x64_compv4,34.51,25
105,1,192,192,192,515,515,5,5,2,2,256,256,grouped_conv_forward_bf16_2d_128x128x64_compv4,32.45,26
105,1,192,192,192,515,515,5,5,2,2,256,256,grouped_conv_forward_bf16_2d_64x128x64_compv4,32.23,27
105,1,192,192,192,515,515,5,5,2,2,256,256,grouped_conv_forward_bf16_2d_64x64x64_compv4,30.07,28
105,1,192,192,192,515,515,5,5,2,2,256,256,grouped_conv_forward_bf16_2d_128x64x128_compv4,30.03,29
105,1,192,192,192,515,515,5,5,2,2,256,256,grouped_conv_forward_bf16_2d_64x64x128_compv4,28.99,30
106,4,256,256,256,3,3,3,3,1,1,1,1,grouped_conv_forward_bf16_2d_16x64x128_compv5,0.15,1
106,4,256,256,256,3,3,3,3,1,1,1,1,grouped_conv_forward_bf16_2d_32x64x128_compv5,0.14,2
106,4,256,256,256,3,3,3,3,1,1,1,1,grouped_conv_forward_bf16_2d_16x64x128_compv3,0.14,3
106,4,256,256,256,3,3,3,3,1,1,1,1,grouped_conv_forward_bf16_2d_16x64x128_compv4,0.13,4
106,4,256,256,256,3,3,3,3,1,1,1,1,grouped_conv_forward_bf16_2d_64x64x128_compv5,0.12,5
106,4,256,256,256,3,3,3,3,1,1,1,1,grouped_conv_forward_bf16_2d_32x64x128_compv3,0.12,6
106,4,256,256,256,3,3,3,3,1,1,1,1,grouped_conv_forward_bf16_2d_16x64x64_compv5,0.12,7
106,4,256,256,256,3,3,3,3,1,1,1,1,grouped_conv_forward_bf16_2d_32x64x128_compv4,0.11,8
106,4,256,256,256,3,3,3,3,1,1,1,1,grouped_conv_forward_bf16_2d_32x128x64_compv5,0.11,9
106,4,256,256,256,3,3,3,3,1,1,1,1,grouped_conv_forward_bf16_2d_16x64x64_compv3,0.11,10
106,4,256,256,256,3,3,3,3,1,1,1,1,grouped_conv_forward_bf16_2d_64x64x128_compv3,0.11,11
106,4,256,256,256,3,3,3,3,1,1,1,1,grouped_conv_forward_bf16_2d_128x64x128_compv5,0.11,12
106,4,256,256,256,3,3,3,3,1,1,1,1,grouped_conv_forward_bf16_2d_128x64x128_compv3,0.10,13
106,4,256,256,256,3,3,3,3,1,1,1,1,grouped_conv_forward_bf16_2d_64x64x128_compv4,0.09,14
106,4,256,256,256,3,3,3,3,1,1,1,1,grouped_conv_forward_bf16_2d_32x64x64_compv5,0.09,15
106,4,256,256,256,3,3,3,3,1,1,1,1,grouped_conv_forward_bf16_2d_32x128x64_compv4,0.09,16
106,4,256,256,256,3,3,3,3,1,1,1,1,grouped_conv_forward_bf16_2d_32x128x64_compv3,0.09,17
106,4,256,256,256,3,3,3,3,1,1,1,1,grouped_conv_forward_bf16_2d_128x64x128_compv4,0.09,18
106,4,256,256,256,3,3,3,3,1,1,1,1,grouped_conv_forward_bf16_2d_16x64x64_compv4,0.08,19
106,4,256,256,256,3,3,3,3,1,1,1,1,grouped_conv_forward_bf16_2d_64x64x64_compv5,0.07,20
106,4,256,256,256,3,3,3,3,1,1,1,1,grouped_conv_forward_bf16_2d_32x64x64_compv3,0.07,21
106,4,256,256,256,3,3,3,3,1,1,1,1,grouped_conv_forward_bf16_2d_64x64x64_compv3,0.07,22
106,4,256,256,256,3,3,3,3,1,1,1,1,grouped_conv_forward_bf16_2d_32x64x64_compv4,0.07,23
106,4,256,256,256,3,3,3,3,1,1,1,1,grouped_conv_forward_bf16_2d_64x128x64_compv5,0.06,24
106,4,256,256,256,3,3,3,3,1,1,1,1,grouped_conv_forward_bf16_2d_64x128x64_compv3,0.05,25
106,4,256,256,256,3,3,3,3,1,1,1,1,grouped_conv_forward_bf16_2d_128x128x64_compv4,0.05,26
106,4,256,256,256,3,3,3,3,1,1,1,1,grouped_conv_forward_bf16_2d_128x128x64_compv5,0.04,27
106,4,256,256,256,3,3,3,3,1,1,1,1,grouped_conv_forward_bf16_2d_64x128x64_compv4,0.04,28
106,4,256,256,256,3,3,3,3,1,1,1,1,grouped_conv_forward_bf16_2d_64x64x64_compv4,0.04,29
106,4,256,256,256,3,3,3,3,1,1,1,1,grouped_conv_forward_bf16_2d_128x128x64_compv3,0.04,30
107,1,104,104,1,128,128,1,1,1,1,128,128,grouped_conv_forward_bf16_2d_32x128x64_compv5,45.85,1
107,1,104,104,1,128,128,1,1,1,1,128,128,grouped_conv_forward_bf16_2d_32x128x64_compv3,45.69,2
107,1,104,104,1,128,128,1,1,1,1,128,128,grouped_conv_forward_bf16_2d_64x128x64_compv3,44.31,3
107,1,104,104,1,128,128,1,1,1,1,128,128,grouped_conv_forward_bf16_2d_64x128x64_compv5,43.90,4
107,1,104,104,1,128,128,1,1,1,1,128,128,grouped_conv_forward_bf16_2d_128x128x64_compv3,42.92,5
107,1,104,104,1,128,128,1,1,1,1,128,128,grouped_conv_forward_bf16_2d_128x128x64_compv5,41.78,6
107,1,104,104,1,128,128,1,1,1,1,128,128,grouped_conv_forward_bf16_2d_128x64x128_compv3,38.78,7
107,1,104,104,1,128,128,1,1,1,1,128,128,grouped_conv_forward_bf16_2d_64x64x128_compv3,37.86,8
107,1,104,104,1,128,128,1,1,1,1,128,128,grouped_conv_forward_bf16_2d_128x64x128_compv5,37.68,9
107,1,104,104,1,128,128,1,1,1,1,128,128,grouped_conv_forward_bf16_2d_64x64x128_compv5,37.60,10
107,1,104,104,1,128,128,1,1,1,1,128,128,grouped_conv_forward_bf16_2d_64x64x64_compv5,36.94,11
107,1,104,104,1,128,128,1,1,1,1,128,128,grouped_conv_forward_bf16_2d_64x64x64_compv3,36.94,12
107,1,104,104,1,128,128,1,1,1,1,128,128,grouped_conv_forward_bf16_2d_32x64x128_compv5,36.83,13
107,1,104,104,1,128,128,1,1,1,1,128,128,grouped_conv_forward_bf16_2d_32x64x128_compv3,36.34,14
107,1,104,104,1,128,128,1,1,1,1,128,128,grouped_conv_forward_bf16_2d_32x64x64_compv5,35.99,15
107,1,104,104,1,128,128,1,1,1,1,128,128,grouped_conv_forward_bf16_2d_32x64x64_compv3,35.43,16
107,1,104,104,1,128,128,1,1,1,1,128,128,grouped_conv_forward_bf16_2d_16x64x128_compv5,33.20,17
107,1,104,104,1,128,128,1,1,1,1,128,128,grouped_conv_forward_bf16_2d_16x64x128_compv3,33.03,18
107,1,104,104,1,128,128,1,1,1,1,128,128,grouped_conv_forward_bf16_2d_16x64x64_compv5,32.75,19
107,1,104,104,1,128,128,1,1,1,1,128,128,grouped_conv_forward_bf16_2d_16x64x64_compv3,32.60,20
107,1,104,104,1,128,128,1,1,1,1,128,128,grouped_conv_forward_bf16_2d_32x128x64_compv4,27.45,21
107,1,104,104,1,128,128,1,1,1,1,128,128,grouped_conv_forward_bf16_2d_32x64x128_compv4,26.98,22
107,1,104,104,1,128,128,1,1,1,1,128,128,grouped_conv_forward_bf16_2d_32x64x64_compv4,25.28,23
107,1,104,104,1,128,128,1,1,1,1,128,128,grouped_conv_forward_bf16_2d_64x64x128_compv4,25.08,24
107,1,104,104,1,128,128,1,1,1,1,128,128,grouped_conv_forward_bf16_2d_64x128x64_compv4,24.74,25
107,1,104,104,1,128,128,1,1,1,1,128,128,grouped_conv_forward_bf16_2d_16x64x128_compv4,24.44,26
107,1,104,104,1,128,128,1,1,1,1,128,128,grouped_conv_forward_bf16_2d_128x64x128_compv4,23.61,27
107,1,104,104,1,128,128,1,1,1,1,128,128,grouped_conv_forward_bf16_2d_16x64x64_compv4,23.50,28
107,1,104,104,1,128,128,1,1,1,1,128,128,grouped_conv_forward_bf16_2d_64x64x64_compv4,23.05,29
107,1,104,104,1,128,128,1,1,1,1,128,128,grouped_conv_forward_bf16_2d_128x128x64_compv4,23.02,30
108,1,38,368,1,1,1,1,1,1,1,1,1,grouped_conv_forward_bf16_2d_32x128x64_compv5,0.65,1
108,1,38,368,1,1,1,1,1,1,1,1,1,grouped_conv_forward_bf16_2d_32x128x64_compv3,0.63,2
108,1,38,368,1,1,1,1,1,1,1,1,1,grouped_conv_forward_bf16_2d_16x64x64_compv3,0.62,3
108,1,38,368,1,1,1,1,1,1,1,1,1,grouped_conv_forward_bf16_2d_16x64x64_compv5,0.62,4
108,1,38,368,1,1,1,1,1,1,1,1,1,grouped_conv_forward_bf16_2d_32x128x64_compv4,0.62,5
108,1,38,368,1,1,1,1,1,1,1,1,1,grouped_conv_forward_bf16_2d_32x64x64_compv5,0.61,6
108,1,38,368,1,1,1,1,1,1,1,1,1,grouped_conv_forward_bf16_2d_32x64x64_compv3,0.59,7
108,1,38,368,1,1,1,1,1,1,1,1,1,grouped_conv_forward_bf16_2d_64x64x64_compv5,0.56,8
108,1,38,368,1,1,1,1,1,1,1,1,1,grouped_conv_forward_bf16_2d_64x64x64_compv3,0.56,9
108,1,38,368,1,1,1,1,1,1,1,1,1,grouped_conv_forward_bf16_2d_64x128x64_compv5,0.56,10
108,1,38,368,1,1,1,1,1,1,1,1,1,grouped_conv_forward_bf16_2d_64x128x64_compv3,0.56,11
108,1,38,368,1,1,1,1,1,1,1,1,1,grouped_conv_forward_bf16_2d_16x64x64_compv4,0.55,12
108,1,38,368,1,1,1,1,1,1,1,1,1,grouped_conv_forward_bf16_2d_32x64x64_compv4,0.54,13
108,1,38,368,1,1,1,1,1,1,1,1,1,grouped_conv_forward_bf16_2d_128x128x64_compv3,0.52,14
108,1,38,368,1,1,1,1,1,1,1,1,1,grouped_conv_forward_bf16_2d_128x128x64_compv5,0.52,15
108,1,38,368,1,1,1,1,1,1,1,1,1,grouped_conv_forward_bf16_2d_32x64x128_compv5,0.51,16
108,1,38,368,1,1,1,1,1,1,1,1,1,grouped_conv_forward_bf16_2d_16x64x128_compv5,0.51,17
108,1,38,368,1,1,1,1,1,1,1,1,1,grouped_conv_forward_bf16_2d_128x128x64_compv4,0.51,18
108,1,38,368,1,1,1,1,1,1,1,1,1,grouped_conv_forward_bf16_2d_64x128x64_compv4,0.51,19
108,1,38,368,1,1,1,1,1,1,1,1,1,grouped_conv_forward_bf16_2d_16x64x128_compv3,0.50,20
108,1,38,368,1,1,1,1,1,1,1,1,1,grouped_conv_forward_bf16_2d_32x64x128_compv3,0.49,21
108,1,38,368,1,1,1,1,1,1,1,1,1,grouped_conv_forward_bf16_2d_64x64x64_compv4,0.48,22
108,1,38,368,1,1,1,1,1,1,1,1,1,grouped_conv_forward_bf16_2d_16x64x128_compv4,0.47,23
108,1,38,368,1,1,1,1,1,1,1,1,1,grouped_conv_forward_bf16_2d_64x64x128_compv5,0.47,24
108,1,38,368,1,1,1,1,1,1,1,1,1,grouped_conv_forward_bf16_2d_64x64x128_compv3,0.45,25
108,1,38,368,1,1,1,1,1,1,1,1,1,grouped_conv_forward_bf16_2d_32x64x128_compv4,0.45,26
108,1,38,368,1,1,1,1,1,1,1,1,1,grouped_conv_forward_bf16_2d_128x64x128_compv5,0.44,27
108,1,38,368,1,1,1,1,1,1,1,1,1,grouped_conv_forward_bf16_2d_128x64x128_compv3,0.43,28
108,1,38,368,1,1,1,1,1,1,1,1,1,grouped_conv_forward_bf16_2d_128x64x128_compv4,0.40,29
108,1,38,368,1,1,1,1,1,1,1,1,1,grouped_conv_forward_bf16_2d_64x64x128_compv4,0.39,30
109,1,192,384,192,128,128,7,7,2,2,64,64,grouped_conv_forward_bf16_2d_32x64x64_compv5,33.68,1
109,1,192,384,192,128,128,7,7,2,2,64,64,grouped_conv_forward_bf16_2d_32x64x64_compv3,33.59,2
109,1,192,384,192,128,128,7,7,2,2,64,64,grouped_conv_forward_bf16_2d_64x64x64_compv3,32.98,3
109,1,192,384,192,128,128,7,7,2,2,64,64,grouped_conv_forward_bf16_2d_64x64x64_compv5,32.55,4
109,1,192,384,192,128,128,7,7,2,2,64,64,grouped_conv_forward_bf16_2d_16x64x64_compv5,28.54,5
109,1,192,384,192,128,128,7,7,2,2,64,64,grouped_conv_forward_bf16_2d_16x64x64_compv3,28.45,6
109,1,192,384,192,128,128,7,7,2,2,64,64,grouped_conv_forward_bf16_2d_32x64x64_compv4,21.52,7
109,1,192,384,192,128,128,7,7,2,2,64,64,grouped_conv_forward_bf16_2d_32x128x64_compv3,19.26,8
109,1,192,384,192,128,128,7,7,2,2,64,64,grouped_conv_forward_bf16_2d_32x128x64_compv5,19.17,9
109,1,192,384,192,128,128,7,7,2,2,64,64,grouped_conv_forward_bf16_2d_64x64x64_compv4,18.80,10
109,1,192,384,192,128,128,7,7,2,2,64,64,grouped_conv_forward_bf16_2d_16x64x64_compv4,18.67,11
109,1,192,384,192,128,128,7,7,2,2,64,64,grouped_conv_forward_bf16_2d_32x64x128_compv3,18.18,12
109,1,192,384,192,128,128,7,7,2,2,64,64,grouped_conv_forward_bf16_2d_32x64x128_compv5,18.09,13
109,1,192,384,192,128,128,7,7,2,2,64,64,grouped_conv_forward_bf16_2d_64x128x64_compv3,17.71,14
109,1,192,384,192,128,128,7,7,2,2,64,64,grouped_conv_forward_bf16_2d_64x64x128_compv3,17.51,15
109,1,192,384,192,128,128,7,7,2,2,64,64,grouped_conv_forward_bf16_2d_64x128x64_compv5,17.30,16
109,1,192,384,192,128,128,7,7,2,2,64,64,grouped_conv_forward_bf16_2d_64x64x128_compv5,17.25,17
109,1,192,384,192,128,128,7,7,2,2,64,64,grouped_conv_forward_bf16_2d_32x128x64_compv4,16.04,18
109,1,192,384,192,128,128,7,7,2,2,64,64,grouped_conv_forward_bf16_2d_32x64x128_compv4,15.66,19
109,1,192,384,192,128,128,7,7,2,2,64,64,grouped_conv_forward_bf16_2d_128x64x128_compv3,15.58,20
109,1,192,384,192,128,128,7,7,2,2,64,64,grouped_conv_forward_bf16_2d_16x64x128_compv3,15.13,21
109,1,192,384,192,128,128,7,7,2,2,64,64,grouped_conv_forward_bf16_2d_16x64x128_compv5,15.12,22
109,1,192,384,192,128,128,7,7,2,2,64,64,grouped_conv_forward_bf16_2d_128x64x128_compv5,14.97,23
109,1,192,384,192,128,128,7,7,2,2,64,64,grouped_conv_forward_bf16_2d_128x128x64_compv3,14.82,24
109,1,192,384,192,128,128,7,7,2,2,64,64,grouped_conv_forward_bf16_2d_128x128x64_compv5,14.34,25
109,1,192,384,192,128,128,7,7,2,2,64,64,grouped_conv_forward_bf16_2d_64x128x64_compv4,13.73,26
109,1,192,384,192,128,128,7,7,2,2,64,64,grouped_conv_forward_bf16_2d_64x64x128_compv4,13.48,27
109,1,192,384,192,128,128,7,7,2,2,64,64,grouped_conv_forward_bf16_2d_128x128x64_compv4,13.40,28
109,1,192,384,192,128,128,7,7,2,2,64,64,grouped_conv_forward_bf16_2d_128x64x128_compv4,13.28,29
109,1,192,384,192,128,128,7,7,2,2,64,64,grouped_conv_forward_bf16_2d_16x64x128_compv4,13.05,30
110,4,2064,576,1,17,17,1,1,1,1,17,17,grouped_conv_forward_bf16_2d_32x64x64_compv4,84.44,1
110,4,2064,576,1,17,17,1,1,1,1,17,17,grouped_conv_forward_bf16_2d_16x64x64_compv4,82.62,2
110,4,2064,576,1,17,17,1,1,1,1,17,17,grouped_conv_forward_bf16_2d_32x128x64_compv4,79.37,3
110,4,2064,576,1,17,17,1,1,1,1,17,17,grouped_conv_forward_bf16_2d_32x64x128_compv5,79.05,4
110,4,2064,576,1,17,17,1,1,1,1,17,17,grouped_conv_forward_bf16_2d_16x64x128_compv5,79.05,5
110,4,2064,576,1,17,17,1,1,1,1,17,17,grouped_conv_forward_bf16_2d_32x64x128_compv3,78.46,6
110,4,2064,576,1,17,17,1,1,1,1,17,17,grouped_conv_forward_bf16_2d_16x64x128_compv3,78.24,7
110,4,2064,576,1,17,17,1,1,1,1,17,17,grouped_conv_forward_bf16_2d_16x64x64_compv3,74.83,8
110,4,2064,576,1,17,17,1,1,1,1,17,17,grouped_conv_forward_bf16_2d_16x64x64_compv5,74.83,9
110,4,2064,576,1,17,17,1,1,1,1,17,17,grouped_conv_forward_bf16_2d_16x64x128_compv4,73.99,10
110,4,2064,576,1,17,17,1,1,1,1,17,17,grouped_conv_forward_bf16_2d_32x64x128_compv4,73.01,11
110,4,2064,576,1,17,17,1,1,1,1,17,17,grouped_conv_forward_bf16_2d_32x64x64_compv5,71.34,12
110,4,2064,576,1,17,17,1,1,1,1,17,17,grouped_conv_forward_bf16_2d_32x64x64_compv3,70.97,13
110,4,2064,576,1,17,17,1,1,1,1,17,17,grouped_conv_forward_bf16_2d_128x64x128_compv5,70.75,14
110,4,2064,576,1,17,17,1,1,1,1,17,17,grouped_conv_forward_bf16_2d_128x64x128_compv3,70.43,15
110,4,2064,576,1,17,17,1,1,1,1,17,17,grouped_conv_forward_bf16_2d_64x64x64_compv4,69.81,16
110,4,2064,576,1,17,17,1,1,1,1,17,17,grouped_conv_forward_bf16_2d_64x64x128_compv5,69.51,17
110,4,2064,576,1,17,17,1,1,1,1,17,17,grouped_conv_forward_bf16_2d_64x64x128_compv3,69.13,18
110,4,2064,576,1,17,17,1,1,1,1,17,17,grouped_conv_forward_bf16_2d_64x64x64_compv5,67.51,19
110,4,2064,576,1,17,17,1,1,1,1,17,17,grouped_conv_forward_bf16_2d_128x128x64_compv4,67.51,20
110,4,2064,576,1,17,17,1,1,1,1,17,17,grouped_conv_forward_bf16_2d_64x64x64_compv3,67.38,21
110,4,2064,576,1,17,17,1,1,1,1,17,17,grouped_conv_forward_bf16_2d_64x128x64_compv4,67.18,22
110,4,2064,576,1,17,17,1,1,1,1,17,17,grouped_conv_forward_bf16_2d_32x128x64_compv5,66.60,23
110,4,2064,576,1,17,17,1,1,1,1,17,17,grouped_conv_forward_bf16_2d_32x128x64_compv3,66.34,24
110,4,2064,576,1,17,17,1,1,1,1,17,17,grouped_conv_forward_bf16_2d_128x64x128_compv4,60.29,25
110,4,2064,576,1,17,17,1,1,1,1,17,17,grouped_conv_forward_bf16_2d_128x128x64_compv5,59.74,26
110,4,2064,576,1,17,17,1,1,1,1,17,17,grouped_conv_forward_bf16_2d_128x128x64_compv3,59.70,27
110,4,2064,576,1,17,17,1,1,1,1,17,17,grouped_conv_forward_bf16_2d_64x64x128_compv4,59.30,28
110,4,2064,576,1,17,17,1,1,1,1,17,17,grouped_conv_forward_bf16_2d_64x128x64_compv5,59.16,29
110,4,2064,576,1,17,17,1,1,1,1,17,17,grouped_conv_forward_bf16_2d_64x128x64_compv3,59.07,30
111,1,40,240,1,114,114,1,1,1,1,114,114,grouped_conv_forward_bf16_2d_128x128x64_compv5,54.03,1
111,1,40,240,1,114,114,1,1,1,1,114,114,grouped_conv_forward_bf16_2d_128x128x64_compv3,52.84,2
111,1,40,240,1,114,114,1,1,1,1,114,114,grouped_conv_forward_bf16_2d_64x128x64_compv3,52.08,3
111,1,40,240,1,114,114,1,1,1,1,114,114,grouped_conv_forward_bf16_2d_64x128x64_compv5,51.84,4
111,1,40,240,1,114,114,1,1,1,1,114,114,grouped_conv_forward_bf16_2d_32x128x64_compv5,51.73,5
111,1,40,240,1,114,114,1,1,1,1,114,114,grouped_conv_forward_bf16_2d_32x128x64_compv3,51.58,6
111,1,40,240,1,114,114,1,1,1,1,114,114,grouped_conv_forward_bf16_2d_32x64x64_compv5,41.25,7
111,1,40,240,1,114,114,1,1,1,1,114,114,grouped_conv_forward_bf16_2d_64x64x64_compv5,40.71,8
111,1,40,240,1,114,114,1,1,1,1,114,114,grouped_conv_forward_bf16_2d_32x64x64_compv3,40.29,9
111,1,40,240,1,114,114,1,1,1,1,114,114,grouped_conv_forward_bf16_2d_64x64x64_compv3,39.81,10
111,1,40,240,1,114,114,1,1,1,1,114,114,grouped_conv_forward_bf16_2d_16x64x64_compv5,37.68,11
111,1,40,240,1,114,114,1,1,1,1,114,114,grouped_conv_forward_bf16_2d_16x64x64_compv3,37.02,12
111,1,40,240,1,114,114,1,1,1,1,114,114,grouped_conv_forward_bf16_2d_32x64x128_compv5,34.14,13
111,1,40,240,1,114,114,1,1,1,1,114,114,grouped_conv_forward_bf16_2d_32x64x128_compv3,33.83,14
111,1,40,240,1,114,114,1,1,1,1,114,114,grouped_conv_forward_bf16_2d_64x64x128_compv5,33.63,15
111,1,40,240,1,114,114,1,1,1,1,114,114,grouped_conv_forward_bf16_2d_64x64x128_compv3,33.54,16
111,1,40,240,1,114,114,1,1,1,1,114,114,grouped_conv_forward_bf16_2d_128x64x128_compv5,33.12,17
111,1,40,240,1,114,114,1,1,1,1,114,114,grouped_conv_forward_bf16_2d_128x64x128_compv3,32.34,18
111,1,40,240,1,114,114,1,1,1,1,114,114,grouped_conv_forward_bf16_2d_16x64x128_compv5,31.05,19
111,1,40,240,1,114,114,1,1,1,1,114,114,grouped_conv_forward_bf16_2d_16x64x128_compv3,30.93,20
111,1,40,240,1,114,114,1,1,1,1,114,114,grouped_conv_forward_bf16_2d_32x64x64_compv4,24.77,21
111,1,40,240,1,114,114,1,1,1,1,114,114,grouped_conv_forward_bf16_2d_16x64x64_compv4,23.51,22
111,1,40,240,1,114,114,1,1,1,1,114,114,grouped_conv_forward_bf16_2d_32x128x64_compv4,21.71,23
111,1,40,240,1,114,114,1,1,1,1,114,114,grouped_conv_forward_bf16_2d_32x64x128_compv4,21.53,24
111,1,40,240,1,114,114,1,1,1,1,114,114,grouped_conv_forward_bf16_2d_16x64x128_compv4,20.52,25
111,1,40,240,1,114,114,1,1,1,1,114,114,grouped_conv_forward_bf16_2d_64x64x64_compv4,19.46,26
111,1,40,240,1,114,114,1,1,1,1,114,114,grouped_conv_forward_bf16_2d_128x64x128_compv4,18.33,27
111,1,40,240,1,114,114,1,1,1,1,114,114,grouped_conv_forward_bf16_2d_128x128x64_compv4,18.20,28
111,1,40,240,1,114,114,1,1,1,1,114,114,grouped_conv_forward_bf16_2d_64x64x128_compv4,18.06,29
111,1,40,240,1,114,114,1,1,1,1,114,114,grouped_conv_forward_bf16_2d_64x128x64_compv4,17.85,30
112,4,1024,1536,1,64,64,1,1,1,1,64,64,grouped_conv_forward_bf16_2d_128x128x64_compv5,278.34,1
112,4,1024,1536,1,64,64,1,1,1,1,64,64,grouped_conv_forward_bf16_2d_128x128x64_compv3,276.39,2
112,4,1024,1536,1,64,64,1,1,1,1,64,64,grouped_conv_forward_bf16_2d_64x128x64_compv3,273.01,3
112,4,1024,1536,1,64,64,1,1,1,1,64,64,grouped_conv_forward_bf16_2d_64x128x64_compv5,270.11,4
112,4,1024,1536,1,64,64,1,1,1,1,64,64,grouped_conv_forward_bf16_2d_32x128x64_compv3,233.14,5
112,4,1024,1536,1,64,64,1,1,1,1,64,64,grouped_conv_forward_bf16_2d_128x64x128_compv5,228.65,6
112,4,1024,1536,1,64,64,1,1,1,1,64,64,grouped_conv_forward_bf16_2d_32x128x64_compv5,227.54,7
112,4,1024,1536,1,64,64,1,1,1,1,64,64,grouped_conv_forward_bf16_2d_64x64x128_compv5,226.67,8
112,4,1024,1536,1,64,64,1,1,1,1,64,64,grouped_conv_forward_bf16_2d_128x64x128_compv3,223.77,9
112,4,1024,1536,1,64,64,1,1,1,1,64,64,grouped_conv_forward_bf16_2d_64x64x128_compv3,223.04,10
112,4,1024,1536,1,64,64,1,1,1,1,64,64,grouped_conv_forward_bf16_2d_64x64x64_compv5,221.87,11
112,4,1024,1536,1,64,64,1,1,1,1,64,64,grouped_conv_forward_bf16_2d_64x64x64_compv3,220.10,12
112,4,1024,1536,1,64,64,1,1,1,1,64,64,grouped_conv_forward_bf16_2d_32x64x128_compv5,208.21,13
112,4,1024,1536,1,64,64,1,1,1,1,64,64,grouped_conv_forward_bf16_2d_32x64x128_compv3,206.58,14
112,4,1024,1536,1,64,64,1,1,1,1,64,64,grouped_conv_forward_bf16_2d_32x64x64_compv5,182.57,15
112,4,1024,1536,1,64,64,1,1,1,1,64,64,grouped_conv_forward_bf16_2d_32x64x64_compv3,178.26,16
112,4,1024,1536,1,64,64,1,1,1,1,64,64,grouped_conv_forward_bf16_2d_16x64x128_compv3,156.54,17
112,4,1024,1536,1,64,64,1,1,1,1,64,64,grouped_conv_forward_bf16_2d_16x64x128_compv5,155.41,18
112,4,1024,1536,1,64,64,1,1,1,1,64,64,grouped_conv_forward_bf16_2d_32x64x64_compv4,148.14,19
112,4,1024,1536,1,64,64,1,1,1,1,64,64,grouped_conv_forward_bf16_2d_32x64x128_compv4,147.50,20
112,4,1024,1536,1,64,64,1,1,1,1,64,64,grouped_conv_forward_bf16_2d_32x128x64_compv4,147.09,21
112,4,1024,1536,1,64,64,1,1,1,1,64,64,grouped_conv_forward_bf16_2d_16x64x64_compv3,145.66,22
112,4,1024,1536,1,64,64,1,1,1,1,64,64,grouped_conv_forward_bf16_2d_16x64x64_compv5,143.97,23
112,4,1024,1536,1,64,64,1,1,1,1,64,64,grouped_conv_forward_bf16_2d_16x64x64_compv4,126.83,24
112,4,1024,1536,1,64,64,1,1,1,1,64,64,grouped_conv_forward_bf16_2d_16x64x128_compv4,126.34,25
112,4,1024,1536,1,64,64,1,1,1,1,64,64,grouped_conv_forward_bf16_2d_128x64x128_compv4,116.60,26
112,4,1024,1536,1,64,64,1,1,1,1,64,64,grouped_conv_forward_bf16_2d_128x128x64_compv4,114.90,27
112,4,1024,1536,1,64,64,1,1,1,1,64,64,grouped_conv_forward_bf16_2d_64x64x128_compv4,114.28,28
112,4,1024,1536,1,64,64,1,1,1,1,64,64,grouped_conv_forward_bf16_2d_64x64x64_compv4,114.06,29
112,4,1024,1536,1,64,64,1,1,1,1,64,64,grouped_conv_forward_bf16_2d_64x128x64_compv4,113.55,30
113,4,32,32,32,259,259,3,3,1,1,257,257,grouped_conv_forward_bf16_2d_64x64x64_compv5,81.80,1
113,4,32,32,32,259,259,3,3,1,1,257,257,grouped_conv_forward_bf16_2d_64x64x64_compv3,79.57,2
113,4,32,32,32,259,259,3,3,1,1,257,257,grouped_conv_forward_bf16_2d_32x128x64_compv5,75.49,3
113,4,32,32,32,259,259,3,3,1,1,257,257,grouped_conv_forward_bf16_2d_32x64x64_compv5,75.36,4
113,4,32,32,32,259,259,3,3,1,1,257,257,grouped_conv_forward_bf16_2d_32x128x64_compv3,73.65,5
113,4,32,32,32,259,259,3,3,1,1,257,257,grouped_conv_forward_bf16_2d_32x64x64_compv3,72.59,6
113,4,32,32,32,259,259,3,3,1,1,257,257,grouped_conv_forward_bf16_2d_64x128x64_compv5,71.62,7
113,4,32,32,32,259,259,3,3,1,1,257,257,grouped_conv_forward_bf16_2d_64x128x64_compv3,71.16,8
113,4,32,32,32,259,259,3,3,1,1,257,257,grouped_conv_forward_bf16_2d_128x128x64_compv5,65.90,9
113,4,32,32,32,259,259,3,3,1,1,257,257,grouped_conv_forward_bf16_2d_16x64x64_compv5,63.71,10
113,4,32,32,32,259,259,3,3,1,1,257,257,grouped_conv_forward_bf16_2d_32x64x128_compv5,63.66,11
113,4,32,32,32,259,259,3,3,1,1,257,257,grouped_conv_forward_bf16_2d_64x64x128_compv5,61.88,12
113,4,32,32,32,259,259,3,3,1,1,257,257,grouped_conv_forward_bf16_2d_128x128x64_compv3,61.83,13
113,4,32,32,32,259,259,3,3,1,1,257,257,grouped_conv_forward_bf16_2d_32x64x128_compv3,61.60,14
113,4,32,32,32,259,259,3,3,1,1,257,257,grouped_conv_forward_bf16_2d_16x64x64_compv3,61.49,15
113,4,32,32,32,259,259,3,3,1,1,257,257,grouped_conv_forward_bf16_2d_64x64x128_compv3,60.44,16
113,4,32,32,32,259,259,3,3,1,1,257,257,grouped_conv_forward_bf16_2d_128x64x128_compv5,54.86,17
113,4,32,32,32,259,259,3,3,1,1,257,257,grouped_conv_forward_bf16_2d_128x64x128_compv3,52.80,18
113,4,32,32,32,259,259,3,3,1,1,257,257,grouped_conv_forward_bf16_2d_16x64x128_compv5,51.39,19
113,4,32,32,32,259,259,3,3,1,1,257,257,grouped_conv_forward_bf16_2d_16x64x128_compv3,49.45,20
113,4,32,32,32,259,259,3,3,1,1,257,257,grouped_conv_forward_bf16_2d_32x64x128_compv4,35.18,21
113,4,32,32,32,259,259,3,3,1,1,257,257,grouped_conv_forward_bf16_2d_32x128x64_compv4,33.76,22
113,4,32,32,32,259,259,3,3,1,1,257,257,grouped_conv_forward_bf16_2d_32x64x64_compv4,33.41,23
113,4,32,32,32,259,259,3,3,1,1,257,257,grouped_conv_forward_bf16_2d_16x64x128_compv4,32.58,24
113,4,32,32,32,259,259,3,3,1,1,257,257,grouped_conv_forward_bf16_2d_16x64x64_compv4,31.01,25
113,4,32,32,32,259,259,3,3,1,1,257,257,grouped_conv_forward_bf16_2d_128x64x128_compv4,26.60,26
113,4,32,32,32,259,259,3,3,1,1,257,257,grouped_conv_forward_bf16_2d_64x64x128_compv4,26.03,27
113,4,32,32,32,259,259,3,3,1,1,257,257,grouped_conv_forward_bf16_2d_64x128x64_compv4,25.82,28
113,4,32,32,32,259,259,3,3,1,1,257,257,grouped_conv_forward_bf16_2d_128x128x64_compv4,25.49,29
113,4,32,32,32,259,259,3,3,1,1,257,257,grouped_conv_forward_bf16_2d_64x64x64_compv4,25.30,30
114,2,640,640,1,64,64,1,1,1,1,64,64,grouped_conv_forward_bf16_2d_128x128x64_compv3,205.88,1
114,2,640,640,1,64,64,1,1,1,1,64,64,grouped_conv_forward_bf16_2d_128x128x64_compv5,205.61,2
114,2,640,640,1,64,64,1,1,1,1,64,64,grouped_conv_forward_bf16_2d_64x128x64_compv3,196.31,3
114,2,640,640,1,64,64,1,1,1,1,64,64,grouped_conv_forward_bf16_2d_64x128x64_compv5,196.29,4
114,2,640,640,1,64,64,1,1,1,1,64,64,grouped_conv_forward_bf16_2d_32x128x64_compv3,178.27,5
114,2,640,640,1,64,64,1,1,1,1,64,64,grouped_conv_forward_bf16_2d_32x128x64_compv5,178.19,6
114,2,640,640,1,64,64,1,1,1,1,64,64,grouped_conv_forward_bf16_2d_128x64x128_compv5,172.43,7
114,2,640,640,1,64,64,1,1,1,1,64,64,grouped_conv_forward_bf16_2d_128x64x128_compv3,171.56,8
114,2,640,640,1,64,64,1,1,1,1,64,64,grouped_conv_forward_bf16_2d_64x64x128_compv5,169.09,9
114,2,640,640,1,64,64,1,1,1,1,64,64,grouped_conv_forward_bf16_2d_64x64x128_compv3,166.91,10
114,2,640,640,1,64,64,1,1,1,1,64,64,grouped_conv_forward_bf16_2d_32x64x128_compv5,165.79,11
114,2,640,640,1,64,64,1,1,1,1,64,64,grouped_conv_forward_bf16_2d_32x64x128_compv3,165.33,12
114,2,640,640,1,64,64,1,1,1,1,64,64,grouped_conv_forward_bf16_2d_64x64x64_compv5,158.35,13
114,2,640,640,1,64,64,1,1,1,1,64,64,grouped_conv_forward_bf16_2d_64x64x64_compv3,158.09,14
114,2,640,640,1,64,64,1,1,1,1,64,64,grouped_conv_forward_bf16_2d_32x64x64_compv5,147.33,15
114,2,640,640,1,64,64,1,1,1,1,64,64,grouped_conv_forward_bf16_2d_32x64x64_compv3,147.07,16
114,2,640,640,1,64,64,1,1,1,1,64,64,grouped_conv_forward_bf16_2d_16x64x128_compv5,133.08,17
114,2,640,640,1,64,64,1,1,1,1,64,64,grouped_conv_forward_bf16_2d_16x64x128_compv3,132.22,18
114,2,640,640,1,64,64,1,1,1,1,64,64,grouped_conv_forward_bf16_2d_16x64x64_compv5,125.10,19
114,2,640,640,1,64,64,1,1,1,1,64,64,grouped_conv_forward_bf16_2d_16x64x64_compv3,125.04,20
114,2,640,640,1,64,64,1,1,1,1,64,64,grouped_conv_forward_bf16_2d_32x128x64_compv4,125.02,21
114,2,640,640,1,64,64,1,1,1,1,64,64,grouped_conv_forward_bf16_2d_32x64x128_compv4,124.33,22
114,2,640,640,1,64,64,1,1,1,1,64,64,grouped_conv_forward_bf16_2d_32x64x64_compv4,121.95,23
114,2,640,640,1,64,64,1,1,1,1,64,64,grouped_conv_forward_bf16_2d_16x64x64_compv4,108.93,24
114,2,640,640,1,64,64,1,1,1,1,64,64,grouped_conv_forward_bf16_2d_16x64x128_compv4,108.74,25
114,2,640,640,1,64,64,1,1,1,1,64,64,grouped_conv_forward_bf16_2d_128x64x128_compv4,96.96,26
114,2,640,640,1,64,64,1,1,1,1,64,64,grouped_conv_forward_bf16_2d_128x128x64_compv4,96.94,27
114,2,640,640,1,64,64,1,1,1,1,64,64,grouped_conv_forward_bf16_2d_64x128x64_compv4,94.22,28
114,2,640,640,1,64,64,1,1,1,1,64,64,grouped_conv_forward_bf16_2d_64x64x128_compv4,93.16,29
114,2,640,640,1,64,64,1,1,1,1,64,64,grouped_conv_forward_bf16_2d_64x64x64_compv4,89.23,30
115,1,180,538,1,14,14,1,1,1,1,14,14,grouped_conv_forward_bf16_2d_16x64x128_compv5,6.23,1
115,1,180,538,1,14,14,1,1,1,1,14,14,grouped_conv_forward_bf16_2d_16x64x64_compv5,6.20,2
115,1,180,538,1,14,14,1,1,1,1,14,14,grouped_conv_forward_bf16_2d_16x64x128_compv3,6.20,3
115,1,180,538,1,14,14,1,1,1,1,14,14,grouped_conv_forward_bf16_2d_16x64x64_compv3,6.15,4
115,1,180,538,1,14,14,1,1,1,1,14,14,grouped_conv_forward_bf16_2d_32x64x128_compv5,6.13,5
115,1,180,538,1,14,14,1,1,1,1,14,14,grouped_conv_forward_bf16_2d_32x64x128_compv3,6.11,6
115,1,180,538,1,14,14,1,1,1,1,14,14,grouped_conv_forward_bf16_2d_16x64x128_compv4,5.83,7
115,1,180,538,1,14,14,1,1,1,1,14,14,grouped_conv_forward_bf16_2d_16x64x64_compv4,5.76,8
115,1,180,538,1,14,14,1,1,1,1,14,14,grouped_conv_forward_bf16_2d_32x128x64_compv4,5.59,9
115,1,180,538,1,14,14,1,1,1,1,14,14,grouped_conv_forward_bf16_2d_32x64x64_compv5,5.54,10
115,1,180,538,1,14,14,1,1,1,1,14,14,grouped_conv_forward_bf16_2d_64x64x128_compv5,5.42,11
115,1,180,538,1,14,14,1,1,1,1,14,14,grouped_conv_forward_bf16_2d_32x64x128_compv4,5.41,12
115,1,180,538,1,14,14,1,1,1,1,14,14,grouped_conv_forward_bf16_2d_32x64x64_compv3,5.38,13
115,1,180,538,1,14,14,1,1,1,1,14,14,grouped_conv_forward_bf16_2d_64x64x128_compv3,5.35,14
115,1,180,538,1,14,14,1,1,1,1,14,14,grouped_conv_forward_bf16_2d_32x128x64_compv5,5.18,15
115,1,180,538,1,14,14,1,1,1,1,14,14,grouped_conv_forward_bf16_2d_128x64x128_compv5,5.13,16
115,1,180,538,1,14,14,1,1,1,1,14,14,grouped_conv_forward_bf16_2d_32x128x64_compv3,5.12,17
115,1,180,538,1,14,14,1,1,1,1,14,14,grouped_conv_forward_bf16_2d_128x64x128_compv3,5.11,18
115,1,180,538,1,14,14,1,1,1,1,14,14,grouped_conv_forward_bf16_2d_128x128x64_compv4,5.02,19
115,1,180,538,1,14,14,1,1,1,1,14,14,grouped_conv_forward_bf16_2d_32x64x64_compv4,4.97,20
115,1,180,538,1,14,14,1,1,1,1,14,14,grouped_conv_forward_bf16_2d_128x64x128_compv4,4.81,21
115,1,180,538,1,14,14,1,1,1,1,14,14,grouped_conv_forward_bf16_2d_64x128x64_compv4,4.71,22
115,1,180,538,1,14,14,1,1,1,1,14,14,grouped_conv_forward_bf16_2d_64x128x64_compv5,4.64,23
115,1,180,538,1,14,14,1,1,1,1,14,14,grouped_conv_forward_bf16_2d_64x64x128_compv4,4.61,24
115,1,180,538,1,14,14,1,1,1,1,14,14,grouped_conv_forward_bf16_2d_64x64x64_compv5,4.45,25
115,1,180,538,1,14,14,1,1,1,1,14,14,grouped_conv_forward_bf16_2d_64x128x64_compv3,4.38,26
115,1,180,538,1,14,14,1,1,1,1,14,14,grouped_conv_forward_bf16_2d_64x64x64_compv3,4.38,27
115,1,180,538,1,14,14,1,1,1,1,14,14,grouped_conv_forward_bf16_2d_128x128x64_compv5,4.34,28
115,1,180,538,1,14,14,1,1,1,1,14,14,grouped_conv_forward_bf16_2d_128x128x64_compv3,4.29,29
115,1,180,538,1,14,14,1,1,1,1,14,14,grouped_conv_forward_bf16_2d_64x64x64_compv4,4.01,30
116,4,192,192,1,4,196,1,1,1,1,4,196,grouped_conv_forward_bf16_2d_32x128x64_compv4,41.51,1
116,4,192,192,1,4,196,1,1,1,1,4,196,grouped_conv_forward_bf16_2d_32x128x64_compv5,39.69,2
116,4,192,192,1,4,196,1,1,1,1,4,196,grouped_conv_forward_bf16_2d_32x128x64_compv3,39.11,3
116,4,192,192,1,4,196,1,1,1,1,4,196,grouped_conv_forward_bf16_2d_128x128x64_compv4,36.13,4
116,4,192,192,1,4,196,1,1,1,1,4,196,grouped_conv_forward_bf16_2d_64x128x64_compv4,35.45,5
116,4,192,192,1,4,196,1,1,1,1,4,196,grouped_conv_forward_bf16_2d_64x128x64_compv5,34.68,6
116,4,192,192,1,4,196,1,1,1,1,4,196,grouped_conv_forward_bf16_2d_64x128x64_compv3,34.20,7
116,4,192,192,1,4,196,1,1,1,1,4,196,grouped_conv_forward_bf16_2d_32x64x128_compv5,31.29,8
116,4,192,192,1,4,196,1,1,1,1,4,196,grouped_conv_forward_bf16_2d_32x64x128_compv3,31.26,9
116,4,192,192,1,4,196,1,1,1,1,4,196,grouped_conv_forward_bf16_2d_128x128x64_compv5,30.92,10
116,4,192,192,1,4,196,1,1,1,1,4,196,grouped_conv_forward_bf16_2d_16x64x128_compv5,30.54,11
116,4,192,192,1,4,196,1,1,1,1,4,196,grouped_conv_forward_bf16_2d_16x64x128_compv3,30.45,12
116,4,192,192,1,4,196,1,1,1,1,4,196,grouped_conv_forward_bf16_2d_128x128x64_compv3,30.25,13
116,4,192,192,1,4,196,1,1,1,1,4,196,grouped_conv_forward_bf16_2d_32x64x128_compv4,28.94,14
116,4,192,192,1,4,196,1,1,1,1,4,196,grouped_conv_forward_bf16_2d_32x64x64_compv4,28.49,15
116,4,192,192,1,4,196,1,1,1,1,4,196,grouped_conv_forward_bf16_2d_32x64x64_compv5,28.08,16
116,4,192,192,1,4,196,1,1,1,1,4,196,grouped_conv_forward_bf16_2d_16x64x64_compv4,27.84,17
116,4,192,192,1,4,196,1,1,1,1,4,196,grouped_conv_forward_bf16_2d_16x64x128_compv4,27.74,18
116,4,192,192,1,4,196,1,1,1,1,4,196,grouped_conv_forward_bf16_2d_32x64x64_compv3,27.25,19
116,4,192,192,1,4,196,1,1,1,1,4,196,grouped_conv_forward_bf16_2d_16x64x64_compv5,26.71,20
116,4,192,192,1,4,196,1,1,1,1,4,196,grouped_conv_forward_bf16_2d_16x64x64_compv3,26.45,21
116,4,192,192,1,4,196,1,1,1,1,4,196,grouped_conv_forward_bf16_2d_64x64x128_compv3,26.04,22
116,4,192,192,1,4,196,1,1,1,1,4,196,grouped_conv_forward_bf16_2d_128x64x128_compv3,25.82,23
116,4,192,192,1,4,196,1,1,1,1,4,196,grouped_conv_forward_bf16_2d_64x64x128_compv5,25.69,24
116,4,192,192,1,4,196,1,1,1,1,4,196,grouped_conv_forward_bf16_2d_128x64x128_compv5,24.90,25
116,4,192,192,1,4,196,1,1,1,1,4,196,grouped_conv_forward_bf16_2d_128x64x128_compv4,24.55,26
116,4,192,192,1,4,196,1,1,1,1,4,196,grouped_conv_forward_bf16_2d_64x64x64_compv4,24.51,27
116,4,192,192,1,4,196,1,1,1,1,4,196,grouped_conv_forward_bf16_2d_64x64x128_compv4,24.14,28
116,4,192,192,1,4,196,1,1,1,1,4,196,grouped_conv_forward_bf16_2d_64x64x64_compv3,24.00,29
116,4,192,192,1,4,196,1,1,1,1,4,196,grouped_conv_forward_bf16_2d_64x64x64_compv5,23.95,30
117,1,672,160,1,24,24,1,1,1,1,24,24,grouped_conv_forward_bf16_2d_16x64x128_compv5,19.95,1
117,1,672,160,1,24,24,1,1,1,1,24,24,grouped_conv_forward_bf16_2d_16x64x128_compv3,19.93,2
117,1,672,160,1,24,24,1,1,1,1,24,24,grouped_conv_forward_bf16_2d_16x64x128_compv4,19.79,3
117,1,672,160,1,24,24,1,1,1,1,24,24,grouped_conv_forward_bf16_2d_16x64x64_compv4,15.52,4
117,1,672,160,1,24,24,1,1,1,1,24,24,grouped_conv_forward_bf16_2d_32x64x128_compv3,15.46,5
117,1,672,160,1,24,24,1,1,1,1,24,24,grouped_conv_forward_bf16_2d_32x64x128_compv5,15.46,6
117,1,672,160,1,24,24,1,1,1,1,24,24,grouped_conv_forward_bf16_2d_32x64x128_compv4,14.66,7
117,1,672,160,1,24,24,1,1,1,1,24,24,grouped_conv_forward_bf16_2d_16x64x64_compv3,14.09,8
117,1,672,160,1,24,24,1,1,1,1,24,24,grouped_conv_forward_bf16_2d_16x64x64_compv5,14.07,9
117,1,672,160,1,24,24,1,1,1,1,24,24,grouped_conv_forward_bf16_2d_32x64x64_compv4,12.02,10
117,1,672,160,1,24,24,1,1,1,1,24,24,grouped_conv_forward_bf16_2d_64x64x128_compv5,11.78,11
117,1,672,160,1,24,24,1,1,1,1,24,24,grouped_conv_forward_bf16_2d_64x64x128_compv3,11.74,12
117,1,672,160,1,24,24,1,1,1,1,24,24,grouped_conv_forward_bf16_2d_32x64x64_compv5,10.81,13
117,1,672,160,1,24,24,1,1,1,1,24,24,grouped_conv_forward_bf16_2d_128x64x128_compv5,10.79,14
117,1,672,160,1,24,24,1,1,1,1,24,24,grouped_conv_forward_bf16_2d_128x64x128_compv3,10.75,15
117,1,672,160,1,24,24,1,1,1,1,24,24,grouped_conv_forward_bf16_2d_32x64x64_compv3,10.64,16
117,1,672,160,1,24,24,1,1,1,1,24,24,grouped_conv_forward_bf16_2d_64x64x128_compv4,10.45,17
117,1,672,160,1,24,24,1,1,1,1,24,24,grouped_conv_forward_bf16_2d_32x128x64_compv4,10.09,18
117,1,672,160,1,24,24,1,1,1,1,24,24,grouped_conv_forward_bf16_2d_128x64x128_compv4,9.94,19
117,1,672,160,1,24,24,1,1,1,1,24,24,grouped_conv_forward_bf16_2d_64x64x64_compv4,8.41,20
117,1,672,160,1,24,24,1,1,1,1,24,24,grouped_conv_forward_bf16_2d_64x64x64_compv5,8.33,21
117,1,672,160,1,24,24,1,1,1,1,24,24,grouped_conv_forward_bf16_2d_64x64x64_compv3,8.33,22
117,1,672,160,1,24,24,1,1,1,1,24,24,grouped_conv_forward_bf16_2d_32x128x64_compv5,8.30,23
117,1,672,160,1,24,24,1,1,1,1,24,24,grouped_conv_forward_bf16_2d_32x128x64_compv3,8.20,24
117,1,672,160,1,24,24,1,1,1,1,24,24,grouped_conv_forward_bf16_2d_64x128x64_compv4,7.19,25
117,1,672,160,1,24,24,1,1,1,1,24,24,grouped_conv_forward_bf16_2d_128x128x64_compv4,6.90,26
117,1,672,160,1,24,24,1,1,1,1,24,24,grouped_conv_forward_bf16_2d_64x128x64_compv5,6.65,27
117,1,672,160,1,24,24,1,1,1,1,24,24,grouped_conv_forward_bf16_2d_64x128x64_compv3,6.60,28
117,1,672,160,1,24,24,1,1,1,1,24,24,grouped_conv_forward_bf16_2d_128x128x64_compv5,6.30,29
117,1,672,160,1,24,24,1,1,1,1,24,24,grouped_conv_forward_bf16_2d_128x128x64_compv3,6.28,30
118,1,1944,1944,1944,64,64,3,3,1,1,64,64,grouped_conv_forward_bf16_2d_64x64x64_compv3,73.05,1
118,1,1944,1944,1944,64,64,3,3,1,1,64,64,grouped_conv_forward_bf16_2d_64x64x64_compv5,72.64,2
118,1,1944,1944,1944,64,64,3,3,1,1,64,64,grouped_conv_forward_bf16_2d_32x128x64_compv3,71.90,3
118,1,1944,1944,1944,64,64,3,3,1,1,64,64,grouped_conv_forward_bf16_2d_32x128x64_compv5,70.81,4
118,1,1944,1944,1944,64,64,3,3,1,1,64,64,grouped_conv_forward_bf16_2d_64x128x64_compv3,70.14,5
118,1,1944,1944,1944,64,64,3,3,1,1,64,64,grouped_conv_forward_bf16_2d_64x128x64_compv5,68.20,6
118,1,1944,1944,1944,64,64,3,3,1,1,64,64,grouped_conv_forward_bf16_2d_32x64x64_compv5,66.67,7
118,1,1944,1944,1944,64,64,3,3,1,1,64,64,grouped_conv_forward_bf16_2d_128x128x64_compv3,66.65,8
118,1,1944,1944,1944,64,64,3,3,1,1,64,64,grouped_conv_forward_bf16_2d_32x64x64_compv3,66.00,9
118,1,1944,1944,1944,64,64,3,3,1,1,64,64,grouped_conv_forward_bf16_2d_128x128x64_compv5,64.56,10
118,1,1944,1944,1944,64,64,3,3,1,1,64,64,grouped_conv_forward_bf16_2d_16x64x64_compv3,60.55,11
118,1,1944,1944,1944,64,64,3,3,1,1,64,64,grouped_conv_forward_bf16_2d_16x64x64_compv5,60.13,12
118,1,1944,1944,1944,64,64,3,3,1,1,64,64,grouped_conv_forward_bf16_2d_32x64x128_compv3,58.19,13
118,1,1944,1944,1944,64,64,3,3,1,1,64,64,grouped_conv_forward_bf16_2d_32x64x128_compv5,58.01,14
118,1,1944,1944,1944,64,64,3,3,1,1,64,64,grouped_conv_forward_bf16_2d_64x64x128_compv3,56.25,15
118,1,1944,1944,1944,64,64,3,3,1,1,64,64,grouped_conv_forward_bf16_2d_64x64x128_compv5,55.38,16
118,1,1944,1944,1944,64,64,3,3,1,1,64,64,grouped_conv_forward_bf16_2d_16x64x128_compv3,53.81,17
118,1,1944,1944,1944,64,64,3,3,1,1,64,64,grouped_conv_forward_bf16_2d_16x64x128_compv5,52.64,18
118,1,1944,1944,1944,64,64,3,3,1,1,64,64,grouped_conv_forward_bf16_2d_128x64x128_compv3,51.52,19
118,1,1944,1944,1944,64,64,3,3,1,1,64,64,grouped_conv_forward_bf16_2d_128x64x128_compv5,50.30,20
118,1,1944,1944,1944,64,64,3,3,1,1,64,64,grouped_conv_forward_bf16_2d_32x128x64_compv4,34.32,21
118,1,1944,1944,1944,64,64,3,3,1,1,64,64,grouped_conv_forward_bf16_2d_32x64x128_compv4,33.75,22
118,1,1944,1944,1944,64,64,3,3,1,1,64,64,grouped_conv_forward_bf16_2d_16x64x128_compv4,32.09,23
118,1,1944,1944,1944,64,64,3,3,1,1,64,64,grouped_conv_forward_bf16_2d_32x64x64_compv4,31.27,24
118,1,1944,1944,1944,64,64,3,3,1,1,64,64,grouped_conv_forward_bf16_2d_16x64x64_compv4,29.92,25
118,1,1944,1944,1944,64,64,3,3,1,1,64,64,grouped_conv_forward_bf16_2d_64x128x64_compv4,25.95,26
118,1,1944,1944,1944,64,64,3,3,1,1,64,64,grouped_conv_forward_bf16_2d_128x128x64_compv4,25.44,27
118,1,1944,1944,1944,64,64,3,3,1,1,64,64,grouped_conv_forward_bf16_2d_128x64x128_compv4,25.21,28
118,1,1944,1944,1944,64,64,3,3,1,1,64,64,grouped_conv_forward_bf16_2d_64x64x128_compv4,24.75,29
118,1,1944,1944,1944,64,64,3,3,1,1,64,64,grouped_conv_forward_bf16_2d_64x64x64_compv4,23.76,30
119,1,28,160,1,1,1,1,1,1,1,1,1,grouped_conv_forward_bf16_2d_32x128x64_compv5,0.30,1
119,1,28,160,1,1,1,1,1,1,1,1,1,grouped_conv_forward_bf16_2d_32x128x64_compv4,0.27,2
119,1,28,160,1,1,1,1,1,1,1,1,1,grouped_conv_forward_bf16_2d_32x128x64_compv3,0.27,3
119,1,28,160,1,1,1,1,1,1,1,1,1,grouped_conv_forward_bf16_2d_32x64x64_compv5,0.26,4
119,1,28,160,1,1,1,1,1,1,1,1,1,grouped_conv_forward_bf16_2d_16x64x64_compv5,0.26,5
119,1,28,160,1,1,1,1,1,1,1,1,1,grouped_conv_forward_bf16_2d_16x64x64_compv3,0.25,6
119,1,28,160,1,1,1,1,1,1,1,1,1,grouped_conv_forward_bf16_2d_32x64x128_compv5,0.25,7
119,1,28,160,1,1,1,1,1,1,1,1,1,grouped_conv_forward_bf16_2d_64x128x64_compv5,0.25,8
119,1,28,160,1,1,1,1,1,1,1,1,1,grouped_conv_forward_bf16_2d_32x64x64_compv3,0.24,9
119,1,28,160,1,1,1,1,1,1,1,1,1,grouped_conv_forward_bf16_2d_128x128x64_compv5,0.24,10
119,1,28,160,1,1,1,1,1,1,1,1,1,grouped_conv_forward_bf16_2d_64x64x64_compv5,0.24,11
119,1,28,160,1,1,1,1,1,1,1,1,1,grouped_conv_forward_bf16_2d_64x128x64_compv3,0.24,12
119,1,28,160,1,1,1,1,1,1,1,1,1,grouped_conv_forward_bf16_2d_128x128x64_compv3,0.23,13
119,1,28,160,1,1,1,1,1,1,1,1,1,grouped_conv_forward_bf16_2d_64x64x64_compv3,0.23,14
119,1,28,160,1,1,1,1,1,1,1,1,1,grouped_conv_forward_bf16_2d_32x64x128_compv3,0.23,15
119,1,28,160,1,1,1,1,1,1,1,1,1,grouped_conv_forward_bf16_2d_16x64x128_compv5,0.23,16
119,1,28,160,1,1,1,1,1,1,1,1,1,grouped_conv_forward_bf16_2d_64x128x64_compv4,0.22,17
119,1,28,160,1,1,1,1,1,1,1,1,1,grouped_conv_forward_bf16_2d_16x64x128_compv4,0.22,18
119,1,28,160,1,1,1,1,1,1,1,1,1,grouped_conv_forward_bf16_2d_32x64x64_compv4,0.22,19
119,1,28,160,1,1,1,1,1,1,1,1,1,grouped_conv_forward_bf16_2d_128x128x64_compv4,0.22,20
119,1,28,160,1,1,1,1,1,1,1,1,1,grouped_conv_forward_bf16_2d_16x64x64_compv4,0.22,21
119,1,28,160,1,1,1,1,1,1,1,1,1,grouped_conv_forward_bf16_2d_64x64x128_compv5,0.21,22
119,1,28,160,1,1,1,1,1,1,1,1,1,grouped_conv_forward_bf16_2d_16x64x128_compv3,0.21,23
119,1,28,160,1,1,1,1,1,1,1,1,1,grouped_conv_forward_bf16_2d_64x64x128_compv3,0.21,24
119,1,28,160,1,1,1,1,1,1,1,1,1,grouped_conv_forward_bf16_2d_32x64x128_compv4,0.21,25
119,1,28,160,1,1,1,1,1,1,1,1,1,grouped_conv_forward_bf16_2d_128x64x128_compv3,0.20,26
119,1,28,160,1,1,1,1,1,1,1,1,1,grouped_conv_forward_bf16_2d_128x64x128_compv5,0.20,27
119,1,28,160,1,1,1,1,1,1,1,1,1,grouped_conv_forward_bf16_2d_64x64x128_compv4,0.19,28
119,1,28,160,1,1,1,1,1,1,1,1,1,grouped_conv_forward_bf16_2d_64x64x64_compv4,0.19,29
119,1,28,160,1,1,1,1,1,1,1,1,1,grouped_conv_forward_bf16_2d_128x64x128_compv4,0.19,30
120,1,160,160,160,14,14,7,7,1,1,14,14,grouped_conv_forward_bf16_2d_16x64x64_compv3,1.04,1
120,1,160,160,160,14,14,7,7,1,1,14,14,grouped_conv_forward_bf16_2d_16x64x64_compv5,1.02,2
120,1,160,160,160,14,14,7,7,1,1,14,14,grouped_conv_forward_bf16_2d_32x64x64_compv5,0.94,3
120,1,160,160,160,14,14,7,7,1,1,14,14,grouped_conv_forward_bf16_2d_32x64x64_compv3,0.91,4
120,1,160,160,160,14,14,7,7,1,1,14,14,grouped_conv_forward_bf16_2d_16x64x64_compv4,0.84,5
120,1,160,160,160,14,14,7,7,1,1,14,14,grouped_conv_forward_bf16_2d_64x64x64_compv5,0.81,6
120,1,160,160,160,14,14,7,7,1,1,14,14,grouped_conv_forward_bf16_2d_64x64x64_compv3,0.80,7
120,1,160,160,160,14,14,7,7,1,1,14,14,grouped_conv_forward_bf16_2d_32x64x64_compv4,0.79,8
120,1,160,160,160,14,14,7,7,1,1,14,14,grouped_conv_forward_bf16_2d_16x64x128_compv5,0.73,9
120,1,160,160,160,14,14,7,7,1,1,14,14,grouped_conv_forward_bf16_2d_16x64x128_compv3,0.73,10
120,1,160,160,160,14,14,7,7,1,1,14,14,grouped_conv_forward_bf16_2d_32x64x128_compv5,0.70,11
120,1,160,160,160,14,14,7,7,1,1,14,14,grouped_conv_forward_bf16_2d_32x64x128_compv3,0.69,12
120,1,160,160,160,14,14,7,7,1,1,14,14,grouped_conv_forward_bf16_2d_64x64x64_compv4,0.65,13
120,1,160,160,160,14,14,7,7,1,1,14,14,grouped_conv_forward_bf16_2d_16x64x128_compv4,0.64,14
120,1,160,160,160,14,14,7,7,1,1,14,14,grouped_conv_forward_bf16_2d_32x128x64_compv5,0.62,15
120,1,160,160,160,14,14,7,7,1,1,14,14,grouped_conv_forward_bf16_2d_32x128x64_compv3,0.61,16
120,1,160,160,160,14,14,7,7,1,1,14,14,grouped_conv_forward_bf16_2d_64x64x128_compv5,0.60,17
120,1,160,160,160,14,14,7,7,1,1,14,14,grouped_conv_forward_bf16_2d_32x64x128_compv4,0.60,18
120,1,160,160,160,14,14,7,7,1,1,14,14,grouped_conv_forward_bf16_2d_64x64x128_compv3,0.60,19
120,1,160,160,160,14,14,7,7,1,1,14,14,grouped_conv_forward_bf16_2d_32x128x64_compv4,0.57,20
120,1,160,160,160,14,14,7,7,1,1,14,14,grouped_conv_forward_bf16_2d_128x64x128_compv3,0.56,21
120,1,160,160,160,14,14,7,7,1,1,14,14,grouped_conv_forward_bf16_2d_128x64x128_compv5,0.55,22
120,1,160,160,160,14,14,7,7,1,1,14,14,grouped_conv_forward_bf16_2d_64x128x64_compv5,0.54,23
120,1,160,160,160,14,14,7,7,1,1,14,14,grouped_conv_forward_bf16_2d_64x128x64_compv3,0.52,24
120,1,160,160,160,14,14,7,7,1,1,14,14,grouped_conv_forward_bf16_2d_64x64x128_compv4,0.51,25
120,1,160,160,160,14,14,7,7,1,1,14,14,grouped_conv_forward_bf16_2d_128x64x128_compv4,0.51,26
120,1,160,160,160,14,14,7,7,1,1,14,14,grouped_conv_forward_bf16_2d_64x128x64_compv4,0.49,27
120,1,160,160,160,14,14,7,7,1,1,14,14,grouped_conv_forward_bf16_2d_128x128x64_compv3,0.48,28
120,1,160,160,160,14,14,7,7,1,1,14,14,grouped_conv_forward_bf16_2d_128x128x64_compv5,0.47,29
120,1,160,160,160,14,14,7,7,1,1,14,14,grouped_conv_forward_bf16_2d_128x128x64_compv4,0.47,30
121,4,408,912,1,14,14,1,1,2,2,7,7,grouped_conv_forward_bf16_2d_16x64x64_compv4,22.81,1
121,4,408,912,1,14,14,1,1,2,2,7,7,grouped_conv_forward_bf16_2d_16x64x64_compv5,21.19,2
121,4,408,912,1,14,14,1,1,2,2,7,7,grouped_conv_forward_bf16_2d_16x64x64_compv3,20.98,3
121,4,408,912,1,14,14,1,1,2,2,7,7,grouped_conv_forward_bf16_2d_32x64x64_compv4,19.54,4
121,4,408,912,1,14,14,1,1,2,2,7,7,grouped_conv_forward_bf16_2d_16x64x128_compv3,18.52,5
121,4,408,912,1,14,14,1,1,2,2,7,7,grouped_conv_forward_bf16_2d_16x64x128_compv5,18.47,6
121,4,408,912,1,14,14,1,1,2,2,7,7,grouped_conv_forward_bf16_2d_32x64x64_compv5,18.16,7
121,4,408,912,1,14,14,1,1,2,2,7,7,grouped_conv_forward_bf16_2d_16x64x128_compv4,18.05,8
121,4,408,912,1,14,14,1,1,2,2,7,7,grouped_conv_forward_bf16_2d_32x64x64_compv3,17.66,9
121,4,408,912,1,14,14,1,1,2,2,7,7,grouped_conv_forward_bf16_2d_32x64x128_compv5,16.22,10
121,4,408,912,1,14,14,1,1,2,2,7,7,grouped_conv_forward_bf16_2d_32x64x128_compv3,16.05,11
121,4,408,912,1,14,14,1,1,2,2,7,7,grouped_conv_forward_bf16_2d_32x128x64_compv4,15.34,12
121,4,408,912,1,14,14,1,1,2,2,7,7,grouped_conv_forward_bf16_2d_32x64x128_compv4,15.16,13
121,4,408,912,1,14,14,1,1,2,2,7,7,grouped_conv_forward_bf16_2d_64x64x64_compv4,14.47,14
121,4,408,912,1,14,14,1,1,2,2,7,7,grouped_conv_forward_bf16_2d_64x64x64_compv5,13.88,15
121,4,408,912,1,14,14,1,1,2,2,7,7,grouped_conv_forward_bf16_2d_64x64x64_compv3,13.70,16
121,4,408,912,1,14,14,1,1,2,2,7,7,grouped_conv_forward_bf16_2d_64x64x128_compv5,12.32,17
121,4,408,912,1,14,14,1,1,2,2,7,7,grouped_conv_forward_bf16_2d_64x64x128_compv3,12.22,18
121,4,408,912,1,14,14,1,1,2,2,7,7,grouped_conv_forward_bf16_2d_128x64x128_compv5,11.78,19
121,4,408,912,1,14,14,1,1,2,2,7,7,grouped_conv_forward_bf16_2d_128x64x128_compv3,11.73,20
121,4,408,912,1,14,14,1,1,2,2,7,7,grouped_conv_forward_bf16_2d_32x128x64_compv5,11.69,21
121,4,408,912,1,14,14,1,1,2,2,7,7,grouped_conv_forward_bf16_2d_64x128x64_compv4,11.67,22
121,4,408,912,1,14,14,1,1,2,2,7,7,grouped_conv_forward_bf16_2d_32x128x64_compv3,11.58,23
121,4,408,912,1,14,14,1,1,2,2,7,7,grouped_conv_forward_bf16_2d_128x128x64_compv4,11.35,24
121,4,408,912,1,14,14,1,1,2,2,7,7,grouped_conv_forward_bf16_2d_128x64x128_compv4,11.10,25
121,4,408,912,1,14,14,1,1,2,2,7,7,grouped_conv_forward_bf16_2d_64x64x128_compv4,11.04,26
121,4,408,912,1,14,14,1,1,2,2,7,7,grouped_conv_forward_bf16_2d_64x128x64_compv5,9.78,27
121,4,408,912,1,14,14,1,1,2,2,7,7,grouped_conv_forward_bf16_2d_64x128x64_compv3,9.62,28
121,4,408,912,1,14,14,1,1,2,2,7,7,grouped_conv_forward_bf16_2d_128x128x64_compv5,9.12,29
121,4,408,912,1,14,14,1,1,2,2,7,7,grouped_conv_forward_bf16_2d_128x128x64_compv3,9.08,30
122,4,24,320,1,1,1,1,1,1,1,1,1,grouped_conv_forward_bf16_2d_32x128x64_compv5,0.35,1
122,4,24,320,1,1,1,1,1,1,1,1,1,grouped_conv_forward_bf16_2d_32x128x64_compv3,0.33,2
122,4,24,320,1,1,1,1,1,1,1,1,1,grouped_conv_forward_bf16_2d_16x64x64_compv3,0.33,3
122,4,24,320,1,1,1,1,1,1,1,1,1,grouped_conv_forward_bf16_2d_16x64x64_compv5,0.32,4
122,4,24,320,1,1,1,1,1,1,1,1,1,grouped_conv_forward_bf16_2d_32x64x128_compv5,0.31,5
122,4,24,320,1,1,1,1,1,1,1,1,1,grouped_conv_forward_bf16_2d_16x64x128_compv5,0.31,6
122,4,24,320,1,1,1,1,1,1,1,1,1,grouped_conv_forward_bf16_2d_32x64x64_compv5,0.30,7
122,4,24,320,1,1,1,1,1,1,1,1,1,grouped_conv_forward_bf16_2d_16x64x128_compv3,0.30,8
122,4,24,320,1,1,1,1,1,1,1,1,1,grouped_conv_forward_bf16_2d_32x64x128_compv3,0.29,9
122,4,24,320,1,1,1,1,1,1,1,1,1,grouped_conv_forward_bf16_2d_32x128x64_compv4,0.29,10
122,4,24,320,1,1,1,1,1,1,1,1,1,grouped_conv_forward_bf16_2d_32x64x64_compv3,0.29,11
122,4,24,320,1,1,1,1,1,1,1,1,1,grouped_conv_forward_bf16_2d_16x64x128_compv4,0.27,12
122,4,24,320,1,1,1,1,1,1,1,1,1,grouped_conv_forward_bf16_2d_64x128x64_compv5,0.27,13
122,4,24,320,1,1,1,1,1,1,1,1,1,grouped_conv_forward_bf16_2d_64x64x64_compv3,0.27,14
122,4,24,320,1,1,1,1,1,1,1,1,1,grouped_conv_forward_bf16_2d_64x128x64_compv3,0.27,15
122,4,24,320,1,1,1,1,1,1,1,1,1,grouped_conv_forward_bf16_2d_64x64x128_compv5,0.26,16
122,4,24,320,1,1,1,1,1,1,1,1,1,grouped_conv_forward_bf16_2d_64x64x64_compv5,0.26,17
122,4,24,320,1,1,1,1,1,1,1,1,1,grouped_conv_forward_bf16_2d_32x64x128_compv4,0.26,18
122,4,24,320,1,1,1,1,1,1,1,1,1,grouped_conv_forward_bf16_2d_16x64x64_compv4,0.26,19
122,4,24,320,1,1,1,1,1,1,1,1,1,grouped_conv_forward_bf16_2d_64x64x128_compv3,0.25,20
122,4,24,320,1,1,1,1,1,1,1,1,1,grouped_conv_forward_bf16_2d_128x128x64_compv5,0.25,21
122,4,24,320,1,1,1,1,1,1,1,1,1,grouped_conv_forward_bf16_2d_128x128x64_compv3,0.24,22
122,4,24,320,1,1,1,1,1,1,1,1,1,grouped_conv_forward_bf16_2d_32x64x64_compv4,0.24,23
122,4,24,320,1,1,1,1,1,1,1,1,1,grouped_conv_forward_bf16_2d_128x64x128_compv5,0.24,24
122,4,24,320,1,1,1,1,1,1,1,1,1,grouped_conv_forward_bf16_2d_128x64x128_compv3,0.23,25
122,4,24,320,1,1,1,1,1,1,1,1,1,grouped_conv_forward_bf16_2d_128x128x64_compv4,0.22,26
122,4,24,320,1,1,1,1,1,1,1,1,1,grouped_conv_forward_bf16_2d_64x128x64_compv4,0.21,27
122,4,24,320,1,1,1,1,1,1,1,1,1,grouped_conv_forward_bf16_2d_128x64x128_compv4,0.21,28
122,4,24,320,1,1,1,1,1,1,1,1,1,grouped_conv_forward_bf16_2d_64x64x128_compv4,0.21,29
122,4,24,320,1,1,1,1,1,1,1,1,1,grouped_conv_forward_bf16_2d_64x64x64_compv4,0.19,30
123,3,1920,1280,1,8,8,3,3,1,1,8,8,grouped_conv_forward_bf16_2d_32x128x64_compv4,57.57,1
123,3,1920,1280,1,8,8,3,3,1,1,8,8,grouped_conv_forward_bf16_2d_16x64x64_compv4,51.07,2
123,3,1920,1280,1,8,8,3,3,1,1,8,8,grouped_conv_forward_bf16_2d_32x64x64_compv4,46.39,3
123,3,1920,1280,1,8,8,3,3,1,1,8,8,grouped_conv_forward_bf16_2d_16x64x128_compv4,46.11,4
123,3,1920,1280,1,8,8,3,3,1,1,8,8,grouped_conv_forward_bf16_2d_16x64x128_compv5,45.83,5
123,3,1920,1280,1,8,8,3,3,1,1,8,8,grouped_conv_forward_bf16_2d_16x64x128_compv3,45.69,6
123,3,1920,1280,1,8,8,3,3,1,1,8,8,grouped_conv_forward_bf16_2d_16x64x64_compv3,42.93,7
123,3,1920,1280,1,8,8,3,3,1,1,8,8,grouped_conv_forward_bf16_2d_16x64x64_compv5,42.91,8
123,3,1920,1280,1,8,8,3,3,1,1,8,8,grouped_conv_forward_bf16_2d_32x64x128_compv5,41.55,9
123,3,1920,1280,1,8,8,3,3,1,1,8,8,grouped_conv_forward_bf16_2d_32x64x128_compv3,41.45,10
123,3,1920,1280,1,8,8,3,3,1,1,8,8,grouped_conv_forward_bf16_2d_128x128x64_compv4,40.06,11
123,3,1920,1280,1,8,8,3,3,1,1,8,8,grouped_conv_forward_bf16_2d_32x64x128_compv4,39.85,12
123,3,1920,1280,1,8,8,3,3,1,1,8,8,grouped_conv_forward_bf16_2d_64x128x64_compv4,39.08,13
123,3,1920,1280,1,8,8,3,3,1,1,8,8,grouped_conv_forward_bf16_2d_128x64x128_compv5,34.87,14
123,3,1920,1280,1,8,8,3,3,1,1,8,8,grouped_conv_forward_bf16_2d_128x64x128_compv3,34.87,15
123,3,1920,1280,1,8,8,3,3,1,1,8,8,grouped_conv_forward_bf16_2d_32x128x64_compv5,34.47,16
123,3,1920,1280,1,8,8,3,3,1,1,8,8,grouped_conv_forward_bf16_2d_32x128x64_compv3,34.40,17
123,3,1920,1280,1,8,8,3,3,1,1,8,8,grouped_conv_forward_bf16_2d_32x64x64_compv5,34.18,18
123,3,1920,1280,1,8,8,3,3,1,1,8,8,grouped_conv_forward_bf16_2d_32x64x64_compv3,34.08,19
123,3,1920,1280,1,8,8,3,3,1,1,8,8,grouped_conv_forward_bf16_2d_128x128x64_compv3,33.70,20
123,3,1920,1280,1,8,8,3,3,1,1,8,8,grouped_conv_forward_bf16_2d_128x128x64_compv5,33.58,21
123,3,1920,1280,1,8,8,3,3,1,1,8,8,grouped_conv_forward_bf16_2d_64x64x64_compv4,33.37,22
123,3,1920,1280,1,8,8,3,3,1,1,8,8,grouped_conv_forward_bf16_2d_64x64x128_compv5,32.37,23
123,3,1920,1280,1,8,8,3,3,1,1,8,8,grouped_conv_forward_bf16_2d_64x64x128_compv3,32.17,24
123,3,1920,1280,1,8,8,3,3,1,1,8,8,grouped_conv_forward_bf16_2d_64x128x64_compv5,31.61,25
123,3,1920,1280,1,8,8,3,3,1,1,8,8,grouped_conv_forward_bf16_2d_64x128x64_compv3,31.55,26
123,3,1920,1280,1,8,8,3,3,1,1,8,8,grouped_conv_forward_bf16_2d_64x64x64_compv5,30.43,27
123,3,1920,1280,1,8,8,3,3,1,1,8,8,grouped_conv_forward_bf16_2d_64x64x64_compv3,30.42,28
123,3,1920,1280,1,8,8,3,3,1,1,8,8,grouped_conv_forward_bf16_2d_128x64x128_compv4,28.28,29
123,3,1920,1280,1,8,8,3,3,1,1,8,8,grouped_conv_forward_bf16_2d_64x64x128_compv4,27.72,30
124,4,160,160,160,128,128,3,3,2,2,64,64,grouped_conv_forward_bf16_2d_32x128x64_compv5,55.66,1
124,4,160,160,160,128,128,3,3,2,2,64,64,grouped_conv_forward_bf16_2d_32x128x64_compv3,55.24,2
124,4,160,160,160,128,128,3,3,2,2,64,64,grouped_conv_forward_bf16_2d_64x128x64_compv3,52.81,3
124,4,160,160,160,128,128,3,3,2,2,64,64,grouped_conv_forward_bf16_2d_64x128x64_compv5,52.64,4
124,4,160,160,160,128,128,3,3,2,2,64,64,grouped_conv_forward_bf16_2d_128x128x64_compv3,52.20,5
124,4,160,160,160,128,128,3,3,2,2,64,64,grouped_conv_forward_bf16_2d_128x128x64_compv5,51.91,6
124,4,160,160,160,128,128,3,3,2,2,64,64,grouped_conv_forward_bf16_2d_64x64x64_compv5,47.04,7
124,4,160,160,160,128,128,3,3,2,2,64,64,grouped_conv_forward_bf16_2d_32x64x64_compv5,46.66,8
124,4,160,160,160,128,128,3,3,2,2,64,64,grouped_conv_forward_bf16_2d_64x64x64_compv3,46.50,9
124,4,160,160,160,128,128,3,3,2,2,64,64,grouped_conv_forward_bf16_2d_32x64x64_compv3,45.65,10
124,4,160,160,160,128,128,3,3,2,2,64,64,grouped_conv_forward_bf16_2d_32x64x128_compv5,44.51,11
124,4,160,160,160,128,128,3,3,2,2,64,64,grouped_conv_forward_bf16_2d_64x64x128_compv5,43.92,12
124,4,160,160,160,128,128,3,3,2,2,64,64,grouped_conv_forward_bf16_2d_32x64x128_compv3,43.71,13
124,4,160,160,160,128,128,3,3,2,2,64,64,grouped_conv_forward_bf16_2d_64x64x128_compv3,43.65,14
124,4,160,160,160,128,128,3,3,2,2,64,64,grouped_conv_forward_bf16_2d_128x64x128_compv5,41.95,15
124,4,160,160,160,128,128,3,3,2,2,64,64,grouped_conv_forward_bf16_2d_16x64x64_compv5,41.87,16
124,4,160,160,160,128,128,3,3,2,2,64,64,grouped_conv_forward_bf16_2d_128x64x128_compv3,41.76,17
124,4,160,160,160,128,128,3,3,2,2,64,64,grouped_conv_forward_bf16_2d_16x64x64_compv3,41.14,18
124,4,160,160,160,128,128,3,3,2,2,64,64,grouped_conv_forward_bf16_2d_16x64x128_compv5,39.30,19
124,4,160,160,160,128,128,3,3,2,2,64,64,grouped_conv_forward_bf16_2d_16x64x128_compv3,38.85,20
124,4,160,160,160,128,128,3,3,2,2,64,64,grouped_conv_forward_bf16_2d_32x64x128_compv4,28.13,21
124,4,160,160,160,128,128,3,3,2,2,64,64,grouped_conv_forward_bf16_2d_32x64x64_compv4,26.47,22
124,4,160,160,160,128,128,3,3,2,2,64,64,grouped_conv_forward_bf16_2d_16x64x128_compv4,25.60,23
124,4,160,160,160,128,128,3,3,2,2,64,64,grouped_conv_forward_bf16_2d_16x64x64_compv4,24.48,24
124,4,160,160,160,128,128,3,3,2,2,64,64,grouped_conv_forward_bf16_2d_128x64x128_compv4,24.22,25
124,4,160,160,160,128,128,3,3,2,2,64,64,grouped_conv_forward_bf16_2d_64x64x128_compv4,23.93,26
124,4,160,160,160,128,128,3,3,2,2,64,64,grouped_conv_forward_bf16_2d_32x128x64_compv4,23.88,27
124,4,160,160,160,128,128,3,3,2,2,64,64,grouped_conv_forward_bf16_2d_64x64x64_compv4,22.31,28
124,4,160,160,160,128,128,3,3,2,2,64,64,grouped_conv_forward_bf16_2d_64x128x64_compv4,20.98,29
124,4,160,160,160,128,128,3,3,2,2,64,64,grouped_conv_forward_bf16_2d_128x128x64_compv4,20.67,30
125,4,12,72,1,1024,1024,1,1,1,1,1024,1024,grouped_conv_forward_bf16_2d_64x64x64_compv5,94.12,1
125,4,12,72,1,1024,1024,1,1,1,1,1024,1024,grouped_conv_forward_bf16_2d_32x128x64_compv5,94.01,2
125,4,12,72,1,1024,1024,1,1,1,1,1024,1024,grouped_conv_forward_bf16_2d_64x128x64_compv5,91.75,3
125,4,12,72,1,1024,1024,1,1,1,1,1024,1024,grouped_conv_forward_bf16_2d_64x64x64_compv3,91.71,4
125,4,12,72,1,1024,1024,1,1,1,1,1024,1024,grouped_conv_forward_bf16_2d_32x128x64_compv3,91.21,5
125,4,12,72,1,1024,1024,1,1,1,1,1024,1024,grouped_conv_forward_bf16_2d_64x128x64_compv3,89.77,6
125,4,12,72,1,1024,1024,1,1,1,1,1024,1024,grouped_conv_forward_bf16_2d_32x64x64_compv5,84.29,7
125,4,12,72,1,1024,1024,1,1,1,1,1024,1024,grouped_conv_forward_bf16_2d_128x128x64_compv5,83.77,8
125,4,12,72,1,1024,1024,1,1,1,1,1024,1024,grouped_conv_forward_bf16_2d_32x64x64_compv3,81.46,9
125,4,12,72,1,1024,1024,1,1,1,1,1024,1024,grouped_conv_forward_bf16_2d_128x128x64_compv3,78.14,10
125,4,12,72,1,1024,1024,1,1,1,1,1024,1024,grouped_conv_forward_bf16_2d_16x64x64_compv5,70.44,11
125,4,12,72,1,1024,1024,1,1,1,1,1024,1024,grouped_conv_forward_bf16_2d_16x64x64_compv3,68.08,12
125,4,12,72,1,1024,1024,1,1,1,1,1024,1024,grouped_conv_forward_bf16_2d_32x64x128_compv5,67.33,13
125,4,12,72,1,1024,1024,1,1,1,1,1024,1024,grouped_conv_forward_bf16_2d_64x64x128_compv5,66.87,14
125,4,12,72,1,1024,1024,1,1,1,1,1024,1024,grouped_conv_forward_bf16_2d_32x64x128_compv3,65.29,15
125,4,12,72,1,1024,1024,1,1,1,1,1024,1024,grouped_conv_forward_bf16_2d_64x64x128_compv3,65.09,16
125,4,12,72,1,1024,1024,1,1,1,1,1024,1024,grouped_conv_forward_bf16_2d_128x64x128_compv5,61.59,17
125,4,12,72,1,1024,1024,1,1,1,1,1024,1024,grouped_conv_forward_bf16_2d_128x64x128_compv3,59.43,18
125,4,12,72,1,1024,1024,1,1,1,1,1024,1024,grouped_conv_forward_bf16_2d_16x64x128_compv5,56.51,19
125,4,12,72,1,1024,1024,1,1,1,1,1024,1024,grouped_conv_forward_bf16_2d_16x64x128_compv3,55.28,20
125,4,12,72,1,1024,1024,1,1,1,1,1024,1024,grouped_conv_forward_bf16_2d_32x128x64_compv4,35.69,21
125,4,12,72,1,1024,1024,1,1,1,1,1024,1024,grouped_conv_forward_bf16_2d_32x64x128_compv4,35.66,22
125,4,12,72,1,1024,1024,1,1,1,1,1024,1024,grouped_conv_forward_bf16_2d_32x64x64_compv4,33.57,23
125,4,12,72,1,1024,1024,1,1,1,1,1024,1024,grouped_conv_forward_bf16_2d_16x64x128_compv4,32.29,24
125,4,12,72,1,1024,1024,1,1,1,1,1024,1024,grouped_conv_forward_bf16_2d_16x64x64_compv4,30.46,25
125,4,12,72,1,1024,1024,1,1,1,1,1024,1024,grouped_conv_forward_bf16_2d_128x64x128_compv4,26.80,26
125,4,12,72,1,1024,1024,1,1,1,1,1024,1024,grouped_conv_forward_bf16_2d_128x128x64_compv4,26.63,27
125,4,12,72,1,1024,1024,1,1,1,1,1024,1024,grouped_conv_forward_bf16_2d_64x128x64_compv4,25.83,28
125,4,12,72,1,1024,1024,1,1,1,1,1024,1024,grouped_conv_forward_bf16_2d_64x64x128_compv4,24.34,29
125,4,12,72,1,1024,1024,1,1,1,1,1024,1024,grouped_conv_forward_bf16_2d_64x64x64_compv4,24.04,30
126,1,3,16,1,32,32,3,3,2,2,16,16,grouped_conv_forward_bf16_2d_16x64x128_compv5,0.33,1
126,1,3,16,1,32,32,3,3,2,2,16,16,grouped_conv_forward_bf16_2d_16x64x128_compv3,0.32,2
126,1,3,16,1,32,32,3,3,2,2,16,16,grouped_conv_forward_bf16_2d_32x64x128_compv5,0.30,3
126,1,3,16,1,32,32,3,3,2,2,16,16,grouped_conv_forward_bf16_2d_32x64x128_compv3,0.30,4
126,1,3,16,1,32,32,3,3,2,2,16,16,grouped_conv_forward_bf16_2d_16x64x128_compv4,0.29,5
126,1,3,16,1,32,32,3,3,2,2,16,16,grouped_conv_forward_bf16_2d_32x128x64_compv5,0.29,6
126,1,3,16,1,32,32,3,3,2,2,16,16,grouped_conv_forward_bf16_2d_32x64x64_compv5,0.28,7
126,1,3,16,1,32,32,3,3,2,2,16,16,grouped_conv_forward_bf16_2d_32x128x64_compv3,0.27,8
126,1,3,16,1,32,32,3,3,2,2,16,16,grouped_conv_forward_bf16_2d_16x64x64_compv3,0.27,9
126,1,3,16,1,32,32,3,3,2,2,16,16,grouped_conv_forward_bf16_2d_16x64x64_compv5,0.27,10
126,1,3,16,1,32,32,3,3,2,2,16,16,grouped_conv_forward_bf16_2d_32x64x64_compv3,0.26,11
126,1,3,16,1,32,32,3,3,2,2,16,16,grouped_conv_forward_bf16_2d_32x64x128_compv4,0.24,12
126,1,3,16,1,32,32,3,3,2,2,16,16,grouped_conv_forward_bf16_2d_64x64x128_compv3,0.24,13
126,1,3,16,1,32,32,3,3,2,2,16,16,grouped_conv_forward_bf16_2d_128x64x128_compv3,0.24,14
126,1,3,16,1,32,32,3,3,2,2,16,16,grouped_conv_forward_bf16_2d_64x128x64_compv3,0.23,15
126,1,3,16,1,32,32,3,3,2,2,16,16,grouped_conv_forward_bf16_2d_64x128x64_compv5,0.23,16
126,1,3,16,1,32,32,3,3,2,2,16,16,grouped_conv_forward_bf16_2d_64x64x128_compv5,0.23,17
126,1,3,16,1,32,32,3,3,2,2,16,16,grouped_conv_forward_bf16_2d_32x128x64_compv4,0.23,18
126,1,3,16,1,32,32,3,3,2,2,16,16,grouped_conv_forward_bf16_2d_128x64x128_compv5,0.22,19
126,1,3,16,1,32,32,3,3,2,2,16,16,grouped_conv_forward_bf16_2d_16x64x64_compv4,0.21,20
126,1,3,16,1,32,32,3,3,2,2,16,16,grouped_conv_forward_bf16_2d_128x128x64_compv3,0.21,21
126,1,3,16,1,32,32,3,3,2,2,16,16,grouped_conv_forward_bf16_2d_64x64x64_compv3,0.21,22
126,1,3,16,1,32,32,3,3,2,2,16,16,grouped_conv_forward_bf16_2d_128x64x128_compv4,0.21,23
126,1,3,16,1,32,32,3,3,2,2,16,16,grouped_conv_forward_bf16_2d_64x64x64_compv5,0.21,24
126,1,3,16,1,32,32,3,3,2,2,16,16,grouped_conv_forward_bf16_2d_128x128x64_compv5,0.21,25
126,1,3,16,1,32,32,3,3,2,2,16,16,grouped_conv_forward_bf16_2d_32x64x64_compv4,0.20,26
126,1,3,16,1,32,32,3,3,2,2,16,16,grouped_conv_forward_bf16_2d_64x64x128_compv4,0.20,27
126,1,3,16,1,32,32,3,3,2,2,16,16,grouped_conv_forward_bf16_2d_64x128x64_compv4,0.19,28
126,1,3,16,1,32,32,3,3,2,2,16,16,grouped_conv_forward_bf16_2d_128x128x64_compv4,0.19,29
126,1,3,16,1,32,32,3,3,2,2,16,16,grouped_conv_forward_bf16_2d_64x64x64_compv4,0.15,30
127,4,24,36,1,256,256,1,1,1,1,256,256,grouped_conv_forward_bf16_2d_64x64x64_compv5,80.93,1
127,4,24,36,1,256,256,1,1,1,1,256,256,grouped_conv_forward_bf16_2d_64x64x64_compv3,79.12,2
127,4,24,36,1,256,256,1,1,1,1,256,256,grouped_conv_forward_bf16_2d_32x128x64_compv5,74.52,3
127,4,24,36,1,256,256,1,1,1,1,256,256,grouped_conv_forward_bf16_2d_32x64x64_compv5,74.28,4
127,4,24,36,1,256,256,1,1,1,1,256,256,grouped_conv_forward_bf16_2d_32x128x64_compv3,72.96,5
127,4,24,36,1,256,256,1,1,1,1,256,256,grouped_conv_forward_bf16_2d_32x64x64_compv3,71.77,6
127,4,24,36,1,256,256,1,1,1,1,256,256,grouped_conv_forward_bf16_2d_64x128x64_compv5,71.68,7
127,4,24,36,1,256,256,1,1,1,1,256,256,grouped_conv_forward_bf16_2d_64x128x64_compv3,71.13,8
127,4,24,36,1,256,256,1,1,1,1,256,256,grouped_conv_forward_bf16_2d_128x128x64_compv5,67.29,9
127,4,24,36,1,256,256,1,1,1,1,256,256,grouped_conv_forward_bf16_2d_16x64x64_compv5,64.74,10
127,4,24,36,1,256,256,1,1,1,1,256,256,grouped_conv_forward_bf16_2d_128x128x64_compv3,63.07,11
127,4,24,36,1,256,256,1,1,1,1,256,256,grouped_conv_forward_bf16_2d_32x64x128_compv5,63.00,12
127,4,24,36,1,256,256,1,1,1,1,256,256,grouped_conv_forward_bf16_2d_16x64x64_compv3,62.85,13
127,4,24,36,1,256,256,1,1,1,1,256,256,grouped_conv_forward_bf16_2d_64x64x128_compv5,61.64,14
127,4,24,36,1,256,256,1,1,1,1,256,256,grouped_conv_forward_bf16_2d_32x64x128_compv3,61.35,15
127,4,24,36,1,256,256,1,1,1,1,256,256,grouped_conv_forward_bf16_2d_64x64x128_compv3,60.16,16
127,4,24,36,1,256,256,1,1,1,1,256,256,grouped_conv_forward_bf16_2d_128x64x128_compv5,54.64,17
127,4,24,36,1,256,256,1,1,1,1,256,256,grouped_conv_forward_bf16_2d_128x64x128_compv3,53.03,18
127,4,24,36,1,256,256,1,1,1,1,256,256,grouped_conv_forward_bf16_2d_16x64x128_compv5,52.48,19
127,4,24,36,1,256,256,1,1,1,1,256,256,grouped_conv_forward_bf16_2d_16x64x128_compv3,50.79,20
127,4,24,36,1,256,256,1,1,1,1,256,256,grouped_conv_forward_bf16_2d_32x64x128_compv4,35.03,21
127,4,24,36,1,256,256,1,1,1,1,256,256,grouped_conv_forward_bf16_2d_32x128x64_compv4,33.55,22
127,4,24,36,1,256,256,1,1,1,1,256,256,grouped_conv_forward_bf16_2d_32x64x64_compv4,33.20,23
127,4,24,36,1,256,256,1,1,1,1,256,256,grouped_conv_forward_bf16_2d_16x64x128_compv4,32.45,24
127,4,24,36,1,256,256,1,1,1,1,256,256,grouped_conv_forward_bf16_2d_16x64x64_compv4,30.94,25
127,4,24,36,1,256,256,1,1,1,1,256,256,grouped_conv_forward_bf16_2d_128x64x128_compv4,26.60,26
127,4,24,36,1,256,256,1,1,1,1,256,256,grouped_conv_forward_bf16_2d_64x64x128_compv4,25.99,27
127,4,24,36,1,256,256,1,1,1,1,256,256,grouped_conv_forward_bf16_2d_128x128x64_compv4,25.78,28
127,4,24,36,1,256,256,1,1,1,1,256,256,grouped_conv_forward_bf16_2d_64x128x64_compv4,25.59,29
127,4,24,36,1,256,256,1,1,1,1,256,256,grouped_conv_forward_bf16_2d_64x64x64_compv4,24.65,30
128,4,192,990,1,64,64,1,1,1,1,64,64,grouped_conv_forward_bf16_2d_64x128x64_compv5,146.58,1
128,4,192,990,1,64,64,1,1,1,1,64,64,grouped_conv_forward_bf16_2d_32x128x64_compv5,145.49,2
128,4,192,990,1,64,64,1,1,1,1,64,64,grouped_conv_forward_bf16_2d_32x128x64_compv3,144.34,3
128,4,192,990,1,64,64,1,1,1,1,64,64,grouped_conv_forward_bf16_2d_64x128x64_compv3,144.05,4
128,4,192,990,1,64,64,1,1,1,1,64,64,grouped_conv_forward_bf16_2d_128x128x64_compv5,133.84,5
128,4,192,990,1,64,64,1,1,1,1,64,64,grouped_conv_forward_bf16_2d_128x128x64_compv3,124.38,6
128,4,192,990,1,64,64,1,1,1,1,64,64,grouped_conv_forward_bf16_2d_32x64x128_compv5,121.60,7
128,4,192,990,1,64,64,1,1,1,1,64,64,grouped_conv_forward_bf16_2d_64x64x64_compv5,121.05,8
128,4,192,990,1,64,64,1,1,1,1,64,64,grouped_conv_forward_bf16_2d_32x64x128_compv3,120.36,9
128,4,192,990,1,64,64,1,1,1,1,64,64,grouped_conv_forward_bf16_2d_64x64x128_compv5,120.14,10
128,4,192,990,1,64,64,1,1,1,1,64,64,grouped_conv_forward_bf16_2d_64x64x128_compv3,119.36,11
128,4,192,990,1,64,64,1,1,1,1,64,64,grouped_conv_forward_bf16_2d_64x64x64_compv3,118.24,12
128,4,192,990,1,64,64,1,1,1,1,64,64,grouped_conv_forward_bf16_2d_32x64x64_compv5,116.54,13
128,4,192,990,1,64,64,1,1,1,1,64,64,grouped_conv_forward_bf16_2d_32x64x64_compv3,114.55,14
128,4,192,990,1,64,64,1,1,1,1,64,64,grouped_conv_forward_bf16_2d_128x64x128_compv5,106.25,15
128,4,192,990,1,64,64,1,1,1,1,64,64,grouped_conv_forward_bf16_2d_128x64x128_compv3,101.77,16
128,4,192,990,1,64,64,1,1,1,1,64,64,grouped_conv_forward_bf16_2d_16x64x64_compv5,98.35,17
128,4,192,990,1,64,64,1,1,1,1,64,64,grouped_conv_forward_bf16_2d_16x64x64_compv3,97.20,18
128,4,192,990,1,64,64,1,1,1,1,64,64,grouped_conv_forward_bf16_2d_16x64x128_compv5,95.97,19
128,4,192,990,1,64,64,1,1,1,1,64,64,grouped_conv_forward_bf16_2d_16x64x128_compv3,94.83,20
128,4,192,990,1,64,64,1,1,1,1,64,64,grouped_conv_forward_bf16_2d_32x128x64_compv4,70.92,21
128,4,192,990,1,64,64,1,1,1,1,64,64,grouped_conv_forward_bf16_2d_32x64x128_compv4,70.70,22
128,4,192,990,1,64,64,1,1,1,1,64,64,grouped_conv_forward_bf16_2d_32x64x64_compv4,69.08,23
128,4,192,990,1,64,64,1,1,1,1,64,64,grouped_conv_forward_bf16_2d_16x64x128_compv4,63.27,24
128,4,192,990,1,64,64,1,1,1,1,64,64,grouped_conv_forward_bf16_2d_16x64x64_compv4,62.67,25
128,4,192,990,1,64,64,1,1,1,1,64,64,grouped_conv_forward_bf16_2d_128x64x128_compv4,55.47,26
128,4,192,990,1,64,64,1,1,1,1,64,64,grouped_conv_forward_bf16_2d_128x128x64_compv4,54.91,27
128,4,192,990,1,64,64,1,1,1,1,64,64,grouped_conv_forward_bf16_2d_64x64x128_compv4,54.76,28
128,4,192,990,1,64,64,1,1,1,1,64,64,grouped_conv_forward_bf16_2d_64x128x64_compv4,53.96,29
128,4,192,990,1,64,64,1,1,1,1,64,64,grouped_conv_forward_bf16_2d_64x64x64_compv4,53.69,30
129,1,108,108,108,28,28,7,7,1,1,28,28,grouped_conv_forward_bf16_2d_32x64x64_compv5,1.89,1
129,1,108,108,108,28,28,7,7,1,1,28,28,grouped_conv_forward_bf16_2d_32x64x64_compv3,1.85,2
129,1,108,108,108,28,28,7,7,1,1,28,28,grouped_conv_forward_bf16_2d_16x64x64_compv3,1.83,3
129,1,108,108,108,28,28,7,7,1,1,28,28,grouped_conv_forward_bf16_2d_16x64x64_compv5,1.82,4
129,1,108,108,108,28,28,7,7,1,1,28,28,grouped_conv_forward_bf16_2d_64x64x64_compv3,1.68,5
129,1,108,108,108,28,28,7,7,1,1,28,28,grouped_conv_forward_bf16_2d_64x64x64_compv5,1.64,6
129,1,108,108,108,28,28,7,7,1,1,28,28,grouped_conv_forward_bf16_2d_32x64x64_compv4,1.62,7
129,1,108,108,108,28,28,7,7,1,1,28,28,grouped_conv_forward_bf16_2d_32x128x64_compv5,1.61,8
129,1,108,108,108,28,28,7,7,1,1,28,28,grouped_conv_forward_bf16_2d_16x64x64_compv4,1.59,9
129,1,108,108,108,28,28,7,7,1,1,28,28,grouped_conv_forward_bf16_2d_32x128x64_compv3,1.58,10
129,1,108,108,108,28,28,7,7,1,1,28,28,grouped_conv_forward_bf16_2d_32x64x128_compv3,1.44,11
129,1,108,108,108,28,28,7,7,1,1,28,28,grouped_conv_forward_bf16_2d_16x64x128_compv5,1.41,12
129,1,108,108,108,28,28,7,7,1,1,28,28,grouped_conv_forward_bf16_2d_32x64x128_compv5,1.40,13
129,1,108,108,108,28,28,7,7,1,1,28,28,grouped_conv_forward_bf16_2d_16x64x128_compv3,1.40,14
129,1,108,108,108,28,28,7,7,1,1,28,28,grouped_conv_forward_bf16_2d_32x128x64_compv4,1.37,15
129,1,108,108,108,28,28,7,7,1,1,28,28,grouped_conv_forward_bf16_2d_64x64x64_compv4,1.35,16
129,1,108,108,108,28,28,7,7,1,1,28,28,grouped_conv_forward_bf16_2d_64x128x64_compv5,1.34,17
129,1,108,108,108,28,28,7,7,1,1,28,28,grouped_conv_forward_bf16_2d_64x128x64_compv3,1.31,18
129,1,108,108,108,28,28,7,7,1,1,28,28,grouped_conv_forward_bf16_2d_16x64x128_compv4,1.23,19
129,1,108,108,108,28,28,7,7,1,1,28,28,grouped_conv_forward_bf16_2d_32x64x128_compv4,1.22,20
129,1,108,108,108,28,28,7,7,1,1,28,28,grouped_conv_forward_bf16_2d_128x128x64_compv5,1.19,21
129,1,108,108,108,28,28,7,7,1,1,28,28,grouped_conv_forward_bf16_2d_128x128x64_compv3,1.18,22
129,1,108,108,108,28,28,7,7,1,1,28,28,grouped_conv_forward_bf16_2d_64x128x64_compv4,1.14,23
129,1,108,108,108,28,28,7,7,1,1,28,28,grouped_conv_forward_bf16_2d_64x64x128_compv3,1.13,24
129,1,108,108,108,28,28,7,7,1,1,28,28,grouped_conv_forward_bf16_2d_128x128x64_compv4,1.09,25
129,1,108,108,108,28,28,7,7,1,1,28,28,grouped_conv_forward_bf16_2d_128x64x128_compv3,1.08,26
129,1,108,108,108,28,28,7,7,1,1,28,28,grouped_conv_forward_bf16_2d_64x64x128_compv5,1.08,27
129,1,108,108,108,28,28,7,7,1,1,28,28,grouped_conv_forward_bf16_2d_128x64x128_compv5,1.04,28
129,1,108,108,108,28,28,7,7,1,1,28,28,grouped_conv_forward_bf16_2d_128x64x128_compv4,0.98,29
129,1,108,108,108,28,28,7,7,1,1,28,28,grouped_conv_forward_bf16_2d_64x64x128_compv4,0.95,30
130,1,1664,128,1,64,64,1,1,1,1,64,64,grouped_conv_forward_bf16_2d_32x64x128_compv5,101.65,1
130,1,1664,128,1,64,64,1,1,1,1,64,64,grouped_conv_forward_bf16_2d_16x64x128_compv5,101.61,2
130,1,1664,128,1,64,64,1,1,1,1,64,64,grouped_conv_forward_bf16_2d_32x64x128_compv3,100.88,3
130,1,1664,128,1,64,64,1,1,1,1,64,64,grouped_conv_forward_bf16_2d_16x64x128_compv3,100.76,4
130,1,1664,128,1,64,64,1,1,1,1,64,64,grouped_conv_forward_bf16_2d_32x128x64_compv4,95.27,5
130,1,1664,128,1,64,64,1,1,1,1,64,64,grouped_conv_forward_bf16_2d_32x64x128_compv4,93.53,6
130,1,1664,128,1,64,64,1,1,1,1,64,64,grouped_conv_forward_bf16_2d_16x64x128_compv4,92.17,7
130,1,1664,128,1,64,64,1,1,1,1,64,64,grouped_conv_forward_bf16_2d_32x64x64_compv4,88.00,8
130,1,1664,128,1,64,64,1,1,1,1,64,64,grouped_conv_forward_bf16_2d_128x64x128_compv5,85.52,9
130,1,1664,128,1,64,64,1,1,1,1,64,64,grouped_conv_forward_bf16_2d_16x64x64_compv4,85.23,10
130,1,1664,128,1,64,64,1,1,1,1,64,64,grouped_conv_forward_bf16_2d_64x64x128_compv5,85.00,11
130,1,1664,128,1,64,64,1,1,1,1,64,64,grouped_conv_forward_bf16_2d_128x64x128_compv3,84.23,12
130,1,1664,128,1,64,64,1,1,1,1,64,64,grouped_conv_forward_bf16_2d_64x64x128_compv3,83.96,13
130,1,1664,128,1,64,64,1,1,1,1,64,64,grouped_conv_forward_bf16_2d_64x128x64_compv4,77.57,14
130,1,1664,128,1,64,64,1,1,1,1,64,64,grouped_conv_forward_bf16_2d_128x64x128_compv4,77.41,15
130,1,1664,128,1,64,64,1,1,1,1,64,64,grouped_conv_forward_bf16_2d_16x64x64_compv5,76.81,16
130,1,1664,128,1,64,64,1,1,1,1,64,64,grouped_conv_forward_bf16_2d_16x64x64_compv3,76.46,17
130,1,1664,128,1,64,64,1,1,1,1,64,64,grouped_conv_forward_bf16_2d_128x128x64_compv4,76.31,18
130,1,1664,128,1,64,64,1,1,1,1,64,64,grouped_conv_forward_bf16_2d_64x64x128_compv4,75.63,19
130,1,1664,128,1,64,64,1,1,1,1,64,64,grouped_conv_forward_bf16_2d_32x64x64_compv5,73.47,20
130,1,1664,128,1,64,64,1,1,1,1,64,64,grouped_conv_forward_bf16_2d_32x64x64_compv3,72.71,21
130,1,1664,128,1,64,64,1,1,1,1,64,64,grouped_conv_forward_bf16_2d_32x128x64_compv5,71.36,22
130,1,1664,128,1,64,64,1,1,1,1,64,64,grouped_conv_forward_bf16_2d_32x128x64_compv3,71.11,23
130,1,1664,128,1,64,64,1,1,1,1,64,64,grouped_conv_forward_bf16_2d_64x64x64_compv4,67.13,24
130,1,1664,128,1,64,64,1,1,1,1,64,64,grouped_conv_forward_bf16_2d_64x128x64_compv5,64.00,25
130,1,1664,128,1,64,64,1,1,1,1,64,64,grouped_conv_forward_bf16_2d_64x128x64_compv3,63.71,26
130,1,1664,128,1,64,64,1,1,1,1,64,64,grouped_conv_forward_bf16_2d_64x64x64_compv5,62.19,27
130,1,1664,128,1,64,64,1,1,1,1,64,64,grouped_conv_forward_bf16_2d_64x64x64_compv3,61.31,28
130,1,1664,128,1,64,64,1,1,1,1,64,64,grouped_conv_forward_bf16_2d_128x128x64_compv5,61.28,29
130,1,1664,128,1,64,64,1,1,1,1,64,64,grouped_conv_forward_bf16_2d_128x128x64_compv3,60.81,30
131,4,288,577,1,4,49,1,1,1,1,4,49,grouped_conv_forward_bf16_2d_32x64x64_compv4,40.83,1
131,4,288,577,1,4,49,1,1,1,1,4,49,grouped_conv_forward_bf16_2d_16x64x64_compv4,40.47,2
131,4,288,577,1,4,49,1,1,1,1,4,49,grouped_conv_forward_bf16_2d_32x128x64_compv4,40.11,3
131,4,288,577,1,4,49,1,1,1,1,4,49,grouped_conv_forward_bf16_2d_16x64x128_compv5,39.99,4
131,4,288,577,1,4,49,1,1,1,1,4,49,grouped_conv_forward_bf16_2d_32x64x128_compv3,39.98,5
131,4,288,577,1,4,49,1,1,1,1,4,49,grouped_conv_forward_bf16_2d_32x64x128_compv5,39.89,6
131,4,288,577,1,4,49,1,1,1,1,4,49,grouped_conv_forward_bf16_2d_16x64x128_compv3,39.71,7
131,4,288,577,1,4,49,1,1,1,1,4,49,grouped_conv_forward_bf16_2d_16x64x64_compv5,38.57,8
131,4,288,577,1,4,49,1,1,1,1,4,49,grouped_conv_forward_bf16_2d_32x64x64_compv5,38.47,9
131,4,288,577,1,4,49,1,1,1,1,4,49,grouped_conv_forward_bf16_2d_16x64x128_compv4,38.21,10
131,4,288,577,1,4,49,1,1,1,1,4,49,grouped_conv_forward_bf16_2d_16x64x64_compv3,38.16,11
131,4,288,577,1,4,49,1,1,1,1,4,49,grouped_conv_forward_bf16_2d_32x64x128_compv4,38.15,12
131,4,288,577,1,4,49,1,1,1,1,4,49,grouped_conv_forward_bf16_2d_32x64x64_compv3,37.93,13
131,4,288,577,1,4,49,1,1,1,1,4,49,grouped_conv_forward_bf16_2d_64x64x64_compv4,36.40,14
131,4,288,577,1,4,49,1,1,1,1,4,49,grouped_conv_forward_bf16_2d_32x128x64_compv5,36.27,15
131,4,288,577,1,4,49,1,1,1,1,4,49,grouped_conv_forward_bf16_2d_32x128x64_compv3,36.24,16
131,4,288,577,1,4,49,1,1,1,1,4,49,grouped_conv_forward_bf16_2d_64x64x64_compv5,34.47,17
131,4,288,577,1,4,49,1,1,1,1,4,49,grouped_conv_forward_bf16_2d_64x64x64_compv3,34.16,18
131,4,288,577,1,4,49,1,1,1,1,4,49,grouped_conv_forward_bf16_2d_64x64x128_compv5,33.72,19
131,4,288,577,1,4,49,1,1,1,1,4,49,grouped_conv_forward_bf16_2d_64x64x128_compv3,33.57,20
131,4,288,577,1,4,49,1,1,1,1,4,49,grouped_conv_forward_bf16_2d_64x128x64_compv4,33.23,21
131,4,288,577,1,4,49,1,1,1,1,4,49,grouped_conv_forward_bf16_2d_128x64x128_compv5,33.04,22
131,4,288,577,1,4,49,1,1,1,1,4,49,grouped_conv_forward_bf16_2d_128x64x128_compv3,32.40,23
131,4,288,577,1,4,49,1,1,1,1,4,49,grouped_conv_forward_bf16_2d_128x128x64_compv4,32.07,24
131,4,288,577,1,4,49,1,1,1,1,4,49,grouped_conv_forward_bf16_2d_64x64x128_compv4,31.47,25
131,4,288,577,1,4,49,1,1,1,1,4,49,grouped_conv_forward_bf16_2d_128x64x128_compv4,31.46,26
131,4,288,577,1,4,49,1,1,1,1,4,49,grouped_conv_forward_bf16_2d_64x128x64_compv5,30.75,27
131,4,288,577,1,4,49,1,1,1,1,4,49,grouped_conv_forward_bf16_2d_64x128x64_compv3,30.51,28
131,4,288,577,1,4,49,1,1,1,1,4,49,grouped_conv_forward_bf16_2d_128x128x64_compv5,28.04,29
131,4,288,577,1,4,49,1,1,1,1,4,49,grouped_conv_forward_bf16_2d_128x128x64_compv3,27.70,30
132,4,1472,800,1,14,14,1,1,1,1,14,14,grouped_conv_forward_bf16_2d_32x64x64_compv4,78.67,1
132,4,1472,800,1,14,14,1,1,1,1,14,14,grouped_conv_forward_bf16_2d_16x64x64_compv4,78.11,2
132,4,1472,800,1,14,14,1,1,1,1,14,14,grouped_conv_forward_bf16_2d_32x64x128_compv5,77.24,3
132,4,1472,800,1,14,14,1,1,1,1,14,14,grouped_conv_forward_bf16_2d_32x64x128_compv3,76.35,4
132,4,1472,800,1,14,14,1,1,1,1,14,14,grouped_conv_forward_bf16_2d_16x64x128_compv5,76.06,5
132,4,1472,800,1,14,14,1,1,1,1,14,14,grouped_conv_forward_bf16_2d_32x128x64_compv4,75.58,6
132,4,1472,800,1,14,14,1,1,1,1,14,14,grouped_conv_forward_bf16_2d_16x64x128_compv3,74.88,7
132,4,1472,800,1,14,14,1,1,1,1,14,14,grouped_conv_forward_bf16_2d_16x64x128_compv4,72.51,8
132,4,1472,800,1,14,14,1,1,1,1,14,14,grouped_conv_forward_bf16_2d_32x64x128_compv4,71.94,9
132,4,1472,800,1,14,14,1,1,1,1,14,14,grouped_conv_forward_bf16_2d_16x64x64_compv5,71.54,10
132,4,1472,800,1,14,14,1,1,1,1,14,14,grouped_conv_forward_bf16_2d_16x64x64_compv3,71.48,11
132,4,1472,800,1,14,14,1,1,1,1,14,14,grouped_conv_forward_bf16_2d_32x64x64_compv5,68.32,12
132,4,1472,800,1,14,14,1,1,1,1,14,14,grouped_conv_forward_bf16_2d_128x64x128_compv5,68.14,13
132,4,1472,800,1,14,14,1,1,1,1,14,14,grouped_conv_forward_bf16_2d_32x64x64_compv3,67.96,14
132,4,1472,800,1,14,14,1,1,1,1,14,14,grouped_conv_forward_bf16_2d_128x64x128_compv3,67.56,15
132,4,1472,800,1,14,14,1,1,1,1,14,14,grouped_conv_forward_bf16_2d_64x64x64_compv4,66.39,16
132,4,1472,800,1,14,14,1,1,1,1,14,14,grouped_conv_forward_bf16_2d_64x64x64_compv5,65.25,17
132,4,1472,800,1,14,14,1,1,1,1,14,14,grouped_conv_forward_bf16_2d_64x64x128_compv5,65.14,18
132,4,1472,800,1,14,14,1,1,1,1,14,14,grouped_conv_forward_bf16_2d_64x64x64_compv3,64.90,19
132,4,1472,800,1,14,14,1,1,1,1,14,14,grouped_conv_forward_bf16_2d_64x64x128_compv3,64.50,20
132,4,1472,800,1,14,14,1,1,1,1,14,14,grouped_conv_forward_bf16_2d_32x128x64_compv5,63.80,21
132,4,1472,800,1,14,14,1,1,1,1,14,14,grouped_conv_forward_bf16_2d_32x128x64_compv3,63.69,22
132,4,1472,800,1,14,14,1,1,1,1,14,14,grouped_conv_forward_bf16_2d_64x128x64_compv4,60.77,23
132,4,1472,800,1,14,14,1,1,1,1,14,14,grouped_conv_forward_bf16_2d_128x128x64_compv4,58.78,24
132,4,1472,800,1,14,14,1,1,1,1,14,14,grouped_conv_forward_bf16_2d_128x64x128_compv4,56.78,25
132,4,1472,800,1,14,14,1,1,1,1,14,14,grouped_conv_forward_bf16_2d_64x64x128_compv4,56.55,26
132,4,1472,800,1,14,14,1,1,1,1,14,14,grouped_conv_forward_bf16_2d_64x128x64_compv5,55.35,27
132,4,1472,800,1,14,14,1,1,1,1,14,14,grouped_conv_forward_bf16_2d_64x128x64_compv3,54.89,28
132,4,1472,800,1,14,14,1,1,1,1,14,14,grouped_conv_forward_bf16_2d_128x128x64_compv5,54.83,29
132,4,1472,800,1,14,14,1,1,1,1,14,14,grouped_conv_forward_bf16_2d_128x128x64_compv3,54.74,30
133,1,3,96,1,1024,1024,7,7,2,2,512,512,grouped_conv_forward_bf16_2d_64x64x64_compv5,123.24,1
133,1,3,96,1,1024,1024,7,7,2,2,512,512,grouped_conv_forward_bf16_2d_32x128x64_compv5,121.49,2
133,1,3,96,1,1024,1024,7,7,2,2,512,512,grouped_conv_forward_bf16_2d_64x64x64_compv3,120.58,3
133,1,3,96,1,1024,1024,7,7,2,2,512,512,grouped_conv_forward_bf16_2d_32x128x64_compv3,118.08,4
133,1,3,96,1,1024,1024,7,7,2,2,512,512,grouped_conv_forward_bf16_2d_128x128x64_compv5,116.37,5
133,1,3,96,1,1024,1024,7,7,2,2,512,512,grouped_conv_forward_bf16_2d_64x128x64_compv5,116.09,6
133,1,3,96,1,1024,1024,7,7,2,2,512,512,grouped_conv_forward_bf16_2d_32x64x64_compv5,115.34,7
133,1,3,96,1,1024,1024,7,7,2,2,512,512,grouped_conv_forward_bf16_2d_64x128x64_compv3,114.47,8
133,1,3,96,1,1024,1024,7,7,2,2,512,512,grouped_conv_forward_bf16_2d_32x64x128_compv5,112.87,9
133,1,3,96,1,1024,1024,7,7,2,2,512,512,grouped_conv_forward_bf16_2d_32x64x64_compv3,112.57,10
133,1,3,96,1,1024,1024,7,7,2,2,512,512,grouped_conv_forward_bf16_2d_32x64x128_compv3,111.20,11
133,1,3,96,1,1024,1024,7,7,2,2,512,512,grouped_conv_forward_bf16_2d_64x64x128_compv5,109.36,12
133,1,3,96,1,1024,1024,7,7,2,2,512,512,grouped_conv_forward_bf16_2d_64x64x128_compv3,106.12,13
133,1,3,96,1,1024,1024,7,7,2,2,512,512,grouped_conv_forward_bf16_2d_128x128x64_compv3,105.23,14
133,1,3,96,1,1024,1024,7,7,2,2,512,512,grouped_conv_forward_bf16_2d_128x64x128_compv5,100.20,15
133,1,3,96,1,1024,1024,7,7,2,2,512,512,grouped_conv_forward_bf16_2d_128x64x128_compv3,94.59,16
133,1,3,96,1,1024,1024,7,7,2,2,512,512,grouped_conv_forward_bf16_2d_16x64x64_compv5,92.61,17
133,1,3,96,1,1024,1024,7,7,2,2,512,512,grouped_conv_forward_bf16_2d_16x64x64_compv3,91.46,18
133,1,3,96,1,1024,1024,7,7,2,2,512,512,grouped_conv_forward_bf16_2d_16x64x128_compv5,88.01,19
133,1,3,96,1,1024,1024,7,7,2,2,512,512,grouped_conv_forward_bf16_2d_16x64x128_compv3,86.71,20
133,1,3,96,1,1024,1024,7,7,2,2,512,512,grouped_conv_forward_bf16_2d_32x64x128_compv4,62.13,21
133,1,3,96,1,1024,1024,7,7,2,2,512,512,grouped_conv_forward_bf16_2d_32x128x64_compv4,61.16,22
133,1,3,96,1,1024,1024,7,7,2,2,512,512,grouped_conv_forward_bf16_2d_32x64x64_compv4,60.66,23
133,1,3,96,1,1024,1024,7,7,2,2,512,512,grouped_conv_forward_bf16_2d_16x64x128_compv4,54.91,24
133,1,3,96,1,1024,1024,7,7,2,2,512,512,grouped_conv_forward_bf16_2d_16x64x64_compv4,54.04,25
133,1,3,96,1,1024,1024,7,7,2,2,512,512,grouped_conv_forward_bf16_2d_128x128x64_compv4,46.27,26
133,1,3,96,1,1024,1024,7,7,2,2,512,512,grouped_conv_forward_bf16_2d_64x128x64_compv4,45.27,27
133,1,3,96,1,1024,1024,7,7,2,2,512,512,grouped_conv_forward_bf16_2d_128x64x128_compv4,45.06,28
133,1,3,96,1,1024,1024,7,7,2,2,512,512,grouped_conv_forward_bf16_2d_64x64x64_compv4,44.85,29
133,1,3,96,1,1024,1024,7,7,2,2,512,512,grouped_conv_forward_bf16_2d_64x64x128_compv4,44.18,30
134,4,637,27,1,1,1,1,1,1,1,1,1,grouped_conv_forward_bf16_2d_16x64x128_compv4,0.28,1
134,4,637,27,1,1,1,1,1,1,1,1,1,grouped_conv_forward_bf16_2d_32x128x64_compv4,0.27,2
134,4,637,27,1,1,1,1,1,1,1,1,1,grouped_conv_forward_bf16_2d_16x64x64_compv4,0.27,3
134,4,637,27,1,1,1,1,1,1,1,1,1,grouped_conv_forward_bf16_2d_16x64x128_compv5,0.26,4
134,4,637,27,1,1,1,1,1,1,1,1,1,grouped_conv_forward_bf16_2d_32x64x128_compv5,0.25,5
134,4,637,27,1,1,1,1,1,1,1,1,1,grouped_conv_forward_bf16_2d_16x64x128_compv3,0.24,6
134,4,637,27,1,1,1,1,1,1,1,1,1,grouped_conv_forward_bf16_2d_32x64x128_compv3,0.23,7
134,4,637,27,1,1,1,1,1,1,1,1,1,grouped_conv_forward_bf16_2d_16x64x64_compv5,0.22,8
134,4,637,27,1,1,1,1,1,1,1,1,1,grouped_conv_forward_bf16_2d_32x64x64_compv4,0.21,9
134,4,637,27,1,1,1,1,1,1,1,1,1,grouped_conv_forward_bf16_2d_32x128x64_compv5,0.21,10
134,4,637,27,1,1,1,1,1,1,1,1,1,grouped_conv_forward_bf16_2d_64x64x128_compv5,0.21,11
134,4,637,27,1,1,1,1,1,1,1,1,1,grouped_conv_forward_bf16_2d_32x64x128_compv4,0.21,12
134,4,637,27,1,1,1,1,1,1,1,1,1,grouped_conv_forward_bf16_2d_16x64x64_compv3,0.20,13
134,4,637,27,1,1,1,1,1,1,1,1,1,grouped_conv_forward_bf16_2d_32x64x64_compv5,0.20,14
134,4,637,27,1,1,1,1,1,1,1,1,1,grouped_conv_forward_bf16_2d_64x64x128_compv3,0.19,15
134,4,637,27,1,1,1,1,1,1,1,1,1,grouped_conv_forward_bf16_2d_128x64x128_compv5,0.19,16
134,4,637,27,1,1,1,1,1,1,1,1,1,grouped_conv_forward_bf16_2d_32x128x64_compv3,0.19,17
134,4,637,27,1,1,1,1,1,1,1,1,1,grouped_conv_forward_bf16_2d_128x64x128_compv3,0.18,18
134,4,637,27,1,1,1,1,1,1,1,1,1,grouped_conv_forward_bf16_2d_64x128x64_compv4,0.18,19
134,4,637,27,1,1,1,1,1,1,1,1,1,grouped_conv_forward_bf16_2d_128x128x64_compv4,0.18,20
134,4,637,27,1,1,1,1,1,1,1,1,1,grouped_conv_forward_bf16_2d_128x64x128_compv4,0.17,21
134,4,637,27,1,1,1,1,1,1,1,1,1,grouped_conv_forward_bf16_2d_32x64x64_compv3,0.17,22
134,4,637,27,1,1,1,1,1,1,1,1,1,grouped_conv_forward_bf16_2d_64x128x64_compv5,0.16,23
134,4,637,27,1,1,1,1,1,1,1,1,1,grouped_conv_forward_bf16_2d_64x64x128_compv4,0.16,24
134,4,637,27,1,1,1,1,1,1,1,1,1,grouped_conv_forward_bf16_2d_64x64x64_compv5,0.16,25
134,4,637,27,1,1,1,1,1,1,1,1,1,grouped_conv_forward_bf16_2d_128x128x64_compv5,0.16,26
134,4,637,27,1,1,1,1,1,1,1,1,1,grouped_conv_forward_bf16_2d_64x64x64_compv4,0.16,27
134,4,637,27,1,1,1,1,1,1,1,1,1,grouped_conv_forward_bf16_2d_64x128x64_compv3,0.15,28
134,4,637,27,1,1,1,1,1,1,1,1,1,grouped_conv_forward_bf16_2d_128x128x64_compv3,0.15,29
134,4,637,27,1,1,1,1,1,1,1,1,1,grouped_conv_forward_bf16_2d_64x64x64_compv3,0.15,30
135,4,8,72,1,1,1,1,1,1,1,1,1,grouped_conv_forward_bf16_2d_32x128x64_compv5,0.15,1
135,4,8,72,1,1,1,1,1,1,1,1,1,grouped_conv_forward_bf16_2d_32x128x64_compv3,0.12,2
135,4,8,72,1,1,1,1,1,1,1,1,1,grouped_conv_forward_bf16_2d_32x128x64_compv4,0.12,3
135,4,8,72,1,1,1,1,1,1,1,1,1,grouped_conv_forward_bf16_2d_32x64x64_compv5,0.11,4
135,4,8,72,1,1,1,1,1,1,1,1,1,grouped_conv_forward_bf16_2d_64x128x64_compv5,0.11,5
135,4,8,72,1,1,1,1,1,1,1,1,1,grouped_conv_forward_bf16_2d_32x64x128_compv5,0.11,6
135,4,8,72,1,1,1,1,1,1,1,1,1,grouped_conv_forward_bf16_2d_16x64x64_compv5,0.11,7
135,4,8,72,1,1,1,1,1,1,1,1,1,grouped_conv_forward_bf16_2d_16x64x64_compv3,0.10,8
135,4,8,72,1,1,1,1,1,1,1,1,1,grouped_conv_forward_bf16_2d_64x128x64_compv3,0.10,9
135,4,8,72,1,1,1,1,1,1,1,1,1,grouped_conv_forward_bf16_2d_128x128x64_compv5,0.10,10
135,4,8,72,1,1,1,1,1,1,1,1,1,grouped_conv_forward_bf16_2d_16x64x128_compv5,0.10,11
135,4,8,72,1,1,1,1,1,1,1,1,1,grouped_conv_forward_bf16_2d_128x128x64_compv3,0.09,12
135,4,8,72,1,1,1,1,1,1,1,1,1,grouped_conv_forward_bf16_2d_32x64x64_compv3,0.09,13
135,4,8,72,1,1,1,1,1,1,1,1,1,grouped_conv_forward_bf16_2d_32x64x128_compv3,0.09,14
135,4,8,72,1,1,1,1,1,1,1,1,1,grouped_conv_forward_bf16_2d_64x64x128_compv5,0.09,15
135,4,8,72,1,1,1,1,1,1,1,1,1,grouped_conv_forward_bf16_2d_64x64x64_compv5,0.09,16
135,4,8,72,1,1,1,1,1,1,1,1,1,grouped_conv_forward_bf16_2d_16x64x128_compv4,0.09,17
135,4,8,72,1,1,1,1,1,1,1,1,1,grouped_conv_forward_bf16_2d_64x64x128_compv3,0.09,18
135,4,8,72,1,1,1,1,1,1,1,1,1,grouped_conv_forward_bf16_2d_16x64x128_compv3,0.09,19
135,4,8,72,1,1,1,1,1,1,1,1,1,grouped_conv_forward_bf16_2d_64x64x64_compv3,0.08,20
135,4,8,72,1,1,1,1,1,1,1,1,1,grouped_conv_forward_bf16_2d_128x64x128_compv3,0.08,21
135,4,8,72,1,1,1,1,1,1,1,1,1,grouped_conv_forward_bf16_2d_64x128x64_compv4,0.08,22
135,4,8,72,1,1,1,1,1,1,1,1,1,grouped_conv_forward_bf16_2d_128x64x128_compv5,0.08,23
135,4,8,72,1,1,1,1,1,1,1,1,1,grouped_conv_forward_bf16_2d_128x128x64_compv4,0.08,24
135,4,8,72,1,1,1,1,1,1,1,1,1,grouped_conv_forward_bf16_2d_32x64x128_compv4,0.08,25
135,4,8,72,1,1,1,1,1,1,1,1,1,grouped_conv_forward_bf16_2d_32x64x64_compv4,0.07,26
135,4,8,72,1,1,1,1,1,1,1,1,1,grouped_conv_forward_bf16_2d_64x64x128_compv4,0.07,27
135,4,8,72,1,1,1,1,1,1,1,1,1,grouped_conv_forward_bf16_2d_128x64x128_compv4,0.07,28
135,4,8,72,1,1,1,1,1,1,1,1,1,grouped_conv_forward_bf16_2d_16x64x64_compv4,0.06,29
135,4,8,72,1,1,1,1,1,1,1,1,1,grouped_conv_forward_bf16_2d_64x64x64_compv4,0.04,30
136,1,256,1920,1,32,32,1,1,1,1,32,32,grouped_conv_forward_bf16_2d_128x64x128_compv3,120.73,1
136,1,256,1920,1,32,32,1,1,1,1,32,32,grouped_conv_forward_bf16_2d_128x64x128_compv5,120.14,2
136,1,256,1920,1,32,32,1,1,1,1,32,32,grouped_conv_forward_bf16_2d_64x64x128_compv5,110.66,3
136,1,256,1920,1,32,32,1,1,1,1,32,32,grouped_conv_forward_bf16_2d_64x64x128_compv3,110.40,4
136,1,256,1920,1,32,32,1,1,1,1,32,32,grouped_conv_forward_bf16_2d_64x128x64_compv3,106.78,5
136,1,256,1920,1,32,32,1,1,1,1,32,32,grouped_conv_forward_bf16_2d_64x128x64_compv5,106.57,6
136,1,256,1920,1,32,32,1,1,1,1,32,32,grouped_conv_forward_bf16_2d_32x128x64_compv5,106.48,7
136,1,256,1920,1,32,32,1,1,1,1,32,32,grouped_conv_forward_bf16_2d_32x128x64_compv3,106.26,8
136,1,256,1920,1,32,32,1,1,1,1,32,32,grouped_conv_forward_bf16_2d_32x64x128_compv5,102.04,9
136,1,256,1920,1,32,32,1,1,1,1,32,32,grouped_conv_forward_bf16_2d_32x64x128_compv3,101.70,10
136,1,256,1920,1,32,32,1,1,1,1,32,32,grouped_conv_forward_bf16_2d_128x128x64_compv3,100.78,11
136,1,256,1920,1,32,32,1,1,1,1,32,32,grouped_conv_forward_bf16_2d_128x128x64_compv5,100.68,12
136,1,256,1920,1,32,32,1,1,1,1,32,32,grouped_conv_forward_bf16_2d_16x64x128_compv5,92.36,13
136,1,256,1920,1,32,32,1,1,1,1,32,32,grouped_conv_forward_bf16_2d_16x64x128_compv3,92.17,14
136,1,256,1920,1,32,32,1,1,1,1,32,32,grouped_conv_forward_bf16_2d_32x128x64_compv4,88.30,15
136,1,256,1920,1,32,32,1,1,1,1,32,32,grouped_conv_forward_bf16_2d_64x64x64_compv5,87.87,16
136,1,256,1920,1,32,32,1,1,1,1,32,32,grouped_conv_forward_bf16_2d_64x64x64_compv3,87.69,17
136,1,256,1920,1,32,32,1,1,1,1,32,32,grouped_conv_forward_bf16_2d_32x64x64_compv5,87.53,18
136,1,256,1920,1,32,32,1,1,1,1,32,32,grouped_conv_forward_bf16_2d_32x64x128_compv4,87.30,19
136,1,256,1920,1,32,32,1,1,1,1,32,32,grouped_conv_forward_bf16_2d_32x64x64_compv3,86.36,20
136,1,256,1920,1,32,32,1,1,1,1,32,32,grouped_conv_forward_bf16_2d_32x64x64_compv4,86.35,21
136,1,256,1920,1,32,32,1,1,1,1,32,32,grouped_conv_forward_bf16_2d_16x64x64_compv4,83.01,22
136,1,256,1920,1,32,32,1,1,1,1,32,32,grouped_conv_forward_bf16_2d_16x64x128_compv4,82.47,23
136,1,256,1920,1,32,32,1,1,1,1,32,32,grouped_conv_forward_bf16_2d_16x64x64_compv5,78.77,24
136,1,256,1920,1,32,32,1,1,1,1,32,32,grouped_conv_forward_bf16_2d_16x64x64_compv3,78.48,25
136,1,256,1920,1,32,32,1,1,1,1,32,32,grouped_conv_forward_bf16_2d_64x64x64_compv4,72.96,26
136,1,256,1920,1,32,32,1,1,1,1,32,32,grouped_conv_forward_bf16_2d_64x128x64_compv4,72.35,27
136,1,256,1920,1,32,32,1,1,1,1,32,32,grouped_conv_forward_bf16_2d_128x128x64_compv4,71.66,28
136,1,256,1920,1,32,32,1,1,1,1,32,32,grouped_conv_forward_bf16_2d_128x64x128_compv4,71.37,29
136,1,256,1920,1,32,32,1,1,1,1,32,32,grouped_conv_forward_bf16_2d_64x64x128_compv4,70.51,30
137,1,48,48,48,117,117,7,7,2,2,56,56,grouped_conv_forward_bf16_2d_32x64x128_compv3,4.64,1
137,1,48,48,48,117,117,7,7,2,2,56,56,grouped_conv_forward_bf16_2d_32x64x128_compv5,4.62,2
137,1,48,48,48,117,117,7,7,2,2,56,56,grouped_conv_forward_bf16_2d_16x64x128_compv3,4.33,3
137,1,48,48,48,117,117,7,7,2,2,56,56,grouped_conv_forward_bf16_2d_64x64x128_compv3,4.33,4
137,1,48,48,48,117,117,7,7,2,2,56,56,grouped_conv_forward_bf16_2d_16x64x128_compv5,4.30,5
137,1,48,48,48,117,117,7,7,2,2,56,56,grouped_conv_forward_bf16_2d_64x64x128_compv5,4.30,6
137,1,48,48,48,117,117,7,7,2,2,56,56,grouped_conv_forward_bf16_2d_32x64x128_compv4,4.14,7
137,1,48,48,48,117,117,7,7,2,2,56,56,grouped_conv_forward_bf16_2d_128x64x128_compv3,4.08,8
137,1,48,48,48,117,117,7,7,2,2,56,56,grouped_conv_forward_bf16_2d_128x64x128_compv5,3.88,9
137,1,48,48,48,117,117,7,7,2,2,56,56,grouped_conv_forward_bf16_2d_16x64x128_compv4,3.81,10
137,1,48,48,48,117,117,7,7,2,2,56,56,grouped_conv_forward_bf16_2d_64x64x128_compv4,3.62,11
137,1,48,48,48,117,117,7,7,2,2,56,56,grouped_conv_forward_bf16_2d_128x64x128_compv4,3.60,12
137,1,48,48,48,117,117,7,7,2,2,56,56,grouped_conv_forward_bf16_2d_32x64x64_compv5,3.46,13
137,1,48,48,48,117,117,7,7,2,2,56,56,grouped_conv_forward_bf16_2d_32x64x64_compv3,3.42,14
137,1,48,48,48,117,117,7,7,2,2,56,56,grouped_conv_forward_bf16_2d_16x64x64_compv3,3.23,15
137,1,48,48,48,117,117,7,7,2,2,56,56,grouped_conv_forward_bf16_2d_16x64x64_compv5,3.22,16
137,1,48,48,48,117,117,7,7,2,2,56,56,grouped_conv_forward_bf16_2d_64x64x64_compv3,3.21,17
137,1,48,48,48,117,117,7,7,2,2,56,56,grouped_conv_forward_bf16_2d_64x64x64_compv5,3.15,18
137,1,48,48,48,117,117,7,7,2,2,56,56,grouped_conv_forward_bf16_2d_32x128x64_compv3,3.12,19
137,1,48,48,48,117,117,7,7,2,2,56,56,grouped_conv_forward_bf16_2d_32x128x64_compv5,3.11,20
137,1,48,48,48,117,117,7,7,2,2,56,56,grouped_conv_forward_bf16_2d_32x64x64_compv4,2.73,21
137,1,48,48,48,117,117,7,7,2,2,56,56,grouped_conv_forward_bf16_2d_32x128x64_compv4,2.71,22
137,1,48,48,48,117,117,7,7,2,2,56,56,grouped_conv_forward_bf16_2d_16x64x64_compv4,2.65,23
137,1,48,48,48,117,117,7,7,2,2,56,56,grouped_conv_forward_bf16_2d_64x128x64_compv3,2.61,24
137,1,48,48,48,117,117,7,7,2,2,56,56,grouped_conv_forward_bf16_2d_64x128x64_compv5,2.61,25
137,1,48,48,48,117,117,7,7,2,2,56,56,grouped_conv_forward_bf16_2d_64x64x64_compv4,2.45,26
137,1,48,48,48,117,117,7,7,2,2,56,56,grouped_conv_forward_bf16_2d_128x128x64_compv3,2.38,27
137,1,48,48,48,117,117,7,7,2,2,56,56,grouped_conv_forward_bf16_2d_128x128x64_compv5,2.31,28
137,1,48,48,48,117,117,7,7,2,2,56,56,grouped_conv_forward_bf16_2d_64x128x64_compv4,2.08,29
137,1,48,48,48,117,117,7,7,2,2,56,56,grouped_conv_forward_bf16_2d_128x128x64_compv4,2.01,30
138,1,176,352,1,64,64,3,3,2,2,32,32,grouped_conv_forward_bf16_2d_16x64x64_compv4,69.91,1
138,1,176,352,1,64,64,3,3,2,2,32,32,grouped_conv_forward_bf16_2d_32x64x64_compv4,60.14,2
138,1,176,352,1,64,64,3,3,2,2,32,32,grouped_conv_forward_bf16_2d_16x64x64_compv5,58.63,3
138,1,176,352,1,64,64,3,3,2,2,32,32,grouped_conv_forward_bf16_2d_16x64x64_compv3,58.44,4
138,1,176,352,1,64,64,3,3,2,2,32,32,grouped_conv_forward_bf16_2d_16x64x128_compv5,57.09,5
138,1,176,352,1,64,64,3,3,2,2,32,32,grouped_conv_forward_bf16_2d_16x64x128_compv3,56.65,6
138,1,176,352,1,64,64,3,3,2,2,32,32,grouped_conv_forward_bf16_2d_16x64x128_compv4,56.36,7
138,1,176,352,1,64,64,3,3,2,2,32,32,grouped_conv_forward_bf16_2d_32x64x128_compv5,51.31,8
138,1,176,352,1,64,64,3,3,2,2,32,32,grouped_conv_forward_bf16_2d_32x64x128_compv3,51.24,9
138,1,176,352,1,64,64,3,3,2,2,32,32,grouped_conv_forward_bf16_2d_32x64x64_compv5,50.44,10
138,1,176,352,1,64,64,3,3,2,2,32,32,grouped_conv_forward_bf16_2d_32x64x64_compv3,50.15,11
138,1,176,352,1,64,64,3,3,2,2,32,32,grouped_conv_forward_bf16_2d_32x64x128_compv4,48.54,12
138,1,176,352,1,64,64,3,3,2,2,32,32,grouped_conv_forward_bf16_2d_32x128x64_compv4,46.42,13
138,1,176,352,1,64,64,3,3,2,2,32,32,grouped_conv_forward_bf16_2d_64x64x64_compv4,39.43,14
138,1,176,352,1,64,64,3,3,2,2,32,32,grouped_conv_forward_bf16_2d_64x64x64_compv5,38.30,15
138,1,176,352,1,64,64,3,3,2,2,32,32,grouped_conv_forward_bf16_2d_64x64x64_compv3,38.20,16
138,1,176,352,1,64,64,3,3,2,2,32,32,grouped_conv_forward_bf16_2d_32x128x64_compv5,36.61,17
138,1,176,352,1,64,64,3,3,2,2,32,32,grouped_conv_forward_bf16_2d_32x128x64_compv3,36.60,18
138,1,176,352,1,64,64,3,3,2,2,32,32,grouped_conv_forward_bf16_2d_64x64x128_compv5,35.92,19
138,1,176,352,1,64,64,3,3,2,2,32,32,grouped_conv_forward_bf16_2d_64x64x128_compv3,35.80,20
138,1,176,352,1,64,64,3,3,2,2,32,32,grouped_conv_forward_bf16_2d_128x64x128_compv5,35.56,21
138,1,176,352,1,64,64,3,3,2,2,32,32,grouped_conv_forward_bf16_2d_128x64x128_compv3,35.14,22
138,1,176,352,1,64,64,3,3,2,2,32,32,grouped_conv_forward_bf16_2d_64x128x64_compv4,32.97,23
138,1,176,352,1,64,64,3,3,2,2,32,32,grouped_conv_forward_bf16_2d_128x128x64_compv4,32.32,24
138,1,176,352,1,64,64,3,3,2,2,32,32,grouped_conv_forward_bf16_2d_64x64x128_compv4,31.46,25
138,1,176,352,1,64,64,3,3,2,2,32,32,grouped_conv_forward_bf16_2d_128x64x128_compv4,31.24,26
138,1,176,352,1,64,64,3,3,2,2,32,32,grouped_conv_forward_bf16_2d_64x128x64_compv3,29.53,27
138,1,176,352,1,64,64,3,3,2,2,32,32,grouped_conv_forward_bf16_2d_64x128x64_compv5,29.52,28
138,1,176,352,1,64,64,3,3,2,2,32,32,grouped_conv_forward_bf16_2d_128x128x64_compv5,28.02,29
138,1,176,352,1,64,64,3,3,2,2,32,32,grouped_conv_forward_bf16_2d_128x128x64_compv3,27.83,30
139,1,128,256,1,112,112,3,3,2,2,56,56,grouped_conv_forward_bf16_2d_32x64x128_compv3,109.74,1
139,1,128,256,1,112,112,3,3,2,2,56,56,grouped_conv_forward_bf16_2d_32x64x128_compv5,109.60,2
139,1,128,256,1,112,112,3,3,2,2,56,56,grouped_conv_forward_bf16_2d_32x128x64_compv4,103.25,3
139,1,128,256,1,112,112,3,3,2,2,56,56,grouped_conv_forward_bf16_2d_32x64x128_compv4,102.16,4
139,1,128,256,1,112,112,3,3,2,2,56,56,grouped_conv_forward_bf16_2d_32x64x64_compv4,101.49,5
139,1,128,256,1,112,112,3,3,2,2,56,56,grouped_conv_forward_bf16_2d_128x64x128_compv3,100.78,6
139,1,128,256,1,112,112,3,3,2,2,56,56,grouped_conv_forward_bf16_2d_128x64x128_compv5,99.97,7
139,1,128,256,1,112,112,3,3,2,2,56,56,grouped_conv_forward_bf16_2d_64x64x128_compv3,99.75,8
139,1,128,256,1,112,112,3,3,2,2,56,56,grouped_conv_forward_bf16_2d_64x64x128_compv5,99.63,9
139,1,128,256,1,112,112,3,3,2,2,56,56,grouped_conv_forward_bf16_2d_16x64x128_compv5,97.71,10
139,1,128,256,1,112,112,3,3,2,2,56,56,grouped_conv_forward_bf16_2d_16x64x128_compv3,97.58,11
139,1,128,256,1,112,112,3,3,2,2,56,56,grouped_conv_forward_bf16_2d_128x64x128_compv4,91.27,12
139,1,128,256,1,112,112,3,3,2,2,56,56,grouped_conv_forward_bf16_2d_64x64x128_compv4,91.20,13
139,1,128,256,1,112,112,3,3,2,2,56,56,grouped_conv_forward_bf16_2d_128x128x64_compv4,89.51,14
139,1,128,256,1,112,112,3,3,2,2,56,56,grouped_conv_forward_bf16_2d_64x64x64_compv4,89.25,15
139,1,128,256,1,112,112,3,3,2,2,56,56,grouped_conv_forward_bf16_2d_64x128x64_compv4,88.55,16
139,1,128,256,1,112,112,3,3,2,2,56,56,grouped_conv_forward_bf16_2d_32x64x64_compv5,88.31,17
139,1,128,256,1,112,112,3,3,2,2,56,56,grouped_conv_forward_bf16_2d_32x64x64_compv3,87.46,18
139,1,128,256,1,112,112,3,3,2,2,56,56,grouped_conv_forward_bf16_2d_32x128x64_compv3,85.22,19
139,1,128,256,1,112,112,3,3,2,2,56,56,grouped_conv_forward_bf16_2d_32x128x64_compv5,85.15,20
139,1,128,256,1,112,112,3,3,2,2,56,56,grouped_conv_forward_bf16_2d_64x64x64_compv5,83.30,21
139,1,128,256,1,112,112,3,3,2,2,56,56,grouped_conv_forward_bf16_2d_64x64x64_compv3,83.13,22
139,1,128,256,1,112,112,3,3,2,2,56,56,grouped_conv_forward_bf16_2d_16x64x64_compv4,81.82,23
139,1,128,256,1,112,112,3,3,2,2,56,56,grouped_conv_forward_bf16_2d_16x64x128_compv4,81.68,24
139,1,128,256,1,112,112,3,3,2,2,56,56,grouped_conv_forward_bf16_2d_16x64x64_compv5,80.33,25
139,1,128,256,1,112,112,3,3,2,2,56,56,grouped_conv_forward_bf16_2d_16x64x64_compv3,80.30,26
139,1,128,256,1,112,112,3,3,2,2,56,56,grouped_conv_forward_bf16_2d_64x128x64_compv3,74.49,27
139,1,128,256,1,112,112,3,3,2,2,56,56,grouped_conv_forward_bf16_2d_64x128x64_compv5,74.43,28
139,1,128,256,1,112,112,3,3,2,2,56,56,grouped_conv_forward_bf16_2d_128x128x64_compv5,71.82,29
139,1,128,256,1,112,112,3,3,2,2,56,56,grouped_conv_forward_bf16_2d_128x128x64_compv3,71.78,30
140,1,1312,128,1,32,32,1,1,1,1,32,32,grouped_conv_forward_bf16_2d_16x64x128_compv5,22.89,1
140,1,1312,128,1,32,32,1,1,1,1,32,32,grouped_conv_forward_bf16_2d_16x64x128_compv3,22.81,2
140,1,1312,128,1,32,32,1,1,1,1,32,32,grouped_conv_forward_bf16_2d_16x64x128_compv4,22.44,3
140,1,1312,128,1,32,32,1,1,1,1,32,32,grouped_conv_forward_bf16_2d_16x64x64_compv4,21.56,4
140,1,1312,128,1,32,32,1,1,1,1,32,32,grouped_conv_forward_bf16_2d_32x64x128_compv5,18.98,5
140,1,1312,128,1,32,32,1,1,1,1,32,32,grouped_conv_forward_bf16_2d_32x64x128_compv3,18.93,6
140,1,1312,128,1,32,32,1,1,1,1,32,32,grouped_conv_forward_bf16_2d_32x128x64_compv4,18.07,7
140,1,1312,128,1,32,32,1,1,1,1,32,32,grouped_conv_forward_bf16_2d_16x64x64_compv5,18.02,8
140,1,1312,128,1,32,32,1,1,1,1,32,32,grouped_conv_forward_bf16_2d_16x64x64_compv3,17.98,9
140,1,1312,128,1,32,32,1,1,1,1,32,32,grouped_conv_forward_bf16_2d_32x64x128_compv4,17.78,10
140,1,1312,128,1,32,32,1,1,1,1,32,32,grouped_conv_forward_bf16_2d_32x64x64_compv4,16.81,11
140,1,1312,128,1,32,32,1,1,1,1,32,32,grouped_conv_forward_bf16_2d_64x64x128_compv5,15.18,12
140,1,1312,128,1,32,32,1,1,1,1,32,32,grouped_conv_forward_bf16_2d_64x64x128_compv3,15.14,13
140,1,1312,128,1,32,32,1,1,1,1,32,32,grouped_conv_forward_bf16_2d_32x64x64_compv5,14.83,14
140,1,1312,128,1,32,32,1,1,1,1,32,32,grouped_conv_forward_bf16_2d_32x64x64_compv3,14.73,15
140,1,1312,128,1,32,32,1,1,1,1,32,32,grouped_conv_forward_bf16_2d_128x64x128_compv5,13.92,16
140,1,1312,128,1,32,32,1,1,1,1,32,32,grouped_conv_forward_bf16_2d_128x64x128_compv3,13.91,17
140,1,1312,128,1,32,32,1,1,1,1,32,32,grouped_conv_forward_bf16_2d_64x64x128_compv4,12.95,18
140,1,1312,128,1,32,32,1,1,1,1,32,32,grouped_conv_forward_bf16_2d_64x128x64_compv4,12.94,19
140,1,1312,128,1,32,32,1,1,1,1,32,32,grouped_conv_forward_bf16_2d_32x128x64_compv5,12.59,20
140,1,1312,128,1,32,32,1,1,1,1,32,32,grouped_conv_forward_bf16_2d_32x128x64_compv3,12.54,21
140,1,1312,128,1,32,32,1,1,1,1,32,32,grouped_conv_forward_bf16_2d_128x128x64_compv4,12.04,22
140,1,1312,128,1,32,32,1,1,1,1,32,32,grouped_conv_forward_bf16_2d_64x64x64_compv4,11.96,23
140,1,1312,128,1,32,32,1,1,1,1,32,32,grouped_conv_forward_bf16_2d_128x64x128_compv4,11.92,24
140,1,1312,128,1,32,32,1,1,1,1,32,32,grouped_conv_forward_bf16_2d_64x64x64_compv5,11.48,25
140,1,1312,128,1,32,32,1,1,1,1,32,32,grouped_conv_forward_bf16_2d_64x64x64_compv3,11.48,26
140,1,1312,128,1,32,32,1,1,1,1,32,32,grouped_conv_forward_bf16_2d_64x128x64_compv5,11.18,27
140,1,1312,128,1,32,32,1,1,1,1,32,32,grouped_conv_forward_bf16_2d_64x128x64_compv3,11.18,28
140,1,1312,128,1,32,32,1,1,1,1,32,32,grouped_conv_forward_bf16_2d_128x128x64_compv5,10.25,29
140,1,1312,128,1,32,32,1,1,1,1,32,32,grouped_conv_forward_bf16_2d_128x128x64_compv3,10.24,30
141,1,128,3,1,768,768,3,3,1,1,768,768,grouped_conv_forward_bf16_2d_64x64x64_compv5,183.75,1
141,1,128,3,1,768,768,3,3,1,1,768,768,grouped_conv_forward_bf16_2d_64x64x64_compv3,181.97,2
141,1,128,3,1,768,768,3,3,1,1,768,768,grouped_conv_forward_bf16_2d_32x64x128_compv5,181.63,3
141,1,128,3,1,768,768,3,3,1,1,768,768,grouped_conv_forward_bf16_2d_128x64x128_compv3,180.45,4
141,1,128,3,1,768,768,3,3,1,1,768,768,grouped_conv_forward_bf16_2d_64x64x128_compv5,179.55,5
141,1,128,3,1,768,768,3,3,1,1,768,768,grouped_conv_forward_bf16_2d_128x64x128_compv5,178.03,6
141,1,128,3,1,768,768,3,3,1,1,768,768,grouped_conv_forward_bf16_2d_64x64x128_compv3,177.63,7
141,1,128,3,1,768,768,3,3,1,1,768,768,grouped_conv_forward_bf16_2d_32x64x128_compv3,176.10,8
141,1,128,3,1,768,768,3,3,1,1,768,768,grouped_conv_forward_bf16_2d_32x64x64_compv5,174.83,9
141,1,128,3,1,768,768,3,3,1,1,768,768,grouped_conv_forward_bf16_2d_32x64x64_compv3,167.82,10
141,1,128,3,1,768,768,3,3,1,1,768,768,grouped_conv_forward_bf16_2d_128x128x64_compv5,158.98,11
141,1,128,3,1,768,768,3,3,1,1,768,768,grouped_conv_forward_bf16_2d_16x64x128_compv5,156.98,12
141,1,128,3,1,768,768,3,3,1,1,768,768,grouped_conv_forward_bf16_2d_64x128x64_compv3,154.87,13
141,1,128,3,1,768,768,3,3,1,1,768,768,grouped_conv_forward_bf16_2d_128x128x64_compv3,154.17,14
141,1,128,3,1,768,768,3,3,1,1,768,768,grouped_conv_forward_bf16_2d_32x128x64_compv5,152.93,15
141,1,128,3,1,768,768,3,3,1,1,768,768,grouped_conv_forward_bf16_2d_64x128x64_compv5,150.42,16
141,1,128,3,1,768,768,3,3,1,1,768,768,grouped_conv_forward_bf16_2d_16x64x128_compv3,150.32,17
141,1,128,3,1,768,768,3,3,1,1,768,768,grouped_conv_forward_bf16_2d_16x64x64_compv5,148.46,18
141,1,128,3,1,768,768,3,3,1,1,768,768,grouped_conv_forward_bf16_2d_32x128x64_compv3,147.50,19
141,1,128,3,1,768,768,3,3,1,1,768,768,grouped_conv_forward_bf16_2d_16x64x64_compv3,144.43,20
141,1,128,3,1,768,768,3,3,1,1,768,768,grouped_conv_forward_bf16_2d_32x64x128_compv4,138.64,21
141,1,128,3,1,768,768,3,3,1,1,768,768,grouped_conv_forward_bf16_2d_32x128x64_compv4,133.45,22
141,1,128,3,1,768,768,3,3,1,1,768,768,grouped_conv_forward_bf16_2d_32x64x64_compv4,126.81,23
141,1,128,3,1,768,768,3,3,1,1,768,768,grouped_conv_forward_bf16_2d_16x64x128_compv4,116.72,24
141,1,128,3,1,768,768,3,3,1,1,768,768,grouped_conv_forward_bf16_2d_16x64x64_compv4,113.67,25
141,1,128,3,1,768,768,3,3,1,1,768,768,grouped_conv_forward_bf16_2d_128x128x64_compv4,107.39,26
141,1,128,3,1,768,768,3,3,1,1,768,768,grouped_conv_forward_bf16_2d_128x64x128_compv4,105.28,27
141,1,128,3,1,768,768,3,3,1,1,768,768,grouped_conv_forward_bf16_2d_64x128x64_compv4,102.32,28
141,1,128,3,1,768,768,3,3,1,1,768,768,grouped_conv_forward_bf16_2d_64x64x64_compv4,100.14,29
141,1,128,3,1,768,768,3,3,1,1,768,768,grouped_conv_forward_bf16_2d_64x64x128_compv4,93.91,30
142,1,3072,640,1,7,7,1,1,1,1,7,7,grouped_conv_forward_bf16_2d_16x64x64_compv4,7.76,1
142,1,3072,640,1,7,7,1,1,1,1,7,7,grouped_conv_forward_bf16_2d_32x128x64_compv4,6.82,2
142,1,3072,640,1,7,7,1,1,1,1,7,7,grouped_conv_forward_bf16_2d_32x64x64_compv4,6.75,3
142,1,3072,640,1,7,7,1,1,1,1,7,7,grouped_conv_forward_bf16_2d_16x64x64_compv5,6.54,4
142,1,3072,640,1,7,7,1,1,1,1,7,7,grouped_conv_forward_bf16_2d_16x64x64_compv3,6.50,5
142,1,3072,640,1,7,7,1,1,1,1,7,7,grouped_conv_forward_bf16_2d_32x64x64_compv5,5.74,6
142,1,3072,640,1,7,7,1,1,1,1,7,7,grouped_conv_forward_bf16_2d_32x64x64_compv3,5.64,7
142,1,3072,640,1,7,7,1,1,1,1,7,7,grouped_conv_forward_bf16_2d_16x64x128_compv4,5.62,8
142,1,3072,640,1,7,7,1,1,1,1,7,7,grouped_conv_forward_bf16_2d_16x64x128_compv3,5.58,9
142,1,3072,640,1,7,7,1,1,1,1,7,7,grouped_conv_forward_bf16_2d_16x64x128_compv5,5.58,10
142,1,3072,640,1,7,7,1,1,1,1,7,7,grouped_conv_forward_bf16_2d_64x128x64_compv4,5.28,11
142,1,3072,640,1,7,7,1,1,1,1,7,7,grouped_conv_forward_bf16_2d_128x128x64_compv4,5.07,12
142,1,3072,640,1,7,7,1,1,1,1,7,7,grouped_conv_forward_bf16_2d_32x128x64_compv5,5.06,13
142,1,3072,640,1,7,7,1,1,1,1,7,7,grouped_conv_forward_bf16_2d_32x128x64_compv3,5.02,14
142,1,3072,640,1,7,7,1,1,1,1,7,7,grouped_conv_forward_bf16_2d_64x64x64_compv4,4.82,15
142,1,3072,640,1,7,7,1,1,1,1,7,7,grouped_conv_forward_bf16_2d_32x64x128_compv5,4.75,16
142,1,3072,640,1,7,7,1,1,1,1,7,7,grouped_conv_forward_bf16_2d_32x64x128_compv3,4.75,17
142,1,3072,640,1,7,7,1,1,1,1,7,7,grouped_conv_forward_bf16_2d_64x64x64_compv5,4.71,18
142,1,3072,640,1,7,7,1,1,1,1,7,7,grouped_conv_forward_bf16_2d_64x64x64_compv3,4.69,19
142,1,3072,640,1,7,7,1,1,1,1,7,7,grouped_conv_forward_bf16_2d_64x128x64_compv5,4.61,20
142,1,3072,640,1,7,7,1,1,1,1,7,7,grouped_conv_forward_bf16_2d_64x128x64_compv3,4.57,21
142,1,3072,640,1,7,7,1,1,1,1,7,7,grouped_conv_forward_bf16_2d_32x64x128_compv4,4.50,22
142,1,3072,640,1,7,7,1,1,1,1,7,7,grouped_conv_forward_bf16_2d_128x128x64_compv5,4.43,23
142,1,3072,640,1,7,7,1,1,1,1,7,7,grouped_conv_forward_bf16_2d_128x128x64_compv3,4.42,24
142,1,3072,640,1,7,7,1,1,1,1,7,7,grouped_conv_forward_bf16_2d_128x64x128_compv5,3.68,25
142,1,3072,640,1,7,7,1,1,1,1,7,7,grouped_conv_forward_bf16_2d_64x64x128_compv5,3.65,26
142,1,3072,640,1,7,7,1,1,1,1,7,7,grouped_conv_forward_bf16_2d_128x64x128_compv3,3.61,27
142,1,3072,640,1,7,7,1,1,1,1,7,7,grouped_conv_forward_bf16_2d_64x64x128_compv3,3.60,28
142,1,3072,640,1,7,7,1,1,1,1,7,7,grouped_conv_forward_bf16_2d_64x64x128_compv4,3.12,29
142,1,3072,640,1,7,7,1,1,1,1,7,7,grouped_conv_forward_bf16_2d_128x64x128_compv4,3.04,30
143,1,17,61,1,512,512,1,1,1,1,512,512,grouped_conv_forward_bf16_2d_64x64x64_compv5,80.69,1
143,1,17,61,1,512,512,1,1,1,1,512,512,grouped_conv_forward_bf16_2d_64x64x64_compv3,78.70,2
143,1,17,61,1,512,512,1,1,1,1,512,512,grouped_conv_forward_bf16_2d_32x64x64_compv5,74.09,3
143,1,17,61,1,512,512,1,1,1,1,512,512,grouped_conv_forward_bf16_2d_32x128x64_compv5,73.89,4
143,1,17,61,1,512,512,1,1,1,1,512,512,grouped_conv_forward_bf16_2d_32x128x64_compv3,72.65,5
143,1,17,61,1,512,512,1,1,1,1,512,512,grouped_conv_forward_bf16_2d_32x64x64_compv3,72.38,6
143,1,17,61,1,512,512,1,1,1,1,512,512,grouped_conv_forward_bf16_2d_64x128x64_compv5,71.38,7
143,1,17,61,1,512,512,1,1,1,1,512,512,grouped_conv_forward_bf16_2d_64x128x64_compv3,70.17,8
143,1,17,61,1,512,512,1,1,1,1,512,512,grouped_conv_forward_bf16_2d_128x128x64_compv5,66.86,9
143,1,17,61,1,512,512,1,1,1,1,512,512,grouped_conv_forward_bf16_2d_16x64x64_compv5,65.00,10
143,1,17,61,1,512,512,1,1,1,1,512,512,grouped_conv_forward_bf16_2d_32x64x128_compv5,62.91,11
143,1,17,61,1,512,512,1,1,1,1,512,512,grouped_conv_forward_bf16_2d_16x64x64_compv3,62.49,12
143,1,17,61,1,512,512,1,1,1,1,512,512,grouped_conv_forward_bf16_2d_128x128x64_compv3,61.98,13
143,1,17,61,1,512,512,1,1,1,1,512,512,grouped_conv_forward_bf16_2d_64x64x128_compv5,61.38,14
143,1,17,61,1,512,512,1,1,1,1,512,512,grouped_conv_forward_bf16_2d_32x64x128_compv3,60.95,15
143,1,17,61,1,512,512,1,1,1,1,512,512,grouped_conv_forward_bf16_2d_64x64x128_compv3,59.77,16
143,1,17,61,1,512,512,1,1,1,1,512,512,grouped_conv_forward_bf16_2d_128x64x128_compv5,54.51,17
143,1,17,61,1,512,512,1,1,1,1,512,512,grouped_conv_forward_bf16_2d_128x64x128_compv3,52.76,18
143,1,17,61,1,512,512,1,1,1,1,512,512,grouped_conv_forward_bf16_2d_16x64x128_compv5,52.31,19
143,1,17,61,1,512,512,1,1,1,1,512,512,grouped_conv_forward_bf16_2d_16x64x128_compv3,50.82,20
143,1,17,61,1,512,512,1,1,1,1,512,512,grouped_conv_forward_bf16_2d_32x64x128_compv4,34.94,21
143,1,17,61,1,512,512,1,1,1,1,512,512,grouped_conv_forward_bf16_2d_32x128x64_compv4,33.53,22
143,1,17,61,1,512,512,1,1,1,1,512,512,grouped_conv_forward_bf16_2d_32x64x64_compv4,32.89,23
143,1,17,61,1,512,512,1,1,1,1,512,512,grouped_conv_forward_bf16_2d_16x64x128_compv4,32.30,24
143,1,17,61,1,512,512,1,1,1,1,512,512,grouped_conv_forward_bf16_2d_16x64x64_compv4,30.72,25
143,1,17,61,1,512,512,1,1,1,1,512,512,grouped_conv_forward_bf16_2d_128x64x128_compv4,26.67,26
143,1,17,61,1,512,512,1,1,1,1,512,512,grouped_conv_forward_bf16_2d_64x128x64_compv4,26.22,27
143,1,17,61,1,512,512,1,1,1,1,512,512,grouped_conv_forward_bf16_2d_64x64x128_compv4,26.03,28
143,1,17,61,1,512,512,1,1,1,1,512,512,grouped_conv_forward_bf16_2d_128x128x64_compv4,25.93,29
143,1,17,61,1,512,512,1,1,1,1,512,512,grouped_conv_forward_bf16_2d_64x64x64_compv4,25.46,30
144,1,288,577,1,4,4096,1,1,1,1,4,4096,grouped_conv_forward_bf16_2d_64x128x64_compv5,169.16,1
144,1,288,577,1,4,4096,1,1,1,1,4,4096,grouped_conv_forward_bf16_2d_64x128x64_compv3,164.29,2
144,1,288,577,1,4,4096,1,1,1,1,4,4096,grouped_conv_forward_bf16_2d_128x128x64_compv5,162.45,3
144,1,288,577,1,4,4096,1,1,1,1,4,4096,grouped_conv_forward_bf16_2d_32x128x64_compv5,155.36,4
144,1,288,577,1,4,4096,1,1,1,1,4,4096,grouped_conv_forward_bf16_2d_32x64x128_compv5,152.76,5
144,1,288,577,1,4,4096,1,1,1,1,4,4096,grouped_conv_forward_bf16_2d_64x64x128_compv5,152.55,6
144,1,288,577,1,4,4096,1,1,1,1,4,4096,grouped_conv_forward_bf16_2d_32x128x64_compv3,151.96,7
144,1,288,577,1,4,4096,1,1,1,1,4,4096,grouped_conv_forward_bf16_2d_32x64x128_compv3,151.10,8
144,1,288,577,1,4,4096,1,1,1,1,4,4096,grouped_conv_forward_bf16_2d_64x64x128_compv3,149.42,9
144,1,288,577,1,4,4096,1,1,1,1,4,4096,grouped_conv_forward_bf16_2d_128x128x64_compv3,149.36,10
144,1,288,577,1,4,4096,1,1,1,1,4,4096,grouped_conv_forward_bf16_2d_128x64x128_compv5,141.38,11
144,1,288,577,1,4,4096,1,1,1,1,4,4096,grouped_conv_forward_bf16_2d_128x64x128_compv3,135.41,12
144,1,288,577,1,4,4096,1,1,1,1,4,4096,grouped_conv_forward_bf16_2d_64x64x64_compv5,135.22,13
144,1,288,577,1,4,4096,1,1,1,1,4,4096,grouped_conv_forward_bf16_2d_64x64x64_compv3,133.35,14
144,1,288,577,1,4,4096,1,1,1,1,4,4096,grouped_conv_forward_bf16_2d_16x64x128_compv5,124.01,15
144,1,288,577,1,4,4096,1,1,1,1,4,4096,grouped_conv_forward_bf16_2d_32x64x64_compv5,123.88,16
144,1,288,577,1,4,4096,1,1,1,1,4,4096,grouped_conv_forward_bf16_2d_16x64x128_compv3,122.84,17
144,1,288,577,1,4,4096,1,1,1,1,4,4096,grouped_conv_forward_bf16_2d_32x64x64_compv3,122.35,18
144,1,288,577,1,4,4096,1,1,1,1,4,4096,grouped_conv_forward_bf16_2d_16x64x64_compv5,105.10,19
144,1,288,577,1,4,4096,1,1,1,1,4,4096,grouped_conv_forward_bf16_2d_16x64x64_compv3,104.89,20
144,1,288,577,1,4,4096,1,1,1,1,4,4096,grouped_conv_forward_bf16_2d_32x64x64_compv4,103.33,21
144,1,288,577,1,4,4096,1,1,1,1,4,4096,grouped_conv_forward_bf16_2d_32x64x128_compv4,102.39,22
144,1,288,577,1,4,4096,1,1,1,1,4,4096,grouped_conv_forward_bf16_2d_32x128x64_compv4,100.64,23
144,1,288,577,1,4,4096,1,1,1,1,4,4096,grouped_conv_forward_bf16_2d_16x64x64_compv4,93.83,24
144,1,288,577,1,4,4096,1,1,1,1,4,4096,grouped_conv_forward_bf16_2d_16x64x128_compv4,91.94,25
144,1,288,577,1,4,4096,1,1,1,1,4,4096,grouped_conv_forward_bf16_2d_64x128x64_compv4,84.29,26
144,1,288,577,1,4,4096,1,1,1,1,4,4096,grouped_conv_forward_bf16_2d_64x64x64_compv4,83.76,27
144,1,288,577,1,4,4096,1,1,1,1,4,4096,grouped_conv_forward_bf16_2d_64x64x128_compv4,83.26,28
144,1,288,577,1,4,4096,1,1,1,1,4,4096,grouped_conv_forward_bf16_2d_128x128x64_compv4,82.39,29
144,1,288,577,1,4,4096,1,1,1,1,4,4096,grouped_conv_forward_bf16_2d_128x64x128_compv4,82.06,30
145,1,35,61,1,128,128,1,1,1,1,128,128,grouped_conv_forward_bf16_2d_32x64x128_compv5,29.79,1
145,1,35,61,1,128,128,1,1,1,1,128,128,grouped_conv_forward_bf16_2d_32x64x128_compv3,29.36,2
145,1,35,61,1,128,128,1,1,1,1,128,128,grouped_conv_forward_bf16_2d_32x64x64_compv5,29.23,3
145,1,35,61,1,128,128,1,1,1,1,128,128,grouped_conv_forward_bf16_2d_64x64x128_compv5,29.20,4
145,1,35,61,1,128,128,1,1,1,1,128,128,grouped_conv_forward_bf16_2d_64x64x128_compv3,29.13,5
145,1,35,61,1,128,128,1,1,1,1,128,128,grouped_conv_forward_bf16_2d_64x64x64_compv3,28.83,6
145,1,35,61,1,128,128,1,1,1,1,128,128,grouped_conv_forward_bf16_2d_64x64x64_compv5,28.79,7
145,1,35,61,1,128,128,1,1,1,1,128,128,grouped_conv_forward_bf16_2d_128x64x128_compv5,28.61,8
145,1,35,61,1,128,128,1,1,1,1,128,128,grouped_conv_forward_bf16_2d_16x64x128_compv5,28.53,9
145,1,35,61,1,128,128,1,1,1,1,128,128,grouped_conv_forward_bf16_2d_16x64x128_compv3,28.34,10
145,1,35,61,1,128,128,1,1,1,1,128,128,grouped_conv_forward_bf16_2d_128x64x128_compv3,28.23,11
145,1,35,61,1,128,128,1,1,1,1,128,128,grouped_conv_forward_bf16_2d_32x64x64_compv3,28.10,12
145,1,35,61,1,128,128,1,1,1,1,128,128,grouped_conv_forward_bf16_2d_16x64x64_compv5,27.72,13
145,1,35,61,1,128,128,1,1,1,1,128,128,grouped_conv_forward_bf16_2d_16x64x64_compv3,27.15,14
145,1,35,61,1,128,128,1,1,1,1,128,128,grouped_conv_forward_bf16_2d_32x64x128_compv4,20.41,15
145,1,35,61,1,128,128,1,1,1,1,128,128,grouped_conv_forward_bf16_2d_32x128x64_compv5,19.45,16
145,1,35,61,1,128,128,1,1,1,1,128,128,grouped_conv_forward_bf16_2d_32x64x64_compv4,19.34,17
145,1,35,61,1,128,128,1,1,1,1,128,128,grouped_conv_forward_bf16_2d_32x128x64_compv3,19.32,18
145,1,35,61,1,128,128,1,1,1,1,128,128,grouped_conv_forward_bf16_2d_16x64x128_compv4,18.89,19
145,1,35,61,1,128,128,1,1,1,1,128,128,grouped_conv_forward_bf16_2d_64x128x64_compv3,18.81,20
145,1,35,61,1,128,128,1,1,1,1,128,128,grouped_conv_forward_bf16_2d_64x128x64_compv5,18.61,21
145,1,35,61,1,128,128,1,1,1,1,128,128,grouped_conv_forward_bf16_2d_128x64x128_compv4,17.90,22
145,1,35,61,1,128,128,1,1,1,1,128,128,grouped_conv_forward_bf16_2d_64x64x128_compv4,17.51,23
145,1,35,61,1,128,128,1,1,1,1,128,128,grouped_conv_forward_bf16_2d_16x64x64_compv4,17.41,24
145,1,35,61,1,128,128,1,1,1,1,128,128,grouped_conv_forward_bf16_2d_32x128x64_compv4,17.27,25
145,1,35,61,1,128,128,1,1,1,1,128,128,grouped_conv_forward_bf16_2d_64x64x64_compv4,17.21,26
145,1,35,61,1,128,128,1,1,1,1,128,128,grouped_conv_forward_bf16_2d_128x128x64_compv5,16.62,27
145,1,35,61,1,128,128,1,1,1,1,128,128,grouped_conv_forward_bf16_2d_128x128x64_compv3,16.38,28
145,1,35,61,1,128,128,1,1,1,1,128,128,grouped_conv_forward_bf16_2d_128x128x64_compv4,15.14,29
145,1,35,61,1,128,128,1,1,1,1,128,128,grouped_conv_forward_bf16_2d_64x128x64_compv4,15.05,30
146,1,256,256,256,193,193,3,3,2,2,96,96,grouped_conv_forward_bf16_2d_32x128x64_compv5,62.69,1
146,1,256,256,256,193,193,3,3,2,2,96,96,grouped_conv_forward_bf16_2d_32x128x64_compv3,62.34,2
146,1,256,256,256,193,193,3,3,2,2,96,96,grouped_conv_forward_bf16_2d_64x128x64_compv3,59.05,3
146,1,256,256,256,193,193,3,3,2,2,96,96,grouped_conv_forward_bf16_2d_64x128x64_compv5,58.79,4
146,1,256,256,256,193,193,3,3,2,2,96,96,grouped_conv_forward_bf16_2d_128x128x64_compv3,58.43,5
146,1,256,256,256,193,193,3,3,2,2,96,96,grouped_conv_forward_bf16_2d_128x128x64_compv5,57.72,6
146,1,256,256,256,193,193,3,3,2,2,96,96,grouped_conv_forward_bf16_2d_32x64x128_compv5,44.47,7
146,1,256,256,256,193,193,3,3,2,2,96,96,grouped_conv_forward_bf16_2d_64x64x128_compv5,44.24,8
146,1,256,256,256,193,193,3,3,2,2,96,96,grouped_conv_forward_bf16_2d_64x64x128_compv3,43.95,9
146,1,256,256,256,193,193,3,3,2,2,96,96,grouped_conv_forward_bf16_2d_32x64x128_compv3,43.87,10
146,1,256,256,256,193,193,3,3,2,2,96,96,grouped_conv_forward_bf16_2d_128x64x128_compv3,42.76,11
146,1,256,256,256,193,193,3,3,2,2,96,96,grouped_conv_forward_bf16_2d_128x64x128_compv5,42.41,12
146,1,256,256,256,193,193,3,3,2,2,96,96,grouped_conv_forward_bf16_2d_16x64x128_compv5,39.68,13
146,1,256,256,256,193,193,3,3,2,2,96,96,grouped_conv_forward_bf16_2d_16x64x128_compv3,39.51,14
146,1,256,256,256,193,193,3,3,2,2,96,96,grouped_conv_forward_bf16_2d_64x64x64_compv5,39.35,15
146,1,256,256,256,193,193,3,3,2,2,96,96,grouped_conv_forward_bf16_2d_32x64x64_compv5,39.20,16
146,1,256,256,256,193,193,3,3,2,2,96,96,grouped_conv_forward_bf16_2d_64x64x64_compv3,39.00,17
146,1,256,256,256,193,193,3,3,2,2,96,96,grouped_conv_forward_bf16_2d_32x64x64_compv3,38.56,18
146,1,256,256,256,193,193,3,3,2,2,96,96,grouped_conv_forward_bf16_2d_16x64x64_compv5,35.49,19
146,1,256,256,256,193,193,3,3,2,2,96,96,grouped_conv_forward_bf16_2d_16x64x64_compv3,35.34,20
146,1,256,256,256,193,193,3,3,2,2,96,96,grouped_conv_forward_bf16_2d_32x128x64_compv4,29.75,21
146,1,256,256,256,193,193,3,3,2,2,96,96,grouped_conv_forward_bf16_2d_32x64x128_compv4,29.29,22
146,1,256,256,256,193,193,3,3,2,2,96,96,grouped_conv_forward_bf16_2d_16x64x128_compv4,26.94,23
146,1,256,256,256,193,193,3,3,2,2,96,96,grouped_conv_forward_bf16_2d_32x64x64_compv4,25.63,24
146,1,256,256,256,193,193,3,3,2,2,96,96,grouped_conv_forward_bf16_2d_64x128x64_compv4,25.00,25
146,1,256,256,256,193,193,3,3,2,2,96,96,grouped_conv_forward_bf16_2d_128x128x64_compv4,24.96,26
146,1,256,256,256,193,193,3,3,2,2,96,96,grouped_conv_forward_bf16_2d_64x64x128_compv4,24.93,27
146,1,256,256,256,193,193,3,3,2,2,96,96,grouped_conv_forward_bf16_2d_128x64x128_compv4,24.83,28
146,1,256,256,256,193,193,3,3,2,2,96,96,grouped_conv_forward_bf16_2d_16x64x64_compv4,23.92,29
146,1,256,256,256,193,193,3,3,2,2,96,96,grouped_conv_forward_bf16_2d_64x64x64_compv4,22.17,30
147,4,112,672,1,56,56,1,1,1,1,56,56,grouped_conv_forward_bf16_2d_64x64x64_compv5,81.83,1
147,4,112,672,1,56,56,1,1,1,1,56,56,grouped_conv_forward_bf16_2d_32x128x64_compv3,81.63,2
147,4,112,672,1,56,56,1,1,1,1,56,56,grouped_conv_forward_bf16_2d_32x128x64_compv5,81.21,3
147,4,112,672,1,56,56,1,1,1,1,56,56,grouped_conv_forward_bf16_2d_64x128x64_compv3,80.87,4
147,4,112,672,1,56,56,1,1,1,1,56,56,grouped_conv_forward_bf16_2d_64x128x64_compv5,80.77,5
147,4,112,672,1,56,56,1,1,1,1,56,56,grouped_conv_forward_bf16_2d_64x64x64_compv3,80.33,6
147,4,112,672,1,56,56,1,1,1,1,56,56,grouped_conv_forward_bf16_2d_128x128x64_compv5,76.78,7
147,4,112,672,1,56,56,1,1,1,1,56,56,grouped_conv_forward_bf16_2d_128x128x64_compv3,76.39,8
147,4,112,672,1,56,56,1,1,1,1,56,56,grouped_conv_forward_bf16_2d_32x64x64_compv5,71.81,9
147,4,112,672,1,56,56,1,1,1,1,56,56,grouped_conv_forward_bf16_2d_32x64x64_compv3,71.44,10
147,4,112,672,1,56,56,1,1,1,1,56,56,grouped_conv_forward_bf16_2d_16x64x64_compv5,62.14,11
147,4,112,672,1,56,56,1,1,1,1,56,56,grouped_conv_forward_bf16_2d_16x64x64_compv3,61.96,12
147,4,112,672,1,56,56,1,1,1,1,56,56,grouped_conv_forward_bf16_2d_32x64x128_compv5,58.83,13
147,4,112,672,1,56,56,1,1,1,1,56,56,grouped_conv_forward_bf16_2d_64x64x128_compv5,58.56,14
147,4,112,672,1,56,56,1,1,1,1,56,56,grouped_conv_forward_bf16_2d_32x64x128_compv3,58.44,15
147,4,112,672,1,56,56,1,1,1,1,56,56,grouped_conv_forward_bf16_2d_64x64x128_compv3,58.31,16
147,4,112,672,1,56,56,1,1,1,1,56,56,grouped_conv_forward_bf16_2d_128x64x128_compv5,51.50,17
147,4,112,672,1,56,56,1,1,1,1,56,56,grouped_conv_forward_bf16_2d_128x64x128_compv3,50.47,18
147,4,112,672,1,56,56,1,1,1,1,56,56,grouped_conv_forward_bf16_2d_16x64x128_compv5,50.35,19
147,4,112,672,1,56,56,1,1,1,1,56,56,grouped_conv_forward_bf16_2d_16x64x128_compv3,50.31,20
147,4,112,672,1,56,56,1,1,1,1,56,56,grouped_conv_forward_bf16_2d_32x128x64_compv4,34.81,21
147,4,112,672,1,56,56,1,1,1,1,56,56,grouped_conv_forward_bf16_2d_32x64x128_compv4,34.28,22
147,4,112,672,1,56,56,1,1,1,1,56,56,grouped_conv_forward_bf16_2d_32x64x64_compv4,32.91,23
147,4,112,672,1,56,56,1,1,1,1,56,56,grouped_conv_forward_bf16_2d_16x64x128_compv4,31.95,24
147,4,112,672,1,56,56,1,1,1,1,56,56,grouped_conv_forward_bf16_2d_16x64x64_compv4,31.10,25
147,4,112,672,1,56,56,1,1,1,1,56,56,grouped_conv_forward_bf16_2d_64x128x64_compv4,27.13,26
147,4,112,672,1,56,56,1,1,1,1,56,56,grouped_conv_forward_bf16_2d_128x128x64_compv4,26.90,27
147,4,112,672,1,56,56,1,1,1,1,56,56,grouped_conv_forward_bf16_2d_64x64x128_compv4,26.83,28
147,4,112,672,1,56,56,1,1,1,1,56,56,grouped_conv_forward_bf16_2d_128x64x128_compv4,26.35,29
147,4,112,672,1,56,56,1,1,1,1,56,56,grouped_conv_forward_bf16_2d_64x64x64_compv4,25.47,30
148,4,128,3,1,128,128,3,3,1,1,128,128,grouped_conv_forward_bf16_2d_128x64x128_compv3,152.16,1
148,4,128,3,1,128,128,3,3,1,1,128,128,grouped_conv_forward_bf16_2d_128x64x128_compv5,151.61,2
148,4,128,3,1,128,128,3,3,1,1,128,128,grouped_conv_forward_bf16_2d_32x64x128_compv5,146.66,3
148,4,128,3,1,128,128,3,3,1,1,128,128,grouped_conv_forward_bf16_2d_64x64x64_compv5,146.10,4
148,4,128,3,1,128,128,3,3,1,1,128,128,grouped_conv_forward_bf16_2d_64x64x64_compv3,145.63,5
148,4,128,3,1,128,128,3,3,1,1,128,128,grouped_conv_forward_bf16_2d_64x64x128_compv5,145.13,6
148,4,128,3,1,128,128,3,3,1,1,128,128,grouped_conv_forward_bf16_2d_32x64x128_compv3,145.00,7
148,4,128,3,1,128,128,3,3,1,1,128,128,grouped_conv_forward_bf16_2d_64x64x128_compv3,143.31,8
148,4,128,3,1,128,128,3,3,1,1,128,128,grouped_conv_forward_bf16_2d_32x64x64_compv5,141.45,9
148,4,128,3,1,128,128,3,3,1,1,128,128,grouped_conv_forward_bf16_2d_32x64x64_compv3,139.67,10
148,4,128,3,1,128,128,3,3,1,1,128,128,grouped_conv_forward_bf16_2d_16x64x128_compv5,132.98,11
148,4,128,3,1,128,128,3,3,1,1,128,128,grouped_conv_forward_bf16_2d_16x64x128_compv3,131.43,12
148,4,128,3,1,128,128,3,3,1,1,128,128,grouped_conv_forward_bf16_2d_128x128x64_compv5,130.05,13
148,4,128,3,1,128,128,3,3,1,1,128,128,grouped_conv_forward_bf16_2d_16x64x64_compv5,126.21,14
148,4,128,3,1,128,128,3,3,1,1,128,128,grouped_conv_forward_bf16_2d_16x64x64_compv3,125.52,15
148,4,128,3,1,128,128,3,3,1,1,128,128,grouped_conv_forward_bf16_2d_64x128x64_compv5,125.13,16
148,4,128,3,1,128,128,3,3,1,1,128,128,grouped_conv_forward_bf16_2d_128x128x64_compv3,124.52,17
148,4,128,3,1,128,128,3,3,1,1,128,128,grouped_conv_forward_bf16_2d_64x128x64_compv3,122.26,18
148,4,128,3,1,128,128,3,3,1,1,128,128,grouped_conv_forward_bf16_2d_32x64x128_compv4,120.93,19
148,4,128,3,1,128,128,3,3,1,1,128,128,grouped_conv_forward_bf16_2d_32x64x64_compv4,120.71,20
148,4,128,3,1,128,128,3,3,1,1,128,128,grouped_conv_forward_bf16_2d_32x128x64_compv5,115.02,21
148,4,128,3,1,128,128,3,3,1,1,128,128,grouped_conv_forward_bf16_2d_32x128x64_compv4,113.57,22
148,4,128,3,1,128,128,3,3,1,1,128,128,grouped_conv_forward_bf16_2d_32x128x64_compv3,111.80,23
148,4,128,3,1,128,128,3,3,1,1,128,128,grouped_conv_forward_bf16_2d_16x64x128_compv4,109.32,24
148,4,128,3,1,128,128,3,3,1,1,128,128,grouped_conv_forward_bf16_2d_16x64x64_compv4,108.89,25
148,4,128,3,1,128,128,3,3,1,1,128,128,grouped_conv_forward_bf16_2d_128x64x128_compv4,95.84,26
148,4,128,3,1,128,128,3,3,1,1,128,128,grouped_conv_forward_bf16_2d_64x64x64_compv4,95.11,27
148,4,128,3,1,128,128,3,3,1,1,128,128,grouped_conv_forward_bf16_2d_64x64x128_compv4,94.14,28
148,4,128,3,1,128,128,3,3,1,1,128,128,grouped_conv_forward_bf16_2d_64x128x64_compv4,88.29,29
148,4,128,3,1,128,128,3,3,1,1,128,128,grouped_conv_forward_bf16_2d_128x128x64_compv4,87.35,30
149,1,392,392,7,128,128,3,3,1,1,128,128,grouped_conv_forward_bf16_2d_128x128x64_compv5,215.65,1
149,1,392,392,7,128,128,3,3,1,1,128,128,grouped_conv_forward_bf16_2d_128x128x64_compv3,204.25,2
149,1,392,392,7,128,128,3,3,1,1,128,128,grouped_conv_forward_bf16_2d_64x128x64_compv5,200.06,3
149,1,392,392,7,128,128,3,3,1,1,128,128,grouped_conv_forward_bf16_2d_64x128x64_compv3,197.44,4
149,1,392,392,7,128,128,3,3,1,1,128,128,grouped_conv_forward_bf16_2d_32x128x64_compv5,178.56,5
149,1,392,392,7,128,128,3,3,1,1,128,128,grouped_conv_forward_bf16_2d_32x128x64_compv3,177.09,6
149,1,392,392,7,128,128,3,3,1,1,128,128,grouped_conv_forward_bf16_2d_64x64x64_compv5,172.13,7
149,1,392,392,7,128,128,3,3,1,1,128,128,grouped_conv_forward_bf16_2d_128x64x128_compv5,171.35,8
149,1,392,392,7,128,128,3,3,1,1,128,128,grouped_conv_forward_bf16_2d_64x64x64_compv3,170.69,9
149,1,392,392,7,128,128,3,3,1,1,128,128,grouped_conv_forward_bf16_2d_128x64x128_compv3,168.19,10
149,1,392,392,7,128,128,3,3,1,1,128,128,grouped_conv_forward_bf16_2d_64x64x128_compv5,168.12,11
149,1,392,392,7,128,128,3,3,1,1,128,128,grouped_conv_forward_bf16_2d_64x64x128_compv3,166.70,12
149,1,392,392,7,128,128,3,3,1,1,128,128,grouped_conv_forward_bf16_2d_32x64x128_compv5,162.32,13
149,1,392,392,7,128,128,3,3,1,1,128,128,grouped_conv_forward_bf16_2d_32x64x128_compv3,160.54,14
149,1,392,392,7,128,128,3,3,1,1,128,128,grouped_conv_forward_bf16_2d_32x64x64_compv5,149.70,15
149,1,392,392,7,128,128,3,3,1,1,128,128,grouped_conv_forward_bf16_2d_32x64x64_compv3,148.14,16
149,1,392,392,7,128,128,3,3,1,1,128,128,grouped_conv_forward_bf16_2d_16x64x128_compv5,126.56,17
149,1,392,392,7,128,128,3,3,1,1,128,128,grouped_conv_forward_bf16_2d_16x64x128_compv3,124.29,18
149,1,392,392,7,128,128,3,3,1,1,128,128,grouped_conv_forward_bf16_2d_16x64x64_compv5,123.09,19
149,1,392,392,7,128,128,3,3,1,1,128,128,grouped_conv_forward_bf16_2d_16x64x64_compv3,121.36,20
149,1,392,392,7,128,128,3,3,1,1,128,128,grouped_conv_forward_bf16_2d_32x128x64_compv4,119.15,21
149,1,392,392,7,128,128,3,3,1,1,128,128,grouped_conv_forward_bf16_2d_32x64x64_compv4,118.48,22
149,1,392,392,7,128,128,3,3,1,1,128,128,grouped_conv_forward_bf16_2d_32x64x128_compv4,117.93,23
149,1,392,392,7,128,128,3,3,1,1,128,128,grouped_conv_forward_bf16_2d_16x64x128_compv4,103.13,24
149,1,392,392,7,128,128,3,3,1,1,128,128,grouped_conv_forward_bf16_2d_16x64x64_compv4,102.54,25
149,1,392,392,7,128,128,3,3,1,1,128,128,grouped_conv_forward_bf16_2d_64x64x64_compv4,95.77,26
149,1,392,392,7,128,128,3,3,1,1,128,128,grouped_conv_forward_bf16_2d_128x64x128_compv4,95.67,27
149,1,392,392,7,128,128,3,3,1,1,128,128,grouped_conv_forward_bf16_2d_128x128x64_compv4,95.65,28
149,1,392,392,7,128,128,3,3,1,1,128,128,grouped_conv_forward_bf16_2d_64x64x128_compv4,94.00,29
149,1,392,392,7,128,128,3,3,1,1,128,128,grouped_conv_forward_bf16_2d_64x128x64_compv4,93.34,30
150,1,288,1152,1,1,1,1,1,1,1,1,1,grouped_conv_forward_bf16_2d_32x128x64_compv4,8.42,1
150,1,288,1152,1,1,1,1,1,1,1,1,1,grouped_conv_forward_bf16_2d_32x128x64_compv5,7.44,2
150,1,288,1152,1,1,1,1,1,1,1,1,1,grouped_conv_forward_bf16_2d_32x128x64_compv3,7.32,3
150,1,288,1152,1,1,1,1,1,1,1,1,1,grouped_conv_forward_bf16_2d_64x128x64_compv4,5.92,4
150,1,288,1152,1,1,1,1,1,1,1,1,1,grouped_conv_forward_bf16_2d_128x128x64_compv4,5.77,5
150,1,288,1152,1,1,1,1,1,1,1,1,1,grouped_conv_forward_bf16_2d_64x128x64_compv3,5.46,6
150,1,288,1152,1,1,1,1,1,1,1,1,1,grouped_conv_forward_bf16_2d_64x128x64_compv5,5.45,7
150,1,288,1152,1,1,1,1,1,1,1,1,1,grouped_conv_forward_bf16_2d_16x64x64_compv4,5.33,8
150,1,288,1152,1,1,1,1,1,1,1,1,1,grouped_conv_forward_bf16_2d_16x64x64_compv5,5.15,9
150,1,288,1152,1,1,1,1,1,1,1,1,1,grouped_conv_forward_bf16_2d_128x128x64_compv3,5.09,10
150,1,288,1152,1,1,1,1,1,1,1,1,1,grouped_conv_forward_bf16_2d_16x64x64_compv3,5.08,11
150,1,288,1152,1,1,1,1,1,1,1,1,1,grouped_conv_forward_bf16_2d_128x128x64_compv5,5.07,12
150,1,288,1152,1,1,1,1,1,1,1,1,1,grouped_conv_forward_bf16_2d_32x64x64_compv4,4.80,13
150,1,288,1152,1,1,1,1,1,1,1,1,1,grouped_conv_forward_bf16_2d_32x64x64_compv5,4.42,14
150,1,288,1152,1,1,1,1,1,1,1,1,1,grouped_conv_forward_bf16_2d_32x64x64_compv3,4.29,15
150,1,288,1152,1,1,1,1,1,1,1,1,1,grouped_conv_forward_bf16_2d_64x64x64_compv4,3.58,16
150,1,288,1152,1,1,1,1,1,1,1,1,1,grouped_conv_forward_bf16_2d_64x64x64_compv5,3.43,17
150,1,288,1152,1,1,1,1,1,1,1,1,1,grouped_conv_forward_bf16_2d_64x64x64_compv3,3.42,18
150,1,288,1152,1,1,1,1,1,1,1,1,1,grouped_conv_forward_bf16_2d_16x64x128_compv3,3.13,19
150,1,288,1152,1,1,1,1,1,1,1,1,1,grouped_conv_forward_bf16_2d_16x64x128_compv5,3.10,20
150,1,288,1152,1,1,1,1,1,1,1,1,1,grouped_conv_forward_bf16_2d_16x64x128_compv4,2.97,21
150,1,288,1152,1,1,1,1,1,1,1,1,1,grouped_conv_forward_bf16_2d_32x64x128_compv5,2.79,22
150,1,288,1152,1,1,1,1,1,1,1,1,1,grouped_conv_forward_bf16_2d_32x64x128_compv3,2.78,23
150,1,288,1152,1,1,1,1,1,1,1,1,1,grouped_conv_forward_bf16_2d_32x64x128_compv4,2.65,24
150,1,288,1152,1,1,1,1,1,1,1,1,1,grouped_conv_forward_bf16_2d_64x64x128_compv5,2.26,25
150,1,288,1152,1,1,1,1,1,1,1,1,1,grouped_conv_forward_bf16_2d_64x64x128_compv3,2.23,26
150,1,288,1152,1,1,1,1,1,1,1,1,1,grouped_conv_forward_bf16_2d_64x64x128_compv4,2.12,27
150,1,288,1152,1,1,1,1,1,1,1,1,1,grouped_conv_forward_bf16_2d_128x64x128_compv4,2.06,28
150,1,288,1152,1,1,1,1,1,1,1,1,1,grouped_conv_forward_bf16_2d_128x64x128_compv3,2.04,29
150,1,288,1152,1,1,1,1,1,1,1,1,1,grouped_conv_forward_bf16_2d_128x64x128_compv5,2.03,30
151,2,640,320,1,96,96,1,1,1,1,96,96,grouped_conv_forward_bf16_2d_128x128x64_compv5,205.88,1
151,2,640,320,1,96,96,1,1,1,1,96,96,grouped_conv_forward_bf16_2d_128x128x64_compv3,204.56,2
151,2,640,320,1,96,96,1,1,1,1,96,96,grouped_conv_forward_bf16_2d_64x128x64_compv5,203.69,3
151,2,640,320,1,96,96,1,1,1,1,96,96,grouped_conv_forward_bf16_2d_64x128x64_compv3,203.34,4
151,2,640,320,1,96,96,1,1,1,1,96,96,grouped_conv_forward_bf16_2d_32x128x64_compv5,189.70,5
151,2,640,320,1,96,96,1,1,1,1,96,96,grouped_conv_forward_bf16_2d_32x128x64_compv3,189.26,6
151,2,640,320,1,96,96,1,1,1,1,96,96,grouped_conv_forward_bf16_2d_32x64x128_compv5,170.89,7
151,2,640,320,1,96,96,1,1,1,1,96,96,grouped_conv_forward_bf16_2d_64x64x128_compv5,169.52,8
151,2,640,320,1,96,96,1,1,1,1,96,96,grouped_conv_forward_bf16_2d_32x64x128_compv3,169.02,9
151,2,640,320,1,96,96,1,1,1,1,96,96,grouped_conv_forward_bf16_2d_64x64x128_compv3,167.83,10
151,2,640,320,1,96,96,1,1,1,1,96,96,grouped_conv_forward_bf16_2d_128x64x128_compv5,166.86,11
151,2,640,320,1,96,96,1,1,1,1,96,96,grouped_conv_forward_bf16_2d_128x64x128_compv3,165.28,12
151,2,640,320,1,96,96,1,1,1,1,96,96,grouped_conv_forward_bf16_2d_64x64x64_compv5,162.71,13
151,2,640,320,1,96,96,1,1,1,1,96,96,grouped_conv_forward_bf16_2d_64x64x64_compv3,162.33,14
151,2,640,320,1,96,96,1,1,1,1,96,96,grouped_conv_forward_bf16_2d_32x64x64_compv5,147.11,15
151,2,640,320,1,96,96,1,1,1,1,96,96,grouped_conv_forward_bf16_2d_32x64x64_compv3,146.58,16
151,2,640,320,1,96,96,1,1,1,1,96,96,grouped_conv_forward_bf16_2d_16x64x128_compv5,134.10,17
151,2,640,320,1,96,96,1,1,1,1,96,96,grouped_conv_forward_bf16_2d_16x64x128_compv3,133.03,18
151,2,640,320,1,96,96,1,1,1,1,96,96,grouped_conv_forward_bf16_2d_32x128x64_compv4,127.58,19
151,2,640,320,1,96,96,1,1,1,1,96,96,grouped_conv_forward_bf16_2d_32x64x64_compv4,126.04,20
151,2,640,320,1,96,96,1,1,1,1,96,96,grouped_conv_forward_bf16_2d_16x64x64_compv5,124.43,21
151,2,640,320,1,96,96,1,1,1,1,96,96,grouped_conv_forward_bf16_2d_16x64x64_compv3,124.36,22
151,2,640,320,1,96,96,1,1,1,1,96,96,grouped_conv_forward_bf16_2d_32x64x128_compv4,120.68,23
151,2,640,320,1,96,96,1,1,1,1,96,96,grouped_conv_forward_bf16_2d_16x64x64_compv4,110.17,24
151,2,640,320,1,96,96,1,1,1,1,96,96,grouped_conv_forward_bf16_2d_16x64x128_compv4,105.73,25
151,2,640,320,1,96,96,1,1,1,1,96,96,grouped_conv_forward_bf16_2d_128x128x64_compv4,95.23,26
151,2,640,320,1,96,96,1,1,1,1,96,96,grouped_conv_forward_bf16_2d_64x128x64_compv4,92.78,27
151,2,640,320,1,96,96,1,1,1,1,96,96,grouped_conv_forward_bf16_2d_64x64x64_compv4,91.98,28
151,2,640,320,1,96,96,1,1,1,1,96,96,grouped_conv_forward_bf16_2d_128x64x128_compv4,88.51,29
151,2,640,320,1,96,96,1,1,1,1,96,96,grouped_conv_forward_bf16_2d_64x64x128_compv4,87.32,30
152,1,864,240,1,7,7,1,1,1,1,7,7,grouped_conv_forward_bf16_2d_16x64x64_compv4,1.94,1
152,1,864,240,1,7,7,1,1,1,1,7,7,grouped_conv_forward_bf16_2d_16x64x128_compv3,1.85,2
152,1,864,240,1,7,7,1,1,1,1,7,7,grouped_conv_forward_bf16_2d_16x64x128_compv5,1.85,3
152,1,864,240,1,7,7,1,1,1,1,7,7,grouped_conv_forward_bf16_2d_16x64x128_compv4,1.80,4
152,1,864,240,1,7,7,1,1,1,1,7,7,grouped_conv_forward_bf16_2d_16x64x64_compv5,1.74,5
152,1,864,240,1,7,7,1,1,1,1,7,7,grouped_conv_forward_bf16_2d_16x64x64_compv3,1.72,6
152,1,864,240,1,7,7,1,1,1,1,7,7,grouped_conv_forward_bf16_2d_32x128x64_compv4,1.63,7
152,1,864,240,1,7,7,1,1,1,1,7,7,grouped_conv_forward_bf16_2d_32x64x128_compv5,1.59,8
152,1,864,240,1,7,7,1,1,1,1,7,7,grouped_conv_forward_bf16_2d_32x64x128_compv3,1.58,9
152,1,864,240,1,7,7,1,1,1,1,7,7,grouped_conv_forward_bf16_2d_32x64x64_compv4,1.53,10
152,1,864,240,1,7,7,1,1,1,1,7,7,grouped_conv_forward_bf16_2d_32x64x128_compv4,1.47,11
152,1,864,240,1,7,7,1,1,1,1,7,7,grouped_conv_forward_bf16_2d_32x64x64_compv5,1.38,12
152,1,864,240,1,7,7,1,1,1,1,7,7,grouped_conv_forward_bf16_2d_32x64x64_compv3,1.33,13
152,1,864,240,1,7,7,1,1,1,1,7,7,grouped_conv_forward_bf16_2d_64x64x128_compv5,1.27,14
152,1,864,240,1,7,7,1,1,1,1,7,7,grouped_conv_forward_bf16_2d_32x128x64_compv5,1.25,15
152,1,864,240,1,7,7,1,1,1,1,7,7,grouped_conv_forward_bf16_2d_64x64x128_compv3,1.25,16
152,1,864,240,1,7,7,1,1,1,1,7,7,grouped_conv_forward_bf16_2d_64x128x64_compv4,1.22,17
152,1,864,240,1,7,7,1,1,1,1,7,7,grouped_conv_forward_bf16_2d_32x128x64_compv3,1.22,18
152,1,864,240,1,7,7,1,1,1,1,7,7,grouped_conv_forward_bf16_2d_128x64x128_compv3,1.20,19
152,1,864,240,1,7,7,1,1,1,1,7,7,grouped_conv_forward_bf16_2d_128x64x128_compv5,1.20,20
152,1,864,240,1,7,7,1,1,1,1,7,7,grouped_conv_forward_bf16_2d_128x128x64_compv4,1.17,21
152,1,864,240,1,7,7,1,1,1,1,7,7,grouped_conv_forward_bf16_2d_64x64x64_compv4,1.12,22
152,1,864,240,1,7,7,1,1,1,1,7,7,grouped_conv_forward_bf16_2d_64x64x64_compv5,1.11,23
152,1,864,240,1,7,7,1,1,1,1,7,7,grouped_conv_forward_bf16_2d_64x64x64_compv3,1.11,24
152,1,864,240,1,7,7,1,1,1,1,7,7,grouped_conv_forward_bf16_2d_64x128x64_compv5,1.08,25
152,1,864,240,1,7,7,1,1,1,1,7,7,grouped_conv_forward_bf16_2d_64x64x128_compv4,1.08,26
152,1,864,240,1,7,7,1,1,1,1,7,7,grouped_conv_forward_bf16_2d_64x128x64_compv3,1.07,27
152,1,864,240,1,7,7,1,1,1,1,7,7,grouped_conv_forward_bf16_2d_128x64x128_compv4,1.05,28
152,1,864,240,1,7,7,1,1,1,1,7,7,grouped_conv_forward_bf16_2d_128x128x64_compv5,1.02,29
152,1,864,240,1,7,7,1,1,1,1,7,7,grouped_conv_forward_bf16_2d_128x128x64_compv3,1.01,30
153,4,24,24,24,28,28,3,3,1,1,28,28,grouped_conv_forward_bf16_2d_32x64x128_compv5,4.49,1
153,4,24,24,24,28,28,3,3,1,1,28,28,grouped_conv_forward_bf16_2d_32x64x128_compv3,4.48,2
153,4,24,24,24,28,28,3,3,1,1,28,28,grouped_conv_forward_bf16_2d_64x64x128_compv3,4.28,3
153,4,24,24,24,28,28,3,3,1,1,28,28,grouped_conv_forward_bf16_2d_64x64x128_compv5,4.23,4
153,4,24,24,24,28,28,3,3,1,1,28,28,grouped_conv_forward_bf16_2d_16x64x128_compv3,4.14,5
153,4,24,24,24,28,28,3,3,1,1,28,28,grouped_conv_forward_bf16_2d_16x64x128_compv5,4.09,6
153,4,24,24,24,28,28,3,3,1,1,28,28,grouped_conv_forward_bf16_2d_128x64x128_compv3,4.08,7
153,4,24,24,24,28,28,3,3,1,1,28,28,grouped_conv_forward_bf16_2d_128x64x128_compv5,4.00,8
153,4,24,24,24,28,28,3,3,1,1,28,28,grouped_conv_forward_bf16_2d_32x64x128_compv4,3.97,9
153,4,24,24,24,28,28,3,3,1,1,28,28,grouped_conv_forward_bf16_2d_16x64x128_compv4,3.74,10
153,4,24,24,24,28,28,3,3,1,1,28,28,grouped_conv_forward_bf16_2d_128x64x128_compv4,3.59,11
153,4,24,24,24,28,28,3,3,1,1,28,28,grouped_conv_forward_bf16_2d_64x64x128_compv4,3.55,12
153,4,24,24,24,28,28,3,3,1,1,28,28,grouped_conv_forward_bf16_2d_32x64x64_compv5,3.31,13
153,4,24,24,24,28,28,3,3,1,1,28,28,grouped_conv_forward_bf16_2d_32x64x64_compv3,3.21,14
153,4,24,24,24,28,28,3,3,1,1,28,28,grouped_conv_forward_bf16_2d_16x64x64_compv5,3.03,15
153,4,24,24,24,28,28,3,3,1,1,28,28,grouped_conv_forward_bf16_2d_64x64x64_compv3,3.02,16
153,4,24,24,24,28,28,3,3,1,1,28,28,grouped_conv_forward_bf16_2d_16x64x64_compv3,3.00,17
153,4,24,24,24,28,28,3,3,1,1,28,28,grouped_conv_forward_bf16_2d_64x64x64_compv5,3.00,18
153,4,24,24,24,28,28,3,3,1,1,28,28,grouped_conv_forward_bf16_2d_32x128x64_compv3,2.82,19
153,4,24,24,24,28,28,3,3,1,1,28,28,grouped_conv_forward_bf16_2d_32x128x64_compv5,2.80,20
153,4,24,24,24,28,28,3,3,1,1,28,28,grouped_conv_forward_bf16_2d_32x64x64_compv4,2.58,21
153,4,24,24,24,28,28,3,3,1,1,28,28,grouped_conv_forward_bf16_2d_16x64x64_compv4,2.52,22
153,4,24,24,24,28,28,3,3,1,1,28,28,grouped_conv_forward_bf16_2d_64x128x64_compv3,2.49,23
153,4,24,24,24,28,28,3,3,1,1,28,28,grouped_conv_forward_bf16_2d_64x128x64_compv5,2.47,24
153,4,24,24,24,28,28,3,3,1,1,28,28,grouped_conv_forward_bf16_2d_32x128x64_compv4,2.43,25
153,4,24,24,24,28,28,3,3,1,1,28,28,grouped_conv_forward_bf16_2d_64x64x64_compv4,2.27,26
153,4,24,24,24,28,28,3,3,1,1,28,28,grouped_conv_forward_bf16_2d_128x128x64_compv3,2.26,27
153,4,24,24,24,28,28,3,3,1,1,28,28,grouped_conv_forward_bf16_2d_128x128x64_compv5,2.21,28
153,4,24,24,24,28,28,3,3,1,1,28,28,grouped_conv_forward_bf16_2d_64x128x64_compv4,2.01,29
153,4,24,24,24,28,28,3,3,1,1,28,28,grouped_conv_forward_bf16_2d_128x128x64_compv4,1.97,30
154,1,256,208,1,512,512,1,1,1,1,512,512,grouped_conv_forward_bf16_2d_64x128x64_compv5,205.97,1
154,1,256,208,1,512,512,1,1,1,1,512,512,grouped_conv_forward_bf16_2d_128x128x64_compv5,203.80,2
154,1,256,208,1,512,512,1,1,1,1,512,512,grouped_conv_forward_bf16_2d_64x128x64_compv3,203.77,3
154,1,256,208,1,512,512,1,1,1,1,512,512,grouped_conv_forward_bf16_2d_32x128x64_compv5,190.13,4
154,1,256,208,1,512,512,1,1,1,1,512,512,grouped_conv_forward_bf16_2d_32x128x64_compv3,186.76,5
154,1,256,208,1,512,512,1,1,1,1,512,512,grouped_conv_forward_bf16_2d_64x64x128_compv3,178.92,6
154,1,256,208,1,512,512,1,1,1,1,512,512,grouped_conv_forward_bf16_2d_64x64x128_compv5,178.76,7
154,1,256,208,1,512,512,1,1,1,1,512,512,grouped_conv_forward_bf16_2d_128x128x64_compv3,178.61,8
154,1,256,208,1,512,512,1,1,1,1,512,512,grouped_conv_forward_bf16_2d_32x64x128_compv3,170.55,9
154,1,256,208,1,512,512,1,1,1,1,512,512,grouped_conv_forward_bf16_2d_32x64x128_compv5,168.31,10
154,1,256,208,1,512,512,1,1,1,1,512,512,grouped_conv_forward_bf16_2d_128x64x128_compv5,168.09,11
154,1,256,208,1,512,512,1,1,1,1,512,512,grouped_conv_forward_bf16_2d_128x64x128_compv3,167.03,12
154,1,256,208,1,512,512,1,1,1,1,512,512,grouped_conv_forward_bf16_2d_64x64x64_compv5,164.80,13
154,1,256,208,1,512,512,1,1,1,1,512,512,grouped_conv_forward_bf16_2d_64x64x64_compv3,161.38,14
154,1,256,208,1,512,512,1,1,1,1,512,512,grouped_conv_forward_bf16_2d_32x64x64_compv5,139.70,15
154,1,256,208,1,512,512,1,1,1,1,512,512,grouped_conv_forward_bf16_2d_32x64x64_compv3,134.99,16
154,1,256,208,1,512,512,1,1,1,1,512,512,grouped_conv_forward_bf16_2d_16x64x128_compv3,131.13,17
154,1,256,208,1,512,512,1,1,1,1,512,512,grouped_conv_forward_bf16_2d_16x64x128_compv5,131.11,18
154,1,256,208,1,512,512,1,1,1,1,512,512,grouped_conv_forward_bf16_2d_32x64x128_compv4,116.68,19
154,1,256,208,1,512,512,1,1,1,1,512,512,grouped_conv_forward_bf16_2d_32x128x64_compv4,114.65,20
154,1,256,208,1,512,512,1,1,1,1,512,512,grouped_conv_forward_bf16_2d_32x64x64_compv4,113.09,21
154,1,256,208,1,512,512,1,1,1,1,512,512,grouped_conv_forward_bf16_2d_16x64x64_compv5,112.81,22
154,1,256,208,1,512,512,1,1,1,1,512,512,grouped_conv_forward_bf16_2d_16x64x64_compv3,111.04,23
154,1,256,208,1,512,512,1,1,1,1,512,512,grouped_conv_forward_bf16_2d_16x64x128_compv4,100.05,24
154,1,256,208,1,512,512,1,1,1,1,512,512,grouped_conv_forward_bf16_2d_16x64x64_compv4,97.67,25
154,1,256,208,1,512,512,1,1,1,1,512,512,grouped_conv_forward_bf16_2d_64x64x128_compv4,89.66,26
154,1,256,208,1,512,512,1,1,1,1,512,512,grouped_conv_forward_bf16_2d_128x64x128_compv4,89.49,27
154,1,256,208,1,512,512,1,1,1,1,512,512,grouped_conv_forward_bf16_2d_128x128x64_compv4,89.49,28
154,1,256,208,1,512,512,1,1,1,1,512,512,grouped_conv_forward_bf16_2d_64x64x64_compv4,88.14,29
154,1,256,208,1,512,512,1,1,1,1,512,512,grouped_conv_forward_bf16_2d_64x128x64_compv4,87.91,30
155,4,128,256,1,4,16,1,1,1,1,4,16,grouped_conv_forward_bf16_2d_16x64x128_compv3,4.18,1
155,4,128,256,1,4,16,1,1,1,1,4,16,grouped_conv_forward_bf16_2d_16x64x128_compv5,4.11,2
155,4,128,256,1,4,16,1,1,1,1,4,16,grouped_conv_forward_bf16_2d_32x64x128_compv5,3.99,3
155,4,128,256,1,4,16,1,1,1,1,4,16,grouped_conv_forward_bf16_2d_16x64x64_compv5,3.97,4
155,4,128,256,1,4,16,1,1,1,1,4,16,grouped_conv_forward_bf16_2d_32x64x128_compv3,3.94,5
155,4,128,256,1,4,16,1,1,1,1,4,16,grouped_conv_forward_bf16_2d_16x64x64_compv3,3.92,6
155,4,128,256,1,4,16,1,1,1,1,4,16,grouped_conv_forward_bf16_2d_16x64x128_compv4,3.73,7
155,4,128,256,1,4,16,1,1,1,1,4,16,grouped_conv_forward_bf16_2d_16x64x64_compv4,3.73,8
155,4,128,256,1,4,16,1,1,1,1,4,16,grouped_conv_forward_bf16_2d_32x64x64_compv5,3.63,9
155,4,128,256,1,4,16,1,1,1,1,4,16,grouped_conv_forward_bf16_2d_32x64x128_compv4,3.52,10
155,4,128,256,1,4,16,1,1,1,1,4,16,grouped_conv_forward_bf16_2d_32x64x64_compv3,3.46,11
155,4,128,256,1,4,16,1,1,1,1,4,16,grouped_conv_forward_bf16_2d_32x64x64_compv4,3.44,12
155,4,128,256,1,4,16,1,1,1,1,4,16,grouped_conv_forward_bf16_2d_32x128x64_compv4,3.38,13
155,4,128,256,1,4,16,1,1,1,1,4,16,grouped_conv_forward_bf16_2d_32x128x64_compv5,3.36,14
155,4,128,256,1,4,16,1,1,1,1,4,16,grouped_conv_forward_bf16_2d_64x64x128_compv5,3.32,15
155,4,128,256,1,4,16,1,1,1,1,4,16,grouped_conv_forward_bf16_2d_32x128x64_compv3,3.31,16
155,4,128,256,1,4,16,1,1,1,1,4,16,grouped_conv_forward_bf16_2d_64x64x128_compv3,3.24,17
155,4,128,256,1,4,16,1,1,1,1,4,16,grouped_conv_forward_bf16_2d_128x64x128_compv5,3.19,18
155,4,128,256,1,4,16,1,1,1,1,4,16,grouped_conv_forward_bf16_2d_64x64x64_compv5,3.06,19
155,4,128,256,1,4,16,1,1,1,1,4,16,grouped_conv_forward_bf16_2d_128x64x128_compv3,3.05,20
155,4,128,256,1,4,16,1,1,1,1,4,16,grouped_conv_forward_bf16_2d_64x64x64_compv3,3.00,21
155,4,128,256,1,4,16,1,1,1,1,4,16,grouped_conv_forward_bf16_2d_64x128x64_compv5,2.88,22
155,4,128,256,1,4,16,1,1,1,1,4,16,grouped_conv_forward_bf16_2d_64x128x64_compv3,2.81,23
155,4,128,256,1,4,16,1,1,1,1,4,16,grouped_conv_forward_bf16_2d_64x64x64_compv4,2.77,24
155,4,128,256,1,4,16,1,1,1,1,4,16,grouped_conv_forward_bf16_2d_128x64x128_compv4,2.76,25
155,4,128,256,1,4,16,1,1,1,1,4,16,grouped_conv_forward_bf16_2d_64x64x128_compv4,2.74,26
155,4,128,256,1,4,16,1,1,1,1,4,16,grouped_conv_forward_bf16_2d_128x128x64_compv4,2.70,27
155,4,128,256,1,4,16,1,1,1,1,4,16,grouped_conv_forward_bf16_2d_128x128x64_compv5,2.67,28
155,4,128,256,1,4,16,1,1,1,1,4,16,grouped_conv_forward_bf16_2d_64x128x64_compv4,2.64,29
155,4,128,256,1,4,16,1,1,1,1,4,16,grouped_conv_forward_bf16_2d_128x128x64_compv3,2.61,30
156,4,624,624,624,7,7,5,5,1,1,7,7,grouped_conv_forward_bf16_2d_16x64x128_compv5,2.49,1
156,4,624,624,624,7,7,5,5,1,1,7,7,grouped_conv_forward_bf16_2d_16x64x128_compv3,2.47,2
156,4,624,624,624,7,7,5,5,1,1,7,7,grouped_conv_forward_bf16_2d_32x128x64_compv3,2.38,3
156,4,624,624,624,7,7,5,5,1,1,7,7,grouped_conv_forward_bf16_2d_32x128x64_compv5,2.32,4
156,4,624,624,624,7,7,5,5,1,1,7,7,grouped_conv_forward_bf16_2d_32x64x128_compv5,2.26,5
156,4,624,624,624,7,7,5,5,1,1,7,7,grouped_conv_forward_bf16_2d_32x64x128_compv3,2.23,6
156,4,624,624,624,7,7,5,5,1,1,7,7,grouped_conv_forward_bf16_2d_16x64x128_compv4,2.18,7
156,4,624,624,624,7,7,5,5,1,1,7,7,grouped_conv_forward_bf16_2d_64x128x64_compv3,2.06,8
156,4,624,624,624,7,7,5,5,1,1,7,7,grouped_conv_forward_bf16_2d_64x128x64_compv5,2.00,9
156,4,624,624,624,7,7,5,5,1,1,7,7,grouped_conv_forward_bf16_2d_64x64x128_compv5,1.95,10
156,4,624,624,624,7,7,5,5,1,1,7,7,grouped_conv_forward_bf16_2d_32x128x64_compv4,1.92,11
156,4,624,624,624,7,7,5,5,1,1,7,7,grouped_conv_forward_bf16_2d_64x64x128_compv3,1.92,12
156,4,624,624,624,7,7,5,5,1,1,7,7,grouped_conv_forward_bf16_2d_32x64x128_compv4,1.88,13
156,4,624,624,624,7,7,5,5,1,1,7,7,grouped_conv_forward_bf16_2d_128x128x64_compv3,1.82,14
156,4,624,624,624,7,7,5,5,1,1,7,7,grouped_conv_forward_bf16_2d_128x64x128_compv5,1.77,15
156,4,624,624,624,7,7,5,5,1,1,7,7,grouped_conv_forward_bf16_2d_128x128x64_compv5,1.76,16
156,4,624,624,624,7,7,5,5,1,1,7,7,grouped_conv_forward_bf16_2d_128x64x128_compv3,1.75,17
156,4,624,624,624,7,7,5,5,1,1,7,7,grouped_conv_forward_bf16_2d_64x128x64_compv4,1.67,18
156,4,624,624,624,7,7,5,5,1,1,7,7,grouped_conv_forward_bf16_2d_128x64x128_compv4,1.64,19
156,4,624,624,624,7,7,5,5,1,1,7,7,grouped_conv_forward_bf16_2d_64x64x128_compv4,1.63,20
156,4,624,624,624,7,7,5,5,1,1,7,7,grouped_conv_forward_bf16_2d_128x128x64_compv4,1.61,21
156,4,624,624,624,7,7,5,5,1,1,7,7,grouped_conv_forward_bf16_2d_16x64x64_compv5,1.61,22
156,4,624,624,624,7,7,5,5,1,1,7,7,grouped_conv_forward_bf16_2d_16x64x64_compv3,1.58,23
156,4,624,624,624,7,7,5,5,1,1,7,7,grouped_conv_forward_bf16_2d_32x64x64_compv5,1.54,24
156,4,624,624,624,7,7,5,5,1,1,7,7,grouped_conv_forward_bf16_2d_32x64x64_compv3,1.53,25
156,4,624,624,624,7,7,5,5,1,1,7,7,grouped_conv_forward_bf16_2d_64x64x64_compv3,1.43,26
156,4,624,624,624,7,7,5,5,1,1,7,7,grouped_conv_forward_bf16_2d_64x64x64_compv5,1.41,27
156,4,624,624,624,7,7,5,5,1,1,7,7,grouped_conv_forward_bf16_2d_16x64x64_compv4,1.33,28
156,4,624,624,624,7,7,5,5,1,1,7,7,grouped_conv_forward_bf16_2d_32x64x64_compv4,1.29,29
156,4,624,624,624,7,7,5,5,1,1,7,7,grouped_conv_forward_bf16_2d_64x64x64_compv4,1.14,30
157,1,7392,7392,28,128,128,3,3,2,2,64,64,grouped_conv_forward_bf16_2d_128x128x64_compv3,291.23,1
157,1,7392,7392,28,128,128,3,3,2,2,64,64,grouped_conv_forward_bf16_2d_128x128x64_compv5,286.71,2
157,1,7392,7392,28,128,128,3,3,2,2,64,64,grouped_conv_forward_bf16_2d_64x128x64_compv3,273.36,3
157,1,7392,7392,28,128,128,3,3,2,2,64,64,grouped_conv_forward_bf16_2d_64x128x64_compv5,266.60,4
157,1,7392,7392,28,128,128,3,3,2,2,64,64,grouped_conv_forward_bf16_2d_128x64x128_compv5,244.23,5
157,1,7392,7392,28,128,128,3,3,2,2,64,64,grouped_conv_forward_bf16_2d_128x64x128_compv3,243.12,6
157,1,7392,7392,28,128,128,3,3,2,2,64,64,grouped_conv_forward_bf16_2d_32x128x64_compv3,236.41,7
157,1,7392,7392,28,128,128,3,3,2,2,64,64,grouped_conv_forward_bf16_2d_32x128x64_compv5,232.17,8
157,1,7392,7392,28,128,128,3,3,2,2,64,64,grouped_conv_forward_bf16_2d_64x64x128_compv3,229.38,9
157,1,7392,7392,28,128,128,3,3,2,2,64,64,grouped_conv_forward_bf16_2d_64x64x128_compv5,223.12,10
157,1,7392,7392,28,128,128,3,3,2,2,64,64,grouped_conv_forward_bf16_2d_64x64x64_compv3,218.95,11
157,1,7392,7392,28,128,128,3,3,2,2,64,64,grouped_conv_forward_bf16_2d_64x64x64_compv5,214.91,12
157,1,7392,7392,28,128,128,3,3,2,2,64,64,grouped_conv_forward_bf16_2d_32x64x128_compv3,207.61,13
157,1,7392,7392,28,128,128,3,3,2,2,64,64,grouped_conv_forward_bf16_2d_32x64x128_compv5,202.72,14
157,1,7392,7392,28,128,128,3,3,2,2,64,64,grouped_conv_forward_bf16_2d_32x64x64_compv3,182.82,15
157,1,7392,7392,28,128,128,3,3,2,2,64,64,grouped_conv_forward_bf16_2d_32x64x64_compv5,180.01,16
157,1,7392,7392,28,128,128,3,3,2,2,64,64,grouped_conv_forward_bf16_2d_32x128x64_compv4,163.73,17
157,1,7392,7392,28,128,128,3,3,2,2,64,64,grouped_conv_forward_bf16_2d_32x64x64_compv4,161.73,18
157,1,7392,7392,28,128,128,3,3,2,2,64,64,grouped_conv_forward_bf16_2d_32x64x128_compv4,160.74,19
157,1,7392,7392,28,128,128,3,3,2,2,64,64,grouped_conv_forward_bf16_2d_16x64x128_compv3,158.39,20
157,1,7392,7392,28,128,128,3,3,2,2,64,64,grouped_conv_forward_bf16_2d_16x64x128_compv5,155.39,21
157,1,7392,7392,28,128,128,3,3,2,2,64,64,grouped_conv_forward_bf16_2d_16x64x64_compv3,149.18,22
157,1,7392,7392,28,128,128,3,3,2,2,64,64,grouped_conv_forward_bf16_2d_16x64x64_compv5,146.46,23
157,1,7392,7392,28,128,128,3,3,2,2,64,64,grouped_conv_forward_bf16_2d_16x64x128_compv4,137.41,24
157,1,7392,7392,28,128,128,3,3,2,2,64,64,grouped_conv_forward_bf16_2d_16x64x64_compv4,136.54,25
157,1,7392,7392,28,128,128,3,3,2,2,64,64,grouped_conv_forward_bf16_2d_64x64x128_compv4,124.58,26
157,1,7392,7392,28,128,128,3,3,2,2,64,64,grouped_conv_forward_bf16_2d_64x128x64_compv4,124.13,27
157,1,7392,7392,28,128,128,3,3,2,2,64,64,grouped_conv_forward_bf16_2d_128x128x64_compv4,124.02,28
157,1,7392,7392,28,128,128,3,3,2,2,64,64,grouped_conv_forward_bf16_2d_128x64x128_compv4,122.94,29
157,1,7392,7392,28,128,128,3,3,2,2,64,64,grouped_conv_forward_bf16_2d_64x64x64_compv4,122.78,30
158,1,1024,1024,1,128,128,1,1,1,1,128,128,grouped_conv_forward_bf16_2d_128x128x64_compv3,302.76,1
158,1,1024,1024,1,128,128,1,1,1,1,128,128,grouped_conv_forward_bf16_2d_128x128x64_compv5,298.37,2
158,1,1024,1024,1,128,128,1,1,1,1,128,128,grouped_conv_forward_bf16_2d_64x128x64_compv3,280.77,3
158,1,1024,1024,1,128,128,1,1,1,1,128,128,grouped_conv_forward_bf16_2d_64x128x64_compv5,280.69,4
158,1,1024,1024,1,128,128,1,1,1,1,128,128,grouped_conv_forward_bf16_2d_128x64x128_compv3,237.17,5
158,1,1024,1024,1,128,128,1,1,1,1,128,128,grouped_conv_forward_bf16_2d_128x64x128_compv5,235.60,6
158,1,1024,1024,1,128,128,1,1,1,1,128,128,grouped_conv_forward_bf16_2d_32x128x64_compv5,235.17,7
158,1,1024,1024,1,128,128,1,1,1,1,128,128,grouped_conv_forward_bf16_2d_32x128x64_compv3,234.57,8
158,1,1024,1024,1,128,128,1,1,1,1,128,128,grouped_conv_forward_bf16_2d_64x64x128_compv5,225.39,9
158,1,1024,1024,1,128,128,1,1,1,1,128,128,grouped_conv_forward_bf16_2d_64x64x128_compv3,224.60,10
158,1,1024,1024,1,128,128,1,1,1,1,128,128,grouped_conv_forward_bf16_2d_64x64x64_compv5,221.38,11
158,1,1024,1024,1,128,128,1,1,1,1,128,128,grouped_conv_forward_bf16_2d_64x64x64_compv3,220.53,12
158,1,1024,1024,1,128,128,1,1,1,1,128,128,grouped_conv_forward_bf16_2d_32x64x128_compv5,209.01,13
158,1,1024,1024,1,128,128,1,1,1,1,128,128,grouped_conv_forward_bf16_2d_32x64x128_compv3,207.54,14
158,1,1024,1024,1,128,128,1,1,1,1,128,128,grouped_conv_forward_bf16_2d_32x64x64_compv5,182.24,15
158,1,1024,1024,1,128,128,1,1,1,1,128,128,grouped_conv_forward_bf16_2d_32x64x64_compv3,178.41,16
158,1,1024,1024,1,128,128,1,1,1,1,128,128,grouped_conv_forward_bf16_2d_16x64x128_compv5,155.84,17
158,1,1024,1024,1,128,128,1,1,1,1,128,128,grouped_conv_forward_bf16_2d_16x64x128_compv3,155.06,18
158,1,1024,1024,1,128,128,1,1,1,1,128,128,grouped_conv_forward_bf16_2d_32x128x64_compv4,148.90,19
158,1,1024,1024,1,128,128,1,1,1,1,128,128,grouped_conv_forward_bf16_2d_32x64x128_compv4,147.02,20
158,1,1024,1024,1,128,128,1,1,1,1,128,128,grouped_conv_forward_bf16_2d_32x64x64_compv4,146.42,21
158,1,1024,1024,1,128,128,1,1,1,1,128,128,grouped_conv_forward_bf16_2d_16x64x64_compv5,143.98,22
158,1,1024,1024,1,128,128,1,1,1,1,128,128,grouped_conv_forward_bf16_2d_16x64x64_compv3,143.82,23
158,1,1024,1024,1,128,128,1,1,1,1,128,128,grouped_conv_forward_bf16_2d_16x64x128_compv4,125.57,24
158,1,1024,1024,1,128,128,1,1,1,1,128,128,grouped_conv_forward_bf16_2d_16x64x64_compv4,125.46,25
158,1,1024,1024,1,128,128,1,1,1,1,128,128,grouped_conv_forward_bf16_2d_128x64x128_compv4,120.61,26
158,1,1024,1024,1,128,128,1,1,1,1,128,128,grouped_conv_forward_bf16_2d_64x128x64_compv4,120.58,27
158,1,1024,1024,1,128,128,1,1,1,1,128,128,grouped_conv_forward_bf16_2d_128x128x64_compv4,120.57,28
158,1,1024,1024,1,128,128,1,1,1,1,128,128,grouped_conv_forward_bf16_2d_64x64x128_compv4,119.36,29
158,1,1024,1024,1,128,128,1,1,1,1,128,128,grouped_conv_forward_bf16_2d_64x64x64_compv4,117.29,30
159,4,384,1088,1,12,12,1,1,1,1,12,12,grouped_conv_forward_bf16_2d_32x64x64_compv4,46.31,1
159,4,384,1088,1,12,12,1,1,1,1,12,12,grouped_conv_forward_bf16_2d_16x64x64_compv4,44.00,2
159,4,384,1088,1,12,12,1,1,1,1,12,12,grouped_conv_forward_bf16_2d_32x64x64_compv5,42.35,3
159,4,384,1088,1,12,12,1,1,1,1,12,12,grouped_conv_forward_bf16_2d_64x64x64_compv4,42.07,4
159,4,384,1088,1,12,12,1,1,1,1,12,12,grouped_conv_forward_bf16_2d_16x64x64_compv5,41.82,5
159,4,384,1088,1,12,12,1,1,1,1,12,12,grouped_conv_forward_bf16_2d_16x64x64_compv3,41.56,6
159,4,384,1088,1,12,12,1,1,1,1,12,12,grouped_conv_forward_bf16_2d_32x64x64_compv3,41.39,7
159,4,384,1088,1,12,12,1,1,1,1,12,12,grouped_conv_forward_bf16_2d_64x64x64_compv5,39.26,8
159,4,384,1088,1,12,12,1,1,1,1,12,12,grouped_conv_forward_bf16_2d_64x64x64_compv3,39.23,9
159,4,384,1088,1,12,12,1,1,1,1,12,12,grouped_conv_forward_bf16_2d_32x64x128_compv5,37.04,10
159,4,384,1088,1,12,12,1,1,1,1,12,12,grouped_conv_forward_bf16_2d_32x64x128_compv3,36.98,11
159,4,384,1088,1,12,12,1,1,1,1,12,12,grouped_conv_forward_bf16_2d_32x128x64_compv4,36.61,12
159,4,384,1088,1,12,12,1,1,1,1,12,12,grouped_conv_forward_bf16_2d_16x64x128_compv5,35.88,13
159,4,384,1088,1,12,12,1,1,1,1,12,12,grouped_conv_forward_bf16_2d_16x64x128_compv3,35.88,14
159,4,384,1088,1,12,12,1,1,1,1,12,12,grouped_conv_forward_bf16_2d_32x64x128_compv4,35.08,15
159,4,384,1088,1,12,12,1,1,1,1,12,12,grouped_conv_forward_bf16_2d_16x64x128_compv4,35.06,16
159,4,384,1088,1,12,12,1,1,1,1,12,12,grouped_conv_forward_bf16_2d_32x128x64_compv5,32.74,17
159,4,384,1088,1,12,12,1,1,1,1,12,12,grouped_conv_forward_bf16_2d_32x128x64_compv3,32.61,18
159,4,384,1088,1,12,12,1,1,1,1,12,12,grouped_conv_forward_bf16_2d_64x128x64_compv4,32.48,19
159,4,384,1088,1,12,12,1,1,1,1,12,12,grouped_conv_forward_bf16_2d_64x64x128_compv5,31.92,20
159,4,384,1088,1,12,12,1,1,1,1,12,12,grouped_conv_forward_bf16_2d_64x64x128_compv3,31.81,21
159,4,384,1088,1,12,12,1,1,1,1,12,12,grouped_conv_forward_bf16_2d_128x128x64_compv4,30.10,22
159,4,384,1088,1,12,12,1,1,1,1,12,12,grouped_conv_forward_bf16_2d_128x64x128_compv5,29.94,23
159,4,384,1088,1,12,12,1,1,1,1,12,12,grouped_conv_forward_bf16_2d_128x64x128_compv3,29.93,24
159,4,384,1088,1,12,12,1,1,1,1,12,12,grouped_conv_forward_bf16_2d_64x64x128_compv4,29.52,25
159,4,384,1088,1,12,12,1,1,1,1,12,12,grouped_conv_forward_bf16_2d_128x64x128_compv4,28.89,26
159,4,384,1088,1,12,12,1,1,1,1,12,12,grouped_conv_forward_bf16_2d_64x128x64_compv5,28.73,27
159,4,384,1088,1,12,12,1,1,1,1,12,12,grouped_conv_forward_bf16_2d_64x128x64_compv3,28.63,28
159,4,384,1088,1,12,12,1,1,1,1,12,12,grouped_conv_forward_bf16_2d_128x128x64_compv3,25.12,29
159,4,384,1088,1,12,12,1,1,1,1,12,12,grouped_conv_forward_bf16_2d_128x128x64_compv5,25.08,30
160,4,64,64,1,28,28,3,3,1,1,28,28,grouped_conv_forward_bf16_2d_16x64x64_compv4,31.77,1
160,4,64,64,1,28,28,3,3,1,1,28,28,grouped_conv_forward_bf16_2d_16x64x128_compv4,31.28,2
160,4,64,64,1,28,28,3,3,1,1,28,28,grouped_conv_forward_bf16_2d_16x64x128_compv3,30.53,3
160,4,64,64,1,28,28,3,3,1,1,28,28,grouped_conv_forward_bf16_2d_16x64x128_compv5,30.51,4
160,4,64,64,1,28,28,3,3,1,1,28,28,grouped_conv_forward_bf16_2d_16x64x64_compv5,28.20,5
160,4,64,64,1,28,28,3,3,1,1,28,28,grouped_conv_forward_bf16_2d_16x64x64_compv3,28.18,6
160,4,64,64,1,28,28,3,3,1,1,28,28,grouped_conv_forward_bf16_2d_32x64x128_compv5,26.56,7
160,4,64,64,1,28,28,3,3,1,1,28,28,grouped_conv_forward_bf16_2d_32x64x64_compv4,26.51,8
160,4,64,64,1,28,28,3,3,1,1,28,28,grouped_conv_forward_bf16_2d_32x64x128_compv3,26.35,9
160,4,64,64,1,28,28,3,3,1,1,28,28,grouped_conv_forward_bf16_2d_32x64x128_compv4,25.84,10
160,4,64,64,1,28,28,3,3,1,1,28,28,grouped_conv_forward_bf16_2d_32x128x64_compv4,25.35,11
160,4,64,64,1,28,28,3,3,1,1,28,28,grouped_conv_forward_bf16_2d_32x64x64_compv5,23.05,12
160,4,64,64,1,28,28,3,3,1,1,28,28,grouped_conv_forward_bf16_2d_32x64x64_compv3,22.55,13
160,4,64,64,1,28,28,3,3,1,1,28,28,grouped_conv_forward_bf16_2d_64x64x128_compv5,20.21,14
160,4,64,64,1,28,28,3,3,1,1,28,28,grouped_conv_forward_bf16_2d_64x64x128_compv3,20.17,15
160,4,64,64,1,28,28,3,3,1,1,28,28,grouped_conv_forward_bf16_2d_128x64x128_compv3,19.66,16
160,4,64,64,1,28,28,3,3,1,1,28,28,grouped_conv_forward_bf16_2d_128x64x128_compv5,19.48,17
160,4,64,64,1,28,28,3,3,1,1,28,28,grouped_conv_forward_bf16_2d_32x128x64_compv5,19.40,18
160,4,64,64,1,28,28,3,3,1,1,28,28,grouped_conv_forward_bf16_2d_32x128x64_compv3,19.33,19
160,4,64,64,1,28,28,3,3,1,1,28,28,grouped_conv_forward_bf16_2d_64x64x128_compv4,18.68,20
160,4,64,64,1,28,28,3,3,1,1,28,28,grouped_conv_forward_bf16_2d_64x64x64_compv4,18.54,21
160,4,64,64,1,28,28,3,3,1,1,28,28,grouped_conv_forward_bf16_2d_128x128x64_compv4,18.45,22
160,4,64,64,1,28,28,3,3,1,1,28,28,grouped_conv_forward_bf16_2d_128x64x128_compv4,18.41,23
160,4,64,64,1,28,28,3,3,1,1,28,28,grouped_conv_forward_bf16_2d_64x64x64_compv3,18.25,24
160,4,64,64,1,28,28,3,3,1,1,28,28,grouped_conv_forward_bf16_2d_64x64x64_compv5,18.25,25
160,4,64,64,1,28,28,3,3,1,1,28,28,grouped_conv_forward_bf16_2d_64x128x64_compv4,18.19,26
160,4,64,64,1,28,28,3,3,1,1,28,28,grouped_conv_forward_bf16_2d_128x128x64_compv3,16.35,27
160,4,64,64,1,28,28,3,3,1,1,28,28,grouped_conv_forward_bf16_2d_128x128x64_compv5,16.30,28
160,4,64,64,1,28,28,3,3,1,1,28,28,grouped_conv_forward_bf16_2d_64x128x64_compv5,15.94,29
160,4,64,64,1,28,28,3,3,1,1,28,28,grouped_conv_forward_bf16_2d_64x128x64_compv3,15.94,30
161,1,384,1680,1,14,14,1,1,1,1,14,14,grouped_conv_forward_bf16_2d_16x64x128_compv3,33.94,1
161,1,384,1680,1,14,14,1,1,1,1,14,14,grouped_conv_forward_bf16_2d_16x64x128_compv5,33.88,2
161,1,384,1680,1,14,14,1,1,1,1,14,14,grouped_conv_forward_bf16_2d_16x64x128_compv4,32.59,3
161,1,384,1680,1,14,14,1,1,1,1,14,14,grouped_conv_forward_bf16_2d_32x128x64_compv4,31.84,4
161,1,384,1680,1,14,14,1,1,1,1,14,14,grouped_conv_forward_bf16_2d_32x64x128_compv5,31.82,5
161,1,384,1680,1,14,14,1,1,1,1,14,14,grouped_conv_forward_bf16_2d_32x64x128_compv3,31.78,6
161,1,384,1680,1,14,14,1,1,1,1,14,14,grouped_conv_forward_bf16_2d_32x64x128_compv4,29.91,7
161,1,384,1680,1,14,14,1,1,1,1,14,14,grouped_conv_forward_bf16_2d_16x64x64_compv4,26.05,8
161,1,384,1680,1,14,14,1,1,1,1,14,14,grouped_conv_forward_bf16_2d_64x64x128_compv5,25.49,9
161,1,384,1680,1,14,14,1,1,1,1,14,14,grouped_conv_forward_bf16_2d_64x64x128_compv3,25.37,10
161,1,384,1680,1,14,14,1,1,1,1,14,14,grouped_conv_forward_bf16_2d_16x64x64_compv5,24.83,11
161,1,384,1680,1,14,14,1,1,1,1,14,14,grouped_conv_forward_bf16_2d_16x64x64_compv3,24.73,12
161,1,384,1680,1,14,14,1,1,1,1,14,14,grouped_conv_forward_bf16_2d_64x128x64_compv4,24.59,13
161,1,384,1680,1,14,14,1,1,1,1,14,14,grouped_conv_forward_bf16_2d_32x128x64_compv5,24.58,14
161,1,384,1680,1,14,14,1,1,1,1,14,14,grouped_conv_forward_bf16_2d_32x128x64_compv3,24.57,15
161,1,384,1680,1,14,14,1,1,1,1,14,14,grouped_conv_forward_bf16_2d_128x128x64_compv4,24.16,16
161,1,384,1680,1,14,14,1,1,1,1,14,14,grouped_conv_forward_bf16_2d_128x64x128_compv5,23.98,17
161,1,384,1680,1,14,14,1,1,1,1,14,14,grouped_conv_forward_bf16_2d_128x64x128_compv3,23.90,18
161,1,384,1680,1,14,14,1,1,1,1,14,14,grouped_conv_forward_bf16_2d_32x64x64_compv4,23.66,19
161,1,384,1680,1,14,14,1,1,1,1,14,14,grouped_conv_forward_bf16_2d_128x64x128_compv4,23.36,20
161,1,384,1680,1,14,14,1,1,1,1,14,14,grouped_conv_forward_bf16_2d_64x64x128_compv4,23.31,21
161,1,384,1680,1,14,14,1,1,1,1,14,14,grouped_conv_forward_bf16_2d_32x64x64_compv5,22.16,22
161,1,384,1680,1,14,14,1,1,1,1,14,14,grouped_conv_forward_bf16_2d_32x64x64_compv3,21.79,23
161,1,384,1680,1,14,14,1,1,1,1,14,14,grouped_conv_forward_bf16_2d_64x128x64_compv5,20.25,24
161,1,384,1680,1,14,14,1,1,1,1,14,14,grouped_conv_forward_bf16_2d_64x128x64_compv3,20.17,25
161,1,384,1680,1,14,14,1,1,1,1,14,14,grouped_conv_forward_bf16_2d_128x128x64_compv5,19.09,26
161,1,384,1680,1,14,14,1,1,1,1,14,14,grouped_conv_forward_bf16_2d_128x128x64_compv3,19.08,27
161,1,384,1680,1,14,14,1,1,1,1,14,14,grouped_conv_forward_bf16_2d_64x64x64_compv4,16.97,28
161,1,384,1680,1,14,14,1,1,1,1,14,14,grouped_conv_forward_bf16_2d_64x64x64_compv5,16.03,29
161,1,384,1680,1,14,14,1,1,1,1,14,14,grouped_conv_forward_bf16_2d_64x64x64_compv3,16.02,30
162,4,48,96,48,56,56,7,7,2,2,28,28,grouped_conv_forward_bf16_2d_32x64x64_compv5,6.37,1
162,4,48,96,48,56,56,7,7,2,2,28,28,grouped_conv_forward_bf16_2d_32x64x64_compv3,6.22,2
162,4,48,96,48,56,56,7,7,2,2,28,28,grouped_conv_forward_bf16_2d_64x64x64_compv3,5.81,3
162,4,48,96,48,56,56,7,7,2,2,28,28,grouped_conv_forward_bf16_2d_16x64x64_compv5,5.75,4
162,4,48,96,48,56,56,7,7,2,2,28,28,grouped_conv_forward_bf16_2d_64x64x64_compv5,5.73,5
162,4,48,96,48,56,56,7,7,2,2,28,28,grouped_conv_forward_bf16_2d_16x64x64_compv3,5.73,6
162,4,48,96,48,56,56,7,7,2,2,28,28,grouped_conv_forward_bf16_2d_32x64x64_compv4,5.31,7
162,4,48,96,48,56,56,7,7,2,2,28,28,grouped_conv_forward_bf16_2d_32x128x64_compv5,4.93,8
162,4,48,96,48,56,56,7,7,2,2,28,28,grouped_conv_forward_bf16_2d_32x128x64_compv3,4.90,9
162,4,48,96,48,56,56,7,7,2,2,28,28,grouped_conv_forward_bf16_2d_16x64x64_compv4,4.84,10
162,4,48,96,48,56,56,7,7,2,2,28,28,grouped_conv_forward_bf16_2d_64x64x64_compv4,4.68,11
162,4,48,96,48,56,56,7,7,2,2,28,28,grouped_conv_forward_bf16_2d_32x64x128_compv3,4.63,12
162,4,48,96,48,56,56,7,7,2,2,28,28,grouped_conv_forward_bf16_2d_32x64x128_compv5,4.62,13
162,4,48,96,48,56,56,7,7,2,2,28,28,grouped_conv_forward_bf16_2d_64x128x64_compv5,4.44,14
162,4,48,96,48,56,56,7,7,2,2,28,28,grouped_conv_forward_bf16_2d_64x128x64_compv3,4.42,15
162,4,48,96,48,56,56,7,7,2,2,28,28,grouped_conv_forward_bf16_2d_64x64x128_compv3,4.40,16
162,4,48,96,48,56,56,7,7,2,2,28,28,grouped_conv_forward_bf16_2d_64x64x128_compv5,4.36,17
162,4,48,96,48,56,56,7,7,2,2,28,28,grouped_conv_forward_bf16_2d_128x128x64_compv3,4.33,18
162,4,48,96,48,56,56,7,7,2,2,28,28,grouped_conv_forward_bf16_2d_16x64x128_compv3,4.27,19
162,4,48,96,48,56,56,7,7,2,2,28,28,grouped_conv_forward_bf16_2d_32x128x64_compv4,4.26,20
162,4,48,96,48,56,56,7,7,2,2,28,28,grouped_conv_forward_bf16_2d_128x128x64_compv5,4.23,21
162,4,48,96,48,56,56,7,7,2,2,28,28,grouped_conv_forward_bf16_2d_16x64x128_compv5,4.19,22
162,4,48,96,48,56,56,7,7,2,2,28,28,grouped_conv_forward_bf16_2d_128x64x128_compv3,4.10,23
162,4,48,96,48,56,56,7,7,2,2,28,28,grouped_conv_forward_bf16_2d_32x64x128_compv4,4.09,24
162,4,48,96,48,56,56,7,7,2,2,28,28,grouped_conv_forward_bf16_2d_128x64x128_compv5,4.01,25
162,4,48,96,48,56,56,7,7,2,2,28,28,grouped_conv_forward_bf16_2d_16x64x128_compv4,3.77,26
162,4,48,96,48,56,56,7,7,2,2,28,28,grouped_conv_forward_bf16_2d_128x128x64_compv4,3.74,27
162,4,48,96,48,56,56,7,7,2,2,28,28,grouped_conv_forward_bf16_2d_64x128x64_compv4,3.70,28
162,4,48,96,48,56,56,7,7,2,2,28,28,grouped_conv_forward_bf16_2d_128x64x128_compv4,3.66,29
162,4,48,96,48,56,56,7,7,2,2,28,28,grouped_conv_forward_bf16_2d_64x64x128_compv4,3.63,30
163,4,288,672,1,128,128,1,1,1,1,128,128,grouped_conv_forward_bf16_2d_64x128x64_compv5,211.35,1
163,4,288,672,1,128,128,1,1,1,1,128,128,grouped_conv_forward_bf16_2d_64x128x64_compv3,210.11,2
163,4,288,672,1,128,128,1,1,1,1,128,128,grouped_conv_forward_bf16_2d_128x128x64_compv5,194.95,3
163,4,288,672,1,128,128,1,1,1,1,128,128,grouped_conv_forward_bf16_2d_32x128x64_compv3,193.44,4
163,4,288,672,1,128,128,1,1,1,1,128,128,grouped_conv_forward_bf16_2d_32x128x64_compv5,192.40,5
163,4,288,672,1,128,128,1,1,1,1,128,128,grouped_conv_forward_bf16_2d_128x128x64_compv3,180.62,6
163,4,288,672,1,128,128,1,1,1,1,128,128,grouped_conv_forward_bf16_2d_64x64x128_compv3,172.39,7
163,4,288,672,1,128,128,1,1,1,1,128,128,grouped_conv_forward_bf16_2d_64x64x128_compv5,172.00,8
163,4,288,672,1,128,128,1,1,1,1,128,128,grouped_conv_forward_bf16_2d_32x64x128_compv3,169.33,9
163,4,288,672,1,128,128,1,1,1,1,128,128,grouped_conv_forward_bf16_2d_32x64x128_compv5,169.25,10
163,4,288,672,1,128,128,1,1,1,1,128,128,grouped_conv_forward_bf16_2d_64x64x64_compv3,169.15,11
163,4,288,672,1,128,128,1,1,1,1,128,128,grouped_conv_forward_bf16_2d_64x64x64_compv5,168.52,12
163,4,288,672,1,128,128,1,1,1,1,128,128,grouped_conv_forward_bf16_2d_128x64x128_compv5,166.85,13
163,4,288,672,1,128,128,1,1,1,1,128,128,grouped_conv_forward_bf16_2d_128x64x128_compv3,163.62,14
163,4,288,672,1,128,128,1,1,1,1,128,128,grouped_conv_forward_bf16_2d_32x64x64_compv5,142.97,15
163,4,288,672,1,128,128,1,1,1,1,128,128,grouped_conv_forward_bf16_2d_32x64x64_compv3,140.72,16
163,4,288,672,1,128,128,1,1,1,1,128,128,grouped_conv_forward_bf16_2d_16x64x128_compv5,133.52,17
163,4,288,672,1,128,128,1,1,1,1,128,128,grouped_conv_forward_bf16_2d_16x64x128_compv3,132.65,18
163,4,288,672,1,128,128,1,1,1,1,128,128,grouped_conv_forward_bf16_2d_32x64x128_compv4,117.81,19
163,4,288,672,1,128,128,1,1,1,1,128,128,grouped_conv_forward_bf16_2d_16x64x64_compv5,115.03,20
163,4,288,672,1,128,128,1,1,1,1,128,128,grouped_conv_forward_bf16_2d_32x128x64_compv4,113.41,21
163,4,288,672,1,128,128,1,1,1,1,128,128,grouped_conv_forward_bf16_2d_32x64x64_compv4,112.06,22
163,4,288,672,1,128,128,1,1,1,1,128,128,grouped_conv_forward_bf16_2d_16x64x64_compv3,110.75,23
163,4,288,672,1,128,128,1,1,1,1,128,128,grouped_conv_forward_bf16_2d_16x64x128_compv4,103.08,24
163,4,288,672,1,128,128,1,1,1,1,128,128,grouped_conv_forward_bf16_2d_16x64x64_compv4,99.59,25
163,4,288,672,1,128,128,1,1,1,1,128,128,grouped_conv_forward_bf16_2d_64x64x128_compv4,95.01,26
163,4,288,672,1,128,128,1,1,1,1,128,128,grouped_conv_forward_bf16_2d_128x64x128_compv4,93.83,27
163,4,288,672,1,128,128,1,1,1,1,128,128,grouped_conv_forward_bf16_2d_64x128x64_compv4,92.12,28
163,4,288,672,1,128,128,1,1,1,1,128,128,grouped_conv_forward_bf16_2d_128x128x64_compv4,91.66,29
163,4,288,672,1,128,128,1,1,1,1,128,128,grouped_conv_forward_bf16_2d_64x64x64_compv4,91.40,30
164,1,320,640,1,128,128,2,2,2,2,64,64,grouped_conv_forward_bf16_2d_128x128x64_compv5,218.34,1
164,1,320,640,1,128,128,2,2,2,2,64,64,grouped_conv_forward_bf16_2d_128x128x64_compv3,214.45,2
164,1,320,640,1,128,128,2,2,2,2,64,64,grouped_conv_forward_bf16_2d_64x128x64_compv5,199.95,3
164,1,320,640,1,128,128,2,2,2,2,64,64,grouped_conv_forward_bf16_2d_64x128x64_compv3,199.94,4
164,1,320,640,1,128,128,2,2,2,2,64,64,grouped_conv_forward_bf16_2d_128x64x128_compv5,195.97,5
164,1,320,640,1,128,128,2,2,2,2,64,64,grouped_conv_forward_bf16_2d_128x64x128_compv3,187.80,6
164,1,320,640,1,128,128,2,2,2,2,64,64,grouped_conv_forward_bf16_2d_64x64x128_compv5,186.48,7
164,1,320,640,1,128,128,2,2,2,2,64,64,grouped_conv_forward_bf16_2d_64x64x128_compv3,185.80,8
164,1,320,640,1,128,128,2,2,2,2,64,64,grouped_conv_forward_bf16_2d_32x128x64_compv3,182.40,9
164,1,320,640,1,128,128,2,2,2,2,64,64,grouped_conv_forward_bf16_2d_32x128x64_compv5,181.88,10
164,1,320,640,1,128,128,2,2,2,2,64,64,grouped_conv_forward_bf16_2d_32x64x128_compv3,177.12,11
164,1,320,640,1,128,128,2,2,2,2,64,64,grouped_conv_forward_bf16_2d_32x64x128_compv5,176.23,12
164,1,320,640,1,128,128,2,2,2,2,64,64,grouped_conv_forward_bf16_2d_64x64x64_compv5,167.91,13
164,1,320,640,1,128,128,2,2,2,2,64,64,grouped_conv_forward_bf16_2d_64x64x64_compv3,166.60,14
164,1,320,640,1,128,128,2,2,2,2,64,64,grouped_conv_forward_bf16_2d_32x64x64_compv5,146.77,15
164,1,320,640,1,128,128,2,2,2,2,64,64,grouped_conv_forward_bf16_2d_32x64x64_compv3,146.25,16
164,1,320,640,1,128,128,2,2,2,2,64,64,grouped_conv_forward_bf16_2d_16x64x128_compv5,143.41,17
164,1,320,640,1,128,128,2,2,2,2,64,64,grouped_conv_forward_bf16_2d_16x64x128_compv3,143.25,18
164,1,320,640,1,128,128,2,2,2,2,64,64,grouped_conv_forward_bf16_2d_32x128x64_compv4,139.69,19
164,1,320,640,1,128,128,2,2,2,2,64,64,grouped_conv_forward_bf16_2d_32x64x128_compv4,138.92,20
164,1,320,640,1,128,128,2,2,2,2,64,64,grouped_conv_forward_bf16_2d_32x64x64_compv4,138.09,21
164,1,320,640,1,128,128,2,2,2,2,64,64,grouped_conv_forward_bf16_2d_16x64x64_compv3,130.80,22
164,1,320,640,1,128,128,2,2,2,2,64,64,grouped_conv_forward_bf16_2d_16x64x64_compv5,130.79,23
164,1,320,640,1,128,128,2,2,2,2,64,64,grouped_conv_forward_bf16_2d_16x64x128_compv4,127.49,24
164,1,320,640,1,128,128,2,2,2,2,64,64,grouped_conv_forward_bf16_2d_16x64x64_compv4,124.63,25
164,1,320,640,1,128,128,2,2,2,2,64,64,grouped_conv_forward_bf16_2d_64x64x64_compv4,107.39,26
164,1,320,640,1,128,128,2,2,2,2,64,64,grouped_conv_forward_bf16_2d_128x64x128_compv4,106.99,27
164,1,320,640,1,128,128,2,2,2,2,64,64,grouped_conv_forward_bf16_2d_64x64x128_compv4,106.86,28
164,1,320,640,1,128,128,2,2,2,2,64,64,grouped_conv_forward_bf16_2d_128x128x64_compv4,105.43,29
164,1,320,640,1,128,128,2,2,2,2,64,64,grouped_conv_forward_bf16_2d_64x128x64_compv4,104.58,30
165,2,128,256,1,56,56,2,2,2,2,28,28,grouped_conv_forward_bf16_2d_16x64x128_compv3,50.26,1
165,2,128,256,1,56,56,2,2,2,2,28,28,grouped_conv_forward_bf16_2d_16x64x128_compv5,50.16,2
165,2,128,256,1,56,56,2,2,2,2,28,28,grouped_conv_forward_bf16_2d_16x64x64_compv4,49.36,3
165,2,128,256,1,56,56,2,2,2,2,28,28,grouped_conv_forward_bf16_2d_16x64x128_compv4,48.15,4
165,2,128,256,1,56,56,2,2,2,2,28,28,grouped_conv_forward_bf16_2d_32x64x128_compv5,47.84,5
165,2,128,256,1,56,56,2,2,2,2,28,28,grouped_conv_forward_bf16_2d_32x64x128_compv3,47.57,6
165,2,128,256,1,56,56,2,2,2,2,28,28,grouped_conv_forward_bf16_2d_32x128x64_compv4,46.48,7
165,2,128,256,1,56,56,2,2,2,2,28,28,grouped_conv_forward_bf16_2d_32x64x128_compv4,46.17,8
165,2,128,256,1,56,56,2,2,2,2,28,28,grouped_conv_forward_bf16_2d_16x64x64_compv5,45.60,9
165,2,128,256,1,56,56,2,2,2,2,28,28,grouped_conv_forward_bf16_2d_16x64x64_compv3,45.40,10
165,2,128,256,1,56,56,2,2,2,2,28,28,grouped_conv_forward_bf16_2d_32x64x64_compv4,45.18,11
165,2,128,256,1,56,56,2,2,2,2,28,28,grouped_conv_forward_bf16_2d_32x64x64_compv5,40.26,12
165,2,128,256,1,56,56,2,2,2,2,28,28,grouped_conv_forward_bf16_2d_32x64x64_compv3,39.78,13
165,2,128,256,1,56,56,2,2,2,2,28,28,grouped_conv_forward_bf16_2d_64x64x128_compv5,37.15,14
165,2,128,256,1,56,56,2,2,2,2,28,28,grouped_conv_forward_bf16_2d_64x64x128_compv3,37.09,15
165,2,128,256,1,56,56,2,2,2,2,28,28,grouped_conv_forward_bf16_2d_32x128x64_compv5,36.13,16
165,2,128,256,1,56,56,2,2,2,2,28,28,grouped_conv_forward_bf16_2d_32x128x64_compv3,36.05,17
165,2,128,256,1,56,56,2,2,2,2,28,28,grouped_conv_forward_bf16_2d_64x128x64_compv4,34.68,18
165,2,128,256,1,56,56,2,2,2,2,28,28,grouped_conv_forward_bf16_2d_64x64x128_compv4,34.18,19
165,2,128,256,1,56,56,2,2,2,2,28,28,grouped_conv_forward_bf16_2d_64x64x64_compv4,34.07,20
165,2,128,256,1,56,56,2,2,2,2,28,28,grouped_conv_forward_bf16_2d_64x64x64_compv3,32.80,21
165,2,128,256,1,56,56,2,2,2,2,28,28,grouped_conv_forward_bf16_2d_64x64x64_compv5,32.68,22
165,2,128,256,1,56,56,2,2,2,2,28,28,grouped_conv_forward_bf16_2d_128x64x128_compv3,32.28,23
165,2,128,256,1,56,56,2,2,2,2,28,28,grouped_conv_forward_bf16_2d_128x64x128_compv5,32.16,24
165,2,128,256,1,56,56,2,2,2,2,28,28,grouped_conv_forward_bf16_2d_128x128x64_compv4,31.60,25
165,2,128,256,1,56,56,2,2,2,2,28,28,grouped_conv_forward_bf16_2d_128x64x128_compv4,31.04,26
165,2,128,256,1,56,56,2,2,2,2,28,28,grouped_conv_forward_bf16_2d_64x128x64_compv5,29.56,27
165,2,128,256,1,56,56,2,2,2,2,28,28,grouped_conv_forward_bf16_2d_64x128x64_compv3,29.53,28
165,2,128,256,1,56,56,2,2,2,2,28,28,grouped_conv_forward_bf16_2d_128x128x64_compv5,25.53,29
165,2,128,256,1,56,56,2,2,2,2,28,28,grouped_conv_forward_bf16_2d_128x128x64_compv3,25.47,30
166,1,96,96,96,1024,1024,3,3,2,2,512,512,grouped_conv_forward_bf16_2d_64x64x64_compv5,90.58,1
166,1,96,96,96,1024,1024,3,3,2,2,512,512,grouped_conv_forward_bf16_2d_64x64x64_compv3,88.59,2
166,1,96,96,96,1024,1024,3,3,2,2,512,512,grouped_conv_forward_bf16_2d_32x128x64_compv5,88.07,3
166,1,96,96,96,1024,1024,3,3,2,2,512,512,grouped_conv_forward_bf16_2d_32x128x64_compv3,84.85,4
166,1,96,96,96,1024,1024,3,3,2,2,512,512,grouped_conv_forward_bf16_2d_64x128x64_compv5,83.60,5
166,1,96,96,96,1024,1024,3,3,2,2,512,512,grouped_conv_forward_bf16_2d_64x128x64_compv3,82.14,6
166,1,96,96,96,1024,1024,3,3,2,2,512,512,grouped_conv_forward_bf16_2d_32x64x64_compv5,81.84,7
166,1,96,96,96,1024,1024,3,3,2,2,512,512,grouped_conv_forward_bf16_2d_32x64x64_compv3,78.82,8
166,1,96,96,96,1024,1024,3,3,2,2,512,512,grouped_conv_forward_bf16_2d_128x128x64_compv5,77.60,9
166,1,96,96,96,1024,1024,3,3,2,2,512,512,grouped_conv_forward_bf16_2d_128x128x64_compv3,72.56,10
166,1,96,96,96,1024,1024,3,3,2,2,512,512,grouped_conv_forward_bf16_2d_16x64x64_compv5,66.38,11
166,1,96,96,96,1024,1024,3,3,2,2,512,512,grouped_conv_forward_bf16_2d_16x64x64_compv3,63.79,12
166,1,96,96,96,1024,1024,3,3,2,2,512,512,grouped_conv_forward_bf16_2d_32x64x128_compv5,63.53,13
166,1,96,96,96,1024,1024,3,3,2,2,512,512,grouped_conv_forward_bf16_2d_64x64x128_compv5,61.72,14
166,1,96,96,96,1024,1024,3,3,2,2,512,512,grouped_conv_forward_bf16_2d_32x64x128_compv3,61.26,15
166,1,96,96,96,1024,1024,3,3,2,2,512,512,grouped_conv_forward_bf16_2d_64x64x128_compv3,60.05,16
166,1,96,96,96,1024,1024,3,3,2,2,512,512,grouped_conv_forward_bf16_2d_128x64x128_compv5,54.68,17
166,1,96,96,96,1024,1024,3,3,2,2,512,512,grouped_conv_forward_bf16_2d_128x64x128_compv3,52.92,18
166,1,96,96,96,1024,1024,3,3,2,2,512,512,grouped_conv_forward_bf16_2d_16x64x128_compv5,50.54,19
166,1,96,96,96,1024,1024,3,3,2,2,512,512,grouped_conv_forward_bf16_2d_16x64x128_compv3,48.91,20
166,1,96,96,96,1024,1024,3,3,2,2,512,512,grouped_conv_forward_bf16_2d_32x64x128_compv4,34.87,21
166,1,96,96,96,1024,1024,3,3,2,2,512,512,grouped_conv_forward_bf16_2d_32x128x64_compv4,34.78,22
166,1,96,96,96,1024,1024,3,3,2,2,512,512,grouped_conv_forward_bf16_2d_32x64x64_compv4,33.12,23
166,1,96,96,96,1024,1024,3,3,2,2,512,512,grouped_conv_forward_bf16_2d_16x64x128_compv4,31.70,24
166,1,96,96,96,1024,1024,3,3,2,2,512,512,grouped_conv_forward_bf16_2d_16x64x64_compv4,30.27,25
166,1,96,96,96,1024,1024,3,3,2,2,512,512,grouped_conv_forward_bf16_2d_128x128x64_compv4,26.78,26
166,1,96,96,96,1024,1024,3,3,2,2,512,512,grouped_conv_forward_bf16_2d_128x64x128_compv4,26.73,27
166,1,96,96,96,1024,1024,3,3,2,2,512,512,grouped_conv_forward_bf16_2d_64x128x64_compv4,26.65,28
166,1,96,96,96,1024,1024,3,3,2,2,512,512,grouped_conv_forward_bf16_2d_64x64x128_compv4,26.30,29
166,1,96,96,96,1024,1024,3,3,2,2,512,512,grouped_conv_forward_bf16_2d_64x64x64_compv4,25.17,30
167,4,768,2304,1,64,64,1,1,1,1,64,64,grouped_conv_forward_bf16_2d_128x128x64_compv5,273.48,1
167,4,768,2304,1,64,64,1,1,1,1,64,64,grouped_conv_forward_bf16_2d_128x128x64_compv3,272.35,2
167,4,768,2304,1,64,64,1,1,1,1,64,64,grouped_conv_forward_bf16_2d_64x128x64_compv5,267.21,3
167,4,768,2304,1,64,64,1,1,1,1,64,64,grouped_conv_forward_bf16_2d_64x128x64_compv3,266.01,4
167,4,768,2304,1,64,64,1,1,1,1,64,64,grouped_conv_forward_bf16_2d_32x128x64_compv3,227.68,5
167,4,768,2304,1,64,64,1,1,1,1,64,64,grouped_conv_forward_bf16_2d_32x128x64_compv5,226.94,6
167,4,768,2304,1,64,64,1,1,1,1,64,64,grouped_conv_forward_bf16_2d_128x64x128_compv5,214.40,7
167,4,768,2304,1,64,64,1,1,1,1,64,64,grouped_conv_forward_bf16_2d_64x64x64_compv5,213.90,8
167,4,768,2304,1,64,64,1,1,1,1,64,64,grouped_conv_forward_bf16_2d_64x64x128_compv5,213.06,9
167,4,768,2304,1,64,64,1,1,1,1,64,64,grouped_conv_forward_bf16_2d_64x64x64_compv3,210.48,10
167,4,768,2304,1,64,64,1,1,1,1,64,64,grouped_conv_forward_bf16_2d_128x64x128_compv3,209.69,11
167,4,768,2304,1,64,64,1,1,1,1,64,64,grouped_conv_forward_bf16_2d_64x64x128_compv3,208.68,12
167,4,768,2304,1,64,64,1,1,1,1,64,64,grouped_conv_forward_bf16_2d_32x64x128_compv5,194.03,13
167,4,768,2304,1,64,64,1,1,1,1,64,64,grouped_conv_forward_bf16_2d_32x64x128_compv3,191.00,14
167,4,768,2304,1,64,64,1,1,1,1,64,64,grouped_conv_forward_bf16_2d_32x64x64_compv5,171.80,15
167,4,768,2304,1,64,64,1,1,1,1,64,64,grouped_conv_forward_bf16_2d_32x64x64_compv3,165.64,16
167,4,768,2304,1,64,64,1,1,1,1,64,64,grouped_conv_forward_bf16_2d_16x64x128_compv3,146.43,17
167,4,768,2304,1,64,64,1,1,1,1,64,64,grouped_conv_forward_bf16_2d_16x64x128_compv5,145.66,18
167,4,768,2304,1,64,64,1,1,1,1,64,64,grouped_conv_forward_bf16_2d_32x64x64_compv4,137.16,19
167,4,768,2304,1,64,64,1,1,1,1,64,64,grouped_conv_forward_bf16_2d_32x128x64_compv4,136.89,20
167,4,768,2304,1,64,64,1,1,1,1,64,64,grouped_conv_forward_bf16_2d_32x64x128_compv4,136.03,21
167,4,768,2304,1,64,64,1,1,1,1,64,64,grouped_conv_forward_bf16_2d_16x64x64_compv3,135.64,22
167,4,768,2304,1,64,64,1,1,1,1,64,64,grouped_conv_forward_bf16_2d_16x64x64_compv5,134.44,23
167,4,768,2304,1,64,64,1,1,1,1,64,64,grouped_conv_forward_bf16_2d_16x64x128_compv4,117.42,24
167,4,768,2304,1,64,64,1,1,1,1,64,64,grouped_conv_forward_bf16_2d_16x64x64_compv4,117.40,25
167,4,768,2304,1,64,64,1,1,1,1,64,64,grouped_conv_forward_bf16_2d_128x64x128_compv4,110.94,26
167,4,768,2304,1,64,64,1,1,1,1,64,64,grouped_conv_forward_bf16_2d_128x128x64_compv4,110.23,27
167,4,768,2304,1,64,64,1,1,1,1,64,64,grouped_conv_forward_bf16_2d_64x64x64_compv4,104.83,28
167,4,768,2304,1,64,64,1,1,1,1,64,64,grouped_conv_forward_bf16_2d_64x64x128_compv4,102.14,29
167,4,768,2304,1,64,64,1,1,1,1,64,64,grouped_conv_forward_bf16_2d_64x128x64_compv4,98.02,30
168,1,208,26,1,1,1,1,1,1,1,1,1,grouped_conv_forward_bf16_2d_16x64x128_compv4,0.15,1
168,1,208,26,1,1,1,1,1,1,1,1,1,grouped_conv_forward_bf16_2d_16x64x128_compv5,0.14,2
168,1,208,26,1,1,1,1,1,1,1,1,1,grouped_conv_forward_bf16_2d_32x64x128_compv5,0.14,3
168,1,208,26,1,1,1,1,1,1,1,1,1,grouped_conv_forward_bf16_2d_16x64x64_compv4,0.13,4
168,1,208,26,1,1,1,1,1,1,1,1,1,grouped_conv_forward_bf16_2d_16x64x128_compv3,0.13,5
168,1,208,26,1,1,1,1,1,1,1,1,1,grouped_conv_forward_bf16_2d_32x128x64_compv4,0.12,6
168,1,208,26,1,1,1,1,1,1,1,1,1,grouped_conv_forward_bf16_2d_32x128x64_compv5,0.12,7
168,1,208,26,1,1,1,1,1,1,1,1,1,grouped_conv_forward_bf16_2d_32x64x128_compv3,0.12,8
168,1,208,26,1,1,1,1,1,1,1,1,1,grouped_conv_forward_bf16_2d_16x64x64_compv5,0.11,9
168,1,208,26,1,1,1,1,1,1,1,1,1,grouped_conv_forward_bf16_2d_64x64x128_compv5,0.11,10
168,1,208,26,1,1,1,1,1,1,1,1,1,grouped_conv_forward_bf16_2d_128x64x128_compv3,0.11,11
168,1,208,26,1,1,1,1,1,1,1,1,1,grouped_conv_forward_bf16_2d_32x64x128_compv4,0.11,12
168,1,208,26,1,1,1,1,1,1,1,1,1,grouped_conv_forward_bf16_2d_128x64x128_compv5,0.10,13
168,1,208,26,1,1,1,1,1,1,1,1,1,grouped_conv_forward_bf16_2d_64x64x128_compv3,0.10,14
168,1,208,26,1,1,1,1,1,1,1,1,1,grouped_conv_forward_bf16_2d_32x64x64_compv5,0.10,15
168,1,208,26,1,1,1,1,1,1,1,1,1,grouped_conv_forward_bf16_2d_16x64x64_compv3,0.10,16
168,1,208,26,1,1,1,1,1,1,1,1,1,grouped_conv_forward_bf16_2d_32x64x64_compv4,0.10,17
168,1,208,26,1,1,1,1,1,1,1,1,1,grouped_conv_forward_bf16_2d_64x128x64_compv4,0.10,18
168,1,208,26,1,1,1,1,1,1,1,1,1,grouped_conv_forward_bf16_2d_64x128x64_compv5,0.10,19
168,1,208,26,1,1,1,1,1,1,1,1,1,grouped_conv_forward_bf16_2d_128x128x64_compv4,0.10,20
168,1,208,26,1,1,1,1,1,1,1,1,1,grouped_conv_forward_bf16_2d_128x64x128_compv4,0.10,21
168,1,208,26,1,1,1,1,1,1,1,1,1,grouped_conv_forward_bf16_2d_32x128x64_compv3,0.10,22
168,1,208,26,1,1,1,1,1,1,1,1,1,grouped_conv_forward_bf16_2d_64x128x64_compv3,0.09,23
168,1,208,26,1,1,1,1,1,1,1,1,1,grouped_conv_forward_bf16_2d_64x64x128_compv4,0.09,24
168,1,208,26,1,1,1,1,1,1,1,1,1,grouped_conv_forward_bf16_2d_64x64x64_compv5,0.09,25
168,1,208,26,1,1,1,1,1,1,1,1,1,grouped_conv_forward_bf16_2d_128x128x64_compv5,0.09,26
168,1,208,26,1,1,1,1,1,1,1,1,1,grouped_conv_forward_bf16_2d_128x128x64_compv3,0.09,27
168,1,208,26,1,1,1,1,1,1,1,1,1,grouped_conv_forward_bf16_2d_32x64x64_compv3,0.08,28
168,1,208,26,1,1,1,1,1,1,1,1,1,grouped_conv_forward_bf16_2d_64x64x64_compv3,0.08,29
168,1,208,26,1,1,1,1,1,1,1,1,1,grouped_conv_forward_bf16_2d_64x64x64_compv4,0.08,30
169,1,32,32,1,256,256,3,3,2,2,128,128,grouped_conv_forward_bf16_2d_32x64x128_compv5,76.64,1
169,1,32,32,1,256,256,3,3,2,2,128,128,grouped_conv_forward_bf16_2d_32x64x128_compv3,75.54,2
169,1,32,32,1,256,256,3,3,2,2,128,128,grouped_conv_forward_bf16_2d_64x64x128_compv5,75.01,3
169,1,32,32,1,256,256,3,3,2,2,128,128,grouped_conv_forward_bf16_2d_128x64x128_compv5,73.09,4
169,1,32,32,1,256,256,3,3,2,2,128,128,grouped_conv_forward_bf16_2d_64x64x128_compv3,71.97,5
169,1,32,32,1,256,256,3,3,2,2,128,128,grouped_conv_forward_bf16_2d_16x64x128_compv5,70.26,6
169,1,32,32,1,256,256,3,3,2,2,128,128,grouped_conv_forward_bf16_2d_128x64x128_compv3,68.59,7
169,1,32,32,1,256,256,3,3,2,2,128,128,grouped_conv_forward_bf16_2d_16x64x128_compv3,68.18,8
169,1,32,32,1,256,256,3,3,2,2,128,128,grouped_conv_forward_bf16_2d_32x64x128_compv4,67.39,9
169,1,32,32,1,256,256,3,3,2,2,128,128,grouped_conv_forward_bf16_2d_64x64x128_compv4,61.08,10
169,1,32,32,1,256,256,3,3,2,2,128,128,grouped_conv_forward_bf16_2d_128x64x128_compv4,59.60,11
169,1,32,32,1,256,256,3,3,2,2,128,128,grouped_conv_forward_bf16_2d_16x64x128_compv4,59.57,12
169,1,32,32,1,256,256,3,3,2,2,128,128,grouped_conv_forward_bf16_2d_32x64x64_compv4,59.15,13
169,1,32,32,1,256,256,3,3,2,2,128,128,grouped_conv_forward_bf16_2d_64x64x64_compv5,58.64,14
169,1,32,32,1,256,256,3,3,2,2,128,128,grouped_conv_forward_bf16_2d_32x64x64_compv5,58.48,15
169,1,32,32,1,256,256,3,3,2,2,128,128,grouped_conv_forward_bf16_2d_32x64x64_compv3,58.27,16
169,1,32,32,1,256,256,3,3,2,2,128,128,grouped_conv_forward_bf16_2d_64x64x64_compv3,56.55,17
169,1,32,32,1,256,256,3,3,2,2,128,128,grouped_conv_forward_bf16_2d_64x64x64_compv4,54.99,18
169,1,32,32,1,256,256,3,3,2,2,128,128,grouped_conv_forward_bf16_2d_16x64x64_compv5,54.82,19
169,1,32,32,1,256,256,3,3,2,2,128,128,grouped_conv_forward_bf16_2d_16x64x64_compv3,54.50,20
169,1,32,32,1,256,256,3,3,2,2,128,128,grouped_conv_forward_bf16_2d_16x64x64_compv4,53.58,21
169,1,32,32,1,256,256,3,3,2,2,128,128,grouped_conv_forward_bf16_2d_32x128x64_compv3,49.85,22
169,1,32,32,1,256,256,3,3,2,2,128,128,grouped_conv_forward_bf16_2d_32x128x64_compv5,49.37,23
169,1,32,32,1,256,256,3,3,2,2,128,128,grouped_conv_forward_bf16_2d_32x128x64_compv4,48.18,24
169,1,32,32,1,256,256,3,3,2,2,128,128,grouped_conv_forward_bf16_2d_128x128x64_compv5,46.53,25
169,1,32,32,1,256,256,3,3,2,2,128,128,grouped_conv_forward_bf16_2d_64x128x64_compv5,44.90,26
169,1,32,32,1,256,256,3,3,2,2,128,128,grouped_conv_forward_bf16_2d_64x128x64_compv3,43.63,27
169,1,32,32,1,256,256,3,3,2,2,128,128,grouped_conv_forward_bf16_2d_128x128x64_compv3,41.90,28
169,1,32,32,1,256,256,3,3,2,2,128,128,grouped_conv_forward_bf16_2d_64x128x64_compv4,39.36,29
169,1,32,32,1,256,256,3,3,2,2,128,128,grouped_conv_forward_bf16_2d_128x128x64_compv4,38.76,30
170,1,4,4,1,96,96,1,1,1,1,96,96,grouped_conv_forward_bf16_2d_16x64x128_compv3,11.07,1
170,1,4,4,1,96,96,1,1,1,1,96,96,grouped_conv_forward_bf16_2d_32x128x64_compv3,10.91,2
170,1,4,4,1,96,96,1,1,1,1,96,96,grouped_conv_forward_bf16_2d_32x64x128_compv3,10.88,3
170,1,4,4,1,96,96,1,1,1,1,96,96,grouped_conv_forward_bf16_2d_32x128x64_compv5,10.85,4
170,1,4,4,1,96,96,1,1,1,1,96,96,grouped_conv_forward_bf16_2d_16x64x128_compv5,10.81,5
170,1,4,4,1,96,96,1,1,1,1,96,96,grouped_conv_forward_bf16_2d_32x64x128_compv5,10.81,6
170,1,4,4,1,96,96,1,1,1,1,96,96,grouped_conv_forward_bf16_2d_32x64x64_compv5,10.42,7
170,1,4,4,1,96,96,1,1,1,1,96,96,grouped_conv_forward_bf16_2d_32x64x64_compv3,10.16,8
170,1,4,4,1,96,96,1,1,1,1,96,96,grouped_conv_forward_bf16_2d_16x64x64_compv5,10.14,9
170,1,4,4,1,96,96,1,1,1,1,96,96,grouped_conv_forward_bf16_2d_16x64x64_compv3,10.13,10
170,1,4,4,1,96,96,1,1,1,1,96,96,grouped_conv_forward_bf16_2d_64x64x128_compv3,10.09,11
170,1,4,4,1,96,96,1,1,1,1,96,96,grouped_conv_forward_bf16_2d_64x128x64_compv3,9.92,12
170,1,4,4,1,96,96,1,1,1,1,96,96,grouped_conv_forward_bf16_2d_64x64x128_compv5,9.91,13
170,1,4,4,1,96,96,1,1,1,1,96,96,grouped_conv_forward_bf16_2d_32x64x128_compv4,9.85,14
170,1,4,4,1,96,96,1,1,1,1,96,96,grouped_conv_forward_bf16_2d_64x128x64_compv5,9.76,15
170,1,4,4,1,96,96,1,1,1,1,96,96,grouped_conv_forward_bf16_2d_16x64x128_compv4,9.64,16
170,1,4,4,1,96,96,1,1,1,1,96,96,grouped_conv_forward_bf16_2d_32x128x64_compv4,9.27,17
170,1,4,4,1,96,96,1,1,1,1,96,96,grouped_conv_forward_bf16_2d_64x64x64_compv5,9.13,18
170,1,4,4,1,96,96,1,1,1,1,96,96,grouped_conv_forward_bf16_2d_64x64x64_compv3,9.12,19
170,1,4,4,1,96,96,1,1,1,1,96,96,grouped_conv_forward_bf16_2d_128x64x128_compv3,8.87,20
170,1,4,4,1,96,96,1,1,1,1,96,96,grouped_conv_forward_bf16_2d_128x128x64_compv3,8.74,21
170,1,4,4,1,96,96,1,1,1,1,96,96,grouped_conv_forward_bf16_2d_128x64x128_compv5,8.71,22
170,1,4,4,1,96,96,1,1,1,1,96,96,grouped_conv_forward_bf16_2d_128x128x64_compv5,8.58,23
170,1,4,4,1,96,96,1,1,1,1,96,96,grouped_conv_forward_bf16_2d_128x64x128_compv4,8.28,24
170,1,4,4,1,96,96,1,1,1,1,96,96,grouped_conv_forward_bf16_2d_64x64x128_compv4,8.20,25
170,1,4,4,1,96,96,1,1,1,1,96,96,grouped_conv_forward_bf16_2d_32x64x64_compv4,8.05,26
170,1,4,4,1,96,96,1,1,1,1,96,96,grouped_conv_forward_bf16_2d_16x64x64_compv4,7.94,27
170,1,4,4,1,96,96,1,1,1,1,96,96,grouped_conv_forward_bf16_2d_128x128x64_compv4,7.59,28
170,1,4,4,1,96,96,1,1,1,1,96,96,grouped_conv_forward_bf16_2d_64x128x64_compv4,7.49,29
170,1,4,4,1,96,96,1,1,1,1,96,96,grouped_conv_forward_bf16_2d_64x64x64_compv4,7.11,30
171,4,672,192,1,128,128,1,1,1,1,128,128,grouped_conv_forward_bf16_2d_128x128x64_compv5,254.25,1
171,4,672,192,1,128,128,1,1,1,1,128,128,grouped_conv_forward_bf16_2d_128x128x64_compv3,248.85,2
171,4,672,192,1,128,128,1,1,1,1,128,128,grouped_conv_forward_bf16_2d_64x128x64_compv3,247.62,3
171,4,672,192,1,128,128,1,1,1,1,128,128,grouped_conv_forward_bf16_2d_64x128x64_compv5,246.81,4
171,4,672,192,1,128,128,1,1,1,1,128,128,grouped_conv_forward_bf16_2d_32x128x64_compv3,217.55,5
171,4,672,192,1,128,128,1,1,1,1,128,128,grouped_conv_forward_bf16_2d_32x128x64_compv5,217.53,6
171,4,672,192,1,128,128,1,1,1,1,128,128,grouped_conv_forward_bf16_2d_128x64x128_compv5,194.19,7
171,4,672,192,1,128,128,1,1,1,1,128,128,grouped_conv_forward_bf16_2d_128x64x128_compv3,194.13,8
171,4,672,192,1,128,128,1,1,1,1,128,128,grouped_conv_forward_bf16_2d_64x64x64_compv3,193.37,9
171,4,672,192,1,128,128,1,1,1,1,128,128,grouped_conv_forward_bf16_2d_64x64x128_compv3,192.27,10
171,4,672,192,1,128,128,1,1,1,1,128,128,grouped_conv_forward_bf16_2d_64x64x64_compv5,192.26,11
171,4,672,192,1,128,128,1,1,1,1,128,128,grouped_conv_forward_bf16_2d_64x64x128_compv5,191.66,12
171,4,672,192,1,128,128,1,1,1,1,128,128,grouped_conv_forward_bf16_2d_32x64x128_compv5,183.48,13
171,4,672,192,1,128,128,1,1,1,1,128,128,grouped_conv_forward_bf16_2d_32x64x128_compv3,182.55,14
171,4,672,192,1,128,128,1,1,1,1,128,128,grouped_conv_forward_bf16_2d_32x64x64_compv5,157.12,15
171,4,672,192,1,128,128,1,1,1,1,128,128,grouped_conv_forward_bf16_2d_32x64x64_compv3,156.84,16
171,4,672,192,1,128,128,1,1,1,1,128,128,grouped_conv_forward_bf16_2d_16x64x128_compv5,135.85,17
171,4,672,192,1,128,128,1,1,1,1,128,128,grouped_conv_forward_bf16_2d_16x64x128_compv3,135.27,18
171,4,672,192,1,128,128,1,1,1,1,128,128,grouped_conv_forward_bf16_2d_16x64x64_compv5,132.99,19
171,4,672,192,1,128,128,1,1,1,1,128,128,grouped_conv_forward_bf16_2d_16x64x64_compv3,132.86,20
171,4,672,192,1,128,128,1,1,1,1,128,128,grouped_conv_forward_bf16_2d_32x64x64_compv4,130.61,21
171,4,672,192,1,128,128,1,1,1,1,128,128,grouped_conv_forward_bf16_2d_32x128x64_compv4,129.86,22
171,4,672,192,1,128,128,1,1,1,1,128,128,grouped_conv_forward_bf16_2d_32x64x128_compv4,123.16,23
171,4,672,192,1,128,128,1,1,1,1,128,128,grouped_conv_forward_bf16_2d_16x64x64_compv4,108.46,24
171,4,672,192,1,128,128,1,1,1,1,128,128,grouped_conv_forward_bf16_2d_128x128x64_compv4,104.14,25
171,4,672,192,1,128,128,1,1,1,1,128,128,grouped_conv_forward_bf16_2d_16x64x128_compv4,103.09,26
171,4,672,192,1,128,128,1,1,1,1,128,128,grouped_conv_forward_bf16_2d_64x128x64_compv4,103.04,27
171,4,672,192,1,128,128,1,1,1,1,128,128,grouped_conv_forward_bf16_2d_64x64x64_compv4,101.50,28
171,4,672,192,1,128,128,1,1,1,1,128,128,grouped_conv_forward_bf16_2d_128x64x128_compv4,99.21,29
171,4,672,192,1,128,128,1,1,1,1,128,128,grouped_conv_forward_bf16_2d_64x64x128_compv4,96.54,30
172,4,2688,448,1,12,12,1,1,1,1,12,12,grouped_conv_forward_bf16_2d_16x64x64_compv4,59.63,1
172,4,2688,448,1,12,12,1,1,1,1,12,12,grouped_conv_forward_bf16_2d_16x64x128_compv5,52.68,2
172,4,2688,448,1,12,12,1,1,1,1,12,12,grouped_conv_forward_bf16_2d_16x64x128_compv3,52.55,3
172,4,2688,448,1,12,12,1,1,1,1,12,12,grouped_conv_forward_bf16_2d_32x64x64_compv4,52.45,4
172,4,2688,448,1,12,12,1,1,1,1,12,12,grouped_conv_forward_bf16_2d_16x64x128_compv4,51.98,5
172,4,2688,448,1,12,12,1,1,1,1,12,12,grouped_conv_forward_bf16_2d_32x64x128_compv5,48.38,6
172,4,2688,448,1,12,12,1,1,1,1,12,12,grouped_conv_forward_bf16_2d_16x64x64_compv3,48.25,7
172,4,2688,448,1,12,12,1,1,1,1,12,12,grouped_conv_forward_bf16_2d_16x64x64_compv5,48.22,8
172,4,2688,448,1,12,12,1,1,1,1,12,12,grouped_conv_forward_bf16_2d_32x64x128_compv3,48.16,9
172,4,2688,448,1,12,12,1,1,1,1,12,12,grouped_conv_forward_bf16_2d_32x128x64_compv4,44.26,10
172,4,2688,448,1,12,12,1,1,1,1,12,12,grouped_conv_forward_bf16_2d_32x64x128_compv4,43.89,11
172,4,2688,448,1,12,12,1,1,1,1,12,12,grouped_conv_forward_bf16_2d_32x64x64_compv5,39.73,12
172,4,2688,448,1,12,12,1,1,1,1,12,12,grouped_conv_forward_bf16_2d_32x64x64_compv3,39.41,13
172,4,2688,448,1,12,12,1,1,1,1,12,12,grouped_conv_forward_bf16_2d_128x64x128_compv5,38.23,14
172,4,2688,448,1,12,12,1,1,1,1,12,12,grouped_conv_forward_bf16_2d_128x64x128_compv3,38.12,15
172,4,2688,448,1,12,12,1,1,1,1,12,12,grouped_conv_forward_bf16_2d_64x64x128_compv5,37.67,16
172,4,2688,448,1,12,12,1,1,1,1,12,12,grouped_conv_forward_bf16_2d_64x64x128_compv3,37.53,17
172,4,2688,448,1,12,12,1,1,1,1,12,12,grouped_conv_forward_bf16_2d_64x64x64_compv4,35.09,18
172,4,2688,448,1,12,12,1,1,1,1,12,12,grouped_conv_forward_bf16_2d_64x128x64_compv4,34.02,19
172,4,2688,448,1,12,12,1,1,1,1,12,12,grouped_conv_forward_bf16_2d_128x128x64_compv4,33.72,20
172,4,2688,448,1,12,12,1,1,1,1,12,12,grouped_conv_forward_bf16_2d_64x64x64_compv5,32.47,21
172,4,2688,448,1,12,12,1,1,1,1,12,12,grouped_conv_forward_bf16_2d_64x64x64_compv3,32.46,22
172,4,2688,448,1,12,12,1,1,1,1,12,12,grouped_conv_forward_bf16_2d_64x64x128_compv4,29.88,23
172,4,2688,448,1,12,12,1,1,1,1,12,12,grouped_conv_forward_bf16_2d_32x128x64_compv5,29.85,24
172,4,2688,448,1,12,12,1,1,1,1,12,12,grouped_conv_forward_bf16_2d_32x128x64_compv3,29.80,25
172,4,2688,448,1,12,12,1,1,1,1,12,12,grouped_conv_forward_bf16_2d_128x64x128_compv4,29.72,26
172,4,2688,448,1,12,12,1,1,1,1,12,12,grouped_conv_forward_bf16_2d_128x128x64_compv3,27.85,27
172,4,2688,448,1,12,12,1,1,1,1,12,12,grouped_conv_forward_bf16_2d_128x128x64_compv5,27.83,28
172,4,2688,448,1,12,12,1,1,1,1,12,12,grouped_conv_forward_bf16_2d_64x128x64_compv5,27.61,29
172,4,2688,448,1,12,12,1,1,1,1,12,12,grouped_conv_forward_bf16_2d_64x128x64_compv3,27.56,30
173,4,1500,1500,1500,128,128,3,3,1,1,128,128,grouped_conv_forward_bf16_2d_32x128x64_compv3,124.55,1
173,4,1500,1500,1500,128,128,3,3,1,1,128,128,grouped_conv_forward_bf16_2d_64x128x64_compv3,123.60,2
173,4,1500,1500,1500,128,128,3,3,1,1,128,128,grouped_conv_forward_bf16_2d_32x128x64_compv5,123.37,3
173,4,1500,1500,1500,128,128,3,3,1,1,128,128,grouped_conv_forward_bf16_2d_64x128x64_compv5,121.55,4
173,4,1500,1500,1500,128,128,3,3,1,1,128,128,grouped_conv_forward_bf16_2d_128x128x64_compv5,107.58,5
173,4,1500,1500,1500,128,128,3,3,1,1,128,128,grouped_conv_forward_bf16_2d_64x64x64_compv3,104.47,6
173,4,1500,1500,1500,128,128,3,3,1,1,128,128,grouped_conv_forward_bf16_2d_64x64x64_compv5,104.34,7
173,4,1500,1500,1500,128,128,3,3,1,1,128,128,grouped_conv_forward_bf16_2d_128x128x64_compv3,104.30,8
173,4,1500,1500,1500,128,128,3,3,1,1,128,128,grouped_conv_forward_bf16_2d_32x64x64_compv5,89.43,9
173,4,1500,1500,1500,128,128,3,3,1,1,128,128,grouped_conv_forward_bf16_2d_32x64x64_compv3,88.91,10
173,4,1500,1500,1500,128,128,3,3,1,1,128,128,grouped_conv_forward_bf16_2d_32x64x128_compv3,85.44,11
173,4,1500,1500,1500,128,128,3,3,1,1,128,128,grouped_conv_forward_bf16_2d_32x64x128_compv5,84.81,12
173,4,1500,1500,1500,128,128,3,3,1,1,128,128,grouped_conv_forward_bf16_2d_64x64x128_compv3,84.01,13
173,4,1500,1500,1500,128,128,3,3,1,1,128,128,grouped_conv_forward_bf16_2d_64x64x128_compv5,82.81,14
173,4,1500,1500,1500,128,128,3,3,1,1,128,128,grouped_conv_forward_bf16_2d_128x64x128_compv3,77.19,15
173,4,1500,1500,1500,128,128,3,3,1,1,128,128,grouped_conv_forward_bf16_2d_16x64x64_compv3,76.95,16
173,4,1500,1500,1500,128,128,3,3,1,1,128,128,grouped_conv_forward_bf16_2d_16x64x64_compv5,76.78,17
173,4,1500,1500,1500,128,128,3,3,1,1,128,128,grouped_conv_forward_bf16_2d_128x64x128_compv5,75.87,18
173,4,1500,1500,1500,128,128,3,3,1,1,128,128,grouped_conv_forward_bf16_2d_16x64x128_compv3,73.07,19
173,4,1500,1500,1500,128,128,3,3,1,1,128,128,grouped_conv_forward_bf16_2d_16x64x128_compv5,72.30,20
173,4,1500,1500,1500,128,128,3,3,1,1,128,128,grouped_conv_forward_bf16_2d_32x128x64_compv4,40.42,21
173,4,1500,1500,1500,128,128,3,3,1,1,128,128,grouped_conv_forward_bf16_2d_32x64x128_compv4,40.38,22
173,4,1500,1500,1500,128,128,3,3,1,1,128,128,grouped_conv_forward_bf16_2d_16x64x128_compv4,38.40,23
173,4,1500,1500,1500,128,128,3,3,1,1,128,128,grouped_conv_forward_bf16_2d_32x64x64_compv4,37.57,24
173,4,1500,1500,1500,128,128,3,3,1,1,128,128,grouped_conv_forward_bf16_2d_16x64x64_compv4,36.04,25
173,4,1500,1500,1500,128,128,3,3,1,1,128,128,grouped_conv_forward_bf16_2d_64x128x64_compv4,30.56,26
173,4,1500,1500,1500,128,128,3,3,1,1,128,128,grouped_conv_forward_bf16_2d_128x64x128_compv4,30.53,27
173,4,1500,1500,1500,128,128,3,3,1,1,128,128,grouped_conv_forward_bf16_2d_128x128x64_compv4,30.16,28
173,4,1500,1500,1500,128,128,3,3,1,1,128,128,grouped_conv_forward_bf16_2d_64x64x128_compv4,28.87,29
173,4,1500,1500,1500,128,128,3,3,1,1,128,128,grouped_conv_forward_bf16_2d_64x64x64_compv4,27.48,30
174,1,96,96,96,257,257,3,3,2,2,128,128,grouped_conv_forward_bf16_2d_32x128x64_compv5,42.16,1
174,1,96,96,96,257,257,3,3,2,2,128,128,grouped_conv_forward_bf16_2d_32x128x64_compv3,40.48,2
174,1,96,96,96,257,257,3,3,2,2,128,128,grouped_conv_forward_bf16_2d_128x128x64_compv5,40.41,3
174,1,96,96,96,257,257,3,3,2,2,128,128,grouped_conv_forward_bf16_2d_64x128x64_compv5,40.05,4
174,1,96,96,96,257,257,3,3,2,2,128,128,grouped_conv_forward_bf16_2d_64x128x64_compv3,38.24,5
174,1,96,96,96,257,257,3,3,2,2,128,128,grouped_conv_forward_bf16_2d_128x128x64_compv3,36.43,6
174,1,96,96,96,257,257,3,3,2,2,128,128,grouped_conv_forward_bf16_2d_32x64x64_compv5,32.98,7
174,1,96,96,96,257,257,3,3,2,2,128,128,grouped_conv_forward_bf16_2d_64x64x64_compv5,32.81,8
174,1,96,96,96,257,257,3,3,2,2,128,128,grouped_conv_forward_bf16_2d_32x64x128_compv5,32.51,9
174,1,96,96,96,257,257,3,3,2,2,128,128,grouped_conv_forward_bf16_2d_64x64x128_compv5,32.28,10
174,1,96,96,96,257,257,3,3,2,2,128,128,grouped_conv_forward_bf16_2d_128x64x128_compv5,31.76,11
174,1,96,96,96,257,257,3,3,2,2,128,128,grouped_conv_forward_bf16_2d_32x64x64_compv3,31.61,12
174,1,96,96,96,257,257,3,3,2,2,128,128,grouped_conv_forward_bf16_2d_64x64x64_compv3,31.56,13
174,1,96,96,96,257,257,3,3,2,2,128,128,grouped_conv_forward_bf16_2d_32x64x128_compv3,31.24,14
174,1,96,96,96,257,257,3,3,2,2,128,128,grouped_conv_forward_bf16_2d_64x64x128_compv3,30.70,15
174,1,96,96,96,257,257,3,3,2,2,128,128,grouped_conv_forward_bf16_2d_128x64x128_compv3,29.99,16
174,1,96,96,96,257,257,3,3,2,2,128,128,grouped_conv_forward_bf16_2d_16x64x64_compv5,29.30,17
174,1,96,96,96,257,257,3,3,2,2,128,128,grouped_conv_forward_bf16_2d_16x64x128_compv5,28.86,18
174,1,96,96,96,257,257,3,3,2,2,128,128,grouped_conv_forward_bf16_2d_16x64x64_compv3,28.33,19
174,1,96,96,96,257,257,3,3,2,2,128,128,grouped_conv_forward_bf16_2d_16x64x128_compv3,27.97,20
174,1,96,96,96,257,257,3,3,2,2,128,128,grouped_conv_forward_bf16_2d_32x64x64_compv4,21.31,21
174,1,96,96,96,257,257,3,3,2,2,128,128,grouped_conv_forward_bf16_2d_32x128x64_compv4,20.65,22
174,1,96,96,96,257,257,3,3,2,2,128,128,grouped_conv_forward_bf16_2d_32x64x128_compv4,20.17,23
174,1,96,96,96,257,257,3,3,2,2,128,128,grouped_conv_forward_bf16_2d_16x64x64_compv4,19.37,24
174,1,96,96,96,257,257,3,3,2,2,128,128,grouped_conv_forward_bf16_2d_128x64x128_compv4,18.84,25
174,1,96,96,96,257,257,3,3,2,2,128,128,grouped_conv_forward_bf16_2d_64x128x64_compv4,18.69,26
174,1,96,96,96,257,257,3,3,2,2,128,128,grouped_conv_forward_bf16_2d_64x64x64_compv4,18.53,27
174,1,96,96,96,257,257,3,3,2,2,128,128,grouped_conv_forward_bf16_2d_128x128x64_compv4,18.53,28
174,1,96,96,96,257,257,3,3,2,2,128,128,grouped_conv_forward_bf16_2d_64x64x128_compv4,18.47,29
174,1,96,96,96,257,257,3,3,2,2,128,128,grouped_conv_forward_bf16_2d_16x64x128_compv4,18.24,30
175,4,96,96,1,512,512,3,3,1,1,512,512,grouped_conv_forward_bf16_2d_64x64x64_compv3,191.98,1
175,4,96,96,1,512,512,3,3,1,1,512,512,grouped_conv_forward_bf16_2d_128x128x64_compv3,189.90,2
175,4,96,96,1,512,512,3,3,1,1,512,512,grouped_conv_forward_bf16_2d_128x128x64_compv5,189.65,3
175,4,96,96,1,512,512,3,3,1,1,512,512,grouped_conv_forward_bf16_2d_128x64x128_compv3,189.31,4
175,4,96,96,1,512,512,3,3,1,1,512,512,grouped_conv_forward_bf16_2d_64x64x128_compv3,182.98,5
175,4,96,96,1,512,512,3,3,1,1,512,512,grouped_conv_forward_bf16_2d_64x64x64_compv5,182.91,6
175,4,96,96,1,512,512,3,3,1,1,512,512,grouped_conv_forward_bf16_2d_64x128x64_compv3,179.12,7
175,4,96,96,1,512,512,3,3,1,1,512,512,grouped_conv_forward_bf16_2d_128x64x128_compv5,178.44,8
175,4,96,96,1,512,512,3,3,1,1,512,512,grouped_conv_forward_bf16_2d_64x64x128_compv5,174.33,9
175,4,96,96,1,512,512,3,3,1,1,512,512,grouped_conv_forward_bf16_2d_32x128x64_compv3,172.08,10
175,4,96,96,1,512,512,3,3,1,1,512,512,grouped_conv_forward_bf16_2d_32x128x64_compv5,169.95,11
175,4,96,96,1,512,512,3,3,1,1,512,512,grouped_conv_forward_bf16_2d_32x64x128_compv3,166.19,12
175,4,96,96,1,512,512,3,3,1,1,512,512,grouped_conv_forward_bf16_2d_32x64x128_compv5,163.83,13
175,4,96,96,1,512,512,3,3,1,1,512,512,grouped_conv_forward_bf16_2d_32x64x64_compv5,158.88,14
175,4,96,96,1,512,512,3,3,1,1,512,512,grouped_conv_forward_bf16_2d_32x64x64_compv3,158.06,15
175,4,96,96,1,512,512,3,3,1,1,512,512,grouped_conv_forward_bf16_2d_64x128x64_compv5,157.71,16
175,4,96,96,1,512,512,3,3,1,1,512,512,grouped_conv_forward_bf16_2d_16x64x128_compv5,129.96,17
175,4,96,96,1,512,512,3,3,1,1,512,512,grouped_conv_forward_bf16_2d_16x64x128_compv3,129.61,18
175,4,96,96,1,512,512,3,3,1,1,512,512,grouped_conv_forward_bf16_2d_16x64x64_compv3,128.00,19
175,4,96,96,1,512,512,3,3,1,1,512,512,grouped_conv_forward_bf16_2d_16x64x64_compv5,126.10,20
175,4,96,96,1,512,512,3,3,1,1,512,512,grouped_conv_forward_bf16_2d_32x64x128_compv4,122.21,21
175,4,96,96,1,512,512,3,3,1,1,512,512,grouped_conv_forward_bf16_2d_32x128x64_compv4,121.22,22
175,4,96,96,1,512,512,3,3,1,1,512,512,grouped_conv_forward_bf16_2d_32x64x64_compv4,120.14,23
175,4,96,96,1,512,512,3,3,1,1,512,512,grouped_conv_forward_bf16_2d_16x64x128_compv4,105.71,24
175,4,96,96,1,512,512,3,3,1,1,512,512,grouped_conv_forward_bf16_2d_128x128x64_compv4,104.01,25
175,4,96,96,1,512,512,3,3,1,1,512,512,grouped_conv_forward_bf16_2d_16x64x64_compv4,102.56,26
175,4,96,96,1,512,512,3,3,1,1,512,512,grouped_conv_forward_bf16_2d_64x64x128_compv4,102.05,27
175,4,96,96,1,512,512,3,3,1,1,512,512,grouped_conv_forward_bf16_2d_128x64x128_compv4,100.92,28
175,4,96,96,1,512,512,3,3,1,1,512,512,grouped_conv_forward_bf16_2d_64x64x64_compv4,99.36,29
175,4,96,96,1,512,512,3,3,1,1,512,512,grouped_conv_forward_bf16_2d_64x128x64_compv4,98.03,30
176,4,1008,168,1,14,14,1,1,1,1,14,14,grouped_conv_forward_bf16_2d_16x64x128_compv4,25.71,1
176,4,1008,168,1,14,14,1,1,1,1,14,14,grouped_conv_forward_bf16_2d_16x64x128_compv5,25.71,2
176,4,1008,168,1,14,14,1,1,1,1,14,14,grouped_conv_forward_bf16_2d_16x64x128_compv3,25.39,3
176,4,1008,168,1,14,14,1,1,1,1,14,14,grouped_conv_forward_bf16_2d_32x64x128_compv5,24.70,4
176,4,1008,168,1,14,14,1,1,1,1,14,14,grouped_conv_forward_bf16_2d_32x64x128_compv3,24.49,5
176,4,1008,168,1,14,14,1,1,1,1,14,14,grouped_conv_forward_bf16_2d_16x64x64_compv4,23.84,6
176,4,1008,168,1,14,14,1,1,1,1,14,14,grouped_conv_forward_bf16_2d_32x64x128_compv4,23.35,7
176,4,1008,168,1,14,14,1,1,1,1,14,14,grouped_conv_forward_bf16_2d_32x128x64_compv4,22.45,8
176,4,1008,168,1,14,14,1,1,1,1,14,14,grouped_conv_forward_bf16_2d_16x64x64_compv5,20.05,9
176,4,1008,168,1,14,14,1,1,1,1,14,14,grouped_conv_forward_bf16_2d_16x64x64_compv3,20.03,10
176,4,1008,168,1,14,14,1,1,1,1,14,14,grouped_conv_forward_bf16_2d_32x64x64_compv4,19.91,11
176,4,1008,168,1,14,14,1,1,1,1,14,14,grouped_conv_forward_bf16_2d_64x64x128_compv5,18.22,12
176,4,1008,168,1,14,14,1,1,1,1,14,14,grouped_conv_forward_bf16_2d_64x64x128_compv3,18.11,13
176,4,1008,168,1,14,14,1,1,1,1,14,14,grouped_conv_forward_bf16_2d_32x64x64_compv5,17.76,14
176,4,1008,168,1,14,14,1,1,1,1,14,14,grouped_conv_forward_bf16_2d_32x64x64_compv3,17.57,15
176,4,1008,168,1,14,14,1,1,1,1,14,14,grouped_conv_forward_bf16_2d_128x64x128_compv5,17.28,16
176,4,1008,168,1,14,14,1,1,1,1,14,14,grouped_conv_forward_bf16_2d_128x64x128_compv3,17.20,17
176,4,1008,168,1,14,14,1,1,1,1,14,14,grouped_conv_forward_bf16_2d_32x128x64_compv5,16.40,18
176,4,1008,168,1,14,14,1,1,1,1,14,14,grouped_conv_forward_bf16_2d_32x128x64_compv3,16.26,19
176,4,1008,168,1,14,14,1,1,1,1,14,14,grouped_conv_forward_bf16_2d_64x64x128_compv4,15.47,20
176,4,1008,168,1,14,14,1,1,1,1,14,14,grouped_conv_forward_bf16_2d_128x64x128_compv4,15.07,21
176,4,1008,168,1,14,14,1,1,1,1,14,14,grouped_conv_forward_bf16_2d_64x128x64_compv4,15.04,22
176,4,1008,168,1,14,14,1,1,1,1,14,14,grouped_conv_forward_bf16_2d_128x128x64_compv4,14.63,23
176,4,1008,168,1,14,14,1,1,1,1,14,14,grouped_conv_forward_bf16_2d_64x64x64_compv4,14.59,24
176,4,1008,168,1,14,14,1,1,1,1,14,14,grouped_conv_forward_bf16_2d_64x64x64_compv5,14.50,25
176,4,1008,168,1,14,14,1,1,1,1,14,14,grouped_conv_forward_bf16_2d_64x64x64_compv3,14.46,26
176,4,1008,168,1,14,14,1,1,1,1,14,14,grouped_conv_forward_bf16_2d_64x128x64_compv5,13.38,27
176,4,1008,168,1,14,14,1,1,1,1,14,14,grouped_conv_forward_bf16_2d_64x128x64_compv3,13.30,28
176,4,1008,168,1,14,14,1,1,1,1,14,14,grouped_conv_forward_bf16_2d_128x128x64_compv5,12.95,29
176,4,1008,168,1,14,14,1,1,1,1,14,14,grouped_conv_forward_bf16_2d_128x128x64_compv3,12.91,30
177,4,624,176,1,7,7,1,1,1,1,7,7,grouped_conv_forward_bf16_2d_16x64x64_compv4,7.10,1
177,4,624,176,1,7,7,1,1,1,1,7,7,grouped_conv_forward_bf16_2d_16x64x128_compv5,5.92,2
177,4,624,176,1,7,7,1,1,1,1,7,7,grouped_conv_forward_bf16_2d_16x64x64_compv5,5.86,3
177,4,624,176,1,7,7,1,1,1,1,7,7,grouped_conv_forward_bf16_2d_16x64x128_compv3,5.85,4
177,4,624,176,1,7,7,1,1,1,1,7,7,grouped_conv_forward_bf16_2d_16x64x128_compv4,5.82,5
177,4,624,176,1,7,7,1,1,1,1,7,7,grouped_conv_forward_bf16_2d_32x64x64_compv4,5.80,6
177,4,624,176,1,7,7,1,1,1,1,7,7,grouped_conv_forward_bf16_2d_16x64x64_compv3,5.80,7
177,4,624,176,1,7,7,1,1,1,1,7,7,grouped_conv_forward_bf16_2d_32x64x64_compv5,5.08,8
177,4,624,176,1,7,7,1,1,1,1,7,7,grouped_conv_forward_bf16_2d_32x64x64_compv3,5.00,9
177,4,624,176,1,7,7,1,1,1,1,7,7,grouped_conv_forward_bf16_2d_32x64x128_compv5,4.84,10
177,4,624,176,1,7,7,1,1,1,1,7,7,grouped_conv_forward_bf16_2d_32x64x128_compv3,4.80,11
177,4,624,176,1,7,7,1,1,1,1,7,7,grouped_conv_forward_bf16_2d_32x64x128_compv4,4.52,12
177,4,624,176,1,7,7,1,1,1,1,7,7,grouped_conv_forward_bf16_2d_32x128x64_compv4,4.51,13
177,4,624,176,1,7,7,1,1,1,1,7,7,grouped_conv_forward_bf16_2d_64x64x128_compv5,3.89,14
177,4,624,176,1,7,7,1,1,1,1,7,7,grouped_conv_forward_bf16_2d_128x64x128_compv5,3.85,15
177,4,624,176,1,7,7,1,1,1,1,7,7,grouped_conv_forward_bf16_2d_64x64x128_compv3,3.83,16
177,4,624,176,1,7,7,1,1,1,1,7,7,grouped_conv_forward_bf16_2d_128x64x128_compv3,3.82,17
177,4,624,176,1,7,7,1,1,1,1,7,7,grouped_conv_forward_bf16_2d_64x64x64_compv4,3.67,18
177,4,624,176,1,7,7,1,1,1,1,7,7,grouped_conv_forward_bf16_2d_64x64x64_compv5,3.59,19
177,4,624,176,1,7,7,1,1,1,1,7,7,grouped_conv_forward_bf16_2d_64x64x64_compv3,3.58,20
177,4,624,176,1,7,7,1,1,1,1,7,7,grouped_conv_forward_bf16_2d_128x64x128_compv4,3.39,21
177,4,624,176,1,7,7,1,1,1,1,7,7,grouped_conv_forward_bf16_2d_128x128x64_compv4,3.31,22
177,4,624,176,1,7,7,1,1,1,1,7,7,grouped_conv_forward_bf16_2d_64x64x128_compv4,3.31,23
177,4,624,176,1,7,7,1,1,1,1,7,7,grouped_conv_forward_bf16_2d_32x128x64_compv5,3.31,24
177,4,624,176,1,7,7,1,1,1,1,7,7,grouped_conv_forward_bf16_2d_64x128x64_compv4,3.30,25
177,4,624,176,1,7,7,1,1,1,1,7,7,grouped_conv_forward_bf16_2d_32x128x64_compv3,3.28,26
177,4,624,176,1,7,7,1,1,1,1,7,7,grouped_conv_forward_bf16_2d_64x128x64_compv5,2.88,27
177,4,624,176,1,7,7,1,1,1,1,7,7,grouped_conv_forward_bf16_2d_64x128x64_compv3,2.86,28
177,4,624,176,1,7,7,1,1,1,1,7,7,grouped_conv_forward_bf16_2d_128x128x64_compv5,2.80,29
177,4,624,176,1,7,7,1,1,1,1,7,7,grouped_conv_forward_bf16_2d_128x128x64_compv3,2.79,30
178,1,160,64,1,7,7,1,1,1,1,7,7,grouped_conv_forward_bf16_2d_32x64x128_compv5,0.19,1
178,1,160,64,1,7,7,1,1,1,1,7,7,grouped_conv_forward_bf16_2d_16x64x64_compv3,0.19,2
178,1,160,64,1,7,7,1,1,1,1,7,7,grouped_conv_forward_bf16_2d_16x64x64_compv5,0.18,3
178,1,160,64,1,7,7,1,1,1,1,7,7,grouped_conv_forward_bf16_2d_32x64x128_compv3,0.18,4
178,1,160,64,1,7,7,1,1,1,1,7,7,grouped_conv_forward_bf16_2d_16x64x128_compv4,0.17,5
178,1,160,64,1,7,7,1,1,1,1,7,7,grouped_conv_forward_bf16_2d_16x64x64_compv4,0.16,6
178,1,160,64,1,7,7,1,1,1,1,7,7,grouped_conv_forward_bf16_2d_32x64x64_compv5,0.16,7
178,1,160,64,1,7,7,1,1,1,1,7,7,grouped_conv_forward_bf16_2d_32x128x64_compv5,0.16,8
178,1,160,64,1,7,7,1,1,1,1,7,7,grouped_conv_forward_bf16_2d_16x64x128_compv3,0.16,9
178,1,160,64,1,7,7,1,1,1,1,7,7,grouped_conv_forward_bf16_2d_16x64x128_compv5,0.16,10
178,1,160,64,1,7,7,1,1,1,1,7,7,grouped_conv_forward_bf16_2d_64x64x128_compv5,0.15,11
178,1,160,64,1,7,7,1,1,1,1,7,7,grouped_conv_forward_bf16_2d_32x64x64_compv4,0.15,12
178,1,160,64,1,7,7,1,1,1,1,7,7,grouped_conv_forward_bf16_2d_32x64x128_compv4,0.15,13
178,1,160,64,1,7,7,1,1,1,1,7,7,grouped_conv_forward_bf16_2d_32x128x64_compv4,0.15,14
178,1,160,64,1,7,7,1,1,1,1,7,7,grouped_conv_forward_bf16_2d_64x64x128_compv3,0.15,15
178,1,160,64,1,7,7,1,1,1,1,7,7,grouped_conv_forward_bf16_2d_32x64x64_compv3,0.14,16
178,1,160,64,1,7,7,1,1,1,1,7,7,grouped_conv_forward_bf16_2d_64x128x64_compv5,0.14,17
178,1,160,64,1,7,7,1,1,1,1,7,7,grouped_conv_forward_bf16_2d_128x64x128_compv3,0.14,18
178,1,160,64,1,7,7,1,1,1,1,7,7,grouped_conv_forward_bf16_2d_128x64x128_compv5,0.14,19
178,1,160,64,1,7,7,1,1,1,1,7,7,grouped_conv_forward_bf16_2d_32x128x64_compv3,0.14,20
178,1,160,64,1,7,7,1,1,1,1,7,7,grouped_conv_forward_bf16_2d_64x128x64_compv3,0.13,21
178,1,160,64,1,7,7,1,1,1,1,7,7,grouped_conv_forward_bf16_2d_64x64x64_compv5,0.13,22
178,1,160,64,1,7,7,1,1,1,1,7,7,grouped_conv_forward_bf16_2d_128x64x128_compv4,0.13,23
178,1,160,64,1,7,7,1,1,1,1,7,7,grouped_conv_forward_bf16_2d_64x64x64_compv3,0.13,24
178,1,160,64,1,7,7,1,1,1,1,7,7,grouped_conv_forward_bf16_2d_128x128x64_compv4,0.13,25
178,1,160,64,1,7,7,1,1,1,1,7,7,grouped_conv_forward_bf16_2d_64x64x128_compv4,0.12,26
178,1,160,64,1,7,7,1,1,1,1,7,7,grouped_conv_forward_bf16_2d_64x128x64_compv4,0.12,27
178,1,160,64,1,7,7,1,1,1,1,7,7,grouped_conv_forward_bf16_2d_128x128x64_compv5,0.12,28
178,1,160,64,1,7,7,1,1,1,1,7,7,grouped_conv_forward_bf16_2d_128x128x64_compv3,0.12,29
178,1,160,64,1,7,7,1,1,1,1,7,7,grouped_conv_forward_bf16_2d_64x64x64_compv4,0.09,30
179,1,256,1280,1,14,14,1,1,2,2,7,7,grouped_conv_forward_bf16_2d_32x128x64_compv4,9.27,1
179,1,256,1280,1,14,14,1,1,2,2,7,7,grouped_conv_forward_bf16_2d_32x128x64_compv5,7.57,2
179,1,256,1280,1,14,14,1,1,2,2,7,7,grouped_conv_forward_bf16_2d_32x128x64_compv3,7.45,3
179,1,256,1280,1,14,14,1,1,2,2,7,7,grouped_conv_forward_bf16_2d_16x64x64_compv4,7.01,4
179,1,256,1280,1,14,14,1,1,2,2,7,7,grouped_conv_forward_bf16_2d_16x64x64_compv5,6.97,5
179,1,256,1280,1,14,14,1,1,2,2,7,7,grouped_conv_forward_bf16_2d_16x64x64_compv3,6.77,6
179,1,256,1280,1,14,14,1,1,2,2,7,7,grouped_conv_forward_bf16_2d_64x128x64_compv4,6.68,7
179,1,256,1280,1,14,14,1,1,2,2,7,7,grouped_conv_forward_bf16_2d_128x128x64_compv4,6.67,8
179,1,256,1280,1,14,14,1,1,2,2,7,7,grouped_conv_forward_bf16_2d_32x64x64_compv4,6.19,9
179,1,256,1280,1,14,14,1,1,2,2,7,7,grouped_conv_forward_bf16_2d_64x128x64_compv5,5.87,10
179,1,256,1280,1,14,14,1,1,2,2,7,7,grouped_conv_forward_bf16_2d_64x128x64_compv3,5.83,11
179,1,256,1280,1,14,14,1,1,2,2,7,7,grouped_conv_forward_bf16_2d_16x64x128_compv5,5.71,12
179,1,256,1280,1,14,14,1,1,2,2,7,7,grouped_conv_forward_bf16_2d_16x64x128_compv3,5.70,13
179,1,256,1280,1,14,14,1,1,2,2,7,7,grouped_conv_forward_bf16_2d_32x64x64_compv5,5.64,14
179,1,256,1280,1,14,14,1,1,2,2,7,7,grouped_conv_forward_bf16_2d_128x128x64_compv3,5.59,15
179,1,256,1280,1,14,14,1,1,2,2,7,7,grouped_conv_forward_bf16_2d_128x128x64_compv5,5.55,16
179,1,256,1280,1,14,14,1,1,2,2,7,7,grouped_conv_forward_bf16_2d_16x64x128_compv4,5.38,17
179,1,256,1280,1,14,14,1,1,2,2,7,7,grouped_conv_forward_bf16_2d_32x64x64_compv3,5.38,18
179,1,256,1280,1,14,14,1,1,2,2,7,7,grouped_conv_forward_bf16_2d_32x64x128_compv5,5.18,19
179,1,256,1280,1,14,14,1,1,2,2,7,7,grouped_conv_forward_bf16_2d_32x64x128_compv3,5.11,20
179,1,256,1280,1,14,14,1,1,2,2,7,7,grouped_conv_forward_bf16_2d_32x64x128_compv4,4.83,21
179,1,256,1280,1,14,14,1,1,2,2,7,7,grouped_conv_forward_bf16_2d_64x64x64_compv4,4.54,22
179,1,256,1280,1,14,14,1,1,2,2,7,7,grouped_conv_forward_bf16_2d_64x64x64_compv5,4.34,23
179,1,256,1280,1,14,14,1,1,2,2,7,7,grouped_conv_forward_bf16_2d_64x64x64_compv3,4.32,24
179,1,256,1280,1,14,14,1,1,2,2,7,7,grouped_conv_forward_bf16_2d_64x64x128_compv5,4.07,25
179,1,256,1280,1,14,14,1,1,2,2,7,7,grouped_conv_forward_bf16_2d_64x64x128_compv3,4.00,26
179,1,256,1280,1,14,14,1,1,2,2,7,7,grouped_conv_forward_bf16_2d_128x64x128_compv3,3.91,27
179,1,256,1280,1,14,14,1,1,2,2,7,7,grouped_conv_forward_bf16_2d_128x64x128_compv5,3.84,28
179,1,256,1280,1,14,14,1,1,2,2,7,7,grouped_conv_forward_bf16_2d_128x64x128_compv4,3.81,29
179,1,256,1280,1,14,14,1,1,2,2,7,7,grouped_conv_forward_bf16_2d_64x64x128_compv4,3.67,30
180,1,128,16,1,56,56,3,3,1,1,56,56,grouped_conv_forward_bf16_2d_16x64x128_compv4,31.70,1
180,1,128,16,1,56,56,3,3,1,1,56,56,grouped_conv_forward_bf16_2d_16x64x64_compv4,31.27,2
180,1,128,16,1,56,56,3,3,1,1,56,56,grouped_conv_forward_bf16_2d_16x64x128_compv5,31.12,3
180,1,128,16,1,56,56,3,3,1,1,56,56,grouped_conv_forward_bf16_2d_16x64x128_compv3,31.06,4
180,1,128,16,1,56,56,3,3,1,1,56,56,grouped_conv_forward_bf16_2d_32x64x128_compv5,27.41,5
180,1,128,16,1,56,56,3,3,1,1,56,56,grouped_conv_forward_bf16_2d_32x64x128_compv3,27.17,6
180,1,128,16,1,56,56,3,3,1,1,56,56,grouped_conv_forward_bf16_2d_32x64x128_compv4,26.15,7
180,1,128,16,1,56,56,3,3,1,1,56,56,grouped_conv_forward_bf16_2d_16x64x64_compv3,26.04,8
180,1,128,16,1,56,56,3,3,1,1,56,56,grouped_conv_forward_bf16_2d_16x64x64_compv5,26.02,9
180,1,128,16,1,56,56,3,3,1,1,56,56,grouped_conv_forward_bf16_2d_32x64x64_compv4,25.48,10
180,1,128,16,1,56,56,3,3,1,1,56,56,grouped_conv_forward_bf16_2d_32x64x64_compv5,21.99,11
180,1,128,16,1,56,56,3,3,1,1,56,56,grouped_conv_forward_bf16_2d_32x64x64_compv3,21.65,12
180,1,128,16,1,56,56,3,3,1,1,56,56,grouped_conv_forward_bf16_2d_64x64x128_compv5,21.56,13
180,1,128,16,1,56,56,3,3,1,1,56,56,grouped_conv_forward_bf16_2d_64x64x128_compv3,21.51,14
180,1,128,16,1,56,56,3,3,1,1,56,56,grouped_conv_forward_bf16_2d_128x64x128_compv3,20.39,15
180,1,128,16,1,56,56,3,3,1,1,56,56,grouped_conv_forward_bf16_2d_128x64x128_compv5,20.33,16
180,1,128,16,1,56,56,3,3,1,1,56,56,grouped_conv_forward_bf16_2d_64x64x128_compv4,19.26,17
180,1,128,16,1,56,56,3,3,1,1,56,56,grouped_conv_forward_bf16_2d_128x64x128_compv4,18.33,18
180,1,128,16,1,56,56,3,3,1,1,56,56,grouped_conv_forward_bf16_2d_64x64x64_compv4,17.68,19
180,1,128,16,1,56,56,3,3,1,1,56,56,grouped_conv_forward_bf16_2d_64x64x64_compv3,17.20,20
180,1,128,16,1,56,56,3,3,1,1,56,56,grouped_conv_forward_bf16_2d_64x64x64_compv5,17.20,21
180,1,128,16,1,56,56,3,3,1,1,56,56,grouped_conv_forward_bf16_2d_32x128x64_compv4,16.08,22
180,1,128,16,1,56,56,3,3,1,1,56,56,grouped_conv_forward_bf16_2d_32x128x64_compv5,14.86,23
180,1,128,16,1,56,56,3,3,1,1,56,56,grouped_conv_forward_bf16_2d_32x128x64_compv3,14.83,24
180,1,128,16,1,56,56,3,3,1,1,56,56,grouped_conv_forward_bf16_2d_128x128x64_compv3,11.51,25
180,1,128,16,1,56,56,3,3,1,1,56,56,grouped_conv_forward_bf16_2d_128x128x64_compv5,11.43,26
180,1,128,16,1,56,56,3,3,1,1,56,56,grouped_conv_forward_bf16_2d_128x128x64_compv4,11.39,27
180,1,128,16,1,56,56,3,3,1,1,56,56,grouped_conv_forward_bf16_2d_64x128x64_compv4,11.35,28
180,1,128,16,1,56,56,3,3,1,1,56,56,grouped_conv_forward_bf16_2d_64x128x64_compv3,11.19,29
180,1,128,16,1,56,56,3,3,1,1,56,56,grouped_conv_forward_bf16_2d_64x128x64_compv5,11.16,30
181,1,64,128,1,1025,1025,3,3,2,2,512,512,grouped_conv_forward_bf16_2d_128x128x64_compv5,272.28,1
181,1,64,128,1,1025,1025,3,3,2,2,512,512,grouped_conv_forward_bf16_2d_128x128x64_compv3,269.72,2
181,1,64,128,1,1025,1025,3,3,2,2,512,512,grouped_conv_forward_bf16_2d_64x128x64_compv3,258.92,3
181,1,64,128,1,1025,1025,3,3,2,2,512,512,grouped_conv_forward_bf16_2d_64x128x64_compv5,236.49,4
181,1,64,128,1,1025,1025,3,3,2,2,512,512,grouped_conv_forward_bf16_2d_32x128x64_compv3,228.66,5
181,1,64,128,1,1025,1025,3,3,2,2,512,512,grouped_conv_forward_bf16_2d_32x128x64_compv5,227.28,6
181,1,64,128,1,1025,1025,3,3,2,2,512,512,grouped_conv_forward_bf16_2d_64x64x64_compv3,205.82,7
181,1,64,128,1,1025,1025,3,3,2,2,512,512,grouped_conv_forward_bf16_2d_64x64x128_compv3,199.94,8
181,1,64,128,1,1025,1025,3,3,2,2,512,512,grouped_conv_forward_bf16_2d_128x64x128_compv3,198.93,9
181,1,64,128,1,1025,1025,3,3,2,2,512,512,grouped_conv_forward_bf16_2d_128x64x128_compv5,198.17,10
181,1,64,128,1,1025,1025,3,3,2,2,512,512,grouped_conv_forward_bf16_2d_64x64x64_compv5,195.43,11
181,1,64,128,1,1025,1025,3,3,2,2,512,512,grouped_conv_forward_bf16_2d_64x64x128_compv5,190.55,12
181,1,64,128,1,1025,1025,3,3,2,2,512,512,grouped_conv_forward_bf16_2d_32x64x128_compv3,184.10,13
181,1,64,128,1,1025,1025,3,3,2,2,512,512,grouped_conv_forward_bf16_2d_32x64x128_compv5,180.92,14
181,1,64,128,1,1025,1025,3,3,2,2,512,512,grouped_conv_forward_bf16_2d_32x64x64_compv5,166.23,15
181,1,64,128,1,1025,1025,3,3,2,2,512,512,grouped_conv_forward_bf16_2d_32x64x64_compv3,165.46,16
181,1,64,128,1,1025,1025,3,3,2,2,512,512,grouped_conv_forward_bf16_2d_16x64x128_compv3,137.29,17
181,1,64,128,1,1025,1025,3,3,2,2,512,512,grouped_conv_forward_bf16_2d_16x64x128_compv5,133.93,18
181,1,64,128,1,1025,1025,3,3,2,2,512,512,grouped_conv_forward_bf16_2d_16x64x64_compv3,133.58,19
181,1,64,128,1,1025,1025,3,3,2,2,512,512,grouped_conv_forward_bf16_2d_32x64x64_compv4,132.79,20
181,1,64,128,1,1025,1025,3,3,2,2,512,512,grouped_conv_forward_bf16_2d_32x128x64_compv4,132.16,21
181,1,64,128,1,1025,1025,3,3,2,2,512,512,grouped_conv_forward_bf16_2d_32x64x128_compv4,132.05,22
181,1,64,128,1,1025,1025,3,3,2,2,512,512,grouped_conv_forward_bf16_2d_16x64x64_compv5,131.44,23
181,1,64,128,1,1025,1025,3,3,2,2,512,512,grouped_conv_forward_bf16_2d_16x64x128_compv4,112.77,24
181,1,64,128,1,1025,1025,3,3,2,2,512,512,grouped_conv_forward_bf16_2d_16x64x64_compv4,111.42,25
181,1,64,128,1,1025,1025,3,3,2,2,512,512,grouped_conv_forward_bf16_2d_128x128x64_compv4,109.73,26
181,1,64,128,1,1025,1025,3,3,2,2,512,512,grouped_conv_forward_bf16_2d_64x64x64_compv4,108.01,27
181,1,64,128,1,1025,1025,3,3,2,2,512,512,grouped_conv_forward_bf16_2d_64x64x128_compv4,107.94,28
181,1,64,128,1,1025,1025,3,3,2,2,512,512,grouped_conv_forward_bf16_2d_128x64x128_compv4,107.19,29
181,1,64,128,1,1025,1025,3,3,2,2,512,512,grouped_conv_forward_bf16_2d_64x128x64_compv4,107.16,30
182,1,32,32,1,128,128,3,3,1,1,128,128,grouped_conv_forward_bf16_2d_32x64x128_compv5,93.00,1
182,1,32,32,1,128,128,3,3,1,1,128,128,grouped_conv_forward_bf16_2d_32x64x128_compv3,91.21,2
182,1,32,32,1,128,128,3,3,1,1,128,128,grouped_conv_forward_bf16_2d_64x64x128_compv5,88.56,3
182,1,32,32,1,128,128,3,3,1,1,128,128,grouped_conv_forward_bf16_2d_128x64x128_compv5,87.81,4
182,1,32,32,1,128,128,3,3,1,1,128,128,grouped_conv_forward_bf16_2d_64x64x128_compv3,87.02,5
182,1,32,32,1,128,128,3,3,1,1,128,128,grouped_conv_forward_bf16_2d_128x64x128_compv3,84.87,6
182,1,32,32,1,128,128,3,3,1,1,128,128,grouped_conv_forward_bf16_2d_16x64x128_compv5,83.38,7
182,1,32,32,1,128,128,3,3,1,1,128,128,grouped_conv_forward_bf16_2d_16x64x128_compv3,82.64,8
182,1,32,32,1,128,128,3,3,1,1,128,128,grouped_conv_forward_bf16_2d_32x64x128_compv4,81.21,9
182,1,32,32,1,128,128,3,3,1,1,128,128,grouped_conv_forward_bf16_2d_64x64x128_compv4,74.22,10
182,1,32,32,1,128,128,3,3,1,1,128,128,grouped_conv_forward_bf16_2d_32x64x64_compv4,72.20,11
182,1,32,32,1,128,128,3,3,1,1,128,128,grouped_conv_forward_bf16_2d_16x64x128_compv4,71.90,12
182,1,32,32,1,128,128,3,3,1,1,128,128,grouped_conv_forward_bf16_2d_128x64x128_compv4,71.53,13
182,1,32,32,1,128,128,3,3,1,1,128,128,grouped_conv_forward_bf16_2d_32x64x64_compv5,68.53,14
182,1,32,32,1,128,128,3,3,1,1,128,128,grouped_conv_forward_bf16_2d_32x64x64_compv3,67.85,15
182,1,32,32,1,128,128,3,3,1,1,128,128,grouped_conv_forward_bf16_2d_64x64x64_compv4,66.25,16
182,1,32,32,1,128,128,3,3,1,1,128,128,grouped_conv_forward_bf16_2d_16x64x64_compv4,65.65,17
182,1,32,32,1,128,128,3,3,1,1,128,128,grouped_conv_forward_bf16_2d_16x64x64_compv5,65.56,18
182,1,32,32,1,128,128,3,3,1,1,128,128,grouped_conv_forward_bf16_2d_16x64x64_compv3,65.40,19
182,1,32,32,1,128,128,3,3,1,1,128,128,grouped_conv_forward_bf16_2d_64x64x64_compv5,64.77,20
182,1,32,32,1,128,128,3,3,1,1,128,128,grouped_conv_forward_bf16_2d_64x64x64_compv3,63.73,21
182,1,32,32,1,128,128,3,3,1,1,128,128,grouped_conv_forward_bf16_2d_32x128x64_compv3,60.91,22
182,1,32,32,1,128,128,3,3,1,1,128,128,grouped_conv_forward_bf16_2d_32x128x64_compv5,60.72,23
182,1,32,32,1,128,128,3,3,1,1,128,128,grouped_conv_forward_bf16_2d_32x128x64_compv4,59.49,24
182,1,32,32,1,128,128,3,3,1,1,128,128,grouped_conv_forward_bf16_2d_64x128x64_compv5,54.39,25
182,1,32,32,1,128,128,3,3,1,1,128,128,grouped_conv_forward_bf16_2d_128x128x64_compv5,54.29,26
182,1,32,32,1,128,128,3,3,1,1,128,128,grouped_conv_forward_bf16_2d_64x128x64_compv3,54.14,27
182,1,32,32,1,128,128,3,3,1,1,128,128,grouped_conv_forward_bf16_2d_128x128x64_compv3,52.81,28
182,1,32,32,1,128,128,3,3,1,1,128,128,grouped_conv_forward_bf16_2d_64x128x64_compv4,49.04,29
182,1,32,32,1,128,128,3,3,1,1,128,128,grouped_conv_forward_bf16_2d_128x128x64_compv4,48.36,30
183,1,48,64,1,256,256,1,1,1,1,256,256,grouped_conv_forward_bf16_2d_32x64x64_compv5,50.49,1
183,1,48,64,1,256,256,1,1,1,1,256,256,grouped_conv_forward_bf16_2d_32x64x64_compv3,49.42,2
183,1,48,64,1,256,256,1,1,1,1,256,256,grouped_conv_forward_bf16_2d_64x64x64_compv3,48.81,3
183,1,48,64,1,256,256,1,1,1,1,256,256,grouped_conv_forward_bf16_2d_64x64x64_compv5,48.16,4
183,1,48,64,1,256,256,1,1,1,1,256,256,grouped_conv_forward_bf16_2d_32x64x128_compv5,47.95,5
183,1,48,64,1,256,256,1,1,1,1,256,256,grouped_conv_forward_bf16_2d_16x64x64_compv3,47.57,6
183,1,48,64,1,256,256,1,1,1,1,256,256,grouped_conv_forward_bf16_2d_16x64x64_compv5,47.54,7
183,1,48,64,1,256,256,1,1,1,1,256,256,grouped_conv_forward_bf16_2d_32x64x128_compv3,46.76,8
183,1,48,64,1,256,256,1,1,1,1,256,256,grouped_conv_forward_bf16_2d_64x64x128_compv5,45.88,9
183,1,48,64,1,256,256,1,1,1,1,256,256,grouped_conv_forward_bf16_2d_64x64x128_compv3,45.75,10
183,1,48,64,1,256,256,1,1,1,1,256,256,grouped_conv_forward_bf16_2d_32x128x64_compv5,45.27,11
183,1,48,64,1,256,256,1,1,1,1,256,256,grouped_conv_forward_bf16_2d_32x128x64_compv3,45.07,12
183,1,48,64,1,256,256,1,1,1,1,256,256,grouped_conv_forward_bf16_2d_128x64x128_compv3,45.01,13
183,1,48,64,1,256,256,1,1,1,1,256,256,grouped_conv_forward_bf16_2d_128x64x128_compv5,44.70,14
183,1,48,64,1,256,256,1,1,1,1,256,256,grouped_conv_forward_bf16_2d_16x64x128_compv5,43.80,15
183,1,48,64,1,256,256,1,1,1,1,256,256,grouped_conv_forward_bf16_2d_128x128x64_compv5,43.26,16
183,1,48,64,1,256,256,1,1,1,1,256,256,grouped_conv_forward_bf16_2d_16x64x128_compv3,43.16,17
183,1,48,64,1,256,256,1,1,1,1,256,256,grouped_conv_forward_bf16_2d_128x128x64_compv3,42.91,18
183,1,48,64,1,256,256,1,1,1,1,256,256,grouped_conv_forward_bf16_2d_64x128x64_compv3,42.34,19
183,1,48,64,1,256,256,1,1,1,1,256,256,grouped_conv_forward_bf16_2d_64x128x64_compv5,40.47,20
183,1,48,64,1,256,256,1,1,1,1,256,256,grouped_conv_forward_bf16_2d_32x64x128_compv4,30.87,21
183,1,48,64,1,256,256,1,1,1,1,256,256,grouped_conv_forward_bf16_2d_32x128x64_compv4,29.88,22
183,1,48,64,1,256,256,1,1,1,1,256,256,grouped_conv_forward_bf16_2d_32x64x64_compv4,29.37,23
183,1,48,64,1,256,256,1,1,1,1,256,256,grouped_conv_forward_bf16_2d_16x64x128_compv4,28.49,24
183,1,48,64,1,256,256,1,1,1,1,256,256,grouped_conv_forward_bf16_2d_16x64x64_compv4,26.91,25
183,1,48,64,1,256,256,1,1,1,1,256,256,grouped_conv_forward_bf16_2d_128x64x128_compv4,23.34,26
183,1,48,64,1,256,256,1,1,1,1,256,256,grouped_conv_forward_bf16_2d_64x64x128_compv4,23.15,27
183,1,48,64,1,256,256,1,1,1,1,256,256,grouped_conv_forward_bf16_2d_128x128x64_compv4,22.29,28
183,1,48,64,1,256,256,1,1,1,1,256,256,grouped_conv_forward_bf16_2d_64x64x64_compv4,21.85,29
183,1,48,64,1,256,256,1,1,1,1,256,256,grouped_conv_forward_bf16_2d_64x128x64_compv4,21.67,30
184,4,168,168,3,512,512,3,3,1,1,512,512,grouped_conv_forward_bf16_2d_128x128x64_compv3,261.98,1
184,4,168,168,3,512,512,3,3,1,1,512,512,grouped_conv_forward_bf16_2d_128x128x64_compv5,261.14,2
184,4,168,168,3,512,512,3,3,1,1,512,512,grouped_conv_forward_bf16_2d_64x128x64_compv3,246.56,3
184,4,168,168,3,512,512,3,3,1,1,512,512,grouped_conv_forward_bf16_2d_64x128x64_compv5,234.79,4
184,4,168,168,3,512,512,3,3,1,1,512,512,grouped_conv_forward_bf16_2d_32x128x64_compv5,222.38,5
184,4,168,168,3,512,512,3,3,1,1,512,512,grouped_conv_forward_bf16_2d_32x128x64_compv3,221.34,6
184,4,168,168,3,512,512,3,3,1,1,512,512,grouped_conv_forward_bf16_2d_64x64x64_compv3,202.22,7
184,4,168,168,3,512,512,3,3,1,1,512,512,grouped_conv_forward_bf16_2d_64x64x64_compv5,200.89,8
184,4,168,168,3,512,512,3,3,1,1,512,512,grouped_conv_forward_bf16_2d_128x64x128_compv5,199.62,9
184,4,168,168,3,512,512,3,3,1,1,512,512,grouped_conv_forward_bf16_2d_128x64x128_compv3,196.56,10
184,4,168,168,3,512,512,3,3,1,1,512,512,grouped_conv_forward_bf16_2d_64x64x128_compv5,194.53,11
184,4,168,168,3,512,512,3,3,1,1,512,512,grouped_conv_forward_bf16_2d_64x64x128_compv3,192.56,12
184,4,168,168,3,512,512,3,3,1,1,512,512,grouped_conv_forward_bf16_2d_32x64x128_compv5,178.69,13
184,4,168,168,3,512,512,3,3,1,1,512,512,grouped_conv_forward_bf16_2d_32x64x128_compv3,176.23,14
184,4,168,168,3,512,512,3,3,1,1,512,512,grouped_conv_forward_bf16_2d_32x64x64_compv5,166.88,15
184,4,168,168,3,512,512,3,3,1,1,512,512,grouped_conv_forward_bf16_2d_32x64x64_compv3,164.36,16
184,4,168,168,3,512,512,3,3,1,1,512,512,grouped_conv_forward_bf16_2d_16x64x128_compv5,135.46,17
184,4,168,168,3,512,512,3,3,1,1,512,512,grouped_conv_forward_bf16_2d_16x64x64_compv5,134.31,18
184,4,168,168,3,512,512,3,3,1,1,512,512,grouped_conv_forward_bf16_2d_16x64x64_compv3,131.95,19
184,4,168,168,3,512,512,3,3,1,1,512,512,grouped_conv_forward_bf16_2d_16x64x128_compv3,129.96,20
184,4,168,168,3,512,512,3,3,1,1,512,512,grouped_conv_forward_bf16_2d_32x64x64_compv4,126.31,21
184,4,168,168,3,512,512,3,3,1,1,512,512,grouped_conv_forward_bf16_2d_32x64x128_compv4,125.63,22
184,4,168,168,3,512,512,3,3,1,1,512,512,grouped_conv_forward_bf16_2d_32x128x64_compv4,125.40,23
184,4,168,168,3,512,512,3,3,1,1,512,512,grouped_conv_forward_bf16_2d_16x64x128_compv4,105.76,24
184,4,168,168,3,512,512,3,3,1,1,512,512,grouped_conv_forward_bf16_2d_16x64x64_compv4,105.33,25
184,4,168,168,3,512,512,3,3,1,1,512,512,grouped_conv_forward_bf16_2d_64x64x128_compv4,100.68,26
184,4,168,168,3,512,512,3,3,1,1,512,512,grouped_conv_forward_bf16_2d_64x64x64_compv4,100.21,27
184,4,168,168,3,512,512,3,3,1,1,512,512,grouped_conv_forward_bf16_2d_64x128x64_compv4,99.25,28
184,4,168,168,3,512,512,3,3,1,1,512,512,grouped_conv_forward_bf16_2d_128x128x64_compv4,92.30,29
184,4,168,168,3,512,512,3,3,1,1,512,512,grouped_conv_forward_bf16_2d_128x64x128_compv4,89.92,30
185,1,48,56,1,64,64,1,1,1,1,64,64,grouped_conv_forward_bf16_2d_16x64x128_compv3,10.04,1
185,1,48,56,1,64,64,1,1,1,1,64,64,grouped_conv_forward_bf16_2d_16x64x128_compv5,9.81,2
185,1,48,56,1,64,64,1,1,1,1,64,64,grouped_conv_forward_bf16_2d_32x64x128_compv5,9.62,3
185,1,48,56,1,64,64,1,1,1,1,64,64,grouped_conv_forward_bf16_2d_32x64x128_compv3,9.59,4
185,1,48,56,1,64,64,1,1,1,1,64,64,grouped_conv_forward_bf16_2d_16x64x64_compv3,9.45,5
185,1,48,56,1,64,64,1,1,1,1,64,64,grouped_conv_forward_bf16_2d_16x64x64_compv5,9.34,6
185,1,48,56,1,64,64,1,1,1,1,64,64,grouped_conv_forward_bf16_2d_64x64x128_compv3,8.84,7
185,1,48,56,1,64,64,1,1,1,1,64,64,grouped_conv_forward_bf16_2d_32x64x64_compv5,8.84,8
185,1,48,56,1,64,64,1,1,1,1,64,64,grouped_conv_forward_bf16_2d_64x64x128_compv5,8.77,9
185,1,48,56,1,64,64,1,1,1,1,64,64,grouped_conv_forward_bf16_2d_16x64x128_compv4,8.66,10
185,1,48,56,1,64,64,1,1,1,1,64,64,grouped_conv_forward_bf16_2d_32x64x64_compv3,8.58,11
185,1,48,56,1,64,64,1,1,1,1,64,64,grouped_conv_forward_bf16_2d_32x64x128_compv4,8.58,12
185,1,48,56,1,64,64,1,1,1,1,64,64,grouped_conv_forward_bf16_2d_128x64x128_compv3,7.72,13
185,1,48,56,1,64,64,1,1,1,1,64,64,grouped_conv_forward_bf16_2d_64x64x64_compv3,7.63,14
185,1,48,56,1,64,64,1,1,1,1,64,64,grouped_conv_forward_bf16_2d_64x64x64_compv5,7.54,15
185,1,48,56,1,64,64,1,1,1,1,64,64,grouped_conv_forward_bf16_2d_128x64x128_compv5,7.49,16
185,1,48,56,1,64,64,1,1,1,1,64,64,grouped_conv_forward_bf16_2d_16x64x64_compv4,7.07,17
185,1,48,56,1,64,64,1,1,1,1,64,64,grouped_conv_forward_bf16_2d_128x64x128_compv4,7.05,18
185,1,48,56,1,64,64,1,1,1,1,64,64,grouped_conv_forward_bf16_2d_64x64x128_compv4,7.02,19
185,1,48,56,1,64,64,1,1,1,1,64,64,grouped_conv_forward_bf16_2d_32x64x64_compv4,6.67,20
185,1,48,56,1,64,64,1,1,1,1,64,64,grouped_conv_forward_bf16_2d_64x64x64_compv4,5.47,21
185,1,48,56,1,64,64,1,1,1,1,64,64,grouped_conv_forward_bf16_2d_32x128x64_compv3,3.33,22
185,1,48,56,1,64,64,1,1,1,1,64,64,grouped_conv_forward_bf16_2d_32x128x64_compv5,3.31,23
185,1,48,56,1,64,64,1,1,1,1,64,64,grouped_conv_forward_bf16_2d_32x128x64_compv4,2.92,24
185,1,48,56,1,64,64,1,1,1,1,64,64,grouped_conv_forward_bf16_2d_64x128x64_compv3,2.92,25
185,1,48,56,1,64,64,1,1,1,1,64,64,grouped_conv_forward_bf16_2d_64x128x64_compv5,2.89,26
185,1,48,56,1,64,64,1,1,1,1,64,64,grouped_conv_forward_bf16_2d_128x128x64_compv3,2.57,27
185,1,48,56,1,64,64,1,1,1,1,64,64,grouped_conv_forward_bf16_2d_128x128x64_compv5,2.50,28
185,1,48,56,1,64,64,1,1,1,1,64,64,grouped_conv_forward_bf16_2d_64x128x64_compv4,2.23,29
185,1,48,56,1,64,64,1,1,1,1,64,64,grouped_conv_forward_bf16_2d_128x128x64_compv4,2.20,30
186,4,1536,1536,192,14,14,3,3,1,1,14,14,grouped_conv_forward_bf16_2d_32x64x64_compv5,34.79,1
186,4,1536,1536,192,14,14,3,3,1,1,14,14,grouped_conv_forward_bf16_2d_64x64x64_compv5,33.81,2
186,4,1536,1536,192,14,14,3,3,1,1,14,14,grouped_conv_forward_bf16_2d_64x64x64_compv3,33.67,3
186,4,1536,1536,192,14,14,3,3,1,1,14,14,grouped_conv_forward_bf16_2d_32x64x64_compv3,33.42,4
186,4,1536,1536,192,14,14,3,3,1,1,14,14,grouped_conv_forward_bf16_2d_16x64x64_compv5,31.63,5
186,4,1536,1536,192,14,14,3,3,1,1,14,14,grouped_conv_forward_bf16_2d_16x64x64_compv3,30.81,6
186,4,1536,1536,192,14,14,3,3,1,1,14,14,grouped_conv_forward_bf16_2d_32x64x64_compv4,21.80,7
186,4,1536,1536,192,14,14,3,3,1,1,14,14,grouped_conv_forward_bf16_2d_16x64x64_compv4,20.56,8
186,4,1536,1536,192,14,14,3,3,1,1,14,14,grouped_conv_forward_bf16_2d_64x64x64_compv4,19.94,9
186,4,1536,1536,192,14,14,3,3,1,1,14,14,grouped_conv_forward_bf16_2d_32x64x128_compv5,19.02,10
186,4,1536,1536,192,14,14,3,3,1,1,14,14,grouped_conv_forward_bf16_2d_32x128x64_compv3,18.96,11
186,4,1536,1536,192,14,14,3,3,1,1,14,14,grouped_conv_forward_bf16_2d_32x128x64_compv5,18.94,12
186,4,1536,1536,192,14,14,3,3,1,1,14,14,grouped_conv_forward_bf16_2d_64x64x128_compv5,18.74,13
186,4,1536,1536,192,14,14,3,3,1,1,14,14,grouped_conv_forward_bf16_2d_32x64x128_compv3,18.73,14
186,4,1536,1536,192,14,14,3,3,1,1,14,14,grouped_conv_forward_bf16_2d_64x64x128_compv3,18.66,15
186,4,1536,1536,192,14,14,3,3,1,1,14,14,grouped_conv_forward_bf16_2d_64x128x64_compv3,18.05,16
186,4,1536,1536,192,14,14,3,3,1,1,14,14,grouped_conv_forward_bf16_2d_64x128x64_compv5,18.03,17
186,4,1536,1536,192,14,14,3,3,1,1,14,14,grouped_conv_forward_bf16_2d_128x64x128_compv3,17.44,18
186,4,1536,1536,192,14,14,3,3,1,1,14,14,grouped_conv_forward_bf16_2d_128x64x128_compv5,17.32,19
186,4,1536,1536,192,14,14,3,3,1,1,14,14,grouped_conv_forward_bf16_2d_16x64x128_compv5,17.21,20
186,4,1536,1536,192,14,14,3,3,1,1,14,14,grouped_conv_forward_bf16_2d_16x64x128_compv3,17.19,21
186,4,1536,1536,192,14,14,3,3,1,1,14,14,grouped_conv_forward_bf16_2d_32x64x128_compv4,16.21,22
186,4,1536,1536,192,14,14,3,3,1,1,14,14,grouped_conv_forward_bf16_2d_32x128x64_compv4,16.06,23
186,4,1536,1536,192,14,14,3,3,1,1,14,14,grouped_conv_forward_bf16_2d_128x128x64_compv5,15.44,24
186,4,1536,1536,192,14,14,3,3,1,1,14,14,grouped_conv_forward_bf16_2d_128x128x64_compv3,15.43,25
186,4,1536,1536,192,14,14,3,3,1,1,14,14,grouped_conv_forward_bf16_2d_16x64x128_compv4,14.78,26
186,4,1536,1536,192,14,14,3,3,1,1,14,14,grouped_conv_forward_bf16_2d_128x64x128_compv4,14.56,27
186,4,1536,1536,192,14,14,3,3,1,1,14,14,grouped_conv_forward_bf16_2d_64x64x128_compv4,14.44,28
186,4,1536,1536,192,14,14,3,3,1,1,14,14,grouped_conv_forward_bf16_2d_64x128x64_compv4,14.19,29
186,4,1536,1536,192,14,14,3,3,1,1,14,14,grouped_conv_forward_bf16_2d_128x128x64_compv4,14.11,30
187,1,112,112,112,256,256,5,5,2,2,128,128,grouped_conv_forward_bf16_2d_32x128x64_compv5,43.71,1
187,1,112,112,112,256,256,5,5,2,2,128,128,grouped_conv_forward_bf16_2d_32x128x64_compv3,43.16,2
187,1,112,112,112,256,256,5,5,2,2,128,128,grouped_conv_forward_bf16_2d_128x128x64_compv5,41.57,3
187,1,112,112,112,256,256,5,5,2,2,128,128,grouped_conv_forward_bf16_2d_64x128x64_compv5,40.81,4
187,1,112,112,112,256,256,5,5,2,2,128,128,grouped_conv_forward_bf16_2d_64x128x64_compv3,39.10,5
187,1,112,112,112,256,256,5,5,2,2,128,128,grouped_conv_forward_bf16_2d_128x128x64_compv3,37.51,6
187,1,112,112,112,256,256,5,5,2,2,128,128,grouped_conv_forward_bf16_2d_32x64x64_compv5,35.01,7
187,1,112,112,112,256,256,5,5,2,2,128,128,grouped_conv_forward_bf16_2d_32x64x64_compv3,34.51,8
187,1,112,112,112,256,256,5,5,2,2,128,128,grouped_conv_forward_bf16_2d_32x64x128_compv5,34.15,9
187,1,112,112,112,256,256,5,5,2,2,128,128,grouped_conv_forward_bf16_2d_64x64x64_compv5,34.02,10
187,1,112,112,112,256,256,5,5,2,2,128,128,grouped_conv_forward_bf16_2d_32x64x128_compv3,33.71,11
187,1,112,112,112,256,256,5,5,2,2,128,128,grouped_conv_forward_bf16_2d_64x64x128_compv5,33.08,12
187,1,112,112,112,256,256,5,5,2,2,128,128,grouped_conv_forward_bf16_2d_64x64x64_compv3,32.79,13
187,1,112,112,112,256,256,5,5,2,2,128,128,grouped_conv_forward_bf16_2d_128x64x128_compv5,32.64,14
187,1,112,112,112,256,256,5,5,2,2,128,128,grouped_conv_forward_bf16_2d_64x64x128_compv3,31.54,15
187,1,112,112,112,256,256,5,5,2,2,128,128,grouped_conv_forward_bf16_2d_128x64x128_compv3,30.82,16
187,1,112,112,112,256,256,5,5,2,2,128,128,grouped_conv_forward_bf16_2d_16x64x64_compv5,30.44,17
187,1,112,112,112,256,256,5,5,2,2,128,128,grouped_conv_forward_bf16_2d_16x64x128_compv5,29.61,18
187,1,112,112,112,256,256,5,5,2,2,128,128,grouped_conv_forward_bf16_2d_16x64x64_compv3,29.60,19
187,1,112,112,112,256,256,5,5,2,2,128,128,grouped_conv_forward_bf16_2d_16x64x128_compv3,29.42,20
187,1,112,112,112,256,256,5,5,2,2,128,128,grouped_conv_forward_bf16_2d_32x64x64_compv4,22.34,21
187,1,112,112,112,256,256,5,5,2,2,128,128,grouped_conv_forward_bf16_2d_16x64x64_compv4,21.45,22
187,1,112,112,112,256,256,5,5,2,2,128,128,grouped_conv_forward_bf16_2d_32x128x64_compv4,21.33,23
187,1,112,112,112,256,256,5,5,2,2,128,128,grouped_conv_forward_bf16_2d_32x64x128_compv4,20.79,24
187,1,112,112,112,256,256,5,5,2,2,128,128,grouped_conv_forward_bf16_2d_16x64x128_compv4,20.39,25
187,1,112,112,112,256,256,5,5,2,2,128,128,grouped_conv_forward_bf16_2d_64x64x64_compv4,19.32,26
187,1,112,112,112,256,256,5,5,2,2,128,128,grouped_conv_forward_bf16_2d_128x64x128_compv4,19.28,27
187,1,112,112,112,256,256,5,5,2,2,128,128,grouped_conv_forward_bf16_2d_64x128x64_compv4,19.14,28
187,1,112,112,112,256,256,5,5,2,2,128,128,grouped_conv_forward_bf16_2d_128x128x64_compv4,19.05,29
187,1,112,112,112,256,256,5,5,2,2,128,128,grouped_conv_forward_bf16_2d_64x64x128_compv4,18.92,30
188,4,128,32,1,512,512,3,3,1,1,512,512,grouped_conv_forward_bf16_2d_128x64x128_compv3,220.01,1
188,4,128,32,1,512,512,3,3,1,1,512,512,grouped_conv_forward_bf16_2d_128x64x128_compv5,217.91,2
188,4,128,32,1,512,512,3,3,1,1,512,512,grouped_conv_forward_bf16_2d_64x64x64_compv5,211.57,3
188,4,128,32,1,512,512,3,3,1,1,512,512,grouped_conv_forward_bf16_2d_64x64x128_compv5,210.32,4
188,4,128,32,1,512,512,3,3,1,1,512,512,grouped_conv_forward_bf16_2d_64x64x64_compv3,210.17,5
188,4,128,32,1,512,512,3,3,1,1,512,512,grouped_conv_forward_bf16_2d_64x64x128_compv3,207.92,6
188,4,128,32,1,512,512,3,3,1,1,512,512,grouped_conv_forward_bf16_2d_32x64x128_compv5,195.78,7
188,4,128,32,1,512,512,3,3,1,1,512,512,grouped_conv_forward_bf16_2d_32x64x128_compv3,192.75,8
188,4,128,32,1,512,512,3,3,1,1,512,512,grouped_conv_forward_bf16_2d_128x128x64_compv3,192.29,9
188,4,128,32,1,512,512,3,3,1,1,512,512,grouped_conv_forward_bf16_2d_128x128x64_compv5,183.61,10
188,4,128,32,1,512,512,3,3,1,1,512,512,grouped_conv_forward_bf16_2d_64x128x64_compv3,175.92,11
188,4,128,32,1,512,512,3,3,1,1,512,512,grouped_conv_forward_bf16_2d_32x64x64_compv5,174.83,12
188,4,128,32,1,512,512,3,3,1,1,512,512,grouped_conv_forward_bf16_2d_32x128x64_compv3,173.79,13
188,4,128,32,1,512,512,3,3,1,1,512,512,grouped_conv_forward_bf16_2d_32x128x64_compv5,173.53,14
188,4,128,32,1,512,512,3,3,1,1,512,512,grouped_conv_forward_bf16_2d_32x64x64_compv3,170.95,15
188,4,128,32,1,512,512,3,3,1,1,512,512,grouped_conv_forward_bf16_2d_64x128x64_compv5,163.76,16
188,4,128,32,1,512,512,3,3,1,1,512,512,grouped_conv_forward_bf16_2d_16x64x128_compv5,153.67,17
188,4,128,32,1,512,512,3,3,1,1,512,512,grouped_conv_forward_bf16_2d_16x64x128_compv3,147.43,18
188,4,128,32,1,512,512,3,3,1,1,512,512,grouped_conv_forward_bf16_2d_32x64x128_compv4,145.20,19
188,4,128,32,1,512,512,3,3,1,1,512,512,grouped_conv_forward_bf16_2d_32x128x64_compv4,144.48,20
188,4,128,32,1,512,512,3,3,1,1,512,512,grouped_conv_forward_bf16_2d_16x64x64_compv5,141.99,21
188,4,128,32,1,512,512,3,3,1,1,512,512,grouped_conv_forward_bf16_2d_16x64x64_compv3,139.36,22
188,4,128,32,1,512,512,3,3,1,1,512,512,grouped_conv_forward_bf16_2d_32x64x64_compv4,138.78,23
188,4,128,32,1,512,512,3,3,1,1,512,512,grouped_conv_forward_bf16_2d_16x64x128_compv4,129.24,24
188,4,128,32,1,512,512,3,3,1,1,512,512,grouped_conv_forward_bf16_2d_128x128x64_compv4,127.93,25
188,4,128,32,1,512,512,3,3,1,1,512,512,grouped_conv_forward_bf16_2d_16x64x64_compv4,126.32,26
188,4,128,32,1,512,512,3,3,1,1,512,512,grouped_conv_forward_bf16_2d_128x64x128_compv4,125.66,27
188,4,128,32,1,512,512,3,3,1,1,512,512,grouped_conv_forward_bf16_2d_64x64x128_compv4,121.28,28
188,4,128,32,1,512,512,3,3,1,1,512,512,grouped_conv_forward_bf16_2d_64x64x64_compv4,119.20,29
188,4,128,32,1,512,512,3,3,1,1,512,512,grouped_conv_forward_bf16_2d_64x128x64_compv4,116.67,30
189,4,8192,8192,32,64,64,3,3,1,1,64,64,grouped_conv_forward_bf16_2d_128x128x64_compv3,354.23,1
189,4,8192,8192,32,64,64,3,3,1,1,64,64,grouped_conv_forward_bf16_2d_128x128x64_compv5,345.01,2
189,4,8192,8192,32,64,64,3,3,1,1,64,64,grouped_conv_forward_bf16_2d_64x128x64_compv3,316.29,3
189,4,8192,8192,32,64,64,3,3,1,1,64,64,grouped_conv_forward_bf16_2d_64x128x64_compv5,301.41,4
189,4,8192,8192,32,64,64,3,3,1,1,64,64,grouped_conv_forward_bf16_2d_128x64x128_compv5,277.69,5
189,4,8192,8192,32,64,64,3,3,1,1,64,64,grouped_conv_forward_bf16_2d_128x64x128_compv3,276.15,6
189,4,8192,8192,32,64,64,3,3,1,1,64,64,grouped_conv_forward_bf16_2d_64x64x128_compv3,267.25,7
189,4,8192,8192,32,64,64,3,3,1,1,64,64,grouped_conv_forward_bf16_2d_32x128x64_compv3,262.75,8
189,4,8192,8192,32,64,64,3,3,1,1,64,64,grouped_conv_forward_bf16_2d_64x64x128_compv5,256.95,9
189,4,8192,8192,32,64,64,3,3,1,1,64,64,grouped_conv_forward_bf16_2d_32x128x64_compv5,251.95,10
189,4,8192,8192,32,64,64,3,3,1,1,64,64,grouped_conv_forward_bf16_2d_32x64x128_compv3,237.64,11
189,4,8192,8192,32,64,64,3,3,1,1,64,64,grouped_conv_forward_bf16_2d_64x64x64_compv3,237.44,12
189,4,8192,8192,32,64,64,3,3,1,1,64,64,grouped_conv_forward_bf16_2d_32x64x128_compv5,228.60,13
189,4,8192,8192,32,64,64,3,3,1,1,64,64,grouped_conv_forward_bf16_2d_64x64x64_compv5,227.93,14
189,4,8192,8192,32,64,64,3,3,1,1,64,64,grouped_conv_forward_bf16_2d_32x64x64_compv3,190.91,15
189,4,8192,8192,32,64,64,3,3,1,1,64,64,grouped_conv_forward_bf16_2d_32x64x64_compv5,186.40,16
189,4,8192,8192,32,64,64,3,3,1,1,64,64,grouped_conv_forward_bf16_2d_16x64x128_compv3,177.02,17
189,4,8192,8192,32,64,64,3,3,1,1,64,64,grouped_conv_forward_bf16_2d_32x128x64_compv4,174.69,18
189,4,8192,8192,32,64,64,3,3,1,1,64,64,grouped_conv_forward_bf16_2d_16x64x128_compv5,171.17,19
189,4,8192,8192,32,64,64,3,3,1,1,64,64,grouped_conv_forward_bf16_2d_32x64x128_compv4,171.07,20
189,4,8192,8192,32,64,64,3,3,1,1,64,64,grouped_conv_forward_bf16_2d_32x64x64_compv4,162.64,21
189,4,8192,8192,32,64,64,3,3,1,1,64,64,grouped_conv_forward_bf16_2d_16x64x64_compv3,152.60,22
189,4,8192,8192,32,64,64,3,3,1,1,64,64,grouped_conv_forward_bf16_2d_16x64x64_compv5,145.45,23
189,4,8192,8192,32,64,64,3,3,1,1,64,64,grouped_conv_forward_bf16_2d_16x64x128_compv4,144.95,24
189,4,8192,8192,32,64,64,3,3,1,1,64,64,grouped_conv_forward_bf16_2d_128x128x64_compv4,138.94,25
189,4,8192,8192,32,64,64,3,3,1,1,64,64,grouped_conv_forward_bf16_2d_16x64x64_compv4,137.09,26
189,4,8192,8192,32,64,64,3,3,1,1,64,64,grouped_conv_forward_bf16_2d_128x64x128_compv4,132.12,27
189,4,8192,8192,32,64,64,3,3,1,1,64,64,grouped_conv_forward_bf16_2d_64x64x128_compv4,125.15,28
189,4,8192,8192,32,64,64,3,3,1,1,64,64,grouped_conv_forward_bf16_2d_64x64x64_compv4,119.88,29
189,4,8192,8192,32,64,64,3,3,1,1,64,64,grouped_conv_forward_bf16_2d_64x128x64_compv4,110.88,30
190,1,200,40,1,14,14,1,1,1,1,14,14,grouped_conv_forward_bf16_2d_16x64x128_compv5,0.45,1
190,1,200,40,1,14,14,1,1,1,1,14,14,grouped_conv_forward_bf16_2d_16x64x128_compv3,0.42,2
190,1,200,40,1,14,14,1,1,1,1,14,14,grouped_conv_forward_bf16_2d_32x64x128_compv5,0.41,3
190,1,200,40,1,14,14,1,1,1,1,14,14,grouped_conv_forward_bf16_2d_16x64x64_compv5,0.40,4
190,1,200,40,1,14,14,1,1,1,1,14,14,grouped_conv_forward_bf16_2d_16x64x64_compv3,0.39,5
190,1,200,40,1,14,14,1,1,1,1,14,14,grouped_conv_forward_bf16_2d_16x64x128_compv4,0.38,6
190,1,200,40,1,14,14,1,1,1,1,14,14,grouped_conv_forward_bf16_2d_32x64x128_compv3,0.38,7
190,1,200,40,1,14,14,1,1,1,1,14,14,grouped_conv_forward_bf16_2d_32x64x64_compv5,0.37,8
190,1,200,40,1,14,14,1,1,1,1,14,14,grouped_conv_forward_bf16_2d_16x64x64_compv4,0.37,9
190,1,200,40,1,14,14,1,1,1,1,14,14,grouped_conv_forward_bf16_2d_64x64x128_compv5,0.34,10
190,1,200,40,1,14,14,1,1,1,1,14,14,grouped_conv_forward_bf16_2d_32x64x64_compv3,0.34,11
190,1,200,40,1,14,14,1,1,1,1,14,14,grouped_conv_forward_bf16_2d_64x64x128_compv3,0.33,12
190,1,200,40,1,14,14,1,1,1,1,14,14,grouped_conv_forward_bf16_2d_32x128x64_compv5,0.32,13
190,1,200,40,1,14,14,1,1,1,1,14,14,grouped_conv_forward_bf16_2d_32x64x128_compv4,0.32,14
190,1,200,40,1,14,14,1,1,1,1,14,14,grouped_conv_forward_bf16_2d_32x64x64_compv4,0.32,15
190,1,200,40,1,14,14,1,1,1,1,14,14,grouped_conv_forward_bf16_2d_128x64x128_compv3,0.30,16
190,1,200,40,1,14,14,1,1,1,1,14,14,grouped_conv_forward_bf16_2d_32x128x64_compv3,0.30,17
190,1,200,40,1,14,14,1,1,1,1,14,14,grouped_conv_forward_bf16_2d_128x64x128_compv5,0.30,18
190,1,200,40,1,14,14,1,1,1,1,14,14,grouped_conv_forward_bf16_2d_64x64x64_compv5,0.29,19
190,1,200,40,1,14,14,1,1,1,1,14,14,grouped_conv_forward_bf16_2d_32x128x64_compv4,0.29,20
190,1,200,40,1,14,14,1,1,1,1,14,14,grouped_conv_forward_bf16_2d_64x64x64_compv3,0.28,21
190,1,200,40,1,14,14,1,1,1,1,14,14,grouped_conv_forward_bf16_2d_64x128x64_compv5,0.27,22
190,1,200,40,1,14,14,1,1,1,1,14,14,grouped_conv_forward_bf16_2d_64x64x128_compv4,0.27,23
190,1,200,40,1,14,14,1,1,1,1,14,14,grouped_conv_forward_bf16_2d_128x64x128_compv4,0.27,24
190,1,200,40,1,14,14,1,1,1,1,14,14,grouped_conv_forward_bf16_2d_64x128x64_compv3,0.26,25
190,1,200,40,1,14,14,1,1,1,1,14,14,grouped_conv_forward_bf16_2d_64x64x64_compv4,0.24,26
190,1,200,40,1,14,14,1,1,1,1,14,14,grouped_conv_forward_bf16_2d_64x128x64_compv4,0.24,27
190,1,200,40,1,14,14,1,1,1,1,14,14,grouped_conv_forward_bf16_2d_128x128x64_compv4,0.24,28
190,1,200,40,1,14,14,1,1,1,1,14,14,grouped_conv_forward_bf16_2d_128x128x64_compv3,0.23,29
190,1,200,40,1,14,14,1,1,1,1,14,14,grouped_conv_forward_bf16_2d_128x128x64_compv5,0.23,30
191,1,1248,240,1,64,64,1,1,1,1,64,64,grouped_conv_forward_bf16_2d_32x64x64_compv4,116.28,1
191,1,1248,240,1,64,64,1,1,1,1,64,64,grouped_conv_forward_bf16_2d_32x64x128_compv5,114.79,2
191,1,1248,240,1,64,64,1,1,1,1,64,64,grouped_conv_forward_bf16_2d_32x64x128_compv3,113.93,3
191,1,1248,240,1,64,64,1,1,1,1,64,64,grouped_conv_forward_bf16_2d_128x64x128_compv5,111.25,4
191,1,1248,240,1,64,64,1,1,1,1,64,64,grouped_conv_forward_bf16_2d_128x64x128_compv3,105.97,5
191,1,1248,240,1,64,64,1,1,1,1,64,64,grouped_conv_forward_bf16_2d_16x64x128_compv5,105.89,6
191,1,1248,240,1,64,64,1,1,1,1,64,64,grouped_conv_forward_bf16_2d_16x64x128_compv3,104.98,7
191,1,1248,240,1,64,64,1,1,1,1,64,64,grouped_conv_forward_bf16_2d_32x128x64_compv4,104.45,8
191,1,1248,240,1,64,64,1,1,1,1,64,64,grouped_conv_forward_bf16_2d_64x64x128_compv5,103.79,9
191,1,1248,240,1,64,64,1,1,1,1,64,64,grouped_conv_forward_bf16_2d_64x64x128_compv3,102.13,10
191,1,1248,240,1,64,64,1,1,1,1,64,64,grouped_conv_forward_bf16_2d_32x64x64_compv5,101.01,11
191,1,1248,240,1,64,64,1,1,1,1,64,64,grouped_conv_forward_bf16_2d_32x64x64_compv3,100.39,12
191,1,1248,240,1,64,64,1,1,1,1,64,64,grouped_conv_forward_bf16_2d_32x128x64_compv3,99.87,13
191,1,1248,240,1,64,64,1,1,1,1,64,64,grouped_conv_forward_bf16_2d_32x128x64_compv5,99.79,14
191,1,1248,240,1,64,64,1,1,1,1,64,64,grouped_conv_forward_bf16_2d_32x64x128_compv4,99.61,15
191,1,1248,240,1,64,64,1,1,1,1,64,64,grouped_conv_forward_bf16_2d_16x64x64_compv4,98.72,16
191,1,1248,240,1,64,64,1,1,1,1,64,64,grouped_conv_forward_bf16_2d_16x64x64_compv5,95.12,17
191,1,1248,240,1,64,64,1,1,1,1,64,64,grouped_conv_forward_bf16_2d_16x64x64_compv3,95.09,18
191,1,1248,240,1,64,64,1,1,1,1,64,64,grouped_conv_forward_bf16_2d_64x64x64_compv5,92.65,19
191,1,1248,240,1,64,64,1,1,1,1,64,64,grouped_conv_forward_bf16_2d_64x64x64_compv3,92.59,20
191,1,1248,240,1,64,64,1,1,1,1,64,64,grouped_conv_forward_bf16_2d_64x128x64_compv5,90.76,21
191,1,1248,240,1,64,64,1,1,1,1,64,64,grouped_conv_forward_bf16_2d_64x128x64_compv3,89.97,22
191,1,1248,240,1,64,64,1,1,1,1,64,64,grouped_conv_forward_bf16_2d_64x64x64_compv4,89.10,23
191,1,1248,240,1,64,64,1,1,1,1,64,64,grouped_conv_forward_bf16_2d_16x64x128_compv4,87.42,24
191,1,1248,240,1,64,64,1,1,1,1,64,64,grouped_conv_forward_bf16_2d_128x128x64_compv5,85.90,25
191,1,1248,240,1,64,64,1,1,1,1,64,64,grouped_conv_forward_bf16_2d_128x128x64_compv3,84.46,26
191,1,1248,240,1,64,64,1,1,1,1,64,64,grouped_conv_forward_bf16_2d_64x128x64_compv4,79.61,27
191,1,1248,240,1,64,64,1,1,1,1,64,64,grouped_conv_forward_bf16_2d_128x128x64_compv4,76.42,28
191,1,1248,240,1,64,64,1,1,1,1,64,64,grouped_conv_forward_bf16_2d_64x64x128_compv4,75.10,29
191,1,1248,240,1,64,64,1,1,1,1,64,64,grouped_conv_forward_bf16_2d_128x64x128_compv4,73.65,30
192,4,384,128,1,256,256,1,1,1,1,256,256,grouped_conv_forward_bf16_2d_64x128x64_compv3,226.14,1
192,4,384,128,1,256,256,1,1,1,1,256,256,grouped_conv_forward_bf16_2d_64x128x64_compv5,223.71,2
192,4,384,128,1,256,256,1,1,1,1,256,256,grouped_conv_forward_bf16_2d_128x128x64_compv5,222.33,3
192,4,384,128,1,256,256,1,1,1,1,256,256,grouped_conv_forward_bf16_2d_128x128x64_compv3,221.14,4
192,4,384,128,1,256,256,1,1,1,1,256,256,grouped_conv_forward_bf16_2d_32x128x64_compv3,203.94,5
192,4,384,128,1,256,256,1,1,1,1,256,256,grouped_conv_forward_bf16_2d_32x128x64_compv5,201.74,6
192,4,384,128,1,256,256,1,1,1,1,256,256,grouped_conv_forward_bf16_2d_64x64x128_compv3,183.69,7
192,4,384,128,1,256,256,1,1,1,1,256,256,grouped_conv_forward_bf16_2d_64x64x128_compv5,183.41,8
192,4,384,128,1,256,256,1,1,1,1,256,256,grouped_conv_forward_bf16_2d_32x64x128_compv3,176.35,9
192,4,384,128,1,256,256,1,1,1,1,256,256,grouped_conv_forward_bf16_2d_64x64x64_compv3,176.00,10
192,4,384,128,1,256,256,1,1,1,1,256,256,grouped_conv_forward_bf16_2d_128x64x128_compv5,174.52,11
192,4,384,128,1,256,256,1,1,1,1,256,256,grouped_conv_forward_bf16_2d_64x64x64_compv5,174.35,12
192,4,384,128,1,256,256,1,1,1,1,256,256,grouped_conv_forward_bf16_2d_128x64x128_compv3,174.23,13
192,4,384,128,1,256,256,1,1,1,1,256,256,grouped_conv_forward_bf16_2d_32x64x128_compv5,173.81,14
192,4,384,128,1,256,256,1,1,1,1,256,256,grouped_conv_forward_bf16_2d_32x64x64_compv3,145.55,15
192,4,384,128,1,256,256,1,1,1,1,256,256,grouped_conv_forward_bf16_2d_32x64x64_compv5,143.38,16
192,4,384,128,1,256,256,1,1,1,1,256,256,grouped_conv_forward_bf16_2d_16x64x128_compv5,134.77,17
192,4,384,128,1,256,256,1,1,1,1,256,256,grouped_conv_forward_bf16_2d_16x64x128_compv3,134.39,18
192,4,384,128,1,256,256,1,1,1,1,256,256,grouped_conv_forward_bf16_2d_32x128x64_compv4,122.30,19
192,4,384,128,1,256,256,1,1,1,1,256,256,grouped_conv_forward_bf16_2d_32x64x128_compv4,121.29,20
192,4,384,128,1,256,256,1,1,1,1,256,256,grouped_conv_forward_bf16_2d_32x64x64_compv4,121.12,21
192,4,384,128,1,256,256,1,1,1,1,256,256,grouped_conv_forward_bf16_2d_16x64x64_compv5,117.03,22
192,4,384,128,1,256,256,1,1,1,1,256,256,grouped_conv_forward_bf16_2d_16x64x64_compv3,116.51,23
192,4,384,128,1,256,256,1,1,1,1,256,256,grouped_conv_forward_bf16_2d_16x64x64_compv4,104.98,24
192,4,384,128,1,256,256,1,1,1,1,256,256,grouped_conv_forward_bf16_2d_16x64x128_compv4,104.33,25
192,4,384,128,1,256,256,1,1,1,1,256,256,grouped_conv_forward_bf16_2d_64x128x64_compv4,99.15,26
192,4,384,128,1,256,256,1,1,1,1,256,256,grouped_conv_forward_bf16_2d_64x64x128_compv4,98.66,27
192,4,384,128,1,256,256,1,1,1,1,256,256,grouped_conv_forward_bf16_2d_64x64x64_compv4,98.33,28
192,4,384,128,1,256,256,1,1,1,1,256,256,grouped_conv_forward_bf16_2d_128x128x64_compv4,95.51,29
192,4,384,128,1,256,256,1,1,1,1,256,256,grouped_conv_forward_bf16_2d_128x64x128_compv4,94.23,30
193,8,960,640,1,32,32,3,3,1,1,32,32,grouped_conv_forward_bf16_2d_128x128x64_compv5,338.26,1
193,8,960,640,1,32,32,3,3,1,1,32,32,grouped_conv_forward_bf16_2d_128x128x64_compv3,324.29,2
193,8,960,640,1,32,32,3,3,1,1,32,32,grouped_conv_forward_bf16_2d_64x128x64_compv5,297.63,3
193,8,960,640,1,32,32,3,3,1,1,32,32,grouped_conv_forward_bf16_2d_64x128x64_compv3,282.17,4
193,8,960,640,1,32,32,3,3,1,1,32,32,grouped_conv_forward_bf16_2d_128x64x128_compv5,271.22,5
193,8,960,640,1,32,32,3,3,1,1,32,32,grouped_conv_forward_bf16_2d_128x64x128_compv3,257.97,6
193,8,960,640,1,32,32,3,3,1,1,32,32,grouped_conv_forward_bf16_2d_32x128x64_compv5,231.60,7
193,8,960,640,1,32,32,3,3,1,1,32,32,grouped_conv_forward_bf16_2d_32x128x64_compv3,219.33,8
193,8,960,640,1,32,32,3,3,1,1,32,32,grouped_conv_forward_bf16_2d_64x64x128_compv5,214.11,9
193,8,960,640,1,32,32,3,3,1,1,32,32,grouped_conv_forward_bf16_2d_64x64x64_compv5,213.76,10
193,8,960,640,1,32,32,3,3,1,1,32,32,grouped_conv_forward_bf16_2d_64x64x64_compv3,212.80,11
193,8,960,640,1,32,32,3,3,1,1,32,32,grouped_conv_forward_bf16_2d_32x64x128_compv5,210.89,12
193,8,960,640,1,32,32,3,3,1,1,32,32,grouped_conv_forward_bf16_2d_32x64x128_compv3,197.03,13
193,8,960,640,1,32,32,3,3,1,1,32,32,grouped_conv_forward_bf16_2d_32x64x64_compv5,177.33,14
193,8,960,640,1,32,32,3,3,1,1,32,32,grouped_conv_forward_bf16_2d_32x64x64_compv3,175.34,15
193,8,960,640,1,32,32,3,3,1,1,32,32,grouped_conv_forward_bf16_2d_64x64x128_compv3,170.06,16
193,8,960,640,1,32,32,3,3,1,1,32,32,grouped_conv_forward_bf16_2d_32x128x64_compv4,163.16,17
193,8,960,640,1,32,32,3,3,1,1,32,32,grouped_conv_forward_bf16_2d_32x64x64_compv4,161.98,18
193,8,960,640,1,32,32,3,3,1,1,32,32,grouped_conv_forward_bf16_2d_16x64x128_compv5,161.42,19
193,8,960,640,1,32,32,3,3,1,1,32,32,grouped_conv_forward_bf16_2d_16x64x128_compv3,155.13,20
193,8,960,640,1,32,32,3,3,1,1,32,32,grouped_conv_forward_bf16_2d_32x64x128_compv4,149.65,21
193,8,960,640,1,32,32,3,3,1,1,32,32,grouped_conv_forward_bf16_2d_16x64x64_compv5,144.89,22
193,8,960,640,1,32,32,3,3,1,1,32,32,grouped_conv_forward_bf16_2d_16x64x64_compv3,142.90,23
193,8,960,640,1,32,32,3,3,1,1,32,32,grouped_conv_forward_bf16_2d_16x64x64_compv4,134.47,24
193,8,960,640,1,32,32,3,3,1,1,32,32,grouped_conv_forward_bf16_2d_16x64x128_compv4,131.98,25
193,8,960,640,1,32,32,3,3,1,1,32,32,grouped_conv_forward_bf16_2d_128x128x64_compv4,123.51,26
193,8,960,640,1,32,32,3,3,1,1,32,32,grouped_conv_forward_bf16_2d_64x128x64_compv4,123.07,27
193,8,960,640,1,32,32,3,3,1,1,32,32,grouped_conv_forward_bf16_2d_64x64x64_compv4,120.38,28
193,8,960,640,1,32,32,3,3,1,1,32,32,grouped_conv_forward_bf16_2d_128x64x128_compv4,120.03,29
193,8,960,640,1,32,32,3,3,1,1,32,32,grouped_conv_forward_bf16_2d_64x64x128_compv4,110.42,30
194,1,288,288,288,12,12,3,3,1,1,10,10,grouped_conv_forward_bf16_2d_32x64x64_compv5,0.91,1
194,1,288,288,288,12,12,3,3,1,1,10,10,grouped_conv_forward_bf16_2d_16x64x64_compv5,0.90,2
194,1,288,288,288,12,12,3,3,1,1,10,10,grouped_conv_forward_bf16_2d_16x64x64_compv3,0.90,3
194,1,288,288,288,12,12,3,3,1,1,10,10,grouped_conv_forward_bf16_2d_32x64x64_compv3,0.88,4
194,1,288,288,288,12,12,3,3,1,1,10,10,grouped_conv_forward_bf16_2d_64x64x64_compv5,0.79,5
194,1,288,288,288,12,12,3,3,1,1,10,10,grouped_conv_forward_bf16_2d_64x64x64_compv3,0.77,6
194,1,288,288,288,12,12,3,3,1,1,10,10,grouped_conv_forward_bf16_2d_32x64x64_compv4,0.76,7
194,1,288,288,288,12,12,3,3,1,1,10,10,grouped_conv_forward_bf16_2d_16x64x64_compv4,0.72,8
194,1,288,288,288,12,12,3,3,1,1,10,10,grouped_conv_forward_bf16_2d_64x64x64_compv4,0.65,9
194,1,288,288,288,12,12,3,3,1,1,10,10,grouped_conv_forward_bf16_2d_32x64x128_compv5,0.60,10
194,1,288,288,288,12,12,3,3,1,1,10,10,grouped_conv_forward_bf16_2d_16x64x128_compv5,0.57,11
194,1,288,288,288,12,12,3,3,1,1,10,10,grouped_conv_forward_bf16_2d_32x64x128_compv3,0.57,12
194,1,288,288,288,12,12,3,3,1,1,10,10,grouped_conv_forward_bf16_2d_16x64x128_compv3,0.56,13
194,1,288,288,288,12,12,3,3,1,1,10,10,grouped_conv_forward_bf16_2d_64x64x128_compv5,0.53,14
194,1,288,288,288,12,12,3,3,1,1,10,10,grouped_conv_forward_bf16_2d_32x64x128_compv4,0.52,15
194,1,288,288,288,12,12,3,3,1,1,10,10,grouped_conv_forward_bf16_2d_64x64x128_compv3,0.51,16
194,1,288,288,288,12,12,3,3,1,1,10,10,grouped_conv_forward_bf16_2d_16x64x128_compv4,0.51,17
194,1,288,288,288,12,12,3,3,1,1,10,10,grouped_conv_forward_bf16_2d_128x64x128_compv5,0.50,18
194,1,288,288,288,12,12,3,3,1,1,10,10,grouped_conv_forward_bf16_2d_128x64x128_compv3,0.49,19
194,1,288,288,288,12,12,3,3,1,1,10,10,grouped_conv_forward_bf16_2d_64x64x128_compv4,0.48,20
194,1,288,288,288,12,12,3,3,1,1,10,10,grouped_conv_forward_bf16_2d_128x64x128_compv4,0.47,21
194,1,288,288,288,12,12,3,3,1,1,10,10,grouped_conv_forward_bf16_2d_32x128x64_compv5,0.13,22
194,1,288,288,288,12,12,3,3,1,1,10,10,grouped_conv_forward_bf16_2d_32x128x64_compv3,0.11,23
194,1,288,288,288,12,12,3,3,1,1,10,10,grouped_conv_forward_bf16_2d_32x128x64_compv4,0.11,24
194,1,288,288,288,12,12,3,3,1,1,10,10,grouped_conv_forward_bf16_2d_64x128x64_compv5,0.10,25
194,1,288,288,288,12,12,3,3,1,1,10,10,grouped_conv_forward_bf16_2d_64x128x64_compv3,0.09,26
194,1,288,288,288,12,12,3,3,1,1,10,10,grouped_conv_forward_bf16_2d_64x128x64_compv4,0.08,27
194,1,288,288,288,12,12,3,3,1,1,10,10,grouped_conv_forward_bf16_2d_128x128x64_compv4,0.07,28
194,1,288,288,288,12,12,3,3,1,1,10,10,grouped_conv_forward_bf16_2d_128x128x64_compv5,0.05,29
194,1,288,288,288,12,12,3,3,1,1,10,10,grouped_conv_forward_bf16_2d_128x128x64_compv3,0.04,30
195,1,24,96,1,56,56,3,3,2,2,28,28,grouped_conv_forward_bf16_2d_16x64x64_compv3,6.05,1
195,1,24,96,1,56,56,3,3,2,2,28,28,grouped_conv_forward_bf16_2d_16x64x64_compv5,6.03,2
195,1,24,96,1,56,56,3,3,2,2,28,28,grouped_conv_forward_bf16_2d_16x64x64_compv4,5.83,3
195,1,24,96,1,56,56,3,3,2,2,28,28,grouped_conv_forward_bf16_2d_32x64x64_compv5,5.43,4
195,1,24,96,1,56,56,3,3,2,2,28,28,grouped_conv_forward_bf16_2d_32x64x64_compv3,5.32,5
195,1,24,96,1,56,56,3,3,2,2,28,28,grouped_conv_forward_bf16_2d_32x64x64_compv4,5.13,6
195,1,24,96,1,56,56,3,3,2,2,28,28,grouped_conv_forward_bf16_2d_32x128x64_compv4,4.93,7
195,1,24,96,1,56,56,3,3,2,2,28,28,grouped_conv_forward_bf16_2d_16x64x128_compv3,4.75,8
195,1,24,96,1,56,56,3,3,2,2,28,28,grouped_conv_forward_bf16_2d_16x64x128_compv5,4.75,9
195,1,24,96,1,56,56,3,3,2,2,28,28,grouped_conv_forward_bf16_2d_32x64x128_compv3,4.75,10
195,1,24,96,1,56,56,3,3,2,2,28,28,grouped_conv_forward_bf16_2d_32x64x128_compv5,4.72,11
195,1,24,96,1,56,56,3,3,2,2,28,28,grouped_conv_forward_bf16_2d_64x64x64_compv3,4.70,12
195,1,24,96,1,56,56,3,3,2,2,28,28,grouped_conv_forward_bf16_2d_16x64x128_compv4,4.68,13
195,1,24,96,1,56,56,3,3,2,2,28,28,grouped_conv_forward_bf16_2d_64x64x64_compv5,4.66,14
195,1,24,96,1,56,56,3,3,2,2,28,28,grouped_conv_forward_bf16_2d_32x128x64_compv3,4.59,15
195,1,24,96,1,56,56,3,3,2,2,28,28,grouped_conv_forward_bf16_2d_32x128x64_compv5,4.58,16
195,1,24,96,1,56,56,3,3,2,2,28,28,grouped_conv_forward_bf16_2d_64x128x64_compv4,4.55,17
195,1,24,96,1,56,56,3,3,2,2,28,28,grouped_conv_forward_bf16_2d_128x128x64_compv4,4.51,18
195,1,24,96,1,56,56,3,3,2,2,28,28,grouped_conv_forward_bf16_2d_32x64x128_compv4,4.47,19
195,1,24,96,1,56,56,3,3,2,2,28,28,grouped_conv_forward_bf16_2d_64x128x64_compv3,4.38,20
195,1,24,96,1,56,56,3,3,2,2,28,28,grouped_conv_forward_bf16_2d_64x128x64_compv5,4.36,21
195,1,24,96,1,56,56,3,3,2,2,28,28,grouped_conv_forward_bf16_2d_64x64x128_compv3,4.33,22
195,1,24,96,1,56,56,3,3,2,2,28,28,grouped_conv_forward_bf16_2d_64x64x128_compv5,4.28,23
195,1,24,96,1,56,56,3,3,2,2,28,28,grouped_conv_forward_bf16_2d_64x64x64_compv4,4.28,24
195,1,24,96,1,56,56,3,3,2,2,28,28,grouped_conv_forward_bf16_2d_128x64x128_compv3,4.19,25
195,1,24,96,1,56,56,3,3,2,2,28,28,grouped_conv_forward_bf16_2d_128x128x64_compv5,4.17,26
195,1,24,96,1,56,56,3,3,2,2,28,28,grouped_conv_forward_bf16_2d_128x128x64_compv3,4.17,27
195,1,24,96,1,56,56,3,3,2,2,28,28,grouped_conv_forward_bf16_2d_128x64x128_compv5,4.14,28
195,1,24,96,1,56,56,3,3,2,2,28,28,grouped_conv_forward_bf16_2d_64x64x128_compv4,3.95,29
195,1,24,96,1,56,56,3,3,2,2,28,28,grouped_conv_forward_bf16_2d_128x64x128_compv4,3.91,30
196,4,60,60,1,256,256,3,3,2,2,128,128,grouped_conv_forward_bf16_2d_128x64x128_compv5,146.70,1
196,4,60,60,1,256,256,3,3,2,2,128,128,grouped_conv_forward_bf16_2d_128x128x64_compv5,144.80,2
196,4,60,60,1,256,256,3,3,2,2,128,128,grouped_conv_forward_bf16_2d_64x64x64_compv5,143.15,3
196,4,60,60,1,256,256,3,3,2,2,128,128,grouped_conv_forward_bf16_2d_128x64x128_compv3,143.01,4
196,4,60,60,1,256,256,3,3,2,2,128,128,grouped_conv_forward_bf16_2d_64x64x128_compv5,142.59,5
196,4,60,60,1,256,256,3,3,2,2,128,128,grouped_conv_forward_bf16_2d_64x64x128_compv3,140.72,6
196,4,60,60,1,256,256,3,3,2,2,128,128,grouped_conv_forward_bf16_2d_64x64x64_compv3,139.96,7
196,4,60,60,1,256,256,3,3,2,2,128,128,grouped_conv_forward_bf16_2d_32x64x128_compv5,139.75,8
196,4,60,60,1,256,256,3,3,2,2,128,128,grouped_conv_forward_bf16_2d_32x64x128_compv3,136.72,9
196,4,60,60,1,256,256,3,3,2,2,128,128,grouped_conv_forward_bf16_2d_64x128x64_compv5,136.51,10
196,4,60,60,1,256,256,3,3,2,2,128,128,grouped_conv_forward_bf16_2d_64x128x64_compv3,135.02,11
196,4,60,60,1,256,256,3,3,2,2,128,128,grouped_conv_forward_bf16_2d_128x128x64_compv3,134.08,12
196,4,60,60,1,256,256,3,3,2,2,128,128,grouped_conv_forward_bf16_2d_32x64x64_compv5,128.09,13
196,4,60,60,1,256,256,3,3,2,2,128,128,grouped_conv_forward_bf16_2d_32x64x64_compv3,126.38,14
196,4,60,60,1,256,256,3,3,2,2,128,128,grouped_conv_forward_bf16_2d_32x128x64_compv5,123.50,15
196,4,60,60,1,256,256,3,3,2,2,128,128,grouped_conv_forward_bf16_2d_32x128x64_compv3,122.17,16
196,4,60,60,1,256,256,3,3,2,2,128,128,grouped_conv_forward_bf16_2d_16x64x128_compv5,122.12,17
196,4,60,60,1,256,256,3,3,2,2,128,128,grouped_conv_forward_bf16_2d_16x64x128_compv3,118.77,18
196,4,60,60,1,256,256,3,3,2,2,128,128,grouped_conv_forward_bf16_2d_32x64x128_compv4,113.39,19
196,4,60,60,1,256,256,3,3,2,2,128,128,grouped_conv_forward_bf16_2d_16x64x64_compv5,111.88,20
196,4,60,60,1,256,256,3,3,2,2,128,128,grouped_conv_forward_bf16_2d_16x64x64_compv3,110.92,21
196,4,60,60,1,256,256,3,3,2,2,128,128,grouped_conv_forward_bf16_2d_32x64x64_compv4,108.60,22
196,4,60,60,1,256,256,3,3,2,2,128,128,grouped_conv_forward_bf16_2d_32x128x64_compv4,104.24,23
196,4,60,60,1,256,256,3,3,2,2,128,128,grouped_conv_forward_bf16_2d_16x64x128_compv4,101.16,24
196,4,60,60,1,256,256,3,3,2,2,128,128,grouped_conv_forward_bf16_2d_16x64x64_compv4,99.87,25
196,4,60,60,1,256,256,3,3,2,2,128,128,grouped_conv_forward_bf16_2d_64x64x128_compv4,91.33,26
196,4,60,60,1,256,256,3,3,2,2,128,128,grouped_conv_forward_bf16_2d_128x64x128_compv4,90.01,27
196,4,60,60,1,256,256,3,3,2,2,128,128,grouped_conv_forward_bf16_2d_64x128x64_compv4,90.01,28
196,4,60,60,1,256,256,3,3,2,2,128,128,grouped_conv_forward_bf16_2d_64x64x64_compv4,88.94,29
196,4,60,60,1,256,256,3,3,2,2,128,128,grouped_conv_forward_bf16_2d_128x128x64_compv4,88.04,30
197,4,256,256,8,256,256,3,3,2,2,128,128,grouped_conv_forward_bf16_2d_64x128x64_compv5,183.65,1
197,4,256,256,8,256,256,3,3,2,2,128,128,grouped_conv_forward_bf16_2d_64x128x64_compv3,182.55,2
197,4,256,256,8,256,256,3,3,2,2,128,128,grouped_conv_forward_bf16_2d_64x64x128_compv5,167.91,3
197,4,256,256,8,256,256,3,3,2,2,128,128,grouped_conv_forward_bf16_2d_128x128x64_compv5,167.78,4
197,4,256,256,8,256,256,3,3,2,2,128,128,grouped_conv_forward_bf16_2d_32x128x64_compv5,167.55,5
197,4,256,256,8,256,256,3,3,2,2,128,128,grouped_conv_forward_bf16_2d_32x128x64_compv3,167.02,6
197,4,256,256,8,256,256,3,3,2,2,128,128,grouped_conv_forward_bf16_2d_64x64x128_compv3,166.68,7
197,4,256,256,8,256,256,3,3,2,2,128,128,grouped_conv_forward_bf16_2d_32x64x128_compv5,161.91,8
197,4,256,256,8,256,256,3,3,2,2,128,128,grouped_conv_forward_bf16_2d_32x64x128_compv3,161.67,9
197,4,256,256,8,256,256,3,3,2,2,128,128,grouped_conv_forward_bf16_2d_64x64x64_compv5,160.50,10
197,4,256,256,8,256,256,3,3,2,2,128,128,grouped_conv_forward_bf16_2d_64x64x64_compv3,159.14,11
197,4,256,256,8,256,256,3,3,2,2,128,128,grouped_conv_forward_bf16_2d_128x64x128_compv5,152.70,12
197,4,256,256,8,256,256,3,3,2,2,128,128,grouped_conv_forward_bf16_2d_128x128x64_compv3,150.98,13
197,4,256,256,8,256,256,3,3,2,2,128,128,grouped_conv_forward_bf16_2d_128x64x128_compv3,147.02,14
197,4,256,256,8,256,256,3,3,2,2,128,128,grouped_conv_forward_bf16_2d_32x64x64_compv5,142.61,15
197,4,256,256,8,256,256,3,3,2,2,128,128,grouped_conv_forward_bf16_2d_32x64x64_compv3,141.89,16
197,4,256,256,8,256,256,3,3,2,2,128,128,grouped_conv_forward_bf16_2d_16x64x128_compv5,127.80,17
197,4,256,256,8,256,256,3,3,2,2,128,128,grouped_conv_forward_bf16_2d_16x64x128_compv3,126.32,18
197,4,256,256,8,256,256,3,3,2,2,128,128,grouped_conv_forward_bf16_2d_16x64x64_compv5,114.77,19
197,4,256,256,8,256,256,3,3,2,2,128,128,grouped_conv_forward_bf16_2d_16x64x64_compv3,113.53,20
197,4,256,256,8,256,256,3,3,2,2,128,128,grouped_conv_forward_bf16_2d_32x64x64_compv4,113.22,21
197,4,256,256,8,256,256,3,3,2,2,128,128,grouped_conv_forward_bf16_2d_32x128x64_compv4,110.91,22
197,4,256,256,8,256,256,3,3,2,2,128,128,grouped_conv_forward_bf16_2d_32x64x128_compv4,110.25,23
197,4,256,256,8,256,256,3,3,2,2,128,128,grouped_conv_forward_bf16_2d_16x64x64_compv4,98.93,24
197,4,256,256,8,256,256,3,3,2,2,128,128,grouped_conv_forward_bf16_2d_16x64x128_compv4,95.44,25
197,4,256,256,8,256,256,3,3,2,2,128,128,grouped_conv_forward_bf16_2d_64x64x64_compv4,87.17,26
197,4,256,256,8,256,256,3,3,2,2,128,128,grouped_conv_forward_bf16_2d_64x128x64_compv4,85.05,27
197,4,256,256,8,256,256,3,3,2,2,128,128,grouped_conv_forward_bf16_2d_64x64x128_compv4,84.96,28
197,4,256,256,8,256,256,3,3,2,2,128,128,grouped_conv_forward_bf16_2d_128x64x128_compv4,82.47,29
197,4,256,256,8,256,256,3,3,2,2,128,128,grouped_conv_forward_bf16_2d_128x128x64_compv4,82.09,30
198,4,1280,320,1,62,62,1,1,1,1,62,62,grouped_conv_forward_bf16_2d_128x128x64_compv5,220.25,1
198,4,1280,320,1,62,62,1,1,1,1,62,62,grouped_conv_forward_bf16_2d_128x128x64_compv3,220.03,2
198,4,1280,320,1,62,62,1,1,1,1,62,62,grouped_conv_forward_bf16_2d_64x128x64_compv5,204.87,3
198,4,1280,320,1,62,62,1,1,1,1,62,62,grouped_conv_forward_bf16_2d_64x128x64_compv3,204.09,4
198,4,1280,320,1,62,62,1,1,1,1,62,62,grouped_conv_forward_bf16_2d_128x64x128_compv5,194.24,5
198,4,1280,320,1,62,62,1,1,1,1,62,62,grouped_conv_forward_bf16_2d_64x64x128_compv5,193.97,6
198,4,1280,320,1,62,62,1,1,1,1,62,62,grouped_conv_forward_bf16_2d_32x64x128_compv5,193.52,7
198,4,1280,320,1,62,62,1,1,1,1,62,62,grouped_conv_forward_bf16_2d_64x64x128_compv3,192.68,8
198,4,1280,320,1,62,62,1,1,1,1,62,62,grouped_conv_forward_bf16_2d_128x64x128_compv3,192.38,9
198,4,1280,320,1,62,62,1,1,1,1,62,62,grouped_conv_forward_bf16_2d_32x64x128_compv3,192.35,10
198,4,1280,320,1,62,62,1,1,1,1,62,62,grouped_conv_forward_bf16_2d_32x128x64_compv5,183.21,11
198,4,1280,320,1,62,62,1,1,1,1,62,62,grouped_conv_forward_bf16_2d_32x128x64_compv3,183.08,12
198,4,1280,320,1,62,62,1,1,1,1,62,62,grouped_conv_forward_bf16_2d_64x64x64_compv3,168.11,13
198,4,1280,320,1,62,62,1,1,1,1,62,62,grouped_conv_forward_bf16_2d_64x64x64_compv5,166.80,14
198,4,1280,320,1,62,62,1,1,1,1,62,62,grouped_conv_forward_bf16_2d_32x64x64_compv5,159.80,15
198,4,1280,320,1,62,62,1,1,1,1,62,62,grouped_conv_forward_bf16_2d_32x64x64_compv3,159.52,16
198,4,1280,320,1,62,62,1,1,1,1,62,62,grouped_conv_forward_bf16_2d_16x64x128_compv5,149.48,17
198,4,1280,320,1,62,62,1,1,1,1,62,62,grouped_conv_forward_bf16_2d_16x64x128_compv3,148.62,18
198,4,1280,320,1,62,62,1,1,1,1,62,62,grouped_conv_forward_bf16_2d_32x64x64_compv4,144.65,19
198,4,1280,320,1,62,62,1,1,1,1,62,62,grouped_conv_forward_bf16_2d_32x128x64_compv4,143.14,20
198,4,1280,320,1,62,62,1,1,1,1,62,62,grouped_conv_forward_bf16_2d_32x64x128_compv4,138.98,21
198,4,1280,320,1,62,62,1,1,1,1,62,62,grouped_conv_forward_bf16_2d_16x64x64_compv5,135.72,22
198,4,1280,320,1,62,62,1,1,1,1,62,62,grouped_conv_forward_bf16_2d_16x64x64_compv3,135.62,23
198,4,1280,320,1,62,62,1,1,1,1,62,62,grouped_conv_forward_bf16_2d_16x64x64_compv4,128.89,24
198,4,1280,320,1,62,62,1,1,1,1,62,62,grouped_conv_forward_bf16_2d_16x64x128_compv4,125.72,25
198,4,1280,320,1,62,62,1,1,1,1,62,62,grouped_conv_forward_bf16_2d_64x64x64_compv4,108.21,26
198,4,1280,320,1,62,62,1,1,1,1,62,62,grouped_conv_forward_bf16_2d_64x128x64_compv4,107.44,27
198,4,1280,320,1,62,62,1,1,1,1,62,62,grouped_conv_forward_bf16_2d_64x64x128_compv4,102.70,28
198,4,1280,320,1,62,62,1,1,1,1,62,62,grouped_conv_forward_bf16_2d_128x128x64_compv4,99.64,29
198,4,1280,320,1,62,62,1,1,1,1,62,62,grouped_conv_forward_bf16_2d_128x64x128_compv4,91.63,30
199,1,1920,1280,1,8,8,1,1,1,1,8,8,grouped_conv_forward_bf16_2d_32x128x64_compv4,16.95,1
199,1,1920,1280,1,8,8,1,1,1,1,8,8,grouped_conv_forward_bf16_2d_16x64x64_compv4,14.66,2
199,1,1920,1280,1,8,8,1,1,1,1,8,8,grouped_conv_forward_bf16_2d_16x64x128_compv4,13.67,3
199,1,1920,1280,1,8,8,1,1,1,1,8,8,grouped_conv_forward_bf16_2d_16x64x128_compv5,13.61,4
199,1,1920,1280,1,8,8,1,1,1,1,8,8,grouped_conv_forward_bf16_2d_16x64x128_compv3,13.49,5
199,1,1920,1280,1,8,8,1,1,1,1,8,8,grouped_conv_forward_bf16_2d_32x64x64_compv4,12.81,6
199,1,1920,1280,1,8,8,1,1,1,1,8,8,grouped_conv_forward_bf16_2d_16x64x64_compv5,12.74,7
199,1,1920,1280,1,8,8,1,1,1,1,8,8,grouped_conv_forward_bf16_2d_16x64x64_compv3,12.63,8
199,1,1920,1280,1,8,8,1,1,1,1,8,8,grouped_conv_forward_bf16_2d_128x128x64_compv4,12.62,9
199,1,1920,1280,1,8,8,1,1,1,1,8,8,grouped_conv_forward_bf16_2d_64x128x64_compv4,12.33,10
199,1,1920,1280,1,8,8,1,1,1,1,8,8,grouped_conv_forward_bf16_2d_32x128x64_compv5,12.11,11
199,1,1920,1280,1,8,8,1,1,1,1,8,8,grouped_conv_forward_bf16_2d_32x128x64_compv3,12.04,12
199,1,1920,1280,1,8,8,1,1,1,1,8,8,grouped_conv_forward_bf16_2d_32x64x128_compv5,11.85,13
199,1,1920,1280,1,8,8,1,1,1,1,8,8,grouped_conv_forward_bf16_2d_32x64x128_compv3,11.73,14
199,1,1920,1280,1,8,8,1,1,1,1,8,8,grouped_conv_forward_bf16_2d_32x64x128_compv4,11.41,15
199,1,1920,1280,1,8,8,1,1,1,1,8,8,grouped_conv_forward_bf16_2d_32x64x64_compv5,11.09,16
199,1,1920,1280,1,8,8,1,1,1,1,8,8,grouped_conv_forward_bf16_2d_32x64x64_compv3,10.91,17
199,1,1920,1280,1,8,8,1,1,1,1,8,8,grouped_conv_forward_bf16_2d_128x128x64_compv5,10.64,18
199,1,1920,1280,1,8,8,1,1,1,1,8,8,grouped_conv_forward_bf16_2d_128x128x64_compv3,10.63,19
199,1,1920,1280,1,8,8,1,1,1,1,8,8,grouped_conv_forward_bf16_2d_64x128x64_compv5,10.53,20
199,1,1920,1280,1,8,8,1,1,1,1,8,8,grouped_conv_forward_bf16_2d_64x128x64_compv3,10.49,21
199,1,1920,1280,1,8,8,1,1,1,1,8,8,grouped_conv_forward_bf16_2d_64x64x64_compv4,9.86,22
199,1,1920,1280,1,8,8,1,1,1,1,8,8,grouped_conv_forward_bf16_2d_64x64x64_compv5,9.58,23
199,1,1920,1280,1,8,8,1,1,1,1,8,8,grouped_conv_forward_bf16_2d_64x64x64_compv3,9.56,24
199,1,1920,1280,1,8,8,1,1,1,1,8,8,grouped_conv_forward_bf16_2d_128x64x128_compv5,9.37,25
199,1,1920,1280,1,8,8,1,1,1,1,8,8,grouped_conv_forward_bf16_2d_64x64x128_compv5,9.36,26
199,1,1920,1280,1,8,8,1,1,1,1,8,8,grouped_conv_forward_bf16_2d_128x64x128_compv3,9.30,27
199,1,1920,1280,1,8,8,1,1,1,1,8,8,grouped_conv_forward_bf16_2d_64x64x128_compv3,9.23,28
199,1,1920,1280,1,8,8,1,1,1,1,8,8,grouped_conv_forward_bf16_2d_64x64x128_compv4,8.31,29
199,1,1920,1280,1,8,8,1,1,1,1,8,8,grouped_conv_forward_bf16_2d_128x64x128_compv4,8.28,30
200,1,24,96,1,512,512,3,3,1,1,512,512,grouped_conv_forward_bf16_2d_64x64x64_compv5,138.46,1
200,1,24,96,1,512,512,3,3,1,1,512,512,grouped_conv_forward_bf16_2d_64x64x64_compv3,136.19,2
200,1,24,96,1,512,512,3,3,1,1,512,512,grouped_conv_forward_bf16_2d_32x64x64_compv5,133.18,3
200,1,24,96,1,512,512,3,3,1,1,512,512,grouped_conv_forward_bf16_2d_32x64x128_compv5,132.51,4
200,1,24,96,1,512,512,3,3,1,1,512,512,grouped_conv_forward_bf16_2d_32x64x128_compv3,132.42,5
200,1,24,96,1,512,512,3,3,1,1,512,512,grouped_conv_forward_bf16_2d_128x128x64_compv5,132.26,6
200,1,24,96,1,512,512,3,3,1,1,512,512,grouped_conv_forward_bf16_2d_64x64x128_compv5,130.86,7
200,1,24,96,1,512,512,3,3,1,1,512,512,grouped_conv_forward_bf16_2d_32x64x64_compv3,130.30,8
200,1,24,96,1,512,512,3,3,1,1,512,512,grouped_conv_forward_bf16_2d_128x64x128_compv5,129.96,9
200,1,24,96,1,512,512,3,3,1,1,512,512,grouped_conv_forward_bf16_2d_32x128x64_compv5,129.45,10
200,1,24,96,1,512,512,3,3,1,1,512,512,grouped_conv_forward_bf16_2d_64x64x128_compv3,129.02,11
200,1,24,96,1,512,512,3,3,1,1,512,512,grouped_conv_forward_bf16_2d_128x64x128_compv3,128.19,12
200,1,24,96,1,512,512,3,3,1,1,512,512,grouped_conv_forward_bf16_2d_32x128x64_compv3,127.79,13
200,1,24,96,1,512,512,3,3,1,1,512,512,grouped_conv_forward_bf16_2d_64x128x64_compv3,126.14,14
200,1,24,96,1,512,512,3,3,1,1,512,512,grouped_conv_forward_bf16_2d_64x128x64_compv5,123.76,15
200,1,24,96,1,512,512,3,3,1,1,512,512,grouped_conv_forward_bf16_2d_128x128x64_compv3,119.19,16
200,1,24,96,1,512,512,3,3,1,1,512,512,grouped_conv_forward_bf16_2d_16x64x64_compv5,104.31,17
200,1,24,96,1,512,512,3,3,1,1,512,512,grouped_conv_forward_bf16_2d_16x64x128_compv5,103.63,18
200,1,24,96,1,512,512,3,3,1,1,512,512,grouped_conv_forward_bf16_2d_16x64x64_compv3,103.61,19
200,1,24,96,1,512,512,3,3,1,1,512,512,grouped_conv_forward_bf16_2d_16x64x128_compv3,102.33,20
200,1,24,96,1,512,512,3,3,1,1,512,512,grouped_conv_forward_bf16_2d_32x64x128_compv4,80.16,21
200,1,24,96,1,512,512,3,3,1,1,512,512,grouped_conv_forward_bf16_2d_32x128x64_compv4,79.35,22
200,1,24,96,1,512,512,3,3,1,1,512,512,grouped_conv_forward_bf16_2d_32x64x64_compv4,78.43,23
200,1,24,96,1,512,512,3,3,1,1,512,512,grouped_conv_forward_bf16_2d_16x64x128_compv4,73.69,24
200,1,24,96,1,512,512,3,3,1,1,512,512,grouped_conv_forward_bf16_2d_16x64x64_compv4,72.27,25
200,1,24,96,1,512,512,3,3,1,1,512,512,grouped_conv_forward_bf16_2d_128x128x64_compv4,60.26,26
200,1,24,96,1,512,512,3,3,1,1,512,512,grouped_conv_forward_bf16_2d_64x64x128_compv4,59.67,27
200,1,24,96,1,512,512,3,3,1,1,512,512,grouped_conv_forward_bf16_2d_64x64x64_compv4,59.33,28
200,1,24,96,1,512,512,3,3,1,1,512,512,grouped_conv_forward_bf16_2d_64x128x64_compv4,58.55,29
200,1,24,96,1,512,512,3,3,1,1,512,512,grouped_conv_forward_bf16_2d_128x64x128_compv4,57.81,30
201,1,512,224,1,128,128,1,1,1,1,128,128,grouped_conv_forward_bf16_2d_128x128x64_compv5,211.77,1
201,1,512,224,1,128,128,1,1,1,1,128,128,grouped_conv_forward_bf16_2d_128x128x64_compv3,208.89,2
201,1,512,224,1,128,128,1,1,1,1,128,128,grouped_conv_forward_bf16_2d_64x128x64_compv5,201.76,3
201,1,512,224,1,128,128,1,1,1,1,128,128,grouped_conv_forward_bf16_2d_64x128x64_compv3,199.94,4
201,1,512,224,1,128,128,1,1,1,1,128,128,grouped_conv_forward_bf16_2d_128x64x128_compv5,174.20,5
201,1,512,224,1,128,128,1,1,1,1,128,128,grouped_conv_forward_bf16_2d_128x64x128_compv3,173.02,6
201,1,512,224,1,128,128,1,1,1,1,128,128,grouped_conv_forward_bf16_2d_32x128x64_compv5,164.21,7
201,1,512,224,1,128,128,1,1,1,1,128,128,grouped_conv_forward_bf16_2d_32x128x64_compv3,163.46,8
201,1,512,224,1,128,128,1,1,1,1,128,128,grouped_conv_forward_bf16_2d_64x64x128_compv5,160.86,9
201,1,512,224,1,128,128,1,1,1,1,128,128,grouped_conv_forward_bf16_2d_64x64x128_compv3,159.58,10
201,1,512,224,1,128,128,1,1,1,1,128,128,grouped_conv_forward_bf16_2d_64x64x64_compv5,159.13,11
201,1,512,224,1,128,128,1,1,1,1,128,128,grouped_conv_forward_bf16_2d_64x64x64_compv3,157.88,12
201,1,512,224,1,128,128,1,1,1,1,128,128,grouped_conv_forward_bf16_2d_32x64x128_compv5,151.88,13
201,1,512,224,1,128,128,1,1,1,1,128,128,grouped_conv_forward_bf16_2d_32x64x128_compv3,150.82,14
201,1,512,224,1,128,128,1,1,1,1,128,128,grouped_conv_forward_bf16_2d_32x64x64_compv5,129.42,15
201,1,512,224,1,128,128,1,1,1,1,128,128,grouped_conv_forward_bf16_2d_32x64x64_compv3,128.64,16
201,1,512,224,1,128,128,1,1,1,1,128,128,grouped_conv_forward_bf16_2d_16x64x128_compv5,120.33,17
201,1,512,224,1,128,128,1,1,1,1,128,128,grouped_conv_forward_bf16_2d_16x64x128_compv3,119.67,18
201,1,512,224,1,128,128,1,1,1,1,128,128,grouped_conv_forward_bf16_2d_32x128x64_compv4,111.87,19
201,1,512,224,1,128,128,1,1,1,1,128,128,grouped_conv_forward_bf16_2d_32x64x64_compv4,110.61,20
201,1,512,224,1,128,128,1,1,1,1,128,128,grouped_conv_forward_bf16_2d_32x64x128_compv4,110.28,21
201,1,512,224,1,128,128,1,1,1,1,128,128,grouped_conv_forward_bf16_2d_16x64x64_compv5,109.70,22
201,1,512,224,1,128,128,1,1,1,1,128,128,grouped_conv_forward_bf16_2d_16x64x64_compv3,109.53,23
201,1,512,224,1,128,128,1,1,1,1,128,128,grouped_conv_forward_bf16_2d_16x64x64_compv4,98.02,24
201,1,512,224,1,128,128,1,1,1,1,128,128,grouped_conv_forward_bf16_2d_16x64x128_compv4,96.27,25
201,1,512,224,1,128,128,1,1,1,1,128,128,grouped_conv_forward_bf16_2d_64x64x128_compv4,92.98,26
201,1,512,224,1,128,128,1,1,1,1,128,128,grouped_conv_forward_bf16_2d_128x64x128_compv4,92.77,27
201,1,512,224,1,128,128,1,1,1,1,128,128,grouped_conv_forward_bf16_2d_64x128x64_compv4,91.82,28
201,1,512,224,1,128,128,1,1,1,1,128,128,grouped_conv_forward_bf16_2d_128x128x64_compv4,90.74,29
201,1,512,224,1,128,128,1,1,1,1,128,128,grouped_conv_forward_bf16_2d_64x64x64_compv4,87.32,30
202,8,96,64,1,16,16,3,3,1,1,16,16,grouped_conv_forward_bf16_2d_16x64x64_compv4,18.51,1
202,8,96,64,1,16,16,3,3,1,1,16,16,grouped_conv_forward_bf16_2d_16x64x128_compv4,17.31,2
202,8,96,64,1,16,16,3,3,1,1,16,16,grouped_conv_forward_bf16_2d_16x64x128_compv5,16.81,3
202,8,96,64,1,16,16,3,3,1,1,16,16,grouped_conv_forward_bf16_2d_16x64x128_compv3,16.66,4
202,8,96,64,1,16,16,3,3,1,1,16,16,grouped_conv_forward_bf16_2d_16x64x64_compv5,16.37,5
202,8,96,64,1,16,16,3,3,1,1,16,16,grouped_conv_forward_bf16_2d_16x64x64_compv3,16.19,6
202,8,96,64,1,16,16,3,3,1,1,16,16,grouped_conv_forward_bf16_2d_32x64x64_compv4,14.63,7
202,8,96,64,1,16,16,3,3,1,1,16,16,grouped_conv_forward_bf16_2d_32x64x128_compv5,14.19,8
202,8,96,64,1,16,16,3,3,1,1,16,16,grouped_conv_forward_bf16_2d_32x64x128_compv3,13.99,9
202,8,96,64,1,16,16,3,3,1,1,16,16,grouped_conv_forward_bf16_2d_32x128x64_compv4,13.43,10
202,8,96,64,1,16,16,3,3,1,1,16,16,grouped_conv_forward_bf16_2d_32x64x128_compv4,13.34,11
202,8,96,64,1,16,16,3,3,1,1,16,16,grouped_conv_forward_bf16_2d_32x64x64_compv5,12.77,12
202,8,96,64,1,16,16,3,3,1,1,16,16,grouped_conv_forward_bf16_2d_32x64x64_compv3,12.48,13
202,8,96,64,1,16,16,3,3,1,1,16,16,grouped_conv_forward_bf16_2d_64x64x128_compv5,12.01,14
202,8,96,64,1,16,16,3,3,1,1,16,16,grouped_conv_forward_bf16_2d_64x64x128_compv3,11.99,15
202,8,96,64,1,16,16,3,3,1,1,16,16,grouped_conv_forward_bf16_2d_128x64x128_compv3,11.75,16
202,8,96,64,1,16,16,3,3,1,1,16,16,grouped_conv_forward_bf16_2d_128x64x128_compv5,11.73,17
202,8,96,64,1,16,16,3,3,1,1,16,16,grouped_conv_forward_bf16_2d_32x128x64_compv5,11.14,18
202,8,96,64,1,16,16,3,3,1,1,16,16,grouped_conv_forward_bf16_2d_32x128x64_compv3,11.04,19
202,8,96,64,1,16,16,3,3,1,1,16,16,grouped_conv_forward_bf16_2d_128x64x128_compv4,10.76,20
202,8,96,64,1,16,16,3,3,1,1,16,16,grouped_conv_forward_bf16_2d_64x64x128_compv4,10.64,21
202,8,96,64,1,16,16,3,3,1,1,16,16,grouped_conv_forward_bf16_2d_64x64x64_compv4,10.12,22
202,8,96,64,1,16,16,3,3,1,1,16,16,grouped_conv_forward_bf16_2d_64x64x64_compv5,9.89,23
202,8,96,64,1,16,16,3,3,1,1,16,16,grouped_conv_forward_bf16_2d_64x64x64_compv3,9.85,24
202,8,96,64,1,16,16,3,3,1,1,16,16,grouped_conv_forward_bf16_2d_128x128x64_compv4,9.67,25
202,8,96,64,1,16,16,3,3,1,1,16,16,grouped_conv_forward_bf16_2d_64x128x64_compv4,9.54,26
202,8,96,64,1,16,16,3,3,1,1,16,16,grouped_conv_forward_bf16_2d_64x128x64_compv5,8.70,27
202,8,96,64,1,16,16,3,3,1,1,16,16,grouped_conv_forward_bf16_2d_128x128x64_compv5,8.69,28
202,8,96,64,1,16,16,3,3,1,1,16,16,grouped_conv_forward_bf16_2d_64x128x64_compv3,8.67,29
202,8,96,64,1,16,16,3,3,1,1,16,16,grouped_conv_forward_bf16_2d_128x128x64_compv3,8.65,30
203,4,384,769,1,4,49,1,1,1,1,4,49,grouped_conv_forward_bf16_2d_32x64x128_compv5,44.85,1
203,4,384,769,1,4,49,1,1,1,1,4,49,grouped_conv_forward_bf16_2d_32x64x128_compv3,44.58,2
203,4,384,769,1,4,49,1,1,1,1,4,49,grouped_conv_forward_bf16_2d_32x64x64_compv4,44.40,3
203,4,384,769,1,4,49,1,1,1,1,4,49,grouped_conv_forward_bf16_2d_16x64x128_compv5,44.04,4
203,4,384,769,1,4,49,1,1,1,1,4,49,grouped_conv_forward_bf16_2d_16x64x64_compv4,43.59,5
203,4,384,769,1,4,49,1,1,1,1,4,49,grouped_conv_forward_bf16_2d_16x64x128_compv3,43.42,6
203,4,384,769,1,4,49,1,1,1,1,4,49,grouped_conv_forward_bf16_2d_32x128x64_compv4,43.26,7
203,4,384,769,1,4,49,1,1,1,1,4,49,grouped_conv_forward_bf16_2d_16x64x128_compv4,42.72,8
203,4,384,769,1,4,49,1,1,1,1,4,49,grouped_conv_forward_bf16_2d_32x64x128_compv4,42.37,9
203,4,384,769,1,4,49,1,1,1,1,4,49,grouped_conv_forward_bf16_2d_32x64x64_compv5,42.01,10
203,4,384,769,1,4,49,1,1,1,1,4,49,grouped_conv_forward_bf16_2d_64x64x64_compv4,41.59,11
203,4,384,769,1,4,49,1,1,1,1,4,49,grouped_conv_forward_bf16_2d_16x64x64_compv5,41.55,12
203,4,384,769,1,4,49,1,1,1,1,4,49,grouped_conv_forward_bf16_2d_32x64x64_compv3,41.41,13
203,4,384,769,1,4,49,1,1,1,1,4,49,grouped_conv_forward_bf16_2d_16x64x64_compv3,41.18,14
203,4,384,769,1,4,49,1,1,1,1,4,49,grouped_conv_forward_bf16_2d_32x128x64_compv5,40.45,15
203,4,384,769,1,4,49,1,1,1,1,4,49,grouped_conv_forward_bf16_2d_32x128x64_compv3,40.40,16
203,4,384,769,1,4,49,1,1,1,1,4,49,grouped_conv_forward_bf16_2d_64x64x64_compv5,39.57,17
203,4,384,769,1,4,49,1,1,1,1,4,49,grouped_conv_forward_bf16_2d_64x64x64_compv3,39.17,18
203,4,384,769,1,4,49,1,1,1,1,4,49,grouped_conv_forward_bf16_2d_128x64x128_compv5,36.43,19
203,4,384,769,1,4,49,1,1,1,1,4,49,grouped_conv_forward_bf16_2d_64x64x128_compv5,36.39,20
203,4,384,769,1,4,49,1,1,1,1,4,49,grouped_conv_forward_bf16_2d_64x64x128_compv3,36.08,21
203,4,384,769,1,4,49,1,1,1,1,4,49,grouped_conv_forward_bf16_2d_128x64x128_compv3,35.62,22
203,4,384,769,1,4,49,1,1,1,1,4,49,grouped_conv_forward_bf16_2d_64x128x64_compv4,34.92,23
203,4,384,769,1,4,49,1,1,1,1,4,49,grouped_conv_forward_bf16_2d_128x64x128_compv4,34.78,24
203,4,384,769,1,4,49,1,1,1,1,4,49,grouped_conv_forward_bf16_2d_64x64x128_compv4,34.09,25
203,4,384,769,1,4,49,1,1,1,1,4,49,grouped_conv_forward_bf16_2d_128x128x64_compv4,33.93,26
203,4,384,769,1,4,49,1,1,1,1,4,49,grouped_conv_forward_bf16_2d_64x128x64_compv5,32.97,27
203,4,384,769,1,4,49,1,1,1,1,4,49,grouped_conv_forward_bf16_2d_64x128x64_compv3,32.74,28
203,4,384,769,1,4,49,1,1,1,1,4,49,grouped_conv_forward_bf16_2d_128x128x64_compv5,30.29,29
203,4,384,769,1,4,49,1,1,1,1,4,49,grouped_conv_forward_bf16_2d_128x128x64_compv3,29.91,30
204,4,576,576,576,7,7,5,5,1,1,7,7,grouped_conv_forward_bf16_2d_32x128x64_compv3,3.49,1
204,4,576,576,576,7,7,5,5,1,1,7,7,grouped_conv_forward_bf16_2d_32x128x64_compv5,3.41,2
204,4,576,576,576,7,7,5,5,1,1,7,7,grouped_conv_forward_bf16_2d_64x128x64_compv3,2.94,3
204,4,576,576,576,7,7,5,5,1,1,7,7,grouped_conv_forward_bf16_2d_64x128x64_compv5,2.87,4
204,4,576,576,576,7,7,5,5,1,1,7,7,grouped_conv_forward_bf16_2d_32x128x64_compv4,2.69,5
204,4,576,576,576,7,7,5,5,1,1,7,7,grouped_conv_forward_bf16_2d_128x128x64_compv3,2.58,6
204,4,576,576,576,7,7,5,5,1,1,7,7,grouped_conv_forward_bf16_2d_128x128x64_compv5,2.51,7
204,4,576,576,576,7,7,5,5,1,1,7,7,grouped_conv_forward_bf16_2d_16x64x128_compv5,2.43,8
204,4,576,576,576,7,7,5,5,1,1,7,7,grouped_conv_forward_bf16_2d_16x64x128_compv3,2.42,9
204,4,576,576,576,7,7,5,5,1,1,7,7,grouped_conv_forward_bf16_2d_64x128x64_compv4,2.34,10
204,4,576,576,576,7,7,5,5,1,1,7,7,grouped_conv_forward_bf16_2d_128x128x64_compv4,2.29,11
204,4,576,576,576,7,7,5,5,1,1,7,7,grouped_conv_forward_bf16_2d_32x64x128_compv5,2.25,12
204,4,576,576,576,7,7,5,5,1,1,7,7,grouped_conv_forward_bf16_2d_32x64x128_compv3,2.22,13
204,4,576,576,576,7,7,5,5,1,1,7,7,grouped_conv_forward_bf16_2d_16x64x128_compv4,2.14,14
204,4,576,576,576,7,7,5,5,1,1,7,7,grouped_conv_forward_bf16_2d_64x64x128_compv5,1.91,15
204,4,576,576,576,7,7,5,5,1,1,7,7,grouped_conv_forward_bf16_2d_64x64x128_compv3,1.88,16
204,4,576,576,576,7,7,5,5,1,1,7,7,grouped_conv_forward_bf16_2d_32x64x128_compv4,1.88,17
204,4,576,576,576,7,7,5,5,1,1,7,7,grouped_conv_forward_bf16_2d_128x64x128_compv5,1.77,18
204,4,576,576,576,7,7,5,5,1,1,7,7,grouped_conv_forward_bf16_2d_128x64x128_compv3,1.75,19
204,4,576,576,576,7,7,5,5,1,1,7,7,grouped_conv_forward_bf16_2d_128x64x128_compv4,1.63,20
204,4,576,576,576,7,7,5,5,1,1,7,7,grouped_conv_forward_bf16_2d_64x64x128_compv4,1.60,21
204,4,576,576,576,7,7,5,5,1,1,7,7,grouped_conv_forward_bf16_2d_16x64x64_compv5,1.60,22
204,4,576,576,576,7,7,5,5,1,1,7,7,grouped_conv_forward_bf16_2d_16x64x64_compv3,1.59,23
204,4,576,576,576,7,7,5,5,1,1,7,7,grouped_conv_forward_bf16_2d_32x64x64_compv5,1.53,24
204,4,576,576,576,7,7,5,5,1,1,7,7,grouped_conv_forward_bf16_2d_32x64x64_compv3,1.52,25
204,4,576,576,576,7,7,5,5,1,1,7,7,grouped_conv_forward_bf16_2d_64x64x64_compv3,1.43,26
204,4,576,576,576,7,7,5,5,1,1,7,7,grouped_conv_forward_bf16_2d_64x64x64_compv5,1.40,27
204,4,576,576,576,7,7,5,5,1,1,7,7,grouped_conv_forward_bf16_2d_16x64x64_compv4,1.30,28
204,4,576,576,576,7,7,5,5,1,1,7,7,grouped_conv_forward_bf16_2d_32x64x64_compv4,1.26,29
204,4,576,576,576,7,7,5,5,1,1,7,7,grouped_conv_forward_bf16_2d_64x64x64_compv4,1.11,30
205,4,180,180,180,28,28,3,3,2,2,14,14,grouped_conv_forward_bf16_2d_32x128x64_compv5,2.88,1
205,4,180,180,180,28,28,3,3,2,2,14,14,grouped_conv_forward_bf16_2d_32x128x64_compv3,2.78,2
205,4,180,180,180,28,28,3,3,2,2,14,14,grouped_conv_forward_bf16_2d_32x64x128_compv5,2.59,3
205,4,180,180,180,28,28,3,3,2,2,14,14,grouped_conv_forward_bf16_2d_32x64x128_compv3,2.56,4
205,4,180,180,180,28,28,3,3,2,2,14,14,grouped_conv_forward_bf16_2d_64x128x64_compv5,2.53,5
205,4,180,180,180,28,28,3,3,2,2,14,14,grouped_conv_forward_bf16_2d_32x128x64_compv4,2.47,6
205,4,180,180,180,28,28,3,3,2,2,14,14,grouped_conv_forward_bf16_2d_64x128x64_compv3,2.47,7
205,4,180,180,180,28,28,3,3,2,2,14,14,grouped_conv_forward_bf16_2d_16x64x128_compv5,2.38,8
205,4,180,180,180,28,28,3,3,2,2,14,14,grouped_conv_forward_bf16_2d_16x64x128_compv3,2.37,9
205,4,180,180,180,28,28,3,3,2,2,14,14,grouped_conv_forward_bf16_2d_64x64x128_compv3,2.35,10
205,4,180,180,180,28,28,3,3,2,2,14,14,grouped_conv_forward_bf16_2d_64x64x128_compv5,2.33,11
205,4,180,180,180,28,28,3,3,2,2,14,14,grouped_conv_forward_bf16_2d_32x64x128_compv4,2.31,12
205,4,180,180,180,28,28,3,3,2,2,14,14,grouped_conv_forward_bf16_2d_16x64x128_compv4,2.28,13
205,4,180,180,180,28,28,3,3,2,2,14,14,grouped_conv_forward_bf16_2d_128x128x64_compv5,2.20,14
205,4,180,180,180,28,28,3,3,2,2,14,14,grouped_conv_forward_bf16_2d_128x128x64_compv3,2.19,15
205,4,180,180,180,28,28,3,3,2,2,14,14,grouped_conv_forward_bf16_2d_128x64x128_compv3,2.17,16
205,4,180,180,180,28,28,3,3,2,2,14,14,grouped_conv_forward_bf16_2d_64x128x64_compv4,2.16,17
205,4,180,180,180,28,28,3,3,2,2,14,14,grouped_conv_forward_bf16_2d_128x64x128_compv5,2.12,18
205,4,180,180,180,28,28,3,3,2,2,14,14,grouped_conv_forward_bf16_2d_128x128x64_compv4,2.09,19
205,4,180,180,180,28,28,3,3,2,2,14,14,grouped_conv_forward_bf16_2d_128x64x128_compv4,1.99,20
205,4,180,180,180,28,28,3,3,2,2,14,14,grouped_conv_forward_bf16_2d_64x64x128_compv4,1.97,21
205,4,180,180,180,28,28,3,3,2,2,14,14,grouped_conv_forward_bf16_2d_32x64x64_compv5,1.64,22
205,4,180,180,180,28,28,3,3,2,2,14,14,grouped_conv_forward_bf16_2d_32x64x64_compv3,1.53,23
205,4,180,180,180,28,28,3,3,2,2,14,14,grouped_conv_forward_bf16_2d_16x64x64_compv5,1.45,24
205,4,180,180,180,28,28,3,3,2,2,14,14,grouped_conv_forward_bf16_2d_64x64x64_compv5,1.43,25
205,4,180,180,180,28,28,3,3,2,2,14,14,grouped_conv_forward_bf16_2d_64x64x64_compv3,1.42,26
205,4,180,180,180,28,28,3,3,2,2,14,14,grouped_conv_forward_bf16_2d_32x64x64_compv4,1.38,27
205,4,180,180,180,28,28,3,3,2,2,14,14,grouped_conv_forward_bf16_2d_16x64x64_compv3,1.36,28
205,4,180,180,180,28,28,3,3,2,2,14,14,grouped_conv_forward_bf16_2d_16x64x64_compv4,1.28,29
205,4,180,180,180,28,28,3,3,2,2,14,14,grouped_conv_forward_bf16_2d_64x64x64_compv4,1.18,30
206,1,34,34,34,14,14,3,3,1,1,14,14,grouped_conv_forward_bf16_2d_32x128x64_compv5,0.27,1
206,1,34,34,34,14,14,3,3,1,1,14,14,grouped_conv_forward_bf16_2d_16x64x64_compv5,0.26,2
206,1,34,34,34,14,14,3,3,1,1,14,14,grouped_conv_forward_bf16_2d_32x128x64_compv3,0.26,3
206,1,34,34,34,14,14,3,3,1,1,14,14,grouped_conv_forward_bf16_2d_16x64x128_compv5,0.25,4
206,1,34,34,34,14,14,3,3,1,1,14,14,grouped_conv_forward_bf16_2d_16x64x64_compv3,0.25,5
206,1,34,34,34,14,14,3,3,1,1,14,14,grouped_conv_forward_bf16_2d_32x64x128_compv5,0.24,6
206,1,34,34,34,14,14,3,3,1,1,14,14,grouped_conv_forward_bf16_2d_32x64x64_compv5,0.24,7
206,1,34,34,34,14,14,3,3,1,1,14,14,grouped_conv_forward_bf16_2d_16x64x128_compv3,0.24,8
206,1,34,34,34,14,14,3,3,1,1,14,14,grouped_conv_forward_bf16_2d_32x64x128_compv3,0.23,9
206,1,34,34,34,14,14,3,3,1,1,14,14,grouped_conv_forward_bf16_2d_32x64x64_compv3,0.22,10
206,1,34,34,34,14,14,3,3,1,1,14,14,grouped_conv_forward_bf16_2d_32x128x64_compv4,0.22,11
206,1,34,34,34,14,14,3,3,1,1,14,14,grouped_conv_forward_bf16_2d_64x128x64_compv5,0.21,12
206,1,34,34,34,14,14,3,3,1,1,14,14,grouped_conv_forward_bf16_2d_64x128x64_compv3,0.21,13
206,1,34,34,34,14,14,3,3,1,1,14,14,grouped_conv_forward_bf16_2d_16x64x128_compv4,0.20,14
206,1,34,34,34,14,14,3,3,1,1,14,14,grouped_conv_forward_bf16_2d_32x64x128_compv4,0.19,15
206,1,34,34,34,14,14,3,3,1,1,14,14,grouped_conv_forward_bf16_2d_64x64x128_compv5,0.19,16
206,1,34,34,34,14,14,3,3,1,1,14,14,grouped_conv_forward_bf16_2d_64x64x128_compv3,0.18,17
206,1,34,34,34,14,14,3,3,1,1,14,14,grouped_conv_forward_bf16_2d_16x64x64_compv4,0.18,18
206,1,34,34,34,14,14,3,3,1,1,14,14,grouped_conv_forward_bf16_2d_128x128x64_compv3,0.18,19
206,1,34,34,34,14,14,3,3,1,1,14,14,grouped_conv_forward_bf16_2d_64x128x64_compv4,0.17,20
206,1,34,34,34,14,14,3,3,1,1,14,14,grouped_conv_forward_bf16_2d_128x128x64_compv5,0.17,21
206,1,34,34,34,14,14,3,3,1,1,14,14,grouped_conv_forward_bf16_2d_64x64x64_compv5,0.17,22
206,1,34,34,34,14,14,3,3,1,1,14,14,grouped_conv_forward_bf16_2d_32x64x64_compv4,0.17,23
206,1,34,34,34,14,14,3,3,1,1,14,14,grouped_conv_forward_bf16_2d_64x64x64_compv3,0.17,24
206,1,34,34,34,14,14,3,3,1,1,14,14,grouped_conv_forward_bf16_2d_128x64x128_compv3,0.16,25
206,1,34,34,34,14,14,3,3,1,1,14,14,grouped_conv_forward_bf16_2d_128x128x64_compv4,0.16,26
206,1,34,34,34,14,14,3,3,1,1,14,14,grouped_conv_forward_bf16_2d_128x64x128_compv5,0.16,27
206,1,34,34,34,14,14,3,3,1,1,14,14,grouped_conv_forward_bf16_2d_64x64x128_compv4,0.14,28
206,1,34,34,34,14,14,3,3,1,1,14,14,grouped_conv_forward_bf16_2d_128x64x128_compv4,0.14,29
206,1,34,34,34,14,14,3,3,1,1,14,14,grouped_conv_forward_bf16_2d_64x64x64_compv4,0.11,30
207,1,96,48,1,56,56,1,1,1,1,56,56,grouped_conv_forward_bf16_2d_16x64x64_compv3,6.78,1
207,1,96,48,1,56,56,1,1,1,1,56,56,grouped_conv_forward_bf16_2d_16x64x64_compv5,6.57,2
207,1,96,48,1,56,56,1,1,1,1,56,56,grouped_conv_forward_bf16_2d_16x64x128_compv3,6.33,3
207,1,96,48,1,56,56,1,1,1,1,56,56,grouped_conv_forward_bf16_2d_32x64x64_compv5,6.08,4
207,1,96,48,1,56,56,1,1,1,1,56,56,grouped_conv_forward_bf16_2d_16x64x128_compv5,6.02,5
207,1,96,48,1,56,56,1,1,1,1,56,56,grouped_conv_forward_bf16_2d_32x64x64_compv3,5.70,6
207,1,96,48,1,56,56,1,1,1,1,56,56,grouped_conv_forward_bf16_2d_32x64x128_compv5,5.45,7
207,1,96,48,1,56,56,1,1,1,1,56,56,grouped_conv_forward_bf16_2d_32x64x128_compv3,5.30,8
207,1,96,48,1,56,56,1,1,1,1,56,56,grouped_conv_forward_bf16_2d_16x64x64_compv4,5.30,9
207,1,96,48,1,56,56,1,1,1,1,56,56,grouped_conv_forward_bf16_2d_16x64x128_compv4,5.16,10
207,1,96,48,1,56,56,1,1,1,1,56,56,grouped_conv_forward_bf16_2d_64x64x64_compv3,5.14,11
207,1,96,48,1,56,56,1,1,1,1,56,56,grouped_conv_forward_bf16_2d_64x64x64_compv5,5.10,12
207,1,96,48,1,56,56,1,1,1,1,56,56,grouped_conv_forward_bf16_2d_64x64x128_compv3,4.99,13
207,1,96,48,1,56,56,1,1,1,1,56,56,grouped_conv_forward_bf16_2d_64x64x128_compv5,4.92,14
207,1,96,48,1,56,56,1,1,1,1,56,56,grouped_conv_forward_bf16_2d_32x64x128_compv4,4.88,15
207,1,96,48,1,56,56,1,1,1,1,56,56,grouped_conv_forward_bf16_2d_32x64x64_compv4,4.77,16
207,1,96,48,1,56,56,1,1,1,1,56,56,grouped_conv_forward_bf16_2d_128x64x128_compv3,4.52,17
207,1,96,48,1,56,56,1,1,1,1,56,56,grouped_conv_forward_bf16_2d_128x64x128_compv5,4.32,18
207,1,96,48,1,56,56,1,1,1,1,56,56,grouped_conv_forward_bf16_2d_64x64x128_compv4,4.18,19
207,1,96,48,1,56,56,1,1,1,1,56,56,grouped_conv_forward_bf16_2d_128x64x128_compv4,3.96,20
207,1,96,48,1,56,56,1,1,1,1,56,56,grouped_conv_forward_bf16_2d_64x64x64_compv4,3.93,21
207,1,96,48,1,56,56,1,1,1,1,56,56,grouped_conv_forward_bf16_2d_32x128x64_compv5,3.24,22
207,1,96,48,1,56,56,1,1,1,1,56,56,grouped_conv_forward_bf16_2d_32x128x64_compv3,3.12,23
207,1,96,48,1,56,56,1,1,1,1,56,56,grouped_conv_forward_bf16_2d_64x128x64_compv5,2.93,24
207,1,96,48,1,56,56,1,1,1,1,56,56,grouped_conv_forward_bf16_2d_64x128x64_compv3,2.90,25
207,1,96,48,1,56,56,1,1,1,1,56,56,grouped_conv_forward_bf16_2d_32x128x64_compv4,2.85,26
207,1,96,48,1,56,56,1,1,1,1,56,56,grouped_conv_forward_bf16_2d_128x128x64_compv5,2.48,27
207,1,96,48,1,56,56,1,1,1,1,56,56,grouped_conv_forward_bf16_2d_128x128x64_compv3,2.45,28
207,1,96,48,1,56,56,1,1,1,1,56,56,grouped_conv_forward_bf16_2d_64x128x64_compv4,2.34,29
207,1,96,48,1,56,56,1,1,1,1,56,56,grouped_conv_forward_bf16_2d_128x128x64_compv4,2.16,30
208,4,278,254,1,128,128,1,1,1,1,128,128,grouped_conv_forward_bf16_2d_64x128x64_compv5,205.70,1
208,4,278,254,1,128,128,1,1,1,1,128,128,grouped_conv_forward_bf16_2d_64x128x64_compv3,204.59,2
208,4,278,254,1,128,128,1,1,1,1,128,128,grouped_conv_forward_bf16_2d_32x128x64_compv3,185.70,3
208,4,278,254,1,128,128,1,1,1,1,128,128,grouped_conv_forward_bf16_2d_32x128x64_compv5,185.42,4
208,4,278,254,1,128,128,1,1,1,1,128,128,grouped_conv_forward_bf16_2d_128x128x64_compv5,181.07,5
208,4,278,254,1,128,128,1,1,1,1,128,128,grouped_conv_forward_bf16_2d_32x64x128_compv3,169.10,6
208,4,278,254,1,128,128,1,1,1,1,128,128,grouped_conv_forward_bf16_2d_32x64x128_compv5,168.93,7
208,4,278,254,1,128,128,1,1,1,1,128,128,grouped_conv_forward_bf16_2d_64x64x128_compv3,168.38,8
208,4,278,254,1,128,128,1,1,1,1,128,128,grouped_conv_forward_bf16_2d_64x64x128_compv5,168.37,9
208,4,278,254,1,128,128,1,1,1,1,128,128,grouped_conv_forward_bf16_2d_128x128x64_compv3,166.53,10
208,4,278,254,1,128,128,1,1,1,1,128,128,grouped_conv_forward_bf16_2d_64x64x64_compv5,159.98,11
208,4,278,254,1,128,128,1,1,1,1,128,128,grouped_conv_forward_bf16_2d_64x64x64_compv3,159.75,12
208,4,278,254,1,128,128,1,1,1,1,128,128,grouped_conv_forward_bf16_2d_128x64x128_compv5,155.02,13
208,4,278,254,1,128,128,1,1,1,1,128,128,grouped_conv_forward_bf16_2d_128x64x128_compv3,149.48,14
208,4,278,254,1,128,128,1,1,1,1,128,128,grouped_conv_forward_bf16_2d_32x64x64_compv5,140.52,15
208,4,278,254,1,128,128,1,1,1,1,128,128,grouped_conv_forward_bf16_2d_32x64x64_compv3,140.52,16
208,4,278,254,1,128,128,1,1,1,1,128,128,grouped_conv_forward_bf16_2d_16x64x128_compv5,132.47,17
208,4,278,254,1,128,128,1,1,1,1,128,128,grouped_conv_forward_bf16_2d_16x64x128_compv3,132.20,18
208,4,278,254,1,128,128,1,1,1,1,128,128,grouped_conv_forward_bf16_2d_32x64x128_compv4,117.90,19
208,4,278,254,1,128,128,1,1,1,1,128,128,grouped_conv_forward_bf16_2d_32x64x64_compv4,117.87,20
208,4,278,254,1,128,128,1,1,1,1,128,128,grouped_conv_forward_bf16_2d_16x64x64_compv5,116.58,21
208,4,278,254,1,128,128,1,1,1,1,128,128,grouped_conv_forward_bf16_2d_16x64x64_compv3,116.53,22
208,4,278,254,1,128,128,1,1,1,1,128,128,grouped_conv_forward_bf16_2d_32x128x64_compv4,116.21,23
208,4,278,254,1,128,128,1,1,1,1,128,128,grouped_conv_forward_bf16_2d_16x64x64_compv4,104.18,24
208,4,278,254,1,128,128,1,1,1,1,128,128,grouped_conv_forward_bf16_2d_16x64x128_compv4,102.01,25
208,4,278,254,1,128,128,1,1,1,1,128,128,grouped_conv_forward_bf16_2d_64x64x64_compv4,95.92,26
208,4,278,254,1,128,128,1,1,1,1,128,128,grouped_conv_forward_bf16_2d_64x128x64_compv4,94.26,27
208,4,278,254,1,128,128,1,1,1,1,128,128,grouped_conv_forward_bf16_2d_64x64x128_compv4,93.94,28
208,4,278,254,1,128,128,1,1,1,1,128,128,grouped_conv_forward_bf16_2d_128x64x128_compv4,92.86,29
208,4,278,254,1,128,128,1,1,1,1,128,128,grouped_conv_forward_bf16_2d_128x128x64_compv4,92.63,30
209,1,144,6,1,1,1,1,1,1,1,1,1,grouped_conv_forward_bf16_2d_32x64x128_compv5,0.14,1
209,1,144,6,1,1,1,1,1,1,1,1,1,grouped_conv_forward_bf16_2d_16x64x128_compv4,0.14,2
209,1,144,6,1,1,1,1,1,1,1,1,1,grouped_conv_forward_bf16_2d_32x128x64_compv5,0.13,3
209,1,144,6,1,1,1,1,1,1,1,1,1,grouped_conv_forward_bf16_2d_16x64x128_compv5,0.12,4
209,1,144,6,1,1,1,1,1,1,1,1,1,grouped_conv_forward_bf16_2d_16x64x64_compv4,0.12,5
209,1,144,6,1,1,1,1,1,1,1,1,1,grouped_conv_forward_bf16_2d_32x128x64_compv4,0.12,6
209,1,144,6,1,1,1,1,1,1,1,1,1,grouped_conv_forward_bf16_2d_32x64x128_compv3,0.12,7
209,1,144,6,1,1,1,1,1,1,1,1,1,grouped_conv_forward_bf16_2d_16x64x128_compv3,0.11,8
209,1,144,6,1,1,1,1,1,1,1,1,1,grouped_conv_forward_bf16_2d_64x64x128_compv5,0.11,9
209,1,144,6,1,1,1,1,1,1,1,1,1,grouped_conv_forward_bf16_2d_32x64x64_compv5,0.11,10
209,1,144,6,1,1,1,1,1,1,1,1,1,grouped_conv_forward_bf16_2d_32x64x128_compv4,0.11,11
209,1,144,6,1,1,1,1,1,1,1,1,1,grouped_conv_forward_bf16_2d_16x64x64_compv5,0.11,12
209,1,144,6,1,1,1,1,1,1,1,1,1,grouped_conv_forward_bf16_2d_64x64x128_compv3,0.10,13
209,1,144,6,1,1,1,1,1,1,1,1,1,grouped_conv_forward_bf16_2d_128x64x128_compv3,0.10,14
209,1,144,6,1,1,1,1,1,1,1,1,1,grouped_conv_forward_bf16_2d_32x64x64_compv4,0.10,15
209,1,144,6,1,1,1,1,1,1,1,1,1,grouped_conv_forward_bf16_2d_16x64x64_compv3,0.10,16
209,1,144,6,1,1,1,1,1,1,1,1,1,grouped_conv_forward_bf16_2d_32x128x64_compv3,0.10,17
209,1,144,6,1,1,1,1,1,1,1,1,1,grouped_conv_forward_bf16_2d_128x64x128_compv5,0.10,18
209,1,144,6,1,1,1,1,1,1,1,1,1,grouped_conv_forward_bf16_2d_64x128x64_compv5,0.10,19
209,1,144,6,1,1,1,1,1,1,1,1,1,grouped_conv_forward_bf16_2d_64x128x64_compv3,0.09,20
209,1,144,6,1,1,1,1,1,1,1,1,1,grouped_conv_forward_bf16_2d_64x128x64_compv4,0.09,21
209,1,144,6,1,1,1,1,1,1,1,1,1,grouped_conv_forward_bf16_2d_128x128x64_compv4,0.09,22
209,1,144,6,1,1,1,1,1,1,1,1,1,grouped_conv_forward_bf16_2d_64x64x128_compv4,0.09,23
209,1,144,6,1,1,1,1,1,1,1,1,1,grouped_conv_forward_bf16_2d_128x64x128_compv4,0.09,24
209,1,144,6,1,1,1,1,1,1,1,1,1,grouped_conv_forward_bf16_2d_32x64x64_compv3,0.09,25
209,1,144,6,1,1,1,1,1,1,1,1,1,grouped_conv_forward_bf16_2d_64x64x64_compv5,0.09,26
209,1,144,6,1,1,1,1,1,1,1,1,1,grouped_conv_forward_bf16_2d_128x128x64_compv3,0.09,27
209,1,144,6,1,1,1,1,1,1,1,1,1,grouped_conv_forward_bf16_2d_128x128x64_compv5,0.09,28
209,1,144,6,1,1,1,1,1,1,1,1,1,grouped_conv_forward_bf16_2d_64x64x64_compv3,0.08,29
209,1,144,6,1,1,1,1,1,1,1,1,1,grouped_conv_forward_bf16_2d_64x64x64_compv4,0.07,30
210,4,80,256,1,256,256,1,1,1,1,256,256,grouped_conv_forward_bf16_2d_64x128x64_compv5,117.72,1
210,4,80,256,1,256,256,1,1,1,1,256,256,grouped_conv_forward_bf16_2d_64x128x64_compv3,115.44,2
210,4,80,256,1,256,256,1,1,1,1,256,256,grouped_conv_forward_bf16_2d_32x128x64_compv5,113.42,3
210,4,80,256,1,256,256,1,1,1,1,256,256,grouped_conv_forward_bf16_2d_32x128x64_compv3,113.14,4
210,4,80,256,1,256,256,1,1,1,1,256,256,grouped_conv_forward_bf16_2d_128x128x64_compv5,105.70,5
210,4,80,256,1,256,256,1,1,1,1,256,256,grouped_conv_forward_bf16_2d_128x128x64_compv3,104.35,6
210,4,80,256,1,256,256,1,1,1,1,256,256,grouped_conv_forward_bf16_2d_64x64x64_compv5,94.18,7
210,4,80,256,1,256,256,1,1,1,1,256,256,grouped_conv_forward_bf16_2d_64x64x64_compv3,92.70,8
210,4,80,256,1,256,256,1,1,1,1,256,256,grouped_conv_forward_bf16_2d_32x64x64_compv5,78.59,9
210,4,80,256,1,256,256,1,1,1,1,256,256,grouped_conv_forward_bf16_2d_32x64x64_compv3,77.42,10
210,4,80,256,1,256,256,1,1,1,1,256,256,grouped_conv_forward_bf16_2d_16x64x64_compv5,65.75,11
210,4,80,256,1,256,256,1,1,1,1,256,256,grouped_conv_forward_bf16_2d_16x64x64_compv3,65.64,12
210,4,80,256,1,256,256,1,1,1,1,256,256,grouped_conv_forward_bf16_2d_64x64x128_compv5,65.02,13
210,4,80,256,1,256,256,1,1,1,1,256,256,grouped_conv_forward_bf16_2d_64x64x128_compv3,63.96,14
210,4,80,256,1,256,256,1,1,1,1,256,256,grouped_conv_forward_bf16_2d_32x64x128_compv3,61.90,15
210,4,80,256,1,256,256,1,1,1,1,256,256,grouped_conv_forward_bf16_2d_32x64x128_compv5,61.80,16
210,4,80,256,1,256,256,1,1,1,1,256,256,grouped_conv_forward_bf16_2d_128x64x128_compv5,59.14,17
210,4,80,256,1,256,256,1,1,1,1,256,256,grouped_conv_forward_bf16_2d_128x64x128_compv3,58.84,18
210,4,80,256,1,256,256,1,1,1,1,256,256,grouped_conv_forward_bf16_2d_16x64x128_compv3,51.29,19
210,4,80,256,1,256,256,1,1,1,1,256,256,grouped_conv_forward_bf16_2d_16x64x128_compv5,50.89,20
210,4,80,256,1,256,256,1,1,1,1,256,256,grouped_conv_forward_bf16_2d_32x128x64_compv4,34.61,21
210,4,80,256,1,256,256,1,1,1,1,256,256,grouped_conv_forward_bf16_2d_32x64x128_compv4,34.39,22
210,4,80,256,1,256,256,1,1,1,1,256,256,grouped_conv_forward_bf16_2d_32x64x64_compv4,34.26,23
210,4,80,256,1,256,256,1,1,1,1,256,256,grouped_conv_forward_bf16_2d_16x64x128_compv4,32.65,24
210,4,80,256,1,256,256,1,1,1,1,256,256,grouped_conv_forward_bf16_2d_16x64x64_compv4,32.61,25
210,4,80,256,1,256,256,1,1,1,1,256,256,grouped_conv_forward_bf16_2d_64x64x64_compv4,28.22,26
210,4,80,256,1,256,256,1,1,1,1,256,256,grouped_conv_forward_bf16_2d_64x128x64_compv4,28.18,27
210,4,80,256,1,256,256,1,1,1,1,256,256,grouped_conv_forward_bf16_2d_128x128x64_compv4,28.13,28
210,4,80,256,1,256,256,1,1,1,1,256,256,grouped_conv_forward_bf16_2d_128x64x128_compv4,27.93,29
210,4,80,256,1,256,256,1,1,1,1,256,256,grouped_conv_forward_bf16_2d_64x64x128_compv4,27.91,30
211,4,83,166,1,28,28,1,1,1,1,28,28,grouped_conv_forward_bf16_2d_32x128x64_compv3,14.84,1
211,4,83,166,1,28,28,1,1,1,1,28,28,grouped_conv_forward_bf16_2d_32x128x64_compv5,14.60,2
211,4,83,166,1,28,28,1,1,1,1,28,28,grouped_conv_forward_bf16_2d_32x64x128_compv3,14.13,3
211,4,83,166,1,28,28,1,1,1,1,28,28,grouped_conv_forward_bf16_2d_32x64x128_compv5,13.91,4
211,4,83,166,1,28,28,1,1,1,1,28,28,grouped_conv_forward_bf16_2d_16x64x128_compv3,13.78,5
211,4,83,166,1,28,28,1,1,1,1,28,28,grouped_conv_forward_bf16_2d_16x64x128_compv5,13.50,6
211,4,83,166,1,28,28,1,1,1,1,28,28,grouped_conv_forward_bf16_2d_64x128x64_compv3,13.14,7
211,4,83,166,1,28,28,1,1,1,1,28,28,grouped_conv_forward_bf16_2d_32x64x64_compv5,13.12,8
211,4,83,166,1,28,28,1,1,1,1,28,28,grouped_conv_forward_bf16_2d_64x128x64_compv5,13.03,9
211,4,83,166,1,28,28,1,1,1,1,28,28,grouped_conv_forward_bf16_2d_32x64x64_compv3,12.78,10
211,4,83,166,1,28,28,1,1,1,1,28,28,grouped_conv_forward_bf16_2d_16x64x64_compv5,12.75,11
211,4,83,166,1,28,28,1,1,1,1,28,28,grouped_conv_forward_bf16_2d_16x64x64_compv3,12.74,12
211,4,83,166,1,28,28,1,1,1,1,28,28,grouped_conv_forward_bf16_2d_32x128x64_compv4,12.70,13
211,4,83,166,1,28,28,1,1,1,1,28,28,grouped_conv_forward_bf16_2d_64x64x128_compv3,12.67,14
211,4,83,166,1,28,28,1,1,1,1,28,28,grouped_conv_forward_bf16_2d_64x64x128_compv5,12.58,15
211,4,83,166,1,28,28,1,1,1,1,28,28,grouped_conv_forward_bf16_2d_32x64x128_compv4,11.92,16
211,4,83,166,1,28,28,1,1,1,1,28,28,grouped_conv_forward_bf16_2d_64x64x64_compv3,11.71,17
211,4,83,166,1,28,28,1,1,1,1,28,28,grouped_conv_forward_bf16_2d_64x64x64_compv5,11.51,18
211,4,83,166,1,28,28,1,1,1,1,28,28,grouped_conv_forward_bf16_2d_16x64x128_compv4,11.09,19
211,4,83,166,1,28,28,1,1,1,1,28,28,grouped_conv_forward_bf16_2d_128x64x128_compv3,11.08,20
211,4,83,166,1,28,28,1,1,1,1,28,28,grouped_conv_forward_bf16_2d_128x128x64_compv3,10.94,21
211,4,83,166,1,28,28,1,1,1,1,28,28,grouped_conv_forward_bf16_2d_128x64x128_compv5,10.89,22
211,4,83,166,1,28,28,1,1,1,1,28,28,grouped_conv_forward_bf16_2d_128x128x64_compv5,10.85,23
211,4,83,166,1,28,28,1,1,1,1,28,28,grouped_conv_forward_bf16_2d_64x128x64_compv4,10.50,24
211,4,83,166,1,28,28,1,1,1,1,28,28,grouped_conv_forward_bf16_2d_128x128x64_compv4,10.45,25
211,4,83,166,1,28,28,1,1,1,1,28,28,grouped_conv_forward_bf16_2d_128x64x128_compv4,10.17,26
211,4,83,166,1,28,28,1,1,1,1,28,28,grouped_conv_forward_bf16_2d_16x64x64_compv4,10.15,27
211,4,83,166,1,28,28,1,1,1,1,28,28,grouped_conv_forward_bf16_2d_32x64x64_compv4,10.14,28
211,4,83,166,1,28,28,1,1,1,1,28,28,grouped_conv_forward_bf16_2d_64x64x128_compv4,10.08,29
211,4,83,166,1,28,28,1,1,1,1,28,28,grouped_conv_forward_bf16_2d_64x64x64_compv4,8.66,30
212,1,17,61,1,512,512,1,1,1,1,512,512,grouped_conv_forward_bf16_2d_64x64x64_compv5,80.69,1
212,1,17,61,1,512,512,1,1,1,1,512,512,grouped_conv_forward_bf16_2d_64x64x64_compv3,78.70,2
212,1,17,61,1,512,512,1,1,1,1,512,512,grouped_conv_forward_bf16_2d_32x64x64_compv5,74.09,3
212,1,17,61,1,512,512,1,1,1,1,512,512,grouped_conv_forward_bf16_2d_32x128x64_compv5,73.89,4
212,1,17,61,1,512,512,1,1,1,1,512,512,grouped_conv_forward_bf16_2d_32x128x64_compv3,72.65,5
212,1,17,61,1,512,512,1,1,1,1,512,512,grouped_conv_forward_bf16_2d_32x64x64_compv3,72.38,6
212,1,17,61,1,512,512,1,1,1,1,512,512,grouped_conv_forward_bf16_2d_64x128x64_compv5,71.38,7
212,1,17,61,1,512,512,1,1,1,1,512,512,grouped_conv_forward_bf16_2d_64x128x64_compv3,70.17,8
212,1,17,61,1,512,512,1,1,1,1,512,512,grouped_conv_forward_bf16_2d_128x128x64_compv5,66.86,9
212,1,17,61,1,512,512,1,1,1,1,512,512,grouped_conv_forward_bf16_2d_16x64x64_compv5,65.00,10
212,1,17,61,1,512,512,1,1,1,1,512,512,grouped_conv_forward_bf16_2d_32x64x128_compv5,62.91,11
212,1,17,61,1,512,512,1,1,1,1,512,512,grouped_conv_forward_bf16_2d_16x64x64_compv3,62.49,12
212,1,17,61,1,512,512,1,1,1,1,512,512,grouped_conv_forward_bf16_2d_128x128x64_compv3,61.98,13
212,1,17,61,1,512,512,1,1,1,1,512,512,grouped_conv_forward_bf16_2d_64x64x128_compv5,61.38,14
212,1,17,61,1,512,512,1,1,1,1,512,512,grouped_conv_forward_bf16_2d_32x64x128_compv3,60.95,15
212,1,17,61,1,512,512,1,1,1,1,512,512,grouped_conv_forward_bf16_2d_64x64x128_compv3,59.77,16
212,1,17,61,1,512,512,1,1,1,1,512,512,grouped_conv_forward_bf16_2d_128x64x128_compv5,54.51,17
212,1,17,61,1,512,512,1,1,1,1,512,512,grouped_conv_forward_bf16_2d_128x64x128_compv3,52.76,18
212,1,17,61,1,512,512,1,1,1,1,512,512,grouped_conv_forward_bf16_2d_16x64x128_compv5,52.31,19
212,1,17,61,1,512,512,1,1,1,1,512,512,grouped_conv_forward_bf16_2d_16x64x128_compv3,50.82,20
212,1,17,61,1,512,512,1,1,1,1,512,512,grouped_conv_forward_bf16_2d_32x64x128_compv4,34.94,21
212,1,17,61,1,512,512,1,1,1,1,512,512,grouped_conv_forward_bf16_2d_32x128x64_compv4,33.53,22
212,1,17,61,1,512,512,1,1,1,1,512,512,grouped_conv_forward_bf16_2d_32x64x64_compv4,32.89,23
212,1,17,61,1,512,512,1,1,1,1,512,512,grouped_conv_forward_bf16_2d_16x64x128_compv4,32.30,24
212,1,17,61,1,512,512,1,1,1,1,512,512,grouped_conv_forward_bf16_2d_16x64x64_compv4,30.72,25
212,1,17,61,1,512,512,1,1,1,1,512,512,grouped_conv_forward_bf16_2d_128x64x128_compv4,26.67,26
212,1,17,61,1,512,512,1,1,1,1,512,512,grouped_conv_forward_bf16_2d_64x128x64_compv4,26.22,27
212,1,17,61,1,512,512,1,1,1,1,512,512,grouped_conv_forward_bf16_2d_64x64x128_compv4,26.03,28
212,1,17,61,1,512,512,1,1,1,1,512,512,grouped_conv_forward_bf16_2d_128x128x64_compv4,25.93,29
212,1,17,61,1,512,512,1,1,1,1,512,512,grouped_conv_forward_bf16_2d_64x64x64_compv4,25.46,30
213,1,512,208,1,256,256,1,1,1,1,256,256,grouped_conv_forward_bf16_2d_128x128x64_compv5,264.06,1
213,1,512,208,1,256,256,1,1,1,1,256,256,grouped_conv_forward_bf16_2d_64x128x64_compv3,251.13,2
213,1,512,208,1,256,256,1,1,1,1,256,256,grouped_conv_forward_bf16_2d_64x128x64_compv5,247.21,3
213,1,512,208,1,256,256,1,1,1,1,256,256,grouped_conv_forward_bf16_2d_128x128x64_compv3,239.42,4
213,1,512,208,1,256,256,1,1,1,1,256,256,grouped_conv_forward_bf16_2d_32x128x64_compv5,229.15,5
213,1,512,208,1,256,256,1,1,1,1,256,256,grouped_conv_forward_bf16_2d_32x128x64_compv3,223.09,6
213,1,512,208,1,256,256,1,1,1,1,256,256,grouped_conv_forward_bf16_2d_64x64x64_compv5,195.30,7
213,1,512,208,1,256,256,1,1,1,1,256,256,grouped_conv_forward_bf16_2d_128x64x128_compv3,193.45,8
213,1,512,208,1,256,256,1,1,1,1,256,256,grouped_conv_forward_bf16_2d_64x64x64_compv3,192.78,9
213,1,512,208,1,256,256,1,1,1,1,256,256,grouped_conv_forward_bf16_2d_64x64x128_compv3,188.55,10
213,1,512,208,1,256,256,1,1,1,1,256,256,grouped_conv_forward_bf16_2d_128x64x128_compv5,186.49,11
213,1,512,208,1,256,256,1,1,1,1,256,256,grouped_conv_forward_bf16_2d_64x64x128_compv5,184.28,12
213,1,512,208,1,256,256,1,1,1,1,256,256,grouped_conv_forward_bf16_2d_32x64x128_compv3,178.91,13
213,1,512,208,1,256,256,1,1,1,1,256,256,grouped_conv_forward_bf16_2d_32x64x128_compv5,176.83,14
213,1,512,208,1,256,256,1,1,1,1,256,256,grouped_conv_forward_bf16_2d_32x64x64_compv5,159.04,15
213,1,512,208,1,256,256,1,1,1,1,256,256,grouped_conv_forward_bf16_2d_32x64x64_compv3,156.30,16
213,1,512,208,1,256,256,1,1,1,1,256,256,grouped_conv_forward_bf16_2d_16x64x128_compv5,135.84,17
213,1,512,208,1,256,256,1,1,1,1,256,256,grouped_conv_forward_bf16_2d_16x64x128_compv3,135.29,18
213,1,512,208,1,256,256,1,1,1,1,256,256,grouped_conv_forward_bf16_2d_16x64x64_compv5,130.66,19
213,1,512,208,1,256,256,1,1,1,1,256,256,grouped_conv_forward_bf16_2d_16x64x64_compv3,127.60,20
213,1,512,208,1,256,256,1,1,1,1,256,256,grouped_conv_forward_bf16_2d_32x64x128_compv4,122.38,21
213,1,512,208,1,256,256,1,1,1,1,256,256,grouped_conv_forward_bf16_2d_32x128x64_compv4,119.67,22
213,1,512,208,1,256,256,1,1,1,1,256,256,grouped_conv_forward_bf16_2d_32x64x64_compv4,118.09,23
213,1,512,208,1,256,256,1,1,1,1,256,256,grouped_conv_forward_bf16_2d_16x64x128_compv4,104.60,24
213,1,512,208,1,256,256,1,1,1,1,256,256,grouped_conv_forward_bf16_2d_16x64x64_compv4,101.31,25
213,1,512,208,1,256,256,1,1,1,1,256,256,grouped_conv_forward_bf16_2d_128x64x128_compv4,96.72,26
213,1,512,208,1,256,256,1,1,1,1,256,256,grouped_conv_forward_bf16_2d_64x64x128_compv4,95.86,27
213,1,512,208,1,256,256,1,1,1,1,256,256,grouped_conv_forward_bf16_2d_64x128x64_compv4,94.61,28
213,1,512,208,1,256,256,1,1,1,1,256,256,grouped_conv_forward_bf16_2d_128x128x64_compv4,94.42,29
213,1,512,208,1,256,256,1,1,1,1,256,256,grouped_conv_forward_bf16_2d_64x64x64_compv4,93.69,30
214,4,104,104,1,256,256,3,3,2,2,128,128,grouped_conv_forward_bf16_2d_128x128x64_compv5,185.21,1
214,4,104,104,1,256,256,3,3,2,2,128,128,grouped_conv_forward_bf16_2d_64x64x64_compv5,184.74,2
214,4,104,104,1,256,256,3,3,2,2,128,128,grouped_conv_forward_bf16_2d_64x64x64_compv3,183.21,3
214,4,104,104,1,256,256,3,3,2,2,128,128,grouped_conv_forward_bf16_2d_128x128x64_compv3,174.75,4
214,4,104,104,1,256,256,3,3,2,2,128,128,grouped_conv_forward_bf16_2d_64x128x64_compv3,174.09,5
214,4,104,104,1,256,256,3,3,2,2,128,128,grouped_conv_forward_bf16_2d_64x128x64_compv5,173.95,6
214,4,104,104,1,256,256,3,3,2,2,128,128,grouped_conv_forward_bf16_2d_32x64x64_compv5,162.30,7
214,4,104,104,1,256,256,3,3,2,2,128,128,grouped_conv_forward_bf16_2d_32x64x64_compv3,158.80,8
214,4,104,104,1,256,256,3,3,2,2,128,128,grouped_conv_forward_bf16_2d_32x128x64_compv5,157.48,9
214,4,104,104,1,256,256,3,3,2,2,128,128,grouped_conv_forward_bf16_2d_32x128x64_compv3,157.02,10
214,4,104,104,1,256,256,3,3,2,2,128,128,grouped_conv_forward_bf16_2d_128x64x128_compv5,153.86,11
214,4,104,104,1,256,256,3,3,2,2,128,128,grouped_conv_forward_bf16_2d_128x64x128_compv3,151.80,12
214,4,104,104,1,256,256,3,3,2,2,128,128,grouped_conv_forward_bf16_2d_64x64x128_compv3,148.52,13
214,4,104,104,1,256,256,3,3,2,2,128,128,grouped_conv_forward_bf16_2d_64x64x128_compv5,146.65,14
214,4,104,104,1,256,256,3,3,2,2,128,128,grouped_conv_forward_bf16_2d_32x64x128_compv5,143.46,15
214,4,104,104,1,256,256,3,3,2,2,128,128,grouped_conv_forward_bf16_2d_32x64x128_compv3,142.00,16
214,4,104,104,1,256,256,3,3,2,2,128,128,grouped_conv_forward_bf16_2d_16x64x64_compv5,132.40,17
214,4,104,104,1,256,256,3,3,2,2,128,128,grouped_conv_forward_bf16_2d_16x64x128_compv5,130.87,18
214,4,104,104,1,256,256,3,3,2,2,128,128,grouped_conv_forward_bf16_2d_16x64x64_compv3,130.36,19
214,4,104,104,1,256,256,3,3,2,2,128,128,grouped_conv_forward_bf16_2d_16x64x128_compv3,127.81,20
214,4,104,104,1,256,256,3,3,2,2,128,128,grouped_conv_forward_bf16_2d_32x128x64_compv4,125.27,21
214,4,104,104,1,256,256,3,3,2,2,128,128,grouped_conv_forward_bf16_2d_32x64x64_compv4,124.52,22
214,4,104,104,1,256,256,3,3,2,2,128,128,grouped_conv_forward_bf16_2d_32x64x128_compv4,122.44,23
214,4,104,104,1,256,256,3,3,2,2,128,128,grouped_conv_forward_bf16_2d_16x64x128_compv4,106.21,24
214,4,104,104,1,256,256,3,3,2,2,128,128,grouped_conv_forward_bf16_2d_16x64x64_compv4,105.52,25
214,4,104,104,1,256,256,3,3,2,2,128,128,grouped_conv_forward_bf16_2d_64x64x64_compv4,103.57,26
214,4,104,104,1,256,256,3,3,2,2,128,128,grouped_conv_forward_bf16_2d_64x128x64_compv4,101.93,27
214,4,104,104,1,256,256,3,3,2,2,128,128,grouped_conv_forward_bf16_2d_64x64x128_compv4,99.07,28
214,4,104,104,1,256,256,3,3,2,2,128,128,grouped_conv_forward_bf16_2d_128x128x64_compv4,97.69,29
214,4,104,104,1,256,256,3,3,2,2,128,128,grouped_conv_forward_bf16_2d_128x64x128_compv4,95.06,30
215,1,44,68,1,28,28,1,1,1,1,28,28,grouped_conv_forward_bf16_2d_16x64x64_compv3,2.40,1
215,1,44,68,1,28,28,1,1,1,1,28,28,grouped_conv_forward_bf16_2d_16x64x64_compv5,2.37,2
215,1,44,68,1,28,28,1,1,1,1,28,28,grouped_conv_forward_bf16_2d_32x64x64_compv5,2.31,3
215,1,44,68,1,28,28,1,1,1,1,28,28,grouped_conv_forward_bf16_2d_32x64x64_compv3,2.27,4
215,1,44,68,1,28,28,1,1,1,1,28,28,grouped_conv_forward_bf16_2d_16x64x64_compv4,2.08,5
215,1,44,68,1,28,28,1,1,1,1,28,28,grouped_conv_forward_bf16_2d_64x64x64_compv3,2.05,6
215,1,44,68,1,28,28,1,1,1,1,28,28,grouped_conv_forward_bf16_2d_32x64x64_compv4,1.99,7
215,1,44,68,1,28,28,1,1,1,1,28,28,grouped_conv_forward_bf16_2d_64x64x64_compv5,1.96,8
215,1,44,68,1,28,28,1,1,1,1,28,28,grouped_conv_forward_bf16_2d_64x64x64_compv4,1.59,9
215,1,44,68,1,28,28,1,1,1,1,28,28,grouped_conv_forward_bf16_2d_32x128x64_compv5,1.56,10
215,1,44,68,1,28,28,1,1,1,1,28,28,grouped_conv_forward_bf16_2d_32x128x64_compv3,1.54,11
215,1,44,68,1,28,28,1,1,1,1,28,28,grouped_conv_forward_bf16_2d_32x128x64_compv4,1.37,12
215,1,44,68,1,28,28,1,1,1,1,28,28,grouped_conv_forward_bf16_2d_16x64x128_compv3,1.37,13
215,1,44,68,1,28,28,1,1,1,1,28,28,grouped_conv_forward_bf16_2d_16x64x128_compv5,1.35,14
215,1,44,68,1,28,28,1,1,1,1,28,28,grouped_conv_forward_bf16_2d_32x64x128_compv3,1.34,15
215,1,44,68,1,28,28,1,1,1,1,28,28,grouped_conv_forward_bf16_2d_64x128x64_compv5,1.34,16
215,1,44,68,1,28,28,1,1,1,1,28,28,grouped_conv_forward_bf16_2d_64x128x64_compv3,1.33,17
215,1,44,68,1,28,28,1,1,1,1,28,28,grouped_conv_forward_bf16_2d_32x64x128_compv5,1.29,18
215,1,44,68,1,28,28,1,1,1,1,28,28,grouped_conv_forward_bf16_2d_128x128x64_compv3,1.24,19
215,1,44,68,1,28,28,1,1,1,1,28,28,grouped_conv_forward_bf16_2d_128x128x64_compv5,1.22,20
215,1,44,68,1,28,28,1,1,1,1,28,28,grouped_conv_forward_bf16_2d_16x64x128_compv4,1.19,21
215,1,44,68,1,28,28,1,1,1,1,28,28,grouped_conv_forward_bf16_2d_64x128x64_compv4,1.15,22
215,1,44,68,1,28,28,1,1,1,1,28,28,grouped_conv_forward_bf16_2d_32x64x128_compv4,1.14,23
215,1,44,68,1,28,28,1,1,1,1,28,28,grouped_conv_forward_bf16_2d_128x128x64_compv4,1.12,24
215,1,44,68,1,28,28,1,1,1,1,28,28,grouped_conv_forward_bf16_2d_64x64x128_compv3,1.08,25
215,1,44,68,1,28,28,1,1,1,1,28,28,grouped_conv_forward_bf16_2d_128x64x128_compv3,1.08,26
215,1,44,68,1,28,28,1,1,1,1,28,28,grouped_conv_forward_bf16_2d_128x64x128_compv5,1.01,27
215,1,44,68,1,28,28,1,1,1,1,28,28,grouped_conv_forward_bf16_2d_64x64x128_compv5,1.00,28
215,1,44,68,1,28,28,1,1,1,1,28,28,grouped_conv_forward_bf16_2d_128x64x128_compv4,0.95,29
215,1,44,68,1,28,28,1,1,1,1,28,28,grouped_conv_forward_bf16_2d_64x64x128_compv4,0.93,30
216,4,696,696,1,256,256,1,1,1,1,256,256,grouped_conv_forward_bf16_2d_128x128x64_compv5,272.28,1
216,4,696,696,1,256,256,1,1,1,1,256,256,grouped_conv_forward_bf16_2d_128x128x64_compv3,256.54,2
216,4,696,696,1,256,256,1,1,1,1,256,256,grouped_conv_forward_bf16_2d_64x128x64_compv3,249.89,3
216,4,696,696,1,256,256,1,1,1,1,256,256,grouped_conv_forward_bf16_2d_64x128x64_compv5,236.97,4
216,4,696,696,1,256,256,1,1,1,1,256,256,grouped_conv_forward_bf16_2d_32x128x64_compv5,219.99,5
216,4,696,696,1,256,256,1,1,1,1,256,256,grouped_conv_forward_bf16_2d_32x128x64_compv3,209.82,6
216,4,696,696,1,256,256,1,1,1,1,256,256,grouped_conv_forward_bf16_2d_128x64x128_compv3,199.11,7
216,4,696,696,1,256,256,1,1,1,1,256,256,grouped_conv_forward_bf16_2d_128x64x128_compv5,195.94,8
216,4,696,696,1,256,256,1,1,1,1,256,256,grouped_conv_forward_bf16_2d_64x64x64_compv3,194.69,9
216,4,696,696,1,256,256,1,1,1,1,256,256,grouped_conv_forward_bf16_2d_64x64x128_compv3,193.50,10
216,4,696,696,1,256,256,1,1,1,1,256,256,grouped_conv_forward_bf16_2d_64x64x64_compv5,188.94,11
216,4,696,696,1,256,256,1,1,1,1,256,256,grouped_conv_forward_bf16_2d_64x64x128_compv5,186.77,12
216,4,696,696,1,256,256,1,1,1,1,256,256,grouped_conv_forward_bf16_2d_32x64x128_compv5,174.15,13
216,4,696,696,1,256,256,1,1,1,1,256,256,grouped_conv_forward_bf16_2d_32x64x128_compv3,169.68,14
216,4,696,696,1,256,256,1,1,1,1,256,256,grouped_conv_forward_bf16_2d_32x64x64_compv5,154.47,15
216,4,696,696,1,256,256,1,1,1,1,256,256,grouped_conv_forward_bf16_2d_32x64x64_compv3,145.32,16
216,4,696,696,1,256,256,1,1,1,1,256,256,grouped_conv_forward_bf16_2d_16x64x128_compv5,128.68,17
216,4,696,696,1,256,256,1,1,1,1,256,256,grouped_conv_forward_bf16_2d_16x64x64_compv5,125.02,18
216,4,696,696,1,256,256,1,1,1,1,256,256,grouped_conv_forward_bf16_2d_16x64x64_compv3,124.62,19
216,4,696,696,1,256,256,1,1,1,1,256,256,grouped_conv_forward_bf16_2d_32x64x128_compv4,124.34,20
216,4,696,696,1,256,256,1,1,1,1,256,256,grouped_conv_forward_bf16_2d_16x64x128_compv3,124.24,21
216,4,696,696,1,256,256,1,1,1,1,256,256,grouped_conv_forward_bf16_2d_32x128x64_compv4,122.01,22
216,4,696,696,1,256,256,1,1,1,1,256,256,grouped_conv_forward_bf16_2d_32x64x64_compv4,116.57,23
216,4,696,696,1,256,256,1,1,1,1,256,256,grouped_conv_forward_bf16_2d_16x64x64_compv4,102.75,24
216,4,696,696,1,256,256,1,1,1,1,256,256,grouped_conv_forward_bf16_2d_16x64x128_compv4,102.59,25
216,4,696,696,1,256,256,1,1,1,1,256,256,grouped_conv_forward_bf16_2d_128x128x64_compv4,101.87,26
216,4,696,696,1,256,256,1,1,1,1,256,256,grouped_conv_forward_bf16_2d_128x64x128_compv4,100.93,27
216,4,696,696,1,256,256,1,1,1,1,256,256,grouped_conv_forward_bf16_2d_64x64x128_compv4,100.57,28
216,4,696,696,1,256,256,1,1,1,1,256,256,grouped_conv_forward_bf16_2d_64x128x64_compv4,98.85,29
216,4,696,696,1,256,256,1,1,1,1,256,256,grouped_conv_forward_bf16_2d_64x64x64_compv4,98.41,30
217,1,12,12,12,1024,1024,3,3,1,1,1024,1024,grouped_conv_forward_bf16_2d_32x128x64_compv5,93.98,1
217,1,12,12,12,1024,1024,3,3,1,1,1024,1024,grouped_conv_forward_bf16_2d_64x64x64_compv5,92.90,2
217,1,12,12,12,1024,1024,3,3,1,1,1024,1024,grouped_conv_forward_bf16_2d_64x128x64_compv5,90.97,3
217,1,12,12,12,1024,1024,3,3,1,1,1024,1024,grouped_conv_forward_bf16_2d_64x64x64_compv3,90.62,4
217,1,12,12,12,1024,1024,3,3,1,1,1024,1024,grouped_conv_forward_bf16_2d_32x128x64_compv3,90.50,5
217,1,12,12,12,1024,1024,3,3,1,1,1024,1024,grouped_conv_forward_bf16_2d_64x128x64_compv3,88.89,6
217,1,12,12,12,1024,1024,3,3,1,1,1024,1024,grouped_conv_forward_bf16_2d_128x128x64_compv5,83.78,7
217,1,12,12,12,1024,1024,3,3,1,1,1024,1024,grouped_conv_forward_bf16_2d_32x64x64_compv5,83.37,8
217,1,12,12,12,1024,1024,3,3,1,1,1024,1024,grouped_conv_forward_bf16_2d_32x64x64_compv3,80.14,9
217,1,12,12,12,1024,1024,3,3,1,1,1024,1024,grouped_conv_forward_bf16_2d_128x128x64_compv3,77.65,10
217,1,12,12,12,1024,1024,3,3,1,1,1024,1024,grouped_conv_forward_bf16_2d_16x64x64_compv5,67.64,11
217,1,12,12,12,1024,1024,3,3,1,1,1024,1024,grouped_conv_forward_bf16_2d_32x64x128_compv5,66.58,12
217,1,12,12,12,1024,1024,3,3,1,1,1024,1024,grouped_conv_forward_bf16_2d_64x64x128_compv5,65.77,13
217,1,12,12,12,1024,1024,3,3,1,1,1024,1024,grouped_conv_forward_bf16_2d_16x64x64_compv3,64.92,14
217,1,12,12,12,1024,1024,3,3,1,1,1024,1024,grouped_conv_forward_bf16_2d_32x64x128_compv3,64.47,15
217,1,12,12,12,1024,1024,3,3,1,1,1024,1024,grouped_conv_forward_bf16_2d_64x64x128_compv3,64.29,16
217,1,12,12,12,1024,1024,3,3,1,1,1024,1024,grouped_conv_forward_bf16_2d_128x64x128_compv5,60.95,17
217,1,12,12,12,1024,1024,3,3,1,1,1024,1024,grouped_conv_forward_bf16_2d_128x64x128_compv3,59.02,18
217,1,12,12,12,1024,1024,3,3,1,1,1024,1024,grouped_conv_forward_bf16_2d_16x64x128_compv5,54.62,19
217,1,12,12,12,1024,1024,3,3,1,1,1024,1024,grouped_conv_forward_bf16_2d_16x64x128_compv3,53.23,20
217,1,12,12,12,1024,1024,3,3,1,1,1024,1024,grouped_conv_forward_bf16_2d_32x64x128_compv4,35.18,21
217,1,12,12,12,1024,1024,3,3,1,1,1024,1024,grouped_conv_forward_bf16_2d_32x128x64_compv4,35.00,22
217,1,12,12,12,1024,1024,3,3,1,1,1024,1024,grouped_conv_forward_bf16_2d_32x64x64_compv4,33.10,23
217,1,12,12,12,1024,1024,3,3,1,1,1024,1024,grouped_conv_forward_bf16_2d_16x64x128_compv4,31.41,24
217,1,12,12,12,1024,1024,3,3,1,1,1024,1024,grouped_conv_forward_bf16_2d_16x64x64_compv4,29.68,25
217,1,12,12,12,1024,1024,3,3,1,1,1024,1024,grouped_conv_forward_bf16_2d_128x64x128_compv4,26.58,26
217,1,12,12,12,1024,1024,3,3,1,1,1024,1024,grouped_conv_forward_bf16_2d_128x128x64_compv4,26.42,27
217,1,12,12,12,1024,1024,3,3,1,1,1024,1024,grouped_conv_forward_bf16_2d_64x128x64_compv4,25.18,28
217,1,12,12,12,1024,1024,3,3,1,1,1024,1024,grouped_conv_forward_bf16_2d_64x64x128_compv4,24.29,29
217,1,12,12,12,1024,1024,3,3,1,1,1024,1024,grouped_conv_forward_bf16_2d_64x64x64_compv4,23.59,30
218,1,702,128,1,14,14,1,1,1,1,14,14,grouped_conv_forward_bf16_2d_16x64x128_compv5,3.67,1
218,1,702,128,1,14,14,1,1,1,1,14,14,grouped_conv_forward_bf16_2d_16x64x128_compv3,3.66,2
218,1,702,128,1,14,14,1,1,1,1,14,14,grouped_conv_forward_bf16_2d_16x64x64_compv4,3.64,3
218,1,702,128,1,14,14,1,1,1,1,14,14,grouped_conv_forward_bf16_2d_16x64x128_compv4,3.61,4
218,1,702,128,1,14,14,1,1,1,1,14,14,grouped_conv_forward_bf16_2d_32x64x128_compv5,3.41,5
218,1,702,128,1,14,14,1,1,1,1,14,14,grouped_conv_forward_bf16_2d_32x64x128_compv3,3.39,6
218,1,702,128,1,14,14,1,1,1,1,14,14,grouped_conv_forward_bf16_2d_16x64x64_compv5,3.22,7
218,1,702,128,1,14,14,1,1,1,1,14,14,grouped_conv_forward_bf16_2d_16x64x64_compv3,3.21,8
218,1,702,128,1,14,14,1,1,1,1,14,14,grouped_conv_forward_bf16_2d_32x64x128_compv4,3.19,9
218,1,702,128,1,14,14,1,1,1,1,14,14,grouped_conv_forward_bf16_2d_32x128x64_compv4,2.97,10
218,1,702,128,1,14,14,1,1,1,1,14,14,grouped_conv_forward_bf16_2d_32x64x64_compv4,2.79,11
218,1,702,128,1,14,14,1,1,1,1,14,14,grouped_conv_forward_bf16_2d_32x64x64_compv5,2.54,12
218,1,702,128,1,14,14,1,1,1,1,14,14,grouped_conv_forward_bf16_2d_32x64x64_compv3,2.52,13
218,1,702,128,1,14,14,1,1,1,1,14,14,grouped_conv_forward_bf16_2d_64x64x128_compv5,2.48,14
218,1,702,128,1,14,14,1,1,1,1,14,14,grouped_conv_forward_bf16_2d_64x64x128_compv3,2.45,15
218,1,702,128,1,14,14,1,1,1,1,14,14,grouped_conv_forward_bf16_2d_32x128x64_compv5,2.42,16
218,1,702,128,1,14,14,1,1,1,1,14,14,grouped_conv_forward_bf16_2d_32x128x64_compv3,2.40,17
218,1,702,128,1,14,14,1,1,1,1,14,14,grouped_conv_forward_bf16_2d_128x64x128_compv5,2.38,18
218,1,702,128,1,14,14,1,1,1,1,14,14,grouped_conv_forward_bf16_2d_128x64x128_compv3,2.36,19
218,1,702,128,1,14,14,1,1,1,1,14,14,grouped_conv_forward_bf16_2d_128x64x128_compv4,2.15,20
218,1,702,128,1,14,14,1,1,1,1,14,14,grouped_conv_forward_bf16_2d_64x64x128_compv4,2.14,21
218,1,702,128,1,14,14,1,1,1,1,14,14,grouped_conv_forward_bf16_2d_64x128x64_compv4,2.14,22
218,1,702,128,1,14,14,1,1,1,1,14,14,grouped_conv_forward_bf16_2d_128x128x64_compv4,2.13,23
218,1,702,128,1,14,14,1,1,1,1,14,14,grouped_conv_forward_bf16_2d_64x64x64_compv4,2.11,24
218,1,702,128,1,14,14,1,1,1,1,14,14,grouped_conv_forward_bf16_2d_64x64x64_compv3,2.09,25
218,1,702,128,1,14,14,1,1,1,1,14,14,grouped_conv_forward_bf16_2d_64x64x64_compv5,2.09,26
218,1,702,128,1,14,14,1,1,1,1,14,14,grouped_conv_forward_bf16_2d_64x128x64_compv5,1.93,27
218,1,702,128,1,14,14,1,1,1,1,14,14,grouped_conv_forward_bf16_2d_64x128x64_compv3,1.92,28
218,1,702,128,1,14,14,1,1,1,1,14,14,grouped_conv_forward_bf16_2d_128x128x64_compv5,1.92,29
218,1,702,128,1,14,14,1,1,1,1,14,14,grouped_conv_forward_bf16_2d_128x128x64_compv3,1.91,30
219,4,1536,1280,1,1,1,1,1,1,1,1,1,grouped_conv_forward_bf16_2d_32x128x64_compv4,9.45,1
219,4,1536,1280,1,1,1,1,1,1,1,1,1,grouped_conv_forward_bf16_2d_32x128x64_compv5,8.08,2
219,4,1536,1280,1,1,1,1,1,1,1,1,1,grouped_conv_forward_bf16_2d_32x128x64_compv3,8.05,3
219,4,1536,1280,1,1,1,1,1,1,1,1,1,grouped_conv_forward_bf16_2d_16x64x64_compv4,7.12,4
219,4,1536,1280,1,1,1,1,1,1,1,1,1,grouped_conv_forward_bf16_2d_64x128x64_compv4,7.06,5
219,4,1536,1280,1,1,1,1,1,1,1,1,1,grouped_conv_forward_bf16_2d_16x64x128_compv3,7.00,6
219,4,1536,1280,1,1,1,1,1,1,1,1,1,grouped_conv_forward_bf16_2d_16x64x128_compv5,6.95,7
219,4,1536,1280,1,1,1,1,1,1,1,1,1,grouped_conv_forward_bf16_2d_16x64x128_compv4,6.90,8
219,4,1536,1280,1,1,1,1,1,1,1,1,1,grouped_conv_forward_bf16_2d_128x128x64_compv4,6.88,9
219,4,1536,1280,1,1,1,1,1,1,1,1,1,grouped_conv_forward_bf16_2d_32x64x64_compv4,6.77,10
219,4,1536,1280,1,1,1,1,1,1,1,1,1,grouped_conv_forward_bf16_2d_16x64x64_compv3,6.64,11
219,4,1536,1280,1,1,1,1,1,1,1,1,1,grouped_conv_forward_bf16_2d_16x64x64_compv5,6.60,12
219,4,1536,1280,1,1,1,1,1,1,1,1,1,grouped_conv_forward_bf16_2d_64x128x64_compv3,6.53,13
219,4,1536,1280,1,1,1,1,1,1,1,1,1,grouped_conv_forward_bf16_2d_64x128x64_compv5,6.53,14
219,4,1536,1280,1,1,1,1,1,1,1,1,1,grouped_conv_forward_bf16_2d_32x64x128_compv5,6.34,15
219,4,1536,1280,1,1,1,1,1,1,1,1,1,grouped_conv_forward_bf16_2d_32x64x128_compv3,6.33,16
219,4,1536,1280,1,1,1,1,1,1,1,1,1,grouped_conv_forward_bf16_2d_128x128x64_compv3,6.32,17
219,4,1536,1280,1,1,1,1,1,1,1,1,1,grouped_conv_forward_bf16_2d_128x128x64_compv5,6.29,18
219,4,1536,1280,1,1,1,1,1,1,1,1,1,grouped_conv_forward_bf16_2d_32x64x128_compv4,6.19,19
219,4,1536,1280,1,1,1,1,1,1,1,1,1,grouped_conv_forward_bf16_2d_32x64x64_compv5,6.08,20
219,4,1536,1280,1,1,1,1,1,1,1,1,1,grouped_conv_forward_bf16_2d_32x64x64_compv3,6.00,21
219,4,1536,1280,1,1,1,1,1,1,1,1,1,grouped_conv_forward_bf16_2d_64x64x64_compv4,5.50,22
219,4,1536,1280,1,1,1,1,1,1,1,1,1,grouped_conv_forward_bf16_2d_64x64x64_compv3,5.40,23
219,4,1536,1280,1,1,1,1,1,1,1,1,1,grouped_conv_forward_bf16_2d_64x64x64_compv5,5.37,24
219,4,1536,1280,1,1,1,1,1,1,1,1,1,grouped_conv_forward_bf16_2d_64x64x128_compv5,5.16,25
219,4,1536,1280,1,1,1,1,1,1,1,1,1,grouped_conv_forward_bf16_2d_64x64x128_compv3,5.14,26
219,4,1536,1280,1,1,1,1,1,1,1,1,1,grouped_conv_forward_bf16_2d_128x64x128_compv5,5.03,27
219,4,1536,1280,1,1,1,1,1,1,1,1,1,grouped_conv_forward_bf16_2d_128x64x128_compv3,5.01,28
219,4,1536,1280,1,1,1,1,1,1,1,1,1,grouped_conv_forward_bf16_2d_64x64x128_compv4,4.78,29
219,4,1536,1280,1,1,1,1,1,1,1,1,1,grouped_conv_forward_bf16_2d_128x64x128_compv4,4.73,30
220,1,144,1280,1,64,64,1,1,1,1,64,64,grouped_conv_forward_bf16_2d_64x64x64_compv3,77.21,1
220,1,144,1280,1,64,64,1,1,1,1,64,64,grouped_conv_forward_bf16_2d_64x64x64_compv5,76.80,2
220,1,144,1280,1,64,64,1,1,1,1,64,64,grouped_conv_forward_bf16_2d_64x64x128_compv3,76.58,3
220,1,144,1280,1,64,64,1,1,1,1,64,64,grouped_conv_forward_bf16_2d_64x64x128_compv5,76.07,4
220,1,144,1280,1,64,64,1,1,1,1,64,64,grouped_conv_forward_bf16_2d_64x128x64_compv3,75.88,5
220,1,144,1280,1,64,64,1,1,1,1,64,64,grouped_conv_forward_bf16_2d_64x128x64_compv5,75.29,6
220,1,144,1280,1,64,64,1,1,1,1,64,64,grouped_conv_forward_bf16_2d_32x64x64_compv5,74.33,7
220,1,144,1280,1,64,64,1,1,1,1,64,64,grouped_conv_forward_bf16_2d_32x128x64_compv5,74.22,8
220,1,144,1280,1,64,64,1,1,1,1,64,64,grouped_conv_forward_bf16_2d_32x128x64_compv3,74.19,9
220,1,144,1280,1,64,64,1,1,1,1,64,64,grouped_conv_forward_bf16_2d_32x64x128_compv3,74.12,10
220,1,144,1280,1,64,64,1,1,1,1,64,64,grouped_conv_forward_bf16_2d_32x64x128_compv5,74.07,11
220,1,144,1280,1,64,64,1,1,1,1,64,64,grouped_conv_forward_bf16_2d_32x64x64_compv3,74.00,12
220,1,144,1280,1,64,64,1,1,1,1,64,64,grouped_conv_forward_bf16_2d_128x128x64_compv5,72.57,13
220,1,144,1280,1,64,64,1,1,1,1,64,64,grouped_conv_forward_bf16_2d_128x64x128_compv5,72.17,14
220,1,144,1280,1,64,64,1,1,1,1,64,64,grouped_conv_forward_bf16_2d_128x128x64_compv3,71.94,15
220,1,144,1280,1,64,64,1,1,1,1,64,64,grouped_conv_forward_bf16_2d_16x64x128_compv5,71.39,16
220,1,144,1280,1,64,64,1,1,1,1,64,64,grouped_conv_forward_bf16_2d_128x64x128_compv3,71.34,17
220,1,144,1280,1,64,64,1,1,1,1,64,64,grouped_conv_forward_bf16_2d_16x64x128_compv3,71.20,18
220,1,144,1280,1,64,64,1,1,1,1,64,64,grouped_conv_forward_bf16_2d_16x64x64_compv5,67.72,19
220,1,144,1280,1,64,64,1,1,1,1,64,64,grouped_conv_forward_bf16_2d_16x64x64_compv3,67.39,20
220,1,144,1280,1,64,64,1,1,1,1,64,64,grouped_conv_forward_bf16_2d_32x128x64_compv4,53.85,21
220,1,144,1280,1,64,64,1,1,1,1,64,64,grouped_conv_forward_bf16_2d_32x64x128_compv4,52.93,22
220,1,144,1280,1,64,64,1,1,1,1,64,64,grouped_conv_forward_bf16_2d_32x64x64_compv4,52.13,23
220,1,144,1280,1,64,64,1,1,1,1,64,64,grouped_conv_forward_bf16_2d_16x64x128_compv4,50.16,24
220,1,144,1280,1,64,64,1,1,1,1,64,64,grouped_conv_forward_bf16_2d_16x64x64_compv4,46.86,25
220,1,144,1280,1,64,64,1,1,1,1,64,64,grouped_conv_forward_bf16_2d_64x128x64_compv4,43.71,26
220,1,144,1280,1,64,64,1,1,1,1,64,64,grouped_conv_forward_bf16_2d_64x64x128_compv4,43.01,27
220,1,144,1280,1,64,64,1,1,1,1,64,64,grouped_conv_forward_bf16_2d_64x64x64_compv4,42.04,28
220,1,144,1280,1,64,64,1,1,1,1,64,64,grouped_conv_forward_bf16_2d_128x128x64_compv4,41.31,29
220,1,144,1280,1,64,64,1,1,1,1,64,64,grouped_conv_forward_bf16_2d_128x64x128_compv4,41.03,30
221,4,768,384,1,24,24,1,1,1,1,24,24,grouped_conv_forward_bf16_2d_32x64x64_compv4,85.62,1
221,4,768,384,1,24,24,1,1,1,1,24,24,grouped_conv_forward_bf16_2d_32x64x128_compv5,84.90,2
221,4,768,384,1,24,24,1,1,1,1,24,24,grouped_conv_forward_bf16_2d_32x64x128_compv3,84.39,3
221,4,768,384,1,24,24,1,1,1,1,24,24,grouped_conv_forward_bf16_2d_32x128x64_compv4,81.24,4
221,4,768,384,1,24,24,1,1,1,1,24,24,grouped_conv_forward_bf16_2d_32x64x128_compv4,81.08,5
221,4,768,384,1,24,24,1,1,1,1,24,24,grouped_conv_forward_bf16_2d_32x64x64_compv5,80.05,6
221,4,768,384,1,24,24,1,1,1,1,24,24,grouped_conv_forward_bf16_2d_64x64x128_compv5,79.45,7
221,4,768,384,1,24,24,1,1,1,1,24,24,grouped_conv_forward_bf16_2d_128x64x128_compv5,79.02,8
221,4,768,384,1,24,24,1,1,1,1,24,24,grouped_conv_forward_bf16_2d_64x64x128_compv3,78.84,9
221,4,768,384,1,24,24,1,1,1,1,24,24,grouped_conv_forward_bf16_2d_32x64x64_compv3,78.69,10
221,4,768,384,1,24,24,1,1,1,1,24,24,grouped_conv_forward_bf16_2d_128x64x128_compv3,78.27,11
221,4,768,384,1,24,24,1,1,1,1,24,24,grouped_conv_forward_bf16_2d_16x64x128_compv5,78.23,12
221,4,768,384,1,24,24,1,1,1,1,24,24,grouped_conv_forward_bf16_2d_16x64x128_compv3,77.82,13
221,4,768,384,1,24,24,1,1,1,1,24,24,grouped_conv_forward_bf16_2d_32x128x64_compv5,74.28,14
221,4,768,384,1,24,24,1,1,1,1,24,24,grouped_conv_forward_bf16_2d_64x64x64_compv5,74.06,15
221,4,768,384,1,24,24,1,1,1,1,24,24,grouped_conv_forward_bf16_2d_32x128x64_compv3,73.89,16
221,4,768,384,1,24,24,1,1,1,1,24,24,grouped_conv_forward_bf16_2d_64x64x64_compv3,73.49,17
221,4,768,384,1,24,24,1,1,1,1,24,24,grouped_conv_forward_bf16_2d_128x64x128_compv4,73.40,18
221,4,768,384,1,24,24,1,1,1,1,24,24,grouped_conv_forward_bf16_2d_16x64x64_compv5,72.83,19
221,4,768,384,1,24,24,1,1,1,1,24,24,grouped_conv_forward_bf16_2d_16x64x64_compv3,72.67,20
221,4,768,384,1,24,24,1,1,1,1,24,24,grouped_conv_forward_bf16_2d_128x128x64_compv4,72.58,21
221,4,768,384,1,24,24,1,1,1,1,24,24,grouped_conv_forward_bf16_2d_64x64x128_compv4,72.56,22
221,4,768,384,1,24,24,1,1,1,1,24,24,grouped_conv_forward_bf16_2d_64x64x64_compv4,71.25,23
221,4,768,384,1,24,24,1,1,1,1,24,24,grouped_conv_forward_bf16_2d_16x64x64_compv4,70.53,24
221,4,768,384,1,24,24,1,1,1,1,24,24,grouped_conv_forward_bf16_2d_64x128x64_compv4,70.23,25
221,4,768,384,1,24,24,1,1,1,1,24,24,grouped_conv_forward_bf16_2d_16x64x128_compv4,68.96,26
221,4,768,384,1,24,24,1,1,1,1,24,24,grouped_conv_forward_bf16_2d_64x128x64_compv5,64.95,27
221,4,768,384,1,24,24,1,1,1,1,24,24,grouped_conv_forward_bf16_2d_64x128x64_compv3,64.53,28
221,4,768,384,1,24,24,1,1,1,1,24,24,grouped_conv_forward_bf16_2d_128x128x64_compv5,62.75,29
221,4,768,384,1,24,24,1,1,1,1,24,24,grouped_conv_forward_bf16_2d_128x128x64_compv3,62.53,30
222,4,280,1680,1,64,64,1,1,1,1,64,64,grouped_conv_forward_bf16_2d_64x128x64_compv5,198.59,1
222,4,280,1680,1,64,64,1,1,1,1,64,64,grouped_conv_forward_bf16_2d_64x128x64_compv3,197.60,2
222,4,280,1680,1,64,64,1,1,1,1,64,64,grouped_conv_forward_bf16_2d_32x128x64_compv5,184.55,3
222,4,280,1680,1,64,64,1,1,1,1,64,64,grouped_conv_forward_bf16_2d_32x128x64_compv3,183.40,4
222,4,280,1680,1,64,64,1,1,1,1,64,64,grouped_conv_forward_bf16_2d_128x128x64_compv5,179.21,5
222,4,280,1680,1,64,64,1,1,1,1,64,64,grouped_conv_forward_bf16_2d_128x128x64_compv3,169.77,6
222,4,280,1680,1,64,64,1,1,1,1,64,64,grouped_conv_forward_bf16_2d_64x64x128_compv3,162.77,7
222,4,280,1680,1,64,64,1,1,1,1,64,64,grouped_conv_forward_bf16_2d_64x64x128_compv5,162.27,8
222,4,280,1680,1,64,64,1,1,1,1,64,64,grouped_conv_forward_bf16_2d_32x64x128_compv5,162.24,9
222,4,280,1680,1,64,64,1,1,1,1,64,64,grouped_conv_forward_bf16_2d_32x64x128_compv3,161.93,10
222,4,280,1680,1,64,64,1,1,1,1,64,64,grouped_conv_forward_bf16_2d_64x64x64_compv5,157.86,11
222,4,280,1680,1,64,64,1,1,1,1,64,64,grouped_conv_forward_bf16_2d_64x64x64_compv3,157.60,12
222,4,280,1680,1,64,64,1,1,1,1,64,64,grouped_conv_forward_bf16_2d_128x64x128_compv5,153.97,13
222,4,280,1680,1,64,64,1,1,1,1,64,64,grouped_conv_forward_bf16_2d_128x64x128_compv3,149.54,14
222,4,280,1680,1,64,64,1,1,1,1,64,64,grouped_conv_forward_bf16_2d_32x64x64_compv5,139.99,15
222,4,280,1680,1,64,64,1,1,1,1,64,64,grouped_conv_forward_bf16_2d_32x64x64_compv3,139.51,16
222,4,280,1680,1,64,64,1,1,1,1,64,64,grouped_conv_forward_bf16_2d_16x64x128_compv5,128.71,17
222,4,280,1680,1,64,64,1,1,1,1,64,64,grouped_conv_forward_bf16_2d_16x64x128_compv3,128.24,18
222,4,280,1680,1,64,64,1,1,1,1,64,64,grouped_conv_forward_bf16_2d_32x64x128_compv4,112.62,19
222,4,280,1680,1,64,64,1,1,1,1,64,64,grouped_conv_forward_bf16_2d_32x128x64_compv4,112.54,20
222,4,280,1680,1,64,64,1,1,1,1,64,64,grouped_conv_forward_bf16_2d_16x64x64_compv5,112.12,21
222,4,280,1680,1,64,64,1,1,1,1,64,64,grouped_conv_forward_bf16_2d_16x64x64_compv3,111.46,22
222,4,280,1680,1,64,64,1,1,1,1,64,64,grouped_conv_forward_bf16_2d_32x64x64_compv4,109.75,23
222,4,280,1680,1,64,64,1,1,1,1,64,64,grouped_conv_forward_bf16_2d_16x64x128_compv4,98.62,24
222,4,280,1680,1,64,64,1,1,1,1,64,64,grouped_conv_forward_bf16_2d_16x64x64_compv4,98.05,25
222,4,280,1680,1,64,64,1,1,1,1,64,64,grouped_conv_forward_bf16_2d_64x64x128_compv4,90.33,26
222,4,280,1680,1,64,64,1,1,1,1,64,64,grouped_conv_forward_bf16_2d_128x128x64_compv4,89.62,27
222,4,280,1680,1,64,64,1,1,1,1,64,64,grouped_conv_forward_bf16_2d_64x128x64_compv4,89.52,28
222,4,280,1680,1,64,64,1,1,1,1,64,64,grouped_conv_forward_bf16_2d_128x64x128_compv4,89.48,29
222,4,280,1680,1,64,64,1,1,1,1,64,64,grouped_conv_forward_bf16_2d_64x64x64_compv4,88.10,30
223,1,696,1392,1,256,256,1,1,2,2,128,128,grouped_conv_forward_bf16_2d_128x128x64_compv5,280.41,1
223,1,696,1392,1,256,256,1,1,2,2,128,128,grouped_conv_forward_bf16_2d_64x128x64_compv5,256.79,2
223,1,696,1392,1,256,256,1,1,2,2,128,128,grouped_conv_forward_bf16_2d_64x128x64_compv3,254.48,3
223,1,696,1392,1,256,256,1,1,2,2,128,128,grouped_conv_forward_bf16_2d_128x128x64_compv3,230.43,4
223,1,696,1392,1,256,256,1,1,2,2,128,128,grouped_conv_forward_bf16_2d_32x128x64_compv5,226.51,5
223,1,696,1392,1,256,256,1,1,2,2,128,128,grouped_conv_forward_bf16_2d_32x128x64_compv3,225.59,6
223,1,696,1392,1,256,256,1,1,2,2,128,128,grouped_conv_forward_bf16_2d_128x64x128_compv5,201.99,7
223,1,696,1392,1,256,256,1,1,2,2,128,128,grouped_conv_forward_bf16_2d_64x64x64_compv3,200.57,8
223,1,696,1392,1,256,256,1,1,2,2,128,128,grouped_conv_forward_bf16_2d_64x64x64_compv5,200.21,9
223,1,696,1392,1,256,256,1,1,2,2,128,128,grouped_conv_forward_bf16_2d_64x64x128_compv5,194.50,10
223,1,696,1392,1,256,256,1,1,2,2,128,128,grouped_conv_forward_bf16_2d_64x64x128_compv3,193.76,11
223,1,696,1392,1,256,256,1,1,2,2,128,128,grouped_conv_forward_bf16_2d_128x64x128_compv3,193.36,12
223,1,696,1392,1,256,256,1,1,2,2,128,128,grouped_conv_forward_bf16_2d_32x64x128_compv3,182.50,13
223,1,696,1392,1,256,256,1,1,2,2,128,128,grouped_conv_forward_bf16_2d_32x64x128_compv5,181.83,14
223,1,696,1392,1,256,256,1,1,2,2,128,128,grouped_conv_forward_bf16_2d_32x64x64_compv3,164.01,15
223,1,696,1392,1,256,256,1,1,2,2,128,128,grouped_conv_forward_bf16_2d_32x64x64_compv5,163.73,16
223,1,696,1392,1,256,256,1,1,2,2,128,128,grouped_conv_forward_bf16_2d_16x64x128_compv5,138.06,17
223,1,696,1392,1,256,256,1,1,2,2,128,128,grouped_conv_forward_bf16_2d_16x64x128_compv3,135.97,18
223,1,696,1392,1,256,256,1,1,2,2,128,128,grouped_conv_forward_bf16_2d_16x64x64_compv5,132.59,19
223,1,696,1392,1,256,256,1,1,2,2,128,128,grouped_conv_forward_bf16_2d_32x128x64_compv4,131.78,20
223,1,696,1392,1,256,256,1,1,2,2,128,128,grouped_conv_forward_bf16_2d_32x64x128_compv4,131.05,21
223,1,696,1392,1,256,256,1,1,2,2,128,128,grouped_conv_forward_bf16_2d_32x64x64_compv4,130.87,22
223,1,696,1392,1,256,256,1,1,2,2,128,128,grouped_conv_forward_bf16_2d_16x64x64_compv3,129.08,23
223,1,696,1392,1,256,256,1,1,2,2,128,128,grouped_conv_forward_bf16_2d_16x64x128_compv4,111.83,24
223,1,696,1392,1,256,256,1,1,2,2,128,128,grouped_conv_forward_bf16_2d_16x64x64_compv4,111.28,25
223,1,696,1392,1,256,256,1,1,2,2,128,128,grouped_conv_forward_bf16_2d_128x64x128_compv4,108.43,26
223,1,696,1392,1,256,256,1,1,2,2,128,128,grouped_conv_forward_bf16_2d_128x128x64_compv4,107.90,27
223,1,696,1392,1,256,256,1,1,2,2,128,128,grouped_conv_forward_bf16_2d_64x128x64_compv4,104.58,28
223,1,696,1392,1,256,256,1,1,2,2,128,128,grouped_conv_forward_bf16_2d_64x64x128_compv4,104.10,29
223,1,696,1392,1,256,256,1,1,2,2,128,128,grouped_conv_forward_bf16_2d_64x64x64_compv4,103.03,30
224,1,268,1076,1,1,1,1,1,1,1,1,1,grouped_conv_forward_bf16_2d_32x128x64_compv4,4.03,1
224,1,268,1076,1,1,1,1,1,1,1,1,1,grouped_conv_forward_bf16_2d_16x64x64_compv4,3.76,2
224,1,268,1076,1,1,1,1,1,1,1,1,1,grouped_conv_forward_bf16_2d_16x64x64_compv5,3.60,3
224,1,268,1076,1,1,1,1,1,1,1,1,1,grouped_conv_forward_bf16_2d_16x64x64_compv3,3.56,4
224,1,268,1076,1,1,1,1,1,1,1,1,1,grouped_conv_forward_bf16_2d_32x128x64_compv5,3.53,5
224,1,268,1076,1,1,1,1,1,1,1,1,1,grouped_conv_forward_bf16_2d_32x64x64_compv4,3.50,6
224,1,268,1076,1,1,1,1,1,1,1,1,1,grouped_conv_forward_bf16_2d_32x128x64_compv3,3.46,7
224,1,268,1076,1,1,1,1,1,1,1,1,1,grouped_conv_forward_bf16_2d_32x64x64_compv5,3.20,8
224,1,268,1076,1,1,1,1,1,1,1,1,1,grouped_conv_forward_bf16_2d_64x128x64_compv4,3.18,9
224,1,268,1076,1,1,1,1,1,1,1,1,1,grouped_conv_forward_bf16_2d_16x64x128_compv3,3.11,10
224,1,268,1076,1,1,1,1,1,1,1,1,1,grouped_conv_forward_bf16_2d_32x64x64_compv3,3.11,11
224,1,268,1076,1,1,1,1,1,1,1,1,1,grouped_conv_forward_bf16_2d_128x128x64_compv4,3.09,12
224,1,268,1076,1,1,1,1,1,1,1,1,1,grouped_conv_forward_bf16_2d_16x64x128_compv5,3.09,13
224,1,268,1076,1,1,1,1,1,1,1,1,1,grouped_conv_forward_bf16_2d_16x64x128_compv4,2.95,14
224,1,268,1076,1,1,1,1,1,1,1,1,1,grouped_conv_forward_bf16_2d_64x128x64_compv5,2.86,15
224,1,268,1076,1,1,1,1,1,1,1,1,1,grouped_conv_forward_bf16_2d_64x128x64_compv3,2.84,16
224,1,268,1076,1,1,1,1,1,1,1,1,1,grouped_conv_forward_bf16_2d_64x64x64_compv4,2.83,17
224,1,268,1076,1,1,1,1,1,1,1,1,1,grouped_conv_forward_bf16_2d_32x64x128_compv5,2.79,18
224,1,268,1076,1,1,1,1,1,1,1,1,1,grouped_conv_forward_bf16_2d_32x64x128_compv3,2.77,19
224,1,268,1076,1,1,1,1,1,1,1,1,1,grouped_conv_forward_bf16_2d_64x64x64_compv5,2.69,20
224,1,268,1076,1,1,1,1,1,1,1,1,1,grouped_conv_forward_bf16_2d_64x64x64_compv3,2.68,21
224,1,268,1076,1,1,1,1,1,1,1,1,1,grouped_conv_forward_bf16_2d_32x64x128_compv4,2.67,22
224,1,268,1076,1,1,1,1,1,1,1,1,1,grouped_conv_forward_bf16_2d_128x128x64_compv3,2.67,23
224,1,268,1076,1,1,1,1,1,1,1,1,1,grouped_conv_forward_bf16_2d_128x128x64_compv5,2.66,24
224,1,268,1076,1,1,1,1,1,1,1,1,1,grouped_conv_forward_bf16_2d_64x64x128_compv5,2.23,25
224,1,268,1076,1,1,1,1,1,1,1,1,1,grouped_conv_forward_bf16_2d_64x64x128_compv3,2.21,26
224,1,268,1076,1,1,1,1,1,1,1,1,1,grouped_conv_forward_bf16_2d_64x64x128_compv4,2.11,27
224,1,268,1076,1,1,1,1,1,1,1,1,1,grouped_conv_forward_bf16_2d_128x64x128_compv4,2.06,28
224,1,268,1076,1,1,1,1,1,1,1,1,1,grouped_conv_forward_bf16_2d_128x64x128_compv3,2.05,29
224,1,268,1076,1,1,1,1,1,1,1,1,1,grouped_conv_forward_bf16_2d_128x64x128_compv5,2.04,30
225,4,32,64,1,112,112,1,1,2,2,56,56,grouped_conv_forward_bf16_2d_32x64x64_compv5,20.85,1
225,4,32,64,1,112,112,1,1,2,2,56,56,grouped_conv_forward_bf16_2d_32x64x64_compv3,20.51,2
225,4,32,64,1,112,112,1,1,2,2,56,56,grouped_conv_forward_bf16_2d_16x64x64_compv3,19.91,3
225,4,32,64,1,112,112,1,1,2,2,56,56,grouped_conv_forward_bf16_2d_16x64x64_compv5,19.90,4
225,4,32,64,1,112,112,1,1,2,2,56,56,grouped_conv_forward_bf16_2d_16x64x128_compv3,19.88,5
225,4,32,64,1,112,112,1,1,2,2,56,56,grouped_conv_forward_bf16_2d_32x64x128_compv3,19.74,6
225,4,32,64,1,112,112,1,1,2,2,56,56,grouped_conv_forward_bf16_2d_32x64x128_compv5,19.51,7
225,4,32,64,1,112,112,1,1,2,2,56,56,grouped_conv_forward_bf16_2d_64x64x64_compv3,19.27,8
225,4,32,64,1,112,112,1,1,2,2,56,56,grouped_conv_forward_bf16_2d_64x64x64_compv5,19.21,9
225,4,32,64,1,112,112,1,1,2,2,56,56,grouped_conv_forward_bf16_2d_16x64x128_compv5,19.17,10
225,4,32,64,1,112,112,1,1,2,2,56,56,grouped_conv_forward_bf16_2d_32x128x64_compv3,18.26,11
225,4,32,64,1,112,112,1,1,2,2,56,56,grouped_conv_forward_bf16_2d_64x64x128_compv5,18.26,12
225,4,32,64,1,112,112,1,1,2,2,56,56,grouped_conv_forward_bf16_2d_64x64x128_compv3,18.07,13
225,4,32,64,1,112,112,1,1,2,2,56,56,grouped_conv_forward_bf16_2d_32x128x64_compv5,17.94,14
225,4,32,64,1,112,112,1,1,2,2,56,56,grouped_conv_forward_bf16_2d_64x128x64_compv3,17.47,15
225,4,32,64,1,112,112,1,1,2,2,56,56,grouped_conv_forward_bf16_2d_64x128x64_compv5,17.32,16
225,4,32,64,1,112,112,1,1,2,2,56,56,grouped_conv_forward_bf16_2d_128x64x128_compv5,17.08,17
225,4,32,64,1,112,112,1,1,2,2,56,56,grouped_conv_forward_bf16_2d_128x64x128_compv3,16.83,18
225,4,32,64,1,112,112,1,1,2,2,56,56,grouped_conv_forward_bf16_2d_32x64x128_compv4,16.29,19
225,4,32,64,1,112,112,1,1,2,2,56,56,grouped_conv_forward_bf16_2d_128x128x64_compv3,15.57,20
225,4,32,64,1,112,112,1,1,2,2,56,56,grouped_conv_forward_bf16_2d_128x128x64_compv5,15.40,21
225,4,32,64,1,112,112,1,1,2,2,56,56,grouped_conv_forward_bf16_2d_32x64x64_compv4,15.28,22
225,4,32,64,1,112,112,1,1,2,2,56,56,grouped_conv_forward_bf16_2d_32x128x64_compv4,14.96,23
225,4,32,64,1,112,112,1,1,2,2,56,56,grouped_conv_forward_bf16_2d_16x64x128_compv4,14.95,24
225,4,32,64,1,112,112,1,1,2,2,56,56,grouped_conv_forward_bf16_2d_128x64x128_compv4,14.72,25
225,4,32,64,1,112,112,1,1,2,2,56,56,grouped_conv_forward_bf16_2d_64x64x128_compv4,14.51,26
225,4,32,64,1,112,112,1,1,2,2,56,56,grouped_conv_forward_bf16_2d_64x64x64_compv4,13.95,27
225,4,32,64,1,112,112,1,1,2,2,56,56,grouped_conv_forward_bf16_2d_16x64x64_compv4,13.27,28
225,4,32,64,1,112,112,1,1,2,2,56,56,grouped_conv_forward_bf16_2d_64x128x64_compv4,13.01,29
225,4,32,64,1,112,112,1,1,2,2,56,56,grouped_conv_forward_bf16_2d_128x128x64_compv4,13.01,30
226,4,26,26,26,256,256,3,3,1,1,256,256,grouped_conv_forward_bf16_2d_64x64x64_compv5,80.14,1
226,4,26,26,26,256,256,3,3,1,1,256,256,grouped_conv_forward_bf16_2d_64x64x64_compv3,78.41,2
226,4,26,26,26,256,256,3,3,1,1,256,256,grouped_conv_forward_bf16_2d_32x128x64_compv5,74.01,3
226,4,26,26,26,256,256,3,3,1,1,256,256,grouped_conv_forward_bf16_2d_32x64x64_compv5,73.99,4
226,4,26,26,26,256,256,3,3,1,1,256,256,grouped_conv_forward_bf16_2d_32x128x64_compv3,72.41,5
226,4,26,26,26,256,256,3,3,1,1,256,256,grouped_conv_forward_bf16_2d_32x64x64_compv3,71.51,6
226,4,26,26,26,256,256,3,3,1,1,256,256,grouped_conv_forward_bf16_2d_64x128x64_compv5,70.91,7
226,4,26,26,26,256,256,3,3,1,1,256,256,grouped_conv_forward_bf16_2d_64x128x64_compv3,70.50,8
226,4,26,26,26,256,256,3,3,1,1,256,256,grouped_conv_forward_bf16_2d_128x128x64_compv5,66.63,9
226,4,26,26,26,256,256,3,3,1,1,256,256,grouped_conv_forward_bf16_2d_32x64x128_compv5,62.59,10
226,4,26,26,26,256,256,3,3,1,1,256,256,grouped_conv_forward_bf16_2d_128x128x64_compv3,62.42,11
226,4,26,26,26,256,256,3,3,1,1,256,256,grouped_conv_forward_bf16_2d_16x64x64_compv5,62.29,12
226,4,26,26,26,256,256,3,3,1,1,256,256,grouped_conv_forward_bf16_2d_64x64x128_compv5,60.91,13
226,4,26,26,26,256,256,3,3,1,1,256,256,grouped_conv_forward_bf16_2d_32x64x128_compv3,60.91,14
226,4,26,26,26,256,256,3,3,1,1,256,256,grouped_conv_forward_bf16_2d_16x64x64_compv3,60.19,15
226,4,26,26,26,256,256,3,3,1,1,256,256,grouped_conv_forward_bf16_2d_64x64x128_compv3,59.59,16
226,4,26,26,26,256,256,3,3,1,1,256,256,grouped_conv_forward_bf16_2d_128x64x128_compv5,53.99,17
226,4,26,26,26,256,256,3,3,1,1,256,256,grouped_conv_forward_bf16_2d_128x64x128_compv3,52.57,18
226,4,26,26,26,256,256,3,3,1,1,256,256,grouped_conv_forward_bf16_2d_16x64x128_compv5,50.35,19
226,4,26,26,26,256,256,3,3,1,1,256,256,grouped_conv_forward_bf16_2d_16x64x128_compv3,48.60,20
226,4,26,26,26,256,256,3,3,1,1,256,256,grouped_conv_forward_bf16_2d_32x64x128_compv4,34.61,21
226,4,26,26,26,256,256,3,3,1,1,256,256,grouped_conv_forward_bf16_2d_32x128x64_compv4,33.28,22
226,4,26,26,26,256,256,3,3,1,1,256,256,grouped_conv_forward_bf16_2d_32x64x64_compv4,32.89,23
226,4,26,26,26,256,256,3,3,1,1,256,256,grouped_conv_forward_bf16_2d_16x64x128_compv4,31.72,24
226,4,26,26,26,256,256,3,3,1,1,256,256,grouped_conv_forward_bf16_2d_16x64x64_compv4,30.07,25
226,4,26,26,26,256,256,3,3,1,1,256,256,grouped_conv_forward_bf16_2d_128x64x128_compv4,26.35,26
226,4,26,26,26,256,256,3,3,1,1,256,256,grouped_conv_forward_bf16_2d_64x64x128_compv4,25.83,27
226,4,26,26,26,256,256,3,3,1,1,256,256,grouped_conv_forward_bf16_2d_64x128x64_compv4,25.59,28
226,4,26,26,26,256,256,3,3,1,1,256,256,grouped_conv_forward_bf16_2d_128x128x64_compv4,25.48,29
226,4,26,26,26,256,256,3,3,1,1,256,256,grouped_conv_forward_bf16_2d_64x64x64_compv4,24.64,30
227,1,896,128,1,7,7,1,1,1,1,7,7,grouped_conv_forward_bf16_2d_16x64x64_compv4,1.09,1
227,1,896,128,1,7,7,1,1,1,1,7,7,grouped_conv_forward_bf16_2d_16x64x128_compv4,1.09,2
227,1,896,128,1,7,7,1,1,1,1,7,7,grouped_conv_forward_bf16_2d_16x64x128_compv3,1.07,3
227,1,896,128,1,7,7,1,1,1,1,7,7,grouped_conv_forward_bf16_2d_16x64x128_compv5,1.07,4
227,1,896,128,1,7,7,1,1,1,1,7,7,grouped_conv_forward_bf16_2d_16x64x64_compv5,0.95,5
227,1,896,128,1,7,7,1,1,1,1,7,7,grouped_conv_forward_bf16_2d_16x64x64_compv3,0.95,6
227,1,896,128,1,7,7,1,1,1,1,7,7,grouped_conv_forward_bf16_2d_32x64x128_compv5,0.92,7
227,1,896,128,1,7,7,1,1,1,1,7,7,grouped_conv_forward_bf16_2d_32x64x128_compv3,0.91,8
227,1,896,128,1,7,7,1,1,1,1,7,7,grouped_conv_forward_bf16_2d_32x128x64_compv4,0.88,9
227,1,896,128,1,7,7,1,1,1,1,7,7,grouped_conv_forward_bf16_2d_32x64x64_compv4,0.87,10
227,1,896,128,1,7,7,1,1,1,1,7,7,grouped_conv_forward_bf16_2d_32x64x128_compv4,0.85,11
227,1,896,128,1,7,7,1,1,1,1,7,7,grouped_conv_forward_bf16_2d_32x64x64_compv5,0.78,12
227,1,896,128,1,7,7,1,1,1,1,7,7,grouped_conv_forward_bf16_2d_32x64x64_compv3,0.75,13
227,1,896,128,1,7,7,1,1,1,1,7,7,grouped_conv_forward_bf16_2d_64x64x128_compv5,0.74,14
227,1,896,128,1,7,7,1,1,1,1,7,7,grouped_conv_forward_bf16_2d_128x64x128_compv5,0.73,15
227,1,896,128,1,7,7,1,1,1,1,7,7,grouped_conv_forward_bf16_2d_128x64x128_compv3,0.73,16
227,1,896,128,1,7,7,1,1,1,1,7,7,grouped_conv_forward_bf16_2d_64x64x128_compv3,0.72,17
227,1,896,128,1,7,7,1,1,1,1,7,7,grouped_conv_forward_bf16_2d_32x128x64_compv5,0.66,18
227,1,896,128,1,7,7,1,1,1,1,7,7,grouped_conv_forward_bf16_2d_128x64x128_compv4,0.66,19
227,1,896,128,1,7,7,1,1,1,1,7,7,grouped_conv_forward_bf16_2d_64x128x64_compv4,0.65,20
227,1,896,128,1,7,7,1,1,1,1,7,7,grouped_conv_forward_bf16_2d_64x64x64_compv4,0.65,21
227,1,896,128,1,7,7,1,1,1,1,7,7,grouped_conv_forward_bf16_2d_32x128x64_compv3,0.64,22
227,1,896,128,1,7,7,1,1,1,1,7,7,grouped_conv_forward_bf16_2d_128x128x64_compv4,0.63,23
227,1,896,128,1,7,7,1,1,1,1,7,7,grouped_conv_forward_bf16_2d_64x64x64_compv5,0.63,24
227,1,896,128,1,7,7,1,1,1,1,7,7,grouped_conv_forward_bf16_2d_64x64x128_compv4,0.63,25
227,1,896,128,1,7,7,1,1,1,1,7,7,grouped_conv_forward_bf16_2d_64x64x64_compv3,0.63,26
227,1,896,128,1,7,7,1,1,1,1,7,7,grouped_conv_forward_bf16_2d_64x128x64_compv5,0.57,27
227,1,896,128,1,7,7,1,1,1,1,7,7,grouped_conv_forward_bf16_2d_64x128x64_compv3,0.56,28
227,1,896,128,1,7,7,1,1,1,1,7,7,grouped_conv_forward_bf16_2d_128x128x64_compv5,0.55,29
227,1,896,128,1,7,7,1,1,1,1,7,7,grouped_conv_forward_bf16_2d_128x128x64_compv3,0.55,30
228,4,324,324,324,56,56,3,3,1,1,56,56,grouped_conv_forward_bf16_2d_32x128x64_compv5,63.48,1
228,4,324,324,324,56,56,3,3,1,1,56,56,grouped_conv_forward_bf16_2d_32x128x64_compv3,63.17,2
228,4,324,324,324,56,56,3,3,1,1,56,56,grouped_conv_forward_bf16_2d_64x128x64_compv3,61.61,3
228,4,324,324,324,56,56,3,3,1,1,56,56,grouped_conv_forward_bf16_2d_64x128x64_compv5,61.30,4
228,4,324,324,324,56,56,3,3,1,1,56,56,grouped_conv_forward_bf16_2d_128x128x64_compv3,60.54,5
228,4,324,324,324,56,56,3,3,1,1,56,56,grouped_conv_forward_bf16_2d_128x128x64_compv5,59.87,6
228,4,324,324,324,56,56,3,3,1,1,56,56,grouped_conv_forward_bf16_2d_64x64x64_compv5,55.00,7
228,4,324,324,324,56,56,3,3,1,1,56,56,grouped_conv_forward_bf16_2d_32x64x64_compv5,54.51,8
228,4,324,324,324,56,56,3,3,1,1,56,56,grouped_conv_forward_bf16_2d_64x64x64_compv3,53.60,9
228,4,324,324,324,56,56,3,3,1,1,56,56,grouped_conv_forward_bf16_2d_32x64x64_compv3,52.81,10
228,4,324,324,324,56,56,3,3,1,1,56,56,grouped_conv_forward_bf16_2d_16x64x64_compv5,48.33,11
228,4,324,324,324,56,56,3,3,1,1,56,56,grouped_conv_forward_bf16_2d_16x64x64_compv3,47.33,12
228,4,324,324,324,56,56,3,3,1,1,56,56,grouped_conv_forward_bf16_2d_32x64x128_compv5,46.88,13
228,4,324,324,324,56,56,3,3,1,1,56,56,grouped_conv_forward_bf16_2d_32x64x128_compv3,45.88,14
228,4,324,324,324,56,56,3,3,1,1,56,56,grouped_conv_forward_bf16_2d_64x64x128_compv5,45.65,15
228,4,324,324,324,56,56,3,3,1,1,56,56,grouped_conv_forward_bf16_2d_64x64x128_compv3,45.30,16
228,4,324,324,324,56,56,3,3,1,1,56,56,grouped_conv_forward_bf16_2d_128x64x128_compv5,42.81,17
228,4,324,324,324,56,56,3,3,1,1,56,56,grouped_conv_forward_bf16_2d_128x64x128_compv3,42.35,18
228,4,324,324,324,56,56,3,3,1,1,56,56,grouped_conv_forward_bf16_2d_16x64x128_compv5,41.01,19
228,4,324,324,324,56,56,3,3,1,1,56,56,grouped_conv_forward_bf16_2d_16x64x128_compv3,40.88,20
228,4,324,324,324,56,56,3,3,1,1,56,56,grouped_conv_forward_bf16_2d_32x64x64_compv4,33.18,21
228,4,324,324,324,56,56,3,3,1,1,56,56,grouped_conv_forward_bf16_2d_16x64x64_compv4,30.68,22
228,4,324,324,324,56,56,3,3,1,1,56,56,grouped_conv_forward_bf16_2d_32x128x64_compv4,30.48,23
228,4,324,324,324,56,56,3,3,1,1,56,56,grouped_conv_forward_bf16_2d_32x64x128_compv4,29.73,24
228,4,324,324,324,56,56,3,3,1,1,56,56,grouped_conv_forward_bf16_2d_16x64x128_compv4,27.00,25
228,4,324,324,324,56,56,3,3,1,1,56,56,grouped_conv_forward_bf16_2d_128x128x64_compv4,25.98,26
228,4,324,324,324,56,56,3,3,1,1,56,56,grouped_conv_forward_bf16_2d_64x128x64_compv4,25.90,27
228,4,324,324,324,56,56,3,3,1,1,56,56,grouped_conv_forward_bf16_2d_128x64x128_compv4,25.58,28
228,4,324,324,324,56,56,3,3,1,1,56,56,grouped_conv_forward_bf16_2d_64x64x128_compv4,25.33,29
228,4,324,324,324,56,56,3,3,1,1,56,56,grouped_conv_forward_bf16_2d_64x64x64_compv4,24.53,30
229,4,32,32,32,56,56,3,3,2,2,28,28,grouped_conv_forward_bf16_2d_32x64x128_compv5,4.45,1
229,4,32,32,32,56,56,3,3,2,2,28,28,grouped_conv_forward_bf16_2d_32x64x128_compv3,4.44,2
229,4,32,32,32,56,56,3,3,2,2,28,28,grouped_conv_forward_bf16_2d_64x64x128_compv3,4.26,3
229,4,32,32,32,56,56,3,3,2,2,28,28,grouped_conv_forward_bf16_2d_64x64x128_compv5,4.21,4
229,4,32,32,32,56,56,3,3,2,2,28,28,grouped_conv_forward_bf16_2d_16x64x128_compv3,4.10,5
229,4,32,32,32,56,56,3,3,2,2,28,28,grouped_conv_forward_bf16_2d_128x64x128_compv3,4.05,6
229,4,32,32,32,56,56,3,3,2,2,28,28,grouped_conv_forward_bf16_2d_16x64x128_compv5,4.04,7
229,4,32,32,32,56,56,3,3,2,2,28,28,grouped_conv_forward_bf16_2d_128x64x128_compv5,3.97,8
229,4,32,32,32,56,56,3,3,2,2,28,28,grouped_conv_forward_bf16_2d_32x64x128_compv4,3.95,9
229,4,32,32,32,56,56,3,3,2,2,28,28,grouped_conv_forward_bf16_2d_16x64x128_compv4,3.70,10
229,4,32,32,32,56,56,3,3,2,2,28,28,grouped_conv_forward_bf16_2d_128x64x128_compv4,3.58,11
229,4,32,32,32,56,56,3,3,2,2,28,28,grouped_conv_forward_bf16_2d_64x64x128_compv4,3.54,12
229,4,32,32,32,56,56,3,3,2,2,28,28,grouped_conv_forward_bf16_2d_32x64x64_compv5,3.31,13
229,4,32,32,32,56,56,3,3,2,2,28,28,grouped_conv_forward_bf16_2d_32x64x64_compv3,3.21,14
229,4,32,32,32,56,56,3,3,2,2,28,28,grouped_conv_forward_bf16_2d_64x64x64_compv3,3.02,15
229,4,32,32,32,56,56,3,3,2,2,28,28,grouped_conv_forward_bf16_2d_16x64x64_compv5,3.00,16
229,4,32,32,32,56,56,3,3,2,2,28,28,grouped_conv_forward_bf16_2d_64x64x64_compv5,2.99,17
229,4,32,32,32,56,56,3,3,2,2,28,28,grouped_conv_forward_bf16_2d_16x64x64_compv3,2.99,18
229,4,32,32,32,56,56,3,3,2,2,28,28,grouped_conv_forward_bf16_2d_32x128x64_compv3,2.82,19
229,4,32,32,32,56,56,3,3,2,2,28,28,grouped_conv_forward_bf16_2d_32x128x64_compv5,2.81,20
229,4,32,32,32,56,56,3,3,2,2,28,28,grouped_conv_forward_bf16_2d_32x64x64_compv4,2.57,21
229,4,32,32,32,56,56,3,3,2,2,28,28,grouped_conv_forward_bf16_2d_16x64x64_compv4,2.52,22
229,4,32,32,32,56,56,3,3,2,2,28,28,grouped_conv_forward_bf16_2d_64x128x64_compv3,2.49,23
229,4,32,32,32,56,56,3,3,2,2,28,28,grouped_conv_forward_bf16_2d_64x128x64_compv5,2.47,24
229,4,32,32,32,56,56,3,3,2,2,28,28,grouped_conv_forward_bf16_2d_32x128x64_compv4,2.42,25
229,4,32,32,32,56,56,3,3,2,2,28,28,grouped_conv_forward_bf16_2d_64x64x64_compv4,2.27,26
229,4,32,32,32,56,56,3,3,2,2,28,28,grouped_conv_forward_bf16_2d_128x128x64_compv3,2.26,27
229,4,32,32,32,56,56,3,3,2,2,28,28,grouped_conv_forward_bf16_2d_128x128x64_compv5,2.22,28
229,4,32,32,32,56,56,3,3,2,2,28,28,grouped_conv_forward_bf16_2d_64x128x64_compv4,2.01,29
229,4,32,32,32,56,56,3,3,2,2,28,28,grouped_conv_forward_bf16_2d_128x128x64_compv4,1.97,30
230,1,6144,512,1,7,7,1,1,1,1,7,7,grouped_conv_forward_bf16_2d_16x64x128_compv4,5.94,1
230,1,6144,512,1,7,7,1,1,1,1,7,7,grouped_conv_forward_bf16_2d_16x64x128_compv3,5.90,2
230,1,6144,512,1,7,7,1,1,1,1,7,7,grouped_conv_forward_bf16_2d_16x64x128_compv5,5.90,3
230,1,6144,512,1,7,7,1,1,1,1,7,7,grouped_conv_forward_bf16_2d_16x64x64_compv4,5.75,4
230,1,6144,512,1,7,7,1,1,1,1,7,7,grouped_conv_forward_bf16_2d_32x64x128_compv3,4.91,5
230,1,6144,512,1,7,7,1,1,1,1,7,7,grouped_conv_forward_bf16_2d_32x64x128_compv5,4.90,6
230,1,6144,512,1,7,7,1,1,1,1,7,7,grouped_conv_forward_bf16_2d_16x64x64_compv5,4.70,7
230,1,6144,512,1,7,7,1,1,1,1,7,7,grouped_conv_forward_bf16_2d_32x64x128_compv4,4.69,8
230,1,6144,512,1,7,7,1,1,1,1,7,7,grouped_conv_forward_bf16_2d_16x64x64_compv3,4.67,9
230,1,6144,512,1,7,7,1,1,1,1,7,7,grouped_conv_forward_bf16_2d_32x128x64_compv4,4.42,10
230,1,6144,512,1,7,7,1,1,1,1,7,7,grouped_conv_forward_bf16_2d_32x64x64_compv4,4.40,11
230,1,6144,512,1,7,7,1,1,1,1,7,7,grouped_conv_forward_bf16_2d_64x64x128_compv5,4.10,12
230,1,6144,512,1,7,7,1,1,1,1,7,7,grouped_conv_forward_bf16_2d_128x64x128_compv5,4.06,13
230,1,6144,512,1,7,7,1,1,1,1,7,7,grouped_conv_forward_bf16_2d_64x64x128_compv3,4.05,14
230,1,6144,512,1,7,7,1,1,1,1,7,7,grouped_conv_forward_bf16_2d_128x64x128_compv3,4.00,15
230,1,6144,512,1,7,7,1,1,1,1,7,7,grouped_conv_forward_bf16_2d_32x64x64_compv5,3.68,16
230,1,6144,512,1,7,7,1,1,1,1,7,7,grouped_conv_forward_bf16_2d_32x64x64_compv3,3.64,17
230,1,6144,512,1,7,7,1,1,1,1,7,7,grouped_conv_forward_bf16_2d_64x64x128_compv4,3.51,18
230,1,6144,512,1,7,7,1,1,1,1,7,7,grouped_conv_forward_bf16_2d_128x64x128_compv4,3.36,19
230,1,6144,512,1,7,7,1,1,1,1,7,7,grouped_conv_forward_bf16_2d_128x128x64_compv4,3.19,20
230,1,6144,512,1,7,7,1,1,1,1,7,7,grouped_conv_forward_bf16_2d_64x64x64_compv4,3.19,21
230,1,6144,512,1,7,7,1,1,1,1,7,7,grouped_conv_forward_bf16_2d_64x128x64_compv4,3.13,22
230,1,6144,512,1,7,7,1,1,1,1,7,7,grouped_conv_forward_bf16_2d_32x128x64_compv5,3.08,23
230,1,6144,512,1,7,7,1,1,1,1,7,7,grouped_conv_forward_bf16_2d_64x64x64_compv5,3.08,24
230,1,6144,512,1,7,7,1,1,1,1,7,7,grouped_conv_forward_bf16_2d_64x64x64_compv3,3.07,25
230,1,6144,512,1,7,7,1,1,1,1,7,7,grouped_conv_forward_bf16_2d_32x128x64_compv3,3.07,26
230,1,6144,512,1,7,7,1,1,1,1,7,7,grouped_conv_forward_bf16_2d_128x128x64_compv5,2.77,27
230,1,6144,512,1,7,7,1,1,1,1,7,7,grouped_conv_forward_bf16_2d_128x128x64_compv3,2.77,28
230,1,6144,512,1,7,7,1,1,1,1,7,7,grouped_conv_forward_bf16_2d_64x128x64_compv5,2.67,29
230,1,6144,512,1,7,7,1,1,1,1,7,7,grouped_conv_forward_bf16_2d_64x128x64_compv3,2.65,30
231,1,132,528,1,1,1,1,1,1,1,1,1,grouped_conv_forward_bf16_2d_16x64x64_compv3,1.32,1
231,1,132,528,1,1,1,1,1,1,1,1,1,grouped_conv_forward_bf16_2d_16x64x64_compv5,1.31,2
231,1,132,528,1,1,1,1,1,1,1,1,1,grouped_conv_forward_bf16_2d_32x128x64_compv5,1.20,3
231,1,132,528,1,1,1,1,1,1,1,1,1,grouped_conv_forward_bf16_2d_32x128x64_compv3,1.19,4
231,1,132,528,1,1,1,1,1,1,1,1,1,grouped_conv_forward_bf16_2d_32x64x64_compv5,1.16,5
231,1,132,528,1,1,1,1,1,1,1,1,1,grouped_conv_forward_bf16_2d_16x64x64_compv4,1.14,6
231,1,132,528,1,1,1,1,1,1,1,1,1,grouped_conv_forward_bf16_2d_32x64x64_compv3,1.13,7
231,1,132,528,1,1,1,1,1,1,1,1,1,grouped_conv_forward_bf16_2d_32x128x64_compv4,1.10,8
231,1,132,528,1,1,1,1,1,1,1,1,1,grouped_conv_forward_bf16_2d_16x64x128_compv5,1.07,9
231,1,132,528,1,1,1,1,1,1,1,1,1,grouped_conv_forward_bf16_2d_16x64x128_compv3,1.07,10
231,1,132,528,1,1,1,1,1,1,1,1,1,grouped_conv_forward_bf16_2d_64x64x64_compv5,1.03,11
231,1,132,528,1,1,1,1,1,1,1,1,1,grouped_conv_forward_bf16_2d_64x64x64_compv3,1.03,12
231,1,132,528,1,1,1,1,1,1,1,1,1,grouped_conv_forward_bf16_2d_64x128x64_compv5,1.01,13
231,1,132,528,1,1,1,1,1,1,1,1,1,grouped_conv_forward_bf16_2d_32x64x64_compv4,1.01,14
231,1,132,528,1,1,1,1,1,1,1,1,1,grouped_conv_forward_bf16_2d_64x128x64_compv3,1.00,15
231,1,132,528,1,1,1,1,1,1,1,1,1,grouped_conv_forward_bf16_2d_128x128x64_compv3,0.94,16
231,1,132,528,1,1,1,1,1,1,1,1,1,grouped_conv_forward_bf16_2d_128x128x64_compv4,0.94,17
231,1,132,528,1,1,1,1,1,1,1,1,1,grouped_conv_forward_bf16_2d_128x128x64_compv5,0.94,18
231,1,132,528,1,1,1,1,1,1,1,1,1,grouped_conv_forward_bf16_2d_32x64x128_compv5,0.92,19
231,1,132,528,1,1,1,1,1,1,1,1,1,grouped_conv_forward_bf16_2d_32x64x128_compv3,0.91,20
231,1,132,528,1,1,1,1,1,1,1,1,1,grouped_conv_forward_bf16_2d_64x128x64_compv4,0.91,21
231,1,132,528,1,1,1,1,1,1,1,1,1,grouped_conv_forward_bf16_2d_16x64x128_compv4,0.91,22
231,1,132,528,1,1,1,1,1,1,1,1,1,grouped_conv_forward_bf16_2d_64x64x64_compv4,0.87,23
231,1,132,528,1,1,1,1,1,1,1,1,1,grouped_conv_forward_bf16_2d_32x64x128_compv4,0.75,24
231,1,132,528,1,1,1,1,1,1,1,1,1,grouped_conv_forward_bf16_2d_64x64x128_compv3,0.74,25
231,1,132,528,1,1,1,1,1,1,1,1,1,grouped_conv_forward_bf16_2d_64x64x128_compv5,0.74,26
231,1,132,528,1,1,1,1,1,1,1,1,1,grouped_conv_forward_bf16_2d_128x64x128_compv3,0.71,27
231,1,132,528,1,1,1,1,1,1,1,1,1,grouped_conv_forward_bf16_2d_128x64x128_compv5,0.70,28
231,1,132,528,1,1,1,1,1,1,1,1,1,grouped_conv_forward_bf16_2d_128x64x128_compv4,0.60,29
231,1,132,528,1,1,1,1,1,1,1,1,1,grouped_conv_forward_bf16_2d_64x64x128_compv4,0.59,30
232,1,7680,1280,4,7,7,1,1,1,1,7,7,grouped_conv_forward_bf16_2d_16x64x128_compv3,8.12,1
232,1,7680,1280,4,7,7,1,1,1,1,7,7,grouped_conv_forward_bf16_2d_16x64x128_compv5,7.81,2
232,1,7680,1280,4,7,7,1,1,1,1,7,7,grouped_conv_forward_bf16_2d_16x64x128_compv4,7.62,3
232,1,7680,1280,4,7,7,1,1,1,1,7,7,grouped_conv_forward_bf16_2d_32x64x128_compv3,7.46,4
232,1,7680,1280,4,7,7,1,1,1,1,7,7,grouped_conv_forward_bf16_2d_32x64x128_compv5,7.20,5
232,1,7680,1280,4,7,7,1,1,1,1,7,7,grouped_conv_forward_bf16_2d_32x64x128_compv4,6.93,6
232,1,7680,1280,4,7,7,1,1,1,1,7,7,grouped_conv_forward_bf16_2d_64x64x128_compv3,6.12,7
232,1,7680,1280,4,7,7,1,1,1,1,7,7,grouped_conv_forward_bf16_2d_64x64x128_compv5,5.95,8
232,1,7680,1280,4,7,7,1,1,1,1,7,7,grouped_conv_forward_bf16_2d_128x64x128_compv3,5.78,9
232,1,7680,1280,4,7,7,1,1,1,1,7,7,grouped_conv_forward_bf16_2d_128x64x128_compv5,5.61,10
232,1,7680,1280,4,7,7,1,1,1,1,7,7,grouped_conv_forward_bf16_2d_64x64x128_compv4,5.33,11
232,1,7680,1280,4,7,7,1,1,1,1,7,7,grouped_conv_forward_bf16_2d_128x64x128_compv4,5.10,12
232,1,7680,1280,4,7,7,1,1,1,1,7,7,grouped_conv_forward_bf16_2d_16x64x64_compv3,2.42,13
232,1,7680,1280,4,7,7,1,1,1,1,7,7,grouped_conv_forward_bf16_2d_16x64x64_compv4,2.40,14
232,1,7680,1280,4,7,7,1,1,1,1,7,7,grouped_conv_forward_bf16_2d_32x128x64_compv4,2.31,15
232,1,7680,1280,4,7,7,1,1,1,1,7,7,grouped_conv_forward_bf16_2d_16x64x64_compv5,2.28,16
232,1,7680,1280,4,7,7,1,1,1,1,7,7,grouped_conv_forward_bf16_2d_32x64x64_compv4,2.17,17
232,1,7680,1280,4,7,7,1,1,1,1,7,7,grouped_conv_forward_bf16_2d_32x64x64_compv3,2.07,18
232,1,7680,1280,4,7,7,1,1,1,1,7,7,grouped_conv_forward_bf16_2d_32x64x64_compv5,1.96,19
232,1,7680,1280,4,7,7,1,1,1,1,7,7,grouped_conv_forward_bf16_2d_32x128x64_compv3,1.92,20
232,1,7680,1280,4,7,7,1,1,1,1,7,7,grouped_conv_forward_bf16_2d_64x128x64_compv4,1.88,21
232,1,7680,1280,4,7,7,1,1,1,1,7,7,grouped_conv_forward_bf16_2d_128x128x64_compv4,1.81,22
232,1,7680,1280,4,7,7,1,1,1,1,7,7,grouped_conv_forward_bf16_2d_32x128x64_compv5,1.80,23
232,1,7680,1280,4,7,7,1,1,1,1,7,7,grouped_conv_forward_bf16_2d_64x128x64_compv3,1.77,24
232,1,7680,1280,4,7,7,1,1,1,1,7,7,grouped_conv_forward_bf16_2d_64x128x64_compv5,1.66,25
232,1,7680,1280,4,7,7,1,1,1,1,7,7,grouped_conv_forward_bf16_2d_128x128x64_compv3,1.61,26
232,1,7680,1280,4,7,7,1,1,1,1,7,7,grouped_conv_forward_bf16_2d_64x64x64_compv3,1.53,27
232,1,7680,1280,4,7,7,1,1,1,1,7,7,grouped_conv_forward_bf16_2d_128x128x64_compv5,1.53,28
232,1,7680,1280,4,7,7,1,1,1,1,7,7,grouped_conv_forward_bf16_2d_64x64x64_compv5,1.44,29
232,1,7680,1280,4,7,7,1,1,1,1,7,7,grouped_conv_forward_bf16_2d_64x64x64_compv4,1.43,30
233,1,1024,384,1,32,32,1,1,1,1,32,32,grouped_conv_forward_bf16_2d_16x64x64_compv4,68.02,1
233,1,1024,384,1,32,32,1,1,1,1,32,32,grouped_conv_forward_bf16_2d_16x64x128_compv5,68.01,2
233,1,1024,384,1,32,32,1,1,1,1,32,32,grouped_conv_forward_bf16_2d_16x64x128_compv3,67.68,3
233,1,1024,384,1,32,32,1,1,1,1,32,32,grouped_conv_forward_bf16_2d_32x128x64_compv4,66.74,4
233,1,1024,384,1,32,32,1,1,1,1,32,32,grouped_conv_forward_bf16_2d_16x64x128_compv4,65.62,5
233,1,1024,384,1,32,32,1,1,1,1,32,32,grouped_conv_forward_bf16_2d_32x64x128_compv5,63.00,6
233,1,1024,384,1,32,32,1,1,1,1,32,32,grouped_conv_forward_bf16_2d_32x64x128_compv3,62.55,7
233,1,1024,384,1,32,32,1,1,1,1,32,32,grouped_conv_forward_bf16_2d_32x64x128_compv4,59.26,8
233,1,1024,384,1,32,32,1,1,1,1,32,32,grouped_conv_forward_bf16_2d_32x64x64_compv4,56.44,9
233,1,1024,384,1,32,32,1,1,1,1,32,32,grouped_conv_forward_bf16_2d_16x64x64_compv5,56.36,10
233,1,1024,384,1,32,32,1,1,1,1,32,32,grouped_conv_forward_bf16_2d_16x64x64_compv3,56.22,11
233,1,1024,384,1,32,32,1,1,1,1,32,32,grouped_conv_forward_bf16_2d_64x64x128_compv5,50.50,12
233,1,1024,384,1,32,32,1,1,1,1,32,32,grouped_conv_forward_bf16_2d_64x64x128_compv3,50.22,13
233,1,1024,384,1,32,32,1,1,1,1,32,32,grouped_conv_forward_bf16_2d_128x64x128_compv5,48.63,14
233,1,1024,384,1,32,32,1,1,1,1,32,32,grouped_conv_forward_bf16_2d_128x64x128_compv3,47.95,15
233,1,1024,384,1,32,32,1,1,1,1,32,32,grouped_conv_forward_bf16_2d_32x64x64_compv5,47.31,16
233,1,1024,384,1,32,32,1,1,1,1,32,32,grouped_conv_forward_bf16_2d_32x64x64_compv3,46.92,17
233,1,1024,384,1,32,32,1,1,1,1,32,32,grouped_conv_forward_bf16_2d_64x128x64_compv4,44.84,18
233,1,1024,384,1,32,32,1,1,1,1,32,32,grouped_conv_forward_bf16_2d_32x128x64_compv5,43.75,19
233,1,1024,384,1,32,32,1,1,1,1,32,32,grouped_conv_forward_bf16_2d_32x128x64_compv3,43.63,20
233,1,1024,384,1,32,32,1,1,1,1,32,32,grouped_conv_forward_bf16_2d_64x64x128_compv4,43.21,21
233,1,1024,384,1,32,32,1,1,1,1,32,32,grouped_conv_forward_bf16_2d_128x128x64_compv4,42.85,22
233,1,1024,384,1,32,32,1,1,1,1,32,32,grouped_conv_forward_bf16_2d_128x64x128_compv4,41.72,23
233,1,1024,384,1,32,32,1,1,1,1,32,32,grouped_conv_forward_bf16_2d_64x128x64_compv3,36.33,24
233,1,1024,384,1,32,32,1,1,1,1,32,32,grouped_conv_forward_bf16_2d_64x128x64_compv5,36.30,25
233,1,1024,384,1,32,32,1,1,1,1,32,32,grouped_conv_forward_bf16_2d_64x64x64_compv4,36.17,26
233,1,1024,384,1,32,32,1,1,1,1,32,32,grouped_conv_forward_bf16_2d_64x64x64_compv5,35.27,27
233,1,1024,384,1,32,32,1,1,1,1,32,32,grouped_conv_forward_bf16_2d_64x64x64_compv3,35.23,28
233,1,1024,384,1,32,32,1,1,1,1,32,32,grouped_conv_forward_bf16_2d_128x128x64_compv5,34.73,29
233,1,1024,384,1,32,32,1,1,1,1,32,32,grouped_conv_forward_bf16_2d_128x128x64_compv3,34.46,30
234,1,1098,1098,1098,128,128,3,3,2,2,64,64,grouped_conv_forward_bf16_2d_32x128x64_compv3,60.14,1
234,1,1098,1098,1098,128,128,3,3,2,2,64,64,grouped_conv_forward_bf16_2d_32x128x64_compv5,58.92,2
234,1,1098,1098,1098,128,128,3,3,2,2,64,64,grouped_conv_forward_bf16_2d_64x128x64_compv3,58.71,3
234,1,1098,1098,1098,128,128,3,3,2,2,64,64,grouped_conv_forward_bf16_2d_64x128x64_compv5,57.08,4
234,1,1098,1098,1098,128,128,3,3,2,2,64,64,grouped_conv_forward_bf16_2d_128x128x64_compv3,56.59,5
234,1,1098,1098,1098,128,128,3,3,2,2,64,64,grouped_conv_forward_bf16_2d_128x128x64_compv5,54.52,6
234,1,1098,1098,1098,128,128,3,3,2,2,64,64,grouped_conv_forward_bf16_2d_64x64x64_compv3,54.41,7
234,1,1098,1098,1098,128,128,3,3,2,2,64,64,grouped_conv_forward_bf16_2d_64x64x64_compv5,53.87,8
234,1,1098,1098,1098,128,128,3,3,2,2,64,64,grouped_conv_forward_bf16_2d_32x64x64_compv3,53.18,9
234,1,1098,1098,1098,128,128,3,3,2,2,64,64,grouped_conv_forward_bf16_2d_32x64x64_compv5,53.00,10
234,1,1098,1098,1098,128,128,3,3,2,2,64,64,grouped_conv_forward_bf16_2d_16x64x64_compv3,49.12,11
234,1,1098,1098,1098,128,128,3,3,2,2,64,64,grouped_conv_forward_bf16_2d_16x64x64_compv5,48.61,12
234,1,1098,1098,1098,128,128,3,3,2,2,64,64,grouped_conv_forward_bf16_2d_32x64x128_compv3,46.75,13
234,1,1098,1098,1098,128,128,3,3,2,2,64,64,grouped_conv_forward_bf16_2d_32x64x128_compv5,45.97,14
234,1,1098,1098,1098,128,128,3,3,2,2,64,64,grouped_conv_forward_bf16_2d_64x64x128_compv3,45.67,15
234,1,1098,1098,1098,128,128,3,3,2,2,64,64,grouped_conv_forward_bf16_2d_64x64x128_compv5,44.45,16
234,1,1098,1098,1098,128,128,3,3,2,2,64,64,grouped_conv_forward_bf16_2d_16x64x128_compv3,43.74,17
234,1,1098,1098,1098,128,128,3,3,2,2,64,64,grouped_conv_forward_bf16_2d_128x64x128_compv3,43.34,18
234,1,1098,1098,1098,128,128,3,3,2,2,64,64,grouped_conv_forward_bf16_2d_16x64x128_compv5,42.42,19
234,1,1098,1098,1098,128,128,3,3,2,2,64,64,grouped_conv_forward_bf16_2d_128x64x128_compv5,41.92,20
234,1,1098,1098,1098,128,128,3,3,2,2,64,64,grouped_conv_forward_bf16_2d_32x64x64_compv4,30.11,21
234,1,1098,1098,1098,128,128,3,3,2,2,64,64,grouped_conv_forward_bf16_2d_16x64x64_compv4,28.48,22
234,1,1098,1098,1098,128,128,3,3,2,2,64,64,grouped_conv_forward_bf16_2d_32x128x64_compv4,27.53,23
234,1,1098,1098,1098,128,128,3,3,2,2,64,64,grouped_conv_forward_bf16_2d_32x64x128_compv4,27.10,24
234,1,1098,1098,1098,128,128,3,3,2,2,64,64,grouped_conv_forward_bf16_2d_16x64x128_compv4,25.72,25
234,1,1098,1098,1098,128,128,3,3,2,2,64,64,grouped_conv_forward_bf16_2d_128x128x64_compv4,23.73,26
234,1,1098,1098,1098,128,128,3,3,2,2,64,64,grouped_conv_forward_bf16_2d_128x64x128_compv4,23.69,27
234,1,1098,1098,1098,128,128,3,3,2,2,64,64,grouped_conv_forward_bf16_2d_64x128x64_compv4,23.47,28
234,1,1098,1098,1098,128,128,3,3,2,2,64,64,grouped_conv_forward_bf16_2d_64x64x128_compv4,23.25,29
234,1,1098,1098,1098,128,128,3,3,2,2,64,64,grouped_conv_forward_bf16_2d_64x64x64_compv4,22.52,30
235,4,576,576,36,14,14,3,3,1,1,14,14,grouped_conv_forward_bf16_2d_32x128x64_compv5,16.61,1
235,4,576,576,36,14,14,3,3,1,1,14,14,grouped_conv_forward_bf16_2d_32x128x64_compv3,16.36,2
235,4,576,576,36,14,14,3,3,1,1,14,14,grouped_conv_forward_bf16_2d_64x128x64_compv5,15.63,3
235,4,576,576,36,14,14,3,3,1,1,14,14,grouped_conv_forward_bf16_2d_64x128x64_compv3,15.33,4
235,4,576,576,36,14,14,3,3,1,1,14,14,grouped_conv_forward_bf16_2d_128x128x64_compv5,14.12,5
235,4,576,576,36,14,14,3,3,1,1,14,14,grouped_conv_forward_bf16_2d_128x128x64_compv3,13.94,6
235,4,576,576,36,14,14,3,3,1,1,14,14,grouped_conv_forward_bf16_2d_32x128x64_compv4,13.73,7
235,4,576,576,36,14,14,3,3,1,1,14,14,grouped_conv_forward_bf16_2d_32x64x128_compv5,12.99,8
235,4,576,576,36,14,14,3,3,1,1,14,14,grouped_conv_forward_bf16_2d_128x128x64_compv4,12.58,9
235,4,576,576,36,14,14,3,3,1,1,14,14,grouped_conv_forward_bf16_2d_32x64x128_compv3,12.45,10
235,4,576,576,36,14,14,3,3,1,1,14,14,grouped_conv_forward_bf16_2d_64x128x64_compv4,12.38,11
235,4,576,576,36,14,14,3,3,1,1,14,14,grouped_conv_forward_bf16_2d_16x64x128_compv5,12.18,12
235,4,576,576,36,14,14,3,3,1,1,14,14,grouped_conv_forward_bf16_2d_64x64x128_compv5,12.07,13
235,4,576,576,36,14,14,3,3,1,1,14,14,grouped_conv_forward_bf16_2d_16x64x128_compv3,12.04,14
235,4,576,576,36,14,14,3,3,1,1,14,14,grouped_conv_forward_bf16_2d_64x64x128_compv3,11.73,15
235,4,576,576,36,14,14,3,3,1,1,14,14,grouped_conv_forward_bf16_2d_32x64x64_compv5,11.36,16
235,4,576,576,36,14,14,3,3,1,1,14,14,grouped_conv_forward_bf16_2d_32x64x128_compv4,11.20,17
235,4,576,576,36,14,14,3,3,1,1,14,14,grouped_conv_forward_bf16_2d_32x64x64_compv3,11.08,18
235,4,576,576,36,14,14,3,3,1,1,14,14,grouped_conv_forward_bf16_2d_128x64x128_compv5,11.05,19
235,4,576,576,36,14,14,3,3,1,1,14,14,grouped_conv_forward_bf16_2d_128x64x128_compv3,10.89,20
235,4,576,576,36,14,14,3,3,1,1,14,14,grouped_conv_forward_bf16_2d_16x64x128_compv4,10.73,21
235,4,576,576,36,14,14,3,3,1,1,14,14,grouped_conv_forward_bf16_2d_64x64x64_compv3,10.70,22
235,4,576,576,36,14,14,3,3,1,1,14,14,grouped_conv_forward_bf16_2d_64x64x64_compv5,10.63,23
235,4,576,576,36,14,14,3,3,1,1,14,14,grouped_conv_forward_bf16_2d_16x64x64_compv5,10.54,24
235,4,576,576,36,14,14,3,3,1,1,14,14,grouped_conv_forward_bf16_2d_16x64x64_compv3,10.32,25
235,4,576,576,36,14,14,3,3,1,1,14,14,grouped_conv_forward_bf16_2d_32x64x64_compv4,10.20,26
235,4,576,576,36,14,14,3,3,1,1,14,14,grouped_conv_forward_bf16_2d_128x64x128_compv4,9.72,27
235,4,576,576,36,14,14,3,3,1,1,14,14,grouped_conv_forward_bf16_2d_64x64x128_compv4,9.53,28
235,4,576,576,36,14,14,3,3,1,1,14,14,grouped_conv_forward_bf16_2d_16x64x64_compv4,9.24,29
235,4,576,576,36,14,14,3,3,1,1,14,14,grouped_conv_forward_bf16_2d_64x64x64_compv4,9.22,30
236,4,3,768,1,266,266,14,14,14,14,19,19,grouped_conv_forward_bf16_2d_32x64x128_compv5,93.21,1
236,4,3,768,1,266,266,14,14,14,14,19,19,grouped_conv_forward_bf16_2d_128x64x128_compv5,92.73,2
236,4,3,768,1,266,266,14,14,14,14,19,19,grouped_conv_forward_bf16_2d_32x64x128_compv3,90.55,3
236,4,3,768,1,266,266,14,14,14,14,19,19,grouped_conv_forward_bf16_2d_32x64x64_compv5,89.35,4
236,4,3,768,1,266,266,14,14,14,14,19,19,grouped_conv_forward_bf16_2d_128x64x128_compv3,88.94,5
236,4,3,768,1,266,266,14,14,14,14,19,19,grouped_conv_forward_bf16_2d_64x64x128_compv5,88.63,6
236,4,3,768,1,266,266,14,14,14,14,19,19,grouped_conv_forward_bf16_2d_32x64x64_compv3,86.77,7
236,4,3,768,1,266,266,14,14,14,14,19,19,grouped_conv_forward_bf16_2d_32x128x64_compv5,86.62,8
236,4,3,768,1,266,266,14,14,14,14,19,19,grouped_conv_forward_bf16_2d_64x64x128_compv3,85.62,9
236,4,3,768,1,266,266,14,14,14,14,19,19,grouped_conv_forward_bf16_2d_16x64x128_compv5,84.68,10
236,4,3,768,1,266,266,14,14,14,14,19,19,grouped_conv_forward_bf16_2d_64x64x64_compv5,84.64,11
236,4,3,768,1,266,266,14,14,14,14,19,19,grouped_conv_forward_bf16_2d_32x128x64_compv3,84.35,12
236,4,3,768,1,266,266,14,14,14,14,19,19,grouped_conv_forward_bf16_2d_16x64x64_compv5,82.46,13
236,4,3,768,1,266,266,14,14,14,14,19,19,grouped_conv_forward_bf16_2d_32x64x64_compv4,82.24,14
236,4,3,768,1,266,266,14,14,14,14,19,19,grouped_conv_forward_bf16_2d_64x64x64_compv3,82.13,15
236,4,3,768,1,266,266,14,14,14,14,19,19,grouped_conv_forward_bf16_2d_16x64x128_compv3,81.75,16
236,4,3,768,1,266,266,14,14,14,14,19,19,grouped_conv_forward_bf16_2d_128x128x64_compv5,80.69,17
236,4,3,768,1,266,266,14,14,14,14,19,19,grouped_conv_forward_bf16_2d_32x64x128_compv4,80.55,18
236,4,3,768,1,266,266,14,14,14,14,19,19,grouped_conv_forward_bf16_2d_16x64x64_compv3,80.13,19
236,4,3,768,1,266,266,14,14,14,14,19,19,grouped_conv_forward_bf16_2d_64x128x64_compv5,80.03,20
236,4,3,768,1,266,266,14,14,14,14,19,19,grouped_conv_forward_bf16_2d_32x128x64_compv4,79.89,21
236,4,3,768,1,266,266,14,14,14,14,19,19,grouped_conv_forward_bf16_2d_64x128x64_compv3,77.60,22
236,4,3,768,1,266,266,14,14,14,14,19,19,grouped_conv_forward_bf16_2d_16x64x64_compv4,76.82,23
236,4,3,768,1,266,266,14,14,14,14,19,19,grouped_conv_forward_bf16_2d_16x64x128_compv4,75.97,24
236,4,3,768,1,266,266,14,14,14,14,19,19,grouped_conv_forward_bf16_2d_128x128x64_compv3,71.70,25
236,4,3,768,1,266,266,14,14,14,14,19,19,grouped_conv_forward_bf16_2d_64x64x64_compv4,67.62,26
236,4,3,768,1,266,266,14,14,14,14,19,19,grouped_conv_forward_bf16_2d_64x64x128_compv4,63.97,27
236,4,3,768,1,266,266,14,14,14,14,19,19,grouped_conv_forward_bf16_2d_64x128x64_compv4,62.74,28
236,4,3,768,1,266,266,14,14,14,14,19,19,grouped_conv_forward_bf16_2d_128x64x128_compv4,62.72,29
236,4,3,768,1,266,266,14,14,14,14,19,19,grouped_conv_forward_bf16_2d_128x128x64_compv4,60.31,30
237,1,1968,192,1,32,32,1,1,1,1,32,32,grouped_conv_forward_bf16_2d_16x64x64_compv4,46.59,1
237,1,1968,192,1,32,32,1,1,1,1,32,32,grouped_conv_forward_bf16_2d_16x64x64_compv5,36.42,2
237,1,1968,192,1,32,32,1,1,1,1,32,32,grouped_conv_forward_bf16_2d_16x64x64_compv3,36.37,3
237,1,1968,192,1,32,32,1,1,1,1,32,32,grouped_conv_forward_bf16_2d_16x64x128_compv4,34.23,4
237,1,1968,192,1,32,32,1,1,1,1,32,32,grouped_conv_forward_bf16_2d_16x64x128_compv5,34.11,5
237,1,1968,192,1,32,32,1,1,1,1,32,32,grouped_conv_forward_bf16_2d_16x64x128_compv3,33.94,6
237,1,1968,192,1,32,32,1,1,1,1,32,32,grouped_conv_forward_bf16_2d_32x64x64_compv4,32.91,7
237,1,1968,192,1,32,32,1,1,1,1,32,32,grouped_conv_forward_bf16_2d_32x128x64_compv4,31.66,8
237,1,1968,192,1,32,32,1,1,1,1,32,32,grouped_conv_forward_bf16_2d_32x64x128_compv5,29.84,9
237,1,1968,192,1,32,32,1,1,1,1,32,32,grouped_conv_forward_bf16_2d_32x64x128_compv3,29.75,10
237,1,1968,192,1,32,32,1,1,1,1,32,32,grouped_conv_forward_bf16_2d_32x64x128_compv4,28.04,11
237,1,1968,192,1,32,32,1,1,1,1,32,32,grouped_conv_forward_bf16_2d_32x64x64_compv5,26.53,12
237,1,1968,192,1,32,32,1,1,1,1,32,32,grouped_conv_forward_bf16_2d_32x64x64_compv3,26.29,13
237,1,1968,192,1,32,32,1,1,1,1,32,32,grouped_conv_forward_bf16_2d_128x64x128_compv5,22.99,14
237,1,1968,192,1,32,32,1,1,1,1,32,32,grouped_conv_forward_bf16_2d_128x64x128_compv3,22.94,15
237,1,1968,192,1,32,32,1,1,1,1,32,32,grouped_conv_forward_bf16_2d_64x64x128_compv5,22.27,16
237,1,1968,192,1,32,32,1,1,1,1,32,32,grouped_conv_forward_bf16_2d_64x64x128_compv3,22.23,17
237,1,1968,192,1,32,32,1,1,1,1,32,32,grouped_conv_forward_bf16_2d_64x128x64_compv4,22.01,18
237,1,1968,192,1,32,32,1,1,1,1,32,32,grouped_conv_forward_bf16_2d_64x64x64_compv4,21.51,19
237,1,1968,192,1,32,32,1,1,1,1,32,32,grouped_conv_forward_bf16_2d_32x128x64_compv3,21.50,20
237,1,1968,192,1,32,32,1,1,1,1,32,32,grouped_conv_forward_bf16_2d_32x128x64_compv5,21.49,21
237,1,1968,192,1,32,32,1,1,1,1,32,32,grouped_conv_forward_bf16_2d_128x128x64_compv4,21.19,22
237,1,1968,192,1,32,32,1,1,1,1,32,32,grouped_conv_forward_bf16_2d_64x64x64_compv5,20.75,23
237,1,1968,192,1,32,32,1,1,1,1,32,32,grouped_conv_forward_bf16_2d_64x64x64_compv3,20.72,24
237,1,1968,192,1,32,32,1,1,1,1,32,32,grouped_conv_forward_bf16_2d_128x64x128_compv4,19.60,25
237,1,1968,192,1,32,32,1,1,1,1,32,32,grouped_conv_forward_bf16_2d_64x64x128_compv4,18.88,26
237,1,1968,192,1,32,32,1,1,1,1,32,32,grouped_conv_forward_bf16_2d_64x128x64_compv3,17.87,27
237,1,1968,192,1,32,32,1,1,1,1,32,32,grouped_conv_forward_bf16_2d_64x128x64_compv5,17.87,28
237,1,1968,192,1,32,32,1,1,1,1,32,32,grouped_conv_forward_bf16_2d_128x128x64_compv3,17.44,29
237,1,1968,192,1,32,32,1,1,1,1,32,32,grouped_conv_forward_bf16_2d_128x128x64_compv5,17.43,30
238,3,960,640,1,16,16,1,1,1,1,16,16,grouped_conv_forward_bf16_2d_32x64x128_compv5,76.27,1
238,3,960,640,1,16,16,1,1,1,1,16,16,grouped_conv_forward_bf16_2d_32x64x128_compv3,75.61,2
238,3,960,640,1,16,16,1,1,1,1,16,16,grouped_conv_forward_bf16_2d_16x64x128_compv5,75.27,3
238,3,960,640,1,16,16,1,1,1,1,16,16,grouped_conv_forward_bf16_2d_16x64x128_compv3,74.38,4
238,3,960,640,1,16,16,1,1,1,1,16,16,grouped_conv_forward_bf16_2d_32x128x64_compv4,71.21,5
238,3,960,640,1,16,16,1,1,1,1,16,16,grouped_conv_forward_bf16_2d_32x64x128_compv4,69.97,6
238,3,960,640,1,16,16,1,1,1,1,16,16,grouped_conv_forward_bf16_2d_16x64x64_compv4,69.40,7
238,3,960,640,1,16,16,1,1,1,1,16,16,grouped_conv_forward_bf16_2d_16x64x128_compv4,68.90,8
238,3,960,640,1,16,16,1,1,1,1,16,16,grouped_conv_forward_bf16_2d_64x64x128_compv5,67.97,9
238,3,960,640,1,16,16,1,1,1,1,16,16,grouped_conv_forward_bf16_2d_64x64x128_compv3,67.47,10
238,3,960,640,1,16,16,1,1,1,1,16,16,grouped_conv_forward_bf16_2d_128x64x128_compv5,66.96,11
238,3,960,640,1,16,16,1,1,1,1,16,16,grouped_conv_forward_bf16_2d_128x64x128_compv3,66.54,12
238,3,960,640,1,16,16,1,1,1,1,16,16,grouped_conv_forward_bf16_2d_32x64x64_compv4,64.58,13
238,3,960,640,1,16,16,1,1,1,1,16,16,grouped_conv_forward_bf16_2d_16x64x64_compv5,63.39,14
238,3,960,640,1,16,16,1,1,1,1,16,16,grouped_conv_forward_bf16_2d_16x64x64_compv3,63.06,15
238,3,960,640,1,16,16,1,1,1,1,16,16,grouped_conv_forward_bf16_2d_128x64x128_compv4,60.29,16
238,3,960,640,1,16,16,1,1,1,1,16,16,grouped_conv_forward_bf16_2d_64x64x128_compv4,59.92,17
238,3,960,640,1,16,16,1,1,1,1,16,16,grouped_conv_forward_bf16_2d_32x64x64_compv5,57.53,18
238,3,960,640,1,16,16,1,1,1,1,16,16,grouped_conv_forward_bf16_2d_32x64x64_compv3,56.80,19
238,3,960,640,1,16,16,1,1,1,1,16,16,grouped_conv_forward_bf16_2d_32x128x64_compv5,55.86,20
238,3,960,640,1,16,16,1,1,1,1,16,16,grouped_conv_forward_bf16_2d_32x128x64_compv3,55.42,21
238,3,960,640,1,16,16,1,1,1,1,16,16,grouped_conv_forward_bf16_2d_128x128x64_compv4,53.74,22
238,3,960,640,1,16,16,1,1,1,1,16,16,grouped_conv_forward_bf16_2d_64x64x64_compv4,53.53,23
238,3,960,640,1,16,16,1,1,1,1,16,16,grouped_conv_forward_bf16_2d_64x64x64_compv5,52.39,24
238,3,960,640,1,16,16,1,1,1,1,16,16,grouped_conv_forward_bf16_2d_64x128x64_compv4,52.34,25
238,3,960,640,1,16,16,1,1,1,1,16,16,grouped_conv_forward_bf16_2d_64x64x64_compv3,52.03,26
238,3,960,640,1,16,16,1,1,1,1,16,16,grouped_conv_forward_bf16_2d_64x128x64_compv5,46.97,27
238,3,960,640,1,16,16,1,1,1,1,16,16,grouped_conv_forward_bf16_2d_64x128x64_compv3,46.64,28
238,3,960,640,1,16,16,1,1,1,1,16,16,grouped_conv_forward_bf16_2d_128x128x64_compv5,44.75,29
238,3,960,640,1,16,16,1,1,1,1,16,16,grouped_conv_forward_bf16_2d_128x128x64_compv3,44.67,30
239,4,20,40,1,128,128,1,1,1,1,128,128,grouped_conv_forward_bf16_2d_32x64x64_compv5,47.46,1
239,4,20,40,1,128,128,1,1,1,1,128,128,grouped_conv_forward_bf16_2d_32x64x64_compv3,46.45,2
239,4,20,40,1,128,128,1,1,1,1,128,128,grouped_conv_forward_bf16_2d_64x64x64_compv5,46.37,3
239,4,20,40,1,128,128,1,1,1,1,128,128,grouped_conv_forward_bf16_2d_64x64x64_compv3,46.03,4
239,4,20,40,1,128,128,1,1,1,1,128,128,grouped_conv_forward_bf16_2d_32x64x128_compv5,45.45,5
239,4,20,40,1,128,128,1,1,1,1,128,128,grouped_conv_forward_bf16_2d_32x64x128_compv3,45.20,6
239,4,20,40,1,128,128,1,1,1,1,128,128,grouped_conv_forward_bf16_2d_16x64x64_compv5,44.61,7
239,4,20,40,1,128,128,1,1,1,1,128,128,grouped_conv_forward_bf16_2d_16x64x64_compv3,44.17,8
239,4,20,40,1,128,128,1,1,1,1,128,128,grouped_conv_forward_bf16_2d_64x64x128_compv5,44.00,9
239,4,20,40,1,128,128,1,1,1,1,128,128,grouped_conv_forward_bf16_2d_32x128x64_compv5,43.84,10
239,4,20,40,1,128,128,1,1,1,1,128,128,grouped_conv_forward_bf16_2d_64x64x128_compv3,43.77,11
239,4,20,40,1,128,128,1,1,1,1,128,128,grouped_conv_forward_bf16_2d_32x128x64_compv3,43.32,12
239,4,20,40,1,128,128,1,1,1,1,128,128,grouped_conv_forward_bf16_2d_64x128x64_compv3,42.72,13
239,4,20,40,1,128,128,1,1,1,1,128,128,grouped_conv_forward_bf16_2d_64x128x64_compv5,42.40,14
239,4,20,40,1,128,128,1,1,1,1,128,128,grouped_conv_forward_bf16_2d_128x64x128_compv5,42.08,15
239,4,20,40,1,128,128,1,1,1,1,128,128,grouped_conv_forward_bf16_2d_128x64x128_compv3,42.04,16
239,4,20,40,1,128,128,1,1,1,1,128,128,grouped_conv_forward_bf16_2d_16x64x128_compv5,42.03,17
239,4,20,40,1,128,128,1,1,1,1,128,128,grouped_conv_forward_bf16_2d_128x128x64_compv5,42.01,18
239,4,20,40,1,128,128,1,1,1,1,128,128,grouped_conv_forward_bf16_2d_16x64x128_compv3,41.89,19
239,4,20,40,1,128,128,1,1,1,1,128,128,grouped_conv_forward_bf16_2d_128x128x64_compv3,41.14,20
239,4,20,40,1,128,128,1,1,1,1,128,128,grouped_conv_forward_bf16_2d_32x64x128_compv4,29.19,21
239,4,20,40,1,128,128,1,1,1,1,128,128,grouped_conv_forward_bf16_2d_16x64x128_compv4,28.49,22
239,4,20,40,1,128,128,1,1,1,1,128,128,grouped_conv_forward_bf16_2d_32x64x64_compv4,27.39,23
239,4,20,40,1,128,128,1,1,1,1,128,128,grouped_conv_forward_bf16_2d_16x64x64_compv4,26.22,24
239,4,20,40,1,128,128,1,1,1,1,128,128,grouped_conv_forward_bf16_2d_32x128x64_compv4,24.84,25
239,4,20,40,1,128,128,1,1,1,1,128,128,grouped_conv_forward_bf16_2d_128x64x128_compv4,22.80,26
239,4,20,40,1,128,128,1,1,1,1,128,128,grouped_conv_forward_bf16_2d_64x64x128_compv4,22.67,27
239,4,20,40,1,128,128,1,1,1,1,128,128,grouped_conv_forward_bf16_2d_64x128x64_compv4,21.09,28
239,4,20,40,1,128,128,1,1,1,1,128,128,grouped_conv_forward_bf16_2d_128x128x64_compv4,20.91,29
239,4,20,40,1,128,128,1,1,1,1,128,128,grouped_conv_forward_bf16_2d_64x64x64_compv4,20.89,30
240,1,256,256,256,28,28,5,5,1,1,28,28,grouped_conv_forward_bf16_2d_32x64x128_compv5,3.81,1
240,1,256,256,256,28,28,5,5,1,1,28,28,grouped_conv_forward_bf16_2d_32x64x128_compv3,3.71,2
240,1,256,256,256,28,28,5,5,1,1,28,28,grouped_conv_forward_bf16_2d_16x64x128_compv5,3.66,3
240,1,256,256,256,28,28,5,5,1,1,28,28,grouped_conv_forward_bf16_2d_32x128x64_compv5,3.60,4
240,1,256,256,256,28,28,5,5,1,1,28,28,grouped_conv_forward_bf16_2d_16x64x128_compv4,3.60,5
240,1,256,256,256,28,28,5,5,1,1,28,28,grouped_conv_forward_bf16_2d_16x64x128_compv3,3.57,6
240,1,256,256,256,28,28,5,5,1,1,28,28,grouped_conv_forward_bf16_2d_32x64x128_compv4,3.52,7
240,1,256,256,256,28,28,5,5,1,1,28,28,grouped_conv_forward_bf16_2d_32x128x64_compv3,3.51,8
240,1,256,256,256,28,28,5,5,1,1,28,28,grouped_conv_forward_bf16_2d_32x128x64_compv4,3.39,9
240,1,256,256,256,28,28,5,5,1,1,28,28,grouped_conv_forward_bf16_2d_64x64x128_compv5,3.36,10
240,1,256,256,256,28,28,5,5,1,1,28,28,grouped_conv_forward_bf16_2d_64x64x128_compv3,3.35,11
240,1,256,256,256,28,28,5,5,1,1,28,28,grouped_conv_forward_bf16_2d_64x128x64_compv5,3.10,12
240,1,256,256,256,28,28,5,5,1,1,28,28,grouped_conv_forward_bf16_2d_128x64x128_compv4,3.07,13
240,1,256,256,256,28,28,5,5,1,1,28,28,grouped_conv_forward_bf16_2d_64x128x64_compv3,3.06,14
240,1,256,256,256,28,28,5,5,1,1,28,28,grouped_conv_forward_bf16_2d_128x64x128_compv3,3.01,15
240,1,256,256,256,28,28,5,5,1,1,28,28,grouped_conv_forward_bf16_2d_128x64x128_compv5,2.98,16
240,1,256,256,256,28,28,5,5,1,1,28,28,grouped_conv_forward_bf16_2d_64x64x128_compv4,2.97,17
240,1,256,256,256,28,28,5,5,1,1,28,28,grouped_conv_forward_bf16_2d_64x128x64_compv4,2.88,18
240,1,256,256,256,28,28,5,5,1,1,28,28,grouped_conv_forward_bf16_2d_128x128x64_compv4,2.88,19
240,1,256,256,256,28,28,5,5,1,1,28,28,grouped_conv_forward_bf16_2d_32x64x64_compv5,2.78,20
240,1,256,256,256,28,28,5,5,1,1,28,28,grouped_conv_forward_bf16_2d_128x128x64_compv5,2.65,21
240,1,256,256,256,28,28,5,5,1,1,28,28,grouped_conv_forward_bf16_2d_128x128x64_compv3,2.63,22
240,1,256,256,256,28,28,5,5,1,1,28,28,grouped_conv_forward_bf16_2d_32x64x64_compv3,2.60,23
240,1,256,256,256,28,28,5,5,1,1,28,28,grouped_conv_forward_bf16_2d_64x64x64_compv5,2.51,24
240,1,256,256,256,28,28,5,5,1,1,28,28,grouped_conv_forward_bf16_2d_64x64x64_compv3,2.48,25
240,1,256,256,256,28,28,5,5,1,1,28,28,grouped_conv_forward_bf16_2d_16x64x64_compv5,2.47,26
240,1,256,256,256,28,28,5,5,1,1,28,28,grouped_conv_forward_bf16_2d_16x64x64_compv3,2.36,27
240,1,256,256,256,28,28,5,5,1,1,28,28,grouped_conv_forward_bf16_2d_32x64x64_compv4,2.31,28
240,1,256,256,256,28,28,5,5,1,1,28,28,grouped_conv_forward_bf16_2d_16x64x64_compv4,2.17,29
240,1,256,256,256,28,28,5,5,1,1,28,28,grouped_conv_forward_bf16_2d_64x64x64_compv4,2.07,30
241,1,8,8,1,14,14,3,3,1,1,14,14,grouped_conv_forward_bf16_2d_16x64x128_compv5,0.58,1
241,1,8,8,1,14,14,3,3,1,1,14,14,grouped_conv_forward_bf16_2d_16x64x64_compv5,0.55,2
241,1,8,8,1,14,14,3,3,1,1,14,14,grouped_conv_forward_bf16_2d_16x64x128_compv3,0.55,3
241,1,8,8,1,14,14,3,3,1,1,14,14,grouped_conv_forward_bf16_2d_32x64x128_compv5,0.54,4
241,1,8,8,1,14,14,3,3,1,1,14,14,grouped_conv_forward_bf16_2d_16x64x64_compv3,0.54,5
241,1,8,8,1,14,14,3,3,1,1,14,14,grouped_conv_forward_bf16_2d_32x64x64_compv5,0.53,6
241,1,8,8,1,14,14,3,3,1,1,14,14,grouped_conv_forward_bf16_2d_32x64x128_compv3,0.52,7
241,1,8,8,1,14,14,3,3,1,1,14,14,grouped_conv_forward_bf16_2d_16x64x128_compv4,0.50,8
241,1,8,8,1,14,14,3,3,1,1,14,14,grouped_conv_forward_bf16_2d_32x64x64_compv3,0.49,9
241,1,8,8,1,14,14,3,3,1,1,14,14,grouped_conv_forward_bf16_2d_32x128x64_compv5,0.47,10
241,1,8,8,1,14,14,3,3,1,1,14,14,grouped_conv_forward_bf16_2d_16x64x64_compv4,0.47,11
241,1,8,8,1,14,14,3,3,1,1,14,14,grouped_conv_forward_bf16_2d_32x128x64_compv3,0.46,12
241,1,8,8,1,14,14,3,3,1,1,14,14,grouped_conv_forward_bf16_2d_32x64x128_compv4,0.45,13
241,1,8,8,1,14,14,3,3,1,1,14,14,grouped_conv_forward_bf16_2d_32x64x64_compv4,0.43,14
241,1,8,8,1,14,14,3,3,1,1,14,14,grouped_conv_forward_bf16_2d_64x64x128_compv5,0.42,15
241,1,8,8,1,14,14,3,3,1,1,14,14,grouped_conv_forward_bf16_2d_64x64x128_compv3,0.42,16
241,1,8,8,1,14,14,3,3,1,1,14,14,grouped_conv_forward_bf16_2d_32x128x64_compv4,0.42,17
241,1,8,8,1,14,14,3,3,1,1,14,14,grouped_conv_forward_bf16_2d_64x64x64_compv3,0.41,18
241,1,8,8,1,14,14,3,3,1,1,14,14,grouped_conv_forward_bf16_2d_64x64x64_compv5,0.41,19
241,1,8,8,1,14,14,3,3,1,1,14,14,grouped_conv_forward_bf16_2d_128x64x128_compv3,0.39,20
241,1,8,8,1,14,14,3,3,1,1,14,14,grouped_conv_forward_bf16_2d_64x128x64_compv5,0.38,21
241,1,8,8,1,14,14,3,3,1,1,14,14,grouped_conv_forward_bf16_2d_64x128x64_compv3,0.38,22
241,1,8,8,1,14,14,3,3,1,1,14,14,grouped_conv_forward_bf16_2d_128x64x128_compv5,0.37,23
241,1,8,8,1,14,14,3,3,1,1,14,14,grouped_conv_forward_bf16_2d_64x64x128_compv4,0.34,24
241,1,8,8,1,14,14,3,3,1,1,14,14,grouped_conv_forward_bf16_2d_128x128x64_compv3,0.34,25
241,1,8,8,1,14,14,3,3,1,1,14,14,grouped_conv_forward_bf16_2d_128x128x64_compv5,0.33,26
241,1,8,8,1,14,14,3,3,1,1,14,14,grouped_conv_forward_bf16_2d_128x64x128_compv4,0.33,27
241,1,8,8,1,14,14,3,3,1,1,14,14,grouped_conv_forward_bf16_2d_64x64x64_compv4,0.32,28
241,1,8,8,1,14,14,3,3,1,1,14,14,grouped_conv_forward_bf16_2d_64x128x64_compv4,0.32,29
241,1,8,8,1,14,14,3,3,1,1,14,14,grouped_conv_forward_bf16_2d_128x128x64_compv4,0.30,30
242,1,280,92,1,64,64,1,1,1,1,64,64,grouped_conv_forward_bf16_2d_32x64x64_compv4,47.92,1
242,1,280,92,1,64,64,1,1,1,1,64,64,grouped_conv_forward_bf16_2d_16x64x64_compv4,46.13,2
242,1,280,92,1,64,64,1,1,1,1,64,64,grouped_conv_forward_bf16_2d_32x128x64_compv4,45.34,3
242,1,280,92,1,64,64,1,1,1,1,64,64,grouped_conv_forward_bf16_2d_32x64x64_compv5,43.70,4
242,1,280,92,1,64,64,1,1,1,1,64,64,grouped_conv_forward_bf16_2d_32x64x64_compv3,43.42,5
242,1,280,92,1,64,64,1,1,1,1,64,64,grouped_conv_forward_bf16_2d_16x64x64_compv5,42.86,6
242,1,280,92,1,64,64,1,1,1,1,64,64,grouped_conv_forward_bf16_2d_16x64x64_compv3,42.81,7
242,1,280,92,1,64,64,1,1,1,1,64,64,grouped_conv_forward_bf16_2d_64x64x64_compv4,41.68,8
242,1,280,92,1,64,64,1,1,1,1,64,64,grouped_conv_forward_bf16_2d_16x64x128_compv3,40.84,9
242,1,280,92,1,64,64,1,1,1,1,64,64,grouped_conv_forward_bf16_2d_16x64x128_compv5,40.59,10
242,1,280,92,1,64,64,1,1,1,1,64,64,grouped_conv_forward_bf16_2d_32x64x128_compv3,40.44,11
242,1,280,92,1,64,64,1,1,1,1,64,64,grouped_conv_forward_bf16_2d_32x64x128_compv5,40.27,12
242,1,280,92,1,64,64,1,1,1,1,64,64,grouped_conv_forward_bf16_2d_32x128x64_compv3,40.13,13
242,1,280,92,1,64,64,1,1,1,1,64,64,grouped_conv_forward_bf16_2d_64x64x64_compv5,39.80,14
242,1,280,92,1,64,64,1,1,1,1,64,64,grouped_conv_forward_bf16_2d_16x64x128_compv4,39.80,15
242,1,280,92,1,64,64,1,1,1,1,64,64,grouped_conv_forward_bf16_2d_32x128x64_compv5,39.77,16
242,1,280,92,1,64,64,1,1,1,1,64,64,grouped_conv_forward_bf16_2d_64x64x64_compv3,39.75,17
242,1,280,92,1,64,64,1,1,1,1,64,64,grouped_conv_forward_bf16_2d_32x64x128_compv4,38.27,18
242,1,280,92,1,64,64,1,1,1,1,64,64,grouped_conv_forward_bf16_2d_64x128x64_compv4,35.73,19
242,1,280,92,1,64,64,1,1,1,1,64,64,grouped_conv_forward_bf16_2d_128x128x64_compv4,35.04,20
242,1,280,92,1,64,64,1,1,1,1,64,64,grouped_conv_forward_bf16_2d_64x128x64_compv3,33.00,21
242,1,280,92,1,64,64,1,1,1,1,64,64,grouped_conv_forward_bf16_2d_64x64x128_compv3,32.87,22
242,1,280,92,1,64,64,1,1,1,1,64,64,grouped_conv_forward_bf16_2d_64x128x64_compv5,32.85,23
242,1,280,92,1,64,64,1,1,1,1,64,64,grouped_conv_forward_bf16_2d_64x64x128_compv5,32.71,24
242,1,280,92,1,64,64,1,1,1,1,64,64,grouped_conv_forward_bf16_2d_128x64x128_compv3,31.80,25
242,1,280,92,1,64,64,1,1,1,1,64,64,grouped_conv_forward_bf16_2d_128x64x128_compv5,31.61,26
242,1,280,92,1,64,64,1,1,1,1,64,64,grouped_conv_forward_bf16_2d_128x64x128_compv4,30.93,27
242,1,280,92,1,64,64,1,1,1,1,64,64,grouped_conv_forward_bf16_2d_128x128x64_compv3,30.82,28
242,1,280,92,1,64,64,1,1,1,1,64,64,grouped_conv_forward_bf16_2d_128x128x64_compv5,30.77,29
242,1,280,92,1,64,64,1,1,1,1,64,64,grouped_conv_forward_bf16_2d_64x64x128_compv4,30.62,30
243,1,300,65,1,256,256,1,1,1,1,256,256,grouped_conv_forward_bf16_2d_128x64x128_compv5,136.84,1
243,1,300,65,1,256,256,1,1,1,1,256,256,grouped_conv_forward_bf16_2d_64x64x64_compv5,136.13,2
243,1,300,65,1,256,256,1,1,1,1,256,256,grouped_conv_forward_bf16_2d_128x64x128_compv3,135.92,3
243,1,300,65,1,256,256,1,1,1,1,256,256,grouped_conv_forward_bf16_2d_64x64x64_compv3,135.69,4
243,1,300,65,1,256,256,1,1,1,1,256,256,grouped_conv_forward_bf16_2d_32x64x128_compv3,135.60,5
243,1,300,65,1,256,256,1,1,1,1,256,256,grouped_conv_forward_bf16_2d_64x64x128_compv5,133.68,6
243,1,300,65,1,256,256,1,1,1,1,256,256,grouped_conv_forward_bf16_2d_64x64x128_compv3,133.14,7
243,1,300,65,1,256,256,1,1,1,1,256,256,grouped_conv_forward_bf16_2d_32x64x128_compv5,132.55,8
243,1,300,65,1,256,256,1,1,1,1,256,256,grouped_conv_forward_bf16_2d_32x64x64_compv3,127.03,9
243,1,300,65,1,256,256,1,1,1,1,256,256,grouped_conv_forward_bf16_2d_32x64x64_compv5,126.85,10
243,1,300,65,1,256,256,1,1,1,1,256,256,grouped_conv_forward_bf16_2d_128x128x64_compv5,125.72,11
243,1,300,65,1,256,256,1,1,1,1,256,256,grouped_conv_forward_bf16_2d_64x128x64_compv3,124.30,12
243,1,300,65,1,256,256,1,1,1,1,256,256,grouped_conv_forward_bf16_2d_64x128x64_compv5,123.54,13
243,1,300,65,1,256,256,1,1,1,1,256,256,grouped_conv_forward_bf16_2d_128x128x64_compv3,120.05,14
243,1,300,65,1,256,256,1,1,1,1,256,256,grouped_conv_forward_bf16_2d_32x128x64_compv3,119.39,15
243,1,300,65,1,256,256,1,1,1,1,256,256,grouped_conv_forward_bf16_2d_16x64x128_compv5,118.58,16
243,1,300,65,1,256,256,1,1,1,1,256,256,grouped_conv_forward_bf16_2d_16x64x128_compv3,117.38,17
243,1,300,65,1,256,256,1,1,1,1,256,256,grouped_conv_forward_bf16_2d_32x128x64_compv5,116.38,18
243,1,300,65,1,256,256,1,1,1,1,256,256,grouped_conv_forward_bf16_2d_16x64x64_compv5,112.61,19
243,1,300,65,1,256,256,1,1,1,1,256,256,grouped_conv_forward_bf16_2d_16x64x64_compv3,111.01,20
243,1,300,65,1,256,256,1,1,1,1,256,256,grouped_conv_forward_bf16_2d_32x64x64_compv4,107.02,21
243,1,300,65,1,256,256,1,1,1,1,256,256,grouped_conv_forward_bf16_2d_32x64x128_compv4,104.83,22
243,1,300,65,1,256,256,1,1,1,1,256,256,grouped_conv_forward_bf16_2d_32x128x64_compv4,104.35,23
243,1,300,65,1,256,256,1,1,1,1,256,256,grouped_conv_forward_bf16_2d_16x64x64_compv4,96.48,24
243,1,300,65,1,256,256,1,1,1,1,256,256,grouped_conv_forward_bf16_2d_16x64x128_compv4,96.03,25
243,1,300,65,1,256,256,1,1,1,1,256,256,grouped_conv_forward_bf16_2d_64x64x64_compv4,85.63,26
243,1,300,65,1,256,256,1,1,1,1,256,256,grouped_conv_forward_bf16_2d_128x128x64_compv4,83.35,27
243,1,300,65,1,256,256,1,1,1,1,256,256,grouped_conv_forward_bf16_2d_64x64x128_compv4,83.16,28
243,1,300,65,1,256,256,1,1,1,1,256,256,grouped_conv_forward_bf16_2d_64x128x64_compv4,83.11,29
243,1,300,65,1,256,256,1,1,1,1,256,256,grouped_conv_forward_bf16_2d_128x64x128_compv4,82.80,30
244,1,40,320,1,56,56,3,3,1,1,56,56,grouped_conv_forward_bf16_2d_32x128x64_compv3,74.85,1
244,1,40,320,1,56,56,3,3,1,1,56,56,grouped_conv_forward_bf16_2d_32x128x64_compv5,74.74,2
244,1,40,320,1,56,56,3,3,1,1,56,56,grouped_conv_forward_bf16_2d_32x64x128_compv5,72.17,3
244,1,40,320,1,56,56,3,3,1,1,56,56,grouped_conv_forward_bf16_2d_32x64x128_compv3,71.78,4
244,1,40,320,1,56,56,3,3,1,1,56,56,grouped_conv_forward_bf16_2d_32x128x64_compv4,70.50,5
244,1,40,320,1,56,56,3,3,1,1,56,56,grouped_conv_forward_bf16_2d_32x64x64_compv4,69.41,6
244,1,40,320,1,56,56,3,3,1,1,56,56,grouped_conv_forward_bf16_2d_64x128x64_compv3,67.80,7
244,1,40,320,1,56,56,3,3,1,1,56,56,grouped_conv_forward_bf16_2d_64x128x64_compv5,67.18,8
244,1,40,320,1,56,56,3,3,1,1,56,56,grouped_conv_forward_bf16_2d_16x64x128_compv5,66.43,9
244,1,40,320,1,56,56,3,3,1,1,56,56,grouped_conv_forward_bf16_2d_16x64x128_compv3,66.36,10
244,1,40,320,1,56,56,3,3,1,1,56,56,grouped_conv_forward_bf16_2d_32x64x64_compv5,65.59,11
244,1,40,320,1,56,56,3,3,1,1,56,56,grouped_conv_forward_bf16_2d_32x64x64_compv3,64.72,12
244,1,40,320,1,56,56,3,3,1,1,56,56,grouped_conv_forward_bf16_2d_64x64x128_compv3,63.31,13
244,1,40,320,1,56,56,3,3,1,1,56,56,grouped_conv_forward_bf16_2d_64x64x128_compv5,62.97,14
244,1,40,320,1,56,56,3,3,1,1,56,56,grouped_conv_forward_bf16_2d_128x64x128_compv3,62.61,15
244,1,40,320,1,56,56,3,3,1,1,56,56,grouped_conv_forward_bf16_2d_64x64x64_compv4,62.56,16
244,1,40,320,1,56,56,3,3,1,1,56,56,grouped_conv_forward_bf16_2d_64x64x64_compv3,62.49,17
244,1,40,320,1,56,56,3,3,1,1,56,56,grouped_conv_forward_bf16_2d_64x64x64_compv5,62.40,18
244,1,40,320,1,56,56,3,3,1,1,56,56,grouped_conv_forward_bf16_2d_16x64x64_compv4,62.18,19
244,1,40,320,1,56,56,3,3,1,1,56,56,grouped_conv_forward_bf16_2d_128x64x128_compv5,62.09,20
244,1,40,320,1,56,56,3,3,1,1,56,56,grouped_conv_forward_bf16_2d_16x64x64_compv5,62.04,21
244,1,40,320,1,56,56,3,3,1,1,56,56,grouped_conv_forward_bf16_2d_16x64x64_compv3,61.92,22
244,1,40,320,1,56,56,3,3,1,1,56,56,grouped_conv_forward_bf16_2d_64x128x64_compv4,60.05,23
244,1,40,320,1,56,56,3,3,1,1,56,56,grouped_conv_forward_bf16_2d_128x128x64_compv3,59.28,24
244,1,40,320,1,56,56,3,3,1,1,56,56,grouped_conv_forward_bf16_2d_128x128x64_compv5,59.11,25
244,1,40,320,1,56,56,3,3,1,1,56,56,grouped_conv_forward_bf16_2d_128x128x64_compv4,57.19,26
244,1,40,320,1,56,56,3,3,1,1,56,56,grouped_conv_forward_bf16_2d_16x64x128_compv4,56.12,27
244,1,40,320,1,56,56,3,3,1,1,56,56,grouped_conv_forward_bf16_2d_32x64x128_compv4,55.02,28
244,1,40,320,1,56,56,3,3,1,1,56,56,grouped_conv_forward_bf16_2d_64x64x128_compv4,42.72,29
244,1,40,320,1,56,56,3,3,1,1,56,56,grouped_conv_forward_bf16_2d_128x64x128_compv4,41.63,30
245,1,448,448,448,32,32,1,1,1,1,32,32,grouped_conv_forward_bf16_2d_32x64x128_compv5,10.73,1
245,1,448,448,448,32,32,1,1,1,1,32,32,grouped_conv_forward_bf16_2d_32x64x128_compv3,10.54,2
245,1,448,448,448,32,32,1,1,1,1,32,32,grouped_conv_forward_bf16_2d_16x64x128_compv5,9.85,3
245,1,448,448,448,32,32,1,1,1,1,32,32,grouped_conv_forward_bf16_2d_64x64x128_compv3,9.84,4
245,1,448,448,448,32,32,1,1,1,1,32,32,grouped_conv_forward_bf16_2d_64x64x128_compv5,9.83,5
245,1,448,448,448,32,32,1,1,1,1,32,32,grouped_conv_forward_bf16_2d_16x64x128_compv3,9.74,6
245,1,448,448,448,32,32,1,1,1,1,32,32,grouped_conv_forward_bf16_2d_32x64x128_compv4,9.65,7
245,1,448,448,448,32,32,1,1,1,1,32,32,grouped_conv_forward_bf16_2d_16x64x128_compv4,9.13,8
245,1,448,448,448,32,32,1,1,1,1,32,32,grouped_conv_forward_bf16_2d_128x64x128_compv3,8.85,9
245,1,448,448,448,32,32,1,1,1,1,32,32,grouped_conv_forward_bf16_2d_128x64x128_compv5,8.75,10
245,1,448,448,448,32,32,1,1,1,1,32,32,grouped_conv_forward_bf16_2d_128x64x128_compv4,8.25,11
245,1,448,448,448,32,32,1,1,1,1,32,32,grouped_conv_forward_bf16_2d_64x64x128_compv4,8.13,12
245,1,448,448,448,32,32,1,1,1,1,32,32,grouped_conv_forward_bf16_2d_32x64x64_compv5,8.02,13
245,1,448,448,448,32,32,1,1,1,1,32,32,grouped_conv_forward_bf16_2d_32x64x64_compv3,7.80,14
245,1,448,448,448,32,32,1,1,1,1,32,32,grouped_conv_forward_bf16_2d_64x64x64_compv3,7.60,15
245,1,448,448,448,32,32,1,1,1,1,32,32,grouped_conv_forward_bf16_2d_64x64x64_compv5,7.53,16
245,1,448,448,448,32,32,1,1,1,1,32,32,grouped_conv_forward_bf16_2d_16x64x64_compv5,7.31,17
245,1,448,448,448,32,32,1,1,1,1,32,32,grouped_conv_forward_bf16_2d_16x64x64_compv3,7.20,18
245,1,448,448,448,32,32,1,1,1,1,32,32,grouped_conv_forward_bf16_2d_32x64x64_compv4,7.05,19
245,1,448,448,448,32,32,1,1,1,1,32,32,grouped_conv_forward_bf16_2d_64x64x64_compv4,6.44,20
245,1,448,448,448,32,32,1,1,1,1,32,32,grouped_conv_forward_bf16_2d_16x64x64_compv4,6.26,21
245,1,448,448,448,32,32,1,1,1,1,32,32,grouped_conv_forward_bf16_2d_32x128x64_compv5,3.93,22
245,1,448,448,448,32,32,1,1,1,1,32,32,grouped_conv_forward_bf16_2d_32x128x64_compv3,3.92,23
245,1,448,448,448,32,32,1,1,1,1,32,32,grouped_conv_forward_bf16_2d_32x128x64_compv4,3.67,24
245,1,448,448,448,32,32,1,1,1,1,32,32,grouped_conv_forward_bf16_2d_64x128x64_compv3,3.60,25
245,1,448,448,448,32,32,1,1,1,1,32,32,grouped_conv_forward_bf16_2d_64x128x64_compv5,3.55,26
245,1,448,448,448,32,32,1,1,1,1,32,32,grouped_conv_forward_bf16_2d_128x128x64_compv4,3.44,27
245,1,448,448,448,32,32,1,1,1,1,32,32,grouped_conv_forward_bf16_2d_128x128x64_compv3,3.44,28
245,1,448,448,448,32,32,1,1,1,1,32,32,grouped_conv_forward_bf16_2d_64x128x64_compv4,3.39,29
245,1,448,448,448,32,32,1,1,1,1,32,32,grouped_conv_forward_bf16_2d_128x128x64_compv5,3.37,30
246,4,1024,2048,1,56,56,1,1,2,2,28,28,grouped_conv_forward_bf16_2d_128x128x64_compv3,233.77,1
246,4,1024,2048,1,56,56,1,1,2,2,28,28,grouped_conv_forward_bf16_2d_128x128x64_compv5,231.65,2
246,4,1024,2048,1,56,56,1,1,2,2,28,28,grouped_conv_forward_bf16_2d_64x128x64_compv3,219.81,3
246,4,1024,2048,1,56,56,1,1,2,2,28,28,grouped_conv_forward_bf16_2d_64x128x64_compv5,216.94,4
246,4,1024,2048,1,56,56,1,1,2,2,28,28,grouped_conv_forward_bf16_2d_32x128x64_compv3,208.26,5
246,4,1024,2048,1,56,56,1,1,2,2,28,28,grouped_conv_forward_bf16_2d_32x128x64_compv5,207.60,6
246,4,1024,2048,1,56,56,1,1,2,2,28,28,grouped_conv_forward_bf16_2d_128x64x128_compv5,190.27,7
246,4,1024,2048,1,56,56,1,1,2,2,28,28,grouped_conv_forward_bf16_2d_128x64x128_compv3,190.20,8
246,4,1024,2048,1,56,56,1,1,2,2,28,28,grouped_conv_forward_bf16_2d_64x64x128_compv5,189.81,9
246,4,1024,2048,1,56,56,1,1,2,2,28,28,grouped_conv_forward_bf16_2d_64x64x128_compv3,189.79,10
246,4,1024,2048,1,56,56,1,1,2,2,28,28,grouped_conv_forward_bf16_2d_32x64x128_compv3,187.75,11
246,4,1024,2048,1,56,56,1,1,2,2,28,28,grouped_conv_forward_bf16_2d_32x64x128_compv5,187.22,12
246,4,1024,2048,1,56,56,1,1,2,2,28,28,grouped_conv_forward_bf16_2d_64x64x64_compv3,185.78,13
246,4,1024,2048,1,56,56,1,1,2,2,28,28,grouped_conv_forward_bf16_2d_64x64x64_compv5,185.36,14
246,4,1024,2048,1,56,56,1,1,2,2,28,28,grouped_conv_forward_bf16_2d_32x64x64_compv5,165.60,15
246,4,1024,2048,1,56,56,1,1,2,2,28,28,grouped_conv_forward_bf16_2d_32x64x64_compv3,165.17,16
246,4,1024,2048,1,56,56,1,1,2,2,28,28,grouped_conv_forward_bf16_2d_16x64x128_compv5,147.15,17
246,4,1024,2048,1,56,56,1,1,2,2,28,28,grouped_conv_forward_bf16_2d_16x64x128_compv3,147.13,18
246,4,1024,2048,1,56,56,1,1,2,2,28,28,grouped_conv_forward_bf16_2d_16x64x64_compv3,140.06,19
246,4,1024,2048,1,56,56,1,1,2,2,28,28,grouped_conv_forward_bf16_2d_16x64x64_compv5,139.73,20
246,4,1024,2048,1,56,56,1,1,2,2,28,28,grouped_conv_forward_bf16_2d_32x64x64_compv4,138.22,21
246,4,1024,2048,1,56,56,1,1,2,2,28,28,grouped_conv_forward_bf16_2d_32x128x64_compv4,137.04,22
246,4,1024,2048,1,56,56,1,1,2,2,28,28,grouped_conv_forward_bf16_2d_32x64x128_compv4,136.76,23
246,4,1024,2048,1,56,56,1,1,2,2,28,28,grouped_conv_forward_bf16_2d_16x64x128_compv4,121.13,24
246,4,1024,2048,1,56,56,1,1,2,2,28,28,grouped_conv_forward_bf16_2d_16x64x64_compv4,118.82,25
246,4,1024,2048,1,56,56,1,1,2,2,28,28,grouped_conv_forward_bf16_2d_64x64x64_compv4,104.69,26
246,4,1024,2048,1,56,56,1,1,2,2,28,28,grouped_conv_forward_bf16_2d_64x64x128_compv4,103.86,27
246,4,1024,2048,1,56,56,1,1,2,2,28,28,grouped_conv_forward_bf16_2d_128x64x128_compv4,103.62,28
246,4,1024,2048,1,56,56,1,1,2,2,28,28,grouped_conv_forward_bf16_2d_64x128x64_compv4,103.52,29
246,4,1024,2048,1,56,56,1,1,2,2,28,28,grouped_conv_forward_bf16_2d_128x128x64_compv4,103.11,30
247,1,336,336,336,64,64,5,5,1,1,64,64,grouped_conv_forward_bf16_2d_32x64x64_compv5,36.12,1
247,1,336,336,336,64,64,5,5,1,1,64,64,grouped_conv_forward_bf16_2d_32x64x64_compv3,35.09,2
247,1,336,336,336,64,64,5,5,1,1,64,64,grouped_conv_forward_bf16_2d_64x64x64_compv5,35.02,3
247,1,336,336,336,64,64,5,5,1,1,64,64,grouped_conv_forward_bf16_2d_64x64x64_compv3,34.97,4
247,1,336,336,336,64,64,5,5,1,1,64,64,grouped_conv_forward_bf16_2d_16x64x64_compv5,31.85,5
247,1,336,336,336,64,64,5,5,1,1,64,64,grouped_conv_forward_bf16_2d_16x64x64_compv3,31.73,6
247,1,336,336,336,64,64,5,5,1,1,64,64,grouped_conv_forward_bf16_2d_32x64x64_compv4,21.84,7
247,1,336,336,336,64,64,5,5,1,1,64,64,grouped_conv_forward_bf16_2d_16x64x64_compv4,20.75,8
247,1,336,336,336,64,64,5,5,1,1,64,64,grouped_conv_forward_bf16_2d_64x64x64_compv4,20.23,9
247,1,336,336,336,64,64,5,5,1,1,64,64,grouped_conv_forward_bf16_2d_32x128x64_compv5,15.07,10
247,1,336,336,336,64,64,5,5,1,1,64,64,grouped_conv_forward_bf16_2d_32x128x64_compv3,14.98,11
247,1,336,336,336,64,64,5,5,1,1,64,64,grouped_conv_forward_bf16_2d_32x64x128_compv5,14.81,12
247,1,336,336,336,64,64,5,5,1,1,64,64,grouped_conv_forward_bf16_2d_32x64x128_compv3,14.64,13
247,1,336,336,336,64,64,5,5,1,1,64,64,grouped_conv_forward_bf16_2d_64x128x64_compv3,14.17,14
247,1,336,336,336,64,64,5,5,1,1,64,64,grouped_conv_forward_bf16_2d_64x128x64_compv5,13.97,15
247,1,336,336,336,64,64,5,5,1,1,64,64,grouped_conv_forward_bf16_2d_64x64x128_compv3,13.91,16
247,1,336,336,336,64,64,5,5,1,1,64,64,grouped_conv_forward_bf16_2d_64x64x128_compv5,13.86,17
247,1,336,336,336,64,64,5,5,1,1,64,64,grouped_conv_forward_bf16_2d_32x128x64_compv4,13.74,18
247,1,336,336,336,64,64,5,5,1,1,64,64,grouped_conv_forward_bf16_2d_32x64x128_compv4,13.36,19
247,1,336,336,336,64,64,5,5,1,1,64,64,grouped_conv_forward_bf16_2d_16x64x128_compv3,13.13,20
247,1,336,336,336,64,64,5,5,1,1,64,64,grouped_conv_forward_bf16_2d_16x64x128_compv5,13.02,21
247,1,336,336,336,64,64,5,5,1,1,64,64,grouped_conv_forward_bf16_2d_128x64x128_compv3,12.73,22
247,1,336,336,336,64,64,5,5,1,1,64,64,grouped_conv_forward_bf16_2d_128x64x128_compv5,12.69,23
247,1,336,336,336,64,64,5,5,1,1,64,64,grouped_conv_forward_bf16_2d_128x128x64_compv3,12.18,24
247,1,336,336,336,64,64,5,5,1,1,64,64,grouped_conv_forward_bf16_2d_128x128x64_compv5,11.99,25
247,1,336,336,336,64,64,5,5,1,1,64,64,grouped_conv_forward_bf16_2d_16x64x128_compv4,11.96,26
247,1,336,336,336,64,64,5,5,1,1,64,64,grouped_conv_forward_bf16_2d_64x128x64_compv4,11.62,27
247,1,336,336,336,64,64,5,5,1,1,64,64,grouped_conv_forward_bf16_2d_128x128x64_compv4,11.59,28
247,1,336,336,336,64,64,5,5,1,1,64,64,grouped_conv_forward_bf16_2d_128x64x128_compv4,11.34,29
247,1,336,336,336,64,64,5,5,1,1,64,64,grouped_conv_forward_bf16_2d_64x64x128_compv4,11.24,30
248,4,256,512,64,56,56,3,3,2,2,28,28,grouped_conv_forward_bf16_2d_32x128x64_compv3,37.05,1
248,4,256,512,64,56,56,3,3,2,2,28,28,grouped_conv_forward_bf16_2d_64x64x64_compv3,36.94,2
248,4,256,512,64,56,56,3,3,2,2,28,28,grouped_conv_forward_bf16_2d_32x128x64_compv5,35.99,3
248,4,256,512,64,56,56,3,3,2,2,28,28,grouped_conv_forward_bf16_2d_32x64x64_compv3,35.34,4
248,4,256,512,64,56,56,3,3,2,2,28,28,grouped_conv_forward_bf16_2d_64x64x64_compv5,35.30,5
248,4,256,512,64,56,56,3,3,2,2,28,28,grouped_conv_forward_bf16_2d_32x64x64_compv5,35.19,6
248,4,256,512,64,56,56,3,3,2,2,28,28,grouped_conv_forward_bf16_2d_64x128x64_compv3,35.16,7
248,4,256,512,64,56,56,3,3,2,2,28,28,grouped_conv_forward_bf16_2d_64x128x64_compv5,33.47,8
248,4,256,512,64,56,56,3,3,2,2,28,28,grouped_conv_forward_bf16_2d_16x64x64_compv3,31.69,9
248,4,256,512,64,56,56,3,3,2,2,28,28,grouped_conv_forward_bf16_2d_16x64x64_compv5,31.39,10
248,4,256,512,64,56,56,3,3,2,2,28,28,grouped_conv_forward_bf16_2d_64x64x128_compv3,31.36,11
248,4,256,512,64,56,56,3,3,2,2,28,28,grouped_conv_forward_bf16_2d_128x128x64_compv3,31.31,12
248,4,256,512,64,56,56,3,3,2,2,28,28,grouped_conv_forward_bf16_2d_64x64x128_compv5,30.86,13
248,4,256,512,64,56,56,3,3,2,2,28,28,grouped_conv_forward_bf16_2d_128x128x64_compv5,29.77,14
248,4,256,512,64,56,56,3,3,2,2,28,28,grouped_conv_forward_bf16_2d_32x64x128_compv3,29.35,15
248,4,256,512,64,56,56,3,3,2,2,28,28,grouped_conv_forward_bf16_2d_128x64x128_compv3,29.24,16
248,4,256,512,64,56,56,3,3,2,2,28,28,grouped_conv_forward_bf16_2d_32x64x128_compv5,29.24,17
248,4,256,512,64,56,56,3,3,2,2,28,28,grouped_conv_forward_bf16_2d_128x64x128_compv5,28.52,18
248,4,256,512,64,56,56,3,3,2,2,28,28,grouped_conv_forward_bf16_2d_16x64x128_compv3,26.14,19
248,4,256,512,64,56,56,3,3,2,2,28,28,grouped_conv_forward_bf16_2d_16x64x128_compv5,25.91,20
248,4,256,512,64,56,56,3,3,2,2,28,28,grouped_conv_forward_bf16_2d_32x128x64_compv4,21.17,21
248,4,256,512,64,56,56,3,3,2,2,28,28,grouped_conv_forward_bf16_2d_32x64x64_compv4,21.05,22
248,4,256,512,64,56,56,3,3,2,2,28,28,grouped_conv_forward_bf16_2d_32x64x128_compv4,20.91,23
248,4,256,512,64,56,56,3,3,2,2,28,28,grouped_conv_forward_bf16_2d_16x64x64_compv4,19.13,24
248,4,256,512,64,56,56,3,3,2,2,28,28,grouped_conv_forward_bf16_2d_64x64x64_compv4,19.02,25
248,4,256,512,64,56,56,3,3,2,2,28,28,grouped_conv_forward_bf16_2d_16x64x128_compv4,18.64,26
248,4,256,512,64,56,56,3,3,2,2,28,28,grouped_conv_forward_bf16_2d_64x64x128_compv4,18.45,27
248,4,256,512,64,56,56,3,3,2,2,28,28,grouped_conv_forward_bf16_2d_128x64x128_compv4,18.27,28
248,4,256,512,64,56,56,3,3,2,2,28,28,grouped_conv_forward_bf16_2d_64x128x64_compv4,18.10,29
248,4,256,512,64,56,56,3,3,2,2,28,28,grouped_conv_forward_bf16_2d_128x128x64_compv4,17.82,30
249,1,208,624,1,32,32,1,1,1,1,32,32,grouped_conv_forward_bf16_2d_32x64x128_compv3,32.21,1
249,1,208,624,1,32,32,1,1,1,1,32,32,grouped_conv_forward_bf16_2d_32x64x128_compv5,32.04,2
249,1,208,624,1,32,32,1,1,1,1,32,32,grouped_conv_forward_bf16_2d_16x64x128_compv3,31.50,3
249,1,208,624,1,32,32,1,1,1,1,32,32,grouped_conv_forward_bf16_2d_16x64x128_compv5,31.31,4
249,1,208,624,1,32,32,1,1,1,1,32,32,grouped_conv_forward_bf16_2d_32x128x64_compv4,31.30,5
249,1,208,624,1,32,32,1,1,1,1,32,32,grouped_conv_forward_bf16_2d_32x64x128_compv4,30.10,6
249,1,208,624,1,32,32,1,1,1,1,32,32,grouped_conv_forward_bf16_2d_32x128x64_compv3,29.51,7
249,1,208,624,1,32,32,1,1,1,1,32,32,grouped_conv_forward_bf16_2d_32x128x64_compv5,29.27,8
249,1,208,624,1,32,32,1,1,1,1,32,32,grouped_conv_forward_bf16_2d_16x64x128_compv4,29.25,9
249,1,208,624,1,32,32,1,1,1,1,32,32,grouped_conv_forward_bf16_2d_32x64x64_compv4,28.26,10
249,1,208,624,1,32,32,1,1,1,1,32,32,grouped_conv_forward_bf16_2d_16x64x64_compv4,28.22,11
249,1,208,624,1,32,32,1,1,1,1,32,32,grouped_conv_forward_bf16_2d_64x64x128_compv3,27.99,12
249,1,208,624,1,32,32,1,1,1,1,32,32,grouped_conv_forward_bf16_2d_64x64x128_compv5,27.82,13
249,1,208,624,1,32,32,1,1,1,1,32,32,grouped_conv_forward_bf16_2d_32x64x64_compv5,27.67,14
249,1,208,624,1,32,32,1,1,1,1,32,32,grouped_conv_forward_bf16_2d_128x64x128_compv3,27.42,15
249,1,208,624,1,32,32,1,1,1,1,32,32,grouped_conv_forward_bf16_2d_128x64x128_compv5,27.42,16
249,1,208,624,1,32,32,1,1,1,1,32,32,grouped_conv_forward_bf16_2d_32x64x64_compv3,27.31,17
249,1,208,624,1,32,32,1,1,1,1,32,32,grouped_conv_forward_bf16_2d_128x128x64_compv4,27.09,18
249,1,208,624,1,32,32,1,1,1,1,32,32,grouped_conv_forward_bf16_2d_16x64x64_compv5,27.08,19
249,1,208,624,1,32,32,1,1,1,1,32,32,grouped_conv_forward_bf16_2d_16x64x64_compv3,26.94,20
249,1,208,624,1,32,32,1,1,1,1,32,32,grouped_conv_forward_bf16_2d_128x64x128_compv4,26.37,21
249,1,208,624,1,32,32,1,1,1,1,32,32,grouped_conv_forward_bf16_2d_64x128x64_compv4,26.07,22
249,1,208,624,1,32,32,1,1,1,1,32,32,grouped_conv_forward_bf16_2d_64x64x128_compv4,25.09,23
249,1,208,624,1,32,32,1,1,1,1,32,32,grouped_conv_forward_bf16_2d_64x128x64_compv3,24.86,24
249,1,208,624,1,32,32,1,1,1,1,32,32,grouped_conv_forward_bf16_2d_64x128x64_compv5,24.72,25
249,1,208,624,1,32,32,1,1,1,1,32,32,grouped_conv_forward_bf16_2d_64x64x64_compv4,24.65,26
249,1,208,624,1,32,32,1,1,1,1,32,32,grouped_conv_forward_bf16_2d_64x64x64_compv3,24.32,27
249,1,208,624,1,32,32,1,1,1,1,32,32,grouped_conv_forward_bf16_2d_64x64x64_compv5,24.15,28
249,1,208,624,1,32,32,1,1,1,1,32,32,grouped_conv_forward_bf16_2d_128x128x64_compv3,23.28,29
249,1,208,624,1,32,32,1,1,1,1,32,32,grouped_conv_forward_bf16_2d_128x128x64_compv5,23.24,30
250,4,3,180,1,64,64,3,3,1,1,64,64,grouped_conv_forward_bf16_2d_32x128x64_compv3,53.63,1
250,4,3,180,1,64,64,3,3,1,1,64,64,grouped_conv_forward_bf16_2d_32x128x64_compv5,53.12,2
250,4,3,180,1,64,64,3,3,1,1,64,64,grouped_conv_forward_bf16_2d_128x128x64_compv3,49.94,3
250,4,3,180,1,64,64,3,3,1,1,64,64,grouped_conv_forward_bf16_2d_64x128x64_compv3,49.35,4
250,4,3,180,1,64,64,3,3,1,1,64,64,grouped_conv_forward_bf16_2d_128x128x64_compv5,49.17,5
250,4,3,180,1,64,64,3,3,1,1,64,64,grouped_conv_forward_bf16_2d_64x128x64_compv5,48.78,6
250,4,3,180,1,64,64,3,3,1,1,64,64,grouped_conv_forward_bf16_2d_32x64x64_compv5,40.91,7
250,4,3,180,1,64,64,3,3,1,1,64,64,grouped_conv_forward_bf16_2d_32x64x64_compv3,40.51,8
250,4,3,180,1,64,64,3,3,1,1,64,64,grouped_conv_forward_bf16_2d_64x64x64_compv5,39.31,9
250,4,3,180,1,64,64,3,3,1,1,64,64,grouped_conv_forward_bf16_2d_64x64x64_compv3,39.04,10
250,4,3,180,1,64,64,3,3,1,1,64,64,grouped_conv_forward_bf16_2d_16x64x64_compv3,37.08,11
250,4,3,180,1,64,64,3,3,1,1,64,64,grouped_conv_forward_bf16_2d_16x64x64_compv5,36.92,12
250,4,3,180,1,64,64,3,3,1,1,64,64,grouped_conv_forward_bf16_2d_32x64x128_compv5,34.30,13
250,4,3,180,1,64,64,3,3,1,1,64,64,grouped_conv_forward_bf16_2d_32x64x128_compv3,34.22,14
250,4,3,180,1,64,64,3,3,1,1,64,64,grouped_conv_forward_bf16_2d_64x64x128_compv5,33.65,15
250,4,3,180,1,64,64,3,3,1,1,64,64,grouped_conv_forward_bf16_2d_64x64x128_compv3,33.64,16
250,4,3,180,1,64,64,3,3,1,1,64,64,grouped_conv_forward_bf16_2d_128x64x128_compv5,32.78,17
250,4,3,180,1,64,64,3,3,1,1,64,64,grouped_conv_forward_bf16_2d_128x64x128_compv3,32.64,18
250,4,3,180,1,64,64,3,3,1,1,64,64,grouped_conv_forward_bf16_2d_16x64x128_compv3,31.21,19
250,4,3,180,1,64,64,3,3,1,1,64,64,grouped_conv_forward_bf16_2d_16x64x128_compv5,30.92,20
250,4,3,180,1,64,64,3,3,1,1,64,64,grouped_conv_forward_bf16_2d_16x64x128_compv4,24.13,21
250,4,3,180,1,64,64,3,3,1,1,64,64,grouped_conv_forward_bf16_2d_32x64x128_compv4,23.66,22
250,4,3,180,1,64,64,3,3,1,1,64,64,grouped_conv_forward_bf16_2d_16x64x64_compv4,22.61,23
250,4,3,180,1,64,64,3,3,1,1,64,64,grouped_conv_forward_bf16_2d_32x64x64_compv4,22.30,24
250,4,3,180,1,64,64,3,3,1,1,64,64,grouped_conv_forward_bf16_2d_32x128x64_compv4,20.50,25
250,4,3,180,1,64,64,3,3,1,1,64,64,grouped_conv_forward_bf16_2d_128x64x128_compv4,20.07,26
250,4,3,180,1,64,64,3,3,1,1,64,64,grouped_conv_forward_bf16_2d_64x64x128_compv4,19.88,27
250,4,3,180,1,64,64,3,3,1,1,64,64,grouped_conv_forward_bf16_2d_64x64x64_compv4,18.88,28
250,4,3,180,1,64,64,3,3,1,1,64,64,grouped_conv_forward_bf16_2d_64x128x64_compv4,18.25,29
250,4,3,180,1,64,64,3,3,1,1,64,64,grouped_conv_forward_bf16_2d_128x128x64_compv4,17.88,30
251,4,48,288,1,64,64,1,1,1,1,64,64,grouped_conv_forward_bf16_2d_32x128x64_compv3,54.82,1
251,4,48,288,1,64,64,1,1,1,1,64,64,grouped_conv_forward_bf16_2d_32x128x64_compv5,54.21,2
251,4,48,288,1,64,64,1,1,1,1,64,64,grouped_conv_forward_bf16_2d_64x128x64_compv3,53.21,3
251,4,48,288,1,64,64,1,1,1,1,64,64,grouped_conv_forward_bf16_2d_64x128x64_compv5,51.91,4
251,4,48,288,1,64,64,1,1,1,1,64,64,grouped_conv_forward_bf16_2d_128x128x64_compv3,51.71,5
251,4,48,288,1,64,64,1,1,1,1,64,64,grouped_conv_forward_bf16_2d_128x128x64_compv5,50.85,6
251,4,48,288,1,64,64,1,1,1,1,64,64,grouped_conv_forward_bf16_2d_32x64x64_compv5,45.27,7
251,4,48,288,1,64,64,1,1,1,1,64,64,grouped_conv_forward_bf16_2d_64x64x64_compv5,45.06,8
251,4,48,288,1,64,64,1,1,1,1,64,64,grouped_conv_forward_bf16_2d_64x64x64_compv3,44.86,9
251,4,48,288,1,64,64,1,1,1,1,64,64,grouped_conv_forward_bf16_2d_32x64x64_compv3,44.70,10
251,4,48,288,1,64,64,1,1,1,1,64,64,grouped_conv_forward_bf16_2d_32x64x128_compv5,42.56,11
251,4,48,288,1,64,64,1,1,1,1,64,64,grouped_conv_forward_bf16_2d_32x64x128_compv3,42.34,12
251,4,48,288,1,64,64,1,1,1,1,64,64,grouped_conv_forward_bf16_2d_64x64x128_compv3,41.60,13
251,4,48,288,1,64,64,1,1,1,1,64,64,grouped_conv_forward_bf16_2d_64x64x128_compv5,41.20,14
251,4,48,288,1,64,64,1,1,1,1,64,64,grouped_conv_forward_bf16_2d_16x64x64_compv3,40.83,15
251,4,48,288,1,64,64,1,1,1,1,64,64,grouped_conv_forward_bf16_2d_16x64x64_compv5,40.72,16
251,4,48,288,1,64,64,1,1,1,1,64,64,grouped_conv_forward_bf16_2d_128x64x128_compv5,39.72,17
251,4,48,288,1,64,64,1,1,1,1,64,64,grouped_conv_forward_bf16_2d_128x64x128_compv3,39.53,18
251,4,48,288,1,64,64,1,1,1,1,64,64,grouped_conv_forward_bf16_2d_16x64x128_compv3,38.50,19
251,4,48,288,1,64,64,1,1,1,1,64,64,grouped_conv_forward_bf16_2d_16x64x128_compv5,38.27,20
251,4,48,288,1,64,64,1,1,1,1,64,64,grouped_conv_forward_bf16_2d_32x64x128_compv4,28.04,21
251,4,48,288,1,64,64,1,1,1,1,64,64,grouped_conv_forward_bf16_2d_32x128x64_compv4,26.49,22
251,4,48,288,1,64,64,1,1,1,1,64,64,grouped_conv_forward_bf16_2d_32x64x64_compv4,26.39,23
251,4,48,288,1,64,64,1,1,1,1,64,64,grouped_conv_forward_bf16_2d_16x64x128_compv4,25.75,24
251,4,48,288,1,64,64,1,1,1,1,64,64,grouped_conv_forward_bf16_2d_16x64x64_compv4,24.79,25
251,4,48,288,1,64,64,1,1,1,1,64,64,grouped_conv_forward_bf16_2d_128x64x128_compv4,21.67,26
251,4,48,288,1,64,64,1,1,1,1,64,64,grouped_conv_forward_bf16_2d_64x64x128_compv4,21.26,27
251,4,48,288,1,64,64,1,1,1,1,64,64,grouped_conv_forward_bf16_2d_128x128x64_compv4,20.60,28
251,4,48,288,1,64,64,1,1,1,1,64,64,grouped_conv_forward_bf16_2d_64x128x64_compv4,20.51,29
251,4,48,288,1,64,64,1,1,1,1,64,64,grouped_conv_forward_bf16_2d_64x64x64_compv4,20.08,30
252,1,62,62,62,512,512,3,3,1,1,512,512,grouped_conv_forward_bf16_2d_64x64x64_compv5,79.70,1
252,1,62,62,62,512,512,3,3,1,1,512,512,grouped_conv_forward_bf16_2d_64x64x64_compv3,77.68,2
252,1,62,62,62,512,512,3,3,1,1,512,512,grouped_conv_forward_bf16_2d_32x128x64_compv5,73.97,3
252,1,62,62,62,512,512,3,3,1,1,512,512,grouped_conv_forward_bf16_2d_32x64x64_compv5,73.94,4
252,1,62,62,62,512,512,3,3,1,1,512,512,grouped_conv_forward_bf16_2d_32x128x64_compv3,71.64,5
252,1,62,62,62,512,512,3,3,1,1,512,512,grouped_conv_forward_bf16_2d_32x64x64_compv3,71.06,6
252,1,62,62,62,512,512,3,3,1,1,512,512,grouped_conv_forward_bf16_2d_64x128x64_compv5,70.43,7
252,1,62,62,62,512,512,3,3,1,1,512,512,grouped_conv_forward_bf16_2d_64x128x64_compv3,69.89,8
252,1,62,62,62,512,512,3,3,1,1,512,512,grouped_conv_forward_bf16_2d_128x128x64_compv5,65.84,9
252,1,62,62,62,512,512,3,3,1,1,512,512,grouped_conv_forward_bf16_2d_32x64x128_compv5,62.53,10
252,1,62,62,62,512,512,3,3,1,1,512,512,grouped_conv_forward_bf16_2d_16x64x64_compv5,62.12,11
252,1,62,62,62,512,512,3,3,1,1,512,512,grouped_conv_forward_bf16_2d_128x128x64_compv3,61.18,12
252,1,62,62,62,512,512,3,3,1,1,512,512,grouped_conv_forward_bf16_2d_64x64x128_compv5,60.58,13
252,1,62,62,62,512,512,3,3,1,1,512,512,grouped_conv_forward_bf16_2d_16x64x64_compv3,60.52,14
252,1,62,62,62,512,512,3,3,1,1,512,512,grouped_conv_forward_bf16_2d_32x64x128_compv3,60.40,15
252,1,62,62,62,512,512,3,3,1,1,512,512,grouped_conv_forward_bf16_2d_64x64x128_compv3,58.96,16
252,1,62,62,62,512,512,3,3,1,1,512,512,grouped_conv_forward_bf16_2d_128x64x128_compv5,53.66,17
252,1,62,62,62,512,512,3,3,1,1,512,512,grouped_conv_forward_bf16_2d_128x64x128_compv3,51.88,18
252,1,62,62,62,512,512,3,3,1,1,512,512,grouped_conv_forward_bf16_2d_16x64x128_compv5,50.37,19
252,1,62,62,62,512,512,3,3,1,1,512,512,grouped_conv_forward_bf16_2d_16x64x128_compv3,48.80,20
252,1,62,62,62,512,512,3,3,1,1,512,512,grouped_conv_forward_bf16_2d_32x64x128_compv4,34.64,21
252,1,62,62,62,512,512,3,3,1,1,512,512,grouped_conv_forward_bf16_2d_32x128x64_compv4,33.19,22
252,1,62,62,62,512,512,3,3,1,1,512,512,grouped_conv_forward_bf16_2d_32x64x64_compv4,32.55,23
252,1,62,62,62,512,512,3,3,1,1,512,512,grouped_conv_forward_bf16_2d_16x64x128_compv4,31.58,24
252,1,62,62,62,512,512,3,3,1,1,512,512,grouped_conv_forward_bf16_2d_16x64x64_compv4,29.83,25
252,1,62,62,62,512,512,3,3,1,1,512,512,grouped_conv_forward_bf16_2d_128x64x128_compv4,26.17,26
252,1,62,62,62,512,512,3,3,1,1,512,512,grouped_conv_forward_bf16_2d_64x128x64_compv4,26.00,27
252,1,62,62,62,512,512,3,3,1,1,512,512,grouped_conv_forward_bf16_2d_64x64x128_compv4,25.68,28
252,1,62,62,62,512,512,3,3,1,1,512,512,grouped_conv_forward_bf16_2d_128x128x64_compv4,25.61,29
252,1,62,62,62,512,512,3,3,1,1,512,512,grouped_conv_forward_bf16_2d_64x64x64_compv4,25.12,30
253,4,768,224,1,64,64,1,1,1,1,64,64,grouped_conv_forward_bf16_2d_128x128x64_compv5,200.89,1
253,4,768,224,1,64,64,1,1,1,1,64,64,grouped_conv_forward_bf16_2d_128x128x64_compv3,199.72,2
253,4,768,224,1,64,64,1,1,1,1,64,64,grouped_conv_forward_bf16_2d_64x128x64_compv5,190.68,3
253,4,768,224,1,64,64,1,1,1,1,64,64,grouped_conv_forward_bf16_2d_64x128x64_compv3,189.70,4
253,4,768,224,1,64,64,1,1,1,1,64,64,grouped_conv_forward_bf16_2d_128x64x128_compv5,166.29,5
253,4,768,224,1,64,64,1,1,1,1,64,64,grouped_conv_forward_bf16_2d_128x64x128_compv3,165.70,6
253,4,768,224,1,64,64,1,1,1,1,64,64,grouped_conv_forward_bf16_2d_32x128x64_compv5,160.48,7
253,4,768,224,1,64,64,1,1,1,1,64,64,grouped_conv_forward_bf16_2d_32x128x64_compv3,159.14,8
253,4,768,224,1,64,64,1,1,1,1,64,64,grouped_conv_forward_bf16_2d_64x64x128_compv5,157.63,9
253,4,768,224,1,64,64,1,1,1,1,64,64,grouped_conv_forward_bf16_2d_64x64x128_compv3,156.77,10
253,4,768,224,1,64,64,1,1,1,1,64,64,grouped_conv_forward_bf16_2d_32x64x128_compv5,155.35,11
253,4,768,224,1,64,64,1,1,1,1,64,64,grouped_conv_forward_bf16_2d_32x64x128_compv3,154.03,12
253,4,768,224,1,64,64,1,1,1,1,64,64,grouped_conv_forward_bf16_2d_64x64x64_compv5,153.59,13
253,4,768,224,1,64,64,1,1,1,1,64,64,grouped_conv_forward_bf16_2d_64x64x64_compv3,152.79,14
253,4,768,224,1,64,64,1,1,1,1,64,64,grouped_conv_forward_bf16_2d_32x64x64_compv5,132.40,15
253,4,768,224,1,64,64,1,1,1,1,64,64,grouped_conv_forward_bf16_2d_32x64x64_compv3,131.75,16
253,4,768,224,1,64,64,1,1,1,1,64,64,grouped_conv_forward_bf16_2d_16x64x128_compv5,125.95,17
253,4,768,224,1,64,64,1,1,1,1,64,64,grouped_conv_forward_bf16_2d_16x64x128_compv3,125.13,18
253,4,768,224,1,64,64,1,1,1,1,64,64,grouped_conv_forward_bf16_2d_16x64x64_compv3,115.37,19
253,4,768,224,1,64,64,1,1,1,1,64,64,grouped_conv_forward_bf16_2d_16x64x64_compv5,115.28,20
253,4,768,224,1,64,64,1,1,1,1,64,64,grouped_conv_forward_bf16_2d_32x128x64_compv4,114.10,21
253,4,768,224,1,64,64,1,1,1,1,64,64,grouped_conv_forward_bf16_2d_32x64x128_compv4,113.65,22
253,4,768,224,1,64,64,1,1,1,1,64,64,grouped_conv_forward_bf16_2d_32x64x64_compv4,112.46,23
253,4,768,224,1,64,64,1,1,1,1,64,64,grouped_conv_forward_bf16_2d_16x64x64_compv4,99.96,24
253,4,768,224,1,64,64,1,1,1,1,64,64,grouped_conv_forward_bf16_2d_16x64x128_compv4,98.97,25
253,4,768,224,1,64,64,1,1,1,1,64,64,grouped_conv_forward_bf16_2d_128x64x128_compv4,87.58,26
253,4,768,224,1,64,64,1,1,1,1,64,64,grouped_conv_forward_bf16_2d_128x128x64_compv4,86.91,27
253,4,768,224,1,64,64,1,1,1,1,64,64,grouped_conv_forward_bf16_2d_64x64x128_compv4,86.52,28
253,4,768,224,1,64,64,1,1,1,1,64,64,grouped_conv_forward_bf16_2d_64x128x64_compv4,86.00,29
253,4,768,224,1,64,64,1,1,1,1,64,64,grouped_conv_forward_bf16_2d_64x64x64_compv4,81.05,30
254,2,1280,1280,1,8,8,3,3,2,2,4,4,grouped_conv_forward_bf16_2d_32x128x64_compv4,11.29,1
254,2,1280,1280,1,8,8,3,3,2,2,4,4,grouped_conv_forward_bf16_2d_32x128x64_compv5,8.86,2
254,2,1280,1280,1,8,8,3,3,2,2,4,4,grouped_conv_forward_bf16_2d_32x128x64_compv3,8.84,3
254,2,1280,1280,1,8,8,3,3,2,2,4,4,grouped_conv_forward_bf16_2d_16x64x64_compv4,8.82,4
254,2,1280,1280,1,8,8,3,3,2,2,4,4,grouped_conv_forward_bf16_2d_64x128x64_compv4,8.74,5
254,2,1280,1280,1,8,8,3,3,2,2,4,4,grouped_conv_forward_bf16_2d_128x128x64_compv4,8.65,6
254,2,1280,1280,1,8,8,3,3,2,2,4,4,grouped_conv_forward_bf16_2d_32x64x64_compv4,8.53,7
254,2,1280,1280,1,8,8,3,3,2,2,4,4,grouped_conv_forward_bf16_2d_128x128x64_compv5,7.84,8
254,2,1280,1280,1,8,8,3,3,2,2,4,4,grouped_conv_forward_bf16_2d_16x64x64_compv5,7.83,9
254,2,1280,1280,1,8,8,3,3,2,2,4,4,grouped_conv_forward_bf16_2d_128x128x64_compv3,7.82,10
254,2,1280,1280,1,8,8,3,3,2,2,4,4,grouped_conv_forward_bf16_2d_64x128x64_compv5,7.79,11
254,2,1280,1280,1,8,8,3,3,2,2,4,4,grouped_conv_forward_bf16_2d_64x128x64_compv3,7.72,12
254,2,1280,1280,1,8,8,3,3,2,2,4,4,grouped_conv_forward_bf16_2d_16x64x64_compv3,7.66,13
254,2,1280,1280,1,8,8,3,3,2,2,4,4,grouped_conv_forward_bf16_2d_16x64x128_compv4,7.37,14
254,2,1280,1280,1,8,8,3,3,2,2,4,4,grouped_conv_forward_bf16_2d_64x64x64_compv4,7.04,15
254,2,1280,1280,1,8,8,3,3,2,2,4,4,grouped_conv_forward_bf16_2d_16x64x128_compv5,7.03,16
254,2,1280,1280,1,8,8,3,3,2,2,4,4,grouped_conv_forward_bf16_2d_32x64x64_compv5,6.95,17
254,2,1280,1280,1,8,8,3,3,2,2,4,4,grouped_conv_forward_bf16_2d_16x64x128_compv3,6.95,18
254,2,1280,1280,1,8,8,3,3,2,2,4,4,grouped_conv_forward_bf16_2d_32x64x128_compv4,6.89,19
254,2,1280,1280,1,8,8,3,3,2,2,4,4,grouped_conv_forward_bf16_2d_32x64x64_compv3,6.77,20
254,2,1280,1280,1,8,8,3,3,2,2,4,4,grouped_conv_forward_bf16_2d_32x64x128_compv5,6.68,21
254,2,1280,1280,1,8,8,3,3,2,2,4,4,grouped_conv_forward_bf16_2d_32x64x128_compv3,6.62,22
254,2,1280,1280,1,8,8,3,3,2,2,4,4,grouped_conv_forward_bf16_2d_64x64x64_compv5,6.52,23
254,2,1280,1280,1,8,8,3,3,2,2,4,4,grouped_conv_forward_bf16_2d_64x64x64_compv3,6.48,24
254,2,1280,1280,1,8,8,3,3,2,2,4,4,grouped_conv_forward_bf16_2d_128x64x128_compv5,5.98,25
254,2,1280,1280,1,8,8,3,3,2,2,4,4,grouped_conv_forward_bf16_2d_128x64x128_compv3,5.94,26
254,2,1280,1280,1,8,8,3,3,2,2,4,4,grouped_conv_forward_bf16_2d_64x64x128_compv5,5.66,27
254,2,1280,1280,1,8,8,3,3,2,2,4,4,grouped_conv_forward_bf16_2d_64x64x128_compv3,5.58,28
254,2,1280,1280,1,8,8,3,3,2,2,4,4,grouped_conv_forward_bf16_2d_128x64x128_compv4,5.47,29
254,2,1280,1280,1,8,8,3,3,2,2,4,4,grouped_conv_forward_bf16_2d_64x64x128_compv4,5.21,30
255,4,140,36,1,1,1,1,1,1,1,1,1,grouped_conv_forward_bf16_2d_32x64x128_compv5,0.12,1
255,4,140,36,1,1,1,1,1,1,1,1,1,grouped_conv_forward_bf16_2d_32x128x64_compv5,0.12,2
255,4,140,36,1,1,1,1,1,1,1,1,1,grouped_conv_forward_bf16_2d_16x64x128_compv4,0.12,3
255,4,140,36,1,1,1,1,1,1,1,1,1,grouped_conv_forward_bf16_2d_32x128x64_compv4,0.11,4
255,4,140,36,1,1,1,1,1,1,1,1,1,grouped_conv_forward_bf16_2d_16x64x128_compv5,0.11,5
255,4,140,36,1,1,1,1,1,1,1,1,1,grouped_conv_forward_bf16_2d_64x64x128_compv5,0.11,6
255,4,140,36,1,1,1,1,1,1,1,1,1,grouped_conv_forward_bf16_2d_16x64x64_compv4,0.10,7
255,4,140,36,1,1,1,1,1,1,1,1,1,grouped_conv_forward_bf16_2d_32x64x128_compv3,0.10,8
255,4,140,36,1,1,1,1,1,1,1,1,1,grouped_conv_forward_bf16_2d_64x64x128_compv3,0.10,9
255,4,140,36,1,1,1,1,1,1,1,1,1,grouped_conv_forward_bf16_2d_128x64x128_compv5,0.10,10
255,4,140,36,1,1,1,1,1,1,1,1,1,grouped_conv_forward_bf16_2d_128x64x128_compv3,0.10,11
255,4,140,36,1,1,1,1,1,1,1,1,1,grouped_conv_forward_bf16_2d_16x64x128_compv3,0.10,12
255,4,140,36,1,1,1,1,1,1,1,1,1,grouped_conv_forward_bf16_2d_16x64x64_compv5,0.10,13
255,4,140,36,1,1,1,1,1,1,1,1,1,grouped_conv_forward_bf16_2d_32x64x64_compv5,0.10,14
255,4,140,36,1,1,1,1,1,1,1,1,1,grouped_conv_forward_bf16_2d_16x64x64_compv3,0.09,15
255,4,140,36,1,1,1,1,1,1,1,1,1,grouped_conv_forward_bf16_2d_32x128x64_compv3,0.09,16
255,4,140,36,1,1,1,1,1,1,1,1,1,grouped_conv_forward_bf16_2d_64x128x64_compv5,0.09,17
255,4,140,36,1,1,1,1,1,1,1,1,1,grouped_conv_forward_bf16_2d_32x64x128_compv4,0.09,18
255,4,140,36,1,1,1,1,1,1,1,1,1,grouped_conv_forward_bf16_2d_128x128x64_compv4,0.09,19
255,4,140,36,1,1,1,1,1,1,1,1,1,grouped_conv_forward_bf16_2d_32x64x64_compv4,0.09,20
255,4,140,36,1,1,1,1,1,1,1,1,1,grouped_conv_forward_bf16_2d_64x64x128_compv4,0.09,21
255,4,140,36,1,1,1,1,1,1,1,1,1,grouped_conv_forward_bf16_2d_128x64x128_compv4,0.09,22
255,4,140,36,1,1,1,1,1,1,1,1,1,grouped_conv_forward_bf16_2d_64x128x64_compv3,0.09,23
255,4,140,36,1,1,1,1,1,1,1,1,1,grouped_conv_forward_bf16_2d_64x128x64_compv4,0.08,24
255,4,140,36,1,1,1,1,1,1,1,1,1,grouped_conv_forward_bf16_2d_128x128x64_compv5,0.08,25
255,4,140,36,1,1,1,1,1,1,1,1,1,grouped_conv_forward_bf16_2d_64x64x64_compv5,0.08,26
255,4,140,36,1,1,1,1,1,1,1,1,1,grouped_conv_forward_bf16_2d_128x128x64_compv3,0.08,27
255,4,140,36,1,1,1,1,1,1,1,1,1,grouped_conv_forward_bf16_2d_32x64x64_compv3,0.08,28
255,4,140,36,1,1,1,1,1,1,1,1,1,grouped_conv_forward_bf16_2d_64x64x64_compv3,0.07,29
255,4,140,36,1,1,1,1,1,1,1,1,1,grouped_conv_forward_bf16_2d_64x64x64_compv4,0.06,30
256,2,384,192,1,32,32,3,3,1,1,32,32,grouped_conv_forward_bf16_2d_16x64x128_compv5,98.58,1
256,2,384,192,1,32,32,3,3,1,1,32,32,grouped_conv_forward_bf16_2d_16x64x128_compv3,98.51,2
256,2,384,192,1,32,32,3,3,1,1,32,32,grouped_conv_forward_bf16_2d_32x64x128_compv3,96.69,3
256,2,384,192,1,32,32,3,3,1,1,32,32,grouped_conv_forward_bf16_2d_32x64x128_compv5,96.44,4
256,2,384,192,1,32,32,3,3,1,1,32,32,grouped_conv_forward_bf16_2d_16x64x128_compv4,89.11,5
256,2,384,192,1,32,32,3,3,1,1,32,32,grouped_conv_forward_bf16_2d_32x64x128_compv4,87.61,6
256,2,384,192,1,32,32,3,3,1,1,32,32,grouped_conv_forward_bf16_2d_128x64x128_compv3,81.80,7
256,2,384,192,1,32,32,3,3,1,1,32,32,grouped_conv_forward_bf16_2d_128x64x128_compv5,81.13,8
256,2,384,192,1,32,32,3,3,1,1,32,32,grouped_conv_forward_bf16_2d_64x64x128_compv3,76.66,9
256,2,384,192,1,32,32,3,3,1,1,32,32,grouped_conv_forward_bf16_2d_64x64x128_compv5,76.50,10
256,2,384,192,1,32,32,3,3,1,1,32,32,grouped_conv_forward_bf16_2d_32x128x64_compv4,74.53,11
256,2,384,192,1,32,32,3,3,1,1,32,32,grouped_conv_forward_bf16_2d_16x64x64_compv4,73.80,12
256,2,384,192,1,32,32,3,3,1,1,32,32,grouped_conv_forward_bf16_2d_32x64x64_compv4,70.31,13
256,2,384,192,1,32,32,3,3,1,1,32,32,grouped_conv_forward_bf16_2d_128x64x128_compv4,65.85,14
256,2,384,192,1,32,32,3,3,1,1,32,32,grouped_conv_forward_bf16_2d_64x64x128_compv4,63.60,15
256,2,384,192,1,32,32,3,3,1,1,32,32,grouped_conv_forward_bf16_2d_16x64x64_compv3,61.92,16
256,2,384,192,1,32,32,3,3,1,1,32,32,grouped_conv_forward_bf16_2d_16x64x64_compv5,61.89,17
256,2,384,192,1,32,32,3,3,1,1,32,32,grouped_conv_forward_bf16_2d_32x64x64_compv5,56.91,18
256,2,384,192,1,32,32,3,3,1,1,32,32,grouped_conv_forward_bf16_2d_32x64x64_compv3,56.63,19
256,2,384,192,1,32,32,3,3,1,1,32,32,grouped_conv_forward_bf16_2d_64x128x64_compv4,50.87,20
256,2,384,192,1,32,32,3,3,1,1,32,32,grouped_conv_forward_bf16_2d_128x128x64_compv4,50.07,21
256,2,384,192,1,32,32,3,3,1,1,32,32,grouped_conv_forward_bf16_2d_32x128x64_compv5,49.10,22
256,2,384,192,1,32,32,3,3,1,1,32,32,grouped_conv_forward_bf16_2d_32x128x64_compv3,49.07,23
256,2,384,192,1,32,32,3,3,1,1,32,32,grouped_conv_forward_bf16_2d_64x64x64_compv4,47.89,24
256,2,384,192,1,32,32,3,3,1,1,32,32,grouped_conv_forward_bf16_2d_64x64x64_compv3,45.93,25
256,2,384,192,1,32,32,3,3,1,1,32,32,grouped_conv_forward_bf16_2d_64x64x64_compv5,45.86,26
256,2,384,192,1,32,32,3,3,1,1,32,32,grouped_conv_forward_bf16_2d_128x128x64_compv3,42.51,27
256,2,384,192,1,32,32,3,3,1,1,32,32,grouped_conv_forward_bf16_2d_128x128x64_compv5,42.28,28
256,2,384,192,1,32,32,3,3,1,1,32,32,grouped_conv_forward_bf16_2d_64x128x64_compv5,41.96,29
256,2,384,192,1,32,32,3,3,1,1,32,32,grouped_conv_forward_bf16_2d_64x128x64_compv3,41.95,30
257,1,2304,640,1,18,18,1,1,1,1,18,18,grouped_conv_forward_bf16_2d_16x64x64_compv4,46.41,1
257,1,2304,640,1,18,18,1,1,1,1,18,18,grouped_conv_forward_bf16_2d_16x64x128_compv5,43.15,2
257,1,2304,640,1,18,18,1,1,1,1,18,18,grouped_conv_forward_bf16_2d_16x64x128_compv3,42.94,3
257,1,2304,640,1,18,18,1,1,1,1,18,18,grouped_conv_forward_bf16_2d_32x64x64_compv4,42.88,4
257,1,2304,640,1,18,18,1,1,1,1,18,18,grouped_conv_forward_bf16_2d_16x64x128_compv4,42.68,5
257,1,2304,640,1,18,18,1,1,1,1,18,18,grouped_conv_forward_bf16_2d_32x64x128_compv5,38.89,6
257,1,2304,640,1,18,18,1,1,1,1,18,18,grouped_conv_forward_bf16_2d_32x64x128_compv3,38.61,7
257,1,2304,640,1,18,18,1,1,1,1,18,18,grouped_conv_forward_bf16_2d_16x64x64_compv5,38.56,8
257,1,2304,640,1,18,18,1,1,1,1,18,18,grouped_conv_forward_bf16_2d_16x64x64_compv3,38.44,9
257,1,2304,640,1,18,18,1,1,1,1,18,18,grouped_conv_forward_bf16_2d_32x64x128_compv4,36.20,10
257,1,2304,640,1,18,18,1,1,1,1,18,18,grouped_conv_forward_bf16_2d_32x128x64_compv4,34.85,11
257,1,2304,640,1,18,18,1,1,1,1,18,18,grouped_conv_forward_bf16_2d_32x64x64_compv5,33.79,12
257,1,2304,640,1,18,18,1,1,1,1,18,18,grouped_conv_forward_bf16_2d_32x64x64_compv3,33.54,13
257,1,2304,640,1,18,18,1,1,1,1,18,18,grouped_conv_forward_bf16_2d_64x64x128_compv5,29.94,14
257,1,2304,640,1,18,18,1,1,1,1,18,18,grouped_conv_forward_bf16_2d_64x64x128_compv3,29.76,15
257,1,2304,640,1,18,18,1,1,1,1,18,18,grouped_conv_forward_bf16_2d_128x64x128_compv5,29.50,16
257,1,2304,640,1,18,18,1,1,1,1,18,18,grouped_conv_forward_bf16_2d_128x64x128_compv3,29.19,17
257,1,2304,640,1,18,18,1,1,1,1,18,18,grouped_conv_forward_bf16_2d_64x64x64_compv4,28.32,18
257,1,2304,640,1,18,18,1,1,1,1,18,18,grouped_conv_forward_bf16_2d_64x64x64_compv3,26.32,19
257,1,2304,640,1,18,18,1,1,1,1,18,18,grouped_conv_forward_bf16_2d_64x64x64_compv5,26.31,20
257,1,2304,640,1,18,18,1,1,1,1,18,18,grouped_conv_forward_bf16_2d_64x128x64_compv4,24.54,21
257,1,2304,640,1,18,18,1,1,1,1,18,18,grouped_conv_forward_bf16_2d_64x64x128_compv4,24.43,22
257,1,2304,640,1,18,18,1,1,1,1,18,18,grouped_conv_forward_bf16_2d_128x64x128_compv4,24.26,23
257,1,2304,640,1,18,18,1,1,1,1,18,18,grouped_conv_forward_bf16_2d_32x128x64_compv5,23.27,24
257,1,2304,640,1,18,18,1,1,1,1,18,18,grouped_conv_forward_bf16_2d_32x128x64_compv3,23.26,25
257,1,2304,640,1,18,18,1,1,1,1,18,18,grouped_conv_forward_bf16_2d_128x128x64_compv4,22.55,26
257,1,2304,640,1,18,18,1,1,1,1,18,18,grouped_conv_forward_bf16_2d_64x128x64_compv5,20.27,27
257,1,2304,640,1,18,18,1,1,1,1,18,18,grouped_conv_forward_bf16_2d_64x128x64_compv3,20.21,28
257,1,2304,640,1,18,18,1,1,1,1,18,18,grouped_conv_forward_bf16_2d_128x128x64_compv3,19.22,29
257,1,2304,640,1,18,18,1,1,1,1,18,18,grouped_conv_forward_bf16_2d_128x128x64_compv5,19.21,30
258,1,192,128,1,512,512,1,1,1,1,512,512,grouped_conv_forward_bf16_2d_64x128x64_compv5,182.61,1
258,1,192,128,1,512,512,1,1,1,1,512,512,grouped_conv_forward_bf16_2d_64x128x64_compv3,181.43,2
258,1,192,128,1,512,512,1,1,1,1,512,512,grouped_conv_forward_bf16_2d_128x128x64_compv5,177.81,3
258,1,192,128,1,512,512,1,1,1,1,512,512,grouped_conv_forward_bf16_2d_128x128x64_compv3,175.70,4
258,1,192,128,1,512,512,1,1,1,1,512,512,grouped_conv_forward_bf16_2d_32x128x64_compv5,167.08,5
258,1,192,128,1,512,512,1,1,1,1,512,512,grouped_conv_forward_bf16_2d_32x128x64_compv3,165.55,6
258,1,192,128,1,512,512,1,1,1,1,512,512,grouped_conv_forward_bf16_2d_64x64x128_compv5,142.28,7
258,1,192,128,1,512,512,1,1,1,1,512,512,grouped_conv_forward_bf16_2d_64x64x128_compv3,141.81,8
258,1,192,128,1,512,512,1,1,1,1,512,512,grouped_conv_forward_bf16_2d_64x64x64_compv5,141.05,9
258,1,192,128,1,512,512,1,1,1,1,512,512,grouped_conv_forward_bf16_2d_64x64x64_compv3,140.69,10
258,1,192,128,1,512,512,1,1,1,1,512,512,grouped_conv_forward_bf16_2d_128x64x128_compv5,137.06,11
258,1,192,128,1,512,512,1,1,1,1,512,512,grouped_conv_forward_bf16_2d_32x64x128_compv5,135.83,12
258,1,192,128,1,512,512,1,1,1,1,512,512,grouped_conv_forward_bf16_2d_128x64x128_compv3,135.64,13
258,1,192,128,1,512,512,1,1,1,1,512,512,grouped_conv_forward_bf16_2d_32x64x128_compv3,135.44,14
258,1,192,128,1,512,512,1,1,1,1,512,512,grouped_conv_forward_bf16_2d_32x64x64_compv3,129.16,15
258,1,192,128,1,512,512,1,1,1,1,512,512,grouped_conv_forward_bf16_2d_32x64x64_compv5,129.09,16
258,1,192,128,1,512,512,1,1,1,1,512,512,grouped_conv_forward_bf16_2d_16x64x128_compv3,110.56,17
258,1,192,128,1,512,512,1,1,1,1,512,512,grouped_conv_forward_bf16_2d_16x64x128_compv5,107.46,18
258,1,192,128,1,512,512,1,1,1,1,512,512,grouped_conv_forward_bf16_2d_16x64x64_compv3,106.54,19
258,1,192,128,1,512,512,1,1,1,1,512,512,grouped_conv_forward_bf16_2d_16x64x64_compv5,104.49,20
258,1,192,128,1,512,512,1,1,1,1,512,512,grouped_conv_forward_bf16_2d_32x128x64_compv4,78.81,21
258,1,192,128,1,512,512,1,1,1,1,512,512,grouped_conv_forward_bf16_2d_32x64x64_compv4,78.38,22
258,1,192,128,1,512,512,1,1,1,1,512,512,grouped_conv_forward_bf16_2d_32x64x128_compv4,78.09,23
258,1,192,128,1,512,512,1,1,1,1,512,512,grouped_conv_forward_bf16_2d_16x64x128_compv4,73.22,24
258,1,192,128,1,512,512,1,1,1,1,512,512,grouped_conv_forward_bf16_2d_16x64x64_compv4,72.69,25
258,1,192,128,1,512,512,1,1,1,1,512,512,grouped_conv_forward_bf16_2d_64x64x64_compv4,64.31,26
258,1,192,128,1,512,512,1,1,1,1,512,512,grouped_conv_forward_bf16_2d_64x64x128_compv4,63.97,27
258,1,192,128,1,512,512,1,1,1,1,512,512,grouped_conv_forward_bf16_2d_64x128x64_compv4,63.59,28
258,1,192,128,1,512,512,1,1,1,1,512,512,grouped_conv_forward_bf16_2d_128x128x64_compv4,62.56,29
258,1,192,128,1,512,512,1,1,1,1,512,512,grouped_conv_forward_bf16_2d_128x64x128_compv4,62.17,30
259,4,200,276,1,56,56,1,1,1,1,56,56,grouped_conv_forward_bf16_2d_128x128x64_compv5,103.67,1
259,4,200,276,1,56,56,1,1,1,1,56,56,grouped_conv_forward_bf16_2d_128x128x64_compv3,101.59,2
259,4,200,276,1,56,56,1,1,1,1,56,56,grouped_conv_forward_bf16_2d_64x128x64_compv5,100.65,3
259,4,200,276,1,56,56,1,1,1,1,56,56,grouped_conv_forward_bf16_2d_64x128x64_compv3,100.09,4
259,4,200,276,1,56,56,1,1,1,1,56,56,grouped_conv_forward_bf16_2d_32x128x64_compv5,91.22,5
259,4,200,276,1,56,56,1,1,1,1,56,56,grouped_conv_forward_bf16_2d_32x64x128_compv5,91.00,6
259,4,200,276,1,56,56,1,1,1,1,56,56,grouped_conv_forward_bf16_2d_32x128x64_compv3,89.78,7
259,4,200,276,1,56,56,1,1,1,1,56,56,grouped_conv_forward_bf16_2d_32x64x128_compv3,89.59,8
259,4,200,276,1,56,56,1,1,1,1,56,56,grouped_conv_forward_bf16_2d_64x64x128_compv5,88.19,9
259,4,200,276,1,56,56,1,1,1,1,56,56,grouped_conv_forward_bf16_2d_64x64x128_compv3,86.92,10
259,4,200,276,1,56,56,1,1,1,1,56,56,grouped_conv_forward_bf16_2d_16x64x128_compv5,83.06,11
259,4,200,276,1,56,56,1,1,1,1,56,56,grouped_conv_forward_bf16_2d_16x64x128_compv3,81.86,12
259,4,200,276,1,56,56,1,1,1,1,56,56,grouped_conv_forward_bf16_2d_128x64x128_compv5,80.42,13
259,4,200,276,1,56,56,1,1,1,1,56,56,grouped_conv_forward_bf16_2d_32x64x64_compv5,78.67,14
259,4,200,276,1,56,56,1,1,1,1,56,56,grouped_conv_forward_bf16_2d_128x64x128_compv3,77.85,15
259,4,200,276,1,56,56,1,1,1,1,56,56,grouped_conv_forward_bf16_2d_64x64x64_compv5,77.82,16
259,4,200,276,1,56,56,1,1,1,1,56,56,grouped_conv_forward_bf16_2d_32x64x64_compv3,76.98,17
259,4,200,276,1,56,56,1,1,1,1,56,56,grouped_conv_forward_bf16_2d_64x64x64_compv3,76.56,18
259,4,200,276,1,56,56,1,1,1,1,56,56,grouped_conv_forward_bf16_2d_16x64x64_compv5,74.21,19
259,4,200,276,1,56,56,1,1,1,1,56,56,grouped_conv_forward_bf16_2d_16x64x64_compv3,73.51,20
259,4,200,276,1,56,56,1,1,1,1,56,56,grouped_conv_forward_bf16_2d_32x128x64_compv4,59.90,21
259,4,200,276,1,56,56,1,1,1,1,56,56,grouped_conv_forward_bf16_2d_32x64x128_compv4,59.87,22
259,4,200,276,1,56,56,1,1,1,1,56,56,grouped_conv_forward_bf16_2d_32x64x64_compv4,55.25,23
259,4,200,276,1,56,56,1,1,1,1,56,56,grouped_conv_forward_bf16_2d_16x64x128_compv4,53.85,24
259,4,200,276,1,56,56,1,1,1,1,56,56,grouped_conv_forward_bf16_2d_64x128x64_compv4,51.66,25
259,4,200,276,1,56,56,1,1,1,1,56,56,grouped_conv_forward_bf16_2d_16x64x64_compv4,51.58,26
259,4,200,276,1,56,56,1,1,1,1,56,56,grouped_conv_forward_bf16_2d_64x64x128_compv4,49.87,27
259,4,200,276,1,56,56,1,1,1,1,56,56,grouped_conv_forward_bf16_2d_64x64x64_compv4,47.42,28
259,4,200,276,1,56,56,1,1,1,1,56,56,grouped_conv_forward_bf16_2d_128x128x64_compv4,47.15,29
259,4,200,276,1,56,56,1,1,1,1,56,56,grouped_conv_forward_bf16_2d_128x64x128_compv4,46.37,30
260,8,640,640,1,64,64,3,3,2,2,32,32,grouped_conv_forward_bf16_2d_128x128x64_compv3,324.85,1
260,8,640,640,1,64,64,3,3,2,2,32,32,grouped_conv_forward_bf16_2d_128x128x64_compv5,318.31,2
260,8,640,640,1,64,64,3,3,2,2,32,32,grouped_conv_forward_bf16_2d_64x128x64_compv3,300.09,3
260,8,640,640,1,64,64,3,3,2,2,32,32,grouped_conv_forward_bf16_2d_64x128x64_compv5,294.17,4
260,8,640,640,1,64,64,3,3,2,2,32,32,grouped_conv_forward_bf16_2d_128x64x128_compv5,268.17,5
260,8,640,640,1,64,64,3,3,2,2,32,32,grouped_conv_forward_bf16_2d_128x64x128_compv3,267.23,6
260,8,640,640,1,64,64,3,3,2,2,32,32,grouped_conv_forward_bf16_2d_64x64x128_compv5,239.45,7
260,8,640,640,1,64,64,3,3,2,2,32,32,grouped_conv_forward_bf16_2d_64x64x128_compv3,233.08,8
260,8,640,640,1,64,64,3,3,2,2,32,32,grouped_conv_forward_bf16_2d_32x128x64_compv3,230.85,9
260,8,640,640,1,64,64,3,3,2,2,32,32,grouped_conv_forward_bf16_2d_32x128x64_compv5,228.40,10
260,8,640,640,1,64,64,3,3,2,2,32,32,grouped_conv_forward_bf16_2d_32x64x128_compv5,220.05,11
260,8,640,640,1,64,64,3,3,2,2,32,32,grouped_conv_forward_bf16_2d_32x64x128_compv3,219.79,12
260,8,640,640,1,64,64,3,3,2,2,32,32,grouped_conv_forward_bf16_2d_64x64x64_compv3,217.02,13
260,8,640,640,1,64,64,3,3,2,2,32,32,grouped_conv_forward_bf16_2d_64x64x64_compv5,208.14,14
260,8,640,640,1,64,64,3,3,2,2,32,32,grouped_conv_forward_bf16_2d_32x64x64_compv3,180.07,15
260,8,640,640,1,64,64,3,3,2,2,32,32,grouped_conv_forward_bf16_2d_32x64x64_compv5,178.34,16
260,8,640,640,1,64,64,3,3,2,2,32,32,grouped_conv_forward_bf16_2d_16x64x128_compv5,170.28,17
260,8,640,640,1,64,64,3,3,2,2,32,32,grouped_conv_forward_bf16_2d_16x64x128_compv3,169.86,18
260,8,640,640,1,64,64,3,3,2,2,32,32,grouped_conv_forward_bf16_2d_32x64x64_compv4,166.89,19
260,8,640,640,1,64,64,3,3,2,2,32,32,grouped_conv_forward_bf16_2d_32x128x64_compv4,164.89,20
260,8,640,640,1,64,64,3,3,2,2,32,32,grouped_conv_forward_bf16_2d_32x64x128_compv4,162.71,21
260,8,640,640,1,64,64,3,3,2,2,32,32,grouped_conv_forward_bf16_2d_16x64x64_compv3,145.91,22
260,8,640,640,1,64,64,3,3,2,2,32,32,grouped_conv_forward_bf16_2d_16x64x64_compv5,145.03,23
260,8,640,640,1,64,64,3,3,2,2,32,32,grouped_conv_forward_bf16_2d_16x64x128_compv4,141.34,24
260,8,640,640,1,64,64,3,3,2,2,32,32,grouped_conv_forward_bf16_2d_16x64x64_compv4,134.35,25
260,8,640,640,1,64,64,3,3,2,2,32,32,grouped_conv_forward_bf16_2d_64x128x64_compv4,128.87,26
260,8,640,640,1,64,64,3,3,2,2,32,32,grouped_conv_forward_bf16_2d_64x64x64_compv4,127.37,27
260,8,640,640,1,64,64,3,3,2,2,32,32,grouped_conv_forward_bf16_2d_128x64x128_compv4,126.40,28
260,8,640,640,1,64,64,3,3,2,2,32,32,grouped_conv_forward_bf16_2d_128x128x64_compv4,126.25,29
260,8,640,640,1,64,64,3,3,2,2,32,32,grouped_conv_forward_bf16_2d_64x64x128_compv4,124.28,30
261,4,72,72,1,112,112,1,1,1,1,112,112,grouped_conv_forward_bf16_2d_64x64x64_compv3,60.53,1
261,4,72,72,1,112,112,1,1,1,1,112,112,grouped_conv_forward_bf16_2d_64x64x64_compv5,60.09,2
261,4,72,72,1,112,112,1,1,1,1,112,112,grouped_conv_forward_bf16_2d_32x64x64_compv5,59.75,3
261,4,72,72,1,112,112,1,1,1,1,112,112,grouped_conv_forward_bf16_2d_32x64x64_compv3,59.36,4
261,4,72,72,1,112,112,1,1,1,1,112,112,grouped_conv_forward_bf16_2d_32x128x64_compv3,54.97,5
261,4,72,72,1,112,112,1,1,1,1,112,112,grouped_conv_forward_bf16_2d_32x128x64_compv5,54.88,6
261,4,72,72,1,112,112,1,1,1,1,112,112,grouped_conv_forward_bf16_2d_16x64x64_compv3,53.92,7
261,4,72,72,1,112,112,1,1,1,1,112,112,grouped_conv_forward_bf16_2d_16x64x64_compv5,53.90,8
261,4,72,72,1,112,112,1,1,1,1,112,112,grouped_conv_forward_bf16_2d_64x128x64_compv3,53.42,9
261,4,72,72,1,112,112,1,1,1,1,112,112,grouped_conv_forward_bf16_2d_64x128x64_compv5,53.29,10
261,4,72,72,1,112,112,1,1,1,1,112,112,grouped_conv_forward_bf16_2d_128x128x64_compv5,53.15,11
261,4,72,72,1,112,112,1,1,1,1,112,112,grouped_conv_forward_bf16_2d_128x128x64_compv3,51.73,12
261,4,72,72,1,112,112,1,1,1,1,112,112,grouped_conv_forward_bf16_2d_32x64x128_compv3,41.44,13
261,4,72,72,1,112,112,1,1,1,1,112,112,grouped_conv_forward_bf16_2d_32x64x128_compv5,41.35,14
261,4,72,72,1,112,112,1,1,1,1,112,112,grouped_conv_forward_bf16_2d_64x64x128_compv5,40.81,15
261,4,72,72,1,112,112,1,1,1,1,112,112,grouped_conv_forward_bf16_2d_64x64x128_compv3,40.54,16
261,4,72,72,1,112,112,1,1,1,1,112,112,grouped_conv_forward_bf16_2d_16x64x128_compv5,40.14,17
261,4,72,72,1,112,112,1,1,1,1,112,112,grouped_conv_forward_bf16_2d_128x64x128_compv5,40.07,18
261,4,72,72,1,112,112,1,1,1,1,112,112,grouped_conv_forward_bf16_2d_128x64x128_compv3,40.02,19
261,4,72,72,1,112,112,1,1,1,1,112,112,grouped_conv_forward_bf16_2d_16x64x128_compv3,39.61,20
261,4,72,72,1,112,112,1,1,1,1,112,112,grouped_conv_forward_bf16_2d_32x64x64_compv4,29.43,21
261,4,72,72,1,112,112,1,1,1,1,112,112,grouped_conv_forward_bf16_2d_32x128x64_compv4,28.47,22
261,4,72,72,1,112,112,1,1,1,1,112,112,grouped_conv_forward_bf16_2d_16x64x64_compv4,27.97,23
261,4,72,72,1,112,112,1,1,1,1,112,112,grouped_conv_forward_bf16_2d_32x64x128_compv4,26.95,24
261,4,72,72,1,112,112,1,1,1,1,112,112,grouped_conv_forward_bf16_2d_16x64x128_compv4,25.79,25
261,4,72,72,1,112,112,1,1,1,1,112,112,grouped_conv_forward_bf16_2d_64x128x64_compv4,23.64,26
261,4,72,72,1,112,112,1,1,1,1,112,112,grouped_conv_forward_bf16_2d_64x64x64_compv4,22.80,27
261,4,72,72,1,112,112,1,1,1,1,112,112,grouped_conv_forward_bf16_2d_64x64x128_compv4,22.40,28
261,4,72,72,1,112,112,1,1,1,1,112,112,grouped_conv_forward_bf16_2d_128x128x64_compv4,22.37,29
261,4,72,72,1,112,112,1,1,1,1,112,112,grouped_conv_forward_bf16_2d_128x64x128_compv4,20.58,30
262,1,768,3072,1,32,32,1,1,1,1,32,32,grouped_conv_forward_bf16_2d_128x128x64_compv5,189.09,1
262,1,768,3072,1,32,32,1,1,1,1,32,32,grouped_conv_forward_bf16_2d_128x128x64_compv3,188.35,2
262,1,768,3072,1,32,32,1,1,1,1,32,32,grouped_conv_forward_bf16_2d_64x128x64_compv5,173.03,3
262,1,768,3072,1,32,32,1,1,1,1,32,32,grouped_conv_forward_bf16_2d_64x128x64_compv3,172.76,4
262,1,768,3072,1,32,32,1,1,1,1,32,32,grouped_conv_forward_bf16_2d_128x64x128_compv5,151.06,5
262,1,768,3072,1,32,32,1,1,1,1,32,32,grouped_conv_forward_bf16_2d_128x64x128_compv3,150.22,6
262,1,768,3072,1,32,32,1,1,1,1,32,32,grouped_conv_forward_bf16_2d_32x128x64_compv5,148.23,7
262,1,768,3072,1,32,32,1,1,1,1,32,32,grouped_conv_forward_bf16_2d_32x128x64_compv3,147.81,8
262,1,768,3072,1,32,32,1,1,1,1,32,32,grouped_conv_forward_bf16_2d_64x64x128_compv5,143.70,9
262,1,768,3072,1,32,32,1,1,1,1,32,32,grouped_conv_forward_bf16_2d_64x64x64_compv5,142.51,10
262,1,768,3072,1,32,32,1,1,1,1,32,32,grouped_conv_forward_bf16_2d_64x64x128_compv3,142.21,11
262,1,768,3072,1,32,32,1,1,1,1,32,32,grouped_conv_forward_bf16_2d_64x64x64_compv3,142.09,12
262,1,768,3072,1,32,32,1,1,1,1,32,32,grouped_conv_forward_bf16_2d_32x64x128_compv5,140.56,13
262,1,768,3072,1,32,32,1,1,1,1,32,32,grouped_conv_forward_bf16_2d_32x64x128_compv3,139.98,14
262,1,768,3072,1,32,32,1,1,1,1,32,32,grouped_conv_forward_bf16_2d_32x64x64_compv5,125.05,15
262,1,768,3072,1,32,32,1,1,1,1,32,32,grouped_conv_forward_bf16_2d_32x64x64_compv3,124.35,16
262,1,768,3072,1,32,32,1,1,1,1,32,32,grouped_conv_forward_bf16_2d_16x64x128_compv5,117.91,17
262,1,768,3072,1,32,32,1,1,1,1,32,32,grouped_conv_forward_bf16_2d_16x64x128_compv3,117.55,18
262,1,768,3072,1,32,32,1,1,1,1,32,32,grouped_conv_forward_bf16_2d_32x128x64_compv4,114.71,19
262,1,768,3072,1,32,32,1,1,1,1,32,32,grouped_conv_forward_bf16_2d_32x64x64_compv4,114.24,20
262,1,768,3072,1,32,32,1,1,1,1,32,32,grouped_conv_forward_bf16_2d_16x64x64_compv3,113.11,21
262,1,768,3072,1,32,32,1,1,1,1,32,32,grouped_conv_forward_bf16_2d_16x64x64_compv5,113.11,22
262,1,768,3072,1,32,32,1,1,1,1,32,32,grouped_conv_forward_bf16_2d_32x64x128_compv4,112.15,23
262,1,768,3072,1,32,32,1,1,1,1,32,32,grouped_conv_forward_bf16_2d_16x64x128_compv4,106.01,24
262,1,768,3072,1,32,32,1,1,1,1,32,32,grouped_conv_forward_bf16_2d_16x64x64_compv4,104.87,25
262,1,768,3072,1,32,32,1,1,1,1,32,32,grouped_conv_forward_bf16_2d_64x64x64_compv4,85.37,26
262,1,768,3072,1,32,32,1,1,1,1,32,32,grouped_conv_forward_bf16_2d_64x128x64_compv4,84.90,27
262,1,768,3072,1,32,32,1,1,1,1,32,32,grouped_conv_forward_bf16_2d_128x128x64_compv4,84.76,28
262,1,768,3072,1,32,32,1,1,1,1,32,32,grouped_conv_forward_bf16_2d_128x64x128_compv4,84.45,29
262,1,768,3072,1,32,32,1,1,1,1,32,32,grouped_conv_forward_bf16_2d_64x64x128_compv4,83.39,30
263,4,132,104,1,14,14,1,1,1,1,14,14,grouped_conv_forward_bf16_2d_16x64x64_compv5,5.67,1
263,4,132,104,1,14,14,1,1,1,1,14,14,grouped_conv_forward_bf16_2d_16x64x64_compv3,5.64,2
263,4,132,104,1,14,14,1,1,1,1,14,14,grouped_conv_forward_bf16_2d_16x64x64_compv4,5.03,3
263,4,132,104,1,14,14,1,1,1,1,14,14,grouped_conv_forward_bf16_2d_32x64x64_compv5,5.02,4
263,4,132,104,1,14,14,1,1,1,1,14,14,grouped_conv_forward_bf16_2d_32x64x64_compv3,4.82,5
263,4,132,104,1,14,14,1,1,1,1,14,14,grouped_conv_forward_bf16_2d_16x64x128_compv5,4.49,6
263,4,132,104,1,14,14,1,1,1,1,14,14,grouped_conv_forward_bf16_2d_16x64x128_compv3,4.49,7
263,4,132,104,1,14,14,1,1,1,1,14,14,grouped_conv_forward_bf16_2d_32x64x128_compv3,4.37,8
263,4,132,104,1,14,14,1,1,1,1,14,14,grouped_conv_forward_bf16_2d_32x128x64_compv5,4.34,9
263,4,132,104,1,14,14,1,1,1,1,14,14,grouped_conv_forward_bf16_2d_32x128x64_compv3,4.30,10
263,4,132,104,1,14,14,1,1,1,1,14,14,grouped_conv_forward_bf16_2d_32x64x64_compv4,4.30,11
263,4,132,104,1,14,14,1,1,1,1,14,14,grouped_conv_forward_bf16_2d_32x64x128_compv5,4.30,12
263,4,132,104,1,14,14,1,1,1,1,14,14,grouped_conv_forward_bf16_2d_16x64x128_compv4,4.26,13
263,4,132,104,1,14,14,1,1,1,1,14,14,grouped_conv_forward_bf16_2d_32x128x64_compv4,4.14,14
263,4,132,104,1,14,14,1,1,1,1,14,14,grouped_conv_forward_bf16_2d_64x64x64_compv3,4.06,15
263,4,132,104,1,14,14,1,1,1,1,14,14,grouped_conv_forward_bf16_2d_64x64x64_compv5,4.05,16
263,4,132,104,1,14,14,1,1,1,1,14,14,grouped_conv_forward_bf16_2d_32x64x128_compv4,3.93,17
263,4,132,104,1,14,14,1,1,1,1,14,14,grouped_conv_forward_bf16_2d_64x64x128_compv5,3.66,18
263,4,132,104,1,14,14,1,1,1,1,14,14,grouped_conv_forward_bf16_2d_64x64x128_compv3,3.64,19
263,4,132,104,1,14,14,1,1,1,1,14,14,grouped_conv_forward_bf16_2d_128x64x128_compv3,3.49,20
263,4,132,104,1,14,14,1,1,1,1,14,14,grouped_conv_forward_bf16_2d_128x64x128_compv5,3.48,21
263,4,132,104,1,14,14,1,1,1,1,14,14,grouped_conv_forward_bf16_2d_64x64x64_compv4,3.47,22
263,4,132,104,1,14,14,1,1,1,1,14,14,grouped_conv_forward_bf16_2d_64x128x64_compv5,3.46,23
263,4,132,104,1,14,14,1,1,1,1,14,14,grouped_conv_forward_bf16_2d_64x128x64_compv3,3.45,24
263,4,132,104,1,14,14,1,1,1,1,14,14,grouped_conv_forward_bf16_2d_128x64x128_compv4,3.28,25
263,4,132,104,1,14,14,1,1,1,1,14,14,grouped_conv_forward_bf16_2d_128x128x64_compv4,3.25,26
263,4,132,104,1,14,14,1,1,1,1,14,14,grouped_conv_forward_bf16_2d_64x128x64_compv4,3.23,27
263,4,132,104,1,14,14,1,1,1,1,14,14,grouped_conv_forward_bf16_2d_128x128x64_compv5,3.22,28
263,4,132,104,1,14,14,1,1,1,1,14,14,grouped_conv_forward_bf16_2d_128x128x64_compv3,3.22,29
263,4,132,104,1,14,14,1,1,1,1,14,14,grouped_conv_forward_bf16_2d_64x64x128_compv4,3.18,30
264,4,1344,384,1,7,7,1,1,1,1,7,7,grouped_conv_forward_bf16_2d_16x64x64_compv4,16.28,1
264,4,1344,384,1,7,7,1,1,1,1,7,7,grouped_conv_forward_bf16_2d_16x64x128_compv4,15.43,2
264,4,1344,384,1,7,7,1,1,1,1,7,7,grouped_conv_forward_bf16_2d_16x64x128_compv5,15.22,3
264,4,1344,384,1,7,7,1,1,1,1,7,7,grouped_conv_forward_bf16_2d_16x64x128_compv3,15.16,4
264,4,1344,384,1,7,7,1,1,1,1,7,7,grouped_conv_forward_bf16_2d_16x64x64_compv5,13.37,5
264,4,1344,384,1,7,7,1,1,1,1,7,7,grouped_conv_forward_bf16_2d_16x64x64_compv3,13.30,6
264,4,1344,384,1,7,7,1,1,1,1,7,7,grouped_conv_forward_bf16_2d_32x64x128_compv5,13.05,7
264,4,1344,384,1,7,7,1,1,1,1,7,7,grouped_conv_forward_bf16_2d_32x64x128_compv3,13.00,8
264,4,1344,384,1,7,7,1,1,1,1,7,7,grouped_conv_forward_bf16_2d_32x64x64_compv4,12.96,9
264,4,1344,384,1,7,7,1,1,1,1,7,7,grouped_conv_forward_bf16_2d_32x64x128_compv4,12.09,10
264,4,1344,384,1,7,7,1,1,1,1,7,7,grouped_conv_forward_bf16_2d_32x128x64_compv4,12.01,11
264,4,1344,384,1,7,7,1,1,1,1,7,7,grouped_conv_forward_bf16_2d_32x64x64_compv5,11.01,12
264,4,1344,384,1,7,7,1,1,1,1,7,7,grouped_conv_forward_bf16_2d_32x64x64_compv3,10.86,13
264,4,1344,384,1,7,7,1,1,1,1,7,7,grouped_conv_forward_bf16_2d_64x64x128_compv5,10.57,14
264,4,1344,384,1,7,7,1,1,1,1,7,7,grouped_conv_forward_bf16_2d_64x64x128_compv3,10.51,15
264,4,1344,384,1,7,7,1,1,1,1,7,7,grouped_conv_forward_bf16_2d_128x64x128_compv5,10.34,16
264,4,1344,384,1,7,7,1,1,1,1,7,7,grouped_conv_forward_bf16_2d_128x64x128_compv3,10.30,17
264,4,1344,384,1,7,7,1,1,1,1,7,7,grouped_conv_forward_bf16_2d_64x64x64_compv4,9.30,18
264,4,1344,384,1,7,7,1,1,1,1,7,7,grouped_conv_forward_bf16_2d_64x64x128_compv4,8.93,19
264,4,1344,384,1,7,7,1,1,1,1,7,7,grouped_conv_forward_bf16_2d_64x64x64_compv3,8.86,20
264,4,1344,384,1,7,7,1,1,1,1,7,7,grouped_conv_forward_bf16_2d_64x64x64_compv5,8.85,21
264,4,1344,384,1,7,7,1,1,1,1,7,7,grouped_conv_forward_bf16_2d_128x64x128_compv4,8.77,22
264,4,1344,384,1,7,7,1,1,1,1,7,7,grouped_conv_forward_bf16_2d_128x128x64_compv4,8.72,23
264,4,1344,384,1,7,7,1,1,1,1,7,7,grouped_conv_forward_bf16_2d_64x128x64_compv4,8.68,24
264,4,1344,384,1,7,7,1,1,1,1,7,7,grouped_conv_forward_bf16_2d_32x128x64_compv5,8.25,25
264,4,1344,384,1,7,7,1,1,1,1,7,7,grouped_conv_forward_bf16_2d_32x128x64_compv3,8.20,26
264,4,1344,384,1,7,7,1,1,1,1,7,7,grouped_conv_forward_bf16_2d_64x128x64_compv5,7.49,27
264,4,1344,384,1,7,7,1,1,1,1,7,7,grouped_conv_forward_bf16_2d_64x128x64_compv3,7.45,28
264,4,1344,384,1,7,7,1,1,1,1,7,7,grouped_conv_forward_bf16_2d_128x128x64_compv3,7.13,29
264,4,1344,384,1,7,7,1,1,1,1,7,7,grouped_conv_forward_bf16_2d_128x128x64_compv5,7.12,30
265,4,256,128,1,56,56,3,3,2,2,28,28,grouped_conv_forward_bf16_2d_16x64x128_compv3,79.80,1
265,4,256,128,1,56,56,3,3,2,2,28,28,grouped_conv_forward_bf16_2d_16x64x128_compv5,79.60,2
265,4,256,128,1,56,56,3,3,2,2,28,28,grouped_conv_forward_bf16_2d_32x64x128_compv5,76.64,3
265,4,256,128,1,56,56,3,3,2,2,28,28,grouped_conv_forward_bf16_2d_32x64x128_compv3,76.57,4
265,4,256,128,1,56,56,3,3,2,2,28,28,grouped_conv_forward_bf16_2d_16x64x128_compv4,75.61,5
265,4,256,128,1,56,56,3,3,2,2,28,28,grouped_conv_forward_bf16_2d_16x64x64_compv4,75.28,6
265,4,256,128,1,56,56,3,3,2,2,28,28,grouped_conv_forward_bf16_2d_32x64x64_compv4,72.28,7
265,4,256,128,1,56,56,3,3,2,2,28,28,grouped_conv_forward_bf16_2d_32x64x128_compv4,71.37,8
265,4,256,128,1,56,56,3,3,2,2,28,28,grouped_conv_forward_bf16_2d_32x128x64_compv4,70.85,9
265,4,256,128,1,56,56,3,3,2,2,28,28,grouped_conv_forward_bf16_2d_16x64x64_compv5,64.32,10
265,4,256,128,1,56,56,3,3,2,2,28,28,grouped_conv_forward_bf16_2d_16x64x64_compv3,64.25,11
265,4,256,128,1,56,56,3,3,2,2,28,28,grouped_conv_forward_bf16_2d_128x64x128_compv5,62.04,12
265,4,256,128,1,56,56,3,3,2,2,28,28,grouped_conv_forward_bf16_2d_128x64x128_compv3,61.97,13
265,4,256,128,1,56,56,3,3,2,2,28,28,grouped_conv_forward_bf16_2d_64x64x128_compv5,59.69,14
265,4,256,128,1,56,56,3,3,2,2,28,28,grouped_conv_forward_bf16_2d_64x64x128_compv3,59.58,15
265,4,256,128,1,56,56,3,3,2,2,28,28,grouped_conv_forward_bf16_2d_32x64x64_compv5,58.21,16
265,4,256,128,1,56,56,3,3,2,2,28,28,grouped_conv_forward_bf16_2d_32x64x64_compv3,57.68,17
265,4,256,128,1,56,56,3,3,2,2,28,28,grouped_conv_forward_bf16_2d_64x64x128_compv4,50.19,18
265,4,256,128,1,56,56,3,3,2,2,28,28,grouped_conv_forward_bf16_2d_64x64x64_compv4,49.89,19
265,4,256,128,1,56,56,3,3,2,2,28,28,grouped_conv_forward_bf16_2d_128x128x64_compv4,49.45,20
265,4,256,128,1,56,56,3,3,2,2,28,28,grouped_conv_forward_bf16_2d_64x128x64_compv4,49.12,21
265,4,256,128,1,56,56,3,3,2,2,28,28,grouped_conv_forward_bf16_2d_128x64x128_compv4,48.77,22
265,4,256,128,1,56,56,3,3,2,2,28,28,grouped_conv_forward_bf16_2d_32x128x64_compv5,47.84,23
265,4,256,128,1,56,56,3,3,2,2,28,28,grouped_conv_forward_bf16_2d_32x128x64_compv3,47.65,24
265,4,256,128,1,56,56,3,3,2,2,28,28,grouped_conv_forward_bf16_2d_64x64x64_compv3,47.34,25
265,4,256,128,1,56,56,3,3,2,2,28,28,grouped_conv_forward_bf16_2d_64x64x64_compv5,47.31,26
265,4,256,128,1,56,56,3,3,2,2,28,28,grouped_conv_forward_bf16_2d_128x128x64_compv3,42.13,27
265,4,256,128,1,56,56,3,3,2,2,28,28,grouped_conv_forward_bf16_2d_128x128x64_compv5,42.08,28
265,4,256,128,1,56,56,3,3,2,2,28,28,grouped_conv_forward_bf16_2d_64x128x64_compv5,41.73,29
265,4,256,128,1,56,56,3,3,2,2,28,28,grouped_conv_forward_bf16_2d_64x128x64_compv3,41.68,30
266,1,16,96,1,28,28,1,1,1,1,28,28,grouped_conv_forward_bf16_2d_16x64x64_compv3,2.31,1
266,1,16,96,1,28,28,1,1,1,1,28,28,grouped_conv_forward_bf16_2d_16x64x64_compv5,2.27,2
266,1,16,96,1,28,28,1,1,1,1,28,28,grouped_conv_forward_bf16_2d_32x64x64_compv5,2.25,3
266,1,16,96,1,28,28,1,1,1,1,28,28,grouped_conv_forward_bf16_2d_32x64x64_compv3,2.22,4
266,1,16,96,1,28,28,1,1,1,1,28,28,grouped_conv_forward_bf16_2d_64x64x64_compv3,2.03,5
266,1,16,96,1,28,28,1,1,1,1,28,28,grouped_conv_forward_bf16_2d_64x64x64_compv5,1.95,6
266,1,16,96,1,28,28,1,1,1,1,28,28,grouped_conv_forward_bf16_2d_16x64x64_compv4,1.94,7
266,1,16,96,1,28,28,1,1,1,1,28,28,grouped_conv_forward_bf16_2d_32x64x64_compv4,1.92,8
266,1,16,96,1,28,28,1,1,1,1,28,28,grouped_conv_forward_bf16_2d_64x64x64_compv4,1.56,9
266,1,16,96,1,28,28,1,1,1,1,28,28,grouped_conv_forward_bf16_2d_32x128x64_compv5,1.44,10
266,1,16,96,1,28,28,1,1,1,1,28,28,grouped_conv_forward_bf16_2d_32x128x64_compv3,1.39,11
266,1,16,96,1,28,28,1,1,1,1,28,28,grouped_conv_forward_bf16_2d_16x64x128_compv3,1.32,12
266,1,16,96,1,28,28,1,1,1,1,28,28,grouped_conv_forward_bf16_2d_64x128x64_compv5,1.31,13
266,1,16,96,1,28,28,1,1,1,1,28,28,grouped_conv_forward_bf16_2d_16x64x128_compv5,1.30,14
266,1,16,96,1,28,28,1,1,1,1,28,28,grouped_conv_forward_bf16_2d_32x64x128_compv3,1.29,15
266,1,16,96,1,28,28,1,1,1,1,28,28,grouped_conv_forward_bf16_2d_64x128x64_compv3,1.28,16
266,1,16,96,1,28,28,1,1,1,1,28,28,grouped_conv_forward_bf16_2d_32x64x128_compv5,1.25,17
266,1,16,96,1,28,28,1,1,1,1,28,28,grouped_conv_forward_bf16_2d_128x128x64_compv3,1.20,18
266,1,16,96,1,28,28,1,1,1,1,28,28,grouped_conv_forward_bf16_2d_128x128x64_compv5,1.20,19
266,1,16,96,1,28,28,1,1,1,1,28,28,grouped_conv_forward_bf16_2d_32x128x64_compv4,1.19,20
266,1,16,96,1,28,28,1,1,1,1,28,28,grouped_conv_forward_bf16_2d_64x64x128_compv3,1.12,21
266,1,16,96,1,28,28,1,1,1,1,28,28,grouped_conv_forward_bf16_2d_64x128x64_compv4,1.12,22
266,1,16,96,1,28,28,1,1,1,1,28,28,grouped_conv_forward_bf16_2d_16x64x128_compv4,1.11,23
266,1,16,96,1,28,28,1,1,1,1,28,28,grouped_conv_forward_bf16_2d_128x64x128_compv3,1.11,24
266,1,16,96,1,28,28,1,1,1,1,28,28,grouped_conv_forward_bf16_2d_128x128x64_compv4,1.09,25
266,1,16,96,1,28,28,1,1,1,1,28,28,grouped_conv_forward_bf16_2d_32x64x128_compv4,1.07,26
266,1,16,96,1,28,28,1,1,1,1,28,28,grouped_conv_forward_bf16_2d_64x64x128_compv5,1.05,27
266,1,16,96,1,28,28,1,1,1,1,28,28,grouped_conv_forward_bf16_2d_128x64x128_compv5,1.04,28
266,1,16,96,1,28,28,1,1,1,1,28,28,grouped_conv_forward_bf16_2d_128x64x128_compv4,0.98,29
266,1,16,96,1,28,28,1,1,1,1,28,28,grouped_conv_forward_bf16_2d_64x64x128_compv4,0.95,30
267,4,960,960,960,24,24,5,5,1,1,24,24,grouped_conv_forward_bf16_2d_32x128x64_compv3,55.70,1
267,4,960,960,960,24,24,5,5,1,1,24,24,grouped_conv_forward_bf16_2d_32x128x64_compv5,54.44,2
267,4,960,960,960,24,24,5,5,1,1,24,24,grouped_conv_forward_bf16_2d_64x128x64_compv3,51.66,3
267,4,960,960,960,24,24,5,5,1,1,24,24,grouped_conv_forward_bf16_2d_64x128x64_compv5,50.05,4
267,4,960,960,960,24,24,5,5,1,1,24,24,grouped_conv_forward_bf16_2d_128x128x64_compv3,49.28,5
267,4,960,960,960,24,24,5,5,1,1,24,24,grouped_conv_forward_bf16_2d_128x128x64_compv5,47.68,6
267,4,960,960,960,24,24,5,5,1,1,24,24,grouped_conv_forward_bf16_2d_32x64x128_compv5,39.94,7
267,4,960,960,960,24,24,5,5,1,1,24,24,grouped_conv_forward_bf16_2d_32x64x128_compv3,39.87,8
267,4,960,960,960,24,24,5,5,1,1,24,24,grouped_conv_forward_bf16_2d_64x64x128_compv3,39.31,9
267,4,960,960,960,24,24,5,5,1,1,24,24,grouped_conv_forward_bf16_2d_64x64x128_compv5,39.19,10
267,4,960,960,960,24,24,5,5,1,1,24,24,grouped_conv_forward_bf16_2d_16x64x128_compv3,37.99,11
267,4,960,960,960,24,24,5,5,1,1,24,24,grouped_conv_forward_bf16_2d_128x64x128_compv3,37.92,12
267,4,960,960,960,24,24,5,5,1,1,24,24,grouped_conv_forward_bf16_2d_128x64x128_compv5,37.21,13
267,4,960,960,960,24,24,5,5,1,1,24,24,grouped_conv_forward_bf16_2d_16x64x128_compv5,37.16,14
267,4,960,960,960,24,24,5,5,1,1,24,24,grouped_conv_forward_bf16_2d_32x64x64_compv3,37.11,15
267,4,960,960,960,24,24,5,5,1,1,24,24,grouped_conv_forward_bf16_2d_32x64x64_compv5,36.86,16
267,4,960,960,960,24,24,5,5,1,1,24,24,grouped_conv_forward_bf16_2d_64x64x64_compv3,36.62,17
267,4,960,960,960,24,24,5,5,1,1,24,24,grouped_conv_forward_bf16_2d_64x64x64_compv5,35.98,18
267,4,960,960,960,24,24,5,5,1,1,24,24,grouped_conv_forward_bf16_2d_16x64x64_compv3,35.92,19
267,4,960,960,960,24,24,5,5,1,1,24,24,grouped_conv_forward_bf16_2d_16x64x64_compv5,35.03,20
267,4,960,960,960,24,24,5,5,1,1,24,24,grouped_conv_forward_bf16_2d_32x128x64_compv4,25.28,21
267,4,960,960,960,24,24,5,5,1,1,24,24,grouped_conv_forward_bf16_2d_16x64x128_compv4,23.70,22
267,4,960,960,960,24,24,5,5,1,1,24,24,grouped_conv_forward_bf16_2d_32x64x128_compv4,23.20,23
267,4,960,960,960,24,24,5,5,1,1,24,24,grouped_conv_forward_bf16_2d_16x64x64_compv4,22.82,24
267,4,960,960,960,24,24,5,5,1,1,24,24,grouped_conv_forward_bf16_2d_32x64x64_compv4,22.36,25
267,4,960,960,960,24,24,5,5,1,1,24,24,grouped_conv_forward_bf16_2d_64x128x64_compv4,21.44,26
267,4,960,960,960,24,24,5,5,1,1,24,24,grouped_conv_forward_bf16_2d_128x128x64_compv4,21.10,27
267,4,960,960,960,24,24,5,5,1,1,24,24,grouped_conv_forward_bf16_2d_64x64x128_compv4,20.62,28
267,4,960,960,960,24,24,5,5,1,1,24,24,grouped_conv_forward_bf16_2d_128x64x128_compv4,20.59,29
267,4,960,960,960,24,24,5,5,1,1,24,24,grouped_conv_forward_bf16_2d_64x64x64_compv4,19.32,30
268,1,35,210,1,256,256,1,1,1,1,256,256,grouped_conv_forward_bf16_2d_32x128x64_compv5,95.03,1
268,1,35,210,1,256,256,1,1,1,1,256,256,grouped_conv_forward_bf16_2d_32x128x64_compv3,93.15,2
268,1,35,210,1,256,256,1,1,1,1,256,256,grouped_conv_forward_bf16_2d_64x128x64_compv3,90.27,3
268,1,35,210,1,256,256,1,1,1,1,256,256,grouped_conv_forward_bf16_2d_64x128x64_compv5,90.24,4
268,1,35,210,1,256,256,1,1,1,1,256,256,grouped_conv_forward_bf16_2d_128x128x64_compv5,82.48,5
268,1,35,210,1,256,256,1,1,1,1,256,256,grouped_conv_forward_bf16_2d_128x128x64_compv3,78.30,6
268,1,35,210,1,256,256,1,1,1,1,256,256,grouped_conv_forward_bf16_2d_64x64x64_compv5,78.04,7
268,1,35,210,1,256,256,1,1,1,1,256,256,grouped_conv_forward_bf16_2d_64x64x64_compv3,76.83,8
268,1,35,210,1,256,256,1,1,1,1,256,256,grouped_conv_forward_bf16_2d_32x64x64_compv5,70.44,9
268,1,35,210,1,256,256,1,1,1,1,256,256,grouped_conv_forward_bf16_2d_32x64x64_compv3,68.27,10
268,1,35,210,1,256,256,1,1,1,1,256,256,grouped_conv_forward_bf16_2d_16x64x64_compv5,60.00,11
268,1,35,210,1,256,256,1,1,1,1,256,256,grouped_conv_forward_bf16_2d_16x64x64_compv3,58.74,12
268,1,35,210,1,256,256,1,1,1,1,256,256,grouped_conv_forward_bf16_2d_32x64x128_compv5,56.58,13
268,1,35,210,1,256,256,1,1,1,1,256,256,grouped_conv_forward_bf16_2d_32x64x128_compv3,55.32,14
268,1,35,210,1,256,256,1,1,1,1,256,256,grouped_conv_forward_bf16_2d_64x64x128_compv3,54.96,15
268,1,35,210,1,256,256,1,1,1,1,256,256,grouped_conv_forward_bf16_2d_64x64x128_compv5,54.95,16
268,1,35,210,1,256,256,1,1,1,1,256,256,grouped_conv_forward_bf16_2d_128x64x128_compv5,50.35,17
268,1,35,210,1,256,256,1,1,1,1,256,256,grouped_conv_forward_bf16_2d_128x64x128_compv3,50.12,18
268,1,35,210,1,256,256,1,1,1,1,256,256,grouped_conv_forward_bf16_2d_16x64x128_compv5,46.82,19
268,1,35,210,1,256,256,1,1,1,1,256,256,grouped_conv_forward_bf16_2d_16x64x128_compv3,45.89,20
268,1,35,210,1,256,256,1,1,1,1,256,256,grouped_conv_forward_bf16_2d_32x128x64_compv4,32.49,21
268,1,35,210,1,256,256,1,1,1,1,256,256,grouped_conv_forward_bf16_2d_32x64x128_compv4,32.12,22
268,1,35,210,1,256,256,1,1,1,1,256,256,grouped_conv_forward_bf16_2d_32x64x64_compv4,31.04,23
268,1,35,210,1,256,256,1,1,1,1,256,256,grouped_conv_forward_bf16_2d_16x64x128_compv4,29.79,24
268,1,35,210,1,256,256,1,1,1,1,256,256,grouped_conv_forward_bf16_2d_16x64x64_compv4,28.56,25
268,1,35,210,1,256,256,1,1,1,1,256,256,grouped_conv_forward_bf16_2d_128x128x64_compv4,24.83,26
268,1,35,210,1,256,256,1,1,1,1,256,256,grouped_conv_forward_bf16_2d_128x64x128_compv4,24.66,27
268,1,35,210,1,256,256,1,1,1,1,256,256,grouped_conv_forward_bf16_2d_64x128x64_compv4,24.63,28
268,1,35,210,1,256,256,1,1,1,1,256,256,grouped_conv_forward_bf16_2d_64x64x128_compv4,24.21,29
268,1,35,210,1,256,256,1,1,1,1,256,256,grouped_conv_forward_bf16_2d_64x64x64_compv4,24.05,30
269,1,728,1024,1,14,14,1,1,1,1,14,14,grouped_conv_forward_bf16_2d_16x64x64_compv4,28.84,1
269,1,728,1024,1,14,14,1,1,1,1,14,14,grouped_conv_forward_bf16_2d_16x64x128_compv5,28.67,2
269,1,728,1024,1,14,14,1,1,1,1,14,14,grouped_conv_forward_bf16_2d_16x64x128_compv3,28.56,3
269,1,728,1024,1,14,14,1,1,1,1,14,14,grouped_conv_forward_bf16_2d_16x64x128_compv4,27.79,4
269,1,728,1024,1,14,14,1,1,1,1,14,14,grouped_conv_forward_bf16_2d_32x64x64_compv4,26.73,5
269,1,728,1024,1,14,14,1,1,1,1,14,14,grouped_conv_forward_bf16_2d_16x64x64_compv5,26.41,6
269,1,728,1024,1,14,14,1,1,1,1,14,14,grouped_conv_forward_bf16_2d_16x64x64_compv3,26.33,7
269,1,728,1024,1,14,14,1,1,1,1,14,14,grouped_conv_forward_bf16_2d_32x64x128_compv5,24.69,8
269,1,728,1024,1,14,14,1,1,1,1,14,14,grouped_conv_forward_bf16_2d_32x64x128_compv3,24.59,9
269,1,728,1024,1,14,14,1,1,1,1,14,14,grouped_conv_forward_bf16_2d_32x64x64_compv5,23.99,10
269,1,728,1024,1,14,14,1,1,1,1,14,14,grouped_conv_forward_bf16_2d_32x64x128_compv4,23.72,11
269,1,728,1024,1,14,14,1,1,1,1,14,14,grouped_conv_forward_bf16_2d_32x64x64_compv3,23.56,12
269,1,728,1024,1,14,14,1,1,1,1,14,14,grouped_conv_forward_bf16_2d_32x128x64_compv4,22.88,13
269,1,728,1024,1,14,14,1,1,1,1,14,14,grouped_conv_forward_bf16_2d_64x64x64_compv4,20.68,14
269,1,728,1024,1,14,14,1,1,1,1,14,14,grouped_conv_forward_bf16_2d_64x64x64_compv5,20.09,15
269,1,728,1024,1,14,14,1,1,1,1,14,14,grouped_conv_forward_bf16_2d_64x64x64_compv3,20.01,16
269,1,728,1024,1,14,14,1,1,1,1,14,14,grouped_conv_forward_bf16_2d_64x64x128_compv5,18.71,17
269,1,728,1024,1,14,14,1,1,1,1,14,14,grouped_conv_forward_bf16_2d_64x64x128_compv3,18.53,18
269,1,728,1024,1,14,14,1,1,1,1,14,14,grouped_conv_forward_bf16_2d_128x64x128_compv5,18.26,19
269,1,728,1024,1,14,14,1,1,1,1,14,14,grouped_conv_forward_bf16_2d_128x64x128_compv3,18.06,20
269,1,728,1024,1,14,14,1,1,1,1,14,14,grouped_conv_forward_bf16_2d_32x128x64_compv5,16.93,21
269,1,728,1024,1,14,14,1,1,1,1,14,14,grouped_conv_forward_bf16_2d_32x128x64_compv3,16.84,22
269,1,728,1024,1,14,14,1,1,1,1,14,14,grouped_conv_forward_bf16_2d_128x64x128_compv4,16.78,23
269,1,728,1024,1,14,14,1,1,1,1,14,14,grouped_conv_forward_bf16_2d_128x128x64_compv4,16.44,24
269,1,728,1024,1,14,14,1,1,1,1,14,14,grouped_conv_forward_bf16_2d_64x64x128_compv4,16.43,25
269,1,728,1024,1,14,14,1,1,1,1,14,14,grouped_conv_forward_bf16_2d_64x128x64_compv4,16.06,26
269,1,728,1024,1,14,14,1,1,1,1,14,14,grouped_conv_forward_bf16_2d_64x128x64_compv5,14.26,27
269,1,728,1024,1,14,14,1,1,1,1,14,14,grouped_conv_forward_bf16_2d_64x128x64_compv3,14.13,28
269,1,728,1024,1,14,14,1,1,1,1,14,14,grouped_conv_forward_bf16_2d_128x128x64_compv5,13.83,29
269,1,728,1024,1,14,14,1,1,1,1,14,14,grouped_conv_forward_bf16_2d_128x128x64_compv3,13.82,30
270,1,48,120,1,512,512,1,1,2,2,256,256,grouped_conv_forward_bf16_2d_64x64x64_compv3,68.60,1
270,1,48,120,1,512,512,1,1,2,2,256,256,grouped_conv_forward_bf16_2d_64x64x64_compv5,67.35,2
270,1,48,120,1,512,512,1,1,2,2,256,256,grouped_conv_forward_bf16_2d_32x64x64_compv5,64.45,3
270,1,48,120,1,512,512,1,1,2,2,256,256,grouped_conv_forward_bf16_2d_32x64x64_compv3,63.31,4
270,1,48,120,1,512,512,1,1,2,2,256,256,grouped_conv_forward_bf16_2d_32x128x64_compv5,61.34,5
270,1,48,120,1,512,512,1,1,2,2,256,256,grouped_conv_forward_bf16_2d_32x128x64_compv3,60.79,6
270,1,48,120,1,512,512,1,1,2,2,256,256,grouped_conv_forward_bf16_2d_64x128x64_compv3,60.13,7
270,1,48,120,1,512,512,1,1,2,2,256,256,grouped_conv_forward_bf16_2d_64x128x64_compv5,59.25,8
270,1,48,120,1,512,512,1,1,2,2,256,256,grouped_conv_forward_bf16_2d_128x128x64_compv5,58.79,9
270,1,48,120,1,512,512,1,1,2,2,256,256,grouped_conv_forward_bf16_2d_128x128x64_compv3,57.06,10
270,1,48,120,1,512,512,1,1,2,2,256,256,grouped_conv_forward_bf16_2d_16x64x64_compv3,53.71,11
270,1,48,120,1,512,512,1,1,2,2,256,256,grouped_conv_forward_bf16_2d_16x64x64_compv5,53.17,12
270,1,48,120,1,512,512,1,1,2,2,256,256,grouped_conv_forward_bf16_2d_32x64x128_compv5,47.48,13
270,1,48,120,1,512,512,1,1,2,2,256,256,grouped_conv_forward_bf16_2d_64x64x128_compv3,47.09,14
270,1,48,120,1,512,512,1,1,2,2,256,256,grouped_conv_forward_bf16_2d_32x64x128_compv3,46.94,15
270,1,48,120,1,512,512,1,1,2,2,256,256,grouped_conv_forward_bf16_2d_64x64x128_compv5,46.49,16
270,1,48,120,1,512,512,1,1,2,2,256,256,grouped_conv_forward_bf16_2d_128x64x128_compv5,44.38,17
270,1,48,120,1,512,512,1,1,2,2,256,256,grouped_conv_forward_bf16_2d_128x64x128_compv3,44.38,18
270,1,48,120,1,512,512,1,1,2,2,256,256,grouped_conv_forward_bf16_2d_16x64x128_compv3,41.96,19
270,1,48,120,1,512,512,1,1,2,2,256,256,grouped_conv_forward_bf16_2d_16x64x128_compv5,41.45,20
270,1,48,120,1,512,512,1,1,2,2,256,256,grouped_conv_forward_bf16_2d_32x128x64_compv4,32.01,21
270,1,48,120,1,512,512,1,1,2,2,256,256,grouped_conv_forward_bf16_2d_32x64x128_compv4,31.44,22
270,1,48,120,1,512,512,1,1,2,2,256,256,grouped_conv_forward_bf16_2d_32x64x64_compv4,30.10,23
270,1,48,120,1,512,512,1,1,2,2,256,256,grouped_conv_forward_bf16_2d_16x64x128_compv4,28.47,24
270,1,48,120,1,512,512,1,1,2,2,256,256,grouped_conv_forward_bf16_2d_16x64x64_compv4,26.99,25
270,1,48,120,1,512,512,1,1,2,2,256,256,grouped_conv_forward_bf16_2d_128x128x64_compv4,24.21,26
270,1,48,120,1,512,512,1,1,2,2,256,256,grouped_conv_forward_bf16_2d_64x128x64_compv4,23.86,27
270,1,48,120,1,512,512,1,1,2,2,256,256,grouped_conv_forward_bf16_2d_128x64x128_compv4,23.62,28
270,1,48,120,1,512,512,1,1,2,2,256,256,grouped_conv_forward_bf16_2d_64x64x128_compv4,23.47,29
270,1,48,120,1,512,512,1,1,2,2,256,256,grouped_conv_forward_bf16_2d_64x64x64_compv4,22.75,30
271,1,640,1056,1,14,14,1,1,1,1,14,14,grouped_conv_forward_bf16_2d_16x64x128_compv5,35.49,1
271,1,640,1056,1,14,14,1,1,1,1,14,14,grouped_conv_forward_bf16_2d_16x64x128_compv3,35.44,2
271,1,640,1056,1,14,14,1,1,1,1,14,14,grouped_conv_forward_bf16_2d_16x64x128_compv4,34.44,3
271,1,640,1056,1,14,14,1,1,1,1,14,14,grouped_conv_forward_bf16_2d_32x64x128_compv5,33.14,4
271,1,640,1056,1,14,14,1,1,1,1,14,14,grouped_conv_forward_bf16_2d_32x64x128_compv3,33.04,5
271,1,640,1056,1,14,14,1,1,1,1,14,14,grouped_conv_forward_bf16_2d_32x64x128_compv4,31.54,6
271,1,640,1056,1,14,14,1,1,1,1,14,14,grouped_conv_forward_bf16_2d_32x128x64_compv4,31.32,7
271,1,640,1056,1,14,14,1,1,1,1,14,14,grouped_conv_forward_bf16_2d_16x64x64_compv4,28.82,8
271,1,640,1056,1,14,14,1,1,1,1,14,14,grouped_conv_forward_bf16_2d_32x64x64_compv4,26.48,9
271,1,640,1056,1,14,14,1,1,1,1,14,14,grouped_conv_forward_bf16_2d_16x64x64_compv5,26.08,10
271,1,640,1056,1,14,14,1,1,1,1,14,14,grouped_conv_forward_bf16_2d_16x64x64_compv3,26.04,11
271,1,640,1056,1,14,14,1,1,1,1,14,14,grouped_conv_forward_bf16_2d_64x64x128_compv5,25.15,12
271,1,640,1056,1,14,14,1,1,1,1,14,14,grouped_conv_forward_bf16_2d_64x64x128_compv3,24.99,13
271,1,640,1056,1,14,14,1,1,1,1,14,14,grouped_conv_forward_bf16_2d_128x64x128_compv5,24.78,14
271,1,640,1056,1,14,14,1,1,1,1,14,14,grouped_conv_forward_bf16_2d_128x64x128_compv3,24.64,15
271,1,640,1056,1,14,14,1,1,1,1,14,14,grouped_conv_forward_bf16_2d_32x64x64_compv5,24.00,16
271,1,640,1056,1,14,14,1,1,1,1,14,14,grouped_conv_forward_bf16_2d_32x64x64_compv3,23.61,17
271,1,640,1056,1,14,14,1,1,1,1,14,14,grouped_conv_forward_bf16_2d_32x128x64_compv5,22.49,18
271,1,640,1056,1,14,14,1,1,1,1,14,14,grouped_conv_forward_bf16_2d_32x128x64_compv3,22.41,19
271,1,640,1056,1,14,14,1,1,1,1,14,14,grouped_conv_forward_bf16_2d_128x64x128_compv4,22.41,20
271,1,640,1056,1,14,14,1,1,1,1,14,14,grouped_conv_forward_bf16_2d_128x128x64_compv4,22.23,21
271,1,640,1056,1,14,14,1,1,1,1,14,14,grouped_conv_forward_bf16_2d_64x128x64_compv4,22.06,22
271,1,640,1056,1,14,14,1,1,1,1,14,14,grouped_conv_forward_bf16_2d_64x64x128_compv4,21.88,23
271,1,640,1056,1,14,14,1,1,1,1,14,14,grouped_conv_forward_bf16_2d_64x64x64_compv4,19.24,24
271,1,640,1056,1,14,14,1,1,1,1,14,14,grouped_conv_forward_bf16_2d_64x128x64_compv5,19.04,25
271,1,640,1056,1,14,14,1,1,1,1,14,14,grouped_conv_forward_bf16_2d_64x128x64_compv3,18.94,26
271,1,640,1056,1,14,14,1,1,1,1,14,14,grouped_conv_forward_bf16_2d_64x64x64_compv5,18.92,27
271,1,640,1056,1,14,14,1,1,1,1,14,14,grouped_conv_forward_bf16_2d_64x64x64_compv3,18.85,28
271,1,640,1056,1,14,14,1,1,1,1,14,14,grouped_conv_forward_bf16_2d_128x128x64_compv3,18.24,29
271,1,640,1056,1,14,14,1,1,1,1,14,14,grouped_conv_forward_bf16_2d_128x128x64_compv5,18.19,30
272,4,240,2112,1,128,128,1,1,1,1,128,128,grouped_conv_forward_bf16_2d_64x128x64_compv5,223.59,1
272,4,240,2112,1,128,128,1,1,1,1,128,128,grouped_conv_forward_bf16_2d_64x128x64_compv3,223.29,2
272,4,240,2112,1,128,128,1,1,1,1,128,128,grouped_conv_forward_bf16_2d_128x128x64_compv5,213.69,3
272,4,240,2112,1,128,128,1,1,1,1,128,128,grouped_conv_forward_bf16_2d_128x128x64_compv3,211.92,4
272,4,240,2112,1,128,128,1,1,1,1,128,128,grouped_conv_forward_bf16_2d_32x128x64_compv5,192.94,5
272,4,240,2112,1,128,128,1,1,1,1,128,128,grouped_conv_forward_bf16_2d_32x128x64_compv3,190.70,6
272,4,240,2112,1,128,128,1,1,1,1,128,128,grouped_conv_forward_bf16_2d_64x64x64_compv3,178.94,7
272,4,240,2112,1,128,128,1,1,1,1,128,128,grouped_conv_forward_bf16_2d_64x64x64_compv5,178.71,8
272,4,240,2112,1,128,128,1,1,1,1,128,128,grouped_conv_forward_bf16_2d_64x64x128_compv3,173.57,9
272,4,240,2112,1,128,128,1,1,1,1,128,128,grouped_conv_forward_bf16_2d_64x64x128_compv5,172.79,10
272,4,240,2112,1,128,128,1,1,1,1,128,128,grouped_conv_forward_bf16_2d_128x64x128_compv5,168.46,11
272,4,240,2112,1,128,128,1,1,1,1,128,128,grouped_conv_forward_bf16_2d_128x64x128_compv3,165.95,12
272,4,240,2112,1,128,128,1,1,1,1,128,128,grouped_conv_forward_bf16_2d_32x64x128_compv5,162.98,13
272,4,240,2112,1,128,128,1,1,1,1,128,128,grouped_conv_forward_bf16_2d_32x64x128_compv3,161.65,14
272,4,240,2112,1,128,128,1,1,1,1,128,128,grouped_conv_forward_bf16_2d_32x64x64_compv5,142.61,15
272,4,240,2112,1,128,128,1,1,1,1,128,128,grouped_conv_forward_bf16_2d_32x64x64_compv3,140.51,16
272,4,240,2112,1,128,128,1,1,1,1,128,128,grouped_conv_forward_bf16_2d_16x64x128_compv3,130.31,17
272,4,240,2112,1,128,128,1,1,1,1,128,128,grouped_conv_forward_bf16_2d_16x64x128_compv5,129.84,18
272,4,240,2112,1,128,128,1,1,1,1,128,128,grouped_conv_forward_bf16_2d_32x128x64_compv4,121.29,19
272,4,240,2112,1,128,128,1,1,1,1,128,128,grouped_conv_forward_bf16_2d_32x64x64_compv4,118.52,20
272,4,240,2112,1,128,128,1,1,1,1,128,128,grouped_conv_forward_bf16_2d_32x64x128_compv4,118.20,21
272,4,240,2112,1,128,128,1,1,1,1,128,128,grouped_conv_forward_bf16_2d_16x64x64_compv3,116.70,22
272,4,240,2112,1,128,128,1,1,1,1,128,128,grouped_conv_forward_bf16_2d_16x64x64_compv5,116.05,23
272,4,240,2112,1,128,128,1,1,1,1,128,128,grouped_conv_forward_bf16_2d_16x64x64_compv4,104.35,24
272,4,240,2112,1,128,128,1,1,1,1,128,128,grouped_conv_forward_bf16_2d_16x64x128_compv4,101.37,25
272,4,240,2112,1,128,128,1,1,1,1,128,128,grouped_conv_forward_bf16_2d_128x128x64_compv4,97.15,26
272,4,240,2112,1,128,128,1,1,1,1,128,128,grouped_conv_forward_bf16_2d_64x128x64_compv4,96.99,27
272,4,240,2112,1,128,128,1,1,1,1,128,128,grouped_conv_forward_bf16_2d_64x64x64_compv4,96.85,28
272,4,240,2112,1,128,128,1,1,1,1,128,128,grouped_conv_forward_bf16_2d_128x64x128_compv4,95.26,29
272,4,240,2112,1,128,128,1,1,1,1,128,128,grouped_conv_forward_bf16_2d_64x64x128_compv4,91.45,30
273,4,672,80,1,64,64,1,1,1,1,64,64,grouped_conv_forward_bf16_2d_64x64x64_compv5,107.56,1
273,4,672,80,1,64,64,1,1,1,1,64,64,grouped_conv_forward_bf16_2d_64x64x64_compv3,107.38,2
273,4,672,80,1,64,64,1,1,1,1,64,64,grouped_conv_forward_bf16_2d_32x64x64_compv5,106.28,3
273,4,672,80,1,64,64,1,1,1,1,64,64,grouped_conv_forward_bf16_2d_32x64x64_compv3,105.23,4
273,4,672,80,1,64,64,1,1,1,1,64,64,grouped_conv_forward_bf16_2d_128x128x64_compv5,99.18,5
273,4,672,80,1,64,64,1,1,1,1,64,64,grouped_conv_forward_bf16_2d_128x128x64_compv3,98.62,6
273,4,672,80,1,64,64,1,1,1,1,64,64,grouped_conv_forward_bf16_2d_32x64x64_compv4,98.28,7
273,4,672,80,1,64,64,1,1,1,1,64,64,grouped_conv_forward_bf16_2d_32x64x128_compv5,97.50,8
273,4,672,80,1,64,64,1,1,1,1,64,64,grouped_conv_forward_bf16_2d_32x64x128_compv3,96.72,9
273,4,672,80,1,64,64,1,1,1,1,64,64,grouped_conv_forward_bf16_2d_32x128x64_compv5,96.36,10
273,4,672,80,1,64,64,1,1,1,1,64,64,grouped_conv_forward_bf16_2d_64x128x64_compv5,95.82,11
273,4,672,80,1,64,64,1,1,1,1,64,64,grouped_conv_forward_bf16_2d_32x128x64_compv3,95.77,12
273,4,672,80,1,64,64,1,1,1,1,64,64,grouped_conv_forward_bf16_2d_64x128x64_compv3,95.71,13
273,4,672,80,1,64,64,1,1,1,1,64,64,grouped_conv_forward_bf16_2d_128x64x128_compv5,95.22,14
273,4,672,80,1,64,64,1,1,1,1,64,64,grouped_conv_forward_bf16_2d_128x64x128_compv3,94.87,15
273,4,672,80,1,64,64,1,1,1,1,64,64,grouped_conv_forward_bf16_2d_64x64x128_compv5,93.41,16
273,4,672,80,1,64,64,1,1,1,1,64,64,grouped_conv_forward_bf16_2d_64x64x128_compv3,92.80,17
273,4,672,80,1,64,64,1,1,1,1,64,64,grouped_conv_forward_bf16_2d_16x64x64_compv5,92.64,18
273,4,672,80,1,64,64,1,1,1,1,64,64,grouped_conv_forward_bf16_2d_16x64x64_compv3,92.35,19
273,4,672,80,1,64,64,1,1,1,1,64,64,grouped_conv_forward_bf16_2d_32x128x64_compv4,91.08,20
273,4,672,80,1,64,64,1,1,1,1,64,64,grouped_conv_forward_bf16_2d_16x64x128_compv5,89.75,21
273,4,672,80,1,64,64,1,1,1,1,64,64,grouped_conv_forward_bf16_2d_16x64x128_compv3,89.11,22
273,4,672,80,1,64,64,1,1,1,1,64,64,grouped_conv_forward_bf16_2d_16x64x64_compv4,88.69,23
273,4,672,80,1,64,64,1,1,1,1,64,64,grouped_conv_forward_bf16_2d_32x64x128_compv4,88.08,24
273,4,672,80,1,64,64,1,1,1,1,64,64,grouped_conv_forward_bf16_2d_64x64x64_compv4,78.99,25
273,4,672,80,1,64,64,1,1,1,1,64,64,grouped_conv_forward_bf16_2d_128x128x64_compv4,77.35,26
273,4,672,80,1,64,64,1,1,1,1,64,64,grouped_conv_forward_bf16_2d_16x64x128_compv4,76.62,27
273,4,672,80,1,64,64,1,1,1,1,64,64,grouped_conv_forward_bf16_2d_64x128x64_compv4,76.41,28
273,4,672,80,1,64,64,1,1,1,1,64,64,grouped_conv_forward_bf16_2d_128x64x128_compv4,76.09,29
273,4,672,80,1,64,64,1,1,1,1,64,64,grouped_conv_forward_bf16_2d_64x64x128_compv4,75.12,30
274,4,432,1008,1,14,14,1,1,2,2,7,7,grouped_conv_forward_bf16_2d_16x64x64_compv4,22.12,1
274,4,432,1008,1,14,14,1,1,2,2,7,7,grouped_conv_forward_bf16_2d_16x64x128_compv5,21.24,2
274,4,432,1008,1,14,14,1,1,2,2,7,7,grouped_conv_forward_bf16_2d_16x64x128_compv3,21.21,3
274,4,432,1008,1,14,14,1,1,2,2,7,7,grouped_conv_forward_bf16_2d_16x64x128_compv4,20.37,4
274,4,432,1008,1,14,14,1,1,2,2,7,7,grouped_conv_forward_bf16_2d_16x64x64_compv5,20.27,5
274,4,432,1008,1,14,14,1,1,2,2,7,7,grouped_conv_forward_bf16_2d_16x64x64_compv3,20.08,6
274,4,432,1008,1,14,14,1,1,2,2,7,7,grouped_conv_forward_bf16_2d_32x64x64_compv4,18.71,7
274,4,432,1008,1,14,14,1,1,2,2,7,7,grouped_conv_forward_bf16_2d_32x64x128_compv5,18.22,8
274,4,432,1008,1,14,14,1,1,2,2,7,7,grouped_conv_forward_bf16_2d_32x64x128_compv3,18.03,9
274,4,432,1008,1,14,14,1,1,2,2,7,7,grouped_conv_forward_bf16_2d_32x64x128_compv4,17.18,10
274,4,432,1008,1,14,14,1,1,2,2,7,7,grouped_conv_forward_bf16_2d_32x64x64_compv5,17.15,11
274,4,432,1008,1,14,14,1,1,2,2,7,7,grouped_conv_forward_bf16_2d_32x64x64_compv3,16.64,12
274,4,432,1008,1,14,14,1,1,2,2,7,7,grouped_conv_forward_bf16_2d_32x128x64_compv4,16.04,13
274,4,432,1008,1,14,14,1,1,2,2,7,7,grouped_conv_forward_bf16_2d_64x64x128_compv5,14.90,14
274,4,432,1008,1,14,14,1,1,2,2,7,7,grouped_conv_forward_bf16_2d_64x64x128_compv3,14.79,15
274,4,432,1008,1,14,14,1,1,2,2,7,7,grouped_conv_forward_bf16_2d_128x64x128_compv5,14.28,16
274,4,432,1008,1,14,14,1,1,2,2,7,7,grouped_conv_forward_bf16_2d_128x64x128_compv3,14.18,17
274,4,432,1008,1,14,14,1,1,2,2,7,7,grouped_conv_forward_bf16_2d_64x64x64_compv4,13.72,18
274,4,432,1008,1,14,14,1,1,2,2,7,7,grouped_conv_forward_bf16_2d_128x64x128_compv4,13.61,19
274,4,432,1008,1,14,14,1,1,2,2,7,7,grouped_conv_forward_bf16_2d_64x64x128_compv4,13.43,20
274,4,432,1008,1,14,14,1,1,2,2,7,7,grouped_conv_forward_bf16_2d_64x128x64_compv4,13.07,21
274,4,432,1008,1,14,14,1,1,2,2,7,7,grouped_conv_forward_bf16_2d_64x64x64_compv5,12.90,22
274,4,432,1008,1,14,14,1,1,2,2,7,7,grouped_conv_forward_bf16_2d_128x128x64_compv4,12.80,23
274,4,432,1008,1,14,14,1,1,2,2,7,7,grouped_conv_forward_bf16_2d_64x64x64_compv3,12.77,24
274,4,432,1008,1,14,14,1,1,2,2,7,7,grouped_conv_forward_bf16_2d_32x128x64_compv5,12.18,25
274,4,432,1008,1,14,14,1,1,2,2,7,7,grouped_conv_forward_bf16_2d_32x128x64_compv3,12.09,26
274,4,432,1008,1,14,14,1,1,2,2,7,7,grouped_conv_forward_bf16_2d_64x128x64_compv5,11.11,27
274,4,432,1008,1,14,14,1,1,2,2,7,7,grouped_conv_forward_bf16_2d_64x128x64_compv3,10.96,28
274,4,432,1008,1,14,14,1,1,2,2,7,7,grouped_conv_forward_bf16_2d_128x128x64_compv5,10.22,29
274,4,432,1008,1,14,14,1,1,2,2,7,7,grouped_conv_forward_bf16_2d_128x128x64_compv3,10.14,30
275,1,3,64,1,1024,1024,7,7,4,4,256,256,grouped_conv_forward_bf16_2d_32x64x128_compv5,74.81,1
275,1,3,64,1,1024,1024,7,7,4,4,256,256,grouped_conv_forward_bf16_2d_32x64x64_compv5,74.55,2
275,1,3,64,1,1024,1024,7,7,4,4,256,256,grouped_conv_forward_bf16_2d_32x64x64_compv3,73.84,3
275,1,3,64,1,1024,1024,7,7,4,4,256,256,grouped_conv_forward_bf16_2d_32x64x128_compv3,73.65,4
275,1,3,64,1,1024,1024,7,7,4,4,256,256,grouped_conv_forward_bf16_2d_64x64x64_compv3,73.56,5
275,1,3,64,1,1024,1024,7,7,4,4,256,256,grouped_conv_forward_bf16_2d_64x64x64_compv5,72.46,6
275,1,3,64,1,1024,1024,7,7,4,4,256,256,grouped_conv_forward_bf16_2d_64x64x128_compv3,71.11,7
275,1,3,64,1,1024,1024,7,7,4,4,256,256,grouped_conv_forward_bf16_2d_64x64x128_compv5,69.97,8
275,1,3,64,1,1024,1024,7,7,4,4,256,256,grouped_conv_forward_bf16_2d_128x64x128_compv3,69.43,9
275,1,3,64,1,1024,1024,7,7,4,4,256,256,grouped_conv_forward_bf16_2d_128x64x128_compv5,68.61,10
275,1,3,64,1,1024,1024,7,7,4,4,256,256,grouped_conv_forward_bf16_2d_16x64x64_compv3,68.59,11
275,1,3,64,1,1024,1024,7,7,4,4,256,256,grouped_conv_forward_bf16_2d_16x64x64_compv5,67.34,12
275,1,3,64,1,1024,1024,7,7,4,4,256,256,grouped_conv_forward_bf16_2d_32x128x64_compv3,65.97,13
275,1,3,64,1,1024,1024,7,7,4,4,256,256,grouped_conv_forward_bf16_2d_16x64x128_compv3,65.63,14
275,1,3,64,1,1024,1024,7,7,4,4,256,256,grouped_conv_forward_bf16_2d_32x128x64_compv5,65.52,15
275,1,3,64,1,1024,1024,7,7,4,4,256,256,grouped_conv_forward_bf16_2d_16x64x128_compv5,64.58,16
275,1,3,64,1,1024,1024,7,7,4,4,256,256,grouped_conv_forward_bf16_2d_128x128x64_compv5,64.23,17
275,1,3,64,1,1024,1024,7,7,4,4,256,256,grouped_conv_forward_bf16_2d_64x128x64_compv3,63.94,18
275,1,3,64,1,1024,1024,7,7,4,4,256,256,grouped_conv_forward_bf16_2d_128x128x64_compv3,63.61,19
275,1,3,64,1,1024,1024,7,7,4,4,256,256,grouped_conv_forward_bf16_2d_64x128x64_compv5,61.78,20
275,1,3,64,1,1024,1024,7,7,4,4,256,256,grouped_conv_forward_bf16_2d_32x128x64_compv4,48.98,21
275,1,3,64,1,1024,1024,7,7,4,4,256,256,grouped_conv_forward_bf16_2d_32x64x128_compv4,47.29,22
275,1,3,64,1,1024,1024,7,7,4,4,256,256,grouped_conv_forward_bf16_2d_32x64x64_compv4,45.34,23
275,1,3,64,1,1024,1024,7,7,4,4,256,256,grouped_conv_forward_bf16_2d_16x64x128_compv4,44.22,24
275,1,3,64,1,1024,1024,7,7,4,4,256,256,grouped_conv_forward_bf16_2d_16x64x64_compv4,42.39,25
275,1,3,64,1,1024,1024,7,7,4,4,256,256,grouped_conv_forward_bf16_2d_64x128x64_compv4,39.10,26
275,1,3,64,1,1024,1024,7,7,4,4,256,256,grouped_conv_forward_bf16_2d_64x64x128_compv4,38.70,27
275,1,3,64,1,1024,1024,7,7,4,4,256,256,grouped_conv_forward_bf16_2d_64x64x64_compv4,36.97,28
275,1,3,64,1,1024,1024,7,7,4,4,256,256,grouped_conv_forward_bf16_2d_128x128x64_compv4,36.75,29
275,1,3,64,1,1024,1024,7,7,4,4,256,256,grouped_conv_forward_bf16_2d_128x64x128_compv4,36.32,30
276,1,124,124,124,128,128,3,3,1,1,128,128,grouped_conv_forward_bf16_2d_32x128x64_compv5,54.82,1
276,1,124,124,124,128,128,3,3,1,1,128,128,grouped_conv_forward_bf16_2d_32x128x64_compv3,54.30,2
276,1,124,124,124,128,128,3,3,1,1,128,128,grouped_conv_forward_bf16_2d_64x128x64_compv5,51.57,3
276,1,124,124,124,128,128,3,3,1,1,128,128,grouped_conv_forward_bf16_2d_64x128x64_compv3,51.47,4
276,1,124,124,124,128,128,3,3,1,1,128,128,grouped_conv_forward_bf16_2d_128x128x64_compv5,51.00,5
276,1,124,124,124,128,128,3,3,1,1,128,128,grouped_conv_forward_bf16_2d_128x128x64_compv3,49.81,6
276,1,124,124,124,128,128,3,3,1,1,128,128,grouped_conv_forward_bf16_2d_64x64x64_compv5,38.71,7
276,1,124,124,124,128,128,3,3,1,1,128,128,grouped_conv_forward_bf16_2d_32x64x128_compv5,38.60,8
276,1,124,124,124,128,128,3,3,1,1,128,128,grouped_conv_forward_bf16_2d_32x64x64_compv5,38.50,9
276,1,124,124,124,128,128,3,3,1,1,128,128,grouped_conv_forward_bf16_2d_64x64x128_compv5,38.45,10
276,1,124,124,124,128,128,3,3,1,1,128,128,grouped_conv_forward_bf16_2d_64x64x64_compv3,38.29,11
276,1,124,124,124,128,128,3,3,1,1,128,128,grouped_conv_forward_bf16_2d_64x64x128_compv3,38.12,12
276,1,124,124,124,128,128,3,3,1,1,128,128,grouped_conv_forward_bf16_2d_128x64x128_compv5,37.95,13
276,1,124,124,124,128,128,3,3,1,1,128,128,grouped_conv_forward_bf16_2d_32x64x64_compv3,37.73,14
276,1,124,124,124,128,128,3,3,1,1,128,128,grouped_conv_forward_bf16_2d_128x64x128_compv3,37.73,15
276,1,124,124,124,128,128,3,3,1,1,128,128,grouped_conv_forward_bf16_2d_32x64x128_compv3,37.55,16
276,1,124,124,124,128,128,3,3,1,1,128,128,grouped_conv_forward_bf16_2d_16x64x128_compv5,35.24,17
276,1,124,124,124,128,128,3,3,1,1,128,128,grouped_conv_forward_bf16_2d_16x64x64_compv5,35.08,18
276,1,124,124,124,128,128,3,3,1,1,128,128,grouped_conv_forward_bf16_2d_16x64x128_compv3,35.02,19
276,1,124,124,124,128,128,3,3,1,1,128,128,grouped_conv_forward_bf16_2d_16x64x64_compv3,34.95,20
276,1,124,124,124,128,128,3,3,1,1,128,128,grouped_conv_forward_bf16_2d_32x64x128_compv4,25.54,21
276,1,124,124,124,128,128,3,3,1,1,128,128,grouped_conv_forward_bf16_2d_32x64x64_compv4,24.51,22
276,1,124,124,124,128,128,3,3,1,1,128,128,grouped_conv_forward_bf16_2d_32x128x64_compv4,23.60,23
276,1,124,124,124,128,128,3,3,1,1,128,128,grouped_conv_forward_bf16_2d_16x64x128_compv4,23.34,24
276,1,124,124,124,128,128,3,3,1,1,128,128,grouped_conv_forward_bf16_2d_16x64x64_compv4,22.54,25
276,1,124,124,124,128,128,3,3,1,1,128,128,grouped_conv_forward_bf16_2d_128x64x128_compv4,22.13,26
276,1,124,124,124,128,128,3,3,1,1,128,128,grouped_conv_forward_bf16_2d_64x64x128_compv4,21.84,27
276,1,124,124,124,128,128,3,3,1,1,128,128,grouped_conv_forward_bf16_2d_64x64x64_compv4,21.49,28
276,1,124,124,124,128,128,3,3,1,1,128,128,grouped_conv_forward_bf16_2d_64x128x64_compv4,21.04,29
276,1,124,124,124,128,128,3,3,1,1,128,128,grouped_conv_forward_bf16_2d_128x128x64_compv4,21.01,30
277,1,416,512,1,14,14,1,1,1,1,14,14,grouped_conv_forward_bf16_2d_16x64x128_compv3,12.30,1
277,1,416,512,1,14,14,1,1,1,1,14,14,grouped_conv_forward_bf16_2d_16x64x128_compv5,12.29,2
277,1,416,512,1,14,14,1,1,1,1,14,14,grouped_conv_forward_bf16_2d_16x64x64_compv4,12.27,3
277,1,416,512,1,14,14,1,1,1,1,14,14,grouped_conv_forward_bf16_2d_16x64x128_compv4,11.70,4
277,1,416,512,1,14,14,1,1,1,1,14,14,grouped_conv_forward_bf16_2d_16x64x64_compv5,10.66,5
277,1,416,512,1,14,14,1,1,1,1,14,14,grouped_conv_forward_bf16_2d_16x64x64_compv3,10.47,6
277,1,416,512,1,14,14,1,1,1,1,14,14,grouped_conv_forward_bf16_2d_32x64x128_compv3,10.01,7
277,1,416,512,1,14,14,1,1,1,1,14,14,grouped_conv_forward_bf16_2d_32x64x128_compv5,9.99,8
277,1,416,512,1,14,14,1,1,1,1,14,14,grouped_conv_forward_bf16_2d_32x64x64_compv4,9.89,9
277,1,416,512,1,14,14,1,1,1,1,14,14,grouped_conv_forward_bf16_2d_32x128x64_compv4,9.18,10
277,1,416,512,1,14,14,1,1,1,1,14,14,grouped_conv_forward_bf16_2d_32x64x128_compv4,9.06,11
277,1,416,512,1,14,14,1,1,1,1,14,14,grouped_conv_forward_bf16_2d_32x64x64_compv5,8.40,12
277,1,416,512,1,14,14,1,1,1,1,14,14,grouped_conv_forward_bf16_2d_32x64x64_compv3,8.14,13
277,1,416,512,1,14,14,1,1,1,1,14,14,grouped_conv_forward_bf16_2d_64x64x128_compv5,7.91,14
277,1,416,512,1,14,14,1,1,1,1,14,14,grouped_conv_forward_bf16_2d_64x64x128_compv3,7.83,15
277,1,416,512,1,14,14,1,1,1,1,14,14,grouped_conv_forward_bf16_2d_64x64x64_compv4,7.77,16
277,1,416,512,1,14,14,1,1,1,1,14,14,grouped_conv_forward_bf16_2d_128x64x128_compv5,7.76,17
277,1,416,512,1,14,14,1,1,1,1,14,14,grouped_conv_forward_bf16_2d_128x64x128_compv3,7.74,18
277,1,416,512,1,14,14,1,1,1,1,14,14,grouped_conv_forward_bf16_2d_128x128x64_compv4,7.50,19
277,1,416,512,1,14,14,1,1,1,1,14,14,grouped_conv_forward_bf16_2d_128x64x128_compv4,7.35,20
277,1,416,512,1,14,14,1,1,1,1,14,14,grouped_conv_forward_bf16_2d_64x128x64_compv4,7.24,21
277,1,416,512,1,14,14,1,1,1,1,14,14,grouped_conv_forward_bf16_2d_32x128x64_compv5,7.16,22
277,1,416,512,1,14,14,1,1,1,1,14,14,grouped_conv_forward_bf16_2d_32x128x64_compv3,7.11,23
277,1,416,512,1,14,14,1,1,1,1,14,14,grouped_conv_forward_bf16_2d_64x64x64_compv5,7.05,24
277,1,416,512,1,14,14,1,1,1,1,14,14,grouped_conv_forward_bf16_2d_64x64x128_compv4,7.04,25
277,1,416,512,1,14,14,1,1,1,1,14,14,grouped_conv_forward_bf16_2d_64x64x64_compv3,6.98,26
277,1,416,512,1,14,14,1,1,1,1,14,14,grouped_conv_forward_bf16_2d_64x128x64_compv5,5.98,27
277,1,416,512,1,14,14,1,1,1,1,14,14,grouped_conv_forward_bf16_2d_64x128x64_compv3,5.88,28
277,1,416,512,1,14,14,1,1,1,1,14,14,grouped_conv_forward_bf16_2d_128x128x64_compv5,5.88,29
277,1,416,512,1,14,14,1,1,1,1,14,14,grouped_conv_forward_bf16_2d_128x128x64_compv3,5.84,30
278,1,36,36,36,128,128,3,3,1,1,128,128,grouped_conv_forward_bf16_2d_32x64x128_compv5,29.99,1
278,1,36,36,36,128,128,3,3,1,1,128,128,grouped_conv_forward_bf16_2d_32x64x128_compv3,29.34,2
278,1,36,36,36,128,128,3,3,1,1,128,128,grouped_conv_forward_bf16_2d_64x64x128_compv5,28.85,3
278,1,36,36,36,128,128,3,3,1,1,128,128,grouped_conv_forward_bf16_2d_64x64x128_compv3,28.70,4
278,1,36,36,36,128,128,3,3,1,1,128,128,grouped_conv_forward_bf16_2d_128x64x128_compv5,28.48,5
278,1,36,36,36,128,128,3,3,1,1,128,128,grouped_conv_forward_bf16_2d_32x64x64_compv5,28.34,6
278,1,36,36,36,128,128,3,3,1,1,128,128,grouped_conv_forward_bf16_2d_128x64x128_compv3,27.99,7
278,1,36,36,36,128,128,3,3,1,1,128,128,grouped_conv_forward_bf16_2d_64x64x64_compv5,27.61,8
278,1,36,36,36,128,128,3,3,1,1,128,128,grouped_conv_forward_bf16_2d_32x64x64_compv3,27.56,9
278,1,36,36,36,128,128,3,3,1,1,128,128,grouped_conv_forward_bf16_2d_16x64x128_compv5,27.34,10
278,1,36,36,36,128,128,3,3,1,1,128,128,grouped_conv_forward_bf16_2d_64x64x64_compv3,27.25,11
278,1,36,36,36,128,128,3,3,1,1,128,128,grouped_conv_forward_bf16_2d_16x64x128_compv3,27.01,12
278,1,36,36,36,128,128,3,3,1,1,128,128,grouped_conv_forward_bf16_2d_16x64x64_compv5,26.26,13
278,1,36,36,36,128,128,3,3,1,1,128,128,grouped_conv_forward_bf16_2d_16x64x64_compv3,25.62,14
278,1,36,36,36,128,128,3,3,1,1,128,128,grouped_conv_forward_bf16_2d_32x64x128_compv4,18.74,15
278,1,36,36,36,128,128,3,3,1,1,128,128,grouped_conv_forward_bf16_2d_128x64x128_compv4,17.55,16
278,1,36,36,36,128,128,3,3,1,1,128,128,grouped_conv_forward_bf16_2d_32x64x64_compv4,17.27,17
278,1,36,36,36,128,128,3,3,1,1,128,128,grouped_conv_forward_bf16_2d_64x64x128_compv4,17.16,18
278,1,36,36,36,128,128,3,3,1,1,128,128,grouped_conv_forward_bf16_2d_16x64x128_compv4,16.86,19
278,1,36,36,36,128,128,3,3,1,1,128,128,grouped_conv_forward_bf16_2d_64x64x64_compv4,15.95,20
278,1,36,36,36,128,128,3,3,1,1,128,128,grouped_conv_forward_bf16_2d_16x64x64_compv4,15.31,21
278,1,36,36,36,128,128,3,3,1,1,128,128,grouped_conv_forward_bf16_2d_32x128x64_compv5,10.94,22
278,1,36,36,36,128,128,3,3,1,1,128,128,grouped_conv_forward_bf16_2d_32x128x64_compv3,10.83,23
278,1,36,36,36,128,128,3,3,1,1,128,128,grouped_conv_forward_bf16_2d_32x128x64_compv4,10.27,24
278,1,36,36,36,128,128,3,3,1,1,128,128,grouped_conv_forward_bf16_2d_64x128x64_compv3,10.20,25
278,1,36,36,36,128,128,3,3,1,1,128,128,grouped_conv_forward_bf16_2d_64x128x64_compv5,10.12,26
278,1,36,36,36,128,128,3,3,1,1,128,128,grouped_conv_forward_bf16_2d_128x128x64_compv5,9.23,27
278,1,36,36,36,128,128,3,3,1,1,128,128,grouped_conv_forward_bf16_2d_128x128x64_compv3,9.11,28
278,1,36,36,36,128,128,3,3,1,1,128,128,grouped_conv_forward_bf16_2d_128x128x64_compv4,8.68,29
278,1,36,36,36,128,128,3,3,1,1,128,128,grouped_conv_forward_bf16_2d_64x128x64_compv4,8.57,30
279,1,384,384,384,28,28,9,9,1,1,28,28,grouped_conv_forward_bf16_2d_32x64x64_compv5,7.19,1
279,1,384,384,384,28,28,9,9,1,1,28,28,grouped_conv_forward_bf16_2d_64x64x64_compv5,6.89,2
279,1,384,384,384,28,28,9,9,1,1,28,28,grouped_conv_forward_bf16_2d_32x64x64_compv3,6.87,3
279,1,384,384,384,28,28,9,9,1,1,28,28,grouped_conv_forward_bf16_2d_64x64x64_compv3,6.83,4
279,1,384,384,384,28,28,9,9,1,1,28,28,grouped_conv_forward_bf16_2d_16x64x64_compv5,6.64,5
279,1,384,384,384,28,28,9,9,1,1,28,28,grouped_conv_forward_bf16_2d_16x64x64_compv3,6.47,6
279,1,384,384,384,28,28,9,9,1,1,28,28,grouped_conv_forward_bf16_2d_32x64x64_compv4,6.03,7
279,1,384,384,384,28,28,9,9,1,1,28,28,grouped_conv_forward_bf16_2d_64x64x64_compv4,5.77,8
279,1,384,384,384,28,28,9,9,1,1,28,28,grouped_conv_forward_bf16_2d_16x64x64_compv4,5.66,9
279,1,384,384,384,28,28,9,9,1,1,28,28,grouped_conv_forward_bf16_2d_32x64x128_compv5,4.16,10
279,1,384,384,384,28,28,9,9,1,1,28,28,grouped_conv_forward_bf16_2d_32x64x128_compv3,3.98,11
279,1,384,384,384,28,28,9,9,1,1,28,28,grouped_conv_forward_bf16_2d_16x64x128_compv5,3.92,12
279,1,384,384,384,28,28,9,9,1,1,28,28,grouped_conv_forward_bf16_2d_32x128x64_compv5,3.84,13
279,1,384,384,384,28,28,9,9,1,1,28,28,grouped_conv_forward_bf16_2d_32x64x128_compv4,3.82,14
279,1,384,384,384,28,28,9,9,1,1,28,28,grouped_conv_forward_bf16_2d_16x64x128_compv3,3.82,15
279,1,384,384,384,28,28,9,9,1,1,28,28,grouped_conv_forward_bf16_2d_16x64x128_compv4,3.80,16
279,1,384,384,384,28,28,9,9,1,1,28,28,grouped_conv_forward_bf16_2d_32x128x64_compv3,3.71,17
279,1,384,384,384,28,28,9,9,1,1,28,28,grouped_conv_forward_bf16_2d_64x64x128_compv5,3.64,18
279,1,384,384,384,28,28,9,9,1,1,28,28,grouped_conv_forward_bf16_2d_32x128x64_compv4,3.62,19
279,1,384,384,384,28,28,9,9,1,1,28,28,grouped_conv_forward_bf16_2d_64x64x128_compv3,3.57,20
279,1,384,384,384,28,28,9,9,1,1,28,28,grouped_conv_forward_bf16_2d_64x128x64_compv5,3.44,21
279,1,384,384,384,28,28,9,9,1,1,28,28,grouped_conv_forward_bf16_2d_64x128x64_compv3,3.36,22
279,1,384,384,384,28,28,9,9,1,1,28,28,grouped_conv_forward_bf16_2d_64x64x128_compv4,3.30,23
279,1,384,384,384,28,28,9,9,1,1,28,28,grouped_conv_forward_bf16_2d_64x128x64_compv4,3.25,24
279,1,384,384,384,28,28,9,9,1,1,28,28,grouped_conv_forward_bf16_2d_128x64x128_compv4,3.22,25
279,1,384,384,384,28,28,9,9,1,1,28,28,grouped_conv_forward_bf16_2d_128x64x128_compv5,3.15,26
279,1,384,384,384,28,28,9,9,1,1,28,28,grouped_conv_forward_bf16_2d_128x64x128_compv3,3.12,27
279,1,384,384,384,28,28,9,9,1,1,28,28,grouped_conv_forward_bf16_2d_128x128x64_compv4,3.10,28
279,1,384,384,384,28,28,9,9,1,1,28,28,grouped_conv_forward_bf16_2d_128x128x64_compv5,2.86,29
279,1,384,384,384,28,28,9,9,1,1,28,28,grouped_conv_forward_bf16_2d_128x128x64_compv3,2.78,30
280,4,1216,512,1,28,28,1,1,1,1,28,28,grouped_conv_forward_bf16_2d_128x64x128_compv5,188.13,1
280,4,1216,512,1,28,28,1,1,1,1,28,28,grouped_conv_forward_bf16_2d_128x64x128_compv3,188.05,2
280,4,1216,512,1,28,28,1,1,1,1,28,28,grouped_conv_forward_bf16_2d_64x64x128_compv5,156.93,3
280,4,1216,512,1,28,28,1,1,1,1,28,28,grouped_conv_forward_bf16_2d_64x64x128_compv3,156.77,4
280,4,1216,512,1,28,28,1,1,1,1,28,28,grouped_conv_forward_bf16_2d_32x128x64_compv5,142.09,5
280,4,1216,512,1,28,28,1,1,1,1,28,28,grouped_conv_forward_bf16_2d_32x128x64_compv3,142.07,6
280,4,1216,512,1,28,28,1,1,1,1,28,28,grouped_conv_forward_bf16_2d_64x128x64_compv5,140.05,7
280,4,1216,512,1,28,28,1,1,1,1,28,28,grouped_conv_forward_bf16_2d_64x128x64_compv3,139.46,8
280,4,1216,512,1,28,28,1,1,1,1,28,28,grouped_conv_forward_bf16_2d_128x128x64_compv5,137.91,9
280,4,1216,512,1,28,28,1,1,1,1,28,28,grouped_conv_forward_bf16_2d_128x128x64_compv3,137.43,10
280,4,1216,512,1,28,28,1,1,1,1,28,28,grouped_conv_forward_bf16_2d_32x64x128_compv5,132.26,11
280,4,1216,512,1,28,28,1,1,1,1,28,28,grouped_conv_forward_bf16_2d_32x64x128_compv3,132.06,12
280,4,1216,512,1,28,28,1,1,1,1,28,28,grouped_conv_forward_bf16_2d_16x64x128_compv5,125.02,13
280,4,1216,512,1,28,28,1,1,1,1,28,28,grouped_conv_forward_bf16_2d_16x64x128_compv3,124.42,14
280,4,1216,512,1,28,28,1,1,1,1,28,28,grouped_conv_forward_bf16_2d_64x64x64_compv5,121.02,15
280,4,1216,512,1,28,28,1,1,1,1,28,28,grouped_conv_forward_bf16_2d_64x64x64_compv3,120.90,16
280,4,1216,512,1,28,28,1,1,1,1,28,28,grouped_conv_forward_bf16_2d_32x64x64_compv5,117.37,17
280,4,1216,512,1,28,28,1,1,1,1,28,28,grouped_conv_forward_bf16_2d_32x64x64_compv3,116.52,18
280,4,1216,512,1,28,28,1,1,1,1,28,28,grouped_conv_forward_bf16_2d_32x64x64_compv4,115.53,19
280,4,1216,512,1,28,28,1,1,1,1,28,28,grouped_conv_forward_bf16_2d_32x128x64_compv4,112.58,20
280,4,1216,512,1,28,28,1,1,1,1,28,28,grouped_conv_forward_bf16_2d_32x64x128_compv4,111.72,21
280,4,1216,512,1,28,28,1,1,1,1,28,28,grouped_conv_forward_bf16_2d_16x64x64_compv4,110.27,22
280,4,1216,512,1,28,28,1,1,1,1,28,28,grouped_conv_forward_bf16_2d_16x64x64_compv3,108.69,23
280,4,1216,512,1,28,28,1,1,1,1,28,28,grouped_conv_forward_bf16_2d_16x64x64_compv5,108.66,24
280,4,1216,512,1,28,28,1,1,1,1,28,28,grouped_conv_forward_bf16_2d_16x64x128_compv4,102.55,25
280,4,1216,512,1,28,28,1,1,1,1,28,28,grouped_conv_forward_bf16_2d_64x64x64_compv4,93.31,26
280,4,1216,512,1,28,28,1,1,1,1,28,28,grouped_conv_forward_bf16_2d_64x128x64_compv4,91.90,27
280,4,1216,512,1,28,28,1,1,1,1,28,28,grouped_conv_forward_bf16_2d_128x64x128_compv4,90.96,28
280,4,1216,512,1,28,28,1,1,1,1,28,28,grouped_conv_forward_bf16_2d_64x64x128_compv4,90.60,29
280,4,1216,512,1,28,28,1,1,1,1,28,28,grouped_conv_forward_bf16_2d_128x128x64_compv4,90.37,30
281,1,960,960,960,14,14,5,5,1,1,14,14,grouped_conv_forward_bf16_2d_16x64x64_compv3,6.31,1
281,1,960,960,960,14,14,5,5,1,1,14,14,grouped_conv_forward_bf16_2d_16x64x64_compv5,6.22,2
281,1,960,960,960,14,14,5,5,1,1,14,14,grouped_conv_forward_bf16_2d_32x64x64_compv3,5.92,3
281,1,960,960,960,14,14,5,5,1,1,14,14,grouped_conv_forward_bf16_2d_32x64x64_compv5,5.88,4
281,1,960,960,960,14,14,5,5,1,1,14,14,grouped_conv_forward_bf16_2d_64x64x64_compv3,5.75,5
281,1,960,960,960,14,14,5,5,1,1,14,14,grouped_conv_forward_bf16_2d_64x64x64_compv5,5.60,6
281,1,960,960,960,14,14,5,5,1,1,14,14,grouped_conv_forward_bf16_2d_16x64x64_compv4,4.77,7
281,1,960,960,960,14,14,5,5,1,1,14,14,grouped_conv_forward_bf16_2d_32x64x64_compv4,4.61,8
281,1,960,960,960,14,14,5,5,1,1,14,14,grouped_conv_forward_bf16_2d_64x64x64_compv4,4.46,9
281,1,960,960,960,14,14,5,5,1,1,14,14,grouped_conv_forward_bf16_2d_32x128x64_compv3,3.84,10
281,1,960,960,960,14,14,5,5,1,1,14,14,grouped_conv_forward_bf16_2d_32x128x64_compv5,3.73,11
281,1,960,960,960,14,14,5,5,1,1,14,14,grouped_conv_forward_bf16_2d_64x128x64_compv3,3.24,12
281,1,960,960,960,14,14,5,5,1,1,14,14,grouped_conv_forward_bf16_2d_32x128x64_compv4,3.18,13
281,1,960,960,960,14,14,5,5,1,1,14,14,grouped_conv_forward_bf16_2d_64x128x64_compv5,3.14,14
281,1,960,960,960,14,14,5,5,1,1,14,14,grouped_conv_forward_bf16_2d_128x128x64_compv3,2.85,15
281,1,960,960,960,14,14,5,5,1,1,14,14,grouped_conv_forward_bf16_2d_128x128x64_compv5,2.74,16
281,1,960,960,960,14,14,5,5,1,1,14,14,grouped_conv_forward_bf16_2d_64x128x64_compv4,2.72,17
281,1,960,960,960,14,14,5,5,1,1,14,14,grouped_conv_forward_bf16_2d_128x128x64_compv4,2.70,18
281,1,960,960,960,14,14,5,5,1,1,14,14,grouped_conv_forward_bf16_2d_16x64x128_compv3,2.56,19
281,1,960,960,960,14,14,5,5,1,1,14,14,grouped_conv_forward_bf16_2d_16x64x128_compv5,2.54,20
281,1,960,960,960,14,14,5,5,1,1,14,14,grouped_conv_forward_bf16_2d_32x64x128_compv5,2.38,21
281,1,960,960,960,14,14,5,5,1,1,14,14,grouped_conv_forward_bf16_2d_32x64x128_compv3,2.36,22
281,1,960,960,960,14,14,5,5,1,1,14,14,grouped_conv_forward_bf16_2d_16x64x128_compv4,2.33,23
281,1,960,960,960,14,14,5,5,1,1,14,14,grouped_conv_forward_bf16_2d_64x64x128_compv3,2.09,24
281,1,960,960,960,14,14,5,5,1,1,14,14,grouped_conv_forward_bf16_2d_32x64x128_compv4,2.07,25
281,1,960,960,960,14,14,5,5,1,1,14,14,grouped_conv_forward_bf16_2d_64x64x128_compv5,2.07,26
281,1,960,960,960,14,14,5,5,1,1,14,14,grouped_conv_forward_bf16_2d_128x64x128_compv3,1.96,27
281,1,960,960,960,14,14,5,5,1,1,14,14,grouped_conv_forward_bf16_2d_128x64x128_compv5,1.92,28
281,1,960,960,960,14,14,5,5,1,1,14,14,grouped_conv_forward_bf16_2d_128x64x128_compv4,1.81,29
281,1,960,960,960,14,14,5,5,1,1,14,14,grouped_conv_forward_bf16_2d_64x64x128_compv4,1.79,30
282,4,288,96,1,56,56,1,1,1,1,56,56,grouped_conv_forward_bf16_2d_32x64x64_compv5,70.98,1
282,4,288,96,1,56,56,1,1,1,1,56,56,grouped_conv_forward_bf16_2d_32x64x64_compv4,70.01,2
282,4,288,96,1,56,56,1,1,1,1,56,56,grouped_conv_forward_bf16_2d_32x64x64_compv3,69.92,3
282,4,288,96,1,56,56,1,1,1,1,56,56,grouped_conv_forward_bf16_2d_16x64x64_compv4,69.50,4
282,4,288,96,1,56,56,1,1,1,1,56,56,grouped_conv_forward_bf16_2d_64x64x64_compv5,69.10,5
282,4,288,96,1,56,56,1,1,1,1,56,56,grouped_conv_forward_bf16_2d_64x64x64_compv3,68.80,6
282,4,288,96,1,56,56,1,1,1,1,56,56,grouped_conv_forward_bf16_2d_128x64x128_compv3,68.07,7
282,4,288,96,1,56,56,1,1,1,1,56,56,grouped_conv_forward_bf16_2d_64x64x128_compv5,67.99,8
282,4,288,96,1,56,56,1,1,1,1,56,56,grouped_conv_forward_bf16_2d_32x128x64_compv3,67.91,9
282,4,288,96,1,56,56,1,1,1,1,56,56,grouped_conv_forward_bf16_2d_64x64x128_compv3,67.79,10
282,4,288,96,1,56,56,1,1,1,1,56,56,grouped_conv_forward_bf16_2d_32x128x64_compv5,67.66,11
282,4,288,96,1,56,56,1,1,1,1,56,56,grouped_conv_forward_bf16_2d_32x64x128_compv5,67.50,12
282,4,288,96,1,56,56,1,1,1,1,56,56,grouped_conv_forward_bf16_2d_128x64x128_compv5,67.49,13
282,4,288,96,1,56,56,1,1,1,1,56,56,grouped_conv_forward_bf16_2d_32x64x128_compv3,67.15,14
282,4,288,96,1,56,56,1,1,1,1,56,56,grouped_conv_forward_bf16_2d_64x128x64_compv3,66.47,15
282,4,288,96,1,56,56,1,1,1,1,56,56,grouped_conv_forward_bf16_2d_64x128x64_compv5,66.22,16
282,4,288,96,1,56,56,1,1,1,1,56,56,grouped_conv_forward_bf16_2d_16x64x64_compv5,65.88,17
282,4,288,96,1,56,56,1,1,1,1,56,56,grouped_conv_forward_bf16_2d_16x64x64_compv3,65.71,18
282,4,288,96,1,56,56,1,1,1,1,56,56,grouped_conv_forward_bf16_2d_128x128x64_compv5,64.92,19
282,4,288,96,1,56,56,1,1,1,1,56,56,grouped_conv_forward_bf16_2d_128x128x64_compv3,64.41,20
282,4,288,96,1,56,56,1,1,1,1,56,56,grouped_conv_forward_bf16_2d_32x128x64_compv4,64.26,21
282,4,288,96,1,56,56,1,1,1,1,56,56,grouped_conv_forward_bf16_2d_32x64x128_compv4,62.44,22
282,4,288,96,1,56,56,1,1,1,1,56,56,grouped_conv_forward_bf16_2d_16x64x128_compv5,61.81,23
282,4,288,96,1,56,56,1,1,1,1,56,56,grouped_conv_forward_bf16_2d_16x64x128_compv3,61.74,24
282,4,288,96,1,56,56,1,1,1,1,56,56,grouped_conv_forward_bf16_2d_64x64x64_compv4,60.96,25
282,4,288,96,1,56,56,1,1,1,1,56,56,grouped_conv_forward_bf16_2d_16x64x128_compv4,57.36,26
282,4,288,96,1,56,56,1,1,1,1,56,56,grouped_conv_forward_bf16_2d_128x128x64_compv4,56.32,27
282,4,288,96,1,56,56,1,1,1,1,56,56,grouped_conv_forward_bf16_2d_64x128x64_compv4,56.19,28
282,4,288,96,1,56,56,1,1,1,1,56,56,grouped_conv_forward_bf16_2d_64x64x128_compv4,55.95,29
282,4,288,96,1,56,56,1,1,1,1,56,56,grouped_conv_forward_bf16_2d_128x64x128_compv4,55.89,30
283,1,366,366,366,256,256,3,3,2,2,128,128,grouped_conv_forward_bf16_2d_32x128x64_compv5,76.83,1
283,1,366,366,366,256,256,3,3,2,2,128,128,grouped_conv_forward_bf16_2d_128x128x64_compv5,76.15,2
283,1,366,366,366,256,256,3,3,2,2,128,128,grouped_conv_forward_bf16_2d_64x128x64_compv5,74.34,3
283,1,366,366,366,256,256,3,3,2,2,128,128,grouped_conv_forward_bf16_2d_32x128x64_compv3,73.80,4
283,1,366,366,366,256,256,3,3,2,2,128,128,grouped_conv_forward_bf16_2d_64x64x64_compv5,72.09,5
283,1,366,366,366,256,256,3,3,2,2,128,128,grouped_conv_forward_bf16_2d_64x128x64_compv3,71.14,6
283,1,366,366,366,256,256,3,3,2,2,128,128,grouped_conv_forward_bf16_2d_32x64x64_compv5,69.49,7
283,1,366,366,366,256,256,3,3,2,2,128,128,grouped_conv_forward_bf16_2d_64x64x64_compv3,68.50,8
283,1,366,366,366,256,256,3,3,2,2,128,128,grouped_conv_forward_bf16_2d_128x128x64_compv3,67.63,9
283,1,366,366,366,256,256,3,3,2,2,128,128,grouped_conv_forward_bf16_2d_32x64x64_compv3,66.23,10
283,1,366,366,366,256,256,3,3,2,2,128,128,grouped_conv_forward_bf16_2d_16x64x64_compv5,59.84,11
283,1,366,366,366,256,256,3,3,2,2,128,128,grouped_conv_forward_bf16_2d_16x64x64_compv3,57.65,12
283,1,366,366,366,256,256,3,3,2,2,128,128,grouped_conv_forward_bf16_2d_32x64x128_compv5,56.61,13
283,1,366,366,366,256,256,3,3,2,2,128,128,grouped_conv_forward_bf16_2d_64x64x128_compv5,55.76,14
283,1,366,366,366,256,256,3,3,2,2,128,128,grouped_conv_forward_bf16_2d_32x64x128_compv3,53.86,15
283,1,366,366,366,256,256,3,3,2,2,128,128,grouped_conv_forward_bf16_2d_64x64x128_compv3,53.00,16
283,1,366,366,366,256,256,3,3,2,2,128,128,grouped_conv_forward_bf16_2d_128x64x128_compv5,52.79,17
283,1,366,366,366,256,256,3,3,2,2,128,128,grouped_conv_forward_bf16_2d_16x64x128_compv5,49.97,18
283,1,366,366,366,256,256,3,3,2,2,128,128,grouped_conv_forward_bf16_2d_128x64x128_compv3,49.58,19
283,1,366,366,366,256,256,3,3,2,2,128,128,grouped_conv_forward_bf16_2d_16x64x128_compv3,48.43,20
283,1,366,366,366,256,256,3,3,2,2,128,128,grouped_conv_forward_bf16_2d_32x64x64_compv4,36.46,21
283,1,366,366,366,256,256,3,3,2,2,128,128,grouped_conv_forward_bf16_2d_32x128x64_compv4,33.72,22
283,1,366,366,366,256,256,3,3,2,2,128,128,grouped_conv_forward_bf16_2d_16x64x64_compv4,33.69,23
283,1,366,366,366,256,256,3,3,2,2,128,128,grouped_conv_forward_bf16_2d_32x64x128_compv4,33.14,24
283,1,366,366,366,256,256,3,3,2,2,128,128,grouped_conv_forward_bf16_2d_16x64x128_compv4,30.20,25
283,1,366,366,366,256,256,3,3,2,2,128,128,grouped_conv_forward_bf16_2d_128x128x64_compv4,28.84,26
283,1,366,366,366,256,256,3,3,2,2,128,128,grouped_conv_forward_bf16_2d_128x64x128_compv4,28.63,27
283,1,366,366,366,256,256,3,3,2,2,128,128,grouped_conv_forward_bf16_2d_64x128x64_compv4,28.41,28
283,1,366,366,366,256,256,3,3,2,2,128,128,grouped_conv_forward_bf16_2d_64x64x128_compv4,27.81,29
283,1,366,366,366,256,256,3,3,2,2,128,128,grouped_conv_forward_bf16_2d_64x64x64_compv4,27.03,30
284,4,5,20,1,28,28,1,1,1,1,28,28,grouped_conv_forward_bf16_2d_16x64x128_compv3,5.05,1
284,4,5,20,1,28,28,1,1,1,1,28,28,grouped_conv_forward_bf16_2d_16x64x128_compv5,4.90,2
284,4,5,20,1,28,28,1,1,1,1,28,28,grouped_conv_forward_bf16_2d_32x64x128_compv3,4.87,3
284,4,5,20,1,28,28,1,1,1,1,28,28,grouped_conv_forward_bf16_2d_32x64x128_compv5,4.86,4
284,4,5,20,1,28,28,1,1,1,1,28,28,grouped_conv_forward_bf16_2d_64x64x128_compv3,4.46,5
284,4,5,20,1,28,28,1,1,1,1,28,28,grouped_conv_forward_bf16_2d_64x64x128_compv5,4.41,6
284,4,5,20,1,28,28,1,1,1,1,28,28,grouped_conv_forward_bf16_2d_16x64x64_compv3,4.38,7
284,4,5,20,1,28,28,1,1,1,1,28,28,grouped_conv_forward_bf16_2d_16x64x64_compv5,4.34,8
284,4,5,20,1,28,28,1,1,1,1,28,28,grouped_conv_forward_bf16_2d_16x64x128_compv4,4.28,9
284,4,5,20,1,28,28,1,1,1,1,28,28,grouped_conv_forward_bf16_2d_128x64x128_compv3,4.27,10
284,4,5,20,1,28,28,1,1,1,1,28,28,grouped_conv_forward_bf16_2d_32x64x64_compv5,4.21,11
284,4,5,20,1,28,28,1,1,1,1,28,28,grouped_conv_forward_bf16_2d_32x64x128_compv4,4.19,12
284,4,5,20,1,28,28,1,1,1,1,28,28,grouped_conv_forward_bf16_2d_128x64x128_compv5,4.17,13
284,4,5,20,1,28,28,1,1,1,1,28,28,grouped_conv_forward_bf16_2d_32x64x64_compv3,4.10,14
284,4,5,20,1,28,28,1,1,1,1,28,28,grouped_conv_forward_bf16_2d_64x64x64_compv3,3.72,15
284,4,5,20,1,28,28,1,1,1,1,28,28,grouped_conv_forward_bf16_2d_128x64x128_compv4,3.70,16
284,4,5,20,1,28,28,1,1,1,1,28,28,grouped_conv_forward_bf16_2d_64x64x128_compv4,3.65,17
284,4,5,20,1,28,28,1,1,1,1,28,28,grouped_conv_forward_bf16_2d_64x64x64_compv5,3.64,18
284,4,5,20,1,28,28,1,1,1,1,28,28,grouped_conv_forward_bf16_2d_16x64x64_compv4,3.41,19
284,4,5,20,1,28,28,1,1,1,1,28,28,grouped_conv_forward_bf16_2d_32x64x64_compv4,3.19,20
284,4,5,20,1,28,28,1,1,1,1,28,28,grouped_conv_forward_bf16_2d_32x128x64_compv3,2.99,21
284,4,5,20,1,28,28,1,1,1,1,28,28,grouped_conv_forward_bf16_2d_32x128x64_compv5,2.94,22
284,4,5,20,1,28,28,1,1,1,1,28,28,grouped_conv_forward_bf16_2d_64x64x64_compv4,2.66,23
284,4,5,20,1,28,28,1,1,1,1,28,28,grouped_conv_forward_bf16_2d_64x128x64_compv3,2.61,24
284,4,5,20,1,28,28,1,1,1,1,28,28,grouped_conv_forward_bf16_2d_64x128x64_compv5,2.58,25
284,4,5,20,1,28,28,1,1,1,1,28,28,grouped_conv_forward_bf16_2d_32x128x64_compv4,2.52,26
284,4,5,20,1,28,28,1,1,1,1,28,28,grouped_conv_forward_bf16_2d_128x128x64_compv3,2.37,27
284,4,5,20,1,28,28,1,1,1,1,28,28,grouped_conv_forward_bf16_2d_128x128x64_compv5,2.31,28
284,4,5,20,1,28,28,1,1,1,1,28,28,grouped_conv_forward_bf16_2d_64x128x64_compv4,2.07,29
284,4,5,20,1,28,28,1,1,1,1,28,28,grouped_conv_forward_bf16_2d_128x128x64_compv4,2.04,30
285,4,174,1044,1,64,64,1,1,1,1,64,64,grouped_conv_forward_bf16_2d_64x128x64_compv5,145.97,1
285,4,174,1044,1,64,64,1,1,1,1,64,64,grouped_conv_forward_bf16_2d_32x128x64_compv5,144.25,2
285,4,174,1044,1,64,64,1,1,1,1,64,64,grouped_conv_forward_bf16_2d_64x128x64_compv3,142.71,3
285,4,174,1044,1,64,64,1,1,1,1,64,64,grouped_conv_forward_bf16_2d_32x128x64_compv3,142.33,4
285,4,174,1044,1,64,64,1,1,1,1,64,64,grouped_conv_forward_bf16_2d_128x128x64_compv5,134.16,5
285,4,174,1044,1,64,64,1,1,1,1,64,64,grouped_conv_forward_bf16_2d_128x128x64_compv3,123.68,6
285,4,174,1044,1,64,64,1,1,1,1,64,64,grouped_conv_forward_bf16_2d_64x64x64_compv5,121.13,7
285,4,174,1044,1,64,64,1,1,1,1,64,64,grouped_conv_forward_bf16_2d_64x64x64_compv3,117.86,8
285,4,174,1044,1,64,64,1,1,1,1,64,64,grouped_conv_forward_bf16_2d_32x64x64_compv5,116.42,9
285,4,174,1044,1,64,64,1,1,1,1,64,64,grouped_conv_forward_bf16_2d_32x64x128_compv5,116.22,10
285,4,174,1044,1,64,64,1,1,1,1,64,64,grouped_conv_forward_bf16_2d_32x64x64_compv3,114.83,11
285,4,174,1044,1,64,64,1,1,1,1,64,64,grouped_conv_forward_bf16_2d_32x64x128_compv3,114.74,12
285,4,174,1044,1,64,64,1,1,1,1,64,64,grouped_conv_forward_bf16_2d_64x64x128_compv5,111.61,13
285,4,174,1044,1,64,64,1,1,1,1,64,64,grouped_conv_forward_bf16_2d_64x64x128_compv3,109.56,14
285,4,174,1044,1,64,64,1,1,1,1,64,64,grouped_conv_forward_bf16_2d_128x64x128_compv5,104.76,15
285,4,174,1044,1,64,64,1,1,1,1,64,64,grouped_conv_forward_bf16_2d_128x64x128_compv3,98.54,16
285,4,174,1044,1,64,64,1,1,1,1,64,64,grouped_conv_forward_bf16_2d_16x64x64_compv5,97.30,17
285,4,174,1044,1,64,64,1,1,1,1,64,64,grouped_conv_forward_bf16_2d_16x64x64_compv3,96.34,18
285,4,174,1044,1,64,64,1,1,1,1,64,64,grouped_conv_forward_bf16_2d_16x64x128_compv5,95.90,19
285,4,174,1044,1,64,64,1,1,1,1,64,64,grouped_conv_forward_bf16_2d_16x64x128_compv3,95.05,20
285,4,174,1044,1,64,64,1,1,1,1,64,64,grouped_conv_forward_bf16_2d_32x64x128_compv4,71.40,21
285,4,174,1044,1,64,64,1,1,1,1,64,64,grouped_conv_forward_bf16_2d_32x128x64_compv4,70.93,22
285,4,174,1044,1,64,64,1,1,1,1,64,64,grouped_conv_forward_bf16_2d_32x64x64_compv4,69.16,23
285,4,174,1044,1,64,64,1,1,1,1,64,64,grouped_conv_forward_bf16_2d_16x64x128_compv4,62.92,24
285,4,174,1044,1,64,64,1,1,1,1,64,64,grouped_conv_forward_bf16_2d_16x64x64_compv4,61.64,25
285,4,174,1044,1,64,64,1,1,1,1,64,64,grouped_conv_forward_bf16_2d_128x128x64_compv4,55.84,26
285,4,174,1044,1,64,64,1,1,1,1,64,64,grouped_conv_forward_bf16_2d_128x64x128_compv4,55.65,27
285,4,174,1044,1,64,64,1,1,1,1,64,64,grouped_conv_forward_bf16_2d_64x64x128_compv4,55.39,28
285,4,174,1044,1,64,64,1,1,1,1,64,64,grouped_conv_forward_bf16_2d_64x128x64_compv4,53.85,29
285,4,174,1044,1,64,64,1,1,1,1,64,64,grouped_conv_forward_bf16_2d_64x64x64_compv4,53.80,30
286,4,336,192,1,56,56,1,1,1,1,56,56,grouped_conv_forward_bf16_2d_32x64x128_compv5,117.15,1
286,4,336,192,1,56,56,1,1,1,1,56,56,grouped_conv_forward_bf16_2d_32x64x128_compv3,116.04,2
286,4,336,192,1,56,56,1,1,1,1,56,56,grouped_conv_forward_bf16_2d_64x64x128_compv5,114.00,3
286,4,336,192,1,56,56,1,1,1,1,56,56,grouped_conv_forward_bf16_2d_64x64x128_compv3,113.50,4
286,4,336,192,1,56,56,1,1,1,1,56,56,grouped_conv_forward_bf16_2d_128x64x128_compv5,112.68,5
286,4,336,192,1,56,56,1,1,1,1,56,56,grouped_conv_forward_bf16_2d_128x64x128_compv3,112.41,6
286,4,336,192,1,56,56,1,1,1,1,56,56,grouped_conv_forward_bf16_2d_32x128x64_compv5,109.97,7
286,4,336,192,1,56,56,1,1,1,1,56,56,grouped_conv_forward_bf16_2d_32x128x64_compv3,109.66,8
286,4,336,192,1,56,56,1,1,1,1,56,56,grouped_conv_forward_bf16_2d_128x128x64_compv5,109.26,9
286,4,336,192,1,56,56,1,1,1,1,56,56,grouped_conv_forward_bf16_2d_64x128x64_compv5,108.66,10
286,4,336,192,1,56,56,1,1,1,1,56,56,grouped_conv_forward_bf16_2d_64x128x64_compv3,108.57,11
286,4,336,192,1,56,56,1,1,1,1,56,56,grouped_conv_forward_bf16_2d_128x128x64_compv3,108.46,12
286,4,336,192,1,56,56,1,1,1,1,56,56,grouped_conv_forward_bf16_2d_16x64x128_compv5,101.94,13
286,4,336,192,1,56,56,1,1,1,1,56,56,grouped_conv_forward_bf16_2d_16x64x128_compv3,101.72,14
286,4,336,192,1,56,56,1,1,1,1,56,56,grouped_conv_forward_bf16_2d_64x64x64_compv5,90.02,15
286,4,336,192,1,56,56,1,1,1,1,56,56,grouped_conv_forward_bf16_2d_64x64x64_compv3,89.82,16
286,4,336,192,1,56,56,1,1,1,1,56,56,grouped_conv_forward_bf16_2d_32x64x64_compv5,88.99,17
286,4,336,192,1,56,56,1,1,1,1,56,56,grouped_conv_forward_bf16_2d_32x64x64_compv3,88.25,18
286,4,336,192,1,56,56,1,1,1,1,56,56,grouped_conv_forward_bf16_2d_32x128x64_compv4,85.71,19
286,4,336,192,1,56,56,1,1,1,1,56,56,grouped_conv_forward_bf16_2d_32x64x128_compv4,83.24,20
286,4,336,192,1,56,56,1,1,1,1,56,56,grouped_conv_forward_bf16_2d_16x64x64_compv4,82.70,21
286,4,336,192,1,56,56,1,1,1,1,56,56,grouped_conv_forward_bf16_2d_32x64x64_compv4,82.45,22
286,4,336,192,1,56,56,1,1,1,1,56,56,grouped_conv_forward_bf16_2d_16x64x64_compv5,81.02,23
286,4,336,192,1,56,56,1,1,1,1,56,56,grouped_conv_forward_bf16_2d_16x64x64_compv3,80.86,24
286,4,336,192,1,56,56,1,1,1,1,56,56,grouped_conv_forward_bf16_2d_16x64x128_compv4,79.89,25
286,4,336,192,1,56,56,1,1,1,1,56,56,grouped_conv_forward_bf16_2d_64x64x128_compv4,67.24,26
286,4,336,192,1,56,56,1,1,1,1,56,56,grouped_conv_forward_bf16_2d_64x64x64_compv4,66.35,27
286,4,336,192,1,56,56,1,1,1,1,56,56,grouped_conv_forward_bf16_2d_64x128x64_compv4,65.78,28
286,4,336,192,1,56,56,1,1,1,1,56,56,grouped_conv_forward_bf16_2d_128x64x128_compv4,63.54,29
286,4,336,192,1,56,56,1,1,1,1,56,56,grouped_conv_forward_bf16_2d_128x128x64_compv4,63.09,30
287,1,1024,416,1,128,128,1,1,1,1,128,128,grouped_conv_forward_bf16_2d_128x128x64_compv5,250.78,1
287,1,1024,416,1,128,128,1,1,1,1,128,128,grouped_conv_forward_bf16_2d_128x128x64_compv3,250.26,2
287,1,1024,416,1,128,128,1,1,1,1,128,128,grouped_conv_forward_bf16_2d_64x128x64_compv5,233.22,3
287,1,1024,416,1,128,128,1,1,1,1,128,128,grouped_conv_forward_bf16_2d_64x128x64_compv3,231.52,4
287,1,1024,416,1,128,128,1,1,1,1,128,128,grouped_conv_forward_bf16_2d_32x128x64_compv5,211.32,5
287,1,1024,416,1,128,128,1,1,1,1,128,128,grouped_conv_forward_bf16_2d_32x128x64_compv3,211.02,6
287,1,1024,416,1,128,128,1,1,1,1,128,128,grouped_conv_forward_bf16_2d_128x64x128_compv5,203.05,7
287,1,1024,416,1,128,128,1,1,1,1,128,128,grouped_conv_forward_bf16_2d_128x64x128_compv3,202.48,8
287,1,1024,416,1,128,128,1,1,1,1,128,128,grouped_conv_forward_bf16_2d_64x64x128_compv3,196.16,9
287,1,1024,416,1,128,128,1,1,1,1,128,128,grouped_conv_forward_bf16_2d_64x64x128_compv5,195.95,10
287,1,1024,416,1,128,128,1,1,1,1,128,128,grouped_conv_forward_bf16_2d_64x64x64_compv5,193.26,11
287,1,1024,416,1,128,128,1,1,1,1,128,128,grouped_conv_forward_bf16_2d_64x64x64_compv3,193.18,12
287,1,1024,416,1,128,128,1,1,1,1,128,128,grouped_conv_forward_bf16_2d_32x64x128_compv5,191.87,13
287,1,1024,416,1,128,128,1,1,1,1,128,128,grouped_conv_forward_bf16_2d_32x64x128_compv3,191.49,14
287,1,1024,416,1,128,128,1,1,1,1,128,128,grouped_conv_forward_bf16_2d_32x64x64_compv5,166.85,15
287,1,1024,416,1,128,128,1,1,1,1,128,128,grouped_conv_forward_bf16_2d_32x64x64_compv3,166.42,16
287,1,1024,416,1,128,128,1,1,1,1,128,128,grouped_conv_forward_bf16_2d_16x64x128_compv5,144.77,17
287,1,1024,416,1,128,128,1,1,1,1,128,128,grouped_conv_forward_bf16_2d_16x64x128_compv3,144.14,18
287,1,1024,416,1,128,128,1,1,1,1,128,128,grouped_conv_forward_bf16_2d_32x64x128_compv4,140.43,19
287,1,1024,416,1,128,128,1,1,1,1,128,128,grouped_conv_forward_bf16_2d_32x128x64_compv4,139.53,20
287,1,1024,416,1,128,128,1,1,1,1,128,128,grouped_conv_forward_bf16_2d_32x64x64_compv4,139.32,21
287,1,1024,416,1,128,128,1,1,1,1,128,128,grouped_conv_forward_bf16_2d_16x64x64_compv3,138.66,22
287,1,1024,416,1,128,128,1,1,1,1,128,128,grouped_conv_forward_bf16_2d_16x64x64_compv5,138.55,23
287,1,1024,416,1,128,128,1,1,1,1,128,128,grouped_conv_forward_bf16_2d_16x64x64_compv4,120.04,24
287,1,1024,416,1,128,128,1,1,1,1,128,128,grouped_conv_forward_bf16_2d_16x64x128_compv4,119.12,25
287,1,1024,416,1,128,128,1,1,1,1,128,128,grouped_conv_forward_bf16_2d_128x64x128_compv4,110.07,26
287,1,1024,416,1,128,128,1,1,1,1,128,128,grouped_conv_forward_bf16_2d_64x64x128_compv4,110.02,27
287,1,1024,416,1,128,128,1,1,1,1,128,128,grouped_conv_forward_bf16_2d_64x64x64_compv4,109.98,28
287,1,1024,416,1,128,128,1,1,1,1,128,128,grouped_conv_forward_bf16_2d_64x128x64_compv4,107.07,29
287,1,1024,416,1,128,128,1,1,1,1,128,128,grouped_conv_forward_bf16_2d_128x128x64_compv4,105.69,30
288,1,104,260,1,64,64,1,1,1,1,64,64,grouped_conv_forward_bf16_2d_32x64x64_compv5,35.74,1
288,1,104,260,1,64,64,1,1,1,1,64,64,grouped_conv_forward_bf16_2d_32x64x64_compv3,35.18,2
288,1,104,260,1,64,64,1,1,1,1,64,64,grouped_conv_forward_bf16_2d_64x64x64_compv3,35.09,3
288,1,104,260,1,64,64,1,1,1,1,64,64,grouped_conv_forward_bf16_2d_64x64x64_compv5,34.78,4
288,1,104,260,1,64,64,1,1,1,1,64,64,grouped_conv_forward_bf16_2d_16x64x64_compv5,33.70,5
288,1,104,260,1,64,64,1,1,1,1,64,64,grouped_conv_forward_bf16_2d_16x64x64_compv3,33.60,6
288,1,104,260,1,64,64,1,1,1,1,64,64,grouped_conv_forward_bf16_2d_32x64x64_compv4,22.04,7
288,1,104,260,1,64,64,1,1,1,1,64,64,grouped_conv_forward_bf16_2d_16x64x64_compv4,21.38,8
288,1,104,260,1,64,64,1,1,1,1,64,64,grouped_conv_forward_bf16_2d_64x64x64_compv4,19.99,9
288,1,104,260,1,64,64,1,1,1,1,64,64,grouped_conv_forward_bf16_2d_32x128x64_compv5,16.26,10
288,1,104,260,1,64,64,1,1,1,1,64,64,grouped_conv_forward_bf16_2d_32x128x64_compv3,16.17,11
288,1,104,260,1,64,64,1,1,1,1,64,64,grouped_conv_forward_bf16_2d_32x64x128_compv3,15.95,12
288,1,104,260,1,64,64,1,1,1,1,64,64,grouped_conv_forward_bf16_2d_32x64x128_compv5,15.86,13
288,1,104,260,1,64,64,1,1,1,1,64,64,grouped_conv_forward_bf16_2d_16x64x128_compv3,15.31,14
288,1,104,260,1,64,64,1,1,1,1,64,64,grouped_conv_forward_bf16_2d_16x64x128_compv5,15.12,15
288,1,104,260,1,64,64,1,1,1,1,64,64,grouped_conv_forward_bf16_2d_64x64x128_compv3,15.12,16
288,1,104,260,1,64,64,1,1,1,1,64,64,grouped_conv_forward_bf16_2d_64x128x64_compv3,14.92,17
288,1,104,260,1,64,64,1,1,1,1,64,64,grouped_conv_forward_bf16_2d_64x128x64_compv5,14.81,18
288,1,104,260,1,64,64,1,1,1,1,64,64,grouped_conv_forward_bf16_2d_64x64x128_compv5,14.77,19
288,1,104,260,1,64,64,1,1,1,1,64,64,grouped_conv_forward_bf16_2d_32x128x64_compv4,14.48,20
288,1,104,260,1,64,64,1,1,1,1,64,64,grouped_conv_forward_bf16_2d_32x64x128_compv4,13.95,21
288,1,104,260,1,64,64,1,1,1,1,64,64,grouped_conv_forward_bf16_2d_128x64x128_compv3,13.72,22
288,1,104,260,1,64,64,1,1,1,1,64,64,grouped_conv_forward_bf16_2d_16x64x128_compv4,13.60,23
288,1,104,260,1,64,64,1,1,1,1,64,64,grouped_conv_forward_bf16_2d_128x64x128_compv5,13.58,24
288,1,104,260,1,64,64,1,1,1,1,64,64,grouped_conv_forward_bf16_2d_128x128x64_compv4,12.68,25
288,1,104,260,1,64,64,1,1,1,1,64,64,grouped_conv_forward_bf16_2d_64x128x64_compv4,12.49,26
288,1,104,260,1,64,64,1,1,1,1,64,64,grouped_conv_forward_bf16_2d_128x128x64_compv3,12.45,27
288,1,104,260,1,64,64,1,1,1,1,64,64,grouped_conv_forward_bf16_2d_128x128x64_compv5,12.41,28
288,1,104,260,1,64,64,1,1,1,1,64,64,grouped_conv_forward_bf16_2d_128x64x128_compv4,12.31,29
288,1,104,260,1,64,64,1,1,1,1,64,64,grouped_conv_forward_bf16_2d_64x64x128_compv4,12.23,30
289,4,64,64,64,1026,1026,3,3,2,2,512,512,grouped_conv_forward_bf16_2d_64x64x64_compv5,92.70,1
289,4,64,64,64,1026,1026,3,3,2,2,512,512,grouped_conv_forward_bf16_2d_32x128x64_compv5,92.14,2
289,4,64,64,64,1026,1026,3,3,2,2,512,512,grouped_conv_forward_bf16_2d_64x64x64_compv3,90.68,3
289,4,64,64,64,1026,1026,3,3,2,2,512,512,grouped_conv_forward_bf16_2d_64x128x64_compv5,89.95,4
289,4,64,64,64,1026,1026,3,3,2,2,512,512,grouped_conv_forward_bf16_2d_32x128x64_compv3,89.38,5
289,4,64,64,64,1026,1026,3,3,2,2,512,512,grouped_conv_forward_bf16_2d_64x128x64_compv3,87.96,6
289,4,64,64,64,1026,1026,3,3,2,2,512,512,grouped_conv_forward_bf16_2d_128x128x64_compv5,84.07,7
289,4,64,64,64,1026,1026,3,3,2,2,512,512,grouped_conv_forward_bf16_2d_32x64x64_compv5,82.84,8
289,4,64,64,64,1026,1026,3,3,2,2,512,512,grouped_conv_forward_bf16_2d_32x64x64_compv3,80.53,9
289,4,64,64,64,1026,1026,3,3,2,2,512,512,grouped_conv_forward_bf16_2d_128x128x64_compv3,77.83,10
289,4,64,64,64,1026,1026,3,3,2,2,512,512,grouped_conv_forward_bf16_2d_16x64x64_compv5,66.88,11
289,4,64,64,64,1026,1026,3,3,2,2,512,512,grouped_conv_forward_bf16_2d_32x64x128_compv5,66.61,12
289,4,64,64,64,1026,1026,3,3,2,2,512,512,grouped_conv_forward_bf16_2d_64x64x128_compv5,66.23,13
289,4,64,64,64,1026,1026,3,3,2,2,512,512,grouped_conv_forward_bf16_2d_16x64x64_compv3,65.88,14
289,4,64,64,64,1026,1026,3,3,2,2,512,512,grouped_conv_forward_bf16_2d_32x64x128_compv3,64.63,15
289,4,64,64,64,1026,1026,3,3,2,2,512,512,grouped_conv_forward_bf16_2d_64x64x128_compv3,64.62,16
289,4,64,64,64,1026,1026,3,3,2,2,512,512,grouped_conv_forward_bf16_2d_128x64x128_compv5,61.32,17
289,4,64,64,64,1026,1026,3,3,2,2,512,512,grouped_conv_forward_bf16_2d_128x64x128_compv3,59.24,18
289,4,64,64,64,1026,1026,3,3,2,2,512,512,grouped_conv_forward_bf16_2d_16x64x128_compv5,54.69,19
289,4,64,64,64,1026,1026,3,3,2,2,512,512,grouped_conv_forward_bf16_2d_16x64x128_compv3,53.39,20
289,4,64,64,64,1026,1026,3,3,2,2,512,512,grouped_conv_forward_bf16_2d_32x128x64_compv4,35.84,21
289,4,64,64,64,1026,1026,3,3,2,2,512,512,grouped_conv_forward_bf16_2d_32x64x128_compv4,35.19,22
289,4,64,64,64,1026,1026,3,3,2,2,512,512,grouped_conv_forward_bf16_2d_32x64x64_compv4,34.00,23
289,4,64,64,64,1026,1026,3,3,2,2,512,512,grouped_conv_forward_bf16_2d_16x64x128_compv4,31.28,24
289,4,64,64,64,1026,1026,3,3,2,2,512,512,grouped_conv_forward_bf16_2d_16x64x64_compv4,30.67,25
289,4,64,64,64,1026,1026,3,3,2,2,512,512,grouped_conv_forward_bf16_2d_128x128x64_compv4,27.50,26
289,4,64,64,64,1026,1026,3,3,2,2,512,512,grouped_conv_forward_bf16_2d_64x128x64_compv4,27.49,27
289,4,64,64,64,1026,1026,3,3,2,2,512,512,grouped_conv_forward_bf16_2d_128x64x128_compv4,26.76,28
289,4,64,64,64,1026,1026,3,3,2,2,512,512,grouped_conv_forward_bf16_2d_64x64x64_compv4,25.53,29
289,4,64,64,64,1026,1026,3,3,2,2,512,512,grouped_conv_forward_bf16_2d_64x64x128_compv4,24.44,30
290,1,28,32,1,128,128,1,1,1,1,128,128,grouped_conv_forward_bf16_2d_32x64x128_compv5,29.95,1
290,1,28,32,1,128,128,1,1,1,1,128,128,grouped_conv_forward_bf16_2d_32x64x128_compv3,29.41,2
290,1,28,32,1,128,128,1,1,1,1,128,128,grouped_conv_forward_bf16_2d_64x64x128_compv3,29.01,3
290,1,28,32,1,128,128,1,1,1,1,128,128,grouped_conv_forward_bf16_2d_64x64x128_compv5,29.01,4
290,1,28,32,1,128,128,1,1,1,1,128,128,grouped_conv_forward_bf16_2d_128x64x128_compv5,28.59,5
290,1,28,32,1,128,128,1,1,1,1,128,128,grouped_conv_forward_bf16_2d_32x64x64_compv5,28.56,6
290,1,28,32,1,128,128,1,1,1,1,128,128,grouped_conv_forward_bf16_2d_16x64x128_compv5,28.54,7
290,1,28,32,1,128,128,1,1,1,1,128,128,grouped_conv_forward_bf16_2d_16x64x128_compv3,28.44,8
290,1,28,32,1,128,128,1,1,1,1,128,128,grouped_conv_forward_bf16_2d_128x64x128_compv3,28.23,9
290,1,28,32,1,128,128,1,1,1,1,128,128,grouped_conv_forward_bf16_2d_32x64x64_compv3,27.89,10
290,1,28,32,1,128,128,1,1,1,1,128,128,grouped_conv_forward_bf16_2d_64x64x64_compv5,27.57,11
290,1,28,32,1,128,128,1,1,1,1,128,128,grouped_conv_forward_bf16_2d_64x64x64_compv3,27.33,12
290,1,28,32,1,128,128,1,1,1,1,128,128,grouped_conv_forward_bf16_2d_16x64x64_compv5,27.16,13
290,1,28,32,1,128,128,1,1,1,1,128,128,grouped_conv_forward_bf16_2d_16x64x64_compv3,26.76,14
290,1,28,32,1,128,128,1,1,1,1,128,128,grouped_conv_forward_bf16_2d_32x64x128_compv4,19.00,15
290,1,28,32,1,128,128,1,1,1,1,128,128,grouped_conv_forward_bf16_2d_16x64x128_compv4,18.92,16
290,1,28,32,1,128,128,1,1,1,1,128,128,grouped_conv_forward_bf16_2d_128x64x128_compv4,17.90,17
290,1,28,32,1,128,128,1,1,1,1,128,128,grouped_conv_forward_bf16_2d_32x64x64_compv4,17.74,18
290,1,28,32,1,128,128,1,1,1,1,128,128,grouped_conv_forward_bf16_2d_64x64x128_compv4,17.48,19
290,1,28,32,1,128,128,1,1,1,1,128,128,grouped_conv_forward_bf16_2d_16x64x64_compv4,16.87,20
290,1,28,32,1,128,128,1,1,1,1,128,128,grouped_conv_forward_bf16_2d_64x64x64_compv4,16.24,21
290,1,28,32,1,128,128,1,1,1,1,128,128,grouped_conv_forward_bf16_2d_32x128x64_compv5,12.15,22
290,1,28,32,1,128,128,1,1,1,1,128,128,grouped_conv_forward_bf16_2d_32x128x64_compv3,12.12,23
290,1,28,32,1,128,128,1,1,1,1,128,128,grouped_conv_forward_bf16_2d_64x128x64_compv3,11.33,24
290,1,28,32,1,128,128,1,1,1,1,128,128,grouped_conv_forward_bf16_2d_64x128x64_compv5,11.25,25
290,1,28,32,1,128,128,1,1,1,1,128,128,grouped_conv_forward_bf16_2d_32x128x64_compv4,11.03,26
290,1,28,32,1,128,128,1,1,1,1,128,128,grouped_conv_forward_bf16_2d_128x128x64_compv5,10.09,27
290,1,28,32,1,128,128,1,1,1,1,128,128,grouped_conv_forward_bf16_2d_128x128x64_compv3,9.98,28
290,1,28,32,1,128,128,1,1,1,1,128,128,grouped_conv_forward_bf16_2d_128x128x64_compv4,9.43,29
290,1,28,32,1,128,128,1,1,1,1,128,128,grouped_conv_forward_bf16_2d_64x128x64_compv4,9.21,30
291,4,104,256,1,512,512,1,1,1,1,512,512,grouped_conv_forward_bf16_2d_64x128x64_compv5,121.16,1
291,4,104,256,1,512,512,1,1,1,1,512,512,grouped_conv_forward_bf16_2d_32x128x64_compv5,119.70,2
291,4,104,256,1,512,512,1,1,1,1,512,512,grouped_conv_forward_bf16_2d_64x128x64_compv3,119.48,3
291,4,104,256,1,512,512,1,1,1,1,512,512,grouped_conv_forward_bf16_2d_32x128x64_compv3,117.34,4
291,4,104,256,1,512,512,1,1,1,1,512,512,grouped_conv_forward_bf16_2d_128x128x64_compv3,108.32,5
291,4,104,256,1,512,512,1,1,1,1,512,512,grouped_conv_forward_bf16_2d_128x128x64_compv5,107.76,6
291,4,104,256,1,512,512,1,1,1,1,512,512,grouped_conv_forward_bf16_2d_64x64x64_compv5,98.64,7
291,4,104,256,1,512,512,1,1,1,1,512,512,grouped_conv_forward_bf16_2d_64x64x64_compv3,97.79,8
291,4,104,256,1,512,512,1,1,1,1,512,512,grouped_conv_forward_bf16_2d_32x64x64_compv5,85.33,9
291,4,104,256,1,512,512,1,1,1,1,512,512,grouped_conv_forward_bf16_2d_32x64x64_compv3,84.29,10
291,4,104,256,1,512,512,1,1,1,1,512,512,grouped_conv_forward_bf16_2d_16x64x64_compv5,71.04,11
291,4,104,256,1,512,512,1,1,1,1,512,512,grouped_conv_forward_bf16_2d_16x64x64_compv3,70.72,12
291,4,104,256,1,512,512,1,1,1,1,512,512,grouped_conv_forward_bf16_2d_64x64x128_compv5,68.55,13
291,4,104,256,1,512,512,1,1,1,1,512,512,grouped_conv_forward_bf16_2d_64x64x128_compv3,67.90,14
291,4,104,256,1,512,512,1,1,1,1,512,512,grouped_conv_forward_bf16_2d_32x64x128_compv5,67.90,15
291,4,104,256,1,512,512,1,1,1,1,512,512,grouped_conv_forward_bf16_2d_32x64x128_compv3,66.97,16
291,4,104,256,1,512,512,1,1,1,1,512,512,grouped_conv_forward_bf16_2d_128x64x128_compv3,63.40,17
291,4,104,256,1,512,512,1,1,1,1,512,512,grouped_conv_forward_bf16_2d_128x64x128_compv5,63.03,18
291,4,104,256,1,512,512,1,1,1,1,512,512,grouped_conv_forward_bf16_2d_16x64x128_compv3,56.04,19
291,4,104,256,1,512,512,1,1,1,1,512,512,grouped_conv_forward_bf16_2d_16x64x128_compv5,55.45,20
291,4,104,256,1,512,512,1,1,1,1,512,512,grouped_conv_forward_bf16_2d_32x64x64_compv4,36.30,21
291,4,104,256,1,512,512,1,1,1,1,512,512,grouped_conv_forward_bf16_2d_32x64x128_compv4,36.17,22
291,4,104,256,1,512,512,1,1,1,1,512,512,grouped_conv_forward_bf16_2d_32x128x64_compv4,36.15,23
291,4,104,256,1,512,512,1,1,1,1,512,512,grouped_conv_forward_bf16_2d_16x64x64_compv4,33.42,24
291,4,104,256,1,512,512,1,1,1,1,512,512,grouped_conv_forward_bf16_2d_16x64x128_compv4,33.31,25
291,4,104,256,1,512,512,1,1,1,1,512,512,grouped_conv_forward_bf16_2d_128x64x128_compv4,29.54,26
291,4,104,256,1,512,512,1,1,1,1,512,512,grouped_conv_forward_bf16_2d_128x128x64_compv4,29.46,27
291,4,104,256,1,512,512,1,1,1,1,512,512,grouped_conv_forward_bf16_2d_64x64x64_compv4,29.26,28
291,4,104,256,1,512,512,1,1,1,1,512,512,grouped_conv_forward_bf16_2d_64x128x64_compv4,29.06,29
291,4,104,256,1,512,512,1,1,1,1,512,512,grouped_conv_forward_bf16_2d_64x64x128_compv4,28.69,30
292,1,64,256,1,30,30,1,1,1,1,30,30,grouped_conv_forward_bf16_2d_16x64x64_compv3,11.88,1
292,1,64,256,1,30,30,1,1,1,1,30,30,grouped_conv_forward_bf16_2d_16x64x64_compv5,11.66,2
292,1,64,256,1,30,30,1,1,1,1,30,30,grouped_conv_forward_bf16_2d_32x64x64_compv5,11.61,3
292,1,64,256,1,30,30,1,1,1,1,30,30,grouped_conv_forward_bf16_2d_32x64x64_compv3,11.31,4
292,1,64,256,1,30,30,1,1,1,1,30,30,grouped_conv_forward_bf16_2d_64x64x64_compv3,9.67,5
292,1,64,256,1,30,30,1,1,1,1,30,30,grouped_conv_forward_bf16_2d_64x64x64_compv5,9.58,6
292,1,64,256,1,30,30,1,1,1,1,30,30,grouped_conv_forward_bf16_2d_16x64x64_compv4,9.39,7
292,1,64,256,1,30,30,1,1,1,1,30,30,grouped_conv_forward_bf16_2d_32x64x64_compv4,8.78,8
292,1,64,256,1,30,30,1,1,1,1,30,30,grouped_conv_forward_bf16_2d_64x64x64_compv4,7.25,9
292,1,64,256,1,30,30,1,1,1,1,30,30,grouped_conv_forward_bf16_2d_16x64x128_compv3,6.02,10
292,1,64,256,1,30,30,1,1,1,1,30,30,grouped_conv_forward_bf16_2d_16x64x128_compv5,5.73,11
292,1,64,256,1,30,30,1,1,1,1,30,30,grouped_conv_forward_bf16_2d_32x128x64_compv3,5.64,12
292,1,64,256,1,30,30,1,1,1,1,30,30,grouped_conv_forward_bf16_2d_32x128x64_compv5,5.57,13
292,1,64,256,1,30,30,1,1,1,1,30,30,grouped_conv_forward_bf16_2d_32x64x128_compv3,5.54,14
292,1,64,256,1,30,30,1,1,1,1,30,30,grouped_conv_forward_bf16_2d_32x64x128_compv5,5.51,15
292,1,64,256,1,30,30,1,1,1,1,30,30,grouped_conv_forward_bf16_2d_16x64x128_compv4,5.04,16
292,1,64,256,1,30,30,1,1,1,1,30,30,grouped_conv_forward_bf16_2d_64x128x64_compv3,4.82,17
292,1,64,256,1,30,30,1,1,1,1,30,30,grouped_conv_forward_bf16_2d_64x64x128_compv3,4.79,18
292,1,64,256,1,30,30,1,1,1,1,30,30,grouped_conv_forward_bf16_2d_64x128x64_compv5,4.77,19
292,1,64,256,1,30,30,1,1,1,1,30,30,grouped_conv_forward_bf16_2d_32x128x64_compv4,4.73,20
292,1,64,256,1,30,30,1,1,1,1,30,30,grouped_conv_forward_bf16_2d_64x64x128_compv5,4.69,21
292,1,64,256,1,30,30,1,1,1,1,30,30,grouped_conv_forward_bf16_2d_32x64x128_compv4,4.67,22
292,1,64,256,1,30,30,1,1,1,1,30,30,grouped_conv_forward_bf16_2d_128x64x128_compv3,4.24,23
292,1,64,256,1,30,30,1,1,1,1,30,30,grouped_conv_forward_bf16_2d_128x64x128_compv5,4.15,24
292,1,64,256,1,30,30,1,1,1,1,30,30,grouped_conv_forward_bf16_2d_128x128x64_compv3,4.14,25
292,1,64,256,1,30,30,1,1,1,1,30,30,grouped_conv_forward_bf16_2d_128x128x64_compv5,4.12,26
292,1,64,256,1,30,30,1,1,1,1,30,30,grouped_conv_forward_bf16_2d_64x128x64_compv4,3.90,27
292,1,64,256,1,30,30,1,1,1,1,30,30,grouped_conv_forward_bf16_2d_128x128x64_compv4,3.85,28
292,1,64,256,1,30,30,1,1,1,1,30,30,grouped_conv_forward_bf16_2d_128x64x128_compv4,3.84,29
292,1,64,256,1,30,30,1,1,1,1,30,30,grouped_conv_forward_bf16_2d_64x64x128_compv4,3.81,30
293,1,1536,384,1,74,74,1,1,1,1,74,74,grouped_conv_forward_bf16_2d_128x64x128_compv5,170.81,1
293,1,1536,384,1,74,74,1,1,1,1,74,74,grouped_conv_forward_bf16_2d_128x64x128_compv3,163.27,2
293,1,1536,384,1,74,74,1,1,1,1,74,74,grouped_conv_forward_bf16_2d_64x64x128_compv5,153.84,3
293,1,1536,384,1,74,74,1,1,1,1,74,74,grouped_conv_forward_bf16_2d_128x128x64_compv5,153.74,4
293,1,1536,384,1,74,74,1,1,1,1,74,74,grouped_conv_forward_bf16_2d_32x128x64_compv3,152.67,5
293,1,1536,384,1,74,74,1,1,1,1,74,74,grouped_conv_forward_bf16_2d_32x128x64_compv5,151.77,6
293,1,1536,384,1,74,74,1,1,1,1,74,74,grouped_conv_forward_bf16_2d_64x64x128_compv3,151.26,7
293,1,1536,384,1,74,74,1,1,1,1,74,74,grouped_conv_forward_bf16_2d_128x128x64_compv3,150.56,8
293,1,1536,384,1,74,74,1,1,1,1,74,74,grouped_conv_forward_bf16_2d_64x128x64_compv5,149.97,9
293,1,1536,384,1,74,74,1,1,1,1,74,74,grouped_conv_forward_bf16_2d_64x128x64_compv3,149.23,10
293,1,1536,384,1,74,74,1,1,1,1,74,74,grouped_conv_forward_bf16_2d_32x64x128_compv5,149.09,11
293,1,1536,384,1,74,74,1,1,1,1,74,74,grouped_conv_forward_bf16_2d_32x64x128_compv3,149.09,12
293,1,1536,384,1,74,74,1,1,1,1,74,74,grouped_conv_forward_bf16_2d_64x64x64_compv5,143.70,13
293,1,1536,384,1,74,74,1,1,1,1,74,74,grouped_conv_forward_bf16_2d_64x64x64_compv3,143.38,14
293,1,1536,384,1,74,74,1,1,1,1,74,74,grouped_conv_forward_bf16_2d_32x64x64_compv5,138.85,15
293,1,1536,384,1,74,74,1,1,1,1,74,74,grouped_conv_forward_bf16_2d_32x64x64_compv3,138.29,16
293,1,1536,384,1,74,74,1,1,1,1,74,74,grouped_conv_forward_bf16_2d_16x64x128_compv5,134.82,17
293,1,1536,384,1,74,74,1,1,1,1,74,74,grouped_conv_forward_bf16_2d_16x64x128_compv3,134.18,18
293,1,1536,384,1,74,74,1,1,1,1,74,74,grouped_conv_forward_bf16_2d_32x64x64_compv4,132.34,19
293,1,1536,384,1,74,74,1,1,1,1,74,74,grouped_conv_forward_bf16_2d_32x128x64_compv4,123.93,20
293,1,1536,384,1,74,74,1,1,1,1,74,74,grouped_conv_forward_bf16_2d_32x64x128_compv4,123.81,21
293,1,1536,384,1,74,74,1,1,1,1,74,74,grouped_conv_forward_bf16_2d_16x64x64_compv5,123.61,22
293,1,1536,384,1,74,74,1,1,1,1,74,74,grouped_conv_forward_bf16_2d_16x64x64_compv3,123.54,23
293,1,1536,384,1,74,74,1,1,1,1,74,74,grouped_conv_forward_bf16_2d_16x64x64_compv4,120.91,24
293,1,1536,384,1,74,74,1,1,1,1,74,74,grouped_conv_forward_bf16_2d_16x64x128_compv4,115.33,25
293,1,1536,384,1,74,74,1,1,1,1,74,74,grouped_conv_forward_bf16_2d_64x64x64_compv4,100.91,26
293,1,1536,384,1,74,74,1,1,1,1,74,74,grouped_conv_forward_bf16_2d_128x128x64_compv4,89.64,27
293,1,1536,384,1,74,74,1,1,1,1,74,74,grouped_conv_forward_bf16_2d_64x64x128_compv4,88.33,28
293,1,1536,384,1,74,74,1,1,1,1,74,74,grouped_conv_forward_bf16_2d_128x64x128_compv4,88.19,29
293,1,1536,384,1,74,74,1,1,1,1,74,74,grouped_conv_forward_bf16_2d_64x128x64_compv4,86.73,30
294,1,1536,2304,1,7,7,1,1,1,1,7,7,grouped_conv_forward_bf16_2d_32x128x64_compv4,24.11,1
294,1,1536,2304,1,7,7,1,1,1,1,7,7,grouped_conv_forward_bf16_2d_16x64x64_compv4,20.03,2
294,1,1536,2304,1,7,7,1,1,1,1,7,7,grouped_conv_forward_bf16_2d_32x64x64_compv4,17.70,3
294,1,1536,2304,1,7,7,1,1,1,1,7,7,grouped_conv_forward_bf16_2d_64x128x64_compv4,17.68,4
294,1,1536,2304,1,7,7,1,1,1,1,7,7,grouped_conv_forward_bf16_2d_32x128x64_compv5,17.25,5
294,1,1536,2304,1,7,7,1,1,1,1,7,7,grouped_conv_forward_bf16_2d_128x128x64_compv4,17.18,6
294,1,1536,2304,1,7,7,1,1,1,1,7,7,grouped_conv_forward_bf16_2d_32x128x64_compv3,17.12,7
294,1,1536,2304,1,7,7,1,1,1,1,7,7,grouped_conv_forward_bf16_2d_16x64x64_compv5,16.81,8
294,1,1536,2304,1,7,7,1,1,1,1,7,7,grouped_conv_forward_bf16_2d_16x64x64_compv3,16.68,9
294,1,1536,2304,1,7,7,1,1,1,1,7,7,grouped_conv_forward_bf16_2d_16x64x128_compv4,16.40,10
294,1,1536,2304,1,7,7,1,1,1,1,7,7,grouped_conv_forward_bf16_2d_16x64x128_compv3,16.34,11
294,1,1536,2304,1,7,7,1,1,1,1,7,7,grouped_conv_forward_bf16_2d_16x64x128_compv5,16.32,12
294,1,1536,2304,1,7,7,1,1,1,1,7,7,grouped_conv_forward_bf16_2d_32x64x128_compv5,14.95,13
294,1,1536,2304,1,7,7,1,1,1,1,7,7,grouped_conv_forward_bf16_2d_32x64x128_compv3,14.87,14
294,1,1536,2304,1,7,7,1,1,1,1,7,7,grouped_conv_forward_bf16_2d_64x128x64_compv5,14.78,15
294,1,1536,2304,1,7,7,1,1,1,1,7,7,grouped_conv_forward_bf16_2d_32x64x128_compv4,14.72,16
294,1,1536,2304,1,7,7,1,1,1,1,7,7,grouped_conv_forward_bf16_2d_64x128x64_compv3,14.65,17
294,1,1536,2304,1,7,7,1,1,1,1,7,7,grouped_conv_forward_bf16_2d_32x64x64_compv5,14.38,18
294,1,1536,2304,1,7,7,1,1,1,1,7,7,grouped_conv_forward_bf16_2d_128x128x64_compv5,14.35,19
294,1,1536,2304,1,7,7,1,1,1,1,7,7,grouped_conv_forward_bf16_2d_128x128x64_compv3,14.30,20
294,1,1536,2304,1,7,7,1,1,1,1,7,7,grouped_conv_forward_bf16_2d_32x64x64_compv3,14.16,21
294,1,1536,2304,1,7,7,1,1,1,1,7,7,grouped_conv_forward_bf16_2d_64x64x64_compv4,13.62,22
294,1,1536,2304,1,7,7,1,1,1,1,7,7,grouped_conv_forward_bf16_2d_64x64x64_compv5,12.86,23
294,1,1536,2304,1,7,7,1,1,1,1,7,7,grouped_conv_forward_bf16_2d_64x64x64_compv3,12.78,24
294,1,1536,2304,1,7,7,1,1,1,1,7,7,grouped_conv_forward_bf16_2d_64x64x128_compv5,12.17,25
294,1,1536,2304,1,7,7,1,1,1,1,7,7,grouped_conv_forward_bf16_2d_128x64x128_compv5,12.15,26
294,1,1536,2304,1,7,7,1,1,1,1,7,7,grouped_conv_forward_bf16_2d_128x64x128_compv3,11.97,27
294,1,1536,2304,1,7,7,1,1,1,1,7,7,grouped_conv_forward_bf16_2d_64x64x128_compv3,11.96,28
294,1,1536,2304,1,7,7,1,1,1,1,7,7,grouped_conv_forward_bf16_2d_128x64x128_compv4,10.86,29
294,1,1536,2304,1,7,7,1,1,1,1,7,7,grouped_conv_forward_bf16_2d_64x64x128_compv4,10.80,30
295,4,48,96,1,32,32,1,1,1,1,32,32,grouped_conv_forward_bf16_2d_32x128x64_compv3,12.10,1
295,4,48,96,1,32,32,1,1,1,1,32,32,grouped_conv_forward_bf16_2d_32x128x64_compv5,11.92,2
295,4,48,96,1,32,32,1,1,1,1,32,32,grouped_conv_forward_bf16_2d_16x64x64_compv3,11.38,3
295,4,48,96,1,32,32,1,1,1,1,32,32,grouped_conv_forward_bf16_2d_16x64x64_compv5,11.20,4
295,4,48,96,1,32,32,1,1,1,1,32,32,grouped_conv_forward_bf16_2d_32x64x64_compv5,11.08,5
295,4,48,96,1,32,32,1,1,1,1,32,32,grouped_conv_forward_bf16_2d_32x64x64_compv3,10.85,6
295,4,48,96,1,32,32,1,1,1,1,32,32,grouped_conv_forward_bf16_2d_64x128x64_compv3,10.68,7
295,4,48,96,1,32,32,1,1,1,1,32,32,grouped_conv_forward_bf16_2d_64x128x64_compv5,10.59,8
295,4,48,96,1,32,32,1,1,1,1,32,32,grouped_conv_forward_bf16_2d_32x128x64_compv4,10.39,9
295,4,48,96,1,32,32,1,1,1,1,32,32,grouped_conv_forward_bf16_2d_16x64x128_compv3,10.29,10
295,4,48,96,1,32,32,1,1,1,1,32,32,grouped_conv_forward_bf16_2d_16x64x128_compv5,10.19,11
295,4,48,96,1,32,32,1,1,1,1,32,32,grouped_conv_forward_bf16_2d_32x64x128_compv5,10.03,12
295,4,48,96,1,32,32,1,1,1,1,32,32,grouped_conv_forward_bf16_2d_32x64x128_compv3,10.02,13
295,4,48,96,1,32,32,1,1,1,1,32,32,grouped_conv_forward_bf16_2d_64x64x64_compv3,9.43,14
295,4,48,96,1,32,32,1,1,1,1,32,32,grouped_conv_forward_bf16_2d_128x128x64_compv3,9.31,15
295,4,48,96,1,32,32,1,1,1,1,32,32,grouped_conv_forward_bf16_2d_64x64x128_compv5,9.26,16
295,4,48,96,1,32,32,1,1,1,1,32,32,grouped_conv_forward_bf16_2d_64x64x64_compv5,9.24,17
295,4,48,96,1,32,32,1,1,1,1,32,32,grouped_conv_forward_bf16_2d_64x64x128_compv3,9.22,18
295,4,48,96,1,32,32,1,1,1,1,32,32,grouped_conv_forward_bf16_2d_128x128x64_compv5,9.15,19
295,4,48,96,1,32,32,1,1,1,1,32,32,grouped_conv_forward_bf16_2d_16x64x128_compv4,8.95,20
295,4,48,96,1,32,32,1,1,1,1,32,32,grouped_conv_forward_bf16_2d_32x64x128_compv4,8.87,21
295,4,48,96,1,32,32,1,1,1,1,32,32,grouped_conv_forward_bf16_2d_16x64x64_compv4,8.69,22
295,4,48,96,1,32,32,1,1,1,1,32,32,grouped_conv_forward_bf16_2d_32x64x64_compv4,8.66,23
295,4,48,96,1,32,32,1,1,1,1,32,32,grouped_conv_forward_bf16_2d_128x128x64_compv4,8.42,24
295,4,48,96,1,32,32,1,1,1,1,32,32,grouped_conv_forward_bf16_2d_64x128x64_compv4,8.37,25
295,4,48,96,1,32,32,1,1,1,1,32,32,grouped_conv_forward_bf16_2d_128x64x128_compv3,7.84,26
295,4,48,96,1,32,32,1,1,1,1,32,32,grouped_conv_forward_bf16_2d_128x64x128_compv5,7.77,27
295,4,48,96,1,32,32,1,1,1,1,32,32,grouped_conv_forward_bf16_2d_128x64x128_compv4,7.20,28
295,4,48,96,1,32,32,1,1,1,1,32,32,grouped_conv_forward_bf16_2d_64x64x64_compv4,7.14,29
295,4,48,96,1,32,32,1,1,1,1,32,32,grouped_conv_forward_bf16_2d_64x64x128_compv4,7.14,30
296,1,83,83,83,59,59,5,5,2,2,28,28,grouped_conv_forward_bf16_2d_32x64x64_compv5,1.94,1
296,1,83,83,83,59,59,5,5,2,2,28,28,grouped_conv_forward_bf16_2d_32x64x64_compv3,1.89,2
296,1,83,83,83,59,59,5,5,2,2,28,28,grouped_conv_forward_bf16_2d_16x64x64_compv5,1.78,3
296,1,83,83,83,59,59,5,5,2,2,28,28,grouped_conv_forward_bf16_2d_16x64x64_compv3,1.77,4
296,1,83,83,83,59,59,5,5,2,2,28,28,grouped_conv_forward_bf16_2d_32x128x64_compv5,1.77,5
296,1,83,83,83,59,59,5,5,2,2,28,28,grouped_conv_forward_bf16_2d_64x64x64_compv3,1.72,6
296,1,83,83,83,59,59,5,5,2,2,28,28,grouped_conv_forward_bf16_2d_32x128x64_compv3,1.70,7
296,1,83,83,83,59,59,5,5,2,2,28,28,grouped_conv_forward_bf16_2d_64x64x64_compv5,1.69,8
296,1,83,83,83,59,59,5,5,2,2,28,28,grouped_conv_forward_bf16_2d_32x64x64_compv4,1.65,9
296,1,83,83,83,59,59,5,5,2,2,28,28,grouped_conv_forward_bf16_2d_16x64x128_compv5,1.64,10
296,1,83,83,83,59,59,5,5,2,2,28,28,grouped_conv_forward_bf16_2d_16x64x128_compv3,1.64,11
296,1,83,83,83,59,59,5,5,2,2,28,28,grouped_conv_forward_bf16_2d_32x64x128_compv3,1.60,12
296,1,83,83,83,59,59,5,5,2,2,28,28,grouped_conv_forward_bf16_2d_32x64x128_compv5,1.58,13
296,1,83,83,83,59,59,5,5,2,2,28,28,grouped_conv_forward_bf16_2d_64x128x64_compv5,1.56,14
296,1,83,83,83,59,59,5,5,2,2,28,28,grouped_conv_forward_bf16_2d_16x64x64_compv4,1.55,15
296,1,83,83,83,59,59,5,5,2,2,28,28,grouped_conv_forward_bf16_2d_64x128x64_compv3,1.52,16
296,1,83,83,83,59,59,5,5,2,2,28,28,grouped_conv_forward_bf16_2d_16x64x128_compv4,1.46,17
296,1,83,83,83,59,59,5,5,2,2,28,28,grouped_conv_forward_bf16_2d_32x128x64_compv4,1.45,18
296,1,83,83,83,59,59,5,5,2,2,28,28,grouped_conv_forward_bf16_2d_128x128x64_compv5,1.45,19
296,1,83,83,83,59,59,5,5,2,2,28,28,grouped_conv_forward_bf16_2d_128x128x64_compv3,1.44,20
296,1,83,83,83,59,59,5,5,2,2,28,28,grouped_conv_forward_bf16_2d_64x64x64_compv4,1.39,21
296,1,83,83,83,59,59,5,5,2,2,28,28,grouped_conv_forward_bf16_2d_64x64x128_compv3,1.37,22
296,1,83,83,83,59,59,5,5,2,2,28,28,grouped_conv_forward_bf16_2d_32x64x128_compv4,1.34,23
296,1,83,83,83,59,59,5,5,2,2,28,28,grouped_conv_forward_bf16_2d_64x64x128_compv5,1.34,24
296,1,83,83,83,59,59,5,5,2,2,28,28,grouped_conv_forward_bf16_2d_64x128x64_compv4,1.34,25
296,1,83,83,83,59,59,5,5,2,2,28,28,grouped_conv_forward_bf16_2d_128x64x128_compv3,1.33,26
296,1,83,83,83,59,59,5,5,2,2,28,28,grouped_conv_forward_bf16_2d_128x128x64_compv4,1.31,27
296,1,83,83,83,59,59,5,5,2,2,28,28,grouped_conv_forward_bf16_2d_128x64x128_compv5,1.29,28
296,1,83,83,83,59,59,5,5,2,2,28,28,grouped_conv_forward_bf16_2d_128x64x128_compv4,1.21,29
296,1,83,83,83,59,59,5,5,2,2,28,28,grouped_conv_forward_bf16_2d_64x64x128_compv4,1.18,30
297,4,52,52,1,56,56,3,3,2,2,28,28,grouped_conv_forward_bf16_2d_16x64x128_compv3,21.67,1
297,4,52,52,1,56,56,3,3,2,2,28,28,grouped_conv_forward_bf16_2d_16x64x128_compv5,21.52,2
297,4,52,52,1,56,56,3,3,2,2,28,28,grouped_conv_forward_bf16_2d_16x64x128_compv4,21.41,3
297,4,52,52,1,56,56,3,3,2,2,28,28,grouped_conv_forward_bf16_2d_16x64x64_compv4,19.96,4
297,4,52,52,1,56,56,3,3,2,2,28,28,grouped_conv_forward_bf16_2d_16x64x64_compv3,18.66,5
297,4,52,52,1,56,56,3,3,2,2,28,28,grouped_conv_forward_bf16_2d_16x64x64_compv5,18.52,6
297,4,52,52,1,56,56,3,3,2,2,28,28,grouped_conv_forward_bf16_2d_32x64x128_compv5,17.71,7
297,4,52,52,1,56,56,3,3,2,2,28,28,grouped_conv_forward_bf16_2d_32x64x128_compv3,17.60,8
297,4,52,52,1,56,56,3,3,2,2,28,28,grouped_conv_forward_bf16_2d_32x64x128_compv4,16.55,9
297,4,52,52,1,56,56,3,3,2,2,28,28,grouped_conv_forward_bf16_2d_32x64x64_compv4,16.15,10
297,4,52,52,1,56,56,3,3,2,2,28,28,grouped_conv_forward_bf16_2d_32x64x64_compv5,15.18,11
297,4,52,52,1,56,56,3,3,2,2,28,28,grouped_conv_forward_bf16_2d_64x64x128_compv5,15.14,12
297,4,52,52,1,56,56,3,3,2,2,28,28,grouped_conv_forward_bf16_2d_64x64x128_compv3,15.11,13
297,4,52,52,1,56,56,3,3,2,2,28,28,grouped_conv_forward_bf16_2d_32x64x64_compv3,14.90,14
297,4,52,52,1,56,56,3,3,2,2,28,28,grouped_conv_forward_bf16_2d_128x64x128_compv3,14.49,15
297,4,52,52,1,56,56,3,3,2,2,28,28,grouped_conv_forward_bf16_2d_128x64x128_compv5,14.38,16
297,4,52,52,1,56,56,3,3,2,2,28,28,grouped_conv_forward_bf16_2d_64x64x128_compv4,13.76,17
297,4,52,52,1,56,56,3,3,2,2,28,28,grouped_conv_forward_bf16_2d_128x64x128_compv4,13.66,18
297,4,52,52,1,56,56,3,3,2,2,28,28,grouped_conv_forward_bf16_2d_64x64x64_compv3,12.92,19
297,4,52,52,1,56,56,3,3,2,2,28,28,grouped_conv_forward_bf16_2d_64x64x64_compv5,12.89,20
297,4,52,52,1,56,56,3,3,2,2,28,28,grouped_conv_forward_bf16_2d_64x64x64_compv4,12.52,21
297,4,52,52,1,56,56,3,3,2,2,28,28,grouped_conv_forward_bf16_2d_32x128x64_compv4,10.55,22
297,4,52,52,1,56,56,3,3,2,2,28,28,grouped_conv_forward_bf16_2d_32x128x64_compv5,9.46,23
297,4,52,52,1,56,56,3,3,2,2,28,28,grouped_conv_forward_bf16_2d_32x128x64_compv3,9.45,24
297,4,52,52,1,56,56,3,3,2,2,28,28,grouped_conv_forward_bf16_2d_64x128x64_compv4,8.69,25
297,4,52,52,1,56,56,3,3,2,2,28,28,grouped_conv_forward_bf16_2d_64x128x64_compv5,8.54,26
297,4,52,52,1,56,56,3,3,2,2,28,28,grouped_conv_forward_bf16_2d_64x128x64_compv3,8.53,27
297,4,52,52,1,56,56,3,3,2,2,28,28,grouped_conv_forward_bf16_2d_128x128x64_compv4,8.34,28
297,4,52,52,1,56,56,3,3,2,2,28,28,grouped_conv_forward_bf16_2d_128x128x64_compv5,8.02,29
297,4,52,52,1,56,56,3,3,2,2,28,28,grouped_conv_forward_bf16_2d_128x128x64_compv3,8.01,30
298,1,1024,256,1,96,96,3,3,1,1,96,96,grouped_conv_forward_bf16_2d_128x64x128_compv5,254.22,1
298,1,1024,256,1,96,96,3,3,1,1,96,96,grouped_conv_forward_bf16_2d_128x64x128_compv3,241.48,2
298,1,1024,256,1,96,96,3,3,1,1,96,96,grouped_conv_forward_bf16_2d_128x128x64_compv5,219.28,3
298,1,1024,256,1,96,96,3,3,1,1,96,96,grouped_conv_forward_bf16_2d_128x128x64_compv3,210.26,4
298,1,1024,256,1,96,96,3,3,1,1,96,96,grouped_conv_forward_bf16_2d_64x64x128_compv5,206.31,5
298,1,1024,256,1,96,96,3,3,1,1,96,96,grouped_conv_forward_bf16_2d_64x128x64_compv5,204.14,6
298,1,1024,256,1,96,96,3,3,1,1,96,96,grouped_conv_forward_bf16_2d_64x128x64_compv3,195.08,7
298,1,1024,256,1,96,96,3,3,1,1,96,96,grouped_conv_forward_bf16_2d_32x64x128_compv5,190.66,8
298,1,1024,256,1,96,96,3,3,1,1,96,96,grouped_conv_forward_bf16_2d_32x128x64_compv5,190.23,9
298,1,1024,256,1,96,96,3,3,1,1,96,96,grouped_conv_forward_bf16_2d_32x64x128_compv3,185.29,10
298,1,1024,256,1,96,96,3,3,1,1,96,96,grouped_conv_forward_bf16_2d_32x128x64_compv3,184.14,11
298,1,1024,256,1,96,96,3,3,1,1,96,96,grouped_conv_forward_bf16_2d_64x64x128_compv3,175.39,12
298,1,1024,256,1,96,96,3,3,1,1,96,96,grouped_conv_forward_bf16_2d_64x64x64_compv5,169.01,13
298,1,1024,256,1,96,96,3,3,1,1,96,96,grouped_conv_forward_bf16_2d_64x64x64_compv3,164.58,14
298,1,1024,256,1,96,96,3,3,1,1,96,96,grouped_conv_forward_bf16_2d_16x64x128_compv5,162.58,15
298,1,1024,256,1,96,96,3,3,1,1,96,96,grouped_conv_forward_bf16_2d_32x64x64_compv5,160.92,16
298,1,1024,256,1,96,96,3,3,1,1,96,96,grouped_conv_forward_bf16_2d_16x64x128_compv3,159.04,17
298,1,1024,256,1,96,96,3,3,1,1,96,96,grouped_conv_forward_bf16_2d_32x64x64_compv3,156.84,18
298,1,1024,256,1,96,96,3,3,1,1,96,96,grouped_conv_forward_bf16_2d_32x64x64_compv4,147.62,19
298,1,1024,256,1,96,96,3,3,1,1,96,96,grouped_conv_forward_bf16_2d_32x64x128_compv4,147.36,20
298,1,1024,256,1,96,96,3,3,1,1,96,96,grouped_conv_forward_bf16_2d_32x128x64_compv4,144.34,21
298,1,1024,256,1,96,96,3,3,1,1,96,96,grouped_conv_forward_bf16_2d_16x64x64_compv5,135.88,22
298,1,1024,256,1,96,96,3,3,1,1,96,96,grouped_conv_forward_bf16_2d_16x64x64_compv3,133.80,23
298,1,1024,256,1,96,96,3,3,1,1,96,96,grouped_conv_forward_bf16_2d_16x64x128_compv4,128.82,24
298,1,1024,256,1,96,96,3,3,1,1,96,96,grouped_conv_forward_bf16_2d_16x64x64_compv4,127.96,25
298,1,1024,256,1,96,96,3,3,1,1,96,96,grouped_conv_forward_bf16_2d_128x64x128_compv4,106.97,26
298,1,1024,256,1,96,96,3,3,1,1,96,96,grouped_conv_forward_bf16_2d_128x128x64_compv4,106.64,27
298,1,1024,256,1,96,96,3,3,1,1,96,96,grouped_conv_forward_bf16_2d_64x64x64_compv4,104.74,28
298,1,1024,256,1,96,96,3,3,1,1,96,96,grouped_conv_forward_bf16_2d_64x64x128_compv4,101.73,29
298,1,1024,256,1,96,96,3,3,1,1,96,96,grouped_conv_forward_bf16_2d_64x128x64_compv4,92.42,30
299,4,384,768,384,7,7,1,1,1,1,7,7,grouped_conv_forward_bf16_2d_32x128x64_compv3,3.93,1
299,4,384,768,384,7,7,1,1,1,1,7,7,grouped_conv_forward_bf16_2d_32x64x128_compv5,3.87,2
299,4,384,768,384,7,7,1,1,1,1,7,7,grouped_conv_forward_bf16_2d_16x64x128_compv5,3.87,3
299,4,384,768,384,7,7,1,1,1,1,7,7,grouped_conv_forward_bf16_2d_32x128x64_compv5,3.85,4
299,4,384,768,384,7,7,1,1,1,1,7,7,grouped_conv_forward_bf16_2d_16x64x128_compv3,3.83,5
299,4,384,768,384,7,7,1,1,1,1,7,7,grouped_conv_forward_bf16_2d_32x64x128_compv3,3.82,6
299,4,384,768,384,7,7,1,1,1,1,7,7,grouped_conv_forward_bf16_2d_16x64x128_compv4,3.65,7
299,4,384,768,384,7,7,1,1,1,1,7,7,grouped_conv_forward_bf16_2d_64x128x64_compv3,3.46,8
299,4,384,768,384,7,7,1,1,1,1,7,7,grouped_conv_forward_bf16_2d_64x64x128_compv5,3.41,9
299,4,384,768,384,7,7,1,1,1,1,7,7,grouped_conv_forward_bf16_2d_32x64x128_compv4,3.40,10
299,4,384,768,384,7,7,1,1,1,1,7,7,grouped_conv_forward_bf16_2d_64x64x128_compv3,3.38,11
299,4,384,768,384,7,7,1,1,1,1,7,7,grouped_conv_forward_bf16_2d_64x128x64_compv5,3.36,12
299,4,384,768,384,7,7,1,1,1,1,7,7,grouped_conv_forward_bf16_2d_32x128x64_compv4,3.32,13
299,4,384,768,384,7,7,1,1,1,1,7,7,grouped_conv_forward_bf16_2d_16x64x64_compv5,3.13,14
299,4,384,768,384,7,7,1,1,1,1,7,7,grouped_conv_forward_bf16_2d_16x64x64_compv3,3.10,15
299,4,384,768,384,7,7,1,1,1,1,7,7,grouped_conv_forward_bf16_2d_32x64x64_compv5,3.10,16
299,4,384,768,384,7,7,1,1,1,1,7,7,grouped_conv_forward_bf16_2d_32x64x64_compv3,3.07,17
299,4,384,768,384,7,7,1,1,1,1,7,7,grouped_conv_forward_bf16_2d_128x64x128_compv5,3.02,18
299,4,384,768,384,7,7,1,1,1,1,7,7,grouped_conv_forward_bf16_2d_128x64x128_compv3,3.01,19
299,4,384,768,384,7,7,1,1,1,1,7,7,grouped_conv_forward_bf16_2d_128x64x128_compv4,3.01,20
299,4,384,768,384,7,7,1,1,1,1,7,7,grouped_conv_forward_bf16_2d_128x128x64_compv3,3.00,21
299,4,384,768,384,7,7,1,1,1,1,7,7,grouped_conv_forward_bf16_2d_64x64x128_compv4,2.95,22
299,4,384,768,384,7,7,1,1,1,1,7,7,grouped_conv_forward_bf16_2d_64x128x64_compv4,2.92,23
299,4,384,768,384,7,7,1,1,1,1,7,7,grouped_conv_forward_bf16_2d_128x128x64_compv5,2.91,24
299,4,384,768,384,7,7,1,1,1,1,7,7,grouped_conv_forward_bf16_2d_128x128x64_compv4,2.90,25
299,4,384,768,384,7,7,1,1,1,1,7,7,grouped_conv_forward_bf16_2d_64x64x64_compv3,2.84,26
299,4,384,768,384,7,7,1,1,1,1,7,7,grouped_conv_forward_bf16_2d_64x64x64_compv5,2.78,27
299,4,384,768,384,7,7,1,1,1,1,7,7,grouped_conv_forward_bf16_2d_16x64x64_compv4,2.41,28
299,4,384,768,384,7,7,1,1,1,1,7,7,grouped_conv_forward_bf16_2d_32x64x64_compv4,2.34,29
299,4,384,768,384,7,7,1,1,1,1,7,7,grouped_conv_forward_bf16_2d_64x64x64_compv4,2.16,30
