kernel,problem_idx,N,C,K,G,Hi,Wi,Y,X,stride_h,stride_w,pad_h,pad_w,latency_ms,tflops,non_zero
grouped_conv_forward_bf16_2d_16x64x64_compv3,0,1,128,256,1,32,32,2,2,2,2,0,0,0.007943999953567982,8.447742244743923,65536
grouped_conv_forward_bf16_2d_16x64x64_compv4,0,1,128,256,1,32,32,2,2,2,2,0,0,0.006808000151067972,9.857353482795181,65536
grouped_conv_forward_bf16_2d_32x64x64_compv3,0,1,128,256,1,32,32,2,2,2,2,0,0,0.009596100077033043,6.993347658036197,65536
grouped_conv_forward_bf16_2d_32x64x64_compv4,0,1,128,256,1,32,32,2,2,2,2,0,0,0.008408100344240665,7.981453747274539,65536
grouped_conv_forward_bf16_2d_64x64x64_compv3,0,1,128,256,1,32,32,2,2,2,2,0,0,0.012048100121319294,5.570078545516886,65536
grouped_conv_forward_bf16_2d_64x64x64_compv4,0,1,128,256,1,32,32,2,2,2,2,0,0,0.01207209937274456,5.559005267262224,65536
grouped_conv_forward_bf16_2d_32x128x64_compv3,0,1,128,256,1,32,32,2,2,2,2,0,0,0.01122410036623478,5.978997140998682,65536
grouped_conv_forward_bf16_2d_32x128x64_compv4,0,1,128,256,1,32,32,2,2,2,2,0,0,0.008404100313782692,7.985252614124765,65536
grouped_conv_forward_bf16_2d_64x128x64_compv3,0,1,128,256,1,32,32,2,2,2,2,0,0,0.013476100750267506,4.979842852441413,65536
grouped_conv_forward_bf16_2d_64x128x64_compv4,0,1,128,256,1,32,32,2,2,2,2,0,0,0.011956100352108479,5.612939171103999,65536
grouped_conv_forward_bf16_2d_128x128x64_compv3,0,1,128,256,1,32,32,2,2,2,2,0,0,0.014024099335074425,4.785253041680901,65536
grouped_conv_forward_bf16_2d_128x128x64_compv4,0,1,128,256,1,32,32,2,2,2,2,0,0,0.012008000165224075,5.588679470071253,65536
grouped_conv_forward_bf16_2d_16x64x128_compv3,0,1,128,256,1,32,32,2,2,2,2,0,0,0.006752099841833115,9.938962037294274,65536
grouped_conv_forward_bf16_2d_16x64x128_compv4,0,1,128,256,1,32,32,2,2,2,2,0,0,0.006940100342035294,9.66972531989635,65536
grouped_conv_forward_bf16_2d_32x64x128_compv3,0,1,128,256,1,32,32,2,2,2,2,0,0,0.007900100201368332,8.494685167205406,65536
grouped_conv_forward_bf16_2d_32x64x128_compv4,0,1,128,256,1,32,32,2,2,2,2,0,0,0.008352099917829037,8.034969009020623,65536
grouped_conv_forward_bf16_2d_64x64x128_compv3,0,1,128,256,1,32,32,2,2,2,2,0,0,0.010300099849700928,6.515360528465999,65536
grouped_conv_forward_bf16_2d_64x64x128_compv4,0,1,128,256,1,32,32,2,2,2,2,0,0,0.012048100121319294,5.570078545516886,65536
grouped_conv_forward_bf16_2d_128x64x128_compv3,0,1,128,256,1,32,32,2,2,2,2,0,0,0.01078409980982542,6.222945371745999,65536
grouped_conv_forward_bf16_2d_128x64x128_compv4,0,1,128,256,1,32,32,2,2,2,2,0,0,0.011980099603533745,5.601694995941857,65536
grouped_conv_forward_bf16_2d_16x64x64_compv3,1,8,1920,960,1,8,8,1,1,1,1,0,0,0.024936098605394363,75.69094227080477,491520
grouped_conv_forward_bf16_2d_16x64x64_compv4,1,8,1920,960,1,8,8,1,1,1,1,0,0,0.021420100703835487,88.11521598785178,491520
grouped_conv_forward_bf16_2d_32x64x64_compv3,1,8,1920,960,1,8,8,1,1,1,1,0,0,0.028568100184202194,66.06798449424821,491520
grouped_conv_forward_bf16_2d_32x64x64_compv4,1,8,1920,960,1,8,8,1,1,1,1,0,0,0.021936099976301193,86.04249625225562,491520
grouped_conv_forward_bf16_2d_64x64x64_compv3,1,8,1920,960,1,8,8,1,1,1,1,0,0,0.03360419720411301,56.16669812213178,491520
grouped_conv_forward_bf16_2d_64x64x64_compv4,1,8,1920,960,1,8,8,1,1,1,1,0,0,0.031564198434352875,59.79676005159724,491520
grouped_conv_forward_bf16_2d_32x128x64_compv3,1,8,1920,960,1,8,8,1,1,1,1,0,0,0.03343220055103302,56.455655592245485,491520
grouped_conv_forward_bf16_2d_32x128x64_compv4,1,8,1920,960,1,8,8,1,1,1,1,0,0,0.02202020026743412,85.71387985019136,491520
grouped_conv_forward_bf16_2d_64x128x64_compv3,1,8,1920,960,1,8,8,1,1,1,1,0,0,0.03829219937324524,49.29037325860035,491520
grouped_conv_forward_bf16_2d_64x128x64_compv4,1,8,1920,960,1,8,8,1,1,1,1,0,0,0.030732300132513046,61.41540958085327,491520
grouped_conv_forward_bf16_2d_128x128x64_compv3,1,8,1920,960,1,8,8,1,1,1,1,0,0,0.038296300917863846,49.285094245736374,491520
grouped_conv_forward_bf16_2d_128x128x64_compv4,1,8,1920,960,1,8,8,1,1,1,1,0,0,0.030800199136137962,61.28001938096124,491520
grouped_conv_forward_bf16_2d_16x64x128_compv3,1,8,1920,960,1,8,8,1,1,1,1,0,0,0.02135610021650791,88.37928183821889,491520
grouped_conv_forward_bf16_2d_16x64x128_compv4,1,8,1920,960,1,8,8,1,1,1,1,0,0,0.021348100155591965,88.412401396084,491520
grouped_conv_forward_bf16_2d_32x64x128_compv3,1,8,1920,960,1,8,8,1,1,1,1,0,0,0.021380100399255753,88.28007187775891,491520
grouped_conv_forward_bf16_2d_32x64x128_compv4,1,8,1920,960,1,8,8,1,1,1,1,0,0,0.022696200758218765,83.1609140272748,491520
grouped_conv_forward_bf16_2d_64x64x128_compv3,1,8,1920,960,1,8,8,1,1,1,1,0,0,0.026872199028730392,70.23752682026687,491520
grouped_conv_forward_bf16_2d_64x64x128_compv4,1,8,1920,960,1,8,8,1,1,1,1,0,0,0.030760299414396286,61.359506764639974,491520
grouped_conv_forward_bf16_2d_128x64x128_compv3,1,8,1920,960,1,8,8,1,1,1,1,0,0,0.0260601993650198,72.42603072843247,491520
grouped_conv_forward_bf16_2d_128x64x128_compv4,1,8,1920,960,1,8,8,1,1,1,1,0,0,0.03126030042767525,60.37807615978706,491520
grouped_conv_forward_bf16_2d_16x64x64_compv3,2,2,256,128,1,263,183,1,1,2,2,0,0,0.018008099868893623,88.39013441665196,3108864
grouped_conv_forward_bf16_2d_16x64x64_compv4,2,2,256,128,1,263,183,1,1,2,2,0,0,0.018688101321458817,85.1738943737569,3108864
grouped_conv_forward_bf16_2d_32x64x64_compv3,2,2,256,128,1,263,183,1,1,2,2,0,0,0.01525609940290451,104.33455668864869,3108864
grouped_conv_forward_bf16_2d_32x64x64_compv4,2,2,256,128,1,263,183,1,1,2,2,0,0,0.01616010069847107,98.49804761121301,3108864
grouped_conv_forward_bf16_2d_64x64x64_compv3,2,2,256,128,1,263,183,1,1,2,2,0,0,0.013408100232481956,118.71468294545672,3108864
grouped_conv_forward_bf16_2d_64x64x64_compv4,2,2,256,128,1,263,183,1,1,2,2,0,0,0.01964009925723076,81.04533216215701,3108864
grouped_conv_forward_bf16_2d_32x128x64_compv3,2,2,256,128,1,263,183,1,1,2,2,0,0,0.011220099404454231,141.86490784280403,3108864
grouped_conv_forward_bf16_2d_32x128x64_compv4,2,2,256,128,1,263,183,1,1,2,2,0,0,0.01607609912753105,99.01272412995237,3108864
grouped_conv_forward_bf16_2d_64x128x64_compv3,2,2,256,128,1,263,183,1,1,2,2,0,0,0.01208409946411848,131.72172016014727,3108864
grouped_conv_forward_bf16_2d_64x128x64_compv4,2,2,256,128,1,263,183,1,1,2,2,0,0,0.019588099792599678,81.2604788036333,3108864
grouped_conv_forward_bf16_2d_128x128x64_compv3,2,2,256,128,1,263,183,1,1,2,2,0,0,0.010908099822700024,145.92260740844645,3108864
grouped_conv_forward_bf16_2d_128x128x64_compv4,2,2,256,128,1,263,183,1,1,2,2,0,0,0.0193961001932621,82.06486624321238,3108864
grouped_conv_forward_bf16_2d_16x64x128_compv3,2,2,256,128,1,263,183,1,1,2,2,0,0,0.014828098937869072,107.34608493438787,3108864
grouped_conv_forward_bf16_2d_16x64x128_compv4,2,2,256,128,1,263,183,1,1,2,2,0,0,0.018352100625634193,86.73330647373749,3108864
grouped_conv_forward_bf16_2d_32x64x128_compv3,2,2,256,128,1,263,183,1,1,2,2,0,0,0.012488099746406078,127.46041434030688,3108864
grouped_conv_forward_bf16_2d_32x64x128_compv4,2,2,256,128,1,263,183,1,1,2,2,0,0,0.01703209988772869,93.45520390863946,3108864
grouped_conv_forward_bf16_2d_64x64x128_compv3,2,2,256,128,1,263,183,1,1,2,2,0,0,0.012612099759280682,126.20724529463943,3108864
grouped_conv_forward_bf16_2d_64x64x128_compv4,2,2,256,128,1,263,183,1,1,2,2,0,0,0.019172100350260735,83.023682273724,3108864
grouped_conv_forward_bf16_2d_128x64x128_compv3,2,2,256,128,1,263,183,1,1,2,2,0,0,0.014148099347949028,112.50545595233932,3108864
grouped_conv_forward_bf16_2d_128x64x128_compv4,2,2,256,128,1,263,183,1,1,2,2,0,0,0.019384099170565605,82.11567398587319,3108864
grouped_conv_forward_bf16_2d_16x64x64_compv3,3,2,64,256,1,192,288,1,1,1,1,0,0,0.05360429733991623,67.60425629721841,28311552
grouped_conv_forward_bf16_2d_16x64x64_compv4,3,2,64,256,1,192,288,1,1,1,1,0,0,0.11108479648828506,32.62263397477775,28311552
grouped_conv_forward_bf16_2d_32x64x64_compv3,3,2,64,256,1,192,288,1,1,1,1,0,0,0.04483630135655403,80.82465650281104,28311552
grouped_conv_forward_bf16_2d_32x64x64_compv4,3,2,64,256,1,192,288,1,1,1,1,0,0,0.10275290161371231,35.26789607969957,28311552
grouped_conv_forward_bf16_2d_64x64x64_compv3,3,2,64,256,1,192,288,1,1,1,1,0,0,0.0378962978720665,95.62619198935457,28311552
grouped_conv_forward_bf16_2d_64x64x64_compv4,3,2,64,256,1,192,288,1,1,1,1,0,0,0.1308531016111374,27.694251121148497,28311552
grouped_conv_forward_bf16_2d_32x128x64_compv3,3,2,64,256,1,192,288,1,1,1,1,0,0,0.032756201922893524,110.63183285200252,28311552
grouped_conv_forward_bf16_2d_32x128x64_compv4,3,2,64,256,1,192,288,1,1,1,1,0,0,0.10274489969015121,35.27064279520021,28311552
grouped_conv_forward_bf16_2d_64x128x64_compv3,3,2,64,256,1,192,288,1,1,1,1,0,0,0.03202419728040695,113.16063988330355,28311552
grouped_conv_forward_bf16_2d_64x128x64_compv4,3,2,64,256,1,192,288,1,1,1,1,0,0,0.1329571008682251,27.255999358707864,28311552
grouped_conv_forward_bf16_2d_128x128x64_compv3,3,2,64,256,1,192,288,1,1,1,1,0,0,0.03931630030274391,92.17242283977282,28311552
grouped_conv_forward_bf16_2d_128x128x64_compv4,3,2,64,256,1,192,288,1,1,1,1,0,0,0.1333971917629242,27.166079046404665,28311552
grouped_conv_forward_bf16_2d_16x64x128_compv3,3,2,64,256,1,192,288,1,1,1,1,0,0,0.07313259690999985,49.55216701055622,28311552
grouped_conv_forward_bf16_2d_16x64x128_compv4,3,2,64,256,1,192,288,1,1,1,1,0,0,0.11189700663089752,32.38584091845901,28311552
grouped_conv_forward_bf16_2d_32x64x128_compv3,3,2,64,256,1,192,288,1,1,1,1,0,0,0.05857650190591812,61.86574032400305,28311552
grouped_conv_forward_bf16_2d_32x64x128_compv4,3,2,64,256,1,192,288,1,1,1,1,0,0,0.1042608991265297,34.75779210000968,28311552
grouped_conv_forward_bf16_2d_64x64x128_compv3,3,2,64,256,1,192,288,1,1,1,1,0,0,0.0566524975001812,63.96679433220767,28311552
grouped_conv_forward_bf16_2d_64x64x128_compv4,3,2,64,256,1,192,288,1,1,1,1,0,0,0.1333812028169632,27.16933555452329,28311552
grouped_conv_forward_bf16_2d_128x64x128_compv3,3,2,64,256,1,192,288,1,1,1,1,0,0,0.06764860451221466,53.569156113865894,28311552
grouped_conv_forward_bf16_2d_128x64x128_compv4,3,2,64,256,1,192,288,1,1,1,1,0,0,0.1317732036113739,27.50087693616039,28311552
grouped_conv_forward_bf16_2d_16x64x64_compv3,4,2,512,1024,1,95,167,1,1,2,2,0,0,0.06457649916410446,130.9410849682635,8257536
grouped_conv_forward_bf16_2d_16x64x64_compv4,4,2,512,1024,1,95,167,1,1,2,2,0,0,0.07466449588537216,113.24950049862449,8257536
grouped_conv_forward_bf16_2d_32x64x64_compv3,4,2,512,1024,1,95,167,1,1,2,2,0,0,0.05336040258407593,158.46426290875468,8257536
grouped_conv_forward_bf16_2d_32x64x64_compv4,4,2,512,1024,1,95,167,1,1,2,2,0,0,0.06467650085687637,130.73862611571684,8257536
grouped_conv_forward_bf16_2d_64x64x64_compv3,4,2,512,1024,1,95,167,1,1,2,2,0,0,0.04513239860534668,187.3535891132159,8257536
grouped_conv_forward_bf16_2d_64x64x64_compv4,4,2,512,1024,1,95,167,1,1,2,2,0,0,0.08362869918346405,101.11022826565684,8257536
grouped_conv_forward_bf16_2d_32x128x64_compv3,4,2,512,1024,1,95,167,1,1,2,2,0,0,0.040872298181056976,206.88136562673049,8257536
grouped_conv_forward_bf16_2d_32x128x64_compv4,4,2,512,1024,1,95,167,1,1,2,2,0,0,0.06534050405025482,129.4100342032336,8257536
grouped_conv_forward_bf16_2d_64x128x64_compv3,4,2,512,1024,1,95,167,1,1,2,2,0,0,0.03412429988384247,247.79165851850053,8257536
grouped_conv_forward_bf16_2d_64x128x64_compv4,4,2,512,1024,1,95,167,1,1,2,2,0,0,0.08366069942712784,101.07155357176164,8257536
grouped_conv_forward_bf16_2d_128x128x64_compv3,4,2,512,1024,1,95,167,1,1,2,2,0,0,0.03306429833173752,255.7355604272294,8257536
grouped_conv_forward_bf16_2d_128x128x64_compv4,4,2,512,1024,1,95,167,1,1,2,2,0,0,0.08254469931125641,102.4380358103372,8257536
grouped_conv_forward_bf16_2d_16x64x128_compv3,4,2,512,1024,1,95,167,1,1,2,2,0,0,0.05980049818754196,141.39876958017635,8257536
grouped_conv_forward_bf16_2d_16x64x128_compv4,4,2,512,1024,1,95,167,1,1,2,2,0,0,0.07477260380983353,113.08576180528794,8257536
grouped_conv_forward_bf16_2d_32x64x128_compv3,4,2,512,1024,1,95,167,1,1,2,2,0,0,0.04728440195322037,178.82676981651267,8257536
grouped_conv_forward_bf16_2d_32x64x128_compv4,4,2,512,1024,1,95,167,1,1,2,2,0,0,0.06588859856128693,128.33353643323937,8257536
grouped_conv_forward_bf16_2d_64x64x128_compv3,4,2,512,1024,1,95,167,1,1,2,2,0,0,0.044212400913238525,191.2521530009944,8257536
grouped_conv_forward_bf16_2d_64x64x128_compv4,4,2,512,1024,1,95,167,1,1,2,2,0,0,0.08272869884967804,102.21020010679048,8257536
grouped_conv_forward_bf16_2d_128x64x128_compv3,4,2,512,1024,1,95,167,1,1,2,2,0,0,0.0432204008102417,195.64179659334152,8257536
grouped_conv_forward_bf16_2d_128x64x128_compv4,4,2,512,1024,1,95,167,1,1,2,2,0,0,0.08382470160722733,100.87380810039116,8257536
grouped_conv_forward_bf16_2d_16x64x64_compv3,5,2,1024,512,1,79,39,1,1,2,2,0,0,0.02144020050764084,78.25120849042877,819200
grouped_conv_forward_bf16_2d_16x64x64_compv4,5,2,1024,512,1,79,39,1,1,2,2,0,0,0.021284200251102448,78.82474230682452,819200
grouped_conv_forward_bf16_2d_32x64x64_compv3,5,2,1024,512,1,79,39,1,1,2,2,0,0,0.019772199913859367,84.8525509204465,819200
grouped_conv_forward_bf16_2d_32x64x64_compv4,5,2,1024,512,1,79,39,1,1,2,2,0,0,0.016680100932717323,100.58222110090587,819200
grouped_conv_forward_bf16_2d_64x64x64_compv3,5,2,1024,512,1,79,39,1,1,2,2,0,0,0.020788200199604034,80.70547637077098,819200
grouped_conv_forward_bf16_2d_64x64x64_compv4,5,2,1024,512,1,79,39,1,1,2,2,0,0,0.020052200183272362,83.66770651928576,819200
grouped_conv_forward_bf16_2d_32x128x64_compv3,5,2,1024,512,1,79,39,1,1,2,2,0,0,0.01948009990155697,86.12489712467574,819200
grouped_conv_forward_bf16_2d_32x128x64_compv4,5,2,1024,512,1,79,39,1,1,2,2,0,0,0.016684100031852722,100.55811202264134,819200
grouped_conv_forward_bf16_2d_64x128x64_compv3,5,2,1024,512,1,79,39,1,1,2,2,0,0,0.02241620048880577,74.84415571844224,819200
grouped_conv_forward_bf16_2d_64x128x64_compv4,5,2,1024,512,1,79,39,1,1,2,2,0,0,0.01992419920861721,84.20522111997283,819200
grouped_conv_forward_bf16_2d_128x128x64_compv3,5,2,1024,512,1,79,39,1,1,2,2,0,0,0.023576200008392334,71.16166300772761,819200
grouped_conv_forward_bf16_2d_128x128x64_compv4,5,2,1024,512,1,79,39,1,1,2,2,0,0,0.01974410004913807,84.97331333535463,819200
grouped_conv_forward_bf16_2d_16x64x128_compv3,5,2,1024,512,1,79,39,1,1,2,2,0,0,0.017392100766301155,96.46457449526423,819200
grouped_conv_forward_bf16_2d_16x64x128_compv4,5,2,1024,512,1,79,39,1,1,2,2,0,0,0.021264199167490005,78.8988847774245,819200
grouped_conv_forward_bf16_2d_32x64x128_compv3,5,2,1024,512,1,79,39,1,1,2,2,0,0,0.015152099542319775,110.72535494596825,819200
grouped_conv_forward_bf16_2d_32x64x128_compv4,5,2,1024,512,1,79,39,1,1,2,2,0,0,0.01706410013139248,98.31878546666107,819200
grouped_conv_forward_bf16_2d_64x64x128_compv3,5,2,1024,512,1,79,39,1,1,2,2,0,0,0.017052100971341133,98.38797007006279,819200
grouped_conv_forward_bf16_2d_64x64x128_compv4,5,2,1024,512,1,79,39,1,1,2,2,0,0,0.01982009969651699,84.64748541576851,819200
grouped_conv_forward_bf16_2d_128x64x128_compv3,5,2,1024,512,1,79,39,1,1,2,2,0,0,0.01698410138487816,98.78188795397583,819200
grouped_conv_forward_bf16_2d_128x64x128_compv4,5,2,1024,512,1,79,39,1,1,2,2,0,0,0.01950809918344021,86.00128511875536,819200
grouped_conv_forward_bf16_2d_16x64x64_compv3,6,4,1280,448,1,8,8,3,3,1,1,1,1,0.11166860163211823,23.66297671305295,114688
grouped_conv_forward_bf16_2d_16x64x64_compv4,6,4,1280,448,1,8,8,3,3,1,1,1,1,0.1002006083726883,26.371212340066418,114688
grouped_conv_forward_bf16_2d_32x64x64_compv3,6,4,1280,448,1,8,8,3,3,1,1,1,1,0.17314539849758148,15.26122867213771,114688
grouped_conv_forward_bf16_2d_32x64x64_compv4,6,4,1280,448,1,8,8,3,3,1,1,1,1,0.12596890330314636,20.97669703165543,114688
grouped_conv_forward_bf16_2d_64x64x64_compv3,6,4,1280,448,1,8,8,3,3,1,1,1,1,0.1741933971643448,15.16941263569816,114688
grouped_conv_forward_bf16_2d_64x64x64_compv4,6,4,1280,448,1,8,8,3,3,1,1,1,1,0.1664212942123413,15.87784503483357,114688
grouped_conv_forward_bf16_2d_32x128x64_compv3,6,4,1280,448,1,8,8,3,3,1,1,1,1,0.171753391623497,15.384916099895523,114688
grouped_conv_forward_bf16_2d_32x128x64_compv4,6,4,1280,448,1,8,8,3,3,1,1,1,1,0.12552900612354279,21.050206654224592,114688
grouped_conv_forward_bf16_2d_64x128x64_compv3,6,4,1280,448,1,8,8,3,3,1,1,1,1,0.20502969622612,12.887945349564278,114688
grouped_conv_forward_bf16_2d_64x128x64_compv4,6,4,1280,448,1,8,8,3,3,1,1,1,1,0.16586139798164368,15.931443676197897,114688
grouped_conv_forward_bf16_2d_128x128x64_compv3,6,4,1280,448,1,8,8,3,3,1,1,1,1,0.19220159947872162,13.748124506594118,114688
grouped_conv_forward_bf16_2d_128x128x64_compv4,6,4,1280,448,1,8,8,3,3,1,1,1,1,0.16678139567375183,15.843562822612022,114688
grouped_conv_forward_bf16_2d_16x64x128_compv3,6,4,1280,448,1,8,8,3,3,1,1,1,1,0.10174880176782608,25.96995221653367,114688
grouped_conv_forward_bf16_2d_16x64x128_compv4,6,4,1280,448,1,8,8,3,3,1,1,1,1,0.10062479972839355,26.26004252562387,114688
grouped_conv_forward_bf16_2d_32x64x128_compv3,6,4,1280,448,1,8,8,3,3,1,1,1,1,0.11546500027179718,22.884956599661656,114688
grouped_conv_forward_bf16_2d_32x64x128_compv4,6,4,1280,448,1,8,8,3,3,1,1,1,1,0.12646910548210144,20.893731397301355,114688
grouped_conv_forward_bf16_2d_64x64x128_compv3,6,4,1280,448,1,8,8,3,3,1,1,1,1,0.13142509758472443,20.105836469297994,114688
grouped_conv_forward_bf16_2d_64x64x128_compv4,6,4,1280,448,1,8,8,3,3,1,1,1,1,0.16632939875125885,15.886617397996222,114688
grouped_conv_forward_bf16_2d_128x64x128_compv3,6,4,1280,448,1,8,8,3,3,1,1,1,1,0.12212099879980087,21.637650739590157,114688
grouped_conv_forward_bf16_2d_128x64x128_compv4,6,4,1280,448,1,8,8,3,3,1,1,1,1,0.16662940382957458,15.858014607689581,114688
grouped_conv_forward_bf16_2d_16x64x64_compv3,8,2,64,64,1,328,160,1,1,1,1,0,0,0.0144640002399683,59.44637069515732,6717440
grouped_conv_forward_bf16_2d_16x64x64_compv4,8,2,64,64,1,328,160,1,1,1,1,0,0,0.029356101527810097,29.289731103615708,6717440
grouped_conv_forward_bf16_2d_32x64x64_compv3,8,2,64,64,1,328,160,1,1,1,1,0,0,0.012227999977767467,70.31667660805674,6717440
grouped_conv_forward_bf16_2d_32x64x64_compv4,8,2,64,64,1,328,160,1,1,1,1,0,0,0.02592420019209385,33.16716865433807,6717440
grouped_conv_forward_bf16_2d_64x64x64_compv3,8,2,64,64,1,328,160,1,1,1,1,0,0,0.01239209994673729,69.38552171913243,6717440
grouped_conv_forward_bf16_2d_64x64x64_compv4,8,2,64,64,1,328,160,1,1,1,1,0,0,0.03483619913458824,24.682150790276307,6717440
grouped_conv_forward_bf16_2d_32x128x64_compv3,8,2,64,64,1,328,160,1,1,1,1,0,0,0.015528100542724133,55.372665680148764,6717440
grouped_conv_forward_bf16_2d_32x128x64_compv4,8,2,64,64,1,328,160,1,1,1,1,0,0,0.025556201115250587,33.64476262032926,6717440
grouped_conv_forward_bf16_2d_64x128x64_compv3,8,2,64,64,1,328,160,1,1,1,1,0,0,0.01616010069847107,53.207113992881865,6717440
grouped_conv_forward_bf16_2d_64x128x64_compv4,8,2,64,64,1,328,160,1,1,1,1,0,0,0.034816302359104156,24.696256113916746,6717440
grouped_conv_forward_bf16_2d_128x128x64_compv3,8,2,64,64,1,328,160,1,1,1,1,0,0,0.01865610107779503,46.08853245458637,6717440
grouped_conv_forward_bf16_2d_128x128x64_compv4,8,2,64,64,1,328,160,1,1,1,1,0,0,0.03476429730653763,24.733200053444012,6717440
grouped_conv_forward_bf16_2d_16x64x128_compv3,8,2,64,64,1,328,160,1,1,1,1,0,0,0.018452100455760956,46.59807278100692,6717440
grouped_conv_forward_bf16_2d_16x64x128_compv4,8,2,64,64,1,328,160,1,1,1,1,0,0,0.028716200962662697,29.942411989593225,6717440
grouped_conv_forward_bf16_2d_32x64x128_compv3,8,2,64,64,1,328,160,1,1,1,1,0,0,0.015820099040865898,54.35062813316862,6717440
grouped_conv_forward_bf16_2d_32x64x128_compv4,8,2,64,64,1,328,160,1,1,1,1,0,0,0.025512199848890305,33.70279023733031,6717440
grouped_conv_forward_bf16_2d_64x64x128_compv3,8,2,64,64,1,328,160,1,1,1,1,0,0,0.016760099679231644,51.30233927340333,6717440
grouped_conv_forward_bf16_2d_64x64x128_compv4,8,2,64,64,1,328,160,1,1,1,1,0,0,0.034240297973155975,25.111706699342957,6717440
grouped_conv_forward_bf16_2d_128x64x128_compv3,8,2,64,64,1,328,160,1,1,1,1,0,0,0.018752099946141243,45.852588375145366,6717440
grouped_conv_forward_bf16_2d_128x64x128_compv4,8,2,64,64,1,328,160,1,1,1,1,0,0,0.03492429852485657,24.619888052670095,6717440
grouped_conv_forward_bf16_2d_16x64x64_compv3,9,2,256,64,1,208,168,1,1,1,1,0,0,0.02282010018825531,100.35407229187484,4472832
grouped_conv_forward_bf16_2d_16x64x64_compv4,9,2,256,64,1,208,168,1,1,1,1,0,0,0.024608198553323746,93.06207356209279,4472832
grouped_conv_forward_bf16_2d_32x64x64_compv3,9,2,256,64,1,208,168,1,1,1,1,0,0,0.020816098898649216,110.01532972869413,4472832
grouped_conv_forward_bf16_2d_32x64x64_compv4,9,2,256,64,1,208,168,1,1,1,1,0,0,0.022276200354099274,102.80433590994242,4472832
grouped_conv_forward_bf16_2d_64x64x64_compv3,9,2,256,64,1,208,168,1,1,1,1,0,0,0.019680101424455643,116.36576126351669,4472832
grouped_conv_forward_bf16_2d_64x64x64_compv4,9,2,256,64,1,208,168,1,1,1,1,0,0,0.029816200956702232,76.80690062847266,4472832
grouped_conv_forward_bf16_2d_32x128x64_compv3,9,2,256,64,1,208,168,1,1,1,1,0,0,0.02515619993209839,91.03481408882942,4472832
grouped_conv_forward_bf16_2d_32x128x64_compv4,9,2,256,64,1,208,168,1,1,1,1,0,0,0.021976199001073837,104.20773782982661,4472832
grouped_conv_forward_bf16_2d_64x128x64_compv3,9,2,256,64,1,208,168,1,1,1,1,0,0,0.024868201464414597,92.08908763575151,4472832
grouped_conv_forward_bf16_2d_64x128x64_compv4,9,2,256,64,1,208,168,1,1,1,1,0,0,0.029752200469374657,76.97212131779287,4472832
grouped_conv_forward_bf16_2d_128x128x64_compv3,9,2,256,64,1,208,168,1,1,1,1,0,0,0.027652200311422348,82.81764048461736,4472832
grouped_conv_forward_bf16_2d_128x128x64_compv4,9,2,256,64,1,208,168,1,1,1,1,0,0,0.029200199991464615,78.42720202839044,4472832
grouped_conv_forward_bf16_2d_16x64x128_compv3,9,2,256,64,1,208,168,1,1,1,1,0,0,0.019420098513364792,117.92370581559997,4472832
grouped_conv_forward_bf16_2d_16x64x128_compv4,9,2,256,64,1,208,168,1,1,1,1,0,0,0.024496201425790787,93.48755524147847,4472832
grouped_conv_forward_bf16_2d_32x64x128_compv3,9,2,256,64,1,208,168,1,1,1,1,0,0,0.01669210009276867,137.1960371236996,4472832
grouped_conv_forward_bf16_2d_32x64x128_compv4,9,2,256,64,1,208,168,1,1,1,1,0,0,0.022080199792981148,103.71690498597633,4472832
grouped_conv_forward_bf16_2d_64x64x128_compv3,9,2,256,64,1,208,168,1,1,1,1,0,0,0.017984099686145782,127.33970696148843,4472832
grouped_conv_forward_bf16_2d_64x64x128_compv4,9,2,256,64,1,208,168,1,1,1,1,0,0,0.029248198494315147,78.29849706624206,4472832
grouped_conv_forward_bf16_2d_128x64x128_compv3,9,2,256,64,1,208,168,1,1,1,1,0,0,0.019200099632143974,119.27490106176484,4472832
grouped_conv_forward_bf16_2d_128x64x128_compv4,9,2,256,64,1,208,168,1,1,1,1,0,0,0.02950020134449005,77.62963910847121,4472832
grouped_conv_forward_bf16_2d_16x64x64_compv3,10,2,64,64,1,160,320,3,3,1,1,1,1,0.0552682988345623,136.60176555459182,6553600
grouped_conv_forward_bf16_2d_16x64x64_compv4,10,2,64,64,1,160,320,3,3,1,1,1,1,0.07010440528392792,107.6929070209351,6553600
grouped_conv_forward_bf16_2d_32x64x64_compv3,10,2,64,64,1,160,320,3,3,1,1,1,1,0.04859229922294617,155.36921118634518,6553600
grouped_conv_forward_bf16_2d_32x64x64_compv4,10,2,64,64,1,160,320,3,3,1,1,1,1,0.061540503054857254,122.6793221574765,6553600
grouped_conv_forward_bf16_2d_64x64x64_compv3,10,2,64,64,1,160,320,3,3,1,1,1,1,0.04290429875254631,175.96715060054288,6553600
grouped_conv_forward_bf16_2d_64x64x64_compv4,10,2,64,64,1,160,320,3,3,1,1,1,1,0.07760459929704666,97.28479070037947,6553600
grouped_conv_forward_bf16_2d_32x128x64_compv3,10,2,64,64,1,160,320,3,3,1,1,1,1,0.06327249854803085,119.32114857561541,6553600
grouped_conv_forward_bf16_2d_32x128x64_compv4,10,2,64,64,1,160,320,3,3,1,1,1,1,0.06062449887394905,124.532941966209,6553600
grouped_conv_forward_bf16_2d_64x128x64_compv3,10,2,64,64,1,160,320,3,3,1,1,1,1,0.05761650204658508,131.03445943135785,6553600
grouped_conv_forward_bf16_2d_64x128x64_compv4,10,2,64,64,1,160,320,3,3,1,1,1,1,0.07794059813022614,96.86539981879012,6553600
grouped_conv_forward_bf16_2d_128x128x64_compv3,10,2,64,64,1,160,320,3,3,1,1,1,1,0.05911250039935112,127.71828545562376,6553600
grouped_conv_forward_bf16_2d_128x128x64_compv4,10,2,64,64,1,160,320,3,3,1,1,1,1,0.07676859945058823,98.34420914321046,6553600
grouped_conv_forward_bf16_2d_16x64x128_compv3,10,2,64,64,1,160,320,3,3,1,1,1,1,0.058412499725818634,129.24882919644975,6553600
grouped_conv_forward_bf16_2d_16x64x128_compv4,10,2,64,64,1,160,320,3,3,1,1,1,1,0.07036460191011429,107.2946765142544,6553600
grouped_conv_forward_bf16_2d_32x64x128_compv3,10,2,64,64,1,160,320,3,3,1,1,1,1,0.04558039829134941,165.63583213428936,6553600
grouped_conv_forward_bf16_2d_32x64x128_compv4,10,2,64,64,1,160,320,3,3,1,1,1,1,0.06137249991297722,123.01514865298172,6553600
grouped_conv_forward_bf16_2d_64x64x128_compv3,10,2,64,64,1,160,320,3,3,1,1,1,1,0.044772401452064514,168.62502245011635,6553600
grouped_conv_forward_bf16_2d_64x64x128_compv4,10,2,64,64,1,160,320,3,3,1,1,1,1,0.07655259966850281,98.62169583649433,6553600
grouped_conv_forward_bf16_2d_128x64x128_compv3,10,2,64,64,1,160,320,3,3,1,1,1,1,0.046872399747371674,161.07020849563702,6553600
grouped_conv_forward_bf16_2d_128x64x128_compv4,10,2,64,64,1,160,320,3,3,1,1,1,1,0.07759659737348557,97.2948229116515,6553600
grouped_conv_forward_bf16_2d_16x64x64_compv3,11,2,256,512,1,335,191,1,1,2,2,0,0,0.07391650229692459,114.39552199092371,16515072
grouped_conv_forward_bf16_2d_16x64x64_compv4,11,2,256,512,1,335,191,1,1,2,2,0,0,0.08288859575986862,102.01303070082801,16515072
grouped_conv_forward_bf16_2d_32x64x64_compv3,11,2,256,512,1,335,191,1,1,2,2,0,0,0.06184449791908264,136.72545090532486,16515072
grouped_conv_forward_bf16_2d_32x64x64_compv4,11,2,256,512,1,335,191,1,1,2,2,0,0,0.07147260010242462,118.30711142287309,16515072
grouped_conv_forward_bf16_2d_64x64x64_compv3,11,2,256,512,1,335,191,1,1,2,2,0,0,0.052128396928310394,162.20941679117294,16515072
grouped_conv_forward_bf16_2d_64x64x64_compv4,11,2,256,512,1,335,191,1,1,2,2,0,0,0.09174879640340805,92.16161078365829,16515072
grouped_conv_forward_bf16_2d_32x128x64_compv3,11,2,256,512,1,335,191,1,1,2,2,0,0,0.045756399631500244,184.79856221420883,16515072
grouped_conv_forward_bf16_2d_32x128x64_compv4,11,2,256,512,1,335,191,1,1,2,2,0,0,0.07204459607601166,117.36781555522468,16515072
grouped_conv_forward_bf16_2d_64x128x64_compv3,11,2,256,512,1,335,191,1,1,2,2,0,0,0.0400082990527153,211.34907167282142,16515072
grouped_conv_forward_bf16_2d_64x128x64_compv4,11,2,256,512,1,335,191,1,1,2,2,0,0,0.09371279925107956,90.23011724732565,16515072
grouped_conv_forward_bf16_2d_128x128x64_compv3,11,2,256,512,1,335,191,1,1,2,2,0,0,0.04156830161809921,203.41742469262456,16515072
grouped_conv_forward_bf16_2d_128x128x64_compv4,11,2,256,512,1,335,191,1,1,2,2,0,0,0.09352879971265793,90.40762727606807,16515072
grouped_conv_forward_bf16_2d_16x64x128_compv3,11,2,256,512,1,335,191,1,1,2,2,0,0,0.06324449926614761,133.69885068448988,16515072
grouped_conv_forward_bf16_2d_16x64x128_compv4,11,2,256,512,1,335,191,1,1,2,2,0,0,0.08132870495319366,103.96964846380423,16515072
grouped_conv_forward_bf16_2d_32x64x128_compv3,11,2,256,512,1,335,191,1,1,2,2,0,0,0.050556398928165436,167.2531478362325,16515072
grouped_conv_forward_bf16_2d_32x64x128_compv4,11,2,256,512,1,335,191,1,1,2,2,0,0,0.07321260124444962,115.49537538991683,16515072
grouped_conv_forward_bf16_2d_64x64x128_compv3,11,2,256,512,1,335,191,1,1,2,2,0,0,0.04927640035748482,171.5976979376827,16515072
grouped_conv_forward_bf16_2d_64x64x128_compv4,11,2,256,512,1,335,191,1,1,2,2,0,0,0.09192879498004913,91.98115634861855,16515072
grouped_conv_forward_bf16_2d_128x64x128_compv3,11,2,256,512,1,335,191,1,1,2,2,0,0,0.050844401121139526,166.30576184492367,16515072
grouped_conv_forward_bf16_2d_128x64x128_compv4,11,2,256,512,1,335,191,1,1,2,2,0,0,0.09152879565954208,92.38313257668733,16515072
grouped_conv_forward_bf16_2d_16x64x64_compv3,12,16,512,256,1,112,112,1,1,2,2,0,0,0.09570850431919098,137.43122868301433,12845056
grouped_conv_forward_bf16_2d_16x64x64_compv4,12,16,512,256,1,112,112,1,1,2,2,0,0,0.11823699623346329,111.24553027402906,12845056
grouped_conv_forward_bf16_2d_32x64x64_compv3,12,16,512,256,1,112,112,1,1,2,2,0,0,0.08205270022153854,160.3035282018336,12845056
grouped_conv_forward_bf16_2d_32x64x64_compv4,12,16,512,256,1,112,112,1,1,2,2,0,0,0.10180890560150146,129.1963337223617,12845056
grouped_conv_forward_bf16_2d_64x64x64_compv3,12,16,512,256,1,112,112,1,1,2,2,0,0,0.06771659851074219,194.24096356395438,12845056
grouped_conv_forward_bf16_2d_64x64x64_compv4,12,16,512,256,1,112,112,1,1,2,2,0,0,0.13289719820022583,98.97377463280222,12845056
grouped_conv_forward_bf16_2d_32x128x64_compv3,12,16,512,256,1,112,112,1,1,2,2,0,0,0.06420449912548065,204.86628699171447,12845056
grouped_conv_forward_bf16_2d_32x128x64_compv4,12,16,512,256,1,112,112,1,1,2,2,0,0,0.10229289531707764,128.58505278620333,12845056
grouped_conv_forward_bf16_2d_64x128x64_compv3,12,16,512,256,1,112,112,1,1,2,2,0,0,0.05686450004577637,231.3101730149999,12845056
grouped_conv_forward_bf16_2d_64x128x64_compv4,12,16,512,256,1,112,112,1,1,2,2,0,0,0.13278520107269287,99.05725365283172,12845056
grouped_conv_forward_bf16_2d_128x128x64_compv3,12,16,512,256,1,112,112,1,1,2,2,0,0,0.061964500695466995,212.2721428619892,12845056
grouped_conv_forward_bf16_2d_128x128x64_compv4,12,16,512,256,1,112,112,1,1,2,2,0,0,0.1328132003545761,99.03637069872624,12845056
grouped_conv_forward_bf16_2d_16x64x128_compv3,12,16,512,256,1,112,112,1,1,2,2,0,0,0.09449680149555206,139.19346618963738,12845056
grouped_conv_forward_bf16_2d_16x64x128_compv4,12,16,512,256,1,112,112,1,1,2,2,0,0,0.11632899940013885,113.0701494195462,12845056
grouped_conv_forward_bf16_2d_32x64x128_compv3,12,16,512,256,1,112,112,1,1,2,2,0,0,0.07263659685850143,181.08416298223813,12845056
grouped_conv_forward_bf16_2d_32x64x128_compv4,12,16,512,256,1,112,112,1,1,2,2,0,0,0.10143689811229706,129.67014556614717,12845056
grouped_conv_forward_bf16_2d_64x64x128_compv3,12,16,512,256,1,112,112,1,1,2,2,0,0,0.06916459649801254,190.17442463324375,12845056
grouped_conv_forward_bf16_2d_64x64x128_compv4,12,16,512,256,1,112,112,1,1,2,2,0,0,0.13266119360923767,99.14984922225278,12845056
grouped_conv_forward_bf16_2d_128x64x128_compv3,12,16,512,256,1,112,112,1,1,2,2,0,0,0.0735325962305069,178.87764091407124,12845056
grouped_conv_forward_bf16_2d_128x64x128_compv4,12,16,512,256,1,112,112,1,1,2,2,0,0,0.13531319797039032,97.20661059890297,12845056
grouped_conv_forward_bf16_2d_16x64x64_compv3,13,2,64,64,1,240,176,1,1,1,1,0,0,0.012228099629282951,56.5958882394698,5406720
grouped_conv_forward_bf16_2d_16x64x64_compv4,13,2,64,64,1,240,176,1,1,1,1,0,0,0.02367210015654564,29.23526663977199,5406720
grouped_conv_forward_bf16_2d_32x64x64_compv3,13,2,64,64,1,240,176,1,1,1,1,0,0,0.010927999392151833,63.32908112138231,5406720
grouped_conv_forward_bf16_2d_32x64x64_compv4,13,2,64,64,1,240,176,1,1,1,1,0,0,0.022244200110435486,31.11193733935759,5406720
grouped_conv_forward_bf16_2d_64x64x64_compv3,13,2,64,64,1,240,176,1,1,1,1,0,0,0.011320100165903568,61.135515574721055,5406720
grouped_conv_forward_bf16_2d_64x64x64_compv4,13,2,64,64,1,240,176,1,1,1,1,0,0,0.02992820180952549,23.124014078912435,5406720
grouped_conv_forward_bf16_2d_32x128x64_compv3,13,2,64,64,1,240,176,1,1,1,1,0,0,0.013476100750267506,51.35462941580207,5406720
grouped_conv_forward_bf16_2d_32x128x64_compv4,13,2,64,64,1,240,176,1,1,1,1,0,0,0.02247219905257225,30.796281146360897,5406720
grouped_conv_forward_bf16_2d_64x128x64_compv3,13,2,64,64,1,240,176,1,1,1,1,0,0,0.014356100931763649,48.20669367605096,5406720
grouped_conv_forward_bf16_2d_64x128x64_compv4,13,2,64,64,1,240,176,1,1,1,1,0,0,0.029628198593854904,23.358158539666942,5406720
grouped_conv_forward_bf16_2d_128x128x64_compv3,13,2,64,64,1,240,176,1,1,1,1,0,0,0.014952098950743675,46.285151153683266,5406720
grouped_conv_forward_bf16_2d_128x128x64_compv4,13,2,64,64,1,240,176,1,1,1,1,0,0,0.029884200543165207,23.15806169886919,5406720
grouped_conv_forward_bf16_2d_16x64x128_compv3,13,2,64,64,1,240,176,1,1,1,1,0,0,0.015724100172519684,44.0127035828405,5406720
grouped_conv_forward_bf16_2d_16x64x128_compv4,13,2,64,64,1,240,176,1,1,1,1,0,0,0.0238001998513937,29.07791381253776,5406720
grouped_conv_forward_bf16_2d_32x64x128_compv3,13,2,64,64,1,240,176,1,1,1,1,0,0,0.013696099631488323,50.529725879687945,5406720
grouped_conv_forward_bf16_2d_32x64x128_compv4,13,2,64,64,1,240,176,1,1,1,1,0,0,0.022304199635982513,31.028244514253977,5406720
grouped_conv_forward_bf16_2d_64x64x128_compv3,13,2,64,64,1,240,176,1,1,1,1,0,0,0.014264099299907684,48.51762073785331,5406720
grouped_conv_forward_bf16_2d_64x64x128_compv4,13,2,64,64,1,240,176,1,1,1,1,0,0,0.029856199398636818,23.17978088100518,5406720
grouped_conv_forward_bf16_2d_128x64x128_compv3,13,2,64,64,1,240,176,1,1,1,1,0,0,0.014856100082397461,46.58424190477829,5406720
grouped_conv_forward_bf16_2d_128x64x128_compv4,13,2,64,64,1,240,176,1,1,1,1,0,0,0.029884200543165207,23.15806169886919,5406720
grouped_conv_forward_bf16_2d_16x64x64_compv3,14,8,512,112,1,14,14,1,1,1,1,0,0,0.008023999631404877,22.41161419003137,175616
grouped_conv_forward_bf16_2d_16x64x64_compv4,14,8,512,112,1,14,14,1,1,1,1,0,0,0.0070361001417040825,25.558303659453962,175616
grouped_conv_forward_bf16_2d_32x64x64_compv3,14,8,512,112,1,14,14,1,1,1,1,0,0,0.009848000481724739,18.260639236738253,175616
grouped_conv_forward_bf16_2d_32x64x64_compv4,14,8,512,112,1,14,14,1,1,1,1,0,0,0.008431999944150448,21.327180406915733,175616
grouped_conv_forward_bf16_2d_64x64x64_compv3,14,8,512,112,1,14,14,1,1,1,1,0,0,0.011971999891102314,15.020947680900973,175616
grouped_conv_forward_bf16_2d_64x64x64_compv4,14,8,512,112,1,14,14,1,1,1,1,0,0,0.011807999573647976,15.229572365613059,175616
grouped_conv_forward_bf16_2d_32x128x64_compv3,14,8,512,112,1,14,14,1,1,1,1,0,0,0.011468099430203438,15.680957868779997,175616
grouped_conv_forward_bf16_2d_32x128x64_compv4,14,8,512,112,1,14,14,1,1,1,1,0,0,0.008412099443376064,21.37763411030573,175616
grouped_conv_forward_bf16_2d_64x128x64_compv3,14,8,512,112,1,14,14,1,1,1,1,0,0,0.013232099823653698,13.590494811604621,175616
grouped_conv_forward_bf16_2d_64x128x64_compv4,14,8,512,112,1,14,14,1,1,1,1,0,0,0.012368000112473965,14.540005042418175,175616
grouped_conv_forward_bf16_2d_128x128x64_compv3,14,8,512,112,1,14,14,1,1,1,1,0,0,0.01372000016272068,13.107199844547196,175616
grouped_conv_forward_bf16_2d_128x128x64_compv4,14,8,512,112,1,14,14,1,1,1,1,0,0,0.011807999573647976,15.229572365613059,175616
grouped_conv_forward_bf16_2d_16x64x128_compv3,14,8,512,112,1,14,14,1,1,1,1,0,0,0.006843999959528446,26.27568455047016,175616
grouped_conv_forward_bf16_2d_16x64x128_compv4,14,8,512,112,1,14,14,1,1,1,1,0,0,0.007080099545419216,25.399471129802052,175616
grouped_conv_forward_bf16_2d_32x64x128_compv3,14,8,512,112,1,14,14,1,1,1,1,0,0,0.008008000440895557,22.456390372012642,175616
grouped_conv_forward_bf16_2d_32x64x128_compv4,14,8,512,112,1,14,14,1,1,1,1,0,0,0.009012100286781788,19.954370044434715,175616
grouped_conv_forward_bf16_2d_64x64x128_compv3,14,8,512,112,1,14,14,1,1,1,1,0,0,0.01033599954098463,17.39848993674287,175616
grouped_conv_forward_bf16_2d_64x64x128_compv4,14,8,512,112,1,14,14,1,1,1,1,0,0,0.011812100186944008,15.224285364491587,175616
grouped_conv_forward_bf16_2d_128x64x128_compv3,14,8,512,112,1,14,14,1,1,1,1,0,0,0.011536000296473503,15.588659793548494,175616
grouped_conv_forward_bf16_2d_128x64x128_compv4,14,8,512,112,1,14,14,1,1,1,1,0,0,0.01179210003465414,15.250106721578062,175616
grouped_conv_forward_bf16_2d_16x64x64_compv3,15,2,64,256,1,216,184,1,1,1,1,0,0,0.04012409970164299,64.91517076689313,20348928
grouped_conv_forward_bf16_2d_16x64x64_compv4,15,2,64,256,1,216,184,1,1,1,1,0,0,0.08344849944114685,31.212817503530697,20348928
grouped_conv_forward_bf16_2d_32x64x64_compv3,15,2,64,256,1,216,184,1,1,1,1,0,0,0.03346420079469681,77.83430418612508,20348928
grouped_conv_forward_bf16_2d_32x64x64_compv4,15,2,64,256,1,216,184,1,1,1,1,0,0,0.07635650038719177,34.11186697651367,20348928
grouped_conv_forward_bf16_2d_64x64x64_compv3,15,2,64,256,1,216,184,1,1,1,1,0,0,0.029868200421333313,87.20521314500166,20348928
grouped_conv_forward_bf16_2d_64x64x64_compv4,15,2,64,256,1,216,184,1,1,1,1,0,0,0.09858880192041397,26.4194587342954,20348928
grouped_conv_forward_bf16_2d_32x128x64_compv3,15,2,64,256,1,216,184,1,1,1,1,0,0,0.02560419961810112,101.72795177548178,20348928
grouped_conv_forward_bf16_2d_32x128x64_compv4,15,2,64,256,1,216,184,1,1,1,1,0,0,0.07518859952688217,34.64172494752685,20348928
grouped_conv_forward_bf16_2d_64x128x64_compv3,15,2,64,256,1,216,184,1,1,1,1,0,0,0.024444200098514557,106.55545174326576,20348928
grouped_conv_forward_bf16_2d_64x128x64_compv4,15,2,64,256,1,216,184,1,1,1,1,0,0,0.10008080303668976,26.02559836620343,20348928
grouped_conv_forward_bf16_2d_128x128x64_compv3,15,2,64,256,1,216,184,1,1,1,1,0,0,0.028452198952436447,91.54521899534781,20348928
grouped_conv_forward_bf16_2d_128x128x64_compv4,15,2,64,256,1,216,184,1,1,1,1,0,0,0.09820079803466797,26.52384538749341,20348928
grouped_conv_forward_bf16_2d_16x64x128_compv3,15,2,64,256,1,216,184,1,1,1,1,0,0,0.05423640087246895,48.02425570466196,20348928
grouped_conv_forward_bf16_2d_16x64x128_compv4,15,2,64,256,1,216,184,1,1,1,1,0,0,0.0819087028503418,31.799585310965902,20348928
grouped_conv_forward_bf16_2d_32x64x128_compv3,15,2,64,256,1,216,184,1,1,1,1,0,0,0.04392839968204498,59.29336836426148,20348928
grouped_conv_forward_bf16_2d_32x64x128_compv4,15,2,64,256,1,216,184,1,1,1,1,0,0,0.07630860060453415,34.13327938614084,20348928
grouped_conv_forward_bf16_2d_64x64x128_compv3,15,2,64,256,1,216,184,1,1,1,1,0,0,0.04276829957962036,60.90171481218194,20348928
grouped_conv_forward_bf16_2d_64x64x128_compv4,15,2,64,256,1,216,184,1,1,1,1,0,0,0.09852080047130585,26.437694086322484,20348928
grouped_conv_forward_bf16_2d_128x64x128_compv3,15,2,64,256,1,216,184,1,1,1,1,0,0,0.04942839965224266,52.695672980013654,20348928
grouped_conv_forward_bf16_2d_128x64x128_compv4,15,2,64,256,1,216,184,1,1,1,1,0,0,0.09835280478000641,26.48285211414212,20348928
grouped_conv_forward_bf16_2d_16x64x64_compv3,16,2,512,256,1,95,83,1,1,2,2,0,0,0.013064099475741386,80.90604407618515,1032192
grouped_conv_forward_bf16_2d_16x64x64_compv4,16,2,512,256,1,95,83,1,1,2,2,0,0,0.013220099732279778,79.95133390856263,1032192
grouped_conv_forward_bf16_2d_32x64x64_compv3,16,2,512,256,1,95,83,1,1,2,2,0,0,0.011824099346995354,89.39070765407493,1032192
grouped_conv_forward_bf16_2d_32x64x64_compv4,16,2,512,256,1,95,83,1,1,2,2,0,0,0.011216100305318832,94.23637264538125,1032192
grouped_conv_forward_bf16_2d_64x64x64_compv3,16,2,512,256,1,95,83,1,1,2,2,0,0,0.01286810077726841,82.13835330440801,1032192
grouped_conv_forward_bf16_2d_64x64x64_compv4,16,2,512,256,1,95,83,1,1,2,2,0,0,0.012324100360274315,85.7640377067226,1032192
grouped_conv_forward_bf16_2d_32x128x64_compv3,16,2,512,256,1,95,83,1,1,2,2,0,0,0.0117680998519063,89.81608087127027,1032192
grouped_conv_forward_bf16_2d_32x128x64_compv4,16,2,512,256,1,95,83,1,1,2,2,0,0,0.010736099444329739,98.44959181690841,1032192
grouped_conv_forward_bf16_2d_64x128x64_compv3,16,2,512,256,1,95,83,1,1,2,2,0,0,0.013788099400699139,76.65774500772787,1032192
grouped_conv_forward_bf16_2d_64x128x64_compv4,16,2,512,256,1,95,83,1,1,2,2,0,0,0.012784099206328392,82.67806678759038,1032192
grouped_conv_forward_bf16_2d_128x128x64_compv3,16,2,512,256,1,95,83,1,1,2,2,0,0,0.015000100247561932,70.46383627814726,1032192
grouped_conv_forward_bf16_2d_128x128x64_compv4,16,2,512,256,1,95,83,1,1,2,2,0,0,0.012412100099027157,85.15598485085077,1032192
grouped_conv_forward_bf16_2d_16x64x128_compv3,16,2,512,256,1,95,83,1,1,2,2,0,0,0.011332100257277489,93.27173110043887,1032192
grouped_conv_forward_bf16_2d_16x64x128_compv4,16,2,512,256,1,95,83,1,1,2,2,0,0,0.01344009954482317,78.64261752489173,1032192
grouped_conv_forward_bf16_2d_32x64x128_compv3,16,2,512,256,1,95,83,1,1,2,2,0,0,0.010316000320017338,102.45876068354208,1032192
grouped_conv_forward_bf16_2d_32x64x128_compv4,16,2,512,256,1,95,83,1,1,2,2,0,0,0.010752099566161633,98.30308968923764,1032192
grouped_conv_forward_bf16_2d_64x64x128_compv3,16,2,512,256,1,95,83,1,1,2,2,0,0,0.010812100023031235,97.75756844170166,1032192
grouped_conv_forward_bf16_2d_64x64x128_compv4,16,2,512,256,1,95,83,1,1,2,2,0,0,0.012352099642157555,85.56963096319217,1032192
grouped_conv_forward_bf16_2d_128x64x128_compv3,16,2,512,256,1,95,83,1,1,2,2,0,0,0.01184810046106577,89.2096257516813,1032192
grouped_conv_forward_bf16_2d_128x64x128_compv4,16,2,512,256,1,95,83,1,1,2,2,0,0,0.012676100246608257,83.38247469152131,1032192
grouped_conv_forward_bf16_2d_16x64x64_compv3,17,2,64,256,1,328,200,1,1,1,1,0,0,0.06282439827919006,68.43140113964375,33587200
grouped_conv_forward_bf16_2d_16x64x64_compv4,17,2,64,256,1,328,200,1,1,1,1,0,0,0.13322089612483978,32.27092539575251,33587200
grouped_conv_forward_bf16_2d_32x64x64_compv3,17,2,64,256,1,328,200,1,1,1,1,0,0,0.05117639899253845,84.00672350211316,33587200
grouped_conv_forward_bf16_2d_32x64x64_compv4,17,2,64,256,1,328,200,1,1,1,1,0,0,0.12275700271129608,35.0217218166438,33587200
grouped_conv_forward_bf16_2d_64x64x64_compv3,17,2,64,256,1,328,200,1,1,1,1,0,0,0.044084299355745316,97.52137751600013,33587200
grouped_conv_forward_bf16_2d_64x64x64_compv4,17,2,64,256,1,328,200,1,1,1,1,0,0,0.1584853082895279,27.12656236971886,33587200
grouped_conv_forward_bf16_2d_32x128x64_compv3,17,2,64,256,1,328,200,1,1,1,1,0,0,0.037288300693035126,115.29518696471509,33587200
grouped_conv_forward_bf16_2d_32x128x64_compv4,17,2,64,256,1,328,200,1,1,1,1,0,0,0.12114499509334564,35.48773597033352,33587200
grouped_conv_forward_bf16_2d_64x128x64_compv3,17,2,64,256,1,328,200,1,1,1,1,0,0,0.036572299897670746,117.55239927565533,33587200
grouped_conv_forward_bf16_2d_64x128x64_compv4,17,2,64,256,1,328,200,1,1,1,1,0,0,0.15815730392932892,27.182820478028884,33587200
grouped_conv_forward_bf16_2d_128x128x64_compv3,17,2,64,256,1,328,200,1,1,1,1,0,0,0.045784398913383484,93.90014288782743,33587200
grouped_conv_forward_bf16_2d_128x128x64_compv4,17,2,64,256,1,328,200,1,1,1,1,0,0,0.1587294042110443,27.084846827018247,33587200
grouped_conv_forward_bf16_2d_16x64x128_compv3,17,2,64,256,1,328,200,1,1,1,1,0,0,0.08739669620990753,49.19135146338215,33587200
grouped_conv_forward_bf16_2d_16x64x128_compv4,17,2,64,256,1,328,200,1,1,1,1,0,0,0.13342919945716858,32.22054555892057,33587200
grouped_conv_forward_bf16_2d_32x64x128_compv3,17,2,64,256,1,328,200,1,1,1,1,0,0,0.06909660249948502,62.21958018893971,33587200
grouped_conv_forward_bf16_2d_32x64x128_compv4,17,2,64,256,1,328,200,1,1,1,1,0,0,0.12086900323629379,35.56876854188432,33587200
grouped_conv_forward_bf16_2d_64x64x128_compv3,17,2,64,256,1,328,200,1,1,1,1,0,0,0.0671486034989357,64.02458690102381,33587200
grouped_conv_forward_bf16_2d_64x64x128_compv4,17,2,64,256,1,328,200,1,1,1,1,0,0,0.15833339095115662,27.15258969806454,33587200
grouped_conv_forward_bf16_2d_128x64x128_compv3,17,2,64,256,1,328,200,1,1,1,1,0,0,0.07916469871997833,54.306549124970594,33587200
grouped_conv_forward_bf16_2d_128x64x128_compv4,17,2,64,256,1,328,200,1,1,1,1,0,0,0.1583574116230011,27.148471018425987,33587200
grouped_conv_forward_bf16_2d_16x64x64_compv3,18,1,1536,512,1,32,32,1,1,1,1,0,0,0.020820099860429764,77.35854999721188,524288
grouped_conv_forward_bf16_2d_16x64x64_compv4,18,1,1536,512,1,32,32,1,1,1,1,0,0,0.018156200647354126,88.70868786277221,524288
grouped_conv_forward_bf16_2d_32x64x64_compv3,18,1,1536,512,1,32,32,1,1,1,1,0,0,0.02290010079741478,70.33212431020496,524288
grouped_conv_forward_bf16_2d_32x64x64_compv4,18,1,1536,512,1,32,32,1,1,1,1,0,0,0.019384099170565605,83.08937762997445,524288
grouped_conv_forward_bf16_2d_64x64x64_compv3,18,1,1536,512,1,32,32,1,1,1,1,0,0,0.027788201346993446,57.96030897747402,524288
grouped_conv_forward_bf16_2d_64x64x64_compv4,18,1,1536,512,1,32,32,1,1,1,1,0,0,0.027576198801398277,58.40590095826885,524288
grouped_conv_forward_bf16_2d_32x128x64_compv3,18,1,1536,512,1,32,32,1,1,1,1,0,0,0.027768298983573914,58.00185084987537,524288
grouped_conv_forward_bf16_2d_32x128x64_compv4,18,1,1536,512,1,32,32,1,1,1,1,0,0,0.01873210072517395,85.98142619612908,524288
grouped_conv_forward_bf16_2d_64x128x64_compv3,18,1,1536,512,1,32,32,1,1,1,1,0,0,0.03133619949221611,51.39783260570814,524288
grouped_conv_forward_bf16_2d_64x128x64_compv4,18,1,1536,512,1,32,32,1,1,1,1,0,0,0.026468198746442795,60.85086300844174,524288
grouped_conv_forward_bf16_2d_128x128x64_compv3,18,1,1536,512,1,32,32,1,1,1,1,0,0,0.031828299164772034,50.603166938390686,524288
grouped_conv_forward_bf16_2d_128x128x64_compv4,18,1,1536,512,1,32,32,1,1,1,1,0,0,0.02669220045208931,60.34020083473225,524288
grouped_conv_forward_bf16_2d_16x64x128_compv3,18,1,1536,512,1,32,32,1,1,1,1,0,0,0.017208099365234375,93.59620152205365,524288
grouped_conv_forward_bf16_2d_16x64x128_compv4,18,1,1536,512,1,32,32,1,1,1,1,0,0,0.017948100343346596,89.73722595645383,524288
grouped_conv_forward_bf16_2d_32x64x128_compv3,18,1,1536,512,1,32,32,1,1,1,1,0,0,0.017316099256277084,93.01244536445776,524288
grouped_conv_forward_bf16_2d_32x64x128_compv4,18,1,1536,512,1,32,32,1,1,1,1,0,0,0.0193961001932621,83.03796742396193,524288
grouped_conv_forward_bf16_2d_64x64x128_compv3,18,1,1536,512,1,32,32,1,1,1,1,0,0,0.022504199296236038,71.56943087814658,524288
grouped_conv_forward_bf16_2d_64x64x128_compv4,18,1,1536,512,1,32,32,1,1,1,1,0,0,0.027388200163841248,58.806811925026786,524288
grouped_conv_forward_bf16_2d_128x64x128_compv3,18,1,1536,512,1,32,32,1,1,1,1,0,0,0.02276819944381714,70.73957428976111,524288
grouped_conv_forward_bf16_2d_128x64x128_compv4,18,1,1536,512,1,32,32,1,1,1,1,0,0,0.026660200208425522,60.412627189911056,524288
grouped_conv_forward_bf16_2d_16x64x64_compv3,19,2,256,512,1,296,160,1,1,2,2,0,0,0.056268297135829926,110.32091312475866,12124160
grouped_conv_forward_bf16_2d_16x64x64_compv4,19,2,256,512,1,296,160,1,1,2,2,0,0,0.06067640334367752,102.30616150465728,12124160
grouped_conv_forward_bf16_2d_32x64x64_compv3,19,2,256,512,1,296,160,1,1,2,2,0,0,0.04662039875984192,133.1513690386343,12124160
grouped_conv_forward_bf16_2d_32x64x64_compv4,19,2,256,512,1,296,160,1,1,2,2,0,0,0.05516840144991875,112.52038770119454,12124160
grouped_conv_forward_bf16_2d_64x64x64_compv3,19,2,256,512,1,296,160,1,1,2,2,0,0,0.039920300245285034,155.49907896129045,12124160
grouped_conv_forward_bf16_2d_64x64x64_compv4,19,2,256,512,1,296,160,1,1,2,2,0,0,0.06920859962701797,89.69362121837617,12124160
grouped_conv_forward_bf16_2d_32x128x64_compv3,19,2,256,512,1,296,160,1,1,2,2,0,0,0.03542029857635498,175.2545904326142,12124160
grouped_conv_forward_bf16_2d_32x128x64_compv4,19,2,256,512,1,296,160,1,1,2,2,0,0,0.05498039722442627,112.90514862344699,12124160
grouped_conv_forward_bf16_2d_64x128x64_compv3,19,2,256,512,1,296,160,1,1,2,2,0,0,0.03107619844377041,199.753194755531,12124160
grouped_conv_forward_bf16_2d_64x128x64_compv4,19,2,256,512,1,296,160,1,1,2,2,0,0,0.06942860037088394,89.40940602056627,12124160
grouped_conv_forward_bf16_2d_128x128x64_compv3,19,2,256,512,1,296,160,1,1,2,2,0,0,0.031144198030233383,199.31705783446313,12124160
grouped_conv_forward_bf16_2d_128x128x64_compv4,19,2,256,512,1,296,160,1,1,2,2,0,0,0.070340596139431,88.25017501550869,12124160
grouped_conv_forward_bf16_2d_16x64x128_compv3,19,2,256,512,1,296,160,1,1,2,2,0,0,0.04866040125489235,127.56923000867953,12124160
grouped_conv_forward_bf16_2d_16x64x128_compv4,19,2,256,512,1,296,160,1,1,2,2,0,0,0.0615525022149086,100.8500011636646,12124160
grouped_conv_forward_bf16_2d_32x64x128_compv3,19,2,256,512,1,296,160,1,1,2,2,0,0,0.038216300308704376,162.4325188429118,12124160
grouped_conv_forward_bf16_2d_32x64x128_compv4,19,2,256,512,1,296,160,1,1,2,2,0,0,0.05595650151371956,110.93563307345103,12124160
grouped_conv_forward_bf16_2d_64x64x128_compv3,19,2,256,512,1,296,160,1,1,2,2,0,0,0.03773630037903786,164.49863546899908,12124160
grouped_conv_forward_bf16_2d_64x64x128_compv4,19,2,256,512,1,296,160,1,1,2,2,0,0,0.06968860328197479,89.07582628515114,12124160
grouped_conv_forward_bf16_2d_128x64x128_compv3,19,2,256,512,1,296,160,1,1,2,2,0,0,0.03880029916763306,159.98768187793542,12124160
grouped_conv_forward_bf16_2d_128x64x128_compv4,19,2,256,512,1,296,160,1,1,2,2,0,0,0.06921260058879852,89.68843631349756,12124160
grouped_conv_forward_bf16_2d_16x64x64_compv3,20,2,256,512,1,264,160,1,1,2,2,0,0,0.050876300781965256,108.82240247236261,10813440
grouped_conv_forward_bf16_2d_16x64x64_compv4,20,2,256,512,1,264,160,1,1,2,2,0,0,0.0545044019818306,101.57860794153144,10813440
grouped_conv_forward_bf16_2d_32x64x64_compv3,20,2,256,512,1,264,160,1,1,2,2,0,0,0.041428301483392715,133.64007409812345,10813440
grouped_conv_forward_bf16_2d_32x64x64_compv4,20,2,256,512,1,264,160,1,1,2,2,0,0,0.049176402390003204,112.58410560601482,10813440
grouped_conv_forward_bf16_2d_64x64x64_compv3,20,2,256,512,1,264,160,1,1,2,2,0,0,0.03675629943609238,150.62673242245717,10813440
grouped_conv_forward_bf16_2d_64x64x64_compv4,20,2,256,512,1,264,160,1,1,2,2,0,0,0.06365650147199631,86.97432551230611,10813440
grouped_conv_forward_bf16_2d_32x128x64_compv3,20,2,256,512,1,264,160,1,1,2,2,0,0,0.03347630053758621,165.38509904294236,10813440
grouped_conv_forward_bf16_2d_32x128x64_compv4,20,2,256,512,1,264,160,1,1,2,2,0,0,0.04900839924812317,112.97004931684287,10813440
grouped_conv_forward_bf16_2d_64x128x64_compv3,20,2,256,512,1,264,160,1,1,2,2,0,0,0.030852198600769043,179.451758094867,10813440
grouped_conv_forward_bf16_2d_64x128x64_compv4,20,2,256,512,1,264,160,1,1,2,2,0,0,0.06358449906110764,87.07281431405454,10813440
grouped_conv_forward_bf16_2d_128x128x64_compv3,20,2,256,512,1,264,160,1,1,2,2,0,0,0.03067620098590851,180.48132109133238,10813440
grouped_conv_forward_bf16_2d_128x128x64_compv4,20,2,256,512,1,264,160,1,1,2,2,0,0,0.063680499792099,86.94154879555335,10813440
grouped_conv_forward_bf16_2d_16x64x128_compv3,20,2,256,512,1,264,160,1,1,2,2,0,0,0.0427883006632328,129.39240853650904,10813440
grouped_conv_forward_bf16_2d_16x64x128_compv4,20,2,256,512,1,264,160,1,1,2,2,0,0,0.054720498621463776,101.177464012149,10813440
grouped_conv_forward_bf16_2d_32x64x128_compv3,20,2,256,512,1,264,160,1,1,2,2,0,0,0.0343003012239933,161.41203086948963,10813440
grouped_conv_forward_bf16_2d_32x64x128_compv4,20,2,256,512,1,264,160,1,1,2,2,0,0,0.049016401171684265,112.95160696534995,10813440
grouped_conv_forward_bf16_2d_64x64x128_compv3,20,2,256,512,1,264,160,1,1,2,2,0,0,0.03433629870414734,161.24280976537727,10813440
grouped_conv_forward_bf16_2d_64x64x128_compv4,20,2,256,512,1,264,160,1,1,2,2,0,0,0.06411249935626984,86.35572369802743,10813440
grouped_conv_forward_bf16_2d_128x64x128_compv3,20,2,256,512,1,264,160,1,1,2,2,0,0,0.03792429715394974,145.98770960804444,10813440
grouped_conv_forward_bf16_2d_128x64x128_compv4,20,2,256,512,1,264,160,1,1,2,2,0,0,0.06337650120258331,87.35858204451219,10813440
grouped_conv_forward_bf16_2d_16x64x64_compv3,21,2,1024,512,1,39,53,1,1,2,2,0,0,0.017772000283002853,63.7217005382949,552960
grouped_conv_forward_bf16_2d_16x64x64_compv4,21,2,1024,512,1,39,53,1,1,2,2,0,0,0.015644000843167305,72.3895435287333,552960
grouped_conv_forward_bf16_2d_32x64x64_compv3,21,2,1024,512,1,39,53,1,1,2,2,0,0,0.0188680998980999,60.01993237877885,552960
grouped_conv_forward_bf16_2d_32x64x64_compv4,21,2,1024,512,1,39,53,1,1,2,2,0,0,0.01623610034584999,69.74963543443864,552960
grouped_conv_forward_bf16_2d_64x64x64_compv3,21,2,1024,512,1,39,53,1,1,2,2,0,0,0.020388100296258926,55.545247646628404,552960
grouped_conv_forward_bf16_2d_64x64x64_compv4,21,2,1024,512,1,39,53,1,1,2,2,0,0,0.019852200523018837,57.0446625645806,552960
grouped_conv_forward_bf16_2d_32x128x64_compv3,21,2,1024,512,1,39,53,1,1,2,2,0,0,0.01945209875702858,58.217989438841926,552960
grouped_conv_forward_bf16_2d_32x128x64_compv4,21,2,1024,512,1,39,53,1,1,2,2,0,0,0.016220100224018097,69.81843911932764,552960
grouped_conv_forward_bf16_2d_64x128x64_compv3,21,2,1024,512,1,39,53,1,1,2,2,0,0,0.022856099531054497,49.547477620200596,552960
grouped_conv_forward_bf16_2d_64x128x64_compv4,21,2,1024,512,1,39,53,1,1,2,2,0,0,0.019436100497841835,58.26590987866869,552960
grouped_conv_forward_bf16_2d_128x128x64_compv3,21,2,1024,512,1,39,53,1,1,2,2,0,0,0.023168200626969337,48.88001870467827,552960
grouped_conv_forward_bf16_2d_128x128x64_compv4,21,2,1024,512,1,39,53,1,1,2,2,0,0,0.02029610052704811,55.79702753692985,552960
grouped_conv_forward_bf16_2d_16x64x128_compv3,21,2,1024,512,1,39,53,1,1,2,2,0,0,0.014576099812984467,77.69307939228001,552960
grouped_conv_forward_bf16_2d_16x64x128_compv4,21,2,1024,512,1,39,53,1,1,2,2,0,0,0.015660099685192108,72.31512587821102,552960
grouped_conv_forward_bf16_2d_32x64x128_compv3,21,2,1024,512,1,39,53,1,1,2,2,0,0,0.014480100944638252,78.2081619686037,552960
grouped_conv_forward_bf16_2d_32x64x128_compv4,21,2,1024,512,1,39,53,1,1,2,2,0,0,0.016100099310278893,70.33882575351537,552960
grouped_conv_forward_bf16_2d_64x64x128_compv3,21,2,1024,512,1,39,53,1,1,2,2,0,0,0.016596199944615364,68.23622779788377,552960
grouped_conv_forward_bf16_2d_64x64x128_compv4,21,2,1024,512,1,39,53,1,1,2,2,0,0,0.01926410011947155,58.78613965753546,552960
grouped_conv_forward_bf16_2d_128x64x128_compv3,21,2,1024,512,1,39,53,1,1,2,2,0,0,0.016508199274539948,68.59997636123516,552960
grouped_conv_forward_bf16_2d_128x64x128_compv4,21,2,1024,512,1,39,53,1,1,2,2,0,0,0.019300099462270737,58.67648932140587,552960
grouped_conv_forward_bf16_2d_16x64x64_compv3,22,2,64,64,1,248,192,1,1,1,1,0,0,0.013315999880433083,58.58670404063019,6094848
grouped_conv_forward_bf16_2d_16x64x64_compv4,22,2,64,64,1,248,192,1,1,1,1,0,0,0.02634809911251068,29.608987755385034,6094848
grouped_conv_forward_bf16_2d_32x64x64_compv3,22,2,64,64,1,248,192,1,1,1,1,0,0,0.011983999982476234,65.09851010854231,6094848
grouped_conv_forward_bf16_2d_32x64x64_compv4,22,2,64,64,1,248,192,1,1,1,1,0,0,0.023636098951101303,33.00631570437938,6094848
grouped_conv_forward_bf16_2d_64x64x64_compv3,22,2,64,64,1,248,192,1,1,1,1,0,0,0.011320000514388084,68.91700605564606,6094848
grouped_conv_forward_bf16_2d_64x64x64_compv4,22,2,64,64,1,248,192,1,1,1,1,0,0,0.030556198209524155,25.531335366087383,6094848
grouped_conv_forward_bf16_2d_32x128x64_compv3,22,2,64,64,1,248,192,1,1,1,1,0,0,0.014408099465072155,54.145971569061004,6094848
grouped_conv_forward_bf16_2d_32x128x64_compv4,22,2,64,64,1,248,192,1,1,1,1,0,0,0.02342819981276989,33.29920993651304,6094848
grouped_conv_forward_bf16_2d_64x128x64_compv3,22,2,64,64,1,248,192,1,1,1,1,0,0,0.014232100918889046,54.81555734084112,6094848
grouped_conv_forward_bf16_2d_64x128x64_compv4,22,2,64,64,1,248,192,1,1,1,1,0,0,0.03019619919359684,25.835719886409752,6094848
grouped_conv_forward_bf16_2d_128x128x64_compv3,22,2,64,64,1,248,192,1,1,1,1,0,0,0.0158121008425951,49.33819685101138,6094848
grouped_conv_forward_bf16_2d_128x128x64_compv4,22,2,64,64,1,248,192,1,1,1,1,0,0,0.0301642008125782,25.863126586622126,6094848
grouped_conv_forward_bf16_2d_16x64x128_compv3,22,2,64,64,1,248,192,1,1,1,1,0,0,0.017152098938822746,45.483677932512315,6094848
grouped_conv_forward_bf16_2d_16x64x128_compv4,22,2,64,64,1,248,192,1,1,1,1,0,0,0.026036199182271957,29.963687807827093,6094848
grouped_conv_forward_bf16_2d_32x64x128_compv3,22,2,64,64,1,248,192,1,1,1,1,0,0,0.015512099489569664,50.29238914594163,6094848
grouped_conv_forward_bf16_2d_32x64x128_compv4,22,2,64,64,1,248,192,1,1,1,1,0,0,0.023936200886964798,32.592496515386856,6094848
grouped_conv_forward_bf16_2d_64x64x128_compv3,22,2,64,64,1,248,192,1,1,1,1,0,0,0.014484100043773651,53.86185828890092,6094848
grouped_conv_forward_bf16_2d_64x64x128_compv4,22,2,64,64,1,248,192,1,1,1,1,0,0,0.03054020181298256,25.544708210420676,6094848
grouped_conv_forward_bf16_2d_128x64x128_compv3,22,2,64,64,1,248,192,1,1,1,1,0,0,0.01521610002964735,51.27072919341742,6094848
grouped_conv_forward_bf16_2d_128x64x128_compv4,22,2,64,64,1,248,192,1,1,1,1,0,0,0.03033219836652279,25.71988138060675,6094848
grouped_conv_forward_bf16_2d_16x64x64_compv3,23,2,256,256,1,15,15,3,3,1,1,1,1,0.024724099785089493,21.47061387934285,115200
grouped_conv_forward_bf16_2d_16x64x64_compv4,23,2,256,256,1,15,15,3,3,1,1,1,1,0.01952410116791725,27.189041658537356,115200
grouped_conv_forward_bf16_2d_32x64x64_compv3,23,2,256,256,1,15,15,3,3,1,1,1,1,0.03091219998896122,17.172559707480026,115200
grouped_conv_forward_bf16_2d_32x64x64_compv4,23,2,256,256,1,15,15,3,3,1,1,1,1,0.025652199983596802,20.69380405343185,115200
grouped_conv_forward_bf16_2d_64x64x64_compv3,23,2,256,256,1,15,15,3,3,1,1,1,1,0.03884819895029068,13.664509921792089,115200
grouped_conv_forward_bf16_2d_64x64x64_compv4,23,2,256,256,1,15,15,3,3,1,1,1,1,0.037108201533555984,14.30523652621574,115200
grouped_conv_forward_bf16_2d_32x128x64_compv3,23,2,256,256,1,15,15,3,3,1,1,1,1,0.037872202694416046,14.016655019600124,115200
grouped_conv_forward_bf16_2d_32x128x64_compv4,23,2,256,256,1,15,15,3,3,1,1,1,1,0.02475219964981079,21.446239425596175,115200
grouped_conv_forward_bf16_2d_64x128x64_compv3,23,2,256,256,1,15,15,3,3,1,1,1,1,0.044424302875995636,11.94935127022188,115200
grouped_conv_forward_bf16_2d_64x128x64_compv4,23,2,256,256,1,15,15,3,3,1,1,1,1,0.03748030215501785,14.163215595339887,115200
grouped_conv_forward_bf16_2d_128x128x64_compv3,23,2,256,256,1,15,15,3,3,1,1,1,1,0.04349629953503609,12.20429336919591,115200
grouped_conv_forward_bf16_2d_128x128x64_compv4,23,2,256,256,1,15,15,3,3,1,1,1,1,0.037080299109220505,14.316001023519231,115200
grouped_conv_forward_bf16_2d_16x64x128_compv3,23,2,256,256,1,15,15,3,3,1,1,1,1,0.019464200362563133,27.272715555323042,115200
grouped_conv_forward_bf16_2d_16x64x128_compv4,23,2,256,256,1,15,15,3,3,1,1,1,1,0.020036298781633377,26.493995013021326,115200
grouped_conv_forward_bf16_2d_32x64x128_compv3,23,2,256,256,1,15,15,3,3,1,1,1,1,0.023016300052404404,23.06372435149695,115200
grouped_conv_forward_bf16_2d_32x64x128_compv4,23,2,256,256,1,15,15,3,3,1,1,1,1,0.024728398770093918,21.466881254033737,115200
grouped_conv_forward_bf16_2d_64x64x128_compv3,23,2,256,256,1,15,15,3,3,1,1,1,1,0.031044399365782738,17.09943213090783,115200
grouped_conv_forward_bf16_2d_64x64x128_compv4,23,2,256,256,1,15,15,3,3,1,1,1,1,0.03698059916496277,14.354597058636772,115200
grouped_conv_forward_bf16_2d_128x64x128_compv3,23,2,256,256,1,15,15,3,3,1,1,1,1,0.030204400420188904,17.57497558684133,115200
grouped_conv_forward_bf16_2d_128x64x128_compv4,23,2,256,256,1,15,15,3,3,1,1,1,1,0.03701219707727432,14.342342306556544,115200
grouped_conv_forward_bf16_2d_16x64x64_compv3,24,2,256,128,1,167,327,1,1,2,2,0,0,0.02001209929585457,90.22780895225885,3526656
grouped_conv_forward_bf16_2d_16x64x64_compv4,24,2,256,128,1,167,327,1,1,2,2,0,0,0.020392101258039474,88.54643516877071,3526656
grouped_conv_forward_bf16_2d_32x64x64_compv3,24,2,256,128,1,167,327,1,1,2,2,0,0,0.01703609898686409,105.98951516965643,3526656
grouped_conv_forward_bf16_2d_32x64x64_compv4,24,2,256,128,1,167,327,1,1,2,2,0,0,0.01828410103917122,98.75508060974084,3526656
grouped_conv_forward_bf16_2d_64x64x64_compv3,24,2,256,128,1,167,327,1,1,2,2,0,0,0.016696099191904068,108.14788839273056,3526656
grouped_conv_forward_bf16_2d_64x64x64_compv4,24,2,256,128,1,167,327,1,1,2,2,0,0,0.024472199380397797,73.78363684983385,3526656
grouped_conv_forward_bf16_2d_32x128x64_compv3,24,2,256,128,1,167,327,1,1,2,2,0,0,0.014592100866138935,123.74146043562635,3526656
grouped_conv_forward_bf16_2d_32x128x64_compv4,24,2,256,128,1,167,327,1,1,2,2,0,0,0.018984099850058556,95.11369442119904,3526656
grouped_conv_forward_bf16_2d_64x128x64_compv3,24,2,256,128,1,167,327,1,1,2,2,0,0,0.012412100099027157,145.47480745353676,3526656
grouped_conv_forward_bf16_2d_64x128x64_compv4,24,2,256,128,1,167,327,1,1,2,2,0,0,0.024244200438261032,74.47751789538967,3526656
grouped_conv_forward_bf16_2d_128x128x64_compv3,24,2,256,128,1,167,327,1,1,2,2,0,0,0.011440100148320198,157.83497072489627,3526656
grouped_conv_forward_bf16_2d_128x128x64_compv4,24,2,256,128,1,167,327,1,1,2,2,0,0,0.02462020143866539,73.3400933578178,3526656
grouped_conv_forward_bf16_2d_16x64x128_compv3,24,2,256,128,1,167,327,1,1,2,2,0,0,0.017100099474191666,105.59282855197276,3526656
grouped_conv_forward_bf16_2d_16x64x128_compv4,24,2,256,128,1,167,327,1,1,2,2,0,0,0.02159219980239868,83.62500757330942,3526656
grouped_conv_forward_bf16_2d_32x64x128_compv3,24,2,256,128,1,167,327,1,1,2,2,0,0,0.0145560996606946,124.04750682462947,3526656
grouped_conv_forward_bf16_2d_32x64x128_compv4,24,2,256,128,1,167,327,1,1,2,2,0,0,0.018328100442886353,98.51800395936952,3526656
grouped_conv_forward_bf16_2d_64x64x128_compv3,24,2,256,128,1,167,327,1,1,2,2,0,0,0.014776100404560566,122.20056865901482,3526656
grouped_conv_forward_bf16_2d_64x64x128_compv4,24,2,256,128,1,167,327,1,1,2,2,0,0,0.024340201169252396,74.18376945384384,3526656
grouped_conv_forward_bf16_2d_128x64x128_compv3,24,2,256,128,1,167,327,1,1,2,2,0,0,0.014188100583851337,127.26494722310883,3526656
grouped_conv_forward_bf16_2d_128x64x128_compv4,24,2,256,128,1,167,327,1,1,2,2,0,0,0.024284200742840767,74.35484046277799,3526656
grouped_conv_forward_bf16_2d_16x64x64_compv3,25,2,256,64,1,328,192,1,1,1,1,0,0,0.03636020049452782,113.50859125821212,8060928
grouped_conv_forward_bf16_2d_16x64x64_compv4,25,2,256,64,1,328,192,1,1,1,1,0,0,0.040716297924518585,101.36469537704903,8060928
grouped_conv_forward_bf16_2d_32x64x64_compv3,25,2,256,64,1,328,192,1,1,1,1,0,0,0.03237219899892807,127.49196111566788,8060928
grouped_conv_forward_bf16_2d_32x64x64_compv4,25,2,256,64,1,328,192,1,1,1,1,0,0,0.03643229976296425,113.2839585437194,8060928
grouped_conv_forward_bf16_2d_64x64x64_compv3,25,2,256,64,1,328,192,1,1,1,1,0,0,0.028004199266433716,147.37772348830993,8060928
grouped_conv_forward_bf16_2d_64x64x64_compv4,25,2,256,64,1,328,192,1,1,1,1,0,0,0.0461483970284462,89.43312014620936,8060928
grouped_conv_forward_bf16_2d_32x128x64_compv3,25,2,256,64,1,328,192,1,1,1,1,0,0,0.041060298681259155,100.515467947235,8060928
grouped_conv_forward_bf16_2d_32x128x64_compv4,25,2,256,64,1,328,192,1,1,1,1,0,0,0.03568030148744583,115.67153202032668,8060928
grouped_conv_forward_bf16_2d_64x128x64_compv3,25,2,256,64,1,328,192,1,1,1,1,0,0,0.036944299936294556,111.71398952251874,8060928
grouped_conv_forward_bf16_2d_64x128x64_compv4,25,2,256,64,1,328,192,1,1,1,1,0,0,0.04545240104198456,90.80257679209717,8060928
grouped_conv_forward_bf16_2d_128x128x64_compv3,25,2,256,64,1,328,192,1,1,1,1,0,0,0.037264298647642136,110.75467097946158,8060928
grouped_conv_forward_bf16_2d_128x128x64_compv4,25,2,256,64,1,328,192,1,1,1,1,0,0,0.046152401715517044,89.42535995071266,8060928
grouped_conv_forward_bf16_2d_16x64x128_compv3,25,2,256,64,1,328,192,1,1,1,1,0,0,0.0309641994535923,133.28925691057015,8060928
grouped_conv_forward_bf16_2d_16x64x128_compv4,25,2,256,64,1,328,192,1,1,1,1,0,0,0.04028429836034775,102.45170709147664,8060928
grouped_conv_forward_bf16_2d_32x64x128_compv3,25,2,256,64,1,328,192,1,1,1,1,0,0,0.02690820023417473,153.38057172468416,8060928
grouped_conv_forward_bf16_2d_32x64x128_compv4,25,2,256,64,1,328,192,1,1,1,1,0,0,0.03565629944205284,115.74939633618875,8060928
grouped_conv_forward_bf16_2d_64x64x128_compv3,25,2,256,64,1,328,192,1,1,1,1,0,0,0.02682819962501526,153.8379464029224,8060928
grouped_conv_forward_bf16_2d_64x64x128_compv4,25,2,256,64,1,328,192,1,1,1,1,0,0,0.04677639901638031,88.23242538517609,8060928
grouped_conv_forward_bf16_2d_128x64x128_compv3,25,2,256,64,1,328,192,1,1,1,1,0,0,0.026632199063897133,154.9701219226341,8060928
grouped_conv_forward_bf16_2d_128x64x128_compv4,25,2,256,64,1,328,192,1,1,1,1,0,0,0.04624440148472786,89.24745490247072,8060928
grouped_conv_forward_bf16_2d_16x64x64_compv3,26,2,256,64,1,176,240,1,1,1,1,0,0,0.02610810101032257,106.0299498192342,5406720
grouped_conv_forward_bf16_2d_16x64x64_compv4,26,2,256,64,1,176,240,1,1,1,1,0,0,0.02836819924414158,97.58252951398315,5406720
grouped_conv_forward_bf16_2d_32x64x64_compv3,26,2,256,64,1,176,240,1,1,1,1,0,0,0.026040200144052505,106.30642716593162,5406720
grouped_conv_forward_bf16_2d_32x64x64_compv4,26,2,256,64,1,176,240,1,1,1,1,0,0,0.026072200387716293,106.17594981757789,5406720
grouped_conv_forward_bf16_2d_64x64x64_compv3,26,2,256,64,1,176,240,1,1,1,1,0,0,0.02146809920668602,128.94670428660305,5406720
grouped_conv_forward_bf16_2d_64x64x64_compv4,26,2,256,64,1,176,240,1,1,1,1,0,0,0.03488430008292198,79.35491419978997,5406720
grouped_conv_forward_bf16_2d_32x128x64_compv3,26,2,256,64,1,176,240,1,1,1,1,0,0,0.030396198853850365,91.07193479389085,5406720
grouped_conv_forward_bf16_2d_32x128x64_compv4,26,2,256,64,1,176,240,1,1,1,1,0,0,0.026124199852347374,105.96460965870546,5406720
grouped_conv_forward_bf16_2d_64x128x64_compv3,26,2,256,64,1,176,240,1,1,1,1,0,0,0.029048200696706772,95.29817935724462,5406720
grouped_conv_forward_bf16_2d_64x128x64_compv4,26,2,256,64,1,176,240,1,1,1,1,0,0,0.03488030284643173,79.36400816781303,5406720
grouped_conv_forward_bf16_2d_128x128x64_compv3,26,2,256,64,1,176,240,1,1,1,1,0,0,0.02743219956755638,100.91209176219152,5406720
grouped_conv_forward_bf16_2d_128x128x64_compv4,26,2,256,64,1,176,240,1,1,1,1,0,0,0.03494830057024956,79.20959230722997,5406720
grouped_conv_forward_bf16_2d_16x64x128_compv3,26,2,256,64,1,176,240,1,1,1,1,0,0,0.023124199360609055,119.71184804415599,5406720
grouped_conv_forward_bf16_2d_16x64x128_compv4,26,2,256,64,1,176,240,1,1,1,1,0,0,0.02839219942688942,97.5000421199592,5406720
grouped_conv_forward_bf16_2d_32x64x128_compv3,26,2,256,64,1,176,240,1,1,1,1,0,0,0.019780099391937256,139.95079524870272,5406720
grouped_conv_forward_bf16_2d_32x64x128_compv4,26,2,256,64,1,176,240,1,1,1,1,0,0,0.026024198159575462,106.37179378306574,5406720
grouped_conv_forward_bf16_2d_64x64x128_compv3,26,2,256,64,1,176,240,1,1,1,1,0,0,0.020184099674224854,137.1495724198712,5406720
grouped_conv_forward_bf16_2d_64x64x128_compv4,26,2,256,64,1,176,240,1,1,1,1,0,0,0.0344403013586998,80.37794475630301,5406720
grouped_conv_forward_bf16_2d_128x64x128_compv3,26,2,256,64,1,176,240,1,1,1,1,0,0,0.019512100145220757,141.87302337508993,5406720
grouped_conv_forward_bf16_2d_128x64x128_compv4,26,2,256,64,1,176,240,1,1,1,1,0,0,0.03587630018591881,77.16070569301667,5406720
grouped_conv_forward_bf16_2d_16x64x64_compv3,27,8,256,512,1,32,32,3,3,1,1,1,1,0.12739290297031403,151.71451769572903,4194304
grouped_conv_forward_bf16_2d_16x64x64_compv4,27,8,256,512,1,32,32,3,3,1,1,1,1,0.14061690866947174,137.44686193770673,4194304
grouped_conv_forward_bf16_2d_32x64x64_compv3,27,8,256,512,1,32,32,3,3,1,1,1,1,0.10533670336008072,183.4816565877498,4194304
grouped_conv_forward_bf16_2d_32x64x64_compv4,27,8,256,512,1,32,32,3,3,1,1,1,1,0.11998900026082993,161.07603855342197,4194304
grouped_conv_forward_bf16_2d_64x64x64_compv3,27,8,256,512,1,32,32,3,3,1,1,1,1,0.09191679954528809,210.2700804163364,4194304
grouped_conv_forward_bf16_2d_64x64x64_compv4,27,8,256,512,1,32,32,3,3,1,1,1,1,0.14796119928359985,130.6244672628999,4194304
grouped_conv_forward_bf16_2d_32x128x64_compv3,27,8,256,512,1,32,32,3,3,1,1,1,1,0.08644469827413559,223.58054591975804,4194304
grouped_conv_forward_bf16_2d_32x128x64_compv4,27,8,256,512,1,32,32,3,3,1,1,1,1,0.11941289901733398,161.85314141979285,4194304
grouped_conv_forward_bf16_2d_64x128x64_compv3,27,8,256,512,1,32,32,3,3,1,1,1,1,0.06248049810528755,309.33416694967707,4194304
grouped_conv_forward_bf16_2d_64x128x64_compv4,27,8,256,512,1,32,32,3,3,1,1,1,1,0.14947329461574554,129.3030496296029,4194304
grouped_conv_forward_bf16_2d_128x128x64_compv3,27,8,256,512,1,32,32,3,3,1,1,1,1,0.05231639742851257,369.43202861798244,4194304
grouped_conv_forward_bf16_2d_128x128x64_compv4,27,8,256,512,1,32,32,3,3,1,1,1,1,0.14904919266700745,129.6709662505819,4194304
grouped_conv_forward_bf16_2d_16x64x128_compv3,27,8,256,512,1,32,32,3,3,1,1,1,1,0.11355700343847275,170.19956714930322,4194304
grouped_conv_forward_bf16_2d_16x64x128_compv4,27,8,256,512,1,32,32,3,3,1,1,1,1,0.14313319325447083,135.03054317832948,4194304
grouped_conv_forward_bf16_2d_32x64x128_compv3,27,8,256,512,1,32,32,3,3,1,1,1,1,0.08738879859447479,221.16510517198006,4194304
grouped_conv_forward_bf16_2d_32x64x128_compv4,27,8,256,512,1,32,32,3,3,1,1,1,1,0.11880500614643097,162.68129987871404,4194304
grouped_conv_forward_bf16_2d_64x64x128_compv3,27,8,256,512,1,32,32,3,3,1,1,1,1,0.07834069430828094,246.70898059626995,4194304
grouped_conv_forward_bf16_2d_64x64x128_compv4,27,8,256,512,1,32,32,3,3,1,1,1,1,0.1491653025150299,129.57003073856652,4194304
grouped_conv_forward_bf16_2d_128x64x128_compv3,27,8,256,512,1,32,32,3,3,1,1,1,1,0.06516460329294205,296.59281044212753,4194304
grouped_conv_forward_bf16_2d_128x64x128_compv4,27,8,256,512,1,32,32,3,3,1,1,1,1,0.14921720325946808,129.52496367588665,4194304
grouped_conv_forward_bf16_2d_16x64x64_compv3,28,8,384,64,1,27,27,1,1,1,1,0,0,0.00774800032377243,36.9972188979505,373248
grouped_conv_forward_bf16_2d_16x64x64_compv4,28,8,384,64,1,27,27,1,1,1,1,0,0,0.007124000228941441,40.237851598524465,373248
grouped_conv_forward_bf16_2d_32x64x64_compv3,28,8,384,64,1,27,27,1,1,1,1,0,0,0.008116000331938267,35.31967130064681,373248
grouped_conv_forward_bf16_2d_32x64x64_compv4,28,8,384,64,1,27,27,1,1,1,1,0,0,0.00648800004273653,44.18225371636926,373248
grouped_conv_forward_bf16_2d_64x64x64_compv3,28,8,384,64,1,27,27,1,1,1,1,0,0,0.009763999842107296,29.358302809858852,373248
grouped_conv_forward_bf16_2d_64x64x64_compv4,28,8,384,64,1,27,27,1,1,1,1,0,0,0.00873200036585331,32.8280407684096,373248
grouped_conv_forward_bf16_2d_32x128x64_compv3,28,8,384,64,1,27,27,1,1,1,1,0,0,0.009320000186562538,30.75691612252271,373248
grouped_conv_forward_bf16_2d_32x128x64_compv4,28,8,384,64,1,27,27,1,1,1,1,0,0,0.006492000073194504,44.15503092546125,373248
grouped_conv_forward_bf16_2d_64x128x64_compv3,28,8,384,64,1,27,27,1,1,1,1,0,0,0.011051999405026436,25.9368873897722,373248
grouped_conv_forward_bf16_2d_64x128x64_compv4,28,8,384,64,1,27,27,1,1,1,1,0,0,0.008516100235283375,33.660297093774346,373248
grouped_conv_forward_bf16_2d_128x128x64_compv3,28,8,384,64,1,27,27,1,1,1,1,0,0,0.011632099747657776,24.643398029467583,373248
grouped_conv_forward_bf16_2d_128x128x64_compv4,28,8,384,64,1,27,27,1,1,1,1,0,0,0.009223999455571175,31.077025251434122,373248
grouped_conv_forward_bf16_2d_16x64x128_compv3,28,8,384,64,1,27,27,1,1,1,1,0,0,0.006392099894583225,44.84511642925291,373248
grouped_conv_forward_bf16_2d_16x64x128_compv4,28,8,384,64,1,27,27,1,1,1,1,0,0,0.006360000465065241,45.07145330799272,373248
grouped_conv_forward_bf16_2d_32x64x128_compv3,28,8,384,64,1,27,27,1,1,1,1,0,0,0.007563999854028225,37.897206442612706,373248
grouped_conv_forward_bf16_2d_32x64x128_compv4,28,8,384,64,1,27,27,1,1,1,1,0,0,0.006492000073194504,44.15503092546125,373248
grouped_conv_forward_bf16_2d_64x64x128_compv3,28,8,384,64,1,27,27,1,1,1,1,0,0,0.008980100043118,31.92107689487055,373248
grouped_conv_forward_bf16_2d_64x64x128_compv4,28,8,384,64,1,27,27,1,1,1,1,0,0,0.008527999743819237,33.61332933994939,373248
grouped_conv_forward_bf16_2d_128x64x128_compv3,28,8,384,64,1,27,27,1,1,1,1,0,0,0.009171999990940094,31.253212416392408,373248
grouped_conv_forward_bf16_2d_128x64x128_compv4,28,8,384,64,1,27,27,1,1,1,1,0,0,0.008948000147938728,32.03558999337233,373248
grouped_conv_forward_bf16_2d_16x64x64_compv3,29,16,256,64,1,55,55,1,1,1,1,0,0,0.016896100714802742,93.86610714332001,3097600
grouped_conv_forward_bf16_2d_16x64x64_compv4,29,16,256,64,1,55,55,1,1,1,1,0,0,0.017148099839687347,92.48670201519634,3097600
grouped_conv_forward_bf16_2d_32x64x64_compv3,29,16,256,64,1,55,55,1,1,1,1,0,0,0.015408100560307503,102.93100007963268,3097600
grouped_conv_forward_bf16_2d_32x64x64_compv4,29,16,256,64,1,55,55,1,1,1,1,0,0,0.016252100467681885,97.5856138198126,3097600
grouped_conv_forward_bf16_2d_64x64x64_compv3,29,16,256,64,1,55,55,1,1,1,1,0,0,0.013064099475741386,121.39919808058536,3097600
grouped_conv_forward_bf16_2d_64x64x64_compv4,29,16,256,64,1,55,55,1,1,1,1,0,0,0.019324099645018578,82.07219115685093,3097600
grouped_conv_forward_bf16_2d_32x128x64_compv3,29,16,256,64,1,55,55,1,1,1,1,0,0,0.017788100987672806,89.15910704009842,3097600
grouped_conv_forward_bf16_2d_32x128x64_compv4,29,16,256,64,1,55,55,1,1,1,1,0,0,0.01544409990310669,102.69107361063953,3097600
grouped_conv_forward_bf16_2d_64x128x64_compv3,29,16,256,64,1,55,55,1,1,1,1,0,0,0.01775209978222847,89.33992144341748,3097600
grouped_conv_forward_bf16_2d_64x128x64_compv4,29,16,256,64,1,55,55,1,1,1,1,0,0,0.01839209906756878,86.2311144678739,3097600
grouped_conv_forward_bf16_2d_128x128x64_compv3,29,16,256,64,1,55,55,1,1,1,1,0,0,0.01810009963810444,87.62223588323259,3097600
grouped_conv_forward_bf16_2d_128x128x64_compv4,29,16,256,64,1,55,55,1,1,1,1,0,0,0.01960809901356697,80.88347569556112,3097600
grouped_conv_forward_bf16_2d_16x64x128_compv3,29,16,256,64,1,55,55,1,1,1,1,0,0,0.013300100341439247,119.24505524658146,3097600
grouped_conv_forward_bf16_2d_16x64x128_compv4,29,16,256,64,1,55,55,1,1,1,1,0,0,0.017096098512411118,92.76801948986461,3097600
grouped_conv_forward_bf16_2d_32x64x128_compv3,29,16,256,64,1,55,55,1,1,1,1,0,0,0.012340100482106209,128.5217411559769,3097600
grouped_conv_forward_bf16_2d_32x64x128_compv4,29,16,256,64,1,55,55,1,1,1,1,0,0,0.01544409990310669,102.69107361063953,3097600
grouped_conv_forward_bf16_2d_64x64x128_compv3,29,16,256,64,1,55,55,1,1,1,1,0,0,0.012168100103735924,130.33844120932778,3097600
grouped_conv_forward_bf16_2d_64x64x128_compv4,29,16,256,64,1,55,55,1,1,1,1,0,0,0.018536100164055824,85.56121222712355,3097600
grouped_conv_forward_bf16_2d_128x64x128_compv3,29,16,256,64,1,55,55,1,1,1,1,0,0,0.013164100237190723,120.47699207875776,3097600
grouped_conv_forward_bf16_2d_128x64x128_compv4,29,16,256,64,1,55,55,1,1,1,1,0,0,0.01862410083413124,85.15692725919355,3097600
grouped_conv_forward_bf16_2d_16x64x64_compv3,30,4,1024,128,1,17,17,3,3,1,1,0,0,0.0895686000585556,23.706593589850083,115200
grouped_conv_forward_bf16_2d_16x64x64_compv4,30,4,1024,128,1,17,17,3,3,1,1,0,0,0.06808850169181824,31.185388828362946,115200
grouped_conv_forward_bf16_2d_32x64x64_compv3,30,4,1024,128,1,17,17,3,3,1,1,0,0,0.11366070806980133,18.681622137141694,115200
grouped_conv_forward_bf16_2d_32x64x64_compv4,30,4,1024,128,1,17,17,3,3,1,1,0,0,0.08814460039138794,24.089579969409684,115200
grouped_conv_forward_bf16_2d_64x64x64_compv3,30,4,1024,128,1,17,17,3,3,1,1,0,0,0.1414490044116974,15.011533017367807,115200
grouped_conv_forward_bf16_2d_64x64x64_compv4,30,4,1024,128,1,17,17,3,3,1,1,0,0,0.13403700292110443,15.841643379998846,115200
grouped_conv_forward_bf16_2d_32x128x64_compv3,30,4,1024,128,1,17,17,3,3,1,1,0,0,0.14018100500106812,15.147318996491864,115200
grouped_conv_forward_bf16_2d_32x128x64_compv4,30,4,1024,128,1,17,17,3,3,1,1,0,0,0.08776460587978363,24.193880650572286,115200
grouped_conv_forward_bf16_2d_64x128x64_compv3,30,4,1024,128,1,17,17,3,3,1,1,0,0,0.16219720244407654,13.09126401691243,115200
grouped_conv_forward_bf16_2d_64x128x64_compv4,30,4,1024,128,1,17,17,3,3,1,1,0,0,0.13408099114894867,15.836446179318457,115200
grouped_conv_forward_bf16_2d_128x128x64_compv3,30,4,1024,128,1,17,17,3,3,1,1,0,0,0.15758119523525238,13.474744856643802,115200
grouped_conv_forward_bf16_2d_128x128x64_compv4,30,4,1024,128,1,17,17,3,3,1,1,0,0,0.1339689940214157,15.849685335851426,115200
grouped_conv_forward_bf16_2d_16x64x128_compv3,30,4,1024,128,1,17,17,3,3,1,1,0,0,0.06861649453639984,30.945422297456357,115200
grouped_conv_forward_bf16_2d_16x64x128_compv4,30,4,1024,128,1,17,17,3,3,1,1,0,0,0.06866449862718582,30.92378801932024,115200
grouped_conv_forward_bf16_2d_32x64x128_compv3,30,4,1024,128,1,17,17,3,3,1,1,0,0,0.08283259719610214,25.634429824445,115200
grouped_conv_forward_bf16_2d_32x64x128_compv4,30,4,1024,128,1,17,17,3,3,1,1,0,0,0.08844469487667084,24.00784357909615,115200
grouped_conv_forward_bf16_2d_64x64x128_compv3,30,4,1024,128,1,17,17,3,3,1,1,0,0,0.10816489160060883,19.630828160401432,115200
grouped_conv_forward_bf16_2d_64x64x128_compv4,30,4,1024,128,1,17,17,3,3,1,1,0,0,0.13411299884319305,15.832666619308633,115200
grouped_conv_forward_bf16_2d_128x64x128_compv3,30,4,1024,128,1,17,17,3,3,1,1,0,0,0.10000079870223999,21.23349440760454,115200
grouped_conv_forward_bf16_2d_128x64x128_compv4,30,4,1024,128,1,17,17,3,3,1,1,0,0,0.13396909832954407,15.849672995311458,115200
grouped_conv_forward_bf16_2d_16x64x64_compv3,31,2,256,128,1,200,296,1,1,2,2,0,0,0.02109609916806221,91.9537581116797,3788800
grouped_conv_forward_bf16_2d_16x64x64_compv4,31,2,256,128,1,200,296,1,1,2,2,0,0,0.021452100947499275,90.42776764604658,3788800
grouped_conv_forward_bf16_2d_32x64x64_compv3,31,2,256,128,1,200,296,1,1,2,2,0,0,0.01915610022842884,101.26620642343055,3788800
grouped_conv_forward_bf16_2d_32x64x64_compv4,31,2,256,128,1,200,296,1,1,2,2,0,0,0.020440099760890007,94.90489883575471,3788800
grouped_conv_forward_bf16_2d_64x64x64_compv3,31,2,256,128,1,200,296,1,1,2,2,0,0,0.017636099830269814,109.99402468058733,3788800
grouped_conv_forward_bf16_2d_64x64x64_compv4,31,2,256,128,1,200,296,1,1,2,2,0,0,0.024476200342178345,79.25517739193971,3788800
grouped_conv_forward_bf16_2d_32x128x64_compv3,31,2,256,128,1,200,296,1,1,2,2,0,0,0.014704098924994469,131.9268599793326,3788800
grouped_conv_forward_bf16_2d_32x128x64_compv4,31,2,256,128,1,200,296,1,1,2,2,0,0,0.02053609862923622,94.46125259830559,3788800
grouped_conv_forward_bf16_2d_64x128x64_compv3,31,2,256,128,1,200,296,1,1,2,2,0,0,0.01217610016465187,159.31748045499617,3788800
grouped_conv_forward_bf16_2d_64x128x64_compv4,31,2,256,128,1,200,296,1,1,2,2,0,0,0.02494419924914837,77.76820496918657,3788800
grouped_conv_forward_bf16_2d_128x128x64_compv3,31,2,256,128,1,200,296,1,1,2,2,0,0,0.011304100044071674,171.6072568746721,3788800
grouped_conv_forward_bf16_2d_128x128x64_compv4,31,2,256,128,1,200,296,1,1,2,2,0,0,0.024792199954390526,78.24499655410625,3788800
grouped_conv_forward_bf16_2d_16x64x128_compv3,31,2,256,128,1,200,296,1,1,2,2,0,0,0.01762409880757332,110.06892444148197,3788800
grouped_conv_forward_bf16_2d_16x64x128_compv4,31,2,256,128,1,200,296,1,1,2,2,0,0,0.021976199001073837,88.27120649504543,3788800
grouped_conv_forward_bf16_2d_32x64x128_compv3,31,2,256,128,1,200,296,1,1,2,2,0,0,0.015408100560307503,125.89907447756725,3788800
grouped_conv_forward_bf16_2d_32x64x128_compv4,31,2,256,128,1,200,296,1,1,2,2,0,0,0.020364100113511086,95.25908776656162,3788800
grouped_conv_forward_bf16_2d_64x64x128_compv3,31,2,256,128,1,200,296,1,1,2,2,0,0,0.014504100196063519,133.7460148356179,3788800
grouped_conv_forward_bf16_2d_64x64x128_compv4,31,2,256,128,1,200,296,1,1,2,2,0,0,0.024364199489355087,79.61950897863657,3788800
grouped_conv_forward_bf16_2d_128x64x128_compv3,31,2,256,128,1,200,296,1,1,2,2,0,0,0.014752100221812725,131.49758819640334,3788800
grouped_conv_forward_bf16_2d_128x64x128_compv4,31,2,256,128,1,200,296,1,1,2,2,0,0,0.024504199624061584,79.1646178924846,3788800
grouped_conv_forward_bf16_2d_16x64x64_compv3,32,2,2048,256,1,38,26,3,3,2,2,1,1,0.17704489827156067,26.332127847305884,126464
grouped_conv_forward_bf16_2d_16x64x64_compv4,32,2,2048,256,1,38,26,3,3,2,2,1,1,0.15755310654640198,29.58982528616136,126464
grouped_conv_forward_bf16_2d_32x64x64_compv3,32,2,2048,256,1,38,26,3,3,2,2,1,1,0.2765420973300934,16.8580803465711,126464
grouped_conv_forward_bf16_2d_32x64x64_compv4,32,2,2048,256,1,38,26,3,3,2,2,1,1,0.19758149981498718,23.595169083975012,126464
grouped_conv_forward_bf16_2d_64x64x64_compv3,32,2,2048,256,1,38,26,3,3,2,2,1,1,0.2996625006198883,15.557398361009971,126464
grouped_conv_forward_bf16_2d_64x64x64_compv4,32,2,2048,256,1,38,26,3,3,2,2,1,1,0.2835422158241272,16.441886378188144,126464
grouped_conv_forward_bf16_2d_32x128x64_compv3,32,2,2048,256,1,38,26,3,3,2,2,1,1,0.3287107050418854,14.182589202277294,126464
grouped_conv_forward_bf16_2d_32x128x64_compv4,32,2,2048,256,1,38,26,3,3,2,2,1,1,0.19714561104774475,23.647337981422087,126464
grouped_conv_forward_bf16_2d_64x128x64_compv3,32,2,2048,256,1,38,26,3,3,2,2,1,1,0.36066699028015137,12.92596500827196,126464
grouped_conv_forward_bf16_2d_64x128x64_compv4,32,2,2048,256,1,38,26,3,3,2,2,1,1,0.2862463891506195,16.286559665725342,126464
grouped_conv_forward_bf16_2d_128x128x64_compv3,32,2,2048,256,1,38,26,3,3,2,2,1,1,0.3578509986400604,13.027681671189573,126464
grouped_conv_forward_bf16_2d_128x128x64_compv4,32,2,2048,256,1,38,26,3,3,2,2,1,1,0.2835423946380615,16.44187600923293,126464
grouped_conv_forward_bf16_2d_16x64x128_compv3,32,2,2048,256,1,38,26,3,3,2,2,1,1,0.1593293994665146,29.259941427067144,126464
grouped_conv_forward_bf16_2d_16x64x128_compv4,32,2,2048,256,1,38,26,3,3,2,2,1,1,0.15751329064369202,29.59730494454437,126464
grouped_conv_forward_bf16_2d_32x64x128_compv3,32,2,2048,256,1,38,26,3,3,2,2,1,1,0.1798975020647049,25.914583818530172,126464
grouped_conv_forward_bf16_2d_32x64x128_compv4,32,2,2048,256,1,38,26,3,3,2,2,1,1,0.19721369445323944,23.639174292256772,126464
grouped_conv_forward_bf16_2d_64x64x128_compv3,32,2,2048,256,1,38,26,3,3,2,2,1,1,0.23261399567127228,20.04165262088635,126464
grouped_conv_forward_bf16_2d_64x64x128_compv4,32,2,2048,256,1,38,26,3,3,2,2,1,1,0.2860105037689209,16.299991904376306,126464
grouped_conv_forward_bf16_2d_128x64x128_compv3,32,2,2048,256,1,38,26,3,3,2,2,1,1,0.223489910364151,20.85986292805729,126464
grouped_conv_forward_bf16_2d_128x64x128_compv4,32,2,2048,256,1,38,26,3,3,2,2,1,1,0.28565049171447754,16.320535168760987,126464
grouped_conv_forward_bf16_2d_16x64x64_compv3,33,1,80,1280,1,1,3000,1,3,1,1,0,1,0.021604100242257118,85.31713791971505,3840000
grouped_conv_forward_bf16_2d_16x64x64_compv4,33,1,80,1280,1,1,3000,1,3,1,1,0,1,0.02230820059776306,82.62432426687187,3840000
grouped_conv_forward_bf16_2d_32x64x64_compv3,33,1,80,1280,1,1,3000,1,3,1,1,0,1,0.019788099452853203,93.14689388900524,3840000
grouped_conv_forward_bf16_2d_32x64x64_compv4,33,1,80,1280,1,1,3000,1,3,1,1,0,1,0.021400099620223045,86.13044017132425,3840000
grouped_conv_forward_bf16_2d_64x64x64_compv3,33,1,80,1280,1,1,3000,1,3,1,1,0,1,0.017392100766301155,105.97914678434792,3840000
grouped_conv_forward_bf16_2d_64x64x64_compv4,33,1,80,1280,1,1,3000,1,3,1,1,0,1,0.02507219836115837,73.51569150216477,3840000
grouped_conv_forward_bf16_2d_32x128x64_compv3,33,1,80,1280,1,1,3000,1,3,1,1,0,1,0.01616010069847107,114.05869520196664,3840000
grouped_conv_forward_bf16_2d_32x128x64_compv4,33,1,80,1280,1,1,3000,1,3,1,1,0,1,0.02062010020017624,89.3885084023135,3840000
grouped_conv_forward_bf16_2d_64x128x64_compv3,33,1,80,1280,1,1,3000,1,3,1,1,0,1,0.013571999967098236,135.8090188968727,3840000
grouped_conv_forward_bf16_2d_64x128x64_compv4,33,1,80,1280,1,1,3000,1,3,1,1,0,1,0.02576810121536255,71.53029959774888,3840000
grouped_conv_forward_bf16_2d_128x128x64_compv3,33,1,80,1280,1,1,3000,1,3,1,1,0,1,0.012240000069141388,150.5882344434739,3840000
grouped_conv_forward_bf16_2d_128x128x64_compv4,33,1,80,1280,1,1,3000,1,3,1,1,0,1,0.02512420155107975,73.36352545383818,3840000
grouped_conv_forward_bf16_2d_16x64x128_compv3,33,1,80,1280,1,1,3000,1,3,1,1,0,1,0.019060101360082626,96.70462738777427,3840000
grouped_conv_forward_bf16_2d_16x64x128_compv4,33,1,80,1280,1,1,3000,1,3,1,1,0,1,0.02230820059776306,82.62432426687187,3840000
grouped_conv_forward_bf16_2d_32x64x128_compv3,33,1,80,1280,1,1,3000,1,3,1,1,0,1,0.01597210019826889,115.40122946384798,3840000
grouped_conv_forward_bf16_2d_32x64x128_compv4,33,1,80,1280,1,1,3000,1,3,1,1,0,1,0.02066420018672943,89.19774215039325,3840000
grouped_conv_forward_bf16_2d_64x64x128_compv3,33,1,80,1280,1,1,3000,1,3,1,1,0,1,0.014856100082397461,124.07024655036831,3840000
grouped_conv_forward_bf16_2d_64x64x128_compv4,33,1,80,1280,1,1,3000,1,3,1,1,0,1,0.02507619932293892,73.50396191475072,3840000
grouped_conv_forward_bf16_2d_128x64x128_compv3,33,1,80,1280,1,1,3000,1,3,1,1,0,1,0.015292100608348846,120.53281934292859,3840000
grouped_conv_forward_bf16_2d_128x64x128_compv4,33,1,80,1280,1,1,3000,1,3,1,1,0,1,0.025032201781868935,73.63315524785548,3840000
grouped_conv_forward_bf16_2d_16x64x64_compv3,34,2,256,128,1,335,159,1,1,2,2,0,0,0.019940000027418137,88.34542013930458,3440640
grouped_conv_forward_bf16_2d_16x64x64_compv4,34,2,256,128,1,335,159,1,1,2,2,0,0,0.020208099856972694,87.17334595870808,3440640
grouped_conv_forward_bf16_2d_32x64x64_compv3,34,2,256,128,1,335,159,1,1,2,2,0,0,0.016788098961114883,104.93193327489256,3440640
grouped_conv_forward_bf16_2d_32x64x64_compv4,34,2,256,128,1,335,159,1,1,2,2,0,0,0.018568100407719612,94.87280019595428,3440640
grouped_conv_forward_bf16_2d_64x64x64_compv3,34,2,256,128,1,335,159,1,1,2,2,0,0,0.016644099727272987,105.83976957993308,3440640
grouped_conv_forward_bf16_2d_64x64x64_compv4,34,2,256,128,1,335,159,1,1,2,2,0,0,0.024532200768589973,71.80797583621158,3440640
grouped_conv_forward_bf16_2d_32x128x64_compv3,34,2,256,128,1,335,159,1,1,2,2,0,0,0.014220100827515125,123.8815182372958,3440640
grouped_conv_forward_bf16_2d_32x128x64_compv4,34,2,256,128,1,335,159,1,1,2,2,0,0,0.018236100673675537,96.6000194626554,3440640
grouped_conv_forward_bf16_2d_64x128x64_compv3,34,2,256,128,1,335,159,1,1,2,2,0,0,0.011880099773406982,148.2822294088196,3440640
grouped_conv_forward_bf16_2d_64x128x64_compv4,34,2,256,128,1,335,159,1,1,2,2,0,0,0.024232199415564537,72.6969785032598,3440640
grouped_conv_forward_bf16_2d_128x128x64_compv3,34,2,256,128,1,335,159,1,1,2,2,0,0,0.010908099822700024,161.495375788004,3440640
grouped_conv_forward_bf16_2d_128x128x64_compv4,34,2,256,128,1,335,159,1,1,2,2,0,0,0.024748200550675392,71.18124311272096,3440640
grouped_conv_forward_bf16_2d_16x64x128_compv3,34,2,256,128,1,335,159,1,1,2,2,0,0,0.016748100519180298,105.18253565427122,3440640
grouped_conv_forward_bf16_2d_16x64x128_compv4,34,2,256,128,1,335,159,1,1,2,2,0,0,0.020528100430965424,85.81445155747188,3440640
grouped_conv_forward_bf16_2d_32x64x128_compv3,34,2,256,128,1,335,159,1,1,2,2,0,0,0.014612099155783653,120.55815261168232,3440640
grouped_conv_forward_bf16_2d_32x64x128_compv4,34,2,256,128,1,335,159,1,1,2,2,0,0,0.018648099154233932,94.46580401735145,3440640
grouped_conv_forward_bf16_2d_64x64x128_compv3,34,2,256,128,1,335,159,1,1,2,2,0,0,0.015540100634098053,113.35883347722243,3440640
grouped_conv_forward_bf16_2d_64x64x128_compv4,34,2,256,128,1,335,159,1,1,2,2,0,0,0.024472199380397797,71.98403595105742,3440640
grouped_conv_forward_bf16_2d_128x64x128_compv3,34,2,256,128,1,335,159,1,1,2,2,0,0,0.014496100135147572,121.52286915628889,3440640
grouped_conv_forward_bf16_2d_128x64x128_compv4,34,2,256,128,1,335,159,1,1,2,2,0,0,0.02422020025551319,72.7329940056548,3440640
grouped_conv_forward_bf16_2d_16x64x64_compv3,35,2,512,256,1,135,99,1,1,2,2,0,0,0.018692100420594215,95.36537681105249,1740800
grouped_conv_forward_bf16_2d_16x64x64_compv4,35,2,512,256,1,135,99,1,1,2,2,0,0,0.019752100110054016,90.24757823562516,1740800
grouped_conv_forward_bf16_2d_32x64x64_compv3,35,2,512,256,1,135,99,1,1,2,2,0,0,0.017492100596427917,101.9076691317464,1740800
grouped_conv_forward_bf16_2d_32x64x64_compv4,35,2,512,256,1,135,99,1,1,2,2,0,0,0.018328100442886353,97.25935350228117,1740800
grouped_conv_forward_bf16_2d_64x64x64_compv3,35,2,512,256,1,135,99,1,1,2,2,0,0,0.0160801000893116,110.85622540278065,1740800
grouped_conv_forward_bf16_2d_64x64x64_compv4,35,2,512,256,1,135,99,1,1,2,2,0,0,0.022700199857354164,78.52702668705797,1740800
grouped_conv_forward_bf16_2d_32x128x64_compv3,35,2,512,256,1,135,99,1,1,2,2,0,0,0.014236100018024445,125.21541698520393,1740800
grouped_conv_forward_bf16_2d_32x128x64_compv4,35,2,512,256,1,135,99,1,1,2,2,0,0,0.018648099154233932,95.59039692231993,1740800
grouped_conv_forward_bf16_2d_64x128x64_compv3,35,2,512,256,1,135,99,1,1,2,2,0,0,0.01415610034018755,125.92304075010415,1740800
grouped_conv_forward_bf16_2d_64x128x64_compv4,35,2,512,256,1,135,99,1,1,2,2,0,0,0.02215220034122467,80.46962254501943,1740800
grouped_conv_forward_bf16_2d_128x128x64_compv3,35,2,512,256,1,135,99,1,1,2,2,0,0,0.015324098989367485,116.32522089793531,1740800
grouped_conv_forward_bf16_2d_128x128x64_compv4,35,2,512,256,1,135,99,1,1,2,2,0,0,0.022564198821783066,79.00033207822698,1740800
grouped_conv_forward_bf16_2d_16x64x128_compv3,35,2,512,256,1,135,99,1,1,2,2,0,0,0.017080100253224373,104.36585111164588,1740800
grouped_conv_forward_bf16_2d_16x64x128_compv4,35,2,512,256,1,135,99,1,1,2,2,0,0,0.019800100475549698,90.02879567208416,1740800
grouped_conv_forward_bf16_2d_32x64x128_compv3,35,2,512,256,1,135,99,1,1,2,2,0,0,0.015704099088907242,113.51044016648774,1740800
grouped_conv_forward_bf16_2d_32x64x128_compv4,35,2,512,256,1,135,99,1,1,2,2,0,0,0.018500100821256638,96.35510731659443,1740800
grouped_conv_forward_bf16_2d_64x64x128_compv3,35,2,512,256,1,135,99,1,1,2,2,0,0,0.013356099836528301,133.4655492110601,1740800
grouped_conv_forward_bf16_2d_64x64x128_compv4,35,2,512,256,1,135,99,1,1,2,2,0,0,0.022400200366973877,79.57871674345273,1740800
grouped_conv_forward_bf16_2d_128x64x128_compv3,35,2,512,256,1,135,99,1,1,2,2,0,0,0.01190009992569685,149.79531357973997,1740800
grouped_conv_forward_bf16_2d_128x64x128_compv4,35,2,512,256,1,135,99,1,1,2,2,0,0,0.02212419919669628,80.57146765638349,1740800
grouped_conv_forward_bf16_2d_16x64x64_compv3,36,4,256,128,1,28,28,1,1,1,1,0,0,0.006531999912112951,31.46370158684199,401408
grouped_conv_forward_bf16_2d_16x64x64_compv4,36,4,256,128,1,28,28,1,1,1,1,0,0,0.005576000083237886,36.85812283572592,401408
grouped_conv_forward_bf16_2d_32x64x64_compv3,36,4,256,128,1,28,28,1,1,1,1,0,0,0.006723999977111816,30.565273155797676,401408
grouped_conv_forward_bf16_2d_32x64x64_compv4,36,4,256,128,1,28,28,1,1,1,1,0,0,0.005903999786823988,34.81045112140128,401408
grouped_conv_forward_bf16_2d_64x64x64_compv3,36,4,256,128,1,28,28,1,1,1,1,0,0,0.00891599990427494,23.050796120069407,401408
grouped_conv_forward_bf16_2d_64x64x64_compv4,36,4,256,128,1,28,28,1,1,1,1,0,0,0.008175999857485294,25.13709632857215,401408
grouped_conv_forward_bf16_2d_32x128x64_compv3,36,4,256,128,1,28,28,1,1,1,1,0,0,0.00721200043335557,28.49707205360997,401408
grouped_conv_forward_bf16_2d_32x128x64_compv4,36,4,256,128,1,28,28,1,1,1,1,0,0,0.005927999969571829,34.66951704705297,401408
grouped_conv_forward_bf16_2d_64x128x64_compv3,36,4,256,128,1,28,28,1,1,1,1,0,0,0.008840099908411503,23.24870738219185,401408
grouped_conv_forward_bf16_2d_64x128x64_compv4,36,4,256,128,1,28,28,1,1,1,1,0,0,0.007423999719321728,27.6833113914472,401408
grouped_conv_forward_bf16_2d_128x128x64_compv3,36,4,256,128,1,28,28,1,1,1,1,0,0,0.009627999737858772,21.34616759407048,401408
grouped_conv_forward_bf16_2d_128x128x64_compv4,36,4,256,128,1,28,28,1,1,1,1,0,0,0.007807999849319458,26.321836573538498,401408
grouped_conv_forward_bf16_2d_16x64x128_compv3,36,4,256,128,1,28,28,1,1,1,1,0,0,0.0054281000047922134,37.86240043819298,401408
grouped_conv_forward_bf16_2d_16x64x128_compv4,36,4,256,128,1,28,28,1,1,1,1,0,0,0.005752000026404858,35.73033641455938,401408
grouped_conv_forward_bf16_2d_32x64x128_compv3,36,4,256,128,1,28,28,1,1,1,1,0,0,0.005407999735325575,38.00312612027655,401408
grouped_conv_forward_bf16_2d_32x64x128_compv4,36,4,256,128,1,28,28,1,1,1,1,0,0,0.006160099990665913,33.36324025769312,401408
grouped_conv_forward_bf16_2d_64x64x128_compv3,36,4,256,128,1,28,28,1,1,1,1,0,0,0.006831999868154526,30.082098941186857,401408
grouped_conv_forward_bf16_2d_64x64x128_compv4,36,4,256,128,1,28,28,1,1,1,1,0,0,0.007444099988788366,27.608561989970188,401408
grouped_conv_forward_bf16_2d_128x64x128_compv3,36,4,256,128,1,28,28,1,1,1,1,0,0,0.007631999906152487,26.928838905556155,401408
grouped_conv_forward_bf16_2d_128x64x128_compv4,36,4,256,128,1,28,28,1,1,1,1,0,0,0.007560099475085735,27.18494600200605,401408
grouped_conv_forward_bf16_2d_16x64x64_compv3,37,6,512,256,1,128,128,1,1,2,2,0,0,0.05008019879460335,128.6426791239942,6291456
grouped_conv_forward_bf16_2d_16x64x64_compv4,37,6,512,256,1,128,128,1,1,2,2,0,0,0.057828497141599655,111.40616240164302,6291456
grouped_conv_forward_bf16_2d_32x64x64_compv3,37,6,512,256,1,128,128,1,1,2,2,0,0,0.04272829741239548,150.77715083800754,6291456
grouped_conv_forward_bf16_2d_32x64x64_compv4,37,6,512,256,1,128,128,1,1,2,2,0,0,0.05027239769697189,128.1508589033949,6291456
grouped_conv_forward_bf16_2d_64x64x64_compv3,37,6,512,256,1,128,128,1,1,2,2,0,0,0.03499229997396469,184.1105314252957,6291456
grouped_conv_forward_bf16_2d_64x64x64_compv4,37,6,512,256,1,128,128,1,1,2,2,0,0,0.0628805011510849,102.45546435007772,6291456
grouped_conv_forward_bf16_2d_32x128x64_compv3,37,6,512,256,1,128,128,1,1,2,2,0,0,0.0324162021279335,198.74169461845898,6291456
grouped_conv_forward_bf16_2d_32x128x64_compv4,37,6,512,256,1,128,128,1,1,2,2,0,0,0.049628399312496185,129.81379680278792,6291456
grouped_conv_forward_bf16_2d_64x128x64_compv3,37,6,512,256,1,128,128,1,1,2,2,0,0,0.028780201449990273,223.85009900624505,6291456
grouped_conv_forward_bf16_2d_64x128x64_compv4,37,6,512,256,1,128,128,1,1,2,2,0,0,0.06372050195932388,101.10483668368703,6291456
grouped_conv_forward_bf16_2d_128x128x64_compv3,37,6,512,256,1,128,128,1,1,2,2,0,0,0.031160200014710426,206.75255425056906,6291456
grouped_conv_forward_bf16_2d_128x128x64_compv4,37,6,512,256,1,128,128,1,1,2,2,0,0,0.06406049430370331,100.56823653993511,6291456
grouped_conv_forward_bf16_2d_16x64x128_compv3,37,6,512,256,1,128,128,1,1,2,2,0,0,0.04759640246629715,135.3558380501946,6291456
grouped_conv_forward_bf16_2d_16x64x128_compv4,37,6,512,256,1,128,128,1,1,2,2,0,0,0.05728049948811531,112.47197565616017,6291456
grouped_conv_forward_bf16_2d_32x64x128_compv3,37,6,512,256,1,128,128,1,1,2,2,0,0,0.03700830042362213,174.08124313344123,6291456
grouped_conv_forward_bf16_2d_32x64x128_compv4,37,6,512,256,1,128,128,1,1,2,2,0,0,0.04991639778017998,129.06482099070993,6291456
grouped_conv_forward_bf16_2d_64x64x128_compv3,37,6,512,256,1,128,128,1,1,2,2,0,0,0.034556299448013306,186.43347369101429,6291456
grouped_conv_forward_bf16_2d_64x64x128_compv4,37,6,512,256,1,128,128,1,1,2,2,0,0,0.06286449730396271,102.48154714177434,6291456
grouped_conv_forward_bf16_2d_128x64x128_compv3,37,6,512,256,1,128,128,1,1,2,2,0,0,0.032992299646139145,195.2713515910951,6291456
grouped_conv_forward_bf16_2d_128x64x128_compv4,37,6,512,256,1,128,128,1,1,2,2,0,0,0.06292849779129028,102.37731981728122,6291456
grouped_conv_forward_bf16_2d_16x64x64_compv3,38,2,256,256,1,168,256,3,3,1,1,1,1,0.6736258268356323,150.63051077576748,22020096
grouped_conv_forward_bf16_2d_16x64x64_compv4,38,2,256,256,1,168,256,3,3,1,1,1,1,0.7189183235168457,141.1406540198198,22020096
grouped_conv_forward_bf16_2d_32x64x64_compv3,38,2,256,256,1,168,256,3,3,1,1,1,1,0.5279006958007812,192.211533675061,22020096
grouped_conv_forward_bf16_2d_32x64x64_compv4,38,2,256,256,1,168,256,3,3,1,1,1,1,0.5990012884140015,169.39630069354655,22020096
grouped_conv_forward_bf16_2d_64x64x64_compv3,38,2,256,256,1,168,256,3,3,1,1,1,1,0.44537192583084106,227.8289144038668,22020096
grouped_conv_forward_bf16_2d_64x64x64_compv4,38,2,256,256,1,168,256,3,3,1,1,1,1,0.7689629197120667,131.95513043202953,22020096
grouped_conv_forward_bf16_2d_32x128x64_compv3,38,2,256,256,1,168,256,3,3,1,1,1,1,0.40905171632766724,248.0581264368036,22020096
grouped_conv_forward_bf16_2d_32x128x64_compv4,38,2,256,256,1,168,256,3,3,1,1,1,1,0.5941973328590393,170.76583275756855,22020096
grouped_conv_forward_bf16_2d_64x128x64_compv3,38,2,256,256,1,168,256,3,3,1,1,1,1,0.3448590934276581,294.23206260700016,22020096
grouped_conv_forward_bf16_2d_64x128x64_compv4,38,2,256,256,1,168,256,3,3,1,1,1,1,0.7682989239692688,132.06917151957205,22020096
grouped_conv_forward_bf16_2d_128x128x64_compv3,38,2,256,256,1,168,256,3,3,1,1,1,1,0.3154788017272949,321.63366226967963,22020096
grouped_conv_forward_bf16_2d_128x128x64_compv4,38,2,256,256,1,168,256,3,3,1,1,1,1,0.7709268927574158,131.618968440797,22020096
grouped_conv_forward_bf16_2d_16x64x128_compv3,38,2,256,256,1,168,256,3,3,1,1,1,1,0.6183454990386963,164.0969369482708,22020096
grouped_conv_forward_bf16_2d_16x64x128_compv4,38,2,256,256,1,168,256,3,3,1,1,1,1,0.7138663530349731,142.13949422971183,22020096
grouped_conv_forward_bf16_2d_32x64x128_compv3,38,2,256,256,1,168,256,3,3,1,1,1,1,0.45370012521743774,223.64684673465922,22020096
grouped_conv_forward_bf16_2d_32x64x128_compv4,38,2,256,256,1,168,256,3,3,1,1,1,1,0.5995694398880005,169.2357809079701,22020096
grouped_conv_forward_bf16_2d_64x64x128_compv3,38,2,256,256,1,168,256,3,3,1,1,1,1,0.399539589881897,253.96382470631733,22020096
grouped_conv_forward_bf16_2d_64x64x128_compv4,38,2,256,256,1,168,256,3,3,1,1,1,1,0.7795830965042114,130.1575198628641,22020096
grouped_conv_forward_bf16_2d_128x64x128_compv3,38,2,256,256,1,168,256,3,3,1,1,1,1,0.37589138746261597,269.9412802537049,22020096
grouped_conv_forward_bf16_2d_128x64x128_compv4,38,2,256,256,1,168,256,3,3,1,1,1,1,0.7774310111999512,130.51782203977814,22020096
grouped_conv_forward_bf16_2d_16x64x64_compv3,39,2,256,64,1,184,256,1,1,1,1,0,0,0.028220200911164284,109.38999880680294,6029312
grouped_conv_forward_bf16_2d_16x64x64_compv4,39,2,256,64,1,184,256,1,1,1,1,0,0,0.031092200428247452,99.2855990081498,6029312
grouped_conv_forward_bf16_2d_32x64x64_compv3,39,2,256,64,1,184,256,1,1,1,1,0,0,0.026020199060440063,118.63889806643898,6029312
grouped_conv_forward_bf16_2d_32x64x64_compv4,39,2,256,64,1,184,256,1,1,1,1,0,0,0.0283122006803751,109.03453881420782,6029312
grouped_conv_forward_bf16_2d_64x64x64_compv3,39,2,256,64,1,184,256,1,1,1,1,0,0,0.021900098770856857,140.95862198155825,6029312
grouped_conv_forward_bf16_2d_64x64x64_compv4,39,2,256,64,1,184,256,1,1,1,1,0,0,0.03481230139732361,88.67577322070787,6029312
grouped_conv_forward_bf16_2d_32x128x64_compv3,39,2,256,64,1,184,256,1,1,1,1,0,0,0.03216420114040375,95.97650911721819,6029312
grouped_conv_forward_bf16_2d_32x128x64_compv4,39,2,256,64,1,184,256,1,1,1,1,0,0,0.027828197926282883,110.93092524990328,6029312
grouped_conv_forward_bf16_2d_64x128x64_compv3,39,2,256,64,1,184,256,1,1,1,1,0,0,0.028832200914621353,107.06805745219818,6029312
grouped_conv_forward_bf16_2d_64x128x64_compv4,39,2,256,64,1,184,256,1,1,1,1,0,0,0.03484030067920685,88.60450925563816,6029312
grouped_conv_forward_bf16_2d_128x128x64_compv3,39,2,256,64,1,184,256,1,1,1,1,0,0,0.028772199526429176,107.2913365960909,6029312
grouped_conv_forward_bf16_2d_128x128x64_compv4,39,2,256,64,1,184,256,1,1,1,1,0,0,0.035144299268722534,87.83807923999078,6029312
grouped_conv_forward_bf16_2d_16x64x128_compv3,39,2,256,64,1,184,256,1,1,1,1,0,0,0.024476200342178345,126.12283364425431,6029312
grouped_conv_forward_bf16_2d_16x64x128_compv4,39,2,256,64,1,184,256,1,1,1,1,0,0,0.0319041982293129,96.75866861821724,6029312
grouped_conv_forward_bf16_2d_32x64x128_compv3,39,2,256,64,1,184,256,1,1,1,1,0,0,0.02107210084795952,146.49738847937058,6029312
grouped_conv_forward_bf16_2d_32x64x128_compv4,39,2,256,64,1,184,256,1,1,1,1,0,0,0.02772420085966587,111.34704151170273,6029312
grouped_conv_forward_bf16_2d_64x64x128_compv3,39,2,256,64,1,184,256,1,1,1,1,0,0,0.02115209959447384,145.9433249267844,6029312
grouped_conv_forward_bf16_2d_64x64x128_compv4,39,2,256,64,1,184,256,1,1,1,1,0,0,0.03518430143594742,87.738213294354,6029312
grouped_conv_forward_bf16_2d_128x64x128_compv3,39,2,256,64,1,184,256,1,1,1,1,0,0,0.021036099642515182,146.74810428074687,6029312
grouped_conv_forward_bf16_2d_128x64x128_compv4,39,2,256,64,1,184,256,1,1,1,1,0,0,0.034852299839258194,88.57400396064378,6029312
grouped_conv_forward_bf16_2d_16x64x64_compv3,40,4,1280,448,1,6,6,3,3,1,1,0,0,0.10967659950256348,6.023188929964588,28672
grouped_conv_forward_bf16_2d_16x64x64_compv4,40,4,1280,448,1,6,6,3,3,1,1,0,0,0.08314849436283112,7.9448567897977656,28672
grouped_conv_forward_bf16_2d_32x64x64_compv3,40,4,1280,448,1,6,6,3,3,1,1,0,0,0.13900110125541687,4.752501052391888,28672
grouped_conv_forward_bf16_2d_32x64x64_compv4,40,4,1280,448,1,6,6,3,3,1,1,0,0,0.10775680840015411,6.130497829397991,28672
grouped_conv_forward_bf16_2d_64x64x64_compv3,40,4,1280,448,1,6,6,3,3,1,1,0,0,0.171089306473732,3.8611582080463043,28672
grouped_conv_forward_bf16_2d_64x64x64_compv4,40,4,1280,448,1,6,6,3,3,1,1,0,0,0.16400930285453796,4.027837863477156,28672
grouped_conv_forward_bf16_2d_32x128x64_compv3,40,4,1280,448,1,6,6,3,3,1,1,0,0,0.17254140973091125,3.8286628179881577,28672
grouped_conv_forward_bf16_2d_32x128x64_compv4,40,4,1280,448,1,6,6,3,3,1,1,0,0,0.10796090215444565,6.118908482766856,28672
grouped_conv_forward_bf16_2d_64x128x64_compv3,40,4,1280,448,1,6,6,3,3,1,1,0,0,0.20310170948505402,3.252571736963213,28672
grouped_conv_forward_bf16_2d_64x128x64_compv4,40,4,1280,448,1,6,6,3,3,1,1,0,0,0.16392140090465546,4.029997769383622,28672
grouped_conv_forward_bf16_2d_128x128x64_compv3,40,4,1280,448,1,6,6,3,3,1,1,0,0,0.19421370327472687,3.4014226023255314,28672
grouped_conv_forward_bf16_2d_128x128x64_compv4,40,4,1280,448,1,6,6,3,3,1,1,0,0,0.16388939321041107,4.03078483030246,28672
grouped_conv_forward_bf16_2d_16x64x128_compv3,40,4,1280,448,1,6,6,3,3,1,1,0,0,0.08250470459461212,8.006851042566364,28672
grouped_conv_forward_bf16_2d_16x64x128_compv4,40,4,1280,448,1,6,6,3,3,1,1,0,0,0.08338069915771484,7.922731359573606,28672
grouped_conv_forward_bf16_2d_32x64x128_compv3,40,4,1280,448,1,6,6,3,3,1,1,0,0,0.09832879900932312,6.718305182771168,28672
grouped_conv_forward_bf16_2d_32x64x128_compv4,40,4,1280,448,1,6,6,3,3,1,1,0,0,0.10784490406513214,6.125489987000533,28672
grouped_conv_forward_bf16_2d_64x64x128_compv3,40,4,1280,448,1,6,6,3,3,1,1,0,0,0.13262109458446503,4.981129752169771,28672
grouped_conv_forward_bf16_2d_64x64x128_compv4,40,4,1280,448,1,6,6,3,3,1,1,0,0,0.16475340723991394,4.009646240809029,28672
grouped_conv_forward_bf16_2d_128x64x128_compv3,40,4,1280,448,1,6,6,3,3,1,1,0,0,0.12249699980020523,5.392808649007363,28672
grouped_conv_forward_bf16_2d_128x64x128_compv4,40,4,1280,448,1,6,6,3,3,1,1,0,0,0.16517339646816254,3.9994508445391954,28672
grouped_conv_forward_bf16_2d_16x64x64_compv3,41,2,512,256,1,87,139,1,1,2,2,0,0,0.01810009963810444,89.21536744474591,1576960
grouped_conv_forward_bf16_2d_16x64x64_compv4,41,2,512,256,1,87,139,1,1,2,2,0,0,0.019116099923849106,84.47366599006833,1576960
grouped_conv_forward_bf16_2d_32x64x64_compv3,41,2,512,256,1,87,139,1,1,2,2,0,0,0.01648009940981865,97.98527301588466,1576960
grouped_conv_forward_bf16_2d_32x64x64_compv4,41,2,512,256,1,87,139,1,1,2,2,0,0,0.01761610060930252,91.66654277322134,1576960
grouped_conv_forward_bf16_2d_64x64x64_compv3,41,2,512,256,1,87,139,1,1,2,2,0,0,0.016124099493026733,100.14866508969158,1576960
grouped_conv_forward_bf16_2d_64x64x64_compv4,41,2,512,256,1,87,139,1,1,2,2,0,0,0.02250410057604313,71.75612438024082,1576960
grouped_conv_forward_bf16_2d_32x128x64_compv3,41,2,512,256,1,87,139,1,1,2,2,0,0,0.01393209956586361,115.90550529488,1576960
grouped_conv_forward_bf16_2d_32x128x64_compv4,41,2,512,256,1,87,139,1,1,2,2,0,0,0.017612099647521973,91.68736677158216,1576960
grouped_conv_forward_bf16_2d_64x128x64_compv3,41,2,512,256,1,87,139,1,1,2,2,0,0,0.014408099465072155,112.07633900047574,1576960
grouped_conv_forward_bf16_2d_64x128x64_compv4,41,2,512,256,1,87,139,1,1,2,2,0,0,0.0223361998796463,72.29551350279064,1576960
grouped_conv_forward_bf16_2d_128x128x64_compv3,41,2,512,256,1,87,139,1,1,2,2,0,0,0.015508100390434265,104.12668214322679,1576960
grouped_conv_forward_bf16_2d_128x128x64_compv4,41,2,512,256,1,87,139,1,1,2,2,0,0,0.022324200719594955,72.33437202446451,1576960
grouped_conv_forward_bf16_2d_16x64x128_compv3,41,2,512,256,1,87,139,1,1,2,2,0,0,0.016364101320505142,98.67984855218145,1576960
grouped_conv_forward_bf16_2d_16x64x128_compv4,41,2,512,256,1,87,139,1,1,2,2,0,0,0.018740098923444748,86.16854407208065,1576960
grouped_conv_forward_bf16_2d_32x64x128_compv3,41,2,512,256,1,87,139,1,1,2,2,0,0,0.015368099324405193,105.07526050639314,1576960
grouped_conv_forward_bf16_2d_32x64x128_compv4,41,2,512,256,1,87,139,1,1,2,2,0,0,0.01753610000014305,92.08473035548538,1576960
grouped_conv_forward_bf16_2d_64x64x128_compv3,41,2,512,256,1,87,139,1,1,2,2,0,0,0.013292099349200726,121.48623009630911,1576960
grouped_conv_forward_bf16_2d_64x64x128_compv4,41,2,512,256,1,87,139,1,1,2,2,0,0,0.02196419984102249,73.51995755311005,1576960
grouped_conv_forward_bf16_2d_128x64x128_compv3,41,2,512,256,1,87,139,1,1,2,2,0,0,0.011784099973738194,137.0327002994481,1576960
grouped_conv_forward_bf16_2d_128x64x128_compv4,41,2,512,256,1,87,139,1,1,2,2,0,0,0.022056199610233307,73.21329460814209,1576960
grouped_conv_forward_bf16_2d_16x64x64_compv3,42,2,512,256,1,95,119,1,1,2,2,0,0,0.016780098900198936,89.98453757516882,1474560
grouped_conv_forward_bf16_2d_16x64x64_compv4,42,2,512,256,1,95,119,1,1,2,2,0,0,0.01733209937810898,87.11866964639707,1474560
grouped_conv_forward_bf16_2d_32x64x64_compv3,42,2,512,256,1,95,119,1,1,2,2,0,0,0.014580098912119865,103.56235915140728,1474560
grouped_conv_forward_bf16_2d_32x64x64_compv4,42,2,512,256,1,95,119,1,1,2,2,0,0,0.01618410088121891,93.29832105484736,1474560
grouped_conv_forward_bf16_2d_64x64x64_compv3,42,2,512,256,1,95,119,1,1,2,2,0,0,0.015716100111603737,96.07659847401662,1474560
grouped_conv_forward_bf16_2d_64x64x64_compv4,42,2,512,256,1,95,119,1,1,2,2,0,0,0.022300200536847115,67.7101283239618,1474560
grouped_conv_forward_bf16_2d_32x128x64_compv3,42,2,512,256,1,95,119,1,1,2,2,0,0,0.014024099335074425,107.66819343782028,1474560
grouped_conv_forward_bf16_2d_32x128x64_compv4,42,2,512,256,1,95,119,1,1,2,2,0,0,0.015928100794553757,94.797833054666,1474560
grouped_conv_forward_bf16_2d_64x128x64_compv3,42,2,512,256,1,95,119,1,1,2,2,0,0,0.014016099274158478,107.72964791879707,1474560
grouped_conv_forward_bf16_2d_64x128x64_compv4,42,2,512,256,1,95,119,1,1,2,2,0,0,0.021872200071811676,69.0350963799926,1474560
grouped_conv_forward_bf16_2d_128x128x64_compv3,42,2,512,256,1,95,119,1,1,2,2,0,0,0.015208099968731403,99.28587023392336,1474560
grouped_conv_forward_bf16_2d_128x128x64_compv4,42,2,512,256,1,95,119,1,1,2,2,0,0,0.021828200668096542,69.17425137138756,1474560
grouped_conv_forward_bf16_2d_16x64x128_compv3,42,2,512,256,1,95,119,1,1,2,2,0,0,0.014960099942982197,100.9317749049076,1474560
grouped_conv_forward_bf16_2d_16x64x128_compv4,42,2,512,256,1,95,119,1,1,2,2,0,0,0.01759609952569008,85.81159920103278,1474560
grouped_conv_forward_bf16_2d_32x64x128_compv3,42,2,512,256,1,95,119,1,1,2,2,0,0,0.0122321005910635,123.44154863336682,1474560
grouped_conv_forward_bf16_2d_32x64x128_compv4,42,2,512,256,1,95,119,1,1,2,2,0,0,0.01629209890961647,92.67985962869075,1474560
grouped_conv_forward_bf16_2d_64x64x128_compv3,42,2,512,256,1,95,119,1,1,2,2,0,0,0.013088099658489227,115.36811908523434,1474560
grouped_conv_forward_bf16_2d_64x64x128_compv4,42,2,512,256,1,95,119,1,1,2,2,0,0,0.022068198770284653,68.42196119935181,1474560
grouped_conv_forward_bf16_2d_128x64x128_compv3,42,2,512,256,1,95,119,1,1,2,2,0,0,0.011676100082695484,129.31967260522325,1474560
grouped_conv_forward_bf16_2d_128x64x128_compv4,42,2,512,256,1,95,119,1,1,2,2,0,0,0.02212419919669628,68.24877260305425,1474560
grouped_conv_forward_bf16_2d_16x64x64_compv3,43,8,640,320,1,64,64,3,3,1,1,1,1,0.8095487356185913,149.213938439046,10485760
grouped_conv_forward_bf16_2d_16x64x64_compv4,43,8,640,320,1,64,64,3,3,1,1,1,1,0.8042980432510376,150.18805057853058,10485760
grouped_conv_forward_bf16_2d_32x64x64_compv3,43,8,640,320,1,64,64,3,3,1,1,1,1,0.6414173245429993,188.3266175980909,10485760
grouped_conv_forward_bf16_2d_32x64x64_compv4,43,8,640,320,1,64,64,3,3,1,1,1,1,0.690829873085022,174.85629951201224,10485760
grouped_conv_forward_bf16_2d_64x64x64_compv3,43,8,640,320,1,64,64,3,3,1,1,1,1,0.516516387462616,233.8666461163207,10485760
grouped_conv_forward_bf16_2d_64x64x64_compv4,43,8,640,320,1,64,64,3,3,1,1,1,1,0.898783802986145,134.39934587012368,10485760
grouped_conv_forward_bf16_2d_32x128x64_compv3,43,8,640,320,1,64,64,3,3,1,1,1,1,0.5495086908340454,219.82537713217175,10485760
grouped_conv_forward_bf16_2d_32x128x64_compv4,43,8,640,320,1,64,64,3,3,1,1,1,1,0.6861740350723267,176.04273701097918,10485760
grouped_conv_forward_bf16_2d_64x128x64_compv3,43,8,640,320,1,64,64,3,3,1,1,1,1,0.45340800285339355,266.41778362932547,10485760
grouped_conv_forward_bf16_2d_64x128x64_compv4,43,8,640,320,1,64,64,3,3,1,1,1,1,0.8999038934707642,134.23206197509845,10485760
grouped_conv_forward_bf16_2d_128x128x64_compv3,43,8,640,320,1,64,64,3,3,1,1,1,1,0.39331939816474915,307.1192414196728,10485760
grouped_conv_forward_bf16_2d_128x128x64_compv4,43,8,640,320,1,64,64,3,3,1,1,1,1,0.9149801135063171,132.02030668961203,10485760
grouped_conv_forward_bf16_2d_16x64x128_compv3,43,8,640,320,1,64,64,3,3,1,1,1,1,0.708642303943634,170.4611120840003,10485760
grouped_conv_forward_bf16_2d_16x64x128_compv4,43,8,640,320,1,64,64,3,3,1,1,1,1,0.8166393041610718,147.91837055172465,10485760
grouped_conv_forward_bf16_2d_32x64x128_compv3,43,8,640,320,1,64,64,3,3,1,1,1,1,0.5387887954711914,224.1990854586338,10485760
grouped_conv_forward_bf16_2d_32x64x128_compv4,43,8,640,320,1,64,64,3,3,1,1,1,1,0.6865741014480591,175.9401569986812,10485760
grouped_conv_forward_bf16_2d_64x64x128_compv3,43,8,640,320,1,64,64,3,3,1,1,1,1,0.46642008423805237,258.9853209201599,10485760
grouped_conv_forward_bf16_2d_64x64x128_compv4,43,8,640,320,1,64,64,3,3,1,1,1,1,0.916108250617981,131.8577309160947,10485760
grouped_conv_forward_bf16_2d_128x64x128_compv3,43,8,640,320,1,64,64,3,3,1,1,1,1,0.43256378173828125,279.2558237644743,10485760
grouped_conv_forward_bf16_2d_128x64x128_compv4,43,8,640,320,1,64,64,3,3,1,1,1,1,0.9158042073249817,131.90150714948007,10485760
grouped_conv_forward_bf16_2d_16x64x64_compv3,44,16,512,512,1,8,8,3,3,1,1,1,1,0.0538003034889698,89.8106124808502,524288
grouped_conv_forward_bf16_2d_16x64x64_compv4,44,16,512,512,1,8,8,3,3,1,1,1,1,0.0457242988049984,105.67331450191212,524288
grouped_conv_forward_bf16_2d_32x64x64_compv3,44,16,512,512,1,8,8,3,3,1,1,1,1,0.07440860569477081,64.93655085838499,524288
grouped_conv_forward_bf16_2d_32x64x64_compv4,44,16,512,512,1,8,8,3,3,1,1,1,1,0.05439649894833565,88.82627193689711,524288
grouped_conv_forward_bf16_2d_64x64x64_compv3,44,16,512,512,1,8,8,3,3,1,1,1,1,0.07516060024499893,64.28684965593396,524288
grouped_conv_forward_bf16_2d_64x64x64_compv4,44,16,512,512,1,8,8,3,3,1,1,1,1,0.07093650102615356,68.1149780170092,524288
grouped_conv_forward_bf16_2d_32x128x64_compv3,44,16,512,512,1,8,8,3,3,1,1,1,1,0.08618469536304474,56.063761525713424,524288
grouped_conv_forward_bf16_2d_32x128x64_compv4,44,16,512,512,1,8,8,3,3,1,1,1,1,0.05555649846792221,86.97161162505331,524288
grouped_conv_forward_bf16_2d_64x128x64_compv3,44,16,512,512,1,8,8,3,3,1,1,1,1,0.08384869992733002,57.62567830136492,524288
grouped_conv_forward_bf16_2d_64x128x64_compv4,44,16,512,512,1,8,8,3,3,1,1,1,1,0.07174460589885712,67.34775593877742,524288
grouped_conv_forward_bf16_2d_128x128x64_compv3,44,16,512,512,1,8,8,3,3,1,1,1,1,0.08206070214509964,58.88126815508292,524288
grouped_conv_forward_bf16_2d_128x128x64_compv4,44,16,512,512,1,8,8,3,3,1,1,1,1,0.07084059715270996,68.20719195215256,524288
grouped_conv_forward_bf16_2d_16x64x128_compv3,44,16,512,512,1,8,8,3,3,1,1,1,1,0.04364829882979393,110.69934768458448,524288
grouped_conv_forward_bf16_2d_16x64x128_compv4,44,16,512,512,1,8,8,3,3,1,1,1,1,0.045648399740457535,105.84901629569305,524288
grouped_conv_forward_bf16_2d_32x64x128_compv3,44,16,512,512,1,8,8,3,3,1,1,1,1,0.05096439644694328,94.80811203229311,524288
grouped_conv_forward_bf16_2d_32x64x128_compv4,44,16,512,512,1,8,8,3,3,1,1,1,1,0.05446050316095352,88.72187966607471,524288
grouped_conv_forward_bf16_2d_64x64x128_compv3,44,16,512,512,1,8,8,3,3,1,1,1,1,0.057772498577833176,83.63561083463225,524288
grouped_conv_forward_bf16_2d_64x64x128_compv4,44,16,512,512,1,8,8,3,3,1,1,1,1,0.07016859948635101,68.86040541453124,524288
grouped_conv_forward_bf16_2d_128x64x128_compv3,44,16,512,512,1,8,8,3,3,1,1,1,1,0.05404040217399597,89.4115886192472,524288
grouped_conv_forward_bf16_2d_128x64x128_compv4,44,16,512,512,1,8,8,3,3,1,1,1,1,0.0709846019744873,68.06882159790963,524288
grouped_conv_forward_bf16_2d_16x64x64_compv3,45,1,512,1024,1,400,544,1,1,2,2,0,0,0.4427545964717865,128.83555553021776,55705600
grouped_conv_forward_bf16_2d_16x64x64_compv4,45,1,512,1024,1,400,544,1,1,2,2,0,0,0.4938882887363434,115.49683541990505,55705600
grouped_conv_forward_bf16_2d_32x64x64_compv3,45,1,512,1024,1,400,544,1,1,2,2,0,0,0.3479310870170593,163.9477946309614,55705600
grouped_conv_forward_bf16_2d_32x64x64_compv4,45,1,512,1024,1,400,544,1,1,2,2,0,0,0.42034369707107544,135.70450751960422,55705600
grouped_conv_forward_bf16_2d_64x64x64_compv3,45,1,512,1024,1,400,544,1,1,2,2,0,0,0.2751944065093994,207.28086418446765,55705600
grouped_conv_forward_bf16_2d_64x64x64_compv4,45,1,512,1024,1,400,544,1,1,2,2,0,0,0.5378128290176392,106.06391540379026,55705600
grouped_conv_forward_bf16_2d_32x128x64_compv3,45,1,512,1024,1,400,544,1,1,2,2,0,0,0.2530781924724579,225.3949020368788,55705600
grouped_conv_forward_bf16_2d_32x128x64_compv4,45,1,512,1024,1,400,544,1,1,2,2,0,0,0.4239078164100647,134.56353525885507,55705600
grouped_conv_forward_bf16_2d_64x128x64_compv3,45,1,512,1024,1,400,544,1,1,2,2,0,0,0.21111389994621277,270.1979093490916,55705600
grouped_conv_forward_bf16_2d_64x128x64_compv4,45,1,512,1024,1,400,544,1,1,2,2,0,0,0.5389567613601685,105.83879540919277,55705600
grouped_conv_forward_bf16_2d_128x128x64_compv3,45,1,512,1024,1,400,544,1,1,2,2,0,0,0.21674589812755585,263.17699616363785,55705600
grouped_conv_forward_bf16_2d_128x128x64_compv4,45,1,512,1024,1,400,544,1,1,2,2,0,0,0.5379608273506165,106.03473617387104,55705600
grouped_conv_forward_bf16_2d_16x64x128_compv3,45,1,512,1024,1,400,544,1,1,2,2,0,0,0.41141170263290405,138.65073364453642,55705600
grouped_conv_forward_bf16_2d_16x64x128_compv4,45,1,512,1024,1,400,544,1,1,2,2,0,0,0.48987239599227905,116.44365934205253,55705600
grouped_conv_forward_bf16_2d_32x64x128_compv3,45,1,512,1024,1,400,544,1,1,2,2,0,0,0.3173387944698334,179.75279226512134,55705600
grouped_conv_forward_bf16_2d_32x64x128_compv4,45,1,512,1024,1,400,544,1,1,2,2,0,0,0.42620381712913513,133.83862862663366,55705600
grouped_conv_forward_bf16_2d_64x64x128_compv3,45,1,512,1024,1,400,544,1,1,2,2,0,0,0.28306251764297485,201.51920810634286,55705600
grouped_conv_forward_bf16_2d_64x64x128_compv4,45,1,512,1024,1,400,544,1,1,2,2,0,0,0.5379288196563721,106.04104542388836,55705600
grouped_conv_forward_bf16_2d_128x64x128_compv3,45,1,512,1024,1,400,544,1,1,2,2,0,0,0.2828424870967865,201.67597515319716,55705600
grouped_conv_forward_bf16_2d_128x64x128_compv4,45,1,512,1024,1,400,544,1,1,2,2,0,0,0.5449728965759277,104.67040610349439,55705600
grouped_conv_forward_bf16_2d_16x64x64_compv3,46,7,256,256,1,983,39,3,3,2,2,0,0,0.5290464758872986,145.61018143973135,16717568
grouped_conv_forward_bf16_2d_16x64x64_compv4,46,7,256,256,1,983,39,3,3,2,2,0,0,0.5628606677055359,136.86256255571425,16717568
grouped_conv_forward_bf16_2d_32x64x64_compv3,46,7,256,256,1,983,39,3,3,2,2,0,0,0.4181355834007263,184.2334314565446,16717568
grouped_conv_forward_bf16_2d_32x64x64_compv4,46,7,256,256,1,983,39,3,3,2,2,0,0,0.4670160710811615,164.95054049352484,16717568
grouped_conv_forward_bf16_2d_64x64x64_compv3,46,7,256,256,1,983,39,3,3,2,2,0,0,0.3425549864768982,224.8823003170476,16717568
grouped_conv_forward_bf16_2d_64x64x64_compv4,46,7,256,256,1,983,39,3,3,2,2,0,0,0.596893310546875,129.05916682735273,16717568
grouped_conv_forward_bf16_2d_32x128x64_compv3,46,7,256,256,1,983,39,3,3,2,2,0,0,0.32380691170692444,237.9027456144095,16717568
grouped_conv_forward_bf16_2d_32x128x64_compv4,46,7,256,256,1,983,39,3,3,2,2,0,0,0.4678681790828705,164.65012323557778,16717568
grouped_conv_forward_bf16_2d_64x128x64_compv3,46,7,256,256,1,983,39,3,3,2,2,0,0,0.2583622932434082,298.1648458717783,16717568
grouped_conv_forward_bf16_2d_64x128x64_compv4,46,7,256,256,1,983,39,3,3,2,2,0,0,0.5946213006973267,129.55229362563995,16717568
grouped_conv_forward_bf16_2d_128x128x64_compv3,46,7,256,256,1,983,39,3,3,2,2,0,0,0.22184601426124573,347.243350756278,16717568
grouped_conv_forward_bf16_2d_128x128x64_compv4,46,7,256,256,1,983,39,3,3,2,2,0,0,0.5982412695884705,128.768370321546,16717568
grouped_conv_forward_bf16_2d_16x64x128_compv3,46,7,256,256,1,983,39,3,3,2,2,0,0,0.4754442274570465,162.02647733473555,16717568
grouped_conv_forward_bf16_2d_16x64x128_compv4,46,7,256,256,1,983,39,3,3,2,2,0,0,0.5669451355934143,135.87655754973346,16717568
grouped_conv_forward_bf16_2d_32x64x128_compv3,46,7,256,256,1,983,39,3,3,2,2,0,0,0.35761120915412903,215.41425820016286,16717568
grouped_conv_forward_bf16_2d_32x64x128_compv4,46,7,256,256,1,983,39,3,3,2,2,0,0,0.471384197473526,163.42201065899422,16717568
grouped_conv_forward_bf16_2d_64x64x128_compv3,46,7,256,256,1,983,39,3,3,2,2,0,0,0.31302279233932495,246.09886317956207,16717568
grouped_conv_forward_bf16_2d_64x64x128_compv4,46,7,256,256,1,983,39,3,3,2,2,0,0,0.5977094173431396,128.88295065924174,16717568
grouped_conv_forward_bf16_2d_128x64x128_compv3,46,7,256,256,1,983,39,3,3,2,2,0,0,0.28904658555984497,266.5125872177119,16717568
grouped_conv_forward_bf16_2d_128x64x128_compv4,46,7,256,256,1,983,39,3,3,2,2,0,0,0.5978174209594727,128.85966625121543,16717568
grouped_conv_forward_bf16_2d_16x64x64_compv3,47,2,512,512,1,20,39,3,3,1,1,1,1,0.07722439616918564,95.31966431790909,798720
grouped_conv_forward_bf16_2d_16x64x64_compv4,47,2,512,512,1,20,39,3,3,1,1,1,1,0.08091650158166885,90.9703629805418,798720
grouped_conv_forward_bf16_2d_32x64x64_compv3,47,2,512,512,1,20,39,3,3,1,1,1,1,0.0759965032339096,96.85976599927986,798720
grouped_conv_forward_bf16_2d_32x64x64_compv4,47,2,512,512,1,20,39,3,3,1,1,1,1,0.057752400636672974,127.4579660559727,798720
grouped_conv_forward_bf16_2d_64x64x64_compv3,47,2,512,512,1,20,39,3,3,1,1,1,1,0.08221259713172913,89.53619976517072,798720
grouped_conv_forward_bf16_2d_64x64x64_compv4,47,2,512,512,1,20,39,3,3,1,1,1,1,0.07811660319566727,94.2309729157332,798720
grouped_conv_forward_bf16_2d_32x128x64_compv3,47,2,512,512,1,20,39,3,3,1,1,1,1,0.08793260157108307,83.71188146923531,798720
grouped_conv_forward_bf16_2d_32x128x64_compv4,47,2,512,512,1,20,39,3,3,1,1,1,1,0.05765639990568161,127.67018981486265,798720
grouped_conv_forward_bf16_2d_64x128x64_compv3,47,2,512,512,1,20,39,3,3,1,1,1,1,0.09420470148324966,78.13838804328512,798720
grouped_conv_forward_bf16_2d_64x128x64_compv4,47,2,512,512,1,20,39,3,3,1,1,1,1,0.07895659655332565,93.22848047317402,798720
grouped_conv_forward_bf16_2d_128x128x64_compv3,47,2,512,512,1,20,39,3,3,1,1,1,1,0.09473270177841187,77.7028774838285,798720
grouped_conv_forward_bf16_2d_128x128x64_compv4,47,2,512,512,1,20,39,3,3,1,1,1,1,0.0780525952577591,94.30824812027315,798720
grouped_conv_forward_bf16_2d_16x64x128_compv3,47,2,512,512,1,20,39,3,3,1,1,1,1,0.0596764013171196,123.34864967617142,798720
grouped_conv_forward_bf16_2d_16x64x128_compv4,47,2,512,512,1,20,39,3,3,1,1,1,1,0.08170469850301743,90.09278113581377,798720
grouped_conv_forward_bf16_2d_32x64x128_compv3,47,2,512,512,1,20,39,3,3,1,1,1,1,0.05200039595365524,141.55668211758254,798720
grouped_conv_forward_bf16_2d_32x64x128_compv4,47,2,512,512,1,20,39,3,3,1,1,1,1,0.05874050408601761,125.31393175007139,798720
grouped_conv_forward_bf16_2d_64x64x128_compv3,47,2,512,512,1,20,39,3,3,1,1,1,1,0.06432049721479416,114.44257800772905,798720
grouped_conv_forward_bf16_2d_64x64x128_compv4,47,2,512,512,1,20,39,3,3,1,1,1,1,0.07902870327234268,93.14341771031054,798720
grouped_conv_forward_bf16_2d_128x64x128_compv3,47,2,512,512,1,20,39,3,3,1,1,1,1,0.05994449928402901,122.79698067243994,798720
grouped_conv_forward_bf16_2d_128x64x128_compv4,47,2,512,512,1,20,39,3,3,1,1,1,1,0.0782046988606453,94.12482404819099,798720
grouped_conv_forward_bf16_2d_16x64x64_compv3,49,2,256,128,1,335,191,1,1,2,2,0,0,0.022272098809480667,94.913785812595,4128768
grouped_conv_forward_bf16_2d_16x64x64_compv4,49,2,256,128,1,335,191,1,1,2,2,0,0,0.02324019931256771,90.96002954057458,4128768
grouped_conv_forward_bf16_2d_32x64x64_compv3,49,2,256,128,1,335,191,1,1,2,2,0,0,0.01884409971535206,112.17989969973506,4128768
grouped_conv_forward_bf16_2d_32x64x64_compv4,49,2,256,128,1,335,191,1,1,2,2,0,0,0.020316099748015404,104.05192149179624,4128768
grouped_conv_forward_bf16_2d_64x64x64_compv3,49,2,256,128,1,335,191,1,1,2,2,0,0,0.016988100484013557,124.43587898419173,4128768
grouped_conv_forward_bf16_2d_64x64x64_compv4,49,2,256,128,1,335,191,1,1,2,2,0,0,0.02488419972360134,84.95066104115257,4128768
grouped_conv_forward_bf16_2d_32x128x64_compv3,49,2,256,128,1,335,191,1,1,2,2,0,0,0.014744100160896778,143.37458325238512,4128768
grouped_conv_forward_bf16_2d_32x128x64_compv4,49,2,256,128,1,335,191,1,1,2,2,0,0,0.02123210020363331,99.5628880669213,4128768
grouped_conv_forward_bf16_2d_64x128x64_compv3,49,2,256,128,1,335,191,1,1,2,2,0,0,0.012676100246608257,166.76494938304262,4128768
grouped_conv_forward_bf16_2d_64x128x64_compv4,49,2,256,128,1,335,191,1,1,2,2,0,0,0.025028198957443237,84.46189914002302,4128768
grouped_conv_forward_bf16_2d_128x128x64_compv3,49,2,256,128,1,335,191,1,1,2,2,0,0,0.01166009996086359,181.29597714387302,4128768
grouped_conv_forward_bf16_2d_128x128x64_compv4,49,2,256,128,1,335,191,1,1,2,2,0,0,0.024636199697852135,85.8058159101665,4128768
grouped_conv_forward_bf16_2d_16x64x128_compv3,49,2,256,128,1,335,191,1,1,2,2,0,0,0.019008100032806396,111.21202078858667,4128768
grouped_conv_forward_bf16_2d_16x64x128_compv4,49,2,256,128,1,335,191,1,1,2,2,0,0,0.023012200370430946,91.86123803772584,4128768
grouped_conv_forward_bf16_2d_32x64x128_compv3,49,2,256,128,1,335,191,1,1,2,2,0,0,0.015364100225269794,137.58887178587636,4128768
grouped_conv_forward_bf16_2d_32x64x128_compv4,49,2,256,128,1,335,191,1,1,2,2,0,0,0.020596100017428398,102.63735436374824,4128768
grouped_conv_forward_bf16_2d_64x64x128_compv3,49,2,256,128,1,335,191,1,1,2,2,0,0,0.015288099646568298,138.27285698484516,4128768
grouped_conv_forward_bf16_2d_64x64x128_compv4,49,2,256,128,1,335,191,1,1,2,2,0,0,0.024608198553323746,85.90345251885489,4128768
grouped_conv_forward_bf16_2d_128x64x128_compv3,49,2,256,128,1,335,191,1,1,2,2,0,0,0.014392100274562836,146.88121786757154,4128768
grouped_conv_forward_bf16_2d_128x64x128_compv4,49,2,256,128,1,335,191,1,1,2,2,0,0,0.024628199636936188,85.83368850192487,4128768
grouped_conv_forward_bf16_2d_16x64x64_compv3,50,2,256,128,1,247,191,1,1,2,2,0,0,0.018036101013422012,86.50877963252024,3047424
grouped_conv_forward_bf16_2d_16x64x64_compv4,50,2,256,128,1,247,191,1,1,2,2,0,0,0.01812009885907173,86.10775802797862,3047424
grouped_conv_forward_bf16_2d_32x64x64_compv3,50,2,256,128,1,247,191,1,1,2,2,0,0,0.015196099877357483,102.67641701439806,3047424
grouped_conv_forward_bf16_2d_32x64x64_compv4,50,2,256,128,1,247,191,1,1,2,2,0,0,0.01671610027551651,93.34001724584587,3047424
grouped_conv_forward_bf16_2d_64x64x64_compv3,50,2,256,128,1,247,191,1,1,2,2,0,0,0.013368099927902222,116.71674332291185,3047424
grouped_conv_forward_bf16_2d_64x64x64_compv4,50,2,256,128,1,247,191,1,1,2,2,0,0,0.019360098987817764,80.59261933432253,3047424
grouped_conv_forward_bf16_2d_32x128x64_compv3,50,2,256,128,1,247,191,1,1,2,2,0,0,0.011096099391579628,140.6152768588242,3047424
grouped_conv_forward_bf16_2d_32x128x64_compv4,50,2,256,128,1,247,191,1,1,2,2,0,0,0.017072100192308426,91.39362295348764,3047424
grouped_conv_forward_bf16_2d_64x128x64_compv3,50,2,256,128,1,247,191,1,1,2,2,0,0,0.011772099882364273,132.54059204317912,3047424
grouped_conv_forward_bf16_2d_64x128x64_compv4,50,2,256,128,1,247,191,1,1,2,2,0,0,0.019488099962472916,80.06327404952465,3047424
grouped_conv_forward_bf16_2d_128x128x64_compv3,50,2,256,128,1,247,191,1,1,2,2,0,0,0.010792099870741367,144.57622767466253,3047424
grouped_conv_forward_bf16_2d_128x128x64_compv4,50,2,256,128,1,247,191,1,1,2,2,0,0,0.019120100885629654,81.60422883399538,3047424
grouped_conv_forward_bf16_2d_16x64x128_compv3,50,2,256,128,1,247,191,1,1,2,2,0,0,0.014948099851608276,104.37989466815932,3047424
grouped_conv_forward_bf16_2d_16x64x128_compv4,50,2,256,128,1,247,191,1,1,2,2,0,0,0.018208099529147148,85.69159485877888,3047424
grouped_conv_forward_bf16_2d_32x64x128_compv3,50,2,256,128,1,247,191,1,1,2,2,0,0,0.01241610012948513,125.66595563245522,3047424
grouped_conv_forward_bf16_2d_32x64x128_compv4,50,2,256,128,1,247,191,1,1,2,2,0,0,0.016252100467681885,96.00488817446687,3047424
grouped_conv_forward_bf16_2d_64x64x128_compv3,50,2,256,128,1,247,191,1,1,2,2,0,0,0.012436100281774998,125.4638554408072,3047424
grouped_conv_forward_bf16_2d_64x64x128_compv4,50,2,256,128,1,247,191,1,1,2,2,0,0,0.019596099853515625,79.62202171163558,3047424
grouped_conv_forward_bf16_2d_128x64x128_compv3,50,2,256,128,1,247,191,1,1,2,2,0,0,0.01398410089313984,111.57535975483593,3047424
grouped_conv_forward_bf16_2d_128x64x128_compv4,50,2,256,128,1,247,191,1,1,2,2,0,0,0.01908009871840477,81.77531526579284,3047424
grouped_conv_forward_bf16_2d_16x64x64_compv3,51,2,256,64,1,184,304,1,1,1,1,0,0,0.033232200890779495,110.30932642854562,7159808
grouped_conv_forward_bf16_2d_16x64x64_compv4,51,2,256,64,1,184,304,1,1,1,1,0,0,0.0364363007247448,100.6090525954642,7159808
grouped_conv_forward_bf16_2d_32x64x64_compv3,51,2,256,64,1,184,304,1,1,1,1,0,0,0.030032198876142502,122.06304676918342,7159808
grouped_conv_forward_bf16_2d_32x64x64_compv4,51,2,256,64,1,184,304,1,1,1,1,0,0,0.032008200883865356,114.52757714501416,7159808
grouped_conv_forward_bf16_2d_64x64x64_compv3,51,2,256,64,1,184,304,1,1,1,1,0,0,0.024716200307011604,148.3165555572902,7159808
grouped_conv_forward_bf16_2d_64x64x64_compv4,51,2,256,64,1,184,304,1,1,1,1,0,0,0.04064429923892021,90.1927641672729,7159808
grouped_conv_forward_bf16_2d_32x128x64_compv3,51,2,256,64,1,184,304,1,1,1,1,0,0,0.03809630125761032,96.22513406777766,7159808
grouped_conv_forward_bf16_2d_32x128x64_compv4,51,2,256,64,1,184,304,1,1,1,1,0,0,0.032124198973178864,114.11402659598355,7159808
grouped_conv_forward_bf16_2d_64x128x64_compv3,51,2,256,64,1,184,304,1,1,1,1,0,0,0.03345629945397377,109.57044729477971,7159808
grouped_conv_forward_bf16_2d_64x128x64_compv4,51,2,256,64,1,184,304,1,1,1,1,0,0,0.04117630049586296,89.02746608739923,7159808
grouped_conv_forward_bf16_2d_128x128x64_compv3,51,2,256,64,1,184,304,1,1,1,1,0,0,0.036680299788713455,99.93979648792224,7159808
grouped_conv_forward_bf16_2d_128x128x64_compv4,51,2,256,64,1,184,304,1,1,1,1,0,0,0.04035630077123642,90.83641527948916,7159808
grouped_conv_forward_bf16_2d_16x64x128_compv3,51,2,256,64,1,184,304,1,1,1,1,0,0,0.028824200853705406,127.17860642886659,7159808
grouped_conv_forward_bf16_2d_16x64x128_compv4,51,2,256,64,1,184,304,1,1,1,1,0,0,0.036916300654411316,99.30089502513444,7159808
grouped_conv_forward_bf16_2d_32x64x128_compv3,51,2,256,64,1,184,304,1,1,1,1,0,0,0.024664198979735374,148.6292621549119,7159808
grouped_conv_forward_bf16_2d_32x64x128_compv4,51,2,256,64,1,184,304,1,1,1,1,0,0,0.03176819905638695,115.3928080560485,7159808
grouped_conv_forward_bf16_2d_64x64x128_compv3,51,2,256,64,1,184,304,1,1,1,1,0,0,0.023948200047016144,153.07295282330614,7159808
grouped_conv_forward_bf16_2d_64x64x128_compv4,51,2,256,64,1,184,304,1,1,1,1,0,0,0.04036029800772667,90.8274189476551,7159808
grouped_conv_forward_bf16_2d_128x64x128_compv3,51,2,256,64,1,184,304,1,1,1,1,0,0,0.025004198774695396,146.6082448404571,7159808
grouped_conv_forward_bf16_2d_128x64x128_compv4,51,2,256,64,1,184,304,1,1,1,1,0,0,0.04085629805922508,89.7247638708246,7159808
grouped_conv_forward_bf16_2d_16x64x64_compv3,52,16,128,576,1,14,14,1,1,1,1,0,0,0.008155999705195427,56.697159479473015,1806336
grouped_conv_forward_bf16_2d_16x64x64_compv4,52,16,128,576,1,14,14,1,1,1,1,0,0,0.010812000371515751,42.769330383880884,1806336
grouped_conv_forward_bf16_2d_32x64x64_compv3,52,16,128,576,1,14,14,1,1,1,1,0,0,0.007500000298023224,61.656266350000095,1806336
grouped_conv_forward_bf16_2d_32x64x64_compv4,52,16,128,576,1,14,14,1,1,1,1,0,0,0.01064400002360344,43.444383218203974,1806336
grouped_conv_forward_bf16_2d_64x64x64_compv3,52,16,128,576,1,14,14,1,1,1,1,0,0,0.007372099906206131,62.72595622459138,1806336
grouped_conv_forward_bf16_2d_64x64x64_compv4,52,16,128,576,1,14,14,1,1,1,1,0,0,0.012120000086724758,38.1536314101597,1806336
grouped_conv_forward_bf16_2d_32x128x64_compv3,52,16,128,576,1,14,14,1,1,1,1,0,0,0.006464099977165461,71.53695296073906,1806336
grouped_conv_forward_bf16_2d_32x128x64_compv4,52,16,128,576,1,14,14,1,1,1,1,0,0,0.01114409975707531,41.494784332526415,1806336
grouped_conv_forward_bf16_2d_64x128x64_compv3,52,16,128,576,1,14,14,1,1,1,1,0,0,0.006883999798446894,67.17344996208854,1806336
grouped_conv_forward_bf16_2d_64x128x64_compv4,52,16,128,576,1,14,14,1,1,1,1,0,0,0.011820100247859955,39.12166617061663,1806336
grouped_conv_forward_bf16_2d_128x128x64_compv3,52,16,128,576,1,14,14,1,1,1,1,0,0,0.008684000000357628,53.24988668596918,1806336
grouped_conv_forward_bf16_2d_128x128x64_compv4,52,16,128,576,1,14,14,1,1,1,1,0,0,0.011740099638700485,39.388253100992046,1806336
grouped_conv_forward_bf16_2d_16x64x128_compv3,52,16,128,576,1,14,14,1,1,1,1,0,0,0.008840000256896019,52.31018128526274,1806336
grouped_conv_forward_bf16_2d_16x64x128_compv4,52,16,128,576,1,14,14,1,1,1,1,0,0,0.01152809988707304,40.112596223991254,1806336
grouped_conv_forward_bf16_2d_32x64x128_compv3,52,16,128,576,1,14,14,1,1,1,1,0,0,0.007500099949538708,61.65544714219991,1806336
grouped_conv_forward_bf16_2d_32x64x128_compv4,52,16,128,576,1,14,14,1,1,1,1,0,0,0.010340100154280663,44.72123181597651,1806336
grouped_conv_forward_bf16_2d_64x64x128_compv3,52,16,128,576,1,14,14,1,1,1,1,0,0,0.00681610032916069,67.8426070141108,1806336
grouped_conv_forward_bf16_2d_64x64x128_compv4,52,16,128,576,1,14,14,1,1,1,1,0,0,0.011812100186944008,39.14816236583551,1806336
grouped_conv_forward_bf16_2d_128x64x128_compv3,52,16,128,576,1,14,14,1,1,1,1,0,0,0.006860099732875824,67.40747715137779,1806336
grouped_conv_forward_bf16_2d_128x64x128_compv4,52,16,128,576,1,14,14,1,1,1,1,0,0,0.012420100159943104,37.23174612483305,1806336
grouped_conv_forward_bf16_2d_16x64x64_compv3,53,2,528,128,1,14,14,1,1,1,1,0,0,0.008435999974608421,6.280921782774125,50176
grouped_conv_forward_bf16_2d_16x64x64_compv4,53,2,528,128,1,14,14,1,1,1,1,0,0,0.008156100288033485,6.496469406799729,50176
grouped_conv_forward_bf16_2d_32x64x64_compv3,53,2,528,128,1,14,14,1,1,1,1,0,0,0.010316099971532822,5.1362294031866655,50176
grouped_conv_forward_bf16_2d_32x64x64_compv4,53,2,528,128,1,14,14,1,1,1,1,0,0,0.00934009999036789,5.672943122091029,50176
grouped_conv_forward_bf16_2d_64x64x64_compv3,53,2,528,128,1,14,14,1,1,1,1,0,0,0.012775999493896961,4.14729634462737,50176
grouped_conv_forward_bf16_2d_64x64x64_compv4,53,2,528,128,1,14,14,1,1,1,1,0,0,0.013088000006973743,4.048430315691266,50176
grouped_conv_forward_bf16_2d_32x128x64_compv3,53,2,528,128,1,14,14,1,1,1,1,0,0,0.011796100065112114,4.491811336588251,50176
grouped_conv_forward_bf16_2d_32x128x64_compv4,53,2,528,128,1,14,14,1,1,1,1,0,0,0.009072000160813332,5.84059248906028,50176
grouped_conv_forward_bf16_2d_64x128x64_compv3,53,2,528,128,1,14,14,1,1,1,1,0,0,0.014440099708735943,3.669355272383938,50176
grouped_conv_forward_bf16_2d_64x128x64_compv4,53,2,528,128,1,14,14,1,1,1,1,0,0,0.012860099785029888,4.120174562072953,50176
grouped_conv_forward_bf16_2d_128x128x64_compv3,53,2,528,128,1,14,14,1,1,1,1,0,0,0.01464810036122799,3.617251021862746,50176
grouped_conv_forward_bf16_2d_128x128x64_compv4,53,2,528,128,1,14,14,1,1,1,1,0,0,0.012839999981224537,4.126624305099632,50176
grouped_conv_forward_bf16_2d_16x64x128_compv3,53,2,528,128,1,14,14,1,1,1,1,0,0,0.007588000036776066,6.98284867464395,50176
grouped_conv_forward_bf16_2d_16x64x128_compv4,53,2,528,128,1,14,14,1,1,1,1,0,0,0.007508100010454655,7.057159058379595,50176
grouped_conv_forward_bf16_2d_32x64x128_compv3,53,2,528,128,1,14,14,1,1,1,1,0,0,0.008960099890828133,5.913534072788424,50176
grouped_conv_forward_bf16_2d_32x64x128_compv4,53,2,528,128,1,14,14,1,1,1,1,0,0,0.00916799996048212,5.779434579885581,50176
grouped_conv_forward_bf16_2d_64x64x128_compv3,53,2,528,128,1,14,14,1,1,1,1,0,0,0.012004099786281586,4.4139799687897305,50176
grouped_conv_forward_bf16_2d_64x64x128_compv4,53,2,528,128,1,14,14,1,1,1,1,0,0,0.012768100015819073,4.149862229646778,50176
grouped_conv_forward_bf16_2d_128x64x128_compv3,53,2,528,128,1,14,14,1,1,1,1,0,0,0.012048100121319294,4.397859867236722,50176
grouped_conv_forward_bf16_2d_128x64x128_compv4,53,2,528,128,1,14,14,1,1,1,1,0,0,0.012772100046277046,4.148562554945293,50176
grouped_conv_forward_bf16_2d_16x64x64_compv3,54,2,1024,2048,1,59,41,1,1,2,2,0,0,0.041292302310466766,127.98567152455445,2580480
grouped_conv_forward_bf16_2d_16x64x64_compv4,54,2,1024,2048,1,59,41,1,1,2,2,0,0,0.046872299164533615,112.74938789430695,2580480
grouped_conv_forward_bf16_2d_32x64x64_compv3,54,2,1024,2048,1,59,41,1,1,2,2,0,0,0.03843630105257034,137.4956199029612,2580480
grouped_conv_forward_bf16_2d_32x64x64_compv4,54,2,1024,2048,1,59,41,1,1,2,2,0,0,0.04231639951467514,124.88829627783542,2580480
grouped_conv_forward_bf16_2d_64x64x64_compv3,54,2,1024,2048,1,59,41,1,1,2,2,0,0,0.03291629999876022,160.55337447401592,2580480
grouped_conv_forward_bf16_2d_64x64x64_compv4,54,2,1024,2048,1,59,41,1,1,2,2,0,0,0.05787249654531479,91.31838706598612,2580480
grouped_conv_forward_bf16_2d_32x128x64_compv3,54,2,1024,2048,1,59,41,1,1,2,2,0,0,0.029908200725913048,176.70147022321962,2580480
grouped_conv_forward_bf16_2d_32x128x64_compv4,54,2,1024,2048,1,59,41,1,1,2,2,0,0,0.04115230217576027,128.4210787874923,2580480
grouped_conv_forward_bf16_2d_64x128x64_compv3,54,2,1024,2048,1,59,41,1,1,2,2,0,0,0.030032198876142502,175.97189808829646,2580480
grouped_conv_forward_bf16_2d_64x128x64_compv4,54,2,1024,2048,1,59,41,1,1,2,2,0,0,0.05683649703860283,92.98291265928293,2580480
grouped_conv_forward_bf16_2d_128x128x64_compv3,54,2,1024,2048,1,59,41,1,1,2,2,0,0,0.026804199442267418,197.1639948203932,2580480
grouped_conv_forward_bf16_2d_128x128x64_compv4,54,2,1024,2048,1,59,41,1,1,2,2,0,0,0.05751249939203262,91.88999079967166,2580480
grouped_conv_forward_bf16_2d_16x64x128_compv3,54,2,1024,2048,1,59,41,1,1,2,2,0,0,0.03912430256605148,135.07775713261378,2580480
grouped_conv_forward_bf16_2d_16x64x128_compv4,54,2,1024,2048,1,59,41,1,1,2,2,0,0,0.047848399728536606,110.44931638221856,2580480
grouped_conv_forward_bf16_2d_32x64x128_compv3,54,2,1024,2048,1,59,41,1,1,2,2,0,0,0.030828198418021202,171.42821543897477,2580480
grouped_conv_forward_bf16_2d_32x64x128_compv4,54,2,1024,2048,1,59,41,1,1,2,2,0,0,0.0417323000729084,126.63627527759436,2580480
grouped_conv_forward_bf16_2d_64x64x128_compv3,54,2,1024,2048,1,59,41,1,1,2,2,0,0,0.033760301768779755,156.539567572444,2580480
grouped_conv_forward_bf16_2d_64x64x128_compv4,54,2,1024,2048,1,59,41,1,1,2,2,0,0,0.05727649852633476,92.26861236236583,2580480
grouped_conv_forward_bf16_2d_128x64x128_compv3,54,2,1024,2048,1,59,41,1,1,2,2,0,0,0.034876298159360886,151.5305040647366,2580480
grouped_conv_forward_bf16_2d_128x64x128_compv4,54,2,1024,2048,1,59,41,1,1,2,2,0,0,0.056288499385118484,93.88814940405389,2580480
grouped_conv_forward_bf16_2d_16x64x64_compv3,55,2,256,128,1,175,239,1,1,2,2,0,0,0.016760099679231644,82.58425346450291,2703360
grouped_conv_forward_bf16_2d_16x64x64_compv4,55,2,256,128,1,175,239,1,1,2,2,0,0,0.016724100336432457,82.76201960979488,2703360
grouped_conv_forward_bf16_2d_32x64x64_compv3,55,2,256,128,1,175,239,1,1,2,2,0,0,0.0166081003844738,83.34007429856064,2703360
grouped_conv_forward_bf16_2d_32x64x64_compv4,55,2,256,128,1,175,239,1,1,2,2,0,0,0.015776099637150764,87.73526738767342,2703360
grouped_conv_forward_bf16_2d_64x64x64_compv3,55,2,256,128,1,175,239,1,1,2,2,0,0,0.013228100724518299,104.634848858879,2703360
grouped_conv_forward_bf16_2d_64x64x64_compv4,55,2,256,128,1,175,239,1,1,2,2,0,0,0.020284099504351616,68.23671515233201,2703360
grouped_conv_forward_bf16_2d_32x128x64_compv3,55,2,256,128,1,175,239,1,1,2,2,0,0,0.011028099805116653,125.50850504252931,2703360
grouped_conv_forward_bf16_2d_32x128x64_compv4,55,2,256,128,1,175,239,1,1,2,2,0,0,0.01594810001552105,86.78904187037597,2703360
grouped_conv_forward_bf16_2d_64x128x64_compv3,55,2,256,128,1,175,239,1,1,2,2,0,0,0.011760099790990353,117.69630739531668,2703360
grouped_conv_forward_bf16_2d_64x128x64_compv4,55,2,256,128,1,175,239,1,1,2,2,0,0,0.01897210069000721,72.95556473242995,2703360
grouped_conv_forward_bf16_2d_128x128x64_compv3,55,2,256,128,1,175,239,1,1,2,2,0,0,0.010604100301861763,130.52689814306922,2703360
grouped_conv_forward_bf16_2d_128x128x64_compv4,55,2,256,128,1,175,239,1,1,2,2,0,0,0.01894409954547882,73.06339985583178,2703360
grouped_conv_forward_bf16_2d_16x64x128_compv3,55,2,256,128,1,175,239,1,1,2,2,0,0,0.014336099848151207,96.54789898652227,2703360
grouped_conv_forward_bf16_2d_16x64x128_compv4,55,2,256,128,1,175,239,1,1,2,2,0,0,0.017184099182486534,80.54657420801259,2703360
grouped_conv_forward_bf16_2d_32x64x128_compv3,55,2,256,128,1,175,239,1,1,2,2,0,0,0.012184100225567818,113.60053630349184,2703360
grouped_conv_forward_bf16_2d_32x64x128_compv4,55,2,256,128,1,175,239,1,1,2,2,0,0,0.015872100368142128,87.20460984345546,2703360
grouped_conv_forward_bf16_2d_64x64x128_compv3,55,2,256,128,1,175,239,1,1,2,2,0,0,0.012460099533200264,111.0842105483969,2703360
grouped_conv_forward_bf16_2d_64x64x128_compv4,55,2,256,128,1,175,239,1,1,2,2,0,0,0.019164100289344788,72.22464394895538,2703360
grouped_conv_forward_bf16_2d_128x64x128_compv3,55,2,256,128,1,175,239,1,1,2,2,0,0,0.01376810111105442,100.53095258638743,2703360
grouped_conv_forward_bf16_2d_128x64x128_compv4,55,2,256,128,1,175,239,1,1,2,2,0,0,0.018940100446343422,73.07882679509329,2703360
grouped_conv_forward_bf16_2d_16x64x64_compv3,56,11,96,96,1,96,64,1,3,1,1,0,1,0.04682820290327072,79.80500280396154,6488064
grouped_conv_forward_bf16_2d_16x64x64_compv4,56,11,96,96,1,96,64,1,3,1,1,0,1,0.05420830100774765,68.94008471997446,6488064
grouped_conv_forward_bf16_2d_32x64x64_compv3,56,11,96,96,1,96,64,1,3,1,1,0,1,0.03914419934153557,95.47071920908009,6488064
grouped_conv_forward_bf16_2d_32x64x64_compv4,56,11,96,96,1,96,64,1,3,1,1,0,1,0.048356398940086365,77.28294384845121,6488064
grouped_conv_forward_bf16_2d_64x64x64_compv3,56,11,96,96,1,96,64,1,3,1,1,0,1,0.034984201192855835,106.82321552516005,6488064
grouped_conv_forward_bf16_2d_64x64x64_compv4,56,11,96,96,1,96,64,1,3,1,1,0,1,0.06321249902248383,59.12003040206899,6488064
grouped_conv_forward_bf16_2d_32x128x64_compv3,56,11,96,96,1,96,64,1,3,1,1,0,1,0.029488200321793556,126.73289055344756,6488064
grouped_conv_forward_bf16_2d_32x128x64_compv4,56,11,96,96,1,96,64,1,3,1,1,0,1,0.047740302979946136,78.28029213743831,6488064
grouped_conv_forward_bf16_2d_64x128x64_compv3,56,11,96,96,1,96,64,1,3,1,1,0,1,0.029784198850393295,125.4734056394017,6488064
grouped_conv_forward_bf16_2d_64x128x64_compv4,56,11,96,96,1,96,64,1,3,1,1,0,1,0.06334049999713898,59.00055831843452,6488064
grouped_conv_forward_bf16_2d_128x128x64_compv3,56,11,96,96,1,96,64,1,3,1,1,0,1,0.029668200761079788,125.96398730396031,6488064
grouped_conv_forward_bf16_2d_128x128x64_compv4,56,11,96,96,1,96,64,1,3,1,1,0,1,0.06400449573993683,58.388474446930914,6488064
grouped_conv_forward_bf16_2d_16x64x128_compv3,56,11,96,96,1,96,64,1,3,1,1,0,1,0.049152400344610214,76.03138072197511,6488064
grouped_conv_forward_bf16_2d_16x64x128_compv4,56,11,96,96,1,96,64,1,3,1,1,0,1,0.0544964000582695,68.57562811496048,6488064
grouped_conv_forward_bf16_2d_32x64x128_compv3,56,11,96,96,1,96,64,1,3,1,1,0,1,0.0406683012843132,91.89281936989839,6488064
grouped_conv_forward_bf16_2d_32x64x128_compv4,56,11,96,96,1,96,64,1,3,1,1,0,1,0.04826439917087555,77.43025766816369,6488064
grouped_conv_forward_bf16_2d_64x64x128_compv3,56,11,96,96,1,96,64,1,3,1,1,0,1,0.04043630138039589,92.42004675066084,6488064
grouped_conv_forward_bf16_2d_64x64x128_compv4,56,11,96,96,1,96,64,1,3,1,1,0,1,0.06253249943256378,59.762921647329726,6488064
grouped_conv_forward_bf16_2d_128x64x128_compv3,56,11,96,96,1,96,64,1,3,1,1,0,1,0.042356301099061966,88.23067092803255,6488064
grouped_conv_forward_bf16_2d_128x64x128_compv4,56,11,96,96,1,96,64,1,3,1,1,0,1,0.06320850551128387,59.123765603552435,6488064
grouped_conv_forward_bf16_2d_16x64x64_compv3,57,7,448,896,1,118,182,1,1,2,2,0,0,0.2341213971376419,128.87431092110515,33674368
grouped_conv_forward_bf16_2d_16x64x64_compv4,57,7,448,896,1,118,182,1,1,2,2,0,0,0.3002465069293976,100.49153955717775,33674368
grouped_conv_forward_bf16_2d_32x64x64_compv3,57,7,448,896,1,118,182,1,1,2,2,0,0,0.17995350062847137,167.6668340578327,33674368
grouped_conv_forward_bf16_2d_32x64x64_compv4,57,7,448,896,1,118,182,1,1,2,2,0,0,0.2592383027076721,116.38802373283343,33674368
grouped_conv_forward_bf16_2d_64x64x64_compv3,57,7,448,896,1,118,182,1,1,2,2,0,0,0.15067729353904724,200.24406477795554,33674368
grouped_conv_forward_bf16_2d_64x64x64_compv4,57,7,448,896,1,118,182,1,1,2,2,0,0,0.33136290311813354,91.05495347873433,33674368
grouped_conv_forward_bf16_2d_32x128x64_compv3,57,7,448,896,1,118,182,1,1,2,2,0,0,0.13193710148334503,228.68649825393328,33674368
grouped_conv_forward_bf16_2d_32x128x64_compv4,57,7,448,896,1,118,182,1,1,2,2,0,0,0.2543582022190094,118.62103704452541,33674368
grouped_conv_forward_bf16_2d_64x128x64_compv3,57,7,448,896,1,118,182,1,1,2,2,0,0,0.1159369945526123,260.24681633702187,33674368
grouped_conv_forward_bf16_2d_64x128x64_compv4,57,7,448,896,1,118,182,1,1,2,2,0,0,0.3304749131202698,91.29961921502772,33674368
grouped_conv_forward_bf16_2d_128x128x64_compv3,57,7,448,896,1,118,182,1,1,2,2,0,0,0.11558900028467178,261.03031995857765,33674368
grouped_conv_forward_bf16_2d_128x128x64_compv4,57,7,448,896,1,118,182,1,1,2,2,0,0,0.33128291368484497,91.07693901987156,33674368
grouped_conv_forward_bf16_2d_16x64x128_compv3,57,7,448,896,1,118,182,1,1,2,2,0,0,0.23317000269889832,129.400151729477,33674368
grouped_conv_forward_bf16_2d_16x64x128_compv4,57,7,448,896,1,118,182,1,1,2,2,0,0,0.2913746237754822,103.55134341159759,33674368
grouped_conv_forward_bf16_2d_32x64x128_compv3,57,7,448,896,1,118,182,1,1,2,2,0,0,0.1802055984735489,167.4322772631771,33674368
grouped_conv_forward_bf16_2d_32x64x128_compv4,57,7,448,896,1,118,182,1,1,2,2,0,0,0.25546619296073914,118.10656188326635,33674368
grouped_conv_forward_bf16_2d_64x64x128_compv3,57,7,448,896,1,118,182,1,1,2,2,0,0,0.1679134964942932,179.68915160447182,33674368
grouped_conv_forward_bf16_2d_64x64x128_compv4,57,7,448,896,1,118,182,1,1,2,2,0,0,0.3294709026813507,91.57784035691071,33674368
grouped_conv_forward_bf16_2d_128x64x128_compv3,57,7,448,896,1,118,182,1,1,2,2,0,0,0.1700975000858307,177.38199393156972,33674368
grouped_conv_forward_bf16_2d_128x64x128_compv4,57,7,448,896,1,118,182,1,1,2,2,0,0,0.3338108956813812,90.38720460700318,33674368
grouped_conv_forward_bf16_2d_16x64x64_compv3,58,1,64,128,1,64,64,1,1,2,2,0,0,0.003711999859660864,4.519724308807706,131072
grouped_conv_forward_bf16_2d_16x64x64_compv4,58,1,64,128,1,64,64,1,1,2,2,0,0,0.004716100171208382,3.5574341915857275,131072
grouped_conv_forward_bf16_2d_32x64x64_compv3,58,1,64,128,1,64,64,1,1,2,2,0,0,0.004147999919950962,4.044651958478905,131072
grouped_conv_forward_bf16_2d_32x64x64_compv4,58,1,64,128,1,64,64,1,1,2,2,0,0,0.005200000014156103,3.2263876835244085,131072
grouped_conv_forward_bf16_2d_64x64x64_compv3,58,1,64,128,1,64,64,1,1,2,2,0,0,0.004916000179946423,3.412777743263396,131072
grouped_conv_forward_bf16_2d_64x64x64_compv4,58,1,64,128,1,64,64,1,1,2,2,0,0,0.006711999885737896,2.499585263052424,131072
grouped_conv_forward_bf16_2d_32x128x64_compv3,58,1,64,128,1,64,64,1,1,2,2,0,0,0.00457199988886714,3.6695573945337725,131072
grouped_conv_forward_bf16_2d_32x128x64_compv4,58,1,64,128,1,64,64,1,1,2,2,0,0,0.005304000340402126,3.1631249855327166,131072
grouped_conv_forward_bf16_2d_64x128x64_compv3,58,1,64,128,1,64,64,1,1,2,2,0,0,0.006148099899291992,2.728845704334122,131072
grouped_conv_forward_bf16_2d_64x128x64_compv4,58,1,64,128,1,64,64,1,1,2,2,0,0,0.006644000299274921,2.5251678573571024,131072
grouped_conv_forward_bf16_2d_128x128x64_compv3,58,1,64,128,1,64,64,1,1,2,2,0,0,0.006612099707126617,2.537350727170262,131072
grouped_conv_forward_bf16_2d_128x128x64_compv4,58,1,64,128,1,64,64,1,1,2,2,0,0,0.006920100189745426,2.4244180777702287,131072
grouped_conv_forward_bf16_2d_16x64x128_compv3,58,1,64,128,1,64,64,1,1,2,2,0,0,0.004120000172406435,4.072139635421583,131072
grouped_conv_forward_bf16_2d_16x64x128_compv4,58,1,64,128,1,64,64,1,1,2,2,0,0,0.004824100062251091,3.4777918748582453,131072
grouped_conv_forward_bf16_2d_32x64x128_compv3,58,1,64,128,1,64,64,1,1,2,2,0,0,0.004575999919325113,3.666349714987401,131072
grouped_conv_forward_bf16_2d_32x64x128_compv4,58,1,64,128,1,64,64,1,1,2,2,0,0,0.00585199985653162,2.8669200976268594,131072
grouped_conv_forward_bf16_2d_64x64x128_compv3,58,1,64,128,1,64,64,1,1,2,2,0,0,0.00604810006916523,2.773964684469188,131072
grouped_conv_forward_bf16_2d_64x64x128_compv4,58,1,64,128,1,64,64,1,1,2,2,0,0,0.007224100176244974,2.322395259020433,131072
grouped_conv_forward_bf16_2d_128x64x128_compv3,58,1,64,128,1,64,64,1,1,2,2,0,0,0.006227999925613403,2.6938368979424148,131072
grouped_conv_forward_bf16_2d_128x64x128_compv4,58,1,64,128,1,64,64,1,1,2,2,0,0,0.0066881002858281136,2.5085174089794116,131072
grouped_conv_forward_bf16_2d_16x64x64_compv3,59,2,256,512,1,320,200,1,1,2,2,0,0,0.07376439869403839,113.72163467087225,16384000
grouped_conv_forward_bf16_2d_16x64x64_compv4,59,2,256,512,1,320,200,1,1,2,2,0,0,0.08286060392856598,101.23759183835793,16384000
grouped_conv_forward_bf16_2d_32x64x64_compv3,59,2,256,512,1,320,200,1,1,2,2,0,0,0.06198049709200859,135.3427028432397,16384000
grouped_conv_forward_bf16_2d_32x64x64_compv4,59,2,256,512,1,320,200,1,1,2,2,0,0,0.07141660153865814,117.46019579858063,16384000
grouped_conv_forward_bf16_2d_64x64x64_compv3,59,2,256,512,1,320,200,1,1,2,2,0,0,0.05121240019798279,163.800328974435,16384000
grouped_conv_forward_bf16_2d_64x64x64_compv4,59,2,256,512,1,320,200,1,1,2,2,0,0,0.0922967940568924,90.88731722175748,16384000
grouped_conv_forward_bf16_2d_32x128x64_compv3,59,2,256,512,1,320,200,1,1,2,2,0,0,0.045700401067733765,183.55655101509993,16384000
grouped_conv_forward_bf16_2d_32x128x64_compv4,59,2,256,512,1,320,200,1,1,2,2,0,0,0.0719325989484787,116.6176131910414,16384000
grouped_conv_forward_bf16_2d_64x128x64_compv3,59,2,256,512,1,320,200,1,1,2,2,0,0,0.04027630016207695,208.27652903179228,16384000
grouped_conv_forward_bf16_2d_64x128x64_compv4,59,2,256,512,1,320,200,1,1,2,2,0,0,0.09340079873800278,89.81302208700338,16384000
grouped_conv_forward_bf16_2d_128x128x64_compv3,59,2,256,512,1,320,200,1,1,2,2,0,0,0.04162430018186569,201.53150835805846,16384000
grouped_conv_forward_bf16_2d_128x128x64_compv4,59,2,256,512,1,320,200,1,1,2,2,0,0,0.09158080071210861,91.59788880171777,16384000
grouped_conv_forward_bf16_2d_16x64x128_compv3,59,2,256,512,1,320,200,1,1,2,2,0,0,0.06348849833011627,132.1279951587829,16384000
grouped_conv_forward_bf16_2d_16x64x128_compv4,59,2,256,512,1,320,200,1,1,2,2,0,0,0.08128870278596878,103.19524992405162,16384000
grouped_conv_forward_bf16_2d_32x64x128_compv3,59,2,256,512,1,320,200,1,1,2,2,0,0,0.05134440213441849,163.37921275310234,16384000
grouped_conv_forward_bf16_2d_32x64x128_compv4,59,2,256,512,1,320,200,1,1,2,2,0,0,0.07190059870481491,116.66951529067374,16384000
grouped_conv_forward_bf16_2d_64x64x128_compv3,59,2,256,512,1,320,200,1,1,2,2,0,0,0.047984398901462555,174.81948700089512,16384000
grouped_conv_forward_bf16_2d_64x64x128_compv4,59,2,256,512,1,320,200,1,1,2,2,0,0,0.09147679805755615,91.70202912788862,16384000
grouped_conv_forward_bf16_2d_128x64x128_compv3,59,2,256,512,1,320,200,1,1,2,2,0,0,0.0513123981654644,163.48111372517994,16384000
grouped_conv_forward_bf16_2d_128x64x128_compv4,59,2,256,512,1,320,200,1,1,2,2,0,0,0.09311680495738983,90.08693977245697,16384000
grouped_conv_forward_bf16_2d_16x64x64_compv3,60,2,512,256,1,135,91,1,1,2,2,0,0,0.018476100638508797,88.76184948797518,1601536
grouped_conv_forward_bf16_2d_16x64x64_compv4,60,2,512,256,1,135,91,1,1,2,2,0,0,0.019300099462270737,84.9722493506285,1601536
grouped_conv_forward_bf16_2d_32x64x64_compv3,60,2,512,256,1,135,91,1,1,2,2,0,0,0.016756098717451096,97.87319182430011,1601536
grouped_conv_forward_bf16_2d_32x64x64_compv4,60,2,512,256,1,135,91,1,1,2,2,0,0,0.01798810064792633,91.16987369030849,1601536
grouped_conv_forward_bf16_2d_64x64x64_compv3,60,2,512,256,1,135,91,1,1,2,2,0,0,0.01732410117983818,94.66423954557615,1601536
grouped_conv_forward_bf16_2d_64x64x64_compv4,60,2,512,256,1,135,91,1,1,2,2,0,0,0.022228199988603592,73.7789323850251,1601536
grouped_conv_forward_bf16_2d_32x128x64_compv3,60,2,512,256,1,135,91,1,1,2,2,0,0,0.014108100906014442,116.24334663646056,1601536
grouped_conv_forward_bf16_2d_32x128x64_compv4,60,2,512,256,1,135,91,1,1,2,2,0,0,0.018032100051641464,90.9474137401269,1601536
grouped_conv_forward_bf16_2d_64x128x64_compv3,60,2,512,256,1,135,91,1,1,2,2,0,0,0.014356100931763649,114.23525592324803,1601536
grouped_conv_forward_bf16_2d_64x128x64_compv4,60,2,512,256,1,135,91,1,1,2,2,0,0,0.02244820073246956,73.05587131657764,1601536
grouped_conv_forward_bf16_2d_128x128x64_compv3,60,2,512,256,1,135,91,1,1,2,2,0,0,0.015436099842190742,106.24269606740569,1601536
grouped_conv_forward_bf16_2d_128x128x64_compv4,60,2,512,256,1,135,91,1,1,2,2,0,0,0.022992199286818504,71.32735949014679,1601536
grouped_conv_forward_bf16_2d_16x64x128_compv3,60,2,512,256,1,135,91,1,1,2,2,0,0,0.016544099897146225,99.12735502055855,1601536
grouped_conv_forward_bf16_2d_16x64x128_compv4,60,2,512,256,1,135,91,1,1,2,2,0,0,0.019516099244356155,84.0317956711694,1601536
grouped_conv_forward_bf16_2d_32x64x128_compv3,60,2,512,256,1,135,91,1,1,2,2,0,0,0.015712101012468338,104.37642061355128,1601536
grouped_conv_forward_bf16_2d_32x64x128_compv4,60,2,512,256,1,135,91,1,1,2,2,0,0,0.018088098615407944,90.66585155628384,1601536
grouped_conv_forward_bf16_2d_64x64x128_compv3,60,2,512,256,1,135,91,1,1,2,2,0,0,0.013256100006401539,123.71458145367312,1601536
grouped_conv_forward_bf16_2d_64x64x128_compv4,60,2,512,256,1,135,91,1,1,2,2,0,0,0.02199220098555088,74.57065643759259,1601536
grouped_conv_forward_bf16_2d_128x64x128_compv3,60,2,512,256,1,135,91,1,1,2,2,0,0,0.011836100369691849,138.5568568005221,1601536
grouped_conv_forward_bf16_2d_128x64x128_compv4,60,2,512,256,1,135,91,1,1,2,2,0,0,0.02223620004951954,73.7523884633083,1601536
grouped_conv_forward_bf16_2d_16x64x64_compv3,61,2,64,256,1,184,224,1,1,1,1,0,0,0.04134820029139519,65.32646540754331,21102592
grouped_conv_forward_bf16_2d_16x64x64_compv4,61,2,64,256,1,184,224,1,1,1,1,0,0,0.0866725966334343,31.16477273000066,21102592
grouped_conv_forward_bf16_2d_32x64x64_compv3,61,2,64,256,1,184,224,1,1,1,1,0,0,0.03422020003199577,78.93383947126115,21102592
grouped_conv_forward_bf16_2d_32x64x64_compv4,61,2,64,256,1,184,224,1,1,1,1,0,0,0.07934059947729111,34.04476136801964,21102592
grouped_conv_forward_bf16_2d_64x64x64_compv3,61,2,64,256,1,184,224,1,1,1,1,0,0,0.030876200646162033,87.48264745895008,21102592
grouped_conv_forward_bf16_2d_64x64x64_compv4,61,2,64,256,1,184,224,1,1,1,1,0,0,0.10312479734420776,26.192844452185632,21102592
grouped_conv_forward_bf16_2d_32x128x64_compv3,61,2,64,256,1,184,224,1,1,1,1,0,0,0.025376200675964355,106.44350627942654,21102592
grouped_conv_forward_bf16_2d_32x128x64_compv4,61,2,64,256,1,184,224,1,1,1,1,0,0,0.07952870428562164,33.964237192889236,21102592
grouped_conv_forward_bf16_2d_64x128x64_compv3,61,2,64,256,1,184,224,1,1,1,1,0,0,0.02618420124053955,103.15883807897058,21102592
grouped_conv_forward_bf16_2d_64x128x64_compv4,61,2,64,256,1,184,224,1,1,1,1,0,0,0.10361679643392563,26.06847411773108,21102592
grouped_conv_forward_bf16_2d_128x128x64_compv3,61,2,64,256,1,184,224,1,1,1,1,0,0,0.03189220279455185,84.69567917276115,21102592
grouped_conv_forward_bf16_2d_128x128x64_compv4,61,2,64,256,1,184,224,1,1,1,1,0,0,0.10327689349651337,26.154270181366275,21102592
grouped_conv_forward_bf16_2d_16x64x128_compv3,61,2,64,256,1,184,224,1,1,1,1,0,0,0.05720450356602669,47.21886578182249,21102592
grouped_conv_forward_bf16_2d_16x64x128_compv4,61,2,64,256,1,184,224,1,1,1,1,0,0,0.08579669892787933,31.482933606461597,21102592
grouped_conv_forward_bf16_2d_32x64x128_compv3,61,2,64,256,1,184,224,1,1,1,1,0,0,0.04475630074739456,60.35198912540249,21102592
grouped_conv_forward_bf16_2d_32x64x128_compv4,61,2,64,256,1,184,224,1,1,1,1,0,0,0.07915659993886948,34.12389842522306,21102592
grouped_conv_forward_bf16_2d_64x64x128_compv3,61,2,64,256,1,184,224,1,1,1,1,0,0,0.04456830024719238,60.60656926601458,21102592
grouped_conv_forward_bf16_2d_64x64x128_compv4,61,2,64,256,1,184,224,1,1,1,1,0,0,0.10327289998531342,26.155281553864874,21102592
grouped_conv_forward_bf16_2d_128x64x128_compv3,61,2,64,256,1,184,224,1,1,1,1,0,0,0.052640400826931,51.31290289526238,21102592
grouped_conv_forward_bf16_2d_128x64x128_compv4,61,2,64,256,1,184,224,1,1,1,1,0,0,0.10316489636898041,26.1826635907151,21102592
grouped_conv_forward_bf16_2d_16x64x64_compv3,62,2,256,128,1,168,320,1,1,2,2,0,0,0.019888099282979965,88.57596972615508,3440640
grouped_conv_forward_bf16_2d_16x64x64_compv4,62,2,256,128,1,168,320,1,1,2,2,0,0,0.02024810016155243,87.00113422714998,3440640
grouped_conv_forward_bf16_2d_32x64x64_compv3,62,2,256,128,1,168,320,1,1,2,2,0,0,0.016944099217653275,103.9658501388296,3440640
grouped_conv_forward_bf16_2d_32x64x64_compv4,62,2,256,128,1,168,320,1,1,2,2,0,0,0.018724100664258003,94.08236537430562,3440640
grouped_conv_forward_bf16_2d_64x64x64_compv3,62,2,256,128,1,168,320,1,1,2,2,0,0,0.017368100583553314,101.42776819637668,3440640
grouped_conv_forward_bf16_2d_64x64x64_compv4,62,2,256,128,1,168,320,1,1,2,2,0,0,0.024440200999379158,72.0782811910896,3440640
grouped_conv_forward_bf16_2d_32x128x64_compv3,62,2,256,128,1,168,320,1,1,2,2,0,0,0.014096100814640522,124.97127419593618,3440640
grouped_conv_forward_bf16_2d_32x128x64_compv4,62,2,256,128,1,168,320,1,1,2,2,0,0,0.018328100442886353,96.11512581401905,3440640
grouped_conv_forward_bf16_2d_64x128x64_compv3,62,2,256,128,1,168,320,1,1,2,2,0,0,0.01245609950274229,141.4253056996029,3440640
grouped_conv_forward_bf16_2d_64x128x64_compv4,62,2,256,128,1,168,320,1,1,2,2,0,0,0.024456199258565903,72.03113048659793,3440640
grouped_conv_forward_bf16_2d_128x128x64_compv3,62,2,256,128,1,168,320,1,1,2,2,0,0,0.011424100026488304,154.20100278494385,3440640
grouped_conv_forward_bf16_2d_128x128x64_compv4,62,2,256,128,1,168,320,1,1,2,2,0,0,0.025436198338866234,69.25593426075321,3440640
grouped_conv_forward_bf16_2d_16x64x128_compv3,62,2,256,128,1,168,320,1,1,2,2,0,0,0.017188100144267082,102.48995905388453,3440640
grouped_conv_forward_bf16_2d_16x64x128_compv4,62,2,256,128,1,168,320,1,1,2,2,0,0,0.020596100017428398,85.53112863645687,3440640
grouped_conv_forward_bf16_2d_32x64x128_compv3,62,2,256,128,1,168,320,1,1,2,2,0,0,0.015088100917637348,116.75476520313802,3440640
grouped_conv_forward_bf16_2d_32x64x128_compv4,62,2,256,128,1,168,320,1,1,2,2,0,0,0.018324099481105804,96.13611199919617,3440640
grouped_conv_forward_bf16_2d_64x64x128_compv3,62,2,256,128,1,168,320,1,1,2,2,0,0,0.014332098886370659,122.91344721848307,3440640
grouped_conv_forward_bf16_2d_64x64x128_compv4,62,2,256,128,1,168,320,1,1,2,2,0,0,0.024444200098514557,72.06648910172564,3440640
grouped_conv_forward_bf16_2d_128x64x128_compv3,62,2,256,128,1,168,320,1,1,2,2,0,0,0.014548100531101227,121.08850060762222,3440640
grouped_conv_forward_bf16_2d_128x64x128_compv4,62,2,256,128,1,168,320,1,1,2,2,0,0,0.024240199476480484,72.67298611586234,3440640
grouped_conv_forward_bf16_2d_16x64x64_compv3,63,2,256,512,1,320,160,1,1,2,2,0,0,0.05982439965009689,112.1764102816054,13107200
grouped_conv_forward_bf16_2d_16x64x64_compv4,63,2,256,512,1,320,160,1,1,2,2,0,0,0.0650084987282753,103.23090874702996,13107200
grouped_conv_forward_bf16_2d_32x64x64_compv3,63,2,256,512,1,320,160,1,1,2,2,0,0,0.04980440065264702,134.74484808689948,13107200
grouped_conv_forward_bf16_2d_32x64x64_compv4,63,2,256,512,1,320,160,1,1,2,2,0,0,0.05804849788546562,115.60826971338899,13107200
grouped_conv_forward_bf16_2d_64x64x64_compv3,63,2,256,512,1,320,160,1,1,2,2,0,0,0.042356301099061966,158.43891524674757,13107200
grouped_conv_forward_bf16_2d_64x64x64_compv4,63,2,256,512,1,320,160,1,1,2,2,0,0,0.07498060166835785,89.50163443182964,13107200
grouped_conv_forward_bf16_2d_32x128x64_compv3,63,2,256,512,1,320,160,1,1,2,2,0,0,0.03772030025720596,177.91179694329114,13107200
grouped_conv_forward_bf16_2d_32x128x64_compv4,63,2,256,512,1,320,160,1,1,2,2,0,0,0.05789650231599808,115.91177586811897,13107200
grouped_conv_forward_bf16_2d_64x128x64_compv3,63,2,256,512,1,320,160,1,1,2,2,0,0,0.03504430130124092,191.49722353752185,13107200
grouped_conv_forward_bf16_2d_64x128x64_compv4,63,2,256,512,1,320,160,1,1,2,2,0,0,0.07523660361766815,89.19709393186979,13107200
grouped_conv_forward_bf16_2d_128x128x64_compv3,63,2,256,512,1,320,160,1,1,2,2,0,0,0.04064429923892021,165.11261174786802,13107200
grouped_conv_forward_bf16_2d_128x128x64_compv4,63,2,256,512,1,320,160,1,1,2,2,0,0,0.07510460168123245,89.35386447401868,13107200
grouped_conv_forward_bf16_2d_16x64x128_compv3,63,2,256,512,1,320,160,1,1,2,2,0,0,0.05178040266036987,129.60282375587195,13107200
grouped_conv_forward_bf16_2d_16x64x128_compv4,63,2,256,512,1,320,160,1,1,2,2,0,0,0.06572449952363968,102.1063142152378,13107200
grouped_conv_forward_bf16_2d_32x64x128_compv3,63,2,256,512,1,320,160,1,1,2,2,0,0,0.0408082976937294,164.44906500060145,13107200
grouped_conv_forward_bf16_2d_32x64x128_compv4,63,2,256,512,1,320,160,1,1,2,2,0,0,0.05722049996256828,117.28115630569525,13107200
grouped_conv_forward_bf16_2d_64x64x128_compv3,63,2,256,512,1,320,160,1,1,2,2,0,0,0.04015230014920235,167.13578985669434,13107200
grouped_conv_forward_bf16_2d_64x64x128_compv4,63,2,256,512,1,320,160,1,1,2,2,0,0,0.07479260116815567,89.72660791556055,13107200
grouped_conv_forward_bf16_2d_128x64x128_compv3,63,2,256,512,1,320,160,1,1,2,2,0,0,0.04377629980444908,153.29953490765243,13107200
grouped_conv_forward_bf16_2d_128x64x128_compv4,63,2,256,512,1,320,160,1,1,2,2,0,0,0.07466460019350052,89.88043038612797,13107200
grouped_conv_forward_bf16_2d_16x64x64_compv3,64,2,512,256,1,88,100,1,1,1,1,0,0,0.03855609893798828,119.66289451172179,4505600
grouped_conv_forward_bf16_2d_16x64x64_compv4,64,2,512,256,1,88,100,1,1,1,1,0,0,0.04328029975295067,106.60125799349287,4505600
grouped_conv_forward_bf16_2d_32x64x64_compv3,64,2,512,256,1,88,100,1,1,1,1,0,0,0.032064199447631836,143.8905221237562,4505600
grouped_conv_forward_bf16_2d_32x64x64_compv4,64,2,512,256,1,88,100,1,1,1,1,0,0,0.03754819929599762,122.87498432692597,4505600
grouped_conv_forward_bf16_2d_64x64x64_compv3,64,2,512,256,1,88,100,1,1,1,1,0,0,0.030152197927236557,153.01486183972023,4505600
grouped_conv_forward_bf16_2d_64x64x64_compv4,64,2,512,256,1,88,100,1,1,1,1,0,0,0.05175640061497688,89.14326238260301,4505600
grouped_conv_forward_bf16_2d_32x128x64_compv3,64,2,512,256,1,88,100,1,1,1,1,0,0,0.027520200237631798,167.64901273105804,4505600
grouped_conv_forward_bf16_2d_32x128x64_compv4,64,2,512,256,1,88,100,1,1,1,1,0,0,0.03792029991745949,121.66924866213195,4505600
grouped_conv_forward_bf16_2d_64x128x64_compv3,64,2,512,256,1,88,100,1,1,1,1,0,0,0.027468198910355568,167.96639688889877,4505600
grouped_conv_forward_bf16_2d_64x128x64_compv4,64,2,512,256,1,88,100,1,1,1,1,0,0,0.052364397794008255,88.10822991127613,4505600
grouped_conv_forward_bf16_2d_128x128x64_compv3,64,2,512,256,1,88,100,1,1,1,1,0,0,0.029592201113700867,155.91048405871678,4505600
grouped_conv_forward_bf16_2d_128x128x64_compv4,64,2,512,256,1,88,100,1,1,1,1,0,0,0.05234039947390556,88.14862795038827,4505600
grouped_conv_forward_bf16_2d_16x64x128_compv3,64,2,512,256,1,88,100,1,1,1,1,0,0,0.03581229969859123,128.83100048951877,4505600
grouped_conv_forward_bf16_2d_16x64x128_compv4,64,2,512,256,1,88,100,1,1,1,1,0,0,0.04332030192017555,106.50282189864532,4505600
grouped_conv_forward_bf16_2d_32x64x128_compv3,64,2,512,256,1,88,100,1,1,1,1,0,0,0.028268199414014816,163.21288570338163,4505600
grouped_conv_forward_bf16_2d_32x64x128_compv4,64,2,512,256,1,88,100,1,1,1,1,0,0,0.037932299077510834,121.6307609136029,4505600
grouped_conv_forward_bf16_2d_64x64x128_compv3,64,2,512,256,1,88,100,1,1,1,1,0,0,0.030044201761484146,153.5648853854617,4505600
grouped_conv_forward_bf16_2d_64x64x128_compv4,64,2,512,256,1,88,100,1,1,1,1,0,0,0.05224040150642395,88.31736102626726,4505600
grouped_conv_forward_bf16_2d_128x64x128_compv3,64,2,512,256,1,88,100,1,1,1,1,0,0,0.030740201473236084,150.08796881233656,4505600
grouped_conv_forward_bf16_2d_128x64x128_compv4,64,2,512,256,1,88,100,1,1,1,1,0,0,0.052332401275634766,88.16210010504697,4505600
grouped_conv_forward_bf16_2d_16x64x64_compv3,65,2,256,64,1,160,192,1,1,1,1,0,0,0.019988100975751877,100.72322140269098,3932160
grouped_conv_forward_bf16_2d_16x64x64_compv4,65,2,256,64,1,160,192,1,1,1,1,0,0,0.02125610038638115,94.71473522443024,3932160
grouped_conv_forward_bf16_2d_32x64x64_compv3,65,2,256,64,1,160,192,1,1,1,1,0,0,0.018460098654031754,109.06040957480448,3932160
grouped_conv_forward_bf16_2d_32x64x64_compv4,65,2,256,64,1,160,192,1,1,1,1,0,0,0.019828099757432938,101.53599914410806,3932160
grouped_conv_forward_bf16_2d_64x64x64_compv3,65,2,256,64,1,160,192,1,1,1,1,0,0,0.01679209992289543,119.89363624825644,3932160
grouped_conv_forward_bf16_2d_64x64x64_compv4,65,2,256,64,1,160,192,1,1,1,1,0,0,0.023944200947880745,84.08156632089201,3932160
grouped_conv_forward_bf16_2d_32x128x64_compv3,65,2,256,64,1,160,192,1,1,1,1,0,0,0.022464198991656303,89.62108645617728,3932160
grouped_conv_forward_bf16_2d_32x128x64_compv4,65,2,256,64,1,160,192,1,1,1,1,0,0,0.019468100741505623,103.4135762256333,3932160
grouped_conv_forward_bf16_2d_64x128x64_compv3,65,2,256,64,1,160,192,1,1,1,1,0,0,0.020264100283384323,99.35135988498784,3932160
grouped_conv_forward_bf16_2d_64x128x64_compv4,65,2,256,64,1,160,192,1,1,1,1,0,0,0.023948200047016144,84.0675255780171,3932160
grouped_conv_forward_bf16_2d_128x128x64_compv3,65,2,256,64,1,160,192,1,1,1,1,0,0,0.019752100110054016,101.92667659552959,3932160
grouped_conv_forward_bf16_2d_128x128x64_compv4,65,2,256,64,1,160,192,1,1,1,1,0,0,0.02452019974589348,82.1064241263847,3932160
grouped_conv_forward_bf16_2d_16x64x128_compv3,65,2,256,64,1,160,192,1,1,1,1,0,0,0.01782809942960739,112.92655888246502,3932160
grouped_conv_forward_bf16_2d_16x64x128_compv4,65,2,256,64,1,160,192,1,1,1,1,0,0,0.0216762013733387,92.87909285047874,3932160
grouped_conv_forward_bf16_2d_32x64x128_compv3,65,2,256,64,1,160,192,1,1,1,1,0,0,0.01520409993827343,132.41598833035727,3932160
grouped_conv_forward_bf16_2d_32x64x128_compv4,65,2,256,64,1,160,192,1,1,1,1,0,0,0.019588099792599678,102.78005224174963,3932160
grouped_conv_forward_bf16_2d_64x64x128_compv3,65,2,256,64,1,160,192,1,1,1,1,0,0,0.014084100723266602,142.94600411896602,3932160
grouped_conv_forward_bf16_2d_64x64x128_compv4,65,2,256,64,1,160,192,1,1,1,1,0,0,0.023940199986100197,84.09561829762961,3932160
grouped_conv_forward_bf16_2d_128x64x128_compv3,65,2,256,64,1,160,192,1,1,1,1,0,0,0.013912099413573742,144.7133074707401,3932160
grouped_conv_forward_bf16_2d_128x64x128_compv4,65,2,256,64,1,160,192,1,1,1,1,0,0,0.024180199950933456,83.26092935895178,3932160
grouped_conv_forward_bf16_2d_16x64x64_compv3,66,2,1024,512,1,69,39,1,1,2,2,0,0,0.01823209971189499,80.51768162732475,716800
grouped_conv_forward_bf16_2d_16x64x64_compv4,66,2,1024,512,1,69,39,1,1,2,2,0,0,0.015856100246310234,92.5830675384138,716800
grouped_conv_forward_bf16_2d_32x64x64_compv3,66,2,1024,512,1,69,39,1,1,2,2,0,0,0.019100099802017212,76.85857221777239,716800
grouped_conv_forward_bf16_2d_32x64x64_compv4,66,2,1024,512,1,69,39,1,1,2,2,0,0,0.016404099762439728,89.49021410862647,716800
grouped_conv_forward_bf16_2d_64x64x64_compv3,66,2,1024,512,1,69,39,1,1,2,2,0,0,0.020120101049542427,72.96217829052034,716800
grouped_conv_forward_bf16_2d_64x64x64_compv4,66,2,1024,512,1,69,39,1,1,2,2,0,0,0.019676100462675095,74.60860462593993,716800
grouped_conv_forward_bf16_2d_32x128x64_compv3,66,2,1024,512,1,69,39,1,1,2,2,0,0,0.019572099670767784,75.00505437301466,716800
grouped_conv_forward_bf16_2d_32x128x64_compv4,66,2,1024,512,1,69,39,1,1,2,2,0,0,0.016460100188851357,89.18575118967381,716800
grouped_conv_forward_bf16_2d_64x128x64_compv3,66,2,1024,512,1,69,39,1,1,2,2,0,0,0.022916199639439583,64.05976658858869,716800
grouped_conv_forward_bf16_2d_64x128x64_compv4,66,2,1024,512,1,69,39,1,1,2,2,0,0,0.0199241004884243,73.67993354846291,716800
grouped_conv_forward_bf16_2d_128x128x64_compv3,66,2,1024,512,1,69,39,1,1,2,2,0,0,0.02334420010447502,62.885273148364895,716800
grouped_conv_forward_bf16_2d_128x128x64_compv4,66,2,1024,512,1,69,39,1,1,2,2,0,0,0.01936810091137886,75.79506151465468,716800
grouped_conv_forward_bf16_2d_16x64x128_compv3,66,2,1024,512,1,69,39,1,1,2,2,0,0,0.014600099995732307,100.54769490819287,716800
grouped_conv_forward_bf16_2d_16x64x128_compv4,66,2,1024,512,1,69,39,1,1,2,2,0,0,0.015904100611805916,92.30364142127415,716800
grouped_conv_forward_bf16_2d_32x64x128_compv3,66,2,1024,512,1,69,39,1,1,2,2,0,0,0.014776100404560566,99.35005582033725,716800
grouped_conv_forward_bf16_2d_32x64x128_compv4,66,2,1024,512,1,69,39,1,1,2,2,0,0,0.016388099640607834,89.57758569898174,716800
grouped_conv_forward_bf16_2d_64x64x128_compv3,66,2,1024,512,1,69,39,1,1,2,2,0,0,0.016596099361777306,88.45490545694037,716800
grouped_conv_forward_bf16_2d_64x64x128_compv4,66,2,1024,512,1,69,39,1,1,2,2,0,0,0.01971610076725483,74.45723763179964,716800
grouped_conv_forward_bf16_2d_128x64x128_compv3,66,2,1024,512,1,69,39,1,1,2,2,0,0,0.01685209944844246,87.1111878072663,716800
grouped_conv_forward_bf16_2d_128x64x128_compv4,66,2,1024,512,1,69,39,1,1,2,2,0,0,0.019912099465727806,73.72434044570211,716800
grouped_conv_forward_bf16_2d_16x64x64_compv3,67,2,64,64,1,168,336,1,1,1,1,0,0,0.015024000778794289,61.55777316687685,7225344
grouped_conv_forward_bf16_2d_16x64x64_compv4,67,2,64,64,1,168,336,1,1,1,1,0,0,0.030284199863672256,30.53883002236446,7225344
grouped_conv_forward_bf16_2d_32x64x64_compv3,67,2,64,64,1,168,336,1,1,1,1,0,0,0.013576099649071693,68.1229554810493,7225344
grouped_conv_forward_bf16_2d_32x64x64_compv4,67,2,64,64,1,168,336,1,1,1,1,0,0,0.02786419913172722,33.19112197080655,7225344
grouped_conv_forward_bf16_2d_64x64x64_compv3,67,2,64,64,1,168,336,1,1,1,1,0,0,0.012476099655032158,74.12925975041966,7225344
grouped_conv_forward_bf16_2d_64x64x64_compv4,67,2,64,64,1,168,336,1,1,1,1,0,0,0.03558819741010666,25.98738062910021,7225344
grouped_conv_forward_bf16_2d_32x128x64_compv3,67,2,64,64,1,168,336,1,1,1,1,0,0,0.01682009920477867,54.984457626578525,7225344
grouped_conv_forward_bf16_2d_32x128x64_compv4,67,2,64,64,1,168,336,1,1,1,1,0,0,0.02706019952893257,34.17728058550209,7225344
grouped_conv_forward_bf16_2d_64x128x64_compv3,67,2,64,64,1,168,336,1,1,1,1,0,0,0.01655610091984272,55.86122218496273,7225344
grouped_conv_forward_bf16_2d_64x128x64_compv4,67,2,64,64,1,168,336,1,1,1,1,0,0,0.034772299230098724,26.597149238824557,7225344
grouped_conv_forward_bf16_2d_128x128x64_compv3,67,2,64,64,1,168,336,1,1,1,1,0,0,0.01908009871840477,48.471658645449786,7225344
grouped_conv_forward_bf16_2d_128x128x64_compv4,67,2,64,64,1,168,336,1,1,1,1,0,0,0.03515630215406418,26.306635662280115,7225344
grouped_conv_forward_bf16_2d_16x64x128_compv3,67,2,64,64,1,168,336,1,1,1,1,0,0,0.019968099892139435,46.31607599098953,7225344
grouped_conv_forward_bf16_2d_16x64x128_compv4,67,2,64,64,1,168,336,1,1,1,1,0,0,0.030660200864076614,30.164317451801317,7225344
grouped_conv_forward_bf16_2d_32x64x128_compv3,67,2,64,64,1,168,336,1,1,1,1,0,0,0.016752099618315697,55.207648776684294,7225344
grouped_conv_forward_bf16_2d_32x64x128_compv4,67,2,64,64,1,168,336,1,1,1,1,0,0,0.02703220024704933,34.21268056420787,7225344
grouped_conv_forward_bf16_2d_64x64x128_compv3,67,2,64,64,1,168,336,1,1,1,1,0,0,0.016624100506305695,55.632726212717316,7225344
grouped_conv_forward_bf16_2d_64x64x128_compv4,67,2,64,64,1,168,336,1,1,1,1,0,0,0.034952301532030106,26.460175480933003,7225344
grouped_conv_forward_bf16_2d_128x64x128_compv3,67,2,64,64,1,168,336,1,1,1,1,0,0,0.018828099593520164,49.12041321038541,7225344
grouped_conv_forward_bf16_2d_128x64x128_compv4,67,2,64,64,1,168,336,1,1,1,1,0,0,0.034716300666332245,26.640051337523722,7225344
grouped_conv_forward_bf16_2d_16x64x64_compv3,68,2,64,96,1,71,71,3,3,1,1,0,0,0.0159440990537405,66.0468189799004,914112
grouped_conv_forward_bf16_2d_16x64x64_compv4,68,2,64,96,1,71,71,3,3,1,1,0,0,0.016332101076841354,64.47774349702117,914112
grouped_conv_forward_bf16_2d_32x64x64_compv3,68,2,64,96,1,71,71,3,3,1,1,0,0,0.01503210049122572,70.05388399410131,914112
grouped_conv_forward_bf16_2d_32x64x64_compv4,68,2,64,96,1,71,71,3,3,1,1,0,0,0.01698010042309761,62.01712579788707,914112
grouped_conv_forward_bf16_2d_64x64x64_compv3,68,2,64,96,1,71,71,3,3,1,1,0,0,0.016352100297808647,64.39888484179129,914112
grouped_conv_forward_bf16_2d_64x64x64_compv4,68,2,64,96,1,71,71,3,3,1,1,0,0,0.024104099720716476,43.687880327467326,914112
grouped_conv_forward_bf16_2d_32x128x64_compv3,68,2,64,96,1,71,71,3,3,1,1,0,0,0.01390410028398037,75.73715684525673,914112
grouped_conv_forward_bf16_2d_32x128x64_compv4,68,2,64,96,1,71,71,3,3,1,1,0,0,0.01695210114121437,62.11955764231382,914112
grouped_conv_forward_bf16_2d_64x128x64_compv3,68,2,64,96,1,71,71,3,3,1,1,0,0,0.014752100221812725,71.38353238970886,914112
grouped_conv_forward_bf16_2d_64x128x64_compv4,68,2,64,96,1,71,71,3,3,1,1,0,0,0.023292100057005882,45.210909339334464,914112
grouped_conv_forward_bf16_2d_128x128x64_compv3,68,2,64,96,1,71,71,3,3,1,1,0,0,0.015392099507153034,68.41542464760069,914112
grouped_conv_forward_bf16_2d_128x128x64_compv4,68,2,64,96,1,71,71,3,3,1,1,0,0,0.023184198886156082,45.42132463454707,914112
grouped_conv_forward_bf16_2d_16x64x128_compv3,68,2,64,96,1,71,71,3,3,1,1,0,0,0.015704099088907242,67.05618819890394,914112
grouped_conv_forward_bf16_2d_16x64x128_compv4,68,2,64,96,1,71,71,3,3,1,1,0,0,0.017200199887156487,61.22353408150363,914112
grouped_conv_forward_bf16_2d_32x64x128_compv3,68,2,64,96,1,71,71,3,3,1,1,0,0,0.013652099296450615,77.13517175148165,914112
grouped_conv_forward_bf16_2d_32x64x128_compv4,68,2,64,96,1,71,71,3,3,1,1,0,0,0.016948100179433823,62.13422229341454,914112
grouped_conv_forward_bf16_2d_64x64x128_compv3,68,2,64,96,1,71,71,3,3,1,1,0,0,0.015188099816441536,69.33434970318254,914112
grouped_conv_forward_bf16_2d_64x64x128_compv4,68,2,64,96,1,71,71,3,3,1,1,0,0,0.0232721995562315,45.249570048398255,914112
grouped_conv_forward_bf16_2d_128x64x128_compv3,68,2,64,96,1,71,71,3,3,1,1,0,0,0.012848099693655968,81.96208381850975,914112
grouped_conv_forward_bf16_2d_128x64x128_compv4,68,2,64,96,1,71,71,3,3,1,1,0,0,0.02327210083603859,45.24976199696,914112
grouped_conv_forward_bf16_2d_16x64x64_compv3,69,2,1024,512,1,77,47,1,1,2,2,0,0,0.021328100934624672,92.03511733261325,958464
grouped_conv_forward_bf16_2d_16x64x64_compv4,69,2,1024,512,1,77,47,1,1,2,2,0,0,0.021908100694417953,89.59855988338337,958464
grouped_conv_forward_bf16_2d_32x64x64_compv3,69,2,1024,512,1,77,47,1,1,2,2,0,0,0.019596099853515625,100.16964021786413,958464
grouped_conv_forward_bf16_2d_32x64x64_compv4,69,2,1024,512,1,77,47,1,1,2,2,0,0,0.016724100336432457,117.37159144661818,958464
grouped_conv_forward_bf16_2d_64x64x64_compv3,69,2,1024,512,1,77,47,1,1,2,2,0,0,0.02128409966826439,92.22538432888608,958464
grouped_conv_forward_bf16_2d_64x64x64_compv4,69,2,1024,512,1,77,47,1,1,2,2,0,0,0.020132100209593773,97.50270719716471,958464
grouped_conv_forward_bf16_2d_32x128x64_compv3,69,2,1024,512,1,77,47,1,1,2,2,0,0,0.02123210020363331,92.45125320499835,958464
grouped_conv_forward_bf16_2d_32x128x64_compv4,69,2,1024,512,1,77,47,1,1,2,2,0,0,0.017400098964571953,112.81167285293591,958464
grouped_conv_forward_bf16_2d_64x128x64_compv3,69,2,1024,512,1,77,47,1,1,2,2,0,0,0.023204199969768524,84.59392155546837,958464
grouped_conv_forward_bf16_2d_64x128x64_compv4,69,2,1024,512,1,77,47,1,1,2,2,0,0,0.019780099391937256,99.23783663089829,958464
grouped_conv_forward_bf16_2d_128x128x64_compv3,69,2,1024,512,1,77,47,1,1,2,2,0,0,0.02382420003414154,82.39245259807232,958464
grouped_conv_forward_bf16_2d_128x128x64_compv4,69,2,1024,512,1,77,47,1,1,2,2,0,0,0.01982009969651699,99.03755793644916,958464
grouped_conv_forward_bf16_2d_16x64x128_compv3,69,2,1024,512,1,77,47,1,1,2,2,0,0,0.018260100856423378,107.4985449113495,958464
grouped_conv_forward_bf16_2d_16x64x128_compv4,69,2,1024,512,1,77,47,1,1,2,2,0,0,0.022016100585460663,89.15903451569045,958464
grouped_conv_forward_bf16_2d_32x64x128_compv3,69,2,1024,512,1,77,47,1,1,2,2,0,0,0.01602810062468052,122.4683022626785,958464
grouped_conv_forward_bf16_2d_32x64x128_compv4,69,2,1024,512,1,77,47,1,1,2,2,0,0,0.017180100083351135,114.25627688294071,958464
grouped_conv_forward_bf16_2d_64x64x128_compv3,69,2,1024,512,1,77,47,1,1,2,2,0,0,0.01748010143637657,112.29535933441895,958464
grouped_conv_forward_bf16_2d_64x64x128_compv4,69,2,1024,512,1,77,47,1,1,2,2,0,0,0.0201960988342762,97.19373469635474,958464
grouped_conv_forward_bf16_2d_128x64x128_compv3,69,2,1024,512,1,77,47,1,1,2,2,0,0,0.01730410009622574,113.43752411765942,958464
grouped_conv_forward_bf16_2d_128x64x128_compv4,69,2,1024,512,1,77,47,1,1,2,2,0,0,0.02026810124516487,96.84845404392652,958464
grouped_conv_forward_bf16_2d_16x64x64_compv3,70,2,256,128,1,256,168,1,1,2,2,0,0,0.01674409955739975,84.16613501185208,2752512
grouped_conv_forward_bf16_2d_16x64x64_compv4,70,2,256,128,1,256,168,1,1,2,2,0,0,0.01746409945189953,80.69618178031592,2752512
grouped_conv_forward_bf16_2d_32x64x64_compv3,70,2,256,128,1,256,168,1,1,2,2,0,0,0.014932100661098957,94.37963056808651,2752512
grouped_conv_forward_bf16_2d_32x64x64_compv4,70,2,256,128,1,256,168,1,1,2,2,0,0,0.016276100650429726,86.58622690212914,2752512
grouped_conv_forward_bf16_2d_64x64x64_compv3,70,2,256,128,1,256,168,1,1,2,2,0,0,0.013208100572228432,106.69862303768251,2752512
grouped_conv_forward_bf16_2d_64x64x64_compv4,70,2,256,128,1,256,168,1,1,2,2,0,0,0.01982409879565239,71.0895440204863,2752512
grouped_conv_forward_bf16_2d_32x128x64_compv3,70,2,256,128,1,256,168,1,1,2,2,0,0,0.012348099611699581,114.1298003997902,2752512
grouped_conv_forward_bf16_2d_32x128x64_compv4,70,2,256,128,1,256,168,1,1,2,2,0,0,0.016512099653482437,85.34869420454221,2752512
grouped_conv_forward_bf16_2d_64x128x64_compv3,70,2,256,128,1,256,168,1,1,2,2,0,0,0.012572099454700947,112.09632480858566,2752512
grouped_conv_forward_bf16_2d_64x128x64_compv4,70,2,256,128,1,256,168,1,1,2,2,0,0,0.019324099645018578,72.92894209243481,2752512
grouped_conv_forward_bf16_2d_128x128x64_compv3,70,2,256,128,1,256,168,1,1,2,2,0,0,0.010564099997282028,133.4033324526071,2752512
grouped_conv_forward_bf16_2d_128x128x64_compv4,70,2,256,128,1,256,168,1,1,2,2,0,0,0.020092099905014038,70.14130681523781,2752512
grouped_conv_forward_bf16_2d_16x64x128_compv3,70,2,256,128,1,256,168,1,1,2,2,0,0,0.014644099399447441,96.23576742815443,2752512
grouped_conv_forward_bf16_2d_16x64x128_compv4,70,2,256,128,1,256,168,1,1,2,2,0,0,0.01693210005760193,83.2316215475752,2752512
grouped_conv_forward_bf16_2d_32x64x128_compv3,70,2,256,128,1,256,168,1,1,2,2,0,0,0.012848099693655968,109.68829458070489,2752512
grouped_conv_forward_bf16_2d_32x64x128_compv4,70,2,256,128,1,256,168,1,1,2,2,0,0,0.01735610142350197,81.19831231751618,2752512
grouped_conv_forward_bf16_2d_64x64x128_compv3,70,2,256,128,1,256,168,1,1,2,2,0,0,0.012720100581645966,110.79205977612168,2752512
grouped_conv_forward_bf16_2d_64x64x128_compv4,70,2,256,128,1,256,168,1,1,2,2,0,0,0.01918010041117668,73.47647372996947,2752512
grouped_conv_forward_bf16_2d_128x64x128_compv3,70,2,256,128,1,256,168,1,1,2,2,0,0,0.014252099208533764,98.8827065669146,2752512
grouped_conv_forward_bf16_2d_128x64x128_compv4,70,2,256,128,1,256,168,1,1,2,2,0,0,0.01950809918344021,72.2410794997545,2752512
grouped_conv_forward_bf16_2d_16x64x64_compv3,72,2,896,2016,1,59,91,1,1,2,2,0,0,0.07253240048885345,137.46925033223334,5564160
grouped_conv_forward_bf16_2d_16x64x64_compv4,72,2,896,2016,1,59,91,1,1,2,2,0,0,0.08173249661922455,121.99522995673054,5564160
grouped_conv_forward_bf16_2d_32x64x64_compv3,72,2,896,2016,1,59,91,1,1,2,2,0,0,0.062388498336076736,159.82071993924222,5564160
grouped_conv_forward_bf16_2d_32x64x64_compv4,72,2,896,2016,1,59,91,1,1,2,2,0,0,0.07316859811544418,136.27396146456113,5564160
grouped_conv_forward_bf16_2d_64x64x64_compv3,72,2,896,2016,1,59,91,1,1,2,2,0,0,0.05276839807629585,188.95731315518316,5564160
grouped_conv_forward_bf16_2d_64x64x64_compv4,72,2,896,2016,1,59,91,1,1,2,2,0,0,0.09514880180358887,104.79348694881736,5564160
grouped_conv_forward_bf16_2d_32x128x64_compv3,72,2,896,2016,1,59,91,1,1,2,2,0,0,0.04963240027427673,200.8964842501827,5564160
grouped_conv_forward_bf16_2d_32x128x64_compv4,72,2,896,2016,1,59,91,1,1,2,2,0,0,0.07338859885931015,135.86544606356213,5564160
grouped_conv_forward_bf16_2d_64x128x64_compv3,72,2,896,2016,1,59,91,1,1,2,2,0,0,0.04492830112576485,221.93082022151037,5564160
grouped_conv_forward_bf16_2d_64x128x64_compv4,72,2,896,2016,1,59,91,1,1,2,2,0,0,0.09244079887866974,107.86335515216706,5564160
grouped_conv_forward_bf16_2d_128x128x64_compv3,72,2,896,2016,1,59,91,1,1,2,2,0,0,0.04724840074777603,211.03306275333205,5564160
grouped_conv_forward_bf16_2d_128x128x64_compv4,72,2,896,2016,1,59,91,1,1,2,2,0,0,0.09206479787826538,108.30387889608286,5564160
grouped_conv_forward_bf16_2d_16x64x128_compv3,72,2,896,2016,1,59,91,1,1,2,2,0,0,0.06830459833145142,145.9780887900893,5564160
grouped_conv_forward_bf16_2d_16x64x128_compv4,72,2,896,2016,1,59,91,1,1,2,2,0,0,0.08167269825935364,122.08455129444759,5564160
grouped_conv_forward_bf16_2d_32x64x128_compv3,72,2,896,2016,1,59,91,1,1,2,2,0,0,0.05246040225028992,190.06668443806865,5564160
grouped_conv_forward_bf16_2d_32x64x128_compv4,72,2,896,2016,1,59,91,1,1,2,2,0,0,0.07322859764099121,136.16230600077122,5564160
grouped_conv_forward_bf16_2d_64x64x128_compv3,72,2,896,2016,1,59,91,1,1,2,2,0,0,0.05325639992952347,187.22584953536153,5564160
grouped_conv_forward_bf16_2d_64x64x128_compv4,72,2,896,2016,1,59,91,1,1,2,2,0,0,0.0936088040471077,106.51748862192713,5564160
grouped_conv_forward_bf16_2d_128x64x128_compv3,72,2,896,2016,1,59,91,1,1,2,2,0,0,0.04857239872217178,205.2806734341609,5564160
grouped_conv_forward_bf16_2d_128x64x128_compv4,72,2,896,2016,1,59,91,1,1,2,2,0,0,0.09358479827642441,106.54481180317784,5564160
grouped_conv_forward_bf16_2d_16x64x64_compv3,73,7,256,256,1,1053,39,3,3,2,2,0,0,0.5587078928947449,147.70833888961553,17909248
grouped_conv_forward_bf16_2d_16x64x64_compv4,73,7,256,256,1,1053,39,3,3,2,2,0,0,0.5980530977249146,137.99078225318257,17909248
grouped_conv_forward_bf16_2d_32x64x64_compv3,73,7,256,256,1,1053,39,3,3,2,2,0,0,0.4571879804134369,180.50740246795547,17909248
grouped_conv_forward_bf16_2d_32x64x64_compv4,73,7,256,256,1,1053,39,3,3,2,2,0,0,0.5022364258766174,164.31666548270996,17909248
grouped_conv_forward_bf16_2d_64x64x64_compv3,73,7,256,256,1,1053,39,3,3,2,2,0,0,0.37585529685020447,219.56805045876555,17909248
grouped_conv_forward_bf16_2d_64x64x64_compv4,73,7,256,256,1,1053,39,3,3,2,2,0,0,0.6601257920265198,125.01528614819617,17909248
grouped_conv_forward_bf16_2d_32x128x64_compv3,73,7,256,256,1,1053,39,3,3,2,2,0,0,0.34444698691368103,239.58930668387904,17909248
grouped_conv_forward_bf16_2d_32x128x64_compv4,73,7,256,256,1,1053,39,3,3,2,2,0,0,0.4940602779388428,167.03592348748882,17909248
grouped_conv_forward_bf16_2d_64x128x64_compv3,73,7,256,256,1,1053,39,3,3,2,2,0,0,0.2843945026397705,290.18076656893635,17909248
grouped_conv_forward_bf16_2d_64x128x64_compv4,73,7,256,256,1,1053,39,3,3,2,2,0,0,0.6596218347549438,125.11079899994391,17909248
grouped_conv_forward_bf16_2d_128x128x64_compv3,73,7,256,256,1,1053,39,3,3,2,2,0,0,0.2714304029941559,304.0404238937701,17909248
grouped_conv_forward_bf16_2d_128x128x64_compv4,73,7,256,256,1,1053,39,3,3,2,2,0,0,0.6626179218292236,124.54509916692136,17909248
grouped_conv_forward_bf16_2d_16x64x128_compv3,73,7,256,256,1,1053,39,3,3,2,2,0,0,0.5079764723777771,162.4599155108632,17909248
grouped_conv_forward_bf16_2d_16x64x128_compv4,73,7,256,256,1,1053,39,3,3,2,2,0,0,0.6011773347854614,137.2736628759474,17909248
grouped_conv_forward_bf16_2d_32x64x128_compv3,73,7,256,256,1,1053,39,3,3,2,2,0,0,0.3790913224220276,217.69375847682218,17909248
grouped_conv_forward_bf16_2d_32x64x128_compv4,73,7,256,256,1,1053,39,3,3,2,2,0,0,0.5052565336227417,163.3344831630011,17909248
grouped_conv_forward_bf16_2d_64x64x128_compv3,73,7,256,256,1,1053,39,3,3,2,2,0,0,0.34133100509643555,241.7764971590675,17909248
grouped_conv_forward_bf16_2d_64x64x128_compv4,73,7,256,256,1,1053,39,3,3,2,2,0,0,0.6579177975654602,125.43484169204133,17909248
grouped_conv_forward_bf16_2d_128x64x128_compv3,73,7,256,256,1,1053,39,3,3,2,2,0,0,0.3220908045768738,256.21909601676776,17909248
grouped_conv_forward_bf16_2d_128x64x128_compv4,73,7,256,256,1,1053,39,3,3,2,2,0,0,0.6567858457565308,125.65102509013595,17909248
grouped_conv_forward_bf16_2d_16x64x64_compv3,74,2,64,64,1,176,264,1,1,1,1,0,0,0.012996000237762928,58.57695922380507,5947392
grouped_conv_forward_bf16_2d_16x64x64_compv4,74,2,64,64,1,176,264,1,1,1,1,0,0,0.025532200932502747,29.815924526541718,5947392
grouped_conv_forward_bf16_2d_32x64x64_compv3,74,2,64,64,1,176,264,1,1,1,1,0,0,0.011388000100851059,66.84810056711436,5947392
grouped_conv_forward_bf16_2d_32x64x64_compv4,74,2,64,64,1,176,264,1,1,1,1,0,0,0.023420099169015884,32.50482290899661,5947392
grouped_conv_forward_bf16_2d_64x64x64_compv3,74,2,64,64,1,176,264,1,1,1,1,0,0,0.01090800017118454,69.7897106759333,5947392
grouped_conv_forward_bf16_2d_64x64x64_compv4,74,2,64,64,1,176,264,1,1,1,1,0,0,0.029892200604081154,25.467050287895667,5947392
grouped_conv_forward_bf16_2d_32x128x64_compv3,74,2,64,64,1,176,264,1,1,1,1,0,0,0.014208100736141205,53.57972822247551,5947392
grouped_conv_forward_bf16_2d_32x128x64_compv4,74,2,64,64,1,176,264,1,1,1,1,0,0,0.02334420010447502,32.61050593265208,5947392
grouped_conv_forward_bf16_2d_64x128x64_compv3,74,2,64,64,1,176,264,1,1,1,1,0,0,0.014320099726319313,53.16067559228289,5947392
grouped_conv_forward_bf16_2d_64x128x64_compv4,74,2,64,64,1,176,264,1,1,1,1,0,0,0.03009220026433468,25.29779043449521,5947392
grouped_conv_forward_bf16_2d_128x128x64_compv3,74,2,64,64,1,176,264,1,1,1,1,0,0,0.01487209927290678,51.18753997203577,5947392
grouped_conv_forward_bf16_2d_128x128x64_compv4,74,2,64,64,1,176,264,1,1,1,1,0,0,0.030320201069116592,25.107556980399014,5947392
grouped_conv_forward_bf16_2d_16x64x128_compv3,74,2,64,64,1,176,264,1,1,1,1,0,0,0.016436100006103516,46.316715992072645,5947392
grouped_conv_forward_bf16_2d_16x64x128_compv4,74,2,64,64,1,176,264,1,1,1,1,0,0,0.025704199448227882,29.61641258399447,5947392
grouped_conv_forward_bf16_2d_32x64x128_compv3,74,2,64,64,1,176,264,1,1,1,1,0,0,0.014560100622475147,52.284403503702464,5947392
grouped_conv_forward_bf16_2d_32x64x128_compv4,74,2,64,64,1,176,264,1,1,1,1,0,0,0.0235361997038126,32.344481504237216,5947392
grouped_conv_forward_bf16_2d_64x64x128_compv3,74,2,64,64,1,176,264,1,1,1,1,0,0,0.015252100303769112,49.91221935590571,5947392
grouped_conv_forward_bf16_2d_64x64x128_compv4,74,2,64,64,1,176,264,1,1,1,1,0,0,0.03014419972896576,25.25415114167036,5947392
grouped_conv_forward_bf16_2d_128x64x128_compv3,74,2,64,64,1,176,264,1,1,1,1,0,0,0.015184099785983562,50.13574638798966,5947392
grouped_conv_forward_bf16_2d_128x64x128_compv4,74,2,64,64,1,176,264,1,1,1,1,0,0,0.02980020083487034,25.545672669065162,5947392
grouped_conv_forward_bf16_2d_16x64x64_compv3,77,2,512,1024,1,155,99,1,1,2,2,0,0,0.0628684014081955,130.09544726444727,7987200
grouped_conv_forward_bf16_2d_16x64x64_compv4,77,2,512,1024,1,155,99,1,1,2,2,0,0,0.07143260538578033,114.49803287768815,7987200
grouped_conv_forward_bf16_2d_32x64x64_compv3,77,2,512,1024,1,155,99,1,1,2,2,0,0,0.054592400789260864,149.81742297013818,7987200
grouped_conv_forward_bf16_2d_32x64x64_compv4,77,2,512,1024,1,155,99,1,1,2,2,0,0,0.0648684948682785,126.08420800587405,7987200
grouped_conv_forward_bf16_2d_64x64x64_compv3,77,2,512,1024,1,155,99,1,1,2,2,0,0,0.044828299432992935,182.4493211531567,7987200
grouped_conv_forward_bf16_2d_64x64x64_compv4,77,2,512,1024,1,155,99,1,1,2,2,0,0,0.08226069808006287,99.42649395024134,7987200
grouped_conv_forward_bf16_2d_32x128x64_compv3,77,2,512,1024,1,155,99,1,1,2,2,0,0,0.04024829715490341,203.21090277489103,7987200
grouped_conv_forward_bf16_2d_32x128x64_compv4,77,2,512,1024,1,155,99,1,1,2,2,0,0,0.06376449763774872,128.26718790234895,7987200
grouped_conv_forward_bf16_2d_64x128x64_compv3,77,2,512,1024,1,155,99,1,1,2,2,0,0,0.03425230085849762,238.78374868270802,7987200
grouped_conv_forward_bf16_2d_64x128x64_compv4,77,2,512,1024,1,155,99,1,1,2,2,0,0,0.08248870074748993,99.151674421892,7987200
grouped_conv_forward_bf16_2d_128x128x64_compv3,77,2,512,1024,1,155,99,1,1,2,2,0,0,0.03198019787669182,255.74866145406298,7987200
grouped_conv_forward_bf16_2d_128x128x64_compv4,77,2,512,1024,1,155,99,1,1,2,2,0,0,0.08321670442819595,98.28426703748174,7987200
grouped_conv_forward_bf16_2d_16x64x128_compv3,77,2,512,1024,1,155,99,1,1,2,2,0,0,0.05817649886012077,140.5875733372213,7987200
grouped_conv_forward_bf16_2d_16x64x128_compv4,77,2,512,1024,1,155,99,1,1,2,2,0,0,0.07223259657621384,113.22994309598592,7987200
grouped_conv_forward_bf16_2d_32x64x128_compv3,77,2,512,1024,1,155,99,1,1,2,2,0,0,0.04748440161347389,172.24377947471504,7987200
grouped_conv_forward_bf16_2d_32x64x128_compv4,77,2,512,1024,1,155,99,1,1,2,2,0,0,0.06519649922847748,125.44987686129478,7987200
grouped_conv_forward_bf16_2d_64x64x128_compv3,77,2,512,1024,1,155,99,1,1,2,2,0,0,0.04468440264463425,183.03686109547064,7987200
grouped_conv_forward_bf16_2d_64x64x128_compv4,77,2,512,1024,1,155,99,1,1,2,2,0,0,0.08200870454311371,99.73200827358738,7987200
grouped_conv_forward_bf16_2d_128x64x128_compv3,77,2,512,1024,1,155,99,1,1,2,2,0,0,0.04315229877829552,189.53550637060778,7987200
grouped_conv_forward_bf16_2d_128x64x128_compv4,77,2,512,1024,1,155,99,1,1,2,2,0,0,0.08325269818305969,98.24177448298302,7987200
grouped_conv_forward_bf16_2d_16x64x64_compv3,78,2,256,512,1,255,167,1,1,2,2,0,0,0.051172297447919846,110.16008381756075,11010048
grouped_conv_forward_bf16_2d_16x64x64_compv4,78,2,256,512,1,255,167,1,1,2,2,0,0,0.05593240261077881,100.78495313758717,11010048
grouped_conv_forward_bf16_2d_32x64x64_compv3,78,2,256,512,1,255,167,1,1,2,2,0,0,0.04208030179142952,133.96160046428457,11010048
grouped_conv_forward_bf16_2d_32x64x64_compv4,78,2,256,512,1,255,167,1,1,2,2,0,0,0.04943240061402321,114.03744317448401,11010048
grouped_conv_forward_bf16_2d_64x64x64_compv3,78,2,256,512,1,255,167,1,1,2,2,0,0,0.03693229705095291,152.63455095205222,11010048
grouped_conv_forward_bf16_2d_64x64x64_compv4,78,2,256,512,1,255,167,1,1,2,2,0,0,0.06425650417804718,87.72877778069187,11010048
grouped_conv_forward_bf16_2d_32x128x64_compv3,78,2,256,512,1,255,167,1,1,2,2,0,0,0.03231219947338104,174.4587081001375,11010048
grouped_conv_forward_bf16_2d_32x128x64_compv4,78,2,256,512,1,255,167,1,1,2,2,0,0,0.04884839802980423,115.40080746477229,11010048
grouped_conv_forward_bf16_2d_64x128x64_compv3,78,2,256,512,1,255,167,1,1,2,2,0,0,0.03033219836652279,185.84688481470684,11010048
grouped_conv_forward_bf16_2d_64x128x64_compv4,78,2,256,512,1,255,167,1,1,2,2,0,0,0.06526049971580505,86.37912060968748,11010048
grouped_conv_forward_bf16_2d_128x128x64_compv3,78,2,256,512,1,255,167,1,1,2,2,0,0,0.03164820000529289,178.1189633235772,11010048
grouped_conv_forward_bf16_2d_128x128x64_compv4,78,2,256,512,1,255,167,1,1,2,2,0,0,0.06377249956130981,88.39459978482643,11010048
grouped_conv_forward_bf16_2d_16x64x128_compv3,78,2,256,512,1,255,167,1,1,2,2,0,0,0.04441229999065399,126.92755333964388,11010048
grouped_conv_forward_bf16_2d_16x64x128_compv4,78,2,256,512,1,255,167,1,1,2,2,0,0,0.056184399873018265,100.33291427407693,11010048
grouped_conv_forward_bf16_2d_32x64x128_compv3,78,2,256,512,1,255,167,1,1,2,2,0,0,0.03434029966592789,164.15536937183808,11010048
grouped_conv_forward_bf16_2d_32x64x128_compv4,78,2,256,512,1,255,167,1,1,2,2,0,0,0.04869639873504639,115.76101564863758,11010048
grouped_conv_forward_bf16_2d_64x64x128_compv3,78,2,256,512,1,255,167,1,1,2,2,0,0,0.035060301423072815,160.78425875398364,11010048
grouped_conv_forward_bf16_2d_64x64x128_compv4,78,2,256,512,1,255,167,1,1,2,2,0,0,0.06331250071525574,89.036833363331,11010048
grouped_conv_forward_bf16_2d_128x64x128_compv3,78,2,256,512,1,255,167,1,1,2,2,0,0,0.03860830143094063,146.00861387500467,11010048
grouped_conv_forward_bf16_2d_128x64x128_compv4,78,2,256,512,1,255,167,1,1,2,2,0,0,0.0636724978685379,88.5334291052754,11010048
grouped_conv_forward_bf16_2d_16x64x64_compv3,79,2,512,1024,1,99,131,1,1,2,2,0,0,0.053640298545360565,129.0187002622224,6758400
grouped_conv_forward_bf16_2d_16x64x64_compv4,79,2,512,1024,1,99,131,1,1,2,2,0,0,0.06118439882993698,113.11055975618757,6758400
grouped_conv_forward_bf16_2d_32x64x64_compv3,79,2,512,1024,1,99,131,1,1,2,2,0,0,0.04401230067014694,157.24244119540353,6758400
grouped_conv_forward_bf16_2d_32x64x64_compv4,79,2,512,1024,1,99,131,1,1,2,2,0,0,0.05312039703130722,130.28143588462356,6758400
grouped_conv_forward_bf16_2d_64x64x64_compv3,79,2,512,1024,1,99,131,1,1,2,2,0,0,0.04003629833459854,172.8581784000585,6758400
grouped_conv_forward_bf16_2d_64x64x64_compv4,79,2,512,1024,1,99,131,1,1,2,2,0,0,0.07283259928226471,95.02065926796078,6758400
grouped_conv_forward_bf16_2d_32x128x64_compv3,79,2,512,1024,1,99,131,1,1,2,2,0,0,0.035908300429582596,192.72985680766308,6758400
grouped_conv_forward_bf16_2d_32x128x64_compv4,79,2,512,1024,1,99,131,1,1,2,2,0,0,0.053692400455474854,128.89350338767218,6758400
grouped_conv_forward_bf16_2d_64x128x64_compv3,79,2,512,1024,1,99,131,1,1,2,2,0,0,0.03310830146074295,209.0291949348676,6758400
grouped_conv_forward_bf16_2d_64x128x64_compv4,79,2,512,1024,1,99,131,1,1,2,2,0,0,0.07196459919214249,96.16674973096538,6758400
grouped_conv_forward_bf16_2d_128x128x64_compv3,79,2,512,1024,1,99,131,1,1,2,2,0,0,0.03078419901430607,224.81018904483597,6758400
grouped_conv_forward_bf16_2d_128x128x64_compv4,79,2,512,1024,1,99,131,1,1,2,2,0,0,0.07248859852552414,95.47158781891983,6758400
grouped_conv_forward_bf16_2d_16x64x128_compv3,79,2,512,1024,1,99,131,1,1,2,2,0,0,0.049708399921655655,139.22398650745976,6758400
grouped_conv_forward_bf16_2d_16x64x128_compv4,79,2,512,1024,1,99,131,1,1,2,2,0,0,0.06160449981689453,112.33922230632382,6758400
grouped_conv_forward_bf16_2d_32x64x128_compv3,79,2,512,1024,1,99,131,1,1,2,2,0,0,0.04005629941821098,172.77186611136761,6758400
grouped_conv_forward_bf16_2d_32x64x128_compv4,79,2,512,1024,1,99,131,1,1,2,2,0,0,0.0538283996284008,128.56784982974992,6758400
grouped_conv_forward_bf16_2d_64x64x128_compv3,79,2,512,1024,1,99,131,1,1,2,2,0,0,0.03878830000758171,178.41982243736572,6758400
grouped_conv_forward_bf16_2d_64x64x128_compv4,79,2,512,1024,1,99,131,1,1,2,2,0,0,0.07334060221910477,94.36248667995294,6758400
grouped_conv_forward_bf16_2d_128x64x128_compv3,79,2,512,1024,1,99,131,1,1,2,2,0,0,0.042624302208423615,162.36281279538034,6758400
grouped_conv_forward_bf16_2d_128x64x128_compv4,79,2,512,1024,1,99,131,1,1,2,2,0,0,0.07252860069274902,95.41893175793588,6758400
grouped_conv_forward_bf16_2d_16x64x64_compv3,80,2,512,1024,1,115,87,1,1,2,2,0,0,0.04272820055484772,125.25526079971551,5226496
grouped_conv_forward_bf16_2d_16x64x64_compv4,80,2,512,1024,1,115,87,1,1,2,2,0,0,0.04814029857516289,111.17363336755938,5226496
grouped_conv_forward_bf16_2d_32x64x64_compv3,80,2,512,1024,1,115,87,1,1,2,2,0,0,0.035412199795246124,151.13243274761103,5226496
grouped_conv_forward_bf16_2d_32x64x64_compv4,80,2,512,1024,1,115,87,1,1,2,2,0,0,0.04218829795718193,126.85820863007613,5226496
grouped_conv_forward_bf16_2d_64x64x64_compv3,80,2,512,1024,1,115,87,1,1,2,2,0,0,0.030552199110388756,175.17337736189884,5226496
grouped_conv_forward_bf16_2d_64x64x64_compv4,80,2,512,1024,1,115,87,1,1,2,2,0,0,0.052444398403167725,102.04963860690859,5226496
grouped_conv_forward_bf16_2d_32x128x64_compv3,80,2,512,1024,1,115,87,1,1,2,2,0,0,0.027900200337171555,191.82413887077357,5226496
grouped_conv_forward_bf16_2d_32x128x64_compv4,80,2,512,1024,1,115,87,1,1,2,2,0,0,0.04178030043840408,128.09701816027516,5226496
grouped_conv_forward_bf16_2d_64x128x64_compv3,80,2,512,1024,1,115,87,1,1,2,2,0,0,0.028424199670553207,188.28786618553323,5226496
grouped_conv_forward_bf16_2d_64x128x64_compv4,80,2,512,1024,1,115,87,1,1,2,2,0,0,0.05242040008306503,102.09635743945798,5226496
grouped_conv_forward_bf16_2d_128x128x64_compv3,80,2,512,1024,1,115,87,1,1,2,2,0,0,0.029712200164794922,180.12573536514273,5226496
grouped_conv_forward_bf16_2d_128x128x64_compv4,80,2,512,1024,1,115,87,1,1,2,2,0,0,0.052548401057720184,101.8476641776661,5226496
grouped_conv_forward_bf16_2d_16x64x128_compv3,80,2,512,1024,1,115,87,1,1,2,2,0,0,0.03972030058503151,134.74046835428183,5226496
grouped_conv_forward_bf16_2d_16x64x128_compv4,80,2,512,1024,1,115,87,1,1,2,2,0,0,0.048248402774333954,110.92454042534635,5226496
grouped_conv_forward_bf16_2d_32x64x128_compv3,80,2,512,1024,1,115,87,1,1,2,2,0,0,0.03168419748544693,168.9148638357727,5226496
grouped_conv_forward_bf16_2d_32x64x128_compv4,80,2,512,1024,1,115,87,1,1,2,2,0,0,0.0421442985534668,126.99065087559156,5226496
grouped_conv_forward_bf16_2d_64x64x128_compv3,80,2,512,1024,1,115,87,1,1,2,2,0,0,0.030772199854254723,173.92100432689782,5226496
grouped_conv_forward_bf16_2d_64x64x128_compv4,80,2,512,1024,1,115,87,1,1,2,2,0,0,0.052944399416446686,101.08589318207417,5226496
grouped_conv_forward_bf16_2d_128x64x128_compv3,80,2,512,1024,1,115,87,1,1,2,2,0,0,0.031248200684785843,171.27168242380606,5226496
grouped_conv_forward_bf16_2d_128x64x128_compv4,80,2,512,1024,1,115,87,1,1,2,2,0,0,0.05244839936494827,102.04185387546342,5226496
grouped_conv_forward_bf16_2d_16x64x64_compv3,81,1,832,128,1,7,7,1,1,1,1,0,0,0.010904000140726566,0.9571357176545834,6272
grouped_conv_forward_bf16_2d_16x64x64_compv4,81,1,832,128,1,7,7,1,1,1,1,0,0,0.009240100160241127,1.1294907867890092,6272
grouped_conv_forward_bf16_2d_32x64x64_compv3,81,1,832,128,1,7,7,1,1,1,1,0,0,0.013980099931359291,0.7465331472051391,6272
grouped_conv_forward_bf16_2d_32x64x64_compv4,81,1,832,128,1,7,7,1,1,1,1,0,0,0.011532099917531013,0.9050049925542482,6272
grouped_conv_forward_bf16_2d_64x64x64_compv3,81,1,832,128,1,7,7,1,1,1,1,0,0,0.016308100894093513,0.6399646450421423,6272
grouped_conv_forward_bf16_2d_64x64x64_compv4,81,1,832,128,1,7,7,1,1,1,1,0,0,0.015832100063562393,0.6592055354690356,6272
grouped_conv_forward_bf16_2d_32x128x64_compv3,81,1,832,128,1,7,7,1,1,1,1,0,0,0.01541610062122345,0.6769940243923843,6272
grouped_conv_forward_bf16_2d_32x128x64_compv4,81,1,832,128,1,7,7,1,1,1,1,0,0,0.012460099533200264,0.8376022978140248,6272
grouped_conv_forward_bf16_2d_64x128x64_compv3,81,1,832,128,1,7,7,1,1,1,1,0,0,0.018584098666906357,0.5615880644556087,6272
grouped_conv_forward_bf16_2d_64x128x64_compv4,81,1,832,128,1,7,7,1,1,1,1,0,0,0.017044199630618095,0.6123260831357397,6272
grouped_conv_forward_bf16_2d_128x128x64_compv3,81,1,832,128,1,7,7,1,1,1,1,0,0,0.01815209910273552,0.5749532294271799,6272
grouped_conv_forward_bf16_2d_128x128x64_compv4,81,1,832,128,1,7,7,1,1,1,1,0,0,0.0158160999417305,0.6598724109262357,6272
grouped_conv_forward_bf16_2d_16x64x128_compv3,81,1,832,128,1,7,7,1,1,1,1,0,0,0.009412100538611412,1.1088500337608735,6272
grouped_conv_forward_bf16_2d_16x64x128_compv4,81,1,832,128,1,7,7,1,1,1,1,0,0,0.00922010000795126,1.1319408673441334,6272
grouped_conv_forward_bf16_2d_32x64x128_compv3,81,1,832,128,1,7,7,1,1,1,1,0,0,0.011176100000739098,0.9338327322867375,6272
grouped_conv_forward_bf16_2d_32x64x128_compv4,81,1,832,128,1,7,7,1,1,1,1,0,0,0.012132099829614162,0.8602474548160651,6272
grouped_conv_forward_bf16_2d_64x64x128_compv3,81,1,832,128,1,7,7,1,1,1,1,0,0,0.014608100056648254,0.714439794328368,6272
grouped_conv_forward_bf16_2d_64x64x128_compv4,81,1,832,128,1,7,7,1,1,1,1,0,0,0.016324099153280258,0.639337454520595,6272
grouped_conv_forward_bf16_2d_128x64x128_compv3,81,1,832,128,1,7,7,1,1,1,1,0,0,0.014004099182784557,0.74525379060653,6272
grouped_conv_forward_bf16_2d_128x64x128_compv4,81,1,832,128,1,7,7,1,1,1,1,0,0,0.016284100711345673,0.640907851468179,6272
grouped_conv_forward_bf16_2d_16x64x64_compv3,82,4,256,128,1,256,256,1,1,1,1,0,0,0.14355310797691345,119.67605178400531,33554432
grouped_conv_forward_bf16_2d_16x64x64_compv4,82,4,256,128,1,256,256,1,1,1,1,0,0,0.1616372913122177,106.28654467375019,33554432
grouped_conv_forward_bf16_2d_32x64x64_compv3,82,4,256,128,1,256,256,1,1,1,1,0,0,0.11873699724674225,144.68842553175952,33554432
grouped_conv_forward_bf16_2d_32x64x64_compv4,82,4,256,128,1,256,256,1,1,1,1,0,0,0.1427692025899887,120.33315919917234,33554432
grouped_conv_forward_bf16_2d_64x64x64_compv3,82,4,256,128,1,256,256,1,1,1,1,0,0,0.09772880375385284,175.79125625307475,33554432
grouped_conv_forward_bf16_2d_64x64x64_compv4,82,4,256,128,1,256,256,1,1,1,1,0,0,0.1820456087589264,94.3712364232329,33554432
grouped_conv_forward_bf16_2d_32x128x64_compv3,82,4,256,128,1,256,256,1,1,1,1,0,0,0.08441270142793655,203.52232416902947,33554432
grouped_conv_forward_bf16_2d_32x128x64_compv4,82,4,256,128,1,256,256,1,1,1,1,0,0,0.14285720884799957,120.25902873602566,33554432
grouped_conv_forward_bf16_2d_64x128x64_compv3,82,4,256,128,1,256,256,1,1,1,1,0,0,0.07521259784698486,228.41744170240372,33554432
grouped_conv_forward_bf16_2d_64x128x64_compv4,82,4,256,128,1,256,256,1,1,1,1,0,0,0.18156559765338898,94.62072884972729,33554432
grouped_conv_forward_bf16_2d_128x128x64_compv3,82,4,256,128,1,256,256,1,1,1,1,0,0,0.0761726051568985,225.53868478849213,33554432
grouped_conv_forward_bf16_2d_128x128x64_compv4,82,4,256,128,1,256,256,1,1,1,1,0,0,0.18184560537338257,94.47503088526484,33554432
grouped_conv_forward_bf16_2d_16x64x128_compv3,82,4,256,128,1,256,256,1,1,1,1,0,0,0.12699709832668304,135.27765130355252,33554432
grouped_conv_forward_bf16_2d_16x64x128_compv4,82,4,256,128,1,256,256,1,1,1,1,0,0,0.16217340528964996,105.93518187100948,33554432
grouped_conv_forward_bf16_2d_32x64x128_compv3,82,4,256,128,1,256,256,1,1,1,1,0,0,0.09706880152225494,176.98651796026527,33554432
grouped_conv_forward_bf16_2d_32x64x128_compv4,82,4,256,128,1,256,256,1,1,1,1,0,0,0.1414491981267929,121.45610870554549,33554432
grouped_conv_forward_bf16_2d_64x64x128_compv3,82,4,256,128,1,256,256,1,1,1,1,0,0,0.09368479996919632,183.37947233327884,33554432
grouped_conv_forward_bf16_2d_64x64x128_compv4,82,4,256,128,1,256,256,1,1,1,1,0,0,0.18186959624290466,94.46256844961927,33554432
grouped_conv_forward_bf16_2d_128x64x128_compv3,82,4,256,128,1,256,256,1,1,1,1,0,0,0.09843680262565613,174.52689162744417,33554432
grouped_conv_forward_bf16_2d_128x64x128_compv4,82,4,256,128,1,256,256,1,1,1,1,0,0,0.18142959475517273,94.69165825555142,33554432
grouped_conv_forward_bf16_2d_16x64x64_compv3,83,13,256,256,1,662,39,3,3,2,2,0,0,0.649835467338562,147.96531324121244,20866560
grouped_conv_forward_bf16_2d_16x64x64_compv4,83,13,256,256,1,662,39,3,3,2,2,0,0,0.6994578838348389,137.46804589982202,20866560
grouped_conv_forward_bf16_2d_32x64x64_compv3,83,13,256,256,1,662,39,3,3,2,2,0,0,0.5274404883384705,182.3013412999428,20866560
grouped_conv_forward_bf16_2d_32x64x64_compv4,83,13,256,256,1,662,39,3,3,2,2,0,0,0.574652910232544,167.3237997543419,20866560
grouped_conv_forward_bf16_2d_64x64x64_compv3,83,13,256,256,1,662,39,3,3,2,2,0,0,0.4400678277015686,218.49610997967818,20866560
grouped_conv_forward_bf16_2d_64x64x64_compv4,83,13,256,256,1,662,39,3,3,2,2,0,0,0.7533785700798035,127.62920568581443,20866560
grouped_conv_forward_bf16_2d_32x128x64_compv3,83,13,256,256,1,662,39,3,3,2,2,0,0,0.3957154154777527,242.98550099169884,20866560
grouped_conv_forward_bf16_2d_32x128x64_compv4,83,13,256,256,1,662,39,3,3,2,2,0,0,0.5771290063858032,166.60591898186954,20866560
grouped_conv_forward_bf16_2d_64x128x64_compv3,83,13,256,256,1,662,39,3,3,2,2,0,0,0.32096678018569946,299.5733964255409,20866560
grouped_conv_forward_bf16_2d_64x128x64_compv4,83,13,256,256,1,662,39,3,3,2,2,0,0,0.7441824674606323,129.20636091858285,20866560
grouped_conv_forward_bf16_2d_128x128x64_compv3,83,13,256,256,1,662,39,3,3,2,2,0,0,0.2877025008201599,334.21019353635853,20866560
grouped_conv_forward_bf16_2d_128x128x64_compv4,83,13,256,256,1,662,39,3,3,2,2,0,0,0.7432584762573242,129.36698544519624,20866560
grouped_conv_forward_bf16_2d_16x64x128_compv3,83,13,256,256,1,662,39,3,3,2,2,0,0,0.5882412195205688,163.45863786690632,20866560
grouped_conv_forward_bf16_2d_16x64x128_compv4,83,13,256,256,1,662,39,3,3,2,2,0,0,0.6995542049407959,137.44911802529663,20866560
grouped_conv_forward_bf16_2d_32x64x128_compv3,83,13,256,256,1,662,39,3,3,2,2,0,0,0.44415587186813354,216.48505529281198,20866560
grouped_conv_forward_bf16_2d_32x64x128_compv4,83,13,256,256,1,662,39,3,3,2,2,0,0,0.581277072429657,165.4169982622804,20866560
grouped_conv_forward_bf16_2d_64x64x128_compv3,83,13,256,256,1,662,39,3,3,2,2,0,0,0.3939914107322693,244.0487428426183,20866560
grouped_conv_forward_bf16_2d_64x64x128_compv4,83,13,256,256,1,662,39,3,3,2,2,0,0,0.7425065040588379,129.49800163956627,20866560
grouped_conv_forward_bf16_2d_128x64x128_compv3,83,13,256,256,1,662,39,3,3,2,2,0,0,0.36192721128463745,265.66974099214787,20866560
grouped_conv_forward_bf16_2d_128x64x128_compv4,83,13,256,256,1,662,39,3,3,2,2,0,0,0.7423545122146606,129.52451544094095,20866560
grouped_conv_forward_bf16_2d_16x64x64_compv3,84,2,64,64,1,200,184,3,3,1,1,1,1,0.04141629859805107,131.02041910271888,4710400
grouped_conv_forward_bf16_2d_16x64x64_compv4,84,2,64,64,1,200,184,3,3,1,1,1,1,0.052016399800777435,104.32057621794304,4710400
grouped_conv_forward_bf16_2d_32x64x64_compv3,84,2,64,64,1,200,184,3,3,1,1,1,1,0.036440201103687286,148.91193340453106,4710400
grouped_conv_forward_bf16_2d_32x64x64_compv4,84,2,64,64,1,200,184,3,3,1,1,1,1,0.04419630020856857,122.7790736869861,4710400
grouped_conv_forward_bf16_2d_64x64x64_compv3,84,2,64,64,1,200,184,3,3,1,1,1,1,0.03264020010828972,166.24839253426782,4710400
grouped_conv_forward_bf16_2d_64x64x64_compv4,84,2,64,64,1,200,184,3,3,1,1,1,1,0.05645240098237991,96.12311798206241,4710400
grouped_conv_forward_bf16_2d_32x128x64_compv3,84,2,64,64,1,200,184,3,3,1,1,1,1,0.04505630210042,120.43555611612027,4710400
grouped_conv_forward_bf16_2d_32x128x64_compv4,84,2,64,64,1,200,184,3,3,1,1,1,1,0.04436830058693886,122.30310217465075,4710400
grouped_conv_forward_bf16_2d_64x128x64_compv3,84,2,64,64,1,200,184,3,3,1,1,1,1,0.04422429949045181,122.70133981820504,4710400
grouped_conv_forward_bf16_2d_64x128x64_compv4,84,2,64,64,1,200,184,3,3,1,1,1,1,0.057060401886701584,95.0988885562803,4710400
grouped_conv_forward_bf16_2d_128x128x64_compv3,84,2,64,64,1,200,184,3,3,1,1,1,1,0.044328298419713974,122.4134693513691,4710400
grouped_conv_forward_bf16_2d_128x128x64_compv4,84,2,64,64,1,200,184,3,3,1,1,1,1,0.056372396647930145,96.25953698385544,4710400
grouped_conv_forward_bf16_2d_16x64x128_compv3,84,2,64,64,1,200,184,3,3,1,1,1,1,0.042996298521757126,126.20576623018201,4710400
grouped_conv_forward_bf16_2d_16x64x128_compv4,84,2,64,64,1,200,184,3,3,1,1,1,1,0.05102840065956116,106.3404051442334,4710400
grouped_conv_forward_bf16_2d_32x64x128_compv3,84,2,64,64,1,200,184,3,3,1,1,1,1,0.03334420174360275,162.7383627812016,4710400
grouped_conv_forward_bf16_2d_32x64x128_compv4,84,2,64,64,1,200,184,3,3,1,1,1,1,0.04424029961228371,122.65696316607489,4710400
grouped_conv_forward_bf16_2d_64x64x128_compv3,84,2,64,64,1,200,184,3,3,1,1,1,1,0.03422030061483383,158.57197927851544,4710400
grouped_conv_forward_bf16_2d_64x64x128_compv4,84,2,64,64,1,200,184,3,3,1,1,1,1,0.05637639760971069,96.25270556601366,4710400
grouped_conv_forward_bf16_2d_128x64x128_compv3,84,2,64,64,1,200,184,3,3,1,1,1,1,0.035380300134420395,153.37294424817054,4710400
grouped_conv_forward_bf16_2d_128x64x128_compv4,84,2,64,64,1,200,184,3,3,1,1,1,1,0.05685650184750557,95.43993428498395,4710400
grouped_conv_forward_bf16_2d_16x64x64_compv3,85,4,256,512,1,153,153,3,3,2,2,1,1,0.3907504081726074,143.19387201070734,12142592
grouped_conv_forward_bf16_2d_16x64x64_compv4,85,4,256,512,1,153,153,3,3,2,2,1,1,2.9267184734344482,19.118020555745545,12142592
grouped_conv_forward_bf16_2d_32x64x64_compv3,85,4,256,512,1,153,153,3,3,2,2,1,1,0.30879849195480347,181.1960401159907,12142592
grouped_conv_forward_bf16_2d_32x64x64_compv4,85,4,256,512,1,153,153,3,3,2,2,1,1,0.34055081009864807,164.30166153412455,12142592
grouped_conv_forward_bf16_2d_64x64x64_compv3,85,4,256,512,1,153,153,3,3,2,2,1,1,0.24150200188159943,231.68778519455904,12142592
grouped_conv_forward_bf16_2d_64x64x64_compv4,85,4,256,512,1,153,153,3,3,2,2,1,1,0.4572598934173584,122.36599960217706,12142592
grouped_conv_forward_bf16_2d_32x128x64_compv3,85,4,256,512,1,153,153,3,3,2,2,1,1,0.23270198702812195,240.44944630936087,12142592
grouped_conv_forward_bf16_2d_32x128x64_compv4,85,4,256,512,1,153,153,3,3,2,2,1,1,0.3416948914527893,163.7515378064434,12142592
grouped_conv_forward_bf16_2d_64x128x64_compv3,85,4,256,512,1,153,153,3,3,2,2,1,1,0.1790975034236908,312.41677224071566,12142592
grouped_conv_forward_bf16_2d_64x128x64_compv4,85,4,256,512,1,153,153,3,3,2,2,1,1,0.4472959041595459,125.0918316391337,12142592
grouped_conv_forward_bf16_2d_128x128x64_compv3,85,4,256,512,1,153,153,3,3,2,2,1,1,0.15907339751720428,351.7436907069801,12142592
grouped_conv_forward_bf16_2d_128x128x64_compv4,85,4,256,512,1,153,153,3,3,2,2,1,1,0.4485918879508972,124.73044082804415,12142592
grouped_conv_forward_bf16_2d_16x64x128_compv3,85,4,256,512,1,153,153,3,3,2,2,1,1,0.3498989939689636,159.91204576302124,12142592
grouped_conv_forward_bf16_2d_16x64x128_compv4,85,4,256,512,1,153,153,3,3,2,2,1,1,0.4171195924282074,134.14153866586923,12142592
grouped_conv_forward_bf16_2d_32x64x128_compv3,85,4,256,512,1,153,153,3,3,2,2,1,1,0.24253809452056885,230.69804373042442,12142592
grouped_conv_forward_bf16_2d_32x64x128_compv4,85,4,256,512,1,153,153,3,3,2,2,1,1,0.34724700450897217,161.13332356925855,12142592
grouped_conv_forward_bf16_2d_64x64x128_compv3,85,4,256,512,1,153,153,3,3,2,2,1,1,0.22744600474834442,246.00592126429638,12142592
grouped_conv_forward_bf16_2d_64x64x128_compv4,85,4,256,512,1,153,153,3,3,2,2,1,1,0.45619601011276245,122.65136628917367,12142592
grouped_conv_forward_bf16_2d_128x64x128_compv3,85,4,256,512,1,153,153,3,3,2,2,1,1,0.20969779789447784,266.82714123758313,12142592
grouped_conv_forward_bf16_2d_128x64x128_compv4,85,4,256,512,1,153,153,3,3,2,2,1,1,0.44837188720703125,124.79164178766683,12142592
grouped_conv_forward_bf16_2d_16x64x64_compv3,86,2,512,256,1,99,87,1,1,2,2,0,0,0.014652000740170479,78.72191794515153,1126400
grouped_conv_forward_bf16_2d_16x64x64_compv4,86,2,512,256,1,99,87,1,1,2,2,0,0,0.015040099620819092,76.6905558526602,1126400
grouped_conv_forward_bf16_2d_32x64x64_compv3,86,2,512,256,1,99,87,1,1,2,2,0,0,0.013896100223064423,83.00412212669262,1126400
grouped_conv_forward_bf16_2d_32x64x64_compv4,86,2,512,256,1,99,87,1,1,2,2,0,0,0.015720101073384285,73.37316691639339,1126400
grouped_conv_forward_bf16_2d_64x64x64_compv3,86,2,512,256,1,99,87,1,1,2,2,0,0,0.015180100686848164,75.98326412942171,1126400
grouped_conv_forward_bf16_2d_64x64x64_compv4,86,2,512,256,1,99,87,1,1,2,2,0,0,0.021856099367141724,52.77399139821181,1126400
grouped_conv_forward_bf16_2d_32x128x64_compv3,86,2,512,256,1,99,87,1,1,2,2,0,0,0.013660100288689137,84.43815020560781,1126400
grouped_conv_forward_bf16_2d_32x128x64_compv4,86,2,512,256,1,99,87,1,1,2,2,0,0,0.01597609929740429,72.1974481084631,1126400
grouped_conv_forward_bf16_2d_64x128x64_compv3,86,2,512,256,1,99,87,1,1,2,2,0,0,0.01381209958344698,83.5089258538452,1126400
grouped_conv_forward_bf16_2d_64x128x64_compv4,86,2,512,256,1,99,87,1,1,2,2,0,0,0.022244200110435486,51.853228898929316,1126400
grouped_conv_forward_bf16_2d_128x128x64_compv3,86,2,512,256,1,99,87,1,1,2,2,0,0,0.014948099851608276,77.16255654232208,1126400
grouped_conv_forward_bf16_2d_128x128x64_compv4,86,2,512,256,1,99,87,1,1,2,2,0,0,0.022212199866771698,51.92793180856782,1126400
grouped_conv_forward_bf16_2d_16x64x128_compv3,86,2,512,256,1,99,87,1,1,2,2,0,0,0.013576099649071693,84.96060207387102,1126400
grouped_conv_forward_bf16_2d_16x64x128_compv4,86,2,512,256,1,99,87,1,1,2,2,0,0,0.014704098924994469,78.4429978255491,1126400
grouped_conv_forward_bf16_2d_32x64x128_compv3,86,2,512,256,1,99,87,1,1,2,2,0,0,0.011560100130736828,99.77712882721211,1126400
grouped_conv_forward_bf16_2d_32x64x128_compv4,86,2,512,256,1,99,87,1,1,2,2,0,0,0.015664100646972656,73.63548192107153,1126400
grouped_conv_forward_bf16_2d_64x64x128_compv3,86,2,512,256,1,99,87,1,1,2,2,0,0,0.013004099950194359,88.69768799206751,1126400
grouped_conv_forward_bf16_2d_64x64x128_compv4,86,2,512,256,1,99,87,1,1,2,2,0,0,0.02175610139966011,53.01655746180792,1126400
grouped_conv_forward_bf16_2d_128x64x128_compv3,86,2,512,256,1,99,87,1,1,2,2,0,0,0.012000100687146187,96.11866017386765,1126400
grouped_conv_forward_bf16_2d_128x64x128_compv4,86,2,512,256,1,99,87,1,1,2,2,0,0,0.02252819947898388,51.19954664268735,1126400
grouped_conv_forward_bf16_2d_16x64x64_compv3,87,8,256,256,1,112,112,2,2,2,2,0,0,0.09121239930391312,144.20558437646216,6422528
grouped_conv_forward_bf16_2d_16x64x64_compv4,87,8,256,256,1,112,112,2,2,2,2,0,0,0.10553280264139175,124.63743039873593,6422528
grouped_conv_forward_bf16_2d_32x64x64_compv3,87,8,256,256,1,112,112,2,2,2,2,0,0,0.07881660014390945,166.88536831052872,6422528
grouped_conv_forward_bf16_2d_32x64x64_compv4,87,8,256,256,1,112,112,2,2,2,2,0,0,0.09486470371484756,138.65364913316364,6422528
grouped_conv_forward_bf16_2d_64x64x64_compv3,87,8,256,256,1,112,112,2,2,2,2,0,0,0.06819649785757065,192.87408821888377,6422528
grouped_conv_forward_bf16_2d_64x64x64_compv4,87,8,256,256,1,112,112,2,2,2,2,0,0,0.12768110632896423,103.01710035399489,6422528
grouped_conv_forward_bf16_2d_32x128x64_compv3,87,8,256,256,1,112,112,2,2,2,2,0,0,0.06505650281906128,202.1832833618921,6422528
grouped_conv_forward_bf16_2d_32x128x64_compv4,87,8,256,256,1,112,112,2,2,2,2,0,0,0.09312880039215088,141.23812707361571,6422528
grouped_conv_forward_bf16_2d_64x128x64_compv3,87,8,256,256,1,112,112,2,2,2,2,0,0,0.056104399263858795,234.44395656283388,6422528
grouped_conv_forward_bf16_2d_64x128x64_compv4,87,8,256,256,1,112,112,2,2,2,2,0,0,0.12882909178733826,102.09912343178338,6422528
grouped_conv_forward_bf16_2d_128x128x64_compv3,87,8,256,256,1,112,112,2,2,2,2,0,0,0.0527724027633667,249.2465124807757,6422528
grouped_conv_forward_bf16_2d_128x128x64_compv4,87,8,256,256,1,112,112,2,2,2,2,0,0,0.12927310168743134,101.74844706521684,6422528
grouped_conv_forward_bf16_2d_16x64x128_compv3,87,8,256,256,1,112,112,2,2,2,2,0,0,0.0870966985821724,151.01993023983948,6422528
grouped_conv_forward_bf16_2d_16x64x128_compv4,87,8,256,256,1,112,112,2,2,2,2,0,0,0.10470090061426163,125.62773831773845,6422528
grouped_conv_forward_bf16_2d_32x64x128_compv3,87,8,256,256,1,112,112,2,2,2,2,0,0,0.06865660101175308,191.5815398689534,6422528
grouped_conv_forward_bf16_2d_32x64x128_compv4,87,8,256,256,1,112,112,2,2,2,2,0,0,0.09356480091810226,140.57997467993528,6422528
grouped_conv_forward_bf16_2d_64x64x128_compv3,87,8,256,256,1,112,112,2,2,2,2,0,0,0.067112497985363,195.98938705676989,6422528
grouped_conv_forward_bf16_2d_64x64x128_compv4,87,8,256,256,1,112,112,2,2,2,2,0,0,0.12664109468460083,103.86310523261298,6422528
grouped_conv_forward_bf16_2d_128x64x128_compv3,87,8,256,256,1,112,112,2,2,2,2,0,0,0.0690046027302742,190.61536221596523,6422528
grouped_conv_forward_bf16_2d_128x64x128_compv4,87,8,256,256,1,112,112,2,2,2,2,0,0,0.12886910140514374,102.06742501174135,6422528
grouped_conv_forward_bf16_2d_16x64x64_compv3,88,2,256,256,1,304,184,3,3,1,1,1,1,0.8538826107978821,154.55236983065558,28639232
grouped_conv_forward_bf16_2d_16x64x64_compv4,88,2,256,256,1,304,184,3,3,1,1,1,1,0.9195473790168762,143.5158036088296,28639232
grouped_conv_forward_bf16_2d_32x64x64_compv3,88,2,256,256,1,304,184,3,3,1,1,1,1,0.688489556312561,191.67985896955037,28639232
grouped_conv_forward_bf16_2d_32x64x64_compv4,88,2,256,256,1,304,184,3,3,1,1,1,1,0.7798386216163635,169.22678282138426,28639232
grouped_conv_forward_bf16_2d_64x64x64_compv3,88,2,256,256,1,304,184,3,3,1,1,1,1,0.562228798866272,234.7257581292797,28639232
grouped_conv_forward_bf16_2d_64x64x64_compv4,88,2,256,256,1,304,184,3,3,1,1,1,1,1.0247247219085693,128.78539790686824,28639232
grouped_conv_forward_bf16_2d_32x128x64_compv3,88,2,256,256,1,304,184,3,3,1,1,1,1,0.5214484930038452,253.08267801442634,28639232
grouped_conv_forward_bf16_2d_32x128x64_compv4,88,2,256,256,1,304,184,3,3,1,1,1,1,0.769318699836731,171.5408465750375,28639232
grouped_conv_forward_bf16_2d_64x128x64_compv3,88,2,256,256,1,304,184,3,3,1,1,1,1,0.42099159955978394,313.4731932751056,28639232
grouped_conv_forward_bf16_2d_64x128x64_compv4,88,2,256,256,1,304,184,3,3,1,1,1,1,1.0159049034118652,129.90347877324623,28639232
grouped_conv_forward_bf16_2d_128x128x64_compv3,88,2,256,256,1,304,184,3,3,1,1,1,1,0.390055388212204,338.3354904052854,28639232
grouped_conv_forward_bf16_2d_128x128x64_compv4,88,2,256,256,1,304,184,3,3,1,1,1,1,1.014196753501892,130.1222673020061,28639232
grouped_conv_forward_bf16_2d_16x64x128_compv3,88,2,256,256,1,304,184,3,3,1,1,1,1,0.7659747004508972,172.28973878421186,28639232
grouped_conv_forward_bf16_2d_16x64x128_compv4,88,2,256,256,1,304,184,3,3,1,1,1,1,0.9185959696769714,143.66444597226757,28639232
grouped_conv_forward_bf16_2d_32x64x128_compv3,88,2,256,256,1,304,184,3,3,1,1,1,1,0.5857130885124207,225.31437941940655,28639232
grouped_conv_forward_bf16_2d_32x64x128_compv4,88,2,256,256,1,304,184,3,3,1,1,1,1,0.7827109098434448,168.60577691755455,28639232
grouped_conv_forward_bf16_2d_64x64x128_compv3,88,2,256,256,1,304,184,3,3,1,1,1,1,0.5265285968780518,250.64086136724157,28639232
grouped_conv_forward_bf16_2d_64x64x128_compv4,88,2,256,256,1,304,184,3,3,1,1,1,1,1.0149409770965576,130.02685282598944,28639232
grouped_conv_forward_bf16_2d_128x64x128_compv3,88,2,256,256,1,304,184,3,3,1,1,1,1,0.4686841070652008,281.5746876555409,28639232
grouped_conv_forward_bf16_2d_128x64x128_compv4,88,2,256,256,1,304,184,3,3,1,1,1,1,1.0150089263916016,130.018148239501,28639232
grouped_conv_forward_bf16_2d_16x64x64_compv3,89,8,128,256,1,39,175,5,5,2,2,1,1,0.14713670313358307,147.25218887315697,3385344
grouped_conv_forward_bf16_2d_16x64x64_compv4,89,8,128,256,1,39,175,5,5,2,2,1,1,0.15091700851917267,143.56368319643377,3385344
grouped_conv_forward_bf16_2d_32x64x64_compv3,89,8,128,256,1,39,175,5,5,2,2,1,1,0.12920090556144714,167.69388345885616,3385344
grouped_conv_forward_bf16_2d_32x64x64_compv4,89,8,128,256,1,39,175,5,5,2,2,1,1,0.1394731104373932,155.3432165673651,3385344
grouped_conv_forward_bf16_2d_64x64x64_compv3,89,8,128,256,1,39,175,5,5,2,2,1,1,0.1215129941701889,178.30357771988326,3385344
grouped_conv_forward_bf16_2d_64x64x64_compv4,89,8,128,256,1,39,175,5,5,2,2,1,1,0.18966150283813477,114.23615902954677,3385344
grouped_conv_forward_bf16_2d_32x128x64_compv3,89,8,128,256,1,39,175,5,5,2,2,1,1,0.1116848960518837,193.9940167910876,3385344
grouped_conv_forward_bf16_2d_32x128x64_compv4,89,8,128,256,1,39,175,5,5,2,2,1,1,0.1398290991783142,154.94773067493352,3385344
grouped_conv_forward_bf16_2d_64x128x64_compv3,89,8,128,256,1,39,175,5,5,2,2,1,1,0.0804205983877182,269.41109658926456,3385344
grouped_conv_forward_bf16_2d_64x128x64_compv4,89,8,128,256,1,39,175,5,5,2,2,1,1,0.19218160212039948,112.73816723843515,3385344
grouped_conv_forward_bf16_2d_128x128x64_compv3,89,8,128,256,1,39,175,5,5,2,2,1,1,0.06960450112819672,311.2758693593027,3385344
grouped_conv_forward_bf16_2d_128x128x64_compv4,89,8,128,256,1,39,175,5,5,2,2,1,1,0.18955358862876892,114.30119448929113,3385344
grouped_conv_forward_bf16_2d_16x64x128_compv3,89,8,128,256,1,39,175,5,5,2,2,1,1,0.12763699889183044,169.7485978839226,3385344
grouped_conv_forward_bf16_2d_16x64x128_compv4,89,8,128,256,1,39,175,5,5,2,2,1,1,0.15087729692459106,143.6014698144336,3385344
grouped_conv_forward_bf16_2d_32x64x128_compv3,89,8,128,256,1,39,175,5,5,2,2,1,1,0.10499279201030731,206.35894317271794,3385344
grouped_conv_forward_bf16_2d_32x64x128_compv4,89,8,128,256,1,39,175,5,5,2,2,1,1,0.1412251889705658,153.4159859011814,3385344
grouped_conv_forward_bf16_2d_64x64x128_compv3,89,8,128,256,1,39,175,5,5,2,2,1,1,0.10088479518890381,214.7618138038609,3385344
grouped_conv_forward_bf16_2d_64x64x128_compv4,89,8,128,256,1,39,175,5,5,2,2,1,1,0.1924816071987152,112.56245163015565,3385344
grouped_conv_forward_bf16_2d_128x64x128_compv3,89,8,128,256,1,39,175,5,5,2,2,1,1,0.08710470050573349,248.73745589164693,3385344
grouped_conv_forward_bf16_2d_128x64x128_compv4,89,8,128,256,1,39,175,5,5,2,2,1,1,0.19204160571098328,112.82035223454113,3385344
grouped_conv_forward_bf16_2d_16x64x64_compv3,90,2,256,256,1,160,264,3,3,1,1,1,1,0.6716634035110474,148.3729238768342,21626880
grouped_conv_forward_bf16_2d_16x64x64_compv4,90,2,256,256,1,160,264,3,3,1,1,1,1,0.7051336765289307,141.33017094087296,21626880
grouped_conv_forward_bf16_2d_32x64x64_compv3,90,2,256,256,1,160,264,3,3,1,1,1,1,0.5222522020339966,190.8209532709883,21626880
grouped_conv_forward_bf16_2d_32x64x64_compv4,90,2,256,256,1,160,264,3,3,1,1,1,1,0.5942249894142151,167.70863698990712,21626880
grouped_conv_forward_bf16_2d_64x64x64_compv3,90,2,256,256,1,160,264,3,3,1,1,1,1,0.4428997039794922,225.0095498926196,21626880
grouped_conv_forward_bf16_2d_64x64x64_compv4,90,2,256,256,1,160,264,3,3,1,1,1,1,0.7653264999389648,130.21457253596688,21626880
grouped_conv_forward_bf16_2d_32x128x64_compv3,90,2,256,256,1,160,264,3,3,1,1,1,1,0.4010273814201355,248.50338819033135,21626880
grouped_conv_forward_bf16_2d_32x128x64_compv4,90,2,256,256,1,160,264,3,3,1,1,1,1,0.5881851315498352,169.43077560871052,21626880
grouped_conv_forward_bf16_2d_64x128x64_compv3,90,2,256,256,1,160,264,3,3,1,1,1,1,0.3363429009914398,296.29483109719723,21626880
grouped_conv_forward_bf16_2d_64x128x64_compv4,90,2,256,256,1,160,264,3,3,1,1,1,1,0.766614556312561,129.99578760851026,21626880
grouped_conv_forward_bf16_2d_128x128x64_compv3,90,2,256,256,1,160,264,3,3,1,1,1,1,0.31615468859672546,315.2148825700894,21626880
grouped_conv_forward_bf16_2d_128x128x64_compv4,90,2,256,256,1,160,264,3,3,1,1,1,1,0.7653826475143433,130.20502014730147,21626880
grouped_conv_forward_bf16_2d_16x64x128_compv3,90,2,256,256,1,160,264,3,3,1,1,1,1,0.603789210319519,165.05207667964572,21626880
grouped_conv_forward_bf16_2d_16x64x128_compv4,90,2,256,256,1,160,264,3,3,1,1,1,1,3.0735960006713867,32.42347498442584,21626880
grouped_conv_forward_bf16_2d_32x64x128_compv3,90,2,256,256,1,160,264,3,3,1,1,1,1,0.4468598961830139,223.01545493620458,21626880
grouped_conv_forward_bf16_2d_32x64x128_compv4,90,2,256,256,1,160,264,3,3,1,1,1,1,0.58737713098526,169.66384590567392,21626880
grouped_conv_forward_bf16_2d_64x64x128_compv3,90,2,256,256,1,160,264,3,3,1,1,1,1,0.40210747718811035,247.8358864075027,21626880
grouped_conv_forward_bf16_2d_64x64x128_compv4,90,2,256,256,1,160,264,3,3,1,1,1,1,0.7637706995010376,130.4798195389068,21626880
grouped_conv_forward_bf16_2d_128x64x128_compv3,90,2,256,256,1,160,264,3,3,1,1,1,1,0.35983508825302124,276.95093195004245,21626880
grouped_conv_forward_bf16_2d_128x64x128_compv4,90,2,256,256,1,160,264,3,3,1,1,1,1,0.7650347352027893,130.26423305287415,21626880
grouped_conv_forward_bf16_2d_16x64x64_compv3,91,2,128,256,1,40,28,3,3,2,2,1,1,0.013899999670684338,23.76269408816024,143360
grouped_conv_forward_bf16_2d_16x64x64_compv4,91,2,128,256,1,40,28,3,3,2,2,1,1,0.011184100061655045,29.533126329265098,143360
grouped_conv_forward_bf16_2d_32x64x64_compv3,91,2,128,256,1,40,28,3,3,2,2,1,1,0.017312100157141685,19.079224184348437,143360
grouped_conv_forward_bf16_2d_32x64x64_compv4,91,2,128,256,1,40,28,3,3,2,2,1,1,0.013908100314438343,23.74885372786001,143360
grouped_conv_forward_bf16_2d_64x64x64_compv3,91,2,128,256,1,40,28,3,3,2,2,1,1,0.02138420008122921,15.446050763897153,143360
grouped_conv_forward_bf16_2d_64x64x64_compv4,91,2,128,256,1,40,28,3,3,2,2,1,1,0.01972009986639023,16.749481099887646,143360
grouped_conv_forward_bf16_2d_32x128x64_compv3,91,2,128,256,1,40,28,3,3,2,2,1,1,0.020736100152134895,15.92881195483586,143360
grouped_conv_forward_bf16_2d_32x128x64_compv4,91,2,128,256,1,40,28,3,3,2,2,1,1,0.013928000815212727,23.71492107031121,143360
grouped_conv_forward_bf16_2d_64x128x64_compv3,91,2,128,256,1,40,28,3,3,2,2,1,1,0.024576200172305107,13.439890531662268,143360
grouped_conv_forward_bf16_2d_64x128x64_compv4,91,2,128,256,1,40,28,3,3,2,2,1,1,0.019752100110054016,16.72234537895407,143360
grouped_conv_forward_bf16_2d_128x128x64_compv3,91,2,128,256,1,40,28,3,3,2,2,1,1,0.024740200489759445,13.350798839998067,143360
grouped_conv_forward_bf16_2d_128x128x64_compv4,91,2,128,256,1,40,28,3,3,2,2,1,1,0.020356200635433197,16.226084912184348,143360
grouped_conv_forward_bf16_2d_16x64x128_compv3,91,2,128,256,1,40,28,3,3,2,2,1,1,0.011359999887645245,29.07583127348661,143360
grouped_conv_forward_bf16_2d_16x64x128_compv4,91,2,128,256,1,40,28,3,3,2,2,1,1,0.010831999592483044,30.49311783848436,143360
grouped_conv_forward_bf16_2d_32x64x128_compv3,91,2,128,256,1,40,28,3,3,2,2,1,1,0.01326810009777546,24.894403687486395,143360
grouped_conv_forward_bf16_2d_32x64x128_compv4,91,2,128,256,1,40,28,3,3,2,2,1,1,0.013936099596321583,23.701139455632383,143360
grouped_conv_forward_bf16_2d_64x64x128_compv3,91,2,128,256,1,40,28,3,3,2,2,1,1,0.017704099416732788,18.65677729350187,143360
grouped_conv_forward_bf16_2d_64x64x128_compv4,91,2,128,256,1,40,28,3,3,2,2,1,1,0.019676199182868004,16.786851816767147,143360
grouped_conv_forward_bf16_2d_128x64x128_compv3,91,2,128,256,1,40,28,3,3,2,2,1,1,0.01746010035276413,18.917499517562028,143360
grouped_conv_forward_bf16_2d_128x64x128_compv4,91,2,128,256,1,40,28,3,3,2,2,1,1,0.019732099026441574,16.73929568047407,143360
grouped_conv_forward_bf16_2d_16x64x64_compv3,92,2,64,256,1,312,176,1,1,1,1,0,0,0.05346829816699028,67.30554282391088,28114944
grouped_conv_forward_bf16_2d_16x64x64_compv4,92,2,64,256,1,312,176,1,1,1,1,0,0,0.11317680031061172,31.797266066220253,28114944
grouped_conv_forward_bf16_2d_32x64x64_compv3,92,2,64,256,1,312,176,1,1,1,1,0,0,0.0446523018181324,80.59411688690672,28114944
grouped_conv_forward_bf16_2d_32x64x64_compv4,92,2,64,256,1,312,176,1,1,1,1,0,0,0.10242079198360443,35.136545639835354,28114944
grouped_conv_forward_bf16_2d_64x64x64_compv3,92,2,64,256,1,312,176,1,1,1,1,0,0,0.03743629902601242,96.12896909225596,28114944
grouped_conv_forward_bf16_2d_64x64x64_compv4,92,2,64,256,1,312,176,1,1,1,1,0,0,0.13310110569000244,27.037437543017408,28114944
grouped_conv_forward_bf16_2d_32x128x64_compv3,92,2,64,256,1,312,176,1,1,1,1,0,0,0.031960200518369675,112.59982020236632,28114944
grouped_conv_forward_bf16_2d_32x128x64_compv4,92,2,64,256,1,312,176,1,1,1,1,0,0,0.10397280752658844,34.61205787945776,28114944
grouped_conv_forward_bf16_2d_64x128x64_compv3,92,2,64,256,1,312,176,1,1,1,1,0,0,0.03205220028758049,112.27662374849257,28114944
grouped_conv_forward_bf16_2d_64x128x64_compv4,92,2,64,256,1,312,176,1,1,1,1,0,0,0.13316909968852997,27.02363266266012,28114944
grouped_conv_forward_bf16_2d_128x128x64_compv3,92,2,64,256,1,312,176,1,1,1,1,0,0,0.03780429810285568,95.19321909399922,28114944
grouped_conv_forward_bf16_2d_128x128x64_compv4,92,2,64,256,1,312,176,1,1,1,1,0,0,0.1319091022014618,27.28176275890171,28114944
grouped_conv_forward_bf16_2d_16x64x128_compv3,92,2,64,256,1,312,176,1,1,1,1,0,0,0.07490859925746918,48.04138466974698,28114944
grouped_conv_forward_bf16_2d_16x64x128_compv4,92,2,64,256,1,312,176,1,1,1,1,0,0,0.11089290678501129,32.45214627637857,28114944
grouped_conv_forward_bf16_2d_32x64x128_compv3,92,2,64,256,1,312,176,1,1,1,1,0,0,0.05926449969410896,60.72290917116644,28114944
grouped_conv_forward_bf16_2d_32x64x128_compv4,92,2,64,256,1,312,176,1,1,1,1,0,0,0.10274489969015121,35.025707775789094,28114944
grouped_conv_forward_bf16_2d_64x64x128_compv3,92,2,64,256,1,312,176,1,1,1,1,0,0,0.05714450031518936,62.975663662307674,28114944
grouped_conv_forward_bf16_2d_64x64x128_compv4,92,2,64,256,1,312,176,1,1,1,1,0,0,0.13126909732818604,27.41477548979295,28114944
grouped_conv_forward_bf16_2d_128x64x128_compv3,92,2,64,256,1,312,176,1,1,1,1,0,0,0.06617649644613266,54.38052821260089,28114944
grouped_conv_forward_bf16_2d_128x64x128_compv4,92,2,64,256,1,312,176,1,1,1,1,0,0,0.13291709125041962,27.074868988969385,28114944
grouped_conv_forward_bf16_2d_16x64x64_compv3,93,2,256,128,1,183,287,1,1,2,2,0,0,0.01910809986293316,90.87464836670841,3391488
grouped_conv_forward_bf16_2d_16x64x64_compv4,93,2,256,128,1,183,287,1,1,2,2,0,0,0.01934809982776642,89.74741041536471,3391488
grouped_conv_forward_bf16_2d_32x64x64_compv3,93,2,256,128,1,183,287,1,1,2,2,0,0,0.016860101372003555,102.99118716352365,3391488
grouped_conv_forward_bf16_2d_32x64x64_compv4,93,2,256,128,1,183,287,1,1,2,2,0,0,0.01831210032105446,94.82483306426158,3391488
grouped_conv_forward_bf16_2d_64x64x64_compv3,93,2,256,128,1,183,287,1,1,2,2,0,0,0.0168800987303257,102.86917652207924,3391488
grouped_conv_forward_bf16_2d_64x64x64_compv4,93,2,256,128,1,183,287,1,1,2,2,0,0,0.024456199258565903,71.00211433678939,3391488
grouped_conv_forward_bf16_2d_32x128x64_compv3,93,2,256,128,1,183,287,1,1,2,2,0,0,0.014092099852859974,123.22094465202014,3391488
grouped_conv_forward_bf16_2d_32x128x64_compv4,93,2,256,128,1,183,287,1,1,2,2,0,0,0.018480099737644196,93.96279677337705,3391488
grouped_conv_forward_bf16_2d_64x128x64_compv3,93,2,256,128,1,183,287,1,1,2,2,0,0,0.011948099359869957,145.33205689870488,3391488
grouped_conv_forward_bf16_2d_64x128x64_compv4,93,2,256,128,1,183,287,1,1,2,2,0,0,0.02430019900202751,71.45792739619614,3391488
grouped_conv_forward_bf16_2d_128x128x64_compv3,93,2,256,128,1,183,287,1,1,2,2,0,0,0.011248099617660046,154.3764649162339,3391488
grouped_conv_forward_bf16_2d_128x128x64_compv4,93,2,256,128,1,183,287,1,1,2,2,0,0,0.024264199659228325,71.56394525213959,3391488
grouped_conv_forward_bf16_2d_16x64x128_compv3,93,2,256,128,1,183,287,1,1,2,2,0,0,0.016152100637555122,107.50563626149113,3391488
grouped_conv_forward_bf16_2d_16x64x128_compv4,93,2,256,128,1,183,287,1,1,2,2,0,0,0.01955610141158104,88.79284369898423,3391488
grouped_conv_forward_bf16_2d_32x64x128_compv3,93,2,256,128,1,183,287,1,1,2,2,0,0,0.014468100853264332,120.01864471439728,3391488
grouped_conv_forward_bf16_2d_32x64x128_compv4,93,2,256,128,1,183,287,1,1,2,2,0,0,0.018408101052045822,94.33030876408715,3391488
grouped_conv_forward_bf16_2d_64x64x128_compv3,93,2,256,128,1,183,287,1,1,2,2,0,0,0.014652100391685963,118.51146317461138,3391488
grouped_conv_forward_bf16_2d_64x64x128_compv4,93,2,256,128,1,183,287,1,1,2,2,0,0,0.02430019900202751,71.45792739619614,3391488
grouped_conv_forward_bf16_2d_128x64x128_compv3,93,2,256,128,1,183,287,1,1,2,2,0,0,0.014704098924994469,118.09236763555393,3391488
grouped_conv_forward_bf16_2d_128x64x128_compv4,93,2,256,128,1,183,287,1,1,2,2,0,0,0.02420019917190075,71.75320515610514,3391488
grouped_conv_forward_bf16_2d_16x64x64_compv3,94,4,1024,512,1,55,55,1,1,2,2,0,0,0.030768100172281265,106.87479297023461,1605632
grouped_conv_forward_bf16_2d_16x64x64_compv4,94,4,1024,512,1,55,55,1,1,2,2,0,0,0.032408200204372406,101.46612015672345,1605632
grouped_conv_forward_bf16_2d_32x64x64_compv3,94,4,1024,512,1,55,55,1,1,2,2,0,0,0.028136199340224266,116.8720158766756,1605632
grouped_conv_forward_bf16_2d_32x64x64_compv4,94,4,1024,512,1,55,55,1,1,2,2,0,0,0.029804199934005737,110.331240002457,1605632
grouped_conv_forward_bf16_2d_64x64x64_compv3,94,4,1024,512,1,55,55,1,1,2,2,0,0,0.026072200387716293,126.12415857118343,1605632
grouped_conv_forward_bf16_2d_64x64x64_compv4,94,4,1024,512,1,55,55,1,1,2,2,0,0,0.0364203006029129,90.28850068681197,1605632
grouped_conv_forward_bf16_2d_32x128x64_compv3,94,4,1024,512,1,55,55,1,1,2,2,0,0,0.023168200626969337,141.9330913498806,1605632
grouped_conv_forward_bf16_2d_32x128x64_compv4,94,4,1024,512,1,55,55,1,1,2,2,0,0,0.029872199520468712,110.0800874654979,1605632
grouped_conv_forward_bf16_2d_64x128x64_compv3,94,4,1024,512,1,55,55,1,1,2,2,0,0,0.023592200130224228,139.3822669292839,1605632
grouped_conv_forward_bf16_2d_64x128x64_compv4,94,4,1024,512,1,55,55,1,1,2,2,0,0,0.037160299718379974,88.49052243713595,1605632
grouped_conv_forward_bf16_2d_128x128x64_compv3,94,4,1024,512,1,55,55,1,1,2,2,0,0,0.02416819892823696,136.06038024447358,1605632
grouped_conv_forward_bf16_2d_128x128x64_compv4,94,4,1024,512,1,55,55,1,1,2,2,0,0,0.03711229935288429,88.60497445153415,1605632
grouped_conv_forward_bf16_2d_16x64x128_compv3,94,4,1024,512,1,55,55,1,1,2,2,0,0,0.027440199628472328,119.83638532235673,1605632
grouped_conv_forward_bf16_2d_16x64x128_compv4,94,4,1024,512,1,55,55,1,1,2,2,0,0,0.03238820284605026,101.52876810208727,1605632
grouped_conv_forward_bf16_2d_32x64x128_compv3,94,4,1024,512,1,55,55,1,1,2,2,0,0,0.025532200932502747,128.79165194935928,1605632
grouped_conv_forward_bf16_2d_32x64x128_compv4,94,4,1024,512,1,55,55,1,1,2,2,0,0,0.029828200116753578,110.24246595935382,1605632
grouped_conv_forward_bf16_2d_64x64x128_compv3,94,4,1024,512,1,55,55,1,1,2,2,0,0,0.020732101052999496,158.61076152357685,1605632
grouped_conv_forward_bf16_2d_64x64x128_compv4,94,4,1024,512,1,55,55,1,1,2,2,0,0,0.03706829994916916,88.71014695870086,1605632
grouped_conv_forward_bf16_2d_128x64x128_compv3,94,4,1024,512,1,55,55,1,1,2,2,0,0,0.01790810003876686,183.62273657627122,1605632
grouped_conv_forward_bf16_2d_128x64x128_compv4,94,4,1024,512,1,55,55,1,1,2,2,0,0,0.0364363007247448,90.24885267144616,1605632
grouped_conv_forward_bf16_2d_16x64x64_compv3,95,2,256,128,1,231,183,1,1,2,2,0,0,0.017071999609470367,81.93535707580746,2732032
grouped_conv_forward_bf16_2d_16x64x64_compv4,95,2,256,128,1,231,183,1,1,2,2,0,0,0.01733209937810898,80.70576757520394,2732032
grouped_conv_forward_bf16_2d_32x64x64_compv3,95,2,256,128,1,231,183,1,1,2,2,0,0,0.015300099737942219,91.42426572103713,2732032
grouped_conv_forward_bf16_2d_32x64x64_compv4,95,2,256,128,1,231,183,1,1,2,2,0,0,0.01620810106396675,86.302545775073,2732032
grouped_conv_forward_bf16_2d_64x64x64_compv3,95,2,256,128,1,231,183,1,1,2,2,0,0,0.01318410038948059,106.09752221820787,2732032
grouped_conv_forward_bf16_2d_64x64x64_compv4,95,2,256,128,1,231,183,1,1,2,2,0,0,0.01889210008084774,74.04155059595853,2732032
grouped_conv_forward_bf16_2d_32x128x64_compv3,95,2,256,128,1,231,183,1,1,2,2,0,0,0.010764000006020069,129.95172642304735,2732032
grouped_conv_forward_bf16_2d_32x128x64_compv4,95,2,256,128,1,231,183,1,1,2,2,0,0,0.016020100563764572,87.31533103880186,2732032
grouped_conv_forward_bf16_2d_64x128x64_compv3,95,2,256,128,1,231,183,1,1,2,2,0,0,0.012108100578188896,115.52599641596548,2732032
grouped_conv_forward_bf16_2d_64x128x64_compv4,95,2,256,128,1,231,183,1,1,2,2,0,0,0.018912099301815033,73.96325292484872,2732032
grouped_conv_forward_bf16_2d_128x128x64_compv3,95,2,256,128,1,231,183,1,1,2,2,0,0,0.010980100370943546,127.39413454740557,2732032
grouped_conv_forward_bf16_2d_128x128x64_compv4,95,2,256,128,1,231,183,1,1,2,2,0,0,0.018964100629091263,73.76043880795568,2732032
grouped_conv_forward_bf16_2d_16x64x128_compv3,95,2,256,128,1,231,183,1,1,2,2,0,0,0.013840099796652794,101.06866312758075,2732032
grouped_conv_forward_bf16_2d_16x64x128_compv4,95,2,256,128,1,231,183,1,1,2,2,0,0,0.016908099874854088,82.72960263739105,2732032
grouped_conv_forward_bf16_2d_32x64x128_compv3,95,2,256,128,1,231,183,1,1,2,2,0,0,0.012228099629282951,114.3922953203829,2732032
grouped_conv_forward_bf16_2d_32x64x128_compv4,95,2,256,128,1,231,183,1,1,2,2,0,0,0.016040099784731865,87.20646397296606,2732032
grouped_conv_forward_bf16_2d_64x64x128_compv3,95,2,256,128,1,231,183,1,1,2,2,0,0,0.012520099990069866,111.7243780089167,2732032
grouped_conv_forward_bf16_2d_64x64x128_compv4,95,2,256,128,1,231,183,1,1,2,2,0,0,0.01894409954547882,73.83831470278756,2732032
grouped_conv_forward_bf16_2d_128x64x128_compv3,95,2,256,128,1,231,183,1,1,2,2,0,0,0.013760100118815899,101.65626499237793,2732032
grouped_conv_forward_bf16_2d_128x64x128_compv4,95,2,256,128,1,231,183,1,1,2,2,0,0,0.01892009936273098,73.93197874823916,2732032
grouped_conv_forward_bf16_2d_16x64x64_compv3,96,2,1024,512,1,55,43,1,1,2,2,0,0,0.01799609884619713,71.78475974380349,630784
grouped_conv_forward_bf16_2d_16x64x64_compv4,96,2,1024,512,1,55,43,1,1,2,2,0,0,0.015772100538015366,81.90701225155615,630784
grouped_conv_forward_bf16_2d_32x64x64_compv3,96,2,1024,512,1,55,43,1,1,2,2,0,0,0.01894409954547882,68.19250653210965,630784
grouped_conv_forward_bf16_2d_32x64x64_compv4,96,2,1024,512,1,55,43,1,1,2,2,0,0,0.01722409948706627,75.00221610831142,630784
grouped_conv_forward_bf16_2d_64x64x64_compv3,96,2,1024,512,1,55,43,1,1,2,2,0,0,0.020124100148677826,64.19395761578316,630784
grouped_conv_forward_bf16_2d_64x64x64_compv4,96,2,1024,512,1,55,43,1,1,2,2,0,0,0.02003210037946701,64.4887758911266,630784
grouped_conv_forward_bf16_2d_32x128x64_compv3,96,2,1024,512,1,55,43,1,1,2,2,0,0,0.019512100145220757,66.2074109083753,630784
grouped_conv_forward_bf16_2d_32x128x64_compv4,96,2,1024,512,1,55,43,1,1,2,2,0,0,0.016120100393891335,80.13880809883425,630784
grouped_conv_forward_bf16_2d_64x128x64_compv3,96,2,1024,512,1,55,43,1,1,2,2,0,0,0.022388100624084473,57.70233275663723,630784
grouped_conv_forward_bf16_2d_64x128x64_compv4,96,2,1024,512,1,55,43,1,1,2,2,0,0,0.03178020194172859,40.64938398971463,630784
grouped_conv_forward_bf16_2d_128x128x64_compv3,96,2,1024,512,1,55,43,1,1,2,2,0,0,0.02369620092213154,54.51699351491635,630784
grouped_conv_forward_bf16_2d_128x128x64_compv4,96,2,1024,512,1,55,43,1,1,2,2,0,0,0.021472100168466568,60.16391605219758,630784
grouped_conv_forward_bf16_2d_16x64x128_compv3,96,2,1024,512,1,55,43,1,1,2,2,0,0,0.014764100313186646,87.49910963732617,630784
grouped_conv_forward_bf16_2d_16x64x128_compv4,96,2,1024,512,1,55,43,1,1,2,2,0,0,0.015860099345445633,81.4525561197676,630784
grouped_conv_forward_bf16_2d_32x64x128_compv3,96,2,1024,512,1,55,43,1,1,2,2,0,0,0.015324098989367485,84.30157185073901,630784
grouped_conv_forward_bf16_2d_32x64x128_compv4,96,2,1024,512,1,55,43,1,1,2,2,0,0,0.017816100269556046,72.51001130744035,630784
grouped_conv_forward_bf16_2d_64x64x128_compv3,96,2,1024,512,1,55,43,1,1,2,2,0,0,0.01642009988427162,78.67465125698929,630784
grouped_conv_forward_bf16_2d_64x64x128_compv4,96,2,1024,512,1,55,43,1,1,2,2,0,0,0.019444100558757782,66.43895036935211,630784
grouped_conv_forward_bf16_2d_128x64x128_compv3,96,2,1024,512,1,55,43,1,1,2,2,0,0,0.017004098743200302,75.97260234192599,630784
grouped_conv_forward_bf16_2d_128x64x128_compv4,96,2,1024,512,1,55,43,1,1,2,2,0,0,0.01948009990155697,66.31617078600033,630784
grouped_conv_forward_bf16_2d_16x64x64_compv3,97,2,512,128,1,92,84,1,1,1,1,0,0,0.020532099530100822,98.66739779972478,1978368
grouped_conv_forward_bf16_2d_16x64x64_compv4,97,2,512,128,1,92,84,1,1,1,1,0,0,0.0220480989664793,91.8831521520285,1978368
grouped_conv_forward_bf16_2d_32x64x64_compv3,97,2,512,128,1,92,84,1,1,1,1,0,0,0.017520099878311157,115.62998191054153,1978368
grouped_conv_forward_bf16_2d_32x64x64_compv4,97,2,512,128,1,92,84,1,1,1,1,0,0,0.018960099667310715,106.84800541912682,1978368
grouped_conv_forward_bf16_2d_64x64x64_compv3,97,2,512,128,1,92,84,1,1,1,1,0,0,0.016776099801063538,120.75803410942807,1978368
grouped_conv_forward_bf16_2d_64x64x64_compv4,97,2,512,128,1,92,84,1,1,1,1,0,0,0.022456100210547447,90.21374205697903,1978368
grouped_conv_forward_bf16_2d_32x128x64_compv3,97,2,512,128,1,92,84,1,1,1,1,0,0,0.01419609971344471,142.7046071028494,1978368
grouped_conv_forward_bf16_2d_32x128x64_compv4,97,2,512,128,1,92,84,1,1,1,1,0,0,0.01907609961926937,106.19827283527216,1978368
grouped_conv_forward_bf16_2d_64x128x64_compv3,97,2,512,128,1,92,84,1,1,1,1,0,0,0.014596099965274334,138.79384471329388,1978368
grouped_conv_forward_bf16_2d_64x128x64_compv4,97,2,512,128,1,92,84,1,1,1,1,0,0,0.022720199078321457,89.16510040323412,1978368
grouped_conv_forward_bf16_2d_128x128x64_compv3,97,2,512,128,1,92,84,1,1,1,1,0,0,0.01563210040330887,129.59543373782233,1978368
grouped_conv_forward_bf16_2d_128x128x64_compv4,97,2,512,128,1,92,84,1,1,1,1,0,0,0.022676199674606323,89.3381104889733,1978368
grouped_conv_forward_bf16_2d_16x64x128_compv3,97,2,512,128,1,92,84,1,1,1,1,0,0,0.019280100241303444,105.07460058013895,1978368
grouped_conv_forward_bf16_2d_16x64x128_compv4,97,2,512,128,1,92,84,1,1,1,1,0,0,0.022200200706720352,91.25362688215442,1978368
grouped_conv_forward_bf16_2d_32x64x128_compv3,97,2,512,128,1,92,84,1,1,1,1,0,0,0.016444100067019463,123.19609001060954,1978368
grouped_conv_forward_bf16_2d_32x64x128_compv4,97,2,512,128,1,92,84,1,1,1,1,0,0,0.018904101103544235,107.16451530298808,1978368
grouped_conv_forward_bf16_2d_64x64x128_compv3,97,2,512,128,1,92,84,1,1,1,1,0,0,0.013724100776016712,147.612500451777,1978368
grouped_conv_forward_bf16_2d_64x64x128_compv4,97,2,512,128,1,92,84,1,1,1,1,0,0,0.02244419977068901,90.26157549380112,1978368
grouped_conv_forward_bf16_2d_128x64x128_compv3,97,2,512,128,1,92,84,1,1,1,1,0,0,0.012076100334525108,167.7568731528485,1978368
grouped_conv_forward_bf16_2d_128x64x128_compv4,97,2,512,128,1,92,84,1,1,1,1,0,0,0.02270819991827011,89.21221582033382,1978368
grouped_conv_forward_bf16_2d_16x64x64_compv3,98,2,1024,2048,1,49,41,1,1,2,2,0,0,0.03769620135426521,116.82925710767137,2150400
grouped_conv_forward_bf16_2d_16x64x64_compv4,98,2,1024,2048,1,49,41,1,1,2,2,0,0,0.04173620045185089,105.52036726679783,2150400
grouped_conv_forward_bf16_2d_32x64x64_compv3,98,2,1024,2048,1,49,41,1,1,2,2,0,0,0.03730820119380951,118.0442653110478,2150400
grouped_conv_forward_bf16_2d_32x64x64_compv4,98,2,1024,2048,1,49,41,1,1,2,2,0,0,0.040532298386096954,108.65456377649261,2150400
grouped_conv_forward_bf16_2d_64x64x64_compv3,98,2,1024,2048,1,49,41,1,1,2,2,0,0,0.03253620117902756,135.35751072374046,2150400
grouped_conv_forward_bf16_2d_64x64x64_compv4,98,2,1024,2048,1,49,41,1,1,2,2,0,0,0.055360399186611176,79.55179631481244,2150400
grouped_conv_forward_bf16_2d_32x128x64_compv3,98,2,1024,2048,1,49,41,1,1,2,2,0,0,0.02958419919013977,148.863897639921,2150400
grouped_conv_forward_bf16_2d_32x128x64_compv4,98,2,1024,2048,1,49,41,1,1,2,2,0,0,0.04086830094456673,107.76125011836335,2150400
grouped_conv_forward_bf16_2d_64x128x64_compv3,98,2,1024,2048,1,49,41,1,1,2,2,0,0,0.028668200597167015,153.6203566412607,2150400
grouped_conv_forward_bf16_2d_64x128x64_compv4,98,2,1024,2048,1,49,41,1,1,2,2,0,0,0.05545239895582199,79.419813802981,2150400
grouped_conv_forward_bf16_2d_128x128x64_compv3,98,2,1024,2048,1,49,41,1,1,2,2,0,0,0.026940200477838516,163.47388370857982,2150400
grouped_conv_forward_bf16_2d_128x128x64_compv4,98,2,1024,2048,1,49,41,1,1,2,2,0,0,0.05514439940452576,79.863399503061,2150400
grouped_conv_forward_bf16_2d_16x64x128_compv3,98,2,1024,2048,1,49,41,1,1,2,2,0,0,0.03643229976296425,120.88227283628595,2150400
grouped_conv_forward_bf16_2d_16x64x128_compv4,98,2,1024,2048,1,49,41,1,1,2,2,0,0,0.041168298572301865,106.97598280058713,2150400
grouped_conv_forward_bf16_2d_32x64x128_compv3,98,2,1024,2048,1,49,41,1,1,2,2,0,0,0.03006019815802574,146.5066589663906,2150400
grouped_conv_forward_bf16_2d_32x64x128_compv4,98,2,1024,2048,1,49,41,1,1,2,2,0,0,0.04107629880309105,107.21557998961171,2150400
grouped_conv_forward_bf16_2d_64x64x128_compv3,98,2,1024,2048,1,49,41,1,1,2,2,0,0,0.03303220123052597,133.32502939374575,2150400
grouped_conv_forward_bf16_2d_64x64x128_compv4,98,2,1024,2048,1,49,41,1,1,2,2,0,0,0.05549640208482742,79.35684178711917,2150400
grouped_conv_forward_bf16_2d_128x64x128_compv3,98,2,1024,2048,1,49,41,1,1,2,2,0,0,0.03396419808268547,129.66651499553922,2150400
grouped_conv_forward_bf16_2d_128x64x128_compv4,98,2,1024,2048,1,49,41,1,1,2,2,0,0,0.05558840185403824,79.22550483757195,2150400
grouped_conv_forward_bf16_2d_16x64x64_compv3,99,2,256,128,1,312,184,1,1,2,2,0,0,0.021076099947094917,89.25490715654406,3674112
grouped_conv_forward_bf16_2d_16x64x64_compv4,99,2,256,128,1,312,184,1,1,2,2,0,0,0.021456100046634674,87.67415047055823,3674112
grouped_conv_forward_bf16_2d_32x64x64_compv3,99,2,256,128,1,312,184,1,1,2,2,0,0,0.018056100234389305,104.18336847827231,3674112
grouped_conv_forward_bf16_2d_32x64x64_compv4,99,2,256,128,1,312,184,1,1,2,2,0,0,0.019644100219011307,95.76133918210475,3674112
grouped_conv_forward_bf16_2d_64x64x64_compv3,99,2,256,128,1,312,184,1,1,2,2,0,0,0.01677210070192814,112.15919683714644,3674112
grouped_conv_forward_bf16_2d_64x64x64_compv4,99,2,256,128,1,312,184,1,1,2,2,0,0,0.024424199014902115,77.01973533921186,3674112
grouped_conv_forward_bf16_2d_32x128x64_compv3,99,2,256,128,1,312,184,1,1,2,2,0,0,0.014440099708735943,130.2723237334676,3674112
grouped_conv_forward_bf16_2d_32x128x64_compv4,99,2,256,128,1,312,184,1,1,2,2,0,0,0.0196601003408432,95.68340503796837,3674112
grouped_conv_forward_bf16_2d_64x128x64_compv3,99,2,256,128,1,312,184,1,1,2,2,0,0,0.012136099860072136,155.00410887265215,3674112
grouped_conv_forward_bf16_2d_64x128x64_compv4,99,2,256,128,1,312,184,1,1,2,2,0,0,0.024392198771238327,77.12077790289749,3674112
grouped_conv_forward_bf16_2d_128x128x64_compv3,99,2,256,128,1,312,184,1,1,2,2,0,0,0.011044099926948547,170.33034438685624,3674112
grouped_conv_forward_bf16_2d_128x128x64_compv4,99,2,256,128,1,312,184,1,1,2,2,0,0,0.024448199197649956,76.94412700060224,3674112
grouped_conv_forward_bf16_2d_16x64x128_compv3,99,2,256,128,1,312,184,1,1,2,2,0,0,0.017376098781824112,108.2605116153996,3674112
grouped_conv_forward_bf16_2d_16x64x128_compv4,99,2,256,128,1,312,184,1,1,2,2,0,0,0.02115209959447384,88.93421362725924,3674112
grouped_conv_forward_bf16_2d_32x64x128_compv3,99,2,256,128,1,312,184,1,1,2,2,0,0,0.015024100430309772,125.20851765640214,3674112
grouped_conv_forward_bf16_2d_32x64x128_compv4,99,2,256,128,1,312,184,1,1,2,2,0,0,0.020200099796056747,93.12554705136742,3674112
grouped_conv_forward_bf16_2d_64x64x128_compv3,99,2,256,128,1,312,184,1,1,2,2,0,0,0.01448809914290905,129.84072827253493,3674112
grouped_conv_forward_bf16_2d_64x64x128_compv4,99,2,256,128,1,312,184,1,1,2,2,0,0,0.024608198553323746,76.44384614029052,3674112
grouped_conv_forward_bf16_2d_128x64x128_compv3,99,2,256,128,1,312,184,1,1,2,2,0,0,0.014580098912119865,129.02143910946157,3674112
grouped_conv_forward_bf16_2d_128x64x128_compv4,99,2,256,128,1,312,184,1,1,2,2,0,0,0.024536199867725372,76.66816190531756,3674112
grouped_conv_forward_bf16_2d_16x64x64_compv3,100,5,64,64,1,75,75,1,3,1,1,0,1,0.010023999959230423,68.9545094584244,1800000
grouped_conv_forward_bf16_2d_16x64x64_compv4,100,5,64,64,1,75,75,1,3,1,1,0,1,0.01140809990465641,60.58852970930548,1800000
grouped_conv_forward_bf16_2d_32x64x64_compv3,100,5,64,64,1,75,75,1,3,1,1,0,1,0.009251999668776989,74.7081738807897,1800000
grouped_conv_forward_bf16_2d_32x64x64_compv4,100,5,64,64,1,75,75,1,3,1,1,0,1,0.011732099577784538,58.915285829045494,1800000
grouped_conv_forward_bf16_2d_64x64x64_compv3,100,5,64,64,1,75,75,1,3,1,1,0,1,0.008812000043690205,78.43849257523901,1800000
grouped_conv_forward_bf16_2d_64x64x64_compv4,100,5,64,64,1,75,75,1,3,1,1,0,1,0.012948100455105305,53.38234765760308,1800000
grouped_conv_forward_bf16_2d_32x128x64_compv3,100,5,64,64,1,75,75,1,3,1,1,0,1,0.012144099920988083,56.91652773750908,1800000
grouped_conv_forward_bf16_2d_32x128x64_compv4,100,5,64,64,1,75,75,1,3,1,1,0,1,0.010788099840283394,64.0705972537461,1800000
grouped_conv_forward_bf16_2d_64x128x64_compv3,100,5,64,64,1,75,75,1,3,1,1,0,1,0.010080000385642052,68.57142594801336,1800000
grouped_conv_forward_bf16_2d_64x128x64_compv4,100,5,64,64,1,75,75,1,3,1,1,0,1,0.013516100123524666,51.1390115257412,1800000
grouped_conv_forward_bf16_2d_128x128x64_compv3,100,5,64,64,1,75,75,1,3,1,1,0,1,0.009248100221157074,74.73967447051743,1800000
grouped_conv_forward_bf16_2d_128x128x64_compv4,100,5,64,64,1,75,75,1,3,1,1,0,1,0.012916100211441517,53.51460492600636,1800000
grouped_conv_forward_bf16_2d_16x64x128_compv3,100,5,64,64,1,75,75,1,3,1,1,0,1,0.010492099449038506,65.87814034333628,1800000
grouped_conv_forward_bf16_2d_16x64x128_compv4,100,5,64,64,1,75,75,1,3,1,1,0,1,0.011060100048780441,62.49491387523354,1800000
grouped_conv_forward_bf16_2d_32x64x128_compv3,100,5,64,64,1,75,75,1,3,1,1,0,1,0.009031999856233597,76.52790201529464,1800000
grouped_conv_forward_bf16_2d_32x64x128_compv4,100,5,64,64,1,75,75,1,3,1,1,0,1,0.011140099726617336,62.046123191204245,1800000
grouped_conv_forward_bf16_2d_64x64x128_compv3,100,5,64,64,1,75,75,1,3,1,1,0,1,0.009056100621819496,76.3242402955024,1800000
grouped_conv_forward_bf16_2d_64x64x128_compv4,100,5,64,64,1,75,75,1,3,1,1,0,1,0.013848100788891315,49.912981609324184,1800000
grouped_conv_forward_bf16_2d_128x64x128_compv3,100,5,64,64,1,75,75,1,3,1,1,0,1,0.007583999540656805,91.13924602639669,1800000
grouped_conv_forward_bf16_2d_128x64x128_compv4,100,5,64,64,1,75,75,1,3,1,1,0,1,0.013704100623726845,50.43745802648868,1800000
grouped_conv_forward_bf16_2d_16x64x64_compv3,101,2,64,64,1,304,184,3,3,1,1,1,1,0.06094430014491081,135.33831377812223,7159808
grouped_conv_forward_bf16_2d_16x64x64_compv4,101,2,64,64,1,304,184,3,3,1,1,1,1,0.07829250395298004,105.34978956546776,7159808
grouped_conv_forward_bf16_2d_32x64x64_compv3,101,2,64,64,1,304,184,3,3,1,1,1,1,0.05271630361676216,156.4620098549049,7159808
grouped_conv_forward_bf16_2d_32x64x64_compv4,101,2,64,64,1,304,184,3,3,1,1,1,1,0.06554049998521805,125.8473587760281,7159808
grouped_conv_forward_bf16_2d_64x64x64_compv3,101,2,64,64,1,304,184,3,3,1,1,1,1,0.043844301253557205,188.12248297219264,7159808
grouped_conv_forward_bf16_2d_64x64x64_compv4,101,2,64,64,1,304,184,3,3,1,1,1,1,0.07910860329866409,104.26298116856383,7159808
grouped_conv_forward_bf16_2d_32x128x64_compv3,101,2,64,64,1,304,184,3,3,1,1,1,1,0.06722450256347656,122.694828544276,7159808
grouped_conv_forward_bf16_2d_32x128x64_compv4,101,2,64,64,1,304,184,3,3,1,1,1,1,0.0657925009727478,125.36533334424361,7159808
grouped_conv_forward_bf16_2d_64x128x64_compv3,101,2,64,64,1,304,184,3,3,1,1,1,1,0.058596499264240265,140.76094851341358,7159808
grouped_conv_forward_bf16_2d_64x128x64_compv4,101,2,64,64,1,304,184,3,3,1,1,1,1,0.0789685994386673,104.44782957567922,7159808
grouped_conv_forward_bf16_2d_128x128x64_compv3,101,2,64,64,1,304,184,3,3,1,1,1,1,0.05961649864912033,138.3526205479648,7159808
grouped_conv_forward_bf16_2d_128x128x64_compv4,101,2,64,64,1,304,184,3,3,1,1,1,1,0.07865659892559052,104.86213399339498,7159808
grouped_conv_forward_bf16_2d_16x64x128_compv3,101,2,64,64,1,304,184,3,3,1,1,1,1,0.0640845000743866,128.7066109031974,7159808
grouped_conv_forward_bf16_2d_16x64x128_compv4,101,2,64,64,1,304,184,3,3,1,1,1,1,0.07680860161781311,107.38509284469433,7159808
grouped_conv_forward_bf16_2d_32x64x128_compv3,101,2,64,64,1,304,184,3,3,1,1,1,1,0.04881640151143074,168.96163094013892,7159808
grouped_conv_forward_bf16_2d_32x64x128_compv4,101,2,64,64,1,304,184,3,3,1,1,1,1,0.06477250158786774,127.33951312365117,7159808
grouped_conv_forward_bf16_2d_64x64x128_compv3,101,2,64,64,1,304,184,3,3,1,1,1,1,0.04608440026640892,178.97810904164174,7159808
grouped_conv_forward_bf16_2d_64x64x128_compv4,101,2,64,64,1,304,184,3,3,1,1,1,1,0.07872860133647919,104.7662307723256,7159808
grouped_conv_forward_bf16_2d_128x64x128_compv3,101,2,64,64,1,304,184,3,3,1,1,1,1,0.04770039767026901,172.91467616298144,7159808
grouped_conv_forward_bf16_2d_128x64x128_compv4,101,2,64,64,1,304,184,3,3,1,1,1,1,0.078712597489357,104.7875318447629,7159808
grouped_conv_forward_bf16_2d_16x64x64_compv3,102,4,512,512,1,61,61,3,3,2,2,1,1,0.13904491066932678,130.44898630728014,1968128
grouped_conv_forward_bf16_2d_16x64x64_compv4,102,4,512,512,1,61,61,3,3,2,2,1,1,0.14298510551452637,126.85424529170466,1968128
grouped_conv_forward_bf16_2d_32x64x64_compv3,102,4,512,512,1,61,61,3,3,2,2,1,1,0.10802479833364487,167.9083685208857,1968128
grouped_conv_forward_bf16_2d_32x64x64_compv4,102,4,512,512,1,61,61,3,3,2,2,1,1,0.11603289842605591,156.32004279854254,1968128
grouped_conv_forward_bf16_2d_64x64x64_compv3,102,4,512,512,1,61,61,3,3,2,2,1,1,0.09956879913806915,182.16818727368795,1968128
grouped_conv_forward_bf16_2d_64x64x64_compv4,102,4,512,512,1,61,61,3,3,2,2,1,1,0.15402120351791382,117.7647442930829,1968128
grouped_conv_forward_bf16_2d_32x128x64_compv3,102,4,512,512,1,61,61,3,3,2,2,1,1,0.08601269870996475,210.87895066706753,1968128
grouped_conv_forward_bf16_2d_32x128x64_compv4,102,4,512,512,1,61,61,3,3,2,2,1,1,0.11728499829769135,154.6512163641054,1968128
grouped_conv_forward_bf16_2d_64x128x64_compv3,102,4,512,512,1,61,61,3,3,2,2,1,1,0.09750080108642578,186.03198584924488,1968128
grouped_conv_forward_bf16_2d_64x128x64_compv4,102,4,512,512,1,61,61,3,3,2,2,1,1,0.15303729474544525,118.52187846217686,1968128
grouped_conv_forward_bf16_2d_128x128x64_compv3,102,4,512,512,1,61,61,3,3,2,2,1,1,0.09870880097150803,183.7553234309426,1968128
grouped_conv_forward_bf16_2d_128x128x64_compv4,102,4,512,512,1,61,61,3,3,2,2,1,1,0.15524129569530487,116.83919260504197,1968128
grouped_conv_forward_bf16_2d_16x64x128_compv3,102,4,512,512,1,61,61,3,3,2,2,1,1,0.11717300117015839,154.79903618462112,1968128
grouped_conv_forward_bf16_2d_16x64x128_compv4,102,4,512,512,1,61,61,3,3,2,2,1,1,0.14009319245815277,129.4728696643706,1968128
grouped_conv_forward_bf16_2d_32x64x128_compv3,102,4,512,512,1,61,61,3,3,2,2,1,1,0.104128897190094,174.1905286376694,1968128
grouped_conv_forward_bf16_2d_32x64x128_compv4,102,4,512,512,1,61,61,3,3,2,2,1,1,0.11560900509357452,156.8932076988189,1968128
grouped_conv_forward_bf16_2d_64x64x128_compv3,102,4,512,512,1,61,61,3,3,2,2,1,1,0.07519260048866272,241.22410357033502,1968128
grouped_conv_forward_bf16_2d_64x64x128_compv4,102,4,512,512,1,61,61,3,3,2,2,1,1,0.1555573046207428,116.6018380957557,1968128
grouped_conv_forward_bf16_2d_128x64x128_compv3,102,4,512,512,1,61,61,3,3,2,2,1,1,0.06662049889564514,272.2625610536469,1968128
grouped_conv_forward_bf16_2d_128x64x128_compv4,102,4,512,512,1,61,61,3,3,2,2,1,1,0.153445303440094,118.20673061578123,1968128
grouped_conv_forward_bf16_2d_16x64x64_compv3,103,2,64,256,1,160,240,1,1,1,1,0,0,0.038908202201128006,64.67999695773763,19660800
grouped_conv_forward_bf16_2d_16x64x64_compv4,103,2,64,256,1,160,240,1,1,1,1,0,0,0.07910050451755524,31.81499808817882,19660800
grouped_conv_forward_bf16_2d_32x64x64_compv3,103,2,64,256,1,160,240,1,1,1,1,0,0,0.03252819925546646,77.36617635164913,19660800
grouped_conv_forward_bf16_2d_32x64x64_compv4,103,2,64,256,1,160,240,1,1,1,1,0,0,0.07526860386133194,33.43468951060024,19660800
grouped_conv_forward_bf16_2d_64x64x64_compv3,103,2,64,256,1,160,240,1,1,1,1,0,0,0.028432199731469154,88.51170235747225,19660800
grouped_conv_forward_bf16_2d_64x64x64_compv4,103,2,64,256,1,160,240,1,1,1,1,0,0,0.0942528024315834,26.700345613879723,19660800
grouped_conv_forward_bf16_2d_32x128x64_compv3,103,2,64,256,1,160,240,1,1,1,1,0,0,0.023784199729561806,105.80900045470501,19660800
grouped_conv_forward_bf16_2d_32x128x64_compv4,103,2,64,256,1,160,240,1,1,1,1,0,0,0.0743006020784378,33.87028273799571,19660800
grouped_conv_forward_bf16_2d_64x128x64_compv3,103,2,64,256,1,160,240,1,1,1,1,0,0,0.025612199679017067,98.25717554676585,19660800
grouped_conv_forward_bf16_2d_64x128x64_compv4,103,2,64,256,1,160,240,1,1,1,1,0,0,0.09472879767417908,26.56618115914252,19660800
grouped_conv_forward_bf16_2d_128x128x64_compv3,103,2,64,256,1,160,240,1,1,1,1,0,0,0.028536200523376465,88.1891195689647,19660800
grouped_conv_forward_bf16_2d_128x128x64_compv4,103,2,64,256,1,160,240,1,1,1,1,0,0,0.09336879849433899,26.953141098335777,19660800
grouped_conv_forward_bf16_2d_16x64x128_compv3,103,2,64,256,1,160,240,1,1,1,1,0,0,0.054460398852825165,46.20940083088376,19660800
grouped_conv_forward_bf16_2d_16x64x128_compv4,103,2,64,256,1,160,240,1,1,1,1,0,0,0.0804366022348404,31.286532872841374,19660800
grouped_conv_forward_bf16_2d_32x64x128_compv3,103,2,64,256,1,160,240,1,1,1,1,0,0,0.04349229857325554,57.86271322867049,19660800
grouped_conv_forward_bf16_2d_32x64x128_compv4,103,2,64,256,1,160,240,1,1,1,1,0,0,0.073260597884655,34.35110376743346,19660800
grouped_conv_forward_bf16_2d_64x64x128_compv3,103,2,64,256,1,160,240,1,1,1,1,0,0,0.04135630279779434,60.85124224726919,19660800
grouped_conv_forward_bf16_2d_64x64x128_compv4,103,2,64,256,1,160,240,1,1,1,1,0,0,0.09358879923820496,26.889781902156056,19660800
grouped_conv_forward_bf16_2d_128x64x128_compv3,103,2,64,256,1,160,240,1,1,1,1,0,0,0.04910840094089508,51.24545600718823,19660800
grouped_conv_forward_bf16_2d_128x64x128_compv4,103,2,64,256,1,160,240,1,1,1,1,0,0,0.0947808027267456,26.551604624570892,19660800
grouped_conv_forward_bf16_2d_16x64x64_compv3,104,2,256,512,1,159,295,1,1,2,2,0,0,0.05632830411195755,110.20338740647861,12124160
grouped_conv_forward_bf16_2d_16x64x64_compv4,104,2,256,512,1,159,295,1,1,2,2,0,0,0.06089640408754349,101.93655952289265,12124160
grouped_conv_forward_bf16_2d_32x64x64_compv3,104,2,256,512,1,159,295,1,1,2,2,0,0,0.04630040004849434,134.0716260226323,12124160
grouped_conv_forward_bf16_2d_32x64x64_compv4,104,2,256,512,1,159,295,1,1,2,2,0,0,0.055172402411699295,112.5122280099169,12124160
grouped_conv_forward_bf16_2d_64x64x64_compv3,104,2,256,512,1,159,295,1,1,2,2,0,0,0.03942430019378662,157.45542443333795,12124160
grouped_conv_forward_bf16_2d_64x64x64_compv4,104,2,256,512,1,159,295,1,1,2,2,0,0,0.06910450011491776,89.82873632942983,12124160
grouped_conv_forward_bf16_2d_32x128x64_compv3,104,2,256,512,1,159,295,1,1,2,2,0,0,0.034876298159360886,177.98821112365886,12124160
grouped_conv_forward_bf16_2d_32x128x64_compv4,104,2,256,512,1,159,295,1,1,2,2,0,0,0.055148400366306305,112.56119631336765,12124160
grouped_conv_forward_bf16_2d_64x128x64_compv3,104,2,256,512,1,159,295,1,1,2,2,0,0,0.03112420067191124,199.44511942445374,12124160
grouped_conv_forward_bf16_2d_64x128x64_compv4,104,2,256,512,1,159,295,1,1,2,2,0,0,0.06968860328197479,89.07582628515114,12124160
grouped_conv_forward_bf16_2d_128x128x64_compv3,104,2,256,512,1,159,295,1,1,2,2,0,0,0.03192419931292534,194.44716088734305,12124160
grouped_conv_forward_bf16_2d_128x128x64_compv4,104,2,256,512,1,159,295,1,1,2,2,0,0,0.06998459994792938,88.69908415020757,12124160
grouped_conv_forward_bf16_2d_16x64x128_compv3,104,2,256,512,1,159,295,1,1,2,2,0,0,0.047660402953624725,130.2458547410979,12124160
grouped_conv_forward_bf16_2d_16x64x128_compv4,104,2,256,512,1,159,295,1,1,2,2,0,0,0.06139649823307991,101.1062535917629,12124160
grouped_conv_forward_bf16_2d_32x64x128_compv3,104,2,256,512,1,159,295,1,1,2,2,0,0,0.03878830000758171,160.03717406503105,12124160
grouped_conv_forward_bf16_2d_32x64x128_compv4,104,2,256,512,1,159,295,1,1,2,2,0,0,0.05484039708971977,113.1933802347258,12124160
grouped_conv_forward_bf16_2d_64x64x128_compv3,104,2,256,512,1,159,295,1,1,2,2,0,0,0.03688029944896698,168.31668974352306,12124160
grouped_conv_forward_bf16_2d_64x64x128_compv4,104,2,256,512,1,159,295,1,1,2,2,0,0,0.07000459730625153,88.67374656615092,12124160
grouped_conv_forward_bf16_2d_128x64x128_compv3,104,2,256,512,1,159,295,1,1,2,2,0,0,0.03835630044341087,161.83964168177178,12124160
grouped_conv_forward_bf16_2d_128x64x128_compv4,104,2,256,512,1,159,295,1,1,2,2,0,0,0.0699365958571434,88.75996670870208,12124160
grouped_conv_forward_bf16_2d_16x64x64_compv3,105,1,256,512,1,14,14,1,1,2,2,0,0,0.005888000130653381,2.1815651689828695,25088
grouped_conv_forward_bf16_2d_16x64x64_compv4,105,1,256,512,1,14,14,1,1,2,2,0,0,0.004972000140696764,2.5834786075046097,25088
grouped_conv_forward_bf16_2d_32x64x64_compv3,105,1,256,512,1,14,14,1,1,2,2,0,0,0.007132100407034159,1.8010200736001052,25088
grouped_conv_forward_bf16_2d_32x64x64_compv4,105,1,256,512,1,14,14,1,1,2,2,0,0,0.00656410027295351,1.9568646830284298,25088
grouped_conv_forward_bf16_2d_64x64x64_compv3,105,1,256,512,1,14,14,1,1,2,2,0,0,0.008452100679278374,1.5197471596015926,25088
grouped_conv_forward_bf16_2d_64x64x64_compv4,105,1,256,512,1,14,14,1,1,2,2,0,0,0.008055999875068665,1.59447072979138,25088
grouped_conv_forward_bf16_2d_32x128x64_compv3,105,1,256,512,1,14,14,1,1,2,2,0,0,0.008380100131034851,1.5328045965023303,25088
grouped_conv_forward_bf16_2d_32x128x64_compv4,105,1,256,512,1,14,14,1,1,2,2,0,0,0.005760100204497576,2.2300056498965732,25088
grouped_conv_forward_bf16_2d_64x128x64_compv3,105,1,256,512,1,14,14,1,1,2,2,0,0,0.008688099682331085,1.478465541333841,25088
grouped_conv_forward_bf16_2d_64x128x64_compv4,105,1,256,512,1,14,14,1,1,2,2,0,0,0.0077680000104010105,1.6535859916067244,25088
grouped_conv_forward_bf16_2d_128x128x64_compv3,105,1,256,512,1,14,14,1,1,2,2,0,0,0.00920799933373928,1.394988806410322,25088
grouped_conv_forward_bf16_2d_128x128x64_compv4,105,1,256,512,1,14,14,1,1,2,2,0,0,0.0072839995846152306,1.7634619347220248,25088
grouped_conv_forward_bf16_2d_16x64x128_compv3,105,1,256,512,1,14,14,1,1,2,2,0,0,0.00455200020223856,2.8218487322744674,25088
grouped_conv_forward_bf16_2d_16x64x128_compv4,105,1,256,512,1,14,14,1,1,2,2,0,0,0.004983999766409397,2.5772585477574994,25088
grouped_conv_forward_bf16_2d_32x64x128_compv3,105,1,256,512,1,14,14,1,1,2,2,0,0,0.005615999922156334,2.2872251029284163,25088
grouped_conv_forward_bf16_2d_32x64x128_compv4,105,1,256,512,1,14,14,1,1,2,2,0,0,0.006479999981820583,1.9822617339562287,25088
grouped_conv_forward_bf16_2d_64x64x128_compv3,105,1,256,512,1,14,14,1,1,2,2,0,0,0.00656410027295351,1.9568646830284298,25088
grouped_conv_forward_bf16_2d_64x64x128_compv4,105,1,256,512,1,14,14,1,1,2,2,0,0,0.007295999675989151,1.7605614816942188,25088
grouped_conv_forward_bf16_2d_128x64x128_compv3,105,1,256,512,1,14,14,1,1,2,2,0,0,0.007376000285148621,1.7414663101170396,25088
grouped_conv_forward_bf16_2d_128x64x128_compv4,105,1,256,512,1,14,14,1,1,2,2,0,0,0.007912000641226768,1.6234902627622074,25088
grouped_conv_forward_bf16_2d_16x64x64_compv3,106,2,64,256,1,336,176,1,1,1,1,0,0,0.05709630250930786,67.87719564446766,30277632
grouped_conv_forward_bf16_2d_16x64x64_compv4,106,2,64,256,1,336,176,1,1,1,1,0,0,0.11861280351877213,32.67384954261403,30277632
grouped_conv_forward_bf16_2d_32x64x64_compv3,106,2,64,256,1,336,176,1,1,1,1,0,0,0.04739629849791527,81.76876715742826,30277632
grouped_conv_forward_bf16_2d_32x64x64_compv4,106,2,64,256,1,336,176,1,1,1,1,0,0,0.10984879732131958,35.28064931529142,30277632
grouped_conv_forward_bf16_2d_64x64x64_compv3,106,2,64,256,1,336,176,1,1,1,1,0,0,0.03992829844355583,97.06241054771235,30277632
grouped_conv_forward_bf16_2d_64x64x64_compv4,106,2,64,256,1,336,176,1,1,1,1,0,0,0.14171309769153595,27.34776784313757,30277632
grouped_conv_forward_bf16_2d_32x128x64_compv3,106,2,64,256,1,336,176,1,1,1,1,0,0,0.03353619948029518,115.56279352039112,30277632
grouped_conv_forward_bf16_2d_32x128x64_compv4,106,2,64,256,1,336,176,1,1,1,1,0,0,0.11010090261697769,35.199864886506276,30277632
grouped_conv_forward_bf16_2d_64x128x64_compv3,106,2,64,256,1,336,176,1,1,1,1,0,0,0.03392820060253143,114.22759908201087,30277632
grouped_conv_forward_bf16_2d_64x128x64_compv4,106,2,64,256,1,336,176,1,1,1,1,0,0,0.14270919561386108,27.15688277359736,30277632
grouped_conv_forward_bf16_2d_128x128x64_compv3,106,2,64,256,1,336,176,1,1,1,1,0,0,0.04234429821372032,91.52440964871761,30277632
grouped_conv_forward_bf16_2d_128x128x64_compv4,106,2,64,256,1,336,176,1,1,1,1,0,0,0.14308521151542664,27.08551676971985,30277632
grouped_conv_forward_bf16_2d_16x64x128_compv3,106,2,64,256,1,336,176,1,1,1,1,0,0,0.07856069505214691,49.33175417334968,30277632
grouped_conv_forward_bf16_2d_16x64x128_compv4,106,2,64,256,1,336,176,1,1,1,1,0,0,0.12051700055599213,32.1575950124931,30277632
grouped_conv_forward_bf16_2d_32x64x128_compv3,106,2,64,256,1,336,176,1,1,1,1,0,0,0.06311650574207306,61.40290642573694,30277632
grouped_conv_forward_bf16_2d_32x64x128_compv4,106,2,64,256,1,336,176,1,1,1,1,0,0,0.11019289493560791,35.170478988365815,30277632
grouped_conv_forward_bf16_2d_64x64x128_compv3,106,2,64,256,1,336,176,1,1,1,1,0,0,0.06065649911761284,63.89318461135288,30277632
grouped_conv_forward_bf16_2d_64x64x128_compv4,106,2,64,256,1,336,176,1,1,1,1,0,0,0.14035320281982422,27.612742838331574,30277632
grouped_conv_forward_bf16_2d_128x64x128_compv3,106,2,64,256,1,336,176,1,1,1,1,0,0,0.07106459885835648,54.53540804085291,30277632
grouped_conv_forward_bf16_2d_128x64x128_compv4,106,2,64,256,1,336,176,1,1,1,1,0,0,0.1406572014093399,27.553064167126653,30277632
grouped_conv_forward_bf16_2d_16x64x64_compv3,107,2,64,256,1,168,288,1,1,1,1,0,0,0.047720301896333694,66.4474803803288,24772608
grouped_conv_forward_bf16_2d_16x64x64_compv4,107,2,64,256,1,168,288,1,1,1,1,0,0,0.09965280443429947,31.819413833863074,24772608
grouped_conv_forward_bf16_2d_32x64x64_compv3,107,2,64,256,1,168,288,1,1,1,1,0,0,0.03974030166864395,79.7903813221909,24772608
grouped_conv_forward_bf16_2d_32x64x64_compv4,107,2,64,256,1,168,288,1,1,1,1,0,0,0.09241269528865814,34.312318389756626,24772608
grouped_conv_forward_bf16_2d_64x64x64_compv3,107,2,64,256,1,168,288,1,1,1,1,0,0,0.03372020274400711,94.03543175799985,24772608
grouped_conv_forward_bf16_2d_64x64x64_compv4,107,2,64,256,1,168,288,1,1,1,1,0,0,0.11709300428628922,27.080130391455757,24772608
grouped_conv_forward_bf16_2d_32x128x64_compv3,107,2,64,256,1,168,288,1,1,1,1,0,0,0.028456199914216995,111.43068412363067,24772608
grouped_conv_forward_bf16_2d_32x128x64_compv4,107,2,64,256,1,168,288,1,1,1,1,0,0,0.09227269887924194,34.36437713987076,24772608
grouped_conv_forward_bf16_2d_64x128x64_compv3,107,2,64,256,1,168,288,1,1,1,1,0,0,0.02868019975721836,110.5603814074529,24772608
grouped_conv_forward_bf16_2d_64x128x64_compv4,107,2,64,256,1,168,288,1,1,1,1,0,0,0.1184530034661293,26.769214213354175,24772608
grouped_conv_forward_bf16_2d_128x128x64_compv3,107,2,64,256,1,168,288,1,1,1,1,0,0,0.03319630026817322,95.51949459380201,24772608
grouped_conv_forward_bf16_2d_128x128x64_compv4,107,2,64,256,1,168,288,1,1,1,1,0,0,0.11681699752807617,27.144113366189686,24772608
grouped_conv_forward_bf16_2d_16x64x128_compv3,107,2,64,256,1,168,288,1,1,1,1,0,0,0.06522049754858017,48.618056334791476,24772608
grouped_conv_forward_bf16_2d_16x64x128_compv4,107,2,64,256,1,168,288,1,1,1,1,0,0,0.098368801176548,32.2347511210289,24772608
grouped_conv_forward_bf16_2d_32x64x128_compv3,107,2,64,256,1,168,288,1,1,1,1,0,0,0.05239639803767204,60.51740086637608,24772608
grouped_conv_forward_bf16_2d_32x64x128_compv4,107,2,64,256,1,168,288,1,1,1,1,0,0,0.09270880371332169,34.20272613812578,24772608
grouped_conv_forward_bf16_2d_64x64x128_compv3,107,2,64,256,1,168,288,1,1,1,1,0,0,0.0502484031021595,63.104370054373454,24772608
grouped_conv_forward_bf16_2d_64x64x128_compv4,107,2,64,256,1,168,288,1,1,1,1,0,0,0.11844899505376816,26.770120105794227,24772608
grouped_conv_forward_bf16_2d_128x64x128_compv3,107,2,64,256,1,168,288,1,1,1,1,0,0,0.05856050178408623,54.14731307616097,24772608
grouped_conv_forward_bf16_2d_128x64x128_compv4,107,2,64,256,1,168,288,1,1,1,1,0,0,0.11848100274801254,26.762888146244947,24772608
grouped_conv_forward_bf16_2d_16x64x64_compv3,108,2,256,256,1,232,192,3,3,1,1,1,1,0.7000319957733154,150.12525378630133,22806528
grouped_conv_forward_bf16_2d_16x64x64_compv4,108,2,256,256,1,232,192,3,3,1,1,1,1,0.7425293922424316,141.5330923219372,22806528
grouped_conv_forward_bf16_2d_32x64x64_compv3,108,2,256,256,1,232,192,3,3,1,1,1,1,0.5568006038665771,188.74347530194615,22806528
grouped_conv_forward_bf16_2d_32x64x64_compv4,108,2,256,256,1,232,192,3,3,1,1,1,1,0.6211050748825073,169.2024188401295,22806528
grouped_conv_forward_bf16_2d_64x64x64_compv3,108,2,256,256,1,232,192,3,3,1,1,1,1,0.46083179116249084,228.04954657944603,22806528
grouped_conv_forward_bf16_2d_64x64x64_compv4,108,2,256,256,1,232,192,3,3,1,1,1,1,0.8033267855644226,130.82158209147892,22806528
grouped_conv_forward_bf16_2d_32x128x64_compv3,108,2,256,256,1,232,192,3,3,1,1,1,1,0.42124757170677185,249.47913788130822,22806528
grouped_conv_forward_bf16_2d_32x128x64_compv4,108,2,256,256,1,232,192,3,3,1,1,1,1,0.6214212775230408,169.11632225226376,22806528
grouped_conv_forward_bf16_2d_64x128x64_compv3,108,2,256,256,1,232,192,3,3,1,1,1,1,0.3430069088935852,306.3859015638778,22806528
grouped_conv_forward_bf16_2d_64x128x64_compv4,108,2,256,256,1,232,192,3,3,1,1,1,1,0.8030508756637573,130.86652939284374,22806528
grouped_conv_forward_bf16_2d_128x128x64_compv3,108,2,256,256,1,232,192,3,3,1,1,1,1,0.32177069783210754,326.6067473888962,22806528
grouped_conv_forward_bf16_2d_128x128x64_compv4,108,2,256,256,1,232,192,3,3,1,1,1,1,0.8208550214767456,128.02806619241375,22806528
grouped_conv_forward_bf16_2d_16x64x128_compv3,108,2,256,256,1,232,192,3,3,1,1,1,1,0.621181309223175,169.18165351018777,22806528
grouped_conv_forward_bf16_2d_16x64x128_compv4,108,2,256,256,1,232,192,3,3,1,1,1,1,0.7472344040870667,140.64191965625125,22806528
grouped_conv_forward_bf16_2d_32x64x128_compv3,108,2,256,256,1,232,192,3,3,1,1,1,1,0.4778320789337158,219.93601027899652,22806528
grouped_conv_forward_bf16_2d_32x64x128_compv4,108,2,256,256,1,232,192,3,3,1,1,1,1,0.6266933679580688,167.69362242721482,22806528
grouped_conv_forward_bf16_2d_64x64x128_compv3,108,2,256,256,1,232,192,3,3,1,1,1,1,0.4116954803466797,255.26751213179202,22806528
grouped_conv_forward_bf16_2d_64x64x128_compv4,108,2,256,256,1,232,192,3,3,1,1,1,1,0.8032509684562683,130.83393005547504,22806528
grouped_conv_forward_bf16_2d_128x64x128_compv3,108,2,256,256,1,232,192,3,3,1,1,1,1,0.3785633146762848,277.6087300320322,22806528
grouped_conv_forward_bf16_2d_128x64x128_compv4,108,2,256,256,1,232,192,3,3,1,1,1,1,0.8025910258293152,130.94151023606102,22806528
grouped_conv_forward_bf16_2d_16x64x64_compv3,109,2,256,512,1,216,168,1,1,2,2,0,0,0.04448840022087097,106.91193012979244,9289728
grouped_conv_forward_bf16_2d_16x64x64_compv4,109,2,256,512,1,216,168,1,1,2,2,0,0,0.04795239865779877,99.18879699725824,9289728
grouped_conv_forward_bf16_2d_32x64x64_compv3,109,2,256,512,1,216,168,1,1,2,2,0,0,0.03634429723024368,130.86896978274876,9289728
grouped_conv_forward_bf16_2d_32x64x64_compv4,109,2,256,512,1,216,168,1,1,2,2,0,0,0.04216029867529869,112.81563189652387,9289728
grouped_conv_forward_bf16_2d_64x64x64_compv3,109,2,256,512,1,216,168,1,1,2,2,0,0,0.0318962000310421,149.11935375910053,9289728
grouped_conv_forward_bf16_2d_64x64x64_compv4,109,2,256,512,1,216,168,1,1,2,2,0,0,0.052900396287441254,89.91124962761711,9289728
grouped_conv_forward_bf16_2d_32x128x64_compv3,109,2,256,512,1,216,168,1,1,2,2,0,0,0.027644198387861252,172.05565772847805,9289728
grouped_conv_forward_bf16_2d_32x128x64_compv4,109,2,256,512,1,216,168,1,1,2,2,0,0,0.04206030070781708,113.08384999530007,9289728
grouped_conv_forward_bf16_2d_64x128x64_compv3,109,2,256,512,1,216,168,1,1,2,2,0,0,0.027284199371933937,174.32583126821157,9289728
grouped_conv_forward_bf16_2d_64x128x64_compv4,109,2,256,512,1,216,168,1,1,2,2,0,0,0.05333640053868294,89.17626026432737,9289728
grouped_conv_forward_bf16_2d_128x128x64_compv3,109,2,256,512,1,216,168,1,1,2,2,0,0,0.03019220009446144,157.53541381942944,9289728
grouped_conv_forward_bf16_2d_128x128x64_compv4,109,2,256,512,1,216,168,1,1,2,2,0,0,0.052784401923418045,90.10883069018591,9289728
grouped_conv_forward_bf16_2d_16x64x128_compv3,109,2,256,512,1,216,168,1,1,2,2,0,0,0.0373602993786335,127.31002735808295,9289728
grouped_conv_forward_bf16_2d_16x64x128_compv4,109,2,256,512,1,216,168,1,1,2,2,0,0,0.04754439741373062,100.0399835675778,9289728
grouped_conv_forward_bf16_2d_32x64x128_compv3,109,2,256,512,1,216,168,1,1,2,2,0,0,0.030348200350999832,156.7256272526651,9289728
grouped_conv_forward_bf16_2d_32x64x128_compv4,109,2,256,512,1,216,168,1,1,2,2,0,0,0.04259229823946953,111.6713803340244,9289728
grouped_conv_forward_bf16_2d_64x64x128_compv3,109,2,256,512,1,216,168,1,1,2,2,0,0,0.02974019944667816,159.92968522379095,9289728
grouped_conv_forward_bf16_2d_64x64x128_compv4,109,2,256,512,1,216,168,1,1,2,2,0,0,0.05332440137863159,89.19632687908586,9289728
grouped_conv_forward_bf16_2d_128x64x128_compv3,109,2,256,512,1,216,168,1,1,2,2,0,0,0.0322921983897686,147.29070714203806,9289728
grouped_conv_forward_bf16_2d_128x64x128_compv4,109,2,256,512,1,216,168,1,1,2,2,0,0,0.05415640026330948,87.82601341438091,9289728
grouped_conv_forward_bf16_2d_16x64x64_compv3,110,2,2048,512,1,22,25,1,1,1,1,0,0,0.03118009865283966,73.98524378273277,563200
grouped_conv_forward_bf16_2d_16x64x64_compv4,110,2,2048,512,1,22,25,1,1,1,1,0,0,0.026924198493361473,85.68006956897118,563200
grouped_conv_forward_bf16_2d_32x64x64_compv3,110,2,2048,512,1,22,25,1,1,1,1,0,0,0.03329620137810707,69.28319461441065,563200
grouped_conv_forward_bf16_2d_32x64x64_compv4,110,2,2048,512,1,22,25,1,1,1,1,0,0,0.027320098131895065,84.43846683357368,563200
grouped_conv_forward_bf16_2d_64x64x64_compv3,110,2,2048,512,1,22,25,1,1,1,1,0,0,0.03663220256567001,62.973750919413405,563200
grouped_conv_forward_bf16_2d_64x64x64_compv4,110,2,2048,512,1,22,25,1,1,1,1,0,0,0.033976200968027115,67.89656095367604,563200
grouped_conv_forward_bf16_2d_32x128x64_compv3,110,2,2048,512,1,22,25,1,1,1,1,0,0,0.035036198794841766,65.84239384837691,563200
grouped_conv_forward_bf16_2d_32x128x64_compv4,110,2,2048,512,1,22,25,1,1,1,1,0,0,0.027708301320672035,83.25545378268788,563200
grouped_conv_forward_bf16_2d_64x128x64_compv3,110,2,2048,512,1,22,25,1,1,1,1,0,0,0.04030429944396019,57.23625597828611,563200
grouped_conv_forward_bf16_2d_64x128x64_compv4,110,2,2048,512,1,22,25,1,1,1,1,0,0,0.03398830071091652,67.87238996208686,563200
grouped_conv_forward_bf16_2d_128x128x64_compv3,110,2,2048,512,1,22,25,1,1,1,1,0,0,0.04078429937362671,56.5626291349691,563200
grouped_conv_forward_bf16_2d_128x128x64_compv4,110,2,2048,512,1,22,25,1,1,1,1,0,0,0.034900300204753876,66.09877813273866,563200
grouped_conv_forward_bf16_2d_16x64x128_compv3,110,2,2048,512,1,22,25,1,1,1,1,0,0,0.025688201189041138,89.80259781615749,563200
grouped_conv_forward_bf16_2d_16x64x128_compv4,110,2,2048,512,1,22,25,1,1,1,1,0,0,0.0279121994972229,82.64727400753637,563200
grouped_conv_forward_bf16_2d_32x64x128_compv3,110,2,2048,512,1,22,25,1,1,1,1,0,0,0.025028198957443237,92.17072326788227,563200
grouped_conv_forward_bf16_2d_32x64x128_compv4,110,2,2048,512,1,22,25,1,1,1,1,0,0,0.027840301394462585,82.86071214943219,563200
grouped_conv_forward_bf16_2d_64x64x128_compv3,110,2,2048,512,1,22,25,1,1,1,1,0,0,0.028536200523376465,80.84002627155097,563200
grouped_conv_forward_bf16_2d_64x64x128_compv4,110,2,2048,512,1,22,25,1,1,1,1,0,0,0.03439230099320412,67.07510499096395,563200
grouped_conv_forward_bf16_2d_128x64x128_compv3,110,2,2048,512,1,22,25,1,1,1,1,0,0,0.029736200347542763,77.57773935601786,563200
grouped_conv_forward_bf16_2d_128x64x128_compv4,110,2,2048,512,1,22,25,1,1,1,1,0,0,0.03404830023646355,67.75278601219256,563200
grouped_conv_forward_bf16_2d_16x64x64_compv3,111,2,256,512,1,247,167,1,1,2,2,0,0,0.04996019974350929,109.30668484185709,10665984
grouped_conv_forward_bf16_2d_16x64x64_compv4,111,2,256,512,1,247,167,1,1,2,2,0,0,0.054456401616334915,100.28176019551586,10665984
grouped_conv_forward_bf16_2d_32x64x64_compv3,111,2,256,512,1,247,167,1,1,2,2,0,0,0.04208829998970032,129.75063876032985,10665984
grouped_conv_forward_bf16_2d_32x64x64_compv4,111,2,256,512,1,247,167,1,1,2,2,0,0,0.04850440099835396,112.58738785755386,10665984
grouped_conv_forward_bf16_2d_64x64x64_compv3,111,2,256,512,1,247,167,1,1,2,2,0,0,0.03677229955792427,148.50808553318177,10665984
grouped_conv_forward_bf16_2d_64x64x64_compv4,111,2,256,512,1,247,167,1,1,2,2,0,0,0.06452450156211853,84.63426567879247,10665984
grouped_conv_forward_bf16_2d_32x128x64_compv3,111,2,256,512,1,247,167,1,1,2,2,0,0,0.03205620124936104,170.35654866026434,10665984
grouped_conv_forward_bf16_2d_32x128x64_compv4,111,2,256,512,1,247,167,1,1,2,2,0,0,0.04894839972257614,111.56613574603271,10665984
grouped_conv_forward_bf16_2d_64x128x64_compv3,111,2,256,512,1,247,167,1,1,2,2,0,0,0.030124198645353317,181.28229309237946,10665984
grouped_conv_forward_bf16_2d_64x128x64_compv4,111,2,256,512,1,247,167,1,1,2,2,0,0,0.06384450197219849,85.5356943715846,10665984
grouped_conv_forward_bf16_2d_128x128x64_compv3,111,2,256,512,1,247,167,1,1,2,2,0,0,0.030956199392676353,176.4100217448517,10665984
grouped_conv_forward_bf16_2d_128x128x64_compv4,111,2,256,512,1,247,167,1,1,2,2,0,0,0.06347650289535522,86.03157954373692,10665984
grouped_conv_forward_bf16_2d_16x64x128_compv3,111,2,256,512,1,247,167,1,1,2,2,0,0,0.04292429983615875,127.22359663045111,10665984
grouped_conv_forward_bf16_2d_16x64x128_compv4,111,2,256,512,1,247,167,1,1,2,2,0,0,0.05359240248799324,101.8984698292537,10665984
grouped_conv_forward_bf16_2d_32x64x128_compv3,111,2,256,512,1,247,167,1,1,2,2,0,0,0.0336202010512352,162.43162257351713,10665984
grouped_conv_forward_bf16_2d_32x64x128_compv4,111,2,256,512,1,247,167,1,1,2,2,0,0,0.04815639927983284,113.40099944488533,10665984
grouped_conv_forward_bf16_2d_64x64x128_compv3,111,2,256,512,1,247,167,1,1,2,2,0,0,0.0340363010764122,160.44586618680972,10665984
grouped_conv_forward_bf16_2d_64x64x128_compv4,111,2,256,512,1,247,167,1,1,2,2,0,0,0.06310849636793137,86.53325815531556,10665984
grouped_conv_forward_bf16_2d_128x64x128_compv3,111,2,256,512,1,247,167,1,1,2,2,0,0,0.037848301231861115,144.2861008356931,10665984
grouped_conv_forward_bf16_2d_128x64x128_compv4,111,2,256,512,1,247,167,1,1,2,2,0,0,0.06319649517536163,86.41276375923248,10665984
grouped_conv_forward_bf16_2d_16x64x64_compv3,112,2,128,128,1,17,17,1,7,1,1,0,3,0.011448000557720661,11.581002929859835,73984
grouped_conv_forward_bf16_2d_16x64x64_compv4,112,2,128,128,1,17,17,1,7,1,1,0,3,0.009015999734401703,14.704894843122785,73984
grouped_conv_forward_bf16_2d_32x64x64_compv3,112,2,128,128,1,17,17,1,7,1,1,0,3,0.0142639996483922,9.294681104043912,73984
grouped_conv_forward_bf16_2d_32x64x64_compv4,112,2,128,128,1,17,17,1,7,1,1,0,3,0.011480099521577358,11.548621834750756,73984
grouped_conv_forward_bf16_2d_64x64x64_compv3,112,2,128,128,1,17,17,1,7,1,1,0,3,0.017652099952101707,7.510683055259651,73984
grouped_conv_forward_bf16_2d_64x64x64_compv4,112,2,128,128,1,17,17,1,7,1,1,0,3,0.01644809916615486,8.060465021563559,73984
grouped_conv_forward_bf16_2d_32x128x64_compv3,112,2,128,128,1,17,17,1,7,1,1,0,3,0.016712099313735962,7.933134282599121,73984
grouped_conv_forward_bf16_2d_32x128x64_compv4,112,2,128,128,1,17,17,1,7,1,1,0,3,0.01140809990465641,11.621508323738073,73984
grouped_conv_forward_bf16_2d_64x128x64_compv3,112,2,128,128,1,17,17,1,7,1,1,0,3,0.01979609951376915,6.697244975343988,73984
grouped_conv_forward_bf16_2d_64x128x64_compv4,112,2,128,128,1,17,17,1,7,1,1,0,3,0.01631609909236431,8.125675582716038,73984
grouped_conv_forward_bf16_2d_128x128x64_compv3,112,2,128,128,1,17,17,1,7,1,1,0,3,0.01990409940481186,6.660905640772104,73984
grouped_conv_forward_bf16_2d_128x128x64_compv4,112,2,128,128,1,17,17,1,7,1,1,0,3,0.016300100833177567,8.133650788843298,73984
grouped_conv_forward_bf16_2d_16x64x128_compv3,112,2,128,128,1,17,17,1,7,1,1,0,3,0.009416099637746811,14.080068510375815,73984
grouped_conv_forward_bf16_2d_16x64x128_compv4,112,2,128,128,1,17,17,1,7,1,1,0,3,0.00904799997806549,14.652887745513251,73984
grouped_conv_forward_bf16_2d_32x64x128_compv3,112,2,128,128,1,17,17,1,7,1,1,0,3,0.010948100127279758,12.109802290686721,73984
grouped_conv_forward_bf16_2d_32x64x128_compv4,112,2,128,128,1,17,17,1,7,1,1,0,3,0.011676100082695484,11.35476118404369,73984
grouped_conv_forward_bf16_2d_64x64x128_compv3,112,2,128,128,1,17,17,1,7,1,1,0,3,0.014684000983834267,9.028828596916988,73984
grouped_conv_forward_bf16_2d_64x64x128_compv4,112,2,128,128,1,17,17,1,7,1,1,0,3,0.01628809981048107,8.139643638154023,73984
grouped_conv_forward_bf16_2d_128x64x128_compv3,112,2,128,128,1,17,17,1,7,1,1,0,3,0.014924099668860435,8.883572941866007,73984
grouped_conv_forward_bf16_2d_128x64x128_compv4,112,2,128,128,1,17,17,1,7,1,1,0,3,0.016364101320505142,8.10183983851717,73984
grouped_conv_forward_bf16_2d_16x64x64_compv3,113,12,256,128,1,14,14,1,1,2,2,0,0,0.005483999848365784,7.026836080508531,75264
grouped_conv_forward_bf16_2d_16x64x64_compv4,113,12,256,128,1,14,14,1,1,2,2,0,0,0.004896000027656555,7.8707450535789025,75264
grouped_conv_forward_bf16_2d_32x64x64_compv3,113,12,256,128,1,14,14,1,1,2,2,0,0,0.006580000277608633,5.856408263557828,75264
grouped_conv_forward_bf16_2d_32x64x64_compv4,113,12,256,128,1,14,14,1,1,2,2,0,0,0.005799999926239252,6.6439945672527605,75264
grouped_conv_forward_bf16_2d_64x64x64_compv3,113,12,256,128,1,14,14,1,1,2,2,0,0,0.008332000114023685,4.624960090331854,75264
grouped_conv_forward_bf16_2d_64x64x64_compv4,113,12,256,128,1,14,14,1,1,2,2,0,0,0.007915999740362167,4.868010265780651,75264
grouped_conv_forward_bf16_2d_32x128x64_compv3,113,12,256,128,1,14,14,1,1,2,2,0,0,0.007151999976485968,5.388026863352103,75264
grouped_conv_forward_bf16_2d_32x128x64_compv4,113,12,256,128,1,14,14,1,1,2,2,0,0,0.005711999721825123,6.746353269724438,75264
grouped_conv_forward_bf16_2d_64x128x64_compv3,113,12,256,128,1,14,14,1,1,2,2,0,0,0.008888100273907185,4.335591050106374,75264
grouped_conv_forward_bf16_2d_64x128x64_compv4,113,12,256,128,1,14,14,1,1,2,2,0,0,0.007564099971204996,5.094481583624703,75264
grouped_conv_forward_bf16_2d_128x128x64_compv3,113,12,256,128,1,14,14,1,1,2,2,0,0,0.010300099849700928,3.7412421784550856,75264
grouped_conv_forward_bf16_2d_128x128x64_compv4,113,12,256,128,1,14,14,1,1,2,2,0,0,0.007516100071370602,5.127016356099807,75264
grouped_conv_forward_bf16_2d_16x64x128_compv3,113,12,256,128,1,14,14,1,1,2,2,0,0,0.004532000049948692,8.502905466745585,75264
grouped_conv_forward_bf16_2d_16x64x128_compv4,113,12,256,128,1,14,14,1,1,2,2,0,0,0.005496100056916475,7.0113658050140595,75264
grouped_conv_forward_bf16_2d_32x64x128_compv3,113,12,256,128,1,14,14,1,1,2,2,0,0,0.005280000157654285,7.298327054808231,75264
grouped_conv_forward_bf16_2d_32x64x128_compv4,113,12,256,128,1,14,14,1,1,2,2,0,0,0.006184000056236982,6.231430732464932,75264
grouped_conv_forward_bf16_2d_64x64x128_compv3,113,12,256,128,1,14,14,1,1,2,2,0,0,0.006960100028663874,5.536582497564704,75264
grouped_conv_forward_bf16_2d_64x64x128_compv4,113,12,256,128,1,14,14,1,1,2,2,0,0,0.008392100222408772,4.591838393100042,75264
grouped_conv_forward_bf16_2d_128x64x128_compv3,113,12,256,128,1,14,14,1,1,2,2,0,0,0.00838799960911274,4.594083189767357,75264
grouped_conv_forward_bf16_2d_128x64x128_compv4,113,12,256,128,1,14,14,1,1,2,2,0,0,0.00784009974449873,4.915137467101678,75264
grouped_conv_forward_bf16_2d_16x64x64_compv3,114,2,64,256,1,184,248,1,1,1,1,0,0,0.045496199280023575,65.73161713121567,23363584
grouped_conv_forward_bf16_2d_16x64x64_compv4,114,2,64,256,1,184,248,1,1,1,1,0,0,0.09438470005989075,31.68457122926054,23363584
grouped_conv_forward_bf16_2d_32x64x64_compv3,114,2,64,256,1,184,248,1,1,1,1,0,0,0.03771229833364487,79.29876682514477,23363584
grouped_conv_forward_bf16_2d_32x64x64_compv4,114,2,64,256,1,184,248,1,1,1,1,0,0,0.08630070090293884,34.652543035118754,23363584
grouped_conv_forward_bf16_2d_64x64x64_compv3,114,2,64,256,1,184,248,1,1,1,1,0,0,0.03239220008254051,92.3228043905517,23363584
grouped_conv_forward_bf16_2d_64x64x64_compv4,114,2,64,256,1,184,248,1,1,1,1,0,0,0.11295690387487411,26.475041802780936,23363584
grouped_conv_forward_bf16_2d_32x128x64_compv3,114,2,64,256,1,184,248,1,1,1,1,0,0,0.027772199362516403,107.68101989201014,23363584
grouped_conv_forward_bf16_2d_32x128x64_compv4,114,2,64,256,1,184,248,1,1,1,1,0,0,0.08606470376253128,34.74756341753594,23363584
grouped_conv_forward_bf16_2d_64x128x64_compv3,114,2,64,256,1,184,248,1,1,1,1,0,0,0.02881219983100891,103.79418335081292,23363584
grouped_conv_forward_bf16_2d_64x128x64_compv4,114,2,64,256,1,184,248,1,1,1,1,0,0,0.11170090734958649,26.772734644317737,23363584
grouped_conv_forward_bf16_2d_128x128x64_compv3,114,2,64,256,1,184,248,1,1,1,1,0,0,0.032944198697805405,90.7758837734067,23363584
grouped_conv_forward_bf16_2d_128x128x64_compv4,114,2,64,256,1,184,248,1,1,1,1,0,0,0.1127408966422081,26.525766967161033,23363584
grouped_conv_forward_bf16_2d_16x64x128_compv3,114,2,64,256,1,184,248,1,1,1,1,0,0,0.06265249848365784,47.732154732505144,23363584
grouped_conv_forward_bf16_2d_16x64x128_compv4,114,2,64,256,1,184,248,1,1,1,1,0,0,3.840686082839966,0.7786470144908769,23363584
grouped_conv_forward_bf16_2d_32x64x128_compv3,114,2,64,256,1,184,248,1,1,1,1,0,0,0.04980039969086647,60.05049699527759,23363584
grouped_conv_forward_bf16_2d_32x64x128_compv4,114,2,64,256,1,184,248,1,1,1,1,0,0,0.08726470172405243,34.26974129192181,23363584
grouped_conv_forward_bf16_2d_64x64x128_compv3,114,2,64,256,1,184,248,1,1,1,1,0,0,0.04860439896583557,61.52815003642107,23363584
grouped_conv_forward_bf16_2d_64x64x128_compv4,114,2,64,256,1,184,248,1,1,1,1,0,0,0.11268490552902222,26.538947146117817,23363584
grouped_conv_forward_bf16_2d_128x64x128_compv3,114,2,64,256,1,184,248,1,1,1,1,0,0,0.057136498391628265,52.3402524862843,23363584
grouped_conv_forward_bf16_2d_128x64x128_compv4,114,2,64,256,1,184,248,1,1,1,1,0,0,0.11275289952754974,26.522943219471706,23363584
grouped_conv_forward_bf16_2d_16x64x64_compv3,115,1,128,64,1,128,128,3,3,1,1,1,1,0.02330010011792183,103.68706965948778,1048576
grouped_conv_forward_bf16_2d_16x64x64_compv4,115,1,128,64,1,128,128,3,3,1,1,1,1,0.022720100358128548,106.33399791016588,1048576
grouped_conv_forward_bf16_2d_32x64x64_compv3,115,1,128,64,1,128,128,3,3,1,1,1,1,0.02199609950184822,109.83397778306116,1048576
grouped_conv_forward_bf16_2d_32x64x64_compv4,115,1,128,64,1,128,128,3,3,1,1,1,1,0.017452199012041092,138.43064145287045,1048576
grouped_conv_forward_bf16_2d_64x64x64_compv3,115,1,128,64,1,128,128,3,3,1,1,1,1,0.02247219905257225,107.50701782002349,1048576
grouped_conv_forward_bf16_2d_64x64x64_compv4,115,1,128,64,1,128,128,3,3,1,1,1,1,0.020812099799513817,116.08242932106434,1048576
grouped_conv_forward_bf16_2d_32x128x64_compv3,115,1,128,64,1,128,128,3,3,1,1,1,1,0.025532200932502747,94.6224381668762,1048576
grouped_conv_forward_bf16_2d_32x128x64_compv4,115,1,128,64,1,128,128,3,3,1,1,1,1,0.0174040999263525,138.81321724324994,1048576
grouped_conv_forward_bf16_2d_64x128x64_compv3,115,1,128,64,1,128,128,3,3,1,1,1,1,0.02582019940018654,93.56701962505163,1048576
grouped_conv_forward_bf16_2d_64x128x64_compv4,115,1,128,64,1,128,128,3,3,1,1,1,1,0.02066420018672943,116.91326459136344,1048576
grouped_conv_forward_bf16_2d_128x128x64_compv3,115,1,128,64,1,128,128,3,3,1,1,1,1,0.02428019978106022,99.50161554620068,1048576
grouped_conv_forward_bf16_2d_128x128x64_compv4,115,1,128,64,1,128,128,3,3,1,1,1,1,0.020608101040124893,117.23152459783158,1048576
grouped_conv_forward_bf16_2d_16x64x128_compv3,115,1,128,64,1,128,128,3,3,1,1,1,1,0.019812099635601044,121.94159874195019,1048576
grouped_conv_forward_bf16_2d_16x64x128_compv4,115,1,128,64,1,128,128,3,3,1,1,1,1,0.02247219905257225,107.50701782002349,1048576
grouped_conv_forward_bf16_2d_32x64x128_compv3,115,1,128,64,1,128,128,3,3,1,1,1,1,0.01679610088467598,143.8380919826564,1048576
grouped_conv_forward_bf16_2d_32x64x128_compv4,115,1,128,64,1,128,128,3,3,1,1,1,1,0.01759220100939274,137.3289847421653,1048576
grouped_conv_forward_bf16_2d_64x64x128_compv3,115,1,128,64,1,128,128,3,3,1,1,1,1,0.018716199323534966,129.08171484164876,1048576
grouped_conv_forward_bf16_2d_64x64x128_compv4,115,1,128,64,1,128,128,3,3,1,1,1,1,0.02062010020017624,117.16330573308035,1048576
grouped_conv_forward_bf16_2d_128x64x128_compv3,115,1,128,64,1,128,128,3,3,1,1,1,1,0.0183400996029377,131.72878862735405,1048576
grouped_conv_forward_bf16_2d_128x64x128_compv4,115,1,128,64,1,128,128,3,3,1,1,1,1,0.020660098642110825,116.93647478893003,1048576
grouped_conv_forward_bf16_2d_16x64x64_compv3,116,1,192,384,1,7,7,3,3,1,1,1,1,0.019791999831795692,3.2855748056107434,18816
grouped_conv_forward_bf16_2d_16x64x64_compv4,116,1,192,384,1,7,7,3,3,1,1,1,1,0.015916001051664352,4.085705686303655,18816
grouped_conv_forward_bf16_2d_32x64x64_compv3,116,1,192,384,1,7,7,3,3,1,1,1,1,0.024164099246263504,2.691103663218702,18816
grouped_conv_forward_bf16_2d_32x64x64_compv4,116,1,192,384,1,7,7,3,3,1,1,1,1,0.02027609944343567,3.207130453340357,18816
grouped_conv_forward_bf16_2d_64x64x64_compv3,116,1,192,384,1,7,7,3,3,1,1,1,1,0.03077610209584236,2.1129412619405383,18816
grouped_conv_forward_bf16_2d_64x64x64_compv4,116,1,192,384,1,7,7,3,3,1,1,1,1,0.03043609857559204,2.136545058115586,18816
grouped_conv_forward_bf16_2d_32x128x64_compv3,116,1,192,384,1,7,7,3,3,1,1,1,1,0.028860101476311684,2.253217856956426,18816
grouped_conv_forward_bf16_2d_32x128x64_compv4,116,1,192,384,1,7,7,3,3,1,1,1,1,0.020132100209593773,3.230070152790688,18816
grouped_conv_forward_bf16_2d_64x128x64_compv3,116,1,192,384,1,7,7,3,3,1,1,1,1,0.0337521992623806,1.9266328541879276,18816
grouped_conv_forward_bf16_2d_64x128x64_compv4,116,1,192,384,1,7,7,3,3,1,1,1,1,0.02982810139656067,2.1800950431091826,18816
grouped_conv_forward_bf16_2d_128x128x64_compv3,116,1,192,384,1,7,7,3,3,1,1,1,1,0.03287220001220703,1.9782094285095593,18816
grouped_conv_forward_bf16_2d_128x128x64_compv4,116,1,192,384,1,7,7,3,3,1,1,1,1,0.029596200212836266,2.197177189381103,18816
grouped_conv_forward_bf16_2d_16x64x128_compv3,116,1,192,384,1,7,7,3,3,1,1,1,1,0.01616010069847107,4.023990766725383,18816
grouped_conv_forward_bf16_2d_16x64x128_compv4,116,1,192,384,1,7,7,3,3,1,1,1,1,0.017076101154088974,3.808134855445538,18816
grouped_conv_forward_bf16_2d_32x64x128_compv3,116,1,192,384,1,7,7,3,3,1,1,1,1,0.01894810050725937,3.4319057984248356,18816
grouped_conv_forward_bf16_2d_32x64x128_compv4,116,1,192,384,1,7,7,3,3,1,1,1,1,0.020872099325060844,3.1155512910922982,18816
grouped_conv_forward_bf16_2d_64x64x128_compv3,116,1,192,384,1,7,7,3,3,1,1,1,1,0.0249962005764246,2.6015192109368757,18816
grouped_conv_forward_bf16_2d_64x64x128_compv4,116,1,192,384,1,7,7,3,3,1,1,1,1,0.03011620044708252,2.1592397126676564,18816
grouped_conv_forward_bf16_2d_128x64x128_compv3,116,1,192,384,1,7,7,3,3,1,1,1,1,0.023452099412679672,2.772804892889109,18816
grouped_conv_forward_bf16_2d_128x64x128_compv4,116,1,192,384,1,7,7,3,3,1,1,1,1,0.030148198828101158,2.156947961328531,18816
grouped_conv_forward_bf16_2d_16x64x64_compv3,117,2,256,256,1,168,304,3,3,1,1,1,1,0.787577211856842,152.99320942503627,26148864
grouped_conv_forward_bf16_2d_16x64x64_compv4,117,2,256,256,1,168,304,3,3,1,1,1,1,0.8428386449813843,142.96207943177706,26148864
grouped_conv_forward_bf16_2d_32x64x64_compv3,117,2,256,256,1,168,304,3,3,1,1,1,1,0.6279212236404419,191.893442641456,26148864
grouped_conv_forward_bf16_2d_32x64x64_compv4,117,2,256,256,1,168,304,3,3,1,1,1,1,0.7034299969673157,171.29489193165395,26148864
grouped_conv_forward_bf16_2d_64x64x64_compv3,117,2,256,256,1,168,304,3,3,1,1,1,1,0.5189564228057861,232.18513157721063,26148864
grouped_conv_forward_bf16_2d_64x64x64_compv4,117,2,256,256,1,168,304,3,3,1,1,1,1,0.9156519174575806,131.59363620027818,26148864
grouped_conv_forward_bf16_2d_32x128x64_compv3,117,2,256,256,1,168,304,3,3,1,1,1,1,0.485408216714859,248.23223250623545,26148864
grouped_conv_forward_bf16_2d_32x128x64_compv4,117,2,256,256,1,168,304,3,3,1,1,1,1,0.7059141397476196,170.69209770338264,26148864
grouped_conv_forward_bf16_2d_64x128x64_compv3,117,2,256,256,1,168,304,3,3,1,1,1,1,0.3993794023990631,301.7030036806992,26148864
grouped_conv_forward_bf16_2d_64x128x64_compv4,117,2,256,256,1,168,304,3,3,1,1,1,1,0.9147918820381165,131.71735307001708,26148864
grouped_conv_forward_bf16_2d_128x128x64_compv3,117,2,256,256,1,168,304,3,3,1,1,1,1,0.3712511956691742,324.5618242247317,26148864
grouped_conv_forward_bf16_2d_128x128x64_compv4,117,2,256,256,1,168,304,3,3,1,1,1,1,0.9150039553642273,131.68682452748095,26148864
grouped_conv_forward_bf16_2d_16x64x128_compv3,117,2,256,256,1,168,304,3,3,1,1,1,1,0.7024661302566528,171.5299288066406,26148864
grouped_conv_forward_bf16_2d_16x64x128_compv4,117,2,256,256,1,168,304,3,3,1,1,1,1,0.8470953702926636,142.24368298739546,26148864
grouped_conv_forward_bf16_2d_32x64x128_compv3,117,2,256,256,1,168,304,3,3,1,1,1,1,0.5351647138595581,225.1530457660572,26148864
grouped_conv_forward_bf16_2d_32x64x128_compv4,117,2,256,256,1,168,304,3,3,1,1,1,1,0.7042860984802246,171.08667283368692,26148864
grouped_conv_forward_bf16_2d_64x64x128_compv3,117,2,256,256,1,168,304,3,3,1,1,1,1,0.4761480689048767,253.05986347719892,26148864
grouped_conv_forward_bf16_2d_64x64x128_compv4,117,2,256,256,1,168,304,3,3,1,1,1,1,0.9305880665779114,129.48152855118514,26148864
grouped_conv_forward_bf16_2d_128x64x128_compv3,117,2,256,256,1,168,304,3,3,1,1,1,1,0.43666380643844604,275.9421860373155,26148864
grouped_conv_forward_bf16_2d_128x64x128_compv4,117,2,256,256,1,168,304,3,3,1,1,1,1,0.9127360582351685,132.0140299321389,26148864
grouped_conv_forward_bf16_2d_16x64x64_compv3,118,2,256,512,1,223,159,1,1,2,2,0,0,0.043504200875759125,107.98084749138675,9175040
grouped_conv_forward_bf16_2d_16x64x64_compv4,118,2,256,512,1,223,159,1,1,2,2,0,0,0.04692830145359039,100.10207773332044,9175040
grouped_conv_forward_bf16_2d_32x64x64_compv3,118,2,256,512,1,223,159,1,1,2,2,0,0,0.03605220094323158,130.30051861180277,9175040
grouped_conv_forward_bf16_2d_32x64x64_compv4,118,2,256,512,1,223,159,1,1,2,2,0,0,0.04234830290079117,110.9281873940747,9175040
grouped_conv_forward_bf16_2d_64x64x64_compv3,118,2,256,512,1,223,159,1,1,2,2,0,0,0.03128819912672043,150.14032801869334,9175040
grouped_conv_forward_bf16_2d_64x64x64_compv4,118,2,256,512,1,223,159,1,1,2,2,0,0,0.052412401884794235,89.62803289049157,9175040
grouped_conv_forward_bf16_2d_32x128x64_compv3,118,2,256,512,1,223,159,1,1,2,2,0,0,0.027528200298547745,170.64756973044197,9175040
grouped_conv_forward_bf16_2d_32x128x64_compv4,118,2,256,512,1,223,159,1,1,2,2,0,0,0.04257630184292793,110.3341595362231,9175040
grouped_conv_forward_bf16_2d_64x128x64_compv3,118,2,256,512,1,223,159,1,1,2,2,0,0,0.027024200186133385,173.83013919540292,9175040
grouped_conv_forward_bf16_2d_64x128x64_compv4,118,2,256,512,1,223,159,1,1,2,2,0,0,0.0530444011092186,88.56015680764467,9175040
grouped_conv_forward_bf16_2d_128x128x64_compv3,118,2,256,512,1,223,159,1,1,2,2,0,0,0.029700199142098427,158.16797919517572,9175040
grouped_conv_forward_bf16_2d_128x128x64_compv4,118,2,256,512,1,223,159,1,1,2,2,0,0,0.05247639864683151,89.51872844047843,9175040
grouped_conv_forward_bf16_2d_16x64x128_compv3,118,2,256,512,1,223,159,1,1,2,2,0,0,0.03702830150723457,126.86567540998824,9175040
grouped_conv_forward_bf16_2d_16x64x128_compv4,118,2,256,512,1,223,159,1,1,2,2,0,0,0.046916402876377106,100.12746485228305,9175040
grouped_conv_forward_bf16_2d_32x64x128_compv3,118,2,256,512,1,223,159,1,1,2,2,0,0,0.029356200248003006,160.02140741356885,9175040
grouped_conv_forward_bf16_2d_32x64x128_compv4,118,2,256,512,1,223,159,1,1,2,2,0,0,0.04249630123376846,110.54186702411576,9175040
grouped_conv_forward_bf16_2d_64x64x128_compv3,118,2,256,512,1,223,159,1,1,2,2,0,0,0.029512200504541397,159.17554095219435,9175040
grouped_conv_forward_bf16_2d_64x64x128_compv4,118,2,256,512,1,223,159,1,1,2,2,0,0,0.05241640284657478,89.62119155238773,9175040
grouped_conv_forward_bf16_2d_128x64x128_compv3,118,2,256,512,1,223,159,1,1,2,2,0,0,0.03248419985175133,144.6124731850748,9175040
grouped_conv_forward_bf16_2d_128x64x128_compv4,118,2,256,512,1,223,159,1,1,2,2,0,0,0.05402039736509323,86.96012449244768,9175040
grouped_conv_forward_bf16_2d_16x64x64_compv3,119,2,256,128,1,183,215,1,1,2,2,0,0,0.015691999346017838,82.99333713205213,2543616
grouped_conv_forward_bf16_2d_16x64x64_compv4,119,2,256,128,1,183,215,1,1,2,2,0,0,0.015500100329518318,84.02083627290116,2543616
grouped_conv_forward_bf16_2d_32x64x64_compv3,119,2,256,128,1,183,215,1,1,2,2,0,0,0.013564099557697773,96.01311067205437,2543616
grouped_conv_forward_bf16_2d_32x64x64_compv4,119,2,256,128,1,183,215,1,1,2,2,0,0,0.014512099325656891,89.74107486278866,2543616
grouped_conv_forward_bf16_2d_64x64x64_compv3,119,2,256,128,1,183,215,1,1,2,2,0,0,0.012884099967777729,101.0805097179503,2543616
grouped_conv_forward_bf16_2d_64x64x64_compv4,119,2,256,128,1,183,215,1,1,2,2,0,0,0.019144099205732346,68.02782298631429,2543616
grouped_conv_forward_bf16_2d_32x128x64_compv3,119,2,256,128,1,183,215,1,1,2,2,0,0,0.010532000102102757,123.65470749852958,2543616
grouped_conv_forward_bf16_2d_32x128x64_compv4,119,2,256,128,1,183,215,1,1,2,2,0,0,0.014292100444436073,91.12246286423202,2543616
grouped_conv_forward_bf16_2d_64x128x64_compv3,119,2,256,128,1,183,215,1,1,2,2,0,0,0.011872099712491035,109.69680372796847,2543616
grouped_conv_forward_bf16_2d_64x128x64_compv4,119,2,256,128,1,183,215,1,1,2,2,0,0,0.019088100641965866,68.22739550821407,2543616
grouped_conv_forward_bf16_2d_128x128x64_compv3,119,2,256,128,1,183,215,1,1,2,2,0,0,0.010408000089228153,125.12791898876507,2543616
grouped_conv_forward_bf16_2d_128x128x64_compv4,119,2,256,128,1,183,215,1,1,2,2,0,0,0.019044099375605583,68.38503445682566,2543616
grouped_conv_forward_bf16_2d_16x64x128_compv3,119,2,256,128,1,183,215,1,1,2,2,0,0,0.0130281001329422,99.96326238750578,2543616
grouped_conv_forward_bf16_2d_16x64x128_compv4,119,2,256,128,1,183,215,1,1,2,2,0,0,0.01612810045480728,80.74921133144454,2543616
grouped_conv_forward_bf16_2d_32x64x128_compv3,119,2,256,128,1,183,215,1,1,2,2,0,0,0.011080099269747734,117.53788123142428,2543616
grouped_conv_forward_bf16_2d_32x64x128_compv4,119,2,256,128,1,183,215,1,1,2,2,0,0,0.014176100492477417,91.86809819040754,2543616
grouped_conv_forward_bf16_2d_64x64x128_compv3,119,2,256,128,1,183,215,1,1,2,2,0,0,0.012648100033402443,102.96656324354372,2543616
grouped_conv_forward_bf16_2d_64x64x128_compv4,119,2,256,128,1,183,215,1,1,2,2,0,0,0.018956098705530167,68.70250109111659,2543616
grouped_conv_forward_bf16_2d_128x64x128_compv3,119,2,256,128,1,183,215,1,1,2,2,0,0,0.013656100258231163,95.36627348755913,2543616
grouped_conv_forward_bf16_2d_128x64x128_compv4,119,2,256,128,1,183,215,1,1,2,2,0,0,0.018804099410772324,69.25784444927642,2543616
grouped_conv_forward_bf16_2d_16x64x64_compv3,122,16,1824,192,1,7,7,1,1,1,1,0,0,0.020656099542975426,26.58421270954529,150528
grouped_conv_forward_bf16_2d_16x64x64_compv4,122,16,1824,192,1,7,7,1,1,1,1,0,0,0.016016099601984024,34.28588468143492,150528
grouped_conv_forward_bf16_2d_32x64x64_compv3,122,16,1824,192,1,7,7,1,1,1,1,0,0,0.025700200349092484,21.366609463781497,150528
grouped_conv_forward_bf16_2d_32x64x64_compv4,122,16,1824,192,1,7,7,1,1,1,1,0,0,0.02117609977722168,25.931410872490975,150528
grouped_conv_forward_bf16_2d_64x64x64_compv3,122,16,1824,192,1,7,7,1,1,1,1,0,0,0.03274019807577133,16.77223035514769,150528
grouped_conv_forward_bf16_2d_64x64x64_compv4,122,16,1824,192,1,7,7,1,1,1,1,0,0,0.03008820116519928,18.250547481553408,150528
grouped_conv_forward_bf16_2d_32x128x64_compv3,122,16,1824,192,1,7,7,1,1,1,1,0,0,0.03127619996666908,17.557316572512054,150528
grouped_conv_forward_bf16_2d_32x128x64_compv4,122,16,1824,192,1,7,7,1,1,1,1,0,0,0.021404199302196503,25.655065917072104,150528
grouped_conv_forward_bf16_2d_64x128x64_compv3,122,16,1824,192,1,7,7,1,1,1,1,0,0,0.037024300545454025,14.8315062245632,150528
grouped_conv_forward_bf16_2d_64x128x64_compv4,122,16,1824,192,1,7,7,1,1,1,1,0,0,0.0301642008125782,18.20456465635978,150528
grouped_conv_forward_bf16_2d_128x128x64_compv3,122,16,1824,192,1,7,7,1,1,1,1,0,0,0.03694029897451401,14.865232801143684,150528
grouped_conv_forward_bf16_2d_128x128x64_compv4,122,16,1824,192,1,7,7,1,1,1,1,0,0,0.03128420189023018,17.552825733792748,150528
grouped_conv_forward_bf16_2d_16x64x128_compv3,122,16,1824,192,1,7,7,1,1,1,1,0,0,0.0168760996311903,32.53868820406278,150528
grouped_conv_forward_bf16_2d_16x64x128_compv4,122,16,1824,192,1,7,7,1,1,1,1,0,0,0.016096100211143494,34.11547746328234,150528
grouped_conv_forward_bf16_2d_32x64x128_compv3,122,16,1824,192,1,7,7,1,1,1,1,0,0,0.01968809962272644,27.891272114761684,150528
grouped_conv_forward_bf16_2d_32x64x128_compv4,122,16,1824,192,1,7,7,1,1,1,1,0,0,0.021300099790096283,25.780449359928458,150528
grouped_conv_forward_bf16_2d_64x64x128_compv3,122,16,1824,192,1,7,7,1,1,1,1,0,0,0.026280200108885765,20.895051853670303,150528
grouped_conv_forward_bf16_2d_64x64x128_compv4,122,16,1824,192,1,7,7,1,1,1,1,0,0,0.030360300093889236,18.086980112246167,150528
grouped_conv_forward_bf16_2d_128x64x128_compv3,122,16,1824,192,1,7,7,1,1,1,1,0,0,0.025400200858712196,21.618968568575365,150528
grouped_conv_forward_bf16_2d_128x64x128_compv4,122,16,1824,192,1,7,7,1,1,1,1,0,0,0.02990419790148735,18.362844768783717,150528
grouped_conv_forward_bf16_2d_16x64x64_compv3,123,2,256,256,1,288,200,1,1,1,1,0,0,0.12848889827728271,117.51594575443288,29491200
grouped_conv_forward_bf16_2d_16x64x64_compv4,123,2,256,256,1,288,200,1,1,1,1,0,0,0.14365710318088531,105.10788583135724,29491200
grouped_conv_forward_bf16_2d_32x64x64_compv3,123,2,256,256,1,288,200,1,1,1,1,0,0,0.10387680679559708,145.3596319119814,29491200
grouped_conv_forward_bf16_2d_32x64x64_compv4,123,2,256,256,1,288,200,1,1,1,1,0,0,0.12434099614620209,121.43617043445413,29491200
grouped_conv_forward_bf16_2d_64x64x64_compv3,123,2,256,256,1,288,200,1,1,1,1,0,0,0.08797670155763626,171.63060370145672,29491200
grouped_conv_forward_bf16_2d_64x64x64_compv4,123,2,256,256,1,288,200,1,1,1,1,0,0,0.16364941000938416,92.26733172538874,29491200
grouped_conv_forward_bf16_2d_32x128x64_compv3,123,2,256,256,1,288,200,1,1,1,1,0,0,0.07856860011816025,192.1823015465681,29491200
grouped_conv_forward_bf16_2d_32x128x64_compv4,123,2,256,256,1,288,200,1,1,1,1,0,0,0.12500900030136108,120.78725822620308,29491200
grouped_conv_forward_bf16_2d_64x128x64_compv3,123,2,256,256,1,288,200,1,1,1,1,0,0,0.07159259915351868,210.90859360506792,29491200
grouped_conv_forward_bf16_2d_64x128x64_compv4,123,2,256,256,1,288,200,1,1,1,1,0,0,0.16280940175056458,92.74338114167071,29491200
grouped_conv_forward_bf16_2d_128x128x64_compv3,123,2,256,256,1,288,200,1,1,1,1,0,0,0.07688860595226288,196.38143016111755,29491200
grouped_conv_forward_bf16_2d_128x128x64_compv4,123,2,256,256,1,288,200,1,1,1,1,0,0,0.16306939721107483,92.59551245201095,29491200
grouped_conv_forward_bf16_2d_16x64x128_compv3,123,2,256,256,1,288,200,1,1,1,1,0,0,0.11281689256429672,133.84072240240513,29491200
grouped_conv_forward_bf16_2d_16x64x128_compv4,123,2,256,256,1,288,200,1,1,1,1,0,0,0.1475932002067566,102.30481064742689,29491200
grouped_conv_forward_bf16_2d_32x64x128_compv3,123,2,256,256,1,288,200,1,1,1,1,0,0,0.08636869490146637,174.8260109432734,29491200
grouped_conv_forward_bf16_2d_32x64x128_compv4,123,2,256,256,1,288,200,1,1,1,1,0,0,0.12664510309696198,119.22683175866287,29491200
grouped_conv_forward_bf16_2d_64x64x128_compv3,123,2,256,256,1,288,200,1,1,1,1,0,0,0.08306469768285751,181.77992361628927,29491200
grouped_conv_forward_bf16_2d_64x64x128_compv4,123,2,256,256,1,288,200,1,1,1,1,0,0,0.16438540816307068,91.85422580221518,29491200
grouped_conv_forward_bf16_2d_128x64x128_compv3,123,2,256,256,1,288,200,1,1,1,1,0,0,0.09200479835271835,164.11637947526543,29491200
grouped_conv_forward_bf16_2d_128x64x128_compv4,123,2,256,256,1,288,200,1,1,1,1,0,0,0.1629934012889862,92.63868525099797,29491200
grouped_conv_forward_bf16_2d_16x64x64_compv3,124,2,256,512,1,200,240,1,1,2,2,0,0,0.056668300181627274,111.02249370168661,12288000
grouped_conv_forward_bf16_2d_16x64x64_compv4,124,2,256,512,1,200,240,1,1,2,2,0,0,0.06190050393342972,101.63820324897651,12288000
grouped_conv_forward_bf16_2d_32x64x64_compv3,124,2,256,512,1,200,240,1,1,2,2,0,0,0.046500302851200104,135.29924783785847,12288000
grouped_conv_forward_bf16_2d_32x64x64_compv4,124,2,256,512,1,200,240,1,1,2,2,0,0,0.05584440380334854,112.66045604416949,12288000
grouped_conv_forward_bf16_2d_64x64x64_compv3,124,2,256,512,1,200,240,1,1,2,2,0,0,0.0394802987575531,159.35684880794784,12288000
grouped_conv_forward_bf16_2d_64x64x64_compv4,124,2,256,512,1,200,240,1,1,2,2,0,0,0.06959260255098343,90.40409137437976,12288000
grouped_conv_forward_bf16_2d_32x128x64_compv3,124,2,256,512,1,200,240,1,1,2,2,0,0,0.03557629883289337,176.84402836708253,12288000
grouped_conv_forward_bf16_2d_32x128x64_compv4,124,2,256,512,1,200,240,1,1,2,2,0,0,0.055684398859739304,112.98417741470531,12288000
grouped_conv_forward_bf16_2d_64x128x64_compv3,124,2,256,512,1,200,240,1,1,2,2,0,0,0.030988197773694992,203.02748956057843,12288000
grouped_conv_forward_bf16_2d_64x128x64_compv4,124,2,256,512,1,200,240,1,1,2,2,0,0,0.07075659930706024,88.9168792962641,12288000
grouped_conv_forward_bf16_2d_128x128x64_compv3,124,2,256,512,1,200,240,1,1,2,2,0,0,0.031188199296593666,201.72552894668544,12288000
grouped_conv_forward_bf16_2d_128x128x64_compv4,124,2,256,512,1,200,240,1,1,2,2,0,0,0.07022459805011749,89.59048787306621,12288000
grouped_conv_forward_bf16_2d_16x64x128_compv3,124,2,256,512,1,200,240,1,1,2,2,0,0,0.049548398703336716,126.97597025625608,12288000
grouped_conv_forward_bf16_2d_16x64x128_compv4,124,2,256,512,1,200,240,1,1,2,2,0,0,0.06201250106096268,101.45464047345959,12288000
grouped_conv_forward_bf16_2d_32x64x128_compv3,124,2,256,512,1,200,240,1,1,2,2,0,0,0.03873229771852493,162.434360226218,12288000
grouped_conv_forward_bf16_2d_32x64x128_compv4,124,2,256,512,1,200,240,1,1,2,2,0,0,0.056584399193525314,111.18711322678321,12288000
grouped_conv_forward_bf16_2d_64x64x128_compv3,124,2,256,512,1,200,240,1,1,2,2,0,0,0.03699230030179024,170.07474389732735,12288000
grouped_conv_forward_bf16_2d_64x64x128_compv4,124,2,256,512,1,200,240,1,1,2,2,0,0,0.06978060305118561,90.16052778141052,12288000
grouped_conv_forward_bf16_2d_128x64x128_compv3,124,2,256,512,1,200,240,1,1,2,2,0,0,0.03913230076432228,160.7739866329569,12288000
grouped_conv_forward_bf16_2d_128x64x128_compv4,124,2,256,512,1,200,240,1,1,2,2,0,0,0.06925259530544281,90.84794544162783,12288000
grouped_conv_forward_bf16_2d_16x64x64_compv3,125,2,256,512,1,231,159,1,1,2,2,0,0,0.04547620192170143,106.98766463340499,9502720
grouped_conv_forward_bf16_2d_16x64x64_compv4,125,2,256,512,1,231,159,1,1,2,2,0,0,0.04833630099892616,100.65711565533509,9502720
grouped_conv_forward_bf16_2d_32x64x64_compv3,125,2,256,512,1,231,159,1,1,2,2,0,0,0.03762830048799515,129.30141879653172,9502720
grouped_conv_forward_bf16_2d_32x64x64_compv4,125,2,256,512,1,231,159,1,1,2,2,0,0,0.04488829895853996,108.3888842500761,9502720
grouped_conv_forward_bf16_2d_64x64x64_compv3,125,2,256,512,1,231,159,1,1,2,2,0,0,0.03332420065999031,146.00178079714559,9502720
grouped_conv_forward_bf16_2d_64x64x64_compv4,125,2,256,512,1,231,159,1,1,2,2,0,0,0.0583404004573822,83.3966274118084,9502720
grouped_conv_forward_bf16_2d_32x128x64_compv3,125,2,256,512,1,231,159,1,1,2,2,0,0,0.02953619882464409,164.72643175534378,9502720
grouped_conv_forward_bf16_2d_32x128x64_compv4,125,2,256,512,1,231,159,1,1,2,2,0,0,0.04383629932999611,110.9900405454785,9502720
grouped_conv_forward_bf16_2d_64x128x64_compv3,125,2,256,512,1,231,159,1,1,2,2,0,0,0.027664199471473694,175.87324892654183,9502720
grouped_conv_forward_bf16_2d_64x128x64_compv4,125,2,256,512,1,231,159,1,1,2,2,0,0,0.058280497789382935,83.48234528783208,9502720
grouped_conv_forward_bf16_2d_128x128x64_compv3,125,2,256,512,1,231,159,1,1,2,2,0,0,0.029760200530290604,163.48655430086546,9502720
grouped_conv_forward_bf16_2d_128x128x64_compv4,125,2,256,512,1,231,159,1,1,2,2,0,0,0.05818849802017212,83.61433626132302,9502720
grouped_conv_forward_bf16_2d_16x64x128_compv3,125,2,256,512,1,231,159,1,1,2,2,0,0,0.03823230043053627,127.25869448635098,9502720
grouped_conv_forward_bf16_2d_16x64x128_compv4,125,2,256,512,1,231,159,1,1,2,2,0,0,0.04876039922237396,99.7816407903299,9502720
grouped_conv_forward_bf16_2d_32x64x128_compv3,125,2,256,512,1,231,159,1,1,2,2,0,0,0.03099220059812069,156.9876467660392,9502720
grouped_conv_forward_bf16_2d_32x64x128_compv4,125,2,256,512,1,231,159,1,1,2,2,0,0,0.04418829828500748,110.10590651441233,9502720
grouped_conv_forward_bf16_2d_64x64x128_compv3,125,2,256,512,1,231,159,1,1,2,2,0,0,0.0312321987003088,155.7813039897154,9502720
grouped_conv_forward_bf16_2d_64x64x128_compv4,125,2,256,512,1,231,159,1,1,2,2,0,0,0.057508498430252075,84.6030199501885,9502720
grouped_conv_forward_bf16_2d_128x64x128_compv3,125,2,256,512,1,231,159,1,1,2,2,0,0,0.03205220028758049,151.79590157138855,9502720
grouped_conv_forward_bf16_2d_128x64x128_compv4,125,2,256,512,1,231,159,1,1,2,2,0,0,0.05749649927020073,84.6206760716932,9502720
grouped_conv_forward_bf16_2d_16x64x64_compv3,126,12,256,256,1,716,39,3,3,2,2,0,0,0.6574398875236511,146.04928972239424,20837376
grouped_conv_forward_bf16_2d_16x64x64_compv4,126,12,256,256,1,716,39,3,3,2,2,0,0,0.6956177949905396,138.03360020326372,20837376
grouped_conv_forward_bf16_2d_32x64x64_compv3,126,12,256,256,1,716,39,3,3,2,2,0,0,0.5233964920043945,183.45294642745486,20837376
grouped_conv_forward_bf16_2d_32x64x64_compv4,126,12,256,256,1,716,39,3,3,2,2,0,0,0.5756809115409851,166.79140593871165,20837376
grouped_conv_forward_bf16_2d_64x64x64_compv3,126,12,256,256,1,716,39,3,3,2,2,0,0,0.4174076020717621,230.03564892306912,20837376
grouped_conv_forward_bf16_2d_64x64x64_compv4,126,12,256,256,1,716,39,3,3,2,2,0,0,0.7388263940811157,129.9610157098125,20837376
grouped_conv_forward_bf16_2d_32x128x64_compv3,126,12,256,256,1,716,39,3,3,2,2,0,0,0.3966234028339386,242.09017400872293,20837376
grouped_conv_forward_bf16_2d_32x128x64_compv4,126,12,256,256,1,716,39,3,3,2,2,0,0,0.5721089839935303,167.8327579087376,20837376
grouped_conv_forward_bf16_2d_64x128x64_compv3,126,12,256,256,1,716,39,3,3,2,2,0,0,0.3199307918548584,300.12312366469666,20837376
grouped_conv_forward_bf16_2d_64x128x64_compv4,126,12,256,256,1,716,39,3,3,2,2,0,0,0.7394024133682251,129.85977171835708,20837376
grouped_conv_forward_bf16_2d_128x128x64_compv3,126,12,256,256,1,716,39,3,3,2,2,0,0,0.28589850664138794,335.8486539016427,20837376
grouped_conv_forward_bf16_2d_128x128x64_compv4,126,12,256,256,1,716,39,3,3,2,2,0,0,0.7398024201393127,129.7895573116923,20837376
grouped_conv_forward_bf16_2d_16x64x128_compv3,126,12,256,256,1,716,39,3,3,2,2,0,0,0.5937091708183289,161.72670615084886,20837376
grouped_conv_forward_bf16_2d_16x64x128_compv4,126,12,256,256,1,716,39,3,3,2,2,0,0,0.6936541199684143,138.4243614272373,20837376
grouped_conv_forward_bf16_2d_32x64x128_compv3,126,12,256,256,1,716,39,3,3,2,2,0,0,0.43613582849502563,220.1576259839316,20837376
grouped_conv_forward_bf16_2d_32x64x128_compv4,126,12,256,256,1,716,39,3,3,2,2,0,0,0.5721930265426636,167.80810697426546,20837376
grouped_conv_forward_bf16_2d_64x64x128_compv3,126,12,256,256,1,716,39,3,3,2,2,0,0,0.390379399061203,245.9623352023921,20837376
grouped_conv_forward_bf16_2d_64x64x128_compv4,126,12,256,256,1,716,39,3,3,2,2,0,0,0.7399784922599792,129.758674897088,20837376
grouped_conv_forward_bf16_2d_128x64x128_compv3,126,12,256,256,1,716,39,3,3,2,2,0,0,0.3636152148246765,264.06658658190935,20837376
grouped_conv_forward_bf16_2d_128x64x128_compv4,126,12,256,256,1,716,39,3,3,2,2,0,0,0.738518476486206,130.01520160314286,20837376
grouped_conv_forward_bf16_2d_16x64x64_compv3,127,2,1024,512,1,39,65,1,1,2,2,0,0,0.01814810000360012,76.26805669604123,675840
grouped_conv_forward_bf16_2d_16x64x64_compv4,127,2,1024,512,1,39,65,1,1,2,2,0,0,0.016040099784731865,86.2912537063832,675840
grouped_conv_forward_bf16_2d_32x64x64_compv3,127,2,1024,512,1,39,65,1,1,2,2,0,0,0.019040100276470184,72.69501210088164,675840
grouped_conv_forward_bf16_2d_32x64x64_compv4,127,2,1024,512,1,39,65,1,1,2,2,0,0,0.01639609970152378,84.41765695480407,675840
grouped_conv_forward_bf16_2d_64x64x64_compv3,127,2,1024,512,1,39,65,1,1,2,2,0,0,0.020024100318551064,69.12272201901126,675840
grouped_conv_forward_bf16_2d_64x64x64_compv4,127,2,1024,512,1,39,65,1,1,2,2,0,0,0.01998410001397133,69.26107850903122,675840
grouped_conv_forward_bf16_2d_32x128x64_compv3,127,2,1024,512,1,39,65,1,1,2,2,0,0,0.01958009973168373,70.69015679017569,675840
grouped_conv_forward_bf16_2d_32x128x64_compv4,127,2,1024,512,1,39,65,1,1,2,2,0,0,0.016388099640607834,84.45886651618278,675840
grouped_conv_forward_bf16_2d_64x128x64_compv3,127,2,1024,512,1,39,65,1,1,2,2,0,0,0.02274009957909584,60.86694190523124,675840
grouped_conv_forward_bf16_2d_64x128x64_compv4,127,2,1024,512,1,39,65,1,1,2,2,0,0,0.019376100972294807,71.43440891328467,675840
grouped_conv_forward_bf16_2d_128x128x64_compv3,127,2,1024,512,1,39,65,1,1,2,2,0,0,0.023224201053380966,59.598188838384196,675840
grouped_conv_forward_bf16_2d_128x128x64_compv4,127,2,1024,512,1,39,65,1,1,2,2,0,0,0.019836099818348885,69.7778460824065,675840
grouped_conv_forward_bf16_2d_16x64x128_compv3,127,2,1024,512,1,39,65,1,1,2,2,0,0,0.014720099978148937,94.02927439722825,675840
grouped_conv_forward_bf16_2d_16x64x128_compv4,127,2,1024,512,1,39,65,1,1,2,2,0,0,0.016432100906968117,84.2327057164709,675840
grouped_conv_forward_bf16_2d_32x64x128_compv3,127,2,1024,512,1,39,65,1,1,2,2,0,0,0.015116100199520588,91.56596620363086,675840
grouped_conv_forward_bf16_2d_32x64x128_compv4,127,2,1024,512,1,39,65,1,1,2,2,0,0,0.01647610031068325,84.00776238916949,675840
grouped_conv_forward_bf16_2d_64x64x128_compv3,127,2,1024,512,1,39,65,1,1,2,2,0,0,0.016700100153684616,82.88095923152984,675840
grouped_conv_forward_bf16_2d_64x64x128_compv4,127,2,1024,512,1,39,65,1,1,2,2,0,0,0.01963610015809536,70.48855469548874,675840
grouped_conv_forward_bf16_2d_128x64x128_compv3,127,2,1024,512,1,39,65,1,1,2,2,0,0,0.017100099474191666,80.9422379144042,675840
grouped_conv_forward_bf16_2d_128x64x128_compv4,127,2,1024,512,1,39,65,1,1,2,2,0,0,0.01955210044980049,70.79138753167175,675840
grouped_conv_forward_bf16_2d_16x64x64_compv3,128,2,64,64,1,272,192,1,1,1,1,0,0,0.014167999848723412,60.392294264253266,6684672
grouped_conv_forward_bf16_2d_16x64x64_compv4,128,2,64,64,1,272,192,1,1,1,1,0,0,0.028572198003530502,29.946524096405664,6684672
grouped_conv_forward_bf16_2d_32x64x64_compv3,128,2,64,64,1,272,192,1,1,1,1,0,0,0.013312099501490593,64.27521187805063,6684672
grouped_conv_forward_bf16_2d_32x64x64_compv4,128,2,64,64,1,272,192,1,1,1,1,0,0,0.025516200810670853,33.53312753527841,6684672
grouped_conv_forward_bf16_2d_64x64x64_compv3,128,2,64,64,1,272,192,1,1,1,1,0,0,0.012056100182235241,70.97137574062211,6684672
grouped_conv_forward_bf16_2d_64x64x64_compv4,128,2,64,64,1,272,192,1,1,1,1,0,0,0.034688301384449005,24.666472033813342,6684672
grouped_conv_forward_bf16_2d_32x128x64_compv3,128,2,64,64,1,272,192,1,1,1,1,0,0,0.01573609933257103,54.37421294290993,6684672
grouped_conv_forward_bf16_2d_32x128x64_compv4,128,2,64,64,1,272,192,1,1,1,1,0,0,0.025508200749754906,33.54364443004555,6684672
grouped_conv_forward_bf16_2d_64x128x64_compv3,128,2,64,64,1,272,192,1,1,1,1,0,0,0.01586810126900673,53.921890306511706,6684672
grouped_conv_forward_bf16_2d_64x128x64_compv4,128,2,64,64,1,272,192,1,1,1,1,0,0,0.03618830069899559,23.644050686904684,6684672
grouped_conv_forward_bf16_2d_128x128x64_compv3,128,2,64,64,1,272,192,1,1,1,1,0,0,0.018952099606394768,45.14739969556159,6684672
grouped_conv_forward_bf16_2d_128x128x64_compv4,128,2,64,64,1,272,192,1,1,1,1,0,0,0.03472829982638359,24.638062337562506,6684672
grouped_conv_forward_bf16_2d_16x64x128_compv3,128,2,64,64,1,272,192,1,1,1,1,0,0,0.018276099115610123,46.81732193437143,6684672
grouped_conv_forward_bf16_2d_16x64x128_compv4,128,2,64,64,1,272,192,1,1,1,1,0,0,0.028412198647856712,30.115163793019075,6684672
grouped_conv_forward_bf16_2d_32x64x128_compv3,128,2,64,64,1,272,192,1,1,1,1,0,0,0.01563210040330887,54.73595959112993,6684672
grouped_conv_forward_bf16_2d_32x64x128_compv4,128,2,64,64,1,272,192,1,1,1,1,0,0,0.02597619965672493,32.93930703133033,6684672
grouped_conv_forward_bf16_2d_64x64x128_compv3,128,2,64,64,1,272,192,1,1,1,1,0,0,0.01629609987139702,52.505692942016104,6684672
grouped_conv_forward_bf16_2d_64x64x128_compv4,128,2,64,64,1,272,192,1,1,1,1,0,0,0.03464030101895332,24.700651865924623,6684672
grouped_conv_forward_bf16_2d_128x64x128_compv3,128,2,64,64,1,272,192,1,1,1,1,0,0,0.018740199506282806,45.657892580766834,6684672
grouped_conv_forward_bf16_2d_128x64x128_compv4,128,2,64,64,1,272,192,1,1,1,1,0,0,0.03472430258989334,24.64089851149486,6684672
grouped_conv_forward_bf16_2d_16x64x64_compv3,129,2,512,1024,1,148,80,1,1,2,2,0,0,0.04962430149316788,125.09133092492273,6062080
grouped_conv_forward_bf16_2d_16x64x64_compv4,129,2,512,1024,1,148,80,1,1,2,2,0,0,0.056208401918411255,110.43847019544403,6062080
grouped_conv_forward_bf16_2d_32x64x64_compv3,129,2,512,1024,1,148,80,1,1,2,2,0,0,0.04070829972624779,152.48904920481118,6062080
grouped_conv_forward_bf16_2d_32x64x64_compv4,129,2,512,1024,1,148,80,1,1,2,2,0,0,0.04928039759397507,125.96428241396588,6062080
grouped_conv_forward_bf16_2d_64x64x64_compv3,129,2,512,1024,1,148,80,1,1,2,2,0,0,0.03497230261564255,177.49960556567567,6062080
grouped_conv_forward_bf16_2d_64x64x64_compv4,129,2,512,1024,1,148,80,1,1,2,2,0,0,0.06321649998426437,98.19540660342103,6062080
grouped_conv_forward_bf16_2d_32x128x64_compv3,129,2,512,1024,1,148,80,1,1,2,2,0,0,0.03167220205068588,195.99426367847292,6062080
grouped_conv_forward_bf16_2d_32x128x64_compv4,129,2,512,1024,1,148,80,1,1,2,2,0,0,0.04927239939570427,125.98472970937146,6062080
grouped_conv_forward_bf16_2d_64x128x64_compv3,129,2,512,1024,1,148,80,1,1,2,2,0,0,0.028348198160529137,218.9758193747624,6062080
grouped_conv_forward_bf16_2d_64x128x64_compv4,129,2,512,1024,1,148,80,1,1,2,2,0,0,0.06325250118970871,98.13951706640151,6062080
grouped_conv_forward_bf16_2d_128x128x64_compv3,129,2,512,1024,1,148,80,1,1,2,2,0,0,0.029516199603676796,210.3106092027759,6062080
grouped_conv_forward_bf16_2d_128x128x64_compv4,129,2,512,1024,1,148,80,1,1,2,2,0,0,0.06320449709892273,98.21405445698583,6062080
grouped_conv_forward_bf16_2d_16x64x128_compv3,129,2,512,1024,1,148,80,1,1,2,2,0,0,0.0453202985227108,136.97107305878131,6062080
grouped_conv_forward_bf16_2d_16x64x128_compv4,129,2,512,1024,1,148,80,1,1,2,2,0,0,0.05808449909090996,106.87136873272038,6062080
grouped_conv_forward_bf16_2d_32x64x128_compv3,129,2,512,1024,1,148,80,1,1,2,2,0,0,0.03727230057120323,166.5464654681391,6062080
grouped_conv_forward_bf16_2d_32x64x128_compv4,129,2,512,1024,1,148,80,1,1,2,2,0,0,0.049604400992393494,125.14151558753606,6062080
grouped_conv_forward_bf16_2d_64x64x128_compv3,129,2,512,1024,1,148,80,1,1,2,2,0,0,0.03442030027508736,180.34618729032124,6062080
grouped_conv_forward_bf16_2d_64x64x128_compv4,129,2,512,1024,1,148,80,1,1,2,2,0,0,0.06256850063800812,99.21238093771939,6062080
grouped_conv_forward_bf16_2d_128x64x128_compv3,129,2,512,1024,1,148,80,1,1,2,2,0,0,0.03289619833230972,188.70174168129023,6062080
grouped_conv_forward_bf16_2d_128x64x128_compv4,129,2,512,1024,1,148,80,1,1,2,2,0,0,0.0639284998178482,97.10176115014836,6062080
grouped_conv_forward_bf16_2d_16x64x64_compv3,130,2,512,256,1,87,83,1,1,2,2,0,0,0.01297600008547306,74.66740271408358,946176
grouped_conv_forward_bf16_2d_16x64x64_compv4,130,2,512,256,1,87,83,1,1,2,2,0,0,0.013920100405812263,69.60324967163653,946176
grouped_conv_forward_bf16_2d_32x64x64_compv3,130,2,512,256,1,87,83,1,1,2,2,0,0,0.011832100339233875,81.88607231357666,946176
grouped_conv_forward_bf16_2d_32x64x64_compv4,130,2,512,256,1,87,83,1,1,2,2,0,0,0.01048400066792965,92.41550574904079,946176
grouped_conv_forward_bf16_2d_64x64x64_compv3,130,2,512,256,1,87,83,1,1,2,2,0,0,0.012516100890934467,77.41102699977212,946176
grouped_conv_forward_bf16_2d_64x64x64_compv4,130,2,512,256,1,87,83,1,1,2,2,0,0,0.012664100155234337,76.50636145668352,946176
grouped_conv_forward_bf16_2d_32x128x64_compv3,130,2,512,256,1,87,83,1,1,2,2,0,0,0.01190009992569685,81.41815867510573,946176
grouped_conv_forward_bf16_2d_32x128x64_compv4,130,2,512,256,1,87,83,1,1,2,2,0,0,0.01092000026255846,88.7256594051582,946176
grouped_conv_forward_bf16_2d_64x128x64_compv3,130,2,512,256,1,87,83,1,1,2,2,0,0,0.013640100136399269,71.03204626881627,946176
grouped_conv_forward_bf16_2d_64x128x64_compv4,130,2,512,256,1,87,83,1,1,2,2,0,0,0.012096100486814976,80.09889013869436,946176
grouped_conv_forward_bf16_2d_128x128x64_compv3,130,2,512,256,1,87,83,1,1,2,2,0,0,0.014836099930107594,65.3058572377096,946176
grouped_conv_forward_bf16_2d_128x128x64_compv4,130,2,512,256,1,87,83,1,1,2,2,0,0,0.012204100377857685,79.39005694822698,946176
grouped_conv_forward_bf16_2d_16x64x128_compv3,130,2,512,256,1,87,83,1,1,2,2,0,0,0.011364100500941277,85.25832941373127,946176
grouped_conv_forward_bf16_2d_16x64x128_compv4,130,2,512,256,1,87,83,1,1,2,2,0,0,0.013388100080192089,72.36906044894899,946176
grouped_conv_forward_bf16_2d_32x64x128_compv3,130,2,512,256,1,87,83,1,1,2,2,0,0,0.01032399944961071,93.84776013684639,946176
grouped_conv_forward_bf16_2d_32x64x128_compv4,130,2,512,256,1,87,83,1,1,2,2,0,0,0.010860099457204342,89.21504152130618,946176
grouped_conv_forward_bf16_2d_64x64x128_compv3,130,2,512,256,1,87,83,1,1,2,2,0,0,0.010780000127851963,89.87794179118077,946176
grouped_conv_forward_bf16_2d_64x64x128_compv4,130,2,512,256,1,87,83,1,1,2,2,0,0,0.012916100211441517,75.01368123032444,946176
grouped_conv_forward_bf16_2d_128x64x128_compv3,130,2,512,256,1,87,83,1,1,2,2,0,0,0.011376099660992622,85.16840154997904,946176
grouped_conv_forward_bf16_2d_128x64x128_compv4,130,2,512,256,1,87,83,1,1,2,2,0,0,0.012248100712895393,79.10485443509717,946176
grouped_conv_forward_bf16_2d_16x64x64_compv3,131,2,512,1024,1,119,95,1,1,2,2,0,0,0.048020198941230774,125.77619196021594,5898240
grouped_conv_forward_bf16_2d_16x64x64_compv4,131,2,512,1024,1,119,95,1,1,2,2,0,0,0.05373229831457138,112.40534928620573,5898240
grouped_conv_forward_bf16_2d_32x64x64_compv3,131,2,512,1024,1,119,95,1,1,2,2,0,0,0.04098829999566078,147.35419035772165,5898240
grouped_conv_forward_bf16_2d_32x64x64_compv4,131,2,512,1024,1,119,95,1,1,2,2,0,0,0.049444299191236496,122.15357197479489,5898240
grouped_conv_forward_bf16_2d_64x64x64_compv3,131,2,512,1024,1,119,95,1,1,2,2,0,0,0.03463619947433472,174.37818963005643,5898240
grouped_conv_forward_bf16_2d_64x64x64_compv4,131,2,512,1024,1,119,95,1,1,2,2,0,0,0.06259649991989136,96.48778714032743,5898240
grouped_conv_forward_bf16_2d_32x128x64_compv3,131,2,512,1024,1,119,95,1,1,2,2,0,0,0.03115219995379448,193.88029638222469,5898240
grouped_conv_forward_bf16_2d_32x128x64_compv4,131,2,512,1024,1,119,95,1,1,2,2,0,0,0.048488400876522064,124.56170240343916,5898240
grouped_conv_forward_bf16_2d_64x128x64_compv3,131,2,512,1024,1,119,95,1,1,2,2,0,0,0.027684200555086136,218.16767827490577,5898240
grouped_conv_forward_bf16_2d_64x128x64_compv4,131,2,512,1024,1,119,95,1,1,2,2,0,0,0.06198449805378914,97.44045607594921,5898240
grouped_conv_forward_bf16_2d_128x128x64_compv3,131,2,512,1024,1,119,95,1,1,2,2,0,0,0.029704201966524124,203.33142653711747,5898240
grouped_conv_forward_bf16_2d_128x128x64_compv4,131,2,512,1024,1,119,95,1,1,2,2,0,0,0.0625004991889,96.63599232616465,5898240
grouped_conv_forward_bf16_2d_16x64x128_compv3,131,2,512,1024,1,119,95,1,1,2,2,0,0,0.044088300317525864,136.99320945695598,5898240
grouped_conv_forward_bf16_2d_16x64x128_compv4,131,2,512,1024,1,119,95,1,1,2,2,0,0,0.053768403828144073,112.32986903060306,5898240
grouped_conv_forward_bf16_2d_32x64x128_compv3,131,2,512,1024,1,119,95,1,1,2,2,0,0,0.0362963005900383,166.40257166201815,5898240
grouped_conv_forward_bf16_2d_32x64x128_compv4,131,2,512,1024,1,119,95,1,1,2,2,0,0,0.048568401485681534,124.35652760325239,5898240
grouped_conv_forward_bf16_2d_64x64x128_compv3,131,2,512,1024,1,119,95,1,1,2,2,0,0,0.03358820080757141,179.81903212387954,5898240
grouped_conv_forward_bf16_2d_64x64x128_compv4,131,2,512,1024,1,119,95,1,1,2,2,0,0,0.06254450231790543,96.5680041596703,5898240
grouped_conv_forward_bf16_2d_128x64x128_compv3,131,2,512,1024,1,119,95,1,1,2,2,0,0,0.03244420140981674,186.15954461965953,5898240
grouped_conv_forward_bf16_2d_128x64x128_compv4,131,2,512,1024,1,119,95,1,1,2,2,0,0,0.061888497322797775,97.59160459976346,5898240
grouped_conv_forward_bf16_2d_16x64x64_compv3,132,2,256,256,1,14,16,3,3,2,2,1,1,0.02438409999012947,5.418308490101401,28672
grouped_conv_forward_bf16_2d_16x64x64_compv4,132,2,256,256,1,14,16,3,3,2,2,1,1,0.019356099888682365,6.825784985603001,28672
grouped_conv_forward_bf16_2d_32x64x64_compv3,132,2,256,256,1,14,16,3,3,2,2,1,1,0.03085620142519474,4.281815968835385,28672
grouped_conv_forward_bf16_2d_32x64x64_compv4,132,2,256,256,1,14,16,3,3,2,2,1,1,0.024872200563549995,5.3119777505180465,28672
grouped_conv_forward_bf16_2d_64x64x64_compv3,132,2,256,256,1,14,16,3,3,2,2,1,1,0.038304202258586884,3.449244944668747,28672
grouped_conv_forward_bf16_2d_64x64x64_compv4,132,2,256,256,1,14,16,3,3,2,2,1,1,0.03688430041074753,3.582027435214741,28672
grouped_conv_forward_bf16_2d_32x128x64_compv3,132,2,256,256,1,14,16,3,3,2,2,1,1,0.03738019987940788,3.534506942879751,28672
grouped_conv_forward_bf16_2d_32x128x64_compv4,132,2,256,256,1,14,16,3,3,2,2,1,1,0.024664198979735374,5.356775466681608,28672
grouped_conv_forward_bf16_2d_64x128x64_compv3,132,2,256,256,1,14,16,3,3,2,2,1,1,0.043684300035238266,3.024440723404609,28672
grouped_conv_forward_bf16_2d_64x128x64_compv4,132,2,256,256,1,14,16,3,3,2,2,1,1,0.03768020123243332,3.506365987405527,28672
grouped_conv_forward_bf16_2d_128x128x64_compv3,132,2,256,256,1,14,16,3,3,2,2,1,1,0.04210830107331276,3.137637297927816,28672
grouped_conv_forward_bf16_2d_128x128x64_compv4,132,2,256,256,1,14,16,3,3,2,2,1,1,0.03661229833960533,3.608639227575578,28672
grouped_conv_forward_bf16_2d_16x64x128_compv3,132,2,256,256,1,14,16,3,3,2,2,1,1,0.019112098962068558,6.912928625067155,28672
grouped_conv_forward_bf16_2d_16x64x128_compv4,132,2,256,256,1,14,16,3,3,2,2,1,1,0.019408099353313446,6.807496890592933,28672
grouped_conv_forward_bf16_2d_32x64x128_compv3,132,2,256,256,1,14,16,3,3,2,2,1,1,0.02271610125899315,5.816164248153911,28672
grouped_conv_forward_bf16_2d_32x64x128_compv4,132,2,256,256,1,14,16,3,3,2,2,1,1,0.024976199492812157,5.289859093174791,28672
grouped_conv_forward_bf16_2d_64x64x128_compv3,132,2,256,256,1,14,16,3,3,2,2,1,1,0.029940199106931686,4.412815543681931,28672
grouped_conv_forward_bf16_2d_64x64x128_compv4,132,2,256,256,1,14,16,3,3,2,2,1,1,0.036872200667858124,3.5832028901700697,28672
grouped_conv_forward_bf16_2d_128x64x128_compv3,132,2,256,256,1,14,16,3,3,2,2,1,1,0.0279121994972229,4.733434784067992,28672
grouped_conv_forward_bf16_2d_128x64x128_compv4,132,2,256,256,1,14,16,3,3,2,2,1,1,0.03689219802618027,3.581260620639671,28672
grouped_conv_forward_bf16_2d_16x64x64_compv3,133,2,64,256,1,168,248,1,1,1,1,0,0,0.0418161004781723,65.29762155668477,21331968
grouped_conv_forward_bf16_2d_16x64x64_compv4,133,2,64,256,1,168,248,1,1,1,1,0,0,0.08680059760808945,31.45706342171001,21331968
grouped_conv_forward_bf16_2d_32x64x64_compv3,133,2,64,256,1,168,248,1,1,1,1,0,0,0.03524420037865639,77.47350981620127,21331968
grouped_conv_forward_bf16_2d_32x64x64_compv4,133,2,64,256,1,168,248,1,1,1,1,0,0,0.07908450067043304,34.526258379991724,21331968
grouped_conv_forward_bf16_2d_64x64x64_compv3,133,2,64,256,1,168,248,1,1,1,1,0,0,0.03051620163023472,89.476794559343,21331968
grouped_conv_forward_bf16_2d_64x64x64_compv4,133,2,64,256,1,168,248,1,1,1,1,0,0,0.10224080085754395,26.706480006983707,21331968
grouped_conv_forward_bf16_2d_32x128x64_compv3,133,2,64,256,1,168,248,1,1,1,1,0,0,0.025512199848890305,107.02690948537577,21331968
grouped_conv_forward_bf16_2d_32x128x64_compv4,133,2,64,256,1,168,248,1,1,1,1,0,0,0.08071260154247284,33.829809122967646,21331968
grouped_conv_forward_bf16_2d_64x128x64_compv3,133,2,64,256,1,168,248,1,1,1,1,0,0,0.026484200730919838,103.098897782186,21331968
grouped_conv_forward_bf16_2d_64x128x64_compv4,133,2,64,256,1,168,248,1,1,1,1,0,0,0.10230480134487152,26.689772797617362,21331968
grouped_conv_forward_bf16_2d_128x128x64_compv3,133,2,64,256,1,168,248,1,1,1,1,0,0,0.03266020119190216,83.60303379505831,21331968
grouped_conv_forward_bf16_2d_128x128x64_compv4,133,2,64,256,1,168,248,1,1,1,1,0,0,0.1038367971777916,26.295995044269258,21331968
grouped_conv_forward_bf16_2d_16x64x128_compv3,133,2,64,256,1,168,248,1,1,1,1,0,0,0.05753239989280701,47.460073090769505,21331968
grouped_conv_forward_bf16_2d_16x64x128_compv4,133,2,64,256,1,168,248,1,1,1,1,0,0,0.08551669865846634,31.929341834218192,21331968
grouped_conv_forward_bf16_2d_32x64x128_compv3,133,2,64,256,1,168,248,1,1,1,1,0,0,0.046020299196243286,59.332337070570254,21331968
grouped_conv_forward_bf16_2d_32x64x128_compv4,133,2,64,256,1,168,248,1,1,1,1,0,0,0.07882060110569,34.641855881544245,21331968
grouped_conv_forward_bf16_2d_64x64x128_compv3,133,2,64,256,1,168,248,1,1,1,1,0,0,0.0451883003115654,60.424753424531076,21331968
grouped_conv_forward_bf16_2d_64x64x128_compv4,133,2,64,256,1,168,248,1,1,1,1,0,0,0.10370080173015594,26.33048017415645,21331968
grouped_conv_forward_bf16_2d_128x64x128_compv3,133,2,64,256,1,168,248,1,1,1,1,0,0,0.052128396928310394,52.38012417214959,21331968
grouped_conv_forward_bf16_2d_128x64x128_compv4,133,2,64,256,1,168,248,1,1,1,1,0,0,0.10223279893398285,26.708570365594937,21331968
grouped_conv_forward_bf16_2d_16x64x64_compv3,134,4,1024,512,1,12,12,3,3,1,1,0,0,0.09148039668798447,41.26428980052523,204800
grouped_conv_forward_bf16_2d_16x64x64_compv4,134,4,1024,512,1,12,12,3,3,1,1,0,0,0.08274449408054352,45.62084331950277,204800
grouped_conv_forward_bf16_2d_32x64x64_compv3,134,4,1024,512,1,12,12,3,3,1,1,0,0,0.14021699130535126,26.921655962360784,204800
grouped_conv_forward_bf16_2d_32x64x64_compv4,134,4,1024,512,1,12,12,3,3,1,1,0,0,0.10176470130681992,37.09413530944075,204800
grouped_conv_forward_bf16_2d_64x64x64_compv3,134,4,1024,512,1,12,12,3,3,1,1,0,0,0.1537812054157257,24.5470412967252,204800
grouped_conv_forward_bf16_2d_64x64x64_compv4,134,4,1024,512,1,12,12,3,3,1,1,0,0,0.14453700184822083,26.11700500031139,204800
grouped_conv_forward_bf16_2d_32x128x64_compv3,134,4,1024,512,1,12,12,3,3,1,1,0,0,0.16894128918647766,22.34429261299935,204800
grouped_conv_forward_bf16_2d_32x128x64_compv4,134,4,1024,512,1,12,12,3,3,1,1,0,0,0.10180079936981201,37.08098191141906,204800
grouped_conv_forward_bf16_2d_64x128x64_compv3,134,4,1024,512,1,12,12,3,3,1,1,0,0,0.1644252985715866,22.95798537569032,204800
grouped_conv_forward_bf16_2d_64x128x64_compv4,134,4,1024,512,1,12,12,3,3,1,1,0,0,0.14454519748687744,26.115524179505876,204800
grouped_conv_forward_bf16_2d_128x128x64_compv3,134,4,1024,512,1,12,12,3,3,1,1,0,0,0.15900918841362,23.739971492594965,204800
grouped_conv_forward_bf16_2d_128x128x64_compv4,134,4,1024,512,1,12,12,3,3,1,1,0,0,0.14418920874595642,26.180000797777183,204800
grouped_conv_forward_bf16_2d_16x64x128_compv3,134,4,1024,512,1,12,12,3,3,1,1,0,0,0.08224859833717346,45.895901891544945,204800
grouped_conv_forward_bf16_2d_16x64x128_compv4,134,4,1024,512,1,12,12,3,3,1,1,0,0,0.08280060440301895,45.58992808345209,204800
grouped_conv_forward_bf16_2d_32x64x128_compv3,134,4,1024,512,1,12,12,3,3,1,1,0,0,0.09367670118808746,40.29682463327431,204800
grouped_conv_forward_bf16_2d_32x64x128_compv4,134,4,1024,512,1,12,12,3,3,1,1,0,0,0.10371279716491699,36.397375282410465,204800
grouped_conv_forward_bf16_2d_64x64x128_compv3,134,4,1024,512,1,12,12,3,3,1,1,0,0,0.11858489364385605,31.832668428552225,204800
grouped_conv_forward_bf16_2d_64x64x128_compv4,134,4,1024,512,1,12,12,3,3,1,1,0,0,0.1446731984615326,26.09241822357102,204800
grouped_conv_forward_bf16_2d_128x64x128_compv3,134,4,1024,512,1,12,12,3,3,1,1,0,0,0.10043279826641083,37.58606416587802,204800
grouped_conv_forward_bf16_2d_128x64x128_compv4,134,4,1024,512,1,12,12,3,3,1,1,0,0,0.1445492058992386,26.114799984659648,204800
grouped_conv_forward_bf16_2d_16x64x64_compv3,135,2,256,512,1,167,231,1,1,2,2,0,0,0.047508202493190765,107.53221557334678,9977856
grouped_conv_forward_bf16_2d_16x64x64_compv4,135,2,256,512,1,167,231,1,1,2,2,0,0,0.051520299166440964,99.15824159902502,9977856
grouped_conv_forward_bf16_2d_32x64x64_compv3,135,2,256,512,1,167,231,1,1,2,2,0,0,0.039332300424575806,129.88465502536383,9977856
grouped_conv_forward_bf16_2d_32x64x64_compv4,135,2,256,512,1,167,231,1,1,2,2,0,0,0.04640040174126625,110.09952673441198,9977856
grouped_conv_forward_bf16_2d_64x64x64_compv3,135,2,256,512,1,167,231,1,1,2,2,0,0,0.03425619751214981,149.13103738930994,9977856
grouped_conv_forward_bf16_2d_64x64x64_compv4,135,2,256,512,1,167,231,1,1,2,2,0,0,0.05876050144433975,86.9404131419662,9977856
grouped_conv_forward_bf16_2d_32x128x64_compv3,135,2,256,512,1,167,231,1,1,2,2,0,0,0.030052199959754944,169.9929548865433,9977856
grouped_conv_forward_bf16_2d_32x128x64_compv4,135,2,256,512,1,167,231,1,1,2,2,0,0,0.046000298112630844,111.05715574911143,9977856
grouped_conv_forward_bf16_2d_64x128x64_compv3,135,2,256,512,1,167,231,1,1,2,2,0,0,0.02727619931101799,187.29377263115975,9977856
grouped_conv_forward_bf16_2d_64x128x64_compv4,135,2,256,512,1,167,231,1,1,2,2,0,0,0.058672498911619186,87.07081455138615,9977856
grouped_conv_forward_bf16_2d_128x128x64_compv3,135,2,256,512,1,167,231,1,1,2,2,0,0,0.03069620206952095,166.42652600572114,9977856
grouped_conv_forward_bf16_2d_128x128x64_compv4,135,2,256,512,1,167,231,1,1,2,2,0,0,0.05828850343823433,87.64442335379937,9977856
grouped_conv_forward_bf16_2d_16x64x128_compv3,135,2,256,512,1,167,231,1,1,2,2,0,0,0.04020430147647858,127.06755457469669,9977856
grouped_conv_forward_bf16_2d_16x64x128_compv4,135,2,256,512,1,167,231,1,1,2,2,0,0,0.05070040374994278,100.76176705014436,9977856
grouped_conv_forward_bf16_2d_32x64x128_compv3,135,2,256,512,1,167,231,1,1,2,2,0,0,0.032676197588443756,156.3420057726278,9977856
grouped_conv_forward_bf16_2d_32x64x128_compv4,135,2,256,512,1,167,231,1,1,2,2,0,0,0.04600840061903,111.03759755315107,9977856
grouped_conv_forward_bf16_2d_64x64x128_compv3,135,2,256,512,1,167,231,1,1,2,2,0,0,0.03190020099282265,160.14514369829263,9977856
grouped_conv_forward_bf16_2d_64x64x128_compv4,135,2,256,512,1,167,231,1,1,2,2,0,0,0.0594324991106987,85.95738608407883,9977856
grouped_conv_forward_bf16_2d_128x64x128_compv3,135,2,256,512,1,167,231,1,1,2,2,0,0,0.032700199633836746,156.22725026772554,9977856
grouped_conv_forward_bf16_2d_128x64x128_compv4,135,2,256,512,1,167,231,1,1,2,2,0,0,0.057972501963377,88.12216307702742,9977856
grouped_conv_forward_bf16_2d_16x64x64_compv3,136,2,64,256,1,184,280,1,1,1,1,0,0,0.05055230110883713,66.79052478206108,26378240
grouped_conv_forward_bf16_2d_16x64x64_compv4,136,2,64,256,1,184,280,1,1,1,1,0,0,0.10582870244979858,31.904527239211426,26378240
grouped_conv_forward_bf16_2d_32x64x64_compv3,136,2,64,256,1,184,280,1,1,1,1,0,0,0.04155229777097702,81.2569918181112,26378240
grouped_conv_forward_bf16_2d_32x64x64_compv4,136,2,64,256,1,184,280,1,1,1,1,0,0,0.09860870242118835,34.24053493350197,26378240
grouped_conv_forward_bf16_2d_64x64x64_compv3,136,2,64,256,1,184,280,1,1,1,1,0,0,0.035776201635599136,94.37599760842963,26378240
grouped_conv_forward_bf16_2d_64x64x64_compv4,136,2,64,256,1,184,280,1,1,1,1,0,0,0.12643299996852875,26.705169701268222,26378240
grouped_conv_forward_bf16_2d_32x128x64_compv3,136,2,64,256,1,184,280,1,1,1,1,0,0,0.030588200315833092,110.38291514824091,26378240
grouped_conv_forward_bf16_2d_32x128x64_compv4,136,2,64,256,1,184,280,1,1,1,1,0,0,0.09790880233049393,34.485303053782815,26378240
grouped_conv_forward_bf16_2d_64x128x64_compv3,136,2,64,256,1,184,280,1,1,1,1,0,0,0.03048819862306118,110.74497256279649,26378240
grouped_conv_forward_bf16_2d_64x128x64_compv4,136,2,64,256,1,184,280,1,1,1,1,0,0,0.12609300017356873,26.777178077707084,26378240
grouped_conv_forward_bf16_2d_128x128x64_compv3,136,2,64,256,1,184,280,1,1,1,1,0,0,0.038460299372673035,87.78961097736602,26378240
grouped_conv_forward_bf16_2d_128x128x64_compv4,136,2,64,256,1,184,280,1,1,1,1,0,0,0.12585699558258057,26.827390121390422,26378240
grouped_conv_forward_bf16_2d_16x64x128_compv3,136,2,64,256,1,184,280,1,1,1,1,0,0,0.06912060081958771,48.84816798414137,26378240
grouped_conv_forward_bf16_2d_16x64x128_compv4,136,2,64,256,1,184,280,1,1,1,1,0,0,0.10458890348672867,32.282724146050874,26378240
grouped_conv_forward_bf16_2d_32x64x128_compv3,136,2,64,256,1,184,280,1,1,1,1,0,0,0.05557640269398689,60.75266761310754,26378240
grouped_conv_forward_bf16_2d_32x64x128_compv4,136,2,64,256,1,184,280,1,1,1,1,0,0,0.09792479872703552,34.47966974547198,26378240
grouped_conv_forward_bf16_2d_64x64x128_compv3,136,2,64,256,1,184,280,1,1,1,1,0,0,0.053716398775577545,62.85631198223783,26378240
grouped_conv_forward_bf16_2d_64x64x128_compv4,136,2,64,256,1,184,280,1,1,1,1,0,0,0.12542501091957092,26.919788128741992,26378240
grouped_conv_forward_bf16_2d_128x64x128_compv3,136,2,64,256,1,184,280,1,1,1,1,0,0,0.061828501522541046,54.609357122605466,26378240
grouped_conv_forward_bf16_2d_128x64x128_compv4,136,2,64,256,1,184,280,1,1,1,1,0,0,0.12553299963474274,26.896630605690852,26378240
grouped_conv_forward_bf16_2d_16x64x64_compv3,138,4,1440,192,1,14,14,1,1,1,1,0,0,0.017044100910425186,25.435230774468895,150528
grouped_conv_forward_bf16_2d_16x64x64_compv4,138,4,1440,192,1,14,14,1,1,1,1,0,0,0.014208100736141205,30.51221609776821,150528
grouped_conv_forward_bf16_2d_32x64x64_compv3,138,4,1440,192,1,14,14,1,1,1,1,0,0,0.021160099655389786,20.487646422287806,150528
grouped_conv_forward_bf16_2d_32x64x64_compv4,138,4,1440,192,1,14,14,1,1,1,1,0,0,0.018616098910570145,23.28740527661511,150528
grouped_conv_forward_bf16_2d_64x64x64_compv3,138,4,1440,192,1,14,14,1,1,1,1,0,0,0.02616420015692711,16.569229611447653,150528
grouped_conv_forward_bf16_2d_64x64x64_compv4,138,4,1440,192,1,14,14,1,1,1,1,0,0,0.026232201606035233,16.526277378878486,150528
grouped_conv_forward_bf16_2d_32x128x64_compv3,138,4,1440,192,1,14,14,1,1,1,1,0,0,0.025480199605226517,17.01402056171789,150528
grouped_conv_forward_bf16_2d_32x128x64_compv4,138,4,1440,192,1,14,14,1,1,1,1,0,0,0.01782809942960739,24.31670530623392,150528
grouped_conv_forward_bf16_2d_64x128x64_compv3,138,4,1440,192,1,14,14,1,1,1,1,0,0,0.030264299362897873,14.324489551258836,150528
grouped_conv_forward_bf16_2d_64x128x64_compv4,138,4,1440,192,1,14,14,1,1,1,1,0,0,0.02626419998705387,16.5061429708002,150528
grouped_conv_forward_bf16_2d_128x128x64_compv3,138,4,1440,192,1,14,14,1,1,1,1,0,0,0.030148198828101158,14.37965307552354,150528
grouped_conv_forward_bf16_2d_128x128x64_compv4,138,4,1440,192,1,14,14,1,1,1,1,0,0,0.026148200035095215,16.579368347272222,150528
grouped_conv_forward_bf16_2d_16x64x128_compv3,138,4,1440,192,1,14,14,1,1,1,1,0,0,0.014076100662350655,30.79834752528714,150528
grouped_conv_forward_bf16_2d_16x64x128_compv4,138,4,1440,192,1,14,14,1,1,1,1,0,0,0.014072099700570107,30.807104072922158,150528
grouped_conv_forward_bf16_2d_32x64x128_compv3,138,4,1440,192,1,14,14,1,1,1,1,0,0,0.01647610031068325,26.312090350585045,150528
grouped_conv_forward_bf16_2d_32x64x128_compv4,138,4,1440,192,1,14,14,1,1,1,1,0,0,0.017864100635051727,24.267700280940826,150528
grouped_conv_forward_bf16_2d_64x64x128_compv3,138,4,1440,192,1,14,14,1,1,1,1,0,0,0.022652199491858482,19.138125644523544,150528
grouped_conv_forward_bf16_2d_64x64x128_compv4,138,4,1440,192,1,14,14,1,1,1,1,0,0,0.026752199977636337,16.205046327494717,150528
grouped_conv_forward_bf16_2d_128x64x128_compv3,138,4,1440,192,1,14,14,1,1,1,1,0,0,0.022456100210547447,19.305250508117116,150528
grouped_conv_forward_bf16_2d_128x64x128_compv4,138,4,1440,192,1,14,14,1,1,1,1,0,0,0.026340197771787643,16.45851879154581,150528
grouped_conv_forward_bf16_2d_16x64x64_compv3,139,4,256,512,1,38,38,3,3,2,2,1,1,0.03554820269346237,95.83672776307604,739328
grouped_conv_forward_bf16_2d_16x64x64_compv4,139,4,256,512,1,38,38,3,3,2,2,1,1,0.030972201377153397,109.99616664358378,739328
grouped_conv_forward_bf16_2d_32x64x64_compv3,139,4,256,512,1,38,38,3,3,2,2,1,1,0.03792420029640198,89.83243937574127,739328
grouped_conv_forward_bf16_2d_32x64x64_compv4,139,4,256,512,1,38,38,3,3,2,2,1,1,0.03152819722890854,108.05639787346443,739328
grouped_conv_forward_bf16_2d_64x64x64_compv3,139,4,256,512,1,38,38,3,3,2,2,1,1,0.04096820205450058,83.15774803755983,739328
grouped_conv_forward_bf16_2d_64x64x64_compv4,139,4,256,512,1,38,38,3,3,2,2,1,1,0.03824029862880707,89.08987497899878,739328
grouped_conv_forward_bf16_2d_32x128x64_compv3,139,4,256,512,1,38,38,3,3,2,2,1,1,0.03947620093822479,86.30069112605955,739328
grouped_conv_forward_bf16_2d_32x128x64_compv4,139,4,256,512,1,38,38,3,3,2,2,1,1,0.031424298882484436,108.41366538487598,739328
grouped_conv_forward_bf16_2d_64x128x64_compv3,139,4,256,512,1,38,38,3,3,2,2,1,1,0.0451883003115654,75.39171423821101,739328
grouped_conv_forward_bf16_2d_64x128x64_compv4,139,4,256,512,1,38,38,3,3,2,2,1,1,0.03834829851984978,88.83897214465894,739328
grouped_conv_forward_bf16_2d_128x128x64_compv3,139,4,256,512,1,38,38,3,3,2,2,1,1,0.04523229971528053,75.31837747460573,739328
grouped_conv_forward_bf16_2d_128x128x64_compv4,139,4,256,512,1,38,38,3,3,2,2,1,1,0.03826029971241951,89.04330205479613,739328
grouped_conv_forward_bf16_2d_16x64x128_compv3,139,4,256,512,1,38,38,3,3,2,2,1,1,0.028116200119256973,121.16941156876473,739328
grouped_conv_forward_bf16_2d_16x64x128_compv4,139,4,256,512,1,38,38,3,3,2,2,1,1,0.031112302094697952,109.50084675928171,739328
grouped_conv_forward_bf16_2d_32x64x128_compv3,139,4,256,512,1,38,38,3,3,2,2,1,1,0.028136199340224266,121.08328430590531,739328
grouped_conv_forward_bf16_2d_32x64x128_compv4,139,4,256,512,1,38,38,3,3,2,2,1,1,0.03149620071053505,108.16617074898383,739328
grouped_conv_forward_bf16_2d_64x64x128_compv3,139,4,256,512,1,38,38,3,3,2,2,1,1,0.03199220076203346,106.48918620325195,739328
grouped_conv_forward_bf16_2d_64x64x128_compv4,139,4,256,512,1,38,38,3,3,2,2,1,1,0.038724299520254135,87.97637313537756,739328
grouped_conv_forward_bf16_2d_128x64x128_compv3,139,4,256,512,1,38,38,3,3,2,2,1,1,0.03061630204319954,111.27481755285073,739328
grouped_conv_forward_bf16_2d_128x64x128_compv4,139,4,256,512,1,38,38,3,3,2,2,1,1,0.03833230212330818,88.87604540527873,739328
grouped_conv_forward_bf16_2d_16x64x64_compv3,140,2,256,256,1,200,288,1,1,1,1,0,0,0.12947680056095123,116.61930426595542,29491200
grouped_conv_forward_bf16_2d_16x64x64_compv4,140,2,256,256,1,200,288,1,1,1,1,0,0,0.14617308974266052,103.29872910658754,29491200
grouped_conv_forward_bf16_2d_32x64x64_compv3,140,2,256,256,1,200,288,1,1,1,1,0,0,0.10455280542373657,144.41979188223647,29491200
grouped_conv_forward_bf16_2d_32x64x64_compv4,140,2,256,256,1,200,288,1,1,1,1,0,0,0.12473700195550919,121.05064386095829,29491200
grouped_conv_forward_bf16_2d_64x64x64_compv3,140,2,256,256,1,200,288,1,1,1,1,0,0,0.08768869936466217,172.1943022236794,29491200
grouped_conv_forward_bf16_2d_64x64x64_compv4,140,2,256,256,1,200,288,1,1,1,1,0,0,0.16397340595722198,92.08502020101488,29491200
grouped_conv_forward_bf16_2d_32x128x64_compv3,140,2,256,256,1,200,288,1,1,1,1,0,0,0.07924459874629974,190.5428841698193,29491200
grouped_conv_forward_bf16_2d_32x128x64_compv4,140,2,256,256,1,200,288,1,1,1,1,0,0,0.12418899685144424,121.58480044783775,29491200
grouped_conv_forward_bf16_2d_64x128x64_compv3,140,2,256,256,1,200,288,1,1,1,1,0,0,0.07210459560155869,209.4109851671312,29491200
grouped_conv_forward_bf16_2d_64x128x64_compv4,140,2,256,256,1,200,288,1,1,1,1,0,0,0.16612939536571503,90.88996180814463,29491200
grouped_conv_forward_bf16_2d_128x128x64_compv3,140,2,256,256,1,200,288,1,1,1,1,0,0,0.0779045969247818,193.8203263483773,29491200
grouped_conv_forward_bf16_2d_128x128x64_compv4,140,2,256,256,1,200,288,1,1,1,1,0,0,0.16308540105819702,92.58642589726192,29491200
grouped_conv_forward_bf16_2d_16x64x128_compv3,140,2,256,256,1,200,288,1,1,1,1,0,0,0.11165289580821991,135.2360302945978,29491200
grouped_conv_forward_bf16_2d_16x64x128_compv4,140,2,256,256,1,200,288,1,1,1,1,0,0,0.14736920595169067,102.46030914321265,29491200
grouped_conv_forward_bf16_2d_32x64x128_compv3,140,2,256,256,1,200,288,1,1,1,1,0,0,0.0883847028017044,170.83832293781072,29491200
grouped_conv_forward_bf16_2d_32x64x128_compv4,140,2,256,256,1,200,288,1,1,1,1,0,0,0.1263251006603241,119.52885310260763,29491200
grouped_conv_forward_bf16_2d_64x64x128_compv3,140,2,256,256,1,200,288,1,1,1,1,0,0,0.08314070105552673,181.61374884144388,29491200
grouped_conv_forward_bf16_2d_64x64x128_compv4,140,2,256,256,1,200,288,1,1,1,1,0,0,0.1634373962879181,92.38702244986885,29491200
grouped_conv_forward_bf16_2d_128x64x128_compv3,140,2,256,256,1,200,288,1,1,1,1,0,0,0.09129279851913452,165.39633623823264,29491200
grouped_conv_forward_bf16_2d_128x64x128_compv4,140,2,256,256,1,200,288,1,1,1,1,0,0,0.16417740285396576,91.97060093240029,29491200
grouped_conv_forward_bf16_2d_16x64x64_compv3,141,2,512,256,1,164,80,1,1,1,1,0,0,0.05364830046892166,128.21764156321768,6717440
grouped_conv_forward_bf16_2d_16x64x64_compv4,141,2,512,256,1,164,80,1,1,1,1,0,0,0.0628684014081955,109.41360693009925,6717440
grouped_conv_forward_bf16_2d_32x64x64_compv3,141,2,512,256,1,164,80,1,1,1,1,0,0,0.045276299118995667,151.9262548805377,6717440
grouped_conv_forward_bf16_2d_32x64x64_compv4,141,2,512,256,1,164,80,1,1,1,1,0,0,0.05497239902615547,125.12931365296944,6717440
grouped_conv_forward_bf16_2d_64x64x64_compv3,141,2,512,256,1,164,80,1,1,1,1,0,0,0.0398842990398407,172.46532408978433,6717440
grouped_conv_forward_bf16_2d_64x64x64_compv4,141,2,512,256,1,164,80,1,1,1,1,0,0,0.07302059978246689,94.20161681076259,6717440
grouped_conv_forward_bf16_2d_32x128x64_compv3,141,2,512,256,1,164,80,1,1,1,1,0,0,0.037552300840616226,183.1754221717383,6717440
grouped_conv_forward_bf16_2d_32x128x64_compv4,141,2,512,256,1,164,80,1,1,1,1,0,0,0.055148400366306305,124.72997429319118,6717440
grouped_conv_forward_bf16_2d_64x128x64_compv3,141,2,512,256,1,164,80,1,1,1,1,0,0,0.03306020051240921,208.06463522258682,6717440
grouped_conv_forward_bf16_2d_64x128x64_compv4,141,2,512,256,1,164,80,1,1,1,1,0,0,0.07289259880781174,94.3670368803318,6717440
grouped_conv_forward_bf16_2d_128x128x64_compv3,141,2,512,256,1,164,80,1,1,1,1,0,0,0.031960200518369675,215.22576355697058,6717440
grouped_conv_forward_bf16_2d_128x128x64_compv4,141,2,512,256,1,164,80,1,1,1,1,0,0,0.07430459558963776,92.57379715769925,6717440
grouped_conv_forward_bf16_2d_16x64x128_compv3,141,2,512,256,1,164,80,1,1,1,1,0,0,0.05221639946103096,131.73368196582638,6717440
grouped_conv_forward_bf16_2d_16x64x128_compv4,141,2,512,256,1,164,80,1,1,1,1,0,0,0.06356050074100494,108.22222103046387,6717440
grouped_conv_forward_bf16_2d_32x64x128_compv3,141,2,512,256,1,164,80,1,1,1,1,0,0,0.03983230143785477,172.69046255667374,6717440
grouped_conv_forward_bf16_2d_32x64x128_compv4,141,2,512,256,1,164,80,1,1,1,1,0,0,0.05504839867353439,124.95656051312262,6717440
grouped_conv_forward_bf16_2d_64x64x128_compv3,141,2,512,256,1,164,80,1,1,1,1,0,0,0.04082829877734184,168.4777168285394,6717440
grouped_conv_forward_bf16_2d_64x64x128_compv4,141,2,512,256,1,164,80,1,1,1,1,0,0,0.07380859553813934,93.19590096312793,6717440
grouped_conv_forward_bf16_2d_128x64x128_compv3,141,2,512,256,1,164,80,1,1,1,1,0,0,0.04272029921412468,161.01616062009458,6717440
grouped_conv_forward_bf16_2d_128x64x128_compv4,141,2,512,256,1,164,80,1,1,1,1,0,0,0.07395260035991669,93.01442446273094,6717440
grouped_conv_forward_bf16_2d_16x64x64_compv3,142,2,256,128,1,207,159,1,1,2,2,0,0,0.014291999861598015,76.30276032468888,2129920
grouped_conv_forward_bf16_2d_16x64x64_compv4,142,2,256,128,1,207,159,1,1,2,2,0,0,0.014572100713849068,74.83608996495542,2129920
grouped_conv_forward_bf16_2d_32x64x64_compv3,142,2,256,128,1,207,159,1,1,2,2,0,0,0.014096100814640522,77.36316974034145,2129920
grouped_conv_forward_bf16_2d_32x64x64_compv4,142,2,256,128,1,207,159,1,1,2,2,0,0,0.013920100405812263,78.34131997673376,2129920
grouped_conv_forward_bf16_2d_64x64x64_compv3,142,2,256,128,1,207,159,1,1,2,2,0,0,0.012412100099027157,87.85934944929049,2129920
grouped_conv_forward_bf16_2d_64x64x64_compv4,142,2,256,128,1,207,159,1,1,2,2,0,0,0.019060101360082626,57.21475554604672,2129920
grouped_conv_forward_bf16_2d_32x128x64_compv3,142,2,256,128,1,207,159,1,1,2,2,0,0,0.010475999675691128,104.09689516605066,2129920
grouped_conv_forward_bf16_2d_32x128x64_compv4,142,2,256,128,1,207,159,1,1,2,2,0,0,0.013888100162148476,78.52183000322614,2129920
grouped_conv_forward_bf16_2d_64x128x64_compv3,142,2,256,128,1,207,159,1,1,2,2,0,0,0.011068100109696388,98.52811496027518,2129920
grouped_conv_forward_bf16_2d_64x128x64_compv4,142,2,256,128,1,207,159,1,1,2,2,0,0,0.020068099722266197,54.34092191549329,2129920
grouped_conv_forward_bf16_2d_128x128x64_compv3,142,2,256,128,1,207,159,1,1,2,2,0,0,0.010360000655055046,105.26244894278973,2129920
grouped_conv_forward_bf16_2d_128x128x64_compv4,142,2,256,128,1,207,159,1,1,2,2,0,0,0.018644100055098534,58.49137457840341,2129920
grouped_conv_forward_bf16_2d_16x64x128_compv3,142,2,256,128,1,207,159,1,1,2,2,0,0,0.011748099699616432,92.82514346006144,2129920
grouped_conv_forward_bf16_2d_16x64x128_compv4,142,2,256,128,1,207,159,1,1,2,2,0,0,0.01419609971344471,76.81821500360422,2129920
grouped_conv_forward_bf16_2d_32x64x128_compv3,142,2,256,128,1,207,159,1,1,2,2,0,0,0.010755999945104122,101.38704402805233,2129920
grouped_conv_forward_bf16_2d_32x64x128_compv4,142,2,256,128,1,207,159,1,1,2,2,0,0,0.013748100027441978,79.32143625833845,2129920
grouped_conv_forward_bf16_2d_64x64x128_compv3,142,2,256,128,1,207,159,1,1,2,2,0,0,0.011896099895238876,91.6702994765918,2129920
grouped_conv_forward_bf16_2d_64x64x128_compv4,142,2,256,128,1,207,159,1,1,2,2,0,0,0.018748100847005844,58.16690708564013,2129920
grouped_conv_forward_bf16_2d_128x64x128_compv3,142,2,256,128,1,207,159,1,1,2,2,0,0,0.013776099309325218,79.1602191239877,2129920
grouped_conv_forward_bf16_2d_128x64x128_compv4,142,2,256,128,1,207,159,1,1,2,2,0,0,0.018740098923444748,58.19174404867785,2129920
grouped_conv_forward_bf16_2d_16x64x64_compv3,143,2,256,512,1,1023,1023,1,1,2,2,0,0,1.18562912940979,115.92069565667431,268435456
grouped_conv_forward_bf16_2d_16x64x64_compv4,143,2,256,512,1,1023,1023,1,1,2,2,0,0,1.4209444522857666,96.72366379341028,268435456
grouped_conv_forward_bf16_2d_32x64x64_compv3,143,2,256,512,1,1023,1023,1,1,2,2,0,0,1.0481570959091187,131.1243839386427,268435456
grouped_conv_forward_bf16_2d_32x64x64_compv4,143,2,256,512,1,1023,1023,1,1,2,2,0,0,1.19736647605896,114.78436737628549,268435456
grouped_conv_forward_bf16_2d_64x64x64_compv3,143,2,256,512,1,1023,1023,1,1,2,2,0,0,0.8652515411376953,158.84277223162795,268435456
grouped_conv_forward_bf16_2d_64x64x64_compv4,143,2,256,512,1,1023,1023,1,1,2,2,0,0,1.489029049873352,92.30105583480037,268435456
grouped_conv_forward_bf16_2d_32x128x64_compv3,143,2,256,512,1,1023,1023,1,1,2,2,0,0,0.772914707660675,177.8190427867216,268435456
grouped_conv_forward_bf16_2d_32x128x64_compv4,143,2,256,512,1,1023,1023,1,1,2,2,0,0,1.1965224742889404,114.86533385315315,268435456
grouped_conv_forward_bf16_2d_64x128x64_compv3,143,2,256,512,1,1023,1023,1,1,2,2,0,0,0.6840938925743103,200.90656408991487,268435456
grouped_conv_forward_bf16_2d_64x128x64_compv4,143,2,256,512,1,1023,1023,1,1,2,2,0,0,1.4895809888839722,92.26685524160212,268435456
grouped_conv_forward_bf16_2d_128x128x64_compv3,143,2,256,512,1,1023,1023,1,1,2,2,0,0,0.6935259699821472,198.17419883431035,268435456
grouped_conv_forward_bf16_2d_128x128x64_compv4,143,2,256,512,1,1023,1023,1,1,2,2,0,0,1.4890609979629517,92.29907549792632,268435456
grouped_conv_forward_bf16_2d_16x64x128_compv3,143,2,256,512,1,1023,1023,1,1,2,2,0,0,1.1084496974945068,123.99205284882231,268435456
grouped_conv_forward_bf16_2d_16x64x128_compv4,143,2,256,512,1,1023,1023,1,1,2,2,0,0,1.4243123531341553,96.49495292908878,268435456
grouped_conv_forward_bf16_2d_32x64x128_compv3,143,2,256,512,1,1023,1023,1,1,2,2,0,0,0.9669123888015747,142.14209587524954,268435456
grouped_conv_forward_bf16_2d_32x64x128_compv4,143,2,256,512,1,1023,1023,1,1,2,2,0,0,1.1958904266357422,114.92604206109488,268435456
grouped_conv_forward_bf16_2d_64x64x128_compv3,143,2,256,512,1,1023,1023,1,1,2,2,0,0,0.8324511647224426,165.10152102174683,268435456
grouped_conv_forward_bf16_2d_64x64x128_compv4,143,2,256,512,1,1023,1023,1,1,2,2,0,0,1.4880930185317993,92.35911449111005,268435456
grouped_conv_forward_bf16_2d_128x64x128_compv3,143,2,256,512,1,1023,1023,1,1,2,2,0,0,0.8168190717697144,168.26119543735157,268435456
grouped_conv_forward_bf16_2d_128x64x128_compv4,143,2,256,512,1,1023,1023,1,1,2,2,0,0,1.4888050556182861,92.31494274777496,268435456
grouped_conv_forward_bf16_2d_16x64x64_compv3,144,2,256,128,1,160,264,1,1,2,2,0,0,0.016700100153684616,82.88095923152984,2703360
grouped_conv_forward_bf16_2d_16x64x64_compv4,144,2,256,128,1,160,264,1,1,2,2,0,0,0.01695210114121437,81.64889463966753,2703360
grouped_conv_forward_bf16_2d_32x64x64_compv3,144,2,256,128,1,160,264,1,1,2,2,0,0,0.014892099425196648,92.94326343659385,2703360
grouped_conv_forward_bf16_2d_32x64x64_compv4,144,2,256,128,1,160,264,1,1,2,2,0,0,0.016032099723815918,86.33431327425372,2703360
grouped_conv_forward_bf16_2d_64x64x64_compv3,144,2,256,128,1,160,264,1,1,2,2,0,0,0.013320100493729115,103.9121529639826,2703360
grouped_conv_forward_bf16_2d_64x64x64_compv4,144,2,256,128,1,160,264,1,1,2,2,0,0,0.019064100459218025,72.60349487566506,2703360
grouped_conv_forward_bf16_2d_32x128x64_compv3,144,2,256,128,1,160,264,1,1,2,2,0,0,0.010864099487662315,127.40313374080011,2703360
grouped_conv_forward_bf16_2d_32x128x64_compv4,144,2,256,128,1,160,264,1,1,2,2,0,0,0.016116101294755936,85.88431498940646,2703360
grouped_conv_forward_bf16_2d_64x128x64_compv3,144,2,256,128,1,160,264,1,1,2,2,0,0,0.011896099895238876,116.35076472028958,2703360
grouped_conv_forward_bf16_2d_64x128x64_compv4,144,2,256,128,1,160,264,1,1,2,2,0,0,0.018928099423646927,73.12516111738164,2703360
grouped_conv_forward_bf16_2d_128x128x64_compv3,144,2,256,128,1,160,264,1,1,2,2,0,0,0.010615999810397625,130.38059012061694,2703360
grouped_conv_forward_bf16_2d_128x128x64_compv4,144,2,256,128,1,160,264,1,1,2,2,0,0,0.019008100032806396,72.81739456395556,2703360
grouped_conv_forward_bf16_2d_16x64x128_compv3,144,2,256,128,1,160,264,1,1,2,2,0,0,0.013976099900901318,99.03480440281757,2703360
grouped_conv_forward_bf16_2d_16x64x128_compv4,144,2,256,128,1,160,264,1,1,2,2,0,0,0.016896100714802742,81.91951168871564,2703360
grouped_conv_forward_bf16_2d_32x64x128_compv3,144,2,256,128,1,160,264,1,1,2,2,0,0,0.012248100712895393,113.00693490728167,2703360
grouped_conv_forward_bf16_2d_32x64x128_compv4,144,2,256,128,1,160,264,1,1,2,2,0,0,0.015960101038217545,86.72378180348797,2703360
grouped_conv_forward_bf16_2d_64x64x128_compv3,144,2,256,128,1,160,264,1,1,2,2,0,0,0.012204100377857685,113.41436706889569,2703360
grouped_conv_forward_bf16_2d_64x64x128_compv4,144,2,256,128,1,160,264,1,1,2,2,0,0,0.01907609961926937,72.55782616074495,2703360
grouped_conv_forward_bf16_2d_128x64x128_compv3,144,2,256,128,1,160,264,1,1,2,2,0,0,0.013700099661946297,101.02994534007395,2703360
grouped_conv_forward_bf16_2d_128x64x128_compv4,144,2,256,128,1,160,264,1,1,2,2,0,0,0.019172100350260735,72.1945063249774,2703360
grouped_conv_forward_bf16_2d_16x64x64_compv3,145,4,288,384,1,35,35,3,3,2,2,1,1,0.0326601006090641,78.99210743043479,497664
grouped_conv_forward_bf16_2d_16x64x64_compv4,145,4,288,384,1,35,35,3,3,2,2,1,1,0.027236100286245346,94.72318536376093,497664
grouped_conv_forward_bf16_2d_32x64x64_compv3,145,4,288,384,1,35,35,3,3,2,2,1,1,0.03668830171227455,70.31914958159167,497664
grouped_conv_forward_bf16_2d_32x64x64_compv4,145,4,288,384,1,35,35,3,3,2,2,1,1,0.02948020026087761,87.51264079517478,497664
grouped_conv_forward_bf16_2d_64x64x64_compv3,145,4,288,384,1,35,35,3,3,2,2,1,1,0.04460439831018448,57.83936727627455,497664
grouped_conv_forward_bf16_2d_64x64x64_compv4,145,4,288,384,1,35,35,3,3,2,2,1,1,0.04138819873332977,62.33395641648022,497664
grouped_conv_forward_bf16_2d_32x128x64_compv3,145,4,288,384,1,35,35,3,3,2,2,1,1,0.04447630047798157,58.00595256966573,497664
grouped_conv_forward_bf16_2d_32x128x64_compv4,145,4,288,384,1,35,35,3,3,2,2,1,1,0.029632199555635452,87.0637419661058,497664
grouped_conv_forward_bf16_2d_64x128x64_compv3,145,4,288,384,1,35,35,3,3,2,2,1,1,0.05032029747962952,51.26937449136468,497664
grouped_conv_forward_bf16_2d_64x128x64_compv4,145,4,288,384,1,35,35,3,3,2,2,1,1,0.04151630029082298,62.141620470219856,497664
grouped_conv_forward_bf16_2d_128x128x64_compv3,145,4,288,384,1,35,35,3,3,2,2,1,1,0.04979630187153816,51.80887092088611,497664
grouped_conv_forward_bf16_2d_128x128x64_compv4,145,4,288,384,1,35,35,3,3,2,2,1,1,0.04158430173993111,62.04000230987825,497664
grouped_conv_forward_bf16_2d_16x64x128_compv3,145,4,288,384,1,35,35,3,3,2,2,1,1,0.02666420117020607,96.75482717564802,497664
grouped_conv_forward_bf16_2d_16x64x128_compv4,145,4,288,384,1,35,35,3,3,2,2,1,1,0.027228200808167458,94.75066656722055,497664
grouped_conv_forward_bf16_2d_32x64x128_compv3,145,4,288,384,1,35,35,3,3,2,2,1,1,0.02741220034658909,94.11466950412161,497664
grouped_conv_forward_bf16_2d_32x64x128_compv4,145,4,288,384,1,35,35,3,3,2,2,1,1,0.030368302017450333,84.9533890474856,497664
grouped_conv_forward_bf16_2d_64x64x128_compv3,145,4,288,384,1,35,35,3,3,2,2,1,1,0.03526430204510689,73.15869098160624,497664
grouped_conv_forward_bf16_2d_64x64x128_compv4,145,4,288,384,1,35,35,3,3,2,2,1,1,0.04172829911112785,61.82591265293174,497664
grouped_conv_forward_bf16_2d_128x64x128_compv3,145,4,288,384,1,35,35,3,3,2,2,1,1,0.034208301454782486,75.4170790797717,497664
grouped_conv_forward_bf16_2d_128x64x128_compv4,145,4,288,384,1,35,35,3,3,2,2,1,1,0.04218829795718193,61.15179566187766,497664
grouped_conv_forward_bf16_2d_16x64x64_compv3,146,1,256,512,1,14,14,1,1,2,2,0,0,0.005584000144153833,2.3003323188392333,25088
grouped_conv_forward_bf16_2d_16x64x64_compv4,146,1,256,512,1,14,14,1,1,2,2,0,0,0.0050119999796152115,2.562860345619187,25088
grouped_conv_forward_bf16_2d_32x64x64_compv3,146,1,256,512,1,14,14,1,1,2,2,0,0,0.0068000005558133125,1.8889786691294865,25088
grouped_conv_forward_bf16_2d_32x64x64_compv4,146,1,256,512,1,14,14,1,1,2,2,0,0,0.005892000161111355,2.180084122329208,25088
grouped_conv_forward_bf16_2d_64x64x64_compv3,146,1,256,512,1,14,14,1,1,2,2,0,0,0.008080000057816505,1.5897346420899874,25088
grouped_conv_forward_bf16_2d_64x64x64_compv4,146,1,256,512,1,14,14,1,1,2,2,0,0,0.007372099906206131,1.742387672905316,25088
grouped_conv_forward_bf16_2d_32x128x64_compv3,146,1,256,512,1,14,14,1,1,2,2,0,0,0.007451999932527542,1.7237058663852216,25088
grouped_conv_forward_bf16_2d_32x128x64_compv4,146,1,256,512,1,14,14,1,1,2,2,0,0,0.005795999895781279,2.2161932765646704,25088
grouped_conv_forward_bf16_2d_64x128x64_compv3,146,1,256,512,1,14,14,1,1,2,2,0,0,0.008684000000357628,1.4791635190546994,25088
grouped_conv_forward_bf16_2d_64x128x64_compv4,146,1,256,512,1,14,14,1,1,2,2,0,0,0.007468000054359436,1.7200128423274066,25088
grouped_conv_forward_bf16_2d_128x128x64_compv3,146,1,256,512,1,14,14,1,1,2,2,0,0,0.00920809991657734,1.3949735685290567,25088
grouped_conv_forward_bf16_2d_128x128x64_compv4,146,1,256,512,1,14,14,1,1,2,2,0,0,0.007340000011026859,1.7500076267987619,25088
grouped_conv_forward_bf16_2d_16x64x128_compv3,146,1,256,512,1,14,14,1,1,2,2,0,0,0.004652000032365322,2.7611900065849517,25088
grouped_conv_forward_bf16_2d_16x64x128_compv4,146,1,256,512,1,14,14,1,1,2,2,0,0,0.005531999748200178,2.3219552756088078,25088
grouped_conv_forward_bf16_2d_32x64x128_compv3,146,1,256,512,1,14,14,1,1,2,2,0,0,0.005283999722450972,2.4309342684904323,25088
grouped_conv_forward_bf16_2d_32x64x128_compv4,146,1,256,512,1,14,14,1,1,2,2,0,0,0.006316100247204304,2.0337004634601246,25088
grouped_conv_forward_bf16_2d_64x64x128_compv3,146,1,256,512,1,14,14,1,1,2,2,0,0,0.006624100264161825,1.9391397303412252,25088
grouped_conv_forward_bf16_2d_64x64x128_compv4,146,1,256,512,1,14,14,1,1,2,2,0,0,0.007740099914371967,1.6595465358462689,25088
grouped_conv_forward_bf16_2d_128x64x128_compv3,146,1,256,512,1,14,14,1,1,2,2,0,0,0.006876000203192234,1.8681000029692534,25088
grouped_conv_forward_bf16_2d_128x64x128_compv4,146,1,256,512,1,14,14,1,1,2,2,0,0,0.007696100510656834,1.6690343352732178,25088
grouped_conv_forward_bf16_2d_16x64x64_compv3,147,1,512,1024,1,399,607,1,1,2,2,0,0,0.4936595857143402,129.1445008765441,62259200
grouped_conv_forward_bf16_2d_16x64x64_compv4,147,1,512,1024,1,399,607,1,1,2,2,0,0,0.5419567227363586,117.63563053172719,62259200
grouped_conv_forward_bf16_2d_32x64x64_compv3,147,1,512,1024,1,399,607,1,1,2,2,0,0,0.3926793932914734,162.35489279336304,62259200
grouped_conv_forward_bf16_2d_32x64x64_compv4,147,1,512,1024,1,399,607,1,1,2,2,0,0,0.4752840995788574,134.13749977432659,62259200
grouped_conv_forward_bf16_2d_64x64x64_compv3,147,1,512,1024,1,399,607,1,1,2,2,0,0,0.32049471139907837,198.92191207053824,62259200
grouped_conv_forward_bf16_2d_64x64x64_compv4,147,1,512,1024,1,399,607,1,1,2,2,0,0,0.6002851724624634,106.20522332489661,62259200
grouped_conv_forward_bf16_2d_32x128x64_compv3,147,1,512,1024,1,399,607,1,1,2,2,0,0,0.2806183993816376,227.18902588171395,62259200
grouped_conv_forward_bf16_2d_32x128x64_compv4,147,1,512,1024,1,399,607,1,1,2,2,0,0,0.46948400139808655,135.79466096852568,62259200
grouped_conv_forward_bf16_2d_64x128x64_compv3,147,1,512,1024,1,399,607,1,1,2,2,0,0,0.24019400775432587,265.42469313059627,62259200
grouped_conv_forward_bf16_2d_64x128x64_compv4,147,1,512,1024,1,399,607,1,1,2,2,0,0,0.5998371839523315,106.2845427152886,62259200
grouped_conv_forward_bf16_2d_128x128x64_compv3,147,1,512,1024,1,399,607,1,1,2,2,0,0,0.23087799549102783,276.13467738408843,62259200
grouped_conv_forward_bf16_2d_128x128x64_compv4,147,1,512,1024,1,399,607,1,1,2,2,0,0,0.6089133024215698,104.70032522932387,62259200
grouped_conv_forward_bf16_2d_16x64x128_compv3,147,1,512,1024,1,399,607,1,1,2,2,0,0,0.4577879011631012,139.26410164624656,62259200
grouped_conv_forward_bf16_2d_16x64x128_compv4,147,1,512,1024,1,399,607,1,1,2,2,0,0,0.5488767027854919,116.15253567232504,62259200
grouped_conv_forward_bf16_2d_32x64x128_compv3,147,1,512,1024,1,399,607,1,1,2,2,0,0,3.566303253173828,17.876612355739155,62259200
grouped_conv_forward_bf16_2d_32x64x128_compv4,147,1,512,1024,1,399,607,1,1,2,2,0,0,0.47288408875465393,134.81828278023778,62259200
grouped_conv_forward_bf16_2d_64x64x128_compv3,147,1,512,1024,1,399,607,1,1,2,2,0,0,0.30871862173080444,206.50979990313485,62259200
grouped_conv_forward_bf16_2d_64x64x128_compv4,147,1,512,1024,1,399,607,1,1,2,2,0,0,0.5999292135238647,106.26823859022484,62259200
grouped_conv_forward_bf16_2d_128x64x128_compv3,147,1,512,1024,1,399,607,1,1,2,2,0,0,0.30843061208724976,206.7026368380232,62259200
grouped_conv_forward_bf16_2d_128x64x128_compv4,147,1,512,1024,1,399,607,1,1,2,2,0,0,0.6012532114982605,106.03422914138471,62259200
grouped_conv_forward_bf16_2d_16x64x64_compv3,148,2,256,512,1,200,320,1,1,2,2,0,0,0.07395230233669281,113.43268207943049,16384000
grouped_conv_forward_bf16_2d_16x64x64_compv4,148,2,256,512,1,200,320,1,1,2,2,0,0,0.08115260303020477,103.36831705666648,16384000
grouped_conv_forward_bf16_2d_32x64x64_compv3,148,2,256,512,1,200,320,1,1,2,2,0,0,0.0628884956240654,133.38859383988748,16384000
grouped_conv_forward_bf16_2d_32x64x64_compv4,148,2,256,512,1,200,320,1,1,2,2,0,0,0.07183660566806793,116.77344610017978,16384000
grouped_conv_forward_bf16_2d_64x64x64_compv3,148,2,256,512,1,200,320,1,1,2,2,0,0,0.05110440403223038,164.14647932709474,16384000
grouped_conv_forward_bf16_2d_64x64x64_compv4,148,2,256,512,1,200,320,1,1,2,2,0,0,0.0914606973528862,91.71817231650796,16384000
grouped_conv_forward_bf16_2d_32x128x64_compv3,148,2,256,512,1,200,320,1,1,2,2,0,0,0.04583229869604111,183.02830620897026,16384000
grouped_conv_forward_bf16_2d_32x128x64_compv4,148,2,256,512,1,200,320,1,1,2,2,0,0,0.07146059721708298,117.38787984820627,16384000
grouped_conv_forward_bf16_2d_64x128x64_compv3,148,2,256,512,1,200,320,1,1,2,2,0,0,0.04048030078411102,207.22691871135066,16384000
grouped_conv_forward_bf16_2d_64x128x64_compv4,148,2,256,512,1,200,320,1,1,2,2,0,0,0.09349679946899414,89.72080378838926,16384000
grouped_conv_forward_bf16_2d_128x128x64_compv3,148,2,256,512,1,200,320,1,1,2,2,0,0,0.04182829707860947,200.5486377854441,16384000
grouped_conv_forward_bf16_2d_128x128x64_compv4,148,2,256,512,1,200,320,1,1,2,2,0,0,0.09155669808387756,91.62200227355261,16384000
grouped_conv_forward_bf16_2d_16x64x128_compv3,148,2,256,512,1,200,320,1,1,2,2,0,0,0.0628805011510849,133.4055525391637,16384000
grouped_conv_forward_bf16_2d_16x64x128_compv4,148,2,256,512,1,200,320,1,1,2,2,0,0,0.08106070011854172,103.48551132339901,16384000
grouped_conv_forward_bf16_2d_32x64x128_compv3,148,2,256,512,1,200,320,1,1,2,2,0,0,0.05057640001177788,165.8601244463133,16384000
grouped_conv_forward_bf16_2d_32x64x128_compv4,148,2,256,512,1,200,320,1,1,2,2,0,0,0.07272859662771225,115.34126037025213,16384000
grouped_conv_forward_bf16_2d_64x64x128_compv3,148,2,256,512,1,200,320,1,1,2,2,0,0,0.0487964004278183,171.91038532460573,16384000
grouped_conv_forward_bf16_2d_64x64x128_compv4,148,2,256,512,1,200,320,1,1,2,2,0,0,0.09328480064868927,89.92470307774482,16384000
grouped_conv_forward_bf16_2d_128x64x128_compv3,148,2,256,512,1,200,320,1,1,2,2,0,0,0.05080439895391464,165.11578077342122,16384000
grouped_conv_forward_bf16_2d_128x64x128_compv4,148,2,256,512,1,200,320,1,1,2,2,0,0,0.0931887999176979,90.01734121920892,16384000
grouped_conv_forward_bf16_2d_16x64x64_compv3,149,2,256,128,1,200,184,1,1,2,2,0,0,0.014535998925566673,82.95696815710865,2355200
grouped_conv_forward_bf16_2d_16x64x64_compv4,149,2,256,128,1,200,184,1,1,2,2,0,0,0.014656099490821362,82.27717072712234,2355200
grouped_conv_forward_bf16_2d_32x64x64_compv3,149,2,256,128,1,200,184,1,1,2,2,0,0,0.014344100840389729,84.06678211607141,2355200
grouped_conv_forward_bf16_2d_32x64x64_compv4,149,2,256,128,1,200,184,1,1,2,2,0,0,0.014040100388228893,85.88702122179876,2355200
grouped_conv_forward_bf16_2d_64x64x64_compv3,149,2,256,128,1,200,184,1,1,2,2,0,0,0.012964099645614624,93.01551461060453,2355200
grouped_conv_forward_bf16_2d_64x64x64_compv4,149,2,256,128,1,200,184,1,1,2,2,0,0,0.019312100484967232,62.44076872625314,2355200
grouped_conv_forward_bf16_2d_32x128x64_compv3,149,2,256,128,1,200,184,1,1,2,2,0,0,0.010371999815106392,116.26132100809633,2355200
grouped_conv_forward_bf16_2d_32x128x64_compv4,149,2,256,128,1,200,184,1,1,2,2,0,0,0.015100101009011269,79.85790288954881,2355200
grouped_conv_forward_bf16_2d_64x128x64_compv3,149,2,256,128,1,200,184,1,1,2,2,0,0,0.012552100233733654,96.06857637730265,2355200
grouped_conv_forward_bf16_2d_64x128x64_compv4,149,2,256,128,1,200,184,1,1,2,2,0,0,0.018876099959015846,63.88302682324166,2355200
grouped_conv_forward_bf16_2d_128x128x64_compv3,149,2,256,128,1,200,184,1,1,2,2,0,0,0.01159610040485859,103.98861323197599,2355200
grouped_conv_forward_bf16_2d_128x128x64_compv4,149,2,256,128,1,200,184,1,1,2,2,0,0,0.018904101103544235,63.788401966064335,2355200
grouped_conv_forward_bf16_2d_16x64x128_compv3,149,2,256,128,1,200,184,1,1,2,2,0,0,0.012464100494980812,96.74684510812398,2355200
grouped_conv_forward_bf16_2d_16x64x128_compv4,149,2,256,128,1,200,184,1,1,2,2,0,0,0.014536100439727306,82.95638881968414,2355200
grouped_conv_forward_bf16_2d_32x64x128_compv3,149,2,256,128,1,200,184,1,1,2,2,0,0,0.011160099878907204,108.05121935145961,2355200
grouped_conv_forward_bf16_2d_32x64x128_compv4,149,2,256,128,1,200,184,1,1,2,2,0,0,0.014132100157439709,85.32789794623592,2355200
grouped_conv_forward_bf16_2d_64x64x128_compv3,149,2,256,128,1,200,184,1,1,2,2,0,0,0.012048100121319294,100.08734886475656,2355200
grouped_conv_forward_bf16_2d_64x64x128_compv4,149,2,256,128,1,200,184,1,1,2,2,0,0,0.019004100933670998,63.45274655237611,2355200
grouped_conv_forward_bf16_2d_128x64x128_compv3,149,2,256,128,1,200,184,1,1,2,2,0,0,0.013592099770903587,88.71788909182173,2355200
grouped_conv_forward_bf16_2d_128x64x128_compv4,149,2,256,128,1,200,184,1,1,2,2,0,0,0.018860099837183952,63.93722251790849,2355200
grouped_conv_forward_bf16_2d_16x64x64_compv3,150,3,1536,1536,1,128,1,3,1,1,1,1,0,0.06467639654874802,84.04639519307334,589824
grouped_conv_forward_bf16_2d_16x64x64_compv4,150,3,1536,1536,1,128,1,3,1,1,1,1,0,0.058728404343128204,92.55858463718066,589824
grouped_conv_forward_bf16_2d_32x64x64_compv3,150,3,1536,1536,1,128,1,3,1,1,1,1,0,0.07512450218200684,72.35745763519934,589824
grouped_conv_forward_bf16_2d_32x64x64_compv4,150,3,1536,1536,1,128,1,3,1,1,1,1,0,0.060352496802806854,90.06782274080155,589824
grouped_conv_forward_bf16_2d_64x64x64_compv3,150,3,1536,1536,1,128,1,3,1,1,1,1,0,0.08019260317087173,67.78453085526529,589824
grouped_conv_forward_bf16_2d_64x64x64_compv4,150,3,1536,1536,1,128,1,3,1,1,1,1,0,0.07632459700107574,71.21974039277778,589824
grouped_conv_forward_bf16_2d_32x128x64_compv3,150,3,1536,1536,1,128,1,3,1,1,1,1,0,0.0876166969537735,62.04089143953844,589824
grouped_conv_forward_bf16_2d_32x128x64_compv4,150,3,1536,1536,1,128,1,3,1,1,1,1,0,0.05943650007247925,91.45588951858447,589824
grouped_conv_forward_bf16_2d_64x128x64_compv3,150,3,1536,1536,1,128,1,3,1,1,1,1,0,0.09509279578924179,57.16329968936485,589824
grouped_conv_forward_bf16_2d_64x128x64_compv4,150,3,1536,1536,1,128,1,3,1,1,1,1,0,0.07633659988641739,71.20854206354556,589824
grouped_conv_forward_bf16_2d_128x128x64_compv3,150,3,1536,1536,1,128,1,3,1,1,1,1,0,0.09237270057201385,58.846585087790416,589824
grouped_conv_forward_bf16_2d_128x128x64_compv4,150,3,1536,1536,1,128,1,3,1,1,1,1,0,0.07642459869384766,71.12654926426974,589824
grouped_conv_forward_bf16_2d_16x64x128_compv3,150,3,1536,1536,1,128,1,3,1,1,1,1,0,0.05378039926290512,101.07433300052385,589824
grouped_conv_forward_bf16_2d_16x64x128_compv4,150,3,1536,1536,1,128,1,3,1,1,1,1,0,0.058860499411821365,92.3508641333119,589824
grouped_conv_forward_bf16_2d_32x64x128_compv3,150,3,1536,1536,1,128,1,3,1,1,1,1,0,0.054668404161930084,99.4325345202849,589824
grouped_conv_forward_bf16_2d_32x64x128_compv4,150,3,1536,1536,1,128,1,3,1,1,1,1,0,0.05961250141263008,91.18587301636558,589824
grouped_conv_forward_bf16_2d_64x64x128_compv3,150,3,1536,1536,1,128,1,3,1,1,1,1,0,0.06305649876594543,86.20551553578632,589824
grouped_conv_forward_bf16_2d_64x64x128_compv4,150,3,1536,1536,1,128,1,3,1,1,1,1,0,0.07650460302829742,71.05216900464677,589824
grouped_conv_forward_bf16_2d_128x64x128_compv3,150,3,1536,1536,1,128,1,3,1,1,1,1,0,0.05502840131521225,98.78204443670259,589824
grouped_conv_forward_bf16_2d_128x64x128_compv4,150,3,1536,1536,1,128,1,3,1,1,1,1,0,0.07662060111761093,70.94460112178106,589824
grouped_conv_forward_bf16_2d_16x64x64_compv3,151,2,1024,2048,1,59,41,1,1,2,2,0,0,0.04150019958615303,127.34452105534778,2580480
grouped_conv_forward_bf16_2d_16x64x64_compv4,151,2,1024,2048,1,59,41,1,1,2,2,0,0,0.04694829881191254,112.56686980655927,2580480
grouped_conv_forward_bf16_2d_32x64x64_compv3,151,2,1024,2048,1,59,41,1,1,2,2,0,0,0.03766419738531113,140.31423492011163,2580480
grouped_conv_forward_bf16_2d_32x64x64_compv4,151,2,1024,2048,1,59,41,1,1,2,2,0,0,0.04144030064344406,127.52858830516399,2580480
grouped_conv_forward_bf16_2d_64x64x64_compv3,151,2,1024,2048,1,59,41,1,1,2,2,0,0,0.033628202974796295,157.15448856904055,2580480
grouped_conv_forward_bf16_2d_64x64x64_compv4,151,2,1024,2048,1,59,41,1,1,2,2,0,0,0.05745239928364754,91.98611556513706,2580480
grouped_conv_forward_bf16_2d_32x128x64_compv3,151,2,1024,2048,1,59,41,1,1,2,2,0,0,0.029656197875738144,178.2029868476004,2580480
grouped_conv_forward_bf16_2d_32x128x64_compv4,151,2,1024,2048,1,59,41,1,1,2,2,0,0,0.04149629920721054,127.35649060197856,2580480
grouped_conv_forward_bf16_2d_64x128x64_compv3,151,2,1024,2048,1,59,41,1,1,2,2,0,0,0.03028019890189171,174.53065804233665,2580480
grouped_conv_forward_bf16_2d_64x128x64_compv4,151,2,1024,2048,1,59,41,1,1,2,2,0,0,0.057408399879932404,92.05661629749333,2580480
grouped_conv_forward_bf16_2d_128x128x64_compv3,151,2,1024,2048,1,59,41,1,1,2,2,0,0,0.027264198288321495,193.83746347911986,2580480
grouped_conv_forward_bf16_2d_128x128x64_compv4,151,2,1024,2048,1,59,41,1,1,2,2,0,0,0.057424403727054596,92.03096065427911,2580480
grouped_conv_forward_bf16_2d_16x64x128_compv3,151,2,1024,2048,1,59,41,1,1,2,2,0,0,0.03899630159139633,135.52113468026872,2580480
grouped_conv_forward_bf16_2d_16x64x128_compv4,151,2,1024,2048,1,59,41,1,1,2,2,0,0,0.04837640002369881,109.2438262750236,2580480
grouped_conv_forward_bf16_2d_32x64x128_compv3,151,2,1024,2048,1,59,41,1,1,2,2,0,0,0.031052198261022568,170.19159144792758,2580480
grouped_conv_forward_bf16_2d_32x64x128_compv4,151,2,1024,2048,1,59,41,1,1,2,2,0,0,0.04168029874563217,126.79426969207641,2580480
grouped_conv_forward_bf16_2d_64x64x128_compv3,151,2,1024,2048,1,59,41,1,1,2,2,0,0,0.03380819782614708,156.31779804343034,2580480
grouped_conv_forward_bf16_2d_64x64x128_compv4,151,2,1024,2048,1,59,41,1,1,2,2,0,0,0.05728039890527725,92.26232954032568,2580480
grouped_conv_forward_bf16_2d_128x64x128_compv3,151,2,1024,2048,1,59,41,1,1,2,2,0,0,0.033708199858665466,156.78152681420676,2580480
grouped_conv_forward_bf16_2d_128x64x128_compv4,151,2,1024,2048,1,59,41,1,1,2,2,0,0,0.05642039701342583,93.66866097632068,2580480
grouped_conv_forward_bf16_2d_16x64x64_compv3,152,2,256,256,1,176,200,3,3,1,1,1,1,0.5755317211151123,144.29651077979366,18022400
grouped_conv_forward_bf16_2d_16x64x64_compv4,152,2,256,256,1,176,200,3,3,1,1,1,1,0.602460503578186,137.84674465256842,18022400
grouped_conv_forward_bf16_2d_32x64x64_compv3,152,2,256,256,1,176,200,3,3,1,1,1,1,0.4410436153411865,188.29706702761263,18022400
grouped_conv_forward_bf16_2d_32x64x64_compv4,152,2,256,256,1,176,200,3,3,1,1,1,1,0.4953959882259369,167.63805354460072,18022400
grouped_conv_forward_bf16_2d_64x64x64_compv3,152,2,256,256,1,176,200,3,3,1,1,1,1,0.3722310960292816,223.10661329989227,18022400
grouped_conv_forward_bf16_2d_64x64x64_compv4,152,2,256,256,1,176,200,3,3,1,1,1,1,0.651841402053833,127.40402640632124,18022400
grouped_conv_forward_bf16_2d_32x128x64_compv3,152,2,256,256,1,176,200,3,3,1,1,1,1,0.3402988910675049,244.04199184864805,18022400
grouped_conv_forward_bf16_2d_32x128x64_compv4,152,2,256,256,1,176,200,3,3,1,1,1,1,0.49214810132980347,168.74436572162557,18022400
grouped_conv_forward_bf16_2d_64x128x64_compv3,152,2,256,256,1,176,200,3,3,1,1,1,1,0.26964229345321655,307.9903309545498,18022400
grouped_conv_forward_bf16_2d_64x128x64_compv4,152,2,256,256,1,176,200,3,3,1,1,1,1,0.6508175134658813,127.60446282051949,18022400
grouped_conv_forward_bf16_2d_128x128x64_compv3,152,2,256,256,1,176,200,3,3,1,1,1,1,0.26309818029403687,315.6510588829879,18022400
grouped_conv_forward_bf16_2d_128x128x64_compv4,152,2,256,256,1,176,200,3,3,1,1,1,1,0.6526654958724976,127.24315859379183,18022400
grouped_conv_forward_bf16_2d_16x64x128_compv3,152,2,256,256,1,176,200,3,3,1,1,1,1,0.5011402368545532,165.7165262187936,18022400
grouped_conv_forward_bf16_2d_16x64x128_compv4,152,2,256,256,1,176,200,3,3,1,1,1,1,0.5962010622024536,139.29398061320364,18022400
grouped_conv_forward_bf16_2d_32x64x128_compv3,152,2,256,256,1,176,200,3,3,1,1,1,1,0.38030320405960083,218.37107422051827,18022400
grouped_conv_forward_bf16_2d_32x64x128_compv4,152,2,256,256,1,176,200,3,3,1,1,1,1,0.49556422233581543,167.58114378911654,18022400
grouped_conv_forward_bf16_2d_64x64x128_compv3,152,2,256,256,1,176,200,3,3,1,1,1,1,0.3421708941459656,242.70684801312515,18022400
grouped_conv_forward_bf16_2d_64x64x128_compv4,152,2,256,256,1,176,200,3,3,1,1,1,1,0.6503015756607056,127.7057019516278,18022400
grouped_conv_forward_bf16_2d_128x64x128_compv3,152,2,256,256,1,176,200,3,3,1,1,1,1,0.31632667779922485,262.5362482158737,18022400
grouped_conv_forward_bf16_2d_128x64x128_compv4,152,2,256,256,1,176,200,3,3,1,1,1,1,0.6526376008987427,127.24859720867485,18022400
grouped_conv_forward_bf16_2d_16x64x64_compv3,154,2,256,256,1,176,328,1,1,1,1,0,0,0.12919269502162933,117.13548377844766,29556736
grouped_conv_forward_bf16_2d_16x64x64_compv4,154,2,256,256,1,176,328,1,1,1,1,0,0,0.145729199051857,103.84362866507611,29556736
grouped_conv_forward_bf16_2d_32x64x64_compv3,154,2,256,256,1,176,328,1,1,1,1,0,0,0.1047687977552414,144.44232592373066,29556736
grouped_conv_forward_bf16_2d_32x64x64_compv4,154,2,256,256,1,176,328,1,1,1,1,0,0,0.1280529946088791,118.17801589273171,29556736
grouped_conv_forward_bf16_2d_64x64x64_compv3,154,2,256,256,1,176,328,1,1,1,1,0,0,0.08916469663381577,169.7201852673694,29556736
grouped_conv_forward_bf16_2d_64x64x64_compv4,154,2,256,256,1,176,328,1,1,1,1,0,0,0.16656939685344696,90.8513155349571,29556736
grouped_conv_forward_bf16_2d_32x128x64_compv3,154,2,256,256,1,176,328,1,1,1,1,0,0,0.07925260066986084,190.9470314424014,29556736
grouped_conv_forward_bf16_2d_32x128x64_compv4,154,2,256,256,1,176,328,1,1,1,1,0,0,0.1266849935054779,119.45415485493663,29556736
grouped_conv_forward_bf16_2d_64x128x64_compv3,154,2,256,256,1,176,328,1,1,1,1,0,0,0.07088059931993484,213.5005767049701,29556736
grouped_conv_forward_bf16_2d_64x128x64_compv4,154,2,256,256,1,176,328,1,1,1,1,0,0,0.16311340034008026,92.77624524072596,29556736
grouped_conv_forward_bf16_2d_128x128x64_compv3,154,2,256,256,1,176,328,1,1,1,1,0,0,0.07779259979724884,194.53069921099598,29556736
grouped_conv_forward_bf16_2d_128x128x64_compv4,154,2,256,256,1,176,328,1,1,1,1,0,0,0.16570140421390533,91.32722141850181,29556736
grouped_conv_forward_bf16_2d_16x64x128_compv3,154,2,256,256,1,176,328,1,1,1,1,0,0,0.11278090626001358,134.18094723508545,29556736
grouped_conv_forward_bf16_2d_16x64x128_compv4,154,2,256,256,1,176,328,1,1,1,1,0,0,0.14596518874168396,103.6757391434002,29556736
grouped_conv_forward_bf16_2d_32x64x128_compv3,154,2,256,256,1,176,328,1,1,1,1,0,0,0.08625669777393341,175.4420146208423,29556736
grouped_conv_forward_bf16_2d_32x64x128_compv4,154,2,256,256,1,176,328,1,1,1,1,0,0,0.12469299882650375,121.36245799217589,29556736
grouped_conv_forward_bf16_2d_64x64x128_compv3,154,2,256,256,1,176,328,1,1,1,1,0,0,0.08531670272350311,177.37498460346777,29556736
grouped_conv_forward_bf16_2d_64x64x128_compv4,154,2,256,256,1,176,328,1,1,1,1,0,0,0.1634294092655182,92.59685205992425,29556736
grouped_conv_forward_bf16_2d_128x64x128_compv3,154,2,256,256,1,176,328,1,1,1,1,0,0,0.09402880072593689,160.94057049720195,29556736
grouped_conv_forward_bf16_2d_128x64x128_compv4,154,2,256,256,1,176,328,1,1,1,1,0,0,0.1659613996744156,91.18414801085154,29556736
grouped_conv_forward_bf16_2d_16x64x64_compv3,155,2,512,1024,1,95,95,1,1,2,2,0,0,0.03916420042514801,123.37385049478485,4718592
grouped_conv_forward_bf16_2d_16x64x64_compv4,155,2,512,1024,1,95,95,1,1,2,2,0,0,0.043348200619220734,111.46571573855702,4718592
grouped_conv_forward_bf16_2d_32x64x64_compv3,155,2,512,1024,1,95,95,1,1,2,2,0,0,0.03284820169210434,147.09597357231948,4718592
grouped_conv_forward_bf16_2d_32x64x64_compv4,155,2,512,1024,1,95,95,1,1,2,2,0,0,0.03786030039191246,127.6228175155249,4718592
grouped_conv_forward_bf16_2d_64x64x64_compv3,155,2,512,1024,1,95,95,1,1,2,2,0,0,0.03139219805598259,153.9184417536882,4718592
grouped_conv_forward_bf16_2d_64x64x64_compv4,155,2,512,1024,1,95,95,1,1,2,2,0,0,0.05190039798617363,93.09828817280383,4718592
grouped_conv_forward_bf16_2d_32x128x64_compv3,155,2,512,1024,1,95,95,1,1,2,2,0,0,0.027680199593305588,174.55937019935985,4718592
grouped_conv_forward_bf16_2d_32x128x64_compv4,155,2,512,1024,1,95,95,1,1,2,2,0,0,0.038352299481630325,125.9856194623823,4718592
grouped_conv_forward_bf16_2d_64x128x64_compv3,155,2,512,1024,1,95,95,1,1,2,2,0,0,0.02759220078587532,175.11608608159514,4718592
grouped_conv_forward_bf16_2d_64x128x64_compv4,155,2,512,1024,1,95,95,1,1,2,2,0,0,0.05234839767217636,92.30154929017368,4718592
grouped_conv_forward_bf16_2d_128x128x64_compv3,155,2,512,1024,1,95,95,1,1,2,2,0,0,0.02927219867706299,165.0657766198518,4718592
grouped_conv_forward_bf16_2d_128x128x64_compv4,155,2,512,1024,1,95,95,1,1,2,2,0,0,0.052444398403167725,92.13258908711497,4718592
grouped_conv_forward_bf16_2d_16x64x128_compv3,155,2,512,1024,1,95,95,1,1,2,2,0,0,0.03632429987192154,133.01944497311513,4718592
grouped_conv_forward_bf16_2d_16x64x128_compv4,155,2,512,1024,1,95,95,1,1,2,2,0,0,0.04328029975295067,111.6405901895489,4718592
grouped_conv_forward_bf16_2d_32x64x128_compv3,155,2,512,1024,1,95,95,1,1,2,2,0,0,0.028940200805664062,166.95938775429408,4718592
grouped_conv_forward_bf16_2d_32x64x128_compv4,155,2,512,1024,1,95,95,1,1,2,2,0,0,0.03837629780173302,125.90683533266206,4718592
grouped_conv_forward_bf16_2d_64x64x128_compv3,155,2,512,1024,1,95,95,1,1,2,2,0,0,0.03014419972896576,160.29081055208957,4718592
grouped_conv_forward_bf16_2d_64x64x128_compv4,155,2,512,1024,1,95,95,1,1,2,2,0,0,0.052648402750492096,91.77558967740646,4718592
grouped_conv_forward_bf16_2d_128x64x128_compv3,155,2,512,1024,1,95,95,1,1,2,2,0,0,0.032336197793483734,149.425057295193,4718592
grouped_conv_forward_bf16_2d_128x64x128_compv4,155,2,512,1024,1,95,95,1,1,2,2,0,0,0.05229239910840988,92.4003926074014,4718592
grouped_conv_forward_bf16_2d_16x64x64_compv3,156,2,1024,2048,1,43,41,1,1,2,2,0,0,0.03449609875679016,112.34710693878522,1892352
grouped_conv_forward_bf16_2d_16x64x64_compv4,156,2,1024,2048,1,43,41,1,1,2,2,0,0,0.037160199135541916,104.29268373573484,1892352
grouped_conv_forward_bf16_2d_32x64x64_compv3,156,2,1024,2048,1,43,41,1,1,2,2,0,0,0.02955619990825653,131.1243295156279,1892352
grouped_conv_forward_bf16_2d_32x64x64_compv4,156,2,1024,2048,1,43,41,1,1,2,2,0,0,0.032096199691295624,120.74753189708724,1892352
grouped_conv_forward_bf16_2d_64x64x64_compv3,156,2,1024,2048,1,43,41,1,1,2,2,0,0,0.02656410075724125,145.89377338299497,1892352
grouped_conv_forward_bf16_2d_64x64x64_compv4,156,2,1024,2048,1,43,41,1,1,2,2,0,0,0.036972202360630035,104.82299264181454,1892352
grouped_conv_forward_bf16_2d_32x128x64_compv3,156,2,1024,2048,1,43,41,1,1,2,2,0,0,0.025360101833939552,152.82024186564382,1892352
grouped_conv_forward_bf16_2d_32x128x64_compv4,156,2,1024,2048,1,43,41,1,1,2,2,0,0,0.031640198081731796,122.48775706109221,1892352
grouped_conv_forward_bf16_2d_64x128x64_compv3,156,2,1024,2048,1,43,41,1,1,2,2,0,0,0.024376200512051582,158.98855500814972,1892352
grouped_conv_forward_bf16_2d_64x128x64_compv4,156,2,1024,2048,1,43,41,1,1,2,2,0,0,0.03701219707727432,104.7097227951269,1892352
grouped_conv_forward_bf16_2d_128x128x64_compv3,156,2,1024,2048,1,43,41,1,1,2,2,0,0,0.02446020022034645,158.44256633583302,1892352
grouped_conv_forward_bf16_2d_128x128x64_compv4,156,2,1024,2048,1,43,41,1,1,2,2,0,0,0.03760030120611191,103.07196409825657,1892352
grouped_conv_forward_bf16_2d_16x64x128_compv3,156,2,1024,2048,1,43,41,1,1,2,2,0,0,0.031128201633691788,124.50243485332896,1892352
grouped_conv_forward_bf16_2d_16x64x128_compv4,156,2,1024,2048,1,43,41,1,1,2,2,0,0,0.037104301154613495,104.44980165104447,1892352
grouped_conv_forward_bf16_2d_32x64x128_compv3,156,2,1024,2048,1,43,41,1,1,2,2,0,0,0.02730419859290123,141.9392289729241,1892352
grouped_conv_forward_bf16_2d_32x64x128_compv4,156,2,1024,2048,1,43,41,1,1,2,2,0,0,0.03203219920396805,120.98878604376033,1892352
grouped_conv_forward_bf16_2d_64x64x128_compv3,156,2,1024,2048,1,43,41,1,1,2,2,0,0,0.02152409963309765,180.05570323789897,1892352
grouped_conv_forward_bf16_2d_64x64x128_compv4,156,2,1024,2048,1,43,41,1,1,2,2,0,0,0.03762830048799515,102.99526807585804,1892352
grouped_conv_forward_bf16_2d_128x64x128_compv3,156,2,1024,2048,1,43,41,1,1,2,2,0,0,0.018296100199222565,211.82311278360177,1892352
grouped_conv_forward_bf16_2d_128x64x128_compv4,156,2,1024,2048,1,43,41,1,1,2,2,0,0,0.03754430264234543,103.22569932698293,1892352
grouped_conv_forward_bf16_2d_16x64x64_compv3,157,2,512,512,1,22,25,3,3,1,1,1,1,0.06444039940834045,80.54653986716609,563200
grouped_conv_forward_bf16_2d_16x64x64_compv4,157,2,512,512,1,22,25,3,3,1,1,1,1,0.056340403854846954,92.12662396550192,563200
grouped_conv_forward_bf16_2d_32x64x64_compv3,157,2,512,512,1,22,25,3,3,1,1,1,1,0.07539650052785873,68.84207043644084,563200
grouped_conv_forward_bf16_2d_32x64x64_compv4,157,2,512,512,1,22,25,3,3,1,1,1,1,0.05553640052676201,93.46034584108153,563200
grouped_conv_forward_bf16_2d_64x64x64_compv3,157,2,512,512,1,22,25,3,3,1,1,1,1,0.07915259897708893,65.57524663848876,563200
grouped_conv_forward_bf16_2d_64x64x64_compv4,157,2,512,512,1,22,25,3,3,1,1,1,1,0.07565660029649734,68.60539833482711,563200
grouped_conv_forward_bf16_2d_32x128x64_compv3,157,2,512,512,1,22,25,3,3,1,1,1,1,0.08716470003128052,59.547628777903434,563200
grouped_conv_forward_bf16_2d_32x128x64_compv4,157,2,512,512,1,22,25,3,3,1,1,1,1,0.05540040135383606,93.68977612362731,563200
grouped_conv_forward_bf16_2d_64x128x64_compv3,157,2,512,512,1,22,25,3,3,1,1,1,1,0.09261669963598251,56.04228201177941,563200
grouped_conv_forward_bf16_2d_64x128x64_compv4,157,2,512,512,1,22,25,3,3,1,1,1,1,0.07554860413074493,68.70346923971447,563200
grouped_conv_forward_bf16_2d_128x128x64_compv3,157,2,512,512,1,22,25,3,3,1,1,1,1,0.08932070434093475,58.11028068238452,563200
grouped_conv_forward_bf16_2d_128x128x64_compv4,157,2,512,512,1,22,25,3,3,1,1,1,1,0.07572460174560547,68.54379000152639,563200
grouped_conv_forward_bf16_2d_16x64x128_compv3,157,2,512,512,1,22,25,3,3,1,1,1,1,0.05162839964032173,100.53480712476438,563200
grouped_conv_forward_bf16_2d_16x64x128_compv4,157,2,512,512,1,22,25,3,3,1,1,1,1,0.05642039701342583,91.99600631602925,563200
grouped_conv_forward_bf16_2d_32x64x128_compv3,157,2,512,512,1,22,25,3,3,1,1,1,1,0.05078039690852165,102.21367921464534,563200
grouped_conv_forward_bf16_2d_32x64x128_compv4,157,2,512,512,1,22,25,3,3,1,1,1,1,0.05542450025677681,93.64903925074829,563200
grouped_conv_forward_bf16_2d_64x64x128_compv3,157,2,512,512,1,22,25,3,3,1,1,1,1,0.06228850036859512,83.32920473739553,563200
grouped_conv_forward_bf16_2d_64x64x128_compv4,157,2,512,512,1,22,25,3,3,1,1,1,1,0.07561259716749191,68.64532358943396,563200
grouped_conv_forward_bf16_2d_128x64x128_compv3,157,2,512,512,1,22,25,3,3,1,1,1,1,0.05887240171432495,88.16442082975271,563200
grouped_conv_forward_bf16_2d_128x64x128_compv4,157,2,512,512,1,22,25,3,3,1,1,1,1,0.0756525993347168,68.6090265984835,563200
grouped_conv_forward_bf16_2d_16x64x64_compv3,158,2,256,128,1,247,191,1,1,2,2,0,0,0.01789199933409691,87.20551900684242,3047424
grouped_conv_forward_bf16_2d_16x64x64_compv4,158,2,256,128,1,247,191,1,1,2,2,0,0,0.018720099702477455,83.3479048080876,3047424
grouped_conv_forward_bf16_2d_32x64x64_compv3,158,2,256,128,1,247,191,1,1,2,2,0,0,0.016328100115060806,95.55803045088014,3047424
grouped_conv_forward_bf16_2d_32x64x64_compv4,158,2,256,128,1,247,191,1,1,2,2,0,0,0.016232099384069443,96.12318475152364,3047424
grouped_conv_forward_bf16_2d_64x64x64_compv3,158,2,256,128,1,247,191,1,1,2,2,0,0,0.013892099261283875,112.31427724882255,3047424
grouped_conv_forward_bf16_2d_64x64x64_compv4,158,2,256,128,1,247,191,1,1,2,2,0,0,0.020020101219415665,77.93572424533129,3047424
grouped_conv_forward_bf16_2d_32x128x64_compv3,158,2,256,128,1,247,191,1,1,2,2,0,0,0.010911999270319939,142.98764592514976,3047424
grouped_conv_forward_bf16_2d_32x128x64_compv4,158,2,256,128,1,247,191,1,1,2,2,0,0,0.016220100224018097,96.1942938977403,3047424
grouped_conv_forward_bf16_2d_64x128x64_compv3,158,2,256,128,1,247,191,1,1,2,2,0,0,0.012544100172817707,124.38365976868019,3047424
grouped_conv_forward_bf16_2d_64x128x64_compv4,158,2,256,128,1,247,191,1,1,2,2,0,0,0.020200099796056747,77.24125641718769,3047424
grouped_conv_forward_bf16_2d_128x128x64_compv3,158,2,256,128,1,247,191,1,1,2,2,0,0,0.010679999366402626,146.0937434985592,3047424
grouped_conv_forward_bf16_2d_128x128x64_compv4,158,2,256,128,1,247,191,1,1,2,2,0,0,0.019360098987817764,80.59261933432253,3047424
grouped_conv_forward_bf16_2d_16x64x128_compv3,158,2,256,128,1,247,191,1,1,2,2,0,0,0.015040099620819092,103.74140646250761,3047424
grouped_conv_forward_bf16_2d_16x64x128_compv4,158,2,256,128,1,247,191,1,1,2,2,0,0,0.01817210018634796,85.86135185256036,3047424
grouped_conv_forward_bf16_2d_32x64x128_compv3,158,2,256,128,1,247,191,1,1,2,2,0,0,0.0128280995413661,121.62994861153388,3047424
grouped_conv_forward_bf16_2d_32x64x128_compv4,158,2,256,128,1,247,191,1,1,2,2,0,0,0.01621609926223755,96.21802770000481,3047424
grouped_conv_forward_bf16_2d_64x64x128_compv3,158,2,256,128,1,247,191,1,1,2,2,0,0,0.012424100190401077,125.5850374746238,3047424
grouped_conv_forward_bf16_2d_64x64x128_compv4,158,2,256,128,1,247,191,1,1,2,2,0,0,0.01923609897494316,81.11213661524687,3047424
grouped_conv_forward_bf16_2d_128x64x128_compv3,158,2,256,128,1,247,191,1,1,2,2,0,0,0.014360100030899048,108.65391498963778,3047424
grouped_conv_forward_bf16_2d_128x64x128_compv4,158,2,256,128,1,247,191,1,1,2,2,0,0,0.01918010041117668,81.34895305818048,3047424
grouped_conv_forward_bf16_2d_16x64x64_compv3,159,2,64,64,1,184,256,1,1,1,1,0,0,0.012972000055015087,59.493673506548745,6029312
grouped_conv_forward_bf16_2d_16x64x64_compv4,159,2,64,64,1,184,256,1,1,1,1,0,0,0.025704100728034973,30.024467463989698,6029312
grouped_conv_forward_bf16_2d_32x64x64_compv3,159,2,64,64,1,184,256,1,1,1,1,0,0,0.0114120002835989,67.62635093070814,6029312
grouped_conv_forward_bf16_2d_32x64x64_compv4,159,2,64,64,1,184,256,1,1,1,1,0,0,0.023708200082182884,32.55210995878109,6029312
grouped_conv_forward_bf16_2d_64x64x64_compv3,159,2,64,64,1,184,256,1,1,1,1,0,0,0.011223999783396721,68.75908329414139,6029312
grouped_conv_forward_bf16_2d_64x64x64_compv4,159,2,64,64,1,184,256,1,1,1,1,0,0,0.030236199498176575,25.524105172230435,6029312
grouped_conv_forward_bf16_2d_32x128x64_compv3,159,2,64,64,1,184,256,1,1,1,1,0,0,0.014348099939525127,53.78774466673685,6029312
grouped_conv_forward_bf16_2d_32x128x64_compv4,159,2,64,64,1,184,256,1,1,1,1,0,0,0.023340100422501564,33.06549337962465,6029312
grouped_conv_forward_bf16_2d_64x128x64_compv3,159,2,64,64,1,184,256,1,1,1,1,0,0,0.014268100261688232,54.089326668965015,6029312
grouped_conv_forward_bf16_2d_64x128x64_compv4,159,2,64,64,1,184,256,1,1,1,1,0,0,0.030236199498176575,25.524105172230435,6029312
grouped_conv_forward_bf16_2d_128x128x64_compv3,159,2,64,64,1,184,256,1,1,1,1,0,0,0.014972100034356117,51.54600451700693,6029312
grouped_conv_forward_bf16_2d_128x128x64_compv4,159,2,64,64,1,184,256,1,1,1,1,0,0,0.030072201043367386,25.66330063060731,6029312
grouped_conv_forward_bf16_2d_16x64x128_compv3,159,2,64,64,1,184,256,1,1,1,1,0,0,0.01663609966635704,46.390196709430846,6029312
grouped_conv_forward_bf16_2d_16x64x128_compv4,159,2,64,64,1,184,256,1,1,1,1,0,0,0.0256561990827322,30.080524925433107,6029312
grouped_conv_forward_bf16_2d_32x64x128_compv3,159,2,64,64,1,184,256,1,1,1,1,0,0,0.014608100056648254,52.830411416080764,6029312
grouped_conv_forward_bf16_2d_32x64x128_compv4,159,2,64,64,1,184,256,1,1,1,1,0,0,0.023704199120402336,32.557604333307715,6029312
grouped_conv_forward_bf16_2d_64x64x128_compv3,159,2,64,64,1,184,256,1,1,1,1,0,0,0.014504100196063519,53.20922536162961,6029312
grouped_conv_forward_bf16_2d_64x64x128_compv4,159,2,64,64,1,184,256,1,1,1,1,0,0,0.03022420033812523,25.53423837078334,6029312
grouped_conv_forward_bf16_2d_128x64x128_compv3,159,2,64,64,1,184,256,1,1,1,1,0,0,0.014956099912524223,51.60114872953849,6029312
grouped_conv_forward_bf16_2d_128x64x128_compv4,159,2,64,64,1,184,256,1,1,1,1,0,0,0.03019619919359684,25.55791644677094,6029312
grouped_conv_forward_bf16_2d_16x64x64_compv3,160,2,512,1024,1,91,123,1,1,2,2,0,0,0.04800029844045639,124.60500660052003,5840896
grouped_conv_forward_bf16_2d_16x64x64_compv4,160,2,512,1024,1,91,123,1,1,2,2,0,0,0.0542403981089592,110.26979359526624,5840896
grouped_conv_forward_bf16_2d_32x64x64_compv3,160,2,512,1024,1,91,123,1,1,2,2,0,0,0.0409482978284359,146.0641301638315,5840896
grouped_conv_forward_bf16_2d_32x64x64_compv4,160,2,512,1024,1,91,123,1,1,2,2,0,0,0.04900439828634262,122.05185071452878,5840896
grouped_conv_forward_bf16_2d_64x64x64_compv3,160,2,512,1024,1,91,123,1,1,2,2,0,0,0.035752300173044205,167.29210358637266,5840896
grouped_conv_forward_bf16_2d_64x64x64_compv4,160,2,512,1024,1,91,123,1,1,2,2,0,0,0.062024496495723724,96.43089169474136,5840896
grouped_conv_forward_bf16_2d_32x128x64_compv3,160,2,512,1024,1,91,123,1,1,2,2,0,0,0.03184019774198532,187.846744937554,5840896
grouped_conv_forward_bf16_2d_32x128x64_compv4,160,2,512,1024,1,91,123,1,1,2,2,0,0,0.04902439936995506,122.00205572871423,5840896
grouped_conv_forward_bf16_2d_64x128x64_compv3,160,2,512,1024,1,91,123,1,1,2,2,0,0,0.028112199157476425,212.7573680911881,5840896
grouped_conv_forward_bf16_2d_64x128x64_compv4,160,2,512,1024,1,91,123,1,1,2,2,0,0,0.06277649849653244,95.27574247121117,5840896
grouped_conv_forward_bf16_2d_128x128x64_compv3,160,2,512,1024,1,91,123,1,1,2,2,0,0,0.02952820062637329,202.55475705004403,5840896
grouped_conv_forward_bf16_2d_128x128x64_compv4,160,2,512,1024,1,91,123,1,1,2,2,0,0,0.06193249672651291,96.57413829789198,5840896
grouped_conv_forward_bf16_2d_16x64x128_compv3,160,2,512,1024,1,91,123,1,1,2,2,0,0,0.043924298137426376,136.16785600732754,5840896
grouped_conv_forward_bf16_2d_16x64x128_compv4,160,2,512,1024,1,91,123,1,1,2,2,0,0,0.05471240356564522,109.31849295971367,5840896
grouped_conv_forward_bf16_2d_32x64x128_compv3,160,2,512,1024,1,91,123,1,1,2,2,0,0,0.03622429817914963,165.11230871665728,5840896
grouped_conv_forward_bf16_2d_32x64x128_compv4,160,2,512,1024,1,91,123,1,1,2,2,0,0,0.0483924001455307,123.59538865634018,5840896
grouped_conv_forward_bf16_2d_64x64x128_compv3,160,2,512,1024,1,91,123,1,1,2,2,0,0,0.03368020057678223,177.5843789993078,5840896
grouped_conv_forward_bf16_2d_64x64x128_compv4,160,2,512,1024,1,91,123,1,1,2,2,0,0,0.06257650256156921,95.58024592562039,5840896
grouped_conv_forward_bf16_2d_128x64x128_compv3,160,2,512,1024,1,91,123,1,1,2,2,0,0,0.03252420201897621,183.8962105975835,5840896
grouped_conv_forward_bf16_2d_128x64x128_compv4,160,2,512,1024,1,91,123,1,1,2,2,0,0,0.06258450448513031,95.56802523572055,5840896
grouped_conv_forward_bf16_2d_16x64x64_compv3,161,8,832,384,1,7,7,1,1,1,1,0,0,0.01093200035393238,22.912420773010645,150528
grouped_conv_forward_bf16_2d_16x64x64_compv4,161,8,832,384,1,7,7,1,1,1,1,0,0,0.009464000351727009,26.466460554842666,150528
grouped_conv_forward_bf16_2d_32x64x64_compv3,161,8,832,384,1,7,7,1,1,1,1,0,0,0.013448099605739117,18.625575311258526,150528
grouped_conv_forward_bf16_2d_32x64x64_compv4,161,8,832,384,1,7,7,1,1,1,1,0,0,0.011428100056946278,21.917780799246067,150528
grouped_conv_forward_bf16_2d_64x64x64_compv3,161,8,832,384,1,7,7,1,1,1,1,0,0,0.016704101115465164,14.995035666307079,150528
grouped_conv_forward_bf16_2d_64x64x64_compv4,161,8,832,384,1,7,7,1,1,1,1,0,0,0.016260098665952682,15.404493979146737,150528
grouped_conv_forward_bf16_2d_32x128x64_compv3,161,8,832,384,1,7,7,1,1,1,1,0,0,0.016440099105238914,15.235832241435867,150528
grouped_conv_forward_bf16_2d_32x128x64_compv4,161,8,832,384,1,7,7,1,1,1,1,0,0,0.011724100448191166,21.364418797575613,150528
grouped_conv_forward_bf16_2d_64x128x64_compv3,161,8,832,384,1,7,7,1,1,1,1,0,0,0.019036199897527695,13.158014380408488,150528
grouped_conv_forward_bf16_2d_64x128x64_compv4,161,8,832,384,1,7,7,1,1,1,1,0,0,0.016936099156737328,14.78962715569349,150528
grouped_conv_forward_bf16_2d_128x128x64_compv3,161,8,832,384,1,7,7,1,1,1,1,0,0,0.019516199827194214,12.834393694359429,150528
grouped_conv_forward_bf16_2d_128x128x64_compv4,161,8,832,384,1,7,7,1,1,1,1,0,0,0.016260098665952682,15.404493979146737,150528
grouped_conv_forward_bf16_2d_16x64x128_compv3,161,8,832,384,1,7,7,1,1,1,1,0,0,0.00973610021173954,25.726788606590073,150528
grouped_conv_forward_bf16_2d_16x64x128_compv4,161,8,832,384,1,7,7,1,1,1,1,0,0,0.009848100133240223,25.434204426350355,150528
grouped_conv_forward_bf16_2d_32x64x128_compv3,161,8,832,384,1,7,7,1,1,1,1,0,0,0.011136000044643879,22.492689564999917,150528
grouped_conv_forward_bf16_2d_32x64x128_compv4,161,8,832,384,1,7,7,1,1,1,1,0,0,0.01151609979569912,21.750297100893953,150528
grouped_conv_forward_bf16_2d_64x64x128_compv3,161,8,832,384,1,7,7,1,1,1,1,0,0,0.014668099582195282,17.076417472924767,150528
grouped_conv_forward_bf16_2d_64x64x128_compv4,161,8,832,384,1,7,7,1,1,1,1,0,0,0.016300100833177567,15.36668972563474,150528
grouped_conv_forward_bf16_2d_128x64x128_compv3,161,8,832,384,1,7,7,1,1,1,1,0,0,0.014960099942982197,16.743109535006806,150528
grouped_conv_forward_bf16_2d_128x64x128_compv4,161,8,832,384,1,7,7,1,1,1,1,0,0,0.016260098665952682,15.404493979146737,150528
grouped_conv_forward_bf16_2d_16x64x64_compv3,163,2,512,256,1,79,135,1,1,2,2,0,0,0.016672100871801376,85.53591241833206,1392640
grouped_conv_forward_bf16_2d_16x64x64_compv4,163,2,512,256,1,79,135,1,1,2,2,0,0,0.017584100365638733,81.09959169629654,1392640
grouped_conv_forward_bf16_2d_32x64x64_compv3,163,2,512,256,1,79,135,1,1,2,2,0,0,0.014412100426852703,98.94903017348888,1392640
grouped_conv_forward_bf16_2d_32x64x64_compv4,163,2,512,256,1,79,135,1,1,2,2,0,0,0.01599610038101673,89.15068835729309,1392640
grouped_conv_forward_bf16_2d_64x64x64_compv3,163,2,512,256,1,79,135,1,1,2,2,0,0,0.01636810041964054,87.1245485694129,1392640
grouped_conv_forward_bf16_2d_64x64x64_compv4,163,2,512,256,1,79,135,1,1,2,2,0,0,0.021852100268006325,65.25978475798505,1392640
grouped_conv_forward_bf16_2d_32x128x64_compv3,163,2,512,256,1,79,135,1,1,2,2,0,0,0.013648100197315216,104.48804884071176,1392640
grouped_conv_forward_bf16_2d_32x128x64_compv4,163,2,512,256,1,79,135,1,1,2,2,0,0,0.015808099880814552,90.2109279895642,1392640
grouped_conv_forward_bf16_2d_64x128x64_compv3,163,2,512,256,1,79,135,1,1,2,2,0,0,0.013908100314438343,102.53473355520512,1392640
grouped_conv_forward_bf16_2d_64x128x64_compv4,163,2,512,256,1,79,135,1,1,2,2,0,0,0.021952100098133087,64.96250261364649,1392640
grouped_conv_forward_bf16_2d_128x128x64_compv3,163,2,512,256,1,79,135,1,1,2,2,0,0,0.015288099646568298,93.27930828342728,1392640
grouped_conv_forward_bf16_2d_128x128x64_compv4,163,2,512,256,1,79,135,1,1,2,2,0,0,0.021992098540067673,64.84435113828896,1392640
grouped_conv_forward_bf16_2d_16x64x128_compv3,163,2,512,256,1,79,135,1,1,2,2,0,0,0.01505610067397356,94.71664615428197,1392640
grouped_conv_forward_bf16_2d_16x64x128_compv4,163,2,512,256,1,79,135,1,1,2,2,0,0,0.01748809963464737,81.54478701474731,1392640
grouped_conv_forward_bf16_2d_32x64x128_compv3,163,2,512,256,1,79,135,1,1,2,2,0,0,0.01202009990811348,118.6398924219771,1392640
grouped_conv_forward_bf16_2d_32x64x128_compv4,163,2,512,256,1,79,135,1,1,2,2,0,0,0.016004100441932678,89.10612409451903,1392640
grouped_conv_forward_bf16_2d_64x64x128_compv3,163,2,512,256,1,79,135,1,1,2,2,0,0,0.012968100607395172,109.96701854601397,1392640
grouped_conv_forward_bf16_2d_64x64x128_compv4,163,2,512,256,1,79,135,1,1,2,2,0,0,0.021800098940730095,65.41545356638828,1392640
grouped_conv_forward_bf16_2d_128x64x128_compv3,163,2,512,256,1,79,135,1,1,2,2,0,0,0.012500099837779999,114.08415760727772,1392640
grouped_conv_forward_bf16_2d_128x64x128_compv4,163,2,512,256,1,79,135,1,1,2,2,0,0,0.02181209996342659,65.37946196795127,1392640
grouped_conv_forward_bf16_2d_16x64x64_compv3,165,2,512,256,1,87,147,1,1,2,2,0,0,0.01854809932410717,92.03539932424704,1667072
grouped_conv_forward_bf16_2d_16x64x64_compv4,165,2,512,256,1,87,147,1,1,2,2,0,0,0.019540099427103996,87.36300111309124,1667072
grouped_conv_forward_bf16_2d_32x64x64_compv3,165,2,512,256,1,87,147,1,1,2,2,0,0,0.017636099830269814,96.79474171891685,1667072
grouped_conv_forward_bf16_2d_32x64x64_compv4,165,2,512,256,1,87,147,1,1,2,2,0,0,0.018508100882172585,92.2342999353488,1667072
grouped_conv_forward_bf16_2d_64x64x64_compv3,165,2,512,256,1,87,147,1,1,2,2,0,0,0.015900099650025368,107.36295781625975,1667072
grouped_conv_forward_bf16_2d_64x64x64_compv4,165,2,512,256,1,87,147,1,1,2,2,0,0,0.022624101489782333,75.45412262100066,1667072
grouped_conv_forward_bf16_2d_32x128x64_compv3,165,2,512,256,1,87,147,1,1,2,2,0,0,0.014416100457310677,118.41494397566484,1667072
grouped_conv_forward_bf16_2d_32x128x64_compv4,165,2,512,256,1,87,147,1,1,2,2,0,0,0.018712099641561508,91.2287643129259,1667072
grouped_conv_forward_bf16_2d_64x128x64_compv3,165,2,512,256,1,87,147,1,1,2,2,0,0,0.014396099373698235,118.5794626507545,1667072
grouped_conv_forward_bf16_2d_64x128x64_compv4,165,2,512,256,1,87,147,1,1,2,2,0,0,0.022244099527597427,76.74312578407982,1667072
grouped_conv_forward_bf16_2d_128x128x64_compv3,165,2,512,256,1,87,147,1,1,2,2,0,0,0.015436099842190742,110.59022327221001,1667072
grouped_conv_forward_bf16_2d_128x128x64_compv4,165,2,512,256,1,87,147,1,1,2,2,0,0,0.02210010029375553,77.2431665607573,1667072
grouped_conv_forward_bf16_2d_16x64x128_compv3,165,2,512,256,1,87,147,1,1,2,2,0,0,0.016864100471138954,101.2257802259588,1667072
grouped_conv_forward_bf16_2d_16x64x128_compv4,165,2,512,256,1,87,147,1,1,2,2,0,0,0.019564099609851837,87.25582889285484,1667072
grouped_conv_forward_bf16_2d_32x64x128_compv3,165,2,512,256,1,87,147,1,1,2,2,0,0,0.015564100816845894,109.68071641840885,1667072
grouped_conv_forward_bf16_2d_32x64x128_compv4,165,2,512,256,1,87,147,1,1,2,2,0,0,0.018344100564718246,93.05889498247087,1667072
grouped_conv_forward_bf16_2d_64x64x128_compv3,165,2,512,256,1,87,147,1,1,2,2,0,0,0.013552099466323853,125.96437417257708,1667072
grouped_conv_forward_bf16_2d_64x64x128_compv4,165,2,512,256,1,87,147,1,1,2,2,0,0,0.02228810079395771,76.59161916850218,1667072
grouped_conv_forward_bf16_2d_128x64x128_compv3,165,2,512,256,1,87,147,1,1,2,2,0,0,0.012108100578188896,140.98674824976897,1667072
grouped_conv_forward_bf16_2d_128x64x128_compv4,165,2,512,256,1,87,147,1,1,2,2,0,0,0.022268099710345268,76.66041333589536,1667072
grouped_conv_forward_bf16_2d_16x64x64_compv3,166,2,256,256,1,15,19,3,3,2,2,1,1,0.024560099467635155,7.684972133306013,40960
grouped_conv_forward_bf16_2d_16x64x64_compv4,166,2,256,256,1,15,19,3,3,2,2,1,1,0.019752100110054016,9.555625930830898,40960
grouped_conv_forward_bf16_2d_32x64x64_compv3,166,2,256,256,1,15,19,3,3,2,2,1,1,0.030852198600769043,6.11767357141592,40960
grouped_conv_forward_bf16_2d_32x64x64_compv4,166,2,256,256,1,15,19,3,3,2,2,1,1,0.02486420050263405,7.590981257571704,40960
grouped_conv_forward_bf16_2d_64x64x64_compv3,166,2,256,256,1,15,19,3,3,2,2,1,1,0.038512300699949265,4.9008674259818665,40960
grouped_conv_forward_bf16_2d_64x64x64_compv4,166,2,256,256,1,15,19,3,3,2,2,1,1,0.03752819821238518,5.029382943775601,40960
grouped_conv_forward_bf16_2d_32x128x64_compv3,166,2,256,256,1,15,19,3,3,2,2,1,1,0.03830819949507713,4.9269786230557475,40960
grouped_conv_forward_bf16_2d_32x128x64_compv4,166,2,256,256,1,15,19,3,3,2,2,1,1,0.025376100093126297,7.437852124926225,40960
grouped_conv_forward_bf16_2d_64x128x64_compv3,166,2,256,256,1,15,19,3,3,2,2,1,1,0.04418430104851723,4.271736239365815,40960
grouped_conv_forward_bf16_2d_64x128x64_compv4,166,2,256,256,1,15,19,3,3,2,2,1,1,0.03696030005812645,5.106659840509087,40960
grouped_conv_forward_bf16_2d_128x128x64_compv3,166,2,256,256,1,15,19,3,3,2,2,1,1,0.043020300567150116,4.387316627539391,40960
grouped_conv_forward_bf16_2d_128x128x64_compv4,166,2,256,256,1,15,19,3,3,2,2,1,1,0.037220299243927,5.07098770923493,40960
grouped_conv_forward_bf16_2d_16x64x128_compv3,166,2,256,256,1,15,19,3,3,2,2,1,1,0.019220100715756416,9.820119196631998,40960
grouped_conv_forward_bf16_2d_16x64x128_compv4,166,2,256,256,1,15,19,3,3,2,2,1,1,0.01947209984064102,9.693031647571223,40960
grouped_conv_forward_bf16_2d_32x64x128_compv3,166,2,256,256,1,15,19,3,3,2,2,1,1,0.0235322006046772,8.020655746173002,40960
grouped_conv_forward_bf16_2d_32x64x128_compv4,166,2,256,256,1,15,19,3,3,2,2,1,1,0.024712201207876205,7.637671707684386,40960
grouped_conv_forward_bf16_2d_64x64x128_compv3,166,2,256,256,1,15,19,3,3,2,2,1,1,0.030124198645353317,6.265517042363345,40960
grouped_conv_forward_bf16_2d_64x64x128_compv4,166,2,256,256,1,15,19,3,3,2,2,1,1,0.036920301616191864,5.112192255689051,40960
grouped_conv_forward_bf16_2d_128x64x128_compv3,166,2,256,256,1,15,19,3,3,2,2,1,1,0.028904199600219727,6.529974280919552,40960
grouped_conv_forward_bf16_2d_128x64x128_compv4,166,2,256,256,1,15,19,3,3,2,2,1,1,0.03696019947528839,5.106673737683535,40960
grouped_conv_forward_bf16_2d_16x64x64_compv3,167,12,512,256,1,9,9,3,3,2,2,1,1,0.046212200075387955,15.31605937058512,76800
grouped_conv_forward_bf16_2d_16x64x64_compv4,167,12,512,256,1,9,9,3,3,2,2,1,1,0.03567210212349892,19.841522026080593,76800
grouped_conv_forward_bf16_2d_32x64x64_compv3,167,12,512,256,1,9,9,3,3,2,2,1,1,0.05856429785490036,12.085670381528802,76800
grouped_conv_forward_bf16_2d_32x64x64_compv4,167,12,512,256,1,9,9,3,3,2,2,1,1,0.04588029906153679,15.426856722330445,76800
grouped_conv_forward_bf16_2d_64x64x64_compv3,167,12,512,256,1,9,9,3,3,2,2,1,1,0.07232449948787689,9.786293787192268,76800
grouped_conv_forward_bf16_2d_64x64x64_compv4,167,12,512,256,1,9,9,3,3,2,2,1,1,0.0693885013461113,10.200375945137289,76800
grouped_conv_forward_bf16_2d_32x128x64_compv3,167,12,512,256,1,9,9,3,3,2,2,1,1,0.07194449752569199,9.83798378391958,76800
grouped_conv_forward_bf16_2d_32x128x64_compv4,167,12,512,256,1,9,9,3,3,2,2,1,1,0.04583229869604111,15.443013336381865,76800
grouped_conv_forward_bf16_2d_64x128x64_compv3,167,12,512,256,1,9,9,3,3,2,2,1,1,0.08368460088968277,8.457814131575326,76800
grouped_conv_forward_bf16_2d_64x128x64_compv4,167,12,512,256,1,9,9,3,3,2,2,1,1,0.06966450065374374,10.159963731283327,76800
grouped_conv_forward_bf16_2d_128x128x64_compv3,167,12,512,256,1,9,9,3,3,2,2,1,1,0.0818604975938797,8.646280206008885,76800
grouped_conv_forward_bf16_2d_128x128x64_compv4,167,12,512,256,1,9,9,3,3,2,2,1,1,0.07027249783277512,10.072059793353283,76800
grouped_conv_forward_bf16_2d_16x64x128_compv3,167,12,512,256,1,9,9,3,3,2,2,1,1,0.035376302897930145,20.00742706331284,76800
grouped_conv_forward_bf16_2d_16x64x128_compv4,167,12,512,256,1,9,9,3,3,2,2,1,1,0.035488300025463104,19.944285848917996,76800
grouped_conv_forward_bf16_2d_32x64x128_compv3,167,12,512,256,1,9,9,3,3,2,2,1,1,0.04276429861783981,16.55092735941037,76800
grouped_conv_forward_bf16_2d_32x64x128_compv4,167,12,512,256,1,9,9,3,3,2,2,1,1,0.045728299766778946,15.478135063184657,76800
grouped_conv_forward_bf16_2d_64x64x128_compv3,167,12,512,256,1,9,9,3,3,2,2,1,1,0.05568839982151985,12.709806750929246,76800
grouped_conv_forward_bf16_2d_64x64x128_compv4,167,12,512,256,1,9,9,3,3,2,2,1,1,0.06941639631986618,10.196276924814072,76800
grouped_conv_forward_bf16_2d_128x64x128_compv3,167,12,512,256,1,9,9,3,3,2,2,1,1,0.05394039675593376,13.121683238678422,76800
grouped_conv_forward_bf16_2d_128x64x128_compv4,167,12,512,256,1,9,9,3,3,2,2,1,1,0.07010849565267563,10.095620985885294,76800
grouped_conv_forward_bf16_2d_16x64x64_compv3,168,2,256,512,1,311,167,1,1,2,2,0,0,0.06226440146565437,110.34025527073773,13418496
grouped_conv_forward_bf16_2d_16x64x64_compv4,168,2,256,512,1,311,167,1,1,2,2,0,0,0.067392498254776,101.94413517699078,13418496
grouped_conv_forward_bf16_2d_32x64x64_compv3,168,2,256,512,1,311,167,1,1,2,2,0,0,0.05112040042877197,134.39389938998252,13418496
grouped_conv_forward_bf16_2d_32x64x64_compv4,168,2,256,512,1,311,167,1,1,2,2,0,0,0.05921249836683273,116.02736147759491,13418496
grouped_conv_forward_bf16_2d_64x64x64_compv3,168,2,256,512,1,311,167,1,1,2,2,0,0,0.04281629994511604,160.4592167190214,13418496
grouped_conv_forward_bf16_2d_64x64x64_compv4,168,2,256,512,1,311,167,1,1,2,2,0,0,0.07674060016870499,89.52588247806946,13418496
grouped_conv_forward_bf16_2d_32x128x64_compv3,168,2,256,512,1,311,167,1,1,2,2,0,0,0.03794429823756218,181.06198483330803,13418496
grouped_conv_forward_bf16_2d_32x128x64_compv4,168,2,256,512,1,311,167,1,1,2,2,0,0,0.05935249850153923,115.7536771905538,13418496
grouped_conv_forward_bf16_2d_64x128x64_compv3,168,2,256,512,1,311,167,1,1,2,2,0,0,0.036208298057317734,189.7429683417973,13418496
grouped_conv_forward_bf16_2d_64x128x64_compv4,168,2,256,512,1,311,167,1,1,2,2,0,0,0.07636459916830063,89.96668648595339,13418496
grouped_conv_forward_bf16_2d_128x128x64_compv3,168,2,256,512,1,311,167,1,1,2,2,0,0,0.04047229886054993,169.75240214725596,13418496
grouped_conv_forward_bf16_2d_128x128x64_compv4,168,2,256,512,1,311,167,1,1,2,2,0,0,0.07525260001420975,91.29611403064752,13418496
grouped_conv_forward_bf16_2d_16x64x128_compv3,168,2,256,512,1,311,167,1,1,2,2,0,0,0.053556401282548904,128.2810231358589,13418496
grouped_conv_forward_bf16_2d_16x64x128_compv4,168,2,256,512,1,311,167,1,1,2,2,0,0,0.06820449978113174,100.73044995633276,13418496
grouped_conv_forward_bf16_2d_32x64x128_compv3,168,2,256,512,1,311,167,1,1,2,2,0,0,0.04154030233621597,165.38805847858046,13418496
grouped_conv_forward_bf16_2d_32x64x128_compv4,168,2,256,512,1,311,167,1,1,2,2,0,0,0.06059650331735611,113.37733327646004,13418496
grouped_conv_forward_bf16_2d_64x64x128_compv3,168,2,256,512,1,311,167,1,1,2,2,0,0,0.04024429991841316,170.71411270485572,13418496
grouped_conv_forward_bf16_2d_64x64x128_compv4,168,2,256,512,1,311,167,1,1,2,2,0,0,0.0759086012840271,90.50713405050794,13418496
grouped_conv_forward_bf16_2d_128x64x128_compv3,168,2,256,512,1,311,167,1,1,2,2,0,0,0.04449630156159401,154.40092122015642,13418496
grouped_conv_forward_bf16_2d_128x64x128_compv4,168,2,256,512,1,311,167,1,1,2,2,0,0,0.07535660266876221,91.1701126203763,13418496
grouped_conv_forward_bf16_2d_16x64x64_compv3,169,16,64,96,1,147,147,3,3,2,2,0,0,0.0891444981098175,105.77788296461927,8185344
grouped_conv_forward_bf16_2d_16x64x64_compv4,169,16,64,96,1,147,147,3,3,2,2,0,0,0.11164890229701996,84.45686517288478,8185344
grouped_conv_forward_bf16_2d_32x64x64_compv3,169,16,64,96,1,147,147,3,3,2,2,0,0,0.0744284987449646,126.69228114234866,8185344
grouped_conv_forward_bf16_2d_32x64x64_compv4,169,16,64,96,1,147,147,3,3,2,2,0,0,0.09658870100975037,97.62545918334813,8185344
grouped_conv_forward_bf16_2d_64x64x64_compv3,169,16,64,96,1,147,147,3,3,2,2,0,0,0.06351249665021896,148.46710152068147,8185344
grouped_conv_forward_bf16_2d_64x64x64_compv4,169,16,64,96,1,147,147,3,3,2,2,0,0,0.12066499888896942,78.14624269525434,8185344
grouped_conv_forward_bf16_2d_32x128x64_compv3,169,16,64,96,1,147,147,3,3,2,2,0,0,0.05659639835357666,166.60982964129013,8185344
grouped_conv_forward_bf16_2d_32x128x64_compv4,169,16,64,96,1,147,147,3,3,2,2,0,0,0.09794080257415771,96.27771102713055,8185344
grouped_conv_forward_bf16_2d_64x128x64_compv3,169,16,64,96,1,147,147,3,3,2,2,0,0,0.05098839849233627,184.93454524595998,8185344
grouped_conv_forward_bf16_2d_64x128x64_compv4,169,16,64,96,1,147,147,3,3,2,2,0,0,0.12038899958133698,78.32539784192865,8185344
grouped_conv_forward_bf16_2d_128x128x64_compv3,169,16,64,96,1,147,147,3,3,2,2,0,0,0.04789239913225174,196.8896204585827,8185344
grouped_conv_forward_bf16_2d_128x128x64_compv4,169,16,64,96,1,147,147,3,3,2,2,0,0,0.1220410019159317,77.26514974447316,8185344
grouped_conv_forward_bf16_2d_16x64x128_compv3,169,16,64,96,1,147,147,3,3,2,2,0,0,0.092808797955513,101.60153450667411,8185344
grouped_conv_forward_bf16_2d_16x64x128_compv4,169,16,64,96,1,147,147,3,3,2,2,0,0,0.113788902759552,82.86850527002238,8185344
grouped_conv_forward_bf16_2d_32x64x128_compv3,169,16,64,96,1,147,147,3,3,2,2,0,0,0.07068859785795212,133.39515245370262,8185344
grouped_conv_forward_bf16_2d_32x64x128_compv4,169,16,64,96,1,147,147,3,3,2,2,0,0,0.0967848002910614,97.42765661180857,8185344
grouped_conv_forward_bf16_2d_64x64x128_compv3,169,16,64,96,1,147,147,3,3,2,2,0,0,0.06922850012779236,136.20858852342002,8185344
grouped_conv_forward_bf16_2d_64x64x128_compv4,169,16,64,96,1,147,147,3,3,2,2,0,0,0.1219409927725792,77.32851827429447,8185344
grouped_conv_forward_bf16_2d_128x64x128_compv3,169,16,64,96,1,147,147,3,3,2,2,0,0,0.07103259861469269,132.74913873205193,8185344
grouped_conv_forward_bf16_2d_128x64x128_compv4,169,16,64,96,1,147,147,3,3,2,2,0,0,0.12075300514698029,78.08928876364124,8185344
grouped_conv_forward_bf16_2d_16x64x64_compv3,170,2,512,256,1,79,147,1,1,2,2,0,0,0.016867998987436295,92.0021681976557,1515520
grouped_conv_forward_bf16_2d_16x64x64_compv4,170,2,512,256,1,79,147,1,1,2,2,0,0,0.017532099038362503,88.51720929731565,1515520
grouped_conv_forward_bf16_2d_32x64x64_compv3,170,2,512,256,1,79,147,1,1,2,2,0,0,0.014652100391685963,105.91604196764786,1515520
grouped_conv_forward_bf16_2d_32x64x64_compv4,170,2,512,256,1,79,147,1,1,2,2,0,0,0.01594810001552105,97.30892573345184,1515520
grouped_conv_forward_bf16_2d_64x64x64_compv3,170,2,512,256,1,79,147,1,1,2,2,0,0,0.015748100355267525,98.5447415872552,1515520
grouped_conv_forward_bf16_2d_64x64x64_compv4,170,2,512,256,1,79,147,1,1,2,2,0,0,0.022468101233243942,69.07092254434968,1515520
grouped_conv_forward_bf16_2d_32x128x64_compv3,170,2,512,256,1,79,147,1,1,2,2,0,0,0.013832099735736847,112.19500362555254,1515520
grouped_conv_forward_bf16_2d_32x128x64_compv4,170,2,512,256,1,79,147,1,1,2,2,0,0,0.0160801000893116,96.51012564477375,1515520
grouped_conv_forward_bf16_2d_64x128x64_compv3,170,2,512,256,1,79,147,1,1,2,2,0,0,0.013988099992275238,110.94376511870905,1515520
grouped_conv_forward_bf16_2d_64x128x64_compv4,170,2,512,256,1,79,147,1,1,2,2,0,0,0.022172098979353905,69.99303410313489,1515520
grouped_conv_forward_bf16_2d_128x128x64_compv3,170,2,512,256,1,79,147,1,1,2,2,0,0,0.015332099981606007,101.21852074156918,1515520
grouped_conv_forward_bf16_2d_128x128x64_compv4,170,2,512,256,1,79,147,1,1,2,2,0,0,0.02194010093808174,70.733151336891,1515520
grouped_conv_forward_bf16_2d_16x64x128_compv3,170,2,512,256,1,79,147,1,1,2,2,0,0,0.015040099620819092,103.18365696539736,1515520
grouped_conv_forward_bf16_2d_16x64x128_compv4,170,2,512,256,1,79,147,1,1,2,2,0,0,0.019152101129293442,81.02988123983722,1515520
grouped_conv_forward_bf16_2d_32x64x128_compv3,170,2,512,256,1,79,147,1,1,2,2,0,0,0.012132099829614162,127.91623064392101,1515520
grouped_conv_forward_bf16_2d_32x64x128_compv4,170,2,512,256,1,79,147,1,1,2,2,0,0,0.016020100563764572,96.87158166223895,1515520
grouped_conv_forward_bf16_2d_64x64x128_compv3,170,2,512,256,1,79,147,1,1,2,2,0,0,0.013004099950194359,119.3387074802363,1515520
grouped_conv_forward_bf16_2d_64x64x128_compv4,170,2,512,256,1,79,147,1,1,2,2,0,0,0.02199609950184822,70.55307600648025,1515520
grouped_conv_forward_bf16_2d_128x64x128_compv3,170,2,512,256,1,79,147,1,1,2,2,0,0,0.011816100217401981,131.33711219836084,1515520
grouped_conv_forward_bf16_2d_128x64x128_compv4,170,2,512,256,1,79,147,1,1,2,2,0,0,0.02213210053741932,70.11952965676146,1515520
grouped_conv_forward_bf16_2d_16x64x64_compv3,171,2,256,256,1,168,208,1,1,1,1,0,0,0.07994040101766586,114.58986719338162,17891328
grouped_conv_forward_bf16_2d_16x64x64_compv4,171,2,256,256,1,168,208,1,1,1,1,0,0,0.09065660089254379,101.04459957480503,17891328
grouped_conv_forward_bf16_2d_32x64x64_compv3,171,2,256,256,1,168,208,1,1,1,1,0,0,0.06599649786949158,138.80069748723122,17891328
grouped_conv_forward_bf16_2d_32x64x64_compv4,171,2,256,256,1,168,208,1,1,1,1,0,0,0.07911260426044464,115.78888119829055,17891328
grouped_conv_forward_bf16_2d_64x64x64_compv3,171,2,256,256,1,168,208,1,1,1,1,0,0,0.05630040168762207,162.70505469615418,17891328
grouped_conv_forward_bf16_2d_64x64x64_compv4,171,2,256,256,1,168,208,1,1,1,1,0,0,0.10234880447387695,89.50138678305763,17891328
grouped_conv_forward_bf16_2d_32x128x64_compv3,171,2,256,256,1,168,208,1,1,1,1,0,0,0.050660401582717896,180.81893648322227,17891328
grouped_conv_forward_bf16_2d_32x128x64_compv4,171,2,256,256,1,168,208,1,1,1,1,0,0,0.0782926008105278,117.00160476426822,17891328
grouped_conv_forward_bf16_2d_64x128x64_compv3,171,2,256,256,1,168,208,1,1,1,1,0,0,0.04563629999756813,200.725298424459,17891328
grouped_conv_forward_bf16_2d_64x128x64_compv4,171,2,256,256,1,168,208,1,1,1,1,0,0,0.10296080261468887,88.9693912962285,17891328
grouped_conv_forward_bf16_2d_128x128x64_compv3,171,2,256,256,1,168,208,1,1,1,1,0,0,0.05088040232658386,180.03709713619773,17891328
grouped_conv_forward_bf16_2d_128x128x64_compv4,171,2,256,256,1,168,208,1,1,1,1,0,0,0.1026487946510315,89.23981978689459,17891328
grouped_conv_forward_bf16_2d_16x64x128_compv3,171,2,256,256,1,168,208,1,1,1,1,0,0,0.07077260315418243,129.43370072234868,17891328
grouped_conv_forward_bf16_2d_16x64x128_compv4,171,2,256,256,1,168,208,1,1,1,1,0,0,0.08835269510746002,103.67946246414557,17891328
grouped_conv_forward_bf16_2d_32x64x128_compv3,171,2,256,256,1,168,208,1,1,1,1,0,0,0.05569639801979065,164.46952157920592,17891328
grouped_conv_forward_bf16_2d_32x64x128_compv4,171,2,256,256,1,168,208,1,1,1,1,0,0,0.07748059928417206,118.22778889981176,17891328
grouped_conv_forward_bf16_2d_64x64x128_compv3,171,2,256,256,1,168,208,1,1,1,1,0,0,0.052968401461839676,172.9400866023765,17891328
grouped_conv_forward_bf16_2d_64x64x128_compv4,171,2,256,256,1,168,208,1,1,1,1,0,0,0.10205279290676117,89.76099208151226,17891328
grouped_conv_forward_bf16_2d_128x64x128_compv3,171,2,256,256,1,168,208,1,1,1,1,0,0,0.057644397020339966,158.91154057466755,17891328
grouped_conv_forward_bf16_2d_128x64x128_compv4,171,2,256,256,1,168,208,1,1,1,1,0,0,0.10241279751062393,89.44546149176071,17891328
grouped_conv_forward_bf16_2d_16x64x64_compv3,172,2,1248,192,1,7,7,1,1,1,1,0,0,0.015144099481403828,3.101190404729596,18816
grouped_conv_forward_bf16_2d_16x64x64_compv4,172,2,1248,192,1,7,7,1,1,1,1,0,0,0.012252099812030792,3.8331989390001198,18816
grouped_conv_forward_bf16_2d_32x64x64_compv3,172,2,1248,192,1,7,7,1,1,1,1,0,0,0.018792200833559036,2.4991610304701815,18816
grouped_conv_forward_bf16_2d_32x64x64_compv4,172,2,1248,192,1,7,7,1,1,1,1,0,0,0.01650409959256649,2.8456406080555343,18816
grouped_conv_forward_bf16_2d_64x64x64_compv3,172,2,1248,192,1,7,7,1,1,1,1,0,0,0.02334820106625557,2.011492699875567,18816
grouped_conv_forward_bf16_2d_64x64x64_compv4,172,2,1248,192,1,7,7,1,1,1,1,0,0,0.022648099809885025,2.073672245982495,18816
grouped_conv_forward_bf16_2d_32x128x64_compv3,172,2,1248,192,1,7,7,1,1,1,1,0,0,0.022348199039697647,2.1014998083995673,18816
grouped_conv_forward_bf16_2d_32x128x64_compv4,172,2,1248,192,1,7,7,1,1,1,1,0,0,0.015992101281881332,2.9367457829453545,18816
grouped_conv_forward_bf16_2d_64x128x64_compv3,172,2,1248,192,1,7,7,1,1,1,1,0,0,0.02642819844186306,1.7770691446605171,18816
grouped_conv_forward_bf16_2d_64x128x64_compv4,172,2,1248,192,1,7,7,1,1,1,1,0,0,0.022616099566221237,2.076606351262496,18816
grouped_conv_forward_bf16_2d_128x128x64_compv3,172,2,1248,192,1,7,7,1,1,1,1,0,0,0.026308301836252213,1.7851679022202684,18816
grouped_conv_forward_bf16_2d_128x128x64_compv4,172,2,1248,192,1,7,7,1,1,1,1,0,0,0.02258409932255745,2.079548771426571,18816
grouped_conv_forward_bf16_2d_16x64x128_compv3,172,2,1248,192,1,7,7,1,1,1,1,0,0,0.01226009987294674,3.830697668591825,18816
grouped_conv_forward_bf16_2d_16x64x128_compv4,172,2,1248,192,1,7,7,1,1,1,1,0,0,0.012160100042819977,3.862199803835552,18816
grouped_conv_forward_bf16_2d_32x64x128_compv3,172,2,1248,192,1,7,7,1,1,1,1,0,0,0.014484100043773651,3.2425028726716754,18816
grouped_conv_forward_bf16_2d_32x64x128_compv4,172,2,1248,192,1,7,7,1,1,1,1,0,0,0.01545609999448061,3.038589037129105,18816
grouped_conv_forward_bf16_2d_64x64x128_compv3,172,2,1248,192,1,7,7,1,1,1,1,0,0,0.01880810037255287,2.4970483498980474,18816
grouped_conv_forward_bf16_2d_64x64x128_compv4,172,2,1248,192,1,7,7,1,1,1,1,0,0,0.022516099736094475,2.0858290978660525,18816
grouped_conv_forward_bf16_2d_128x64x128_compv3,172,2,1248,192,1,7,7,1,1,1,1,0,0,0.018660198897123337,2.516840054006075,18816
grouped_conv_forward_bf16_2d_128x64x128_compv4,172,2,1248,192,1,7,7,1,1,1,1,0,0,0.023360200226306915,2.010459480013832,18816
grouped_conv_forward_bf16_2d_16x64x64_compv3,173,4,1024,512,1,14,14,3,3,1,1,0,0,0.09926839917898178,54.758795638470744,294912
grouped_conv_forward_bf16_2d_16x64x64_compv4,173,4,1024,512,1,14,14,3,3,1,1,0,0,0.08480440080165863,64.0983007086312,294912
grouped_conv_forward_bf16_2d_32x64x64_compv3,173,4,1024,512,1,14,14,3,3,1,1,0,0,0.1425969898700714,38.120145375809805,294912
grouped_conv_forward_bf16_2d_32x64x64_compv4,173,4,1024,512,1,14,14,3,3,1,1,0,0,0.1032807007431984,52.63149789732598,294912
grouped_conv_forward_bf16_2d_64x64x64_compv3,173,4,1024,512,1,14,14,3,3,1,1,0,0,0.15613700449466705,34.81441187880394,294912
grouped_conv_forward_bf16_2d_64x64x64_compv4,173,4,1024,512,1,14,14,3,3,1,1,0,0,0.14677700400352478,37.034534264437376,294912
grouped_conv_forward_bf16_2d_32x128x64_compv3,173,4,1024,512,1,14,14,3,3,1,1,0,0,0.1714732050895691,31.700684553954645,294912
grouped_conv_forward_bf16_2d_32x128x64_compv4,173,4,1024,512,1,14,14,3,3,1,1,0,0,0.10250469297170639,53.02994259492498,294912
grouped_conv_forward_bf16_2d_64x128x64_compv3,173,4,1024,512,1,14,14,3,3,1,1,0,0,0.18268141150474548,29.755725769935793,294912
grouped_conv_forward_bf16_2d_64x128x64_compv4,173,4,1024,512,1,14,14,3,3,1,1,0,0,0.14606909453868866,37.21401848328867,294912
grouped_conv_forward_bf16_2d_128x128x64_compv3,173,4,1024,512,1,14,14,3,3,1,1,0,0,0.1809414029121399,30.041869337331722,294912
grouped_conv_forward_bf16_2d_128x128x64_compv4,173,4,1024,512,1,14,14,3,3,1,1,0,0,0.14668110013008118,37.058748394846745,294912
grouped_conv_forward_bf16_2d_16x64x128_compv3,173,4,1024,512,1,14,14,3,3,1,1,0,0,0.08411259949207306,64.62549031684941,294912
grouped_conv_forward_bf16_2d_16x64x128_compv4,173,4,1024,512,1,14,14,3,3,1,1,0,0,0.08465660363435745,64.21020629977058,294912
grouped_conv_forward_bf16_2d_32x64x128_compv3,173,4,1024,512,1,14,14,3,3,1,1,0,0,0.09560070186853409,56.85960330579057,294912
grouped_conv_forward_bf16_2d_32x64x128_compv4,173,4,1024,512,1,14,14,3,3,1,1,0,0,0.10355279594659805,52.49320343608336,294912
grouped_conv_forward_bf16_2d_64x64x128_compv3,173,4,1024,512,1,14,14,3,3,1,1,0,0,0.12080089747905731,44.99815893290348,294912
grouped_conv_forward_bf16_2d_64x64x128_compv4,173,4,1024,512,1,14,14,3,3,1,1,0,0,0.147081196308136,36.95793969891249,294912
grouped_conv_forward_bf16_2d_128x64x128_compv3,173,4,1024,512,1,14,14,3,3,1,1,0,0,0.11388089507818222,47.732483839964274,294912
grouped_conv_forward_bf16_2d_128x64x128_compv4,173,4,1024,512,1,14,14,3,3,1,1,0,0,0.14698520302772522,36.98207623644037,294912
grouped_conv_forward_bf16_2d_16x64x64_compv3,174,2,64,64,1,184,304,1,1,1,1,0,0,0.014976100996136665,61.19452748324914,7159808
grouped_conv_forward_bf16_2d_16x64x64_compv4,174,2,64,64,1,184,304,1,1,1,1,0,0,0.03014020062983036,30.40641418600796,7159808
grouped_conv_forward_bf16_2d_32x64x64_compv3,174,2,64,64,1,184,304,1,1,1,1,0,0,0.013364100828766823,68.57591361682103,7159808
grouped_conv_forward_bf16_2d_32x64x64_compv4,174,2,64,64,1,184,304,1,1,1,1,0,0,0.02732819877564907,33.53515654374603,7159808
grouped_conv_forward_bf16_2d_64x64x64_compv3,174,2,64,64,1,184,304,1,1,1,1,0,0,0.012280100025236607,74.62931263724313,7159808
grouped_conv_forward_bf16_2d_64x64x64_compv4,174,2,64,64,1,184,304,1,1,1,1,0,0,0.035068199038505554,26.133518376398925,7159808
grouped_conv_forward_bf16_2d_32x128x64_compv3,174,2,64,64,1,184,304,1,1,1,1,0,0,0.016652099788188934,55.03542710271452,7159808
grouped_conv_forward_bf16_2d_32x128x64_compv4,174,2,64,64,1,184,304,1,1,1,1,0,0,0.027020201086997986,33.917416863377625,7159808
grouped_conv_forward_bf16_2d_64x128x64_compv3,174,2,64,64,1,184,304,1,1,1,1,0,0,0.016616100445389748,55.15466321427281,7159808
grouped_conv_forward_bf16_2d_64x128x64_compv4,174,2,64,64,1,184,304,1,1,1,1,0,0,0.035164300352334976,26.06209749141634,7159808
grouped_conv_forward_bf16_2d_128x128x64_compv3,174,2,64,64,1,184,304,1,1,1,1,0,0,0.01918810047209263,47.761654434366875,7159808
grouped_conv_forward_bf16_2d_128x128x64_compv4,174,2,64,64,1,184,304,1,1,1,1,0,0,0.03501630201935768,26.172250384788374,7159808
grouped_conv_forward_bf16_2d_16x64x128_compv3,174,2,64,64,1,184,304,1,1,1,1,0,0,0.01950410008430481,46.98783435476128,7159808
grouped_conv_forward_bf16_2d_16x64x128_compv4,174,2,64,64,1,184,304,1,1,1,1,0,0,0.030520200729370117,30.02783081692117,7159808
grouped_conv_forward_bf16_2d_32x64x128_compv3,174,2,64,64,1,184,304,1,1,1,1,0,0,0.01668809913098812,54.91670542022575,7159808
grouped_conv_forward_bf16_2d_32x64x128_compv4,174,2,64,64,1,184,304,1,1,1,1,0,0,0.027484199032187462,33.34481106495828,7159808
grouped_conv_forward_bf16_2d_64x64x128_compv3,174,2,64,64,1,184,304,1,1,1,1,0,0,0.016884099692106247,54.2791999995396,7159808
grouped_conv_forward_bf16_2d_64x64x128_compv4,174,2,64,64,1,184,304,1,1,1,1,0,0,0.03506829962134361,26.133443420285424,7159808
grouped_conv_forward_bf16_2d_128x64x128_compv3,174,2,64,64,1,184,304,1,1,1,1,0,0,0.01950809918344021,46.97820199612011,7159808
grouped_conv_forward_bf16_2d_128x64x128_compv4,174,2,64,64,1,184,304,1,1,1,1,0,0,0.03472819924354553,26.38937359155843,7159808
grouped_conv_forward_bf16_2d_16x64x64_compv3,175,1,512,1024,1,14,14,1,1,1,1,0,0,0.00798800028860569,25.728704128010715,200704
grouped_conv_forward_bf16_2d_16x64x64_compv4,175,1,512,1024,1,14,14,1,1,1,1,0,0,0.007864000275731087,26.134395828323328,200704
grouped_conv_forward_bf16_2d_32x64x64_compv3,175,1,512,1024,1,14,14,1,1,1,1,0,0,0.010116100311279297,20.31621768032958,200704
grouped_conv_forward_bf16_2d_32x64x64_compv4,175,1,512,1024,1,14,14,1,1,1,1,0,0,0.008364100009202957,24.57178844990697,200704
grouped_conv_forward_bf16_2d_64x64x64_compv3,175,1,512,1024,1,14,14,1,1,1,1,0,0,0.012728099711239338,16.147021209970422,200704
grouped_conv_forward_bf16_2d_64x64x64_compv4,175,1,512,1024,1,14,14,1,1,1,1,0,0,0.012651999481022358,16.244143568633206,200704
grouped_conv_forward_bf16_2d_32x128x64_compv3,175,1,512,1024,1,14,14,1,1,1,1,0,0,0.012540100142359734,16.389095275703763,200704
grouped_conv_forward_bf16_2d_32x128x64_compv4,175,1,512,1024,1,14,14,1,1,1,1,0,0,0.008336000144481659,24.654617614906424,200704
grouped_conv_forward_bf16_2d_64x128x64_compv3,175,1,512,1024,1,14,14,1,1,1,1,0,0,0.01378410030156374,14.90999713464684,200704
grouped_conv_forward_bf16_2d_64x128x64_compv4,175,1,512,1024,1,14,14,1,1,1,1,0,0,0.01255200058221817,16.373556920571833,200704
grouped_conv_forward_bf16_2d_128x128x64_compv3,175,1,512,1024,1,14,14,1,1,1,1,0,0,0.014756100252270699,13.927859833317006,200704
grouped_conv_forward_bf16_2d_128x128x64_compv4,175,1,512,1024,1,14,14,1,1,1,1,0,0,0.012604099698364735,16.305876732049686,200704
grouped_conv_forward_bf16_2d_16x64x128_compv3,175,1,512,1024,1,14,14,1,1,1,1,0,0,0.007116000168025494,28.88151927307033,200704
grouped_conv_forward_bf16_2d_16x64x128_compv4,175,1,512,1024,1,14,14,1,1,1,1,0,0,0.007392100058495998,27.802775175342447,200704
grouped_conv_forward_bf16_2d_32x64x128_compv3,175,1,512,1024,1,14,14,1,1,1,1,0,0,0.008780100382864475,23.407579302977123,200704
grouped_conv_forward_bf16_2d_32x64x128_compv4,175,1,512,1024,1,14,14,1,1,1,1,0,0,0.008360099978744984,24.583545235406714,200704
grouped_conv_forward_bf16_2d_64x64x128_compv3,175,1,512,1024,1,14,14,1,1,1,1,0,0,0.011296000331640244,18.194129777451696,200704
grouped_conv_forward_bf16_2d_64x64x128_compv4,175,1,512,1024,1,14,14,1,1,1,1,0,0,0.012576100416481495,16.342179944003664,200704
grouped_conv_forward_bf16_2d_128x64x128_compv3,175,1,512,1024,1,14,14,1,1,1,1,0,0,0.011664099991321564,17.6199532028115,200704
grouped_conv_forward_bf16_2d_128x64x128_compv4,175,1,512,1024,1,14,14,1,1,1,1,0,0,0.01216410007327795,16.895692633398138,200704
grouped_conv_forward_bf16_2d_16x64x64_compv3,176,2,256,512,1,167,319,1,1,2,2,0,0,0.06302440166473389,111.80480153519522,13762560
grouped_conv_forward_bf16_2d_16x64x64_compv4,176,2,256,512,1,167,319,1,1,2,2,0,0,0.06880850344896317,102.4063940763731,13762560
grouped_conv_forward_bf16_2d_32x64x64_compv3,176,2,256,512,1,167,319,1,1,2,2,0,0,0.05314440280199051,132.59027006577028,13762560
grouped_conv_forward_bf16_2d_32x64x64_compv4,176,2,256,512,1,167,319,1,1,2,2,0,0,0.062440503388643265,112.85031890504604,13762560
grouped_conv_forward_bf16_2d_64x64x64_compv3,176,2,256,512,1,167,319,1,1,2,2,0,0,0.04681229963898659,150.52519902550432,13762560
grouped_conv_forward_bf16_2d_64x64x64_compv4,176,2,256,512,1,167,319,1,1,2,2,0,0,0.08092460036277771,87.07402555479402,13762560
grouped_conv_forward_bf16_2d_32x128x64_compv3,176,2,256,512,1,167,319,1,1,2,2,0,0,0.04054030030965805,173.81298772276992,13762560
grouped_conv_forward_bf16_2d_32x128x64_compv4,176,2,256,512,1,167,319,1,1,2,2,0,0,0.061776500195264816,114.06328778301544,13762560
grouped_conv_forward_bf16_2d_64x128x64_compv3,176,2,256,512,1,167,319,1,1,2,2,0,0,0.03632029891014099,194.00805971981046,13762560
grouped_conv_forward_bf16_2d_64x128x64_compv4,176,2,256,512,1,167,319,1,1,2,2,0,0,0.08028460294008255,87.76814559647065,13762560
grouped_conv_forward_bf16_2d_128x128x64_compv3,176,2,256,512,1,167,319,1,1,2,2,0,0,0.0406683012843132,173.26592204425287,13762560
grouped_conv_forward_bf16_2d_128x128x64_compv4,176,2,256,512,1,167,319,1,1,2,2,0,0,0.07993260025978088,88.15465400974203,13762560
grouped_conv_forward_bf16_2d_16x64x128_compv3,176,2,256,512,1,167,319,1,1,2,2,0,0,0.05402839928865433,130.42086778017338,13762560
grouped_conv_forward_bf16_2d_16x64x128_compv4,176,2,256,512,1,167,319,1,1,2,2,0,0,0.07057660073041916,99.84089127379755,13762560
grouped_conv_forward_bf16_2d_32x64x128_compv3,176,2,256,512,1,167,319,1,1,2,2,0,0,0.04364430159330368,161.4513341434963,13762560
grouped_conv_forward_bf16_2d_32x64x128_compv4,176,2,256,512,1,167,319,1,1,2,2,0,0,0.061060499399900436,115.40080394448084,13762560
grouped_conv_forward_bf16_2d_64x64x128_compv3,176,2,256,512,1,167,319,1,1,2,2,0,0,0.04261630028486252,165.34590456935842,13762560
grouped_conv_forward_bf16_2d_64x64x128_compv4,176,2,256,512,1,167,319,1,1,2,2,0,0,0.08036860078573227,87.67641406108619,13762560
grouped_conv_forward_bf16_2d_128x64x128_compv3,176,2,256,512,1,167,319,1,1,2,2,0,0,0.04499629884958267,156.60022935564962,13762560
grouped_conv_forward_bf16_2d_128x64x128_compv4,176,2,256,512,1,167,319,1,1,2,2,0,0,0.08039660006761551,87.64587947840803,13762560
grouped_conv_forward_bf16_2d_16x64x64_compv3,177,2,256,512,1,263,199,1,1,2,2,0,0,0.0619364008307457,111.73722572146235,13516800
grouped_conv_forward_bf16_2d_16x64x64_compv4,177,2,256,512,1,263,199,1,1,2,2,0,0,0.06747649610042572,102.56314420505805,13516800
grouped_conv_forward_bf16_2d_32x64x64_compv3,177,2,256,512,1,263,199,1,1,2,2,0,0,0.05091239884495735,135.93155610434283,13516800
grouped_conv_forward_bf16_2d_32x64x64_compv4,177,2,256,512,1,263,199,1,1,2,2,0,0,0.06165250018239021,112.25175912617294,13516800
grouped_conv_forward_bf16_2d_64x64x64_compv3,177,2,256,512,1,263,199,1,1,2,2,0,0,0.04270029813051224,162.0738473264842,13516800
grouped_conv_forward_bf16_2d_64x64x64_compv4,177,2,256,512,1,263,199,1,1,2,2,0,0,0.07606859505176544,90.97843328499049,13516800
grouped_conv_forward_bf16_2d_32x128x64_compv3,177,2,256,512,1,263,199,1,1,2,2,0,0,0.038888297975063324,177.96103096200704,13516800
grouped_conv_forward_bf16_2d_32x128x64_compv4,177,2,256,512,1,263,199,1,1,2,2,0,0,0.060032498091459274,115.28091983539467,13516800
grouped_conv_forward_bf16_2d_64x128x64_compv3,177,2,256,512,1,263,199,1,1,2,2,0,0,0.035964302718639374,192.42974496522714,13516800
grouped_conv_forward_bf16_2d_64x128x64_compv4,177,2,256,512,1,263,199,1,1,2,2,0,0,0.07545660436153412,91.71631374824956,13516800
grouped_conv_forward_bf16_2d_128x128x64_compv3,177,2,256,512,1,263,199,1,1,2,2,0,0,0.04054830223321915,170.67549610820217,13516800
grouped_conv_forward_bf16_2d_128x128x64_compv4,177,2,256,512,1,263,199,1,1,2,2,0,0,0.0770886018872261,89.77464152384339,13516800
grouped_conv_forward_bf16_2d_16x64x128_compv3,177,2,256,512,1,263,199,1,1,2,2,0,0,0.05307240039110184,130.39925741064303,13516800
grouped_conv_forward_bf16_2d_16x64x128_compv4,177,2,256,512,1,263,199,1,1,2,2,0,0,0.06744049489498138,102.61789464589175,13516800
grouped_conv_forward_bf16_2d_32x64x128_compv3,177,2,256,512,1,263,199,1,1,2,2,0,0,0.042392298579216,163.25138838763078,13516800
grouped_conv_forward_bf16_2d_32x64x128_compv4,177,2,256,512,1,263,199,1,1,2,2,0,0,0.06007250025868416,115.20415448330785,13516800
grouped_conv_forward_bf16_2d_64x64x128_compv3,177,2,256,512,1,263,199,1,1,2,2,0,0,0.040900297462940216,169.20663245226422,13516800
grouped_conv_forward_bf16_2d_64x64x128_compv4,177,2,256,512,1,263,199,1,1,2,2,0,0,0.07593660056591034,91.13657377897971,13516800
grouped_conv_forward_bf16_2d_128x64x128_compv3,177,2,256,512,1,263,199,1,1,2,2,0,0,0.04494830220937729,153.96803126762367,13516800
grouped_conv_forward_bf16_2d_128x64x128_compv4,177,2,256,512,1,263,199,1,1,2,2,0,0,0.07602059841156006,91.03587375796847,13516800
grouped_conv_forward_bf16_2d_16x64x64_compv3,178,16,64,64,1,224,224,3,3,2,2,1,1,0.10252059996128082,144.33688953818654,12845056
grouped_conv_forward_bf16_2d_16x64x64_compv4,178,16,64,64,1,224,224,3,3,2,2,1,1,0.13710910081863403,107.92503505346394,12845056
grouped_conv_forward_bf16_2d_32x64x64_compv3,178,16,64,64,1,224,224,3,3,2,2,1,1,0.0885246992111206,167.15678950469808,12845056
grouped_conv_forward_bf16_2d_32x64x64_compv4,178,16,64,64,1,224,224,3,3,2,2,1,1,0.11506489664316177,128.6013801228179,12845056
grouped_conv_forward_bf16_2d_64x64x64_compv3,178,16,64,64,1,224,224,3,3,2,2,1,1,0.07342059910297394,201.54431716426322,12845056
grouped_conv_forward_bf16_2d_64x64x64_compv4,178,16,64,64,1,224,224,3,3,2,2,1,1,0.14325720071792603,103.29326859552661,12845056
grouped_conv_forward_bf16_2d_32x128x64_compv3,178,16,64,64,1,224,224,3,3,2,2,1,1,0.11524490267038345,128.4005120323884,12845056
grouped_conv_forward_bf16_2d_32x128x64_compv4,178,16,64,64,1,224,224,3,3,2,2,1,1,0.11557699739933014,128.03157068420055,12845056
grouped_conv_forward_bf16_2d_64x128x64_compv3,178,16,64,64,1,224,224,3,3,2,2,1,1,0.1030287966132164,143.62493786617512,12845056
grouped_conv_forward_bf16_2d_64x128x64_compv4,178,16,64,64,1,224,224,3,3,2,2,1,1,0.14298120141029358,103.49265753850834,12845056
grouped_conv_forward_bf16_2d_128x128x64_compv3,178,16,64,64,1,224,224,3,3,2,2,1,1,0.10420089960098267,142.0093738985383,12845056
grouped_conv_forward_bf16_2d_128x128x64_compv4,178,16,64,64,1,224,224,3,3,2,2,1,1,0.1448812037706375,102.13543321620959,12845056
grouped_conv_forward_bf16_2d_16x64x128_compv3,178,16,64,64,1,224,224,3,3,2,2,1,1,0.11050089448690414,133.91298396913615,12845056
grouped_conv_forward_bf16_2d_16x64x128_compv4,178,16,64,64,1,224,224,3,3,2,2,1,1,0.1370491087436676,107.97227831431427,12845056
grouped_conv_forward_bf16_2d_32x64x128_compv3,178,16,64,64,1,224,224,3,3,2,2,1,1,0.08436869829893112,175.39093064551253,12845056
grouped_conv_forward_bf16_2d_32x64x128_compv4,178,16,64,64,1,224,224,3,3,2,2,1,1,0.11537699401378632,128.25351048955093,12845056
grouped_conv_forward_bf16_2d_64x64x128_compv3,178,16,64,64,1,224,224,3,3,2,2,1,1,0.08036469668149948,184.1294140715209,12845056
grouped_conv_forward_bf16_2d_64x64x128_compv4,178,16,64,64,1,224,224,3,3,2,2,1,1,0.14257320761680603,103.7888167023025,12845056
grouped_conv_forward_bf16_2d_128x64x128_compv3,178,16,64,64,1,224,224,3,3,2,2,1,1,0.08317270129919052,177.9129964622661,12845056
grouped_conv_forward_bf16_2d_128x64x128_compv4,178,16,64,64,1,224,224,3,3,2,2,1,1,0.14247319102287292,103.86167675309792,12845056
grouped_conv_forward_bf16_2d_16x64x64_compv3,179,2,1024,2048,1,43,63,1,1,2,2,0,0,0.0449041984975338,131.51509724250712,2883584
grouped_conv_forward_bf16_2d_16x64x64_compv4,179,2,1024,2048,1,43,63,1,1,2,2,0,0,0.049976300448179245,118.16761102842206,2883584
grouped_conv_forward_bf16_2d_32x64x64_compv3,179,2,1024,2048,1,43,63,1,1,2,2,0,0,0.04243230074644089,139.17652185040532,2883584
grouped_conv_forward_bf16_2d_32x64x64_compv4,179,2,1024,2048,1,43,63,1,1,2,2,0,0,0.04641230031847954,127.24170083094614,2883584
grouped_conv_forward_bf16_2d_64x64x64_compv3,179,2,1024,2048,1,43,63,1,1,2,2,0,0,0.03358419984579086,175.8439998307761,2883584
grouped_conv_forward_bf16_2d_64x64x64_compv4,179,2,1024,2048,1,43,63,1,1,2,2,0,0,0.05834900215268135,101.21132862815575,2883584
grouped_conv_forward_bf16_2d_32x128x64_compv3,179,2,1024,2048,1,43,63,1,1,2,2,0,0,0.029872199520468712,197.6948509584452,2883584
grouped_conv_forward_bf16_2d_32x128x64_compv4,179,2,1024,2048,1,43,63,1,1,2,2,0,0,0.046024300158023834,128.3143906962902,2883584
grouped_conv_forward_bf16_2d_64x128x64_compv3,179,2,1024,2048,1,43,63,1,1,2,2,0,0,0.030212199315428734,195.4700473918873,2883584
grouped_conv_forward_bf16_2d_64x128x64_compv4,179,2,1024,2048,1,43,63,1,1,2,2,0,0,0.05832440406084061,101.2540141145659,2883584
grouped_conv_forward_bf16_2d_128x128x64_compv3,179,2,1024,2048,1,43,63,1,1,2,2,0,0,0.027268201112747192,216.57387693386534,2883584
grouped_conv_forward_bf16_2d_128x128x64_compv4,179,2,1024,2048,1,43,63,1,1,2,2,0,0,0.058200400322675705,101.46974933605571,2883584
grouped_conv_forward_bf16_2d_16x64x128_compv3,179,2,1024,2048,1,43,63,1,1,2,2,0,0,0.042172301560640335,140.03456803296012,2883584
grouped_conv_forward_bf16_2d_16x64x128_compv4,179,2,1024,2048,1,43,63,1,1,2,2,0,0,0.05042440444231033,117.11749692069183,2883584
grouped_conv_forward_bf16_2d_32x64x128_compv3,179,2,1024,2048,1,43,63,1,1,2,2,0,0,0.03420419991016388,172.6565757278579,2883584
grouped_conv_forward_bf16_2d_32x64x128_compv4,179,2,1024,2048,1,43,63,1,1,2,2,0,0,0.045624300837516785,129.43935410718342,2883584
grouped_conv_forward_bf16_2d_64x64x128_compv3,179,2,1024,2048,1,43,63,1,1,2,2,0,0,0.03483619913458824,169.52423567175143,2883584
grouped_conv_forward_bf16_2d_64x64x128_compv4,179,2,1024,2048,1,43,63,1,1,2,2,0,0,0.057272396981716156,103.11389680242156,2883584
grouped_conv_forward_bf16_2d_128x64x128_compv3,179,2,1024,2048,1,43,63,1,1,2,2,0,0,0.03613229840993881,163.44324307848538,2883584
grouped_conv_forward_bf16_2d_128x64x128_compv4,179,2,1024,2048,1,43,63,1,1,2,2,0,0,0.05839649960398674,101.12900725297625,2883584
grouped_conv_forward_bf16_2d_16x64x64_compv3,180,2,512,1024,1,131,91,1,1,2,2,0,0,0.0499361976981163,127.50176756529812,6217728
grouped_conv_forward_bf16_2d_16x64x64_compv4,180,2,512,1024,1,131,91,1,1,2,2,0,0,0.05666840076446533,112.35456420348608,6217728
grouped_conv_forward_bf16_2d_32x64x64_compv3,180,2,512,1024,1,131,91,1,1,2,2,0,0,0.04154030233621597,153.27171719809837,6217728
grouped_conv_forward_bf16_2d_32x64x64_compv4,180,2,512,1024,1,131,91,1,1,2,2,0,0,0.0490402989089489,129.83104943591923,6217728
grouped_conv_forward_bf16_2d_64x64x64_compv3,180,2,512,1024,1,131,91,1,1,2,2,0,0,0.03552420064806938,179.22862037279992,6217728
grouped_conv_forward_bf16_2d_64x64x64_compv4,180,2,512,1024,1,131,91,1,1,2,2,0,0,0.06311650574207306,100.87620341371068,6217728
grouped_conv_forward_bf16_2d_32x128x64_compv3,180,2,512,1024,1,131,91,1,1,2,2,0,0,0.031396202743053436,202.79374305571778,6217728
grouped_conv_forward_bf16_2d_32x128x64_compv4,180,2,512,1024,1,131,91,1,1,2,2,0,0,0.05029640346765518,126.58864318389061,6217728
grouped_conv_forward_bf16_2d_64x128x64_compv3,180,2,512,1024,1,131,91,1,1,2,2,0,0,0.028748199343681335,221.47312239920913,6217728
grouped_conv_forward_bf16_2d_64x128x64_compv4,180,2,512,1024,1,131,91,1,1,2,2,0,0,0.062180500477552414,102.3946964579115,6217728
grouped_conv_forward_bf16_2d_128x128x64_compv3,180,2,512,1024,1,131,91,1,1,2,2,0,0,0.030684199184179306,207.49941798327214,6217728
grouped_conv_forward_bf16_2d_128x128x64_compv4,180,2,512,1024,1,131,91,1,1,2,2,0,0,0.06296049803495407,101.12616117593652,6217728
grouped_conv_forward_bf16_2d_16x64x128_compv3,180,2,512,1024,1,131,91,1,1,2,2,0,0,0.04653229936957359,136.82868799222084,6217728
grouped_conv_forward_bf16_2d_16x64x128_compv4,180,2,512,1024,1,131,91,1,1,2,2,0,0,0.05619639903306961,113.29824653450252,6217728
grouped_conv_forward_bf16_2d_32x64x128_compv3,180,2,512,1024,1,131,91,1,1,2,2,0,0,0.03640430048108101,174.89564111550087,6217728
grouped_conv_forward_bf16_2d_32x64x128_compv4,180,2,512,1024,1,131,91,1,1,2,2,0,0,0.04916840046644211,129.4927923544209,6217728
grouped_conv_forward_bf16_2d_64x64x128_compv3,180,2,512,1024,1,131,91,1,1,2,2,0,0,0.03459220007061958,184.05748865356748,6217728
grouped_conv_forward_bf16_2d_64x64x128_compv4,180,2,512,1024,1,131,91,1,1,2,2,0,0,0.06296849995851517,101.11331024551433,6217728
grouped_conv_forward_bf16_2d_128x64x128_compv3,180,2,512,1024,1,131,91,1,1,2,2,0,0,0.03252819925546646,195.73642616967228,6217728
grouped_conv_forward_bf16_2d_128x64x128_compv4,180,2,512,1024,1,131,91,1,1,2,2,0,0,0.06286849826574326,101.27414599736547,6217728
grouped_conv_forward_bf16_2d_16x64x64_compv3,181,2,256,128,1,191,255,1,1,2,2,0,0,0.018015999346971512,89.39902277864724,3145728
grouped_conv_forward_bf16_2d_16x64x64_compv4,181,2,256,128,1,191,255,1,1,2,2,0,0,0.018344100564718246,87.80003850925999,3145728
grouped_conv_forward_bf16_2d_32x64x64_compv3,181,2,256,128,1,191,255,1,1,2,2,0,0,0.015252100303769112,105.5994062405939,3145728
grouped_conv_forward_bf16_2d_32x64x64_compv4,181,2,256,128,1,191,255,1,1,2,2,0,0,0.01655610091984272,97.2821284309555,3145728
grouped_conv_forward_bf16_2d_64x64x64_compv3,181,2,256,128,1,191,255,1,1,2,2,0,0,0.013336099684238434,120.7708980987551,3145728
grouped_conv_forward_bf16_2d_64x64x64_compv4,181,2,256,128,1,191,255,1,1,2,2,0,0,0.02056409977376461,78.32157759002887,3145728
grouped_conv_forward_bf16_2d_32x128x64_compv3,181,2,256,128,1,191,255,1,1,2,2,0,0,0.01095609925687313,147.00603729832113,3145728
grouped_conv_forward_bf16_2d_32x128x64_compv4,181,2,256,128,1,191,255,1,1,2,2,0,0,0.017004098743200302,94.71908863408954,3145728
grouped_conv_forward_bf16_2d_64x128x64_compv3,181,2,256,128,1,191,255,1,1,2,2,0,0,0.011776099912822247,136.76962219438255,3145728
grouped_conv_forward_bf16_2d_64x128x64_compv4,181,2,256,128,1,191,255,1,1,2,2,0,0,0.0191360991448164,84.16619938114628,3145728
grouped_conv_forward_bf16_2d_128x128x64_compv3,181,2,256,128,1,191,255,1,1,2,2,0,0,0.011064100079238415,145.57105634124605,3145728
grouped_conv_forward_bf16_2d_128x128x64_compv4,181,2,256,128,1,191,255,1,1,2,2,0,0,0.01964009925723076,82.00634400597706,3145728
grouped_conv_forward_bf16_2d_16x64x128_compv3,181,2,256,128,1,191,255,1,1,2,2,0,0,0.014964100904762745,107.63177462184696,3145728
grouped_conv_forward_bf16_2d_16x64x128_compv4,181,2,256,128,1,191,255,1,1,2,2,0,0,0.018080100417137146,89.08206806602621,3145728
grouped_conv_forward_bf16_2d_32x64x128_compv3,181,2,256,128,1,191,255,1,1,2,2,0,0,0.012484099715948105,129.01312650863284,3145728
grouped_conv_forward_bf16_2d_32x64x128_compv4,181,2,256,128,1,191,255,1,1,2,2,0,0,0.017044100910425186,94.496784809274,3145728
grouped_conv_forward_bf16_2d_64x64x128_compv3,181,2,256,128,1,191,255,1,1,2,2,0,0,0.012612099759280682,127.70377389497114,3145728
grouped_conv_forward_bf16_2d_64x64x128_compv4,181,2,256,128,1,191,255,1,1,2,2,0,0,0.01923609897494316,83.72865715122258,3145728
grouped_conv_forward_bf16_2d_128x64x128_compv3,181,2,256,128,1,191,255,1,1,2,2,0,0,0.014640100300312042,110.01377743058707,3145728
grouped_conv_forward_bf16_2d_128x64x128_compv4,181,2,256,128,1,191,255,1,1,2,2,0,0,0.019364099949598312,83.17519224710522,3145728
grouped_conv_forward_bf16_2d_16x64x64_compv3,182,4,64,128,1,77,77,3,3,2,2,1,1,0.012135999277234077,73.92240914869794,778752
grouped_conv_forward_bf16_2d_16x64x64_compv4,182,4,64,128,1,77,77,3,3,2,2,1,1,0.011212100274860859,80.01376031317497,778752
grouped_conv_forward_bf16_2d_32x64x64_compv3,182,4,64,128,1,77,77,3,3,2,2,1,1,0.012627999298274517,71.04231500255011,778752
grouped_conv_forward_bf16_2d_32x64x64_compv4,182,4,64,128,1,77,77,3,3,2,2,1,1,0.011695999652147293,76.70334564650021,778752
grouped_conv_forward_bf16_2d_64x64x64_compv3,182,4,64,128,1,77,77,3,3,2,2,1,1,0.0138240996748209,64.89553208546457,778752
grouped_conv_forward_bf16_2d_64x64x64_compv4,182,4,64,128,1,77,77,3,3,2,2,1,1,0.013156099244952202,68.19060021489366,778752
grouped_conv_forward_bf16_2d_32x128x64_compv3,182,4,64,128,1,77,77,3,3,2,2,1,1,0.012340100482106209,72.6997568051309,778752
grouped_conv_forward_bf16_2d_32x128x64_compv4,182,4,64,128,1,77,77,3,3,2,2,1,1,0.011579999700188637,77.4717035601811,778752
grouped_conv_forward_bf16_2d_64x128x64_compv3,182,4,64,128,1,77,77,3,3,2,2,1,1,0.015132099390029907,59.28604358699146,778752
grouped_conv_forward_bf16_2d_64x128x64_compv4,182,4,64,128,1,77,77,3,3,2,2,1,1,0.013132099993526936,68.31522029547511,778752
grouped_conv_forward_bf16_2d_128x128x64_compv3,182,4,64,128,1,77,77,3,3,2,2,1,1,0.015420099720358849,58.178761504087255,778752
grouped_conv_forward_bf16_2d_128x128x64_compv4,182,4,64,128,1,77,77,3,3,2,2,1,1,0.01376810111105442,65.15947963802356,778752
grouped_conv_forward_bf16_2d_16x64x128_compv3,182,4,64,128,1,77,77,3,3,2,2,1,1,0.01079609990119934,83.09688796973234,778752
grouped_conv_forward_bf16_2d_16x64x128_compv4,182,4,64,128,1,77,77,3,3,2,2,1,1,0.011112099513411522,80.73382558509637,778752
grouped_conv_forward_bf16_2d_32x64x128_compv3,182,4,64,128,1,77,77,3,3,2,2,1,1,0.012040100060403347,74.5112000315009,778752
grouped_conv_forward_bf16_2d_32x64x128_compv4,182,4,64,128,1,77,77,3,3,2,2,1,1,0.012151999399065971,73.82507804180395,778752
grouped_conv_forward_bf16_2d_64x64x128_compv3,182,4,64,128,1,77,77,3,3,2,2,1,1,0.012240099720656872,73.29370875026298,778752
grouped_conv_forward_bf16_2d_64x64x128_compv4,182,4,64,128,1,77,77,3,3,2,2,1,1,0.013064099475741386,68.67081084814599,778752
grouped_conv_forward_bf16_2d_128x64x128_compv3,182,4,64,128,1,77,77,3,3,2,2,1,1,0.01345209963619709,66.69013226649105,778752
grouped_conv_forward_bf16_2d_128x64x128_compv4,182,4,64,128,1,77,77,3,3,2,2,1,1,0.013892099261283875,64.57787891713423,778752
grouped_conv_forward_bf16_2d_16x64x64_compv3,183,2,256,512,1,216,200,1,1,2,2,0,0,0.05193619802594185,109.02435324918676,11059200
grouped_conv_forward_bf16_2d_16x64x64_compv4,183,2,256,512,1,216,200,1,1,2,2,0,0,0.056708402931690216,99.84958325877567,11059200
grouped_conv_forward_bf16_2d_32x64x64_compv3,183,2,256,512,1,216,200,1,1,2,2,0,0,0.042840298265218735,132.17252515249473,11059200
grouped_conv_forward_bf16_2d_32x64x64_compv4,183,2,256,512,1,216,200,1,1,2,2,0,0,0.05022440105676651,112.7402274762845,11059200
grouped_conv_forward_bf16_2d_64x64x64_compv3,183,2,256,512,1,216,200,1,1,2,2,0,0,0.037340302020311356,151.6407231232348,11059200
grouped_conv_forward_bf16_2d_64x64x64_compv4,183,2,256,512,1,216,200,1,1,2,2,0,0,0.06352850049734116,89.13023848622058,11059200
grouped_conv_forward_bf16_2d_32x128x64_compv3,183,2,256,512,1,216,200,1,1,2,2,0,0,0.03240019828081131,174.76159716446693,11059200
grouped_conv_forward_bf16_2d_32x128x64_compv4,183,2,256,512,1,216,200,1,1,2,2,0,0,0.05019639804959297,112.80312173805295,11059200
grouped_conv_forward_bf16_2d_64x128x64_compv3,183,2,256,512,1,216,200,1,1,2,2,0,0,0.030588200315833092,185.11420552810588,11059200
grouped_conv_forward_bf16_2d_64x128x64_compv4,183,2,256,512,1,216,200,1,1,2,2,0,0,0.06444849818944931,87.8579107205164,11059200
grouped_conv_forward_bf16_2d_128x128x64_compv3,183,2,256,512,1,216,200,1,1,2,2,0,0,0.03159619867801666,179.20859587262956,11059200
grouped_conv_forward_bf16_2d_128x128x64_compv4,183,2,256,512,1,216,200,1,1,2,2,0,0,0.06454049795866013,87.732672958719,11059200
grouped_conv_forward_bf16_2d_16x64x128_compv3,183,2,256,512,1,216,200,1,1,2,2,0,0,0.04476029798388481,126.50296479345646,11059200
grouped_conv_forward_bf16_2d_16x64x128_compv4,183,2,256,512,1,216,200,1,1,2,2,0,0,0.0562283992767334,100.70196685010367,11059200
grouped_conv_forward_bf16_2d_32x64x128_compv3,183,2,256,512,1,216,200,1,1,2,2,0,0,0.035404302179813385,159.93283446858902,11059200
grouped_conv_forward_bf16_2d_32x64x128_compv4,183,2,256,512,1,216,200,1,1,2,2,0,0,0.05067639797925949,111.73466595470013,11059200
grouped_conv_forward_bf16_2d_64x64x128_compv3,183,2,256,512,1,216,200,1,1,2,2,0,0,0.03472829982638359,163.04600076328128,11059200
grouped_conv_forward_bf16_2d_64x64x128_compv4,183,2,256,512,1,216,200,1,1,2,2,0,0,0.06438849866390228,87.93977989075906,11059200
grouped_conv_forward_bf16_2d_128x64x128_compv3,183,2,256,512,1,216,200,1,1,2,2,0,0,0.03786030039191246,149.55798927600574,11059200
grouped_conv_forward_bf16_2d_128x64x128_compv4,183,2,256,512,1,216,200,1,1,2,2,0,0,0.06442449986934662,87.89063805668975,11059200
grouped_conv_forward_bf16_2d_16x64x64_compv3,184,1,256,512,1,56,56,3,3,2,2,1,1,0.028664197772741318,64.52955978970361,401408
grouped_conv_forward_bf16_2d_16x64x64_compv4,184,1,256,512,1,56,56,3,3,2,2,1,1,0.024840200319886208,74.4634922496661,401408
grouped_conv_forward_bf16_2d_32x64x64_compv3,184,1,256,512,1,56,56,3,3,2,2,1,1,0.032252199947834015,57.35075644426609,401408
grouped_conv_forward_bf16_2d_32x64x64_compv4,184,1,256,512,1,56,56,3,3,2,2,1,1,0.025744199752807617,71.84873026780629,401408
grouped_conv_forward_bf16_2d_64x64x64_compv3,184,1,256,512,1,56,56,3,3,2,2,1,1,0.04038029909133911,45.806695483261706,401408
grouped_conv_forward_bf16_2d_64x64x64_compv4,184,1,256,512,1,56,56,3,3,2,2,1,1,0.03812829777598381,48.51221197619471,401408
grouped_conv_forward_bf16_2d_32x128x64_compv3,184,1,256,512,1,56,56,3,3,2,2,1,1,0.039360400289297104,46.99362939413418,401408
grouped_conv_forward_bf16_2d_32x128x64_compv4,184,1,256,512,1,56,56,3,3,2,2,1,1,0.02595219947397709,71.27288251058366,401408
grouped_conv_forward_bf16_2d_64x128x64_compv3,184,1,256,512,1,56,56,3,3,2,2,1,1,0.04460030049085617,41.472547127327495,401408
grouped_conv_forward_bf16_2d_64x128x64_compv4,184,1,256,512,1,56,56,3,3,2,2,1,1,0.03786439821124077,48.850322502970215,401408
grouped_conv_forward_bf16_2d_128x128x64_compv3,184,1,256,512,1,56,56,3,3,2,2,1,1,0.044796399772167206,41.290998236631594,401408
grouped_conv_forward_bf16_2d_128x128x64_compv4,184,1,256,512,1,56,56,3,3,2,2,1,1,0.03739229962229729,49.46708500637437,401408
grouped_conv_forward_bf16_2d_16x64x128_compv3,184,1,256,512,1,56,56,3,3,2,2,1,1,0.023384200409054756,79.09990641731626,401408
grouped_conv_forward_bf16_2d_16x64x128_compv4,184,1,256,512,1,56,56,3,3,2,2,1,1,0.024532200768589973,75.39837462802215,401408
grouped_conv_forward_bf16_2d_32x64x128_compv3,184,1,256,512,1,56,56,3,3,2,2,1,1,0.023440200835466385,78.91093071187831,401408
grouped_conv_forward_bf16_2d_32x64x128_compv4,184,1,256,512,1,56,56,3,3,2,2,1,1,0.025904199108481407,71.40495084421991,401408
grouped_conv_forward_bf16_2d_64x64x128_compv3,184,1,256,512,1,56,56,3,3,2,2,1,1,0.03115229867398739,59.37565260776457,401408
grouped_conv_forward_bf16_2d_64x64x128_compv4,184,1,256,512,1,56,56,3,3,2,2,1,1,0.038008298724889755,48.665373775036414,401408
grouped_conv_forward_bf16_2d_128x64x128_compv3,184,1,256,512,1,56,56,3,3,2,2,1,1,0.03072429820895195,60.20277668900726,401408
grouped_conv_forward_bf16_2d_128x64x128_compv4,184,1,256,512,1,56,56,3,3,2,2,1,1,0.037744298577308655,49.005760703472355,401408
grouped_conv_forward_bf16_2d_16x64x64_compv3,185,12,64,64,1,38,38,3,3,1,1,1,1,0.01544010080397129,82.74290435146666,1108992
grouped_conv_forward_bf16_2d_16x64x64_compv4,185,12,64,64,1,38,38,3,3,1,1,1,1,0.015552100725471973,82.14702351480744,1108992
grouped_conv_forward_bf16_2d_32x64x64_compv3,185,12,64,64,1,38,38,3,3,1,1,1,1,0.015400099568068981,82.95782623697627,1108992
grouped_conv_forward_bf16_2d_32x64x64_compv4,185,12,64,64,1,38,38,3,3,1,1,1,1,0.01743610017001629,73.27090183829831,1108992
grouped_conv_forward_bf16_2d_64x64x64_compv3,185,12,64,64,1,38,38,3,3,1,1,1,1,0.016068099066615105,79.5090183788075,1108992
grouped_conv_forward_bf16_2d_64x64x64_compv4,185,12,64,64,1,38,38,3,3,1,1,1,1,0.02321619912981987,55.02876577066611,1108992
grouped_conv_forward_bf16_2d_32x128x64_compv3,185,12,64,64,1,38,38,3,3,1,1,1,1,0.017124099656939507,74.605895176642,1108992
grouped_conv_forward_bf16_2d_32x128x64_compv4,185,12,64,64,1,38,38,3,3,1,1,1,1,0.01676809974014759,76.18983688063123,1108992
grouped_conv_forward_bf16_2d_64x128x64_compv3,185,12,64,64,1,38,38,3,3,1,1,1,1,0.018380198627710342,69.50734373859963,1108992
grouped_conv_forward_bf16_2d_64x128x64_compv4,185,12,64,64,1,38,38,3,3,1,1,1,1,0.022956199944019318,55.65201501622384,1108992
grouped_conv_forward_bf16_2d_128x128x64_compv3,185,12,64,64,1,38,38,3,3,1,1,1,1,0.01576009951531887,81.06286275402059,1108992
grouped_conv_forward_bf16_2d_128x128x64_compv4,185,12,64,64,1,38,38,3,3,1,1,1,1,0.022964101284742355,55.63286662774069,1108992
grouped_conv_forward_bf16_2d_16x64x128_compv3,185,12,64,64,1,38,38,3,3,1,1,1,1,0.014840100891888142,86.0882815627174,1108992
grouped_conv_forward_bf16_2d_16x64x128_compv4,185,12,64,64,1,38,38,3,3,1,1,1,1,0.01557609997689724,82.02045350857396,1108992
grouped_conv_forward_bf16_2d_32x64x128_compv3,185,12,64,64,1,38,38,3,3,1,1,1,1,0.013368099927902222,95.56771649600317,1108992
grouped_conv_forward_bf16_2d_32x64x128_compv4,185,12,64,64,1,38,38,3,3,1,1,1,1,0.017056100070476532,74.90333538857492,1108992
grouped_conv_forward_bf16_2d_64x64x128_compv3,185,12,64,64,1,38,38,3,3,1,1,1,1,0.014180099591612816,90.09519120413265,1108992
grouped_conv_forward_bf16_2d_64x64x128_compv4,185,12,64,64,1,38,38,3,3,1,1,1,1,0.023628201335668564,54.06923556518998,1108992
grouped_conv_forward_bf16_2d_128x64x128_compv3,185,12,64,64,1,38,38,3,3,1,1,1,1,0.01265610009431839,100.94411188905855,1108992
grouped_conv_forward_bf16_2d_128x64x128_compv4,185,12,64,64,1,38,38,3,3,1,1,1,1,0.02319210022687912,55.08594614123555,1108992
grouped_conv_forward_bf16_2d_16x64x64_compv3,186,2,64,64,1,168,272,1,1,1,1,0,0,0.013176100328564644,56.821308682427045,5849088
grouped_conv_forward_bf16_2d_16x64x64_compv4,186,2,64,64,1,168,272,1,1,1,1,0,0,0.025856200605630875,28.955656533580356,5849088
grouped_conv_forward_bf16_2d_32x64x64_compv3,186,2,64,64,1,168,272,1,1,1,1,0,0,0.011903999373316765,62.893422665847915,5849088
grouped_conv_forward_bf16_2d_32x64x64_compv4,186,2,64,64,1,168,272,1,1,1,1,0,0,0.023952199146151543,31.257391416616237,5849088
grouped_conv_forward_bf16_2d_64x64x64_compv3,186,2,64,64,1,168,272,1,1,1,1,0,0,0.011099999770522118,67.4489440971208,5849088
grouped_conv_forward_bf16_2d_64x64x64_compv4,186,2,64,64,1,168,272,1,1,1,1,0,0,0.030208200216293335,24.784106919292206,5849088
grouped_conv_forward_bf16_2d_32x128x64_compv3,186,2,64,64,1,168,272,1,1,1,1,0,0,0.014376099221408367,52.07833171359084,5849088
grouped_conv_forward_bf16_2d_32x128x64_compv4,186,2,64,64,1,168,272,1,1,1,1,0,0,0.024136200547218323,31.01910188951778,5849088
grouped_conv_forward_bf16_2d_64x128x64_compv3,186,2,64,64,1,168,272,1,1,1,1,0,0,0.014740100130438805,50.7922780289629,5849088
grouped_conv_forward_bf16_2d_64x128x64_compv4,186,2,64,64,1,168,272,1,1,1,1,0,0,0.030312201008200645,24.699072950771594,5849088
grouped_conv_forward_bf16_2d_128x128x64_compv3,186,2,64,64,1,168,272,1,1,1,1,0,0,0.01486009918153286,50.38211756556871,5849088
grouped_conv_forward_bf16_2d_128x128x64_compv4,186,2,64,64,1,168,272,1,1,1,1,0,0,0.030288198962807655,24.718645863339198,5849088
grouped_conv_forward_bf16_2d_16x64x128_compv3,186,2,64,64,1,168,272,1,1,1,1,0,0,0.016832100227475166,44.479491797340806,5849088
grouped_conv_forward_bf16_2d_16x64x128_compv4,186,2,64,64,1,168,272,1,1,1,1,0,0,0.026520198211073875,28.230681310948007,5849088
grouped_conv_forward_bf16_2d_32x64x128_compv3,186,2,64,64,1,168,272,1,1,1,1,0,0,0.014496100135147572,51.64721939142278,5849088
grouped_conv_forward_bf16_2d_32x64x128_compv4,186,2,64,64,1,168,272,1,1,1,1,0,0,0.023764200508594513,31.504668702371564,5849088
grouped_conv_forward_bf16_2d_64x64x128_compv3,186,2,64,64,1,168,272,1,1,1,1,0,0,0.01470009982585907,50.9304884231456,5849088
grouped_conv_forward_bf16_2d_64x64x128_compv4,186,2,64,64,1,168,272,1,1,1,1,0,0,0.030212199315428734,24.78082632063344,5849088
grouped_conv_forward_bf16_2d_128x64x128_compv3,186,2,64,64,1,168,272,1,1,1,1,0,0,0.015808099880814552,47.36073719452121,5849088
grouped_conv_forward_bf16_2d_128x64x128_compv4,186,2,64,64,1,168,272,1,1,1,1,0,0,0.030308198183774948,24.70233497419839,5849088
grouped_conv_forward_bf16_2d_16x64x64_compv3,187,2,1024,256,1,52,40,1,1,1,1,0,0,0.024204101413488388,90.11026861689473,1064960
grouped_conv_forward_bf16_2d_16x64x64_compv4,187,2,1024,256,1,52,40,1,1,1,1,0,0,0.024592099711298943,88.68856688141652,1064960
grouped_conv_forward_bf16_2d_32x64x64_compv3,187,2,1024,256,1,52,40,1,1,1,1,0,0,0.022796200588345528,95.67550836147001,1064960
grouped_conv_forward_bf16_2d_32x64x64_compv4,187,2,1024,256,1,52,40,1,1,1,1,0,0,0.02558020129799843,85.2627410782205,1064960
grouped_conv_forward_bf16_2d_64x64x64_compv3,187,2,1024,256,1,52,40,1,1,1,1,0,0,0.024444200098514557,89.22517698308889,1064960
grouped_conv_forward_bf16_2d_64x64x64_compv4,187,2,1024,256,1,52,40,1,1,1,1,0,0,0.0357402004301548,61.02478592033328,1064960
grouped_conv_forward_bf16_2d_32x128x64_compv3,187,2,1024,256,1,52,40,1,1,1,1,0,0,0.02230820059776306,97.76844485694207,1064960
grouped_conv_forward_bf16_2d_32x128x64_compv4,187,2,1024,256,1,52,40,1,1,1,1,0,0,0.02552019990980625,85.46320513586284,1064960
grouped_conv_forward_bf16_2d_64x128x64_compv3,187,2,1024,256,1,52,40,1,1,1,1,0,0,0.023252200335264206,93.79921248537693,1064960
grouped_conv_forward_bf16_2d_64x128x64_compv4,187,2,1024,256,1,52,40,1,1,1,1,0,0,0.036124199628829956,60.37609420858587,1064960
grouped_conv_forward_bf16_2d_128x128x64_compv3,187,2,1024,256,1,52,40,1,1,1,1,0,0,0.02382420003414154,91.5471695534137,1064960
grouped_conv_forward_bf16_2d_128x128x64_compv4,187,2,1024,256,1,52,40,1,1,1,1,0,0,0.03567219898104668,61.14111667628977,1064960
grouped_conv_forward_bf16_2d_16x64x128_compv3,187,2,1024,256,1,52,40,1,1,1,1,0,0,0.02170410007238388,100.48968041642671,1064960
grouped_conv_forward_bf16_2d_16x64x128_compv4,187,2,1024,256,1,52,40,1,1,1,1,0,0,0.024124201387166977,90.40871633413809,1064960
grouped_conv_forward_bf16_2d_32x64x128_compv3,187,2,1024,256,1,52,40,1,1,1,1,0,0,0.01806819997727871,120.71142021577795,1064960
grouped_conv_forward_bf16_2d_32x64x128_compv4,187,2,1024,256,1,52,40,1,1,1,1,0,0,0.02544020116329193,85.73195101723702,1064960
grouped_conv_forward_bf16_2d_64x64x128_compv3,187,2,1024,256,1,52,40,1,1,1,1,0,0,0.019644100219011307,111.0276396314258,1064960
grouped_conv_forward_bf16_2d_64x64x128_compv4,187,2,1024,256,1,52,40,1,1,1,1,0,0,0.03569230064749718,61.10668240582971,1064960
grouped_conv_forward_bf16_2d_128x64x128_compv3,187,2,1024,256,1,52,40,1,1,1,1,0,0,0.017236199229955673,126.53822637472548,1064960
grouped_conv_forward_bf16_2d_128x64x128_compv4,187,2,1024,256,1,52,40,1,1,1,1,0,0,0.03574829921126366,61.01096074838698,1064960
grouped_conv_forward_bf16_2d_16x64x64_compv3,188,2,64,64,1,200,264,1,1,1,1,0,0,0.014360100030899048,60.24158593175482,6758400
grouped_conv_forward_bf16_2d_16x64x64_compv4,188,2,64,64,1,200,264,1,1,1,1,0,0,0.028436198830604553,30.42161876674459,6758400
grouped_conv_forward_bf16_2d_32x64x64_compv3,188,2,64,64,1,200,264,1,1,1,1,0,0,0.012376099824905396,69.89885442416531,6758400
grouped_conv_forward_bf16_2d_32x64x64_compv4,188,2,64,64,1,200,264,1,1,1,1,0,0,0.02582019940018654,33.503815620949474,6758400
grouped_conv_forward_bf16_2d_64x64x64_compv3,188,2,64,64,1,200,264,1,1,1,1,0,0,0.012208099476993084,70.86075941880122,6758400
grouped_conv_forward_bf16_2d_64x64x64_compv4,188,2,64,64,1,200,264,1,1,1,1,0,0,0.03434830158948898,25.18538501084793,6758400
grouped_conv_forward_bf16_2d_32x128x64_compv3,188,2,64,64,1,200,264,1,1,1,1,0,0,0.015496100299060345,55.82534852671653,6758400
grouped_conv_forward_bf16_2d_32x128x64_compv4,188,2,64,64,1,200,264,1,1,1,1,0,0,0.02756420150399208,31.384010883635156,6758400
grouped_conv_forward_bf16_2d_64x128x64_compv3,188,2,64,64,1,200,264,1,1,1,1,0,0,0.01658809930086136,52.15035094195993,6758400
grouped_conv_forward_bf16_2d_64x128x64_compv4,188,2,64,64,1,200,264,1,1,1,1,0,0,0.03536830097436905,24.459054468771594,6758400
grouped_conv_forward_bf16_2d_128x128x64_compv3,188,2,64,64,1,200,264,1,1,1,1,0,0,0.018720099702477455,46.21103593190341,6758400
grouped_conv_forward_bf16_2d_128x128x64_compv4,188,2,64,64,1,200,264,1,1,1,1,0,0,0.034984298050403595,24.727527725542576,6758400
grouped_conv_forward_bf16_2d_16x64x128_compv3,188,2,64,64,1,200,264,1,1,1,1,0,0,0.019068099558353424,45.36766746747054,6758400
grouped_conv_forward_bf16_2d_16x64x128_compv4,188,2,64,64,1,200,264,1,1,1,1,0,0,0.028564199805259705,30.285294385901484,6758400
grouped_conv_forward_bf16_2d_32x64x128_compv3,188,2,64,64,1,200,264,1,1,1,1,0,0,0.016172099858522415,53.49182898744719,6758400
grouped_conv_forward_bf16_2d_32x64x128_compv4,188,2,64,64,1,200,264,1,1,1,1,0,0,0.026088198646903038,33.15963711057889,6758400
grouped_conv_forward_bf16_2d_64x64x128_compv3,188,2,64,64,1,200,264,1,1,1,1,0,0,0.016592100262641907,52.13777558635948,6758400
grouped_conv_forward_bf16_2d_64x64x128_compv4,188,2,64,64,1,200,264,1,1,1,1,0,0,0.03554829955101013,24.335206210318386,6758400
grouped_conv_forward_bf16_2d_128x64x128_compv3,188,2,64,64,1,200,264,1,1,1,1,0,0,0.018776100128889084,46.07320977528167,6758400
grouped_conv_forward_bf16_2d_128x64x128_compv4,188,2,64,64,1,200,264,1,1,1,1,0,0,0.0349762998521328,24.733182287927153,6758400
grouped_conv_forward_bf16_2d_16x64x64_compv3,189,2,256,512,1,272,192,1,1,2,2,0,0,0.060960300266742706,112.28790045403355,13369344
grouped_conv_forward_bf16_2d_16x64x64_compv4,189,2,256,512,1,272,192,1,1,2,2,0,0,0.06598039716482162,103.74451234206215,13369344
grouped_conv_forward_bf16_2d_32x64x64_compv3,189,2,256,512,1,272,192,1,1,2,2,0,0,0.050636399537324905,135.181493758346,13369344
grouped_conv_forward_bf16_2d_32x64x64_compv4,189,2,256,512,1,272,192,1,1,2,2,0,0,0.05973239988088608,114.59616793649676,13369344
grouped_conv_forward_bf16_2d_64x64x64_compv3,189,2,256,512,1,272,192,1,1,2,2,0,0,0.043024297803640366,159.09856702927578,13369344
grouped_conv_forward_bf16_2d_64x64x64_compv4,189,2,256,512,1,272,192,1,1,2,2,0,0,0.07606460154056549,89.9906656889471,13369344
grouped_conv_forward_bf16_2d_32x128x64_compv3,189,2,256,512,1,272,192,1,1,2,2,0,0,0.03777629882097244,181.2010266130088,13369344
grouped_conv_forward_bf16_2d_32x128x64_compv4,189,2,256,512,1,272,192,1,1,2,2,0,0,0.05900049954652786,116.01773172449062,13369344
grouped_conv_forward_bf16_2d_64x128x64_compv3,189,2,256,512,1,272,192,1,1,2,2,0,0,0.03640829771757126,188.00945271045828,13369344
grouped_conv_forward_bf16_2d_64x128x64_compv4,189,2,256,512,1,272,192,1,1,2,2,0,0,0.07610459625720978,89.94337352327165,13369344
grouped_conv_forward_bf16_2d_128x128x64_compv3,189,2,256,512,1,272,192,1,1,2,2,0,0,0.03974829986691475,172.2112430196707,13369344
grouped_conv_forward_bf16_2d_128x128x64_compv4,189,2,256,512,1,272,192,1,1,2,2,0,0,0.07490460574626923,91.38428885383905,13369344
grouped_conv_forward_bf16_2d_16x64x128_compv3,189,2,256,512,1,272,192,1,1,2,2,0,0,0.05247240141034126,130.45151249073513,13369344
grouped_conv_forward_bf16_2d_16x64x128_compv4,189,2,256,512,1,272,192,1,1,2,2,0,0,0.06742849946022034,101.51648313096885,13369344
grouped_conv_forward_bf16_2d_32x64x128_compv3,189,2,256,512,1,272,192,1,1,2,2,0,0,0.04183230176568031,163.6320221235304,13369344
grouped_conv_forward_bf16_2d_32x64x128_compv4,189,2,256,512,1,272,192,1,1,2,2,0,0,0.059048496186733246,115.92342853835332,13369344
grouped_conv_forward_bf16_2d_64x64x128_compv3,189,2,256,512,1,272,192,1,1,2,2,0,0,0.040584299713373184,168.66384725974285,13369344
grouped_conv_forward_bf16_2d_64x64x128_compv4,189,2,256,512,1,272,192,1,1,2,2,0,0,0.07660059630870819,89.36097704009424,13369344
grouped_conv_forward_bf16_2d_128x64x128_compv3,189,2,256,512,1,272,192,1,1,2,2,0,0,0.04497230052947998,152.20711521112727,13369344
grouped_conv_forward_bf16_2d_128x64x128_compv4,189,2,256,512,1,272,192,1,1,2,2,0,0,0.07539259642362595,90.79278938130501,13369344
grouped_conv_forward_bf16_2d_16x64x64_compv3,190,2,256,512,1,159,231,1,1,2,2,0,0,0.045520201325416565,106.8842513506936,9502720
grouped_conv_forward_bf16_2d_16x64x64_compv4,190,2,256,512,1,159,231,1,1,2,2,0,0,0.04956040158867836,98.17096883878875,9502720
grouped_conv_forward_bf16_2d_32x64x64_compv3,190,2,256,512,1,159,231,1,1,2,2,0,0,0.03780030086636543,128.7130665229495,9502720
grouped_conv_forward_bf16_2d_32x64x64_compv4,190,2,256,512,1,159,231,1,1,2,2,0,0,0.043848298490047455,110.95966793567443,9502720
grouped_conv_forward_bf16_2d_64x64x64_compv3,190,2,256,512,1,159,231,1,1,2,2,0,0,0.0333561971783638,145.86173040000776,9502720
grouped_conv_forward_bf16_2d_64x64x64_compv4,190,2,256,512,1,159,231,1,1,2,2,0,0,0.058512501418590546,83.15133556150056,9502720
grouped_conv_forward_bf16_2d_32x128x64_compv3,190,2,256,512,1,159,231,1,1,2,2,0,0,0.02982420101761818,163.13572447844774,9502720
grouped_conv_forward_bf16_2d_32x128x64_compv4,190,2,256,512,1,159,231,1,1,2,2,0,0,0.043820299208164215,111.03056637946284,9502720
grouped_conv_forward_bf16_2d_64x128x64_compv3,190,2,256,512,1,159,231,1,1,2,2,0,0,0.02714020013809204,179.26885635494205,9502720
grouped_conv_forward_bf16_2d_64x128x64_compv4,190,2,256,512,1,159,231,1,1,2,2,0,0,0.05819249898195267,83.60858744885509,9502720
grouped_conv_forward_bf16_2d_128x128x64_compv3,190,2,256,512,1,159,231,1,1,2,2,0,0,0.03030419908463955,160.55176467165396,9502720
grouped_conv_forward_bf16_2d_128x128x64_compv4,190,2,256,512,1,159,231,1,1,2,2,0,0,0.05753650143742561,84.56184367225396,9502720
grouped_conv_forward_bf16_2d_16x64x128_compv3,190,2,256,512,1,159,231,1,1,2,2,0,0,0.03874430060386658,125.57698975509308,9502720
grouped_conv_forward_bf16_2d_16x64x128_compv4,190,2,256,512,1,159,231,1,1,2,2,0,0,0.048196397721767426,100.94930056987627,9502720
grouped_conv_forward_bf16_2d_32x64x128_compv3,190,2,256,512,1,159,231,1,1,2,2,0,0,0.03148820251226425,154.51477860970286,9502720
grouped_conv_forward_bf16_2d_32x64x128_compv4,190,2,256,512,1,159,231,1,1,2,2,0,0,0.04474030062556267,108.74742842519314,9502720
grouped_conv_forward_bf16_2d_64x64x128_compv3,190,2,256,512,1,159,231,1,1,2,2,0,0,0.03147619962692261,154.57370005489713,9502720
grouped_conv_forward_bf16_2d_64x64x128_compv4,190,2,256,512,1,159,231,1,1,2,2,0,0,0.057456500828266144,84.6795849009732,9502720
grouped_conv_forward_bf16_2d_128x64x128_compv3,190,2,256,512,1,159,231,1,1,2,2,0,0,0.032516200095415115,149.62980378159364,9502720
grouped_conv_forward_bf16_2d_128x64x128_compv4,190,2,256,512,1,159,231,1,1,2,2,0,0,0.05815650150179863,83.6603391600082,9502720
grouped_conv_forward_bf16_2d_16x64x64_compv3,191,2,512,256,1,115,95,1,1,2,2,0,0,0.016711998730897903,87.3395107014574,1425408
grouped_conv_forward_bf16_2d_16x64x64_compv4,191,2,512,256,1,115,95,1,1,2,2,0,0,0.01711609959602356,85.277477138489,1425408
grouped_conv_forward_bf16_2d_32x64x64_compv3,191,2,512,256,1,115,95,1,1,2,2,0,0,0.014564099721610546,100.22025527840802,1425408
grouped_conv_forward_bf16_2d_32x64x64_compv4,191,2,512,256,1,115,95,1,1,2,2,0,0,0.015912100672721863,91.73005010596903,1425408
grouped_conv_forward_bf16_2d_64x64x64_compv3,191,2,512,256,1,115,95,1,1,2,2,0,0,0.015676099807024002,93.1110295269993,1425408
grouped_conv_forward_bf16_2d_64x64x64_compv4,191,2,512,256,1,115,95,1,1,2,2,0,0,0.022356100380420685,65.28946315155764,1425408
grouped_conv_forward_bf16_2d_32x128x64_compv3,191,2,512,256,1,115,95,1,1,2,2,0,0,0.013708099722862244,106.47849238838427,1425408
grouped_conv_forward_bf16_2d_32x128x64_compv4,191,2,512,256,1,115,95,1,1,2,2,0,0,0.016044098883867264,90.97536748964329,1425408
grouped_conv_forward_bf16_2d_64x128x64_compv3,191,2,512,256,1,115,95,1,1,2,2,0,0,0.01392810046672821,104.79661569693376,1425408
grouped_conv_forward_bf16_2d_64x128x64_compv4,191,2,512,256,1,115,95,1,1,2,2,0,0,0.022008100524544716,66.32184319460687,1425408
grouped_conv_forward_bf16_2d_128x128x64_compv3,191,2,512,256,1,115,95,1,1,2,2,0,0,0.01523209922015667,95.82512370116947,1425408
grouped_conv_forward_bf16_2d_128x128x64_compv4,191,2,512,256,1,115,95,1,1,2,2,0,0,0.022144099697470665,65.91452404663441,1425408
grouped_conv_forward_bf16_2d_16x64x128_compv3,191,2,512,256,1,115,95,1,1,2,2,0,0,0.015120099298655987,96.53493427319913,1425408
grouped_conv_forward_bf16_2d_16x64x128_compv4,191,2,512,256,1,115,95,1,1,2,2,0,0,0.017348099499940872,84.13704290807041,1425408
grouped_conv_forward_bf16_2d_32x64x128_compv3,191,2,512,256,1,115,95,1,1,2,2,0,0,0.012016099877655506,121.47184251640807,1425408
grouped_conv_forward_bf16_2d_32x64x128_compv4,191,2,512,256,1,115,95,1,1,2,2,0,0,0.016092101112008095,90.7039908487039,1425408
grouped_conv_forward_bf16_2d_64x64x128_compv3,191,2,512,256,1,115,95,1,1,2,2,0,0,0.013204100541770458,110.54276566454323,1425408
grouped_conv_forward_bf16_2d_64x64x128_compv4,191,2,512,256,1,115,95,1,1,2,2,0,0,0.022428099066019058,65.0798709111944,1425408
grouped_conv_forward_bf16_2d_128x64x128_compv3,191,2,512,256,1,115,95,1,1,2,2,0,0,0.01219599973410368,119.68004459023315,1425408
grouped_conv_forward_bf16_2d_128x64x128_compv4,191,2,512,256,1,115,95,1,1,2,2,0,0,0.0219161007553339,66.60025012180877,1425408
grouped_conv_forward_bf16_2d_16x64x64_compv3,192,2,512,256,1,159,95,1,1,2,2,0,0,0.020555999130010605,97.94055289001957,1966080
grouped_conv_forward_bf16_2d_16x64x64_compv4,192,2,512,256,1,159,95,1,1,2,2,0,0,0.02210010029375553,91.09759201268675,1966080
grouped_conv_forward_bf16_2d_32x64x64_compv3,192,2,512,256,1,159,95,1,1,2,2,0,0,0.017560100182890892,114.65002471691817,1966080
grouped_conv_forward_bf16_2d_32x64x64_compv4,192,2,512,256,1,159,95,1,1,2,2,0,0,0.018804099410772324,107.06526678149012,1966080
grouped_conv_forward_bf16_2d_64x64x64_compv3,192,2,512,256,1,159,95,1,1,2,2,0,0,0.01655999943614006,121.5740331250439,1966080
grouped_conv_forward_bf16_2d_64x64x64_compv4,192,2,512,256,1,159,95,1,1,2,2,0,0,0.022840101271867752,88.14610303325354,1966080
grouped_conv_forward_bf16_2d_32x128x64_compv3,192,2,512,256,1,159,95,1,1,2,2,0,0,0.015048000030219555,133.78960100723936,1966080
grouped_conv_forward_bf16_2d_32x128x64_compv4,192,2,512,256,1,159,95,1,1,2,2,0,0,0.018728099763393402,107.49974345689891,1966080
grouped_conv_forward_bf16_2d_64x128x64_compv3,192,2,512,256,1,159,95,1,1,2,2,0,0,0.014551999978721142,138.34977480373317,1966080
grouped_conv_forward_bf16_2d_64x128x64_compv4,192,2,512,256,1,159,95,1,1,2,2,0,0,0.02250410057604313,89.46218104549506,1966080
grouped_conv_forward_bf16_2d_128x128x64_compv3,192,2,512,256,1,159,95,1,1,2,2,0,0,0.015516099520027637,129.75335182668474,1966080
grouped_conv_forward_bf16_2d_128x128x64_compv4,192,2,512,256,1,159,95,1,1,2,2,0,0,0.02250410057604313,89.46218104549506,1966080
grouped_conv_forward_bf16_2d_16x64x128_compv3,192,2,512,256,1,159,95,1,1,2,2,0,0,0.01878410018980503,107.17925797120105,1966080
grouped_conv_forward_bf16_2d_16x64x128_compv4,192,2,512,256,1,159,95,1,1,2,2,0,0,0.021536100655794144,93.48330750201728,1966080
grouped_conv_forward_bf16_2d_32x64x128_compv3,192,2,512,256,1,159,95,1,1,2,2,0,0,0.016300100833177567,123.51248256711126,1966080
grouped_conv_forward_bf16_2d_32x64x128_compv4,192,2,512,256,1,159,95,1,1,2,2,0,0,0.01918010041117668,104.96639104281353,1966080
grouped_conv_forward_bf16_2d_64x64x128_compv3,192,2,512,256,1,159,95,1,1,2,2,0,0,0.013928000815212727,144.54809033332546,1966080
grouped_conv_forward_bf16_2d_64x64x128_compv4,192,2,512,256,1,159,95,1,1,2,2,0,0,0.02295609936118126,87.70069724495228,1966080
grouped_conv_forward_bf16_2d_128x64x128_compv3,192,2,512,256,1,159,95,1,1,2,2,0,0,0.012875999324023724,156.35803243975772,1966080
grouped_conv_forward_bf16_2d_128x64x128_compv4,192,2,512,256,1,159,95,1,1,2,2,0,0,0.02234410122036934,90.1027926853762,1966080
grouped_conv_forward_bf16_2d_16x64x64_compv3,193,2,1024,2048,1,63,41,1,1,2,2,0,0,0.04463209956884384,126.30247356624692,2752512
grouped_conv_forward_bf16_2d_16x64x64_compv4,193,2,1024,2048,1,63,41,1,1,2,2,0,0,0.049744099378585815,113.32287942530762,2752512
grouped_conv_forward_bf16_2d_32x64x64_compv3,193,2,1024,2048,1,63,41,1,1,2,2,0,0,0.041168201714754105,136.92958014194065,2752512
grouped_conv_forward_bf16_2d_32x64x64_compv4,193,2,1024,2048,1,63,41,1,1,2,2,0,0,0.045020200312137604,125.2136715722299,2752512
grouped_conv_forward_bf16_2d_64x64x64_compv3,193,2,1024,2048,1,63,41,1,1,2,2,0,0,0.033316098153591156,169.20182399547798,2752512
grouped_conv_forward_bf16_2d_64x64x64_compv4,193,2,1024,2048,1,63,41,1,1,2,2,0,0,0.058176200836896896,96.8977776978653,2752512
grouped_conv_forward_bf16_2d_32x128x64_compv3,193,2,1024,2048,1,63,41,1,1,2,2,0,0,0.030080100521445274,187.4044460716167,2752512
grouped_conv_forward_bf16_2d_32x128x64_compv4,193,2,1024,2048,1,63,41,1,1,2,2,0,0,0.04494420066475868,125.42540511617457,2752512
grouped_conv_forward_bf16_2d_64x128x64_compv3,193,2,1024,2048,1,63,41,1,1,2,2,0,0,0.030896101146936417,182.4548848151012,2752512
grouped_conv_forward_bf16_2d_64x128x64_compv4,193,2,1024,2048,1,63,41,1,1,2,2,0,0,0.05728830024600029,98.39957813015354,2752512
grouped_conv_forward_bf16_2d_128x128x64_compv3,193,2,1024,2048,1,63,41,1,1,2,2,0,0,0.026756098493933678,210.68634417226755,2752512
grouped_conv_forward_bf16_2d_128x128x64_compv4,193,2,1024,2048,1,63,41,1,1,2,2,0,0,0.05782829970121384,97.4807249240578,2752512
grouped_conv_forward_bf16_2d_16x64x128_compv3,193,2,1024,2048,1,63,41,1,1,2,2,0,0,0.041968200355768204,134.31942585608672,2752512
grouped_conv_forward_bf16_2d_16x64x128_compv4,193,2,1024,2048,1,63,41,1,1,2,2,0,0,0.04980019852519035,113.19522296981552,2752512
grouped_conv_forward_bf16_2d_32x64x128_compv3,193,2,1024,2048,1,63,41,1,1,2,2,0,0,0.03433220088481903,164.19409273853532,2752512
grouped_conv_forward_bf16_2d_32x64x128_compv4,193,2,1024,2048,1,63,41,1,1,2,2,0,0,0.0455561988055706,123.74045077945992,2752512
grouped_conv_forward_bf16_2d_64x64x128_compv3,193,2,1024,2048,1,63,41,1,1,2,2,0,0,0.03467220067977905,162.58398559880285,2752512
grouped_conv_forward_bf16_2d_64x64x128_compv4,193,2,1024,2048,1,63,41,1,1,2,2,0,0,0.05667229741811752,99.46913805893928,2752512
grouped_conv_forward_bf16_2d_128x64x128_compv3,193,2,1024,2048,1,63,41,1,1,2,2,0,0,0.03490019962191582,161.52184334384486,2752512
grouped_conv_forward_bf16_2d_128x64x128_compv4,193,2,1024,2048,1,63,41,1,1,2,2,0,0,0.05855230242013931,96.27536993423303,2752512
grouped_conv_forward_bf16_2d_16x64x64_compv3,194,2,64,256,1,288,168,1,1,1,1,0,0,0.0479201003909111,66.17043366214267,24772608
grouped_conv_forward_bf16_2d_16x64x64_compv4,194,2,64,256,1,288,168,1,1,1,1,0,0,0.09984840452671051,31.757080536542297,24772608
grouped_conv_forward_bf16_2d_32x64x64_compv3,194,2,64,256,1,288,168,1,1,1,1,0,0,0.039712198078632355,79.846847503164,24772608
grouped_conv_forward_bf16_2d_32x64x64_compv4,194,2,64,256,1,288,168,1,1,1,1,0,0,0.09108849614858627,34.81113376630506,24772608
grouped_conv_forward_bf16_2d_64x64x64_compv3,194,2,64,256,1,288,168,1,1,1,1,0,0,0.03419620171189308,92.72649198630725,24772608
grouped_conv_forward_bf16_2d_64x64x64_compv4,194,2,64,256,1,288,168,1,1,1,1,0,0,0.1167646050453186,27.156292977390834,24772608
grouped_conv_forward_bf16_2d_32x128x64_compv3,194,2,64,256,1,288,168,1,1,1,1,0,0,0.028572101145982742,110.97867138993486,24772608
grouped_conv_forward_bf16_2d_32x128x64_compv4,194,2,64,256,1,288,168,1,1,1,1,0,0,0.09210450202226639,34.42713172949387,24772608
grouped_conv_forward_bf16_2d_64x128x64_compv3,194,2,64,256,1,288,168,1,1,1,1,0,0,0.028864100575447083,109.8559719784681,24772608
grouped_conv_forward_bf16_2d_64x128x64_compv4,194,2,64,256,1,288,168,1,1,1,1,0,0,0.11893270164728165,26.66124438511378,24772608
grouped_conv_forward_bf16_2d_128x128x64_compv3,194,2,64,256,1,288,168,1,1,1,1,0,0,0.03316820040345192,95.60041803383444,24772608
grouped_conv_forward_bf16_2d_128x128x64_compv4,194,2,64,256,1,288,168,1,1,1,1,0,0,0.11874469369649887,26.70345701597858,24772608
grouped_conv_forward_bf16_2d_16x64x128_compv3,194,2,64,256,1,288,168,1,1,1,1,0,0,0.06612439453601837,47.953464772714014,24772608
grouped_conv_forward_bf16_2d_16x64x128_compv4,194,2,64,256,1,288,168,1,1,1,1,0,0,0.09804459661245346,32.34134193579045,24772608
grouped_conv_forward_bf16_2d_32x64x128_compv3,194,2,64,256,1,288,168,1,1,1,1,0,0,0.05242829769849777,60.48057944270916,24772608
grouped_conv_forward_bf16_2d_32x64x128_compv4,194,2,64,256,1,288,168,1,1,1,1,0,0,0.09253250062465668,34.2678929305307,24772608
grouped_conv_forward_bf16_2d_64x64x128_compv3,194,2,64,256,1,288,168,1,1,1,1,0,0,0.050796300172805786,62.4237161606814,24772608
grouped_conv_forward_bf16_2d_64x64x128_compv4,194,2,64,256,1,288,168,1,1,1,1,0,0,0.11881669610738754,26.687274834961908,24772608
grouped_conv_forward_bf16_2d_128x64x128_compv3,194,2,64,256,1,288,168,1,1,1,1,0,0,0.05878030136227608,53.94483782002198,24772608
grouped_conv_forward_bf16_2d_128x64x128_compv4,194,2,64,256,1,288,168,1,1,1,1,0,0,0.11847269535064697,26.764764780737167,24772608
grouped_conv_forward_bf16_2d_16x64x64_compv3,195,1,256,512,1,28,28,3,3,1,1,1,1,0.028680000454187393,64.49400399956892,401408
grouped_conv_forward_bf16_2d_16x64x64_compv4,195,1,256,512,1,28,28,3,3,1,1,1,1,0.02433210052549839,76.01842931980543,401408
grouped_conv_forward_bf16_2d_32x64x64_compv3,195,1,256,512,1,28,28,3,3,1,1,1,1,0.032064102590084076,57.68719267296824,401408
grouped_conv_forward_bf16_2d_32x64x64_compv4,195,1,256,512,1,28,28,3,3,1,1,1,1,0.026316100731492043,70.28731508792671,401408
grouped_conv_forward_bf16_2d_64x64x64_compv3,195,1,256,512,1,28,28,3,3,1,1,1,1,0.03940419852733612,46.94139541289755,401408
grouped_conv_forward_bf16_2d_64x64x64_compv4,195,1,256,512,1,28,28,3,3,1,1,1,1,0.037212200462818146,49.70649520842444,401408
grouped_conv_forward_bf16_2d_32x128x64_compv3,195,1,256,512,1,28,28,3,3,1,1,1,1,0.03860029950737953,47.91900808040052,401408
grouped_conv_forward_bf16_2d_32x128x64_compv4,195,1,256,512,1,28,28,3,3,1,1,1,1,0.025724101811647415,71.90486484400766,401408
grouped_conv_forward_bf16_2d_64x128x64_compv3,195,1,256,512,1,28,28,3,3,1,1,1,1,0.04550819844007492,40.645161254530095,401408
grouped_conv_forward_bf16_2d_64x128x64_compv4,195,1,256,512,1,28,28,3,3,1,1,1,1,0.03768020123243332,49.089123823677376,401408
grouped_conv_forward_bf16_2d_128x128x64_compv3,195,1,256,512,1,28,28,3,3,1,1,1,1,0.044672198593616486,41.40579873461421,401408
grouped_conv_forward_bf16_2d_128x128x64_compv4,195,1,256,512,1,28,28,3,3,1,1,1,1,0.03733620047569275,49.541411296101636,401408
grouped_conv_forward_bf16_2d_16x64x128_compv3,195,1,256,512,1,28,28,3,3,1,1,1,1,0.023488100618124008,78.75000597420527,401408
grouped_conv_forward_bf16_2d_16x64x128_compv4,195,1,256,512,1,28,28,3,3,1,1,1,1,0.024336200207471848,76.00562323743941,401408
grouped_conv_forward_bf16_2d_32x64x128_compv3,195,1,256,512,1,28,28,3,3,1,1,1,1,0.02414810098707676,76.59766144716265,401408
grouped_conv_forward_bf16_2d_32x64x128_compv4,195,1,256,512,1,28,28,3,3,1,1,1,1,0.02566010132431984,72.08420733112709,401408
grouped_conv_forward_bf16_2d_64x64x128_compv3,195,1,256,512,1,28,28,3,3,1,1,1,1,0.031064098700881004,59.54423728210538,401408
grouped_conv_forward_bf16_2d_64x64x128_compv4,195,1,256,512,1,28,28,3,3,1,1,1,1,0.03722020238637924,49.695808872788255,401408
grouped_conv_forward_bf16_2d_128x64x128_compv3,195,1,256,512,1,28,28,3,3,1,1,1,1,0.030536198988556862,60.57361836989444,401408
grouped_conv_forward_bf16_2d_128x64x128_compv4,195,1,256,512,1,28,28,3,3,1,1,1,1,0.03722820058465004,49.685132102857125,401408
grouped_conv_forward_bf16_2d_16x64x64_compv3,196,2,1024,512,1,41,57,1,1,2,2,0,0,0.017983999103307724,71.01677222420992,623616
grouped_conv_forward_bf16_2d_16x64x64_compv4,196,2,1024,512,1,41,57,1,1,2,2,0,0,0.015904000028967857,80.30467591006952,623616
grouped_conv_forward_bf16_2d_32x64x64_compv3,196,2,1024,512,1,41,57,1,1,2,2,0,0,0.018984099850058556,67.27553995645786,623616
grouped_conv_forward_bf16_2d_32x64x64_compv4,196,2,1024,512,1,41,57,1,1,2,2,0,0,0.016412001103162766,77.81900329959622,623616
grouped_conv_forward_bf16_2d_64x64x64_compv3,196,2,1024,512,1,41,57,1,1,2,2,0,0,0.020236101001501083,63.113223634595506,623616
grouped_conv_forward_bf16_2d_64x64x64_compv4,196,2,1024,512,1,41,57,1,1,2,2,0,0,0.019592100754380226,65.18778072915242,623616
grouped_conv_forward_bf16_2d_32x128x64_compv3,196,2,1024,512,1,41,57,1,1,2,2,0,0,0.019656099379062653,64.9755347370911,623616
grouped_conv_forward_bf16_2d_32x128x64_compv4,196,2,1024,512,1,41,57,1,1,2,2,0,0,0.016332000494003296,78.20019160965268,623616
grouped_conv_forward_bf16_2d_64x128x64_compv3,196,2,1024,512,1,41,57,1,1,2,2,0,0,0.022320101037621498,57.22042054591429,623616
grouped_conv_forward_bf16_2d_64x128x64_compv4,196,2,1024,512,1,41,57,1,1,2,2,0,0,0.01947609893977642,65.57604641202657,623616
grouped_conv_forward_bf16_2d_128x128x64_compv3,196,2,1024,512,1,41,57,1,1,2,2,0,0,0.023080099374055862,55.33622482733548,623616
grouped_conv_forward_bf16_2d_128x128x64_compv4,196,2,1024,512,1,41,57,1,1,2,2,0,0,0.019588099792599678,65.20109564085992,623616
grouped_conv_forward_bf16_2d_16x64x128_compv3,196,2,1024,512,1,41,57,1,1,2,2,0,0,0.014375999569892883,88.84012285828945,623616
grouped_conv_forward_bf16_2d_16x64x128_compv4,196,2,1024,512,1,41,57,1,1,2,2,0,0,0.015771999955177307,80.97676715886361,623616
grouped_conv_forward_bf16_2d_32x64x128_compv3,196,2,1024,512,1,41,57,1,1,2,2,0,0,0.014832000248134136,86.10878820344324,623616
grouped_conv_forward_bf16_2d_32x64x128_compv4,196,2,1024,512,1,41,57,1,1,2,2,0,0,0.016312099993228912,78.29559459114071,623616
grouped_conv_forward_bf16_2d_64x64x128_compv3,196,2,1024,512,1,41,57,1,1,2,2,0,0,0.016832100227475166,75.8767801248755,623616
grouped_conv_forward_bf16_2d_64x64x128_compv4,196,2,1024,512,1,41,57,1,1,2,2,0,0,0.019520100206136703,65.42822805789113,623616
grouped_conv_forward_bf16_2d_128x64x128_compv3,196,2,1024,512,1,41,57,1,1,2,2,0,0,0.01684810034930706,75.80472228446385,623616
grouped_conv_forward_bf16_2d_128x64x128_compv4,196,2,1024,512,1,41,57,1,1,2,2,0,0,0.019572099670767784,65.25439730452275,623616
grouped_conv_forward_bf16_2d_16x64x64_compv3,198,2,256,128,1,232,168,1,1,2,2,0,0,0.015623999759554863,81.74382921498376,2494464
grouped_conv_forward_bf16_2d_16x64x64_compv4,198,2,256,128,1,232,168,1,1,2,2,0,0,0.015607999637722969,81.82762670709057,2494464
grouped_conv_forward_bf16_2d_32x64x64_compv3,198,2,256,128,1,232,168,1,1,2,2,0,0,0.013740000315010548,92.95236817460143,2494464
grouped_conv_forward_bf16_2d_32x64x64_compv4,198,2,256,128,1,232,168,1,1,2,2,0,0,0.014219999313354492,89.81474188965464,2494464
grouped_conv_forward_bf16_2d_64x64x64_compv3,198,2,256,128,1,232,168,1,1,2,2,0,0,0.013019999489188194,98.09259739684,2494464
grouped_conv_forward_bf16_2d_64x64x64_compv4,198,2,256,128,1,232,168,1,1,2,2,0,0,0.019592100754380226,65.18778072915242,2494464
grouped_conv_forward_bf16_2d_32x128x64_compv3,198,2,256,128,1,232,168,1,1,2,2,0,0,0.011687999591231346,109.27152743555571,2494464
grouped_conv_forward_bf16_2d_32x128x64_compv4,198,2,256,128,1,232,168,1,1,2,2,0,0,0.014108000323176384,90.52775295885796,2494464
grouped_conv_forward_bf16_2d_64x128x64_compv3,198,2,256,128,1,232,168,1,1,2,2,0,0,0.01143999956548214,111.64035109350756,2494464
grouped_conv_forward_bf16_2d_64x128x64_compv4,198,2,256,128,1,232,168,1,1,2,2,0,0,0.019100099802017212,66.86695782946198,2494464
grouped_conv_forward_bf16_2d_128x128x64_compv3,198,2,256,128,1,232,168,1,1,2,2,0,0,0.01070799957960844,119.27209732358826,2494464
grouped_conv_forward_bf16_2d_128x128x64_compv4,198,2,256,128,1,232,168,1,1,2,2,0,0,0.01900009997189045,67.21888673688521,2494464
grouped_conv_forward_bf16_2d_16x64x128_compv3,198,2,256,128,1,232,168,1,1,2,2,0,0,0.012860000133514404,99.31302913999068,2494464
grouped_conv_forward_bf16_2d_16x64x128_compv4,198,2,256,128,1,232,168,1,1,2,2,0,0,0.015651999041438103,81.59760070383024,2494464
grouped_conv_forward_bf16_2d_32x64x128_compv3,198,2,256,128,1,232,168,1,1,2,2,0,0,0.011088000610470772,115.18447850678594,2494464
grouped_conv_forward_bf16_2d_32x64x128_compv4,198,2,256,128,1,232,168,1,1,2,2,0,0,0.01406400091946125,90.8109701722719,2494464
grouped_conv_forward_bf16_2d_64x64x128_compv3,198,2,256,128,1,232,168,1,1,2,2,0,0,0.01332399994134903,95.85451618297512,2494464
grouped_conv_forward_bf16_2d_64x64x128_compv4,198,2,256,128,1,232,168,1,1,2,2,0,0,0.019140100106596947,66.72721463770213,2494464
grouped_conv_forward_bf16_2d_128x64x128_compv3,198,2,256,128,1,232,168,1,1,2,2,0,0,0.01372000016272068,93.08786828372294,2494464
grouped_conv_forward_bf16_2d_128x64x128_compv4,198,2,256,128,1,232,168,1,1,2,2,0,0,0.01902810111641884,67.11996957478684,2494464
grouped_conv_forward_bf16_2d_16x64x64_compv3,199,3,128,256,1,38,38,3,3,1,1,1,1,0.026847999542951584,95.16975608973429,1108992
grouped_conv_forward_bf16_2d_16x64x64_compv4,199,3,128,256,1,38,38,3,3,1,1,1,1,0.025780001655220985,99.1123896022922,1108992
grouped_conv_forward_bf16_2d_32x64x64_compv3,199,3,128,256,1,38,38,3,3,1,1,1,1,0.02566410042345524,99.55998947326425,1108992
grouped_conv_forward_bf16_2d_32x64x64_compv4,199,3,128,256,1,38,38,3,3,1,1,1,1,0.02847610041499138,89.72849269258954,1108992
grouped_conv_forward_bf16_2d_64x64x64_compv3,199,3,128,256,1,38,38,3,3,1,1,1,1,0.027428099885582924,93.15692952332621,1108992
grouped_conv_forward_bf16_2d_64x64x64_compv4,199,3,128,256,1,38,38,3,3,1,1,1,1,0.03845610097050667,66.44245005388376,1108992
grouped_conv_forward_bf16_2d_32x128x64_compv3,199,3,128,256,1,38,38,3,3,1,1,1,1,0.024884101003408432,102.68072644657806,1108992
grouped_conv_forward_bf16_2d_32x128x64_compv4,199,3,128,256,1,38,38,3,3,1,1,1,1,0.02746810019016266,93.02127013920978,1108992
grouped_conv_forward_bf16_2d_64x128x64_compv3,199,3,128,256,1,38,38,3,3,1,1,1,1,0.026076098904013634,97.98695646175496,1108992
grouped_conv_forward_bf16_2d_64x128x64_compv4,199,3,128,256,1,38,38,3,3,1,1,1,1,0.03805609792470932,67.1408186161145,1108992
grouped_conv_forward_bf16_2d_128x128x64_compv3,199,3,128,256,1,38,38,3,3,1,1,1,1,0.026824098080396652,95.25455656856953,1108992
grouped_conv_forward_bf16_2d_128x128x64_compv4,199,3,128,256,1,38,38,3,3,1,1,1,1,0.03842020034790039,66.50453524091614,1108992
grouped_conv_forward_bf16_2d_16x64x128_compv3,199,3,128,256,1,38,38,3,3,1,1,1,1,0.02414819970726967,105.80985742099844,1108992
grouped_conv_forward_bf16_2d_16x64x128_compv4,199,3,128,256,1,38,38,3,3,1,1,1,1,0.02664409950375557,95.8980643215151,1108992
grouped_conv_forward_bf16_2d_32x64x128_compv3,199,3,128,256,1,38,38,3,3,1,1,1,1,0.020124100148677826,126.96804076319775,1108992
grouped_conv_forward_bf16_2d_32x64x128_compv4,199,3,128,256,1,38,38,3,3,1,1,1,1,0.027476098388433456,92.99419196561115,1108992
grouped_conv_forward_bf16_2d_64x64x128_compv3,199,3,128,256,1,38,38,3,3,1,1,1,1,0.021936099976301193,116.48002930149104,1108992
grouped_conv_forward_bf16_2d_64x64x128_compv4,199,3,128,256,1,38,38,3,3,1,1,1,1,0.037720199674367905,67.73870737848414,1108992
grouped_conv_forward_bf16_2d_128x64x128_compv3,199,3,128,256,1,38,38,3,3,1,1,1,1,0.018908100202679634,135.13348991232294,1108992
grouped_conv_forward_bf16_2d_128x64x128_compv4,199,3,128,256,1,38,38,3,3,1,1,1,1,0.03770419955253601,67.76745291833522,1108992
