dtype,M,N,K,selected_kernel,predicted_tflops,selection_time_ms,actual_time_ms,actual_tflops,status,error
fp16,64,64,64,s_64x64_k32_v4,8.739574128975509,122.27654457092285,0.0033279999624937773,0.15753846331390406,SUCCESS,
fp16,1024,1024,2048,s_64x64_k64_mem,415.80260696978746,8.95237922668457,0.023180199787020683,185.28603443723924,SUCCESS,
fp16,5,5,5,r_128x64_k64_v3,4.554978719903426,14.205694198608398,0,0,RUN_FAIL,Kernel execution failed
fp16,47,47,47,s_64x64_k32_v4,8.606834086715423,13.036727905273438,0,0,RUN_FAIL,Kernel execution failed
fp16,101,101,101,s_64x64_k128_v3,6.203550550334851,9.14621353149414,0,0,RUN_FAIL,Kernel execution failed
fp16,151,151,151,s_64x64_k128_v3,7.238239994671801,12.06064224243164,0,0,RUN_FAIL,Kernel execution failed
fp16,233,233,233,s_64x64_k128_v3,14.165719667339124,16.45684242248535,0,0,RUN_FAIL,Kernel execution failed
fp16,313,313,313,s_64x64_k128_v3,16.926654665549666,12.878656387329102,0,0,RUN_FAIL,Kernel execution failed
fp16,409,409,409,s_64x64_k128_v3,68.41815804542236,7.131814956665039,0,0,RUN_FAIL,Kernel execution failed
fp16,499,499,499,s_64x64_k128_v3,76.55443573994233,6.867647171020508,0,0,RUN_FAIL,Kernel execution failed
fp16,599,599,599,s_64x64_k128_v3,91.75297267276117,12.46953010559082,0,0,RUN_FAIL,Kernel execution failed
fp16,683,683,683,s_64x64_k64_v4,118.83340792354089,12.60519027709961,0,0,RUN_FAIL,Kernel execution failed
fp16,3,3,256,m_128x128_k32_v3,0.5879675705777767,16.981124877929688,0,0,RUN_FAIL,Kernel execution failed
fp16,3,63,128,s_64x64_k32_v4,1.4618423412743105,12.655019760131836,0,0,RUN_FAIL,Kernel execution failed
fp16,3,111,1024,s_64x64_k128_v3,1.3022000535372775,10.444164276123047,0,0,RUN_FAIL,Kernel execution failed
fp16,3,197,512,s_64x64_k64_v4,1.4357728336221853,15.375852584838867,0,0,RUN_FAIL,Kernel execution failed
fp16,3,311,256,s_64x64_k32_v4,1.5092916205848168,12.851715087890625,0,0,RUN_FAIL,Kernel execution failed
fp16,5,47,128,s_64x64_k32_v4,6.869965997739505,158.77199172973633,0,0,RUN_FAIL,Kernel execution failed
fp16,5,101,1024,s_64x64_k32_v4,1.4146073547464795,12.201309204101562,0,0,RUN_FAIL,Kernel execution failed
fp16,5,179,1024,s_64x64_k32_v4,1.516395932055957,9.168624877929688,0,0,RUN_FAIL,Kernel execution failed
fp16,5,283,512,s_64x64_k64_v4,1.7488182124386051,12.835979461669922,0,0,RUN_FAIL,Kernel execution failed
fp16,7,33,256,s_64x64_k32_v4,1.8188647237975275,12.549400329589844,0,0,RUN_FAIL,Kernel execution failed
fp16,7,103,128,s_64x64_k32_v4,7.040232048071099,12.67552375793457,0,0,RUN_FAIL,Kernel execution failed
fp16,7,157,1024,s_64x64_k64_v4,1.9423223555679958,12.729167938232422,0,0,RUN_FAIL,Kernel execution failed
fp16,7,269,512,s_64x64_k64_v4,1.9866258389076505,12.436151504516602,0,0,RUN_FAIL,Kernel execution failed
fp16,9,19,256,s_64x64_k32_v4,6.980886367125646,12.700796127319336,0,0,RUN_FAIL,Kernel execution failed
fp16,9,91,128,s_64x64_k32_v4,7.099849169153291,7.023334503173828,0,0,RUN_FAIL,Kernel execution failed
fp16,9,137,1024,s_64x64_k32_v4,1.944199433292947,11.78741455078125,0,0,RUN_FAIL,Kernel execution failed
fp16,9,241,512,s_64x64_k64_v4,2.053812775012909,13.514041900634766,0,0,RUN_FAIL,Kernel execution failed
fp16,11,11,256,s_64x64_k32_v4,7.416326419447636,11.534929275512695,0,0,RUN_FAIL,Kernel execution failed
fp16,11,77,128,s_64x64_k32_v4,7.47763112583427,11.79957389831543,0,0,RUN_FAIL,Kernel execution failed
fp16,11,121,1024,s_64x64_k64_v4,2.0244473723298473,14.121770858764648,0,0,RUN_FAIL,Kernel execution failed
fp16,11,227,512,s_64x64_k64_v4,2.188490089111115,12.568235397338867,0,0,RUN_FAIL,Kernel execution failed
fp16,11,337,256,s_64x64_k32_v4,8.298505066127316,16.163110733032227,0,0,RUN_FAIL,Kernel execution failed
fp16,13,43,128,s_64x64_k32_v4,7.513754455655487,16.900062561035156,0,0,RUN_FAIL,Kernel execution failed
fp16,13,99,1024,s_64x64_k64_v4,2.0356682678338105,13.767242431640625,0,0,RUN_FAIL,Kernel execution failed
fp16,13,173,512,s_64x64_k32_v4,2.1717467542666813,33.200740814208984,0,0,RUN_FAIL,Kernel execution failed
fp16,13,281,256,s_64x64_k32_v4,7.990925535687644,22.87435531616211,0,0,RUN_FAIL,Kernel execution failed
fp16,15,31,256,s_64x64_k32_v4,7.626540560745409,15.66767692565918,0,0,RUN_FAIL,Kernel execution failed
fp16,15,101,128,s_64x64_k32_v4,7.712683473325166,11.869430541992188,0,0,RUN_FAIL,Kernel execution failed
fp16,15,151,1024,s_64x64_k32_v4,2.3743351917518956,7.18998908996582,0,0,RUN_FAIL,Kernel execution failed
fp16,15,263,512,s_64x64_k32_v4,2.3089787624871305,7.287740707397461,0,0,RUN_FAIL,Kernel execution failed
fp16,17,17,256,s_64x64_k32_v4,7.618053395870533,19.061803817749023,0,0,RUN_FAIL,Kernel execution failed
fp16,17,89,128,s_64x64_k32_v4,7.680510241585866,13.198137283325195,0,0,RUN_FAIL,Kernel execution failed
fp16,17,131,1024,s_64x64_k64_v4,2.3219121074922158,12.98666000366211,0,0,RUN_FAIL,Kernel execution failed
fp16,17,239,512,s_64x64_k32_v4,8.31498584835075,13.49329948425293,0,0,RUN_FAIL,Kernel execution failed
fp16,19,9,256,s_64x64_k32_v4,8.011718222981148,16.61205291748047,0,0,RUN_FAIL,Kernel execution failed
fp16,19,73,128,s_64x64_k32_v4,8.018999219425387,12.506961822509766,0,0,RUN_FAIL,Kernel execution failed
fp16,19,119,1024,s_64x64_k32_v4,2.4147497168966088,11.57689094543457,0,0,RUN_FAIL,Kernel execution failed
fp16,19,223,512,s_64x64_k32_v4,8.966472892084372,140.1388645172119,0,0,RUN_FAIL,Kernel execution failed
fp16,19,331,256,s_64x64_k32_v4,9.231714245734864,11.63172721862793,0,0,RUN_FAIL,Kernel execution failed
fp16,23,61,128,s_64x64_k32_v4,8.207994844324803,12.739181518554688,0,0,RUN_FAIL,Kernel execution failed
fp16,23,109,1024,s_64x64_k64_v4,2.445702847999507,11.789321899414062,0,0,RUN_FAIL,Kernel execution failed
fp16,23,193,512,s_64x64_k64_v4,8.796743375873602,11.629104614257812,0,0,RUN_FAIL,Kernel execution failed
fp16,23,307,256,s_64x64_k32_v4,8.976684228949862,11.749267578125,0,0,RUN_FAIL,Kernel execution failed
fp16,27,27,128,s_64x64_k32_v4,8.089463029276533,11.740684509277344,0,0,RUN_FAIL,Kernel execution failed
fp16,27,79,1024,s_64x64_k64_v4,2.3672052440242024,12.96687126159668,0,0,RUN_FAIL,Kernel execution failed
fp16,27,149,1024,s_64x64_k128_v3,2.9677441874085764,17.273902893066406,0,0,RUN_FAIL,Kernel execution failed
fp16,27,257,512,s_64x64_k128_v3,8.86274491827005,17.068862915039062,0,0,RUN_FAIL,Kernel execution failed
fp16,31,15,256,s_64x64_k64_v4,8.077356256741481,11.665582656860352,0,0,RUN_FAIL,Kernel execution failed
fp16,31,83,128,s_64x64_k32_v4,8.133714570633195,12.798070907592773,0,0,RUN_FAIL,Kernel execution failed
fp16,31,127,1024,s_64x64_k128_v3,8.664655688257257,14.34326171875,0,0,RUN_FAIL,Kernel execution failed
fp16,31,233,512,s_64x64_k128_v3,9.54395266691891,13.189315795898438,0,0,RUN_FAIL,Kernel execution failed
fp16,33,7,256,s_64x64_k64_v4,8.000370582005878,13.391971588134766,0,0,RUN_FAIL,Kernel execution failed
fp16,33,71,128,s_64x64_k32_v4,8.06496344555521,12.185335159301758,0,0,RUN_FAIL,Kernel execution failed
fp16,33,117,1024,s_64x64_k128_v3,8.664655688257257,7.657051086425781,0,0,RUN_FAIL,Kernel execution failed
fp16,33,211,512,s_64x64_k128_v3,9.332308934801123,99.55573081970215,0,0,RUN_FAIL,Kernel execution failed
fp16,33,317,256,s_64x64_k32_v4,9.194218803617924,7.2994232177734375,0,0,RUN_FAIL,Kernel execution failed
fp16,37,59,128,s_64x64_k32_v4,8.217853969994254,7.9212188720703125,0,0,RUN_FAIL,Kernel execution failed
fp16,37,107,1024,s_64x64_k128_v3,8.675462912745605,13.047933578491211,0,0,RUN_FAIL,Kernel execution failed
fp16,37,191,512,s_64x64_k128_v3,8.800807392230373,15.64645767211914,0,0,RUN_FAIL,Kernel execution failed
fp16,37,299,256,s_64x64_k64_v4,9.303064794858892,15.463829040527344,0,0,RUN_FAIL,Kernel execution failed
fp16,41,41,128,s_64x64_k32_v4,8.794039081284165,11.629819869995117,0,0,RUN_FAIL,Kernel execution failed
fp16,41,97,1024,s_64x64_k64_v4,9.171792591203632,11.681318283081055,0,0,RUN_FAIL,Kernel execution failed
fp16,41,167,512,s_64x64_k64_v4,9.223699956373856,14.440774917602539,0,0,RUN_FAIL,Kernel execution failed
fp16,41,277,256,s_64x64_k32_v4,7.343526197017145,15.878677368164062,0,0,RUN_FAIL,Kernel execution failed
fp16,43,13,256,s_64x64_k32_v4,8.64534237380004,12.293338775634766,0,0,RUN_FAIL,Kernel execution failed
fp16,43,79,128,s_64x64_k32_v4,8.671673301168964,11.700868606567383,0,0,RUN_FAIL,Kernel execution failed
fp16,43,123,1024,s_64x64_k64_v4,9.259496394005872,15.35177230834961,0,0,RUN_FAIL,Kernel execution failed
fp16,43,229,512,s_64x64_k128_v3,8.006284827546724,52.7496337890625,0,0,RUN_FAIL,Kernel execution failed
fp16,47,5,256,s_64x64_k32_v4,8.6023559605807,11.71565055847168,0,0,RUN_FAIL,Kernel execution failed
fp16,47,67,128,s_64x64_k32_v4,8.600648716442862,7.6503753662109375,0,0,RUN_FAIL,Kernel execution failed
fp16,47,113,1024,s_64x64_k128_v3,6.595236218920912,6.928205490112305,0,0,RUN_FAIL,Kernel execution failed
fp16,47,199,512,s_64x64_k128_v3,7.694590270405843,11.754512786865234,0,0,RUN_FAIL,Kernel execution failed
fp16,47,313,256,s_64x64_k32_v4,7.971116372524711,12.685537338256836,0,0,RUN_FAIL,Kernel execution failed
fp16,51,51,128,s_64x64_k32_v4,8.887400830495322,13.29946517944336,0,0,RUN_FAIL,Kernel execution failed
fp16,51,103,1024,s_64x64_k128_v3,6.589564900009811,11.85297966003418,0,0,RUN_FAIL,Kernel execution failed
fp16,51,181,512,s_64x64_k128_v3,7.2237421660518395,12.449502944946289,0,0,RUN_FAIL,Kernel execution failed
fp16,51,293,256,s_64x64_k32_v4,7.913085379868929,12.219905853271484,0,0,RUN_FAIL,Kernel execution failed
fp16,59,37,128,s_64x64_k32_v4,8.78771666694329,15.913248062133789,0,0,RUN_FAIL,Kernel execution failed
fp16,59,91,1024,s_64x64_k128_v3,7.003840769884554,7.519960403442383,0,0,RUN_FAIL,Kernel execution failed
fp16,59,163,512,s_64x64_k128_v3,7.667144185121333,13.147830963134766,0,0,RUN_FAIL,Kernel execution failed
fp16,59,271,256,s_64x64_k128_v3,8.268295822478509,134.7963809967041,0,0,RUN_FAIL,Kernel execution failed
fp16,61,23,128,s_64x64_k32_v4,8.740927836866906,16.245603561401367,0,0,RUN_FAIL,Kernel execution failed
fp16,61,77,1024,r_64x128_k64_v3,6.853651300146751,8.296966552734375,0,0,RUN_FAIL,Kernel execution failed
fp16,61,139,1024,s_64x64_k128_v3,7.559976030017004,7.398366928100586,0,0,RUN_FAIL,Kernel execution failed
fp16,61,251,512,s_64x64_k128_v3,8.665537902653277,13.021230697631836,0,0,RUN_FAIL,Kernel execution failed
fp16,63,3,256,s_64x64_k32_v4,8.87342400313389,8.02302360534668,0,0,RUN_FAIL,Kernel execution failed
fp16,63,63,128,s_64x64_k32_v4,8.802422850127813,13.335704803466797,0,0,RUN_FAIL,Kernel execution failed
fp16,63,111,1024,s_64x64_k128_v3,7.096758972739507,7.530689239501953,0,0,RUN_FAIL,Kernel execution failed
fp16,63,197,512,s_64x64_k128_v3,8.266172026898122,7.224321365356445,0,0,RUN_FAIL,Kernel execution failed
fp16,63,311,256,s_64x64_k128_v3,8.595047147089607,13.24009895324707,0,0,RUN_FAIL,Kernel execution failed
fp16,67,47,128,r_128x64_k64_v3,8.033452030836541,11.642932891845703,0,0,RUN_FAIL,Kernel execution failed
fp16,67,101,1024,r_128x64_k64_v3,5.821787516020612,13.079404830932617,0,0,RUN_FAIL,Kernel execution failed
fp16,67,179,512,r_128x64_k64_v3,6.519351556240056,8.150577545166016,0,0,RUN_FAIL,Kernel execution failed
fp16,67,283,256,r_128x64_k64_v3,7.134721902137977,11.561870574951172,0,0,RUN_FAIL,Kernel execution failed
fp16,71,33,128,r_128x64_k64_v3,7.9748987125997575,6.934881210327148,0,0,RUN_FAIL,Kernel execution failed
fp16,71,89,1024,r_128x64_k64_v3,5.644063496994052,12.580156326293945,0,0,RUN_FAIL,Kernel execution failed
fp16,71,157,512,r_128x64_k64_v3,6.4008965308925605,7.537126541137695,0,0,RUN_FAIL,Kernel execution failed
fp16,71,269,256,r_128x64_k64_v3,7.056749824535244,11.400222778320312,0,0,RUN_FAIL,Kernel execution failed
fp16,73,19,128,r_128x64_k64_v3,7.918416046338431,21.558284759521484,0,0,RUN_FAIL,Kernel execution failed
fp16,73,73,1024,r_128x64_k64_v3,5.587233160622669,70.85466384887695,0,0,RUN_FAIL,Kernel execution failed
fp16,73,137,512,r_128x64_k64_v3,6.368053952890826,11.564970016479492,0,0,RUN_FAIL,Kernel execution failed
fp16,73,241,256,r_128x64_k64_v3,7.238563265275668,6.928920745849609,0,0,RUN_FAIL,Kernel execution failed
fp16,77,11,256,r_128x64_k64_v3,8.384718825589424,11.8560791015625,0,0,RUN_FAIL,Kernel execution failed
fp16,77,77,128,r_128x64_k64_v3,8.408302000423589,13.283252716064453,0,0,RUN_FAIL,Kernel execution failed
fp16,77,121,1024,r_128x64_k64_v3,6.178346602649118,11.94143295288086,0,0,RUN_FAIL,Kernel execution failed
fp16,77,227,512,r_128x64_k64_v3,7.5900329115433225,11.584997177124023,0,0,RUN_FAIL,Kernel execution failed
fp16,77,337,256,r_128x64_k64_v3,8.714121304969547,13.206720352172852,0,0,RUN_FAIL,Kernel execution failed
fp16,79,43,128,r_128x64_k64_v3,8.531862591038214,15.875101089477539,0,0,RUN_FAIL,Kernel execution failed
fp16,79,99,1024,r_128x64_k64_v3,6.17718532750659,13.038158416748047,0,0,RUN_FAIL,Kernel execution failed
fp16,79,173,512,r_128x64_k64_v3,6.863046762807074,13.11802864074707,0,0,RUN_FAIL,Kernel execution failed
fp16,79,281,256,r_128x64_k64_v3,7.643175982023394,12.883663177490234,0,0,RUN_FAIL,Kernel execution failed
fp16,83,31,128,r_128x64_k64_v3,8.4729495143719,11.838197708129883,0,0,RUN_FAIL,Kernel execution failed
fp16,83,83,1024,s_64x64_k128_v3,6.265530657234023,13.159990310668945,0,0,RUN_FAIL,Kernel execution failed
fp16,83,151,512,s_64x64_k128_v3,7.111681113006597,11.197328567504883,0,0,RUN_FAIL,Kernel execution failed
fp16,83,263,256,r_128x64_k64_v3,7.482772695237989,13.071775436401367,0,0,RUN_FAIL,Kernel execution failed
fp16,89,17,128,r_128x64_k64_v3,8.359624007697724,12.862205505371094,0,0,RUN_FAIL,Kernel execution failed
fp16,89,71,1024,s_64x64_k128_v3,6.247894405843978,12.176752090454102,0,0,RUN_FAIL,Kernel execution failed
fp16,89,131,512,s_64x64_k128_v3,7.038280151894911,17.58289337158203,0,0,RUN_FAIL,Kernel execution failed
fp16,89,239,256,r_128x64_k64_v3,7.76128860855087,14.80865478515625,0,0,RUN_FAIL,Kernel execution failed
fp16,91,9,128,r_128x64_k64_v3,8.312489911412593,7.746458053588867,0,0,RUN_FAIL,Kernel execution failed
fp16,91,59,1024,s_64x64_k128_v3,6.2714820536215985,16.211271286010742,0,0,RUN_FAIL,Kernel execution failed
fp16,91,119,1024,s_64x64_k128_v3,6.8058119794593495,15.683650970458984,0,0,RUN_FAIL,Kernel execution failed
fp16,91,223,512,s_64x64_k128_v3,7.750703323040271,13.137578964233398,0,0,RUN_FAIL,Kernel execution failed
fp16,91,331,256,r_128x64_k64_v3,8.634453589196536,10.850906372070312,0,0,RUN_FAIL,Kernel execution failed
fp16,97,61,128,r_128x64_k64_v3,8.528899548422308,16.136884689331055,0,0,RUN_FAIL,Kernel execution failed
fp16,97,109,1024,s_64x64_k128_v3,6.902041235017603,16.398191452026367,0,0,RUN_FAIL,Kernel execution failed
fp16,97,193,512,s_64x64_k128_v3,7.828173270671258,13.49020004272461,0,0,RUN_FAIL,Kernel execution failed
fp16,97,307,256,s_64x64_k128_v3,8.176216674515603,99.84087944030762,0,0,RUN_FAIL,Kernel execution failed
fp16,99,27,128,r_128x64_k64_v3,8.47463405952766,11.666297912597656,0,0,RUN_FAIL,Kernel execution failed
fp16,99,79,1024,s_64x64_k128_v3,6.531461690679434,10.781049728393555,0,0,RUN_FAIL,Kernel execution failed
fp16,99,149,512,s_64x64_k128_v3,7.4428356581714326,15.720605850219727,0,0,RUN_FAIL,Kernel execution failed
fp16,99,257,256,s_64x64_k128_v3,7.7557393598763715,11.562347412109375,0,0,RUN_FAIL,Kernel execution failed
fp16,101,15,128,r_128x64_k64_v3,8.365360946186955,9.142160415649414,0,0,RUN_FAIL,Kernel execution failed
fp16,101,67,1024,s_64x64_k128_v3,6.485605909720323,11.797666549682617,0,0,RUN_FAIL,Kernel execution failed
fp16,101,127,512,s_64x64_k128_v3,6.8258210068283045,9.544610977172852,0,0,RUN_FAIL,Kernel execution failed
fp16,101,233,256,s_64x64_k128_v3,7.992379428053354,7.513284683227539,0,0,RUN_FAIL,Kernel execution failed
fp16,103,7,128,s_64x64_k32_v4,8.527852585125288,7.048130035400391,0,0,RUN_FAIL,Kernel execution failed
fp16,103,51,1024,s_64x64_k128_v3,6.531032910133579,16.593456268310547,0,0,RUN_FAIL,Kernel execution failed
fp16,103,117,512,s_64x64_k128_v3,7.1680518441060235,12.911319732666016,0,0,RUN_FAIL,Kernel execution failed
fp16,103,211,256,s_64x64_k128_v3,8.23164767869446,11.65151596069336,0,0,RUN_FAIL,Kernel execution failed
fp16,103,317,256,s_64x64_k128_v3,8.64132468249781,13.790130615234375,0,0,RUN_FAIL,Kernel execution failed
fp16,107,59,128,s_64x64_k32_v4,8.725080024546426,15.959978103637695,0,0,RUN_FAIL,Kernel execution failed
fp16,107,107,1024,s_64x64_k64_v4,7.259236480635439,16.392230987548828,0,0,RUN_FAIL,Kernel execution failed
fp16,107,191,512,s_64x64_k128_v3,8.135492119227377,7.136821746826172,0,0,RUN_FAIL,Kernel execution failed
fp16,107,299,256,s_64x64_k128_v3,8.652126379393634,7.133722305297852,0,0,RUN_FAIL,Kernel execution failed
fp16,109,41,128,s_64x64_k32_v4,8.621215053789422,16.303539276123047,0,0,RUN_FAIL,Kernel execution failed
fp16,109,97,1024,s_64x64_k64_v4,7.251058116784511,11.537790298461914,0,0,RUN_FAIL,Kernel execution failed
fp16,109,167,512,s_64x64_k128_v3,8.064345341676393,15.891551971435547,0,0,RUN_FAIL,Kernel execution failed
fp16,109,277,256,s_64x64_k128_v3,8.445393264100526,7.350921630859375,0,0,RUN_FAIL,Kernel execution failed
fp16,111,13,128,s_64x64_k32_v4,8.525594295575324,7.082700729370117,0,0,RUN_FAIL,Kernel execution failed
fp16,111,63,1024,s_64x64_k128_v3,6.607190213378475,7.143259048461914,0,0,RUN_FAIL,Kernel execution failed
fp16,111,123,512,s_64x64_k128_v3,7.225125892616571,13.38958740234375,0,0,RUN_FAIL,Kernel execution failed
fp16,111,229,256,s_64x64_k128_v3,8.521787691201904,103.04737091064453,0,0,RUN_FAIL,Kernel execution failed
fp16,113,5,128,s_64x64_k32_v4,8.722549819738324,15.46168327331543,0,0,RUN_FAIL,Kernel execution failed
fp16,113,47,1024,r_128x64_k64_v3,6.562475119223313,11.818885803222656,0,0,RUN_FAIL,Kernel execution failed
fp16,113,113,512,s_64x64_k128_v3,7.187712178636892,12.983322143554688,0,0,RUN_FAIL,Kernel execution failed
fp16,113,199,256,s_64x64_k128_v3,8.239265105594875,11.538505554199219,0,0,RUN_FAIL,Kernel execution failed
fp16,113,313,128,r_128x64_k64_v3,8.610134237435785,12.979507446289062,0,0,RUN_FAIL,Kernel execution failed
fp16,117,33,1024,s_64x64_k64_v4,9.075175434388951,12.030601501464844,0,0,RUN_FAIL,Kernel execution failed
fp16,117,103,1024,s_64x64_k64_v4,7.259913410951684,8.072376251220703,0,0,RUN_FAIL,Kernel execution failed
fp16,117,181,512,s_64x64_k128_v3,11.67465264024305,12.205839157104492,0,0,RUN_FAIL,Kernel execution failed
fp16,117,293,256,s_64x64_k128_v3,13.07474131722091,7.111072540283203,0,0,RUN_FAIL,Kernel execution failed
fp16,119,37,128,s_64x64_k32_v4,8.586426274720951,7.32421875,0,0,RUN_FAIL,Kernel execution failed
fp16,119,91,1024,s_64x64_k128_v3,7.631014617193776,10.809183120727539,0,0,RUN_FAIL,Kernel execution failed
fp16,119,163,512,s_64x64_k128_v3,8.580095303912826,11.813163757324219,0,0,RUN_FAIL,Kernel execution failed
fp16,119,271,256,s_64x64_k128_v3,13.415611500424506,11.568784713745117,0,0,RUN_FAIL,Kernel execution failed
fp16,121,23,128,s_64x64_k32_v4,8.648628772721443,13.440608978271484,0,0,RUN_FAIL,Kernel execution failed
fp16,121,77,1024,s_64x64_k128_v3,7.218918935651576,11.191844940185547,0,0,RUN_FAIL,Kernel execution failed
fp16,121,139,512,s_64x64_k128_v3,8.238830667396396,7.761955261230469,0,0,RUN_FAIL,Kernel execution failed
fp16,121,251,256,s_64x64_k128_v3,13.862337748748551,12.781381607055664,0,0,RUN_FAIL,Kernel execution failed
fp16,123,3,128,s_64x64_k32_v4,8.752134098045735,12.530803680419922,0,0,RUN_FAIL,Kernel execution failed
fp16,123,43,1024,s_64x64_k64_v4,9.019127082128223,13.408899307250977,0,0,RUN_FAIL,Kernel execution failed
fp16,123,111,512,s_64x64_k128_v3,7.583799625840799,12.986898422241211,0,0,RUN_FAIL,Kernel execution failed
fp16,123,197,256,s_64x64_k128_v3,8.729201474894582,13.200998306274414,0,0,RUN_FAIL,Kernel execution failed
fp16,123,311,128,s_64x64_k128_v3,9.34073434905137,14.651775360107422,0,0,RUN_FAIL,Kernel execution failed
fp16,127,31,1024,s_64x64_k64_v4,8.924427862455568,20.679235458374023,0,0,RUN_FAIL,Kernel execution failed
fp16,127,101,512,s_64x64_k128_v3,7.530872039809619,9.740829467773438,0,0,RUN_FAIL,Kernel execution failed
fp16,127,179,256,s_64x64_k128_v3,8.496866157398827,16.92342758178711,0,0,RUN_FAIL,Kernel execution failed
fp16,127,283,256,s_64x64_k128_v3,13.978632617994542,14.981985092163086,0,0,RUN_FAIL,Kernel execution failed
fp16,131,33,128,s_64x64_k32_v4,6.93813096258191,7.1506500244140625,0,0,RUN_FAIL,Kernel execution failed
fp16,131,89,1024,s_64x64_k128_v3,4.6359033001982235,11.596918106079102,0,0,RUN_FAIL,Kernel execution failed
fp16,131,157,512,s_64x64_k128_v3,7.4711967139140665,7.51805305480957,0,0,RUN_FAIL,Kernel execution failed
fp16,131,269,256,s_64x64_k128_v3,8.140450451199468,7.172822952270508,0,0,RUN_FAIL,Kernel execution failed
fp16,137,19,128,s_64x64_k32_v4,7.012712398595547,11.010169982910156,0,0,RUN_FAIL,Kernel execution failed
fp16,137,73,1024,s_64x64_k128_v3,4.607790828577003,15.819072723388672,0,0,RUN_FAIL,Kernel execution failed
fp16,137,137,512,s_64x64_k128_v3,5.59802373032234,7.236719131469727,0,0,RUN_FAIL,Kernel execution failed
fp16,137,241,256,s_64x64_k128_v3,8.114202646924515,12.833595275878906,0,0,RUN_FAIL,Kernel execution failed
fp16,139,11,128,s_64x64_k32_v4,7.363116883612271,11.66987419128418,0,0,RUN_FAIL,Kernel execution failed
fp16,139,61,1024,s_64x64_k128_v3,4.696900932808133,7.54547119140625,0,0,RUN_FAIL,Kernel execution failed
fp16,139,121,512,s_64x64_k128_v3,4.821004737052332,11.738300323486328,0,0,RUN_FAIL,Kernel execution failed
fp16,139,227,256,s_64x64_k128_v3,9.016849978771216,11.701345443725586,0,0,RUN_FAIL,Kernel execution failed
fp16,139,337,128,s_64x64_k128_v3,7.43956051329128,9.18889045715332,0,0,RUN_FAIL,Kernel execution failed
fp16,149,27,1024,s_64x64_k128_v3,8.464091339641527,11.717081069946289,0,0,RUN_FAIL,Kernel execution failed
fp16,149,99,512,s_64x64_k128_v3,6.500710156755446,6.929874420166016,0,0,RUN_FAIL,Kernel execution failed
fp16,149,173,256,s_64x64_k128_v3,7.44467699901949,13.854265213012695,0,0,RUN_FAIL,Kernel execution failed
fp16,149,281,128,s_64x64_k128_v3,8.745554691930932,11.914968490600586,0,0,RUN_FAIL,Kernel execution failed
fp16,151,15,1024,s_64x64_k64_v4,8.417992305974186,12.281656265258789,0,0,RUN_FAIL,Kernel execution failed
fp16,151,83,1024,s_64x64_k128_v3,6.554821097002,7.065296173095703,0,0,RUN_FAIL,Kernel execution failed
fp16,151,151,512,s_64x64_k128_v3,10.121126380169663,12.380123138427734,0,0,RUN_FAIL,Kernel execution failed
fp16,151,263,256,s_64x64_k128_v3,12.37512243262872,10.928153991699219,0,0,RUN_FAIL,Kernel execution failed
fp16,157,17,128,s_64x64_k32_v4,8.134866488555414,11.48843765258789,0,0,RUN_FAIL,Kernel execution failed
fp16,157,71,1024,s_64x64_k128_v3,6.658104397236417,12.712717056274414,0,0,RUN_FAIL,Kernel execution failed
fp16,157,131,512,s_64x64_k128_v3,11.229624766324656,15.051841735839844,0,0,RUN_FAIL,Kernel execution failed
fp16,157,239,256,s_64x64_k128_v3,12.647717018404588,11.643171310424805,0,0,RUN_FAIL,Kernel execution failed
fp16,163,9,128,s_64x64_k32_v4,8.389687110900638,12.908458709716797,0,0,RUN_FAIL,Kernel execution failed
fp16,163,59,1024,s_64x64_k128_v3,6.420396102619419,11.586427688598633,0,0,RUN_FAIL,Kernel execution failed
fp16,163,119,512,s_64x64_k128_v3,7.097509302163424,11.187314987182617,0,0,RUN_FAIL,Kernel execution failed
fp16,163,223,256,s_64x64_k128_v3,12.288692609599533,13.036012649536133,0,0,RUN_FAIL,Kernel execution failed
fp16,163,331,128,s_64x64_k128_v3,9.39727532704776,13.141155242919922,0,0,RUN_FAIL,Kernel execution failed
fp16,167,41,1024,s_64x64_k128_v3,6.6541260494390695,12.19940185546875,0,0,RUN_FAIL,Kernel execution failed
fp16,167,109,512,s_64x64_k128_v3,7.383904877174547,13.401508331298828,0,0,RUN_FAIL,Kernel execution failed
fp16,167,193,256,s_64x64_k128_v3,12.702819087192355,10.843276977539062,0,0,RUN_FAIL,Kernel execution failed
fp16,167,307,128,s_64x64_k128_v3,9.330729701106067,7.67064094543457,0,0,RUN_FAIL,Kernel execution failed
fp16,173,13,1024,s_64x64_k64_v4,9.037974509027183,9.792566299438477,0,0,RUN_FAIL,Kernel execution failed
fp16,173,79,512,s_64x64_k128_v3,6.901404970525728,13.069391250610352,0,0,RUN_FAIL,Kernel execution failed
fp16,173,149,256,s_64x64_k128_v3,7.998109003390866,16.004085540771484,0,0,RUN_FAIL,Kernel execution failed
fp16,173,257,256,s_64x64_k128_v3,13.37039719483708,12.869834899902344,0,0,RUN_FAIL,Kernel execution failed
fp16,179,15,128,s_64x64_k32_v4,8.729192760303281,17.29273796081543,0,0,RUN_FAIL,Kernel execution failed
fp16,179,67,1024,s_64x64_k64_v4,6.945351765542211,9.945154190063477,0,0,RUN_FAIL,Kernel execution failed
fp16,179,127,512,s_64x64_k128_v3,10.4729577829618,12.14599609375,0,0,RUN_FAIL,Kernel execution failed
fp16,179,233,256,s_64x64_k128_v3,13.300649972159743,8.108854293823242,0,0,RUN_FAIL,Kernel execution failed
fp16,181,7,128,s_64x64_k32_v4,9.004849346267529,13.5650634765625,0,0,RUN_FAIL,Kernel execution failed
fp16,181,51,1024,s_64x64_k128_v3,6.742490094096876,11.703729629516602,0,0,RUN_FAIL,Kernel execution failed
fp16,181,117,512,s_64x64_k128_v3,10.234694955969848,12.180566787719727,0,0,RUN_FAIL,Kernel execution failed
fp16,181,211,256,s_64x64_k128_v3,12.999138382784201,11.584281921386719,0,0,RUN_FAIL,Kernel execution failed
fp16,181,317,128,s_64x64_k128_v3,9.42190401544035,6.898641586303711,0,0,RUN_FAIL,Kernel execution failed
fp16,191,37,1024,s_64x64_k64_v4,9.193462813950632,8.057117462158203,0,0,RUN_FAIL,Kernel execution failed
fp16,191,107,512,s_64x64_k128_v3,7.876240295298258,12.028932571411133,0,0,RUN_FAIL,Kernel execution failed
fp16,191,191,256,s_64x64_k128_v3,12.953831340534435,7.814645767211914,0,0,RUN_FAIL,Kernel execution failed
fp16,191,299,128,s_64x64_k128_v3,10.083368603776792,12.752294540405273,0,0,RUN_FAIL,Kernel execution failed
fp16,193,23,1024,r_128x64_k64_v3,7.926453881160184,17.627954483032227,0,0,RUN_FAIL,Kernel execution failed
fp16,193,97,512,r_128x64_k64_v3,6.093001617167078,6.995439529418945,0,0,RUN_FAIL,Kernel execution failed
fp16,193,167,256,r_128x64_k64_v3,10.186315924736185,8.107662200927734,0,0,RUN_FAIL,Kernel execution failed
fp16,193,277,128,r_128x64_k64_v3,7.609080058947247,15.892505645751953,0,0,RUN_FAIL,Kernel execution failed
fp16,197,3,1024,r_128x64_k64_v3,7.71417995897046,15.584945678710938,0,0,RUN_FAIL,Kernel execution failed
fp16,197,63,1024,r_128x64_k64_v3,5.805803117119726,13.039588928222656,0,0,RUN_FAIL,Kernel execution failed
fp16,197,123,512,r_128x64_k64_v3,8.821465881576902,17.664432525634766,0,0,RUN_FAIL,Kernel execution failed
fp16,197,229,256,r_128x64_k64_v3,10.996819528598529,13.203144073486328,0,0,RUN_FAIL,Kernel execution failed
fp16,199,5,128,r_128x64_k64_v3,7.961222862086852,15.002965927124023,0,0,RUN_FAIL,Kernel execution failed
fp16,199,47,1024,r_128x64_k64_v3,5.825267287338897,13.327836990356445,0,0,RUN_FAIL,Kernel execution failed
fp16,199,113,512,r_128x64_k64_v3,8.810828743567797,12.096405029296875,0,0,RUN_FAIL,Kernel execution failed
fp16,199,199,256,r_128x64_k64_v3,10.648414955047727,11.360645294189453,0,0,RUN_FAIL,Kernel execution failed
fp16,199,313,128,r_128x64_k64_v3,11.233341784162231,7.297754287719727,0,0,RUN_FAIL,Kernel execution failed
fp16,211,33,1024,s_64x64_k128_v3,8.889644317509383,7.807731628417969,0,0,RUN_FAIL,Kernel execution failed
fp16,211,103,512,r_128x64_k64_v3,6.824407836556722,11.751651763916016,0,0,RUN_FAIL,Kernel execution failed
fp16,211,181,256,r_128x64_k64_v3,10.991369587976918,11.809825897216797,0,0,RUN_FAIL,Kernel execution failed
fp16,211,293,128,s_64x64_k128_v3,12.88442478457368,98.98257255554199,0,0,RUN_FAIL,Kernel execution failed
fp16,223,19,1024,s_64x64_k128_v3,9.154714211374069,12.166738510131836,0,0,RUN_FAIL,Kernel execution failed
fp16,223,91,512,s_64x64_k128_v3,6.866051249363584,12.305021286010742,0,0,RUN_FAIL,Kernel execution failed
fp16,223,163,256,s_64x64_k128_v3,11.637683076367392,11.811256408691406,0,0,RUN_FAIL,Kernel execution failed
fp16,223,271,128,s_64x64_k128_v3,13.262459139470218,11.947393417358398,0,0,RUN_FAIL,Kernel execution failed
fp16,227,11,1024,s_64x64_k64_v4,9.356858962488088,13.140678405761719,0,0,RUN_FAIL,Kernel execution failed
fp16,227,77,512,s_64x64_k128_v3,6.8671475783907505,7.839202880859375,0,0,RUN_FAIL,Kernel execution failed
fp16,227,139,256,s_64x64_k128_v3,11.575218535822332,12.090206146240234,0,0,RUN_FAIL,Kernel execution failed
fp16,227,251,256,s_64x64_k128_v3,13.81909919742635,12.852907180786133,0,0,RUN_FAIL,Kernel execution failed
fp16,229,3,128,s_64x64_k32_v4,8.656518935119973,11.633872985839844,0,0,RUN_FAIL,Kernel execution failed
fp16,229,43,1024,s_64x64_k128_v3,6.841856617699799,12.101888656616211,0,0,RUN_FAIL,Kernel execution failed
fp16,229,111,512,s_64x64_k128_v3,10.254545052434082,7.83848762512207,0,0,RUN_FAIL,Kernel execution failed
fp16,229,197,256,s_64x64_k128_v3,13.064542964797251,7.142066955566406,0,0,RUN_FAIL,Kernel execution failed
fp16,229,311,128,s_64x64_k128_v3,14.349611854631414,7.304906845092773,0,0,RUN_FAIL,Kernel execution failed
fp16,233,31,1024,s_64x64_k64_v4,10.004460794322343,11.846780776977539,0,0,RUN_FAIL,Kernel execution failed
fp16,233,101,512,s_64x64_k128_v3,10.523992549727849,13.591766357421875,0,0,RUN_FAIL,Kernel execution failed
fp16,233,179,256,s_64x64_k128_v3,12.603386535737306,11.861801147460938,0,0,RUN_FAIL,Kernel execution failed
fp16,233,283,128,s_64x64_k128_v3,14.304002340450667,13.654232025146484,0,0,RUN_FAIL,Kernel execution failed
fp16,239,17,1024,s_64x64_k64_v4,9.760050750230171,11.640787124633789,0,0,RUN_FAIL,Kernel execution failed
fp16,239,89,512,s_64x64_k128_v3,7.280256193509172,10.967493057250977,0,0,RUN_FAIL,Kernel execution failed
fp16,239,157,256,s_64x64_k128_v3,12.614111586965507,16.063213348388672,0,0,RUN_FAIL,Kernel execution failed
fp16,239,269,128,s_64x64_k128_v3,14.13482534049116,13.175725936889648,0,0,RUN_FAIL,Kernel execution failed
fp16,241,9,1024,s_64x64_k64_v4,9.883031149086417,12.388467788696289,0,0,RUN_FAIL,Kernel execution failed
fp16,241,73,512,s_64x64_k128_v3,7.218963167152523,12.987375259399414,0,0,RUN_FAIL,Kernel execution failed
fp16,241,137,256,s_64x64_k128_v3,12.18770046155532,8.030891418457031,0,0,RUN_FAIL,Kernel execution failed
fp16,241,241,128,s_64x64_k128_v3,13.721582462840159,15.740394592285156,0,0,RUN_FAIL,Kernel execution failed
fp16,241,331,1024,s_64x64_k64_v4,50.73741390457647,15.818595886230469,0,0,RUN_FAIL,Kernel execution failed
fp16,251,61,1024,s_64x64_k128_v3,7.613173351331391,12.946128845214844,0,0,RUN_FAIL,Kernel execution failed
fp16,251,121,512,s_64x64_k128_v3,11.28224732188448,7.400274276733398,0,0,RUN_FAIL,Kernel execution failed
fp16,251,227,256,s_64x64_k128_v3,15.197612208455254,11.559009552001953,0,0,RUN_FAIL,Kernel execution failed
fp16,251,337,128,s_64x64_k128_v3,18.305337886938332,14.85443115234375,0,0,RUN_FAIL,Kernel execution failed
fp16,257,27,1024,s_64x64_k64_v4,7.420119096774261,7.833242416381836,0,0,RUN_FAIL,Kernel execution failed
fp16,257,99,512,s_64x64_k128_v3,6.133436320774958,6.924629211425781,0,0,RUN_FAIL,Kernel execution failed
fp16,257,173,256,s_64x64_k128_v3,7.674716615260827,10.920524597167969,0,0,RUN_FAIL,Kernel execution failed
fp16,257,281,128,s_64x64_k128_v3,9.38257578886399,11.723995208740234,0,0,RUN_FAIL,Kernel execution failed
fp16,263,15,1024,s_64x64_k64_v4,7.754061644312179,15.873908996582031,0,0,RUN_FAIL,Kernel execution failed
fp16,263,83,512,s_64x64_k128_v3,4.7048474595382155,7.887601852416992,0,0,RUN_FAIL,Kernel execution failed
fp16,263,151,256,s_64x64_k128_v3,8.793107352651198,13.412714004516602,0,0,RUN_FAIL,Kernel execution failed
fp16,263,263,128,s_64x64_k128_v3,10.722799762849705,11.739253997802734,0,0,RUN_FAIL,Kernel execution failed
fp16,269,7,1024,s_64x64_k64_v4,7.814189446075329,7.07244873046875,0,0,RUN_FAIL,Kernel execution failed
fp16,269,71,512,s_64x64_k128_v3,4.9835277803824605,17.180919647216797,0,0,RUN_FAIL,Kernel execution failed
fp16,269,131,256,s_64x64_k128_v3,9.210066247819082,12.100934982299805,0,0,RUN_FAIL,Kernel execution failed
fp16,269,239,128,s_64x64_k128_v3,10.751430224526956,15.34271240234375,0,0,RUN_FAIL,Kernel execution failed
fp16,269,317,1024,s_64x64_k128_v3,47.03867660958536,11.889934539794922,0,0,RUN_FAIL,Kernel execution failed
fp16,271,59,512,s_64x64_k128_v3,4.81395234136911,11.610269546508789,0,0,RUN_FAIL,Kernel execution failed
fp16,271,119,256,s_64x64_k128_v3,6.416526113925475,15.616416931152344,0,0,RUN_FAIL,Kernel execution failed
fp16,271,223,256,s_64x64_k128_v3,11.063397716845577,13.223409652709961,0,0,RUN_FAIL,Kernel execution failed
fp16,271,331,128,s_64x64_k128_v3,12.462786248575409,6.93202018737793,0,0,RUN_FAIL,Kernel execution failed
fp16,277,41,1024,s_64x64_k128_v3,6.36282990836077,11.684656143188477,0,0,RUN_FAIL,Kernel execution failed
fp16,277,109,512,s_64x64_k128_v3,8.694768627651484,12.143135070800781,0,0,RUN_FAIL,Kernel execution failed
fp16,277,193,256,s_64x64_k128_v3,12.470751688062991,11.00778579711914,0,0,RUN_FAIL,Kernel execution failed
fp16,277,307,128,s_64x64_k128_v3,14.499555306305062,16.058921813964844,0,0,RUN_FAIL,Kernel execution failed
fp16,281,13,1024,s_64x64_k64_v4,9.135762166860816,11.994600296020508,0,0,RUN_FAIL,Kernel execution failed
fp16,281,79,512,s_64x64_k128_v3,6.690364531886385,12.765645980834961,0,0,RUN_FAIL,Kernel execution failed
fp16,281,149,256,s_64x64_k128_v3,11.827677865341899,11.608362197875977,0,0,RUN_FAIL,Kernel execution failed
fp16,281,257,128,s_64x64_k128_v3,13.942377164564096,11.63482666015625,0,0,RUN_FAIL,Kernel execution failed
fp16,283,5,1024,s_64x64_k64_v4,8.977682798126024,35.158395767211914,0,0,RUN_FAIL,Kernel execution failed
fp16,283,67,512,s_64x64_k128_v3,6.939885080342228,70.46318054199219,0,0,RUN_FAIL,Kernel execution failed
fp16,283,127,256,s_64x64_k128_v3,10.316382815578873,16.171693801879883,0,0,RUN_FAIL,Kernel execution failed
fp16,283,233,128,s_64x64_k128_v3,13.906649060804211,11.730432510375977,0,0,RUN_FAIL,Kernel execution failed
fp16,283,313,1024,s_64x64_k128_v3,50.369322900391396,8.224964141845703,0,0,RUN_FAIL,Kernel execution failed
fp16,293,51,512,s_64x64_k128_v3,6.674465633887052,13.129949569702148,0,0,RUN_FAIL,Kernel execution failed
fp16,293,117,256,s_64x64_k128_v3,10.292601871426907,11.721372604370117,0,0,RUN_FAIL,Kernel execution failed
fp16,293,211,128,s_64x64_k128_v3,13.46258349631779,7.681131362915039,0,0,RUN_FAIL,Kernel execution failed
fp16,293,293,1024,s_64x64_k128_v3,50.179763581563165,11.010169982910156,0,0,RUN_FAIL,Kernel execution failed
fp16,299,37,1024,s_64x64_k128_v3,7.216108975957316,7.331371307373047,0,0,RUN_FAIL,Kernel execution failed
fp16,299,107,512,s_64x64_k128_v3,10.967095914546883,13.725042343139648,0,0,RUN_FAIL,Kernel execution failed
fp16,299,191,256,s_64x64_k128_v3,13.430511852404367,12.599468231201172,0,0,RUN_FAIL,Kernel execution failed
fp16,299,299,128,s_64x64_k128_v3,15.889480070961069,12.239933013916016,0,0,RUN_FAIL,Kernel execution failed
fp16,307,23,1024,s_64x64_k64_v4,9.878065666679388,11.766433715820312,0,0,RUN_FAIL,Kernel execution failed
fp16,307,97,512,s_64x64_k128_v3,10.963685569249611,12.931585311889648,0,0,RUN_FAIL,Kernel execution failed
fp16,307,167,256,s_64x64_k128_v3,13.427528950869007,11.676311492919922,0,0,RUN_FAIL,Kernel execution failed
fp16,307,277,128,s_64x64_k32_v4,15.552529084687787,11.495828628540039,0,0,RUN_FAIL,Kernel execution failed
fp16,311,3,1024,s_64x64_k64_v4,9.540637375991377,14.792203903198242,0,0,RUN_FAIL,Kernel execution failed
fp16,311,63,512,s_64x64_k128_v3,7.520324185459433,7.217645645141602,0,0,RUN_FAIL,Kernel execution failed
fp16,311,123,256,s_64x64_k128_v3,11.366777673391837,11.647462844848633,0,0,RUN_FAIL,Kernel execution failed
fp16,311,229,128,s_64x64_k128_v3,15.33981591996323,13.069391250610352,0,0,RUN_FAIL,Kernel execution failed
fp16,311,311,1024,s_64x64_k128_v3,52.31170414309236,11.695146560668945,0,0,RUN_FAIL,Kernel execution failed
fp16,313,47,512,s_64x64_k128_v3,7.520106448518981,15.608787536621094,0,0,RUN_FAIL,Kernel execution failed
fp16,313,113,256,s_64x64_k128_v3,11.30160697230396,11.158466339111328,0,0,RUN_FAIL,Kernel execution failed
fp16,313,199,128,s_64x64_k128_v3,14.34506035344413,21.152019500732422,0,0,RUN_FAIL,Kernel execution failed
fp16,313,283,1024,s_64x64_k64_v4,52.26769285150405,11.547565460205078,0,0,RUN_FAIL,Kernel execution failed
fp16,317,33,512,s_64x64_k128_v3,9.769976678445152,12.886524200439453,0,0,RUN_FAIL,Kernel execution failed
fp16,317,103,256,s_64x64_k128_v3,8.061375836163771,7.040739059448242,0,0,RUN_FAIL,Kernel execution failed
fp16,317,181,256,s_64x64_k128_v3,14.038672496610092,8.136510848999023,0,0,RUN_FAIL,Kernel execution failed
fp16,317,293,128,s_64x64_k128_v3,16.835924193345566,11.635303497314453,0,0,RUN_FAIL,Kernel execution failed
fp16,331,19,1024,r_128x64_k64_v3,8.65436970780861,11.950492858886719,0,0,RUN_FAIL,Kernel execution failed
fp16,331,91,512,r_128x64_k64_v3,9.254263457295345,11.696577072143555,0,0,RUN_FAIL,Kernel execution failed
fp16,331,163,256,r_128x64_k64_v3,11.295101486720576,11.063337326049805,0,0,RUN_FAIL,Kernel execution failed
fp16,331,271,128,r_128x64_k64_v3,12.712390563620069,15.527725219726562,0,0,RUN_FAIL,Kernel execution failed
fp16,337,11,1024,r_128x64_k64_v3,8.623679540057083,11.636495590209961,0,0,RUN_FAIL,Kernel execution failed
fp16,337,77,512,r_128x64_k64_v3,6.712576920609177,10.955810546875,0,0,RUN_FAIL,Kernel execution failed
fp16,337,139,256,r_128x64_k64_v3,10.983286659819512,12.980461120605469,0,0,RUN_FAIL,Kernel execution failed
fp16,337,251,128,s_64x64_k128_v3,12.75016021803769,12.080669403076172,0,0,RUN_FAIL,Kernel execution failed
fp16,337,337,1024,s_64x64_k128_v3,54.8138438679579,12.628555297851562,0,0,RUN_FAIL,Kernel execution failed
fp16,5,5,64,s_64x64_k32_v4,6.66450174428906,38.33603858947754,0,0,RUN_FAIL,Kernel execution failed
fp16,7,64,7,s_64x64_k32_v4,6.955638178270493,9.963512420654297,0,0,RUN_FAIL,Kernel execution failed
fp16,64,9,9,s_64x64_k32_v4,8.375300221147846,18.126726150512695,0,0,RUN_FAIL,Kernel execution failed
fp16,11,128,11,s_64x64_k32_v4,7.383069118658227,14.999866485595703,0,0,RUN_FAIL,Kernel execution failed
fp16,128,13,13,r_64x128_k64_v3,8.40779262836069,12.359142303466797,0,0,RUN_FAIL,Kernel execution failed
fp16,15,256,15,s_64x64_k32_v4,7.991834581506283,12.313365936279297,0,0,RUN_FAIL,Kernel execution failed
fp16,256,17,17,s_64x64_k32_v4,9.158391758829579,16.396284103393555,0,0,RUN_FAIL,Kernel execution failed
fp16,19,512,19,s_64x64_k32_v4,9.18043691532467,16.267776489257812,0,0,RUN_FAIL,Kernel execution failed
fp16,23,1024,23,s_64x64_k32_v4,10.670176294582294,15.9759521484375,0,0,RUN_FAIL,Kernel execution failed
fp16,1024,27,27,s_64x64_k32_v4,10.702219629622265,11.95979118347168,0,0,RUN_FAIL,Kernel execution failed
fp16,31,31,2048,s_64x64_k64_v4,2.426220348753697,12.43138313293457,0,0,RUN_FAIL,Kernel execution failed
fp16,33,2048,33,s_64x64_k128_mem,11.623977542385644,11.739492416381836,0,0,RUN_FAIL,Kernel execution failed
fp16,2048,37,37,s_64x64_k64_mem,11.22292861005197,9.042024612426758,0,0,RUN_FAIL,Kernel execution failed
fp16,43,43,64,s_64x64_k32_v4,8.606660054454746,12.94565200805664,0,0,RUN_FAIL,Kernel execution failed
fp16,47,64,47,s_64x64_k32_v4,8.638810423460713,12.124061584472656,0,0,RUN_FAIL,Kernel execution failed
fp16,64,51,51,s_64x64_k32_v4,8.691500195039103,13.846874237060547,0,0,RUN_FAIL,Kernel execution failed
fp16,59,128,59,s_64x64_k32_v4,8.968524983725935,14.017343521118164,0,0,RUN_FAIL,Kernel execution failed
fp16,128,61,61,s_64x64_k32_v4,8.527274398342598,14.991521835327148,0,0,RUN_FAIL,Kernel execution failed
fp16,63,256,63,s_64x64_k32_v4,9.87711712137563,11.698246002197266,0,0,RUN_FAIL,Kernel execution failed
fp16,256,67,67,s_64x64_k128_v3,9.139713109784834,11.900186538696289,0,0,RUN_FAIL,Kernel execution failed
fp16,71,512,71,r_128x64_k32_v3,8.44466197043755,12.650251388549805,0,0,RUN_FAIL,Kernel execution failed
fp16,512,73,73,s_64x64_k128_v3,7.996640248657596,11.652231216430664,0,0,RUN_FAIL,Kernel execution failed
fp16,77,1024,77,r_128x64_k64_v3,12.746768315123923,15.766382217407227,0,0,RUN_FAIL,Kernel execution failed
fp16,1024,79,79,s_64x64_k128_v3,9.067221178386799,8.922338485717773,0,0,RUN_FAIL,Kernel execution failed
fp16,83,83,2048,s_64x64_k64_v4,6.338406191549546,11.76142692565918,0,0,RUN_FAIL,Kernel execution failed
fp16,89,2048,89,s_64x64_k128_mem,28.511224813207487,11.760473251342773,0,0,RUN_FAIL,Kernel execution failed
fp16,2048,91,91,s_64x64_k128_v3,10.552943214089446,13.01717758178711,0,0,RUN_FAIL,Kernel execution failed
fp16,99,64,99,r_128x64_k64_v3,8.490819995322443,13.181924819946289,0,0,RUN_FAIL,Kernel execution failed
fp16,64,101,101,s_64x64_k32_v4,8.630005444543869,13.077974319458008,0,0,RUN_FAIL,Kernel execution failed
fp16,103,128,103,s_64x64_k128_v3,6.887543894343496,11.770963668823242,0,0,RUN_FAIL,Kernel execution failed
fp16,128,107,107,s_64x64_k128_v3,7.29505440952225,8.235931396484375,0,0,RUN_FAIL,Kernel execution failed
fp16,109,256,109,r_128x64_k64_v3,8.532786850456016,12.253522872924805,0,0,RUN_FAIL,Kernel execution failed
fp16,256,111,111,s_64x64_k128_v3,7.8149054249380985,12.011528015136719,0,0,RUN_FAIL,Kernel execution failed
fp16,113,512,113,s_64x64_k128_v3,12.264566521699011,6.961345672607422,0,0,RUN_FAIL,Kernel execution failed
fp16,512,117,117,s_64x64_k128_v3,8.490451676210672,15.88892936706543,0,0,RUN_FAIL,Kernel execution failed
fp16,119,1024,119,s_64x64_k128_v3,17.85725946767657,13.839483261108398,0,0,RUN_FAIL,Kernel execution failed
fp16,1024,121,121,s_64x64_k32_v4,9.478203313936625,11.901140213012695,0,0,RUN_FAIL,Kernel execution failed
fp16,123,123,2048,s_64x64_k64_v4,8.030676842923084,16.321659088134766,0,0,RUN_FAIL,Kernel execution failed
fp16,127,2048,127,s_64x64_k128_v3,32.34418294348844,15.792131423950195,0,0,RUN_FAIL,Kernel execution failed
fp16,2048,131,131,s_64x64_k32_v4,16.258291071348083,11.52181625366211,0,0,RUN_FAIL,Kernel execution failed
fp16,139,139,64,s_64x64_k128_v3,5.725582445170318,11.736392974853516,0,0,RUN_FAIL,Kernel execution failed
fp16,149,64,149,s_64x64_k128_v3,5.640274700484302,11.558294296264648,0,0,RUN_FAIL,Kernel execution failed
fp16,64,151,151,s_64x64_k32_v4,7.291832065716057,11.768341064453125,0,0,RUN_FAIL,Kernel execution failed
fp16,157,128,157,s_64x64_k32_v4,6.675957758961802,11.678218841552734,0,0,RUN_FAIL,Kernel execution failed
fp16,128,163,163,s_64x64_k64_v4,8.040648068575655,11.738300323486328,0,0,RUN_FAIL,Kernel execution failed
fp16,167,256,167,s_64x64_k128_v3,12.917562728765168,11.958122253417969,0,0,RUN_FAIL,Kernel execution failed
fp16,173,512,173,s_64x64_k64_mem,20.049771528723397,11.491060256958008,0,0,RUN_FAIL,Kernel execution failed
fp16,512,179,179,s_64x64_k32_v4,15.415672889934509,11.754035949707031,0,0,RUN_FAIL,Kernel execution failed
fp16,181,1024,181,s_64x64_k64_mem,32.55055604556679,15.73801040649414,0,0,RUN_FAIL,Kernel execution failed
fp16,1024,191,191,s_64x64_k32_v4,16.463076430305026,13.182401657104492,0,0,RUN_FAIL,Kernel execution failed
fp16,193,193,2048,r_128x64_k64_v3,9.59635302285526,11.64102554321289,0,0,RUN_FAIL,Kernel execution failed
fp16,197,2048,197,s_64x64_k128_v3,47.11398110628948,11.29293441772461,0,0,RUN_FAIL,Kernel execution failed
fp16,2048,199,199,s_64x64_k128_v3,17.283859031070698,13.22793960571289,0,0,RUN_FAIL,Kernel execution failed
fp16,223,223,64,s_64x64_k128_v3,8.583132246747638,13.1683349609375,0,0,RUN_FAIL,Kernel execution failed
fp16,227,64,227,s_64x64_k128_v3,6.494696707450898,13.189315795898438,0,0,RUN_FAIL,Kernel execution failed
fp16,64,229,229,s_64x64_k128_v3,8.360510556809789,17.47894287109375,0,0,RUN_FAIL,Kernel execution failed
fp16,233,128,233,s_64x64_k128_v3,7.570065544387887,13.320684432983398,0,0,RUN_FAIL,Kernel execution failed
fp16,128,239,239,s_64x64_k128_v3,13.862337748748551,14.281988143920898,0,0,RUN_FAIL,Kernel execution failed
fp16,241,256,241,s_64x64_k128_v3,14.290228352419135,12.269020080566406,0,0,RUN_FAIL,Kernel execution failed
fp16,256,251,251,s_64x64_k128_v3,15.350342718484045,13.25225830078125,0,0,RUN_FAIL,Kernel execution failed
fp16,257,512,257,s_64x64_k64_v4,8.520761507259756,17.384767532348633,0,0,RUN_FAIL,Kernel execution failed
fp16,512,263,263,s_64x64_k64_v4,16.081613045621282,7.604360580444336,0,0,RUN_FAIL,Kernel execution failed
fp16,269,1024,269,s_64x64_k128_v3,20.26698501775449,8.278131484985352,0,0,RUN_FAIL,Kernel execution failed
fp16,1024,271,271,s_64x64_k32_v4,17.242467544778982,13.052940368652344,0,0,RUN_FAIL,Kernel execution failed
fp16,277,277,2048,s_64x64_k64_v4,51.59169273051305,8.502960205078125,0,0,RUN_FAIL,Kernel execution failed
fp16,2048,281,281,s_64x64_k128_v3,119.93618266082885,11.90805435180664,0,0,RUN_FAIL,Kernel execution failed
fp16,293,293,64,s_64x64_k128_v3,9.773656244556243,10.732173919677734,0,0,RUN_FAIL,Kernel execution failed
fp16,299,64,299,s_64x64_k64_v4,6.89716535741596,12.212991714477539,0,0,RUN_FAIL,Kernel execution failed
fp16,64,307,307,s_64x64_k128_v3,8.49937793224451,12.903213500976562,0,0,RUN_FAIL,Kernel execution failed
fp16,311,128,311,s_64x64_k128_v3,11.285454793375463,13.12112808227539,0,0,RUN_FAIL,Kernel execution failed
fp16,128,313,313,s_64x64_k128_v3,13.94777394277274,15.5181884765625,0,0,RUN_FAIL,Kernel execution failed
fp16,317,256,317,s_64x64_k128_v3,15.397374738835225,11.789798736572266,0,0,RUN_FAIL,Kernel execution failed
fp16,256,331,331,s_64x64_k128_v3,17.972850894319905,13.082265853881836,0,0,RUN_FAIL,Kernel execution failed
fp16,337,512,337,s_64x64_k128_v3,62.64483101299866,11.520624160766602,0,0,RUN_FAIL,Kernel execution failed
fp16,256,347,347,s_64x64_k128_v3,18.69723063627268,13.249874114990234,0,0,RUN_FAIL,Kernel execution failed
fp16,128,349,349,s_64x64_k128_v3,15.755254142152022,12.024402618408203,0,0,RUN_FAIL,Kernel execution failed
fp16,64,353,353,s_64x64_k128_v3,9.981208015773236,7.071971893310547,0,0,RUN_FAIL,Kernel execution failed
fp16,2048,353,353,s_64x64_k128_v3,131.1491665711219,10.821342468261719,0,0,RUN_FAIL,Kernel execution failed
fp16,1024,359,359,s_64x64_k128_v3,91.57921362222623,6.843805313110352,0,0,RUN_FAIL,Kernel execution failed
fp16,512,367,367,s_64x64_k64_v4,73.241668027139,6.906747817993164,0,0,RUN_FAIL,Kernel execution failed
fp16,256,373,373,s_64x64_k64_v4,18.274842835641234,15.74850082397461,0,0,RUN_FAIL,Kernel execution failed
fp16,128,379,379,s_64x64_k128_v3,16.46043375019081,10.752201080322266,0,0,RUN_FAIL,Kernel execution failed
fp16,64,383,383,s_64x64_k128_v3,10.350475806795181,15.397787094116211,0,0,RUN_FAIL,Kernel execution failed
fp16,2048,383,383,s_64x64_k128_v3,135.71910229010672,8.607625961303711,0,0,RUN_FAIL,Kernel execution failed
fp16,389,389,2048,s_64x64_k128_mem,72.3787157441725,13.991117477416992,0,0,RUN_FAIL,Kernel execution failed
fp16,397,397,1024,s_64x64_k128_v3,65.45420263203121,12.933731079101562,0,0,RUN_FAIL,Kernel execution failed
fp16,401,401,512,s_64x64_k128_v3,62.768308129646925,11.69586181640625,0,0,RUN_FAIL,Kernel execution failed
fp16,409,409,256,s_64x64_k64_v4,15.74027101451817,12.169122695922852,0,0,RUN_FAIL,Kernel execution failed
fp16,419,419,128,s_64x64_k32_v4,17.507543254808624,106.31632804870605,0,0,RUN_FAIL,Kernel execution failed
fp16,421,421,64,s_64x64_k64_mem,11.049262638618657,7.089138031005859,0,0,RUN_FAIL,Kernel execution failed
fp16,421,421,2048,s_64x64_k128_mem,86.02351485872924,8.265495300292969,0,0,RUN_FAIL,Kernel execution failed
fp16,431,431,1024,s_64x64_k128_mem,76.12587196780731,12.404441833496094,0,0,RUN_FAIL,Kernel execution failed
fp16,433,433,512,s_64x64_k64_v4,72.68098897532842,12.070178985595703,0,0,RUN_FAIL,Kernel execution failed
fp16,439,439,256,s_64x64_k64_v4,20.194732253517437,15.05732536315918,0,0,RUN_FAIL,Kernel execution failed
fp16,443,443,128,s_64x64_k32_v4,20.503144838304923,11.971712112426758,0,0,RUN_FAIL,Kernel execution failed
fp16,449,449,64,r_128x64_k64_v3,10.424589760615888,11.80577278137207,0,0,RUN_FAIL,Kernel execution failed
fp16,449,449,2048,s_64x64_k128_v3,70.08583027027751,15.630006790161133,0,0,RUN_FAIL,Kernel execution failed
fp16,457,457,1024,s_64x64_k128_v3,67.66959121251391,12.850046157836914,0,0,RUN_FAIL,Kernel execution failed
fp16,201,402,201,r_128x64_k64_v3,11.780920353785303,7.239103317260742,0,0,RUN_FAIL,Kernel execution failed
fp16,501,1002,501,s_64x64_k128_v3,116.3420140460559,12.215852737426758,0,0,RUN_FAIL,Kernel execution failed
fp16,1023,2046,1023,s_64x64_k64_v4,436.9652471199418,13.085603713989258,0,0,RUN_FAIL,Kernel execution failed
fp16,1777,3554,1777,m_128x128_k64_v3,566.7307479717838,12.106657028198242,0,0,RUN_FAIL,Kernel execution failed
fp16,2222,4444,2222,m_128x128_k64_v3,724.916714712834,12.383460998535156,0,0,RUN_FAIL,Kernel execution failed
fp16,7158,3579,3579,m_128x128_k64_v3,1115.4186871357408,12.46190071105957,0,0,RUN_FAIL,Kernel execution failed
fp16,8,1024,1024,s_64x64_k128_v3,3.222898341069806,12.201786041259766,0.012304099276661873,1.363546865378649,SUCCESS,
fp16,4,3072,3072,s_64x64_k128_v3,3.5607166859780732,13.151168823242188,0.03093630075454712,2.4404169263483495,SUCCESS,
fp16,8,4096,4096,s_64x64_k128_mem,5.978052935648012,11.883258819580078,0.045860402286052704,5.853316643967554,SUCCESS,
fp16,1,5120,5120,s_64x64_k128_v3,2.3805812198263196,8.965492248535156,0.0574445016682148,0.9126861314389279,SUCCESS,
fp16,32,5120,5120,s_64x64_k128_mem,43.18240275160416,12.433528900146484,0.05759250000119209,29.130904196992198,SUCCESS,
fp16,4,8192,8192,s_64x64_k128_mem,5.749100302112051,11.513233184814453,0.08920879662036896,6.01813870760607,SUCCESS,
fp16,128,8192,8192,s_64x64_k64_mem,472.30508402982144,12.528181076049805,0.09418089687824249,182.4135228422194,SUCCESS,
fp16,16,11008,11008,s_64x64_k128_mem,14.202492004612154,9.984970092773438,0.12332520633935928,31.4423479440995,SUCCESS,
fp16,2,12288,12288,s_64x64_k128_mem,6.411373539142447,11.894702911376953,0.18840579688549042,3.205738814751479,SUCCESS,
fp16,64,12288,12288,s_64x64_k128_mem,129.70933043984374,16.009092330932617,0.19021379947662354,101.60857353766937,SUCCESS,
fp16,8,16384,16384,s_64x64_k128_mem,18.339129596952255,12.889385223388672,0.24864640831947327,17.273393671874853,SUCCESS,
fp16,128,512,64,s_64x64_k128_v3,13.717311680138915,13.225078582763672,0.0038040000945329666,2.20520709556657,SUCCESS,
fp16,128,80,2560,s_64x64_k64_v4,7.701359295407916,11.873483657836914,0.026632199063897133,1.968624516293624,SUCCESS,
fp16,128,4096,128,s_64x64_k64_mem,68.34980209138767,17.073392868041992,0.004292000085115433,31.271604226072665,SUCCESS,
fp16,256,64,1024,s_64x64_k128_v3,7.61708183589662,14.226913452148438,0.012256099842488766,2.737774041598075,SUCCESS,
fp16,256,1536,96,s_64x64_k128_mem,61.62812322906663,12.611627578735352,0.003900000127032399,19.358325523298834,SUCCESS,
fp16,256,256,3072,s_64x64_k64_v4,41.75792929988727,7.142782211303711,0.031344301998615265,12.846136564718796,SUCCESS,
fp16,512,960,80,s_64x64_k128_v3,35.821019968003476,13.19575309753418,0.003924000076949596,20.04158982105192,SUCCESS,
fp16,512,1536,128,s_64x64_k128_v3,60.94598214614275,96.13370895385742,0.004395999945700169,45.79767845468749,SUCCESS,
fp16,1024,64,512,s_64x64_k64_v4,9.09033856107257,11.818885803222656,0.007660000119358301,8.760948166358762,SUCCESS,
fp16,1024,768,96,s_64x64_k128_v3,30.30993571055351,12.555122375488281,0.004040000028908253,37.37498587117685,SUCCESS,
fp16,1024,128,4096,s_64x64_k64_v4,17.48753488170868,12.601613998413086,0.04054040089249611,26.485722892758716,SUCCESS,
fp16,2048,2048,64,s_64x64_k128_v3,38.39535701877171,11.708259582519531,0.00648800004273653,82.74829045370302,SUCCESS,
fp16,2048,96,1536,s_64x64_k128_v3,17.65523165689436,13.133525848388672,0.017284099012613297,34.94424416101978,SUCCESS,
fp16,2048,4096,256,m_128x128_k64_v3,399.25382731245054,12.909412384033203,0.016892099753022194,254.25893517066046,SUCCESS,
fp16,4096,80,960,s_64x64_k128_v3,17.484572587318066,14.35542106628418,0.011940100230276585,52.691818985293914,SUCCESS,
fp16,4096,1536,128,s_64x64_k64_mem,84.81718265545457,7.337093353271484,0.010092100128531456,159.59143443757796,SUCCESS,
fp16,8192,64,512,s_64x64_k128_v3,13.191701511518922,6.985187530517578,0.007611999753862619,70.5295493116078,SUCCESS,
fp16,8192,768,96,s_64x64_k64_mem,44.193670636302016,12.127399444580078,0.008952000178396702,134.93739141282555,SUCCESS,
fp16,8192,128,4096,s_64x64_k128_v3,38.82246996964644,12.902021408081055,0.049492400139570236,173.56067937251166,SUCCESS,
fp16,64,256,2048,s_64x64_k64_v4,9.108351990207616,14.273881912231445,0.021868200972676277,3.068787600948551,SUCCESS,
fp16,128,256,128,s_64x64_k128_v3,9.269450194447877,12.120485305786133,0.004436000250279903,1.8910296498451944,SUCCESS,
fp16,256,128,8192,s_64x64_k128_mem,11.92305229287875,10.12277603149414,0.077776700258255,6.902721640508501,SUCCESS,
fp16,512,128,8192,s_64x64_k128_mem,14.752592757139507,11.85297966003418,0.07798470556735992,13.76862060564615,SUCCESS,
fp16,1024,256,512,s_64x64_k128_v3,79.34637711617152,7.294416427612305,0.008071999996900558,33.255135790767135,SUCCESS,
fp16,2048,512,128,s_64x64_k128_v3,28.400116116318994,10.918617248535156,0.004468000028282404,60.07955557314362,SUCCESS,
fp16,1024,1024,16384,s_64x64_k64_mem,506.0666875929965,13.083934783935547,0.1726296991109848,199.03723719004972,SUCCESS,
fp16,1,2,32,r_64x128_k64_v3,4.44367395594683,13.138055801391602,0,0,RUN_FAIL,Kernel execution failed
fp16,1,16,32,r_64x128_k64_v3,4.4348199498417475,6.9446563720703125,0.0033199999015778303,0.00030843374408334886,SUCCESS,
fp16,1,128,32,r_64x128_k32_v3,4.456324646926245,6.858587265014648,0.0033080000430345535,0.0024764207658489533,SUCCESS,
fp16,2,2,32,r_128x64_k64_v3,4.606371114316381,15.82789421081543,0,0,RUN_FAIL,Kernel execution failed
fp16,2,16,32,r_128x64_k64_v3,4.56731554266173,6.822824478149414,0.0031720001716166735,0.0006456493976027106,SUCCESS,
fp16,2,128,32,r_64x128_k64_v3,4.632222984382464,13.154745101928711,0.003344000084325671,0.004899521407549213,SUCCESS,
fp16,4,2,32,r_128x64_k64_v3,4.591839274882766,16.408443450927734,0,0,RUN_FAIL,Kernel execution failed
fp16,4,16,32,s_64x64_k32_v4,6.721979526962079,12.855291366577148,0.003255999879911542,0.0012579853043825293,SUCCESS,
fp16,4,128,32,r_128x64_k64_v3,6.939268772892511,6.999492645263672,0.0033760000951588154,0.00970616086385463,SUCCESS,
fp16,8,2,32,r_64x128_k64_v3,4.632072107704363,11.931896209716797,0,0,RUN_FAIL,Kernel execution failed
fp16,8,16,32,s_64x64_k32_v4,6.872745943183542,13.096094131469727,0.003268000204116106,0.002506731789576398,SUCCESS,
fp16,8,128,32,s_64x64_k32_v4,7.106933130821576,11.267900466918945,0.0032919999212026596,0.019907655397530463,SUCCESS,
fp16,16,2,32,r_64x128_k64_v3,4.8784244727535695,17.808914184570312,0,0,RUN_FAIL,Kernel execution failed
fp16,16,16,32,s_64x64_k32_v4,7.397572259915413,12.953758239746094,0.003255999879911542,0.005031941217530117,SUCCESS,
fp16,16,128,32,s_64x64_k32_v4,7.662732290367928,11.812686920166016,0.003260000143200159,0.040206133203213285,SUCCESS,
fp16,32,2,32,r_64x128_k64_v3,5.320266645180248,12.869834899902344,0,0,RUN_FAIL,Kernel execution failed
fp16,32,16,32,s_64x64_k32_v4,7.876261436389518,14.099597930908203,0.0032880001235753298,0.009965936365102228,SUCCESS,
fp16,32,128,32,s_64x64_k32_v4,8.164585589418921,11.653423309326172,0.0033160001039505005,0.07905427978958626,SUCCESS,
fp8,64,64,64,r_64x128_k64_v3,6.709530516463062,7.072210311889648,0.0039439997635781765,0.13293307084895514,SUCCESS,
fp8,1024,1024,2048,s_64x64_k128_mem,564.9958827948294,7.232904434204102,0.024960201233625412,172.07262296483358,SUCCESS,
fp8,5,5,5,s_64x64_k64_v4,6.572617775315475,12.955188751220703,0,0,UNSUPPORTED,Problem size not supported by kernel
fp8,47,47,47,s_64x64_k64_v4,5.862687244863642,7.311344146728516,0,0,UNSUPPORTED,Problem size not supported by kernel
fp8,101,101,101,s_64x64_k128_v3,8.676840000851453,8.648157119750977,0,0,UNSUPPORTED,Problem size not supported by kernel
fp8,151,151,151,s_64x64_k128_v3,9.566848308828542,15.045881271362305,0,0,UNSUPPORTED,Problem size not supported by kernel
fp8,233,233,233,s_64x64_k128_mem,37.23864496414682,15.519380569458008,0,0,UNSUPPORTED,Problem size not supported by kernel
fp8,313,313,313,s_64x64_k128_mem,53.13138562361202,9.34457778930664,0,0,UNSUPPORTED,Problem size not supported by kernel
fp8,409,409,409,s_64x64_k128_mem,76.04402766300183,10.385990142822266,0,0,UNSUPPORTED,Problem size not supported by kernel
fp8,499,499,499,s_64x64_k128_mem,86.26132875272542,9.711742401123047,0,0,UNSUPPORTED,Problem size not supported by kernel
fp8,599,599,599,s_64x64_k128_mem,128.06895128400876,10.735511779785156,0,0,UNSUPPORTED,Problem size not supported by kernel
fp8,683,683,683,s_64x64_k128_mem,202.12104981508233,12.243509292602539,0,0,UNSUPPORTED,Problem size not supported by kernel
fp8,3,3,256,s_64x64_k128_v3,1.3432490637882275,14.539718627929688,0,0,UNSUPPORTED,Problem size not supported by kernel
fp8,3,63,128,s_64x64_k64_v4,1.440919575157907,10.056495666503906,0,0,UNSUPPORTED,Problem size not supported by kernel
fp8,3,111,1024,s_64x64_k64_v4,1.2844402340025012,14.46986198425293,0,0,UNSUPPORTED,Problem size not supported by kernel
fp8,3,197,512,s_64x64_k64_v4,1.4428619968145255,16.73603057861328,0,0,UNSUPPORTED,Problem size not supported by kernel
fp8,3,311,256,s_64x64_k64_v4,1.5072453042273015,15.535354614257812,0,0,UNSUPPORTED,Problem size not supported by kernel
fp8,5,47,128,s_64x64_k64_v4,6.802883702409537,10.367393493652344,0,0,UNSUPPORTED,Problem size not supported by kernel
fp8,5,101,1024,s_64x64_k64_v4,1.3980415748174468,11.345863342285156,0,0,UNSUPPORTED,Problem size not supported by kernel
fp8,5,179,1024,s_64x64_k64_v4,1.4991318161561986,15.710115432739258,0,0,UNSUPPORTED,Problem size not supported by kernel
fp8,5,283,512,s_64x64_k64_v4,1.7582595535264396,15.681266784667969,0,0,UNSUPPORTED,Problem size not supported by kernel
fp8,7,33,256,s_64x64_k64_v4,1.8160261027822602,10.475873947143555,0,0,UNSUPPORTED,Problem size not supported by kernel
fp8,7,103,128,s_64x64_k64_v4,6.9716984329417455,11.638402938842773,0,0,UNSUPPORTED,Problem size not supported by kernel
fp8,7,157,1024,s_64x64_k64_v4,1.925165577007134,10.528564453125,0,0,UNSUPPORTED,Problem size not supported by kernel
fp8,7,269,512,s_64x64_k64_v4,2.0003463256507454,14.710426330566406,0,0,UNSUPPORTED,Problem size not supported by kernel
fp8,9,19,256,s_64x64_k64_v4,6.965964927776752,19.39558982849121,0,0,UNSUPPORTED,Problem size not supported by kernel
fp8,9,91,128,s_64x64_k64_v4,7.030807387492557,15.075206756591797,0,0,UNSUPPORTED,Problem size not supported by kernel
fp8,9,137,1024,s_64x64_k64_v4,1.9293246414004501,13.672113418579102,0,0,UNSUPPORTED,Problem size not supported by kernel
fp8,9,241,512,s_64x64_k64_v4,2.0703662344446916,14.643192291259766,0,0,UNSUPPORTED,Problem size not supported by kernel
fp8,11,11,256,s_64x64_k64_v4,7.408838211265392,10.225296020507812,0,0,UNSUPPORTED,Problem size not supported by kernel
fp8,11,77,128,s_64x64_k64_v4,7.4065626540361835,10.549783706665039,0,0,UNSUPPORTED,Problem size not supported by kernel
fp8,11,121,1024,s_64x64_k64_v4,2.009248937048993,10.909557342529297,0,0,UNSUPPORTED,Problem size not supported by kernel
fp8,11,227,512,s_64x64_k64_v4,2.193650349824399,10.750532150268555,0,0,UNSUPPORTED,Problem size not supported by kernel
fp8,11,337,256,s_64x64_k64_v4,8.28645135941944,10.918617248535156,0,0,UNSUPPORTED,Problem size not supported by kernel
fp8,13,43,128,s_64x64_k64_v4,7.4423831598953125,8.121252059936523,0,0,UNSUPPORTED,Problem size not supported by kernel
fp8,13,99,1024,s_64x64_k64_v4,2.01298435394053,8.851051330566406,0,0,UNSUPPORTED,Problem size not supported by kernel
fp8,13,173,512,s_64x64_k64_v4,2.1851545014280176,14.538764953613281,0,0,UNSUPPORTED,Problem size not supported by kernel
fp8,13,281,256,s_64x64_k64_v4,7.979270546130849,9.675979614257812,0,0,UNSUPPORTED,Problem size not supported by kernel
fp8,15,31,256,s_64x64_k64_v4,7.610928685842387,10.942459106445312,0,0,UNSUPPORTED,Problem size not supported by kernel
fp8,15,101,128,s_64x64_k64_v4,7.639644544110288,8.88514518737793,0,0,UNSUPPORTED,Problem size not supported by kernel
fp8,15,151,1024,s_64x64_k64_v4,2.357224296162903,10.493993759155273,0,0,UNSUPPORTED,Problem size not supported by kernel
fp8,15,263,512,s_64x64_k64_v4,2.3213379031186183,9.323835372924805,0,0,UNSUPPORTED,Problem size not supported by kernel
fp8,17,17,256,s_64x64_k64_v4,7.602456880607378,10.388374328613281,0,0,UNSUPPORTED,Problem size not supported by kernel
fp8,17,89,128,s_64x64_k64_v4,7.607741022432511,10.650396347045898,0,0,UNSUPPORTED,Problem size not supported by kernel
fp8,17,131,1024,s_64x64_k64_v4,2.305323356890379,11.830329895019531,0,0,UNSUPPORTED,Problem size not supported by kernel
fp8,17,239,512,s_64x64_k64_v4,8.349209186323305,15.495777130126953,0,0,UNSUPPORTED,Problem size not supported by kernel
fp8,19,9,256,s_64x64_k64_v4,7.993302592081494,14.060020446777344,0,0,UNSUPPORTED,Problem size not supported by kernel
fp8,19,73,128,s_64x64_k64_v4,7.940944207623272,11.479616165161133,0,0,UNSUPPORTED,Problem size not supported by kernel
fp8,19,119,1024,s_64x64_k64_v4,5.731428386947226,15.088796615600586,0,0,UNSUPPORTED,Problem size not supported by kernel
fp8,19,223,512,s_64x64_k64_v4,6.995949397361129,15.809774398803711,0,0,UNSUPPORTED,Problem size not supported by kernel
fp8,19,331,256,s_64x64_k64_v4,7.585699171236484,14.686822891235352,0,0,UNSUPPORTED,Problem size not supported by kernel
fp8,23,61,128,s_64x64_k64_v4,8.128304168146503,15.041828155517578,0,0,UNSUPPORTED,Problem size not supported by kernel
fp8,23,109,1024,s_64x64_k64_v4,5.7653003493193955,10.997772216796875,0,0,UNSUPPORTED,Problem size not supported by kernel
fp8,23,193,512,s_64x64_k64_v4,6.962650657707271,9.89222526550293,0,0,UNSUPPORTED,Problem size not supported by kernel
fp8,23,307,256,s_64x64_k64_v4,6.961086470207682,10.515213012695312,0,0,UNSUPPORTED,Problem size not supported by kernel
fp8,27,27,128,s_64x64_k64_v4,8.010319476161492,10.320186614990234,0,0,UNSUPPORTED,Problem size not supported by kernel
fp8,27,79,1024,s_64x64_k64_v4,5.698328060689411,6.9103240966796875,0,0,UNSUPPORTED,Problem size not supported by kernel
fp8,27,149,1024,s_64x64_k64_v4,6.410311449188826,8.717775344848633,0,0,UNSUPPORTED,Problem size not supported by kernel
fp8,27,257,512,s_64x64_k64_v4,6.944191068317744,10.66446304321289,0,0,UNSUPPORTED,Problem size not supported by kernel
fp8,31,15,256,s_64x64_k64_v4,8.03077402525612,8.690595626831055,0,0,UNSUPPORTED,Problem size not supported by kernel
fp8,31,83,128,r_64x128_k64_v3,5.795333287421376,11.107683181762695,0,0,RUN_FAIL,Kernel execution failed
fp8,31,127,1024,s_64x64_k128_v3,5.953494194871701,11.808156967163086,0,0,UNSUPPORTED,Problem size not supported by kernel
fp8,31,233,512,s_64x64_k64_v4,7.4367082619098355,11.760711669921875,0,0,UNSUPPORTED,Problem size not supported by kernel
fp8,33,7,256,s_64x64_k64_v4,7.965498665498136,10.541915893554688,0,0,UNSUPPORTED,Problem size not supported by kernel
fp8,33,71,128,r_64x128_k64_v3,5.624286320881166,14.299869537353516,0,0,RUN_FAIL,Kernel execution failed
fp8,33,117,1024,s_64x64_k128_v3,5.953494194871701,11.477947235107422,0,0,UNSUPPORTED,Problem size not supported by kernel
fp8,33,211,512,s_64x64_k64_v4,7.197025039266295,12.609720230102539,0,0,UNSUPPORTED,Problem size not supported by kernel
fp8,33,317,256,s_64x64_k64_v4,7.171449080294221,14.716863632202148,0,0,UNSUPPORTED,Problem size not supported by kernel
fp8,37,59,128,s_64x64_k128_v3,5.907714159558728,9.713411331176758,0,0,UNSUPPORTED,Problem size not supported by kernel
fp8,37,107,1024,s_64x64_k128_v3,5.9707200463768855,15.612125396728516,0,0,UNSUPPORTED,Problem size not supported by kernel
fp8,37,191,512,s_64x64_k64_v4,6.738380201255702,11.177539825439453,0,0,UNSUPPORTED,Problem size not supported by kernel
fp8,37,299,256,s_64x64_k64_v4,7.258365774779398,11.029481887817383,0,0,UNSUPPORTED,Problem size not supported by kernel
fp8,41,41,128,s_64x64_k64_v4,6.226625644824397,10.787725448608398,0,0,UNSUPPORTED,Problem size not supported by kernel
fp8,41,97,1024,s_64x64_k64_v4,6.386917907215466,13.566732406616211,0,0,UNSUPPORTED,Problem size not supported by kernel
fp8,41,167,512,s_64x64_k64_v4,10.27640913993235,11.00921630859375,0,0,UNSUPPORTED,Problem size not supported by kernel
fp8,41,277,256,s_64x64_k64_v4,11.273915708402743,9.77778434753418,0,0,UNSUPPORTED,Problem size not supported by kernel
fp8,43,13,256,s_64x64_k64_v4,8.619619761468599,10.792255401611328,0,0,UNSUPPORTED,Problem size not supported by kernel
fp8,43,79,128,r_64x128_k64_v3,6.153006974737358,9.269237518310547,0,0,RUN_FAIL,Kernel execution failed
fp8,43,123,1024,s_64x64_k128_mem,8.88171986289668,11.730194091796875,0,0,UNSUPPORTED,Problem size not supported by kernel
fp8,43,229,512,s_64x64_k64_v4,11.882511100240114,11.56163215637207,0,0,UNSUPPORTED,Problem size not supported by kernel
fp8,47,5,256,s_64x64_k64_v4,8.578506099161945,11.127471923828125,0,0,UNSUPPORTED,Problem size not supported by kernel
fp8,47,67,128,r_64x128_k64_v3,6.1529523364330885,9.43303108215332,0,0,RUN_FAIL,Kernel execution failed
fp8,47,113,1024,s_64x64_k128_mem,8.991696541137017,12.940406799316406,0,0,UNSUPPORTED,Problem size not supported by kernel
fp8,47,199,512,s_64x64_k64_v4,11.417796929770223,12.929916381835938,0,0,UNSUPPORTED,Problem size not supported by kernel
fp8,47,313,256,s_64x64_k64_v4,11.870741619466896,12.927532196044922,0,0,UNSUPPORTED,Problem size not supported by kernel
fp8,51,51,128,s_64x64_k64_v4,6.292899193904339,14.436483383178711,0,0,UNSUPPORTED,Problem size not supported by kernel
fp8,51,103,1024,s_64x64_k128_mem,8.989446719671756,14.106988906860352,0,0,UNSUPPORTED,Problem size not supported by kernel
fp8,51,181,512,s_64x64_k128_mem,10.535471043667325,9.647369384765625,0,0,UNSUPPORTED,Problem size not supported by kernel
fp8,51,293,256,s_64x64_k64_v4,11.787485324332744,12.869596481323242,0,0,UNSUPPORTED,Problem size not supported by kernel
fp8,59,37,128,s_64x64_k128_mem,6.62894888264919,13.466596603393555,0,0,UNSUPPORTED,Problem size not supported by kernel
fp8,59,91,1024,s_64x64_k128_mem,9.476151920691581,10.773897171020508,0,0,UNSUPPORTED,Problem size not supported by kernel
fp8,59,163,512,s_64x64_k128_mem,11.05088601608414,12.378215789794922,0,0,UNSUPPORTED,Problem size not supported by kernel
fp8,59,271,256,s_64x64_k128_mem,12.441902841047956,11.29913330078125,0,0,UNSUPPORTED,Problem size not supported by kernel
fp8,61,23,128,s_64x64_k64_v4,8.616905882794088,12.40992546081543,0,0,UNSUPPORTED,Problem size not supported by kernel
fp8,61,77,1024,r_64x128_k64_v3,9.248839516509502,13.378381729125977,0,0,RUN_FAIL,Kernel execution failed
fp8,61,139,1024,s_64x64_k128_mem,10.786633851755944,10.506391525268555,0,0,UNSUPPORTED,Problem size not supported by kernel
fp8,61,251,512,s_64x64_k128_mem,13.038051140939643,12.649774551391602,0,0,UNSUPPORTED,Problem size not supported by kernel
fp8,63,3,256,s_64x64_k64_v4,8.84601802690525,7.598161697387695,0,0,UNSUPPORTED,Problem size not supported by kernel
fp8,63,63,128,r_64x128_k64_v3,6.730866861072719,13.280630111694336,0,0,RUN_FAIL,Kernel execution failed
fp8,63,111,1024,s_64x64_k128_mem,9.601649963099788,10.883569717407227,0,0,UNSUPPORTED,Problem size not supported by kernel
fp8,63,197,512,s_64x64_k128_mem,12.397928321072115,10.953187942504883,0,0,UNSUPPORTED,Problem size not supported by kernel
fp8,63,311,256,s_64x64_k128_mem,13.025359936632295,13.083457946777344,0,0,UNSUPPORTED,Problem size not supported by kernel
fp8,67,47,128,r_128x64_k64_v3,5.907479861249817,9.374618530273438,0,0,RUN_FAIL,Kernel execution failed
fp8,67,101,1024,m_128x128_k128_v3,8.519258891635834,12.874603271484375,0,0,RUN_FAIL,Kernel execution failed
fp8,67,179,512,r_128x64_k64_v3,9.063807880228657,11.641263961791992,0,0,RUN_FAIL,Kernel execution failed
fp8,67,283,256,r_128x64_k64_v3,10.072981592636031,16.211986541748047,0,0,RUN_FAIL,Kernel execution failed
fp8,71,33,128,r_128x64_k64_v3,5.709334896913125,6.928682327270508,0,0,RUN_FAIL,Kernel execution failed
fp8,71,89,1024,m_128x128_k128_v3,8.493226335936322,11.60740852355957,0,0,RUN_FAIL,Kernel execution failed
fp8,71,157,512,r_128x64_k64_v3,8.886899978905832,15.789508819580078,0,0,RUN_FAIL,Kernel execution failed
fp8,71,269,256,r_128x64_k64_v3,9.98154532599517,10.70713996887207,0,0,RUN_FAIL,Kernel execution failed
fp8,73,19,128,r_128x64_k64_v3,7.904161583870037,14.60576057434082,0,0,RUN_FAIL,Kernel execution failed
fp8,73,73,1024,m_128x128_k128_v3,8.49526918505942,7.030010223388672,0,0,RUN_FAIL,Kernel execution failed
fp8,73,137,512,r_128x64_k64_v3,8.852180360378476,13.097047805786133,0,0,RUN_FAIL,Kernel execution failed
fp8,73,241,256,r_128x64_k64_v3,10.257435316561125,42.3583984375,0,0,RUN_FAIL,Kernel execution failed
fp8,77,11,256,r_128x64_k64_v3,8.28040823750825,15.645265579223633,0,0,RUN_FAIL,Kernel execution failed
fp8,77,77,128,r_128x64_k64_v3,6.021289696240874,10.441303253173828,0,0,RUN_FAIL,Kernel execution failed
fp8,77,121,1024,m_128x128_k128_v3,8.984017465626792,7.074117660522461,0,0,RUN_FAIL,Kernel execution failed
fp8,77,227,512,r_128x64_k64_v3,10.710949844779199,6.931304931640625,0,0,RUN_FAIL,Kernel execution failed
fp8,77,337,256,r_128x64_k64_v3,12.151473907254767,15.216588973999023,0,0,RUN_FAIL,Kernel execution failed
fp8,79,43,128,r_128x64_k64_v3,6.261162688400577,14.904022216796875,0,0,RUN_FAIL,Kernel execution failed
fp8,79,99,1024,m_128x128_k128_v3,8.981344003902432,15.844345092773438,0,0,RUN_FAIL,Kernel execution failed
fp8,79,173,512,r_128x64_k64_v3,9.478153696396268,13.4124755859375,0,0,RUN_FAIL,Kernel execution failed
fp8,79,281,256,r_128x64_k64_v3,10.720125459589724,14.012336730957031,0,0,RUN_FAIL,Kernel execution failed
fp8,83,31,128,r_128x64_k64_v3,6.209735005458561,8.119344711303711,0,0,RUN_FAIL,Kernel execution failed
fp8,83,83,1024,m_128x128_k128_v3,8.904197406439557,13.592004776000977,0,0,RUN_FAIL,Kernel execution failed
fp8,83,151,512,s_64x64_k128_v3,9.537862570935328,11.864423751831055,0,0,UNSUPPORTED,Problem size not supported by kernel
fp8,83,263,256,r_128x64_k64_v3,10.519860445416297,12.094736099243164,0,0,RUN_FAIL,Kernel execution failed
fp8,89,17,128,r_128x64_k64_v3,8.297595206476265,11.747360229492188,0,0,RUN_FAIL,Kernel execution failed
fp8,89,71,1024,m_128x128_k128_v3,8.934066926550605,8.549690246582031,0,0,RUN_FAIL,Kernel execution failed
fp8,89,131,512,s_64x64_k128_v3,9.434978569687978,13.607025146484375,0,0,UNSUPPORTED,Problem size not supported by kernel
fp8,89,239,256,r_128x64_k64_v3,10.921742218872946,14.035940170288086,0,0,RUN_FAIL,Kernel execution failed
fp8,91,9,128,r_128x64_k64_v3,8.236576298836214,11.005401611328125,0,0,RUN_FAIL,Kernel execution failed
fp8,91,59,1024,m_128x128_k128_v3,8.936743469251029,7.705926895141602,0,0,RUN_FAIL,Kernel execution failed
fp8,91,119,1024,s_64x64_k128_mem,9.189528376408804,13.181686401367188,0,0,UNSUPPORTED,Problem size not supported by kernel
fp8,91,223,512,s_64x64_k128_mem,11.363502373840431,13.895273208618164,0,0,UNSUPPORTED,Problem size not supported by kernel
fp8,91,331,256,s_64x64_k128_mem,12.120163352171593,8.887290954589844,0,0,UNSUPPORTED,Problem size not supported by kernel
fp8,97,61,128,r_128x64_k64_v3,6.244577860500783,9.364843368530273,0,0,RUN_FAIL,Kernel execution failed
fp8,97,109,1024,s_64x64_k128_mem,9.299041538355477,13.153076171875,0,0,UNSUPPORTED,Problem size not supported by kernel
fp8,97,193,512,s_64x64_k128_mem,11.305638785641737,11.515378952026367,0,0,UNSUPPORTED,Problem size not supported by kernel
fp8,97,307,256,s_64x64_k128_mem,12.179988670600505,14.998674392700195,0,0,UNSUPPORTED,Problem size not supported by kernel
fp8,99,27,128,r_128x64_k64_v3,6.205619642967932,9.109020233154297,0,0,RUN_FAIL,Kernel execution failed
fp8,99,79,1024,m_128x128_k128_v3,8.967639173060016,11.789560317993164,0,0,RUN_FAIL,Kernel execution failed
fp8,99,149,512,s_64x64_k128_mem,10.696187325266191,10.881423950195312,0,0,UNSUPPORTED,Problem size not supported by kernel
fp8,99,257,256,s_64x64_k128_mem,11.418847795408192,13.754606246948242,0,0,UNSUPPORTED,Problem size not supported by kernel
fp8,101,15,128,r_128x64_k64_v3,8.298017970012724,13.010025024414062,0,0,RUN_FAIL,Kernel execution failed
fp8,101,67,1024,m_128x128_k128_v3,8.963187346770164,12.868881225585938,0,0,RUN_FAIL,Kernel execution failed
fp8,101,127,512,s_64x64_k128_v3,9.323854505110875,11.673212051391602,0,0,UNSUPPORTED,Problem size not supported by kernel
fp8,101,233,256,s_64x64_k128_mem,11.813255879762744,6.919145584106445,0,0,UNSUPPORTED,Problem size not supported by kernel
fp8,103,7,128,r_128x64_k64_v3,8.435199883814985,14.096260070800781,0,0,RUN_FAIL,Kernel execution failed
fp8,103,51,1024,m_128x128_k128_v3,8.979821816601392,10.628223419189453,0,0,RUN_FAIL,Kernel execution failed
fp8,103,117,512,s_64x64_k128_mem,9.97522877085893,40.566444396972656,0,0,UNSUPPORTED,Problem size not supported by kernel
fp8,103,211,256,s_64x64_k128_mem,12.293910448388347,78.07493209838867,0,0,UNSUPPORTED,Problem size not supported by kernel
fp8,103,317,256,s_64x64_k128_mem,13.686755447082552,14.773130416870117,0,0,UNSUPPORTED,Problem size not supported by kernel
fp8,107,59,128,r_128x64_k64_v3,6.6528584655161564,12.353897094726562,0,0,RUN_FAIL,Kernel execution failed
fp8,107,107,1024,s_64x64_k128_mem,9.936854127787221,11.801719665527344,0,0,UNSUPPORTED,Problem size not supported by kernel
fp8,107,191,512,s_64x64_k128_mem,12.00060729110194,11.893987655639648,0,0,UNSUPPORTED,Problem size not supported by kernel
fp8,107,299,256,s_64x64_k128_mem,13.686755447082552,14.067649841308594,0,0,UNSUPPORTED,Problem size not supported by kernel
fp8,109,41,128,r_128x64_k64_v3,6.608125703677501,12.790203094482422,0,0,RUN_FAIL,Kernel execution failed
fp8,109,97,1024,s_64x64_k128_mem,9.962932411600098,6.984949111938477,0,0,UNSUPPORTED,Problem size not supported by kernel
fp8,109,167,512,s_64x64_k128_mem,11.59371398394384,14.891386032104492,0,0,UNSUPPORTED,Problem size not supported by kernel
fp8,109,277,256,s_64x64_k128_mem,13.348442235887426,16.9374942779541,0,0,UNSUPPORTED,Problem size not supported by kernel
fp8,111,13,128,s_64x64_k64_v4,8.40389487893937,13.628959655761719,0,0,UNSUPPORTED,Problem size not supported by kernel
fp8,111,63,1024,m_128x128_k128_v3,9.632722710044337,20.275354385375977,0,0,RUN_FAIL,Kernel execution failed
fp8,111,123,512,s_64x64_k128_mem,10.092167226932116,12.160301208496094,0,0,UNSUPPORTED,Problem size not supported by kernel
fp8,111,229,256,s_64x64_k128_mem,12.738459707710083,12.926816940307617,0,0,UNSUPPORTED,Problem size not supported by kernel
fp8,113,5,128,s_64x64_k64_v4,8.600810967986321,12.80522346496582,0,0,UNSUPPORTED,Problem size not supported by kernel
fp8,113,47,1024,m_128x128_k128_v3,9.672811049838995,14.594316482543945,0,0,RUN_FAIL,Kernel execution failed
fp8,113,113,512,s_64x64_k128_mem,10.043152167297015,15.416145324707031,0,0,UNSUPPORTED,Problem size not supported by kernel
fp8,113,199,256,s_64x64_k128_mem,12.242360194624313,11.861562728881836,0,0,UNSUPPORTED,Problem size not supported by kernel
fp8,113,313,128,s_64x64_k128_mem,13.177370364510438,8.970022201538086,0,0,UNSUPPORTED,Problem size not supported by kernel
fp8,117,33,1024,m_128x128_k128_v3,6.478490091264991,19.930362701416016,0,0,RUN_FAIL,Kernel execution failed
fp8,117,103,1024,s_64x64_k128_mem,9.935716310573142,15.076875686645508,0,0,UNSUPPORTED,Problem size not supported by kernel
fp8,117,181,512,s_64x64_k64_v4,21.477256873923224,15.05899429321289,0,0,UNSUPPORTED,Problem size not supported by kernel
fp8,117,293,256,s_64x64_k128_mem,23.567302951836936,18.454313278198242,0,0,UNSUPPORTED,Problem size not supported by kernel
fp8,119,37,128,r_128x64_k64_v3,6.6078354288721295,11.564970016479492,0,0,RUN_FAIL,Kernel execution failed
fp8,119,91,1024,s_64x64_k128_mem,10.48168718581797,12.989997863769531,0,0,UNSUPPORTED,Problem size not supported by kernel
fp8,119,163,512,s_64x64_k128_mem,13.339608162855948,10.423660278320312,0,0,UNSUPPORTED,Problem size not supported by kernel
fp8,119,271,256,s_64x64_k128_mem,24.880004007973422,11.567831039428711,0,0,UNSUPPORTED,Problem size not supported by kernel
fp8,121,23,128,r_128x64_k64_v3,6.640757493072289,18.388748168945312,0,0,RUN_FAIL,Kernel execution failed
fp8,121,77,1024,s_64x64_k128_mem,9.884129946614017,13.440847396850586,0,0,UNSUPPORTED,Problem size not supported by kernel
fp8,121,139,512,s_64x64_k128_mem,11.940828122045644,15.96522331237793,0,0,UNSUPPORTED,Problem size not supported by kernel
fp8,121,251,256,s_64x64_k128_mem,25.500875029838166,9.652376174926758,0,0,UNSUPPORTED,Problem size not supported by kernel
fp8,123,3,128,s_64x64_k64_v4,8.63002481300845,10.8489990234375,0,0,UNSUPPORTED,Problem size not supported by kernel
fp8,123,43,1024,m_128x128_k128_v3,9.615171609787886,10.911941528320312,0,0,RUN_FAIL,Kernel execution failed
fp8,123,111,512,s_64x64_k128_mem,10.540238935917658,11.645793914794922,0,0,UNSUPPORTED,Problem size not supported by kernel
fp8,123,197,256,s_64x64_k128_mem,13.131006606862538,12.934207916259766,0,0,UNSUPPORTED,Problem size not supported by kernel
fp8,123,311,128,s_64x64_k128_mem,14.30939965091143,13.829708099365234,0,0,UNSUPPORTED,Problem size not supported by kernel
fp8,127,31,1024,s_64x64_k128_mem,6.727720261840893,13.865470886230469,0,0,UNSUPPORTED,Problem size not supported by kernel
fp8,127,101,512,s_64x64_k128_mem,10.442851728017377,11.502265930175781,0,0,UNSUPPORTED,Problem size not supported by kernel
fp8,127,179,256,s_64x64_k128_mem,12.39630078494204,7.874250411987305,0,0,UNSUPPORTED,Problem size not supported by kernel
fp8,127,283,256,s_64x64_k128_mem,25.29248450463281,12.465953826904297,0,0,UNSUPPORTED,Problem size not supported by kernel
fp8,131,33,128,r_128x64_k64_v3,4.25448791146178,12.96854019165039,0,0,RUN_FAIL,Kernel execution failed
fp8,131,89,1024,s_64x64_k64_v4,5.998286505608239,12.881278991699219,0,0,UNSUPPORTED,Problem size not supported by kernel
fp8,131,157,512,s_64x64_k128_mem,17.049328948842646,12.74871826171875,0,0,UNSUPPORTED,Problem size not supported by kernel
fp8,131,269,256,s_64x64_k64_v4,25.315547832676135,9.85574722290039,0,0,UNSUPPORTED,Problem size not supported by kernel
fp8,137,19,128,s_64x64_k64_v4,6.93733145155823,15.191316604614258,0,0,UNSUPPORTED,Problem size not supported by kernel
fp8,137,73,1024,m_128x128_k128_v3,5.955244788901517,13.632535934448242,0,0,RUN_FAIL,Kernel execution failed
fp8,137,137,512,s_64x64_k64_v4,7.50636425219911,10.986089706420898,0,0,UNSUPPORTED,Problem size not supported by kernel
fp8,137,241,256,s_64x64_k64_v4,24.87151690186151,10.506629943847656,0,0,UNSUPPORTED,Problem size not supported by kernel
fp8,139,11,128,s_64x64_k64_v4,7.283073451948576,9.191036224365234,0,0,UNSUPPORTED,Problem size not supported by kernel
fp8,139,61,1024,s_64x64_k128_v3,6.006565835030982,10.76364517211914,0,0,UNSUPPORTED,Problem size not supported by kernel
fp8,139,121,512,s_64x64_k128_v3,6.1527911216646665,14.586925506591797,0,0,UNSUPPORTED,Problem size not supported by kernel
fp8,139,227,256,s_64x64_k64_v4,26.1783828476032,11.850833892822266,0,0,UNSUPPORTED,Problem size not supported by kernel
fp8,139,337,128,s_64x64_k128_v3,10.19957638265022,11.126041412353516,0,0,UNSUPPORTED,Problem size not supported by kernel
fp8,149,27,1024,s_64x64_k128_v3,5.689122207733265,14.228343963623047,0,0,UNSUPPORTED,Problem size not supported by kernel
fp8,149,99,512,s_64x64_k128_v3,8.337353796768804,9.05156135559082,0,0,UNSUPPORTED,Problem size not supported by kernel
fp8,149,173,256,s_64x64_k128_mem,10.633433996872842,15.26331901550293,0,0,UNSUPPORTED,Problem size not supported by kernel
fp8,149,281,128,s_64x64_k128_mem,12.37638330191111,8.800506591796875,0,0,UNSUPPORTED,Problem size not supported by kernel
fp8,151,15,1024,s_64x64_k64_v4,8.239184189475685,9.628772735595703,0,0,UNSUPPORTED,Problem size not supported by kernel
fp8,151,83,1024,s_64x64_k128_mem,8.267427850069303,17.608165740966797,0,0,UNSUPPORTED,Problem size not supported by kernel
fp8,151,151,512,s_64x64_k128_mem,19.774075433772598,13.991117477416992,0,0,UNSUPPORTED,Problem size not supported by kernel
fp8,151,263,256,s_64x64_k64_v4,32.2337660961622,9.531736373901367,0,0,UNSUPPORTED,Problem size not supported by kernel
fp8,157,17,128,s_64x64_k64_v4,8.046813300898174,13.802766799926758,0,0,UNSUPPORTED,Problem size not supported by kernel
fp8,157,71,1024,s_64x64_k128_mem,9.003656793186597,10.829687118530273,0,0,UNSUPPORTED,Problem size not supported by kernel
fp8,157,131,512,s_64x64_k128_mem,20.08242511674828,11.62576675415039,0,0,UNSUPPORTED,Problem size not supported by kernel
fp8,157,239,256,s_64x64_k64_v4,30.224026129564894,10.517597198486328,0,0,UNSUPPORTED,Problem size not supported by kernel
fp8,163,9,128,s_64x64_k64_v4,8.30157732488151,14.969825744628906,0,0,UNSUPPORTED,Problem size not supported by kernel
fp8,163,59,1024,s_64x64_k128_mem,8.67926832080563,9.491205215454102,0,0,UNSUPPORTED,Problem size not supported by kernel
fp8,163,119,512,s_64x64_k128_mem,10.475627224413737,12.424945831298828,0,0,UNSUPPORTED,Problem size not supported by kernel
fp8,163,223,256,s_64x64_k64_v4,29.79613461334789,13.793230056762695,0,0,UNSUPPORTED,Problem size not supported by kernel
fp8,163,331,128,s_64x64_k128_mem,15.28567060849979,12.91656494140625,0,0,UNSUPPORTED,Problem size not supported by kernel
fp8,167,41,1024,s_64x64_k128_mem,9.227054897615854,10.465383529663086,0,0,UNSUPPORTED,Problem size not supported by kernel
fp8,167,109,512,s_64x64_k128_mem,10.111416273095656,21.521568298339844,0,0,UNSUPPORTED,Problem size not supported by kernel
fp8,167,193,256,s_64x64_k128_mem,33.82669764043785,9.908199310302734,0,0,UNSUPPORTED,Problem size not supported by kernel
fp8,167,307,128,s_64x64_k128_mem,14.191494969443585,14.31131362915039,0,0,UNSUPPORTED,Problem size not supported by kernel
fp8,173,13,1024,s_64x64_k64_v4,8.92636000991078,15.738725662231445,0,0,UNSUPPORTED,Problem size not supported by kernel
fp8,173,79,512,s_64x64_k128_mem,9.666987289437314,10.946989059448242,0,0,UNSUPPORTED,Problem size not supported by kernel
fp8,173,149,256,s_64x64_k128_mem,13.003395914899079,10.004997253417969,0,0,UNSUPPORTED,Problem size not supported by kernel
fp8,173,257,256,s_64x64_k128_mem,35.791752529666745,11.201858520507812,0,0,UNSUPPORTED,Problem size not supported by kernel
fp8,179,15,128,s_64x64_k64_v4,8.603308440153723,13.576507568359375,0,0,UNSUPPORTED,Problem size not supported by kernel
fp8,179,67,1024,s_64x64_k128_mem,9.577444880500305,18.567800521850586,0,0,UNSUPPORTED,Problem size not supported by kernel
fp8,179,127,512,s_64x64_k64_v4,21.300861168815388,19.3636417388916,0,0,UNSUPPORTED,Problem size not supported by kernel
fp8,179,233,256,s_64x64_k128_mem,34.816484385411485,8.50534439086914,0,0,UNSUPPORTED,Problem size not supported by kernel
fp8,181,7,128,s_64x64_k64_v4,8.875398353859147,8.857488632202148,0,0,UNSUPPORTED,Problem size not supported by kernel
fp8,181,51,1024,s_64x64_k128_mem,9.33935175588654,12.059688568115234,0,0,UNSUPPORTED,Problem size not supported by kernel
fp8,181,117,512,s_64x64_k64_v4,21.31241179516294,12.633562088012695,0,0,UNSUPPORTED,Problem size not supported by kernel
fp8,181,211,256,s_64x64_k128_mem,34.51690422201989,18.582820892333984,0,0,UNSUPPORTED,Problem size not supported by kernel
fp8,181,317,128,s_64x64_k128_mem,16.027058002525358,13.709545135498047,0,0,UNSUPPORTED,Problem size not supported by kernel
fp8,191,37,1024,s_64x64_k128_mem,6.9596206824467055,7.28154182434082,0,0,UNSUPPORTED,Problem size not supported by kernel
fp8,191,107,512,s_64x64_k128_mem,11.14450437267645,9.683847427368164,0,0,UNSUPPORTED,Problem size not supported by kernel
fp8,191,191,256,s_64x64_k128_mem,24.859799063327298,14.194011688232422,0,0,UNSUPPORTED,Problem size not supported by kernel
fp8,191,299,128,s_64x64_k128_mem,17.296451741498583,11.626482009887695,0,0,UNSUPPORTED,Problem size not supported by kernel
fp8,193,23,1024,m_128x128_k128_v3,5.576200889116263,11.180639266967773,0,0,RUN_FAIL,Kernel execution failed
fp8,193,97,512,m_128x128_k128_v3,8.283593537973527,27.81963348388672,0,0,RUN_FAIL,Kernel execution failed
fp8,193,167,256,s_64x64_k128_v3,24.279423522685068,12.91346549987793,0,0,UNSUPPORTED,Problem size not supported by kernel
fp8,193,277,128,r_128x64_k64_v3,11.604408975551584,114.37487602233887,0,0,RUN_FAIL,Kernel execution failed
fp8,197,3,1024,r_128x64_k64_v3,7.656898342353913,12.288093566894531,0,0,RUN_FAIL,Kernel execution failed
fp8,197,63,1024,m_128x128_k128_v3,8.287114423119906,12.92276382446289,0,0,RUN_FAIL,Kernel execution failed
fp8,197,123,512,s_64x64_k64_v4,17.19517283218121,11.584758758544922,0,0,UNSUPPORTED,Problem size not supported by kernel
fp8,197,229,256,s_64x64_k64_v4,27.948384343866916,13.312339782714844,0,0,UNSUPPORTED,Problem size not supported by kernel
fp8,199,5,128,r_128x64_k64_v3,7.941442408573676,15.150308609008789,0,0,RUN_FAIL,Kernel execution failed
fp8,199,47,1024,m_128x128_k128_v3,8.211749138769715,10.288476943969727,0,0,RUN_FAIL,Kernel execution failed
fp8,199,113,512,s_64x64_k128_mem,17.39503812197483,13.325214385986328,0,0,UNSUPPORTED,Problem size not supported by kernel
fp8,199,199,256,s_64x64_k64_v4,28.253323289481813,10.76650619506836,0,0,UNSUPPORTED,Problem size not supported by kernel
fp8,199,313,128,s_64x64_k128_mem,30.284269663145835,13.141632080078125,0,0,UNSUPPORTED,Problem size not supported by kernel
fp8,211,33,1024,r_128x64_k64_v3,6.0124442643512594,12.492656707763672,0,0,RUN_FAIL,Kernel execution failed
fp8,211,103,512,r_128x64_k64_v3,10.046688865783748,6.923198699951172,0,0,RUN_FAIL,Kernel execution failed
fp8,211,181,256,s_64x64_k128_mem,28.661783130269427,7.505893707275391,0,0,UNSUPPORTED,Problem size not supported by kernel
fp8,211,293,128,s_64x64_k128_mem,35.18839627438341,12.998580932617188,0,0,UNSUPPORTED,Problem size not supported by kernel
fp8,223,19,1024,s_64x64_k128_mem,6.150809211113532,19.181013107299805,0,0,UNSUPPORTED,Problem size not supported by kernel
fp8,223,91,512,s_64x64_k128_mem,9.428801542499844,11.528253555297852,0,0,UNSUPPORTED,Problem size not supported by kernel
fp8,223,163,256,s_64x64_k128_mem,29.407659091752702,12.598514556884766,0,0,UNSUPPORTED,Problem size not supported by kernel
fp8,223,271,128,s_64x64_k128_mem,34.81167924261398,14.403343200683594,0,0,UNSUPPORTED,Problem size not supported by kernel
fp8,227,11,1024,s_64x64_k64_v4,9.080438949428018,15.995502471923828,0,0,UNSUPPORTED,Problem size not supported by kernel
fp8,227,77,512,s_64x64_k128_mem,9.60996659472494,14.822959899902344,0,0,UNSUPPORTED,Problem size not supported by kernel
fp8,227,139,256,s_64x64_k128_mem,29.136105395658173,14.358282089233398,0,0,UNSUPPORTED,Problem size not supported by kernel
fp8,227,251,256,s_64x64_k64_v4,33.27094857212144,14.544010162353516,0,0,UNSUPPORTED,Problem size not supported by kernel
fp8,229,3,128,s_64x64_k64_v4,8.56378707057194,13.688325881958008,0,0,UNSUPPORTED,Problem size not supported by kernel
fp8,229,43,1024,s_64x64_k128_mem,9.235707847567438,15.076160430908203,0,0,UNSUPPORTED,Problem size not supported by kernel
fp8,229,111,512,s_64x64_k128_mem,21.58399522210167,12.40396499633789,0,0,UNSUPPORTED,Problem size not supported by kernel
fp8,229,197,256,s_64x64_k64_v4,32.00475121134189,11.505842208862305,0,0,UNSUPPORTED,Problem size not supported by kernel
fp8,229,311,128,s_64x64_k128_mem,35.7707000494382,13.888835906982422,0,0,UNSUPPORTED,Problem size not supported by kernel
fp8,233,31,1024,s_64x64_k128_mem,7.039538614446806,13.13638687133789,0,0,UNSUPPORTED,Problem size not supported by kernel
fp8,233,101,512,s_64x64_k128_mem,24.438186647580633,14.328241348266602,0,0,UNSUPPORTED,Problem size not supported by kernel
fp8,233,179,256,s_64x64_k128_mem,34.336288194667176,9.663105010986328,0,0,UNSUPPORTED,Problem size not supported by kernel
fp8,233,283,128,s_64x64_k128_mem,39.028861544745645,13.417720794677734,0,0,UNSUPPORTED,Problem size not supported by kernel
fp8,239,17,1024,s_64x64_k64_v4,9.446833977327989,13.5955810546875,0,0,UNSUPPORTED,Problem size not supported by kernel
fp8,239,89,512,s_64x64_k128_mem,10.157379830562936,9.66191291809082,0,0,UNSUPPORTED,Problem size not supported by kernel
fp8,239,157,256,s_64x64_k128_mem,34.36722904078154,15.244722366333008,0,0,UNSUPPORTED,Problem size not supported by kernel
fp8,239,269,128,s_64x64_k128_mem,38.597919849491355,20.201921463012695,0,0,UNSUPPORTED,Problem size not supported by kernel
fp8,241,9,1024,s_64x64_k64_v4,9.65418576000036,9.370803833007812,0,0,UNSUPPORTED,Problem size not supported by kernel
fp8,241,73,512,s_64x64_k128_mem,10.231034817261307,14.999628067016602,0,0,UNSUPPORTED,Problem size not supported by kernel
fp8,241,137,256,s_64x64_k128_mem,33.733487298769724,13.78011703491211,0,0,UNSUPPORTED,Problem size not supported by kernel
fp8,241,241,128,s_64x64_k128_mem,37.69048844864518,19.56629753112793,0,0,UNSUPPORTED,Problem size not supported by kernel
fp8,241,331,1024,s_64x64_k128_mem,53.82582934658853,9.481191635131836,0,0,UNSUPPORTED,Problem size not supported by kernel
fp8,251,61,1024,s_64x64_k128_mem,10.567525067449065,14.670610427856445,0,0,UNSUPPORTED,Problem size not supported by kernel
fp8,251,121,512,s_64x64_k128_mem,25.69920980080422,10.708093643188477,0,0,UNSUPPORTED,Problem size not supported by kernel
fp8,251,227,256,s_64x64_k128_mem,39.32346119595492,13.631582260131836,0,0,UNSUPPORTED,Problem size not supported by kernel
fp8,251,337,128,s_64x64_k128_mem,52.74036527006035,12.909650802612305,0,0,UNSUPPORTED,Problem size not supported by kernel
fp8,257,27,1024,s_64x64_k128_mem,4.326084411945492,10.519266128540039,0,0,UNSUPPORTED,Problem size not supported by kernel
fp8,257,99,512,s_64x64_k128_mem,17.76946579788401,10.06770133972168,0,0,UNSUPPORTED,Problem size not supported by kernel
fp8,257,173,256,s_64x64_k64_v4,24.995923877681093,10.947704315185547,0,0,UNSUPPORTED,Problem size not supported by kernel
fp8,257,281,128,s_64x64_k128_v3,38.05488037093662,8.15129280090332,0,0,UNSUPPORTED,Problem size not supported by kernel
fp8,263,15,1024,s_64x64_k64_v4,7.460893235630881,14.627218246459961,0,0,UNSUPPORTED,Problem size not supported by kernel
fp8,263,83,512,m_128x128_k128_v3,5.920925754590299,14.64390754699707,0,0,RUN_FAIL,Kernel execution failed
fp8,263,151,256,s_64x64_k128_mem,28.085724324711457,7.134914398193359,0,0,UNSUPPORTED,Problem size not supported by kernel
fp8,263,263,128,s_64x64_k128_v3,42.39049815666801,9.344816207885742,0,0,UNSUPPORTED,Problem size not supported by kernel
fp8,269,7,1024,s_64x64_k64_v4,7.61589674061997,15.542984008789062,0,0,UNSUPPORTED,Problem size not supported by kernel
fp8,269,71,512,s_64x64_k128_v3,6.320733277499125,9.16290283203125,0,0,UNSUPPORTED,Problem size not supported by kernel
fp8,269,131,256,s_64x64_k128_mem,29.322878251403846,16.47663116455078,0,0,UNSUPPORTED,Problem size not supported by kernel
fp8,269,239,128,s_64x64_k128_mem,32.47080159118552,13.433456420898438,0,0,UNSUPPORTED,Problem size not supported by kernel
fp8,269,317,1024,s_64x64_k128_mem,48.37858295743224,10.109663009643555,0,0,UNSUPPORTED,Problem size not supported by kernel
fp8,271,59,512,s_64x64_k128_v3,6.318456261427226,15.56396484375,0,0,UNSUPPORTED,Problem size not supported by kernel
fp8,271,119,256,s_64x64_k128_mem,18.70069864547356,12.484073638916016,0,0,UNSUPPORTED,Problem size not supported by kernel
fp8,271,223,256,s_64x64_k64_v4,32.05842051992054,14.793634414672852,0,0,UNSUPPORTED,Problem size not supported by kernel
fp8,271,331,128,s_64x64_k128_v3,45.96868834706754,10.884523391723633,0,0,UNSUPPORTED,Problem size not supported by kernel
fp8,277,41,1024,s_64x64_k128_mem,8.023155190975407,14.572381973266602,0,0,UNSUPPORTED,Problem size not supported by kernel
fp8,277,109,512,s_64x64_k128_mem,20.86801859957863,10.988473892211914,0,0,UNSUPPORTED,Problem size not supported by kernel
fp8,277,193,256,s_64x64_k128_mem,33.40717038381884,16.559362411499023,0,0,UNSUPPORTED,Problem size not supported by kernel
fp8,277,307,128,s_64x64_k128_v3,50.39979052196451,9.409666061401367,0,0,UNSUPPORTED,Problem size not supported by kernel
fp8,281,13,1024,s_64x64_k64_v4,8.867655232696906,12.238264083862305,0,0,UNSUPPORTED,Problem size not supported by kernel
fp8,281,79,512,s_64x64_k128_mem,8.28621181011631,9.85407829284668,0,0,UNSUPPORTED,Problem size not supported by kernel
fp8,281,149,256,s_64x64_k128_mem,32.32011129247818,9.260177612304688,0,0,UNSUPPORTED,Problem size not supported by kernel
fp8,281,257,128,s_64x64_k128_v3,48.419829939910215,11.22426986694336,0,0,UNSUPPORTED,Problem size not supported by kernel
fp8,283,5,1024,s_64x64_k64_v4,8.750917135812935,15.521526336669922,0,0,UNSUPPORTED,Problem size not supported by kernel
fp8,283,67,512,s_64x64_k128_mem,9.736624422229152,20.125627517700195,0,0,UNSUPPORTED,Problem size not supported by kernel
fp8,283,127,256,s_64x64_k128_mem,21.981140406330265,16.215801239013672,0,0,UNSUPPORTED,Problem size not supported by kernel
fp8,283,233,128,s_64x64_k128_mem,35.661052862194005,9.694814682006836,0,0,UNSUPPORTED,Problem size not supported by kernel
fp8,283,313,1024,s_64x64_k128_mem,52.09594345423046,20.1873779296875,0,0,UNSUPPORTED,Problem size not supported by kernel
fp8,293,51,512,s_64x64_k128_mem,9.160880834540553,10.679006576538086,0,0,UNSUPPORTED,Problem size not supported by kernel
fp8,293,117,256,s_64x64_k128_mem,21.94087359774223,14.142990112304688,0,0,UNSUPPORTED,Problem size not supported by kernel
fp8,293,211,128,s_64x64_k128_mem,35.198078207279174,7.414579391479492,0,0,UNSUPPORTED,Problem size not supported by kernel
fp8,293,293,1024,s_64x64_k128_mem,51.88921257763354,12.603759765625,0,0,UNSUPPORTED,Problem size not supported by kernel
fp8,299,37,1024,s_64x64_k128_mem,9.949979364594503,14.240026473999023,0,0,UNSUPPORTED,Problem size not supported by kernel
fp8,299,107,512,s_64x64_k128_mem,25.043643039434702,14.028787612915039,0,0,UNSUPPORTED,Problem size not supported by kernel
fp8,299,191,256,s_64x64_k128_mem,36.957001092508214,9.792327880859375,0,0,UNSUPPORTED,Problem size not supported by kernel
fp8,299,299,128,s_64x64_k128_mem,52.14606888962212,14.698505401611328,0,0,UNSUPPORTED,Problem size not supported by kernel
fp8,307,23,1024,s_64x64_k128_mem,6.758887299669382,13.218402862548828,0,0,UNSUPPORTED,Problem size not supported by kernel
fp8,307,97,512,s_64x64_k128_mem,24.83007192131841,11.136054992675781,0,0,UNSUPPORTED,Problem size not supported by kernel
fp8,307,167,256,s_64x64_k128_mem,36.90231123694842,13.193368911743164,0,0,UNSUPPORTED,Problem size not supported by kernel
fp8,307,277,128,s_64x64_k128_mem,51.7429299246412,20.784378051757812,0,0,UNSUPPORTED,Problem size not supported by kernel
fp8,311,3,1024,s_64x64_k64_v4,9.393650320440164,11.302471160888672,0,0,UNSUPPORTED,Problem size not supported by kernel
fp8,311,63,512,s_64x64_k128_mem,10.459596733179719,9.871482849121094,0,0,UNSUPPORTED,Problem size not supported by kernel
fp8,311,123,256,s_64x64_k128_mem,26.134005275989328,10.985374450683594,0,0,UNSUPPORTED,Problem size not supported by kernel
fp8,311,229,128,s_64x64_k128_mem,41.040647144354274,12.389659881591797,0,0,UNSUPPORTED,Problem size not supported by kernel
fp8,311,311,1024,s_64x64_k128_mem,54.28249832518047,15.254020690917969,0,0,UNSUPPORTED,Problem size not supported by kernel
fp8,313,47,512,s_64x64_k128_mem,10.488894598214195,15.308856964111328,0,0,UNSUPPORTED,Problem size not supported by kernel
fp8,313,113,256,s_64x64_k128_mem,26.134005275989328,20.943403244018555,0,0,UNSUPPORTED,Problem size not supported by kernel
fp8,313,199,128,s_64x64_k128_mem,39.887350557915966,10.931730270385742,0,0,UNSUPPORTED,Problem size not supported by kernel
fp8,313,283,1024,s_64x64_k128_mem,54.09934280708757,10.66136360168457,0,0,UNSUPPORTED,Problem size not supported by kernel
fp8,317,33,512,s_64x64_k128_mem,7.46662852378099,10.618209838867188,0,0,UNSUPPORTED,Problem size not supported by kernel
fp8,317,103,256,s_64x64_k128_mem,12.001320448171134,10.834693908691406,0,0,UNSUPPORTED,Problem size not supported by kernel
fp8,317,181,256,s_64x64_k128_mem,38.78138676217212,7.193803787231445,0,0,UNSUPPORTED,Problem size not supported by kernel
fp8,317,293,128,s_64x64_k128_mem,52.90971843194812,9.146451950073242,0,0,UNSUPPORTED,Problem size not supported by kernel
fp8,331,19,1024,m_128x128_k128_v3,6.047897192883188,10.825157165527344,0,0,RUN_FAIL,Kernel execution failed
fp8,331,91,512,s_64x64_k64_v4,24.773772789691506,11.847972869873047,0,0,UNSUPPORTED,Problem size not supported by kernel
fp8,331,163,256,s_64x64_k128_mem,31.22166761379151,14.440298080444336,0,0,UNSUPPORTED,Problem size not supported by kernel
fp8,331,271,128,s_64x64_k128_v3,44.81350843050607,12.104988098144531,0,0,UNSUPPORTED,Problem size not supported by kernel
fp8,337,11,1024,r_128x64_k64_v3,8.53900063403264,13.86713981628418,0,0,RUN_FAIL,Kernel execution failed
fp8,337,77,512,r_128x64_k64_v3,8.936261463400342,11.102437973022461,0,0,RUN_FAIL,Kernel execution failed
fp8,337,139,256,s_64x64_k128_mem,31.17137904865879,13.335704803466797,0,0,UNSUPPORTED,Problem size not supported by kernel
fp8,337,251,128,s_64x64_k128_v3,47.50833479840019,11.700630187988281,0,0,UNSUPPORTED,Problem size not supported by kernel
fp8,337,337,1024,s_64x64_k128_mem,58.0964560715018,15.59758186340332,0,0,UNSUPPORTED,Problem size not supported by kernel
fp8,5,5,64,r_128x64_k64_v3,6.652323794811852,15.56396484375,0,0,RUN_FAIL,Kernel execution failed
fp8,7,64,7,s_64x64_k64_v4,6.955638178270493,17.42267608642578,0,0,UNSUPPORTED,Problem size not supported by kernel
fp8,64,9,9,s_64x64_k64_v4,8.375300221147846,14.554500579833984,0,0,UNSUPPORTED,Problem size not supported by kernel
fp8,11,128,11,s_64x64_k64_v4,7.383069118658227,12.352466583251953,0,0,UNSUPPORTED,Problem size not supported by kernel
fp8,128,13,13,r_64x128_k64_v3,8.387317620783751,8.594512939453125,0,0,RUN_FAIL,Kernel execution failed
fp8,15,256,15,s_64x64_k32_v4,7.935638762663307,11.852264404296875,0,0,UNSUPPORTED,Problem size not supported by kernel
fp8,256,17,17,s_64x64_k64_v4,9.085474237219154,11.683225631713867,0,0,UNSUPPORTED,Problem size not supported by kernel
fp8,19,512,19,s_64x64_k64_v4,9.136937319684913,11.084318161010742,0,0,UNSUPPORTED,Problem size not supported by kernel
fp8,23,1024,23,s_64x64_k64_v4,10.523052830082666,16.787052154541016,0,0,UNSUPPORTED,Problem size not supported by kernel
fp8,1024,27,27,s_64x64_k128_mem,10.593588709070822,13.03410530090332,0,0,UNSUPPORTED,Problem size not supported by kernel
fp8,31,31,2048,s_64x64_k64_v4,2.34119707848152,12.542486190795898,0,0,UNSUPPORTED,Problem size not supported by kernel
fp8,33,2048,33,s_64x64_k128_mem,26.735727135040232,9.995222091674805,0,0,UNSUPPORTED,Problem size not supported by kernel
fp8,2048,37,37,s_64x64_k64_mem,9.710576327303134,10.939598083496094,0,0,UNSUPPORTED,Problem size not supported by kernel
fp8,43,43,64,s_64x64_k64_v4,6.100945753957435,10.651588439941406,0,0,UNSUPPORTED,Problem size not supported by kernel
fp8,47,64,47,s_64x64_k64_v4,6.121778851058295,11.66081428527832,0,0,UNSUPPORTED,Problem size not supported by kernel
fp8,64,51,51,r_64x128_k64_v3,6.706117363312076,10.755777359008789,0,0,RUN_FAIL,Kernel execution failed
fp8,59,128,59,r_64x128_k64_v3,6.9167035583378915,6.945133209228516,0,0,RUN_FAIL,Kernel execution failed
fp8,128,61,61,r_128x64_k64_v3,6.621409637210408,6.922245025634766,0,0,RUN_FAIL,Kernel execution failed
fp8,63,256,63,s_64x64_k128_mem,8.270556880966824,12.475252151489258,0,0,UNSUPPORTED,Problem size not supported by kernel
fp8,256,67,67,s_64x64_k128_mem,7.350303716918033,14.451980590820312,0,0,UNSUPPORTED,Problem size not supported by kernel
fp8,71,512,71,r_128x64_k32_v3,12.321464223084568,13.50545883178711,0,0,RUN_FAIL,Kernel execution failed
fp8,512,73,73,s_64x64_k128_mem,11.51588731151557,11.83462142944336,0,0,UNSUPPORTED,Problem size not supported by kernel
fp8,77,1024,77,r_128x64_k32_v3,21.64753084976375,15.292644500732422,0,0,RUN_FAIL,Kernel execution failed
fp8,1024,79,79,s_64x64_k128_mem,13.209288492759415,12.336254119873047,0,0,UNSUPPORTED,Problem size not supported by kernel
fp8,83,83,2048,m_128x128_k128_v3,9.153285077809395,8.999824523925781,0,0,RUN_FAIL,Kernel execution failed
fp8,89,2048,89,s_64x64_k128_mem,58.520107297549615,38.2232666015625,0,0,UNSUPPORTED,Problem size not supported by kernel
fp8,2048,91,91,s_64x64_k128_mem,15.036021527797397,24.341106414794922,0,0,UNSUPPORTED,Problem size not supported by kernel
fp8,99,64,99,r_128x64_k64_v3,6.2227888959755004,11.316299438476562,0,0,RUN_FAIL,Kernel execution failed
fp8,64,101,101,r_64x128_k64_v3,6.711355194244336,12.287139892578125,0,0,RUN_FAIL,Kernel execution failed
fp8,103,128,103,s_64x64_k128_mem,9.669495823174413,11.687517166137695,0,0,UNSUPPORTED,Problem size not supported by kernel
fp8,128,107,107,s_64x64_k128_mem,10.153548723672118,11.902332305908203,0,0,UNSUPPORTED,Problem size not supported by kernel
fp8,109,256,109,s_64x64_k128_mem,12.80787898644173,13.67330551147461,0,0,UNSUPPORTED,Problem size not supported by kernel
fp8,256,111,111,s_64x64_k128_mem,11.104745176180613,12.408971786499023,0,0,UNSUPPORTED,Problem size not supported by kernel
fp8,113,512,113,s_64x64_k128_mem,18.4211163796032,11.945486068725586,0,0,UNSUPPORTED,Problem size not supported by kernel
fp8,512,117,117,s_64x64_k128_mem,12.360592908033546,15.300273895263672,0,0,UNSUPPORTED,Problem size not supported by kernel
fp8,119,1024,119,s_64x64_k128_mem,32.72499317091174,10.934591293334961,0,0,UNSUPPORTED,Problem size not supported by kernel
fp8,1024,121,121,s_64x64_k128_mem,13.802735794277153,10.910511016845703,0,0,UNSUPPORTED,Problem size not supported by kernel
fp8,123,123,2048,s_64x64_k128_mem,11.362774998333082,10.84280014038086,0,0,UNSUPPORTED,Problem size not supported by kernel
fp8,127,2048,127,s_64x64_k128_mem,79.33132236255226,10.818719863891602,0,0,UNSUPPORTED,Problem size not supported by kernel
fp8,2048,131,131,s_64x64_k128_mem,89.7009645830813,15.851020812988281,0,0,UNSUPPORTED,Problem size not supported by kernel
fp8,139,139,64,s_64x64_k128_v3,7.678457998066163,9.490728378295898,0,0,UNSUPPORTED,Problem size not supported by kernel
fp8,149,64,149,s_64x64_k128_v3,7.454358618142798,9.99903678894043,0,0,UNSUPPORTED,Problem size not supported by kernel
fp8,64,151,151,s_64x64_k32_v4,10.378530310534774,13.936042785644531,0,0,UNSUPPORTED,Problem size not supported by kernel
fp8,157,128,157,s_64x64_k32_v4,9.22206232173983,11.678934097290039,0,0,UNSUPPORTED,Problem size not supported by kernel
fp8,128,163,163,s_64x64_k64_v4,11.946450416459243,10.443449020385742,0,0,UNSUPPORTED,Problem size not supported by kernel
fp8,167,256,167,s_64x64_k128_mem,34.36033345438432,12.334585189819336,0,0,UNSUPPORTED,Problem size not supported by kernel
fp8,173,512,173,s_64x64_k128_mem,50.35010770773192,15.602588653564453,0,0,UNSUPPORTED,Problem size not supported by kernel
fp8,512,179,179,s_64x64_k128_mem,52.213118052724084,10.724782943725586,0,0,UNSUPPORTED,Problem size not supported by kernel
fp8,181,1024,181,s_64x64_k128_mem,77.35313959438805,10.986804962158203,0,0,UNSUPPORTED,Problem size not supported by kernel
fp8,1024,191,191,s_64x64_k128_mem,76.83168667132215,10.23244857788086,0,0,UNSUPPORTED,Problem size not supported by kernel
fp8,193,193,2048,s_64x64_k128_mem,27.036828240637668,13.210058212280273,0,0,UNSUPPORTED,Problem size not supported by kernel
fp8,197,2048,197,s_64x64_k128_mem,80.6870523209812,9.460210800170898,0,0,UNSUPPORTED,Problem size not supported by kernel
fp8,2048,199,199,s_64x64_k128_mem,105.4444415136198,12.764453887939453,0,0,UNSUPPORTED,Problem size not supported by kernel
fp8,223,223,64,s_64x64_k128_mem,13.065009539460705,18.190622329711914,0,0,UNSUPPORTED,Problem size not supported by kernel
fp8,227,64,227,s_64x64_k128_v3,9.090098676112238,14.741182327270508,0,0,UNSUPPORTED,Problem size not supported by kernel
fp8,64,229,229,s_64x64_k128_mem,12.619952036208435,13.585805892944336,0,0,UNSUPPORTED,Problem size not supported by kernel
fp8,233,128,233,s_64x64_k128_mem,11.87480989305306,15.344619750976562,0,0,UNSUPPORTED,Problem size not supported by kernel
fp8,128,239,239,s_64x64_k128_mem,25.500875029838166,15.047788619995117,0,0,UNSUPPORTED,Problem size not supported by kernel
fp8,241,256,241,s_64x64_k128_mem,37.5678755700311,17.559528350830078,0,0,UNSUPPORTED,Problem size not supported by kernel
fp8,256,251,251,s_64x64_k128_mem,40.14894274591416,9.948492050170898,0,0,UNSUPPORTED,Problem size not supported by kernel
fp8,257,512,257,s_64x64_k128_mem,45.286244980557484,10.406732559204102,0,0,UNSUPPORTED,Problem size not supported by kernel
fp8,512,263,263,s_64x64_k128_mem,60.86297952026186,12.319803237915039,0,0,UNSUPPORTED,Problem size not supported by kernel
fp8,269,1024,269,s_64x64_k128_mem,68.23669665882845,12.965202331542969,0,0,UNSUPPORTED,Problem size not supported by kernel
fp8,1024,271,271,s_64x64_k128_mem,85.03203433729009,16.320228576660156,0,0,UNSUPPORTED,Problem size not supported by kernel
fp8,277,277,2048,s_64x64_k128_mem,53.11129400007194,9.17673110961914,0,0,UNSUPPORTED,Problem size not supported by kernel
fp8,2048,281,281,s_64x64_k128_mem,122.4816930066296,13.086080551147461,0,0,UNSUPPORTED,Problem size not supported by kernel
fp8,293,293,64,s_64x64_k128_mem,15.010639376458897,19.108295440673828,0,0,UNSUPPORTED,Problem size not supported by kernel
fp8,299,64,299,s_64x64_k64_v4,9.704422335852533,15.197277069091797,0,0,UNSUPPORTED,Problem size not supported by kernel
fp8,64,307,307,s_64x64_k128_mem,12.831450616736753,9.919166564941406,0,0,UNSUPPORTED,Problem size not supported by kernel
fp8,311,128,311,s_64x64_k128_mem,25.6832625798166,13.066768646240234,0,0,UNSUPPORTED,Problem size not supported by kernel
fp8,128,313,313,s_64x64_k128_mem,25.231022243129946,15.335559844970703,0,0,UNSUPPORTED,Problem size not supported by kernel
fp8,317,256,317,s_64x64_k128_mem,41.140119791426876,9.874343872070312,0,0,UNSUPPORTED,Problem size not supported by kernel
fp8,256,331,331,s_64x64_k128_mem,51.648892744533946,15.505790710449219,0,0,UNSUPPORTED,Problem size not supported by kernel
fp8,337,512,337,s_64x64_k128_mem,69.42520982869299,15.603780746459961,0,0,UNSUPPORTED,Problem size not supported by kernel
fp8,256,347,347,s_64x64_k128_mem,52.946839257011895,9.126424789428711,0,0,UNSUPPORTED,Problem size not supported by kernel
fp8,128,349,349,s_64x64_k128_mem,36.89396749173024,15.603303909301758,0,0,UNSUPPORTED,Problem size not supported by kernel
fp8,64,353,353,s_64x64_k128_mem,15.011399745778553,11.154413223266602,0,0,UNSUPPORTED,Problem size not supported by kernel
fp8,2048,353,353,s_64x64_k128_mem,134.33638113046004,9.399652481079102,0,0,UNSUPPORTED,Problem size not supported by kernel
fp8,1024,359,359,s_64x64_k128_mem,98.3584927802692,9.590387344360352,0,0,UNSUPPORTED,Problem size not supported by kernel
fp8,512,367,367,s_64x64_k128_mem,81.59567754824559,14.311790466308594,0,0,UNSUPPORTED,Problem size not supported by kernel
fp8,256,373,373,s_64x64_k128_mem,52.41523061110795,10.123729705810547,0,0,UNSUPPORTED,Problem size not supported by kernel
fp8,128,379,379,s_64x64_k128_mem,38.21867025773065,11.227846145629883,0,0,UNSUPPORTED,Problem size not supported by kernel
fp8,64,383,383,s_64x64_k128_mem,15.546371421125606,20.348787307739258,0,0,UNSUPPORTED,Problem size not supported by kernel
fp8,2048,383,383,s_64x64_k128_mem,211.54006342906422,13.14234733581543,0,0,UNSUPPORTED,Problem size not supported by kernel
fp8,389,389,2048,s_64x64_k128_mem,77.22382155143812,15.901803970336914,0,0,UNSUPPORTED,Problem size not supported by kernel
fp8,397,397,1024,s_64x64_k128_mem,72.46090893501795,8.90660285949707,0,0,UNSUPPORTED,Problem size not supported by kernel
fp8,401,401,512,s_64x64_k128_mem,70.18428932048485,16.489028930664062,0,0,UNSUPPORTED,Problem size not supported by kernel
fp8,409,409,256,s_64x64_k128_mem,71.6910520520384,9.370803833007812,0,0,UNSUPPORTED,Problem size not supported by kernel
fp8,419,419,128,s_64x64_k128_mem,74.19633159558052,13.415336608886719,0,0,UNSUPPORTED,Problem size not supported by kernel
fp8,421,421,64,s_64x64_k64_mem,16.78290056747657,10.901212692260742,0,0,UNSUPPORTED,Problem size not supported by kernel
fp8,421,421,2048,s_64x64_k128_mem,91.58561589437912,11.986255645751953,0,0,UNSUPPORTED,Problem size not supported by kernel
fp8,431,431,1024,s_64x64_k128_mem,86.18915129219832,13.492584228515625,0,0,UNSUPPORTED,Problem size not supported by kernel
fp8,433,433,512,s_64x64_k128_mem,82.6648380701836,10.843276977539062,0,0,UNSUPPORTED,Problem size not supported by kernel
fp8,439,439,256,s_64x64_k128_mem,81.72524070114373,10.839223861694336,0,0,UNSUPPORTED,Problem size not supported by kernel
fp8,443,443,128,s_64x64_k128_mem,79.10233791057469,6.902933120727539,0,0,UNSUPPORTED,Problem size not supported by kernel
fp8,449,449,64,r_128x64_k64_v3,15.195784648550886,13.402938842773438,0,0,RUN_FAIL,Kernel execution failed
fp8,449,449,2048,s_64x64_k128_mem,72.97840190547527,8.322477340698242,0,0,UNSUPPORTED,Problem size not supported by kernel
fp8,457,457,1024,s_64x64_k128_mem,74.96424207314985,8.918523788452148,0,0,UNSUPPORTED,Problem size not supported by kernel
fp8,201,402,201,s_64x64_k128_v3,42.58360150303507,6.730794906616211,0,0,UNSUPPORTED,Problem size not supported by kernel
fp8,501,1002,501,s_64x64_k128_mem,182.78186070433878,14.401435852050781,0,0,UNSUPPORTED,Problem size not supported by kernel
fp8,1023,2046,1023,s_64x64_k128_mem,587.4893655386826,15.659332275390625,0,0,UNSUPPORTED,Problem size not supported by kernel
fp8,1777,3554,1777,m_128x128_k128_v3,855.2848883498547,9.477376937866211,0,0,RUN_FAIL,Kernel execution failed
fp8,2222,4444,2222,m_128x128_k128_v3,829.7746405663366,10.068655014038086,0,0,RUN_FAIL,Kernel execution failed
fp8,7158,3579,3579,l_256x256_k64_v3,1211.7522573412018,12.673377990722656,0,0,RUN_FAIL,Kernel execution failed
fp8,8,1024,1024,s_64x64_k128_mem,3.173326338487577,13.72385025024414,0,0,UNSUPPORTED,Problem size not supported by kernel
fp8,4,3072,3072,s_64x64_k128_mem,3.6950939627783383,14.737367630004883,0,0,UNSUPPORTED,Problem size not supported by kernel
fp8,8,4096,4096,s_64x64_k128_mem,6.217937245175103,17.53544807434082,0,0,UNSUPPORTED,Problem size not supported by kernel
fp8,1,5120,5120,s_64x64_k128_mem,3.404479725540849,14.86063003540039,0,0,UNSUPPORTED,Problem size not supported by kernel
fp8,32,5120,5120,s_64x64_k128_mem,102.04323897557929,15.529870986938477,0,0,UNSUPPORTED,Problem size not supported by kernel
fp8,4,8192,8192,s_64x64_k128_mem,6.233398382050588,18.787860870361328,0,0,UNSUPPORTED,Problem size not supported by kernel
fp8,128,8192,8192,s_64x64_k128_mem,503.98161350237956,10.788917541503906,0.09088890254497528,189.0205371937322,SUCCESS,
fp8,16,11008,11008,s_64x64_k128_mem,70.83972571047542,7.161855697631836,0,0,UNSUPPORTED,Problem size not supported by kernel
fp8,2,12288,12288,s_64x64_k128_mem,7.598259479643932,10.900259017944336,0,0,UNSUPPORTED,Problem size not supported by kernel
fp8,64,12288,12288,s_64x64_k128_mem,484.37583793398926,9.407281875610352,0,0,UNSUPPORTED,Problem size not supported by kernel
fp8,8,16384,16384,s_64x64_k128_mem,19.629434720812135,12.227296829223633,0,0,UNSUPPORTED,Problem size not supported by kernel
fp8,128,512,64,s_64x64_k128_mem,21.32545162264972,11.680364608764648,0.005007999949157238,1.6750415505518648,SUCCESS,
fp8,128,80,2560,s_64x64_k128_mem,10.590343125579711,8.653402328491211,0,0,UNSUPPORTED,Problem size not supported by kernel
fp8,128,4096,128,s_64x64_k128_mem,101.45513663886928,10.674476623535156,0.005787999834865332,23.188965416258142,SUCCESS,
fp8,256,64,1024,s_64x64_k128_mem,10.567819154467376,7.64155387878418,0,0,UNSUPPORTED,Problem size not supported by kernel
fp8,256,1536,96,s_64x64_k128_mem,92.0292702614945,8.749246597290039,0.005520000122487545,13.677077957378314,SUCCESS,
fp8,256,256,3072,s_64x64_k128_mem,41.689615645678984,12.235164642333984,0.03395229950547218,11.859378889347488,SUCCESS,
fp8,512,960,80,s_64x64_k128_mem,96.69649521214014,12.744665145874023,0,0,UNSUPPORTED,Problem size not supported by kernel
fp8,512,1536,128,s_64x64_k64_mem,123.34873629020314,10.99538803100586,0.006027999799698591,33.39857310713027,SUCCESS,
fp8,1024,64,512,s_64x64_k128_mem,12.753380762907605,9.389400482177734,0,0,UNSUPPORTED,Problem size not supported by kernel
fp8,1024,768,96,s_64x64_k128_mem,119.96430496767103,9.488582611083984,0.005491999909281731,27.49361735145182,SUCCESS,
fp8,1024,128,4096,s_64x64_k128_mem,80.00888114937302,7.162332534790039,0.04346039891242981,24.70621188184507,SUCCESS,
fp8,2048,2048,64,s_64x64_k128_mem,74.93915347315422,7.584571838378906,0.0063320002518594265,84.78693787833394,SUCCESS,
fp8,2048,96,1536,s_64x64_k128_mem,93.9730683389724,13.046026229858398,0,0,UNSUPPORTED,Problem size not supported by kernel
fp8,2048,4096,256,m_128x128_k64_v3,426.32451594809794,13.632535934448242,0.02298020012676716,186.89860281056716,SUCCESS,
fp8,4096,80,960,s_64x64_k128_mem,122.26802802140632,12.172460556030273,0,0,UNSUPPORTED,Problem size not supported by kernel
fp8,4096,1536,128,s_64x64_k64_mem,213.9325167385753,12.360334396362305,0.009516099467873573,169.251355709074,SUCCESS,
fp8,8192,64,512,s_64x64_k128_mem,18.2998525186318,9.824275970458984,0,0,UNSUPPORTED,Problem size not supported by kernel
fp8,8192,768,96,s_64x64_k64_mem,213.11718543063535,17.30489730834961,0.008948000147938728,134.9977125646636,SUCCESS,
fp8,8192,128,4096,s_64x64_k128_mem,447.1486295823619,7.4520111083984375,0.05138850212097168,167.15674202331812,SUCCESS,
fp8,64,256,2048,s_64x64_k128_mem,13.664393481739891,12.502670288085938,0,0,UNSUPPORTED,Problem size not supported by kernel
fp8,128,256,128,s_64x64_k128_mem,14.077714973555743,12.192249298095703,0.0057920003309845924,1.4483093095013697,SUCCESS,
fp8,256,128,8192,s_64x64_k128_mem,26.865044440817385,15.642642974853516,0.08438879996538162,6.361873995367131,SUCCESS,
fp8,512,128,8192,s_64x64_k128_mem,46.147774518049374,15.848159790039062,0.08459679782390594,12.692464154908883,SUCCESS,
fp8,1024,256,512,s_64x64_k128_mem,89.60806196805709,12.528657913208008,0.01021610014140606,26.275726772883296,SUCCESS,
fp8,2048,512,128,s_64x64_k128_mem,126.8801248011778,10.261058807373047,0.006047999951988459,44.38416966450933,SUCCESS,
fp8,1024,1024,16384,s_64x64_k128_mem,646.8568185302955,12.840509414672852,0.18160979449748993,189.19540360184095,SUCCESS,
fp8,1,2,32,r_64x128_k64_v3,4.383603079963276,11.980056762695312,0,0,RUN_FAIL,Kernel execution failed
fp8,1,16,32,r_64x128_k64_v3,4.35842445169278,11.81793212890625,0.0037919997703284025,0.0002700422104485828,SUCCESS,
fp8,1,128,32,r_64x128_k32_v3,4.418504308322146,14.353752136230469,0.0038199997507035732,0.0021445027577531085,SUCCESS,
fp8,2,2,32,r_128x64_k64_v3,4.523021500774836,13.292074203491211,0,0,RUN_FAIL,Kernel execution failed
fp8,2,16,32,s_64x64_k64_v4,6.661969091145775,10.540246963500977,0,0,UNSUPPORTED,Problem size not supported by kernel
fp8,2,128,32,s_64x64_k64_v4,7.011706280542379,9.27281379699707,0,0,UNSUPPORTED,Problem size not supported by kernel
fp8,4,2,32,r_128x64_k64_v3,6.624385850388539,12.637853622436523,0,0,RUN_FAIL,Kernel execution failed
fp8,4,16,32,s_64x64_k32_v4,6.6479814563094175,11.69729232788086,0,0,UNSUPPORTED,Problem size not supported by kernel
fp8,4,128,32,s_64x64_k64_v4,6.927147216416204,12.248516082763672,0,0,UNSUPPORTED,Problem size not supported by kernel
fp8,8,2,32,s_64x64_k64_v4,6.7363050094715184,7.898569107055664,0,0,UNSUPPORTED,Problem size not supported by kernel
fp8,8,16,32,s_64x64_k64_v4,6.872745943183542,13.044357299804688,0,0,UNSUPPORTED,Problem size not supported by kernel
fp8,8,128,32,s_64x64_k64_v4,7.0468873648556345,15.512466430664062,0,0,UNSUPPORTED,Problem size not supported by kernel
fp8,16,2,32,s_64x64_k64_v4,7.26329101519061,14.523506164550781,0,0,UNSUPPORTED,Problem size not supported by kernel
fp8,16,16,32,s_64x64_k64_v4,7.397572259915413,12.584686279296875,0,0,UNSUPPORTED,Problem size not supported by kernel
fp8,16,128,32,s_64x64_k64_v4,7.607676264309904,13.487100601196289,0,0,UNSUPPORTED,Problem size not supported by kernel
fp8,32,2,32,s_64x64_k32_v4,7.901431705245179,17.12179183959961,0,0,UNSUPPORTED,Problem size not supported by kernel
fp8,32,16,32,s_64x64_k64_v4,7.809188516489852,14.802217483520508,0,0,UNSUPPORTED,Problem size not supported by kernel
fp8,32,128,32,s_64x64_k64_v4,8.124383292392833,9.03773307800293,0,0,UNSUPPORTED,Problem size not supported by kernel
