dtype,M,N,K,selected_kernel,predicted_tflops,selection_time_ms,actual_time_ms,actual_tflops,status,error
fp16,64,64,64,s_64x64_k64_mem,-1.2338297283878357,73.96793365478516,0.003344000084325671,0.1567846850415748,SUCCESS,
fp16,256,256,512,s_64x64_k64_v4,32.77462187706782,8.089542388916016,0.007608000189065933,8.82082838226628,SUCCESS,
fp16,1024,1024,2048,s_64x64_k128_v3,431.93343428166884,14.562845230102539,0.022112099453806877,194.23606993864922,SUCCESS,
fp16,4096,4096,2048,l_256x256_k64_v3,884.8088404127977,12.252330780029297,0.1036808043718338,662.798452928173,SUCCESS,
fp16,5,5,5,m_128x128_k32_v4,-1.4846612658033196,12.395858764648438,0,0,UNSUPPORTED,Problem size not supported by kernel
fp16,19,19,19,m_128x128_k32_v4,-1.3408039929581947,12.750625610351562,0,0,UNSUPPORTED,Problem size not supported by kernel
fp16,47,47,47,m_128x128_k32_v4,-1.5687707304855683,14.975309371948242,0,0,UNSUPPORTED,Problem size not supported by kernel
fp16,73,73,73,m_128x128_k32_v4,-3.3643128144671293,3.3164024353027344,0,0,UNSUPPORTED,Problem size not supported by kernel
fp16,101,101,101,s_64x64_k64_mem,1.2603314484459744,2.4404525756835938,0,0,RUN_FAIL,Kernel execution failed
fp16,119,119,119,s_64x64_k64_mem,4.004012150480106,7.188320159912109,0,0,RUN_FAIL,Kernel execution failed
fp16,151,151,151,s_64x64_k64_mem,3.703908149185852,8.86225700378418,0,0,RUN_FAIL,Kernel execution failed
fp16,191,191,191,s_64x64_k32_v4,11.234850374609941,12.249469757080078,0,0,RUN_FAIL,Kernel execution failed
fp16,233,233,233,s_64x64_k64_v4,19.3722499712045,12.586116790771484,0,0,RUN_FAIL,Kernel execution failed
fp16,271,271,271,s_64x64_k64_v4,20.75133831838309,7.845163345336914,0,0,RUN_FAIL,Kernel execution failed
fp16,313,313,313,s_64x64_k64_v4,33.114363567999234,12.38250732421875,0,0,RUN_FAIL,Kernel execution failed
fp16,359,359,359,s_64x64_k64_v4,33.90643362746853,16.42465591430664,0,0,RUN_FAIL,Kernel execution failed
fp16,409,409,409,s_64x64_k64_v4,68.83054669582839,12.211084365844727,0,0,RUN_FAIL,Kernel execution failed
fp16,449,449,449,s_64x64_k64_v4,71.45530690397271,11.90805435180664,0,0,RUN_FAIL,Kernel execution failed
fp16,499,499,499,s_64x64_k64_v4,77.79809060984996,11.674642562866211,0,0,RUN_FAIL,Kernel execution failed
fp16,557,557,557,s_64x64_k128_v3,86.81055968788885,28.21660041809082,0,0,RUN_FAIL,Kernel execution failed
fp16,599,599,599,s_64x64_k128_v3,90.37935569130639,12.037038803100586,0,0,RUN_FAIL,Kernel execution failed
fp16,643,643,643,s_64x64_k64_v4,88.38166774236998,11.617422103881836,0,0,RUN_FAIL,Kernel execution failed
fp16,683,683,683,s_64x64_k64_mem,110.73142397431167,6.717443466186523,0,0,RUN_FAIL,Kernel execution failed
fp16,743,743,743,s_64x64_k128_mem,167.18466476814234,12.360572814941406,0,0,RUN_FAIL,Kernel execution failed
fp16,3,3,256,s_64x64_k64_mem,1.7125488591528168,6.691932678222656,0,0,RUN_FAIL,Kernel execution failed
fp16,3,27,256,s_64x64_k64_mem,2.6104812137951625,6.900787353515625,0,0,RUN_FAIL,Kernel execution failed
fp16,3,63,128,s_64x64_k64_mem,4.64788919673148,16.81971549987793,0,0,RUN_FAIL,Kernel execution failed
fp16,3,99,128,s_64x64_k64_mem,4.597725924141436,12.409687042236328,0,0,RUN_FAIL,Kernel execution failed
fp16,3,111,1024,s_64x64_k64_mem,1.7390812386489838,6.6680908203125,0,0,RUN_FAIL,Kernel execution failed
fp16,3,149,1024,s_64x64_k64_mem,1.768134906185919,6.768703460693359,0,0,RUN_FAIL,Kernel execution failed
fp16,3,197,512,s_64x64_k64_mem,6.030382059728686,5.778074264526367,0,0,RUN_FAIL,Kernel execution failed
fp16,3,257,512,s_64x64_k128_v3,6.0708557348425165,12.887954711914062,0,0,RUN_FAIL,Kernel execution failed
fp16,3,311,256,s_64x64_k64_mem,5.88543710059579,6.667137145996094,0,0,RUN_FAIL,Kernel execution failed
fp16,5,15,256,s_64x64_k64_mem,2.5906384808229954,11.391878128051758,0,0,RUN_FAIL,Kernel execution failed
fp16,5,47,128,s_64x64_k128_mem,4.049565076871599,13.150453567504883,0,0,RUN_FAIL,Kernel execution failed
fp16,5,83,128,s_64x64_k128_mem,5.070294592761537,7.33494758605957,0,0,RUN_FAIL,Kernel execution failed
fp16,5,101,1024,s_64x64_k64_mem,1.2452726040484055,7.518291473388672,0,0,RUN_FAIL,Kernel execution failed
fp16,5,127,1024,s_64x64_k64_mem,1.6835599377676425,11.939525604248047,0,0,RUN_FAIL,Kernel execution failed
fp16,5,179,1024,s_64x64_k64_mem,1.790476989094643,11.760950088500977,0,0,RUN_FAIL,Kernel execution failed
fp16,5,233,512,s_64x64_k64_mem,6.474624357483029,12.22991943359375,0,0,RUN_FAIL,Kernel execution failed
fp16,5,283,512,s_64x64_k64_mem,6.380063903251371,17.897844314575195,0,0,RUN_FAIL,Kernel execution failed
fp16,7,7,256,s_64x64_k64_v4,3.1747288653085306,6.68025016784668,0,0,RUN_FAIL,Kernel execution failed
fp16,7,33,256,m_128x128_k32_v4,4.306872356001445,11.516094207763672,0,0,UNSUPPORTED,Problem size not supported by kernel
fp16,7,71,128,m_128x128_k32_v4,4.0492592390536615,6.129026412963867,0,0,UNSUPPORTED,Problem size not supported by kernel
fp16,7,103,128,m_128x128_k32_v4,5.188267986208164,6.581544876098633,0,0,UNSUPPORTED,Problem size not supported by kernel
fp16,7,117,1024,s_64x64_k64_mem,4.025244662824709,5.478858947753906,0,0,RUN_FAIL,Kernel execution failed
fp16,7,157,1024,s_64x64_k64_mem,5.032084951732086,2.9234886169433594,0,0,RUN_FAIL,Kernel execution failed
fp16,7,211,512,s_64x64_k64_mem,6.182125000481308,8.707046508789062,0,0,RUN_FAIL,Kernel execution failed
fp16,7,269,512,s_64x64_k64_mem,6.182125000481308,6.665229797363281,0,0,RUN_FAIL,Kernel execution failed
fp16,7,317,256,s_64x64_k64_v4,7.522607640972562,11.308670043945312,0,0,RUN_FAIL,Kernel execution failed
fp16,9,19,256,s_64x64_k64_v4,4.1419049277537185,12.384414672851562,0,0,RUN_FAIL,Kernel execution failed
fp16,9,59,128,m_128x128_k32_v4,4.640896273998293,6.593465805053711,0,0,UNSUPPORTED,Problem size not supported by kernel
fp16,9,91,128,m_128x128_k32_v4,4.421381969659892,6.111383438110352,0,0,UNSUPPORTED,Problem size not supported by kernel
fp16,9,107,1024,s_64x64_k64_mem,4.350457013357453,6.616830825805664,0,0,RUN_FAIL,Kernel execution failed
fp16,9,137,1024,s_64x64_k64_mem,4.230130690103464,6.61158561706543,0,0,RUN_FAIL,Kernel execution failed
fp16,9,191,512,s_64x64_k64_mem,5.36166009090193,8.881330490112305,0,0,RUN_FAIL,Kernel execution failed
fp16,9,241,512,s_64x64_k64_mem,6.247909827779614,6.893634796142578,0,0,RUN_FAIL,Kernel execution failed
fp16,9,299,512,s_64x64_k64_mem,6.77347153824876,6.707668304443359,0,0,RUN_FAIL,Kernel execution failed
fp16,11,11,256,s_64x64_k64_v4,3.9061013958956523,8.030176162719727,0,0,RUN_FAIL,Kernel execution failed
fp16,11,41,256,s_64x64_k64_v4,4.801557126827868,11.843204498291016,0,0,RUN_FAIL,Kernel execution failed
fp16,11,77,128,m_128x128_k32_v4,4.651127508094576,11.100053787231445,0,0,UNSUPPORTED,Problem size not supported by kernel
fp16,11,109,128,m_128x128_k32_v4,4.740953057802429,12.998104095458984,0,0,UNSUPPORTED,Problem size not supported by kernel
fp16,11,121,1024,s_64x64_k64_mem,4.410585253937037,6.591081619262695,0,0,RUN_FAIL,Kernel execution failed
fp16,11,167,1024,s_64x64_k64_mem,4.517502305264035,17.276287078857422,0,0,RUN_FAIL,Kernel execution failed
fp16,11,227,512,s_64x64_k64_mem,6.246810698407845,9.487390518188477,0,0,RUN_FAIL,Kernel execution failed
fp16,11,277,512,s_64x64_k64_mem,6.246810698407845,7.8144073486328125,0,0,RUN_FAIL,Kernel execution failed
fp16,11,337,256,s_64x64_k64_v4,7.966202435310659,7.989168167114258,0,0,RUN_FAIL,Kernel execution failed
fp16,13,13,256,s_64x64_k64_v4,4.000661850127308,11.61336898803711,0,0,RUN_FAIL,Kernel execution failed
fp16,13,43,128,s_64x64_k128_mem,4.317434578689416,12.899160385131836,0,0,RUN_FAIL,Kernel execution failed
fp16,13,79,128,m_128x128_k32_v4,4.350352650788323,6.501436233520508,0,0,UNSUPPORTED,Problem size not supported by kernel
fp16,13,99,1024,s_64x64_k64_mem,3.261878920834633,6.134986877441406,0,0,RUN_FAIL,Kernel execution failed
fp16,13,123,1024,s_64x64_k64_mem,3.134458261685703,6.565570831298828,0,0,RUN_FAIL,Kernel execution failed
fp16,13,173,512,s_64x64_k64_v4,6.584537350433603,11.710166931152344,0,0,RUN_FAIL,Kernel execution failed
fp16,13,229,512,s_64x64_k64_v4,7.93242299117244,11.586427688598633,0,0,RUN_FAIL,Kernel execution failed
fp16,13,281,256,s_64x64_k64_v4,7.877816757653787,11.486291885375977,0,0,RUN_FAIL,Kernel execution failed
fp16,15,5,256,s_64x64_k128_mem,3.9944199551474733,11.410713195800781,0,0,RUN_FAIL,Kernel execution failed
fp16,15,31,256,s_64x64_k64_v4,4.6676819144870665,11.388063430786133,0,0,RUN_FAIL,Kernel execution failed
fp16,15,67,128,s_64x64_k128_v3,4.652210095349305,11.601686477661133,0,0,RUN_FAIL,Kernel execution failed
fp16,15,101,128,s_64x64_k128_mem,4.91305178664158,12.694120407104492,0,0,RUN_FAIL,Kernel execution failed
fp16,15,113,1024,s_64x64_k64_mem,3.7154810749077853,11.318445205688477,0,0,RUN_FAIL,Kernel execution failed
fp16,15,151,1024,s_64x64_k64_mem,3.6949774670858555,21.47817611694336,0,0,RUN_FAIL,Kernel execution failed
fp16,15,199,512,s_64x64_k64_v4,8.041246324829956,11.410713195800781,0,0,RUN_FAIL,Kernel execution failed
fp16,15,263,512,s_64x64_k64_v4,8.502882228691105,6.654024124145508,0,0,RUN_FAIL,Kernel execution failed
fp16,15,313,256,s_64x64_k64_v4,8.948212592640488,11.477470397949219,0,0,RUN_FAIL,Kernel execution failed
fp16,17,17,256,s_64x64_k64_v4,4.4823170124928815,6.5402984619140625,0,0,RUN_FAIL,Kernel execution failed
fp16,17,51,128,s_64x64_k128_mem,4.332588442556865,6.620168685913086,0,0,RUN_FAIL,Kernel execution failed
fp16,17,89,128,m_128x128_k32_v4,4.283600036899863,6.966829299926758,0,0,UNSUPPORTED,Problem size not supported by kernel
fp16,17,103,1024,s_64x64_k64_mem,3.5117691255837657,6.071329116821289,0,0,RUN_FAIL,Kernel execution failed
fp16,17,131,1024,s_64x64_k64_mem,3.5325164045975472,6.664752960205078,0,0,RUN_FAIL,Kernel execution failed
fp16,17,181,512,s_64x64_k64_v4,7.512194044763179,6.508827209472656,0,0,RUN_FAIL,Kernel execution failed
fp16,17,239,512,s_64x64_k64_v4,8.183599223439316,6.870508193969727,0,0,RUN_FAIL,Kernel execution failed
fp16,17,293,256,s_64x64_k64_v4,8.083663163042532,6.556034088134766,0,0,RUN_FAIL,Kernel execution failed
fp16,19,9,256,s_64x64_k128_mem,5.698448147430414,6.666421890258789,0,0,RUN_FAIL,Kernel execution failed
fp16,19,37,128,s_64x64_k128_mem,3.6800522699262745,4.639148712158203,0,0,RUN_FAIL,Kernel execution failed
fp16,19,73,128,m_128x128_k32_v4,4.270685256274853,6.417274475097656,0,0,UNSUPPORTED,Problem size not supported by kernel
fp16,19,107,128,m_128x128_k32_v4,4.487931465131632,10.389089584350586,0,0,UNSUPPORTED,Problem size not supported by kernel
fp16,19,119,1024,s_64x64_k64_mem,4.232422666354405,6.569385528564453,0,0,RUN_FAIL,Kernel execution failed
fp16,19,163,1024,s_64x64_k64_mem,3.9893689119777695,12.190818786621094,0,0,RUN_FAIL,Kernel execution failed
fp16,19,223,512,s_64x64_k64_v4,8.477990668331229,6.591796875,0,0,RUN_FAIL,Kernel execution failed
fp16,19,271,512,s_64x64_k64_v4,8.477990668331229,6.493806838989258,0,0,RUN_FAIL,Kernel execution failed
fp16,19,331,256,s_64x64_k64_v4,8.380969795111962,6.810665130615234,0,0,RUN_FAIL,Kernel execution failed
fp16,23,23,256,s_64x64_k64_v4,4.738890390098052,15.040397644042969,0,0,RUN_FAIL,Kernel execution failed
fp16,23,61,128,m_128x128_k32_v4,2.752827288110342,6.679534912109375,0,0,UNSUPPORTED,Problem size not supported by kernel
fp16,23,97,128,m_128x128_k32_v4,3.5740649721359268,6.647348403930664,0,0,UNSUPPORTED,Problem size not supported by kernel
fp16,23,109,1024,s_64x64_k64_mem,4.232422666354405,2.559185028076172,0,0,RUN_FAIL,Kernel execution failed
fp16,23,139,1024,s_64x64_k64_mem,3.7177563543970997,6.603240966796875,0,0,RUN_FAIL,Kernel execution failed
fp16,23,193,512,s_64x64_k64_v4,7.159208318125782,6.625652313232422,0,0,RUN_FAIL,Kernel execution failed
fp16,23,251,512,s_64x64_k64_v4,8.90425276420995,6.554126739501953,0,0,RUN_FAIL,Kernel execution failed
fp16,23,307,256,s_64x64_k64_v4,8.342680799952026,11.660099029541016,0,0,RUN_FAIL,Kernel execution failed
fp16,27,3,256,m_128x128_k32_v4,2.1297163951055844,11.562108993530273,0,0,UNSUPPORTED,Problem size not supported by kernel
fp16,27,27,128,m_128x128_k32_v4,2.227415023666123,6.0634613037109375,0,0,UNSUPPORTED,Problem size not supported by kernel
fp16,27,63,128,m_128x128_k32_v4,2.3487397631674938,6.107807159423828,0,0,UNSUPPORTED,Problem size not supported by kernel
fp16,27,79,1024,s_64x64_k128_v3,4.94106483067588,6.105899810791016,0,0,RUN_FAIL,Kernel execution failed
fp16,27,111,1024,s_64x64_k128_v3,5.367326926554604,13.233184814453125,0,0,RUN_FAIL,Kernel execution failed
fp16,27,149,1024,s_64x64_k128_v3,4.852660614597298,7.231235504150391,0,0,RUN_FAIL,Kernel execution failed
fp16,27,197,512,s_64x64_k128_v3,6.299670268484143,11.167526245117188,0,0,RUN_FAIL,Kernel execution failed
fp16,27,257,512,s_64x64_k128_v3,6.351660908240631,6.741046905517578,0,0,RUN_FAIL,Kernel execution failed
fp16,27,311,256,s_64x64_k64_v4,7.292677767146328,12.184381484985352,0,0,RUN_FAIL,Kernel execution failed
fp16,31,15,256,m_128x128_k32_v4,4.7458270610773825,10.886669158935547,0,0,UNSUPPORTED,Problem size not supported by kernel
fp16,31,47,128,m_128x128_k32_v4,1.7528201094298475,6.361961364746094,0,0,UNSUPPORTED,Problem size not supported by kernel
fp16,31,83,128,m_128x128_k32_v4,2.2063599519695574,6.047725677490234,0,0,UNSUPPORTED,Problem size not supported by kernel
fp16,31,101,1024,s_64x64_k128_v3,5.415119370932302,6.105184555053711,0,0,RUN_FAIL,Kernel execution failed
fp16,31,127,1024,s_64x64_k128_v3,5.304159304571081,7.6904296875,0,0,RUN_FAIL,Kernel execution failed
fp16,31,179,512,s_64x64_k128_v3,5.3475812817984245,12.418031692504883,0,0,RUN_FAIL,Kernel execution failed
fp16,31,233,512,s_64x64_k128_v3,6.8204928185945235,9.71531867980957,0,0,RUN_FAIL,Kernel execution failed
fp16,31,283,256,m_128x128_k32_v4,4.90942201601439,6.655454635620117,0,0,UNSUPPORTED,Problem size not supported by kernel
fp16,33,7,256,m_128x128_k32_v4,2.7178897249467626,6.567716598510742,0,0,UNSUPPORTED,Problem size not supported by kernel
fp16,33,33,128,m_128x128_k32_v4,1.702177693727845,5.9833526611328125,0,0,UNSUPPORTED,Problem size not supported by kernel
fp16,33,71,128,m_128x128_k32_v4,1.8235024332292153,6.124734878540039,0,0,UNSUPPORTED,Problem size not supported by kernel
fp16,33,89,1024,s_64x64_k128_v3,4.988857275053578,6.169795989990234,0,0,RUN_FAIL,Kernel execution failed
fp16,33,117,1024,s_64x64_k128_v3,5.304159304571081,6.638526916503906,0,0,RUN_FAIL,Kernel execution failed
fp16,33,157,512,s_64x64_k128_v3,5.3475812817984245,6.648540496826172,0,0,RUN_FAIL,Kernel execution failed
fp16,33,211,512,s_64x64_k128_v3,6.190518773391782,6.624460220336914,0,0,RUN_FAIL,Kernel execution failed
fp16,33,269,512,s_64x64_k128_v3,6.3942307227158,11.85464859008789,0,0,RUN_FAIL,Kernel execution failed
fp16,33,317,256,s_64x64_k64_v4,5.075902907293148,6.794929504394531,0,0,RUN_FAIL,Kernel execution failed
fp16,37,19,256,m_128x128_k32_v4,4.786669797784086,6.679296493530273,0,0,UNSUPPORTED,Problem size not supported by kernel
fp16,37,59,128,m_128x128_k32_v4,1.7528201094298475,6.109476089477539,0,0,UNSUPPORTED,Problem size not supported by kernel
fp16,37,91,128,m_128x128_k32_v4,1.8805390382220042,4.230022430419922,0,0,UNSUPPORTED,Problem size not supported by kernel
fp16,37,107,1024,s_64x64_k128_v3,5.415119370932302,10.225534439086914,0,0,RUN_FAIL,Kernel execution failed
fp16,37,137,1024,s_64x64_k128_v3,4.900453058974995,6.608486175537109,0,0,RUN_FAIL,Kernel execution failed
fp16,37,191,512,s_64x64_k128_v3,5.236621215437204,6.567239761352539,0,0,RUN_FAIL,Kernel execution failed
fp16,37,241,512,s_64x64_k128_v3,6.618960278361598,6.70933723449707,0,0,RUN_FAIL,Kernel execution failed
fp16,37,299,256,s_64x64_k64_v4,5.34221775961875,6.655216217041016,0,0,RUN_FAIL,Kernel execution failed
fp16,41,11,256,m_128x128_k32_v4,2.016514280696035,6.697893142700195,0,0,UNSUPPORTED,Problem size not supported by kernel
fp16,41,41,128,m_128x128_k32_v4,2.025305334801124,6.646871566772461,0,0,UNSUPPORTED,Problem size not supported by kernel
fp16,41,77,128,m_128x128_k32_v4,2.095987658600491,6.146907806396484,0,0,UNSUPPORTED,Problem size not supported by kernel
fp16,41,97,1024,s_64x64_k128_v3,5.5754808363700175,6.065130233764648,0,0,RUN_FAIL,Kernel execution failed
fp16,41,121,1024,s_64x64_k128_v3,5.9473682243658414,6.969451904296875,0,0,RUN_FAIL,Kernel execution failed
fp16,41,167,512,s_64x64_k128_v3,7.184957016052771,9.077310562133789,0,0,RUN_FAIL,Kernel execution failed
fp16,41,227,512,s_64x64_k128_v3,13.052682076328958,12.672185897827148,0,0,RUN_FAIL,Kernel execution failed
fp16,41,277,256,m_128x128_k32_v4,5.221621482690416,8.330583572387695,0,0,UNSUPPORTED,Problem size not supported by kernel
fp16,41,337,256,s_64x64_k64_v4,9.435411690908698,9.549856185913086,0,0,RUN_FAIL,Kernel execution failed
fp16,43,13,256,m_128x128_k32_v4,2.016514280696035,9.273052215576172,0,0,UNSUPPORTED,Problem size not supported by kernel
fp16,43,43,128,m_128x128_k32_v4,2.025305334801124,9.001016616821289,0,0,UNSUPPORTED,Problem size not supported by kernel
fp16,43,79,128,m_128x128_k32_v4,2.1530242635932813,10.689735412597656,0,0,UNSUPPORTED,Problem size not supported by kernel
fp16,43,99,1024,s_64x64_k128_v3,5.5754808363700175,4.137516021728516,0,0,RUN_FAIL,Kernel execution failed
fp16,43,123,1024,s_64x64_k128_v3,6.774379757779391,9.419441223144531,0,0,RUN_FAIL,Kernel execution failed
fp16,43,173,512,s_64x64_k128_v3,11.611620358557326,6.57200813293457,0,0,RUN_FAIL,Kernel execution failed
fp16,43,229,512,s_64x64_k128_v3,13.052682076328958,6.602287292480469,0,0,RUN_FAIL,Kernel execution failed
fp16,43,281,256,s_64x64_k64_v4,8.81038244215644,7.009744644165039,0,0,RUN_FAIL,Kernel execution failed
fp16,47,5,256,m_128x128_k32_v4,0.9745842225899843,11.394023895263672,0,0,UNSUPPORTED,Problem size not supported by kernel
fp16,47,31,128,m_128x128_k32_v4,1.9231408386988058,10.476827621459961,0,0,UNSUPPORTED,Problem size not supported by kernel
fp16,47,67,128,m_128x128_k32_v4,1.716958456321932,6.598949432373047,0,0,UNSUPPORTED,Problem size not supported by kernel
fp16,47,83,1024,s_64x64_k64_v4,5.65426302229582,6.253957748413086,0,0,RUN_FAIL,Kernel execution failed
fp16,47,113,1024,s_64x64_k64_v4,10.718192383941266,6.487131118774414,0,0,RUN_FAIL,Kernel execution failed
fp16,47,151,512,s_64x64_k128_v3,11.626361487095418,9.441137313842773,0,0,RUN_FAIL,Kernel execution failed
fp16,47,199,512,s_64x64_k128_v3,12.973674611198016,6.659984588623047,0,0,RUN_FAIL,Kernel execution failed
fp16,47,263,256,s_64x64_k64_v4,8.390446177345073,6.618976593017578,0,0,RUN_FAIL,Kernel execution failed
fp16,47,313,256,s_64x64_k64_v4,9.190771194276657,6.508350372314453,0,0,RUN_FAIL,Kernel execution failed
fp16,51,17,128,m_128x128_k32_v4,-1.0511344322036518,7.055997848510742,0,0,UNSUPPORTED,Problem size not supported by kernel
fp16,51,51,128,m_128x128_k32_v4,0.06926285616503598,10.501861572265625,0,0,UNSUPPORTED,Problem size not supported by kernel
fp16,51,89,128,m_128x128_k32_v4,0.6232438808359122,6.169319152832031,0,0,UNSUPPORTED,Problem size not supported by kernel
fp16,51,103,1024,s_64x64_k64_v4,9.517549080633527,6.051063537597656,0,0,RUN_FAIL,Kernel execution failed
fp16,51,131,1024,s_64x64_k64_v4,8.847383551875142,8.078336715698242,0,0,RUN_FAIL,Kernel execution failed
fp16,51,181,512,s_64x64_k64_v4,10.432503722451198,9.631872177124023,0,0,RUN_FAIL,Kernel execution failed
fp16,51,239,512,s_64x64_k128_v3,12.314287955610745,6.717443466186523,0,0,RUN_FAIL,Kernel execution failed
fp16,51,293,256,s_64x64_k64_v4,8.049274852004785,6.716012954711914,0,0,RUN_FAIL,Kernel execution failed
fp16,59,9,256,r_64x128_k64_v3,-0.51717468802149,6.6661834716796875,0,0,RUN_FAIL,Kernel execution failed
fp16,59,37,128,s_64x64_k64_v4,0.4987436221888157,12.99285888671875,0,0,RUN_FAIL,Kernel execution failed
fp16,59,73,128,m_128x128_k32_v4,0.10706306562812513,11.502504348754883,0,0,UNSUPPORTED,Problem size not supported by kernel
fp16,59,91,1024,s_64x64_k64_v4,11.474616442103992,7.344722747802734,0,0,RUN_FAIL,Kernel execution failed
fp16,59,119,1024,s_64x64_k64_v4,11.729728025732815,7.593631744384766,0,0,RUN_FAIL,Kernel execution failed
fp16,59,163,512,s_64x64_k64_v4,12.283269171558757,9.956598281860352,0,0,RUN_FAIL,Kernel execution failed
fp16,59,223,512,s_64x64_k128_v3,14.155558979583988,10.742425918579102,0,0,RUN_FAIL,Kernel execution failed
fp16,59,271,256,s_64x64_k64_v4,9.458136772918634,6.795644760131836,0,0,RUN_FAIL,Kernel execution failed
fp16,59,331,256,s_64x64_k64_v4,10.90107867322028,11.511564254760742,0,0,RUN_FAIL,Kernel execution failed
fp16,61,23,128,r_64x128_k64_v3,-0.7882076355193077,6.592750549316406,0,0,RUN_FAIL,Kernel execution failed
fp16,61,61,128,s_64x64_k64_v4,0.9116651293503736,6.870746612548828,0,0,RUN_FAIL,Kernel execution failed
fp16,61,77,1024,s_64x64_k64_v4,10.876455517294625,14.79482650756836,0,0,RUN_FAIL,Kernel execution failed
fp16,61,109,1024,s_64x64_k64_v4,11.729728025732815,11.536121368408203,0,0,RUN_FAIL,Kernel execution failed
fp16,61,139,1024,s_64x64_k64_v4,10.973416203210228,11.4898681640625,0,0,RUN_FAIL,Kernel execution failed
fp16,61,193,512,s_64x64_k128_v3,13.28680707164577,11.364221572875977,0,0,RUN_FAIL,Kernel execution failed
fp16,61,251,512,s_64x64_k64_v4,14.041132044956955,11.446237564086914,0,0,RUN_FAIL,Kernel execution failed
fp16,61,307,256,s_64x64_k64_v4,9.137607130369007,12.809991836547852,0,0,RUN_FAIL,Kernel execution failed
fp16,63,3,256,s_64x64_k64_v4,1.6076535751413803,11.810541152954102,0,0,RUN_FAIL,Kernel execution failed
fp16,63,27,128,s_64x64_k64_v4,0.4195777761234574,12.74418830871582,0,0,RUN_FAIL,Kernel execution failed
fp16,63,63,128,s_64x64_k64_v4,0.9116651293503736,11.352777481079102,0,0,RUN_FAIL,Kernel execution failed
fp16,63,79,1024,s_64x64_k64_v4,11.302717613173341,11.483430862426758,0,0,RUN_FAIL,Kernel execution failed
fp16,63,111,1024,s_64x64_k64_v4,11.729728025732815,11.441469192504883,0,0,RUN_FAIL,Kernel execution failed
fp16,63,149,512,s_64x64_k64_v4,11.018618389186091,11.380195617675781,0,0,RUN_FAIL,Kernel execution failed
fp16,63,197,512,s_64x64_k128_v3,13.381367525877424,12.543201446533203,0,0,RUN_FAIL,Kernel execution failed
fp16,63,257,256,s_64x64_k64_v4,8.414842569800111,10.683774948120117,0,0,RUN_FAIL,Kernel execution failed
fp16,63,311,256,s_64x64_k64_v4,9.947082429476147,11.269330978393555,0,0,RUN_FAIL,Kernel execution failed
fp16,67,15,128,s_64x64_k64_mem,-2.294537372968598,11.748313903808594,0,0,RUN_FAIL,Kernel execution failed
fp16,67,47,128,m_128x128_k32_v4,-0.11301664787371903,11.561155319213867,0,0,UNSUPPORTED,Problem size not supported by kernel
fp16,67,67,1024,s_64x64_k128_v3,9.933017123451776,6.630420684814453,0,0,RUN_FAIL,Kernel execution failed
fp16,67,101,1024,s_64x64_k128_v3,9.81624417160261,7.087945938110352,0,0,RUN_FAIL,Kernel execution failed
fp16,67,127,512,s_64x64_k64_v4,9.15091375383167,6.819248199462891,0,0,RUN_FAIL,Kernel execution failed
fp16,67,179,512,s_64x64_k64_v4,10.422460950202874,2.8901100158691406,0,0,RUN_FAIL,Kernel execution failed
fp16,67,233,512,s_64x64_k64_v4,13.190566346544962,5.407810211181641,0,0,RUN_FAIL,Kernel execution failed
fp16,67,283,256,s_64x64_k64_v4,9.265845706579745,6.623983383178711,0,0,RUN_FAIL,Kernel execution failed
fp16,71,7,256,m_128x128_k32_v4,-1.5151141111013584,3.2558441162109375,0,0,UNSUPPORTED,Problem size not supported by kernel
fp16,71,33,128,m_128x128_k32_v4,0.3359318483772724,10.463714599609375,0,0,UNSUPPORTED,Problem size not supported by kernel
fp16,71,71,128,m_128x128_k32_v4,0.058416854062965776,7.735252380371094,0,0,UNSUPPORTED,Problem size not supported by kernel
fp16,71,89,1024,s_64x64_k128_v3,9.674977376842419,6.162405014038086,0,0,RUN_FAIL,Kernel execution failed
fp16,71,117,1024,s_64x64_k128_v3,9.860342278836605,6.635189056396484,0,0,RUN_FAIL,Kernel execution failed
fp16,71,157,512,s_64x64_k64_v4,9.798346701085629,13.108253479003906,0,0,RUN_FAIL,Kernel execution failed
fp16,71,211,512,s_64x64_k64_v4,12.954739097553114,10.329723358154297,0,0,RUN_FAIL,Kernel execution failed
fp16,71,269,256,s_64x64_k64_v4,9.030018457587895,11.626720428466797,0,0,RUN_FAIL,Kernel execution failed
fp16,71,317,256,s_64x64_k64_v4,9.101269248812464,7.341146469116211,0,0,RUN_FAIL,Kernel execution failed
fp16,73,19,128,m_128x128_k32_v4,-2.1117145059212445,11.542320251464844,0,0,UNSUPPORTED,Problem size not supported by kernel
fp16,73,59,128,m_128x128_k32_v4,0.058416854062965776,6.046772003173828,0,0,UNSUPPORTED,Problem size not supported by kernel
fp16,73,73,1024,s_64x64_k128_v3,9.580416922610762,5.9909820556640625,0,0,RUN_FAIL,Kernel execution failed
fp16,73,107,1024,s_64x64_k128_v3,9.674977376842419,9.654521942138672,0,0,RUN_FAIL,Kernel execution failed
fp16,73,137,512,s_64x64_k64_v4,9.83370393640852,9.799480438232422,0,0,RUN_FAIL,Kernel execution failed
fp16,73,191,512,s_64x64_k64_v4,10.281194155442686,6.685733795166016,0,0,RUN_FAIL,Kernel execution failed
fp16,73,241,256,s_64x64_k64_v4,9.150208209747218,8.28099250793457,0,0,RUN_FAIL,Kernel execution failed
fp16,73,299,256,s_64x64_k64_v4,9.101269248812464,11.809587478637695,0,0,RUN_FAIL,Kernel execution failed
fp16,77,11,256,r_64x128_k64_v3,-1.7682625786891992,12.927055358886719,0,0,RUN_FAIL,Kernel execution failed
fp16,77,41,128,m_128x128_k32_v4,0.022858102526121644,11.611461639404297,0,0,UNSUPPORTED,Problem size not supported by kernel
fp16,77,77,128,m_128x128_k32_v4,-0.2546568917881825,6.6204071044921875,0,0,UNSUPPORTED,Problem size not supported by kernel
fp16,77,97,1024,s_64x64_k128_v3,9.719099201210197,6.048917770385742,0,0,RUN_FAIL,Kernel execution failed
fp16,77,121,1024,s_64x64_k128_v3,9.589181511655648,6.662845611572266,0,0,RUN_FAIL,Kernel execution failed
fp16,77,167,512,s_64x64_k64_v4,9.842468525453409,6.659269332885742,0,0,RUN_FAIL,Kernel execution failed
fp16,77,227,512,s_64x64_k64_v4,13.093421376152547,11.932134628295898,0,0,RUN_FAIL,Kernel execution failed
fp16,77,277,256,s_64x64_k64_v4,9.168700736187333,6.675004959106445,0,0,RUN_FAIL,Kernel execution failed
fp16,77,337,256,s_64x64_k64_v4,8.848785242370141,6.506919860839844,0,0,RUN_FAIL,Kernel execution failed
fp16,79,13,128,r_64x128_k64_v3,-1.9860285978737382,6.526470184326172,0,0,RUN_FAIL,Kernel execution failed
fp16,79,43,128,s_64x64_k64_v4,0.2240712659565834,6.52623176574707,0,0,RUN_FAIL,Kernel execution failed
fp16,79,63,1024,s_64x64_k128_v3,10.657327248595847,6.558418273925781,0,0,RUN_FAIL,Kernel execution failed
fp16,79,99,1024,s_64x64_k128_v3,10.089688071308448,7.238149642944336,0,0,RUN_FAIL,Kernel execution failed
fp16,79,123,512,s_64x64_k64_v4,9.570694393190397,11.586666107177734,0,0,RUN_FAIL,Kernel execution failed
fp16,79,173,512,s_64x64_k64_v4,10.359076663319652,11.301994323730469,0,0,RUN_FAIL,Kernel execution failed
fp16,79,229,256,s_64x64_k64_v4,9.950408717950816,11.2457275390625,0,0,RUN_FAIL,Kernel execution failed
fp16,79,281,256,s_64x64_k64_v4,9.950408717950816,12.14742660522461,0,0,RUN_FAIL,Kernel execution failed
fp16,83,5,128,s_64x64_k64_v4,-0.4786868840884989,13.968467712402344,0,0,RUN_FAIL,Kernel execution failed
fp16,83,31,128,r_64x128_k64_v3,-1.0502463817065197,11.375665664672852,0,0,RUN_FAIL,Kernel execution failed
fp16,83,67,128,m_128x128_k32_v4,-0.048474509411308576,11.260032653808594,0,0,UNSUPPORTED,Problem size not supported by kernel
fp16,83,83,1024,s_64x64_k64_v4,10.171019948157085,8.840560913085938,0,0,RUN_FAIL,Kernel execution failed
fp16,83,113,1024,s_64x64_k64_v4,10.502622872580883,7.433414459228516,0,0,RUN_FAIL,Kernel execution failed
fp16,83,151,512,s_64x64_k64_v4,7.915653928412267,7.041454315185547,0,0,RUN_FAIL,Kernel execution failed
fp16,83,199,512,s_64x64_k64_v4,10.800616408199865,6.819009780883789,0,0,RUN_FAIL,Kernel execution failed
fp16,83,263,256,s_64x64_k64_v4,10.019946850476343,6.591558456420898,0,0,RUN_FAIL,Kernel execution failed
fp16,83,313,256,s_64x64_k64_v4,10.517459737579632,10.01596450805664,0,0,RUN_FAIL,Kernel execution failed
fp16,89,17,128,r_64x128_k64_v3,-1.6727006357957506,6.633281707763672,0,0,RUN_FAIL,Kernel execution failed
fp16,89,51,128,s_64x64_k64_v4,0.9228185872065858,11.462211608886719,0,0,RUN_FAIL,Kernel execution failed
fp16,89,71,1024,s_64x64_k64_v4,9.876745001077772,11.701822280883789,0,0,RUN_FAIL,Kernel execution failed
fp16,89,103,1024,s_64x64_k64_v4,10.502622872580883,6.542444229125977,0,0,RUN_FAIL,Kernel execution failed
fp16,89,131,512,s_64x64_k64_v4,7.750411150381243,6.85882568359375,0,0,RUN_FAIL,Kernel execution failed
fp16,89,181,512,s_64x64_k64_v4,8.513814853221646,3.6911964416503906,0,0,RUN_FAIL,Kernel execution failed
fp16,89,239,256,s_64x64_k64_v4,10.566398698514385,2.8498172760009766,0,0,RUN_FAIL,Kernel execution failed
fp16,89,293,256,s_64x64_k64_v4,10.517459737579632,12.768745422363281,0,0,RUN_FAIL,Kernel execution failed
fp16,91,9,128,m_128x128_k32_v4,-2.342528315903428,6.571292877197266,0,0,UNSUPPORTED,Problem size not supported by kernel
fp16,91,37,128,m_128x128_k32_v4,0.1691988042080653,6.111383438110352,0,0,UNSUPPORTED,Problem size not supported by kernel
fp16,91,59,1024,s_64x64_k64_v4,10.238020486875346,6.599187850952148,0,0,RUN_FAIL,Kernel execution failed
fp16,91,91,1024,s_64x64_k64_v4,9.4166191285165,6.5517425537109375,0,0,RUN_FAIL,Kernel execution failed
fp16,91,119,1024,s_64x64_k64_v4,9.843832168986397,8.139371871948242,0,0,RUN_FAIL,Kernel execution failed
fp16,91,163,512,s_64x64_k64_v4,7.61831288516964,6.592512130737305,0,0,RUN_FAIL,Kernel execution failed
fp16,91,223,512,s_64x64_k64_v4,10.075804226845408,6.679058074951172,0,0,RUN_FAIL,Kernel execution failed
fp16,91,271,256,s_64x64_k64_v4,9.567350923199525,6.728410720825195,0,0,RUN_FAIL,Kernel execution failed
fp16,91,331,256,s_64x64_k64_v4,9.306600623326148,6.58726692199707,0,0,RUN_FAIL,Kernel execution failed
fp16,97,23,128,m_128x128_k32_v4,-1.9421555818062732,11.12508773803711,0,0,UNSUPPORTED,Problem size not supported by kernel
fp16,97,61,128,m_128x128_k32_v4,0.8811104526689618,6.556510925292969,0,0,UNSUPPORTED,Problem size not supported by kernel
fp16,97,77,1024,s_64x64_k64_v4,9.122344181437187,5.98907470703125,0,0,RUN_FAIL,Kernel execution failed
fp16,97,109,1024,s_64x64_k64_v4,9.843832168986397,6.636619567871094,0,0,RUN_FAIL,Kernel execution failed
fp16,97,139,512,s_64x64_k64_v4,7.121368465491558,9.607076644897461,0,0,RUN_FAIL,Kernel execution failed
fp16,97,193,512,s_64x64_k64_v4,9.999000202050548,6.559848785400391,0,0,RUN_FAIL,Kernel execution failed
fp16,97,251,256,s_64x64_k64_v4,10.143799197490317,13.029098510742188,0,0,RUN_FAIL,Kernel execution failed
fp16,97,307,256,s_64x64_k64_v4,10.280803711936846,7.636070251464844,0,0,RUN_FAIL,Kernel execution failed
fp16,99,3,128,s_64x64_k64_v4,1.463647897875977,6.615400314331055,0,0,RUN_FAIL,Kernel execution failed
fp16,99,27,128,s_64x64_k64_mem,-1.159614643480446,6.702899932861328,0,0,RUN_FAIL,Kernel execution failed
fp16,99,43,1024,s_64x64_k64_v4,6.8014140581312255,2.828836441040039,0,0,RUN_FAIL,Kernel execution failed
fp16,99,79,1024,s_64x64_k64_v4,9.122344181437187,11.306524276733398,0,0,RUN_FAIL,Kernel execution failed
fp16,99,111,512,s_64x64_k64_v4,6.340770531008915,6.557703018188477,0,0,RUN_FAIL,Kernel execution failed
fp16,99,149,512,s_64x64_k64_v4,7.121368465491558,14.923810958862305,0,0,RUN_FAIL,Kernel execution failed
fp16,99,197,512,s_64x64_k64_v4,10.106437872097322,11.345863342285156,0,0,RUN_FAIL,Kernel execution failed
fp16,99,257,256,s_64x64_k64_v4,9.46628992028704,11.523723602294922,0,0,RUN_FAIL,Kernel execution failed
fp16,99,311,256,s_64x64_k64_v4,10.094860236555563,12.697219848632812,0,0,RUN_FAIL,Kernel execution failed
fp16,101,15,128,r_64x128_k64_v3,-1.9372685070705629,11.708259582519531,0,0,RUN_FAIL,Kernel execution failed
fp16,101,47,128,m_128x128_k32_v4,1.6005733570746747,10.734796524047852,0,0,UNSUPPORTED,Problem size not supported by kernel
fp16,101,67,1024,s_64x64_k64_v4,9.027783727205529,10.164499282836914,0,0,RUN_FAIL,Kernel execution failed
fp16,101,101,1024,s_64x64_k64_v4,9.849750806056068,8.095979690551758,0,0,RUN_FAIL,Kernel execution failed
fp16,101,127,512,s_64x64_k64_v4,6.229810464647692,9.749174118041992,0,0,RUN_FAIL,Kernel execution failed
fp16,101,179,512,s_64x64_k64_v4,7.679251647739068,11.507749557495117,0,0,RUN_FAIL,Kernel execution failed
fp16,101,233,256,s_64x64_k64_v4,10.003921759124047,6.557226181030273,0,0,RUN_FAIL,Kernel execution failed
fp16,101,283,256,s_64x64_k64_v4,10.025618984140191,6.612539291381836,0,0,RUN_FAIL,Kernel execution failed
fp16,103,7,128,s_64x64_k64_v4,4.080144807976096,2.989053726196289,0,0,RUN_FAIL,Kernel execution failed
fp16,103,33,128,s_64x64_k64_v4,0.9572563213499831,6.603479385375977,0,0,RUN_FAIL,Kernel execution failed
fp16,103,51,1024,s_64x64_k64_v4,12.829216498456441,6.559610366821289,0,0,RUN_FAIL,Kernel execution failed
fp16,103,89,1024,s_64x64_k64_v4,10.826276130921245,11.634349822998047,0,0,RUN_FAIL,Kernel execution failed
fp16,103,117,512,s_64x64_k64_v4,7.773212471322042,6.570100784301758,0,0,RUN_FAIL,Kernel execution failed
fp16,103,157,512,s_64x64_k64_v4,9.482505584279256,11.144638061523438,0,0,RUN_FAIL,Kernel execution failed
fp16,103,211,256,s_64x64_k64_v4,11.255401499883812,4.049062728881836,0,0,RUN_FAIL,Kernel execution failed
fp16,103,269,256,s_64x64_k64_v4,11.581222413631364,12.873172760009766,0,0,RUN_FAIL,Kernel execution failed
fp16,103,317,256,s_64x64_k64_v4,12.076725761925452,11.544466018676758,0,0,RUN_FAIL,Kernel execution failed
fp16,107,19,128,r_64x128_k64_v3,0.8621049803236933,6.611347198486328,0,0,RUN_FAIL,Kernel execution failed
fp16,107,59,128,m_128x128_k32_v4,3.2052230620866204,10.477066040039062,0,0,UNSUPPORTED,Problem size not supported by kernel
fp16,107,73,1024,s_64x64_k64_v4,10.18359613348101,10.139703750610352,0,0,RUN_FAIL,Kernel execution failed
fp16,107,107,1024,s_64x64_k64_v4,10.837678683302794,4.307985305786133,0,0,RUN_FAIL,Kernel execution failed
fp16,107,137,512,s_64x64_k64_v4,9.056243488400547,6.594657897949219,0,0,RUN_FAIL,Kernel execution failed
fp16,107,191,512,s_64x64_k64_v4,9.796205738453938,11.286258697509766,0,0,RUN_FAIL,Kernel execution failed
fp16,107,241,256,s_64x64_k64_v4,11.799843809112653,3.1206607818603516,0,0,RUN_FAIL,Kernel execution failed
fp16,107,299,256,s_64x64_k64_v4,12.076725761925452,11.57069206237793,0,0,RUN_FAIL,Kernel execution failed
fp16,109,11,128,m_128x128_k32_v4,0.5691408065927522,6.589174270629883,0,0,UNSUPPORTED,Problem size not supported by kernel
fp16,109,41,128,m_128x128_k32_v4,1.9402681871691734,6.057024002075195,0,0,UNSUPPORTED,Problem size not supported by kernel
fp16,109,61,1024,s_64x64_k64_v4,13.008196269394814,8.164405822753906,0,0,RUN_FAIL,Kernel execution failed
fp16,109,97,1024,s_64x64_k64_v4,10.99362864259226,6.645441055297852,0,0,RUN_FAIL,Kernel execution failed
fp16,109,121,512,m_128x128_k32_v4,8.353214898315022,7.694482803344727,0,0,UNSUPPORTED,Problem size not supported by kernel
fp16,109,167,512,s_64x64_k64_v4,9.543444346848684,10.241985321044922,0,0,RUN_FAIL,Kernel execution failed
fp16,109,227,256,s_64x64_k64_v4,11.98578728449394,6.733179092407227,0,0,RUN_FAIL,Kernel execution failed
fp16,109,277,256,s_64x64_k64_v4,11.681663595762531,11.143684387207031,0,0,RUN_FAIL,Kernel execution failed
fp16,109,337,128,s_64x64_k64_v4,11.605541004861678,6.683111190795898,0,0,RUN_FAIL,Kernel execution failed
fp16,111,13,128,m_128x128_k32_v4,0.5691408065927522,11.493921279907227,0,0,UNSUPPORTED,Problem size not supported by kernel
fp16,111,43,128,m_128x128_k32_v4,1.9402681871691734,6.065130233764648,0,0,UNSUPPORTED,Problem size not supported by kernel
fp16,111,63,1024,s_64x64_k64_v4,13.008196269394814,6.134033203125,0,0,RUN_FAIL,Kernel execution failed
fp16,111,99,1024,s_64x64_k64_v4,10.948638749664017,6.566286087036133,0,0,RUN_FAIL,Kernel execution failed
fp16,111,123,512,m_128x128_k32_v4,8.353214898315022,6.599187850952148,0,0,UNSUPPORTED,Problem size not supported by kernel
fp16,111,173,512,s_64x64_k64_v4,9.543444346848684,6.222248077392578,0,0,RUN_FAIL,Kernel execution failed
fp16,111,229,256,s_64x64_k64_v4,11.799843809112653,6.623983383178711,0,0,RUN_FAIL,Kernel execution failed
fp16,111,281,256,s_64x64_k64_v4,11.681663595762531,12.564659118652344,0,0,RUN_FAIL,Kernel execution failed
fp16,113,5,128,s_64x64_k64_v4,4.099967498572396,7.509946823120117,0,0,RUN_FAIL,Kernel execution failed
fp16,113,31,128,m_128x128_k32_v4,1.8924016264730021,6.707429885864258,0,0,UNSUPPORTED,Problem size not supported by kernel
fp16,113,47,1024,s_64x64_k64_v4,12.829216498456441,6.230354309082031,0,0,RUN_FAIL,Kernel execution failed
fp16,113,83,1024,s_64x64_k64_v4,10.532001183841933,8.463859558105469,0,0,RUN_FAIL,Kernel execution failed
fp16,113,113,512,m_128x128_k32_v4,8.353214898315022,6.724834442138672,0,0,UNSUPPORTED,Problem size not supported by kernel
fp16,113,151,512,s_64x64_k64_v4,9.482505584279256,17.336368560791016,0,0,RUN_FAIL,Kernel execution failed
fp16,113,199,256,s_64x64_k64_v4,11.255401499883812,6.604433059692383,0,0,RUN_FAIL,Kernel execution failed
fp16,113,263,256,s_64x64_k64_v4,11.255401499883812,12.437820434570312,0,0,RUN_FAIL,Kernel execution failed
fp16,113,313,128,s_64x64_k64_v4,11.37214158022294,11.468887329101562,0,0,RUN_FAIL,Kernel execution failed
fp16,117,17,128,r_64x128_k64_v3,-0.31770847825128057,11.473655700683594,0,0,RUN_FAIL,Kernel execution failed
fp16,117,33,1024,s_64x64_k64_v4,6.251839172250019,6.684064865112305,0,0,RUN_FAIL,Kernel execution failed
fp16,117,71,1024,s_64x64_k64_v4,11.299032623176014,10.83827018737793,0,0,RUN_FAIL,Kernel execution failed
fp16,117,103,1024,s_64x64_k64_v4,10.837678683302794,6.743192672729492,0,0,RUN_FAIL,Kernel execution failed
fp16,117,131,512,s_64x64_k64_v4,8.96168303416889,11.273384094238281,0,0,RUN_FAIL,Kernel execution failed
fp16,117,181,512,s_64x64_k64_v4,9.513420259123551,11.482000350952148,0,0,RUN_FAIL,Kernel execution failed
fp16,117,239,256,s_64x64_k64_v4,11.848325697307748,6.804466247558594,0,0,RUN_FAIL,Kernel execution failed
fp16,117,293,256,s_64x64_k64_v4,15.8409437364101,11.576652526855469,0,0,RUN_FAIL,Kernel execution failed
fp16,119,9,128,s_64x64_k64_v4,1.19985460340309,6.796836853027344,0,0,RUN_FAIL,Kernel execution failed
fp16,119,37,128,s_64x64_k64_v4,2.099106032752517,11.489629745483398,0,0,RUN_FAIL,Kernel execution failed
fp16,119,59,1024,s_64x64_k64_v4,15.101630562444143,6.643533706665039,0,0,RUN_FAIL,Kernel execution failed
fp16,119,91,1024,s_64x64_k64_v4,12.825193713329046,11.711359024047852,0,0,RUN_FAIL,Kernel execution failed
fp16,119,119,512,s_64x64_k64_v4,9.650614488048268,11.589765548706055,0,0,RUN_FAIL,Kernel execution failed
fp16,119,163,512,s_64x64_k64_v4,11.240139615579071,16.04437828063965,0,0,RUN_FAIL,Kernel execution failed
fp16,119,223,256,s_64x64_k64_v4,13.096907577555681,11.693954467773438,0,0,RUN_FAIL,Kernel execution failed
fp16,119,271,256,s_64x64_k64_v4,13.173858702757597,11.680841445922852,0,0,RUN_FAIL,Kernel execution failed
fp16,119,331,128,s_64x64_k64_v4,14.724195375416407,11.75379753112793,0,0,RUN_FAIL,Kernel execution failed
fp16,121,23,128,s_64x64_k64_mem,-1.4749965317127582,11.394500732421875,0,0,RUN_FAIL,Kernel execution failed
fp16,121,41,1024,s_64x64_k64_v4,7.500376631618691,11.678457260131836,0,0,RUN_FAIL,Kernel execution failed
fp16,121,77,1024,s_64x64_k64_v4,12.421846476330703,11.52801513671875,0,0,RUN_FAIL,Kernel execution failed
fp16,121,109,512,s_64x64_k64_v4,9.116567552248808,7.583856582641602,0,0,RUN_FAIL,Kernel execution failed
fp16,121,139,512,s_64x64_k64_v4,10.252529855220043,11.64865493774414,0,0,RUN_FAIL,Kernel execution failed
fp16,121,193,512,s_64x64_k64_v4,17.829834341256763,12.359142303466797,0,0,RUN_FAIL,Kernel execution failed
fp16,121,251,256,s_64x64_k64_v4,12.505826116960462,11.692285537719727,0,0,RUN_FAIL,Kernel execution failed
fp16,121,307,256,s_64x64_k64_v4,17.399024044145406,7.956027984619141,0,0,RUN_FAIL,Kernel execution failed
fp16,123,3,128,l_256x128_k32_v3,13.424907111030262,6.752252578735352,0,0,RUN_FAIL,Kernel execution failed
fp16,123,27,128,s_64x64_k64_mem,-1.4749965317127582,11.383056640625,0,0,RUN_FAIL,Kernel execution failed
fp16,123,43,1024,s_64x64_k64_v4,8.327388165032227,6.531953811645508,0,0,RUN_FAIL,Kernel execution failed
fp16,123,79,1024,s_64x64_k64_v4,12.848108572209423,6.743431091308594,0,0,RUN_FAIL,Kernel execution failed
fp16,123,111,512,s_64x64_k64_v4,9.116567552248808,6.6661834716796875,0,0,RUN_FAIL,Kernel execution failed
fp16,123,149,512,s_64x64_k64_v4,10.874206072250391,12.248516082763672,0,0,RUN_FAIL,Kernel execution failed
fp16,123,197,256,s_64x64_k64_v4,11.816590297809494,6.526470184326172,0,0,RUN_FAIL,Kernel execution failed
fp16,123,257,256,s_64x64_k64_v4,16.69008796542148,6.623029708862305,0,0,RUN_FAIL,Kernel execution failed
fp16,123,311,128,s_64x64_k64_mem,9.12508526899656,12.9241943359375,0,0,RUN_FAIL,Kernel execution failed
fp16,127,15,128,s_64x64_k64_mem,-0.8048180888080563,6.640434265136719,0,0,RUN_FAIL,Kernel execution failed
fp16,127,31,1024,s_64x64_k64_v4,6.670234528435964,14.872312545776367,0,0,RUN_FAIL,Kernel execution failed
fp16,127,67,1024,s_64x64_k64_v4,12.4997035218485,11.749505996704102,0,0,RUN_FAIL,Kernel execution failed
fp16,127,101,512,s_64x64_k64_v4,9.061840173713586,11.622905731201172,0,0,RUN_FAIL,Kernel execution failed
fp16,127,127,512,s_64x64_k64_v4,9.959680885244513,11.500120162963867,0,0,RUN_FAIL,Kernel execution failed
fp16,127,179,256,s_64x64_k64_v4,8.924391197011282,6.597280502319336,0,0,RUN_FAIL,Kernel execution failed
fp16,127,233,256,s_64x64_k64_v4,12.505826116960462,11.39521598815918,0,0,RUN_FAIL,Kernel execution failed
fp16,127,283,256,s_64x64_k64_v4,17.63836162487014,6.823062896728516,0,0,RUN_FAIL,Kernel execution failed
fp16,131,7,128,m_128x128_k128_iw_v3,-2.182230328280581,6.658077239990234,0,0,UNSUPPORTED,Problem size not supported by kernel
fp16,131,33,128,m_128x128_k32_v4,-1.9948533081699464,9.536027908325195,0,0,UNSUPPORTED,Problem size not supported by kernel
fp16,131,51,1024,s_64x64_k64_v4,9.355488367781495,6.35528564453125,0,0,RUN_FAIL,Kernel execution failed
fp16,131,89,1024,s_64x64_k128_v3,9.434324712936899,6.67119026184082,0,0,RUN_FAIL,Kernel execution failed
fp16,131,117,512,m_128x128_k32_v4,7.806565791241648,6.553888320922852,0,0,UNSUPPORTED,Problem size not supported by kernel
fp16,131,157,512,s_64x64_k64_v4,11.466101783283495,7.527589797973633,0,0,RUN_FAIL,Kernel execution failed
fp16,131,211,256,s_64x64_k64_v4,9.133053287914038,11.657238006591797,0,0,RUN_FAIL,Kernel execution failed
fp16,131,269,256,s_64x64_k64_v4,16.11644200679409,6.623983383178711,0,0,RUN_FAIL,Kernel execution failed
fp16,131,317,128,s_64x64_k64_mem,6.239811356948206,6.594181060791016,0,0,RUN_FAIL,Kernel execution failed
fp16,137,19,128,m_128x128_k32_v4,-3.006581702558296,11.569023132324219,0,0,UNSUPPORTED,Problem size not supported by kernel
fp16,137,37,1024,m_128x128_k32_v4,4.4193780814193815,10.413646697998047,0,0,UNSUPPORTED,Problem size not supported by kernel
fp16,137,73,1024,s_64x64_k128_v3,11.01358682652082,4.151821136474609,0,0,RUN_FAIL,Kernel execution failed
fp16,137,107,512,m_128x128_k32_v4,8.053590910325227,6.675004959106445,0,0,UNSUPPORTED,Problem size not supported by kernel
fp16,137,137,512,s_64x64_k64_v4,7.1388633262493695,2.7637481689453125,0,0,RUN_FAIL,Kernel execution failed
fp16,137,191,256,m_128x128_k32_v4,6.752445368775124,6.539344787597656,0,0,UNSUPPORTED,Problem size not supported by kernel
fp16,137,241,256,s_64x64_k64_v4,15.724405408150988,6.093263626098633,0,0,RUN_FAIL,Kernel execution failed
fp16,137,299,128,s_64x64_k64_mem,6.34078303334631,6.685733795166016,0,0,RUN_FAIL,Kernel execution failed
fp16,139,11,128,m_128x128_k32_v4,-1.6612314431496433,6.7081451416015625,0,0,UNSUPPORTED,Problem size not supported by kernel
fp16,139,41,128,m_128x128_k32_v4,-1.3688698435012256,6.260156631469727,0,0,UNSUPPORTED,Problem size not supported by kernel
fp16,139,61,1024,s_64x64_k64_v4,10.6112377578352,10.971307754516602,0,0,RUN_FAIL,Kernel execution failed
fp16,139,97,1024,s_64x64_k128_v3,9.337179742544489,6.548166275024414,0,0,RUN_FAIL,Kernel execution failed
fp16,139,121,512,m_128x128_k32_v4,7.816797025337931,7.212638854980469,0,0,UNSUPPORTED,Problem size not supported by kernel
fp16,139,167,512,s_64x64_k64_v4,11.433151831612047,6.136417388916016,0,0,RUN_FAIL,Kernel execution failed
fp16,139,227,256,s_64x64_k64_v4,15.540985534151114,13.782739639282227,0,0,RUN_FAIL,Kernel execution failed
fp16,139,277,256,s_64x64_k64_v4,16.19646624889928,7.339000701904297,0,0,RUN_FAIL,Kernel execution failed
fp16,139,337,128,s_64x64_k64_mem,6.266600200327076,6.628751754760742,0,0,RUN_FAIL,Kernel execution failed
fp16,149,13,128,m_128x128_k32_v4,-2.1459691915744625,6.803750991821289,0,0,UNSUPPORTED,Problem size not supported by kernel
fp16,149,27,1024,s_64x64_k64_v4,3.0642363812677518,6.081342697143555,0,0,RUN_FAIL,Kernel execution failed
fp16,149,63,1024,s_64x64_k64_v4,11.79135712530395,6.605863571166992,0,0,RUN_FAIL,Kernel execution failed
fp16,149,99,512,m_128x128_k32_v4,7.705495997272318,6.617307662963867,0,0,UNSUPPORTED,Problem size not supported by kernel
fp16,149,123,512,s_64x64_k64_v4,8.109132510744654,6.506204605102539,0,0,RUN_FAIL,Kernel execution failed
fp16,149,173,256,s_64x64_k64_v4,7.478390207103223,6.593227386474609,0,0,RUN_FAIL,Kernel execution failed
fp16,149,229,256,s_64x64_k64_v4,16.604164575974938,6.785869598388672,0,0,RUN_FAIL,Kernel execution failed
fp16,149,281,128,s_64x64_k64_mem,7.7403273249567235,6.7119598388671875,0,0,RUN_FAIL,Kernel execution failed
fp16,151,5,128,s_64x64_k64_mem,-0.6938799548973618,11.350631713867188,0,0,RUN_FAIL,Kernel execution failed
fp16,151,15,1024,s_64x64_k64_v4,4.187766082091468,7.024049758911133,0,0,RUN_FAIL,Kernel execution failed
fp16,151,47,1024,s_64x64_k64_v4,10.216970398173531,6.468057632446289,0,0,RUN_FAIL,Kernel execution failed
fp16,151,83,1024,s_64x64_k64_v4,11.866249488134576,6.613016128540039,0,0,RUN_FAIL,Kernel execution failed
fp16,151,113,512,m_128x128_k32_v4,7.705495997272318,6.602048873901367,0,0,UNSUPPORTED,Problem size not supported by kernel
fp16,151,151,512,s_64x64_k64_v4,12.256315517425163,6.115436553955078,0,0,RUN_FAIL,Kernel execution failed
fp16,151,199,256,s_64x64_k64_v4,16.5073081442068,11.336565017700195,0,0,RUN_FAIL,Kernel execution failed
fp16,151,263,256,s_64x64_k64_v4,17.33865250252905,11.500835418701172,0,0,RUN_FAIL,Kernel execution failed
fp16,151,313,128,s_64x64_k64_mem,8.082628453695976,12.984991073608398,0,0,RUN_FAIL,Kernel execution failed
fp16,157,17,128,m_128x128_k32_v4,-2.329075839173408,12.323856353759766,0,0,UNSUPPORTED,Problem size not supported by kernel
fp16,157,33,1024,s_64x64_k64_v4,3.6823501926206204,10.219812393188477,0,0,RUN_FAIL,Kernel execution failed
fp16,157,71,1024,s_64x64_k64_v4,10.582119923208463,9.161949157714844,0,0,RUN_FAIL,Kernel execution failed
fp16,157,103,512,m_128x128_k32_v4,7.989495132902201,12.30621337890625,0,0,UNSUPPORTED,Problem size not supported by kernel
fp16,157,131,512,s_64x64_k64_v4,11.277962808292212,7.623910903930664,0,0,RUN_FAIL,Kernel execution failed
fp16,157,181,256,s_64x64_k64_v4,10.780736602459333,8.117437362670898,0,0,RUN_FAIL,Kernel execution failed
fp16,157,239,256,s_64x64_k64_v4,16.639547902106017,8.337974548339844,0,0,RUN_FAIL,Kernel execution failed
fp16,157,293,128,s_64x64_k64_mem,8.019899177600719,11.443376541137695,0,0,RUN_FAIL,Kernel execution failed
fp16,163,9,128,m_128x128_k128_iw_v3,-0.5060414420146173,11.686086654663086,0,0,UNSUPPORTED,Problem size not supported by kernel
fp16,163,19,1024,m_128x128_k32_v4,2.386022489152653,14.854907989501953,0,0,UNSUPPORTED,Problem size not supported by kernel
fp16,163,59,1024,m_128x128_k32_v4,7.318020501995338,8.242368698120117,0,0,UNSUPPORTED,Problem size not supported by kernel
fp16,163,91,512,m_128x128_k32_v4,9.075817245434449,6.026744842529297,0,0,UNSUPPORTED,Problem size not supported by kernel
fp16,163,119,512,m_128x128_k32_v4,8.415757228780908,10.395526885986328,0,0,UNSUPPORTED,Problem size not supported by kernel
fp16,163,163,512,s_64x64_k64_v4,12.358362007571348,2.557039260864258,0,0,RUN_FAIL,Kernel execution failed
fp16,163,223,256,s_64x64_k64_v4,16.49343992204493,13.660907745361328,0,0,RUN_FAIL,Kernel execution failed
fp16,163,271,256,s_64x64_k64_v4,17.657678987430508,9.944677352905273,0,0,RUN_FAIL,Kernel execution failed
fp16,163,331,128,s_64x64_k64_mem,8.70576107992605,9.788274765014648,0,0,RUN_FAIL,Kernel execution failed
fp16,167,23,128,r_64x128_k64_v3,-1.114957912027291,8.157491683959961,0,0,RUN_FAIL,Kernel execution failed
fp16,167,41,1024,m_128x128_k32_v4,6.713073614451063,10.469436645507812,0,0,UNSUPPORTED,Problem size not supported by kernel
fp16,167,77,1024,m_128x128_k32_v4,8.906809149204271,11.399030685424805,0,0,UNSUPPORTED,Problem size not supported by kernel
fp16,167,109,512,s_64x64_k64_v4,8.970342610010176,7.881879806518555,0,0,RUN_FAIL,Kernel execution failed
fp16,167,139,512,s_64x64_k64_v4,13.771701856852147,8.20612907409668,0,0,RUN_FAIL,Kernel execution failed
fp16,167,193,256,s_64x64_k64_v4,18.601479850735895,9.129524230957031,0,0,RUN_FAIL,Kernel execution failed
fp16,167,251,256,s_64x64_k64_v4,19.259222022551693,6.684780120849609,0,0,RUN_FAIL,Kernel execution failed
fp16,167,307,128,s_64x64_k128_v3,10.04926684878382,6.661653518676758,0,0,RUN_FAIL,Kernel execution failed
fp16,173,3,128,m_128x128_k16_v3,18.106692826542357,6.510019302368164,0,0,RUN_FAIL,Kernel execution failed
fp16,173,13,1024,m_128x128_k32_v4,2.6671625886815806,6.587505340576172,0,0,UNSUPPORTED,Problem size not supported by kernel
fp16,173,43,1024,m_128x128_k32_v4,6.713073614451063,6.21485710144043,0,0,UNSUPPORTED,Problem size not supported by kernel
fp16,173,79,512,m_128x128_k32_v4,9.217398165442884,2.372264862060547,0,0,UNSUPPORTED,Problem size not supported by kernel
fp16,173,111,512,m_128x128_k32_v4,9.89195552484682,2.134561538696289,0,0,UNSUPPORTED,Problem size not supported by kernel
fp16,173,149,256,s_64x64_k64_v4,8.411173370114302,2.311229705810547,0,0,RUN_FAIL,Kernel execution failed
fp16,173,197,256,s_64x64_k64_v4,18.77456667041501,6.5822601318359375,0,0,RUN_FAIL,Kernel execution failed
fp16,173,257,256,s_64x64_k64_v4,19.854522282142867,13.458490371704102,0,0,RUN_FAIL,Kernel execution failed
fp16,173,311,128,s_64x64_k128_v3,10.097748736978911,9.85860824584961,0,0,RUN_FAIL,Kernel execution failed
fp16,179,15,128,m_128x128_k32_v4,-0.3320632825441918,6.6432952880859375,0,0,UNSUPPORTED,Problem size not supported by kernel
fp16,179,31,1024,m_128x128_k32_v4,1.604645734951106,6.141901016235352,0,0,UNSUPPORTED,Problem size not supported by kernel
fp16,179,67,1024,m_128x128_k32_v4,7.7662094096691865,6.096124649047852,0,0,UNSUPPORTED,Problem size not supported by kernel
fp16,179,101,512,m_128x128_k32_v4,9.89195552484682,6.669044494628906,0,0,UNSUPPORTED,Problem size not supported by kernel
fp16,179,127,512,s_64x64_k64_v4,13.23466504123651,6.22248649597168,0,0,RUN_FAIL,Kernel execution failed
fp16,179,179,256,s_64x64_k64_v4,12.625520035291931,6.638765335083008,0,0,RUN_FAIL,Kernel execution failed
fp16,179,233,256,s_64x64_k64_v4,19.259222022551693,6.713628768920898,0,0,RUN_FAIL,Kernel execution failed
fp16,179,283,128,s_64x64_k128_v3,10.175279742089874,6.766080856323242,0,0,RUN_FAIL,Kernel execution failed
fp16,181,7,128,s_64x64_k64_v4,0.478571114222944,7.622957229614258,0,0,RUN_FAIL,Kernel execution failed
fp16,181,17,1024,m_128x128_k32_v4,2.607865298821934,7.99870491027832,0,0,UNSUPPORTED,Problem size not supported by kernel
fp16,181,51,1024,m_128x128_k32_v4,7.4953491569376185,11.186838150024414,0,0,UNSUPPORTED,Problem size not supported by kernel
fp16,181,89,512,s_64x64_k64_v4,9.342259742453143,6.630182266235352,0,0,RUN_FAIL,Kernel execution failed
fp16,181,117,512,s_64x64_k64_v4,8.916803230064058,6.624460220336914,0,0,RUN_FAIL,Kernel execution failed
fp16,181,157,256,s_64x64_k64_v4,12.538838181514055,6.519317626953125,0,0,RUN_FAIL,Kernel execution failed
fp16,181,211,256,s_64x64_k64_v4,19.297685198061853,6.570100784301758,0,0,RUN_FAIL,Kernel execution failed
fp16,181,269,128,s_64x64_k128_v3,9.832978613350642,6.629228591918945,0,0,RUN_FAIL,Kernel execution failed
fp16,181,317,128,s_64x64_k128_v3,10.097748736978911,11.348724365234375,0,0,RUN_FAIL,Kernel execution failed
fp16,191,19,128,s_64x64_k64_mem,-0.6844875793953955,13.16213607788086,0,0,RUN_FAIL,Kernel execution failed
fp16,191,37,1024,s_64x64_k64_v4,3.351776438359015,6.994009017944336,0,0,RUN_FAIL,Kernel execution failed
fp16,191,73,1024,s_64x64_k64_v4,9.480421002841066,6.598949432373047,0,0,RUN_FAIL,Kernel execution failed
fp16,191,107,512,s_64x64_k64_v4,11.339963044413862,7.577180862426758,0,0,RUN_FAIL,Kernel execution failed
fp16,191,137,512,s_64x64_k64_v4,16.26726913708867,11.175870895385742,0,0,RUN_FAIL,Kernel execution failed
fp16,191,191,256,s_64x64_k64_v4,15.002934858039746,7.498741149902344,0,0,RUN_FAIL,Kernel execution failed
fp16,191,241,256,s_64x64_k64_v4,22.40159681147885,11.684417724609375,0,0,RUN_FAIL,Kernel execution failed
fp16,191,299,128,s_64x64_k128_v3,14.443535864027098,11.670112609863281,0,0,RUN_FAIL,Kernel execution failed
fp16,193,11,128,s_64x64_k64_mem,-0.8519989764704633,13.306856155395508,0,0,RUN_FAIL,Kernel execution failed
fp16,193,23,1024,s_64x64_k64_v4,1.9538691066045437,12.118339538574219,0,0,RUN_FAIL,Kernel execution failed
fp16,193,61,1024,s_64x64_k64_v4,7.5658535604677875,10.813236236572266,0,0,RUN_FAIL,Kernel execution failed
fp16,193,97,512,s_64x64_k64_v4,9.709253747670694,12.915849685668945,0,0,RUN_FAIL,Kernel execution failed
fp16,193,121,512,s_64x64_k64_v4,14.532289638445159,6.664752960205078,0,0,RUN_FAIL,Kernel execution failed
fp16,193,167,256,s_64x64_k64_v4,14.906029200167351,6.538629531860352,0,0,RUN_FAIL,Kernel execution failed
fp16,193,227,256,s_64x64_k64_v4,17.975658417930763,6.644964218139648,0,0,RUN_FAIL,Kernel execution failed
fp16,193,277,128,s_64x64_k64_mem,8.603543323346749,6.686210632324219,0,0,RUN_FAIL,Kernel execution failed
fp16,193,337,128,s_64x64_k64_mem,17.00386994141879,6.551027297973633,0,0,RUN_FAIL,Kernel execution failed
fp16,197,3,1024,l_128x256_k32_v3,21.515811137786624,6.600379943847656,0,0,RUN_FAIL,Kernel execution failed
fp16,197,27,1024,s_64x64_k64_v4,1.45037875664419,9.541749954223633,0,0,RUN_FAIL,Kernel execution failed
fp16,197,63,1024,s_64x64_k64_v4,7.789457482703642,11.57069206237793,0,0,RUN_FAIL,Kernel execution failed
fp16,197,99,512,s_64x64_k64_v4,9.94573488572167,6.665706634521484,0,0,RUN_FAIL,Kernel execution failed
fp16,197,123,512,s_64x64_k64_v4,14.66133310644936,6.763219833374023,0,0,RUN_FAIL,Kernel execution failed
fp16,197,173,256,s_64x64_k64_v4,15.047949883986673,11.3983154296875,0,0,RUN_FAIL,Kernel execution failed
fp16,197,229,256,s_64x64_k64_v4,18.026138575407224,7.631063461303711,0,0,RUN_FAIL,Kernel execution failed
fp16,197,281,128,s_64x64_k64_mem,8.750240200480578,6.948709487915039,0,0,RUN_FAIL,Kernel execution failed
fp16,199,5,128,s_64x64_k64_mem,17.50178701962138,6.742954254150391,0,0,RUN_FAIL,Kernel execution failed
fp16,199,15,1024,m_128x128_k32_v4,1.9794637266514743,6.762981414794922,0,0,UNSUPPORTED,Problem size not supported by kernel
fp16,199,47,1024,s_64x64_k64_v4,7.187107502287947,6.588935852050781,0,0,RUN_FAIL,Kernel execution failed
fp16,199,83,512,s_64x64_k64_v4,9.486303714493967,10.763168334960938,0,0,RUN_FAIL,Kernel execution failed
fp16,199,113,512,s_64x64_k64_v4,14.29646238945331,6.608009338378906,0,0,RUN_FAIL,Kernel execution failed
fp16,199,151,256,s_64x64_k64_v4,14.521740601807487,7.354259490966797,0,0,RUN_FAIL,Kernel execution failed
fp16,199,199,256,s_64x64_k64_v4,17.932997635865856,11.508464813232422,0,0,RUN_FAIL,Kernel execution failed
fp16,199,263,128,s_64x64_k64_mem,8.750240200480578,11.512279510498047,0,0,RUN_FAIL,Kernel execution failed
fp16,199,313,128,s_64x64_k64_mem,8.882041887637135,6.659507751464844,0,0,RUN_FAIL,Kernel execution failed
fp16,211,7,1024,s_64x64_k64_v4,6.167877219586959,11.149883270263672,0,0,RUN_FAIL,Kernel execution failed
fp16,211,33,1024,s_64x64_k64_v4,1.4540554736964593,11.472940444946289,0,0,RUN_FAIL,Kernel execution failed
fp16,211,71,512,s_64x64_k64_v4,8.751184280617395,11.580228805541992,0,0,RUN_FAIL,Kernel execution failed
fp16,211,103,512,s_64x64_k64_v4,10.326775698384854,11.560440063476562,0,0,RUN_FAIL,Kernel execution failed
fp16,211,131,512,s_64x64_k64_v4,18.062300904859896,6.627559661865234,0,0,RUN_FAIL,Kernel execution failed
fp16,211,181,256,s_64x64_k64_v4,17.123888582868666,11.371612548828125,0,0,RUN_FAIL,Kernel execution failed
fp16,211,239,256,s_64x64_k64_v4,20.969509189628024,11.331796646118164,0,0,RUN_FAIL,Kernel execution failed
fp16,211,293,128,s_64x64_k64_mem,18.457480696882484,11.616230010986328,0,0,RUN_FAIL,Kernel execution failed
fp16,223,9,128,m_128x128_k128_iw_v3,0.363313598946236,15.833377838134766,0,0,UNSUPPORTED,Problem size not supported by kernel
fp16,223,19,1024,m_128x128_k32_v4,1.9955129047152071,6.758213043212891,0,0,UNSUPPORTED,Problem size not supported by kernel
fp16,223,59,1024,s_64x64_k64_v4,6.899392931956201,6.506919860839844,0,0,RUN_FAIL,Kernel execution failed
fp16,223,91,512,s_64x64_k64_v4,9.64872935285318,6.7310333251953125,0,0,RUN_FAIL,Kernel execution failed
fp16,223,119,512,s_64x64_k64_v4,14.69096895224433,6.91986083984375,0,0,RUN_FAIL,Kernel execution failed
fp16,223,163,256,s_64x64_k64_v4,16.21807301462407,11.658191680908203,0,0,RUN_FAIL,Kernel execution failed
fp16,223,223,256,s_64x64_k64_v4,21.169765437060455,10.892868041992188,0,0,RUN_FAIL,Kernel execution failed
fp16,223,271,128,s_64x64_k128_v3,11.30057984404952,6.639242172241211,0,0,RUN_FAIL,Kernel execution failed
fp16,223,331,128,s_64x64_k64_mem,18.959216321636067,6.707429885864258,0,0,RUN_FAIL,Kernel execution failed
fp16,227,11,1024,s_64x64_k64_v4,3.7436582637767453,11.234045028686523,0,0,RUN_FAIL,Kernel execution failed
fp16,227,41,1024,s_64x64_k64_v4,6.267819512205258,15.163421630859375,0,0,RUN_FAIL,Kernel execution failed
fp16,227,77,512,s_64x64_k64_v4,8.294462672597028,11.65151596069336,0,0,RUN_FAIL,Kernel execution failed
fp16,227,109,512,s_64x64_k64_v4,14.69096895224433,11.75379753112793,0,0,RUN_FAIL,Kernel execution failed
fp16,227,139,256,s_64x64_k64_v4,15.888681087451246,6.616353988647461,0,0,RUN_FAIL,Kernel execution failed
fp16,227,193,256,s_64x64_k64_v4,20.43992205584591,6.672859191894531,0,0,RUN_FAIL,Kernel execution failed
fp16,227,251,256,s_64x64_k64_v4,21.02122037416049,15.278816223144531,0,0,RUN_FAIL,Kernel execution failed
fp16,227,307,128,s_64x64_k64_mem,17.979226142167438,6.5898895263671875,0,0,RUN_FAIL,Kernel execution failed
fp16,229,3,128,m_128x128_k16_v3,17.881755964680295,12.95924186706543,0,0,RUN_FAIL,Kernel execution failed
fp16,229,13,1024,s_64x64_k64_v4,3.7436582637767453,7.435798645019531,0,0,RUN_FAIL,Kernel execution failed
fp16,229,43,1024,s_64x64_k64_v4,6.269191832015292,6.579160690307617,0,0,RUN_FAIL,Kernel execution failed
fp16,229,79,512,s_64x64_k64_v4,8.294462672597028,11.280059814453125,0,0,RUN_FAIL,Kernel execution failed
fp16,229,111,512,s_64x64_k64_v4,14.586821316358762,6.572961807250977,0,0,RUN_FAIL,Kernel execution failed
fp16,229,149,256,s_64x64_k64_v4,15.899118002713873,7.482290267944336,0,0,RUN_FAIL,Kernel execution failed
fp16,229,197,256,s_64x64_k64_v4,20.613008875525022,6.607294082641602,0,0,RUN_FAIL,Kernel execution failed
fp16,229,257,128,s_64x64_k128_v3,11.297163043739367,6.54911994934082,0,0,RUN_FAIL,Kernel execution failed
fp16,229,311,128,s_64x64_k64_mem,17.979226142167438,6.7005157470703125,0,0,RUN_FAIL,Kernel execution failed
fp16,233,5,1024,s_64x64_k32_v4,21.606184695852864,6.639957427978516,0,0,RUN_FAIL,Kernel execution failed
fp16,233,31,1024,s_64x64_k64_v4,3.1135410378713027,16.99972152709961,0,0,RUN_FAIL,Kernel execution failed
fp16,233,67,512,s_64x64_k64_v4,9.724634359200794,12.197494506835938,0,0,RUN_FAIL,Kernel execution failed
fp16,233,101,512,s_64x64_k64_v4,12.427069063635297,7.198572158813477,0,0,RUN_FAIL,Kernel execution failed
fp16,233,127,256,s_64x64_k64_v4,11.348169509018746,6.760597229003906,0,0,RUN_FAIL,Kernel execution failed
fp16,233,179,256,s_64x64_k64_v4,18.956941387046772,10.256528854370117,0,0,RUN_FAIL,Kernel execution failed
fp16,233,233,128,s_64x64_k128_v3,12.422014289178358,6.609201431274414,0,0,RUN_FAIL,Kernel execution failed
fp16,233,283,128,s_64x64_k64_mem,20.03450557529171,11.398553848266602,0,0,RUN_FAIL,Kernel execution failed
fp16,239,7,128,s_64x64_k64_v4,2.605676364771387,14.412879943847656,0,0,RUN_FAIL,Kernel execution failed
fp16,239,17,1024,m_128x128_k64_v3,7.803483560027624,11.614799499511719,0,0,RUN_FAIL,Kernel execution failed
fp16,239,51,1024,m_128x128_k32_v4,8.42603898161834,11.969566345214844,0,0,UNSUPPORTED,Problem size not supported by kernel
fp16,239,89,512,s_64x64_k64_v4,10.698043976586003,3.210783004760742,0,0,RUN_FAIL,Kernel execution failed
fp16,239,117,512,s_64x64_k64_v4,16.7258782975035,7.984161376953125,0,0,RUN_FAIL,Kernel execution failed
fp16,239,157,256,s_64x64_k64_v4,19.059716703122305,11.320114135742188,0,0,RUN_FAIL,Kernel execution failed
fp16,239,211,256,s_64x64_k64_v4,23.442159535426388,6.555080413818359,0,0,RUN_FAIL,Kernel execution failed
fp16,239,269,128,s_64x64_k64_mem,19.608243479412998,6.689548492431641,0,0,RUN_FAIL,Kernel execution failed
fp16,239,317,128,s_64x64_k64_mem,22.330070071746903,6.593227386474609,0,0,RUN_FAIL,Kernel execution failed
fp16,241,9,1024,s_64x64_k64_v4,7.495661142114743,7.729530334472656,0,0,RUN_FAIL,Kernel execution failed
fp16,241,37,1024,m_128x128_k32_v4,3.88098308313662,5.280733108520508,0,0,UNSUPPORTED,Problem size not supported by kernel
fp16,241,73,512,s_64x64_k64_v4,9.819194813432448,2.1545886993408203,0,0,RUN_FAIL,Kernel execution failed
fp16,241,107,512,s_64x64_k64_v4,16.568686841728628,6.616830825805664,0,0,RUN_FAIL,Kernel execution failed
fp16,241,137,256,s_64x64_k64_v4,18.692926363468167,11.046409606933594,0,0,RUN_FAIL,Kernel execution failed
fp16,241,191,256,s_64x64_k64_v4,19.207273782363004,11.358022689819336,0,0,RUN_FAIL,Kernel execution failed
fp16,241,241,128,s_64x64_k128_v3,12.382510527847803,6.5937042236328125,0,0,RUN_FAIL,Kernel execution failed
fp16,241,299,128,s_64x64_k64_mem,19.875208770667594,11.106729507446289,0,0,RUN_FAIL,Kernel execution failed
fp16,241,331,1024,s_64x64_k64_v4,49.955294486673644,15.512466430664062,0,0,RUN_FAIL,Kernel execution failed
fp16,251,23,1024,s_64x64_k64_v4,5.37117955537482,6.61158561706543,0,0,RUN_FAIL,Kernel execution failed
fp16,251,61,1024,s_64x64_k64_v4,10.684892399404632,6.728649139404297,0,0,RUN_FAIL,Kernel execution failed
fp16,251,97,512,s_64x64_k64_v4,12.642247211710684,12.73655891418457,0,0,RUN_FAIL,Kernel execution failed
fp16,251,121,512,s_64x64_k64_v4,18.398098441910555,6.616830825805664,0,0,RUN_FAIL,Kernel execution failed
fp16,251,167,256,s_64x64_k64_v4,18.413267761476135,6.583452224731445,0,0,RUN_FAIL,Kernel execution failed
fp16,251,227,256,s_64x64_k64_v4,24.29663811978572,11.498689651489258,0,0,RUN_FAIL,Kernel execution failed
fp16,251,277,128,s_64x64_k128_v3,26.253051264082256,11.205673217773438,0,0,RUN_FAIL,Kernel execution failed
fp16,251,337,128,s_64x64_k128_v3,27.558670882266412,12.587785720825195,0,0,RUN_FAIL,Kernel execution failed
fp16,257,3,1024,l_128x256_k32_v3,21.601016116657135,11.292695999145508,0,0,RUN_FAIL,Kernel execution failed
fp16,257,27,1024,m_128x128_k32_v4,2.657998236714597,6.615877151489258,0,0,UNSUPPORTED,Problem size not supported by kernel
fp16,257,63,512,m_128x128_k32_v4,6.664993306421143,6.116628646850586,0,0,UNSUPPORTED,Problem size not supported by kernel
fp16,257,99,512,s_64x64_k64_v4,12.62256856364874,5.955934524536133,0,0,RUN_FAIL,Kernel execution failed
fp16,257,123,256,s_64x64_k64_mem,9.78062542288175,6.61015510559082,0,0,RUN_FAIL,Kernel execution failed
fp16,257,173,256,s_64x64_k64_v4,16.472277384914406,6.597995758056641,0,0,RUN_FAIL,Kernel execution failed
fp16,257,229,128,s_64x64_k128_v3,10.651984936454213,7.706165313720703,0,0,RUN_FAIL,Kernel execution failed
fp16,257,281,128,s_64x64_k128_v3,17.65180023013726,11.403560638427734,0,0,RUN_FAIL,Kernel execution failed
fp16,257,311,1024,s_64x64_k64_v4,44.83863948351321,6.621599197387695,0,0,RUN_FAIL,Kernel execution failed
fp16,263,15,1024,s_64x64_k64_v4,3.6631382836151345,6.465673446655273,0,0,RUN_FAIL,Kernel execution failed
fp16,263,47,512,m_128x128_k32_v4,5.851405341593896,8.321523666381836,0,0,UNSUPPORTED,Problem size not supported by kernel
fp16,263,83,512,s_64x64_k64_v4,8.309579642239761,3.6971569061279297,0,0,RUN_FAIL,Kernel execution failed
fp16,263,113,512,s_64x64_k64_v4,13.633747777640634,6.548404693603516,0,0,RUN_FAIL,Kernel execution failed
fp16,263,151,256,s_64x64_k64_v4,17.300891258707832,10.87498664855957,0,0,RUN_FAIL,Kernel execution failed
fp16,263,199,256,s_64x64_k64_mem,14.729738498826741,11.57236099243164,0,0,RUN_FAIL,Kernel execution failed
fp16,263,263,128,s_64x64_k64_mem,17.603743975715155,11.396646499633789,0,0,RUN_FAIL,Kernel execution failed
fp16,263,313,128,s_64x64_k64_mem,17.58999597142543,11.626720428466797,0,0,RUN_FAIL,Kernel execution failed
fp16,269,7,1024,l_128x256_k32_v3,21.578236237412373,11.57522201538086,0,0,RUN_FAIL,Kernel execution failed
fp16,269,33,1024,m_128x128_k32_v4,2.5885087515146727,11.666059494018555,0,0,UNSUPPORTED,Problem size not supported by kernel
fp16,269,71,512,s_64x64_k64_v4,7.6279150949042345,11.379241943359375,0,0,RUN_FAIL,Kernel execution failed
fp16,269,103,512,s_64x64_k64_v4,12.42769785941053,10.03122329711914,0,0,RUN_FAIL,Kernel execution failed
fp16,269,131,256,s_64x64_k64_v4,16.858986465619292,6.301164627075195,0,0,RUN_FAIL,Kernel execution failed
fp16,269,181,256,s_64x64_k64_v4,16.854673328508312,11.594772338867188,0,0,RUN_FAIL,Kernel execution failed
fp16,269,239,128,s_64x64_k128_v3,16.21489923850191,7.258892059326172,0,0,RUN_FAIL,Kernel execution failed
fp16,269,293,128,s_64x64_k64_mem,17.904583418530493,6.684064865112305,0,0,RUN_FAIL,Kernel execution failed
fp16,269,317,1024,s_64x64_k64_v4,45.116247767922545,14.172792434692383,0,0,RUN_FAIL,Kernel execution failed
fp16,271,19,1024,m_128x128_k32_v4,6.974923254601368,6.529331207275391,0,0,UNSUPPORTED,Problem size not supported by kernel
fp16,271,59,512,s_64x64_k64_v4,6.927680179832353,6.1664581298828125,0,0,RUN_FAIL,Kernel execution failed
fp16,271,91,512,s_64x64_k64_v4,8.964870058705444,6.5937042236328125,0,0,RUN_FAIL,Kernel execution failed
fp16,271,119,256,s_64x64_k64_mem,5.908714721283241,14.978170394897461,0,0,RUN_FAIL,Kernel execution failed
fp16,271,163,256,s_64x64_k64_v4,18.250312907690308,10.980367660522461,0,0,RUN_FAIL,Kernel execution failed
fp16,271,223,256,s_64x64_k64_v4,16.033080785576878,7.390260696411133,0,0,RUN_FAIL,Kernel execution failed
fp16,271,271,128,s_64x64_k128_v3,18.789464890299413,11.669635772705078,0,0,RUN_FAIL,Kernel execution failed
fp16,271,331,128,s_64x64_k64_mem,18.39023070130449,6.612300872802734,0,0,RUN_FAIL,Kernel execution failed
fp16,277,11,1024,s_64x64_k64_v4,5.781230864493123,6.598949432373047,0,0,RUN_FAIL,Kernel execution failed
fp16,277,41,1024,s_64x64_k64_v4,6.332684949915963,11.312246322631836,0,0,RUN_FAIL,Kernel execution failed
fp16,277,77,512,s_64x64_k64_v4,8.743929697721493,11.469602584838867,0,0,RUN_FAIL,Kernel execution failed
fp16,277,109,512,s_64x64_k64_v4,13.418086458726956,11.512279510498047,0,0,RUN_FAIL,Kernel execution failed
fp16,277,139,256,s_64x64_k64_v4,18.261590344670864,11.294841766357422,0,0,RUN_FAIL,Kernel execution failed
fp16,277,193,256,s_64x64_k64_mem,17.924626836602446,15.538454055786133,0,0,RUN_FAIL,Kernel execution failed
fp16,277,251,128,s_64x64_k128_v3,19.22809439548321,11.503458023071289,0,0,RUN_FAIL,Kernel execution failed
fp16,277,307,128,s_64x64_k64_mem,20.90053875331965,11.689424514770508,0,0,RUN_FAIL,Kernel execution failed
fp16,277,337,1024,s_64x64_k64_v4,46.64767452118953,11.688232421875,0,0,RUN_FAIL,Kernel execution failed
fp16,281,13,1024,s_64x64_k64_v4,4.031685717663446,10.725021362304688,0,0,RUN_FAIL,Kernel execution failed
fp16,281,43,512,s_64x64_k64_v4,6.124069406683117,6.608009338378906,0,0,RUN_FAIL,Kernel execution failed
fp16,281,79,512,s_64x64_k64_v4,8.924646303173034,11.699676513671875,0,0,RUN_FAIL,Kernel execution failed
fp16,281,111,256,s_64x64_k64_mem,5.923164970974689,12.196779251098633,0,0,RUN_FAIL,Kernel execution failed
fp16,281,149,256,s_64x64_k64_v4,18.925677276293577,6.510257720947266,0,0,RUN_FAIL,Kernel execution failed
fp16,281,197,128,s_64x64_k128_v3,13.110862958159634,6.98542594909668,0,0,RUN_FAIL,Kernel execution failed
fp16,281,257,128,s_64x64_k128_v3,20.587876071008477,6.615400314331055,0,0,RUN_FAIL,Kernel execution failed
fp16,281,311,128,s_64x64_k64_mem,21.036996742411997,7.071018218994141,0,0,RUN_FAIL,Kernel execution failed
fp16,283,5,1024,l_128x256_k32_v3,21.690096946625424,11.622190475463867,0,0,RUN_FAIL,Kernel execution failed
fp16,283,31,1024,m_128x128_k32_v4,2.182658273388105,11.524200439453125,0,0,UNSUPPORTED,Problem size not supported by kernel
fp16,283,67,512,s_64x64_k64_v4,6.908519783909301,11.801481246948242,0,0,RUN_FAIL,Kernel execution failed
fp16,283,101,512,s_64x64_k64_v4,12.706917902118567,9.584188461303711,0,0,RUN_FAIL,Kernel execution failed
fp16,283,127,256,s_64x64_k64_v4,9.798840934135521,7.212400436401367,0,0,RUN_FAIL,Kernel execution failed
fp16,283,179,256,s_64x64_k64_v4,18.894553094758507,4.241704940795898,0,0,RUN_FAIL,Kernel execution failed
fp16,283,233,128,s_64x64_k128_v3,19.99028411973744,4.773378372192383,0,0,RUN_FAIL,Kernel execution failed
fp16,283,283,128,s_64x64_k128_v3,21.11458775075586,10.906457901000977,0,0,RUN_FAIL,Kernel execution failed
fp16,283,313,1024,s_64x64_k64_v4,47.79080576196024,11.399507522583008,0,0,RUN_FAIL,Kernel execution failed
fp16,293,17,1024,s_64x64_k64_v4,3.262451454451251,12.253999710083008,0,0,RUN_FAIL,Kernel execution failed
fp16,293,51,512,s_64x64_k64_v4,5.439289198261323,12.703180313110352,0,0,RUN_FAIL,Kernel execution failed
fp16,293,89,512,s_64x64_k64_v4,8.403449455467957,6.613731384277344,0,0,RUN_FAIL,Kernel execution failed
fp16,293,117,256,s_64x64_k64_mem,8.764464718292412,10.707616806030273,0,0,RUN_FAIL,Kernel execution failed
fp16,293,157,256,s_64x64_k64_v4,18.857154682277194,2.78472900390625,0,0,RUN_FAIL,Kernel execution failed
fp16,293,211,128,s_64x64_k128_v3,20.766639919996884,7.504463195800781,0,0,RUN_FAIL,Kernel execution failed
fp16,293,269,128,s_64x64_k128_v3,21.009722583026804,11.29913330078125,0,0,RUN_FAIL,Kernel execution failed
fp16,293,293,1024,s_64x64_k64_v4,47.79080576196024,9.018421173095703,0,0,RUN_FAIL,Kernel execution failed
fp16,299,9,1024,s_64x64_k64_v4,7.227171219108614,10.897159576416016,0,0,RUN_FAIL,Kernel execution failed
fp16,299,37,1024,s_64x64_k64_v4,8.42661377236524,6.720304489135742,0,0,RUN_FAIL,Kernel execution failed
fp16,299,73,512,s_64x64_k64_v4,8.492054387247528,6.618976593017578,0,0,RUN_FAIL,Kernel execution failed
fp16,299,107,512,s_64x64_k64_v4,14.4319082916576,11.942863464355469,0,0,RUN_FAIL,Kernel execution failed
fp16,299,137,256,s_64x64_k64_v4,20.67986372923966,11.36922836303711,0,0,RUN_FAIL,Kernel execution failed
fp16,299,191,256,s_64x64_k64_v4,21.253629046902333,12.961864471435547,0,0,RUN_FAIL,Kernel execution failed
fp16,299,241,128,s_64x64_k128_v3,22.230014991123934,13.01884651184082,0,0,RUN_FAIL,Kernel execution failed
fp16,299,299,128,s_64x64_k128_v3,23.193893448408332,12.922048568725586,0,0,RUN_FAIL,Kernel execution failed
fp16,299,331,1024,s_64x64_k64_v4,49.19490405076951,11.565446853637695,0,0,RUN_FAIL,Kernel execution failed
fp16,307,23,1024,s_64x64_k64_v4,3.277745262325483,13.02790641784668,0,0,RUN_FAIL,Kernel execution failed
fp16,307,61,512,s_64x64_k64_v4,7.35083562682197,13.447284698486328,0,0,RUN_FAIL,Kernel execution failed
fp16,307,97,512,s_64x64_k64_v4,14.536055927543167,11.717557907104492,0,0,RUN_FAIL,Kernel execution failed
fp16,307,121,256,s_64x64_k64_v4,10.152479038127176,12.852191925048828,0,0,RUN_FAIL,Kernel execution failed
fp16,307,167,256,s_64x64_k64_v4,21.09643759112747,11.440277099609375,0,0,RUN_FAIL,Kernel execution failed
fp16,307,227,128,s_64x64_k128_v3,22.230014991123934,6.750822067260742,0,0,RUN_FAIL,Kernel execution failed
fp16,307,277,128,s_64x64_k128_v3,23.236117534852784,6.621599197387695,0,0,RUN_FAIL,Kernel execution failed
fp16,307,307,1024,s_64x64_k64_v4,52.599439122902815,11.418581008911133,0,0,RUN_FAIL,Kernel execution failed
fp16,311,3,1024,l_128x256_k32_v3,21.234040573259904,6.616830825805664,0,0,RUN_FAIL,Kernel execution failed
fp16,311,27,512,s_64x64_k64_v4,4.922901889527513,6.6585540771484375,0,0,RUN_FAIL,Kernel execution failed
fp16,311,63,512,s_64x64_k64_v4,10.255117538788465,7.276773452758789,0,0,RUN_FAIL,Kernel execution failed
fp16,311,99,512,s_64x64_k64_v4,17.365085219285753,6.695747375488281,0,0,RUN_FAIL,Kernel execution failed
fp16,311,123,256,s_64x64_k64_v4,12.657661971502897,6.59632682800293,0,0,RUN_FAIL,Kernel execution failed
fp16,311,173,256,s_64x64_k64_v4,26.563218391387085,6.645441055297852,0,0,RUN_FAIL,Kernel execution failed
fp16,311,229,128,s_64x64_k128_v3,26.12518209032789,6.712198257446289,0,0,RUN_FAIL,Kernel execution failed
fp16,311,281,128,s_64x64_k128_v3,28.212619812665096,6.5460205078125,0,0,RUN_FAIL,Kernel execution failed
fp16,311,311,1024,s_64x64_k64_v4,58.854161785779716,6.546735763549805,0,0,RUN_FAIL,Kernel execution failed
fp16,313,15,1024,s_64x64_k64_v4,7.78460557488763,6.516695022583008,0,0,RUN_FAIL,Kernel execution failed
fp16,313,47,512,s_64x64_k64_v4,9.522126965389113,6.70623779296875,0,0,RUN_FAIL,Kernel execution failed
fp16,313,83,512,s_64x64_k64_v4,13.128365996039422,6.697654724121094,0,0,RUN_FAIL,Kernel execution failed
fp16,313,113,256,s_64x64_k64_mem,12.83296997473315,6.648778915405273,0,0,RUN_FAIL,Kernel execution failed
fp16,313,151,256,s_64x64_k64_v4,26.617481655466296,6.561994552612305,0,0,RUN_FAIL,Kernel execution failed
fp16,313,199,128,s_64x64_k128_v3,20.068663364868904,6.682872772216797,0,0,RUN_FAIL,Kernel execution failed
fp16,313,263,128,s_64x64_k128_v3,28.16195536283771,12.476682662963867,0,0,RUN_FAIL,Kernel execution failed
fp16,313,283,1024,s_64x64_k64_v4,56.79632633071454,12.822151184082031,0,0,RUN_FAIL,Kernel execution failed
fp16,317,7,1024,l_128x256_k32_v3,21.22845625604047,11.390447616577148,0,0,RUN_FAIL,Kernel execution failed
fp16,317,33,512,s_64x64_k64_v4,4.8119418231662925,11.457204818725586,0,0,RUN_FAIL,Kernel execution failed
fp16,317,71,512,s_64x64_k64_v4,11.425231314875685,9.693384170532227,0,0,RUN_FAIL,Kernel execution failed
fp16,317,103,256,s_64x64_k64_mem,7.90939538642024,11.473417282104492,0,0,RUN_FAIL,Kernel execution failed
fp16,317,131,256,s_64x64_k64_v4,25.403887164240757,11.072635650634766,0,0,RUN_FAIL,Kernel execution failed
fp16,317,181,256,s_64x64_k64_v4,26.010058206670184,11.366844177246094,0,0,RUN_FAIL,Kernel execution failed
fp16,317,239,128,s_64x64_k128_v3,29.235441484223866,11.532306671142578,0,0,RUN_FAIL,Kernel execution failed
fp16,317,293,128,s_64x64_k128_v3,29.112380915216242,11.404991149902344,0,0,RUN_FAIL,Kernel execution failed
fp16,317,317,1024,s_64x64_k64_v4,60.35048613062148,12.79759407043457,0,0,RUN_FAIL,Kernel execution failed
fp16,331,19,1024,s_64x64_k64_v4,6.871707127800841,11.278152465820312,0,0,RUN_FAIL,Kernel execution failed
fp16,331,59,512,s_64x64_k64_v4,8.432935593968143,11.362791061401367,0,0,RUN_FAIL,Kernel execution failed
fp16,331,91,512,s_64x64_k64_v4,17.272418722373523,10.602474212646484,0,0,RUN_FAIL,Kernel execution failed
fp16,331,119,256,s_64x64_k64_v4,13.496923253816389,2.908468246459961,0,0,RUN_FAIL,Kernel execution failed
fp16,331,163,256,s_64x64_k64_v4,20.20944612023801,6.832122802734375,0,0,RUN_FAIL,Kernel execution failed
fp16,331,223,128,s_64x64_k128_v3,20.08337529015533,6.659984588623047,0,0,RUN_FAIL,Kernel execution failed
fp16,331,271,128,r_64x128_k64_v3,20.277138925212007,11.336326599121094,0,0,RUN_FAIL,Kernel execution failed
fp16,331,299,1024,s_64x64_k64_v4,45.30963351194202,12.681245803833008,0,0,RUN_FAIL,Kernel execution failed
fp16,337,11,1024,s_64x64_k64_v4,8.899550291508737,11.463642120361328,0,0,RUN_FAIL,Kernel execution failed
fp16,337,41,512,s_64x64_k64_v4,9.311663515147977,7.077217102050781,0,0,RUN_FAIL,Kernel execution failed
fp16,337,77,512,s_64x64_k64_v4,10.269061278838349,7.218360900878906,0,0,RUN_FAIL,Kernel execution failed
fp16,337,109,256,s_64x64_k64_mem,7.667764038824739,6.787300109863281,0,0,RUN_FAIL,Kernel execution failed
fp16,337,139,256,s_64x64_k64_v4,21.652792767622323,6.583690643310547,0,0,RUN_FAIL,Kernel execution failed
fp16,337,193,128,s_64x64_k128_v3,23.484562953149513,7.0209503173828125,0,0,RUN_FAIL,Kernel execution failed
fp16,337,251,128,s_64x64_k64_mem,21.177117773506957,14.33563232421875,0,0,RUN_FAIL,Kernel execution failed
fp16,337,307,128,r_64x128_k64_v3,21.43560882900092,9.46354866027832,0,0,RUN_FAIL,Kernel execution failed
fp16,337,337,1024,s_64x64_k64_v4,63.94164162864912,6.572961807250977,0,0,RUN_FAIL,Kernel execution failed
fp16,3,512,3,m_128x128_k32_v4,1.5348405293005813,11.435985565185547,0,0,UNSUPPORTED,Problem size not supported by kernel
fp16,5,5,64,s_64x64_k128_mem,3.1662399404076127,6.161212921142578,0,0,RUN_FAIL,Kernel execution failed
fp16,512,5,5,s_64x64_k128_v3,24.308318042853376,6.6394805908203125,0,0,RUN_FAIL,Kernel execution failed
fp16,7,64,7,m_128x128_k32_v4,-0.8755788949141544,6.688594818115234,0,0,UNSUPPORTED,Problem size not supported by kernel
fp16,7,1024,7,m_128x128_k32_v4,1.7207750676694915,6.126880645751953,0,0,UNSUPPORTED,Problem size not supported by kernel
fp16,64,9,9,r_64x128_k64_v3,-4.446357913572119,6.586551666259766,0,0,RUN_FAIL,Kernel execution failed
fp16,1024,9,9,s_64x64_k128_v3,31.89489700512389,6.544589996337891,0,0,RUN_FAIL,Kernel execution failed
fp16,11,128,11,m_128x128_k32_v4,0.5314035001190611,11.779546737670898,0,0,UNSUPPORTED,Problem size not supported by kernel
fp16,11,11,2048,s_64x64_k64_mem,-1.0174531455524374,11.150598526000977,0,0,RUN_FAIL,Kernel execution failed
fp16,128,13,13,s_64x64_k64_mem,-1.45888646524716,6.500959396362305,0,0,RUN_FAIL,Kernel execution failed
fp16,13,2048,13,m_128x128_k16_v3,2.5342911929952896,14.442682266235352,0,0,RUN_FAIL,Kernel execution failed
fp16,15,256,15,m_128x128_k32_v4,0.8940282566618973,11.545658111572266,0,0,UNSUPPORTED,Problem size not supported by kernel
fp16,2048,15,15,r_64x128_k64_v3,36.95493983845333,7.255315780639648,0,0,RUN_FAIL,Kernel execution failed
fp16,256,17,17,m_128x128_k32_v4,2.4619030498250583,12.166738510131836,0,0,UNSUPPORTED,Problem size not supported by kernel
fp16,19,19,64,m_128x128_k32_v4,1.7902439839184412,6.534337997436523,0,0,UNSUPPORTED,Problem size not supported by kernel
fp16,19,512,19,m_128x128_k32_v4,2.491074059569417,6.272792816162109,0,0,UNSUPPORTED,Problem size not supported by kernel
fp16,23,64,23,m_128x128_k32_v4,-1.3179541356873277,6.54292106628418,0,0,UNSUPPORTED,Problem size not supported by kernel
fp16,23,1024,23,m_128x128_k32_v4,3.228966298990642,6.567955017089844,0,0,UNSUPPORTED,Problem size not supported by kernel
fp16,64,27,27,m_128x128_k32_v4,0.8463089949962885,6.134748458862305,0,0,UNSUPPORTED,Problem size not supported by kernel
fp16,1024,27,27,s_64x64_k128_v3,28.087739217176654,6.104469299316406,0,0,RUN_FAIL,Kernel execution failed
fp16,31,128,31,m_128x128_k32_v4,-0.11706941648615578,6.589651107788086,0,0,UNSUPPORTED,Problem size not supported by kernel
fp16,31,31,2048,s_64x64_k64_mem,2.506284388761957,6.228208541870117,0,0,RUN_FAIL,Kernel execution failed
fp16,128,33,33,s_64x64_k64_mem,-2.12425840547053,6.7195892333984375,0,0,RUN_FAIL,Kernel execution failed
fp16,33,2048,33,s_64x64_k64_mem,8.92138905481531,9.822845458984375,0,0,RUN_FAIL,Kernel execution failed
fp16,37,256,37,m_128x128_k32_v4,-0.6188624023706091,14.644622802734375,0,0,UNSUPPORTED,Problem size not supported by kernel
fp16,2048,37,37,r_64x128_k64_v3,37.05922994037444,6.189823150634766,0,0,RUN_FAIL,Kernel execution failed
fp16,256,41,41,s_64x64_k64_mem,-0.24383584239255898,6.549596786499023,0,0,RUN_FAIL,Kernel execution failed
fp16,43,43,64,m_128x128_k32_v4,2.0336957282287527,8.83793830871582,0,0,UNSUPPORTED,Problem size not supported by kernel
fp16,43,512,43,s_64x64_k64_mem,2.0665549717572045,6.242036819458008,0,0,RUN_FAIL,Kernel execution failed
fp16,47,64,47,m_128x128_k32_v4,-1.354963950600757,8.251190185546875,0,0,UNSUPPORTED,Problem size not supported by kernel
fp16,512,47,47,s_64x64_k64_mem,6.391123843634516,6.042718887329102,0,0,RUN_FAIL,Kernel execution failed
fp16,64,51,51,m_128x128_k32_v4,-1.1198031613097983,6.570577621459961,0,0,UNSUPPORTED,Problem size not supported by kernel
fp16,51,1024,51,s_64x64_k64_mem,5.9636108668349435,6.106853485107422,0,0,RUN_FAIL,Kernel execution failed
fp16,59,128,59,s_64x64_k64_mem,-1.3891452885925106,6.6394805908203125,0,0,RUN_FAIL,Kernel execution failed
fp16,1024,59,59,s_64x64_k64_mem,16.71932148355142,6.652593612670898,0,0,RUN_FAIL,Kernel execution failed
fp16,128,61,61,s_64x64_k64_mem,1.3908386560062713,16.861438751220703,0,0,RUN_FAIL,Kernel execution failed
fp16,61,2048,61,s_64x64_k64_mem,23.897560936912242,10.855436325073242,0,0,RUN_FAIL,Kernel execution failed
fp16,63,256,63,s_64x64_k64_mem,0.4967741213891083,11.367321014404297,0,0,RUN_FAIL,Kernel execution failed
fp16,2048,63,63,s_64x64_k64_mem,22.477187604943573,11.541604995727539,0,0,RUN_FAIL,Kernel execution failed
fp16,256,67,67,s_64x64_k64_mem,0.3738538530983169,11.514902114868164,0,0,RUN_FAIL,Kernel execution failed
fp16,71,71,64,m_128x128_k32_v4,-2.583408042359191,12.650012969970703,0,0,UNSUPPORTED,Problem size not supported by kernel
fp16,71,512,71,s_64x64_k64_mem,7.9600784338377935,8.494377136230469,0,0,RUN_FAIL,Kernel execution failed
fp16,73,64,73,s_64x64_k64_mem,-3.1919051431759087,9.740591049194336,0,0,RUN_FAIL,Kernel execution failed
fp16,512,73,73,s_64x64_k64_mem,15.094911251162369,8.328437805175781,0,0,RUN_FAIL,Kernel execution failed
fp16,64,77,77,m_128x128_k32_v4,0.7690307189506447,11.487960815429688,0,0,UNSUPPORTED,Problem size not supported by kernel
fp16,77,1024,77,r_128x64_k32_v3,9.723589193010651,10.26296615600586,0,0,RUN_FAIL,Kernel execution failed
fp16,79,128,79,m_128x128_k32_v3,-2.991802639644446,9.677886962890625,0,0,RUN_FAIL,Kernel execution failed
fp16,1024,79,79,s_64x64_k64_mem,23.056978038558537,11.240005493164062,0,0,RUN_FAIL,Kernel execution failed
fp16,128,83,83,m_128x128_k32_v4,0.5894662139831216,14.104843139648438,0,0,UNSUPPORTED,Problem size not supported by kernel
fp16,83,83,2048,s_64x64_k128_v3,11.545810528188271,11.526107788085938,0,0,RUN_FAIL,Kernel execution failed
fp16,89,256,89,s_64x64_k64_mem,6.3558827269854214,9.573698043823242,0,0,RUN_FAIL,Kernel execution failed
fp16,89,2048,89,s_64x64_k64_mem,17.10512461471908,10.096073150634766,0,0,RUN_FAIL,Kernel execution failed
fp16,256,91,91,s_64x64_k128_v3,9.123507747031852,11.487007141113281,0,0,RUN_FAIL,Kernel execution failed
fp16,2048,91,91,s_64x64_k64_mem,27.460411644168122,11.532306671142578,0,0,RUN_FAIL,Kernel execution failed
fp16,97,512,97,s_64x64_k64_mem,9.414096054095461,7.595062255859375,0,0,RUN_FAIL,Kernel execution failed
fp16,99,64,99,s_64x64_k64_mem,-1.7224844116402394,6.679296493530273,0,0,RUN_FAIL,Kernel execution failed
fp16,512,99,99,s_64x64_k128_v3,15.351329006144294,6.575584411621094,0,0,RUN_FAIL,Kernel execution failed
fp16,64,101,101,s_64x64_k64_v4,0.1793027826036691,6.657838821411133,0,0,RUN_FAIL,Kernel execution failed
fp16,101,1024,101,s_64x64_k64_mem,10.056209279999274,11.64555549621582,0,0,RUN_FAIL,Kernel execution failed
fp16,103,128,103,r_64x128_k64_v3,2.435199431734824,6.675481796264648,0,0,RUN_FAIL,Kernel execution failed
fp16,1024,103,103,s_64x64_k64_mem,23.637183334484007,6.622791290283203,0,0,RUN_FAIL,Kernel execution failed
fp16,128,107,107,s_64x64_k64_mem,4.167825337045887,8.150815963745117,0,0,RUN_FAIL,Kernel execution failed
fp16,107,107,2048,s_64x64_k64_v4,12.223686060564116,6.589412689208984,0,0,RUN_FAIL,Kernel execution failed
fp16,109,256,109,s_64x64_k64_v4,6.857507520837847,6.543397903442383,0,0,RUN_FAIL,Kernel execution failed
fp16,109,2048,109,r_128x64_k64_v3,23.428065083824887,6.668806076049805,0,0,RUN_FAIL,Kernel execution failed
fp16,256,111,111,s_64x64_k128_v3,9.17468391989317,6.618261337280273,0,0,RUN_FAIL,Kernel execution failed
fp16,2048,111,111,s_64x64_k64_mem,28.616102179666754,6.761312484741211,0,0,RUN_FAIL,Kernel execution failed
fp16,113,512,113,s_64x64_k64_mem,11.061229685733958,14.297962188720703,0,0,RUN_FAIL,Kernel execution failed
fp16,117,117,64,m_128x128_k32_v4,1.506005970169394,6.844043731689453,0,0,UNSUPPORTED,Problem size not supported by kernel
fp16,512,117,117,s_64x64_k128_v3,15.078146504969023,6.184577941894531,0,0,RUN_FAIL,Kernel execution failed
fp16,119,64,119,s_64x64_k64_mem,0.5762733300256205,6.674289703369141,0,0,RUN_FAIL,Kernel execution failed
fp16,119,1024,119,s_64x64_k64_mem,24.14597758620845,6.636857986450195,0,0,RUN_FAIL,Kernel execution failed
fp16,64,121,121,r_64x128_k64_v3,1.7101027448503014,11.604547500610352,0,0,RUN_FAIL,Kernel execution failed
fp16,1024,121,121,s_64x64_k64_mem,26.96166741798504,11.054754257202148,0,0,RUN_FAIL,Kernel execution failed
fp16,128,123,123,r_64x128_k64_v3,4.844024924205724,6.71076774597168,0,0,RUN_FAIL,Kernel execution failed
fp16,123,123,2048,s_64x64_k64_v4,14.952412145959956,12.734413146972656,0,0,RUN_FAIL,Kernel execution failed
fp16,127,256,127,s_64x64_k64_mem,9.028348154000021,6.7920684814453125,0,0,RUN_FAIL,Kernel execution failed
fp16,127,2048,127,s_64x64_k64_mem,34.626965877939,11.906147003173828,0,0,RUN_FAIL,Kernel execution failed
fp16,256,131,131,s_64x64_k128_v3,12.676734206549057,11.753082275390625,0,0,RUN_FAIL,Kernel execution failed
fp16,2048,131,131,s_64x64_k64_mem,64.73927317364465,11.551856994628906,0,0,RUN_FAIL,Kernel execution failed
fp16,137,512,137,s_64x64_k64_mem,9.053404635960705,6.655693054199219,0,0,RUN_FAIL,Kernel execution failed
fp16,139,139,64,m_128x128_k32_v4,6.633192233209949,11.394739151000977,0,0,UNSUPPORTED,Problem size not supported by kernel
fp16,512,139,139,s_64x64_k128_v3,19.373515963512048,6.121635437011719,0,0,RUN_FAIL,Kernel execution failed
fp16,149,64,149,m_128x128_k32_v4,3.9474580815849802,6.569862365722656,0,0,UNSUPPORTED,Problem size not supported by kernel
fp16,149,1024,149,s_64x64_k64_mem,25.066714771415707,6.193399429321289,0,0,RUN_FAIL,Kernel execution failed
fp16,64,151,151,s_64x64_k64_v4,5.110520385469381,11.238336563110352,0,0,RUN_FAIL,Kernel execution failed
fp16,1024,151,151,s_64x64_k64_mem,43.17681063802914,6.531953811645508,0,0,RUN_FAIL,Kernel execution failed
fp16,157,128,157,m_128x128_k32_v4,3.7788075508223367,11.386871337890625,0,0,UNSUPPORTED,Problem size not supported by kernel
fp16,157,157,2048,s_64x64_k64_v4,17.403465755699425,10.444879531860352,0,0,RUN_FAIL,Kernel execution failed
fp16,128,163,163,s_64x64_k64_v4,9.036926542744084,6.585359573364258,0,0,RUN_FAIL,Kernel execution failed
fp16,163,2048,163,s_64x64_k64_mem,40.950801305976896,6.7539215087890625,0,0,RUN_FAIL,Kernel execution failed
fp16,167,256,167,s_64x64_k64_v4,15.155560031663407,6.5898895263671875,0,0,RUN_FAIL,Kernel execution failed
fp16,2048,167,167,s_64x64_k64_mem,65.2768922182526,7.358551025390625,0,0,RUN_FAIL,Kernel execution failed
fp16,173,512,173,s_64x64_k64_mem,20.934394059749433,7.294416427612305,0,0,RUN_FAIL,Kernel execution failed
fp16,179,179,64,s_64x64_k128_v3,8.062900829659267,6.51240348815918,0,0,RUN_FAIL,Kernel execution failed
fp16,512,179,179,s_64x64_k64_mem,28.20071278661027,11.597394943237305,0,0,RUN_FAIL,Kernel execution failed
fp16,181,64,181,m_128x128_k32_v4,2.952944980373766,11.348485946655273,0,0,UNSUPPORTED,Problem size not supported by kernel
fp16,181,1024,181,s_64x64_k64_mem,33.60435095124984,7.870197296142578,0,0,RUN_FAIL,Kernel execution failed
fp16,64,191,191,s_64x64_k64_v4,6.913724204768051,7.4329376220703125,0,0,RUN_FAIL,Kernel execution failed
fp16,1024,191,191,s_64x64_k64_mem,47.263643846928716,8.705854415893555,0,0,RUN_FAIL,Kernel execution failed
fp16,193,128,193,s_64x64_k64_mem,5.464821495889346,10.928153991699219,0,0,RUN_FAIL,Kernel execution failed
fp16,193,193,2048,s_64x64_k64_v4,24.24810906288627,13.167381286621094,0,0,RUN_FAIL,Kernel execution failed
fp16,128,197,197,s_64x64_k64_v4,11.52706754824164,7.025003433227539,0,0,RUN_FAIL,Kernel execution failed
fp16,197,2048,197,s_64x64_k64_mem,37.73352102939004,6.592750549316406,0,0,RUN_FAIL,Kernel execution failed
fp16,199,256,199,s_64x64_k64_v4,14.704942834344234,6.688356399536133,0,0,RUN_FAIL,Kernel execution failed
fp16,2048,199,199,s_64x64_k64_mem,67.03651409601558,12.345075607299805,0,0,RUN_FAIL,Kernel execution failed
fp16,256,211,211,s_64x64_k64_v4,24.31308837091986,6.665468215942383,0,0,RUN_FAIL,Kernel execution failed
fp16,223,223,64,s_64x64_k128_v3,14.23940389207524,11.340856552124023,0,0,RUN_FAIL,Kernel execution failed
fp16,223,512,223,s_64x64_k64_v4,23.12152569393309,11.580944061279297,0,0,RUN_FAIL,Kernel execution failed
fp16,227,64,227,s_64x64_k64_mem,3.14481925444854,12.455940246582031,0,0,RUN_FAIL,Kernel execution failed
fp16,512,227,227,s_64x64_k128_v3,36.354843542514544,14.212608337402344,0,0,RUN_FAIL,Kernel execution failed
fp16,64,229,229,s_64x64_k64_v4,9.26541810656955,11.849403381347656,0,0,RUN_FAIL,Kernel execution failed
fp16,1024,229,229,s_64x64_k64_mem,47.68204114392315,7.525920867919922,0,0,RUN_FAIL,Kernel execution failed
fp16,233,128,233,s_64x64_k64_v4,6.93662873534646,11.591434478759766,0,0,RUN_FAIL,Kernel execution failed
fp16,233,233,2048,s_64x64_k128_v3,28.695392157273172,2.9120445251464844,0,0,RUN_FAIL,Kernel execution failed
fp16,128,239,239,s_64x64_k64_v4,12.457344228765367,12.853860855102539,0,0,RUN_FAIL,Kernel execution failed
fp16,239,2048,239,s_64x64_k128_v3,55.40431642242172,6.6432952880859375,0,0,RUN_FAIL,Kernel execution failed
fp16,241,256,241,s_64x64_k64_v4,19.37014462235526,7.117748260498047,0,0,RUN_FAIL,Kernel execution failed
fp16,2048,241,241,s_64x64_k64_mem,74.3415124637657,11.539936065673828,0,0,RUN_FAIL,Kernel execution failed
fp16,256,251,251,s_64x64_k64_v4,26.054264955889398,12.172222137451172,0,0,RUN_FAIL,Kernel execution failed
fp16,257,257,64,s_64x64_k128_v3,11.425969687475192,11.525630950927734,0,0,RUN_FAIL,Kernel execution failed
fp16,257,512,257,s_64x64_k64_v4,26.17850030523459,11.30223274230957,0,0,RUN_FAIL,Kernel execution failed
fp16,263,64,263,m_128x128_k32_v4,2.8322872659441782,11.493444442749023,0,0,UNSUPPORTED,Problem size not supported by kernel
fp16,512,263,263,s_64x64_k64_mem,46.8788674500083,3.0510425567626953,0,0,RUN_FAIL,Kernel execution failed
fp16,64,269,269,s_64x64_k64_v4,8.509403024031764,7.874250411987305,0,0,RUN_FAIL,Kernel execution failed
fp16,269,1024,269,s_64x64_k64_mem,38.672918802057985,6.684303283691406,0,0,RUN_FAIL,Kernel execution failed
fp16,271,128,271,s_64x64_k64_v4,9.313923624367288,11.48080825805664,0,0,RUN_FAIL,Kernel execution failed
fp16,1024,271,271,s_64x64_k64_mem,57.95112976991913,6.602287292480469,0,0,RUN_FAIL,Kernel execution failed
fp16,128,277,277,s_64x64_k64_v4,17.44838428849889,6.61015510559082,0,0,RUN_FAIL,Kernel execution failed
fp16,277,277,2048,s_64x64_k128_v3,50.479024649876564,12.949705123901367,0,0,RUN_FAIL,Kernel execution failed
fp16,281,256,281,s_64x64_k64_v4,20.726307315206853,6.583452224731445,0,0,RUN_FAIL,Kernel execution failed
fp16,2048,281,281,s_64x64_k64_mem,127.32666326530659,11.422157287597656,0,0,RUN_FAIL,Kernel execution failed
fp16,256,283,283,s_64x64_k64_v4,31.73069813894494,12.445449829101562,0,0,RUN_FAIL,Kernel execution failed
fp16,293,293,64,s_64x64_k128_v3,14.278432780310505,11.36469841003418,0,0,RUN_FAIL,Kernel execution failed
fp16,293,512,293,s_64x64_k64_v4,32.33466879325014,11.25025749206543,0,0,RUN_FAIL,Kernel execution failed
fp16,299,64,299,s_64x64_k64_mem,3.1371182365941475,11.56759262084961,0,0,RUN_FAIL,Kernel execution failed
fp16,512,299,299,s_64x64_k64_mem,47.6042179795237,11.475801467895508,0,0,RUN_FAIL,Kernel execution failed
fp16,64,307,307,s_64x64_k64_v4,9.531352764094418,11.838912963867188,0,0,RUN_FAIL,Kernel execution failed
fp16,307,1024,307,s_64x64_k64_v4,94.96417070719046,13.082265853881836,0,0,RUN_FAIL,Kernel execution failed
fp16,311,128,311,s_64x64_k64_v4,13.921083608232784,6.495475769042969,0,0,RUN_FAIL,Kernel execution failed
fp16,1024,311,311,s_64x64_k64_mem,105.64412658554946,6.646871566772461,0,0,RUN_FAIL,Kernel execution failed
fp16,128,313,313,s_64x64_k64_v4,18.104570831630074,5.891323089599609,0,0,RUN_FAIL,Kernel execution failed
fp16,313,313,2048,s_64x64_k128_v3,63.58405560447348,6.393909454345703,0,0,RUN_FAIL,Kernel execution failed
fp16,317,256,317,s_64x64_k64_v4,32.03383209867116,6.562948226928711,0,0,RUN_FAIL,Kernel execution failed
fp16,317,2048,317,s_64x64_k64_mem,128.25882741704694,16.214370727539062,0,0,RUN_FAIL,Kernel execution failed
fp16,256,331,331,s_64x64_k64_v4,34.08574382243115,6.519794464111328,0,0,RUN_FAIL,Kernel execution failed
fp16,2048,331,331,s_64x64_k64_mem,124.53553965927502,12.253284454345703,0,0,RUN_FAIL,Kernel execution failed
fp16,337,512,337,s_64x64_k64_v4,66.02691997719492,11.54184341430664,0,0,RUN_FAIL,Kernel execution failed
fp16,347,347,64,s_64x64_k128_v3,16.405044650361656,12.077093124389648,0,0,RUN_FAIL,Kernel execution failed
fp16,256,347,347,s_64x64_k64_v4,34.314354451111036,2.923727035522461,0,0,RUN_FAIL,Kernel execution failed
fp16,347,2048,347,s_64x64_k128_mem,105.39731241807323,11.583566665649414,0,0,RUN_FAIL,Kernel execution failed
fp16,128,349,349,s_64x64_k64_v4,23.87440133618222,12.87531852722168,0,0,RUN_FAIL,Kernel execution failed
fp16,349,1024,349,s_64x64_k128_mem,86.16695902132454,14.142274856567383,0,0,RUN_FAIL,Kernel execution failed
fp16,64,353,353,s_64x64_k64_v4,12.226028550507856,12.830495834350586,0,0,RUN_FAIL,Kernel execution failed
fp16,353,512,353,s_64x64_k64_v4,70.4189482687063,6.732940673828125,0,0,RUN_FAIL,Kernel execution failed
fp16,2048,353,353,s_64x64_k64_mem,126.17056685433725,8.115291595458984,0,0,RUN_FAIL,Kernel execution failed
fp16,359,256,359,s_64x64_k64_v4,25.479543021549784,8.984565734863281,0,0,RUN_FAIL,Kernel execution failed
fp16,1024,359,359,s_64x64_k64_mem,111.3262204268957,6.633758544921875,0,0,RUN_FAIL,Kernel execution failed
fp16,367,128,367,s_64x64_k64_v4,18.90452452789733,6.684780120849609,0,0,RUN_FAIL,Kernel execution failed
fp16,512,367,367,s_64x64_k64_mem,85.07252730636378,11.487960815429688,0,0,RUN_FAIL,Kernel execution failed
fp16,373,64,373,r_64x128_k64_v3,7.607761333130797,6.595611572265625,0,0,RUN_FAIL,Kernel execution failed
fp16,256,373,373,s_64x64_k64_v4,37.154962379938475,10.788440704345703,0,0,RUN_FAIL,Kernel execution failed
fp16,373,2048,373,s_64x64_k64_v4,127.41211174585601,7.584095001220703,0,0,RUN_FAIL,Kernel execution failed
fp16,128,379,379,s_64x64_k64_v4,26.44301891199636,6.702899932861328,0,0,RUN_FAIL,Kernel execution failed
fp16,379,1024,379,s_64x64_k64_mem,118.9735116295512,6.671905517578125,0,0,RUN_FAIL,Kernel execution failed
fp16,64,383,383,s_64x64_k64_v4,13.247866551337815,6.576776504516602,0,0,RUN_FAIL,Kernel execution failed
fp16,383,512,383,s_64x64_k64_mem,85.36410832752658,6.697416305541992,0,0,RUN_FAIL,Kernel execution failed
fp16,2048,383,383,s_64x64_k64_mem,147.86186274236002,6.550788879394531,0,0,RUN_FAIL,Kernel execution failed
fp16,389,256,389,s_64x64_k64_v4,20.799667816250516,11.038541793823242,0,0,RUN_FAIL,Kernel execution failed
fp16,389,389,2048,s_64x64_k64_v4,78.57921661096292,11.442422866821289,0,0,RUN_FAIL,Kernel execution failed
fp16,397,128,397,s_64x64_k64_v4,16.19962647463548,11.37399673461914,0,0,RUN_FAIL,Kernel execution failed
fp16,397,397,1024,s_64x64_k64_v4,72.57086605561477,11.322736740112305,0,0,RUN_FAIL,Kernel execution failed
fp16,401,64,401,s_64x64_k128_mem,5.629878800582713,11.838197708129883,0,0,RUN_FAIL,Kernel execution failed
fp16,401,401,512,s_64x64_k64_v4,71.6172745915269,6.9103240966796875,0,0,RUN_FAIL,Kernel execution failed
fp16,401,2048,401,s_64x64_k64_v4,106.07259708762818,11.929750442504883,0,0,RUN_FAIL,Kernel execution failed
fp16,409,409,256,s_64x64_k64_v4,33.82455649331684,6.723880767822266,0,0,RUN_FAIL,Kernel execution failed
fp16,409,1024,409,s_64x64_k128_v3,89.63746850114326,11.40594482421875,0,0,RUN_FAIL,Kernel execution failed
fp16,419,419,128,s_64x64_k64_mem,35.22484990566851,6.640434265136719,0,0,RUN_FAIL,Kernel execution failed
fp16,419,512,419,s_64x64_k64_v4,70.9837462072223,12.140035629272461,0,0,RUN_FAIL,Kernel execution failed
fp16,421,421,64,s_64x64_k128_v3,17.763270552209132,15.384674072265625,0,0,RUN_FAIL,Kernel execution failed
fp16,421,256,421,s_64x64_k128_v3,24.317589478248564,10.972261428833008,0,0,RUN_FAIL,Kernel execution failed
fp16,421,421,2048,s_64x64_k128_v3,88.49836010581654,6.600379943847656,0,0,RUN_FAIL,Kernel execution failed
fp16,431,128,431,s_64x64_k64_v4,19.75894711631185,11.405706405639648,0,0,RUN_FAIL,Kernel execution failed
fp16,431,431,1024,s_64x64_k64_v4,78.03735554525574,11.077642440795898,0,0,RUN_FAIL,Kernel execution failed
fp16,433,64,433,r_64x128_k64_v3,8.254047788659543,8.056163787841797,0,0,RUN_FAIL,Kernel execution failed
fp16,433,433,512,s_64x64_k64_v4,79.15415766522321,12.508630752563477,0,0,RUN_FAIL,Kernel execution failed
fp16,433,2048,433,s_64x64_k64_v4,131.89740438859738,6.763219833374023,0,0,RUN_FAIL,Kernel execution failed
fp16,439,439,256,s_64x64_k64_mem,45.43964075588368,6.670713424682617,0,0,RUN_FAIL,Kernel execution failed
fp16,1024,439,439,s_64x64_k64_mem,122.33015981695965,6.828546524047852,0,0,RUN_FAIL,Kernel execution failed
fp16,443,443,128,s_64x64_k64_mem,46.94547058542296,13.188838958740234,0,0,RUN_FAIL,Kernel execution failed
fp16,512,443,443,s_64x64_k64_mem,89.12940140122079,6.602287292480469,0,0,RUN_FAIL,Kernel execution failed
fp16,449,449,64,s_64x64_k128_v3,17.77886453270609,6.860256195068359,0,0,RUN_FAIL,Kernel execution failed
fp16,256,449,449,s_64x64_k64_v4,35.19883301925958,11.758565902709961,0,0,RUN_FAIL,Kernel execution failed
fp16,449,449,2048,s_64x64_k64_v4,86.03039708728942,11.503458023071289,0,0,RUN_FAIL,Kernel execution failed
fp16,128,457,457,s_64x64_k64_v4,29.182517044104998,13.030529022216797,0,0,RUN_FAIL,Kernel execution failed
fp16,457,457,1024,s_64x64_k64_v4,76.60421691123761,11.348247528076172,0,0,RUN_FAIL,Kernel execution failed
fp16,101,202,101,s_64x64_k64_mem,5.462134667067523,11.322736740112305,0,0,RUN_FAIL,Kernel execution failed
fp16,201,402,201,s_64x64_k64_v4,16.086404175155657,12.133121490478516,0,0,RUN_FAIL,Kernel execution failed
fp16,598,299,299,s_64x64_k64_v4,38.22371247234094,7.211208343505859,0,0,RUN_FAIL,Kernel execution failed
fp16,501,1002,501,s_64x64_k128_v3,101.96001328422767,13.042688369750977,0,0,RUN_FAIL,Kernel execution failed
fp16,777,777,777,s_64x64_k128_mem,163.15680408752513,12.996912002563477,0,0,RUN_FAIL,Kernel execution failed
fp16,1023,2046,1023,s_64x64_k64_mem,435.7302953362147,12.461423873901367,0,0,RUN_FAIL,Kernel execution failed
fp16,1333,1333,1333,s_64x64_k64_mem,412.13396767533635,11.49892807006836,0,0,RUN_FAIL,Kernel execution failed
fp16,1777,3554,1777,m_128x128_k32_v3,565.3231980219916,6.730079650878906,0,0,RUN_FAIL,Kernel execution failed
fp16,2047,2047,2047,m_128x128_k64_v3,590.8436124408626,10.776996612548828,0,0,RUN_FAIL,Kernel execution failed
fp16,2222,4444,2222,m_128x128_k64_v3,733.7607352160818,11.342525482177734,0,0,RUN_FAIL,Kernel execution failed
fp16,3001,3001,3001,m_128x128_k64_v3,763.4359521305871,13.899803161621094,0,0,RUN_FAIL,Kernel execution failed
fp16,7158,3579,3579,m_128x128_k64_v3,1117.993287867164,13.147115707397461,0,0,RUN_FAIL,Kernel execution failed
fp16,8,768,768,s_64x64_k128_v3,7.811574527611397,12.165069580078125,0.009591999463737011,0.9838599382409999,SUCCESS,
fp16,8,1024,1024,s_64x64_k128_v3,8.26303234548712,10.955810546875,0.01166009996086359,1.4388569614593096,SUCCESS,
fp16,4,2048,2048,s_64x64_k128_mem,3.9380663065006325,13.440370559692383,0.020444098860025406,1.6412771347730755,SUCCESS,
fp16,4,3072,3072,s_64x64_k64_mem,3.8638589694101664,6.981372833251953,0.029256200417876244,2.580563125820987,SUCCESS,
fp16,1,4096,3072,s_64x64_k64_mem,2.7397145966799163,16.623497009277344,0.02929620072245598,0.859013229681691,SUCCESS,
fp16,8,4096,4096,s_64x64_k128_mem,9.234909848102815,11.854410171508789,0.040028300136327744,6.706141781833524,SUCCESS,
fp16,32,4096,3072,s_64x64_k128_v3,49.75616704809641,13.67330551147461,0.029360199347138405,27.42850477541084,SUCCESS,
fp16,1,5120,5120,s_64x64_k64_mem,3.7081609418102213,16.10851287841797,0.04983239993453026,1.052102649458603,SUCCESS,
fp16,4,5120,3840,s_64x64_k64_mem,6.192864041561648,10.961532592773438,0.03828030079603195,4.108807839260864,SUCCESS,
fp16,32,5120,5120,s_64x64_k128_mem,79.09771336642322,15.134572982788086,0.04995639994740486,33.583717036582705,SUCCESS,
fp16,128,5120,3840,s_64x64_k128_mem,204.7974998789654,14.913797378540039,0.038940299302339554,129.25336708178833,SUCCESS,
fp16,4,8192,8192,s_64x64_k64_mem,17.070592956381947,15.751361846923828,0.07626070082187653,7.039942017500978,SUCCESS,
fp16,16,8192,6144,s_64x64_k128_mem,62.65419875902669,15.638113021850586,0.059976499527692795,26.854063652986884,SUCCESS,
fp16,128,8192,8192,s_64x64_k128_mem,454.4160901573789,10.986566543579102,0.08034469932317734,213.82703935322408,SUCCESS,
fp16,2,11008,8256,s_64x64_k128_mem,9.064045816796845,11.861324310302734,0.08105270564556122,4.4850839846073445,SUCCESS,
fp16,16,11008,11008,s_64x64_k64_mem,89.14631334410238,15.615701675415039,0.10618890821933746,36.51637551438602,SUCCESS,
fp16,64,11008,8256,s_64x64_k64_mem,252.39304060677716,11.438131332397461,0.0822886973619461,141.36694973834355,SUCCESS,
fp16,2,12288,12288,s_64x64_k64_mem,17.19927488051975,12.639522552490234,0.16149739921092987,3.739873081244788,SUCCESS,
fp16,8,9216,12288,s_64x64_k128_mem,45.141886167599736,11.646032333374023,0.11629299819469452,15.580811881438478,SUCCESS,
fp16,64,12288,12288,s_64x64_k128_mem,392.9585747982599,11.546850204467773,0.16412940621376038,117.75679494525352,SUCCESS,
fp16,1,12288,16384,s_64x64_k128_mem,8.59683600929439,12.33530044555664,0.21440589427947998,1.8779949373739604,SUCCESS,
fp16,8,16384,16384,s_64x64_k64_mem,111.1049107506657,11.344194412231445,0.2179299145936966,19.708020828656938,SUCCESS,
fp16,32,12288,16384,s_64x64_k64_mem,211.06762641744734,12.512922286987305,0.21668989956378937,59.462401865237524,SUCCESS,
fp16,128,512,64,s_64x64_k64_mem,16.790103200600214,15.007972717285156,0.0037719998508691788,2.2239152522943555,SUCCESS,
fp16,128,640,80,s_64x64_k128_v3,17.798034700245978,11.489391326904297,0.004164000041782856,3.1477425236499346,SUCCESS,
fp16,128,80,2560,s_64x64_k64_v4,15.145282051090852,11.36326789855957,0.025080200284719467,2.0904458259826226,SUCCESS,
fp16,128,96,3072,s_64x64_k64_v4,14.081518551945232,13.025045394897461,0.029284199699759483,2.57809579138405,SUCCESS,
fp16,128,4096,128,s_64x64_k64_mem,72.29585396621188,6.695270538330078,0.004128000233322382,32.51398265837212,SUCCESS,
fp16,128,8192,256,s_64x64_k128_v3,136.37208981490457,13.364553451538086,0.005807999987155199,92.43645199506332,SUCCESS,
fp16,256,64,1024,s_64x64_k64_v4,10.689845016258122,12.748003005981445,0.011536099947988987,2.908646089344027,SUCCESS,
fp16,256,80,1280,s_64x64_k64_v4,17.034949573140924,11.52491569519043,0.014236100018024445,3.6828063819177626,SUCCESS,
fp16,256,1536,96,s_64x64_k128_mem,73.55938301086971,6.543397903442383,0.0041519999504089355,18.183399061111295,SUCCESS,
fp16,256,2048,128,s_64x64_k64_mem,77.09767674414395,6.727933883666992,0.004164000041782856,32.23288344217533,SUCCESS,
fp16,256,256,3072,s_64x64_k128_v3,41.80605087207994,11.63339614868164,0.029540199786424637,13.630685875897207,SUCCESS,
fp16,512,64,768,s_64x64_k64_v4,18.554178994652244,6.727933883666992,0.009495999664068222,5.300300103258134,SUCCESS,
fp16,512,960,80,s_64x64_k128_v3,75.12109537582208,11.36922836303711,0.00418000016361475,18.814161942996556,SUCCESS,
fp16,512,1152,96,s_64x64_k128_v3,86.47785314585482,11.131525039672852,0.004236000124365091,26.734231509724943,SUCCESS,
fp16,512,1536,128,s_64x64_k64_mem,99.20734136019516,6.805419921875,0.0042479997500777245,47.393268325007874,SUCCESS,
fp16,512,256,2048,s_64x64_k128_v3,74.38882633594025,11.466026306152344,0.020756099373102188,25.86569385458477,SUCCESS,
fp16,1024,64,512,s_64x64_k64_mem,24.518129258880947,11.597871780395508,0.00739199947565794,9.078580730557592,SUCCESS,
fp16,1024,640,80,s_64x64_k128_v3,90.61627390624956,6.951093673706055,0.004204000346362591,24.942338573003564,SUCCESS,
fp16,1024,768,96,s_64x64_k64_mem,87.55740003168846,4.402637481689453,0.004315999802201986,34.984928387383995,SUCCESS,
fp16,1024,96,3072,s_64x64_k128_mem,44.550440780187316,7.105588912963867,0.029576200991868973,20.42114117922193,SUCCESS,
fp16,1024,128,4096,s_64x64_k128_v3,57.72492867188892,13.723373413085938,0.038244299590587616,28.0758658282308,SUCCESS,
fp16,1024,8192,256,s_64x64_k64_mem,277.74924696445305,6.632566452026367,0.01725209876894951,248.95332176802296,SUCCESS,
fp16,2048,2048,64,r_64x128_k32_v3,104.1280629430702,6.727457046508789,0.006347999908030033,84.57323878043445,SUCCESS,
fp16,2048,80,1280,s_64x64_k64_mem,47.46310069566829,6.646156311035156,0.014080099761486053,29.788879844962985,SUCCESS,
fp16,2048,96,1536,s_64x64_k64_mem,59.12106181854736,6.742715835571289,0.01645210012793541,36.71140895711252,SUCCESS,
fp16,2048,2048,128,s_64x64_k64_mem,150.60002525041898,6.53839111328125,0.007439999841153622,144.32014071568975,SUCCESS,
fp16,2048,4096,256,s_64x64_k64_mem,256.2850422212106,3.1833648681640625,0.017216099426150322,249.4738900889581,SUCCESS,
fp16,4096,64,768,s_64x64_k64_mem,52.31565600021413,6.561279296875,0.009464000351727009,42.54577018549276,SUCCESS,
fp16,4096,80,960,s_64x64_k64_mem,108.71892197674737,6.724119186401367,0.012320099398493767,51.06660097863482,SUCCESS,
fp16,4096,1152,96,s_64x64_k64_mem,131.4415408296437,6.649494171142578,0.0086240004748106,105.05213521801166,SUCCESS,
fp16,4096,1536,128,r_64x128_k32_v3,161.12797339158067,9.313344955444336,0.010072000324726105,159.90991700487248,SUCCESS,
fp16,4096,256,2048,s_64x64_k64_mem,252.61842439086973,11.735916137695312,0.02210019901394844,194.34066151572893,SUCCESS,
fp16,8192,64,512,s_64x64_k64_mem,86.37523052821143,10.947942733764648,0.007351999636739492,73.02379468534558,SUCCESS,
fp16,8192,80,640,s_64x64_k64_mem,147.20308735784258,12.269258499145508,0.009007999673485756,93.12398206109087,SUCCESS,
fp16,8192,768,96,r_64x128_k32_v3,152.51410466789565,11.505842208862305,0.010052000172436237,120.17106359711042,SUCCESS,
fp16,8192,1024,128,m_128x128_k32_v3,191.70084088120976,11.572837829589844,0.012092100456357002,177.5939304962551,SUCCESS,
fp16,8192,128,4096,s_64x64_k64_mem,320.3019142308343,11.358261108398438,0.04165229946374893,206.22954080785004,SUCCESS,
fp16,8192,256,8192,s_64x64_k64_mem,557.4027943073531,13.569116592407227,0.10522890090942383,326.52377883881223,SUCCESS,
fp16,64,256,2048,s_64x64_k128_v3,17.05459221067898,12.77017593383789,0.02043209969997406,3.28448201533028,SUCCESS,
fp16,64,1024,2048,s_64x64_k64_v4,36.818925430892975,10.781288146972656,0.020612100139260292,13.023197742412743,SUCCESS,
fp16,128,256,128,s_64x64_k64_mem,9.028348154000021,12.703418731689453,0.004236000124365091,1.9803134451648106,SUCCESS,
fp16,128,1024,8192,s_64x64_k128_mem,56.724005181257674,13.005733489990234,0.07377259433269501,29.109504246460595,SUCCESS,
fp16,256,128,8192,s_64x64_k64_v4,28.257030570996438,12.152433395385742,0.07298459857702255,7.355948000911811,SUCCESS,
fp16,256,2048,512,s_64x64_k64_mem,133.67043207881517,12.209892272949219,0.007631999906152487,70.34472203900383,SUCCESS,
fp16,512,128,8192,s_64x64_k128_v3,42.2952987224699,10.657310485839844,0.07307259738445282,14.694178973148873,SUCCESS,
fp16,512,2048,8192,s_64x64_k128_mem,480.7733049695795,6.753444671630859,0.08090469986200333,212.34698618625592,SUCCESS,
fp16,1024,256,512,s_64x64_k64_mem,89.83529554085044,11.589288711547852,0.00748400017619133,35.867911501922094,SUCCESS,
fp16,2048,64,128,s_64x64_k64_mem,28.085340595988143,12.944459915161133,0.0038679998833686113,8.674879268811585,SUCCESS,
fp16,2048,512,128,s_64x64_k64_mem,108.17833720732172,12.851953506469727,0.004363999702036381,61.51133692212204,SUCCESS,
fp16,128,128,16384,r_64x128_k64_v3,18.15976975530214,11.89565658569336,0.14522530138492584,3.696813894549964,SUCCESS,
fp16,1024,1024,16384,s_64x64_k64_mem,504.07333384533825,11.551856994628906,0.15724940598011017,218.50472600415435,SUCCESS,
fp16,4096,4096,32,m_128x128_k16_v3,131.1585702874266,12.610197067260742,0.015664100646972656,68.5479395337975,SUCCESS,
fp16,1,2,32,s_64x64_k128_mem,3.1285726587808003,8.313417434692383,0,0,RUN_FAIL,Kernel execution failed
fp16,1,4,128,m_128x128_k128_iw_v3,2.4522247489024926,12.071847915649414,0,0,UNSUPPORTED,Problem size not supported by kernel
fp16,1,16,32,m_128x128_k32_v4,5.091178277879512,6.330013275146484,0,0,UNSUPPORTED,Problem size not supported by kernel
fp16,1,32,128,m_128x128_k128_iw_v3,4.1848947811381,4.243373870849609,0,0,UNSUPPORTED,Problem size not supported by kernel
fp16,1,128,32,s_64x64_k128_v3,5.462092564599287,14.440774917602539,0.003719999920576811,0.0022021505846510276,SUCCESS,
fp16,1,256,128,s_64x64_k64_mem,4.668856200950697,11.674880981445312,0.003835999872535467,0.017084463549964332,SUCCESS,
fp16,2,2,32,s_64x64_k128_mem,3.1971730453610667,11.110067367553711,0,0,RUN_FAIL,Kernel execution failed
fp16,2,4,128,s_64x64_k64_mem,1.8979137611470023,6.636381149291992,0,0,RUN_FAIL,Kernel execution failed
fp16,2,16,32,m_128x128_k32_v4,4.474734233114375,15.036821365356445,0,0,UNSUPPORTED,Problem size not supported by kernel
fp16,2,32,128,m_128x128_k128_iw_v3,3.5314339347921533,6.754875183105469,0,0,UNSUPPORTED,Problem size not supported by kernel
fp16,2,128,32,m_128x128_k32_v4,5.760920505203871,8.190393447875977,0,0,UNSUPPORTED,Problem size not supported by kernel
fp16,2,256,128,s_64x64_k64_mem,4.984048859476498,8.014917373657227,0.003743999870494008,0.03500854821950234,SUCCESS,
fp16,4,2,32,m_128x128_k32_v4,4.233826614726805,6.829261779785156,0,0,UNSUPPORTED,Problem size not supported by kernel
fp16,4,4,128,s_64x64_k128_mem,3.1971730453610667,6.201982498168945,0,0,RUN_FAIL,Kernel execution failed
fp16,4,16,32,m_128x128_k32_v4,4.0631228116849485,11.427640914916992,0,0,UNSUPPORTED,Problem size not supported by kernel
fp16,4,32,128,m_128x128_k32_v4,4.243794209618572,10.239362716674805,0,0,UNSUPPORTED,Problem size not supported by kernel
fp16,4,128,32,m_128x128_k32_v4,5.767742871914739,6.003856658935547,0,0,UNSUPPORTED,Problem size not supported by kernel
fp16,4,256,128,s_64x64_k128_mem,6.9793386101714034,7.403135299682617,0.0037360000424087048,0.07016702275811228,SUCCESS,
fp16,8,2,32,m_128x128_k32_v4,0.7132039354924677,9.44662094116211,0,0,UNSUPPORTED,Problem size not supported by kernel
fp16,8,4,256,m_128x128_k32_v4,4.598264605919371,6.2503814697265625,0,0,UNSUPPORTED,Problem size not supported by kernel
fp16,8,16,32,m_128x128_k32_v4,1.6942065998346052,6.163358688354492,0,0,UNSUPPORTED,Problem size not supported by kernel
fp16,8,32,256,m_128x128_k32_v4,4.354664800379142,6.038188934326172,0,0,UNSUPPORTED,Problem size not supported by kernel
fp16,8,128,32,m_128x128_k32_v4,3.657790061994579,6.162405014038086,0,0,UNSUPPORTED,Problem size not supported by kernel
fp16,8,256,256,s_64x64_k64_v4,7.564519509725748,5.725622177124023,0.004908000119030476,0.21364628658711918,SUCCESS,
fp16,16,2,32,m_128x128_k32_v4,0.43848426933966655,7.4520111083984375,0,0,UNSUPPORTED,Problem size not supported by kernel
fp16,16,4,256,s_64x64_k128_mem,3.533344454430648,6.152629852294922,0,0,RUN_FAIL,Kernel execution failed
fp16,16,16,32,m_128x128_k32_v4,1.8501609537795272,6.6318511962890625,0,0,UNSUPPORTED,Problem size not supported by kernel
fp16,16,32,256,s_64x64_k64_v4,4.6676819144870665,6.156206130981445,0.005067999940365553,0.051725336046687415,SUCCESS,
fp16,16,128,32,m_128x128_k32_v4,3.2800290006922665,9.224653244018555,0,0,UNSUPPORTED,Problem size not supported by kernel
fp16,16,256,256,s_64x64_k64_v4,8.097228315994856,6.6375732421875,0.005140000022947788,0.4080062238593696,SUCCESS,
fp16,32,2,32,m_128x128_k128_iw_v3,-2.529015118114042,7.697820663452148,0,0,UNSUPPORTED,Problem size not supported by kernel
fp16,32,4,256,m_128x128_k32_v4,2.0128446783531757,9.492874145507812,0,0,UNSUPPORTED,Problem size not supported by kernel
fp16,32,16,32,m_128x128_k32_v4,-1.0673632062307685,7.860660552978516,0,0,UNSUPPORTED,Problem size not supported by kernel
fp16,32,32,256,m_128x128_k32_v4,3.3024004910743985,5.655527114868164,0,0,UNSUPPORTED,Problem size not supported by kernel
fp16,32,128,32,m_128x128_k32_v4,-0.11706941648615578,6.460666656494141,0,0,UNSUPPORTED,Problem size not supported by kernel
fp16,32,256,256,m_128x128_k32_v4,5.678843626953324,6.160259246826172,0,0,UNSUPPORTED,Problem size not supported by kernel
bf16,64,64,64,s_64x64_k64_mem,-1.2338297283878357,6.119012832641602,0.0033760000951588154,0.15529857382167409,SUCCESS,
bf16,256,256,512,s_64x64_k64_v4,32.77462187706782,6.579160690307617,0.007676000241190195,8.742686541343112,SUCCESS,
bf16,1024,1024,2048,s_64x64_k128_v3,431.93343428166884,9.416341781616211,0.02217620052397251,193.67462389948778,SUCCESS,
bf16,4096,4096,2048,l_256x256_k64_v3,884.8088404127977,8.816242218017578,0.1038648933172226,661.6237165537541,SUCCESS,
bf16,5,5,5,m_128x128_k32_v4,-1.4846612658033196,9.381532669067383,0,0,RUN_FAIL,Kernel execution failed
bf16,19,19,19,m_128x128_k32_v4,-1.3408039929581947,8.218050003051758,0,0,RUN_FAIL,Kernel execution failed
bf16,47,47,47,m_128x128_k32_v4,-1.5687707304855683,7.838964462280273,0,0,RUN_FAIL,Kernel execution failed
bf16,73,73,73,m_128x128_k32_v4,-3.3643128144671293,11.618614196777344,0,0,RUN_FAIL,Kernel execution failed
bf16,101,101,101,s_64x64_k64_mem,1.2603314484459744,11.678218841552734,0,0,RUN_FAIL,Kernel execution failed
bf16,119,119,119,s_64x64_k64_mem,4.004012150480106,12.961149215698242,0,0,RUN_FAIL,Kernel execution failed
bf16,151,151,151,s_64x64_k64_mem,3.703908149185852,11.574268341064453,0,0,RUN_FAIL,Kernel execution failed
bf16,191,191,191,s_64x64_k32_v4,11.234850374609941,11.632442474365234,0,0,RUN_FAIL,Kernel execution failed
bf16,233,233,233,s_64x64_k64_v4,19.3722499712045,11.703014373779297,0,0,RUN_FAIL,Kernel execution failed
bf16,271,271,271,s_64x64_k64_v4,20.75133831838309,11.631965637207031,0,0,RUN_FAIL,Kernel execution failed
bf16,313,313,313,s_64x64_k64_v4,33.114363567999234,12.141942977905273,0,0,RUN_FAIL,Kernel execution failed
bf16,359,359,359,s_64x64_k64_v4,33.90643362746853,11.950492858886719,0,0,RUN_FAIL,Kernel execution failed
bf16,409,409,409,s_64x64_k64_v4,68.83054669582839,11.570215225219727,0,0,RUN_FAIL,Kernel execution failed
bf16,449,449,449,s_64x64_k64_v4,71.45530690397271,11.443853378295898,0,0,RUN_FAIL,Kernel execution failed
bf16,499,499,499,s_64x64_k64_v4,77.79809060984996,11.590003967285156,0,0,RUN_FAIL,Kernel execution failed
bf16,557,557,557,s_64x64_k128_v3,86.81055968788885,25.409221649169922,0,0,RUN_FAIL,Kernel execution failed
bf16,599,599,599,s_64x64_k128_v3,90.37935569130639,12.460470199584961,0,0,RUN_FAIL,Kernel execution failed
bf16,643,643,643,s_64x64_k64_v4,88.38166774236998,12.360811233520508,0,0,RUN_FAIL,Kernel execution failed
bf16,683,683,683,s_64x64_k64_mem,110.73142397431167,11.528968811035156,0,0,RUN_FAIL,Kernel execution failed
bf16,743,743,743,s_64x64_k128_mem,167.18466476814234,9.402990341186523,0,0,RUN_FAIL,Kernel execution failed
bf16,3,3,256,s_64x64_k64_mem,1.7125488591528168,6.572484970092773,0,0,RUN_FAIL,Kernel execution failed
bf16,3,27,256,s_64x64_k64_mem,2.6104812137951625,6.663799285888672,0,0,RUN_FAIL,Kernel execution failed
bf16,3,63,128,s_64x64_k64_mem,4.64788919673148,6.649971008300781,0,0,RUN_FAIL,Kernel execution failed
bf16,3,99,128,s_64x64_k64_mem,4.597725924141436,2.752542495727539,0,0,RUN_FAIL,Kernel execution failed
bf16,3,111,1024,s_64x64_k64_mem,1.7390812386489838,2.8562545776367188,0,0,RUN_FAIL,Kernel execution failed
bf16,3,149,1024,s_64x64_k64_mem,1.768134906185919,6.627082824707031,0,0,RUN_FAIL,Kernel execution failed
bf16,3,197,512,s_64x64_k64_mem,6.030382059728686,6.529092788696289,0,0,RUN_FAIL,Kernel execution failed
bf16,3,257,512,s_64x64_k128_v3,6.0708557348425165,11.57832145690918,0,0,RUN_FAIL,Kernel execution failed
bf16,3,311,256,s_64x64_k64_mem,5.88543710059579,12.503623962402344,0,0,RUN_FAIL,Kernel execution failed
bf16,5,15,256,s_64x64_k64_mem,2.5906384808229954,11.516332626342773,0,0,RUN_FAIL,Kernel execution failed
bf16,5,47,128,s_64x64_k128_mem,4.049565076871599,11.890649795532227,0,0,RUN_FAIL,Kernel execution failed
bf16,5,83,128,s_64x64_k128_mem,5.070294592761537,6.722927093505859,0,0,RUN_FAIL,Kernel execution failed
bf16,5,101,1024,s_64x64_k64_mem,1.2452726040484055,10.854244232177734,0,0,RUN_FAIL,Kernel execution failed
bf16,5,127,1024,s_64x64_k64_mem,1.6835599377676425,6.591320037841797,0,0,RUN_FAIL,Kernel execution failed
bf16,5,179,1024,s_64x64_k64_mem,1.790476989094643,6.931543350219727,0,0,RUN_FAIL,Kernel execution failed
bf16,5,233,512,s_64x64_k64_mem,6.474624357483029,14.985799789428711,0,0,RUN_FAIL,Kernel execution failed
bf16,5,283,512,s_64x64_k64_mem,6.380063903251371,11.452436447143555,0,0,RUN_FAIL,Kernel execution failed
bf16,7,7,256,s_64x64_k64_v4,3.1747288653085306,6.669759750366211,0,0,RUN_FAIL,Kernel execution failed
bf16,7,33,256,m_128x128_k32_v4,4.306872356001445,6.603002548217773,0,0,RUN_FAIL,Kernel execution failed
bf16,7,71,128,m_128x128_k32_v4,4.0492592390536615,12.848138809204102,0,0,RUN_FAIL,Kernel execution failed
bf16,7,103,128,m_128x128_k32_v4,5.188267986208164,12.618541717529297,0,0,RUN_FAIL,Kernel execution failed
bf16,7,117,1024,s_64x64_k64_mem,4.025244662824709,14.705181121826172,0,0,RUN_FAIL,Kernel execution failed
bf16,7,157,1024,s_64x64_k64_mem,5.032084951732086,6.627321243286133,0,0,RUN_FAIL,Kernel execution failed
bf16,7,211,512,s_64x64_k64_mem,6.182125000481308,6.615400314331055,0,0,RUN_FAIL,Kernel execution failed
bf16,7,269,512,s_64x64_k64_mem,6.182125000481308,6.592035293579102,0,0,RUN_FAIL,Kernel execution failed
bf16,7,317,256,s_64x64_k64_v4,7.522607640972562,10.926485061645508,0,0,RUN_FAIL,Kernel execution failed
bf16,9,19,256,s_64x64_k64_v4,4.1419049277537185,10.939598083496094,0,0,RUN_FAIL,Kernel execution failed
bf16,9,59,128,m_128x128_k32_v4,4.640896273998293,6.922006607055664,0,0,RUN_FAIL,Kernel execution failed
bf16,9,91,128,m_128x128_k32_v4,4.421381969659892,10.469436645507812,0,0,RUN_FAIL,Kernel execution failed
bf16,9,107,1024,s_64x64_k64_mem,4.350457013357453,13.102531433105469,0,0,RUN_FAIL,Kernel execution failed
bf16,9,137,1024,s_64x64_k64_mem,4.230130690103464,11.877059936523438,0,0,RUN_FAIL,Kernel execution failed
bf16,9,191,512,s_64x64_k64_mem,5.36166009090193,14.954566955566406,0,0,RUN_FAIL,Kernel execution failed
bf16,9,241,512,s_64x64_k64_mem,6.247909827779614,6.764650344848633,0,0,RUN_FAIL,Kernel execution failed
bf16,9,299,512,s_64x64_k64_mem,6.77347153824876,2.9931068420410156,0,0,RUN_FAIL,Kernel execution failed
bf16,11,11,256,s_64x64_k64_v4,3.9061013958956523,13.431787490844727,0,0,RUN_FAIL,Kernel execution failed
bf16,11,41,256,s_64x64_k64_v4,4.801557126827868,14.951229095458984,0,0,RUN_FAIL,Kernel execution failed
bf16,11,77,128,m_128x128_k32_v4,4.651127508094576,11.557817459106445,0,0,RUN_FAIL,Kernel execution failed
bf16,11,109,128,m_128x128_k32_v4,4.740953057802429,11.832475662231445,0,0,RUN_FAIL,Kernel execution failed
bf16,11,121,1024,s_64x64_k64_mem,4.410585253937037,11.530160903930664,0,0,RUN_FAIL,Kernel execution failed
bf16,11,167,1024,s_64x64_k64_mem,4.517502305264035,6.647586822509766,0,0,RUN_FAIL,Kernel execution failed
bf16,11,227,512,s_64x64_k64_mem,6.246810698407845,6.683826446533203,0,0,RUN_FAIL,Kernel execution failed
bf16,11,277,512,s_64x64_k64_mem,6.246810698407845,6.619691848754883,0,0,RUN_FAIL,Kernel execution failed
bf16,11,337,256,s_64x64_k64_v4,7.966202435310659,6.653308868408203,0,0,RUN_FAIL,Kernel execution failed
bf16,13,13,256,s_64x64_k64_v4,4.000661850127308,11.474370956420898,0,0,RUN_FAIL,Kernel execution failed
bf16,13,43,128,s_64x64_k128_mem,4.317434578689416,6.883144378662109,0,0,RUN_FAIL,Kernel execution failed
bf16,13,79,128,m_128x128_k32_v4,4.350352650788323,10.911226272583008,0,0,RUN_FAIL,Kernel execution failed
bf16,13,99,1024,s_64x64_k64_mem,3.261878920834633,10.238885879516602,0,0,RUN_FAIL,Kernel execution failed
bf16,13,123,1024,s_64x64_k64_mem,3.134458261685703,11.313915252685547,0,0,RUN_FAIL,Kernel execution failed
bf16,13,173,512,s_64x64_k64_v4,6.584537350433603,11.313676834106445,0,0,RUN_FAIL,Kernel execution failed
bf16,13,229,512,s_64x64_k64_v4,7.93242299117244,11.414766311645508,0,0,RUN_FAIL,Kernel execution failed
bf16,13,281,256,s_64x64_k64_v4,7.877816757653787,12.643814086914062,0,0,RUN_FAIL,Kernel execution failed
bf16,15,5,256,s_64x64_k128_mem,3.9944199551474733,9.240150451660156,0,0,RUN_FAIL,Kernel execution failed
bf16,15,31,256,s_64x64_k64_v4,4.6676819144870665,6.648778915405273,0,0,RUN_FAIL,Kernel execution failed
bf16,15,67,128,s_64x64_k128_v3,4.652210095349305,6.687164306640625,0,0,RUN_FAIL,Kernel execution failed
bf16,15,101,128,s_64x64_k128_mem,4.91305178664158,2.8688907623291016,0,0,RUN_FAIL,Kernel execution failed
bf16,15,113,1024,s_64x64_k64_mem,3.7154810749077853,2.849102020263672,0,0,RUN_FAIL,Kernel execution failed
bf16,15,151,1024,s_64x64_k64_mem,3.6949774670858555,11.504411697387695,0,0,RUN_FAIL,Kernel execution failed
bf16,15,199,512,s_64x64_k64_v4,8.041246324829956,6.557941436767578,0,0,RUN_FAIL,Kernel execution failed
bf16,15,263,512,s_64x64_k64_v4,8.502882228691105,6.659746170043945,0,0,RUN_FAIL,Kernel execution failed
bf16,15,313,256,s_64x64_k64_v4,8.948212592640488,13.231992721557617,0,0,RUN_FAIL,Kernel execution failed
bf16,17,17,256,s_64x64_k64_v4,4.4823170124928815,6.594419479370117,0,0,RUN_FAIL,Kernel execution failed
bf16,17,51,128,s_64x64_k128_mem,4.332588442556865,6.809473037719727,0,0,RUN_FAIL,Kernel execution failed
bf16,17,89,128,m_128x128_k32_v4,4.283600036899863,10.936260223388672,0,0,RUN_FAIL,Kernel execution failed
bf16,17,103,1024,s_64x64_k64_mem,3.5117691255837657,6.731271743774414,0,0,RUN_FAIL,Kernel execution failed
bf16,17,131,1024,s_64x64_k64_mem,3.5325164045975472,12.218236923217773,0,0,RUN_FAIL,Kernel execution failed
bf16,17,181,512,s_64x64_k64_v4,7.512194044763179,6.715536117553711,0,0,RUN_FAIL,Kernel execution failed
bf16,17,239,512,s_64x64_k64_v4,8.183599223439316,6.5212249755859375,0,0,RUN_FAIL,Kernel execution failed
bf16,17,293,256,s_64x64_k64_v4,8.083663163042532,11.512279510498047,0,0,RUN_FAIL,Kernel execution failed
bf16,19,9,256,s_64x64_k128_mem,5.698448147430414,8.003711700439453,0,0,RUN_FAIL,Kernel execution failed
bf16,19,37,128,s_64x64_k128_mem,3.6800522699262745,6.74748420715332,0,0,RUN_FAIL,Kernel execution failed
bf16,19,73,128,m_128x128_k32_v4,4.270685256274853,6.519794464111328,0,0,RUN_FAIL,Kernel execution failed
bf16,19,107,128,m_128x128_k32_v4,4.487931465131632,6.52313232421875,0,0,RUN_FAIL,Kernel execution failed
bf16,19,119,1024,s_64x64_k64_mem,4.232422666354405,12.566566467285156,0,0,RUN_FAIL,Kernel execution failed
bf16,19,163,1024,s_64x64_k64_mem,3.9893689119777695,14.946460723876953,0,0,RUN_FAIL,Kernel execution failed
bf16,19,223,512,s_64x64_k64_v4,8.477990668331229,6.621360778808594,0,0,RUN_FAIL,Kernel execution failed
bf16,19,271,512,s_64x64_k64_v4,8.477990668331229,6.485462188720703,0,0,RUN_FAIL,Kernel execution failed
bf16,19,331,256,s_64x64_k64_v4,8.380969795111962,6.608247756958008,0,0,RUN_FAIL,Kernel execution failed
bf16,23,23,256,s_64x64_k64_v4,4.738890390098052,6.248712539672852,0,0,RUN_FAIL,Kernel execution failed
bf16,23,61,128,m_128x128_k32_v4,2.752827288110342,6.664752960205078,0,0,RUN_FAIL,Kernel execution failed
bf16,23,97,128,m_128x128_k32_v4,3.5740649721359268,11.468887329101562,0,0,RUN_FAIL,Kernel execution failed
bf16,23,109,1024,s_64x64_k64_mem,4.232422666354405,6.821870803833008,0,0,RUN_FAIL,Kernel execution failed
bf16,23,139,1024,s_64x64_k64_mem,3.7177563543970997,11.524438858032227,0,0,RUN_FAIL,Kernel execution failed
bf16,23,193,512,s_64x64_k64_v4,7.159208318125782,6.629705429077148,0,0,RUN_FAIL,Kernel execution failed
bf16,23,251,512,s_64x64_k64_v4,8.90425276420995,6.7920684814453125,0,0,RUN_FAIL,Kernel execution failed
bf16,23,307,256,s_64x64_k64_v4,8.342680799952026,11.774539947509766,0,0,RUN_FAIL,Kernel execution failed
bf16,27,3,256,m_128x128_k32_v4,2.1297163951055844,7.95292854309082,0,0,RUN_FAIL,Kernel execution failed
bf16,27,27,128,m_128x128_k32_v4,2.227415023666123,7.5702667236328125,0,0,RUN_FAIL,Kernel execution failed
bf16,27,63,128,m_128x128_k32_v4,2.3487397631674938,6.819009780883789,0,0,RUN_FAIL,Kernel execution failed
bf16,27,79,1024,s_64x64_k128_v3,4.94106483067588,6.73222541809082,0,0,RUN_FAIL,Kernel execution failed
bf16,27,111,1024,s_64x64_k128_v3,5.367326926554604,7.731199264526367,0,0,RUN_FAIL,Kernel execution failed
bf16,27,149,1024,s_64x64_k128_v3,4.852660614597298,11.570215225219727,0,0,RUN_FAIL,Kernel execution failed
bf16,27,197,512,s_64x64_k128_v3,6.299670268484143,4.465818405151367,0,0,RUN_FAIL,Kernel execution failed
bf16,27,257,512,s_64x64_k128_v3,6.351660908240631,7.124900817871094,0,0,RUN_FAIL,Kernel execution failed
bf16,27,311,256,s_64x64_k64_v4,7.292677767146328,8.032560348510742,0,0,RUN_FAIL,Kernel execution failed
bf16,31,15,256,m_128x128_k32_v4,4.7458270610773825,6.8836212158203125,0,0,RUN_FAIL,Kernel execution failed
bf16,31,47,128,m_128x128_k32_v4,1.7528201094298475,11.384248733520508,0,0,RUN_FAIL,Kernel execution failed
bf16,31,83,128,m_128x128_k32_v4,2.2063599519695574,12.989997863769531,0,0,RUN_FAIL,Kernel execution failed
bf16,31,101,1024,s_64x64_k128_v3,5.415119370932302,6.754636764526367,0,0,RUN_FAIL,Kernel execution failed
bf16,31,127,1024,s_64x64_k128_v3,5.304159304571081,11.432647705078125,0,0,RUN_FAIL,Kernel execution failed
bf16,31,179,512,s_64x64_k128_v3,5.3475812817984245,6.517648696899414,0,0,RUN_FAIL,Kernel execution failed
bf16,31,233,512,s_64x64_k128_v3,6.8204928185945235,6.711006164550781,0,0,RUN_FAIL,Kernel execution failed
bf16,31,283,256,m_128x128_k32_v4,4.90942201601439,6.583213806152344,0,0,RUN_FAIL,Kernel execution failed
bf16,33,7,256,m_128x128_k32_v4,2.7178897249467626,6.544828414916992,0,0,RUN_FAIL,Kernel execution failed
bf16,33,33,128,m_128x128_k32_v4,1.702177693727845,6.676197052001953,0,0,RUN_FAIL,Kernel execution failed
bf16,33,71,128,m_128x128_k32_v4,1.8235024332292153,6.581783294677734,0,0,RUN_FAIL,Kernel execution failed
bf16,33,89,1024,s_64x64_k128_v3,4.988857275053578,10.454893112182617,0,0,RUN_FAIL,Kernel execution failed
bf16,33,117,1024,s_64x64_k128_v3,5.304159304571081,14.792919158935547,0,0,RUN_FAIL,Kernel execution failed
bf16,33,157,512,s_64x64_k128_v3,5.3475812817984245,6.631374359130859,0,0,RUN_FAIL,Kernel execution failed
bf16,33,211,512,s_64x64_k128_v3,6.190518773391782,6.703615188598633,0,0,RUN_FAIL,Kernel execution failed
bf16,33,269,512,s_64x64_k128_v3,6.3942307227158,6.611824035644531,0,0,RUN_FAIL,Kernel execution failed
bf16,33,317,256,s_64x64_k64_v4,5.075902907293148,11.398553848266602,0,0,RUN_FAIL,Kernel execution failed
bf16,37,19,256,m_128x128_k32_v4,4.786669797784086,7.44175910949707,0,0,RUN_FAIL,Kernel execution failed
bf16,37,59,128,m_128x128_k32_v4,1.7528201094298475,6.488800048828125,0,0,RUN_FAIL,Kernel execution failed
bf16,37,91,128,m_128x128_k32_v4,1.8805390382220042,12.721776962280273,0,0,RUN_FAIL,Kernel execution failed
bf16,37,107,1024,s_64x64_k128_v3,5.415119370932302,6.660223007202148,0,0,RUN_FAIL,Kernel execution failed
bf16,37,137,1024,s_64x64_k128_v3,4.900453058974995,10.808229446411133,0,0,RUN_FAIL,Kernel execution failed
bf16,37,191,512,s_64x64_k128_v3,5.236621215437204,9.572982788085938,0,0,RUN_FAIL,Kernel execution failed
bf16,37,241,512,s_64x64_k128_v3,6.618960278361598,11.173009872436523,0,0,RUN_FAIL,Kernel execution failed
bf16,37,299,256,s_64x64_k64_v4,5.34221775961875,12.755155563354492,0,0,RUN_FAIL,Kernel execution failed
bf16,41,11,256,m_128x128_k32_v4,2.016514280696035,12.82811164855957,0,0,RUN_FAIL,Kernel execution failed
bf16,41,41,128,m_128x128_k32_v4,2.025305334801124,11.199951171875,0,0,RUN_FAIL,Kernel execution failed
bf16,41,77,128,m_128x128_k32_v4,2.095987658600491,12.647390365600586,0,0,RUN_FAIL,Kernel execution failed
bf16,41,97,1024,s_64x64_k128_v3,5.5754808363700175,11.618614196777344,0,0,RUN_FAIL,Kernel execution failed
bf16,41,121,1024,s_64x64_k128_v3,5.9473682243658414,11.582136154174805,0,0,RUN_FAIL,Kernel execution failed
bf16,41,167,512,s_64x64_k128_v3,7.184957016052771,16.24751091003418,0,0,RUN_FAIL,Kernel execution failed
bf16,41,227,512,s_64x64_k128_v3,13.052682076328958,11.217117309570312,0,0,RUN_FAIL,Kernel execution failed
bf16,41,277,256,m_128x128_k32_v4,5.221621482690416,12.831449508666992,0,0,RUN_FAIL,Kernel execution failed
bf16,41,337,256,s_64x64_k64_v4,9.435411690908698,12.783050537109375,0,0,RUN_FAIL,Kernel execution failed
bf16,43,13,256,m_128x128_k32_v4,2.016514280696035,12.532234191894531,0,0,RUN_FAIL,Kernel execution failed
bf16,43,43,128,m_128x128_k32_v4,2.025305334801124,19.129037857055664,0,0,RUN_FAIL,Kernel execution failed
bf16,43,79,128,m_128x128_k32_v4,2.1530242635932813,12.830495834350586,0,0,RUN_FAIL,Kernel execution failed
bf16,43,99,1024,s_64x64_k128_v3,5.5754808363700175,13.25082778930664,0,0,RUN_FAIL,Kernel execution failed
bf16,43,123,1024,s_64x64_k128_v3,6.774379757779391,6.758213043212891,0,0,RUN_FAIL,Kernel execution failed
bf16,43,173,512,s_64x64_k128_v3,11.611620358557326,11.457204818725586,0,0,RUN_FAIL,Kernel execution failed
bf16,43,229,512,s_64x64_k128_v3,13.052682076328958,12.908458709716797,0,0,RUN_FAIL,Kernel execution failed
bf16,43,281,256,s_64x64_k64_v4,8.81038244215644,12.007474899291992,0,0,RUN_FAIL,Kernel execution failed
bf16,47,5,256,m_128x128_k32_v4,0.9745842225899843,11.777639389038086,0,0,RUN_FAIL,Kernel execution failed
bf16,47,31,128,m_128x128_k32_v4,1.9231408386988058,12.569189071655273,0,0,RUN_FAIL,Kernel execution failed
bf16,47,67,128,m_128x128_k32_v4,1.716958456321932,12.54415512084961,0,0,RUN_FAIL,Kernel execution failed
bf16,47,83,1024,s_64x64_k64_v4,5.65426302229582,11.696338653564453,0,0,RUN_FAIL,Kernel execution failed
bf16,47,113,1024,s_64x64_k64_v4,10.718192383941266,12.973546981811523,0,0,RUN_FAIL,Kernel execution failed
bf16,47,151,512,s_64x64_k128_v3,11.626361487095418,15.673637390136719,0,0,RUN_FAIL,Kernel execution failed
bf16,47,199,512,s_64x64_k128_v3,12.973674611198016,11.66677474975586,0,0,RUN_FAIL,Kernel execution failed
bf16,47,263,256,s_64x64_k64_v4,8.390446177345073,7.562398910522461,0,0,RUN_FAIL,Kernel execution failed
bf16,47,313,256,s_64x64_k64_v4,9.190771194276657,11.486053466796875,0,0,RUN_FAIL,Kernel execution failed
bf16,51,17,128,m_128x128_k32_v4,-1.0511344322036518,11.385440826416016,0,0,RUN_FAIL,Kernel execution failed
bf16,51,51,128,m_128x128_k32_v4,0.06926285616503598,15.852928161621094,0,0,RUN_FAIL,Kernel execution failed
bf16,51,89,128,m_128x128_k32_v4,0.6232438808359122,12.714862823486328,0,0,RUN_FAIL,Kernel execution failed
bf16,51,103,1024,s_64x64_k64_v4,9.517549080633527,13.822793960571289,0,0,RUN_FAIL,Kernel execution failed
bf16,51,131,1024,s_64x64_k64_v4,8.847383551875142,11.70206069946289,0,0,RUN_FAIL,Kernel execution failed
bf16,51,181,512,s_64x64_k64_v4,10.432503722451198,11.451959609985352,0,0,RUN_FAIL,Kernel execution failed
bf16,51,239,512,s_64x64_k128_v3,12.314287955610745,10.93292236328125,0,0,RUN_FAIL,Kernel execution failed
bf16,51,293,256,s_64x64_k64_v4,8.049274852004785,12.77303695678711,0,0,RUN_FAIL,Kernel execution failed
bf16,59,9,256,r_64x128_k64_v3,-0.51717468802149,10.508537292480469,0,0,RUN_FAIL,Kernel execution failed
bf16,59,37,128,s_64x64_k64_v4,0.4987436221888157,6.921052932739258,0,0,RUN_FAIL,Kernel execution failed
bf16,59,73,128,m_128x128_k32_v4,0.10706306562812513,11.502981185913086,0,0,RUN_FAIL,Kernel execution failed
bf16,59,91,1024,s_64x64_k64_v4,11.474616442103992,11.73543930053711,0,0,RUN_FAIL,Kernel execution failed
bf16,59,119,1024,s_64x64_k64_v4,11.729728025732815,11.417150497436523,0,0,RUN_FAIL,Kernel execution failed
bf16,59,163,512,s_64x64_k64_v4,12.283269171558757,11.418819427490234,0,0,RUN_FAIL,Kernel execution failed
bf16,59,223,512,s_64x64_k128_v3,14.155558979583988,11.735916137695312,0,0,RUN_FAIL,Kernel execution failed
bf16,59,271,256,s_64x64_k64_v4,9.458136772918634,11.671304702758789,0,0,RUN_FAIL,Kernel execution failed
bf16,59,331,256,s_64x64_k64_v4,10.90107867322028,11.666536331176758,0,0,RUN_FAIL,Kernel execution failed
bf16,61,23,128,r_64x128_k64_v3,-0.7882076355193077,13.316869735717773,0,0,RUN_FAIL,Kernel execution failed
bf16,61,61,128,s_64x64_k64_v4,0.9116651293503736,6.906986236572266,0,0,RUN_FAIL,Kernel execution failed
bf16,61,77,1024,s_64x64_k64_v4,10.876455517294625,6.693601608276367,0,0,RUN_FAIL,Kernel execution failed
bf16,61,109,1024,s_64x64_k64_v4,11.729728025732815,16.268253326416016,0,0,RUN_FAIL,Kernel execution failed
bf16,61,139,1024,s_64x64_k64_v4,10.973416203210228,9.332656860351562,0,0,RUN_FAIL,Kernel execution failed
bf16,61,193,512,s_64x64_k128_v3,13.28680707164577,11.51132583618164,0,0,RUN_FAIL,Kernel execution failed
bf16,61,251,512,s_64x64_k64_v4,14.041132044956955,15.441417694091797,0,0,RUN_FAIL,Kernel execution failed
bf16,61,307,256,s_64x64_k64_v4,9.137607130369007,11.556625366210938,0,0,RUN_FAIL,Kernel execution failed
bf16,63,3,256,s_64x64_k64_v4,1.6076535751413803,14.198064804077148,0,0,RUN_FAIL,Kernel execution failed
bf16,63,27,128,s_64x64_k64_v4,0.4195777761234574,15.417098999023438,0,0,RUN_FAIL,Kernel execution failed
bf16,63,63,128,s_64x64_k64_v4,0.9116651293503736,12.724161148071289,0,0,RUN_FAIL,Kernel execution failed
bf16,63,79,1024,s_64x64_k64_v4,11.302717613173341,12.920856475830078,0,0,RUN_FAIL,Kernel execution failed
bf16,63,111,1024,s_64x64_k64_v4,11.729728025732815,11.46388053894043,0,0,RUN_FAIL,Kernel execution failed
bf16,63,149,512,s_64x64_k64_v4,11.018618389186091,8.262157440185547,0,0,RUN_FAIL,Kernel execution failed
bf16,63,197,512,s_64x64_k128_v3,13.381367525877424,11.596441268920898,0,0,RUN_FAIL,Kernel execution failed
bf16,63,257,256,s_64x64_k64_v4,8.414842569800111,12.823104858398438,0,0,RUN_FAIL,Kernel execution failed
bf16,63,311,256,s_64x64_k64_v4,9.947082429476147,7.42340087890625,0,0,RUN_FAIL,Kernel execution failed
bf16,67,15,128,s_64x64_k64_mem,-2.294537372968598,12.75634765625,0,0,RUN_FAIL,Kernel execution failed
bf16,67,47,128,m_128x128_k32_v4,-0.11301664787371903,15.640735626220703,0,0,RUN_FAIL,Kernel execution failed
bf16,67,67,1024,s_64x64_k128_v3,9.933017123451776,15.549898147583008,0,0,RUN_FAIL,Kernel execution failed
bf16,67,101,1024,s_64x64_k128_v3,9.81624417160261,11.562108993530273,0,0,RUN_FAIL,Kernel execution failed
bf16,67,127,512,s_64x64_k64_v4,9.15091375383167,12.825250625610352,0,0,RUN_FAIL,Kernel execution failed
bf16,67,179,512,s_64x64_k64_v4,10.422460950202874,6.865024566650391,0,0,RUN_FAIL,Kernel execution failed
bf16,67,233,512,s_64x64_k64_v4,13.190566346544962,14.410018920898438,0,0,RUN_FAIL,Kernel execution failed
bf16,67,283,256,s_64x64_k64_v4,9.265845706579745,12.418270111083984,0,0,RUN_FAIL,Kernel execution failed
bf16,71,7,256,m_128x128_k32_v4,-1.5151141111013584,16.87479019165039,0,0,RUN_FAIL,Kernel execution failed
bf16,71,33,128,m_128x128_k32_v4,0.3359318483772724,11.735200881958008,0,0,RUN_FAIL,Kernel execution failed
bf16,71,71,128,m_128x128_k32_v4,0.058416854062965776,12.495040893554688,0,0,RUN_FAIL,Kernel execution failed
bf16,71,89,1024,s_64x64_k128_v3,9.674977376842419,10.888338088989258,0,0,RUN_FAIL,Kernel execution failed
bf16,71,117,1024,s_64x64_k128_v3,9.860342278836605,7.029533386230469,0,0,RUN_FAIL,Kernel execution failed
bf16,71,157,512,s_64x64_k64_v4,9.798346701085629,11.627197265625,0,0,RUN_FAIL,Kernel execution failed
bf16,71,211,512,s_64x64_k64_v4,12.954739097553114,11.495828628540039,0,0,RUN_FAIL,Kernel execution failed
bf16,71,269,256,s_64x64_k64_v4,9.030018457587895,11.619329452514648,0,0,RUN_FAIL,Kernel execution failed
bf16,71,317,256,s_64x64_k64_v4,9.101269248812464,11.48366928100586,0,0,RUN_FAIL,Kernel execution failed
bf16,73,19,128,m_128x128_k32_v4,-2.1117145059212445,15.038728713989258,0,0,RUN_FAIL,Kernel execution failed
bf16,73,59,128,m_128x128_k32_v4,0.058416854062965776,11.609554290771484,0,0,RUN_FAIL,Kernel execution failed
bf16,73,73,1024,s_64x64_k128_v3,9.580416922610762,14.116764068603516,0,0,RUN_FAIL,Kernel execution failed
bf16,73,107,1024,s_64x64_k128_v3,9.674977376842419,11.764287948608398,0,0,RUN_FAIL,Kernel execution failed
bf16,73,137,512,s_64x64_k64_v4,9.83370393640852,11.666536331176758,0,0,RUN_FAIL,Kernel execution failed
bf16,73,191,512,s_64x64_k64_v4,10.281194155442686,15.533924102783203,0,0,RUN_FAIL,Kernel execution failed
bf16,73,241,256,s_64x64_k64_v4,9.150208209747218,15.898942947387695,0,0,RUN_FAIL,Kernel execution failed
bf16,73,299,256,s_64x64_k64_v4,9.101269248812464,11.582374572753906,0,0,RUN_FAIL,Kernel execution failed
bf16,77,11,256,r_64x128_k64_v3,-1.7682625786891992,10.732412338256836,0,0,RUN_FAIL,Kernel execution failed
bf16,77,41,128,m_128x128_k32_v4,0.022858102526121644,12.92276382446289,0,0,RUN_FAIL,Kernel execution failed
bf16,77,77,128,m_128x128_k32_v4,-0.2546568917881825,10.67352294921875,0,0,RUN_FAIL,Kernel execution failed
bf16,77,97,1024,s_64x64_k128_v3,9.719099201210197,11.635065078735352,0,0,RUN_FAIL,Kernel execution failed
bf16,77,121,1024,s_64x64_k128_v3,9.589181511655648,16.80922508239746,0,0,RUN_FAIL,Kernel execution failed
bf16,77,167,512,s_64x64_k64_v4,9.842468525453409,10.614395141601562,0,0,RUN_FAIL,Kernel execution failed
bf16,77,227,512,s_64x64_k64_v4,13.093421376152547,12.752294540405273,0,0,RUN_FAIL,Kernel execution failed
bf16,77,277,256,s_64x64_k64_v4,9.168700736187333,12.589693069458008,0,0,RUN_FAIL,Kernel execution failed
bf16,77,337,256,s_64x64_k64_v4,8.848785242370141,12.813806533813477,0,0,RUN_FAIL,Kernel execution failed
bf16,79,13,128,r_64x128_k64_v3,-1.9860285978737382,12.958526611328125,0,0,RUN_FAIL,Kernel execution failed
bf16,79,43,128,s_64x64_k64_v4,0.2240712659565834,12.825250625610352,0,0,RUN_FAIL,Kernel execution failed
bf16,79,63,1024,s_64x64_k128_v3,10.657327248595847,11.377811431884766,0,0,RUN_FAIL,Kernel execution failed
bf16,79,99,1024,s_64x64_k128_v3,10.089688071308448,12.29405403137207,0,0,RUN_FAIL,Kernel execution failed
bf16,79,123,512,s_64x64_k64_v4,9.570694393190397,11.507749557495117,0,0,RUN_FAIL,Kernel execution failed
bf16,79,173,512,s_64x64_k64_v4,10.359076663319652,12.719392776489258,0,0,RUN_FAIL,Kernel execution failed
bf16,79,229,256,s_64x64_k64_v4,9.950408717950816,15.566587448120117,0,0,RUN_FAIL,Kernel execution failed
bf16,79,281,256,s_64x64_k64_v4,9.950408717950816,11.643171310424805,0,0,RUN_FAIL,Kernel execution failed
bf16,83,5,128,s_64x64_k64_v4,-0.4786868840884989,11.593341827392578,0,0,RUN_FAIL,Kernel execution failed
bf16,83,31,128,r_64x128_k64_v3,-1.0502463817065197,12.782096862792969,0,0,RUN_FAIL,Kernel execution failed
bf16,83,67,128,m_128x128_k32_v4,-0.048474509411308576,11.606931686401367,0,0,RUN_FAIL,Kernel execution failed
bf16,83,83,1024,s_64x64_k64_v4,10.171019948157085,15.686988830566406,0,0,RUN_FAIL,Kernel execution failed
bf16,83,113,1024,s_64x64_k64_v4,10.502622872580883,16.91293716430664,0,0,RUN_FAIL,Kernel execution failed
bf16,83,151,512,s_64x64_k64_v4,7.915653928412267,12.745857238769531,0,0,RUN_FAIL,Kernel execution failed
bf16,83,199,512,s_64x64_k64_v4,10.800616408199865,15.89059829711914,0,0,RUN_FAIL,Kernel execution failed
bf16,83,263,256,s_64x64_k64_v4,10.019946850476343,7.733821868896484,0,0,RUN_FAIL,Kernel execution failed
bf16,83,313,256,s_64x64_k64_v4,10.517459737579632,11.39688491821289,0,0,RUN_FAIL,Kernel execution failed
bf16,89,17,128,r_64x128_k64_v3,-1.6727006357957506,13.047218322753906,0,0,RUN_FAIL,Kernel execution failed
bf16,89,51,128,s_64x64_k64_v4,0.9228185872065858,11.691570281982422,0,0,RUN_FAIL,Kernel execution failed
bf16,89,71,1024,s_64x64_k64_v4,9.876745001077772,10.749101638793945,0,0,RUN_FAIL,Kernel execution failed
bf16,89,103,1024,s_64x64_k64_v4,10.502622872580883,13.180255889892578,0,0,RUN_FAIL,Kernel execution failed
bf16,89,131,512,s_64x64_k64_v4,7.750411150381243,10.751008987426758,0,0,RUN_FAIL,Kernel execution failed
bf16,89,181,512,s_64x64_k64_v4,8.513814853221646,11.508464813232422,0,0,RUN_FAIL,Kernel execution failed
bf16,89,239,256,s_64x64_k64_v4,10.566398698514385,14.104366302490234,0,0,RUN_FAIL,Kernel execution failed
bf16,89,293,256,s_64x64_k64_v4,10.517459737579632,11.525392532348633,0,0,RUN_FAIL,Kernel execution failed
bf16,91,9,128,m_128x128_k32_v4,-2.342528315903428,12.918233871459961,0,0,RUN_FAIL,Kernel execution failed
bf16,91,37,128,m_128x128_k32_v4,0.1691988042080653,11.787652969360352,0,0,RUN_FAIL,Kernel execution failed
bf16,91,59,1024,s_64x64_k64_v4,10.238020486875346,12.998342514038086,0,0,RUN_FAIL,Kernel execution failed
bf16,91,91,1024,s_64x64_k64_v4,9.4166191285165,12.729644775390625,0,0,RUN_FAIL,Kernel execution failed
bf16,91,119,1024,s_64x64_k64_v4,9.843832168986397,12.301445007324219,0,0,RUN_FAIL,Kernel execution failed
bf16,91,163,512,s_64x64_k64_v4,7.61831288516964,11.354684829711914,0,0,RUN_FAIL,Kernel execution failed
bf16,91,223,512,s_64x64_k64_v4,10.075804226845408,11.566877365112305,0,0,RUN_FAIL,Kernel execution failed
bf16,91,271,256,s_64x64_k64_v4,9.567350923199525,9.036064147949219,0,0,RUN_FAIL,Kernel execution failed
bf16,91,331,256,s_64x64_k64_v4,9.306600623326148,15.46931266784668,0,0,RUN_FAIL,Kernel execution failed
bf16,97,23,128,m_128x128_k32_v4,-1.9421555818062732,12.803792953491211,0,0,RUN_FAIL,Kernel execution failed
bf16,97,61,128,m_128x128_k32_v4,0.8811104526689618,12.956380844116211,0,0,RUN_FAIL,Kernel execution failed
bf16,97,77,1024,s_64x64_k64_v4,9.122344181437187,11.54017448425293,0,0,RUN_FAIL,Kernel execution failed
bf16,97,109,1024,s_64x64_k64_v4,9.843832168986397,11.543035507202148,0,0,RUN_FAIL,Kernel execution failed
bf16,97,139,512,s_64x64_k64_v4,7.121368465491558,11.756420135498047,0,0,RUN_FAIL,Kernel execution failed
bf16,97,193,512,s_64x64_k64_v4,9.999000202050548,11.619806289672852,0,0,RUN_FAIL,Kernel execution failed
bf16,97,251,256,s_64x64_k64_v4,10.143799197490317,15.689373016357422,0,0,RUN_FAIL,Kernel execution failed
bf16,97,307,256,s_64x64_k64_v4,10.280803711936846,12.946367263793945,0,0,RUN_FAIL,Kernel execution failed
bf16,99,3,128,s_64x64_k64_v4,1.463647897875977,11.66844367980957,0,0,RUN_FAIL,Kernel execution failed
bf16,99,27,128,s_64x64_k64_mem,-1.159614643480446,13.102531433105469,0,0,RUN_FAIL,Kernel execution failed
bf16,99,43,1024,s_64x64_k64_v4,6.8014140581312255,11.531591415405273,0,0,RUN_FAIL,Kernel execution failed
bf16,99,79,1024,s_64x64_k64_v4,9.122344181437187,12.061357498168945,0,0,RUN_FAIL,Kernel execution failed
bf16,99,111,512,s_64x64_k64_v4,6.340770531008915,7.227182388305664,0,0,RUN_FAIL,Kernel execution failed
bf16,99,149,512,s_64x64_k64_v4,7.121368465491558,7.593870162963867,0,0,RUN_FAIL,Kernel execution failed
bf16,99,197,512,s_64x64_k64_v4,10.106437872097322,11.028766632080078,0,0,RUN_FAIL,Kernel execution failed
bf16,99,257,256,s_64x64_k64_v4,9.46628992028704,6.710529327392578,0,0,RUN_FAIL,Kernel execution failed
bf16,99,311,256,s_64x64_k64_v4,10.094860236555563,12.9241943359375,0,0,RUN_FAIL,Kernel execution failed
bf16,101,15,128,r_64x128_k64_v3,-1.9372685070705629,6.73222541809082,0,0,RUN_FAIL,Kernel execution failed
bf16,101,47,128,m_128x128_k32_v4,1.6005733570746747,12.349605560302734,0,0,RUN_FAIL,Kernel execution failed
bf16,101,67,1024,s_64x64_k64_v4,9.027783727205529,15.532255172729492,0,0,RUN_FAIL,Kernel execution failed
bf16,101,101,1024,s_64x64_k64_v4,9.849750806056068,16.85786247253418,0,0,RUN_FAIL,Kernel execution failed
bf16,101,127,512,s_64x64_k64_v4,6.229810464647692,11.48676872253418,0,0,RUN_FAIL,Kernel execution failed
bf16,101,179,512,s_64x64_k64_v4,7.679251647739068,12.314081192016602,0,0,RUN_FAIL,Kernel execution failed
bf16,101,233,256,s_64x64_k64_v4,10.003921759124047,11.755704879760742,0,0,RUN_FAIL,Kernel execution failed
bf16,101,283,256,s_64x64_k64_v4,10.025618984140191,16.82281494140625,0,0,RUN_FAIL,Kernel execution failed
bf16,103,7,128,s_64x64_k64_v4,4.080144807976096,12.839794158935547,0,0,RUN_FAIL,Kernel execution failed
bf16,103,33,128,s_64x64_k64_v4,0.9572563213499831,11.46245002746582,0,0,RUN_FAIL,Kernel execution failed
bf16,103,51,1024,s_64x64_k64_v4,12.829216498456441,43.064117431640625,0,0,RUN_FAIL,Kernel execution failed
bf16,103,89,1024,s_64x64_k64_v4,10.826276130921245,8.505105972290039,0,0,RUN_FAIL,Kernel execution failed
bf16,103,117,512,s_64x64_k64_v4,7.773212471322042,13.58795166015625,0,0,RUN_FAIL,Kernel execution failed
bf16,103,157,512,s_64x64_k64_v4,9.482505584279256,13.762712478637695,0,0,RUN_FAIL,Kernel execution failed
bf16,103,211,256,s_64x64_k64_v4,11.255401499883812,10.883092880249023,0,0,RUN_FAIL,Kernel execution failed
bf16,103,269,256,s_64x64_k64_v4,11.581222413631364,11.678695678710938,0,0,RUN_FAIL,Kernel execution failed
bf16,103,317,256,s_64x64_k64_v4,12.076725761925452,11.633157730102539,0,0,RUN_FAIL,Kernel execution failed
bf16,107,19,128,r_64x128_k64_v3,0.8621049803236933,13.09823989868164,0,0,RUN_FAIL,Kernel execution failed
bf16,107,59,128,m_128x128_k32_v4,3.2052230620866204,11.774539947509766,0,0,RUN_FAIL,Kernel execution failed
bf16,107,73,1024,s_64x64_k64_v4,10.18359613348101,13.089418411254883,0,0,RUN_FAIL,Kernel execution failed
bf16,107,107,1024,s_64x64_k64_v4,10.837678683302794,18.874406814575195,0,0,RUN_FAIL,Kernel execution failed
bf16,107,137,512,s_64x64_k64_v4,9.056243488400547,9.808540344238281,0,0,RUN_FAIL,Kernel execution failed
bf16,107,191,512,s_64x64_k64_v4,9.796205738453938,12.939214706420898,0,0,RUN_FAIL,Kernel execution failed
bf16,107,241,256,s_64x64_k64_v4,11.799843809112653,11.803627014160156,0,0,RUN_FAIL,Kernel execution failed
bf16,107,299,256,s_64x64_k64_v4,12.076725761925452,12.939214706420898,0,0,RUN_FAIL,Kernel execution failed
bf16,109,11,128,m_128x128_k32_v4,0.5691408065927522,10.673999786376953,0,0,RUN_FAIL,Kernel execution failed
bf16,109,41,128,m_128x128_k32_v4,1.9402681871691734,11.674880981445312,0,0,RUN_FAIL,Kernel execution failed
bf16,109,61,1024,s_64x64_k64_v4,13.008196269394814,15.685319900512695,0,0,RUN_FAIL,Kernel execution failed
bf16,109,97,1024,s_64x64_k64_v4,10.99362864259226,12.927770614624023,0,0,RUN_FAIL,Kernel execution failed
bf16,109,121,512,m_128x128_k32_v4,8.353214898315022,11.642694473266602,0,0,RUN_FAIL,Kernel execution failed
bf16,109,167,512,s_64x64_k64_v4,9.543444346848684,11.487722396850586,0,0,RUN_FAIL,Kernel execution failed
bf16,109,227,256,s_64x64_k64_v4,11.98578728449394,6.748437881469727,0,0,RUN_FAIL,Kernel execution failed
bf16,109,277,256,s_64x64_k64_v4,11.681663595762531,10.58197021484375,0,0,RUN_FAIL,Kernel execution failed
bf16,109,337,128,s_64x64_k64_v4,11.605541004861678,14.706850051879883,0,0,RUN_FAIL,Kernel execution failed
bf16,111,13,128,m_128x128_k32_v4,0.5691408065927522,14.615535736083984,0,0,RUN_FAIL,Kernel execution failed
bf16,111,43,128,m_128x128_k32_v4,1.9402681871691734,12.729644775390625,0,0,RUN_FAIL,Kernel execution failed
bf16,111,63,1024,s_64x64_k64_v4,13.008196269394814,11.576175689697266,0,0,RUN_FAIL,Kernel execution failed
bf16,111,99,1024,s_64x64_k64_v4,10.948638749664017,12.935876846313477,0,0,RUN_FAIL,Kernel execution failed
bf16,111,123,512,m_128x128_k32_v4,8.353214898315022,11.569023132324219,0,0,RUN_FAIL,Kernel execution failed
bf16,111,173,512,s_64x64_k64_v4,9.543444346848684,11.92331314086914,0,0,RUN_FAIL,Kernel execution failed
bf16,111,229,256,s_64x64_k64_v4,11.799843809112653,11.184453964233398,0,0,RUN_FAIL,Kernel execution failed
bf16,111,281,256,s_64x64_k64_v4,11.681663595762531,11.471271514892578,0,0,RUN_FAIL,Kernel execution failed
bf16,113,5,128,s_64x64_k64_v4,4.099967498572396,11.945486068725586,0,0,RUN_FAIL,Kernel execution failed
bf16,113,31,128,m_128x128_k32_v4,1.8924016264730021,10.87498664855957,0,0,RUN_FAIL,Kernel execution failed
bf16,113,47,1024,s_64x64_k64_v4,12.829216498456441,12.76087760925293,0,0,RUN_FAIL,Kernel execution failed
bf16,113,83,1024,s_64x64_k64_v4,10.532001183841933,11.380434036254883,0,0,RUN_FAIL,Kernel execution failed
bf16,113,113,512,m_128x128_k32_v4,8.353214898315022,11.366605758666992,0,0,RUN_FAIL,Kernel execution failed
bf16,113,151,512,s_64x64_k64_v4,9.482505584279256,10.763883590698242,0,0,RUN_FAIL,Kernel execution failed
bf16,113,199,256,s_64x64_k64_v4,11.255401499883812,11.370420455932617,0,0,RUN_FAIL,Kernel execution failed
bf16,113,263,256,s_64x64_k64_v4,11.255401499883812,11.624336242675781,0,0,RUN_FAIL,Kernel execution failed
bf16,113,313,128,s_64x64_k64_v4,11.37214158022294,12.598514556884766,0,0,RUN_FAIL,Kernel execution failed
bf16,117,17,128,r_64x128_k64_v3,-0.31770847825128057,11.388540267944336,0,0,RUN_FAIL,Kernel execution failed
bf16,117,33,1024,s_64x64_k64_v4,6.251839172250019,16.976356506347656,0,0,RUN_FAIL,Kernel execution failed
bf16,117,71,1024,s_64x64_k64_v4,11.299032623176014,7.811784744262695,0,0,RUN_FAIL,Kernel execution failed
bf16,117,103,1024,s_64x64_k64_v4,10.837678683302794,13.010025024414062,0,0,RUN_FAIL,Kernel execution failed
bf16,117,131,512,s_64x64_k64_v4,8.96168303416889,11.402130126953125,0,0,RUN_FAIL,Kernel execution failed
bf16,117,181,512,s_64x64_k64_v4,9.513420259123551,10.60628890991211,0,0,RUN_FAIL,Kernel execution failed
bf16,117,239,256,s_64x64_k64_v4,11.848325697307748,12.641668319702148,0,0,RUN_FAIL,Kernel execution failed
bf16,117,293,256,s_64x64_k64_v4,15.8409437364101,10.525941848754883,0,0,RUN_FAIL,Kernel execution failed
bf16,119,9,128,s_64x64_k64_v4,1.19985460340309,11.605978012084961,0,0,RUN_FAIL,Kernel execution failed
bf16,119,37,128,s_64x64_k64_v4,2.099106032752517,12.943267822265625,0,0,RUN_FAIL,Kernel execution failed
bf16,119,59,1024,s_64x64_k64_v4,15.101630562444143,13.20791244506836,0,0,RUN_FAIL,Kernel execution failed
bf16,119,91,1024,s_64x64_k64_v4,12.825193713329046,6.9904327392578125,0,0,RUN_FAIL,Kernel execution failed
bf16,119,119,512,s_64x64_k64_v4,9.650614488048268,11.681079864501953,0,0,RUN_FAIL,Kernel execution failed
bf16,119,163,512,s_64x64_k64_v4,11.240139615579071,12.834548950195312,0,0,RUN_FAIL,Kernel execution failed
bf16,119,223,256,s_64x64_k64_v4,13.096907577555681,15.068292617797852,0,0,RUN_FAIL,Kernel execution failed
bf16,119,271,256,s_64x64_k64_v4,13.173858702757597,17.226696014404297,0,0,RUN_FAIL,Kernel execution failed
bf16,119,331,128,s_64x64_k64_v4,14.724195375416407,12.903451919555664,0,0,RUN_FAIL,Kernel execution failed
bf16,121,23,128,s_64x64_k64_mem,-1.4749965317127582,13.043880462646484,0,0,RUN_FAIL,Kernel execution failed
bf16,121,41,1024,s_64x64_k64_v4,7.500376631618691,12.926101684570312,0,0,RUN_FAIL,Kernel execution failed
bf16,121,77,1024,s_64x64_k64_v4,12.421846476330703,13.099431991577148,0,0,RUN_FAIL,Kernel execution failed
bf16,121,109,512,s_64x64_k64_v4,9.116567552248808,12.670278549194336,0,0,RUN_FAIL,Kernel execution failed
bf16,121,139,512,s_64x64_k64_v4,10.252529855220043,12.847185134887695,0,0,RUN_FAIL,Kernel execution failed
bf16,121,193,512,s_64x64_k64_v4,17.829834341256763,11.672735214233398,0,0,RUN_FAIL,Kernel execution failed
bf16,121,251,256,s_64x64_k64_v4,12.505826116960462,10.812997817993164,0,0,RUN_FAIL,Kernel execution failed
bf16,121,307,256,s_64x64_k64_v4,17.399024044145406,7.191896438598633,0,0,RUN_FAIL,Kernel execution failed
bf16,123,3,128,l_256x128_k32_v3,13.424907111030262,11.982202529907227,0,0,RUN_FAIL,Kernel execution failed
bf16,123,27,128,s_64x64_k64_mem,-1.4749965317127582,11.510610580444336,0,0,RUN_FAIL,Kernel execution failed
bf16,123,43,1024,s_64x64_k64_v4,8.327388165032227,11.612892150878906,0,0,RUN_FAIL,Kernel execution failed
bf16,123,79,1024,s_64x64_k64_v4,12.848108572209423,12.866497039794922,0,0,RUN_FAIL,Kernel execution failed
bf16,123,111,512,s_64x64_k64_v4,9.116567552248808,16.025543212890625,0,0,RUN_FAIL,Kernel execution failed
bf16,123,149,512,s_64x64_k64_v4,10.874206072250391,11.558055877685547,0,0,RUN_FAIL,Kernel execution failed
bf16,123,197,256,s_64x64_k64_v4,11.816590297809494,11.47770881652832,0,0,RUN_FAIL,Kernel execution failed
bf16,123,257,256,s_64x64_k64_v4,16.69008796542148,11.398792266845703,0,0,RUN_FAIL,Kernel execution failed
bf16,123,311,128,s_64x64_k64_mem,9.12508526899656,12.146711349487305,0,0,RUN_FAIL,Kernel execution failed
bf16,127,15,128,s_64x64_k64_mem,-0.8048180888080563,12.818574905395508,0,0,RUN_FAIL,Kernel execution failed
bf16,127,31,1024,s_64x64_k64_v4,6.670234528435964,6.708860397338867,0,0,RUN_FAIL,Kernel execution failed
bf16,127,67,1024,s_64x64_k64_v4,12.4997035218485,11.594295501708984,0,0,RUN_FAIL,Kernel execution failed
bf16,127,101,512,s_64x64_k64_v4,9.061840173713586,12.746334075927734,0,0,RUN_FAIL,Kernel execution failed
bf16,127,127,512,s_64x64_k64_v4,9.959680885244513,13.927936553955078,0,0,RUN_FAIL,Kernel execution failed
bf16,127,179,256,s_64x64_k64_v4,8.924391197011282,11.631965637207031,0,0,RUN_FAIL,Kernel execution failed
bf16,127,233,256,s_64x64_k64_v4,12.505826116960462,8.667230606079102,0,0,RUN_FAIL,Kernel execution failed
bf16,127,283,256,s_64x64_k64_v4,17.63836162487014,11.59811019897461,0,0,RUN_FAIL,Kernel execution failed
bf16,131,7,128,m_128x128_k128_iw_v3,-2.182230328280581,15.48457145690918,0,0,UNSUPPORTED,Problem size not supported by kernel
bf16,131,33,128,m_128x128_k32_v4,-1.9948533081699464,8.291006088256836,0,0,RUN_FAIL,Kernel execution failed
bf16,131,51,1024,s_64x64_k64_v4,9.355488367781495,11.596441268920898,0,0,RUN_FAIL,Kernel execution failed
bf16,131,89,1024,s_64x64_k128_v3,9.434324712936899,12.920141220092773,0,0,RUN_FAIL,Kernel execution failed
bf16,131,117,512,m_128x128_k32_v4,7.806565791241648,12.932777404785156,0,0,RUN_FAIL,Kernel execution failed
bf16,131,157,512,s_64x64_k64_v4,11.466101783283495,11.357784271240234,0,0,RUN_FAIL,Kernel execution failed
bf16,131,211,256,s_64x64_k64_v4,9.133053287914038,7.511615753173828,0,0,RUN_FAIL,Kernel execution failed
bf16,131,269,256,s_64x64_k64_v4,16.11644200679409,11.513471603393555,0,0,RUN_FAIL,Kernel execution failed
bf16,131,317,128,s_64x64_k64_mem,6.239811356948206,11.05189323425293,0,0,RUN_FAIL,Kernel execution failed
bf16,137,19,128,m_128x128_k32_v4,-3.006581702558296,7.473230361938477,0,0,RUN_FAIL,Kernel execution failed
bf16,137,37,1024,m_128x128_k32_v4,4.4193780814193815,8.444547653198242,0,0,RUN_FAIL,Kernel execution failed
bf16,137,73,1024,s_64x64_k128_v3,11.01358682652082,11.774301528930664,0,0,RUN_FAIL,Kernel execution failed
bf16,137,107,512,m_128x128_k32_v4,8.053590910325227,11.700630187988281,0,0,RUN_FAIL,Kernel execution failed
bf16,137,137,512,s_64x64_k64_v4,7.1388633262493695,13.412714004516602,0,0,RUN_FAIL,Kernel execution failed
bf16,137,191,256,m_128x128_k32_v4,6.752445368775124,11.617422103881836,0,0,RUN_FAIL,Kernel execution failed
bf16,137,241,256,s_64x64_k64_v4,15.724405408150988,11.528253555297852,0,0,RUN_FAIL,Kernel execution failed
bf16,137,299,128,s_64x64_k64_mem,6.34078303334631,11.734962463378906,0,0,RUN_FAIL,Kernel execution failed
bf16,139,11,128,m_128x128_k32_v4,-1.6612314431496433,12.839794158935547,0,0,RUN_FAIL,Kernel execution failed
bf16,139,41,128,m_128x128_k32_v4,-1.3688698435012256,11.718034744262695,0,0,RUN_FAIL,Kernel execution failed
bf16,139,61,1024,s_64x64_k64_v4,10.6112377578352,11.304378509521484,0,0,RUN_FAIL,Kernel execution failed
bf16,139,97,1024,s_64x64_k128_v3,9.337179742544489,12.162446975708008,0,0,RUN_FAIL,Kernel execution failed
bf16,139,121,512,m_128x128_k32_v4,7.816797025337931,12.645721435546875,0,0,RUN_FAIL,Kernel execution failed
bf16,139,167,512,s_64x64_k64_v4,11.433151831612047,11.460542678833008,0,0,RUN_FAIL,Kernel execution failed
bf16,139,227,256,s_64x64_k64_v4,15.540985534151114,15.303373336791992,0,0,RUN_FAIL,Kernel execution failed
bf16,139,277,256,s_64x64_k64_v4,16.19646624889928,11.282682418823242,0,0,RUN_FAIL,Kernel execution failed
bf16,139,337,128,s_64x64_k64_mem,6.266600200327076,11.408329010009766,0,0,RUN_FAIL,Kernel execution failed
bf16,149,13,128,m_128x128_k32_v4,-2.1459691915744625,6.755352020263672,0,0,RUN_FAIL,Kernel execution failed
bf16,149,27,1024,s_64x64_k64_v4,3.0642363812677518,16.79062843322754,0,0,RUN_FAIL,Kernel execution failed
bf16,149,63,1024,s_64x64_k64_v4,11.79135712530395,12.77303695678711,0,0,RUN_FAIL,Kernel execution failed
bf16,149,99,512,m_128x128_k32_v4,7.705495997272318,11.464357376098633,0,0,RUN_FAIL,Kernel execution failed
bf16,149,123,512,s_64x64_k64_v4,8.109132510744654,11.600971221923828,0,0,RUN_FAIL,Kernel execution failed
bf16,149,173,256,s_64x64_k64_v4,7.478390207103223,13.14091682434082,0,0,RUN_FAIL,Kernel execution failed
bf16,149,229,256,s_64x64_k64_v4,16.604164575974938,11.93547248840332,0,0,RUN_FAIL,Kernel execution failed
bf16,149,281,128,s_64x64_k64_mem,7.7403273249567235,11.547565460205078,0,0,RUN_FAIL,Kernel execution failed
bf16,151,5,128,s_64x64_k64_mem,-0.6938799548973618,12.133121490478516,0,0,RUN_FAIL,Kernel execution failed
bf16,151,15,1024,s_64x64_k64_v4,4.187766082091468,13.103008270263672,0,0,RUN_FAIL,Kernel execution failed
bf16,151,47,1024,s_64x64_k64_v4,10.216970398173531,11.505126953125,0,0,RUN_FAIL,Kernel execution failed
bf16,151,83,1024,s_64x64_k64_v4,11.866249488134576,11.306524276733398,0,0,RUN_FAIL,Kernel execution failed
bf16,151,113,512,m_128x128_k32_v4,7.705495997272318,12.839555740356445,0,0,RUN_FAIL,Kernel execution failed
bf16,151,151,512,s_64x64_k64_v4,12.256315517425163,27.42910385131836,0,0,RUN_FAIL,Kernel execution failed
bf16,151,199,256,s_64x64_k64_v4,16.5073081442068,12.501239776611328,0,0,RUN_FAIL,Kernel execution failed
bf16,151,263,256,s_64x64_k64_v4,17.33865250252905,12.684106826782227,0,0,RUN_FAIL,Kernel execution failed
bf16,151,313,128,s_64x64_k64_mem,8.082628453695976,11.350870132446289,0,0,RUN_FAIL,Kernel execution failed
bf16,157,17,128,m_128x128_k32_v4,-2.329075839173408,13.660907745361328,0,0,RUN_FAIL,Kernel execution failed
bf16,157,33,1024,s_64x64_k64_v4,3.6823501926206204,14.194250106811523,0,0,RUN_FAIL,Kernel execution failed
bf16,157,71,1024,s_64x64_k64_v4,10.582119923208463,11.748552322387695,0,0,RUN_FAIL,Kernel execution failed
bf16,157,103,512,m_128x128_k32_v4,7.989495132902201,14.932632446289062,0,0,RUN_FAIL,Kernel execution failed
bf16,157,131,512,s_64x64_k64_v4,11.277962808292212,12.926578521728516,0,0,RUN_FAIL,Kernel execution failed
bf16,157,181,256,s_64x64_k64_v4,10.780736602459333,11.735677719116211,0,0,RUN_FAIL,Kernel execution failed
bf16,157,239,256,s_64x64_k64_v4,16.639547902106017,11.497974395751953,0,0,RUN_FAIL,Kernel execution failed
bf16,157,293,128,s_64x64_k64_mem,8.019899177600719,11.454582214355469,0,0,RUN_FAIL,Kernel execution failed
bf16,163,9,128,m_128x128_k128_iw_v3,-0.5060414420146173,11.36636734008789,0,0,UNSUPPORTED,Problem size not supported by kernel
bf16,163,19,1024,m_128x128_k32_v4,2.386022489152653,8.694887161254883,0,0,RUN_FAIL,Kernel execution failed
bf16,163,59,1024,m_128x128_k32_v4,7.318020501995338,11.374473571777344,0,0,RUN_FAIL,Kernel execution failed
bf16,163,91,512,m_128x128_k32_v4,9.075817245434449,11.493921279907227,0,0,RUN_FAIL,Kernel execution failed
bf16,163,119,512,m_128x128_k32_v4,8.415757228780908,11.527299880981445,0,0,RUN_FAIL,Kernel execution failed
bf16,163,163,512,s_64x64_k64_v4,12.358362007571348,11.682271957397461,0,0,RUN_FAIL,Kernel execution failed
bf16,163,223,256,s_64x64_k64_v4,16.49343992204493,9.982109069824219,0,0,RUN_FAIL,Kernel execution failed
bf16,163,271,256,s_64x64_k64_v4,17.657678987430508,6.718635559082031,0,0,RUN_FAIL,Kernel execution failed
bf16,163,331,128,s_64x64_k64_mem,8.70576107992605,12.898445129394531,0,0,RUN_FAIL,Kernel execution failed
bf16,167,23,128,r_64x128_k64_v3,-1.114957912027291,7.002353668212891,0,0,RUN_FAIL,Kernel execution failed
bf16,167,41,1024,m_128x128_k32_v4,6.713073614451063,11.466503143310547,0,0,RUN_FAIL,Kernel execution failed
bf16,167,77,1024,m_128x128_k32_v4,8.906809149204271,11.415243148803711,0,0,RUN_FAIL,Kernel execution failed
bf16,167,109,512,s_64x64_k64_v4,8.970342610010176,7.323741912841797,0,0,RUN_FAIL,Kernel execution failed
bf16,167,139,512,s_64x64_k64_v4,13.771701856852147,11.434316635131836,0,0,RUN_FAIL,Kernel execution failed
bf16,167,193,256,s_64x64_k64_v4,18.601479850735895,6.788730621337891,0,0,RUN_FAIL,Kernel execution failed
bf16,167,251,256,s_64x64_k64_v4,19.259222022551693,11.069059371948242,0,0,RUN_FAIL,Kernel execution failed
bf16,167,307,128,s_64x64_k128_v3,10.04926684878382,11.570930480957031,0,0,RUN_FAIL,Kernel execution failed
bf16,173,3,128,m_128x128_k16_v3,18.106692826542357,16.717910766601562,0,0,RUN_FAIL,Kernel execution failed
bf16,173,13,1024,m_128x128_k32_v4,2.6671625886815806,11.823177337646484,0,0,RUN_FAIL,Kernel execution failed
bf16,173,43,1024,m_128x128_k32_v4,6.713073614451063,11.593103408813477,0,0,RUN_FAIL,Kernel execution failed
bf16,173,79,512,m_128x128_k32_v4,9.217398165442884,11.576414108276367,0,0,RUN_FAIL,Kernel execution failed
bf16,173,111,512,m_128x128_k32_v4,9.89195552484682,13.312816619873047,0,0,RUN_FAIL,Kernel execution failed
bf16,173,149,256,s_64x64_k64_v4,8.411173370114302,11.358022689819336,0,0,RUN_FAIL,Kernel execution failed
bf16,173,197,256,s_64x64_k64_v4,18.77456667041501,11.614561080932617,0,0,RUN_FAIL,Kernel execution failed
bf16,173,257,256,s_64x64_k64_v4,19.854522282142867,8.348703384399414,0,0,RUN_FAIL,Kernel execution failed
bf16,173,311,128,s_64x64_k128_v3,10.097748736978911,17.477750778198242,0,0,RUN_FAIL,Kernel execution failed
bf16,179,15,128,m_128x128_k32_v4,-0.3320632825441918,13.215780258178711,0,0,RUN_FAIL,Kernel execution failed
bf16,179,31,1024,m_128x128_k32_v4,1.604645734951106,11.61813735961914,0,0,RUN_FAIL,Kernel execution failed
bf16,179,67,1024,m_128x128_k32_v4,7.7662094096691865,15.42043685913086,0,0,RUN_FAIL,Kernel execution failed
bf16,179,101,512,m_128x128_k32_v4,9.89195552484682,11.80410385131836,0,0,RUN_FAIL,Kernel execution failed
bf16,179,127,512,s_64x64_k64_v4,13.23466504123651,14.97197151184082,0,0,RUN_FAIL,Kernel execution failed
bf16,179,179,256,s_64x64_k64_v4,12.625520035291931,13.728141784667969,0,0,RUN_FAIL,Kernel execution failed
bf16,179,233,256,s_64x64_k64_v4,19.259222022551693,13.426065444946289,0,0,RUN_FAIL,Kernel execution failed
bf16,179,283,128,s_64x64_k128_v3,10.175279742089874,11.732339859008789,0,0,RUN_FAIL,Kernel execution failed
bf16,181,7,128,s_64x64_k64_v4,0.478571114222944,11.606216430664062,0,0,RUN_FAIL,Kernel execution failed
bf16,181,17,1024,m_128x128_k32_v4,2.607865298821934,11.545658111572266,0,0,RUN_FAIL,Kernel execution failed
bf16,181,51,1024,m_128x128_k32_v4,7.4953491569376185,9.553670883178711,0,0,RUN_FAIL,Kernel execution failed
bf16,181,89,512,s_64x64_k64_v4,9.342259742453143,11.587381362915039,0,0,RUN_FAIL,Kernel execution failed
bf16,181,117,512,s_64x64_k64_v4,8.916803230064058,11.613130569458008,0,0,RUN_FAIL,Kernel execution failed
bf16,181,157,256,s_64x64_k64_v4,12.538838181514055,11.662006378173828,0,0,RUN_FAIL,Kernel execution failed
bf16,181,211,256,s_64x64_k64_v4,19.297685198061853,11.2762451171875,0,0,RUN_FAIL,Kernel execution failed
bf16,181,269,128,s_64x64_k128_v3,9.832978613350642,15.461206436157227,0,0,RUN_FAIL,Kernel execution failed
bf16,181,317,128,s_64x64_k128_v3,10.097748736978911,12.860774993896484,0,0,RUN_FAIL,Kernel execution failed
bf16,191,19,128,s_64x64_k64_mem,-0.6844875793953955,11.507749557495117,0,0,RUN_FAIL,Kernel execution failed
bf16,191,37,1024,s_64x64_k64_v4,3.351776438359015,15.796422958374023,0,0,RUN_FAIL,Kernel execution failed
bf16,191,73,1024,s_64x64_k64_v4,9.480421002841066,11.608362197875977,0,0,RUN_FAIL,Kernel execution failed
bf16,191,107,512,s_64x64_k64_v4,11.339963044413862,10.736227035522461,0,0,RUN_FAIL,Kernel execution failed
bf16,191,137,512,s_64x64_k64_v4,16.26726913708867,15.852928161621094,0,0,RUN_FAIL,Kernel execution failed
bf16,191,191,256,s_64x64_k64_v4,15.002934858039746,11.504173278808594,0,0,RUN_FAIL,Kernel execution failed
bf16,191,241,256,s_64x64_k64_v4,22.40159681147885,11.634111404418945,0,0,RUN_FAIL,Kernel execution failed
bf16,191,299,128,s_64x64_k128_v3,14.443535864027098,15.793561935424805,0,0,RUN_FAIL,Kernel execution failed
bf16,193,11,128,s_64x64_k64_mem,-0.8519989764704633,6.733179092407227,0,0,RUN_FAIL,Kernel execution failed
bf16,193,23,1024,s_64x64_k64_v4,1.9538691066045437,11.564016342163086,0,0,RUN_FAIL,Kernel execution failed
bf16,193,61,1024,s_64x64_k64_v4,7.5658535604677875,11.520147323608398,0,0,RUN_FAIL,Kernel execution failed
bf16,193,97,512,s_64x64_k64_v4,9.709253747670694,12.061595916748047,0,0,RUN_FAIL,Kernel execution failed
bf16,193,121,512,s_64x64_k64_v4,14.532289638445159,11.591672897338867,0,0,RUN_FAIL,Kernel execution failed
bf16,193,167,256,s_64x64_k64_v4,14.906029200167351,12.684822082519531,0,0,RUN_FAIL,Kernel execution failed
bf16,193,227,256,s_64x64_k64_v4,17.975658417930763,11.487722396850586,0,0,RUN_FAIL,Kernel execution failed
bf16,193,277,128,s_64x64_k64_mem,8.603543323346749,11.618375778198242,0,0,RUN_FAIL,Kernel execution failed
bf16,193,337,128,s_64x64_k64_mem,17.00386994141879,12.88461685180664,0,0,RUN_FAIL,Kernel execution failed
bf16,197,3,1024,l_128x256_k32_v3,21.515811137786624,15.849113464355469,0,0,RUN_FAIL,Kernel execution failed
bf16,197,27,1024,s_64x64_k64_v4,1.45037875664419,11.468648910522461,0,0,RUN_FAIL,Kernel execution failed
bf16,197,63,1024,s_64x64_k64_v4,7.789457482703642,13.103246688842773,0,0,RUN_FAIL,Kernel execution failed
bf16,197,99,512,s_64x64_k64_v4,9.94573488572167,11.460065841674805,0,0,RUN_FAIL,Kernel execution failed
bf16,197,123,512,s_64x64_k64_v4,14.66133310644936,17.1663761138916,0,0,RUN_FAIL,Kernel execution failed
bf16,197,173,256,s_64x64_k64_v4,15.047949883986673,17.400503158569336,0,0,RUN_FAIL,Kernel execution failed
bf16,197,229,256,s_64x64_k64_v4,18.026138575407224,10.874748229980469,0,0,RUN_FAIL,Kernel execution failed
bf16,197,281,128,s_64x64_k64_mem,8.750240200480578,11.434316635131836,0,0,RUN_FAIL,Kernel execution failed
bf16,199,5,128,s_64x64_k64_mem,17.50178701962138,12.722969055175781,0,0,RUN_FAIL,Kernel execution failed
bf16,199,15,1024,m_128x128_k32_v4,1.9794637266514743,11.43336296081543,0,0,RUN_FAIL,Kernel execution failed
bf16,199,47,1024,s_64x64_k64_v4,7.187107502287947,11.914491653442383,0,0,RUN_FAIL,Kernel execution failed
bf16,199,83,512,s_64x64_k64_v4,9.486303714493967,11.828422546386719,0,0,RUN_FAIL,Kernel execution failed
bf16,199,113,512,s_64x64_k64_v4,14.29646238945331,11.565923690795898,0,0,RUN_FAIL,Kernel execution failed
bf16,199,151,256,s_64x64_k64_v4,14.521740601807487,11.687040328979492,0,0,RUN_FAIL,Kernel execution failed
bf16,199,199,256,s_64x64_k64_v4,17.932997635865856,11.751890182495117,0,0,RUN_FAIL,Kernel execution failed
bf16,199,263,128,s_64x64_k64_mem,8.750240200480578,12.467622756958008,0,0,RUN_FAIL,Kernel execution failed
bf16,199,313,128,s_64x64_k64_mem,8.882041887637135,12.917518615722656,0,0,RUN_FAIL,Kernel execution failed
bf16,211,7,1024,s_64x64_k64_v4,6.167877219586959,14.25480842590332,0,0,RUN_FAIL,Kernel execution failed
bf16,211,33,1024,s_64x64_k64_v4,1.4540554736964593,15.641450881958008,0,0,RUN_FAIL,Kernel execution failed
bf16,211,71,512,s_64x64_k64_v4,8.751184280617395,11.64865493774414,0,0,RUN_FAIL,Kernel execution failed
bf16,211,103,512,s_64x64_k64_v4,10.326775698384854,12.579679489135742,0,0,RUN_FAIL,Kernel execution failed
bf16,211,131,512,s_64x64_k64_v4,18.062300904859896,11.73853874206543,0,0,RUN_FAIL,Kernel execution failed
bf16,211,181,256,s_64x64_k64_v4,17.123888582868666,10.852575302124023,0,0,RUN_FAIL,Kernel execution failed
bf16,211,239,256,s_64x64_k64_v4,20.969509189628024,11.447906494140625,0,0,RUN_FAIL,Kernel execution failed
bf16,211,293,128,s_64x64_k64_mem,18.457480696882484,11.420488357543945,0,0,RUN_FAIL,Kernel execution failed
bf16,223,9,128,m_128x128_k128_iw_v3,0.363313598946236,12.885570526123047,0,0,UNSUPPORTED,Problem size not supported by kernel
bf16,223,19,1024,m_128x128_k32_v4,1.9955129047152071,12.511491775512695,0,0,RUN_FAIL,Kernel execution failed
bf16,223,59,1024,s_64x64_k64_v4,6.899392931956201,11.602163314819336,0,0,RUN_FAIL,Kernel execution failed
bf16,223,91,512,s_64x64_k64_v4,9.64872935285318,17.06719398498535,0,0,RUN_FAIL,Kernel execution failed
bf16,223,119,512,s_64x64_k64_v4,14.69096895224433,7.024526596069336,0,0,RUN_FAIL,Kernel execution failed
bf16,223,163,256,s_64x64_k64_v4,16.21807301462407,13.776540756225586,0,0,RUN_FAIL,Kernel execution failed
bf16,223,223,256,s_64x64_k64_v4,21.169765437060455,11.599302291870117,0,0,RUN_FAIL,Kernel execution failed
bf16,223,271,128,s_64x64_k128_v3,11.30057984404952,11.287212371826172,0,0,RUN_FAIL,Kernel execution failed
bf16,223,331,128,s_64x64_k64_mem,18.959216321636067,11.337757110595703,0,0,RUN_FAIL,Kernel execution failed
bf16,227,11,1024,s_64x64_k64_v4,3.7436582637767453,12.701034545898438,0,0,RUN_FAIL,Kernel execution failed
bf16,227,41,1024,s_64x64_k64_v4,6.267819512205258,12.828826904296875,0,0,RUN_FAIL,Kernel execution failed
bf16,227,77,512,s_64x64_k64_v4,8.294462672597028,12.860536575317383,0,0,RUN_FAIL,Kernel execution failed
bf16,227,109,512,s_64x64_k64_v4,14.69096895224433,13.413667678833008,0,0,RUN_FAIL,Kernel execution failed
bf16,227,139,256,s_64x64_k64_v4,15.888681087451246,9.399890899658203,0,0,RUN_FAIL,Kernel execution failed
bf16,227,193,256,s_64x64_k64_v4,20.43992205584591,11.556386947631836,0,0,RUN_FAIL,Kernel execution failed
bf16,227,251,256,s_64x64_k64_v4,21.02122037416049,13.020038604736328,0,0,RUN_FAIL,Kernel execution failed
bf16,227,307,128,s_64x64_k64_mem,17.979226142167438,11.502504348754883,0,0,RUN_FAIL,Kernel execution failed
bf16,229,3,128,m_128x128_k16_v3,17.881755964680295,12.918233871459961,0,0,RUN_FAIL,Kernel execution failed
bf16,229,13,1024,s_64x64_k64_v4,3.7436582637767453,11.564493179321289,0,0,RUN_FAIL,Kernel execution failed
bf16,229,43,1024,s_64x64_k64_v4,6.269191832015292,15.643119812011719,0,0,RUN_FAIL,Kernel execution failed
bf16,229,79,512,s_64x64_k64_v4,8.294462672597028,12.097597122192383,0,0,RUN_FAIL,Kernel execution failed
bf16,229,111,512,s_64x64_k64_v4,14.586821316358762,11.675596237182617,0,0,RUN_FAIL,Kernel execution failed
bf16,229,149,256,s_64x64_k64_v4,15.899118002713873,10.404586791992188,0,0,RUN_FAIL,Kernel execution failed
bf16,229,197,256,s_64x64_k64_v4,20.613008875525022,6.680488586425781,0,0,RUN_FAIL,Kernel execution failed
bf16,229,257,128,s_64x64_k128_v3,11.297163043739367,13.270378112792969,0,0,RUN_FAIL,Kernel execution failed
bf16,229,311,128,s_64x64_k64_mem,17.979226142167438,11.836051940917969,0,0,RUN_FAIL,Kernel execution failed
bf16,233,5,1024,s_64x64_k32_v4,21.606184695852864,14.978170394897461,0,0,RUN_FAIL,Kernel execution failed
bf16,233,31,1024,s_64x64_k64_v4,3.1135410378713027,13.746976852416992,0,0,RUN_FAIL,Kernel execution failed
bf16,233,67,512,s_64x64_k64_v4,9.724634359200794,7.678508758544922,0,0,RUN_FAIL,Kernel execution failed
bf16,233,101,512,s_64x64_k64_v4,12.427069063635297,10.94818115234375,0,0,RUN_FAIL,Kernel execution failed
bf16,233,127,256,s_64x64_k64_v4,11.348169509018746,11.538505554199219,0,0,RUN_FAIL,Kernel execution failed
bf16,233,179,256,s_64x64_k64_v4,18.956941387046772,11.368989944458008,0,0,RUN_FAIL,Kernel execution failed
bf16,233,233,128,s_64x64_k128_v3,12.422014289178358,13.085365295410156,0,0,RUN_FAIL,Kernel execution failed
bf16,233,283,128,s_64x64_k64_mem,20.03450557529171,12.952566146850586,0,0,RUN_FAIL,Kernel execution failed
bf16,239,7,128,s_64x64_k64_v4,2.605676364771387,11.693239212036133,0,0,RUN_FAIL,Kernel execution failed
bf16,239,17,1024,m_128x128_k64_v3,7.803483560027624,11.690855026245117,0,0,RUN_FAIL,Kernel execution failed
bf16,239,51,1024,m_128x128_k32_v4,8.42603898161834,13.035774230957031,0,0,RUN_FAIL,Kernel execution failed
bf16,239,89,512,s_64x64_k64_v4,10.698043976586003,15.775442123413086,0,0,RUN_FAIL,Kernel execution failed
bf16,239,117,512,s_64x64_k64_v4,16.7258782975035,15.4571533203125,0,0,RUN_FAIL,Kernel execution failed
bf16,239,157,256,s_64x64_k64_v4,19.059716703122305,15.632867813110352,0,0,RUN_FAIL,Kernel execution failed
bf16,239,211,256,s_64x64_k64_v4,23.442159535426388,8.122920989990234,0,0,RUN_FAIL,Kernel execution failed
bf16,239,269,128,s_64x64_k64_mem,19.608243479412998,15.811681747436523,0,0,RUN_FAIL,Kernel execution failed
bf16,239,317,128,s_64x64_k64_mem,22.330070071746903,11.548280715942383,0,0,RUN_FAIL,Kernel execution failed
bf16,241,9,1024,s_64x64_k64_v4,7.495661142114743,11.475801467895508,0,0,RUN_FAIL,Kernel execution failed
bf16,241,37,1024,m_128x128_k32_v4,3.88098308313662,10.814666748046875,0,0,RUN_FAIL,Kernel execution failed
bf16,241,73,512,s_64x64_k64_v4,9.819194813432448,11.673927307128906,0,0,RUN_FAIL,Kernel execution failed
bf16,241,107,512,s_64x64_k64_v4,16.568686841728628,13.31019401550293,0,0,RUN_FAIL,Kernel execution failed
bf16,241,137,256,s_64x64_k64_v4,18.692926363468167,7.188320159912109,0,0,RUN_FAIL,Kernel execution failed
bf16,241,191,256,s_64x64_k64_v4,19.207273782363004,16.4334774017334,0,0,RUN_FAIL,Kernel execution failed
bf16,241,241,128,s_64x64_k128_v3,12.382510527847803,11.541128158569336,0,0,RUN_FAIL,Kernel execution failed
bf16,241,299,128,s_64x64_k64_mem,19.875208770667594,12.791156768798828,0,0,RUN_FAIL,Kernel execution failed
bf16,241,331,1024,s_64x64_k64_v4,49.955294486673644,14.718770980834961,0,0,RUN_FAIL,Kernel execution failed
bf16,251,23,1024,s_64x64_k64_v4,5.37117955537482,11.63625717163086,0,0,RUN_FAIL,Kernel execution failed
bf16,251,61,1024,s_64x64_k64_v4,10.684892399404632,13.103008270263672,0,0,RUN_FAIL,Kernel execution failed
bf16,251,97,512,s_64x64_k64_v4,12.642247211710684,11.456727981567383,0,0,RUN_FAIL,Kernel execution failed
bf16,251,121,512,s_64x64_k64_v4,18.398098441910555,11.646270751953125,0,0,RUN_FAIL,Kernel execution failed
bf16,251,167,256,s_64x64_k64_v4,18.413267761476135,17.058849334716797,0,0,RUN_FAIL,Kernel execution failed
bf16,251,227,256,s_64x64_k64_v4,24.29663811978572,9.930610656738281,0,0,RUN_FAIL,Kernel execution failed
bf16,251,277,128,s_64x64_k128_v3,26.253051264082256,11.687755584716797,0,0,RUN_FAIL,Kernel execution failed
bf16,251,337,128,s_64x64_k128_v3,27.558670882266412,8.101701736450195,0,0,RUN_FAIL,Kernel execution failed
bf16,257,3,1024,l_128x256_k32_v3,21.601016116657135,11.57832145690918,0,0,RUN_FAIL,Kernel execution failed
bf16,257,27,1024,m_128x128_k32_v4,2.657998236714597,11.406183242797852,0,0,RUN_FAIL,Kernel execution failed
bf16,257,63,512,m_128x128_k32_v4,6.664993306421143,11.553525924682617,0,0,RUN_FAIL,Kernel execution failed
bf16,257,99,512,s_64x64_k64_v4,12.62256856364874,11.575460433959961,0,0,RUN_FAIL,Kernel execution failed
bf16,257,123,256,s_64x64_k64_mem,9.78062542288175,11.917829513549805,0,0,RUN_FAIL,Kernel execution failed
bf16,257,173,256,s_64x64_k64_v4,16.472277384914406,16.725778579711914,0,0,RUN_FAIL,Kernel execution failed
bf16,257,229,128,s_64x64_k128_v3,10.651984936454213,13.168573379516602,0,0,RUN_FAIL,Kernel execution failed
bf16,257,281,128,s_64x64_k128_v3,17.65180023013726,7.223844528198242,0,0,RUN_FAIL,Kernel execution failed
bf16,257,311,1024,s_64x64_k64_v4,44.83863948351321,7.392644882202148,0,0,RUN_FAIL,Kernel execution failed
bf16,263,15,1024,s_64x64_k64_v4,3.6631382836151345,12.62664794921875,0,0,RUN_FAIL,Kernel execution failed
bf16,263,47,512,m_128x128_k32_v4,5.851405341593896,12.564897537231445,0,0,RUN_FAIL,Kernel execution failed
bf16,263,83,512,s_64x64_k64_v4,8.309579642239761,12.595653533935547,0,0,RUN_FAIL,Kernel execution failed
bf16,263,113,512,s_64x64_k64_v4,13.633747777640634,11.330366134643555,0,0,RUN_FAIL,Kernel execution failed
bf16,263,151,256,s_64x64_k64_v4,17.300891258707832,14.485836029052734,0,0,RUN_FAIL,Kernel execution failed
bf16,263,199,256,s_64x64_k64_mem,14.729738498826741,10.94198226928711,0,0,RUN_FAIL,Kernel execution failed
bf16,263,263,128,s_64x64_k64_mem,17.603743975715155,11.692285537719727,0,0,RUN_FAIL,Kernel execution failed
bf16,263,313,128,s_64x64_k64_mem,17.58999597142543,12.71367073059082,0,0,RUN_FAIL,Kernel execution failed
bf16,269,7,1024,l_128x256_k32_v3,21.578236237412373,15.697240829467773,0,0,RUN_FAIL,Kernel execution failed
bf16,269,33,1024,m_128x128_k32_v4,2.5885087515146727,12.691736221313477,0,0,RUN_FAIL,Kernel execution failed
bf16,269,71,512,s_64x64_k64_v4,7.6279150949042345,12.548685073852539,0,0,RUN_FAIL,Kernel execution failed
bf16,269,103,512,s_64x64_k64_v4,12.42769785941053,11.713504791259766,0,0,RUN_FAIL,Kernel execution failed
bf16,269,131,256,s_64x64_k64_v4,16.858986465619292,12.80355453491211,0,0,RUN_FAIL,Kernel execution failed
bf16,269,181,256,s_64x64_k64_v4,16.854673328508312,12.663602828979492,0,0,RUN_FAIL,Kernel execution failed
bf16,269,239,128,s_64x64_k128_v3,16.21489923850191,11.486053466796875,0,0,RUN_FAIL,Kernel execution failed
bf16,269,293,128,s_64x64_k64_mem,17.904583418530493,11.435747146606445,0,0,RUN_FAIL,Kernel execution failed
bf16,269,317,1024,s_64x64_k64_v4,45.116247767922545,13.042449951171875,0,0,RUN_FAIL,Kernel execution failed
bf16,271,19,1024,m_128x128_k32_v4,6.974923254601368,11.662006378173828,0,0,RUN_FAIL,Kernel execution failed
bf16,271,59,512,s_64x64_k64_v4,6.927680179832353,11.64698600769043,0,0,RUN_FAIL,Kernel execution failed
bf16,271,91,512,s_64x64_k64_v4,8.964870058705444,12.816190719604492,0,0,RUN_FAIL,Kernel execution failed
bf16,271,119,256,s_64x64_k64_mem,5.908714721283241,11.425495147705078,0,0,RUN_FAIL,Kernel execution failed
bf16,271,163,256,s_64x64_k64_v4,18.250312907690308,12.802600860595703,0,0,RUN_FAIL,Kernel execution failed
bf16,271,223,256,s_64x64_k64_v4,16.033080785576878,13.043642044067383,0,0,RUN_FAIL,Kernel execution failed
bf16,271,271,128,s_64x64_k128_v3,18.789464890299413,16.832351684570312,0,0,RUN_FAIL,Kernel execution failed
bf16,271,331,128,s_64x64_k64_mem,18.39023070130449,17.16780662536621,0,0,RUN_FAIL,Kernel execution failed
bf16,277,11,1024,s_64x64_k64_v4,5.781230864493123,16.999006271362305,0,0,RUN_FAIL,Kernel execution failed
bf16,277,41,1024,s_64x64_k64_v4,6.332684949915963,14.911651611328125,0,0,RUN_FAIL,Kernel execution failed
bf16,277,77,512,s_64x64_k64_v4,8.743929697721493,14.968156814575195,0,0,RUN_FAIL,Kernel execution failed
bf16,277,109,512,s_64x64_k64_v4,13.418086458726956,11.516094207763672,0,0,RUN_FAIL,Kernel execution failed
bf16,277,139,256,s_64x64_k64_v4,18.261590344670864,11.731624603271484,0,0,RUN_FAIL,Kernel execution failed
bf16,277,193,256,s_64x64_k64_mem,17.924626836602446,9.281158447265625,0,0,RUN_FAIL,Kernel execution failed
bf16,277,251,128,s_64x64_k128_v3,19.22809439548321,11.592388153076172,0,0,RUN_FAIL,Kernel execution failed
bf16,277,307,128,s_64x64_k64_mem,20.90053875331965,17.18735694885254,0,0,RUN_FAIL,Kernel execution failed
bf16,277,337,1024,s_64x64_k64_v4,46.64767452118953,11.525392532348633,0,0,RUN_FAIL,Kernel execution failed
bf16,281,13,1024,s_64x64_k64_v4,4.031685717663446,12.917518615722656,0,0,RUN_FAIL,Kernel execution failed
bf16,281,43,512,s_64x64_k64_v4,6.124069406683117,10.619163513183594,0,0,RUN_FAIL,Kernel execution failed
bf16,281,79,512,s_64x64_k64_v4,8.924646303173034,17.012834548950195,0,0,RUN_FAIL,Kernel execution failed
bf16,281,111,256,s_64x64_k64_mem,5.923164970974689,6.755590438842773,0,0,RUN_FAIL,Kernel execution failed
bf16,281,149,256,s_64x64_k64_v4,18.925677276293577,12.937307357788086,0,0,RUN_FAIL,Kernel execution failed
bf16,281,197,128,s_64x64_k128_v3,13.110862958159634,11.50202751159668,0,0,RUN_FAIL,Kernel execution failed
bf16,281,257,128,s_64x64_k128_v3,20.587876071008477,11.643648147583008,0,0,RUN_FAIL,Kernel execution failed
bf16,281,311,128,s_64x64_k64_mem,21.036996742411997,11.562824249267578,0,0,RUN_FAIL,Kernel execution failed
bf16,283,5,1024,l_128x256_k32_v3,21.690096946625424,14.31727409362793,0,0,RUN_FAIL,Kernel execution failed
bf16,283,31,1024,m_128x128_k32_v4,2.182658273388105,11.54947280883789,0,0,RUN_FAIL,Kernel execution failed
bf16,283,67,512,s_64x64_k64_v4,6.908519783909301,12.675762176513672,0,0,RUN_FAIL,Kernel execution failed
bf16,283,101,512,s_64x64_k64_v4,12.706917902118567,9.82522964477539,0,0,RUN_FAIL,Kernel execution failed
bf16,283,127,256,s_64x64_k64_v4,9.798840934135521,12.952327728271484,0,0,RUN_FAIL,Kernel execution failed
bf16,283,179,256,s_64x64_k64_v4,18.894553094758507,7.066249847412109,0,0,RUN_FAIL,Kernel execution failed
bf16,283,233,128,s_64x64_k128_v3,19.99028411973744,10.880470275878906,0,0,RUN_FAIL,Kernel execution failed
bf16,283,283,128,s_64x64_k128_v3,21.11458775075586,11.300802230834961,0,0,RUN_FAIL,Kernel execution failed
bf16,283,313,1024,s_64x64_k64_v4,47.79080576196024,11.495590209960938,0,0,RUN_FAIL,Kernel execution failed
bf16,293,17,1024,s_64x64_k64_v4,3.262451454451251,11.662483215332031,0,0,RUN_FAIL,Kernel execution failed
bf16,293,51,512,s_64x64_k64_v4,5.439289198261323,16.84713363647461,0,0,RUN_FAIL,Kernel execution failed
bf16,293,89,512,s_64x64_k64_v4,8.403449455467957,12.677907943725586,0,0,RUN_FAIL,Kernel execution failed
bf16,293,117,256,s_64x64_k64_mem,8.764464718292412,14.82701301574707,0,0,RUN_FAIL,Kernel execution failed
bf16,293,157,256,s_64x64_k64_v4,18.857154682277194,12.655258178710938,0,0,RUN_FAIL,Kernel execution failed
bf16,293,211,128,s_64x64_k128_v3,20.766639919996884,6.700277328491211,0,0,RUN_FAIL,Kernel execution failed
bf16,293,269,128,s_64x64_k128_v3,21.009722583026804,12.61591911315918,0,0,RUN_FAIL,Kernel execution failed
bf16,293,293,1024,s_64x64_k64_v4,47.79080576196024,6.718873977661133,0,0,RUN_FAIL,Kernel execution failed
bf16,299,9,1024,s_64x64_k64_v4,7.227171219108614,12.828588485717773,0,0,RUN_FAIL,Kernel execution failed
bf16,299,37,1024,s_64x64_k64_v4,8.42661377236524,6.720066070556641,0,0,RUN_FAIL,Kernel execution failed
bf16,299,73,512,s_64x64_k64_v4,8.492054387247528,11.342048645019531,0,0,RUN_FAIL,Kernel execution failed
bf16,299,107,512,s_64x64_k64_v4,14.4319082916576,11.451005935668945,0,0,RUN_FAIL,Kernel execution failed
bf16,299,137,256,s_64x64_k64_v4,20.67986372923966,11.770486831665039,0,0,RUN_FAIL,Kernel execution failed
bf16,299,191,256,s_64x64_k64_v4,21.253629046902333,13.267993927001953,0,0,RUN_FAIL,Kernel execution failed
bf16,299,241,128,s_64x64_k128_v3,22.230014991123934,6.681919097900391,0,0,RUN_FAIL,Kernel execution failed
bf16,299,299,128,s_64x64_k128_v3,23.193893448408332,11.632919311523438,0,0,RUN_FAIL,Kernel execution failed
bf16,299,331,1024,s_64x64_k64_v4,49.19490405076951,11.641740798950195,0,0,RUN_FAIL,Kernel execution failed
bf16,307,23,1024,s_64x64_k64_v4,3.277745262325483,11.430740356445312,0,0,RUN_FAIL,Kernel execution failed
bf16,307,61,512,s_64x64_k64_v4,7.35083562682197,9.040355682373047,0,0,RUN_FAIL,Kernel execution failed
bf16,307,97,512,s_64x64_k64_v4,14.536055927543167,12.542724609375,0,0,RUN_FAIL,Kernel execution failed
bf16,307,121,256,s_64x64_k64_v4,10.152479038127176,15.420675277709961,0,0,RUN_FAIL,Kernel execution failed
bf16,307,167,256,s_64x64_k64_v4,21.09643759112747,6.709098815917969,0,0,RUN_FAIL,Kernel execution failed
bf16,307,227,128,s_64x64_k128_v3,22.230014991123934,11.149168014526367,0,0,RUN_FAIL,Kernel execution failed
bf16,307,277,128,s_64x64_k128_v3,23.236117534852784,12.358427047729492,0,0,RUN_FAIL,Kernel execution failed
bf16,307,307,1024,s_64x64_k64_v4,52.599439122902815,13.284683227539062,0,0,RUN_FAIL,Kernel execution failed
bf16,311,3,1024,l_128x256_k32_v3,21.234040573259904,12.64810562133789,0,0,RUN_FAIL,Kernel execution failed
bf16,311,27,512,s_64x64_k64_v4,4.922901889527513,16.867876052856445,0,0,RUN_FAIL,Kernel execution failed
bf16,311,63,512,s_64x64_k64_v4,10.255117538788465,11.374235153198242,0,0,RUN_FAIL,Kernel execution failed
bf16,311,99,512,s_64x64_k64_v4,17.365085219285753,7.506608963012695,0,0,RUN_FAIL,Kernel execution failed
bf16,311,123,256,s_64x64_k64_v4,12.657661971502897,12.70604133605957,0,0,RUN_FAIL,Kernel execution failed
bf16,311,173,256,s_64x64_k64_v4,26.563218391387085,12.793302536010742,0,0,RUN_FAIL,Kernel execution failed
bf16,311,229,128,s_64x64_k128_v3,26.12518209032789,11.539459228515625,0,0,RUN_FAIL,Kernel execution failed
bf16,311,281,128,s_64x64_k128_v3,28.212619812665096,9.807586669921875,0,0,RUN_FAIL,Kernel execution failed
bf16,311,311,1024,s_64x64_k64_v4,58.854161785779716,14.246463775634766,0,0,RUN_FAIL,Kernel execution failed
bf16,313,15,1024,s_64x64_k64_v4,7.78460557488763,12.585878372192383,0,0,RUN_FAIL,Kernel execution failed
bf16,313,47,512,s_64x64_k64_v4,9.522126965389113,15.065908432006836,0,0,RUN_FAIL,Kernel execution failed
bf16,313,83,512,s_64x64_k64_v4,13.128365996039422,11.34490966796875,0,0,RUN_FAIL,Kernel execution failed
bf16,313,113,256,s_64x64_k64_mem,12.83296997473315,10.87641716003418,0,0,RUN_FAIL,Kernel execution failed
bf16,313,151,256,s_64x64_k64_v4,26.617481655466296,11.539936065673828,0,0,RUN_FAIL,Kernel execution failed
bf16,313,199,128,s_64x64_k128_v3,20.068663364868904,10.848283767700195,0,0,RUN_FAIL,Kernel execution failed
bf16,313,263,128,s_64x64_k128_v3,28.16195536283771,11.596441268920898,0,0,RUN_FAIL,Kernel execution failed
bf16,313,283,1024,s_64x64_k64_v4,56.79632633071454,11.60120964050293,0,0,RUN_FAIL,Kernel execution failed
bf16,317,7,1024,l_128x256_k32_v3,21.22845625604047,14.83297348022461,0,0,RUN_FAIL,Kernel execution failed
bf16,317,33,512,s_64x64_k64_v4,4.8119418231662925,11.749982833862305,0,0,RUN_FAIL,Kernel execution failed
bf16,317,71,512,s_64x64_k64_v4,11.425231314875685,10.11037826538086,0,0,RUN_FAIL,Kernel execution failed
bf16,317,103,256,s_64x64_k64_mem,7.90939538642024,11.581182479858398,0,0,RUN_FAIL,Kernel execution failed
bf16,317,131,256,s_64x64_k64_v4,25.403887164240757,12.712240219116211,0,0,RUN_FAIL,Kernel execution failed
bf16,317,181,256,s_64x64_k64_v4,26.010058206670184,11.100053787231445,0,0,RUN_FAIL,Kernel execution failed
bf16,317,239,128,s_64x64_k128_v3,29.235441484223866,11.603116989135742,0,0,RUN_FAIL,Kernel execution failed
bf16,317,293,128,s_64x64_k128_v3,29.112380915216242,11.433124542236328,0,0,RUN_FAIL,Kernel execution failed
bf16,317,317,1024,s_64x64_k64_v4,60.35048613062148,13.121366500854492,0,0,RUN_FAIL,Kernel execution failed
bf16,331,19,1024,s_64x64_k64_v4,6.871707127800841,12.142419815063477,0,0,RUN_FAIL,Kernel execution failed
bf16,331,59,512,s_64x64_k64_v4,8.432935593968143,12.059450149536133,0,0,RUN_FAIL,Kernel execution failed
bf16,331,91,512,s_64x64_k64_v4,17.272418722373523,15.931129455566406,0,0,RUN_FAIL,Kernel execution failed
bf16,331,119,256,s_64x64_k64_v4,13.496923253816389,10.691642761230469,0,0,RUN_FAIL,Kernel execution failed
bf16,331,163,256,s_64x64_k64_v4,20.20944612023801,12.002706527709961,0,0,RUN_FAIL,Kernel execution failed
bf16,331,223,128,s_64x64_k128_v3,20.08337529015533,12.288570404052734,0,0,RUN_FAIL,Kernel execution failed
bf16,331,271,128,r_64x128_k64_v3,20.277138925212007,11.472463607788086,0,0,RUN_FAIL,Kernel execution failed
bf16,331,299,1024,s_64x64_k64_v4,45.30963351194202,12.917041778564453,0,0,RUN_FAIL,Kernel execution failed
bf16,337,11,1024,s_64x64_k64_v4,8.899550291508737,12.869119644165039,0,0,RUN_FAIL,Kernel execution failed
bf16,337,41,512,s_64x64_k64_v4,9.311663515147977,13.089179992675781,0,0,RUN_FAIL,Kernel execution failed
bf16,337,77,512,s_64x64_k64_v4,10.269061278838349,11.60430908203125,0,0,RUN_FAIL,Kernel execution failed
bf16,337,109,256,s_64x64_k64_mem,7.667764038824739,11.810541152954102,0,0,RUN_FAIL,Kernel execution failed
bf16,337,139,256,s_64x64_k64_v4,21.652792767622323,13.045310974121094,0,0,RUN_FAIL,Kernel execution failed
bf16,337,193,128,s_64x64_k128_v3,23.484562953149513,11.217355728149414,0,0,RUN_FAIL,Kernel execution failed
bf16,337,251,128,s_64x64_k64_mem,21.177117773506957,7.458686828613281,0,0,RUN_FAIL,Kernel execution failed
bf16,337,307,128,r_64x128_k64_v3,21.43560882900092,10.945320129394531,0,0,RUN_FAIL,Kernel execution failed
bf16,337,337,1024,s_64x64_k64_v4,63.94164162864912,11.281728744506836,0,0,RUN_FAIL,Kernel execution failed
bf16,3,512,3,m_128x128_k32_v4,1.5348405293005813,12.004852294921875,0,0,RUN_FAIL,Kernel execution failed
bf16,5,5,64,s_64x64_k128_mem,3.1662399404076127,11.692047119140625,0,0,RUN_FAIL,Kernel execution failed
bf16,512,5,5,s_64x64_k128_v3,24.308318042853376,9.296655654907227,0,0,RUN_FAIL,Kernel execution failed
bf16,7,64,7,m_128x128_k32_v4,-0.8755788949141544,11.616945266723633,0,0,RUN_FAIL,Kernel execution failed
bf16,7,1024,7,m_128x128_k32_v4,1.7207750676694915,12.881040573120117,0,0,RUN_FAIL,Kernel execution failed
bf16,64,9,9,r_64x128_k64_v3,-4.446357913572119,11.389970779418945,0,0,RUN_FAIL,Kernel execution failed
bf16,1024,9,9,s_64x64_k128_v3,31.89489700512389,11.506080627441406,0,0,RUN_FAIL,Kernel execution failed
bf16,11,128,11,m_128x128_k32_v4,0.5314035001190611,11.164665222167969,0,0,RUN_FAIL,Kernel execution failed
bf16,11,11,2048,s_64x64_k64_mem,-1.0174531455524374,14.539480209350586,0,0,RUN_FAIL,Kernel execution failed
bf16,128,13,13,s_64x64_k64_mem,-1.45888646524716,13.146400451660156,0,0,RUN_FAIL,Kernel execution failed
bf16,13,2048,13,m_128x128_k16_v3,2.5342911929952896,11.919260025024414,0,0,RUN_FAIL,Kernel execution failed
bf16,15,256,15,m_128x128_k32_v4,0.8940282566618973,12.026309967041016,0,0,RUN_FAIL,Kernel execution failed
bf16,2048,15,15,r_64x128_k64_v3,36.95493983845333,11.357545852661133,0,0,RUN_FAIL,Kernel execution failed
bf16,256,17,17,m_128x128_k32_v4,2.4619030498250583,11.749505996704102,0,0,RUN_FAIL,Kernel execution failed
bf16,19,19,64,m_128x128_k32_v4,1.7902439839184412,12.474536895751953,0,0,RUN_FAIL,Kernel execution failed
bf16,19,512,19,m_128x128_k32_v4,2.491074059569417,16.20793342590332,0,0,RUN_FAIL,Kernel execution failed
bf16,23,64,23,m_128x128_k32_v4,-1.3179541356873277,14.183759689331055,0,0,RUN_FAIL,Kernel execution failed
bf16,23,1024,23,m_128x128_k32_v4,3.228966298990642,7.784605026245117,0,0,RUN_FAIL,Kernel execution failed
bf16,64,27,27,m_128x128_k32_v4,0.8463089949962885,12.976884841918945,0,0,RUN_FAIL,Kernel execution failed
bf16,1024,27,27,s_64x64_k128_v3,28.087739217176654,13.010263442993164,0,0,RUN_FAIL,Kernel execution failed
bf16,31,128,31,m_128x128_k32_v4,-0.11706941648615578,11.594295501708984,0,0,RUN_FAIL,Kernel execution failed
bf16,31,31,2048,s_64x64_k64_mem,2.506284388761957,11.449337005615234,0,0,RUN_FAIL,Kernel execution failed
bf16,128,33,33,s_64x64_k64_mem,-2.12425840547053,12.979507446289062,0,0,RUN_FAIL,Kernel execution failed
bf16,33,2048,33,s_64x64_k64_mem,8.92138905481531,11.670589447021484,0,0,RUN_FAIL,Kernel execution failed
bf16,37,256,37,m_128x128_k32_v4,-0.6188624023706091,6.636142730712891,0,0,RUN_FAIL,Kernel execution failed
bf16,2048,37,37,r_64x128_k64_v3,37.05922994037444,11.592864990234375,0,0,RUN_FAIL,Kernel execution failed
bf16,256,41,41,s_64x64_k64_mem,-0.24383584239255898,9.89675521850586,0,0,RUN_FAIL,Kernel execution failed
bf16,43,43,64,m_128x128_k32_v4,2.0336957282287527,15.701055526733398,0,0,RUN_FAIL,Kernel execution failed
bf16,43,512,43,s_64x64_k64_mem,2.0665549717572045,11.504650115966797,0,0,RUN_FAIL,Kernel execution failed
bf16,47,64,47,m_128x128_k32_v4,-1.354963950600757,12.891292572021484,0,0,RUN_FAIL,Kernel execution failed
bf16,512,47,47,s_64x64_k64_mem,6.391123843634516,16.919612884521484,0,0,RUN_FAIL,Kernel execution failed
bf16,64,51,51,m_128x128_k32_v4,-1.1198031613097983,10.765790939331055,0,0,RUN_FAIL,Kernel execution failed
bf16,51,1024,51,s_64x64_k64_mem,5.9636108668349435,11.55853271484375,0,0,RUN_FAIL,Kernel execution failed
bf16,59,128,59,s_64x64_k64_mem,-1.3891452885925106,11.692523956298828,0,0,RUN_FAIL,Kernel execution failed
bf16,1024,59,59,s_64x64_k64_mem,16.71932148355142,11.436223983764648,0,0,RUN_FAIL,Kernel execution failed
bf16,128,61,61,s_64x64_k64_mem,1.3908386560062713,12.885808944702148,0,0,RUN_FAIL,Kernel execution failed
bf16,61,2048,61,s_64x64_k64_mem,23.897560936912242,12.57944107055664,0,0,RUN_FAIL,Kernel execution failed
bf16,63,256,63,s_64x64_k64_mem,0.4967741213891083,13.983488082885742,0,0,RUN_FAIL,Kernel execution failed
bf16,2048,63,63,s_64x64_k64_mem,22.477187604943573,12.86625862121582,0,0,RUN_FAIL,Kernel execution failed
bf16,256,67,67,s_64x64_k64_mem,0.3738538530983169,11.556625366210938,0,0,RUN_FAIL,Kernel execution failed
bf16,71,71,64,m_128x128_k32_v4,-2.583408042359191,12.704849243164062,0,0,RUN_FAIL,Kernel execution failed
bf16,71,512,71,s_64x64_k64_mem,7.9600784338377935,16.757488250732422,0,0,RUN_FAIL,Kernel execution failed
bf16,73,64,73,s_64x64_k64_mem,-3.1919051431759087,11.585235595703125,0,0,RUN_FAIL,Kernel execution failed
bf16,512,73,73,s_64x64_k64_mem,15.094911251162369,11.625289916992188,0,0,RUN_FAIL,Kernel execution failed
bf16,64,77,77,m_128x128_k32_v4,0.7690307189506447,9.74416732788086,0,0,RUN_FAIL,Kernel execution failed
bf16,77,1024,77,r_128x64_k32_v3,9.723589193010651,11.670827865600586,0,0,RUN_FAIL,Kernel execution failed
bf16,79,128,79,m_128x128_k32_v3,-2.991802639644446,14.292478561401367,0,0,RUN_FAIL,Kernel execution failed
bf16,1024,79,79,s_64x64_k64_mem,23.056978038558537,6.899356842041016,0,0,RUN_FAIL,Kernel execution failed
bf16,128,83,83,m_128x128_k32_v4,0.5894662139831216,15.714645385742188,0,0,RUN_FAIL,Kernel execution failed
bf16,83,83,2048,s_64x64_k128_v3,11.545810528188271,11.423826217651367,0,0,RUN_FAIL,Kernel execution failed
bf16,89,256,89,s_64x64_k64_mem,6.3558827269854214,12.71677017211914,0,0,RUN_FAIL,Kernel execution failed
bf16,89,2048,89,s_64x64_k64_mem,17.10512461471908,13.083457946777344,0,0,RUN_FAIL,Kernel execution failed
bf16,256,91,91,s_64x64_k128_v3,9.123507747031852,14.757871627807617,0,0,RUN_FAIL,Kernel execution failed
bf16,2048,91,91,s_64x64_k64_mem,27.460411644168122,10.684967041015625,0,0,RUN_FAIL,Kernel execution failed
bf16,97,512,97,s_64x64_k64_mem,9.414096054095461,12.278318405151367,0,0,RUN_FAIL,Kernel execution failed
bf16,99,64,99,s_64x64_k64_mem,-1.7224844116402394,7.596731185913086,0,0,RUN_FAIL,Kernel execution failed
bf16,512,99,99,s_64x64_k128_v3,15.351329006144294,15.41590690612793,0,0,RUN_FAIL,Kernel execution failed
bf16,64,101,101,s_64x64_k64_v4,0.1793027826036691,11.754751205444336,0,0,RUN_FAIL,Kernel execution failed
bf16,101,1024,101,s_64x64_k64_mem,10.056209279999274,6.669282913208008,0,0,RUN_FAIL,Kernel execution failed
bf16,103,128,103,r_64x128_k64_v3,2.435199431734824,6.736993789672852,0,0,RUN_FAIL,Kernel execution failed
bf16,1024,103,103,s_64x64_k64_mem,23.637183334484007,16.57891273498535,0,0,RUN_FAIL,Kernel execution failed
bf16,128,107,107,s_64x64_k64_mem,4.167825337045887,11.620521545410156,0,0,RUN_FAIL,Kernel execution failed
bf16,107,107,2048,s_64x64_k64_v4,12.223686060564116,15.265226364135742,0,0,RUN_FAIL,Kernel execution failed
bf16,109,256,109,s_64x64_k64_v4,6.857507520837847,13.094186782836914,0,0,RUN_FAIL,Kernel execution failed
bf16,109,2048,109,r_128x64_k64_v3,23.428065083824887,12.91203498840332,0,0,RUN_FAIL,Kernel execution failed
bf16,256,111,111,s_64x64_k128_v3,9.17468391989317,12.916088104248047,0,0,RUN_FAIL,Kernel execution failed
bf16,2048,111,111,s_64x64_k64_mem,28.616102179666754,13.149261474609375,0,0,RUN_FAIL,Kernel execution failed
bf16,113,512,113,s_64x64_k64_mem,11.061229685733958,10.88571548461914,0,0,RUN_FAIL,Kernel execution failed
bf16,117,117,64,m_128x128_k32_v4,1.506005970169394,11.584758758544922,0,0,RUN_FAIL,Kernel execution failed
bf16,512,117,117,s_64x64_k128_v3,15.078146504969023,15.707731246948242,0,0,RUN_FAIL,Kernel execution failed
bf16,119,64,119,s_64x64_k64_mem,0.5762733300256205,11.261940002441406,0,0,RUN_FAIL,Kernel execution failed
bf16,119,1024,119,s_64x64_k64_mem,24.14597758620845,11.489152908325195,0,0,RUN_FAIL,Kernel execution failed
bf16,64,121,121,r_64x128_k64_v3,1.7101027448503014,11.532068252563477,0,0,RUN_FAIL,Kernel execution failed
bf16,1024,121,121,s_64x64_k64_mem,26.96166741798504,11.57069206237793,0,0,RUN_FAIL,Kernel execution failed
bf16,128,123,123,r_64x128_k64_v3,4.844024924205724,12.70604133605957,0,0,RUN_FAIL,Kernel execution failed
bf16,123,123,2048,s_64x64_k64_v4,14.952412145959956,12.911558151245117,0,0,RUN_FAIL,Kernel execution failed
bf16,127,256,127,s_64x64_k64_mem,9.028348154000021,11.569023132324219,0,0,RUN_FAIL,Kernel execution failed
bf16,127,2048,127,s_64x64_k64_mem,34.626965877939,11.73090934753418,0,0,RUN_FAIL,Kernel execution failed
bf16,256,131,131,s_64x64_k128_v3,12.676734206549057,11.516332626342773,0,0,RUN_FAIL,Kernel execution failed
bf16,2048,131,131,s_64x64_k64_mem,64.73927317364465,6.695747375488281,0,0,RUN_FAIL,Kernel execution failed
bf16,137,512,137,s_64x64_k64_mem,9.053404635960705,12.744665145874023,0,0,RUN_FAIL,Kernel execution failed
bf16,139,139,64,m_128x128_k32_v4,6.633192233209949,12.780189514160156,0,0,RUN_FAIL,Kernel execution failed
bf16,512,139,139,s_64x64_k128_v3,19.373515963512048,7.025480270385742,0,0,RUN_FAIL,Kernel execution failed
bf16,149,64,149,m_128x128_k32_v4,3.9474580815849802,11.745214462280273,0,0,RUN_FAIL,Kernel execution failed
bf16,149,1024,149,s_64x64_k64_mem,25.066714771415707,10.73908805847168,0,0,RUN_FAIL,Kernel execution failed
bf16,64,151,151,s_64x64_k64_v4,5.110520385469381,12.87078857421875,0,0,RUN_FAIL,Kernel execution failed
bf16,1024,151,151,s_64x64_k64_mem,43.17681063802914,12.930631637573242,0,0,RUN_FAIL,Kernel execution failed
bf16,157,128,157,m_128x128_k32_v4,3.7788075508223367,11.527061462402344,0,0,RUN_FAIL,Kernel execution failed
bf16,157,157,2048,s_64x64_k64_v4,17.403465755699425,7.456541061401367,0,0,RUN_FAIL,Kernel execution failed
bf16,128,163,163,s_64x64_k64_v4,9.036926542744084,12.785673141479492,0,0,RUN_FAIL,Kernel execution failed
bf16,163,2048,163,s_64x64_k64_mem,40.950801305976896,10.709047317504883,0,0,RUN_FAIL,Kernel execution failed
bf16,167,256,167,s_64x64_k64_v4,15.155560031663407,10.897636413574219,0,0,RUN_FAIL,Kernel execution failed
bf16,2048,167,167,s_64x64_k64_mem,65.2768922182526,6.630659103393555,0,0,RUN_FAIL,Kernel execution failed
bf16,173,512,173,s_64x64_k64_mem,20.934394059749433,13.05699348449707,0,0,RUN_FAIL,Kernel execution failed
bf16,179,179,64,s_64x64_k128_v3,8.062900829659267,11.568546295166016,0,0,RUN_FAIL,Kernel execution failed
bf16,512,179,179,s_64x64_k64_mem,28.20071278661027,11.457443237304688,0,0,RUN_FAIL,Kernel execution failed
bf16,181,64,181,m_128x128_k32_v4,2.952944980373766,12.764453887939453,0,0,RUN_FAIL,Kernel execution failed
bf16,181,1024,181,s_64x64_k64_mem,33.60435095124984,15.653610229492188,0,0,RUN_FAIL,Kernel execution failed
bf16,64,191,191,s_64x64_k64_v4,6.913724204768051,11.680364608764648,0,0,RUN_FAIL,Kernel execution failed
bf16,1024,191,191,s_64x64_k64_mem,47.263643846928716,11.43336296081543,0,0,RUN_FAIL,Kernel execution failed
bf16,193,128,193,s_64x64_k64_mem,5.464821495889346,11.41357421875,0,0,RUN_FAIL,Kernel execution failed
bf16,193,193,2048,s_64x64_k64_v4,24.24810906288627,13.305902481079102,0,0,RUN_FAIL,Kernel execution failed
bf16,128,197,197,s_64x64_k64_v4,11.52706754824164,11.518716812133789,0,0,RUN_FAIL,Kernel execution failed
bf16,197,2048,197,s_64x64_k64_mem,37.73352102939004,11.479854583740234,0,0,RUN_FAIL,Kernel execution failed
bf16,199,256,199,s_64x64_k64_v4,14.704942834344234,16.82877540588379,0,0,RUN_FAIL,Kernel execution failed
bf16,2048,199,199,s_64x64_k64_mem,67.03651409601558,6.65736198425293,0,0,RUN_FAIL,Kernel execution failed
bf16,256,211,211,s_64x64_k64_v4,24.31308837091986,11.206388473510742,0,0,RUN_FAIL,Kernel execution failed
bf16,223,223,64,s_64x64_k128_v3,14.23940389207524,6.675958633422852,0,0,RUN_FAIL,Kernel execution failed
bf16,223,512,223,s_64x64_k64_v4,23.12152569393309,13.489246368408203,0,0,RUN_FAIL,Kernel execution failed
bf16,227,64,227,s_64x64_k64_mem,3.14481925444854,11.236906051635742,0,0,RUN_FAIL,Kernel execution failed
bf16,512,227,227,s_64x64_k128_v3,36.354843542514544,16.71576499938965,0,0,RUN_FAIL,Kernel execution failed
bf16,64,229,229,s_64x64_k64_v4,9.26541810656955,11.532306671142578,0,0,RUN_FAIL,Kernel execution failed
bf16,1024,229,229,s_64x64_k64_mem,47.68204114392315,15.01917839050293,0,0,RUN_FAIL,Kernel execution failed
bf16,233,128,233,s_64x64_k64_v4,6.93662873534646,6.746768951416016,0,0,RUN_FAIL,Kernel execution failed
bf16,233,233,2048,s_64x64_k128_v3,28.695392157273172,12.320518493652344,0,0,RUN_FAIL,Kernel execution failed
bf16,128,239,239,s_64x64_k64_v4,12.457344228765367,10.933399200439453,0,0,RUN_FAIL,Kernel execution failed
bf16,239,2048,239,s_64x64_k128_v3,55.40431642242172,10.175466537475586,0,0,RUN_FAIL,Kernel execution failed
bf16,241,256,241,s_64x64_k64_v4,19.37014462235526,11.47770881652832,0,0,RUN_FAIL,Kernel execution failed
bf16,2048,241,241,s_64x64_k64_mem,74.3415124637657,12.632608413696289,0,0,RUN_FAIL,Kernel execution failed
bf16,256,251,251,s_64x64_k64_v4,26.054264955889398,13.596057891845703,0,0,RUN_FAIL,Kernel execution failed
bf16,257,257,64,s_64x64_k128_v3,11.425969687475192,11.246442794799805,0,0,RUN_FAIL,Kernel execution failed
bf16,257,512,257,s_64x64_k64_v4,26.17850030523459,15.89822769165039,0,0,RUN_FAIL,Kernel execution failed
bf16,263,64,263,m_128x128_k32_v4,2.8322872659441782,11.671781539916992,0,0,RUN_FAIL,Kernel execution failed
bf16,512,263,263,s_64x64_k64_mem,46.8788674500083,11.622905731201172,0,0,RUN_FAIL,Kernel execution failed
bf16,64,269,269,s_64x64_k64_v4,8.509403024031764,11.614799499511719,0,0,RUN_FAIL,Kernel execution failed
bf16,269,1024,269,s_64x64_k64_mem,38.672918802057985,11.27934455871582,0,0,RUN_FAIL,Kernel execution failed
bf16,271,128,271,s_64x64_k64_v4,9.313923624367288,9.412765502929688,0,0,RUN_FAIL,Kernel execution failed
bf16,1024,271,271,s_64x64_k64_mem,57.95112976991913,12.97616958618164,0,0,RUN_FAIL,Kernel execution failed
bf16,128,277,277,s_64x64_k64_v4,17.44838428849889,11.405467987060547,0,0,RUN_FAIL,Kernel execution failed
bf16,277,277,2048,s_64x64_k128_v3,50.479024649876564,11.441230773925781,0,0,RUN_FAIL,Kernel execution failed
bf16,281,256,281,s_64x64_k64_v4,20.726307315206853,11.459827423095703,0,0,RUN_FAIL,Kernel execution failed
bf16,2048,281,281,s_64x64_k64_mem,127.32666326530659,11.742591857910156,0,0,RUN_FAIL,Kernel execution failed
bf16,256,283,283,s_64x64_k64_v4,31.73069813894494,11.478185653686523,0,0,RUN_FAIL,Kernel execution failed
bf16,293,293,64,s_64x64_k128_v3,14.278432780310505,10.167360305786133,0,0,RUN_FAIL,Kernel execution failed
bf16,293,512,293,s_64x64_k64_v4,32.33466879325014,11.544466018676758,0,0,RUN_FAIL,Kernel execution failed
bf16,299,64,299,s_64x64_k64_mem,3.1371182365941475,12.93635368347168,0,0,RUN_FAIL,Kernel execution failed
bf16,512,299,299,s_64x64_k64_mem,47.6042179795237,11.682510375976562,0,0,RUN_FAIL,Kernel execution failed
bf16,64,307,307,s_64x64_k64_v4,9.531352764094418,15.681743621826172,0,0,RUN_FAIL,Kernel execution failed
bf16,307,1024,307,s_64x64_k64_v4,94.96417070719046,11.581659317016602,0,0,RUN_FAIL,Kernel execution failed
bf16,311,128,311,s_64x64_k64_v4,13.921083608232784,12.979269027709961,0,0,RUN_FAIL,Kernel execution failed
bf16,1024,311,311,s_64x64_k64_mem,105.64412658554946,11.712789535522461,0,0,RUN_FAIL,Kernel execution failed
bf16,128,313,313,s_64x64_k64_v4,18.104570831630074,12.923717498779297,0,0,RUN_FAIL,Kernel execution failed
bf16,313,313,2048,s_64x64_k128_v3,63.58405560447348,15.65694808959961,0,0,RUN_FAIL,Kernel execution failed
bf16,317,256,317,s_64x64_k64_v4,32.03383209867116,6.64830207824707,0,0,RUN_FAIL,Kernel execution failed
bf16,317,2048,317,s_64x64_k64_mem,128.25882741704694,15.882492065429688,0,0,RUN_FAIL,Kernel execution failed
bf16,256,331,331,s_64x64_k64_v4,34.08574382243115,12.729167938232422,0,0,RUN_FAIL,Kernel execution failed
bf16,2048,331,331,s_64x64_k64_mem,124.53553965927502,12.003898620605469,0,0,RUN_FAIL,Kernel execution failed
bf16,337,512,337,s_64x64_k64_v4,66.02691997719492,12.766361236572266,0,0,RUN_FAIL,Kernel execution failed
bf16,347,347,64,s_64x64_k128_v3,16.405044650361656,12.008905410766602,0,0,RUN_FAIL,Kernel execution failed
bf16,256,347,347,s_64x64_k64_v4,34.314354451111036,11.615514755249023,0,0,RUN_FAIL,Kernel execution failed
bf16,347,2048,347,s_64x64_k128_mem,105.39731241807323,12.707710266113281,0,0,RUN_FAIL,Kernel execution failed
bf16,128,349,349,s_64x64_k64_v4,23.87440133618222,11.382579803466797,0,0,RUN_FAIL,Kernel execution failed
bf16,349,1024,349,s_64x64_k128_mem,86.16695902132454,11.58905029296875,0,0,RUN_FAIL,Kernel execution failed
bf16,64,353,353,s_64x64_k64_v4,12.226028550507856,10.767459869384766,0,0,RUN_FAIL,Kernel execution failed
bf16,353,512,353,s_64x64_k64_v4,70.4189482687063,13.495683670043945,0,0,RUN_FAIL,Kernel execution failed
bf16,2048,353,353,s_64x64_k64_mem,126.17056685433725,13.680696487426758,0,0,RUN_FAIL,Kernel execution failed
bf16,359,256,359,s_64x64_k64_v4,25.479543021549784,12.882709503173828,0,0,RUN_FAIL,Kernel execution failed
bf16,1024,359,359,s_64x64_k64_mem,111.3262204268957,12.948274612426758,0,0,RUN_FAIL,Kernel execution failed
bf16,367,128,367,s_64x64_k64_v4,18.90452452789733,11.581182479858398,0,0,RUN_FAIL,Kernel execution failed
bf16,512,367,367,s_64x64_k64_mem,85.07252730636378,11.130094528198242,0,0,RUN_FAIL,Kernel execution failed
bf16,373,64,373,r_64x128_k64_v3,7.607761333130797,11.731863021850586,0,0,RUN_FAIL,Kernel execution failed
bf16,256,373,373,s_64x64_k64_v4,37.154962379938475,11.40451431274414,0,0,RUN_FAIL,Kernel execution failed
bf16,373,2048,373,s_64x64_k64_v4,127.41211174585601,13.893842697143555,0,0,RUN_FAIL,Kernel execution failed
bf16,128,379,379,s_64x64_k64_v4,26.44301891199636,11.516571044921875,0,0,RUN_FAIL,Kernel execution failed
bf16,379,1024,379,s_64x64_k64_mem,118.9735116295512,11.500120162963867,0,0,RUN_FAIL,Kernel execution failed
bf16,64,383,383,s_64x64_k64_v4,13.247866551337815,12.297630310058594,0,0,RUN_FAIL,Kernel execution failed
bf16,383,512,383,s_64x64_k64_mem,85.36410832752658,12.765645980834961,0,0,RUN_FAIL,Kernel execution failed
bf16,2048,383,383,s_64x64_k64_mem,147.86186274236002,11.71565055847168,0,0,RUN_FAIL,Kernel execution failed
bf16,389,256,389,s_64x64_k64_v4,20.799667816250516,13.003110885620117,0,0,RUN_FAIL,Kernel execution failed
bf16,389,389,2048,s_64x64_k64_v4,78.57921661096292,11.26861572265625,0,0,RUN_FAIL,Kernel execution failed
bf16,397,128,397,s_64x64_k64_v4,16.19962647463548,11.109590530395508,0,0,RUN_FAIL,Kernel execution failed
bf16,397,397,1024,s_64x64_k64_v4,72.57086605561477,11.62266731262207,0,0,RUN_FAIL,Kernel execution failed
bf16,401,64,401,s_64x64_k128_mem,5.629878800582713,10.856866836547852,0,0,RUN_FAIL,Kernel execution failed
bf16,401,401,512,s_64x64_k64_v4,71.6172745915269,14.696359634399414,0,0,RUN_FAIL,Kernel execution failed
bf16,401,2048,401,s_64x64_k64_v4,106.07259708762818,11.599540710449219,0,0,RUN_FAIL,Kernel execution failed
bf16,409,409,256,s_64x64_k64_v4,33.82455649331684,12.77470588684082,0,0,RUN_FAIL,Kernel execution failed
bf16,409,1024,409,s_64x64_k128_v3,89.63746850114326,12.905359268188477,0,0,RUN_FAIL,Kernel execution failed
bf16,419,419,128,s_64x64_k64_mem,35.22484990566851,13.441085815429688,0,0,RUN_FAIL,Kernel execution failed
bf16,419,512,419,s_64x64_k64_v4,70.9837462072223,11.559724807739258,0,0,RUN_FAIL,Kernel execution failed
bf16,421,421,64,s_64x64_k128_v3,17.763270552209132,10.164499282836914,0,0,RUN_FAIL,Kernel execution failed
bf16,421,256,421,s_64x64_k128_v3,24.317589478248564,12.748479843139648,0,0,RUN_FAIL,Kernel execution failed
bf16,421,421,2048,s_64x64_k128_v3,88.49836010581654,11.81483268737793,0,0,RUN_FAIL,Kernel execution failed
bf16,431,128,431,s_64x64_k64_v4,19.75894711631185,12.685298919677734,0,0,RUN_FAIL,Kernel execution failed
bf16,431,431,1024,s_64x64_k64_v4,78.03735554525574,15.034675598144531,0,0,RUN_FAIL,Kernel execution failed
bf16,433,64,433,r_64x128_k64_v3,8.254047788659543,13.0157470703125,0,0,RUN_FAIL,Kernel execution failed
bf16,433,433,512,s_64x64_k64_v4,79.15415766522321,11.512041091918945,0,0,RUN_FAIL,Kernel execution failed
bf16,433,2048,433,s_64x64_k64_v4,131.89740438859738,15.293359756469727,0,0,RUN_FAIL,Kernel execution failed
bf16,439,439,256,s_64x64_k64_mem,45.43964075588368,13.074636459350586,0,0,RUN_FAIL,Kernel execution failed
bf16,1024,439,439,s_64x64_k64_mem,122.33015981695965,11.615514755249023,0,0,RUN_FAIL,Kernel execution failed
bf16,443,443,128,s_64x64_k64_mem,46.94547058542296,12.986421585083008,0,0,RUN_FAIL,Kernel execution failed
bf16,512,443,443,s_64x64_k64_mem,89.12940140122079,11.519432067871094,0,0,RUN_FAIL,Kernel execution failed
bf16,449,449,64,s_64x64_k128_v3,17.77886453270609,11.759519577026367,0,0,RUN_FAIL,Kernel execution failed
bf16,256,449,449,s_64x64_k64_v4,35.19883301925958,10.964155197143555,0,0,RUN_FAIL,Kernel execution failed
bf16,449,449,2048,s_64x64_k64_v4,86.03039708728942,12.996673583984375,0,0,RUN_FAIL,Kernel execution failed
bf16,128,457,457,s_64x64_k64_v4,29.182517044104998,12.911558151245117,0,0,RUN_FAIL,Kernel execution failed
bf16,457,457,1024,s_64x64_k64_v4,76.60421691123761,12.968063354492188,0,0,RUN_FAIL,Kernel execution failed
bf16,101,202,101,s_64x64_k64_mem,5.462134667067523,13.29803466796875,0,0,RUN_FAIL,Kernel execution failed
bf16,201,402,201,s_64x64_k64_v4,16.086404175155657,11.368989944458008,0,0,RUN_FAIL,Kernel execution failed
bf16,598,299,299,s_64x64_k64_v4,38.22371247234094,14.61172103881836,0,0,RUN_FAIL,Kernel execution failed
bf16,501,1002,501,s_64x64_k128_v3,101.96001328422767,12.974023818969727,0,0,RUN_FAIL,Kernel execution failed
bf16,777,777,777,s_64x64_k128_mem,163.15680408752513,6.663799285888672,0,0,RUN_FAIL,Kernel execution failed
bf16,1023,2046,1023,s_64x64_k64_mem,435.7302953362147,12.976408004760742,0,0,RUN_FAIL,Kernel execution failed
bf16,1333,1333,1333,s_64x64_k64_mem,412.13396767533635,12.485980987548828,0,0,RUN_FAIL,Kernel execution failed
bf16,1777,3554,1777,m_128x128_k32_v3,565.3231980219916,11.568546295166016,0,0,RUN_FAIL,Kernel execution failed
bf16,2047,2047,2047,m_128x128_k64_v3,590.8436124408626,14.280319213867188,0,0,RUN_FAIL,Kernel execution failed
bf16,2222,4444,2222,m_128x128_k64_v3,733.7607352160818,13.62466812133789,0,0,RUN_FAIL,Kernel execution failed
bf16,3001,3001,3001,m_128x128_k64_v3,763.4359521305871,13.051509857177734,0,0,RUN_FAIL,Kernel execution failed
bf16,7158,3579,3579,m_128x128_k64_v3,1117.993287867164,13.080358505249023,0,0,RUN_FAIL,Kernel execution failed
bf16,8,768,768,s_64x64_k128_v3,7.811574527611397,12.475252151489258,0.00953999999910593,0.989222641602142,SUCCESS,
bf16,8,1024,1024,s_64x64_k128_v3,8.26303234548712,11.557817459106445,0.01170009933412075,1.4339379111998616,SUCCESS,
bf16,4,2048,2048,s_64x64_k128_mem,3.9380663065006325,12.880325317382812,0.020476099103689194,1.6387121311575636,SUCCESS,
bf16,4,3072,3072,s_64x64_k64_mem,3.8638589694101664,13.209819793701172,0.029284199699759483,2.57809579138405,SUCCESS,
bf16,1,4096,3072,s_64x64_k64_mem,2.7397145966799163,16.437530517578125,0.029620200395584106,0.8496169392477106,SUCCESS,
bf16,8,4096,4096,s_64x64_k128_mem,9.234909848102815,13.394832611083984,0.039548300206661224,6.78753459939567,SUCCESS,
bf16,32,4096,3072,s_64x64_k128_v3,49.75616704809641,12.171506881713867,0.029384199529886246,27.406101948801922,SUCCESS,
bf16,1,5120,5120,s_64x64_k64_mem,3.7081609418102213,11.43193244934082,0.04991639778017998,1.0503322020728347,SUCCESS,
bf16,4,5120,3840,s_64x64_k64_mem,6.192864041561648,11.945724487304688,0.03820829838514328,4.116550766394727,SUCCESS,
bf16,32,5120,5120,s_64x64_k128_mem,79.09771336642322,11.713266372680664,0.050000399351119995,33.5541640021405,SUCCESS,
bf16,128,5120,3840,s_64x64_k128_mem,204.7974998789654,11.117696762084961,0.03914029896259308,128.5929063753515,SUCCESS,
bf16,4,8192,8192,s_64x64_k64_mem,17.070592956381947,11.637687683105469,0.07628870010375977,7.037358236145135,SUCCESS,
bf16,16,8192,6144,s_64x64_k128_mem,62.65419875902669,11.145591735839844,0.05990849807858467,26.884545392663437,SUCCESS,
bf16,128,8192,8192,s_64x64_k128_mem,454.4160901573789,13.120651245117188,0.08016470074653625,214.30715793874285,SUCCESS,
bf16,2,11008,8256,s_64x64_k128_mem,9.064045816796845,12.361288070678711,0.0812327042222023,4.475145761559436,SUCCESS,
bf16,16,11008,11008,s_64x64_k64_mem,89.14631334410238,12.284278869628906,0.10611690580844879,36.541152594474454,SUCCESS,
bf16,64,11008,8256,s_64x64_k64_mem,252.39304060677716,16.50857925415039,0.08233270049095154,141.29139545566673,SUCCESS,
bf16,2,12288,12288,s_64x64_k64_mem,17.19927488051975,12.41755485534668,0.16065740585327148,3.7594269171233545,SUCCESS,
bf16,8,9216,12288,s_64x64_k128_mem,45.141886167599736,11.562585830688477,0.11610899865627289,15.605503009840215,SUCCESS,
bf16,64,12288,12288,s_64x64_k128_mem,392.9585747982599,11.704444885253906,0.1630454957485199,118.53963056919007,SUCCESS,
bf16,1,12288,16384,s_64x64_k128_mem,8.59683600929439,11.723756790161133,0.2115778923034668,1.9030966780899459,SUCCESS,
bf16,8,16384,16384,s_64x64_k64_mem,111.1049107506657,13.977527618408203,0.21840199828147888,19.665421240627104,SUCCESS,
bf16,32,12288,16384,s_64x64_k64_mem,211.06762641744734,17.69280433654785,0.21599800884723663,59.6528734536288,SUCCESS,
bf16,128,512,64,s_64x64_k64_mem,16.790103200600214,12.909889221191406,0.00418000016361475,2.006843940586299,SUCCESS,
bf16,128,640,80,s_64x64_k128_v3,17.798034700245978,12.609720230102539,0.00418000016361475,3.1356936571660925,SUCCESS,
bf16,128,80,2560,s_64x64_k64_v4,15.145282051090852,11.554718017578125,0.025136198848485947,2.0857887191307762,SUCCESS,
bf16,128,96,3072,s_64x64_k64_v4,14.081518551945232,15.685796737670898,0.029712200164794922,2.540958649351543,SUCCESS,
bf16,128,4096,128,s_64x64_k64_mem,72.29585396621188,12.482166290283203,0.004155999980866909,32.294929888811794,SUCCESS,
bf16,128,8192,256,s_64x64_k128_v3,136.37208981490457,10.820150375366211,0.005827999673783779,92.11924194419886,SUCCESS,
bf16,256,64,1024,s_64x64_k64_v4,10.689845016258122,14.860391616821289,0.011628100648522377,2.8856330895505176,SUCCESS,
bf16,256,80,1280,s_64x64_k64_v4,17.034949573140924,7.494688034057617,0.014400100335478783,3.6408635202927435,SUCCESS,
bf16,256,1536,96,s_64x64_k128_mem,73.55938301086971,11.361122131347656,0.004172000102698803,18.096229660004525,SUCCESS,
bf16,256,2048,128,s_64x64_k64_mem,77.09767674414395,10.883092880249023,0.0041680000722408295,32.20194953783697,SUCCESS,
bf16,256,256,3072,s_64x64_k128_v3,41.80605087207994,11.474847793579102,0.029620200395584106,13.59387102796337,SUCCESS,
bf16,512,64,768,s_64x64_k64_v4,18.554178994652244,11.091232299804688,0.00955200009047985,5.269226080741333,SUCCESS,
bf16,512,960,80,s_64x64_k128_v3,75.12109537582208,6.6928863525390625,0.004172000102698803,18.85023922917138,SUCCESS,
bf16,512,1152,96,s_64x64_k128_v3,86.47785314585482,15.515565872192383,0.004252000246196985,26.633631571702775,SUCCESS,
bf16,512,1536,128,s_64x64_k64_mem,99.20734136019516,10.848760604858398,0.004288000054657459,46.95116358063636,SUCCESS,
bf16,512,256,2048,s_64x64_k128_v3,74.38882633594025,15.407800674438477,0.020840199664235115,25.761313262336465,SUCCESS,
bf16,1024,64,512,s_64x64_k64_mem,24.518129258880947,6.625652313232422,0.007475999649614096,8.9765739894683,SUCCESS,
bf16,1024,640,80,s_64x64_k128_v3,90.61627390624956,11.3677978515625,0.004263999871909618,24.591370344727487,SUCCESS,
bf16,1024,768,96,s_64x64_k64_mem,87.55740003168846,14.831066131591797,0.004352000076323748,34.6955288032875,SUCCESS,
bf16,1024,96,3072,s_64x64_k128_mem,44.550440780187316,11.657476425170898,0.029516199603676796,20.462653868378194,SUCCESS,
bf16,1024,128,4096,s_64x64_k128_v3,57.72492867188892,11.456012725830078,0.03835630044341087,27.99388396657674,SUCCESS,
bf16,1024,8192,256,s_64x64_k64_mem,277.74924696445305,12.59756088256836,0.017232101410627365,249.24222494136507,SUCCESS,
bf16,2048,2048,64,r_64x128_k32_v3,104.1280629430702,11.181354522705078,0.006344000343233347,84.62655784258249,SUCCESS,
bf16,2048,80,1280,s_64x64_k64_mem,47.46310069566829,12.74561882019043,0.014200100675225258,29.537142700106,SUCCESS,
bf16,2048,96,1536,s_64x64_k64_mem,59.12106181854736,13.450860977172852,0.01644809916615486,36.720338921764586,SUCCESS,
bf16,2048,2048,128,s_64x64_k64_mem,150.60002525041898,11.914968490600586,0.007435999810695648,144.39777452059266,SUCCESS,
bf16,2048,4096,256,s_64x64_k64_mem,256.2850422212106,12.625932693481445,0.01735610142350197,247.46152325338264,SUCCESS,
bf16,4096,64,768,s_64x64_k64_mem,52.31565600021413,16.534805297851562,0.009464000351727009,42.54577018549276,SUCCESS,
bf16,4096,80,960,s_64x64_k64_mem,108.71892197674737,12.652397155761719,0.011868099682033062,53.01148598814468,SUCCESS,
bf16,4096,1152,96,s_64x64_k64_mem,131.4415408296437,11.634349822998047,0.008608000352978706,105.24740088869754,SUCCESS,
bf16,4096,1536,128,r_64x128_k32_v3,161.12797339158067,8.819103240966797,0.010064099915325642,160.03544773510785,SUCCESS,
bf16,4096,256,2048,s_64x64_k64_mem,252.61842439086973,11.502742767333984,0.022372199222445488,191.977876349812,SUCCESS,
bf16,8192,64,512,s_64x64_k64_mem,86.37523052821143,13.04483413696289,0.007416000124067068,72.39359533688497,SUCCESS,
bf16,8192,80,640,s_64x64_k64_mem,147.20308735784258,11.337995529174805,0.00902399979531765,92.9588673567198,SUCCESS,
bf16,8192,768,96,r_64x128_k32_v3,152.51410466789565,12.93802261352539,0.010112100280821323,119.45684066158087,SUCCESS,
bf16,8192,1024,128,m_128x128_k32_v3,191.70084088120976,13.637781143188477,0.012132099829614162,177.0084056478042,SUCCESS,
bf16,8192,128,4096,s_64x64_k64_mem,320.3019142308343,13.69333267211914,0.04170829802751541,205.95265206777626,SUCCESS,
bf16,8192,256,8192,s_64x64_k64_mem,557.4027943073531,11.430501937866211,0.10632499307394028,323.15768263540474,SUCCESS,
bf16,64,256,2048,s_64x64_k128_v3,17.05459221067898,14.365196228027344,0.020556200295686722,3.2646531476968224,SUCCESS,
bf16,64,1024,2048,s_64x64_k64_v4,36.818925430892975,12.669563293457031,0.020916199311614037,12.833854372909284,SUCCESS,
bf16,128,256,128,s_64x64_k64_mem,9.028348154000021,12.073040008544922,0.0042119999416172504,1.9915973685363082,SUCCESS,
bf16,128,1024,8192,s_64x64_k128_mem,56.724005181257674,12.526512145996094,0.07381659746170044,29.092151654839093,SUCCESS,
bf16,256,128,8192,s_64x64_k64_v4,28.257030570996438,11.391162872314453,0.07311660051345825,7.342667851484432,SUCCESS,
bf16,256,2048,512,s_64x64_k64_mem,133.67043207881517,12.6495361328125,0.007875999435782433,68.16543301931624,SUCCESS,
bf16,512,128,8192,s_64x64_k128_v3,42.2952987224699,12.647867202758789,0.07376860082149506,14.555540054205933,SUCCESS,
bf16,512,2048,8192,s_64x64_k128_mem,480.7733049695795,11.50655746459961,0.07954069972038269,215.98840900814423,SUCCESS,
bf16,1024,256,512,s_64x64_k64_mem,89.83529554085044,12.696027755737305,0.008020000532269478,33.47075289084038,SUCCESS,
bf16,2048,64,128,s_64x64_k64_mem,28.085340595988143,12.464523315429688,0.003924000076949596,8.55107832364882,SUCCESS,
bf16,2048,512,128,s_64x64_k64_mem,108.17833720732172,11.624336242675781,0.0044280001893639565,60.62227744361465,SUCCESS,
bf16,128,128,16384,r_64x128_k64_v3,18.15976975530214,11.566162109375,0.14708130061626434,3.650164295192753,SUCCESS,
bf16,1024,1024,16384,s_64x64_k64_mem,504.07333384533825,6.725788116455078,0.15589340031147003,220.40534300586387,SUCCESS,
bf16,4096,4096,32,m_128x128_k16_v3,131.1585702874266,12.198448181152344,0.015740100294351578,68.21696202185689,SUCCESS,
bf16,1,2,32,s_64x64_k128_mem,3.1285726587808003,11.41977310180664,0,0,RUN_FAIL,Kernel execution failed
bf16,1,4,128,m_128x128_k128_iw_v3,2.4522247489024926,11.463642120361328,0,0,UNSUPPORTED,Problem size not supported by kernel
bf16,1,16,32,m_128x128_k32_v4,5.091178277879512,12.186527252197266,0.00342000019736588,0.0002994151873993152,SUCCESS,
bf16,1,32,128,m_128x128_k128_iw_v3,4.1848947811381,12.577056884765625,0,0,UNSUPPORTED,Problem size not supported by kernel
bf16,1,128,32,s_64x64_k128_v3,5.462092564599287,12.775421142578125,0.0034279997926205397,0.0023897317665056254,SUCCESS,
bf16,1,256,128,s_64x64_k64_mem,4.668856200950697,11.470317840576172,0.003768000053241849,0.017392781070588156,SUCCESS,
bf16,2,2,32,s_64x64_k128_mem,3.1971730453610667,6.749153137207031,0,0,RUN_FAIL,Kernel execution failed
bf16,2,4,128,s_64x64_k64_mem,1.8979137611470023,13.31639289855957,0,0,RUN_FAIL,Kernel execution failed
bf16,2,16,32,m_128x128_k32_v4,4.474734233114375,12.868881225585938,0.0033039997797459364,0.0006198547628709233,SUCCESS,
bf16,2,32,128,m_128x128_k128_iw_v3,3.5314339347921533,15.874147415161133,0,0,UNSUPPORTED,Problem size not supported by kernel
bf16,2,128,32,m_128x128_k32_v4,5.760920505203871,12.470722198486328,0.0034000002779066563,0.004818823135534405,SUCCESS,
bf16,2,256,128,s_64x64_k64_mem,4.984048859476498,13.05246353149414,0.0038800002075731754,0.03378144149172137,SUCCESS,
bf16,4,2,32,m_128x128_k32_v4,4.233826614726805,12.908220291137695,0,0,RUN_FAIL,Kernel execution failed
bf16,4,4,128,s_64x64_k128_mem,3.1971730453610667,11.63935661315918,0,0,RUN_FAIL,Kernel execution failed
bf16,4,16,32,m_128x128_k32_v4,4.0631228116849485,10.40339469909668,0.0035080001689493656,0.0011676168194788708,SUCCESS,
bf16,4,32,128,m_128x128_k32_v4,4.243794209618572,16.081809997558594,0.003759999992325902,0.00871489363480823,SUCCESS,
bf16,4,128,32,m_128x128_k32_v4,5.767742871914739,15.734434127807617,0.003396000014618039,0.009648998780609704,SUCCESS,
bf16,4,256,128,s_64x64_k128_mem,6.9793386101714034,15.943050384521484,0.0037400000728666782,0.07009197724401883,SUCCESS,
bf16,8,2,32,m_128x128_k32_v4,0.7132039354924677,11.712789535522461,0,0,RUN_FAIL,Kernel execution failed
bf16,8,4,256,m_128x128_k32_v4,4.598264605919371,12.512445449829102,0,0,RUN_FAIL,Kernel execution failed
bf16,8,16,32,m_128x128_k32_v4,1.6942065998346052,16.436100006103516,0.003396000014618039,0.002412249695152426,SUCCESS,
bf16,8,32,256,m_128x128_k32_v4,4.354664800379142,10.674238204956055,0.004935999866575003,0.026554295693477885,SUCCESS,
bf16,8,128,32,m_128x128_k32_v4,3.657790061994579,11.51728630065918,0.003488000016659498,0.018788990735947492,SUCCESS,
bf16,8,256,256,s_64x64_k64_v4,7.564519509725748,12.799978256225586,0.004900000058114529,0.21399509950281137,SUCCESS,
bf16,16,2,32,m_128x128_k32_v4,0.43848426933966655,14.78266716003418,0,0,RUN_FAIL,Kernel execution failed
bf16,16,4,256,s_64x64_k128_mem,3.533344454430648,11.778593063354492,0,0,RUN_FAIL,Kernel execution failed
bf16,16,16,32,m_128x128_k32_v4,1.8501609537795272,7.306098937988281,0.0033279999624937773,0.004923076978559502,SUCCESS,
bf16,16,32,256,s_64x64_k64_v4,4.6676819144870665,19.076824188232422,0.00495600001886487,0.05289426937089517,SUCCESS,
bf16,16,128,32,m_128x128_k32_v4,3.2800290006922665,11.092185974121094,0.0034719998948276043,0.037751153217275124,SUCCESS,
bf16,16,256,256,s_64x64_k64_v4,8.097228315994856,12.266159057617188,0.005144000053405762,0.40768895377664477,SUCCESS,
bf16,32,2,32,m_128x128_k128_iw_v3,-2.529015118114042,15.532970428466797,0,0,UNSUPPORTED,Problem size not supported by kernel
bf16,32,4,256,m_128x128_k32_v4,2.0128446783531757,8.437871932983398,0,0,RUN_FAIL,Kernel execution failed
bf16,32,16,32,m_128x128_k32_v4,-1.0673632062307685,11.449575424194336,0.0033279999624937773,0.009846153957119004,SUCCESS,
bf16,32,32,256,m_128x128_k32_v4,3.3024004910743985,11.53111457824707,0.0048039997927844524,0.10913572494059512,SUCCESS,
bf16,32,128,32,m_128x128_k32_v4,-0.11706941648615578,11.751651763916016,0.003396000014618039,0.07719199024487763,SUCCESS,
bf16,32,256,256,m_128x128_k32_v4,5.678843626953324,11.738061904907227,0.005080000031739473,0.8256503885421833,SUCCESS,
fp8,64,64,64,s_64x64_k64_mem,3.8955682672936454,11.363029479980469,0,0,UNSUPPORTED,Problem size not supported by kernel
fp8,256,256,512,s_64x64_k128_mem,34.29266796284671,12.43901252746582,0.009696099907159805,6.921222413399989,SUCCESS,
fp8,1024,1024,2048,s_64x64_k128_mem,512.8088136915361,13.232946395874023,0.024908199906349182,172.43186228424315,SUCCESS,
fp8,4096,4096,2048,l_256x256_k64_v3,1036.9776307739746,10.708332061767578,0.960828959941864,71.52102986171226,SUCCESS,
fp8,5,5,5,m_128x128_k64_mem,-0.6068690979736451,12.75181770324707,0,0,RUN_FAIL,Kernel execution failed
fp8,19,19,19,m_128x128_k64_mem,-0.34158603510329044,11.615514755249023,0,0,RUN_FAIL,Kernel execution failed
fp8,47,47,47,m_128x128_k64_mem,0.2561187069788173,13.078927993774414,0,0,RUN_FAIL,Kernel execution failed
fp8,73,73,73,s_64x64_k128_mem,2.058680255423305,13.063430786132812,0,0,UNSUPPORTED,Problem size not supported by kernel
fp8,101,101,101,m_128x128_k64_mem,6.610647689278947,14.387845993041992,0,0,RUN_FAIL,Kernel execution failed
fp8,119,119,119,m_128x128_k64_mem,8.756578826009447,11.449098587036133,0,0,RUN_FAIL,Kernel execution failed
fp8,151,151,151,s_64x64_k128_mem,7.434765437594535,11.490345001220703,0,0,UNSUPPORTED,Problem size not supported by kernel
fp8,191,191,191,s_64x64_k64_mem,14.05740601865185,6.641387939453125,0,0,UNSUPPORTED,Problem size not supported by kernel
fp8,233,233,233,s_64x64_k64_mem,23.247182501389076,8.520126342773438,0,0,UNSUPPORTED,Problem size not supported by kernel
fp8,271,271,271,s_64x64_k64_mem,40.34497840730226,12.490034103393555,0,0,UNSUPPORTED,Problem size not supported by kernel
fp8,313,313,313,s_64x64_k64_mem,53.057918604915805,13.968467712402344,0,0,UNSUPPORTED,Problem size not supported by kernel
fp8,359,359,359,s_64x64_k128_mem,77.0620131732664,14.489173889160156,0,0,UNSUPPORTED,Problem size not supported by kernel
fp8,409,409,409,s_64x64_k128_mem,88.41137198963374,14.739274978637695,0,0,UNSUPPORTED,Problem size not supported by kernel
fp8,449,449,449,s_64x64_k128_mem,97.04765426178793,15.23447036743164,0,0,UNSUPPORTED,Problem size not supported by kernel
fp8,499,499,499,s_64x64_k128_mem,109.45443305488506,14.528512954711914,0,0,UNSUPPORTED,Problem size not supported by kernel
fp8,557,557,557,s_64x64_k128_mem,124.55700102044544,10.801076889038086,0,0,UNSUPPORTED,Problem size not supported by kernel
fp8,599,599,599,s_64x64_k128_mem,150.54419877713664,15.361309051513672,0,0,UNSUPPORTED,Problem size not supported by kernel
fp8,643,643,643,s_64x64_k128_mem,166.69676469424408,13.979911804199219,0,0,UNSUPPORTED,Problem size not supported by kernel
fp8,683,683,683,s_64x64_k128_mem,189.30840243790595,13.185977935791016,0,0,UNSUPPORTED,Problem size not supported by kernel
fp8,743,743,743,s_64x64_k128_mem,198.1280344023124,14.937639236450195,0,0,UNSUPPORTED,Problem size not supported by kernel
fp8,3,3,256,s_64x64_k128_mem,2.333758385523693,14.577627182006836,0,0,UNSUPPORTED,Problem size not supported by kernel
fp8,3,27,256,s_64x64_k128_mem,2.8412416886691845,14.329195022583008,0,0,UNSUPPORTED,Problem size not supported by kernel
fp8,3,63,128,s_64x64_k128_mem,4.986185117903144,12.035131454467773,0,0,UNSUPPORTED,Problem size not supported by kernel
fp8,3,99,128,s_64x64_k128_mem,4.9360218453131,6.6776275634765625,0,0,UNSUPPORTED,Problem size not supported by kernel
fp8,3,111,1024,s_64x64_k128_mem,2.36461707721026,8.687019348144531,0,0,UNSUPPORTED,Problem size not supported by kernel
fp8,3,149,1024,s_64x64_k128_mem,2.393670744747196,10.223865509033203,0,0,UNSUPPORTED,Problem size not supported by kernel
fp8,3,197,512,s_64x64_k128_mem,5.911419262432029,10.127544403076172,0,0,UNSUPPORTED,Problem size not supported by kernel
fp8,3,257,512,s_64x64_k128_v3,5.905356493935623,10.710000991821289,0,0,UNSUPPORTED,Problem size not supported by kernel
fp8,3,311,256,s_64x64_k64_mem,6.37488708671236,13.213634490966797,0,0,UNSUPPORTED,Problem size not supported by kernel
fp8,5,15,256,s_64x64_k128_mem,2.8213989556970187,8.766651153564453,0,0,UNSUPPORTED,Problem size not supported by kernel
fp8,5,47,128,s_64x64_k128_mem,3.2802615111284235,8.460521697998047,0,0,UNSUPPORTED,Problem size not supported by kernel
fp8,5,83,128,s_64x64_k128_mem,4.3009910270183624,10.20503044128418,0,0,UNSUPPORTED,Problem size not supported by kernel
fp8,5,101,1024,s_64x64_k128_mem,1.8708084426096767,10.45536994934082,0,0,UNSUPPORTED,Problem size not supported by kernel
fp8,5,127,1024,s_64x64_k128_mem,2.3090957763289177,15.574932098388672,0,0,UNSUPPORTED,Problem size not supported by kernel
fp8,5,179,1024,s_64x64_k128_mem,2.416012827655919,12.502431869506836,0,0,UNSUPPORTED,Problem size not supported by kernel
fp8,5,233,512,s_64x64_k128_mem,6.355661560186374,14.274120330810547,0,0,UNSUPPORTED,Problem size not supported by kernel
fp8,5,283,512,s_64x64_k128_mem,6.261101105954716,14.053106307983398,0,0,UNSUPPORTED,Problem size not supported by kernel
fp8,7,7,256,s_64x64_k128_mem,2.3184420751792056,10.201454162597656,0,0,UNSUPPORTED,Problem size not supported by kernel
fp8,7,33,256,s_64x64_k128_mem,2.772840043717877,10.24484634399414,0,0,UNSUPPORTED,Problem size not supported by kernel
fp8,7,71,128,s_64x64_k128_mem,3.0425816906859717,14.36924934387207,0,0,UNSUPPORTED,Problem size not supported by kernel
fp8,7,103,128,s_64x64_k128_mem,4.252432115039221,14.203310012817383,0,0,UNSUPPORTED,Problem size not supported by kernel
fp8,7,117,1024,s_64x64_k128_mem,4.650780501385976,13.857364654541016,0,0,UNSUPPORTED,Problem size not supported by kernel
fp8,7,157,1024,s_64x64_k128_mem,5.657620790293365,9.712696075439453,0,0,UNSUPPORTED,Problem size not supported by kernel
fp8,7,211,512,s_64x64_k128_mem,6.06316220318465,12.061119079589844,0,0,UNSUPPORTED,Problem size not supported by kernel
fp8,7,269,512,s_64x64_k128_mem,6.06316220318465,10.214090347290039,0,0,UNSUPPORTED,Problem size not supported by kernel
fp8,7,317,256,s_64x64_k64_mem,6.589655734859132,12.187719345092773,0,0,UNSUPPORTED,Problem size not supported by kernel
fp8,9,19,256,s_64x64_k128_mem,2.963884918087589,10.453939437866211,0,0,UNSUPPORTED,Problem size not supported by kernel
fp8,9,59,128,s_64x64_k128_mem,3.5822878463714005,10.580301284790039,0,0,UNSUPPORTED,Problem size not supported by kernel
fp8,9,91,128,s_64x64_k128_mem,3.4992643688640817,10.013580322265625,0,0,UNSUPPORTED,Problem size not supported by kernel
fp8,9,107,1024,s_64x64_k128_mem,5.013810919205473,10.611534118652344,0,0,UNSUPPORTED,Problem size not supported by kernel
fp8,9,137,1024,s_64x64_k128_mem,4.893484595951486,10.113954544067383,0,0,UNSUPPORTED,Problem size not supported by kernel
fp8,9,191,512,s_64x64_k128_mem,5.333993657635357,13.051509857177734,0,0,UNSUPPORTED,Problem size not supported by kernel
fp8,9,241,512,s_64x64_k128_mem,6.284423184589231,8.289575576782227,0,0,UNSUPPORTED,Problem size not supported by kernel
fp8,9,299,512,s_64x64_k128_mem,6.7062921596340495,10.478496551513672,0,0,UNSUPPORTED,Problem size not supported by kernel
fp8,11,11,256,s_64x64_k128_mem,2.6828604324899787,10.326862335205078,0,0,UNSUPPORTED,Problem size not supported by kernel
fp8,11,41,256,s_64x64_k128_mem,3.307759388664724,12.349843978881836,0,0,UNSUPPORTED,Problem size not supported by kernel
fp8,11,77,128,s_64x64_k128_mem,3.524446330054719,10.110139846801758,0,0,UNSUPPORTED,Problem size not supported by kernel
fp8,11,109,128,s_64x64_k128_mem,3.5616126047067187,10.67352294921875,0,0,UNSUPPORTED,Problem size not supported by kernel
fp8,11,121,1024,s_64x64_k128_mem,5.073939159785055,10.44607162475586,0,0,UNSUPPORTED,Problem size not supported by kernel
fp8,11,167,1024,s_64x64_k128_mem,5.180856211112054,10.590791702270508,0,0,UNSUPPORTED,Problem size not supported by kernel
fp8,11,227,512,s_64x64_k128_mem,6.283324055217463,10.444402694702148,0,0,UNSUPPORTED,Problem size not supported by kernel
fp8,11,277,512,s_64x64_k128_mem,6.283324055217463,10.746479034423828,0,0,UNSUPPORTED,Problem size not supported by kernel
fp8,11,337,256,s_64x64_k64_mem,6.74093977475377,15.56706428527832,0,0,UNSUPPORTED,Problem size not supported by kernel
fp8,13,13,256,s_64x64_k128_mem,2.777420886721635,11.126995086669922,0,0,UNSUPPORTED,Problem size not supported by kernel
fp8,13,43,128,s_64x64_k128_mem,3.4152948349623555,10.561943054199219,0,0,UNSUPPORTED,Problem size not supported by kernel
fp8,13,79,128,s_64x64_k128_mem,3.4596920166039666,19.20294761657715,0,0,UNSUPPORTED,Problem size not supported by kernel
fp8,13,99,1024,s_64x64_k128_mem,3.925232826682649,13.043642044067383,0,0,UNSUPPORTED,Problem size not supported by kernel
fp8,13,123,1024,s_64x64_k128_mem,3.797812167533719,15.315532684326172,0,0,UNSUPPORTED,Problem size not supported by kernel
fp8,13,173,512,s_64x64_k128_mem,4.432971290683197,16.496658325195312,0,0,UNSUPPORTED,Problem size not supported by kernel
fp8,13,229,512,s_64x64_k128_mem,5.8450367214982215,10.144472122192383,0,0,UNSUPPORTED,Problem size not supported by kernel
fp8,13,281,256,s_64x64_k64_mem,6.805443691034121,20.101070404052734,0,0,UNSUPPORTED,Problem size not supported by kernel
fp8,15,5,256,s_64x64_k128_mem,4.084370458066774,13.833999633789062,0,0,UNSUPPORTED,Problem size not supported by kernel
fp8,15,31,256,s_64x64_k128_mem,3.482259018368142,20.712614059448242,0,0,UNSUPPORTED,Problem size not supported by kernel
fp8,15,67,128,s_64x64_k128_mem,3.731035044432892,11.627674102783203,0,0,UNSUPPORTED,Problem size not supported by kernel
fp8,15,101,128,s_64x64_k128_mem,4.170688426221226,8.844375610351562,0,0,UNSUPPORTED,Problem size not supported by kernel
fp8,15,113,1024,s_64x64_k128_mem,4.378834980755808,10.704278945922852,0,0,UNSUPPORTED,Problem size not supported by kernel
fp8,15,151,1024,s_64x64_k128_mem,4.3583313729338755,12.43281364440918,0,0,UNSUPPORTED,Problem size not supported by kernel
fp8,15,199,512,s_64x64_k128_mem,5.981913063448156,13.53597640991211,0,0,UNSUPPORTED,Problem size not supported by kernel
fp8,15,263,512,s_64x64_k128_mem,6.443548967309301,13.342857360839844,0,0,UNSUPPORTED,Problem size not supported by kernel
fp8,15,313,256,s_64x64_k64_mem,7.87646877956732,13.664007186889648,0,0,UNSUPPORTED,Problem size not supported by kernel
fp8,17,17,256,s_64x64_k128_mem,3.296894116373957,12.831687927246094,0,0,UNSUPPORTED,Problem size not supported by kernel
fp8,17,51,128,s_64x64_k128_mem,3.430448698829809,9.45425033569336,0,0,UNSUPPORTED,Problem size not supported by kernel
fp8,17,89,128,s_64x64_k128_mem,3.0742130825203655,10.789632797241211,0,0,UNSUPPORTED,Problem size not supported by kernel
fp8,17,103,1024,s_64x64_k128_mem,4.175123031431785,10.521888732910156,0,0,UNSUPPORTED,Problem size not supported by kernel
fp8,17,131,1024,s_64x64_k128_mem,4.195870310445567,16.817808151245117,0,0,UNSUPPORTED,Problem size not supported by kernel
fp8,17,181,512,s_64x64_k128_mem,5.38868099330519,17.27461814880371,0,0,UNSUPPORTED,Problem size not supported by kernel
fp8,17,239,512,s_64x64_k128_mem,6.274559736114082,13.310670852661133,0,0,UNSUPPORTED,Problem size not supported by kernel
fp8,17,293,256,s_64x64_k64_mem,6.623402832908715,15.161752700805664,0,0,UNSUPPORTED,Problem size not supported by kernel
fp8,19,9,256,s_64x64_k128_mem,5.066865178460827,13.348579406738281,0,0,UNSUPPORTED,Problem size not supported by kernel
fp8,19,37,128,s_64x64_k128_mem,3.086287368243434,12.082576751708984,0,0,UNSUPPORTED,Problem size not supported by kernel
fp8,19,73,128,s_64x64_k128_mem,3.2607599805562644,9.047508239746094,0,0,UNSUPPORTED,Problem size not supported by kernel
fp8,19,107,128,s_64x64_k128_mem,3.330786460125538,13.83209228515625,0,0,UNSUPPORTED,Problem size not supported by kernel
fp8,19,119,1024,s_64x64_k128_mem,9.986916223450288,13.561725616455078,0,0,UNSUPPORTED,Problem size not supported by kernel
fp8,19,163,1024,s_64x64_k128_mem,9.812079365043674,8.803367614746094,0,0,UNSUPPORTED,Problem size not supported by kernel
fp8,19,223,512,s_64x64_k128_mem,12.148208563236414,15.157699584960938,0,0,UNSUPPORTED,Problem size not supported by kernel
fp8,19,271,512,s_64x64_k128_mem,12.148208563236414,14.141082763671875,0,0,UNSUPPORTED,Problem size not supported by kernel
fp8,19,331,256,s_64x64_k128_mem,12.67130177800224,17.694950103759766,0,0,UNSUPPORTED,Problem size not supported by kernel
fp8,23,23,256,s_64x64_k128_mem,3.5534674939791313,9.139060974121094,0,0,UNSUPPORTED,Problem size not supported by kernel
fp8,23,61,128,m_128x128_k64_mem,2.006566609450314,14.362335205078125,0,0,RUN_FAIL,Kernel execution failed
fp8,23,97,128,m_128x128_k128_v3,5.9880052924348535,9.043693542480469,0,0,RUN_FAIL,Kernel execution failed
fp8,23,109,1024,s_64x64_k128_mem,9.986916223450288,6.703376770019531,0,0,UNSUPPORTED,Problem size not supported by kernel
fp8,23,139,1024,s_64x64_k128_mem,9.472249911492982,6.890773773193359,0,0,UNSUPPORTED,Problem size not supported by kernel
fp8,23,193,512,s_64x64_k128_mem,10.575080835366556,8.61811637878418,0,0,UNSUPPORTED,Problem size not supported by kernel
fp8,23,251,512,s_64x64_k128_mem,12.358284832174899,10.607004165649414,0,0,UNSUPPORTED,Problem size not supported by kernel
fp8,23,307,256,s_64x64_k128_mem,12.607844139279347,10.456562042236328,0,0,UNSUPPORTED,Problem size not supported by kernel
fp8,27,3,256,m_128x128_k64_mem,1.9010212052453708,10.663747787475586,0,0,RUN_FAIL,Kernel execution failed
fp8,27,27,128,m_128x128_k64_mem,1.9553603759492602,11.86370849609375,0,0,RUN_FAIL,Kernel execution failed
fp8,27,63,128,m_128x128_k64_mem,5.685274971476528,12.559652328491211,0,0,RUN_FAIL,Kernel execution failed
fp8,27,79,1024,s_64x64_k128_mem,8.467705835578311,6.802558898925781,0,0,UNSUPPORTED,Problem size not supported by kernel
fp8,27,111,1024,s_64x64_k128_mem,8.677782104516792,10.473251342773438,0,0,UNSUPPORTED,Problem size not supported by kernel
fp8,27,149,1024,s_64x64_k128_mem,8.26069249679759,9.860038757324219,0,0,UNSUPPORTED,Problem size not supported by kernel
fp8,27,197,512,s_64x64_k128_mem,9.377416368218372,15.170574188232422,0,0,UNSUPPORTED,Problem size not supported by kernel
fp8,27,257,512,s_64x64_k128_mem,9.241279557462306,12.234687805175781,0,0,UNSUPPORTED,Problem size not supported by kernel
fp8,27,311,256,s_64x64_k128_mem,11.17416604397806,8.979320526123047,0,0,UNSUPPORTED,Problem size not supported by kernel
fp8,31,15,256,m_128x128_k64_mem,3.798694211632326,8.762598037719727,0,0,RUN_FAIL,Kernel execution failed
fp8,31,47,128,m_128x128_k64_mem,5.089355317738884,12.910127639770508,0,0,RUN_FAIL,Kernel execution failed
fp8,31,83,128,m_128x128_k64_mem,5.411853881772163,11.770486831665039,0,0,RUN_FAIL,Kernel execution failed
fp8,31,101,1024,s_64x64_k128_mem,8.77535880875489,11.900186538696289,0,0,UNSUPPORTED,Problem size not supported by kernel
fp8,31,127,1024,s_64x64_k128_mem,8.448212915453428,14.523744583129883,0,0,UNSUPPORTED,Problem size not supported by kernel
fp8,31,179,512,s_64x64_k128_mem,7.920246211377348,13.651132583618164,0,0,UNSUPPORTED,Problem size not supported by kernel
fp8,31,233,512,s_64x64_k128_mem,9.68205309138851,15.079975128173828,0,0,UNSUPPORTED,Problem size not supported by kernel
fp8,31,283,256,s_64x64_k128_mem,8.647641000983496,14.252662658691406,0,0,UNSUPPORTED,Problem size not supported by kernel
fp8,33,7,256,m_128x128_k64_mem,2.4416479316885935,12.589693069458008,0,0,RUN_FAIL,Kernel execution failed
fp8,33,33,128,m_128x128_k64_mem,1.4301230460109824,12.976408004760742,0,0,RUN_FAIL,Kernel execution failed
fp8,33,71,128,m_128x128_k64_mem,5.160037641538252,12.150287628173828,0,0,RUN_FAIL,Kernel execution failed
fp8,33,89,1024,s_64x64_k128_mem,8.349096712876172,10.863542556762695,0,0,UNSUPPORTED,Problem size not supported by kernel
fp8,33,117,1024,s_64x64_k128_mem,8.448212915453428,12.048959732055664,0,0,UNSUPPORTED,Problem size not supported by kernel
fp8,33,157,512,s_64x64_k128_mem,8.136432038317597,13.669013977050781,0,0,UNSUPPORTED,Problem size not supported by kernel
fp8,33,211,512,s_64x64_k128_mem,9.200047977155988,14.66512680053711,0,0,UNSUPPORTED,Problem size not supported by kernel
fp8,33,269,512,s_64x64_k128_mem,9.471976822450026,8.56328010559082,0,0,UNSUPPORTED,Problem size not supported by kernel
fp8,33,317,256,s_64x64_k128_mem,8.607875022300798,15.173912048339844,0,0,UNSUPPORTED,Problem size not supported by kernel
fp8,37,19,256,m_128x128_k64_mem,3.8395369483390303,10.198593139648438,0,0,RUN_FAIL,Kernel execution failed
fp8,37,59,128,m_128x128_k64_mem,5.089355317738884,13.02194595336914,0,0,RUN_FAIL,Kernel execution failed
fp8,37,91,128,m_128x128_k64_mem,5.394407810068825,13.695240020751953,0,0,RUN_FAIL,Kernel execution failed
fp8,37,107,1024,s_64x64_k128_mem,8.559172981814651,14.062881469726562,0,0,UNSUPPORTED,Problem size not supported by kernel
fp8,37,137,1024,s_64x64_k128_mem,8.26069249679759,12.806177139282227,0,0,UNSUPPORTED,Problem size not supported by kernel
fp8,37,191,512,s_64x64_k128_mem,7.809286145016122,13.848304748535156,0,0,UNSUPPORTED,Problem size not supported by kernel
fp8,37,241,512,s_64x64_k128_mem,9.480520551155585,14.010190963745117,0,0,UNSUPPORTED,Problem size not supported by kernel
fp8,37,299,256,s_64x64_k128_mem,8.874189874626401,11.238813400268555,0,0,UNSUPPORTED,Problem size not supported by kernel
fp8,41,11,256,m_128x128_k64_mem,1.7909149031398728,9.370088577270508,0,0,RUN_FAIL,Kernel execution failed
fp8,41,41,128,m_128x128_k64_mem,5.362028597860881,11.62099838256836,0,0,RUN_FAIL,Kernel execution failed
fp8,41,77,128,m_128x128_k64_mem,5.516654562478222,11.640071868896484,0,0,RUN_FAIL,Kernel execution failed
fp8,41,97,1024,s_64x64_k128_mem,9.024384984053714,11.611461639404297,0,0,UNSUPPORTED,Problem size not supported by kernel
fp8,41,121,1024,s_64x64_k128_mem,9.087897530005321,6.844282150268555,0,0,UNSUPPORTED,Problem size not supported by kernel
fp8,41,167,512,s_64x64_k128_mem,8.866480073938336,14.101743698120117,0,0,UNSUPPORTED,Problem size not supported by kernel
fp8,41,227,512,s_64x64_k128_mem,13.993898292015947,14.450788497924805,0,0,UNSUPPORTED,Problem size not supported by kernel
fp8,41,277,256,s_64x64_k128_mem,11.071851781730125,12.229681015014648,0,0,UNSUPPORTED,Problem size not supported by kernel
fp8,41,337,256,s_64x64_k128_mem,11.298957056134583,8.358001708984375,0,0,UNSUPPORTED,Problem size not supported by kernel
fp8,43,13,256,m_128x128_k64_mem,1.7909149031398728,10.74361801147461,0,0,RUN_FAIL,Kernel execution failed
fp8,43,43,128,m_128x128_k64_mem,5.362028597860881,10.772705078125,0,0,RUN_FAIL,Kernel execution failed
fp8,43,79,128,m_128x128_k64_mem,5.751024731008795,11.503219604492188,0,0,RUN_FAIL,Kernel execution failed
fp8,43,99,1024,s_64x64_k128_mem,9.024384984053714,11.461496353149414,0,0,UNSUPPORTED,Problem size not supported by kernel
fp8,43,123,1024,s_64x64_k128_mem,9.268604278001181,13.933420181274414,0,0,UNSUPPORTED,Problem size not supported by kernel
fp8,43,173,512,s_64x64_k128_mem,12.393060190937625,13.678550720214844,0,0,UNSUPPORTED,Problem size not supported by kernel
fp8,43,229,512,s_64x64_k128_mem,13.993898292015947,14.643192291259766,0,0,UNSUPPORTED,Problem size not supported by kernel
fp8,43,281,256,s_64x64_k128_mem,10.583856713121962,9.992361068725586,0,0,UNSUPPORTED,Problem size not supported by kernel
fp8,47,5,256,m_128x128_k64_mem,0.6055185959184792,12.304067611694336,0,0,RUN_FAIL,Kernel execution failed
fp8,47,31,128,m_128x128_k64_mem,5.259864101758563,17.027854919433594,0,0,RUN_FAIL,Kernel execution failed
fp8,47,67,128,m_128x128_k64_mem,5.137625360199662,17.29297637939453,0,0,RUN_FAIL,Kernel execution failed
fp8,47,83,1024,s_64x64_k128_mem,8.723149343225927,11.516571044921875,0,0,UNSUPPORTED,Problem size not supported by kernel
fp8,47,113,1024,s_64x64_k128_mem,12.033543633284982,12.20393180847168,0,0,UNSUPPORTED,Problem size not supported by kernel
fp8,47,151,512,s_64x64_k128_mem,11.866845846631639,13.98468017578125,0,0,UNSUPPORTED,Problem size not supported by kernel
fp8,47,199,512,s_64x64_k128_mem,13.061711707469886,14.083623886108398,0,0,UNSUPPORTED,Problem size not supported by kernel
fp8,47,263,256,s_64x64_k128_mem,9.393624403542187,14.374494552612305,0,0,UNSUPPORTED,Problem size not supported by kernel
fp8,47,313,256,s_64x64_k128_mem,10.107790099190428,10.484695434570312,0,0,UNSUPPORTED,Problem size not supported by kernel
fp8,51,17,128,m_128x128_k64_mem,-0.5376647774412111,15.0604248046875,0,0,RUN_FAIL,Kernel execution failed
fp8,51,51,128,m_128x128_k64_mem,3.469976949815208,12.85862922668457,0,0,RUN_FAIL,Kernel execution failed
fp8,51,89,128,m_128x128_k64_mem,4.285235178841834,13.92054557800293,0,0,RUN_FAIL,Kernel execution failed
fp8,51,103,1024,s_64x64_k128_mem,10.604240557499702,11.357545852661133,0,0,UNSUPPORTED,Problem size not supported by kernel
fp8,51,131,1024,s_64x64_k128_mem,10.115424057802816,6.623268127441406,0,0,UNSUPPORTED,Problem size not supported by kernel
fp8,51,181,512,s_64x64_k128_mem,10.521172572741332,12.738704681396484,0,0,UNSUPPORTED,Problem size not supported by kernel
fp8,51,239,512,s_64x64_k128_mem,12.698728574343214,14.140129089355469,0,0,UNSUPPORTED,Problem size not supported by kernel
fp8,51,293,256,s_64x64_k128_mem,8.801624815031397,13.184070587158203,0,0,UNSUPPORTED,Problem size not supported by kernel
fp8,59,9,256,s_64x64_k128_mem,-1.1293046020099113,10.241508483886719,0,0,UNSUPPORTED,Problem size not supported by kernel
fp8,59,37,128,s_64x64_k128_mem,5.562224220989445,16.313791275024414,0,0,UNSUPPORTED,Problem size not supported by kernel
fp8,59,73,128,s_64x64_k128_mem,4.955824901714189,13.532400131225586,0,0,UNSUPPORTED,Problem size not supported by kernel
fp8,59,91,1024,s_64x64_k128_mem,13.573812388302628,9.940624237060547,0,0,UNSUPPORTED,Problem size not supported by kernel
fp8,59,119,1024,s_64x64_k128_mem,13.828923971931454,14.582395553588867,0,0,UNSUPPORTED,Problem size not supported by kernel
fp8,59,163,512,s_64x64_k128_mem,12.819626159355906,9.511232376098633,0,0,UNSUPPORTED,Problem size not supported by kernel
fp8,59,223,512,s_64x64_k128_mem,14.997182160957792,10.827779769897461,0,0,UNSUPPORTED,Problem size not supported by kernel
fp8,59,271,256,s_64x64_k128_mem,11.516744277002694,6.727933883666992,0,0,UNSUPPORTED,Problem size not supported by kernel
fp8,59,331,256,s_64x64_k128_mem,12.87720311040924,8.482933044433594,0,0,UNSUPPORTED,Problem size not supported by kernel
fp8,61,23,128,s_64x64_k128_mem,-0.06864854016998365,10.271072387695312,0,0,UNSUPPORTED,Problem size not supported by kernel
fp8,61,61,128,s_64x64_k128_mem,5.8549972389678455,10.378599166870117,0,0,UNSUPPORTED,Problem size not supported by kernel
fp8,61,77,1024,s_64x64_k128_mem,13.133667172163584,15.33818244934082,0,0,UNSUPPORTED,Problem size not supported by kernel
fp8,61,109,1024,s_64x64_k128_mem,13.828923971931454,9.699106216430664,0,0,UNSUPPORTED,Problem size not supported by kernel
fp8,61,139,1024,s_64x64_k128_mem,13.23062785807919,12.34889030456543,0,0,UNSUPPORTED,Problem size not supported by kernel
fp8,61,193,512,s_64x64_k128_mem,13.794578956834368,10.107755661010742,0,0,UNSUPPORTED,Problem size not supported by kernel
fp8,61,251,512,s_64x64_k128_mem,15.094600813683927,10.760068893432617,0,0,UNSUPPORTED,Problem size not supported by kernel
fp8,61,307,256,s_64x64_k128_mem,10.866274018173822,6.644487380981445,0,0,UNSUPPORTED,Problem size not supported by kernel
fp8,63,3,256,s_64x64_k128_mem,-0.19946106395095445,8.569478988647461,0,0,UNSUPPORTED,Problem size not supported by kernel
fp8,63,27,128,s_64x64_k128_mem,5.483058374924087,10.313272476196289,0,0,UNSUPPORTED,Problem size not supported by kernel
fp8,63,63,128,s_64x64_k128_mem,5.8549972389678455,6.585121154785156,0,0,UNSUPPORTED,Problem size not supported by kernel
fp8,63,79,1024,s_64x64_k128_mem,13.5599292680423,8.451461791992188,0,0,UNSUPPORTED,Problem size not supported by kernel
fp8,63,111,1024,s_64x64_k128_mem,13.828923971931454,8.596181869506836,0,0,UNSUPPORTED,Problem size not supported by kernel
fp8,63,149,512,s_64x64_k128_mem,11.863350219027453,11.258602142333984,0,0,UNSUPPORTED,Problem size not supported by kernel
fp8,63,197,512,s_64x64_k128_mem,13.794578956834368,10.494709014892578,0,0,UNSUPPORTED,Problem size not supported by kernel
fp8,63,257,256,s_64x64_k128_mem,10.496783394275356,10.506868362426758,0,0,UNSUPPORTED,Problem size not supported by kernel
fp8,63,311,256,s_64x64_k128_mem,11.675749317280937,10.725975036621094,0,0,UNSUPPORTED,Problem size not supported by kernel
fp8,67,15,128,s_64x64_k128_mem,-1.695986704874585,12.202978134155273,0,0,UNSUPPORTED,Problem size not supported by kernel
fp8,67,47,128,s_64x64_k128_mem,4.601734877353269,13.72838020324707,0,0,UNSUPPORTED,Problem size not supported by kernel
fp8,67,67,1024,s_64x64_k128_mem,11.04240519868413,10.484695434570312,0,0,UNSUPPORTED,Problem size not supported by kernel
fp8,67,101,1024,s_64x64_k128_mem,11.113759697347517,10.323524475097656,0,0,UNSUPPORTED,Problem size not supported by kernel
fp8,67,127,512,s_64x64_k128_mem,9.838937449254392,13.739585876464844,0,0,UNSUPPORTED,Problem size not supported by kernel
fp8,67,179,512,s_64x64_k128_mem,11.026587947367574,10.888099670410156,0,0,UNSUPPORTED,Problem size not supported by kernel
fp8,67,233,512,s_64x64_k128_mem,13.844884886493158,10.917186737060547,0,0,UNSUPPORTED,Problem size not supported by kernel
fp8,67,283,256,s_64x64_k128_mem,10.547089323934163,9.838581085205078,0,0,UNSUPPORTED,Problem size not supported by kernel
fp8,71,7,256,m_128x128_k64_mem,-1.8932084565161118,12.79306411743164,0,0,RUN_FAIL,Kernel execution failed
fp8,71,33,128,s_64x64_k128_mem,4.565902273011401,12.453317642211914,0,0,UNSUPPORTED,Problem size not supported by kernel
fp8,71,71,128,m_128x128_k64_mem,3.4180613685140884,10.416269302368164,0,0,RUN_FAIL,Kernel execution failed
fp8,71,89,1024,s_64x64_k128_mem,10.80533753755439,15.72275161743164,0,0,UNSUPPORTED,Problem size not supported by kernel
fp8,71,117,1024,s_64x64_k128_mem,10.99070243954858,11.806964874267578,0,0,UNSUPPORTED,Problem size not supported by kernel
fp8,71,157,512,s_64x64_k128_mem,10.543693175261618,9.734153747558594,0,0,UNSUPPORTED,Problem size not supported by kernel
fp8,71,211,512,s_64x64_k128_mem,13.536462726700032,14.204025268554688,0,0,UNSUPPORTED,Problem size not supported by kernel
fp8,71,269,256,s_64x64_k128_mem,10.238667164141036,13.895511627197266,0,0,UNSUPPORTED,Problem size not supported by kernel
fp8,71,317,256,s_64x64_k128_mem,10.215986754680443,12.375354766845703,0,0,UNSUPPORTED,Problem size not supported by kernel
fp8,73,19,128,m_128x128_k64_mem,-1.5895109646584087,14.117240905761719,0,0,RUN_FAIL,Kernel execution failed
fp8,73,59,128,s_64x64_k128_mem,3.7913379822713322,12.724876403808594,0,0,UNSUPPORTED,Problem size not supported by kernel
fp8,73,73,1024,s_64x64_k128_mem,10.80533753755439,11.789321899414062,0,0,UNSUPPORTED,Problem size not supported by kernel
fp8,73,107,1024,s_64x64_k128_mem,10.80533753755439,12.834787368774414,0,0,UNSUPPORTED,Problem size not supported by kernel
fp8,73,137,512,s_64x64_k128_mem,10.543693175261618,13.033628463745117,0,0,UNSUPPORTED,Problem size not supported by kernel
fp8,73,191,512,s_64x64_k128_mem,10.718165787574447,16.150951385498047,0,0,UNSUPPORTED,Problem size not supported by kernel
fp8,73,241,256,s_64x64_k128_mem,10.264296462068698,10.202407836914062,0,0,UNSUPPORTED,Problem size not supported by kernel
fp8,73,299,256,s_64x64_k128_mem,10.215986754680443,16.530752182006836,0,0,UNSUPPORTED,Problem size not supported by kernel
fp8,77,11,256,m_128x128_k64_mem,-1.6406674896166578,9.410381317138672,0,0,RUN_FAIL,Kernel execution failed
fp8,77,41,128,s_64x64_k128_mem,5.164523236439054,11.588096618652344,0,0,UNSUPPORTED,Problem size not supported by kernel
fp8,77,77,128,m_128x128_k64_mem,3.684072747122182,13.606071472167969,0,0,RUN_FAIL,Kernel execution failed
fp8,77,97,1024,s_64x64_k128_mem,10.906961026030856,10.907173156738281,0,0,UNSUPPORTED,Problem size not supported by kernel
fp8,77,121,1024,s_64x64_k128_mem,10.978188159871339,11.336088180541992,0,0,UNSUPPORTED,Problem size not supported by kernel
fp8,77,167,512,s_64x64_k128_mem,10.645316663738084,12.903451919555664,0,0,UNSUPPORTED,Problem size not supported by kernel
fp8,77,227,512,s_64x64_k128_mem,13.638086215176498,18.666505813598633,0,0,UNSUPPORTED,Problem size not supported by kernel
fp8,77,277,256,s_64x64_k128_mem,10.340290652617503,9.520530700683594,0,0,UNSUPPORTED,Problem size not supported by kernel
fp8,77,337,256,s_64x64_k128_mem,12.853660151270422,10.570764541625977,0,0,UNSUPPORTED,Problem size not supported by kernel
fp8,79,13,128,m_128x128_k64_mem,-1.858110461534342,15.627861022949219,0,0,RUN_FAIL,Kernel execution failed
fp8,79,43,128,s_64x64_k128_mem,5.56316511482971,11.408090591430664,0,0,UNSUPPORTED,Problem size not supported by kernel
fp8,79,63,1024,s_64x64_k128_mem,12.581993066868586,12.885332107543945,0,0,UNSUPPORTED,Problem size not supported by kernel
fp8,79,99,1024,s_64x64_k128_mem,11.277549896129102,14.52493667602539,0,0,UNSUPPORTED,Problem size not supported by kernel
fp8,79,123,512,s_64x64_k128_mem,10.342904984053401,12.519598007202148,0,0,UNSUPPORTED,Problem size not supported by kernel
fp8,79,173,512,s_64x64_k128_mem,11.26120494373722,15.443086624145508,0,0,UNSUPPORTED,Problem size not supported by kernel
fp8,79,229,256,s_64x64_k128_mem,11.121998634380981,14.406204223632812,0,0,UNSUPPORTED,Problem size not supported by kernel
fp8,79,281,256,s_64x64_k128_mem,11.121998634380981,11.29293441772461,0,0,UNSUPPORTED,Problem size not supported by kernel
fp8,83,5,128,m_128x128_k128_iw_v3,0.6643210318692628,11.710643768310547,0,0,RUN_FAIL,Kernel execution failed
fp8,83,31,128,s_64x64_k128_mem,4.361008645199717,6.741046905517578,0,0,UNSUPPORTED,Problem size not supported by kernel
fp8,83,67,128,s_64x64_k128_mem,4.167934661093021,8.4991455078125,0,0,UNSUPPORTED,Problem size not supported by kernel
fp8,83,83,1024,s_64x64_k128_mem,11.686756737477955,14.393806457519531,0,0,UNSUPPORTED,Problem size not supported by kernel
fp8,83,113,1024,s_64x64_k128_mem,12.184245967197143,8.493423461914062,0,0,UNSUPPORTED,Problem size not supported by kernel
fp8,83,151,512,s_64x64_k128_mem,8.910860802734952,14.794111251831055,0,0,UNSUPPORTED,Problem size not supported by kernel
fp8,83,199,512,s_64x64_k128_mem,11.940575279537704,10.74361801147461,0,0,UNSUPPORTED,Problem size not supported by kernel
fp8,83,263,256,s_64x64_k128_mem,11.450402948883752,10.669231414794922,0,0,UNSUPPORTED,Problem size not supported by kernel
fp8,83,313,256,s_64x64_k128_mem,11.925211769142354,16.080141067504883,0,0,UNSUPPORTED,Problem size not supported by kernel
fp8,89,17,128,m_128x128_k64_mem,-1.858110461534342,12.704133987426758,0,0,RUN_FAIL,Kernel execution failed
fp8,89,51,128,s_64x64_k128_mem,5.80576647689703,12.18557357788086,0,0,UNSUPPORTED,Problem size not supported by kernel
fp8,89,71,1024,s_64x64_k128_mem,12.122535999551397,14.806747436523438,0,0,UNSUPPORTED,Problem size not supported by kernel
fp8,89,103,1024,s_64x64_k128_mem,12.184245967197143,9.662628173828125,0,0,UNSUPPORTED,Problem size not supported by kernel
fp8,89,131,512,s_64x64_k128_mem,8.840178478935583,10.540485382080078,0,0,UNSUPPORTED,Problem size not supported by kernel
fp8,89,181,512,s_64x64_k128_mem,9.422233152714467,12.807130813598633,0,0,UNSUPPORTED,Problem size not supported by kernel
fp8,89,239,256,s_64x64_k128_mem,11.973521476530609,13.541698455810547,0,0,UNSUPPORTED,Problem size not supported by kernel
fp8,89,293,256,s_64x64_k128_mem,11.925211769142354,10.529041290283203,0,0,UNSUPPORTED,Problem size not supported by kernel
fp8,91,9,128,m_128x128_k64_mem,-0.6955042067560432,11.008739471435547,0,0,RUN_FAIL,Kernel execution failed
fp8,91,37,128,s_64x64_k128_mem,4.617993522752367,12.96854019165039,0,0,UNSUPPORTED,Problem size not supported by kernel
fp8,91,59,1024,s_64x64_k128_mem,12.318487157819732,12.16578483581543,0,0,UNSUPPORTED,Problem size not supported by kernel
fp8,91,91,1024,s_64x64_k128_mem,10.925047298978463,14.715194702148438,0,0,UNSUPPORTED,Problem size not supported by kernel
fp8,91,119,1024,s_64x64_k128_mem,11.360646197857863,7.004022598266602,0,0,UNSUPPORTED,Problem size not supported by kernel
fp8,91,163,512,m_128x128_k64_mem,8.942584744533107,10.46609878540039,0,0,RUN_FAIL,Kernel execution failed
fp8,91,223,512,s_64x64_k128_mem,11.35446491510948,12.718915939331055,0,0,UNSUPPORTED,Problem size not supported by kernel
fp8,91,271,256,s_64x64_k128_mem,10.874661222063773,14.924764633178711,0,0,UNSUPPORTED,Problem size not supported by kernel
fp8,91,331,256,s_64x64_k128_mem,14.000691950509909,14.453649520874023,0,0,UNSUPPORTED,Problem size not supported by kernel
fp8,97,23,128,s_64x64_k128_mem,3.98824407079317,11.736392974853516,0,0,UNSUPPORTED,Problem size not supported by kernel
fp8,97,61,128,m_128x128_k64_mem,4.819840091579326,14.315605163574219,0,0,RUN_FAIL,Kernel execution failed
fp8,97,77,1024,s_64x64_k128_mem,11.289599427211423,10.763883590698242,0,0,UNSUPPORTED,Problem size not supported by kernel
fp8,97,109,1024,s_64x64_k128_mem,11.360646197857863,6.791591644287109,0,0,UNSUPPORTED,Problem size not supported by kernel
fp8,97,139,512,m_128x128_k64_mem,9.08632483947543,17.29750633239746,0,0,RUN_FAIL,Kernel execution failed
fp8,97,193,512,s_64x64_k128_mem,11.242516927857524,11.750221252441406,0,0,UNSUPPORTED,Problem size not supported by kernel
fp8,97,251,256,s_64x64_k128_mem,11.485094669323617,14.732837677001953,0,0,UNSUPPORTED,Problem size not supported by kernel
fp8,97,307,256,s_64x64_k128_mem,11.44461589618665,8.419513702392578,0,0,UNSUPPORTED,Problem size not supported by kernel
fp8,99,3,128,m_128x128_k128_iw_v3,1.686556363568172,6.490468978881836,0,0,RUN_FAIL,Kernel execution failed
fp8,99,27,128,s_64x64_k128_mem,3.7006820181215354,12.894392013549805,0,0,UNSUPPORTED,Problem size not supported by kernel
fp8,99,43,1024,s_64x64_k128_mem,10.398462036250907,13.718843460083008,0,0,UNSUPPORTED,Problem size not supported by kernel
fp8,99,79,1024,s_64x64_k128_mem,11.289599427211423,6.512165069580078,0,0,UNSUPPORTED,Problem size not supported by kernel
fp8,99,111,512,m_128x128_k64_mem,9.667443871089594,8.459806442260742,0,0,RUN_FAIL,Kernel execution failed
fp8,99,149,512,m_128x128_k64_mem,9.08632483947543,15.406370162963867,0,0,RUN_FAIL,Kernel execution failed
fp8,99,197,512,s_64x64_k128_mem,11.313871426520912,12.041568756103516,0,0,UNSUPPORTED,Problem size not supported by kernel
fp8,99,257,256,s_64x64_k128_mem,10.80968339053467,6.856679916381836,0,0,UNSUPPORTED,Problem size not supported by kernel
fp8,99,311,256,s_64x64_k128_mem,11.379446168604266,13.853311538696289,0,0,UNSUPPORTED,Problem size not supported by kernel
fp8,101,15,128,m_128x128_k64_mem,-0.9254471018180673,17.839670181274414,0,0,RUN_FAIL,Kernel execution failed
fp8,101,47,128,m_128x128_k64_mem,5.006763488943868,10.788679122924805,0,0,RUN_FAIL,Kernel execution failed
fp8,101,67,1024,s_64x64_k128_mem,11.289599427211423,11.607885360717773,0,0,UNSUPPORTED,Problem size not supported by kernel
fp8,101,101,1024,s_64x64_k128_mem,11.366564834927534,11.52658462524414,0,0,UNSUPPORTED,Problem size not supported by kernel
fp8,101,127,512,m_128x128_k64_mem,9.667443871089594,6.562471389770508,0,0,RUN_FAIL,Kernel execution failed
fp8,101,179,512,m_128x128_k64_mem,9.668379513254319,11.595726013183594,0,0,RUN_FAIL,Kernel execution failed
fp8,101,233,256,s_64x64_k128_mem,11.532818325202665,11.74163818359375,0,0,UNSUPPORTED,Problem size not supported by kernel
fp8,101,283,256,s_64x64_k128_mem,11.34681762351382,11.707067489624023,0,0,UNSUPPORTED,Problem size not supported by kernel
fp8,103,7,128,m_128x128_k128_mem,3.3489677210635382,14.364242553710938,0,0,RUN_FAIL,Kernel execution failed
fp8,103,33,128,s_64x64_k128_mem,5.732510901719965,11.726856231689453,0,0,UNSUPPORTED,Problem size not supported by kernel
fp8,103,51,1024,s_64x64_k128_mem,14.571503486396644,13.124465942382812,0,0,UNSUPPORTED,Problem size not supported by kernel
fp8,103,89,1024,s_64x64_k128_mem,12.074381663896814,12.682914733886719,0,0,UNSUPPORTED,Problem size not supported by kernel
fp8,103,117,512,m_128x128_k64_mem,9.667443871089594,13.113737106323242,0,0,RUN_FAIL,Kernel execution failed
fp8,103,157,512,s_64x64_k128_mem,10.115422030801723,11.205434799194336,0,0,UNSUPPORTED,Problem size not supported by kernel
fp8,103,211,256,s_64x64_k128_mem,12.611864730504294,6.764650344848633,0,0,UNSUPPORTED,Problem size not supported by kernel
fp8,103,269,256,s_64x64_k128_mem,12.558083668367148,12.770414352416992,0,0,UNSUPPORTED,Problem size not supported by kernel
fp8,103,317,256,s_64x64_k128_mem,13.08820144317679,19.45948600769043,0,0,UNSUPPORTED,Problem size not supported by kernel
fp8,107,19,128,m_128x128_k64_mem,1.7379059312759582,8.569717407226562,0,0,RUN_FAIL,Kernel execution failed
fp8,107,59,128,m_128x128_k64_mem,7.014587678714737,12.951135635375977,0,0,RUN_FAIL,Kernel execution failed
fp8,107,73,1024,m_128x128_k128_v3,14.384124791839241,17.015457153320312,0,0,RUN_FAIL,Kernel execution failed
fp8,107,107,1024,m_128x128_k128_v3,14.494431972047172,13.120889663696289,0,0,RUN_FAIL,Kernel execution failed
fp8,107,137,512,m_128x128_k64_mem,11.564014230364032,11.482715606689453,0,0,RUN_FAIL,Kernel execution failed
fp8,107,191,512,m_128x128_k64_mem,12.147441223952958,15.504598617553711,0,0,RUN_FAIL,Kernel execution failed
fp8,107,241,256,s_64x64_k128_mem,13.119065078861707,11.61813735961914,0,0,UNSUPPORTED,Problem size not supported by kernel
fp8,107,299,256,s_64x64_k128_mem,13.08820144317679,13.794898986816406,0,0,UNSUPPORTED,Problem size not supported by kernel
fp8,109,11,128,m_128x128_k64_mem,2.137442309159899,9.884119033813477,0,0,RUN_FAIL,Kernel execution failed
fp8,109,41,128,m_128x128_k64_mem,6.45932352809492,12.817144393920898,0,0,RUN_FAIL,Kernel execution failed
fp8,109,61,1024,m_128x128_k128_v3,15.848885966687327,11.59977912902832,0,0,RUN_FAIL,Kernel execution failed
fp8,109,97,1024,m_128x128_k128_v3,14.539421864975415,12.058258056640625,0,0,RUN_FAIL,Kernel execution failed
fp8,109,121,512,m_128x128_k64_mem,12.145133261978195,11.742830276489258,0,0,RUN_FAIL,Kernel execution failed
fp8,109,167,512,m_128x128_k64_mem,12.061503460083227,12.797355651855469,0,0,RUN_FAIL,Kernel execution failed
fp8,109,227,256,s_64x64_k128_mem,13.184234806444092,13.297557830810547,0,0,UNSUPPORTED,Problem size not supported by kernel
fp8,109,277,256,s_64x64_k128_mem,13.038126826383007,11.829376220703125,0,0,UNSUPPORTED,Problem size not supported by kernel
fp8,109,337,128,s_64x64_k128_mem,16.052929016055895,10.78653335571289,0,0,UNSUPPORTED,Problem size not supported by kernel
fp8,111,13,128,m_128x128_k64_mem,2.137442309159899,10.56051254272461,0,0,RUN_FAIL,Kernel execution failed
fp8,111,43,128,m_128x128_k64_mem,6.45932352809492,12.561559677124023,0,0,RUN_FAIL,Kernel execution failed
fp8,111,63,1024,m_128x128_k128_v3,15.737925900326104,16.79396629333496,0,0,RUN_FAIL,Kernel execution failed
fp8,111,99,1024,m_128x128_k128_v3,14.494431972047172,11.37232780456543,0,0,RUN_FAIL,Kernel execution failed
fp8,111,123,512,m_128x128_k64_mem,12.145133261978195,11.741876602172852,0,0,RUN_FAIL,Kernel execution failed
fp8,111,173,512,m_128x128_k64_mem,12.075386580343554,12.729406356811523,0,0,RUN_FAIL,Kernel execution failed
fp8,111,229,256,s_64x64_k128_mem,13.119065078861707,12.774467468261719,0,0,UNSUPPORTED,Problem size not supported by kernel
fp8,111,281,256,s_64x64_k128_mem,13.038126826383007,10.186910629272461,0,0,UNSUPPORTED,Problem size not supported by kernel
fp8,113,5,128,m_128x128_k128_v3,3.3222668792505763,17.53973960876465,0,0,RUN_FAIL,Kernel execution failed
fp8,113,31,128,m_128x128_k64_mem,6.578266030858197,7.481813430786133,0,0,RUN_FAIL,Kernel execution failed
fp8,113,47,1024,m_128x128_k128_v3,15.848885966687327,12.978553771972656,0,0,RUN_FAIL,Kernel execution failed
fp8,113,83,1024,m_128x128_k128_v3,14.384124791839241,15.56706428527832,0,0,RUN_FAIL,Kernel execution failed
fp8,113,113,512,m_128x128_k64_mem,12.145133261978195,13.408184051513672,0,0,RUN_FAIL,Kernel execution failed
fp8,113,151,512,m_128x128_k64_mem,11.635241364204514,13.091325759887695,0,0,RUN_FAIL,Kernel execution failed
fp8,113,199,256,s_64x64_k128_mem,12.540637596663812,11.544227600097656,0,0,UNSUPPORTED,Problem size not supported by kernel
fp8,113,263,256,s_64x64_k128_mem,12.540637596663812,14.84537124633789,0,0,UNSUPPORTED,Problem size not supported by kernel
fp8,113,313,128,s_64x64_k128_mem,12.396135855772718,13.333320617675781,0,0,UNSUPPORTED,Problem size not supported by kernel
fp8,117,17,128,m_128x128_k64_mem,1.0705343403615417,11.780738830566406,0,0,RUN_FAIL,Kernel execution failed
fp8,117,33,1024,m_128x128_k128_v3,10.50399758820959,11.307477951049805,0,0,RUN_FAIL,Kernel execution failed
fp8,117,71,1024,m_128x128_k128_v3,15.737925900326104,12.957572937011719,0,0,RUN_FAIL,Kernel execution failed
fp8,117,103,1024,m_128x128_k128_v3,14.494431972047172,6.802797317504883,0,0,RUN_FAIL,Kernel execution failed
fp8,117,131,512,m_128x128_k64_mem,11.564014230364032,15.058040618896484,0,0,RUN_FAIL,Kernel execution failed
fp8,117,181,512,m_128x128_k64_mem,15.873559914722925,11.065483093261719,0,0,RUN_FAIL,Kernel execution failed
fp8,117,239,256,s_64x64_k128_mem,13.167546967056802,11.704206466674805,0,0,UNSUPPORTED,Problem size not supported by kernel
fp8,117,293,256,s_64x64_k128_mem,15.805614868868334,10.747194290161133,0,0,UNSUPPORTED,Problem size not supported by kernel
fp8,119,9,128,m_128x128_k64_mem,2.186939920024248,18.112897872924805,0,0,RUN_FAIL,Kernel execution failed
fp8,119,37,128,m_128x128_k64_mem,6.41145696739875,13.193845748901367,0,0,RUN_FAIL,Kernel execution failed
fp8,119,59,1024,s_64x64_k128_mem,17.126367810564055,12.036800384521484,0,0,UNSUPPORTED,Problem size not supported by kernel
fp8,119,91,1024,s_64x64_k128_mem,15.013328049415636,8.83173942565918,0,0,UNSUPPORTED,Problem size not supported by kernel
fp8,119,119,512,m_128x128_k64_mem,13.472409689744195,8.992910385131836,0,0,RUN_FAIL,Kernel execution failed
fp8,119,163,512,s_64x64_k128_mem,12.16272849093822,6.698846817016602,0,0,UNSUPPORTED,Problem size not supported by kernel
fp8,119,223,256,s_64x64_k128_mem,15.317110516063645,6.844043731689453,0,0,UNSUPPORTED,Problem size not supported by kernel
fp8,119,271,256,s_64x64_k128_mem,18.286936847330743,6.714820861816406,0,0,UNSUPPORTED,Problem size not supported by kernel
fp8,119,331,128,s_64x64_k128_mem,20.147900311388813,6.618499755859375,0,0,UNSUPPORTED,Problem size not supported by kernel
fp8,121,23,128,s_64x64_k128_mem,5.255792113367429,13.54670524597168,0,0,UNSUPPORTED,Problem size not supported by kernel
fp8,121,41,1024,s_64x64_k128_mem,11.785723573331135,17.684221267700195,0,0,UNSUPPORTED,Problem size not supported by kernel
fp8,121,77,1024,m_128x128_k128_v3,15.621054183573696,10.941743850708008,0,0,RUN_FAIL,Kernel execution failed
fp8,121,109,512,m_128x128_k64_mem,11.616329385209518,16.71576499938965,0,0,RUN_FAIL,Kernel execution failed
fp8,121,139,512,s_64x64_k128_mem,11.33670098607992,12.227535247802734,0,0,UNSUPPORTED,Problem size not supported by kernel
fp8,121,193,512,s_64x64_k128_mem,17.503254963295515,8.472442626953125,0,0,UNSUPPORTED,Problem size not supported by kernel
fp8,121,251,256,s_64x64_k128_mem,17.86084592724082,9.485006332397461,0,0,UNSUPPORTED,Problem size not supported by kernel
fp8,121,307,256,s_64x64_k128_mem,18.242313978702587,10.58506965637207,0,0,UNSUPPORTED,Problem size not supported by kernel
fp8,123,3,128,s_64x64_k128_mem,14.441065672239231,12.462854385375977,0,0,UNSUPPORTED,Problem size not supported by kernel
fp8,123,27,128,s_64x64_k128_mem,5.255792113367429,10.861396789550781,0,0,UNSUPPORTED,Problem size not supported by kernel
fp8,123,43,1024,s_64x64_k128_mem,11.96470334426951,19.11330223083496,0,0,UNSUPPORTED,Problem size not supported by kernel
fp8,123,79,1024,m_128x128_k128_v3,15.800033954512077,16.464948654174805,0,0,RUN_FAIL,Kernel execution failed
fp8,123,111,512,m_128x128_k64_mem,11.616329385209518,15.643596649169922,0,0,RUN_FAIL,Kernel execution failed
fp8,123,149,512,s_64x64_k128_mem,11.800361494439942,13.076066970825195,0,0,UNSUPPORTED,Problem size not supported by kernel
fp8,123,197,256,s_64x64_k128_mem,14.123581811147304,16.77870750427246,0,0,UNSUPPORTED,Problem size not supported by kernel
fp8,123,257,256,s_64x64_k128_mem,17.736460542153573,7.007122039794922,0,0,UNSUPPORTED,Problem size not supported by kernel
fp8,123,311,128,s_64x64_k128_mem,13.671414442271026,11.623382568359375,0,0,UNSUPPORTED,Problem size not supported by kernel
fp8,127,15,128,s_64x64_k128_mem,0.16595659207264354,8.348226547241211,0,0,UNSUPPORTED,Problem size not supported by kernel
fp8,127,31,1024,s_64x64_k128_mem,11.610630795462189,13.099431991577148,0,0,UNSUPPORTED,Problem size not supported by kernel
fp8,127,67,1024,m_128x128_k128_v3,15.621054183573696,10.548591613769531,0,0,RUN_FAIL,Kernel execution failed
fp8,127,101,512,m_128x128_k64_mem,11.718793462449165,12.822151184082031,0,0,RUN_FAIL,Kernel execution failed
fp8,127,127,512,m_128x128_k64_mem,12.94360581297551,13.075828552246094,0,0,RUN_FAIL,Kernel execution failed
fp8,127,179,256,s_64x64_k128_mem,11.462999490013834,11.363983154296875,0,0,UNSUPPORTED,Problem size not supported by kernel
fp8,127,233,256,s_64x64_k128_mem,17.581662300662185,11.005401611328125,0,0,UNSUPPORTED,Problem size not supported by kernel
fp8,127,283,256,s_64x64_k128_mem,18.405687049861502,12.539386749267578,0,0,UNSUPPORTED,Problem size not supported by kernel
fp8,131,7,128,m_128x128_k64_mem,-1.4005295996784328,17.954349517822266,0,0,RUN_FAIL,Kernel execution failed
fp8,131,33,128,m_128x128_k64_mem,3.494857434041293,12.972116470336914,0,0,RUN_FAIL,Kernel execution failed
fp8,131,51,1024,s_64x64_k128_mem,12.23290229322306,12.626171112060547,0,0,UNSUPPORTED,Problem size not supported by kernel
fp8,131,89,1024,s_64x64_k128_mem,11.697313520391866,8.569478988647461,0,0,UNSUPPORTED,Problem size not supported by kernel
fp8,131,117,512,m_128x128_k64_mem,10.45590043334558,12.171506881713867,0,0,RUN_FAIL,Kernel execution failed
fp8,131,157,512,m_128x128_k64_mem,13.851017179523758,11.577844619750977,0,0,RUN_FAIL,Kernel execution failed
fp8,131,211,256,s_64x64_k128_mem,18.21903022064107,11.541128158569336,0,0,UNSUPPORTED,Problem size not supported by kernel
fp8,131,269,256,s_64x64_k128_mem,18.3105954586428,6.851673126220703,0,0,UNSUPPORTED,Problem size not supported by kernel
fp8,131,317,128,s_64x64_k64_mem,12.333626380664276,10.614395141601562,0,0,UNSUPPORTED,Problem size not supported by kernel
fp8,137,19,128,m_128x128_k64_mem,-1.1254608163730104,14.194726943969727,0,0,RUN_FAIL,Kernel execution failed
fp8,137,37,1024,m_128x128_k64_mem,8.513029519665501,11.309623718261719,0,0,RUN_FAIL,Kernel execution failed
fp8,137,73,1024,m_128x128_k64_mem,13.589832395440999,6.648778915405273,0,0,RUN_FAIL,Kernel execution failed
fp8,137,107,512,m_128x128_k64_mem,10.662082815722453,11.35396957397461,0,0,RUN_FAIL,Kernel execution failed
fp8,137,137,512,m_128x128_k64_mem,9.52404220814013,13.128519058227539,0,0,RUN_FAIL,Kernel execution failed
fp8,137,191,256,m_128x128_k64_mem,8.944973763260897,11.469125747680664,0,0,RUN_FAIL,Kernel execution failed
fp8,137,241,256,s_64x64_k128_mem,17.72773605599633,13.051748275756836,0,0,UNSUPPORTED,Problem size not supported by kernel
fp8,137,299,128,s_64x64_k64_mem,12.324263709452005,13.295888900756836,0,0,UNSUPPORTED,Problem size not supported by kernel
fp8,139,11,128,m_128x128_k64_mem,0.37091805308970316,14.330387115478516,0,0,RUN_FAIL,Kernel execution failed
fp8,139,41,128,m_128x128_k64_mem,4.3813669817426035,12.88461685180664,0,0,RUN_FAIL,Kernel execution failed
fp8,139,61,1024,m_128x128_k64_mem,13.033116582036396,15.642166137695312,0,0,RUN_FAIL,Kernel execution failed
fp8,139,97,1024,m_128x128_k64_mem,11.705493447515702,13.003349304199219,0,0,RUN_FAIL,Kernel execution failed
fp8,139,121,512,m_128x128_k64_mem,10.505932758232593,11.565208435058594,0,0,RUN_FAIL,Kernel execution failed
fp8,139,167,512,m_128x128_k64_mem,14.06416448536751,11.624574661254883,0,0,RUN_FAIL,Kernel execution failed
fp8,139,227,256,s_64x64_k128_mem,17.376081034950946,11.574506759643555,0,0,UNSUPPORTED,Problem size not supported by kernel
fp8,139,277,256,s_64x64_k128_mem,18.021295724172116,8.070230484008789,0,0,UNSUPPORTED,Problem size not supported by kernel
fp8,139,337,128,s_64x64_k128_mem,12.805787647385854,9.208440780639648,0,0,UNSUPPORTED,Problem size not supported by kernel
fp8,149,13,128,m_128x128_k64_mem,-0.02057183899529237,15.26188850402832,0,0,RUN_FAIL,Kernel execution failed
fp8,149,27,1024,s_64x64_k128_mem,8.451714488412579,6.789684295654297,0,0,UNSUPPORTED,Problem size not supported by kernel
fp8,149,63,1024,s_64x64_k128_mem,13.947744833641252,11.430025100708008,0,0,UNSUPPORTED,Problem size not supported by kernel
fp8,149,99,512,m_128x128_k64_mem,10.559920972594089,9.5062255859375,0,0,RUN_FAIL,Kernel execution failed
fp8,149,123,512,m_128x128_k64_mem,10.367626930726601,15.51055908203125,0,0,RUN_FAIL,Kernel execution failed
fp8,149,173,256,s_64x64_k128_mem,9.148116564838784,11.637210845947266,0,0,UNSUPPORTED,Problem size not supported by kernel
fp8,149,229,256,s_64x64_k128_mem,17.990252719488154,12.99142837524414,0,0,UNSUPPORTED,Problem size not supported by kernel
fp8,149,281,128,s_64x64_k64_mem,14.181785831089574,10.744810104370117,0,0,UNSUPPORTED,Problem size not supported by kernel
fp8,151,5,128,s_64x64_k128_mem,-0.4580515356010051,8.50534439086914,0,0,UNSUPPORTED,Problem size not supported by kernel
fp8,151,15,1024,m_128x128_k64_mem,4.206139108324821,10.406255722045898,0,0,RUN_FAIL,Kernel execution failed
fp8,151,47,1024,s_64x64_k128_mem,12.411856921346933,13.090372085571289,0,0,UNSUPPORTED,Problem size not supported by kernel
fp8,151,83,1024,s_64x64_k128_mem,14.20669965806313,17.371654510498047,0,0,UNSUPPORTED,Problem size not supported by kernel
fp8,151,113,512,m_128x128_k64_mem,10.573809313103474,10.530710220336914,0,0,RUN_FAIL,Kernel execution failed
fp8,151,151,512,m_128x128_k64_mem,13.854631524021036,10.759830474853516,0,0,RUN_FAIL,Kernel execution failed
fp8,151,199,256,s_64x64_k128_mem,17.89339628772001,12.196779251098633,0,0,UNSUPPORTED,Problem size not supported by kernel
fp8,151,263,256,s_64x64_k128_mem,18.71447462051526,11.883020401000977,0,0,UNSUPPORTED,Problem size not supported by kernel
fp8,151,313,128,s_64x64_k64_mem,14.825383040869857,17.396211624145508,0,0,UNSUPPORTED,Problem size not supported by kernel
fp8,157,17,128,m_128x128_k64_mem,-0.26058344602312816,10.819435119628906,0,0,RUN_FAIL,Kernel execution failed
fp8,157,33,1024,s_64x64_k128_mem,8.870439817825728,11.606454849243164,0,0,UNSUPPORTED,Problem size not supported by kernel
fp8,157,71,1024,m_128x128_k64_mem,13.058046546131928,17.258167266845703,0,0,RUN_FAIL,Kernel execution failed
fp8,157,103,512,m_128x128_k64_mem,10.915147242064455,11.574983596801758,0,0,RUN_FAIL,Kernel execution failed
fp8,157,131,512,m_128x128_k64_mem,13.32271699101196,10.651111602783203,0,0,RUN_FAIL,Kernel execution failed
fp8,157,181,256,m_128x128_k64_mem,12.794130351083492,13.180971145629883,0,0,RUN_FAIL,Kernel execution failed
fp8,157,239,256,s_64x64_k128_mem,18.560362633883674,16.670703887939453,0,0,UNSUPPORTED,Problem size not supported by kernel
fp8,157,293,128,s_64x64_k64_mem,15.13751355915198,9.137868881225586,0,0,UNSUPPORTED,Problem size not supported by kernel
fp8,163,9,128,m_128x128_k128_iw_v3,0.24186218554405334,14.807939529418945,0,0,RUN_FAIL,Kernel execution failed
fp8,163,19,1024,m_128x128_k64_mem,6.534940331896265,9.725809097290039,0,0,RUN_FAIL,Kernel execution failed
fp8,163,59,1024,m_128x128_k64_mem,10.875184783152251,7.624149322509766,0,0,RUN_FAIL,Kernel execution failed
fp8,163,91,512,m_128x128_k64_mem,12.001469354596697,12.742996215820312,0,0,RUN_FAIL,Kernel execution failed
fp8,163,119,512,m_128x128_k64_mem,11.28407054461207,9.453058242797852,0,0,RUN_FAIL,Kernel execution failed
fp8,163,163,512,m_128x128_k64_mem,13.428493178637591,12.948274612426758,0,0,RUN_FAIL,Kernel execution failed
fp8,163,223,256,s_64x64_k128_mem,18.41425465382259,12.769460678100586,0,0,UNSUPPORTED,Problem size not supported by kernel
fp8,163,271,256,s_64x64_k128_mem,19.652599632410368,11.036157608032227,0,0,UNSUPPORTED,Problem size not supported by kernel
fp8,163,331,128,s_64x64_k128_mem,15.306119953241902,14.756202697753906,0,0,UNSUPPORTED,Problem size not supported by kernel
fp8,167,23,128,s_64x64_k128_mem,4.04505527917469,15.385150909423828,0,0,UNSUPPORTED,Problem size not supported by kernel
fp8,167,41,1024,m_128x128_k64_mem,10.401186021024591,10.89930534362793,0,0,RUN_FAIL,Kernel execution failed
fp8,167,77,1024,m_128x128_k64_mem,12.098347411384822,12.689352035522461,0,0,RUN_FAIL,Kernel execution failed
fp8,167,109,512,m_128x128_k64_mem,11.760408303177927,12.94565200805664,0,0,RUN_FAIL,Kernel execution failed
fp8,167,139,512,m_128x128_k64_mem,13.904830937203444,11.363506317138672,0,0,RUN_FAIL,Kernel execution failed
fp8,167,193,256,s_64x64_k128_mem,20.350916652731936,11.7034912109375,0,0,UNSUPPORTED,Problem size not supported by kernel
fp8,167,251,256,s_64x64_k128_mem,21.027700251330916,6.667852401733398,0,0,UNSUPPORTED,Problem size not supported by kernel
fp8,167,307,128,s_64x64_k64_mem,17.046271024859145,6.954431533813477,0,0,UNSUPPORTED,Problem size not supported by kernel
fp8,173,3,128,m_128x128_k64_mem,20.47282084692629,8.495569229125977,0,0,RUN_FAIL,Kernel execution failed
fp8,173,13,1024,m_128x128_k64_mem,3.207490575399234,14.958620071411133,0,0,RUN_FAIL,Kernel execution failed
fp8,173,43,1024,m_128x128_k64_mem,10.401186021024591,12.025833129882812,0,0,RUN_FAIL,Kernel execution failed
fp8,173,79,512,m_128x128_k64_mem,12.241354597228591,12.845993041992188,0,0,RUN_FAIL,Kernel execution failed
fp8,173,111,512,m_128x128_k64_mem,12.884128828191479,12.82048225402832,0,0,RUN_FAIL,Kernel execution failed
fp8,173,149,256,s_64x64_k128_mem,9.623662556440236,12.830495834350586,0,0,UNSUPPORTED,Problem size not supported by kernel
fp8,173,197,256,s_64x64_k128_mem,20.42227115139532,17.889976501464844,0,0,UNSUPPORTED,Problem size not supported by kernel
fp8,173,257,256,s_64x64_k128_mem,21.460516600146022,13.157367706298828,0,0,UNSUPPORTED,Problem size not supported by kernel
fp8,173,311,128,s_64x64_k64_mem,16.79168812376987,10.420083999633789,0,0,UNSUPPORTED,Problem size not supported by kernel
fp8,179,15,128,m_128x128_k64_mem,1.137150701314515,13.653039932250977,0,0,RUN_FAIL,Kernel execution failed
fp8,179,31,1024,s_64x64_k128_mem,6.027248218517374,10.90550422668457,0,0,UNSUPPORTED,Problem size not supported by kernel
fp8,179,67,1024,m_128x128_k64_mem,11.679281143738635,12.546300888061523,0,0,RUN_FAIL,Kernel execution failed
fp8,179,101,512,m_128x128_k64_mem,12.884128828191479,11.652469635009766,0,0,RUN_FAIL,Kernel execution failed
fp8,179,127,512,m_128x128_k64_mem,15.518374608854922,11.674880981445312,0,0,RUN_FAIL,Kernel execution failed
fp8,179,179,256,m_128x128_k64_mem,13.341695243489827,6.725072860717773,0,0,RUN_FAIL,Kernel execution failed
fp8,179,233,256,s_64x64_k128_mem,21.027700251330916,13.067245483398438,0,0,UNSUPPORTED,Problem size not supported by kernel
fp8,179,283,128,s_64x64_k64_mem,16.86921912888083,12.435197830200195,0,0,UNSUPPORTED,Problem size not supported by kernel
fp8,181,7,128,m_128x128_k128_iw_v3,0.5349797581593171,11.576175689697266,0,0,RUN_FAIL,Kernel execution failed
fp8,181,17,1024,m_128x128_k64_mem,3.2500596658620005,13.384342193603516,0,0,RUN_FAIL,Kernel execution failed
fp8,181,51,1024,m_128x128_k64_mem,11.254688697351629,12.0391845703125,0,0,RUN_FAIL,Kernel execution failed
fp8,181,89,512,m_128x128_k64_mem,12.241354597228591,12.340784072875977,0,0,RUN_FAIL,Kernel execution failed
fp8,181,117,512,m_128x128_k64_mem,15.478034282823002,13.229131698608398,0,0,RUN_FAIL,Kernel execution failed
fp8,181,157,256,m_128x128_k64_mem,13.270468109649345,16.47663116455078,0,0,RUN_FAIL,Kernel execution failed
fp8,181,211,256,s_64x64_k128_mem,20.945389679042172,11.971712112426758,0,0,UNSUPPORTED,Problem size not supported by kernel
fp8,181,269,128,s_64x64_k64_mem,16.5999138422254,16.641616821289062,0,0,UNSUPPORTED,Problem size not supported by kernel
fp8,181,317,128,s_64x64_k64_mem,16.79168812376987,17.642974853515625,0,0,UNSUPPORTED,Problem size not supported by kernel
fp8,191,19,128,m_128x128_k64_mem,0.7413652260561611,12.956619262695312,0,0,RUN_FAIL,Kernel execution failed
fp8,191,37,1024,s_64x64_k128_mem,8.292172705385227,13.172149658203125,0,0,UNSUPPORTED,Problem size not supported by kernel
fp8,191,73,1024,s_64x64_k128_mem,12.47151708876684,15.706062316894531,0,0,UNSUPPORTED,Problem size not supported by kernel
fp8,191,107,512,s_64x64_k128_mem,12.260758169723882,14.73093032836914,0,0,UNSUPPORTED,Problem size not supported by kernel
fp8,191,137,512,s_64x64_k128_mem,15.688587941794923,13.140678405761719,0,0,UNSUPPORTED,Problem size not supported by kernel
fp8,191,191,256,s_64x64_k128_mem,16.112181075092163,8.939266204833984,0,0,UNSUPPORTED,Problem size not supported by kernel
fp8,191,241,256,s_64x64_k128_mem,25.27737049926474,13.260126113891602,0,0,UNSUPPORTED,Problem size not supported by kernel
fp8,191,299,128,s_64x64_k128_mem,21.364679737868705,14.002561569213867,0,0,UNSUPPORTED,Problem size not supported by kernel
fp8,193,11,128,s_64x64_k128_mem,-0.5783524898873643,11.878728866577148,0,0,UNSUPPORTED,Problem size not supported by kernel
fp8,193,23,1024,s_64x64_k128_mem,7.924012845921139,13.938188552856445,0,0,UNSUPPORTED,Problem size not supported by kernel
fp8,193,61,1024,m_128x128_k64_mem,10.913407154559744,8.838176727294922,0,0,RUN_FAIL,Kernel execution failed
fp8,193,97,512,m_128x128_k64_mem,11.66820869590269,13.161182403564453,0,0,RUN_FAIL,Kernel execution failed
fp8,193,121,512,m_128x128_k64_mem,15.27781652273716,11.762380599975586,0,0,RUN_FAIL,Kernel execution failed
fp8,193,167,256,s_64x64_k128_mem,17.099655935024227,13.020515441894531,0,0,UNSUPPORTED,Problem size not supported by kernel
fp8,193,227,256,s_64x64_k64_mem,20.227400794383787,13.490438461303711,0,0,UNSUPPORTED,Problem size not supported by kernel
fp8,193,277,128,s_64x64_k64_mem,15.487093833403618,16.849517822265625,0,0,UNSUPPORTED,Problem size not supported by kernel
fp8,193,337,128,s_64x64_k64_mem,37.59509257447924,10.398149490356445,0,0,UNSUPPORTED,Problem size not supported by kernel
fp8,197,3,1024,m_128x128_k128_mem,21.91370569349858,10.828733444213867,0,0,RUN_FAIL,Kernel execution failed
fp8,197,27,1024,s_64x64_k128_mem,7.157394935517191,11.530637741088867,0,0,UNSUPPORTED,Problem size not supported by kernel
fp8,197,63,1024,m_128x128_k64_mem,10.913407154559744,6.941795349121094,0,0,RUN_FAIL,Kernel execution failed
fp8,197,99,512,m_128x128_k64_mem,11.557248629541467,6.670236587524414,0,0,RUN_FAIL,Kernel execution failed
fp8,197,123,512,m_128x128_k64_mem,15.27781652273716,12.889623641967773,0,0,RUN_FAIL,Kernel execution failed
fp8,197,173,256,s_64x64_k128_mem,17.227458990890536,12.688875198364258,0,0,UNSUPPORTED,Problem size not supported by kernel
fp8,197,229,256,s_64x64_k64_mem,20.263763323907234,8.511066436767578,0,0,UNSUPPORTED,Problem size not supported by kernel
fp8,197,281,128,s_64x64_k64_mem,15.52345636292706,8.404970169067383,0,0,UNSUPPORTED,Problem size not supported by kernel
fp8,199,5,128,m_128x128_k64_mem,19.405868796175458,10.080099105834961,0,0,RUN_FAIL,Kernel execution failed
fp8,199,15,1024,m_128x128_k64_mem,2.507196447795476,11.574506759643555,0,0,RUN_FAIL,Kernel execution failed
fp8,199,47,1024,s_64x64_k128_mem,10.55241538801035,12.935876846313477,0,0,UNSUPPORTED,Problem size not supported by kernel
fp8,199,83,512,m_128x128_k64_mem,11.725547489233787,8.567094802856445,0,0,RUN_FAIL,Kernel execution failed
fp8,199,113,512,m_128x128_k64_mem,15.27781652273716,12.845754623413086,0,0,RUN_FAIL,Kernel execution failed
fp8,199,151,256,s_64x64_k128_mem,17.25397035432631,12.868881225585938,0,0,UNSUPPORTED,Problem size not supported by kernel
fp8,199,199,256,s_64x64_k64_mem,20.170622384365878,12.68768310546875,0,0,UNSUPPORTED,Problem size not supported by kernel
fp8,199,263,128,s_64x64_k64_mem,15.52345636292706,14.583349227905273,0,0,UNSUPPORTED,Problem size not supported by kernel
fp8,199,313,128,s_64x64_k64_mem,20.02776891355812,15.048027038574219,0,0,UNSUPPORTED,Problem size not supported by kernel
fp8,211,7,1024,m_128x128_k128_v3,4.594909065116276,13.184547424316406,0,0,RUN_FAIL,Kernel execution failed
fp8,211,33,1024,s_64x64_k128_mem,6.904933787978423,12.649297714233398,0,0,UNSUPPORTED,Problem size not supported by kernel
fp8,211,71,512,s_64x64_k128_mem,10.857795619530775,6.551980972290039,0,0,UNSUPPORTED,Problem size not supported by kernel
fp8,211,103,512,m_128x128_k64_mem,12.066178396647604,12.86172866821289,0,0,RUN_FAIL,Kernel execution failed
fp8,211,131,512,s_64x64_k128_mem,18.955413379200962,11.629343032836914,0,0,UNSUPPORTED,Problem size not supported by kernel
fp8,211,181,256,s_64x64_k128_mem,18.14412927391642,10.700464248657227,0,0,UNSUPPORTED,Problem size not supported by kernel
fp8,211,239,256,s_64x64_k128_mem,21.824634548164322,8.661985397338867,0,0,UNSUPPORTED,Problem size not supported by kernel
fp8,211,293,128,s_64x64_k64_mem,22.285379329505165,16.687870025634766,0,0,UNSUPPORTED,Problem size not supported by kernel
fp8,223,9,128,m_128x128_k128_iw_v3,1.102086758422242,10.577678680419922,0,0,RUN_FAIL,Kernel execution failed
fp8,223,19,1024,m_128x128_k64_mem,7.266842665735188,10.429143905639648,0,0,RUN_FAIL,Kernel execution failed
fp8,223,59,1024,s_64x64_k128_mem,10.522843967183107,11.653900146484375,0,0,UNSUPPORTED,Problem size not supported by kernel
fp8,223,91,512,m_128x128_k64_mem,12.072097033717274,6.7386627197265625,0,0,RUN_FAIL,Kernel execution failed
fp8,223,119,512,m_128x128_k64_mem,15.948484062877803,12.913703918457031,0,0,RUN_FAIL,Kernel execution failed
fp8,223,163,256,s_64x64_k128_mem,18.450146160552883,12.870311737060547,0,0,UNSUPPORTED,Problem size not supported by kernel
fp8,223,223,256,s_64x64_k128_mem,22.643989322590407,9.918212890625,0,0,UNSUPPORTED,Problem size not supported by kernel
fp8,223,271,128,s_64x64_k64_mem,22.468848713336097,17.969131469726562,0,0,UNSUPPORTED,Problem size not supported by kernel
fp8,223,331,128,s_64x64_k64_mem,40.027481877909,19.346237182617188,0,0,UNSUPPORTED,Problem size not supported by kernel
fp8,227,11,1024,m_128x128_k128_v3,4.627046863514072,18.257856369018555,0,0,RUN_FAIL,Kernel execution failed
fp8,227,41,1024,m_128x128_k64_mem,10.387112768248045,12.477636337280273,0,0,RUN_FAIL,Kernel execution failed
fp8,227,77,512,m_128x128_k64_mem,11.225396350382336,12.529134750366211,0,0,RUN_FAIL,Kernel execution failed
fp8,227,109,512,m_128x128_k64_mem,15.948484062877803,11.362314224243164,0,0,RUN_FAIL,Kernel execution failed
fp8,227,139,256,s_64x64_k128_mem,17.943420669842276,12.778520584106445,0,0,UNSUPPORTED,Problem size not supported by kernel
fp8,227,193,256,s_64x64_k128_mem,22.015878262391595,12.977361679077148,0,0,UNSUPPORTED,Problem size not supported by kernel
fp8,227,251,256,s_64x64_k128_mem,22.616218007489344,16.08133316040039,0,0,UNSUPPORTED,Problem size not supported by kernel
fp8,227,307,128,s_64x64_k64_mem,22.915750706010954,8.372783660888672,0,0,UNSUPPORTED,Problem size not supported by kernel
fp8,229,3,128,m_128x128_k64_mem,19.994376264609187,10.387659072875977,0,0,RUN_FAIL,Kernel execution failed
fp8,229,13,1024,m_128x128_k128_v3,4.627046863514072,12.921571731567383,0,0,RUN_FAIL,Kernel execution failed
fp8,229,43,1024,m_128x128_k64_mem,10.38848508805808,11.492252349853516,0,0,RUN_FAIL,Kernel execution failed
fp8,229,79,512,m_128x128_k64_mem,11.225396350382336,13.041257858276367,0,0,RUN_FAIL,Kernel execution failed
fp8,229,111,512,m_128x128_k64_mem,15.948484062877803,6.778478622436523,0,0,RUN_FAIL,Kernel execution failed
fp8,229,149,256,s_64x64_k128_mem,17.9538575851049,11.55543327331543,0,0,UNSUPPORTED,Problem size not supported by kernel
fp8,229,197,256,s_64x64_k128_mem,22.08723276105498,18.587350845336914,0,0,UNSUPPORTED,Problem size not supported by kernel
fp8,229,257,128,s_64x64_k64_mem,22.371864916745047,11.046648025512695,0,0,UNSUPPORTED,Problem size not supported by kernel
fp8,229,311,128,s_64x64_k64_mem,22.915750706010954,13.8702392578125,0,0,UNSUPPORTED,Problem size not supported by kernel
fp8,233,5,1024,m_128x128_k128_mem,22.616513359428808,8.656740188598633,0,0,RUN_FAIL,Kernel execution failed
fp8,233,31,1024,s_64x64_k128_mem,7.960271520246577,6.958961486816406,0,0,UNSUPPORTED,Problem size not supported by kernel
fp8,233,67,512,s_64x64_k64_mem,11.213869603904799,11.356592178344727,0,0,UNSUPPORTED,Problem size not supported by kernel
fp8,233,101,512,s_64x64_k128_mem,16.298377521383834,18.13530921936035,0,0,UNSUPPORTED,Problem size not supported by kernel
fp8,233,127,256,s_64x64_k128_mem,15.413935562748076,12.840747833251953,0,0,UNSUPPORTED,Problem size not supported by kernel
fp8,233,179,256,s_64x64_k128_mem,21.041288550569888,14.075517654418945,0,0,UNSUPPORTED,Problem size not supported by kernel
fp8,233,233,128,s_64x64_k64_mem,19.337073528360587,10.064840316772461,0,0,UNSUPPORTED,Problem size not supported by kernel
fp8,233,283,128,s_64x64_k64_mem,24.971030139135248,14.141321182250977,0,0,UNSUPPORTED,Problem size not supported by kernel
fp8,239,7,128,m_128x128_k128_v3,3.552196057199387,11.636018753051758,0,0,RUN_FAIL,Kernel execution failed
fp8,239,17,1024,m_128x128_k128_v3,9.693365142733615,12.680530548095703,0,0,RUN_FAIL,Kernel execution failed
fp8,239,51,1024,m_128x128_k128_v3,13.827266787295422,6.684303283691406,0,0,RUN_FAIL,Kernel execution failed
fp8,239,89,512,m_128x128_k64_mem,13.535181413491507,13.260364532470703,0,0,RUN_FAIL,Kernel execution failed
fp8,239,117,512,m_128x128_k64_mem,18.105623987471724,7.468223571777344,0,0,RUN_FAIL,Kernel execution failed
fp8,239,157,256,s_64x64_k128_mem,21.14406386664542,15.49220085144043,0,0,UNSUPPORTED,Problem size not supported by kernel
fp8,239,211,256,s_64x64_k128_mem,24.71131864521955,11.929035186767578,0,0,UNSUPPORTED,Problem size not supported by kernel
fp8,239,269,128,s_64x64_k64_mem,24.54476804325655,14.323234558105469,0,0,UNSUPPORTED,Problem size not supported by kernel
fp8,239,317,128,s_64x64_k64_mem,27.266594635590426,14.870405197143555,0,0,UNSUPPORTED,Problem size not supported by kernel
fp8,241,9,1024,m_128x128_k128_v3,9.114178393331926,14.402389526367188,0,0,RUN_FAIL,Kernel execution failed
fp8,241,37,1024,m_128x128_k128_v3,9.736429483898887,12.665748596191406,0,0,RUN_FAIL,Kernel execution failed
fp8,241,73,512,m_128x128_k64_mem,12.549352356150074,12.778759002685547,0,0,RUN_FAIL,Kernel execution failed
fp8,241,107,512,m_128x128_k64_mem,18.105623987471724,13.961315155029297,0,0,RUN_FAIL,Kernel execution failed
fp8,241,137,256,s_64x64_k128_mem,20.5999399634535,16.666650772094727,0,0,UNSUPPORTED,Problem size not supported by kernel
fp8,241,191,256,s_64x64_k128_mem,21.291620945886134,10.658502578735352,0,0,UNSUPPORTED,Problem size not supported by kernel
fp8,241,241,128,s_64x64_k64_mem,23.839387702063075,12.381792068481445,0,0,UNSUPPORTED,Problem size not supported by kernel
fp8,241,299,128,s_64x64_k64_mem,24.811733334511132,12.802839279174805,0,0,UNSUPPORTED,Problem size not supported by kernel
fp8,241,331,1024,s_64x64_k128_mem,72.49591223365493,13.483047485351562,0,0,UNSUPPORTED,Problem size not supported by kernel
fp8,251,23,1024,s_64x64_k128_mem,10.862148741614854,14.154672622680664,0,0,UNSUPPORTED,Problem size not supported by kernel
fp8,251,61,1024,s_64x64_k128_mem,14.374993801085527,14.236927032470703,0,0,UNSUPPORTED,Problem size not supported by kernel
fp8,251,97,512,s_64x64_k128_mem,17.43543279725498,12.31837272644043,0,0,UNSUPPORTED,Problem size not supported by kernel
fp8,251,121,512,m_128x128_k64_mem,19.24277450281113,10.321855545043945,0,0,RUN_FAIL,Kernel execution failed
fp8,251,167,256,s_64x64_k128_mem,23.46024801505126,12.307405471801758,0,0,UNSUPPORTED,Problem size not supported by kernel
fp8,251,227,256,s_64x64_k128_mem,29.059275499289956,14.620065689086914,0,0,UNSUPPORTED,Problem size not supported by kernel
fp8,251,277,128,s_64x64_k64_mem,30.45706468328538,14.402627944946289,0,0,UNSUPPORTED,Problem size not supported by kernel
fp8,251,337,128,s_64x64_k64_mem,49.057261491608706,6.6318511962890625,0,0,UNSUPPORTED,Problem size not supported by kernel
fp8,257,3,1024,m_128x128_k128_mem,22.109815307456035,8.491039276123047,0,0,RUN_FAIL,Kernel execution failed
fp8,257,27,1024,s_64x64_k128_mem,7.379811517582395,14.858484268188477,0,0,UNSUPPORTED,Problem size not supported by kernel
fp8,257,63,512,m_128x128_k64_mem,9.911370217518298,15.439033508300781,0,0,RUN_FAIL,Kernel execution failed
fp8,257,99,512,m_128x128_k64_mem,14.70961540080416,12.93492317199707,0,0,RUN_FAIL,Kernel execution failed
fp8,257,123,256,m_128x128_k64_mem,12.562038621094183,13.0157470703125,0,0,RUN_FAIL,Kernel execution failed
fp8,257,173,256,s_64x64_k128_mem,21.26575199011616,10.721445083618164,0,0,UNSUPPORTED,Problem size not supported by kernel
fp8,257,229,128,s_64x64_k128_mem,20.4900880826031,12.548208236694336,0,0,UNSUPPORTED,Problem size not supported by kernel
fp8,257,281,128,s_64x64_k64_mem,39.15705777986312,14.54925537109375,0,0,UNSUPPORTED,Problem size not supported by kernel
fp8,257,311,1024,s_64x64_k128_mem,66.90426929611537,13.744831085205078,0,0,UNSUPPORTED,Problem size not supported by kernel
fp8,263,15,1024,m_128x128_k128_mem,2.514092801214652,13.941049575805664,0,0,RUN_FAIL,Kernel execution failed
fp8,263,47,512,m_128x128_k64_mem,9.03589745913812,12.757539749145508,0,0,RUN_FAIL,Kernel execution failed
fp8,263,83,512,m_128x128_k64_mem,10.582393530108149,12.629508972167969,0,0,RUN_FAIL,Kernel execution failed
fp8,263,113,512,m_128x128_k64_mem,15.695985751875552,11.14034652709961,0,0,RUN_FAIL,Kernel execution failed
fp8,263,151,256,s_64x64_k128_mem,21.902914672418788,11.569738388061523,0,0,UNSUPPORTED,Problem size not supported by kernel
fp8,263,199,256,s_64x64_k128_mem,19.382073386633326,12.47549057006836,0,0,UNSUPPORTED,Problem size not supported by kernel
fp8,263,263,128,s_64x64_k64_mem,39.19342030938658,7.215023040771484,0,0,UNSUPPORTED,Problem size not supported by kernel
fp8,263,313,128,s_64x64_k64_mem,39.17967230509687,10.399818420410156,0,0,UNSUPPORTED,Problem size not supported by kernel
fp8,269,7,1024,m_128x128_k128_mem,22.1440431355268,13.898134231567383,0,0,RUN_FAIL,Kernel execution failed
fp8,269,33,1024,s_64x64_k128_mem,7.2362051813125445,10.921239852905273,0,0,UNSUPPORTED,Problem size not supported by kernel
fp8,269,71,512,s_64x64_k128_mem,10.1972170230934,11.363506317138672,0,0,UNSUPPORTED,Problem size not supported by kernel
fp8,269,103,512,m_128x128_k64_mem,14.958028506568755,12.33673095703125,0,0,RUN_FAIL,Kernel execution failed
fp8,269,131,256,s_64x64_k128_mem,20.909903508078035,11.838912963867188,0,0,UNSUPPORTED,Problem size not supported by kernel
fp8,269,181,256,s_64x64_k128_mem,21.141401217353096,10.727405548095703,0,0,UNSUPPORTED,Problem size not supported by kernel
fp8,269,239,128,s_64x64_k128_mem,20.606579944042387,12.387990951538086,0,0,UNSUPPORTED,Problem size not supported by kernel
fp8,269,293,128,s_64x64_k64_mem,39.16294520524459,14.700651168823242,0,0,UNSUPPORTED,Problem size not supported by kernel
fp8,269,317,1024,s_64x64_k128_mem,67.15299947833053,14.260292053222656,0,0,UNSUPPORTED,Problem size not supported by kernel
fp8,271,19,1024,m_128x128_k128_mem,9.287727086314057,13.602018356323242,0,0,RUN_FAIL,Kernel execution failed
fp8,271,59,512,m_128x128_k64_mem,9.742749321232308,16.760587692260742,0,0,RUN_FAIL,Kernel execution failed
fp8,271,91,512,s_64x64_k64_mem,10.719267261856597,12.514829635620117,0,0,UNSUPPORTED,Problem size not supported by kernel
fp8,271,119,256,m_128x128_k64_mem,12.393417724808193,16.316890716552734,0,0,RUN_FAIL,Kernel execution failed
fp8,271,163,256,s_64x64_k128_mem,21.896212029384923,11.484146118164062,0,0,UNSUPPORTED,Problem size not supported by kernel
fp8,271,223,256,s_64x64_k128_mem,19.1486259413579,10.737895965576172,0,0,UNSUPPORTED,Problem size not supported by kernel
fp8,271,271,128,s_64x64_k64_mem,39.370122828256946,11.507987976074219,0,0,UNSUPPORTED,Problem size not supported by kernel
fp8,271,331,128,s_64x64_k64_mem,39.00776372086844,12.41755485534668,0,0,UNSUPPORTED,Problem size not supported by kernel
fp8,277,11,1024,s_64x64_k128_mem,3.571347749474363,6.582975387573242,0,0,UNSUPPORTED,Problem size not supported by kernel
fp8,277,41,1024,s_64x64_k128_mem,10.034512857651455,10.934591293334961,0,0,UNSUPPORTED,Problem size not supported by kernel
fp8,277,77,512,s_64x64_k64_mem,10.571792185254521,6.603479385375977,0,0,UNSUPPORTED,Problem size not supported by kernel
fp8,277,109,512,m_128x128_k64_mem,14.721178485731178,12.153387069702148,0,0,RUN_FAIL,Kernel execution failed
fp8,277,139,256,s_64x64_k128_mem,21.92197731269127,11.488199234008789,0,0,UNSUPPORTED,Problem size not supported by kernel
fp8,277,193,256,s_64x64_k128_mem,21.749161755681552,8.296966552734375,0,0,UNSUPPORTED,Problem size not supported by kernel
fp8,277,251,128,s_64x64_k128_mem,23.1707677437371,13.730049133300781,0,0,UNSUPPORTED,Problem size not supported by kernel
fp8,277,307,128,s_64x64_k64_mem,41.08480459358816,13.438940048217773,0,0,UNSUPPORTED,Problem size not supported by kernel
fp8,277,337,1024,s_64x64_k128_mem,68.932353857374,15.03133773803711,0,0,UNSUPPORTED,Problem size not supported by kernel
fp8,281,13,1024,m_128x128_k128_mem,2.2427120421239914,16.182422637939453,0,0,RUN_FAIL,Kernel execution failed
fp8,281,43,512,m_128x128_k64_mem,8.906418556518652,9.982585906982422,0,0,RUN_FAIL,Kernel execution failed
fp8,281,79,512,s_64x64_k64_mem,10.752508790706067,12.866735458374023,0,0,UNSUPPORTED,Problem size not supported by kernel
fp8,281,111,256,s_64x64_k128_mem,9.890347279528376,8.19706916809082,0,0,UNSUPPORTED,Problem size not supported by kernel
fp8,281,149,256,s_64x64_k128_mem,22.586064244313985,17.23337173461914,0,0,UNSUPPORTED,Problem size not supported by kernel
fp8,281,197,128,s_64x64_k128_mem,18.838079459820705,10.855436325073242,0,0,UNSUPPORTED,Problem size not supported by kernel
fp8,281,257,128,s_64x64_k128_mem,40.47416296117923,8.221864700317383,0,0,UNSUPPORTED,Problem size not supported by kernel
fp8,281,311,128,s_64x64_k64_mem,41.22126258268051,6.722211837768555,0,0,UNSUPPORTED,Problem size not supported by kernel
fp8,283,5,1024,m_128x128_k128_mem,22.21068289100029,9.201765060424805,0,0,RUN_FAIL,Kernel execution failed
fp8,283,31,1024,m_128x128_k64_mem,6.315650768256414,12.847661972045898,0,0,RUN_FAIL,Kernel execution failed
fp8,283,67,512,m_128x128_k64_mem,9.738294730814225,6.681680679321289,0,0,RUN_FAIL,Kernel execution failed
fp8,283,101,512,m_128x128_k64_mem,14.435575988051347,11.551380157470703,0,0,RUN_FAIL,Kernel execution failed
fp8,283,127,256,m_128x128_k64_mem,12.929990470063046,12.796640396118164,0,0,RUN_FAIL,Kernel execution failed
fp8,283,179,256,s_64x64_k128_mem,23.214051872045005,12.578964233398438,0,0,UNSUPPORTED,Problem size not supported by kernel
fp8,283,233,128,s_64x64_k128_mem,23.54277387549464,11.022329330444336,0,0,UNSUPPORTED,Problem size not supported by kernel
fp8,283,283,128,s_64x64_k64_mem,40.9586469055023,13.22793960571289,0,0,UNSUPPORTED,Problem size not supported by kernel
fp8,283,313,1024,s_64x64_k128_mem,71.33551223413001,15.84625244140625,0,0,UNSUPPORTED,Problem size not supported by kernel
fp8,293,17,1024,m_128x128_k128_mem,2.3573338329605256,14.423370361328125,0,0,RUN_FAIL,Kernel execution failed
fp8,293,51,512,m_128x128_k64_mem,8.77720875212788,11.479377746582031,0,0,RUN_FAIL,Kernel execution failed
fp8,293,89,512,m_128x128_k64_mem,10.702935542931776,11.698246002197266,0,0,RUN_FAIL,Kernel execution failed
fp8,293,117,256,m_128x128_k64_mem,11.946411138143322,13.802766799926758,0,0,RUN_FAIL,Kernel execution failed
fp8,293,157,256,s_64x64_k128_mem,23.176653459563692,13.138771057128906,0,0,UNSUPPORTED,Problem size not supported by kernel
fp8,293,211,128,s_64x64_k128_mem,23.21897585685558,10.885953903198242,0,0,UNSUPPORTED,Problem size not supported by kernel
fp8,293,269,128,s_64x64_k128_mem,40.69395333121346,14.244318008422852,0,0,UNSUPPORTED,Problem size not supported by kernel
fp8,293,293,1024,s_64x64_k128_mem,71.33551223413001,12.658119201660156,0,0,UNSUPPORTED,Problem size not supported by kernel
fp8,299,9,1024,s_64x64_k128_mem,4.7788309861517115,12.528181076049805,0,0,UNSUPPORTED,Problem size not supported by kernel
fp8,299,37,1024,s_64x64_k128_mem,11.920283446514233,12.492179870605469,0,0,UNSUPPORTED,Problem size not supported by kernel
fp8,299,73,512,s_64x64_k128_mem,10.738789350970487,12.489557266235352,0,0,UNSUPPORTED,Problem size not supported by kernel
fp8,299,107,512,m_128x128_k64_mem,15.338175842495916,13.94343376159668,0,0,RUN_FAIL,Kernel execution failed
fp8,299,137,256,s_64x64_k128_mem,24.616964167251574,12.862682342529297,0,0,UNSUPPORTED,Problem size not supported by kernel
fp8,299,191,256,s_64x64_k128_mem,25.36806304845203,11.68203353881836,0,0,UNSUPPORTED,Problem size not supported by kernel
fp8,299,241,128,s_64x64_k128_mem,25.58690850462787,12.420177459716797,0,0,UNSUPPORTED,Problem size not supported by kernel
fp8,299,299,128,s_64x64_k64_mem,43.28395607932646,12.954235076904297,0,0,UNSUPPORTED,Problem size not supported by kernel
fp8,299,331,1024,s_64x64_k128_mem,72.01470542432943,14.357566833496094,0,0,UNSUPPORTED,Problem size not supported by kernel
fp8,307,23,1024,s_64x64_k128_mem,8.678934723105044,14.137744903564453,0,0,UNSUPPORTED,Problem size not supported by kernel
fp8,307,61,512,m_128x128_k64_mem,10.28585962322056,14.584064483642578,0,0,RUN_FAIL,Kernel execution failed
fp8,307,97,512,m_128x128_k64_mem,15.375574254977225,11.576414108276367,0,0,RUN_FAIL,Kernel execution failed
fp8,307,121,256,s_64x64_k128_mem,13.352461996637055,12.624502182006836,0,0,UNSUPPORTED,Problem size not supported by kernel
fp8,307,167,256,s_64x64_k128_mem,25.210871592677147,13.135433197021484,0,0,UNSUPPORTED,Problem size not supported by kernel
fp8,307,227,128,s_64x64_k128_mem,25.58690850462787,12.581825256347656,0,0,UNSUPPORTED,Problem size not supported by kernel
fp8,307,277,128,s_64x64_k128_mem,42.72475204078618,16.326189041137695,0,0,UNSUPPORTED,Problem size not supported by kernel
fp8,307,307,1024,s_64x64_k128_mem,75.28167914207276,13.556480407714844,0,0,UNSUPPORTED,Problem size not supported by kernel
fp8,311,3,1024,m_128x128_k128_mem,21.742031252061118,12.511491775512695,0,0,RUN_FAIL,Kernel execution failed
fp8,311,27,512,s_64x64_k128_mem,9.104776641349245,12.68148422241211,0,0,UNSUPPORTED,Problem size not supported by kernel
fp8,311,63,512,s_64x64_k128_mem,12.556389941951586,12.697219848632812,0,0,UNSUPPORTED,Problem size not supported by kernel
fp8,311,99,512,s_64x64_k128_mem,17.65465091634657,18.324613571166992,0,0,UNSUPPORTED,Problem size not supported by kernel
fp8,311,123,256,s_64x64_k128_mem,16.36803681295645,9.864330291748047,0,0,UNSUPPORTED,Problem size not supported by kernel
fp8,311,173,256,s_64x64_k128_mem,31.273584318329352,13.652563095092773,0,0,UNSUPPORTED,Problem size not supported by kernel
fp8,311,229,128,s_64x64_k128_mem,29.977478266198116,12.649774551391602,0,0,UNSUPPORTED,Problem size not supported by kernel
fp8,311,281,128,s_64x64_k128_mem,48.212281873284724,14.355182647705078,0,0,UNSUPPORTED,Problem size not supported by kernel
fp8,311,311,1024,s_64x64_k128_mem,82.58857480765177,10.536432266235352,0,0,UNSUPPORTED,Problem size not supported by kernel
fp8,313,15,1024,s_64x64_k128_mem,5.8820128356466315,8.673667907714844,0,0,UNSUPPORTED,Problem size not supported by kernel
fp8,313,47,512,s_64x64_k128_mem,11.808942530171578,12.519359588623047,0,0,UNSUPPORTED,Problem size not supported by kernel
fp8,313,83,512,s_64x64_k64_mem,14.486291719078855,19.412755966186523,0,0,UNSUPPORTED,Problem size not supported by kernel
fp8,313,113,256,s_64x64_k128_mem,16.36803681295645,11.586427688598633,0,0,UNSUPPORTED,Problem size not supported by kernel
fp8,313,151,256,s_64x64_k128_mem,31.15051401887076,12.996673583984375,0,0,UNSUPPORTED,Problem size not supported by kernel
fp8,313,199,128,s_64x64_k128_mem,29.779388711913306,10.524988174438477,0,0,UNSUPPORTED,Problem size not supported by kernel
fp8,313,263,128,s_64x64_k128_mem,48.14599253113737,14.194965362548828,0,0,UNSUPPORTED,Problem size not supported by kernel
fp8,313,283,1024,s_64x64_k128_mem,80.87172619977368,12.370824813842773,0,0,UNSUPPORTED,Problem size not supported by kernel
fp8,317,7,1024,m_128x128_k128_mem,21.813385750724503,12.384891510009766,0,0,RUN_FAIL,Kernel execution failed
fp8,317,33,512,s_64x64_k128_mem,8.993816574988022,12.837886810302734,0,0,UNSUPPORTED,Problem size not supported by kernel
fp8,317,71,512,s_64x64_k128_mem,13.87230993450552,12.860536575317383,0,0,UNSUPPORTED,Problem size not supported by kernel
fp8,317,103,256,s_64x64_k128_mem,12.975774017605954,13.744115829467773,0,0,UNSUPPORTED,Problem size not supported by kernel
fp8,317,131,256,s_64x64_k128_mem,29.85137948519639,8.615732192993164,0,0,UNSUPPORTED,Problem size not supported by kernel
fp8,317,181,256,s_64x64_k128_mem,30.72042413361245,9.908914566040039,0,0,UNSUPPORTED,Problem size not supported by kernel
fp8,317,239,128,s_64x64_k128_mem,33.08773766009415,6.815433502197266,0,0,UNSUPPORTED,Problem size not supported by kernel
fp8,317,293,128,s_64x64_k128_mem,49.112042975835855,8.567571640014648,0,0,UNSUPPORTED,Problem size not supported by kernel
fp8,317,317,1024,s_64x64_k128_mem,84.20324504061286,11.188507080078125,0,0,UNSUPPORTED,Problem size not supported by kernel
fp8,331,19,1024,s_64x64_k128_mem,10.057204470920894,11.007308959960938,0,0,UNSUPPORTED,Problem size not supported by kernel
fp8,331,59,512,s_64x64_k128_mem,10.887834352675073,8.371353149414062,0,0,UNSUPPORTED,Problem size not supported by kernel
fp8,331,91,512,s_64x64_k64_mem,18.956852791560145,13.70549201965332,0,0,UNSUPPORTED,Problem size not supported by kernel
fp8,331,119,256,s_64x64_k128_mem,18.09338821747131,10.070323944091797,0,0,UNSUPPORTED,Problem size not supported by kernel
fp8,331,163,256,s_64x64_k128_mem,23.896895599791204,8.891820907592773,0,0,UNSUPPORTED,Problem size not supported by kernel
fp8,331,223,128,s_64x64_k128_mem,40.543590847743545,18.543004989624023,0,0,UNSUPPORTED,Problem size not supported by kernel
fp8,331,271,128,s_64x64_k128_mem,39.6603012017274,8.921146392822266,0,0,UNSUPPORTED,Problem size not supported by kernel
fp8,331,299,1024,s_64x64_k128_mem,67.34638522235001,10.319232940673828,0,0,UNSUPPORTED,Problem size not supported by kernel
fp8,337,11,1024,s_64x64_k128_mem,6.684306879610425,13.903141021728516,0,0,UNSUPPORTED,Problem size not supported by kernel
fp8,337,41,512,s_64x64_k128_mem,11.91411321320722,14.335870742797852,0,0,UNSUPPORTED,Problem size not supported by kernel
fp8,337,77,512,s_64x64_k128_mem,15.359179035004423,9.444236755371094,0,0,UNSUPPORTED,Problem size not supported by kernel
fp8,337,109,256,s_64x64_k128_mem,17.99584827666975,13.53144645690918,0,0,UNSUPPORTED,Problem size not supported by kernel
fp8,337,139,256,s_64x64_k128_mem,24.52207991648757,6.844520568847656,0,0,UNSUPPORTED,Problem size not supported by kernel
fp8,337,193,128,s_64x64_k128_mem,41.457687596069675,13.098478317260742,0,0,UNSUPPORTED,Problem size not supported by kernel
fp8,337,251,128,s_64x64_k128_mem,40.3802538487255,8.539438247680664,0,0,UNSUPPORTED,Problem size not supported by kernel
fp8,337,307,128,s_64x64_k128_mem,40.3768493480969,8.390188217163086,0,0,UNSUPPORTED,Problem size not supported by kernel
fp8,337,337,1024,s_64x64_k128_mem,73.28394388552361,9.48786735534668,0,0,UNSUPPORTED,Problem size not supported by kernel
fp8,3,512,3,m_128x128_k64_iw_v3,2.5924219105328543,13.931989669799805,0,0,RUN_FAIL,Kernel execution failed
fp8,5,5,64,s_64x64_k128_mem,2.545534833401944,10.119438171386719,0,0,UNSUPPORTED,Problem size not supported by kernel
fp8,512,5,5,s_64x64_k128_mem,23.0452370820911,9.297370910644531,0,0,UNSUPPORTED,Problem size not supported by kernel
fp8,7,64,7,m_128x128_k64_iw_v3,-0.5991852159842435,14.563560485839844,0,0,RUN_FAIL,Kernel execution failed
fp8,7,1024,7,m_128x128_k64_iw_v3,2.6339187531808816,17.363548278808594,0,0,RUN_FAIL,Kernel execution failed
fp8,64,9,9,s_64x64_k128_mem,-3.9296324389410304,12.672185897827148,0,0,UNSUPPORTED,Problem size not supported by kernel
fp8,1024,9,9,s_64x64_k128_mem,30.975358860521023,8.526325225830078,0,0,UNSUPPORTED,Problem size not supported by kernel
fp8,11,128,11,m_128x128_k64_iw_v3,0.7273090985595695,8.65793228149414,0,0,RUN_FAIL,Kernel execution failed
fp8,11,11,2048,s_64x64_k128_mem,-0.16987723842124833,11.621713638305664,0,0,UNSUPPORTED,Problem size not supported by kernel
fp8,128,13,13,s_64x64_k64_mem,-0.41049773928778516,8.689165115356445,0,0,UNSUPPORTED,Problem size not supported by kernel
fp8,13,2048,13,m_128x128_k16_v3,2.5342911929952896,14.509916305541992,0,0,RUN_FAIL,Kernel execution failed
fp8,15,256,15,m_128x128_k64_iw_v3,1.0882054144728883,13.429880142211914,0,0,RUN_FAIL,Kernel execution failed
fp8,2048,15,15,s_64x64_k128_mem,36.18631571873395,7.578849792480469,0,0,UNSUPPORTED,Problem size not supported by kernel
fp8,256,17,17,m_128x128_k64_mem,2.2631193899776854,6.6356658935546875,0,0,RUN_FAIL,Kernel execution failed
fp8,19,19,64,m_128x128_k64_mem,1.4563969415314972,6.782293319702148,0,0,RUN_FAIL,Kernel execution failed
fp8,19,512,19,m_128x128_k64_iw_v3,2.4645038034214815,6.793975830078125,0,0,RUN_FAIL,Kernel execution failed
fp8,23,64,23,m_128x128_k64_mem,-0.2590830848558384,12.573480606079102,0,0,RUN_FAIL,Kernel execution failed
fp8,23,1024,23,m_128x128_k32_v3,3.0649512023413727,11.650562286376953,0,0,RUN_FAIL,Kernel execution failed
fp8,64,27,27,m_128x128_k64_iw_v3,0.9628503186227109,12.887716293334961,0,0,RUN_FAIL,Kernel execution failed
fp8,1024,27,27,s_64x64_k64_mem,31.141749261964197,11.566877365112305,0,0,UNSUPPORTED,Problem size not supported by kernel
fp8,31,128,31,m_128x128_k64_iw_v3,-0.1173477280674372,12.769460678100586,0,0,RUN_FAIL,Kernel execution failed
fp8,31,31,2048,s_64x64_k128_mem,3.5419721372364696,11.47317886352539,0,0,UNSUPPORTED,Problem size not supported by kernel
fp8,128,33,33,s_64x64_k128_mem,-1.4117058692171303,6.60395622253418,0,0,UNSUPPORTED,Problem size not supported by kernel
fp8,33,2048,33,s_64x64_k64_mem,16.264455127996072,8.493900299072266,0,0,UNSUPPORTED,Problem size not supported by kernel
fp8,37,256,37,s_64x64_k64_mem,4.137848379678592,10.51473617553711,0,0,UNSUPPORTED,Problem size not supported by kernel
fp8,2048,37,37,s_64x64_k128_mem,41.27296625176219,14.665842056274414,0,0,UNSUPPORTED,Problem size not supported by kernel
fp8,256,41,41,s_64x64_k128_mem,6.198964513143973,6.602287292480469,0,0,UNSUPPORTED,Problem size not supported by kernel
fp8,43,43,64,m_128x128_k64_mem,5.673120501129214,8.601188659667969,0,0,RUN_FAIL,Kernel execution failed
fp8,43,512,43,s_64x64_k128_mem,8.091566410021082,10.757207870483398,0,0,UNSUPPORTED,Problem size not supported by kernel
fp8,47,64,47,m_128x128_k64_mem,3.6233977308418717,13.114452362060547,0,0,RUN_FAIL,Kernel execution failed
fp8,512,47,47,s_64x64_k64_mem,12.092847124701727,12.78233528137207,0,0,UNSUPPORTED,Problem size not supported by kernel
fp8,64,51,51,s_64x64_k128_mem,3.659251041940593,12.895584106445312,0,0,UNSUPPORTED,Problem size not supported by kernel
fp8,51,1024,51,s_64x64_k128_mem,12.032790068824921,13.591766357421875,0,0,UNSUPPORTED,Problem size not supported by kernel
fp8,59,128,59,s_64x64_k128_mem,3.4773917330468858,10.015726089477539,0,0,UNSUPPORTED,Problem size not supported by kernel
fp8,1024,59,59,s_64x64_k64_mem,22.989939556059262,9.653329849243164,0,0,UNSUPPORTED,Problem size not supported by kernel
fp8,128,61,61,s_64x64_k128_mem,6.148666110065903,11.129379272460938,0,0,UNSUPPORTED,Problem size not supported by kernel
fp8,61,2048,61,s_64x64_k64_mem,30.86741967788224,14.267444610595703,0,0,UNSUPPORTED,Problem size not supported by kernel
fp8,63,256,63,s_64x64_k64_mem,5.69046921695102,13.679742813110352,0,0,UNSUPPORTED,Problem size not supported by kernel
fp8,2048,63,63,s_64x64_k64_mem,29.217838220388266,14.215469360351562,0,0,UNSUPPORTED,Problem size not supported by kernel
fp8,256,67,67,s_64x64_k128_mem,6.761417479014014,11.022806167602539,0,0,UNSUPPORTED,Problem size not supported by kernel
fp8,71,71,64,m_128x128_k64_mem,2.4180468230828445,16.214370727539062,0,0,RUN_FAIL,Kernel execution failed
fp8,71,512,71,s_64x64_k128_mem,14.18968164934989,13.052701950073242,0,0,UNSUPPORTED,Problem size not supported by kernel
fp8,73,64,73,s_64x64_k128_mem,2.587761151304284,12.987136840820312,0,0,UNSUPPORTED,Problem size not supported by kernel
fp8,512,73,73,s_64x64_k128_mem,23.78695407705466,11.188745498657227,0,0,UNSUPPORTED,Problem size not supported by kernel
fp8,64,77,77,s_64x64_k128_mem,5.073902533869566,6.881475448608398,0,0,UNSUPPORTED,Problem size not supported by kernel
fp8,77,1024,77,r_128x64_k32_v3,17.677328414513724,14.026641845703125,0,0,RUN_FAIL,Kernel execution failed
fp8,79,128,79,s_64x64_k128_mem,2.670139871676018,12.991189956665039,0,0,UNSUPPORTED,Problem size not supported by kernel
fp8,1024,79,79,s_64x64_k64_mem,33.20684817972451,10.446310043334961,0,0,UNSUPPORTED,Problem size not supported by kernel
fp8,128,83,83,m_128x128_k64_mem,9.016698888131327,20.345687866210938,0,0,RUN_FAIL,Kernel execution failed
fp8,83,83,2048,s_64x64_k128_mem,11.560542786420893,11.525630950927734,0,0,UNSUPPORTED,Problem size not supported by kernel
fp8,89,256,89,s_64x64_k128_mem,10.630647449815934,12.810468673706055,0,0,UNSUPPORTED,Problem size not supported by kernel
fp8,89,2048,89,s_64x64_k64_mem,31.404787643002777,12.351036071777344,0,0,UNSUPPORTED,Problem size not supported by kernel
fp8,256,91,91,s_64x64_k128_mem,13.004578422250013,16.437292098999023,0,0,UNSUPPORTED,Problem size not supported by kernel
fp8,2048,91,91,s_64x64_k64_mem,44.8054748467417,13.791561126708984,0,0,UNSUPPORTED,Problem size not supported by kernel
fp8,97,512,97,s_64x64_k128_mem,16.399749895299493,15.0604248046875,0,0,UNSUPPORTED,Problem size not supported by kernel
fp8,99,64,99,s_64x64_k128_mem,3.23122053897051,13.936042785644531,0,0,UNSUPPORTED,Problem size not supported by kernel
fp8,512,99,99,s_64x64_k128_mem,24.154293876232455,10.560274124145508,0,0,UNSUPPORTED,Problem size not supported by kernel
fp8,64,101,101,s_64x64_k128_mem,4.906310603787871,10.777473449707031,0,0,UNSUPPORTED,Problem size not supported by kernel
fp8,101,1024,101,s_64x64_k64_mem,16.891664392885154,14.078617095947266,0,0,UNSUPPORTED,Problem size not supported by kernel
fp8,103,128,103,m_128x128_k64_mem,6.45137791552947,14.395475387573242,0,0,RUN_FAIL,Kernel execution failed
fp8,1024,103,103,s_64x64_k64_mem,34.138264750269,11.745452880859375,0,0,UNSUPPORTED,Problem size not supported by kernel
fp8,128,107,107,m_128x128_k64_mem,8.954030046463787,12.783050537109375,0,0,RUN_FAIL,Kernel execution failed
fp8,107,107,2048,m_128x128_k128_v3,15.804987974097815,11.598348617553711,0,0,RUN_FAIL,Kernel execution failed
fp8,109,256,109,s_64x64_k64_mem,10.86905170368393,11.504411697387695,0,0,UNSUPPORTED,Problem size not supported by kernel
fp8,109,2048,109,s_64x64_k128_mem,37.957880881108004,13.391733169555664,0,0,UNSUPPORTED,Problem size not supported by kernel
fp8,256,111,111,s_64x64_k128_mem,13.230463705904596,18.360614776611328,0,0,UNSUPPORTED,Problem size not supported by kernel
fp8,2048,111,111,s_64x64_k128_mem,47.31312706359212,10.248661041259766,0,0,UNSUPPORTED,Problem size not supported by kernel
fp8,113,512,113,s_64x64_k128_mem,18.362224589813007,17.116785049438477,0,0,UNSUPPORTED,Problem size not supported by kernel
fp8,117,117,64,m_128x128_k64_mem,6.608461887403587,14.421939849853516,0,0,RUN_FAIL,Kernel execution failed
fp8,512,117,117,s_64x64_k128_mem,23.88111137505716,11.564016342163086,0,0,UNSUPPORTED,Problem size not supported by kernel
fp8,119,64,119,s_64x64_k128_mem,6.092743422557878,16.87765121459961,0,0,UNSUPPORTED,Problem size not supported by kernel
fp8,119,1024,119,s_64x64_k128_mem,31.27098666319735,14.310836791992188,0,0,UNSUPPORTED,Problem size not supported by kernel
fp8,64,121,121,s_64x64_k128_mem,5.9957060423364865,18.195390701293945,0,0,UNSUPPORTED,Problem size not supported by kernel
fp8,1024,121,121,s_64x64_k64_mem,37.46274883377002,13.737201690673828,0,0,UNSUPPORTED,Problem size not supported by kernel
fp8,128,123,123,m_128x128_k64_mem,10.08385525377543,15.33055305480957,0,0,RUN_FAIL,Kernel execution failed
fp8,123,123,2048,m_128x128_k128_v3,17.564099137459053,11.676549911499023,0,0,RUN_FAIL,Kernel execution failed
fp8,127,256,127,s_64x64_k128_mem,13.673552831566083,12.00556755065918,0,0,UNSUPPORTED,Problem size not supported by kernel
fp8,127,2048,127,s_64x64_k64_mem,87.2292352006972,14.158487319946289,0,0,UNSUPPORTED,Problem size not supported by kernel
fp8,256,131,131,s_64x64_k128_mem,19.125809335144684,9.960174560546875,0,0,UNSUPPORTED,Problem size not supported by kernel
fp8,2048,131,131,s_64x64_k128_mem,107.90920921103316,14.19520378112793,0,0,UNSUPPORTED,Problem size not supported by kernel
fp8,137,512,137,s_64x64_k128_mem,15.167112425525085,13.911724090576172,0,0,UNSUPPORTED,Problem size not supported by kernel
fp8,139,139,64,m_128x128_k64_mem,9.947058636104442,14.929533004760742,0,0,RUN_FAIL,Kernel execution failed
fp8,512,139,139,s_64x64_k128_mem,26.16290875899826,16.905546188354492,0,0,UNSUPPORTED,Problem size not supported by kernel
fp8,149,64,149,m_128x128_k64_mem,8.368158256714517,17.692089080810547,0,0,RUN_FAIL,Kernel execution failed
fp8,149,1024,149,s_64x64_k128_mem,61.834730968404415,13.18669319152832,0,0,UNSUPPORTED,Problem size not supported by kernel
fp8,64,151,151,s_64x64_k128_mem,8.21120884709842,12.722253799438477,0,0,UNSUPPORTED,Problem size not supported by kernel
fp8,1024,151,151,s_64x64_k128_mem,81.99963547776457,12.008905410766602,0,0,UNSUPPORTED,Problem size not supported by kernel
fp8,157,128,157,m_128x128_k64_mem,8.34610272264538,18.228769302368164,0,0,RUN_FAIL,Kernel execution failed
fp8,157,157,2048,s_64x64_k128_mem,15.617568304155181,11.378049850463867,0,0,UNSUPPORTED,Problem size not supported by kernel
fp8,128,163,163,s_64x64_k128_mem,11.043105420558046,11.304140090942383,0,0,UNSUPPORTED,Problem size not supported by kernel
fp8,163,2048,163,s_64x64_k64_mem,78.1193178086273,12.865781784057617,0,0,UNSUPPORTED,Problem size not supported by kernel
fp8,167,256,167,s_64x64_k64_mem,19.53989019956967,10.447978973388672,0,0,UNSUPPORTED,Problem size not supported by kernel
fp8,2048,167,167,s_64x64_k64_mem,109.77904723594683,10.934829711914062,0,0,UNSUPPORTED,Problem size not supported by kernel
fp8,173,512,173,s_64x64_k128_mem,42.12122439042645,9.879827499389648,0,0,UNSUPPORTED,Problem size not supported by kernel
fp8,179,179,64,s_64x64_k128_mem,10.404650416871297,10.425806045532227,0,0,UNSUPPORTED,Problem size not supported by kernel
fp8,512,179,179,s_64x64_k128_mem,48.23258050329831,12.704133987426758,0,0,UNSUPPORTED,Problem size not supported by kernel
fp8,181,64,181,m_128x128_k64_mem,8.105341150193953,14.124870300292969,0,0,RUN_FAIL,Kernel execution failed
fp8,181,1024,181,s_64x64_k64_mem,70.20787179761199,14.72163200378418,0,0,UNSUPPORTED,Problem size not supported by kernel
fp8,64,191,191,s_64x64_k128_mem,8.78692136014848,11.490106582641602,0,0,UNSUPPORTED,Problem size not supported by kernel
fp8,1024,191,191,s_64x64_k64_mem,86.07818787636474,9.901046752929688,0,0,UNSUPPORTED,Problem size not supported by kernel
fp8,193,128,193,s_64x64_k128_mem,9.070688957419422,15.04969596862793,0,0,UNSUPPORTED,Problem size not supported by kernel
fp8,193,193,2048,s_64x64_k128_mem,25.040900263958644,15.33365249633789,0,0,UNSUPPORTED,Problem size not supported by kernel
fp8,128,197,197,s_64x64_k128_mem,13.814646647005466,8.951663970947266,0,0,UNSUPPORTED,Problem size not supported by kernel
fp8,197,2048,197,s_64x64_k64_mem,79.61831360554993,14.728307723999023,0,0,UNSUPPORTED,Problem size not supported by kernel
fp8,199,256,199,s_64x64_k64_mem,19.648145136380446,13.18049430847168,0,0,UNSUPPORTED,Problem size not supported by kernel
fp8,2048,199,199,s_64x64_k64_mem,113.47176862269129,8.516073226928711,0,0,UNSUPPORTED,Problem size not supported by kernel
fp8,256,211,211,s_64x64_k128_mem,29.14695288426459,10.189294815063477,0,0,UNSUPPORTED,Problem size not supported by kernel
fp8,223,223,64,s_64x64_k64_mem,18.891497531235864,10.24627685546875,0,0,UNSUPPORTED,Problem size not supported by kernel
fp8,223,512,223,s_64x64_k128_mem,47.12921927180478,14.8468017578125,0,0,UNSUPPORTED,Problem size not supported by kernel
fp8,227,64,227,m_128x128_k64_mem,7.799372858404718,10.643720626831055,0,0,RUN_FAIL,Kernel execution failed
fp8,512,227,227,s_64x64_k128_mem,60.144789200508725,11.415481567382812,0,0,UNSUPPORTED,Problem size not supported by kernel
fp8,64,229,229,s_64x64_k128_mem,10.964477361750369,12.650251388549805,0,0,UNSUPPORTED,Problem size not supported by kernel
fp8,1024,229,229,s_64x64_k64_mem,87.15631438440509,13.191461563110352,0,0,UNSUPPORTED,Problem size not supported by kernel
fp8,233,128,233,s_64x64_k128_mem,10.92832856672626,9.122610092163086,0,0,UNSUPPORTED,Problem size not supported by kernel
fp8,233,233,2048,s_64x64_k128_mem,30.388959611874007,14.249563217163086,0,0,UNSUPPORTED,Problem size not supported by kernel
fp8,128,239,239,s_64x64_k128_mem,17.86084592724082,9.835243225097656,0,0,UNSUPPORTED,Problem size not supported by kernel
fp8,239,2048,239,s_64x64_k128_mem,95.86460256162741,10.499715805053711,0,0,UNSUPPORTED,Problem size not supported by kernel
fp8,241,256,241,s_64x64_k64_mem,23.245077152539857,9.233951568603516,0,0,UNSUPPORTED,Problem size not supported by kernel
fp8,2048,241,241,s_64x64_k64_mem,120.77676699044133,9.348392486572266,0,0,UNSUPPORTED,Problem size not supported by kernel
fp8,256,251,251,s_64x64_k128_mem,30.81690233539368,15.282869338989258,0,0,UNSUPPORTED,Problem size not supported by kernel
fp8,257,257,64,s_64x64_k64_mem,16.043646910670972,13.514518737792969,0,0,UNSUPPORTED,Problem size not supported by kernel
fp8,257,512,257,s_64x64_k128_mem,57.47511743610678,18.66912841796875,0,0,UNSUPPORTED,Problem size not supported by kernel
fp8,263,64,263,s_64x64_k128_mem,7.124700720483211,12.440204620361328,0,0,UNSUPPORTED,Problem size not supported by kernel
fp8,512,263,263,s_64x64_k128_mem,79.59367360651956,9.668350219726562,0,0,UNSUPPORTED,Problem size not supported by kernel
fp8,64,269,269,s_64x64_k128_mem,10.496783394275356,21.898508071899414,0,0,UNSUPPORTED,Problem size not supported by kernel
fp8,269,1024,269,s_64x64_k128_mem,112.77872648410462,11.234760284423828,0,0,UNSUPPORTED,Problem size not supported by kernel
fp8,271,128,271,m_128x128_k64_mem,12.393417724808193,6.631374359130859,0,0,RUN_FAIL,Kernel execution failed
fp8,1024,271,271,s_64x64_k64_mem,125.76280846632915,15.17343521118164,0,0,UNSUPPORTED,Problem size not supported by kernel
fp8,128,277,277,s_64x64_k128_mem,18.190080415562605,11.636972427368164,0,0,UNSUPPORTED,Problem size not supported by kernel
fp8,277,277,2048,s_64x64_k128_mem,73.1734628193828,9.091854095458984,0,0,UNSUPPORTED,Problem size not supported by kernel
fp8,281,256,281,s_64x64_k128_mem,23.723387016503473,13.856887817382812,0,0,UNSUPPORTED,Problem size not supported by kernel
fp8,2048,281,281,s_64x64_k128_mem,176.62044116958637,13.296127319335938,0,0,UNSUPPORTED,Problem size not supported by kernel
fp8,256,283,283,s_64x64_k128_mem,33.486720496078995,12.891292572021484,0,0,UNSUPPORTED,Problem size not supported by kernel
fp8,293,293,64,s_64x64_k64_mem,19.09934881372778,10.203123092651367,0,0,UNSUPPORTED,Problem size not supported by kernel
fp8,293,512,293,s_64x64_k64_mem,63.17909407403864,13.173103332519531,0,0,UNSUPPORTED,Problem size not supported by kernel
fp8,299,64,299,s_64x64_k128_mem,8.276952229643214,15.390396118164062,0,0,UNSUPPORTED,Problem size not supported by kernel
fp8,512,299,299,s_64x64_k128_mem,80.26685376031719,14.397621154785156,0,0,UNSUPPORTED,Problem size not supported by kernel
fp8,64,307,307,s_64x64_k128_mem,11.530627397263022,12.047290802001953,0,0,UNSUPPORTED,Problem size not supported by kernel
fp8,307,1024,307,s_64x64_k64_mem,133.3451264914239,13.614892959594727,0,0,UNSUPPORTED,Problem size not supported by kernel
fp8,311,128,311,s_64x64_k128_mem,16.942421200356968,14.115333557128906,0,0,UNSUPPORTED,Problem size not supported by kernel
fp8,1024,311,311,s_64x64_k64_mem,133.11807668686498,14.2822265625,0,0,UNSUPPORTED,Problem size not supported by kernel
fp8,128,313,313,s_64x64_k128_mem,19.094897886256483,13.786554336547852,0,0,UNSUPPORTED,Problem size not supported by kernel
fp8,313,313,2048,s_64x64_k128_mem,86.74135673086312,15.11693000793457,0,0,UNSUPPORTED,Problem size not supported by kernel
fp8,317,256,317,s_64x64_k64_mem,34.876003796824115,10.863780975341797,0,0,UNSUPPORTED,Problem size not supported by kernel
fp8,317,2048,317,s_64x64_k128_mem,169.7497845350474,13.492584228515625,0,0,UNSUPPORTED,Problem size not supported by kernel
fp8,256,331,331,s_64x64_k128_mem,51.97751979248002,10.847330093383789,0,0,UNSUPPORTED,Problem size not supported by kernel
fp8,2048,331,331,s_64x64_k128_mem,176.61570441660768,12.496471405029297,0,0,UNSUPPORTED,Problem size not supported by kernel
fp8,337,512,337,s_64x64_k128_mem,85.10425492231107,13.726949691772461,0,0,UNSUPPORTED,Problem size not supported by kernel
fp8,347,347,64,s_64x64_k128_mem,27.633602959912015,11.729240417480469,0,0,UNSUPPORTED,Problem size not supported by kernel
fp8,256,347,347,s_64x64_k128_mem,53.514868762795615,14.995574951171875,0,0,UNSUPPORTED,Problem size not supported by kernel
fp8,347,2048,347,s_64x64_k128_mem,157.9803449977547,12.836217880249023,0,0,UNSUPPORTED,Problem size not supported by kernel
fp8,128,349,349,s_64x64_k128_mem,25.905262839703553,10.06174087524414,0,0,UNSUPPORTED,Problem size not supported by kernel
fp8,349,1024,349,s_64x64_k128_mem,129.52114191816534,11.251211166381836,0,0,UNSUPPORTED,Problem size not supported by kernel
fp8,64,353,353,s_64x64_k128_mem,13.464033558319937,10.690689086914062,0,0,UNSUPPORTED,Problem size not supported by kernel
fp8,353,512,353,s_64x64_k128_mem,90.60561547726068,12.322664260864258,0,0,UNSUPPORTED,Problem size not supported by kernel
fp8,2048,353,353,s_64x64_k128_mem,179.02449828984723,10.705232620239258,0,0,UNSUPPORTED,Problem size not supported by kernel
fp8,359,256,359,s_64x64_k128_mem,45.622053359163786,13.267755508422852,0,0,UNSUPPORTED,Problem size not supported by kernel
fp8,1024,359,359,s_64x64_k128_mem,146.2591702937125,9.108781814575195,0,0,UNSUPPORTED,Problem size not supported by kernel
fp8,367,128,367,s_64x64_k128_mem,23.02422475735323,14.428377151489258,0,0,UNSUPPORTED,Problem size not supported by kernel
fp8,512,367,367,s_64x64_k128_mem,112.68483672922356,10.57124137878418,0,0,UNSUPPORTED,Problem size not supported by kernel
fp8,373,64,373,s_64x64_k128_mem,11.880850261702012,15.708446502685547,0,0,UNSUPPORTED,Problem size not supported by kernel
fp8,256,373,373,s_64x64_k128_mem,55.08936976920532,9.493589401245117,0,0,UNSUPPORTED,Problem size not supported by kernel
fp8,373,2048,373,s_64x64_k128_mem,169.98362440135577,8.554935455322266,0,0,UNSUPPORTED,Problem size not supported by kernel
fp8,128,379,379,s_64x64_k128_mem,27.730711326216078,9.969711303710938,0,0,UNSUPPORTED,Problem size not supported by kernel
fp8,379,1024,379,s_64x64_k128_mem,158.42012580214512,10.596990585327148,0,0,UNSUPPORTED,Problem size not supported by kernel
fp8,64,383,383,s_64x64_k128_mem,14.38223344736488,12.296199798583984,0,0,UNSUPPORTED,Problem size not supported by kernel
fp8,383,512,383,s_64x64_k128_mem,108.18272471559673,13.910293579101562,0,0,UNSUPPORTED,Problem size not supported by kernel
fp8,2048,383,383,s_64x64_k128_mem,189.26112079753824,10.132074356079102,0,0,UNSUPPORTED,Problem size not supported by kernel
fp8,389,256,389,s_64x64_k128_mem,41.36470127691104,10.426521301269531,0,0,UNSUPPORTED,Problem size not supported by kernel
fp8,389,389,2048,s_64x64_k128_mem,91.90548713407544,10.47205924987793,0,0,UNSUPPORTED,Problem size not supported by kernel
fp8,397,128,397,s_64x64_k128_mem,20.91211932594253,10.478019714355469,0,0,UNSUPPORTED,Problem size not supported by kernel
fp8,397,397,1024,s_64x64_k128_mem,90.73510218463159,14.742374420166016,0,0,UNSUPPORTED,Problem size not supported by kernel
fp8,401,64,401,s_64x64_k128_mem,11.230191291485747,13.56363296508789,0,0,UNSUPPORTED,Problem size not supported by kernel
fp8,401,401,512,s_64x64_k128_mem,88.08579353463857,7.170438766479492,0,0,UNSUPPORTED,Problem size not supported by kernel
fp8,401,2048,401,s_64x64_k128_mem,154.96810465783227,9.966850280761719,0,0,UNSUPPORTED,Problem size not supported by kernel
fp8,409,409,256,s_64x64_k64_mem,69.48538064690673,8.710145950317383,0,0,UNSUPPORTED,Problem size not supported by kernel
fp8,409,1024,409,s_64x64_k128_mem,137.6739717449515,10.830879211425781,0,0,UNSUPPORTED,Problem size not supported by kernel
fp8,419,419,128,s_64x64_k128_mem,71.8522656209304,9.736776351928711,0,0,UNSUPPORTED,Problem size not supported by kernel
fp8,419,512,419,s_64x64_k128_mem,91.9272632529874,13.831138610839844,0,0,UNSUPPORTED,Problem size not supported by kernel
fp8,421,421,64,s_64x64_k128_mem,29.58492125112964,11.287689208984375,0,0,UNSUPPORTED,Problem size not supported by kernel
fp8,421,256,421,s_64x64_k128_mem,44.45692305392875,12.42208480834961,0,0,UNSUPPORTED,Problem size not supported by kernel
fp8,421,421,2048,s_64x64_k128_mem,113.15861369583239,6.576299667358398,0,0,UNSUPPORTED,Problem size not supported by kernel
fp8,431,128,431,s_64x64_k128_mem,23.623561918823036,17.44818687438965,0,0,UNSUPPORTED,Problem size not supported by kernel
fp8,431,431,1024,s_64x64_k128_mem,101.9636942997329,11.214494705200195,0,0,UNSUPPORTED,Problem size not supported by kernel
fp8,433,64,433,s_64x64_k128_mem,13.636234787403277,14.787673950195312,0,0,UNSUPPORTED,Problem size not supported by kernel
fp8,433,433,512,s_64x64_k128_mem,100.210402720357,11.898517608642578,0,0,UNSUPPORTED,Problem size not supported by kernel
fp8,433,2048,433,s_64x64_k128_mem,196.83296480259068,13.05842399597168,0,0,UNSUPPORTED,Problem size not supported by kernel
fp8,439,439,256,s_64x64_k128_mem,105.21888558816191,10.033845901489258,0,0,UNSUPPORTED,Problem size not supported by kernel
fp8,1024,439,439,s_64x64_k128_mem,153.4540045148394,9.571552276611328,0,0,UNSUPPORTED,Problem size not supported by kernel
fp8,443,443,128,s_64x64_k64_mem,84.00826437924175,20.11561393737793,0,0,UNSUPPORTED,Problem size not supported by kernel
fp8,512,443,443,s_64x64_k64_mem,113.0308637364401,20.782470703125,0,0,UNSUPPORTED,Problem size not supported by kernel
fp8,449,449,64,s_64x64_k128_mem,29.45414578954321,14.189481735229492,0,0,UNSUPPORTED,Problem size not supported by kernel
fp8,256,449,449,s_64x64_k128_mem,77.76937308184606,10.686397552490234,0,0,UNSUPPORTED,Problem size not supported by kernel
fp8,449,449,2048,s_64x64_k128_mem,126.87876147489581,11.026859283447266,0,0,UNSUPPORTED,Problem size not supported by kernel
fp8,128,457,457,s_64x64_k128_mem,30.5232330533693,15.07878303527832,0,0,UNSUPPORTED,Problem size not supported by kernel
fp8,457,457,1024,s_64x64_k128_mem,122.13925036370213,14.45913314819336,0,0,UNSUPPORTED,Problem size not supported by kernel
fp8,101,202,101,s_64x64_k64_mem,9.031505004704316,15.253305435180664,0,0,UNSUPPORTED,Problem size not supported by kernel
fp8,201,402,201,s_64x64_k64_mem,36.6274673224532,12.43448257446289,0,0,UNSUPPORTED,Problem size not supported by kernel
fp8,598,299,299,s_64x64_k128_mem,97.45440406425958,13.099431991577148,0,0,UNSUPPORTED,Problem size not supported by kernel
fp8,501,1002,501,s_64x64_k128_mem,178.61633718018268,14.676094055175781,0,0,UNSUPPORTED,Problem size not supported by kernel
fp8,777,777,777,s_64x64_k128_mem,197.09905397830312,13.070821762084961,0,0,UNSUPPORTED,Problem size not supported by kernel
fp8,1023,2046,1023,s_64x64_k128_mem,516.0740616099788,13.337135314941406,0,0,UNSUPPORTED,Problem size not supported by kernel
fp8,1333,1333,1333,s_64x64_k128_mem,507.7409193211209,10.75124740600586,0,0,UNSUPPORTED,Problem size not supported by kernel
fp8,1777,3554,1777,m_128x128_k128_v3,858.3831606334119,12.72439956665039,0,0,RUN_FAIL,Kernel execution failed
fp8,2047,2047,2047,m_128x128_k128_v3,891.7860763048602,12.130022048950195,0,0,RUN_FAIL,Kernel execution failed
fp8,2222,4444,2222,m_128x128_k128_v3,844.0178463814136,12.435674667358398,0,0,RUN_FAIL,Kernel execution failed
fp8,3001,3001,3001,m_128x128_k128_v3,867.4194849579685,17.725467681884766,0,0,RUN_FAIL,Kernel execution failed
fp8,7158,3579,3579,l_256x256_k64_v3,1222.4150195326952,13.039588928222656,0,0,RUN_FAIL,Kernel execution failed
fp8,8,768,768,s_64x64_k128_mem,7.965872332228294,12.006044387817383,0,0,UNSUPPORTED,Problem size not supported by kernel
fp8,8,1024,1024,s_64x64_k128_mem,8.461035774862925,11.392354965209961,0,0,UNSUPPORTED,Problem size not supported by kernel
fp8,4,2048,2048,s_64x64_k128_mem,4.409908846582356,17.31419563293457,0,0,UNSUPPORTED,Problem size not supported by kernel
fp8,4,3072,3072,s_64x64_k128_mem,4.314961436751235,14.559030532836914,0,0,UNSUPPORTED,Problem size not supported by kernel
fp8,1,4096,3072,s_64x64_k128_mem,3.065260438887232,13.385295867919922,0,0,UNSUPPORTED,Problem size not supported by kernel
fp8,8,4096,4096,s_64x64_k128_mem,9.662507090848553,13.625621795654297,0,0,UNSUPPORTED,Problem size not supported by kernel
fp8,32,4096,3072,s_64x64_k128_mem,73.81166916668758,12.578010559082031,0,0,UNSUPPORTED,Problem size not supported by kernel
fp8,1,5120,5120,s_64x64_k128_mem,4.011854035705396,17.8067684173584,0,0,UNSUPPORTED,Problem size not supported by kernel
fp8,4,5120,3840,s_64x64_k128_mem,6.588325213359299,14.089822769165039,0,0,UNSUPPORTED,Problem size not supported by kernel
fp8,32,5120,5120,s_64x64_k128_mem,107.71581565472027,16.61086082458496,0,0,UNSUPPORTED,Problem size not supported by kernel
fp8,128,5120,3840,s_64x64_k128_mem,359.82414462879075,14.627218246459961,0.05206440016627312,96.67190602265772,SUCCESS,
fp8,4,8192,8192,s_64x64_k128_mem,19.713274529919868,11.356592178344727,0,0,UNSUPPORTED,Problem size not supported by kernel
fp8,16,8192,6144,s_64x64_k128_mem,80.33511234372969,11.269330978393555,0,0,UNSUPPORTED,Problem size not supported by kernel
fp8,128,8192,8192,s_64x64_k128_mem,506.2073079948556,15.387773513793945,0.08913679420948029,192.73600017099122,SUCCESS,
fp8,2,11008,8256,s_64x64_k128_mem,11.12186685233064,12.680768966674805,0,0,UNSUPPORTED,Problem size not supported by kernel
fp8,16,11008,11008,s_64x64_k128_mem,107.32215587215137,15.467405319213867,0,0,UNSUPPORTED,Problem size not supported by kernel
fp8,64,11008,8256,s_64x64_k128_mem,308.14403563261544,12.30764389038086,0,0,UNSUPPORTED,Problem size not supported by kernel
fp8,2,12288,12288,s_64x64_k128_mem,20.54758102416161,9.001731872558594,0,0,UNSUPPORTED,Problem size not supported by kernel
fp8,8,9216,12288,s_64x64_k128_mem,48.966441994619544,10.856866836547852,0,0,UNSUPPORTED,Problem size not supported by kernel
fp8,64,12288,12288,s_64x64_k128_mem,428.9952110425573,9.348392486572266,0,0,UNSUPPORTED,Problem size not supported by kernel
fp8,1,12288,16384,s_64x64_k128_mem,9.705714321569786,10.218620300292969,0,0,UNSUPPORTED,Problem size not supported by kernel
fp8,8,16384,16384,s_64x64_k128_mem,113.72879908640245,20.1418399810791,0,0,UNSUPPORTED,Problem size not supported by kernel
fp8,32,12288,16384,s_64x64_k128_mem,233.33228366128776,10.246515274047852,0,0,UNSUPPORTED,Problem size not supported by kernel
fp8,128,512,64,s_64x64_k64_mem,24.025783247097294,10.394096374511719,0.004983999766409397,1.6831076230253057,SUCCESS,
fp8,128,640,80,s_64x64_k128_mem,26.170557360302357,11.395931243896484,0,0,UNSUPPORTED,Problem size not supported by kernel
fp8,128,80,2560,m_128x128_k128_v3,17.259526182766884,8.610248565673828,0.5018447041511536,0.10447215954720657,SUCCESS,
fp8,128,96,3072,m_128x128_k128_v3,15.673403621250285,6.672859191894531,0.5914134979248047,0.12765598395185618,SUCCESS,
fp8,128,4096,128,s_64x64_k64_mem,115.4374611899945,16.196250915527344,0.0057920003309845924,23.172948952021915,SUCCESS,
fp8,128,8192,256,s_64x64_k128_mem,173.96320969619535,7.389307022094727,0.007088000420480967,75.74363433285038,SUCCESS,
fp8,256,64,1024,s_64x64_k128_mem,14.42586665866155,12.035131454467773,0,0,UNSUPPORTED,Problem size not supported by kernel
fp8,256,80,1280,s_64x64_k128_mem,18.29942197722617,8.832931518554688,0,0,UNSUPPORTED,Problem size not supported by kernel
fp8,256,1536,96,s_64x64_k128_mem,115.93134978784532,8.466482162475586,0.005508000031113625,13.706875739565978,SUCCESS,
fp8,256,2048,128,s_64x64_k64_mem,118.01919611099346,9.692907333374023,0.006016000173985958,22.310127014353586,SUCCESS,
fp8,256,256,3072,s_64x64_k128_mem,59.43196252990685,6.853818893432617,0.03428430110216141,11.74453528453626,SUCCESS,
fp8,512,64,768,s_64x64_k128_mem,22.792550439662765,6.769895553588867,0,0,UNSUPPORTED,Problem size not supported by kernel
fp8,512,960,80,s_64x64_k128_mem,119.96344525175262,6.567478179931641,0,0,UNSUPPORTED,Problem size not supported by kernel
fp8,512,1152,96,s_64x64_k128_mem,125.92383824541653,8.456707000732422,0.00546000013127923,20.74106323756945,SUCCESS,
fp8,512,1536,128,s_64x64_k64_mem,138.27357427587216,6.700992584228516,0.006083999760448933,33.091157121469756,SUCCESS,
fp8,512,256,2048,s_64x64_k128_mem,95.39740438978637,10.786056518554688,0.024684200063347816,21.74957708259582,SUCCESS,
fp8,1024,64,512,s_64x64_k128_mem,32.50331427579799,12.36581802368164,0,0,UNSUPPORTED,Problem size not supported by kernel
fp8,1024,640,80,s_64x64_k64_mem,133.30837133556548,12.521505355834961,0,0,UNSUPPORTED,Problem size not supported by kernel
fp8,1024,768,96,s_64x64_k64_mem,132.19022709457087,14.238357543945312,0.005555999930948019,27.176916104503224,SUCCESS,
fp8,1024,96,3072,s_64x64_k128_mem,68.03165348097183,14.823675155639648,0,0,UNSUPPORTED,Problem size not supported by kernel
fp8,1024,128,4096,s_64x64_k128_mem,79.68623023192224,10.368824005126953,0.04352840036153793,24.667615053200244,SUCCESS,
fp8,1024,8192,256,m_128x128_k128_v3,456.2093858785133,6.783485412597656,0.0741967037320137,57.886227823714584,SUCCESS,
fp8,2048,2048,64,r_64x128_k32_v3,129.13941860942327,6.711244583129883,0.012568099424242973,42.7169529677983,SUCCESS,
fp8,2048,80,1280,s_64x64_k128_mem,87.48959135487215,12.359142303466797,0,0,UNSUPPORTED,Problem size not supported by kernel
fp8,2048,96,1536,s_64x64_k128_mem,98.38661034900984,6.705045700073242,0,0,UNSUPPORTED,Problem size not supported by kernel
fp8,2048,2048,128,s_64x64_k64_mem,187.05211332537547,9.386301040649414,0.00723200011998415,148.4709355898563,SUCCESS,
fp8,2048,4096,256,m_128x128_k64_mem,442.1984338574055,12.42685317993164,0.07384470105171204,58.16215970584424,SUCCESS,
fp8,4096,64,768,s_64x64_k128_mem,72.48463162439697,11.004924774169922,0,0,UNSUPPORTED,Problem size not supported by kernel
fp8,4096,80,960,s_64x64_k128_mem,150.27246558869925,8.844137191772461,0,0,UNSUPPORTED,Problem size not supported by kernel
fp8,4096,1152,96,s_64x64_k64_mem,172.2732985668398,13.731241226196289,0.00829199980944395,109.2582832633655,SUCCESS,
fp8,4096,1536,128,s_64x64_k64_mem,196.40434084314754,14.77503776550293,0.009560000151395798,168.47413289683308,SUCCESS,
fp8,4096,256,2048,s_64x64_k128_mem,435.5041923632819,6.873130798339844,0.02534019947052002,169.49224496029038,SUCCESS,
fp8,8192,64,512,s_64x64_k128_mem,115.96254190609048,10.762691497802734,0,0,UNSUPPORTED,Problem size not supported by kernel
fp8,8192,80,640,s_64x64_k64_mem,186.91183864920077,11.430501937866211,0,0,UNSUPPORTED,Problem size not supported by kernel
fp8,8192,768,96,s_64x64_k128_mem,185.9475763894381,9.196043014526367,0.009000000543892384,134.21771988888938,SUCCESS,
fp8,8192,1024,128,m_128x128_k64_mem,215.8820174172412,6.7138671875,0.01576409861445427,136.2262252045892,SUCCESS,
fp8,8192,128,4096,s_64x64_k128_mem,513.0229992280803,6.73985481262207,0.05071239918470383,169.38529294805969,SUCCESS,
fp8,8192,256,8192,s_64x64_k128_mem,590.3489438838044,12.415647506713867,0.0932048037648201,368.6477196464952,SUCCESS,
fp8,64,256,2048,s_64x64_k128_mem,18.323629570756456,12.43901252746582,0,0,UNSUPPORTED,Problem size not supported by kernel
fp8,64,1024,2048,s_64x64_k128_mem,41.68667355907456,12.009143829345703,0,0,UNSUPPORTED,Problem size not supported by kernel
fp8,128,256,128,s_64x64_k128_mem,13.673552831566083,14.21356201171875,0.005772000178694725,1.4533277443343726,SUCCESS,
fp8,128,1024,8192,s_64x64_k128_mem,84.04438899011723,14.823675155639648,0.08725680410861969,24.611073829001953,SUCCESS,
fp8,256,128,8192,s_64x64_k128_mem,26.852492607340576,11.480331420898438,0.08368469774723053,6.415401219726187,SUCCESS,
fp8,256,2048,512,s_64x64_k128_mem,162.74525486849114,14.637470245361328,0.009968100115656853,53.85890046958288,SUCCESS,
fp8,512,128,8192,s_64x64_k128_mem,45.411345579801655,8.83936882019043,0.08487279713153839,12.651189312588377,SUCCESS,
fp8,512,2048,8192,s_64x64_k128_mem,605.6961449443567,14.13106918334961,0.08928079903125763,192.4251280276428,SUCCESS,
fp8,1024,256,512,s_64x64_k128_mem,118.00947831721597,11.875629425048828,0.009792099706828594,27.413472496895075,SUCCESS,
fp8,2048,64,128,s_64x64_k64_mem,35.82770640651973,11.022806167602539,0,0,UNSUPPORTED,Problem size not supported by kernel
fp8,2048,512,128,s_64x64_k64_mem,151.35147520082495,11.505603790283203,0.006067999638617039,44.237882660978414,SUCCESS,
fp8,128,128,16384,m_128x128_k128_v3,20.956487033053794,11.554241180419922,3.384007692337036,0.15864943605646195,SUCCESS,
fp8,1024,1024,16384,s_64x64_k128_mem,653.1358088595147,12.53962516784668,0.18189769983291626,188.8959475549248,SUCCESS,
fp8,4096,4096,32,m_128x128_k16_v3,158.3882638092425,13.265609741210938,0.014792099595069885,72.58887199203765,SUCCESS,
fp8,1,2,32,s_64x64_k128_mem,2.5078675517751314,11.470317840576172,0,0,UNSUPPORTED,Problem size not supported by kernel
fp8,1,4,128,m_128x128_k128_iw_v3,2.719434786180267,8.513689041137695,0,0,RUN_FAIL,Kernel execution failed
fp8,1,16,32,m_128x128_k128_iw_v3,3.7700036446119216,13.213872909545898,0.011360099539160728,9.014005524071772e-05,SUCCESS,
fp8,1,32,128,m_128x128_k128_iw_v3,4.452104818415871,12.72892951965332,0.012796099297702312,0.000640195094568465,SUCCESS,
fp8,1,128,32,m_128x128_k128_iw_v3,4.805157961325709,13.086080551147461,0.011348100379109383,0.0007218829342645382,SUCCESS,
fp8,1,256,128,s_64x64_k128_mem,5.484982835775582,17.246723175048828,0,0,UNSUPPORTED,Problem size not supported by kernel
fp8,2,2,32,s_64x64_k128_mem,2.576467938355398,16.50524139404297,0,0,UNSUPPORTED,Problem size not supported by kernel
fp8,2,4,128,s_64x64_k128_mem,2.6266587338155087,8.627653121948242,0,0,UNSUPPORTED,Problem size not supported by kernel
fp8,2,16,32,s_64x64_k128_mem,3.1853186601793855,14.191150665283203,0,0,UNSUPPORTED,Problem size not supported by kernel
fp8,2,32,128,s_64x64_k128_mem,4.152352843796131,8.558988571166992,0,0,UNSUPPORTED,Problem size not supported by kernel
fp8,2,128,32,s_64x64_k128_mem,4.839656967966032,13.17453384399414,0,0,UNSUPPORTED,Problem size not supported by kernel
fp8,2,256,128,s_64x64_k64_mem,6.201013980248317,6.574153900146484,0,0,UNSUPPORTED,Problem size not supported by kernel
fp8,4,2,32,m_128x128_k64_mem,3.552518073720382,12.98379898071289,0,0,RUN_FAIL,Kernel execution failed
fp8,4,4,128,s_64x64_k128_mem,2.4890862761990196,11.801004409790039,0,0,UNSUPPORTED,Problem size not supported by kernel
fp8,4,16,32,m_128x128_k128_iw_v3,2.630361295171079,14.356374740600586,0.011712100356817245,0.00034972377927207967,SUCCESS,
fp8,4,32,128,s_64x64_k128_mem,3.256673158842773,11.832714080810547,0,0,UNSUPPORTED,Problem size not supported by kernel
fp8,4,128,32,m_128x128_k128_iw_v3,4.395785653834302,6.557941436767578,0.011252099648118019,0.002912167597580834,SUCCESS,
fp8,4,256,128,s_64x64_k64_mem,6.317085364516914,12.191057205200195,0,0,UNSUPPORTED,Problem size not supported by kernel
fp8,8,2,32,m_128x128_k64_mem,0.7534288663749334,16.286134719848633,0,0,RUN_FAIL,Kernel execution failed
fp8,8,4,256,s_64x64_k128_mem,3.8460957726619633,6.932258605957031,0,0,UNSUPPORTED,Problem size not supported by kernel
fp8,8,16,32,m_128x128_k64_mem,1.1397992880951184,6.754159927368164,0.011376099660992622,0.0007201062089926528,SUCCESS,
fp8,8,32,256,s_64x64_k128_mem,2.820632488095575,12.838125228881836,0,0,UNSUPPORTED,Problem size not supported by kernel
fp8,8,128,32,m_128x128_k128_mem,1.8456039287045891,6.668806076049805,0.011312100104987621,0.005793442366294523,SUCCESS,
fp8,8,256,256,s_64x64_k64_mem,6.6309383500658186,13.037919998168945,0,0,UNSUPPORTED,Problem size not supported by kernel
fp8,16,2,32,m_128x128_k64_mem,0.5722600867984762,12.091636657714844,0,0,RUN_FAIL,Kernel execution failed
fp8,16,4,256,s_64x64_k128_mem,3.623294957349958,6.916284561157227,0,0,UNSUPPORTED,Problem size not supported by kernel
fp8,16,16,32,m_128x128_k64_mem,1.3354991565378753,6.576299667358398,0.011332100257277489,0.0014458043635360686,SUCCESS,
fp8,16,32,256,s_64x64_k128_mem,3.482259018368142,12.700319290161133,0,0,UNSUPPORTED,Problem size not supported by kernel
fp8,16,128,32,m_128x128_k128_iw_v3,1.022739157119674,12.795448303222656,0.011292099952697754,0.011607406996843492,SUCCESS,
fp8,16,256,256,s_64x64_k64_mem,6.636338732314538,13.773441314697266,0,0,UNSUPPORTED,Problem size not supported by kernel
fp8,32,2,32,m_128x128_k128_iw_v3,-2.592779475274685,17.006635665893555,0,0,RUN_FAIL,Kernel execution failed
fp8,32,4,256,m_128x128_k64_mem,1.7841494884929612,12.762308120727539,0,0,RUN_FAIL,Kernel execution failed
fp8,32,16,32,m_128x128_k64_mem,0.15191647951267243,13.039588928222656,0.011240100488066673,0.0029152764278921658,SUCCESS,
fp8,32,32,256,m_128x128_k64_mem,2.355267641629338,11.52348518371582,0.053184498101472855,0.009857910081236262,SUCCESS,
fp8,32,128,32,m_128x128_k64_iw_v3,-0.1173477280674372,12.54582405090332,0.011388099752366543,0.02301911694666393,SUCCESS,
fp8,32,256,256,s_64x64_k128_mem,8.72096704178173,11.828184127807617,0,0,UNSUPPORTED,Problem size not supported by kernel
