tree
version=v4
num_class=1
num_tree_per_iteration=1
label_index=0
max_feature_idx=52
objective=lambdarank
feature_names=log_channels log_height log_width log_output_channels log_filter_height_y log_filter_width_x log_pad_height log_pad_width log_stride_height log_stride_width log_dilation_height log_dilation_width log_groups log_n_mini_batch_size log_cpg log_opg log_farea log_spatial log_bxs cu_count wave_size lds_size_per_workgroup_kb l2_cache_total_kb boost_clock_mhz vram_bytes direction dtype_code arg_template_variant arg_split_k arg_pos0 arg_pos1 arg_pos2 arg_pos3 arg_pos4 arg_pos5 arg_pos6 arg_pos7 arg_pos8 arg_pos9 arg_pos10 arg_pos11 arg_pos12 arg_pos13 arg_pos14 arg_named_BlkGemmPipelineScheduler arg_named_BlkGemmPipelineVersion arg_cat0 arg_named_BlkTile arg_named_WaveTile arg_named_WaveMap arg_named_VmemReadVec arg_named_BlkGemmPipelinePrefetchStages arg_pos15
feature_infos=[0.69314718246459961:7.6783261299133301] [1.6094379425048828:6.1758670806884766] [1.6094379425048828:6.4630293846130371] [0.69314718246459961:7.6251072883605957] [0.69314718246459961:2.8332133293151855] [0.69314718246459961:3.0445225238800049] [0:3.6109178066253662] [0:3.6109178066253662] [0.69314718246459961:2.8332133293151855] [0.69314718246459961:2.8332133293151855] [0.69314718246459961:3.6109178066253662] [0.69314718246459961:3.6109178066253662] [0.69314718246459961:3.4965076446533203] [0.69314718246459961:8.3180103302001953] [0.69314718246459961:7.6783261299133301] [0.69314718246459961:7.6251072883605957] [0.69314718246459961:5.5490760803222656] [2.8332133293151855:12.635257720947266] [3.4965076446533203:15.407843589782715] [32:304] [32:64] [64:160] [2048:8192] [1700:2755] [536870912:309220868096] none [0:2] [-1:8] [-1:128] [-1:256] [-1:256] [-1:256] [-1:128] [-1:8] [-1:8] [-1:13] [-1:8] [-1:8] [-1:13] [-1:8] [-1:1] [-1:2] [-1:8] [-1:1] [-1:1] [-1:4] [-1:14] [-1:35] [-1:1] [-1:17] [-1:18] [-1:2] [-1:1]
tree_sizes=6965 6986 6971 6970 6996 7005 7018 7005 6984 7031 7004 7056 7014 7015 7033 7009 7013 6999 7054 7008 7018 7030 7040 7060 7058 7062 7055 7045 7041 7051 7041 7044 7014 7030 7035 7043 7027 7029 7013 7031 7035 7043 7053 7024 7029 7028 7031 7032 7068 7028 7035 7009 7002 7050 7006 7001 7030 6981 7037 7036 7043 6976 6992 7024 7028 7034 7037 7057 6998 7065 7067 7039 7013 7056 7062 7048 7019 7027 7057 7005 6956 7020 6994 6977 7051 7007 6975 7025 7000 7023 6959 6954 6975 6983 7040 7012 7014 6998 7012 7052 7043 7030 7025 7054 7063 6994 7027 7026 6977 7027 6988 7065 7016 7018 7018 7022 7061 6989 7099 7086 6901

Tree=0
num_leaves=63
num_cat=0
split_feature=28 28 48 45 20 28 29 32 49 42 27 0 3 50 1 50 30 31 42 3 15 36 45 27 49 45 28 16 36 28 28 0 22 19 47 47 14 28 3 15 3 35 23 39 13 15 32 34 36 3 47 47 50 15 28 14 22 47 32 27 23 16
split_gain=6412.13 7237.47 1433.67 1750.41 1310.81 1010.69 626.605 523.493 502.238 921.12 422.28 365.054 315.069 406.425 290.666 277.205 631.897 250.4 331.163 230.374 219.334 189.679 189.386 212.577 171.12 291.546 161.535 155.775 149.832 133.785 127.7 126.978 104.951 111.89 103.459 103.261 102.981 102.43 99.4637 94.188 91.2269 181.178 100.843 89.3267 88.0045 83.6654 82.4876 82.3689 266.915 92.8552 80.2659 79.3544 78.695 76.0084 75.4532 76.0305 74.3118 71.9487 98.0237 115.954 71.7581 63.147
threshold=1.0000000180025095e-35 12.000000000000002 1.0000000180025095e-35 1.0000000180025095e-35 48.000000000000007 3.0000000000000004 112.00000000000001 96.000000000000014 1.0000000180025095e-35 6.0000000000000009 -1.0000000180025095e-35 4.2844183444976816 4.6510493755340585 5.5000000000000009 3.2059091329574589 9.5000000000000018 24.000000000000004 120.00000000000001 6.0000000000000009 4.7789824008941659 4.4845800399780282 2.5000000000000004 1.0000000180025095e-35 2.5000000000000004 1.0000000180025095e-35 1.0000000180025095e-35 24.000000000000004 1.844439744949341 3.5000000000000004 48.000000000000007 48.000000000000007 3.6941639184951787 7168.0000000000009 280.00000000000006 1.5000000000000002 27.500000000000004 6.851041555404664 6.0000000000000009 5.5169365406036386 4.4845800399780282 5.397998809814454 1.5000000000000002 1900.0000000000002 1.5000000000000002 1.7005987167358401 4.4845800399780282 56.000000000000007 1.5000000000000002 2.5000000000000004 4.7789824008941659 17.500000000000004 16.500000000000004 1.5000000000000002 5.1720471382141122 48.000000000000007 4.4845800399780282 7168.0000000000009 21.500000000000004 40.000000000000007 3.5000000000000004 2352.0000000000005 0.89587974548339855
decision_type=2 2 2 2 2 2 2 2 2 2 2 2 2 2 2 2 2 2 2 2 2 2 2 2 2 2 2 2 2 2 2 2 2 2 2 2 2 2 2 2 2 2 2 2 2 2 2 2 2 2 2 2 2 2 2 2 2 2 2 2 2 2
left_child=10 4 3 6 5 7 8 35 9 20 -1 53 13 21 -6 16 19 26 -19 34 30 52 23 -13 -21 -26 39 60 -22 -23 -3 -14 33 50 -12 46 -37 -16 -39 -8 43 42 -42 -28 -40 -24 -2 49 -49 -18 -10 -4 -5 -7 -34 -56 -9 58 59 -25 -20 -44
right_child=1 2 51 12 14 11 17 56 32 -11 15 22 31 -15 37 -17 47 18 27 24 28 29 45 57 25 -27 40 -29 -30 -31 -32 -33 54 -35 -36 36 -38 38 44 -41 41 -43 61 -45 -46 -47 -48 48 -50 -51 -52 -53 -54 -55 55 -57 -58 -59 -60 -61 -62 -63
leaf_value=0.19534294557339324 -0.18205801979336436 -0.10932191363442889 0.1966784484972165 -0.17990471114567164 0.055225039532053891 -0.1571727042823316 -0.036772352703034784 0.13335652858351107 0.15050349290558918 0.11427738568498128 -0.02348177773617623 -0.19900452954795878 0.049717270297050753 0.13532506573917291 -0.19296345675039914 0.180149827122771 0.18734964152829756 -0.18246615148460374 0.079699281086371171 -0.19083217795431986 -0.18911617768679442 -0.11822498952420524 0.082738552370837493 0.070726181842874838 0.10775478782410193 -0.17774097220357499 0.053136512326435736 0.11399539928604015 -0.037702517968631194 0.096463257099820759 0.020227647661376292 -0.17499726537899463 0.076469229500244845 -0.20000000000000001 0.1345109525644882 -0.15902350126241308 0.12906709689912857 -0.17435330273459274 0.088994371726500682 0.097813605985550042 0.14937026979868182 0.18366637260224672 0.02746930611610391 0.16262913430696596 -0.1126233174646447 -0.16780865463735792 -0.091264504096315979 -0.14031292133466639 0.12759515908741559 0.084516163569187008 -0.13620951346918939 0.075899614026251977 -0.014552278136886438 0.050125830810179052 0.12781246957703227 -0.17224179487770908 -0.037382488252833843 0.17897485667886839 0.14727574778008828 -0.15267623052425205 -0.06093306848276734 -0.12246892407613577
leaf_weight=865.23893960645728 626.55141935139545 135.76363412721003 573.74022871558554 173.68165888466319 52.52698643275653 100.8839063650521 91.483202731658821 72.162019951269031 282.54228365124436 294.50926719784911 69.099372628843412 23.492477987427264 26.765610707883752 100.10655009129368 2033.7191756892025 423.55566469963742 360.2129331132528 60.956426114251371 56.047852071134912 88.304332013743988 267.04988251402392 50.251237075659446 19.18252679303987 147.65865964484692 83.527847016157466 62.558456744533032 82.823781500042969 263.68284401061828 86.53108403380611 68.720531284838216 173.1044658762803 415.50220980482118 80.289027549384627 9.9739523755852115 103.57102548432886 25.462913201859919 24.200886593942414 392.14980533621201 24.864077415928477 120.4800965374161 42.598618931457167 110.22157941841215 73.344686244003242 742.23622132129822 167.45298333247774 43.670183565234765 119.08244325438864 41.145079016954696 386.65756387730653 116.11352401111799 10.113706964300944 60.096876239773337 34.499559996615062 21.44799910049187 11.695357921766115 30.383777127208305 39.414553137408802 111.66099010418111 142.41264824033715 27.571581033233088 102.88698930077226 45.521675584022887
leaf_count=7689 48769 17708 14948 22572 4085 5948 7467 1249 12197 36024 4090 1175 5459 16886 450947 18180 7701 10249 20792 22763 89972 4394 1638 13379 6057 20209 12984 15916 29905 3834 17583 179572 13556 5222 10452 2376 1196 92562 1908 14588 1359 3972 14027 26983 51030 9641 5399 5955 35473 16997 1346 13629 10352 1817 1779 11822 2961 3863 6125 2357 30215 6840
internal_value=0.000137094 -0.0402496 0.0453913 0.0234729 -0.135277 -0.0619589 0.0579077 -0.1298 0.00730974 -0.0328652 0.138279 0.0344759 -0.102233 -0.0409896 -0.177687 0.109817 0.0870969 0.0969218 0.0354318 -0.0163639 -0.0982813 -0.0949407 0.0713199 0.093899 -0.0809332 -0.0145029 0.119643 0.0668604 -0.152061 0.00578334 -0.0367161 -0.161398 0.0977706 0.12937 0.0712853 -0.158258 -0.0186386 -0.18236 -0.145464 0.0397264 0.135088 0.0848283 0.017358 0.151638 -0.0865568 -0.0913421 -0.167558 0.133677 0.101828 0.162282 0.140595 0.185227 -0.152503 -0.120828 0.0196219 -0.0888455 0.0730428 0.109927 0.0856551 0.035575 -0.0113395 -0.0299518
internal_weight=11493.2 8893.17 4677.6 4043.77 4215.57 1544.86 3174.24 906.874 1381.96 956.958 2599.98 637.981 869.527 427.26 2670.71 1734.75 1311.19 1792.28 483.574 407.061 662.449 327.153 515.649 452.796 234.391 146.086 1308.71 422.618 353.581 118.972 308.868 442.268 424.998 302.63 172.67 795.298 49.6638 2618.19 584.467 211.963 1096.75 271.687 161.465 825.06 192.317 62.8527 745.634 904.129 427.803 476.326 292.656 633.837 208.181 122.332 122.368 42.0791 111.577 429.304 317.643 175.23 158.935 118.866
internal_count=1538143 1382577 674152 645575 708425 107893 402506 61950 237114 191192 155566 45943 243069 58038 600532 147877 129697 165392 77172 63571 155168 41152 38178 26899 49029 26266 88220 66923 119877 8228 35291 185031 45922 18765 14542 57740 3572 596447 145500 22055 66165 26198 22226 39967 52938 11279 54168 66126 41428 24698 13543 28577 32924 7765 27157 13601 4210 25724 21861 15736 51007 20867
is_linear=0
shrinkage=0.1


Tree=1
num_leaves=63
num_cat=0
split_feature=46 48 45 28 28 52 47 31 49 36 19 28 47 47 47 47 29 28 42 47 31 3 28 28 3 18 32 30 28 14 28 39 0 19 18 47 38 16 38 14 19 32 16 28 14 18 19 50 36 33 47 38 38 30 36 19 28 38 18 30 3 18
split_gain=5444.68 4506.39 2142.41 1321.15 1380.45 1218.77 974.72 661.014 419.995 392.008 330.687 257.458 239.551 345.724 381.368 333.844 297.904 338.919 372.184 231.511 419.803 241.459 205.991 199.229 212.762 197.388 183.965 181.273 180.773 166.129 161.973 160.598 153.979 153.676 143.079 135.949 164.33 117.399 114.896 114.16 163.542 131.954 111.676 102.284 99.0263 98.1003 147.059 96.1946 114.969 91.7169 88.0072 87.2503 128.543 82.8091 375.976 148.536 101.213 81.6549 76.4286 76.2667 75.9275 74.5608
threshold=1.0000000180025095e-35 1.0000000180025095e-35 1.0000000180025095e-35 1.0000000180025095e-35 24.000000000000004 1.0000000180025095e-35 16.500000000000004 72.000000000000014 3.5000000000000004 5.0000000000000009 62.000000000000007 1.0000000180025095e-35 11.500000000000002 6.5000000000000009 8.5000000000000018 9.5000000000000018 112.00000000000001 48.000000000000007 6.0000000000000009 22.500000000000004 56.000000000000007 4.7789824008941659 24.000000000000004 24.000000000000004 4.4845800399780282 8.0407161712646502 20.000000000000004 112.00000000000001 3.0000000000000004 6.208071470260621 6.0000000000000009 1.5000000000000002 6.0519120693206796 280.00000000000006 11.182208061218263 19.500000000000004 3.5000000000000004 1.2424533367156985 3.5000000000000004 4.1426305770874032 100.00000000000001 20.000000000000004 1.844439744949341 1.0000000180025095e-35 4.2844183444976816 9.475347042083742 180.00000000000003 5.5000000000000009 2.5000000000000004 6.0000000000000009 2.5000000000000004 7.5000000000000009 1.5000000000000002 112.00000000000001 5.0000000000000009 100.00000000000001 96.000000000000014 1.5000000000000002 8.0407161712646502 56.000000000000007 5.7189338207244882 9.7195062637329119
decision_type=2 2 2 2 2 2 2 2 2 2 2 2 2 2 2 2 2 2 2 2 2 2 2 2 2 2 2 2 2 2 2 2 2 2 2 2 2 2 2 2 2 2 2 2 2 2 2 2 2 2 2 2 2 2 2 2 2 2 2 2 2 2
left_child=33 2 3 10 5 8 22 12 25 60 -2 38 13 16 -15 -16 39 18 45 20 29 27 32 -13 47 -5 42 -22 -10 35 -27 -19 43 -1 59 36 -12 -36 -4 40 -6 50 -23 -3 -14 -18 51 48 -25 -33 -41 52 -47 54 56 -56 57 -51 -58 -11 -7 -32
right_child=1 6 11 4 7 9 -8 -9 28 34 19 23 44 14 15 -17 17 31 -20 -21 21 26 -24 24 -26 30 -28 -29 -30 -31 61 49 -34 -35 37 -37 -38 -39 -40 41 -42 -43 -44 -45 -46 46 -48 -49 -50 53 -52 -53 -54 -55 55 -57 58 -59 -60 -61 -62 -63
leaf_value=0.16597555587356988 -0.16908528893708716 0.1673580792545438 -0.080070871914063743 -0.03142289683617857 0.053247499546464905 -0.098443716450830429 -0.1529084570270702 -0.12052011188322027 -0.14907302102868808 0.14841218816858082 -0.071208905291087893 -0.16075942928804848 0.046723142220248315 0.17005493032606153 -0.17677001606541223 0.11062765445448473 0.024836397219307423 -0.08108804241723773 0.1089786000686728 0.15217114500965245 0.11566098010320561 0.0034841486690601713 0.16063482740764506 -0.13894713869020237 -0.15604206185191438 -0.16296162202686301 -0.050631733183502552 -0.10267670751190559 -0.0076726090274018659 -0.11850001142642048 -0.034533659048875273 -0.16971283188225031 0.12250306946003142 0.10779410776199319 -0.098655868110044065 0.13311080922416096 0.070715650111138215 0.033429703465183223 0.051484372356544142 0.004128416571983793 -0.070545310673721259 -0.13508274606845611 0.11667691940019281 -0.081259027811722839 -0.15274170552281932 -0.06595612090371808 -0.12181609346939998 0.05969766761284824 -0.010429164272103263 0.020034820906723531 -0.084631889327735341 -0.18720457375501334 0.15883245490883999 0.12934762364419658 0.016036421525597682 -0.17601269734921746 -0.048280804714998161 0.11965340099801727 0.12010230127258106 0.055351349575064074 0.026972744057975496 -0.11939478567290572
leaf_weight=1511.061909693195 69.536392329842784 20.764754644190361 407.23357057788235 180.91386320073798 264.33652894187253 319.92812610301189 117.27615664384484 407.70385033277125 113.24860329792136 112.3783005757723 234.70628021701123 1403.536329789109 31.555137659794127 286.86338048597099 74.862219569768058 87.846586058149114 95.569810438668355 79.2732278520416 154.15162607535603 210.38888765126467 802.7928214930871 157.98605544749444 1424.419882056769 126.7083711107116 299.54439256561454 1308.5427697455307 219.86591076807235 39.91635422987747 448.39278522224049 154.52335816714913 117.61908003641292 16.382391868159175 182.56408453498625 648.9517083166138 101.60227750136983 67.161587998270988 125.05032421175565 199.25700630259234 79.318223312206101 259.14968023695837 178.97403340126766 180.90601221496763 194.42648713651579 81.487151522160275 117.82880909922824 51.879533814266324 325.37755975325126 74.144434325688053 154.45790649001719 319.0839373182389 196.33958841854474 19.385272956918925 49.914546103682369 190.38158564257901 77.892449112201575 83.38343780109426 28.489624915760942 110.87157462639152 500.82223133341176 407.03536492993589 56.848862026410643 864.73512231299537
leaf_count=8490 2232 1314 49528 14531 3252 11418 30752 65536 21543 1268 16850 322928 9279 4809 2373 2368 2157 13466 7046 1729 9225 15028 11179 21875 143619 251787 14192 3683 24946 15853 8269 188 12264 14006 6687 664 4845 3338 2525 29619 12711 30994 4118 8805 63741 738 10579 10579 5394 6343 8363 217 501 3969 2228 3079 738 3427 9038 6540 2302 157078
internal_value=1.58476e-05 -0.0212695 -0.0415811 -0.0219603 -0.0402343 -0.0805276 0.125976 0.000455967 -0.114245 0.00491555 0.0456313 -0.124045 0.013499 0.0186033 0.10069 -0.0216038 0.00700765 0.0289305 -0.0281297 0.0523969 0.0418825 0.0712774 0.145111 -0.139509 -0.0939626 -0.131982 0.0211494 0.105319 -0.0361844 -0.0296526 -0.139923 0.0571762 0.067476 0.148496 0.0436997 0.0025058 -0.0218764 -0.0111765 -0.0586246 -0.0356898 0.00326967 -0.0628289 0.0659328 -0.0307712 -0.110608 -0.0671159 -0.0867951 -0.0416266 -0.0683461 0.065434 -0.0341319 0.0072394 0.0442686 0.0683726 0.0580129 -0.0832575 0.0817638 0.0457232 0.111039 0.0754856 -0.0795206 -0.109234
internal_weight=17227.6 15067.5 13241 10696.1 8419.73 4230.5 1826.51 4189.22 3033.45 1197.05 2276.35 2544.94 3781.52 3632.14 449.572 162.709 3182.56 2102.86 696.278 2206.82 1996.43 1414.99 1709.24 2058.39 654.855 2471.81 572.278 842.709 561.641 581.442 2290.9 1406.58 284.816 2160.01 820.273 426.918 359.757 300.859 486.552 1079.71 443.311 636.395 352.413 102.252 149.384 542.127 446.557 355.311 281.166 1327.31 455.489 121.179 101.794 1310.92 1120.54 161.276 959.267 429.956 529.312 519.414 376.777 982.354
internal_count=1538143 1515647 1451333 894885 806466 509707 64314 296759 478154 31553 88419 556448 231223 158203 9550 4741 148653 63714 21238 86187 84458 46246 33562 504395 181467 431665 33338 12908 46489 38212 417134 42476 22383 22496 17833 22359 21695 10025 52053 84939 15963 68976 19146 10119 73020 14192 12035 37848 27269 29010 37982 1456 1239 28822 24853 5307 19546 9770 9776 7808 13720 165347
is_linear=0
shrinkage=0.1


Tree=2
num_leaves=63
num_cat=0
split_feature=28 28 48 32 46 46 31 28 20 29 46 31 50 30 3 47 48 18 19 36 47 28 28 29 1 52 32 47 14 49 35 36 42 29 22 15 28 19 0 33 47 47 42 47 3 30 46 32 19 47 28 19 29 27 13 15 32 1 26 14 29 0
split_gain=4046.01 5330.05 1366.21 1128.37 873.375 642.73 497.988 412.911 303.805 242.88 628.515 200.469 514.673 345.916 194.685 172.748 150.062 147.804 143.495 134.193 134.156 141.748 131.3 128.453 122.752 126.55 116.956 133.658 106.744 102.507 95.0829 113.896 107.404 93.1297 102.852 90.5047 86.2888 85.1667 86.2835 83.665 79.7927 128.315 78.6889 68.5693 62.0838 73.1009 60.7906 59.7272 64.1119 58.4235 57.9172 55.5117 54.6843 54.2554 54.0388 54.3281 48.5626 48.1096 48.002 46.1587 45.7982 43.6488
threshold=1.0000000180025095e-35 24.000000000000004 1.0000000180025095e-35 96.000000000000014 1.0000000180025095e-35 5.5000000000000009 88.000000000000014 6.0000000000000009 48.000000000000007 112.00000000000001 4.5000000000000009 56.000000000000007 9.5000000000000018 56.000000000000007 4.2844183444976816 16.500000000000004 1.0000000180025095e-35 9.475347042083742 280.00000000000006 3.5000000000000004 21.500000000000004 3.0000000000000004 3.0000000000000004 112.00000000000001 3.2059091329574589 1.0000000180025095e-35 40.000000000000007 25.500000000000004 2.8888261318206792 5.5000000000000009 1.5000000000000002 5.0000000000000009 6.0000000000000009 192.00000000000003 7168.0000000000009 3.6050398349761967 12.000000000000002 180.00000000000003 5.7189338207244882 6.0000000000000009 10.500000000000002 5.5000000000000009 6.0000000000000009 16.500000000000004 4.4845800399780282 112.00000000000001 11.500000000000002 56.000000000000007 180.00000000000003 17.500000000000004 96.000000000000014 280.00000000000006 48.000000000000007 5.5000000000000009 1.7005987167358401 4.2324235439300546 56.000000000000007 4.5951199531555185 1.0000000180025095e-35 1.7005987167358401 192.00000000000003 6.0519120693206796
decision_type=2 2 2 2 2 2 2 2 2 2 2 2 2 2 2 2 2 2 2 2 2 2 2 2 2 2 2 2 2 2 2 2 2 2 2 2 2 2 2 2 2 2 2 2 2 2 2 2 2 2 2 2 2 2 2 2 2 2 2 2 2 2
left_child=4 3 5 7 18 6 9 20 26 10 19 12 13 35 46 57 17 -10 -1 28 24 -22 33 -16 -2 -26 27 36 52 -14 31 37 -33 34 -5 -6 -9 -11 59 -13 41 -38 -30 61 45 -41 -7 -19 -49 51 -34 -12 -3 -21 -32 -56 -27 -4 -20 60 -39 -18
right_child=1 2 15 22 11 14 -8 8 16 30 49 39 29 -15 23 -17 43 47 58 53 21 -23 -24 -25 25 56 -28 -29 42 -31 54 32 50 -35 -36 -37 40 38 -40 44 -42 -43 -44 -45 -46 -47 -48 48 -50 -51 -52 -53 -54 -55 55 -57 -58 -59 -60 -61 -62 -63
leaf_value=0.14725197226130413 0.032931569807955328 0.019558813099531572 0.13596981264290223 0.093034742868955952 -0.034672095961212429 0.055566733670374326 -0.10436107075396678 -0.11354232954316157 -0.03014874810629772 0.10723148981234985 0.096104236518230857 -0.03949334275600231 -0.15646714462595576 0.05121638533054762 -0.14293042225324898 -0.16017369912435606 -0.16312988958096555 -0.13791388788601974 0.14829078062461365 0.020357555127791416 -0.14424195661217015 0.054632949320210011 0.1154750811260334 0.016013818166922929 -0.1492936492136166 -0.13132606789835513 0.064965365111500903 0.10194050929973585 -0.13617035756175577 0.10268112965602016 0.00038101671223415693 -0.14595266277886715 0.056813786231636444 -0.11503546374857232 -0.080309030610781706 -0.14401156282349897 -0.084731100006861973 -0.017121750802375421 -0.10610715643871599 0.094380971673402245 -0.12668403050095542 0.094871832748415874 0.022532527882929768 -0.1589500456959059 0.045548851577952437 -0.069252627482088311 -0.076651158416611354 0.027101025697977729 -0.10927481357477925 -0.13667191552724589 -0.074674459922993985 -0.15983552476652854 -0.061414033973210484 -0.10355242410691634 -0.012543733758281364 0.13111428545068457 -0.062457139401466279 0.041156284075868341 0.073330091972249364 0.017496908156389667 0.079041815378810026 0.097506153182502886
leaf_weight=1422.9994376272389 40.961481404141523 129.70252585120033 1224.1198436568375 112.14298868365586 106.1362427585409 100.22820218476409 272.52663731708162 176.45906612504041 187.15143756812904 308.48461446887814 593.87201323421323 73.604564573615789 15.894226663513107 197.54605190917209 374.70231607023743 20.586423746841319 7.1829754383434183 848.60255956502806 105.25106494128704 336.42171235746355 68.538467129896162 75.119524668087251 202.65143032639753 58.828663747262908 2698.0692603345906 172.8371563826222 136.24013700726209 57.157418964721728 237.07577754202066 384.67993485418992 43.156515228969511 49.478468873363454 124.45554506337794 50.876246232772246 49.266644250485115 264.02417380948464 71.137941548222443 55.194622453302145 35.832490114989923 753.35297587934474 52.055578251194675 90.237769463681616 35.984443439083407 16.18744964504549 593.33022836905002 28.327503254331532 53.248704634374008 46.085718135291245 136.78890099309501 11.338197446166303 45.836835995112779 8.5970755615853687 233.6466482054675 39.4844133354527 28.72691068550921 314.81390575686237 251.20328186196275 55.963544435799122 453.53871866739064 254.94207743264269 482.1687153140083 60.927381018951564
leaf_count=5877 3088 1121 10659 1357 8676 22573 56485 17822 15037 4076 17888 1646 3035 11473 197111 10248 3444 239798 354 24707 16558 6526 4440 18066 491532 7155 4286 2982 34926 15145 889 8700 7604 1137 2234 57547 5245 1279 5705 8107 9277 3344 3935 6781 36691 3930 16981 2814 21164 2354 3794 3535 10127 15088 949 4920 7911 520 3085 12580 7754 4071
internal_value=-2.16093e-05 -0.0320928 0.0375755 -0.100786 0.0811815 0.010008 0.0256603 -0.113466 -0.0761304 0.0361773 0.00837924 0.040832 0.00560534 -0.055636 -0.0870968 0.127203 -0.102983 -0.111909 0.13039 -0.0400312 -0.134763 -0.0402492 0.0579009 -0.121362 -0.139056 -0.141312 -0.0161485 -0.0408683 -0.0680132 0.0923985 0.0621101 0.0496396 -0.0162604 0.00293974 0.0401255 -0.112661 -0.0618039 0.0623816 0.0456749 0.0643781 -0.0190281 0.0156989 -0.115256 0.026051 0.0699383 0.088451 0.00969383 -0.126743 -0.0749071 0.0882197 0.0214217 0.092452 -0.0325097 0.0073423 0.105852 0.119102 -0.0905278 0.131825 0.0874493 0.0525393 0.0691645 0.0700193
internal_weight=15536 11137.3 5529.42 5607.88 4398.69 4228.75 3641.74 5192.94 1886.21 3369.21 1626.12 2416.9 968.281 567.706 587.008 1300.67 1302.93 1218.63 1981.79 1012.32 3306.73 143.658 414.937 433.531 3163.07 3122.11 583.288 447.048 636.409 400.574 1743.09 1356.39 219.771 212.286 161.41 370.16 389.89 1136.62 828.138 1448.62 213.431 161.376 273.06 84.2978 1375.01 781.68 153.477 1031.48 182.875 613.807 170.292 602.469 363.349 375.906 386.697 343.541 424.04 1280.08 558.79 792.305 537.363 68.1104
internal_count=1538143 1382577 504574 878003 155566 483147 228416 868835 336065 171931 113681 146250 95876 77696 254731 21427 293109 278813 9316 89904 532770 23084 9168 215177 509686 506598 42956 38670 50109 18180 58250 51492 20098 4728 3591 66223 35688 31394 27318 50374 17866 8589 38861 14296 48728 12037 39554 263776 23978 23777 11398 21423 11248 39795 6758 5869 15066 11179 3439 21613 9033 7515
is_linear=0
shrinkage=0.1


Tree=3
num_leaves=63
num_cat=0
split_feature=28 28 48 32 46 46 31 47 28 29 46 31 50 38 52 18 47 3 15 38 0 28 47 49 32 19 28 32 31 37 22 15 49 14 28 27 28 0 26 32 36 19 19 18 19 18 1 32 47 24 33 46 27 38 3 18 19 36 29 22 36 33
split_gain=3216.77 4300.34 1111.03 893.163 609.712 587.357 390.807 312.414 273.445 273.025 437.167 185.912 399.177 281.065 138.254 131.428 118.918 116.687 115.682 115.446 125.961 105.708 105.455 208.247 123.925 96.0749 93.9918 80.2713 76.232 75.3496 73.0296 70.4812 69.9375 78.3451 67.6589 51.9876 51.8701 78.1528 51.4657 50.7592 56.8912 47.9238 47.4499 47.0628 45.846 47.8386 45.3007 44.2529 42.8969 53.7151 42.6043 42.507 42.2343 41.3961 62.7311 42.8386 39.5495 39.5147 129.82 38.657 52.7819 38.5161
threshold=1.0000000180025095e-35 24.000000000000004 1.0000000180025095e-35 96.000000000000014 5.5000000000000009 1.0000000180025095e-35 88.000000000000014 29.500000000000004 12.000000000000002 112.00000000000001 4.5000000000000009 56.000000000000007 9.5000000000000018 2.5000000000000004 1.0000000180025095e-35 6.4977023601531991 16.500000000000004 4.4845800399780282 4.342454433441163 2.5000000000000004 4.1426305770874032 3.0000000000000004 10.500000000000002 3.5000000000000004 40.000000000000007 280.00000000000006 3.0000000000000004 6.0000000000000009 88.000000000000014 3.0000000000000004 7168.0000000000009 3.6050398349761967 6.5000000000000009 6.208071470260621 6.0000000000000009 5.5000000000000009 48.000000000000007 4.7447810173034677 1.0000000180025095e-35 56.000000000000007 7.0000000000000009 180.00000000000003 100.00000000000001 9.475347042083742 180.00000000000003 9.475347042083742 3.2059091329574589 40.000000000000007 21.500000000000004 17137926144.000002 6.0000000000000009 11.500000000000002 5.5000000000000009 1.5000000000000002 5.3025121688842782 12.308295249938967 280.00000000000006 7.0000000000000009 192.00000000000003 7168.0000000000009 7.0000000000000009 6.0000000000000009
decision_type=2 2 2 2 2 2 2 2 2 2 2 2 2 2 2 2 2 2 2 2 2 2 2 2 2 2 2 2 2 2 2 2 2 2 2 2 2 2 2 2 2 2 2 2 2 2 2 2 2 2 2 2 2 2 2 2 2 2 2 2 2 2
left_child=5 3 4 7 6 25 9 8 14 10 19 12 13 31 15 27 36 28 51 20 42 -9 23 24 43 -1 30 -2 50 -20 -5 -7 33 -14 59 -29 37 -4 -27 61 41 -41 -3 -10 -26 -46 -11 -36 -17 -50 -13 -6 -21 54 55 -48 -12 -52 -59 60 -16 -19
right_child=1 2 16 26 18 11 -8 21 22 46 56 17 32 -15 34 48 -18 39 29 52 -22 -23 -24 -25 44 38 -28 35 -30 -31 -32 -33 -34 -35 47 -37 -38 -39 -40 40 -42 -43 -44 -45 45 -47 53 -49 49 -51 57 -53 -54 -55 -56 -57 -58 58 -60 -61 -62 -63
leaf_value=0.13410821385887906 -0.094374231199830988 0.0074411549549561334 -0.06182859944356154 0.042358352040024402 0.025117612354371016 -0.034905890357460632 -0.099903428036036329 -0.12941799077270855 -0.027380984356465771 -0.13149758479804499 0.070801678807819332 -0.055944262645395898 0.077975864666617545 0.051740466120471867 -0.08598940300629862 -0.13421643311514209 -0.14373276701446155 -0.073666126505575566 -0.13351862194020067 0.0085282053581542134 -0.14092688755332955 0.090574857240532242 -0.1359966287102474 0.058967144270494598 0.049523571015423956 0.13680928498403513 0.10098798522972074 0.16018857321403629 0.010622822952623678 -0.0019243794711579013 -0.11511513637512057 -0.13053031426571302 0.1006737209495 -0.11367009297381017 -0.12792540987613987 -0.16832735900587859 0.12997132037152179 0.099974922467670188 0.044658560172140399 0.071993009566593366 -0.09052252618719675 -0.059164658138211951 -0.065719949892830851 -0.11939431459293426 0.070298352942418194 -0.09664267725872483 0.070936709048054464 0.049860476487510824 0.014656388890543782 -0.13954029699814219 0.10952021955907537 -0.098760284867897272 -0.1056792847583161 0.075588300725977192 -0.053237991222689941 0.020352281286658405 -0.14449161599220292 0.11271448388663617 -0.14072153955800637 -0.11840554243295838 0.044059020536021676 0.057357778262788983
leaf_weight=1283.8656361241465 42.740385165438056 143.88262333860621 32.922055790666491 99.046726114931516 95.69803042775311 113.82623934184085 242.40742101892829 27.558439499058295 67.143009620311204 12.316178150940685 608.92836609994993 17.565598155371845 53.495460410093074 188.00007168116281 121.44357746304013 3167.1402268794127 17.670925097380859 23.629839199362323 359.51042757719551 393.4717804617394 172.347174620023 105.29419453447917 151.09770535086136 154.05681950638427 86.442078639462125 84.854271121323109 211.1216225932003 30.394563797628507 112.59397703585273 49.503258186734456 41.911655995761976 238.75485356690479 356.20353341593727 35.477577511570416 17.83128168003168 5.724336637184023 920.64288113184739 320.08261557342485 212.09196349721606 82.281901369919069 60.674872208910529 42.119715237844503 230.93064467585646 322.98641638794652 23.275072873337194 65.391314545733621 456.52838640956907 65.170893569826148 44.084695597732207 46.337781752794399 732.44265447667567 38.983102012367453 35.283529225485836 901.77468024007976 60.984936338558327 264.36561980057741 8.6538346607121621 73.336946917581372 27.901425027986988 196.30196777603123 42.002464736811817 443.99702186623472
leaf_count=5877 2908 1726 497 1767 23505 9298 56485 3903 6183 1021 19866 543 3077 9228 3335 648345 10248 935 193633 33352 27678 3433 71801 11810 3600 354 4440 792 4834 19968 2961 59170 11593 3510 1538 385 7467 3215 3085 2458 3069 6078 12060 61621 1380 10549 8433 2167 4044 19310 5380 17625 15088 36961 4629 7206 3911 1345 646 10743 988 25086
internal_value=1.75056e-05 -0.0295222 0.0330693 -0.0949467 0.00745844 0.0741748 0.0226339 -0.106263 -0.110584 0.031664 0.00194237 0.0449694 0.0107412 -0.0470063 -0.122222 -0.129189 0.113901 0.0658415 -0.0911226 -0.0397243 -0.0701704 0.0449404 -0.0600512 -0.0440979 -0.0721885 0.122252 0.0587694 -0.00162684 0.0879507 -0.117592 -0.0044638 -0.0996592 0.0808644 0.00155795 -0.0697168 0.108123 0.117475 0.0848847 0.0709912 0.0331931 -0.0111344 0.0275858 -0.037635 -0.103558 -0.00229842 -0.0528204 0.0595898 0.0116669 -0.132277 -0.064363 0.0981788 -0.0107385 -0.000870263 0.0609876 0.0441479 0.0523864 0.0677849 0.101426 0.0428672 -0.0884939 -0.0525695 0.050737
internal_weight=14684.5 10501.4 5366.89 5134.5 4075.57 4183.11 3531.88 4782.42 4649.56 3289.47 1593.5 2602.3 985.758 540.581 3779.17 3336.42 1291.32 1616.54 543.695 975.916 547.16 132.853 870.392 719.295 565.238 1580.81 352.08 78.8593 963.841 409.014 140.958 352.581 445.177 88.973 442.75 36.1189 1273.65 353.005 296.946 652.703 185.076 124.402 374.813 390.129 175.108 88.6664 1695.97 83.0022 3257.56 90.4225 851.247 134.681 428.755 1683.65 781.879 720.894 617.582 833.681 101.238 359.748 163.446 467.627
internal_count=1538143 1382577 504574 878003 483147 155566 228416 868835 861499 171931 113681 146250 95876 77696 694555 675784 21427 50374 254731 89904 41464 7336 166944 95143 83333 9316 9168 4085 12748 213601 4728 68468 18180 6587 18771 1177 11179 3712 3439 37626 11605 8536 13786 67804 15529 11929 58250 3705 671699 23354 7914 41130 48440 57229 20268 15639 23777 7371 1991 15066 4323 26021
is_linear=0
shrinkage=0.1


Tree=4
num_leaves=63
num_cat=0
split_feature=28 28 48 32 46 46 31 29 46 47 28 3 49 30 18 47 52 47 49 32 3 16 30 28 28 38 19 29 31 50 28 3 32 47 50 47 47 47 39 30 36 19 27 3 28 19 18 46 38 23 13 22 19 3 3 47 19 47 47 22 32 36
split_gain=2631.92 3540.22 1085.84 740.414 507.374 485.237 288.834 282.116 351.039 278.844 258.339 182.546 171.476 271.294 139.613 101.496 100.493 90.8597 163.311 94.3946 89.9177 89.0656 86.2804 74.0279 69.0732 68.3844 67.2839 64.7506 64.3928 68.4583 63.4762 63.3617 62.1866 58.5929 54.9772 52.0241 70.006 63.4097 42.0095 62.7161 90.0519 75.0464 60.3411 55.6054 49.0582 57.0664 47.2332 40.99 41.8658 47.6704 45.8948 40.7802 39.7919 39.5845 38.6475 37.5439 35.7168 35.633 95.8382 35.5252 33.4505 36.9767
threshold=1.0000000180025095e-35 24.000000000000004 1.0000000180025095e-35 96.000000000000014 5.5000000000000009 1.0000000180025095e-35 72.000000000000014 112.00000000000001 4.5000000000000009 29.500000000000004 12.000000000000002 4.4845800399780282 6.5000000000000009 24.000000000000004 6.4977023601531991 16.500000000000004 1.0000000180025095e-35 10.500000000000002 3.5000000000000004 40.000000000000007 4.1426305770874032 1.4978661537170412 112.00000000000001 3.0000000000000004 6.0000000000000009 2.5000000000000004 280.00000000000006 112.00000000000001 56.000000000000007 5.5000000000000009 3.0000000000000004 4.1426305770874032 6.0000000000000009 19.500000000000004 9.5000000000000018 6.5000000000000009 8.5000000000000018 9.5000000000000018 1.5000000000000002 112.00000000000001 5.0000000000000009 100.00000000000001 7.5000000000000009 5.4679176807403573 96.000000000000014 180.00000000000003 11.693325042724611 13.500000000000002 3.5000000000000004 1900.0000000000002 1.2424533367156985 7168.0000000000009 180.00000000000003 5.3025121688842782 4.6510493755340585 17.500000000000004 100.00000000000001 1.0000000180025095e-35 26.500000000000004 7168.0000000000009 56.000000000000007 7.0000000000000009
decision_type=2 2 2 2 2 2 2 2 2 2 2 2 2 2 2 2 2 2 2 2 2 2 2 2 2 2 2 2 2 2 2 2 2 2 2 2 2 2 2 2 2 2 2 2 2 2 2 2 2 2 2 2 2 2 2 2 2 2 2 2 2 2
left_child=5 3 4 9 6 26 7 8 21 10 14 22 13 33 32 -4 -16 18 19 -12 -6 -3 28 -11 59 31 -1 -22 29 -7 51 56 -2 -13 -14 -10 -37 -38 42 40 44 43 -9 -42 45 -40 -47 48 49 -15 -51 -5 -21 -46 -25 -39 -23 -36 -59 -18 -50 -62
right_child=1 2 15 30 20 11 -8 38 35 23 17 12 34 47 16 -17 24 -19 -20 52 27 25 -24 54 -26 -27 -28 -29 -30 -31 -32 -33 -34 -35 57 36 37 55 39 -41 41 -43 -44 -45 53 46 -48 -49 60 50 -52 -53 -54 -55 -56 -57 -58 58 -60 -61 61 -63
leaf_value=0.12527130298935932 -0.12258610908102741 -0.10803363812895697 0.1160910464095071 0.032696542485494397 0.0011183305140634054 -0.0086593117479598272 -0.088461632396048234 -0.024397802162759111 0.016777958256604351 -0.12171851424099295 -0.094302495171603232 -0.12853726117509109 -0.1306333332763143 0.071825660876875946 -0.12521083963188348 -0.13141896088741731 -0.054879546130105455 -0.12638129021434677 0.051345022185100092 0.041138746267008697 -0.11988574020992182 0.0072144423515290079 -0.051254340961427142 -0.06660444280722333 0.012383686638154565 0.0072489269984156862 0.069377623395742313 5.6865329036198961e-05 0.091326189187845269 0.10093033249343833 0.086098197365177764 -0.12440297634776468 0.081254237003668489 -0.0026556787732134042 0.13370646904281455 0.10188816737748273 -0.15830627087416899 0.069602423347467829 0.087813952245597418 0.099860394340059347 0.083737264985345228 -0.14746441291254891 0.083343407406855891 -0.057140145477817678 0.097688176244247804 0.050500157569725479 -0.019427150275874241 -0.10401962911884549 0.047980078771819396 0.087027839761867065 -0.10063684747366207 -0.091242360169424289 -0.054257916749977542 0.012044201181283687 0.093612466369350361 -0.13090911704040586 -0.059925066629384606 -0.011865187231168764 0.12364340978084294 -0.12434113029496785 0.032556698482752264 -0.093787386692940053
leaf_weight=1191.3260847839119 21.191178715787828 175.96917333145029 1198.4835682558769 93.770830571651459 96.117388098107767 150.71407265035668 234.75418973426349 144.94532130248263 239.82685967651196 24.28891723434208 365.36157993543748 171.98158943180169 11.978957321349297 35.577059838920832 3048.9813573494575 16.800016603690892 135.57811877445783 145.53301172521969 154.05220802539407 90.405356044182554 382.78605194905685 130.61554821021855 54.090490672999294 17.679744012653828 79.448206960980315 306.60731540323468 262.89717668424419 51.006103976866143 836.22047117094917 91.673374334284745 213.16115199925844 99.742649648571387 50.950071205093991 47.103276860696496 110.02610922112945 280.89757547550835 19.276336115377489 71.141813680995256 179.33236754522659 318.26384196785511 59.666325749829412 36.483987142739352 81.047583686086 52.821523100254126 378.44444715531426 219.38027598435292 172.5854683292855 24.163139755990414 549.49305596757767 16.005225167493336 70.141994255420286 37.032761240785476 84.681074720312608 62.943359673838131 101.44481486896984 10.749070464924442 201.42459596641129 93.795884252540418 117.66731157526374 161.13868840743089 61.124779846373713 37.299589637463214
leaf_count=5877 2908 49464 11179 1767 29232 12260 57948 14368 11873 3903 67804 47638 4622 911 671699 10248 4323 71801 11810 3600 206554 1410 5515 642 3705 19095 3439 18945 8677 4981 4440 8155 1177 4168 2521 4809 2373 2368 2573 4307 1448 4636 2451 1876 6493 6748 10122 9876 21211 634 9168 2961 11929 3228 2791 2354 10317 6394 1023 10743 3582 3069
internal_value=-3.79206e-05 -0.0271863 0.0298712 -0.0889437 0.00475822 0.0693075 0.0186503 0.0264059 -0.00467859 -0.0997976 -0.104334 0.0424063 0.0175165 -0.00296053 -0.116295 0.112669 -0.119194 -0.0545369 -0.0394818 -0.0653716 -0.0863925 -0.0441012 0.0719909 0.0373922 -0.0704286 -0.0288652 0.115167 -0.105783 0.0781715 0.0327886 0.0524467 -0.0545097 0.021377 -0.101473 0.0797144 0.053284 0.0761993 0.00487239 0.0543989 0.0605312 0.049756 -0.0228367 0.0142413 0.0175847 0.0604348 0.0410885 0.0197106 0.0242282 0.0282546 -0.0255547 -0.0657708 -0.00239271 -0.00500013 0.0854751 0.069834 0.0432831 -0.0335142 0.0875522 0.0635377 -0.0926022 0.0383637 -0.0153235
internal_weight=13980.1 10046.8 5222.11 4824.7 4006.83 3933.28 3476.92 3242.17 1536.25 4480.73 4337.32 2479.06 1346.36 1012.89 3497.29 1215.28 3425.15 840.033 694.5 540.448 529.91 914.359 1132.7 143.413 376.165 738.39 1454.22 433.792 1078.61 242.387 343.965 431.783 72.1412 219.085 333.468 621.892 382.065 101.167 1705.91 1479.92 1161.66 148.972 225.993 112.488 1012.69 571.298 391.966 793.805 769.642 121.724 86.1472 130.804 175.086 441.388 119.125 81.8909 332.04 321.489 211.463 296.717 647.917 98.4244
internal_count=1538143 1382577 504574 878003 483147 155566 228416 170468 112218 868835 861499 146250 114817 100257 694555 21427 690470 166944 95143 83333 254731 88441 31433 7336 18771 38977 9316 225499 25918 17241 9168 19882 4085 51806 14560 23777 11904 7095 58250 41431 37124 7960 16819 3324 29164 19443 16870 48451 38575 10713 9802 4728 15529 9721 3433 4722 11727 9938 7417 15066 27862 6651
is_linear=0
shrinkage=0.1


Tree=5
num_leaves=63
num_cat=0
split_feature=46 48 45 46 47 29 47 31 42 39 36 38 16 19 30 36 19 16 3 36 47 47 47 3 22 36 47 47 22 0 19 13 26 15 24 15 36 18 0 33 19 47 13 19 4 15 19 12 19 0 3 14 30 24 22 49 30 15 50 22 38 19
split_gain=1703.38 1850.25 1313.25 483.767 344.937 202.668 469.23 345.824 262.54 221.705 179.888 111.296 101.474 91.375 86.4203 92.831 180.616 79.3136 73.8982 70.8959 68.0124 107.61 84.9872 63.4046 51.4633 50.5574 44.5955 46.4274 56.5934 50.0705 43.2662 42.006 37.5366 37.259 29.5947 29.208 32.5273 53.7723 49.0946 60.7486 45.9461 31.8995 28.1612 27.9134 27.2178 26.1079 25.6516 25.6168 25.6057 56.0774 25.5412 25.2801 27.0501 24.8166 23.8309 23.7835 23.5729 23.4532 61.4089 22.7106 21.256 45.5817
threshold=1.0000000180025095e-35 1.0000000180025095e-35 1.0000000180025095e-35 7.5000000000000009 16.500000000000004 80.000000000000014 3.5000000000000004 120.00000000000001 6.0000000000000009 1.5000000000000002 2.5000000000000004 7.5000000000000009 1.844439744949341 280.00000000000006 112.00000000000001 7.0000000000000009 100.00000000000001 1.2424533367156985 4.1426305770874032 1.5000000000000002 29.500000000000004 8.5000000000000018 6.5000000000000009 5.0290689468383798 7168.0000000000009 3.5000000000000004 9.5000000000000018 17.500000000000004 7168.0000000000009 6.208071470260621 100.00000000000001 1.7005987167358401 1.0000000180025095e-35 4.342454433441163 17137926144.000002 2.5152189731597905 3.5000000000000004 11.974382400512697 4.1426305770874032 3.0000000000000004 180.00000000000003 2.5000000000000004 5.4457051753997812 280.00000000000006 0.89587974548339855 4.7789824008941659 180.00000000000003 1.0397207736968996 100.00000000000001 1.4978661537170412 3.1549592018127446 5.1720471382141122 80.000000000000014 17137926144.000002 7168.0000000000009 6.5000000000000009 112.00000000000001 4.4845800399780282 5.5000000000000009 7168.0000000000009 3.5000000000000004 180.00000000000003
decision_type=2 2 2 2 2 2 2 2 2 2 2 2 2 2 2 2 2 2 2 2 2 2 2 2 2 2 2 2 2 2 2 2 2 2 2 2 2 2 2 2 2 2 2 2 2 2 2 2 2 2 2 2 2 2 2 2 2 2 2 2 2 2
left_child=13 2 3 5 50 6 8 9 35 -7 57 53 34 48 15 19 -17 -10 -5 47 21 22 -8 -14 -22 46 -23 -28 -29 -30 -12 -16 -15 -33 56 -2 38 -38 40 -40 41 44 -20 59 -37 -27 -21 60 49 -1 -3 -25 -53 -9 -19 -31 -13 58 -4 -24 -11 -62
right_child=1 4 10 18 -6 7 20 11 17 14 30 12 23 32 31 16 -18 54 42 25 24 26 43 51 -26 45 27 28 29 55 -32 33 -34 -35 -36 36 37 -39 39 -41 -42 -43 -44 -45 -46 -47 -48 -49 -50 -51 -52 52 -54 -55 -56 -57 -58 -59 -60 -61 61 -63
leaf_value=0.032501868631038336 -0.0003451352744119143 0.031549893622717075 -0.11081233232189491 -0.015687534499391489 -0.13038275419307765 -0.049030921962674189 -0.0080310791623812196 -0.055175013060047184 -0.046185491396156991 0.01181390427031777 -0.15718015196910085 0.017051365161812961 -0.042834423185443428 0.1188880128050919 -0.023821643634756248 0.026286446052013236 -0.13296467883453272 0.048768105897069737 0.029510326721384129 0.12531635793685955 -0.11730304597189867 -0.10569462816570817 0.091744584415103039 0.020733382186796098 0.083814181892270356 0.049770355787321294 0.04413918793406707 -0.1291896761335623 0.038977583804323986 -0.13002174630175642 -0.040971672310301521 -0.026504709845104335 0.038751715722766658 0.10056605698431412 -0.079782399911140917 -0.14502873503927488 -0.0031607904277235425 -0.086303785530700505 -0.042252727097070314 -0.12796617798316115 -0.095525903319030173 0.10350585753274372 -0.11579980120301539 -0.13674379845465359 -0.035257334727740564 0.0097895747808586023 0.062415689248093632 -0.061727567298805512 0.12785666056358758 0.11713356513541595 0.10418565564120295 -0.023549533522044655 0.11504061980786034 -0.12138954184193058 -0.011984136637278113 -0.017630637602283946 -0.071961497244561898 -0.12187714235185393 -0.02582235425117408 0.033170439365619572 0.10001165073424963 0.011250492060636923
leaf_weight=103.24662183295004 50.652116514393128 50.169066138681956 539.53606041625608 95.509244055901945 67.076624341545539 346.88269035694248 204.83212154687499 87.315373668971006 184.90576494172274 765.49030077026691 34.026247962843627 72.674589811009355 130.63664440455614 75.151062536984682 35.035587471735198 250.63690965436399 99.487386689404957 273.96796852053376 13.71755157294683 119.41045137293986 13.427171295450533 58.796066693845205 257.83277176058618 177.36250681703677 242.70518446390633 834.8315880743321 103.79028099720017 51.123913265299052 95.23884031875059 35.252417972020339 548.45002805051627 24.909543002344435 263.04442086604831 313.29199812127627 238.22962403644851 24.926838767773006 139.29862277163193 176.15567760157137 105.59425145934802 381.16280198859749 265.48698868969223 15.176415834284851 480.79579496307633 6.2367360555799669 240.71594810928218 203.05879713548347 141.85387216275558 39.866750092012808 687.11966488084727 323.93619385547936 1381.0912337221489 17.708299680787604 68.79775177501142 160.91763430742139 84.476976364327129 40.412700563261751 50.373097799776588 1011.1913311458629 100.91662334531429 89.057309837487992 94.609861712728161 148.92668237831094
leaf_count=1344 1635 1342 74062 34605 30931 42723 21394 6799 35868 26291 735 4722 13695 363 1808 7424 14244 17323 1550 2069 1619 7175 6192 13584 10145 22045 7118 7550 11866 7147 49117 1939 13725 9029 61292 1545 14575 38172 12592 47588 15783 707 265418 2340 6137 13101 12389 4597 5140 1954 32210 2404 4189 23625 2686 5212 4461 397852 35242 5822 2046 11165
internal_value=-0.000139899 -0.0126322 -0.0276167 -0.00900466 0.0912526 -0.00220141 -0.0216239 0.0115947 -0.051985 0.0267501 -0.0955425 -0.0400039 -0.0209229 0.102086 0.0353087 0.02907 -0.0189646 0.00700938 -0.0962159 0.0362326 0.0275766 0.0151598 0.0432128 0.014142 0.0732711 0.0518458 -0.0255367 -0.0110717 -0.0368809 -0.00926779 -0.0477602 0.0804092 0.056559 0.0912069 -0.0592128 -0.0748947 -0.0776949 -0.0495894 -0.0862771 -0.109372 -0.0656997 -0.0375019 -0.111769 0.072937 -0.0455578 0.0419483 0.0911643 0.0168941 0.115904 0.0966788 0.10164 0.04235 0.0866704 -0.0980987 0.0344502 -0.0699937 -0.0193886 -0.112394 -0.0974204 0.0767068 0.0200005 0.0457327
internal_weight=13338.5 11886 10387.7 8153.56 1498.34 7563.53 3141.23 4422.31 1942.52 3418.29 2234.12 1004.02 755.783 1452.5 3071.41 2698.17 350.124 543.351 590.023 2348.05 1198.71 942.573 557.959 394.505 256.132 1299.15 384.614 325.818 222.028 170.904 582.476 373.237 338.195 338.202 361.277 1399.17 1348.52 315.454 1033.06 486.757 546.306 280.819 494.513 353.127 265.643 1037.89 261.264 1048.89 1114.3 427.183 1431.26 263.869 86.5061 248.233 358.445 75.6651 123.048 1651.64 640.453 346.89 1009.03 243.537
internal_count=1539422 1516896 1452413 895405 64483 593832 288191 305641 194611 170870 557008 134771 104347 22526 128147 115371 21668 55877 301573 93703 93580 81816 35748 33872 11764 49604 46068 38893 31775 24225 49852 12776 14088 10968 70475 138734 137099 52747 84352 60180 24172 8389 266968 14354 7682 35146 14458 44099 8438 3298 33552 20177 6593 30424 20009 12359 9183 507156 109304 12014 39502 13211
is_linear=0
shrinkage=0.1


Tree=6
num_leaves=63
num_cat=0
split_feature=27 48 45 29 49 31 47 42 36 39 27 15 3 19 16 16 47 47 47 30 36 19 36 26 36 22 38 47 47 22 14 1 36 13 16 19 14 22 50 15 44 15 14 12 38 14 27 30 14 15 50 13 22 19 20 27 14 14 23 14 19 38
split_gain=1298.69 1516.43 1239.77 323.784 505.46 401.073 276.612 240.67 147.209 134.078 125.967 104.001 81.8696 81.4431 76.4437 75.9186 68.3161 64.6715 86.9946 47.4173 92.7341 137.999 60.4975 44.2661 43.7256 42.395 41.5682 38.8971 35.8546 44.0683 39.3602 34.8799 41.1538 33.6887 32.546 31.797 49.3977 28.9009 28.5524 28.5437 27.9715 26.3144 24.5594 24.4556 22.6523 46.6885 41.1407 22.2227 21.1329 21.0311 38.754 20.6828 27.8457 20.3413 19.9462 19.8648 36.3307 19.6575 18.6381 17.9117 17.9089 29.5407
threshold=-1.0000000180025095e-35 1.0000000180025095e-35 1.0000000180025095e-35 80.000000000000014 1.0000000180025095e-35 88.000000000000014 16.500000000000004 6.0000000000000009 2.5000000000000004 1.5000000000000002 7.5000000000000009 4.7789824008941659 5.3025121688842782 280.00000000000006 1.844439744949341 1.2424533367156985 29.500000000000004 8.5000000000000018 6.5000000000000009 112.00000000000001 7.0000000000000009 100.00000000000001 1.5000000000000002 1.0000000180025095e-35 3.5000000000000004 7168.0000000000009 5.5000000000000009 9.5000000000000018 17.500000000000004 7168.0000000000009 6.208071470260621 3.6050398349761967 3.5000000000000004 1.7005987167358401 1.4978661537170412 100.00000000000001 1.4978661537170412 7168.0000000000009 17.500000000000004 4.342454433441163 -1.0000000180025095e-35 5.0290689468383798 5.7189338207244882 1.0397207736968996 3.5000000000000004 4.2844183444976816 4.5000000000000009 112.00000000000001 4.9182729721069345 4.4845800399780282 5.5000000000000009 3.0677825212478642 5120.0000000000009 280.00000000000006 48.000000000000007 2.5000000000000004 2.8888261318206792 3.6050398349761967 2202.0000000000005 5.7189338207244882 180.00000000000003 3.5000000000000004
decision_type=2 2 2 2 2 2 2 2 2 2 2 2 2 2 2 2 2 2 2 2 2 2 2 2 2 2 2 2 2 2 2 2 2 2 2 2 2 2 2 2 2 2 2 2 2 2 2 2 2 2 2 2 2 2 2 2 2 2 2 2 2 2
left_child=13 2 3 4 7 9 38 11 49 10 59 44 34 35 37 42 17 18 58 20 22 -22 43 -15 -24 -18 -16 -19 -29 -30 -31 -13 -33 -21 -7 36 -1 -14 -3 -35 -36 -26 -9 60 45 46 55 -39 -28 50 -4 -43 -53 -20 -10 56 -2 -40 -6 -5 61 -11
right_child=1 6 8 5 16 12 -8 15 54 19 -12 31 14 23 26 -17 25 27 53 33 21 -23 24 -25 41 -27 48 28 29 30 -32 32 -34 39 40 -37 -38 47 57 -41 -42 51 -44 -45 -46 -47 -48 -49 -50 -51 -52 52 -54 -55 -56 -57 -58 -59 -60 -61 -62 -63
leaf_value=0.029416397291135678 -0.034779263393524759 0.059635052673778555 -0.1038827890206051 -0.042346868626687517 -0.1276073959989544 -0.11575674611855512 -0.12297470650780301 -0.029365128098565785 -0.13883403338224107 0.014035612892701442 0.063633137249978308 -0.11638706293832637 -0.075900464250789612 0.11075559927431311 -0.071241981742225513 0.025582739491660924 -0.11349843016863247 -0.10797942341587133 0.063854598448088842 -0.02703496970803633 0.020324649899562394 -0.12371823461962633 0.085162364300061327 0.014976583853398862 0.048761354900089669 0.073379856823175479 0.013709552491712993 0.036154713303247363 -0.12095683555338677 0.030295854752754505 -0.071027411699316798 -0.11951544628119624 0.02202260647047502 -0.023474862633934033 -0.041970052732108722 0.12652941637490908 0.11051099498047895 0.012828190638528518 0.04449189435048196 0.0862246761378649 -0.12572373728967842 0.046979983917520514 -0.10595946051668899 -0.060902880757489869 -0.025137326950984796 -0.11436499091156403 -0.10133035030103373 -0.070797825375000623 0.076747399934469496 -0.11702035131437041 -0.033570858455474736 -0.11595870734743817 0.0092565694083502365 -0.12830729040550537 -0.04417756538357543 0.015076504392254844 -0.12807485653884407 0.10197750919946187 -0.0066936259879277378 -0.10706711214848552 0.015265992937027165 0.091039876662307284
leaf_weight=101.08591712627094 351.46075724746333 217.6571838029995 519.85585587879177 309.7471932263943 13.326558404485693 144.27067245818034 61.896308728266376 157.09195379397715 23.221751832636073 109.88187693798682 129.86170782325644 599.45386751271872 203.71951227346653 70.102368779480457 43.856812265643384 355.74310539045837 12.730421605869195 49.622632461308967 348.00495426810812 33.451054967823438 252.96700750937453 90.235486234480049 309.33130761989742 154.82397523082182 847.4287091139704 261.48053779453039 160.13638723193435 101.28381870829617 47.53850879566744 93.64269324860652 64.916755808488233 40.059707365348004 42.166286254185252 25.623049528250704 222.64847110136179 578.09972355142236 292.35709621547721 89.821217358403374 62.750253703328781 319.23801650185487 48.575448330957443 59.795356657123193 57.070945322069747 36.531002522271592 184.16460725725483 148.95459624034993 130.29434297332773 49.173757432232378 79.624089361750521 955.81656821656361 92.309070411487482 25.970272351056337 56.177547177183442 5.5972251681378102 538.51126223741448 61.786450114159379 47.365015479037538 1143.3177040164082 293.76555091526825 49.610888650771813 735.22337060436257 91.139790223562159
leaf_count=1344 12354 6756 74062 38407 5901 66600 30931 30743 735 3567 7413 232786 50297 363 5448 20009 1619 7175 12014 2052 7424 14244 14458 1786 23050 10145 12328 7118 7550 11932 12293 4253 4102 2675 20896 2210 1954 4807 1598 13767 6024 1966 27743 4597 28718 36570 9826 4989 6315 397852 35242 4987 2479 2340 49117 15108 3473 25198 29820 21616 34230 2046
internal_value=-0.000145536 -0.010371 -0.0242191 -0.00615162 -0.029143 0.0114705 0.0839735 -0.0585641 -0.0920156 0.0277567 -0.020778 -0.0783789 -0.0429646 0.0990513 -0.0201326 -0.00273615 0.020403 0.00846646 0.0269968 0.0356899 0.0309021 -0.0175474 0.0382225 0.0448278 0.0523467 0.0647039 0.0182707 -0.0258269 -0.0125645 -0.0365069 -0.0111875 -0.108009 -0.0469334 0.0687801 -0.0773824 0.111605 0.0896756 -0.0519136 0.0929706 0.078074 -0.0569701 0.0420868 -0.0497763 0.0193659 -0.0565197 -0.0643313 -0.0517189 -0.0167571 0.0346443 -0.107752 -0.0932804 0.00223834 -0.0303291 0.0608128 -0.0480906 -0.0376853 -0.0458592 0.0989866 -0.0119408 -0.0512818 0.0224979 0.048948
internal_weight=12803.4 11606.9 10121.3 7991.56 3467.52 4524.04 1485.62 2175.61 2129.71 3482.21 489.22 1605.71 1041.83 1196.47 626.332 569.906 1291.91 1017.7 660.694 2992.99 2614.68 343.202 2271.48 224.926 1298.7 274.211 283.617 357.004 307.382 206.098 158.559 681.68 82.226 378.312 415.495 971.543 393.443 342.714 1423.73 344.861 271.224 989.372 214.163 972.776 924.026 739.861 590.907 138.995 239.76 1567.98 612.165 141.943 82.1478 353.602 561.733 460.612 398.826 1206.07 307.092 359.358 936.245 201.022
internal_count=1539422 1531765 1467282 910274 533592 376682 64483 425685 557008 198978 67436 347190 177704 7657 84184 78495 107907 96143 50075 131542 113048 21668 91380 2149 46940 11764 24091 46068 38893 31775 24225 241141 8355 18494 93520 5508 3298 60093 33552 16442 26920 32482 58486 44440 106049 77331 40761 9796 18643 507156 109304 9432 7466 14354 49852 30935 15827 26796 35721 60023 39843 5613
is_linear=0
shrinkage=0.1


Tree=7
num_leaves=63
num_cat=0
split_feature=28 28 48 24 28 46 28 46 45 2 0 36 52 24 0 3 45 49 30 3 1 48 27 19 18 19 29 47 19 28 50 28 18 18 38 3 27 19 45 28 28 18 0 18 38 28 34 32 36 16 29 19 0 14 45 50 49 23 34 29 27 16
split_gain=1748.11 2715.97 626.818 418.469 340.76 336.761 166.007 161.326 123.361 119.131 114.837 104.868 101.557 99.9409 103.976 90.3335 84.2016 82.2686 209.381 80.3358 74.5997 65.1199 65.1089 62.7063 64.53 59.2757 125.861 58.5435 56.8045 53.9714 44.7657 43.7131 81.768 42.1717 42.1655 41.3817 41.1285 39.3718 37.2916 37.1427 34.3168 71.3928 46.6772 37.4626 44.8857 34.2586 34.0038 33.4598 33.0857 32.6513 32.0539 29.3717 44.1044 29.0284 26.978 26.9251 26.7014 26.2689 25.8859 35.0424 25.422 35.7753
threshold=1.0000000180025095e-35 24.000000000000004 1.0000000180025095e-35 17137926144.000002 3.0000000000000004 7.5000000000000009 12.000000000000002 1.0000000180025095e-35 1.0000000180025095e-35 3.1002545356750493 4.6510493755340585 3.5000000000000004 1.0000000180025095e-35 17137926144.000002 5.4679176807403573 4.6510493755340585 1.0000000180025095e-35 6.5000000000000009 24.000000000000004 4.1426305770874032 3.2059091329574589 1.0000000180025095e-35 2.5000000000000004 180.00000000000003 9.7195062637329119 180.00000000000003 112.00000000000001 16.500000000000004 280.00000000000006 48.000000000000007 9.5000000000000018 96.000000000000014 11.693325042724611 12.489189624786379 7.5000000000000009 4.1426305770874032 1.0000000180025095e-35 62.000000000000007 1.0000000180025095e-35 6.0000000000000009 48.000000000000007 10.952356338500978 4.8278014659881601 8.8349494934082049 1.5000000000000002 96.000000000000014 1.5000000000000002 6.0000000000000009 2.5000000000000004 1.844439744949341 112.00000000000001 100.00000000000001 1.4978661537170412 6.4873874187469491 1.0000000180025095e-35 5.5000000000000009 4.5000000000000009 1900.0000000000002 1.5000000000000002 192.00000000000003 4.5000000000000009 1.2424533367156985
decision_type=2 2 2 2 2 2 2 2 2 2 2 2 2 2 2 2 2 2 2 2 2 2 2 2 2 2 2 2 2 2 2 2 2 2 2 2 2 2 2 2 2 2 2 2 2 2 2 2 2 2 2 2 2 2 2 2 2 2 2 2 2 2
left_child=7 3 5 4 -2 8 9 28 13 47 36 -10 -11 14 31 39 22 18 56 -7 -15 23 -17 38 -25 -22 34 33 51 -16 -19 -3 -33 -4 -27 -34 -9 -31 -8 -6 41 -28 58 -44 -45 -13 54 -5 -48 -36 -21 52 -1 60 -38 -56 -12 -55 -42 -60 61 -20
right_child=1 2 27 6 15 19 21 10 11 12 17 45 -14 20 29 16 -18 30 53 50 25 -23 -24 24 -26 26 40 -29 -30 37 -32 32 35 -35 49 -37 46 -39 -40 -41 42 -43 43 44 -46 -47 48 -49 -50 -51 -52 -53 -54 57 55 -57 -58 -59 59 -61 -62 -63
leaf_value=0.026709843595211169 -0.11029664819599097 0.055848127295375666 0.098419755678633314 -0.10537286581906802 -0.1168117968528833 0.015200770862978837 0.019570795709783224 -0.077601423161962391 -0.095790677343342012 -0.11691256962354823 -0.10535659117243595 -0.018648990458095038 -0.036420628746310017 -0.14260873224113446 0.002305142430126513 -0.12461369147946194 -0.10292115860010338 -0.11745918261496985 0.049653450090442197 -0.10465161853682346 0.063156032912126264 0.041997895104513135 0.051444840387255414 -0.0017079131569216772 -0.099489648039237308 -0.062193036223976865 0.06134900833505641 -0.11065549830653297 0.050273434064738769 0.065536154792600304 0.084949376951118219 -0.15703875524048261 0.095096627567432243 -0.044490333021724719 -0.062639063139120751 -0.047175334618276686 0.092366480504407503 -0.10883762784720707 -0.11391276027307883 -0.016681825441432204 0.078934675957598774 -0.027836007728376605 -0.069730373655836383 -0.065914482485427875 0.046170000198856087 0.070286051743331787 -0.065720926221577228 0.060506740493088476 0.055079463068383551 0.039619215261766969 -0.011571400693211175 0.12032109348862681 0.10504763704105383 0.075934166522922023 -0.031319980490220854 0.085999505935669157 -0.013980302046139585 -0.068321500429201598 0.049481169656922938 -0.10567360881043808 0.056630315958401879 -0.03896132441701905
leaf_weight=99.193950184853747 319.841532092134 199.31800309527898 1123.0477689380059 15.825198879290836 57.124151441588765 83.583033249524306 115.83585182655952 17.731347256398294 159.92193328146823 2414.1019691350666 140.54406728339382 114.97749079795904 167.63277564942837 23.208755477913655 92.636656907387078 21.938288945821114 42.226395862700883 11.448789817892246 108.1749055973778 314.907421445816 652.5949301662331 66.421866898606822 493.84454763043323 83.155338928394485 358.28395272661146 172.31247521941259 170.8489815517969 13.902870630101459 233.66439009243913 14.199387404252773 239.59374265036604 32.113721542060375 45.386702556628734 21.035571134649217 43.916175519058015 37.201336386380717 649.62873494908854 146.99712197697954 25.544756745977793 105.40224710135954 473.51096391680767 189.10723949931707 37.907823236600962 39.885758051241282 342.806016979579 69.49222343301517 26.804913493782806 52.505357657559216 147.07465733042045 108.05108408280648 41.922153997962596 541.42499005122227 260.89108933135867 17.472803908472997 37.254972509574145 41.191292584706389 41.399034129921347 45.483019654689997 92.144996996736154 17.287802193051903 422.32315677926817 78.706541117862798
leaf_count=1344 41232 9898 10843 2914 4472 28472 7171 538 23312 618192 46715 7947 5711 2682 8314 1713 15428 4634 6822 201019 16780 7165 29083 8291 122156 32006 8483 10262 3480 352 9969 365 1223 378 16093 3404 13086 16413 4697 9032 10196 19849 2272 4393 31087 3719 2266 1194 7516 7782 19024 2536 1954 613 5475 3392 5436 13584 4364 4286 22648 3745
internal_value=-0.00014573 -0.0221574 0.0290717 -0.0796966 -0.0243975 0.00905382 -0.0971342 0.0640356 0.0200915 -0.108237 0.0471178 -0.036525 -0.111686 0.0267429 -0.0109274 0.0137327 0.0328417 0.0253929 0.010601 -0.0730455 0.0357933 -0.0518156 0.0439564 -0.0625072 -0.0810702 0.0375624 0.0276664 0.0933135 0.0942123 -0.0585215 0.0757185 0.0275447 -0.0216384 0.0957922 -0.0283293 0.031011 0.0732236 -0.0934775 -0.00454712 -0.0518751 0.0409838 0.0144946 0.0504851 0.0250951 0.0344881 0.014854 0.0761886 0.0220894 0.0364571 0.0100682 -0.0937161 0.105601 0.0834676 0.0363609 0.0856773 0.0302832 -0.084565 -0.0282847 0.0688043 0.0249704 0.0430414 0.0123327
internal_weight=12373.9 9213.91 4874.23 4339.68 1040.38 3716.24 3299.31 3160.01 3275.83 2650.07 2024.83 344.392 2581.73 2931.44 567.853 720.536 558.009 1105.15 854.104 440.413 2363.58 649.242 515.783 582.82 441.439 2340.37 1687.78 1157.99 1135.17 253.833 251.043 314.02 114.702 1144.08 324.28 82.588 919.686 161.197 141.381 162.526 1363.5 359.956 1003.54 420.6 382.692 184.47 901.955 68.3306 173.88 151.967 356.83 901.51 360.085 672.16 728.075 78.4463 181.943 62.9558 582.944 109.433 609.205 186.881
internal_count=1539422 1383669 505218 878451 100960 483735 777491 155753 235220 628011 146439 34978 623903 200242 39969 59728 46224 114166 99563 248515 160273 149480 30796 142315 130447 157591 140811 21483 9314 25079 14603 14890 4992 11221 55881 4627 32273 16765 11868 13504 84930 28332 56598 37752 35480 11666 31735 4108 9782 23875 220043 5834 3298 47412 21953 8867 52151 14197 18846 8650 33215 10567
is_linear=0
shrinkage=0.1


Tree=8
num_leaves=63
num_cat=0
split_feature=28 28 48 32 46 47 28 31 46 29 46 0 2 38 3 50 46 52 0 47 49 16 43 32 31 45 21 47 28 18 28 32 32 28 18 28 1 16 14 0 19 3 16 32 32 22 19 0 28 49 49 49 19 0 14 18 27 3 28 18 18 42
split_gain=1429.96 2257.51 565.797 386.798 316.753 277.546 245.46 167.085 160.597 135.499 118.404 103.082 102.647 83.3873 80.7952 75.6872 122.726 68.3435 66.9412 61.074 104.393 55.54 53.6637 53.3075 53.035 52.6212 51.582 49.3531 46.8911 44.5476 41.0097 35.2185 37.818 32.4836 31.6772 31.1608 29.4682 29.1319 29.1316 28.7441 27.6658 27.3888 27.1446 26.7569 25.0518 24.1526 26.4988 26.4976 34.835 24.0869 23.8386 23.2782 22.0493 20.6068 20.4108 20.1781 19.4159 19.1603 18.8457 18.7822 18.6057 18.004
threshold=1.0000000180025095e-35 24.000000000000004 1.0000000180025095e-35 96.000000000000014 7.5000000000000009 29.500000000000004 12.000000000000002 88.000000000000014 1.0000000180025095e-35 112.00000000000001 4.5000000000000009 4.6510493755340585 3.1002545356750493 2.5000000000000004 4.1426305770874032 17.500000000000004 7.5000000000000009 1.0000000180025095e-35 3.026044607162476 10.500000000000002 3.5000000000000004 1.844439744949341 1.0000000180025095e-35 40.000000000000007 56.000000000000007 2.5000000000000004 112.00000000000001 16.500000000000004 3.0000000000000004 11.182208061218263 6.0000000000000009 40.000000000000007 20.000000000000004 48.000000000000007 9.671854496002199 6.0000000000000009 3.2059091329574589 1.2424533367156985 1.7005987167358401 6.0519120693206796 180.00000000000003 5.7189338207244882 1.2424533367156985 40.000000000000007 6.0000000000000009 7168.0000000000009 280.00000000000006 4.8278014659881601 48.000000000000007 15.500000000000002 12.500000000000002 3.5000000000000004 280.00000000000006 4.7447810173034677 3.6050398349761967 9.671854496002199 5.5000000000000009 5.3025121688842782 6.0000000000000009 8.0407161712646502 9.7195062637329119 6.0000000000000009
decision_type=2 2 2 2 2 2 2 2 2 2 2 2 2 2 2 2 2 2 2 2 2 2 2 2 2 2 2 2 2 2 2 2 2 2 2 2 2 2 2 2 2 2 2 2 2 2 2 2 2 2 2 2 2 2 2 2 2 2 2 2 2 2
left_child=8 3 4 5 7 6 12 9 26 10 13 31 44 18 51 16 22 58 -3 20 23 -15 -13 34 -24 -18 38 33 -7 -5 -19 32 55 39 -8 42 -11 -26 -1 41 -25 -4 -31 -32 -2 46 -12 -47 -49 -17 53 -6 -40 -22 -16 -10 -23 -45 -14 -60 -42 -9
right_child=1 2 27 29 14 28 19 61 11 36 45 15 17 21 54 49 25 30 -20 -21 50 56 24 40 37 -27 -28 -29 -30 35 43 -33 -34 -35 -36 -37 -38 -39 52 -41 60 -43 -44 57 -46 47 -48 48 -50 -51 -52 -53 -54 -55 -56 -57 -58 -59 59 -61 -62 -63
leaf_value=0.047130024549997672 -0.10199622304195975 -0.022520142079381494 -0.048933478841224343 0.071314209941068504 0.046541451292818718 -0.10180776961073142 -0.008261617501910519 -0.10984311579275932 -0.0048136958713525593 -0.13643434180905939 0.052560687757898433 0.04425679309592552 -0.11638551403587793 -0.06832981822265595 0.01662437861167905 0.10568105388555511 -0.088236894679276867 -0.081006632011054569 -0.10827880677649873 -0.10483517321120227 -0.046647262399723173 0.031152852084896182 -0.10290187835732995 0.033198533814409001 0.039595422504291072 0.084203219533526816 0.11723643809853555 -0.10553371837044306 0.05727330834203645 -0.11097989081395727 -0.1037768785221084 0.08646732950231846 0.0062317015626917067 0.098656628483969694 -0.088485505653666127 0.059289213017187682 0.045452926951865001 -0.045089972509267738 0.10345462455279067 0.084679423057622896 0.034511732115758718 0.070907844932887362 0.0055984569078062086 -0.060737120861306705 0.047759281565791283 0.059817172009305176 -0.12078466851330803 0.029074972472413065 -0.094959215049409573 -0.132401214043812 -0.11933990481317308 -0.063308022641794442 0.048918955645140191 0.069640063380412134 -0.10371566866301547 0.075960923411577674 -0.079523826552484134 0.080666818100520066 0.0067571381134883986 -0.098520875636147309 -0.07553273777375305 -0.047550692951516954
leaf_weight=272.60721048619598 14.031637147360014 218.89518615108682 41.541637900052592 161.46447755000554 58.298488278189325 21.024759528809227 60.578660974861123 69.077505306282546 34.781291862833314 8.9591707721119729 399.57815559837036 574.33851562574273 1946.071577732182 78.274660964918439 14.765024497908597 113.0779704736633 144.0638297434125 228.94962618988939 155.80728800580255 120.83672230593766 17.36865955661051 309.14939320774283 50.765933693211991 91.257528847607318 126.47213157254737 20.174567788431887 413.01405008730944 12.954198885716321 156.09477711154614 35.202583594131283 16.119384701247327 447.32577580245561 151.95521935036231 918.12807619429077 262.49680670053931 44.43585163843818 1540.3469639838295 59.841333630145527 293.50775707012508 118.05995182314655 20.680911737959832 35.254575274360832 46.167847245233133 12.89808496145997 54.783052580605727 48.979155906417873 9.0176560776308161 46.384628602187149 44.238137211825233 4.4153192770390879 8.2647776400262938 28.831071631982923 99.191384390447638 124.26020675014297 310.19702308660635 279.0416969937578 16.707208159321453 37.27705214987509 17.535592527943663 504.10573442837631 59.763950036576716 141.31770952997613
leaf_count=2672 2914 10603 972 3863 18271 3905 6692 18217 927 1037 10156 32002 509834 29985 9775 2578 58465 15059 30796 71761 1265 13737 6449 3638 8850 994 2050 10262 3425 2455 1506 5514 7556 7470 61072 1680 57344 3358 2215 2049 1591 730 1200 875 1194 3094 3930 4448 8909 1470 4057 10201 2377 6415 210268 18276 4664 1251 2499 159987 10313 38300
internal_value=-0.00013576 -0.0209056 0.0268696 -0.0753041 0.00702774 -0.0838176 -0.0898348 0.0180215 0.0583538 0.0243139 0.000862156 0.0416256 -0.103416 -0.0241982 -0.0753201 0.0209089 0.0117777 -0.106421 -0.05818 -0.0395938 -0.027365 0.00730894 0.0277341 -0.049514 -0.0122931 -0.0670549 0.0894774 0.0885276 0.0383898 0.0365543 -0.0609517 0.0664271 0.0471808 0.0907863 -0.073443 -0.00805797 0.0444011 0.0123956 0.072245 0.0537027 -0.00448907 0.00608167 -0.0448358 0.00830852 0.0172234 0.0364659 0.048735 0.000555921 -0.0314732 0.0967341 0.0457456 0.0101924 0.0896795 0.0553792 -0.0982479 0.0670086 0.0254783 0.0443173 -0.111861 -0.0949818 -0.0472423 -0.0680027
internal_weight=11771 8686.43 4624.76 4061.67 3498.82 3774.4 3597.28 3086.73 3084.57 2876.34 1327.03 2006.25 2831.77 778.834 412.092 1093.15 975.656 2762.96 374.702 765.508 644.672 404.131 811.418 494.778 237.079 164.238 1078.32 1125.94 177.12 287.271 295.244 913.104 465.778 1112.98 323.075 125.806 1549.31 186.313 665.306 194.856 171.702 76.7962 81.3704 66.2945 68.8147 548.198 408.596 139.602 90.6228 117.493 149.894 87.1296 392.699 141.629 324.962 313.823 325.857 50.1751 2467.71 521.641 80.4449 210.395
internal_count=1539422 1383669 505218 878451 483735 869253 861923 235220 155753 178703 120322 146439 695119 89785 248515 114166 110118 691011 41399 166804 95043 48386 50659 83306 18657 59459 9314 21483 7330 9198 18691 32273 26759 11221 67764 5335 58381 12208 7264 3751 15542 1702 3655 3632 4108 30537 14086 16451 13357 4048 11737 28472 4592 7680 220043 19203 18401 2126 672320 162486 11904 56517
is_linear=0
shrinkage=0.1


Tree=9
num_leaves=63
num_cat=0
split_feature=48 45 46 46 47 27 27 31 29 47 39 38 36 50 16 19 0 15 30 36 19 36 0 16 36 47 47 13 1 19 0 15 50 15 22 15 49 47 13 35 19 15 27 38 36 15 14 34 13 22 27 18 19 5 8 15 47 0 31 14 23 32
split_gain=847.176 1084.09 723.535 314.817 195.261 139.57 118.366 100.693 100.11 160.488 145.922 99.3254 91.0125 67.6816 65.6937 65.5675 60.5515 57.2872 51.5802 61.8084 114.502 60.9875 50.7753 45.5637 37.6986 34.8979 95.6257 30.8148 30.6481 27.3607 36.672 27.2382 28.9681 26.7847 26.3814 26.2781 24.0454 31.1108 23.5505 23.4822 20.6601 41.7708 43.8725 25.2359 20.1925 19.4275 18.1773 18.2284 16.9258 16.4088 16.1982 15.0186 14.6607 14.4426 14.2861 13.5482 30.8107 20.1022 13.4736 12.9943 14.2077 12.5008
threshold=1.0000000180025095e-35 1.0000000180025095e-35 1.0000000180025095e-35 7.5000000000000009 16.500000000000004 5.5000000000000009 1.0000000180025095e-35 120.00000000000001 112.00000000000001 6.5000000000000009 1.5000000000000002 5.5000000000000009 2.5000000000000004 -1.0000000180025095e-35 1.844439744949341 280.00000000000006 4.2844183444976816 4.1426305770874032 112.00000000000001 7.0000000000000009 100.00000000000001 1.5000000000000002 3.026044607162476 1.4978661537170412 3.5000000000000004 8.5000000000000018 25.500000000000004 2.2499048709869389 3.8026961088180546 100.00000000000001 1.4978661537170412 4.4845800399780282 5.5000000000000009 4.2324235439300546 7168.0000000000009 2.9388679265975957 8.5000000000000018 9.5000000000000018 1.2424533367156985 1.5000000000000002 180.00000000000003 4.2324235439300546 4.5000000000000009 3.5000000000000004 3.5000000000000004 4.342454433441163 5.3393952846527108 1.5000000000000002 5.4457051753997812 7168.0000000000009 7.5000000000000009 11.182208061218263 280.00000000000006 0.89587974548339855 0.89587974548339855 4.6510493755340585 19.500000000000004 4.8278014659881601 120.00000000000001 4.4845800399780282 1900.0000000000002 56.000000000000007
decision_type=2 2 2 2 2 2 2 2 2 2 2 2 2 2 2 2 2 2 2 2 2 2 2 2 2 2 2 2 2 2 2 2 2 2 2 2 2 2 2 2 2 2 2 2 2 2 2 2 2 2 2 2 2 2 2 2 2 2 2 2 2 2
left_child=1 2 15 5 35 6 22 8 9 11 -10 13 31 33 39 29 -16 -5 19 21 -21 40 -4 51 49 52 36 -18 -7 30 -1 32 -3 -8 -28 -2 37 -27 -20 -9 43 -42 -43 -12 -30 -40 -29 -48 -19 -23 -31 -13 -11 58 -53 -39 -57 -58 -46 -14 -61 -25
right_child=4 12 3 17 -6 28 7 14 10 25 18 23 59 -15 16 -17 27 48 38 20 -22 24 -24 61 -26 26 34 46 44 50 -32 -33 -34 -35 -36 -37 -38 55 45 -41 41 42 -44 -45 53 -47 47 -49 -50 -51 -52 54 -54 -55 -56 56 57 -59 -60 60 -62 -63
leaf_value=0.021840482100287148 -0.0011564743145955475 -0.087242915069268831 -0.024450253389323596 -0.011494789034448089 -0.11271014125208234 -0.097358014920359157 -0.060238419789901146 0.010793990097342214 -0.045932913184271597 0.055894877954252069 0.0054487773657686004 -0.013415862389859298 -0.032371736700998376 -0.016445664945720858 -0.05816587719071134 0.040980442359531633 -0.055912909176836202 0.015868985903298848 -0.038063716645337989 0.01988229844129287 -0.11841145418770255 0.057961267667789411 -0.11974903478926897 0.033466262358376894 0.033928457762897234 -0.10047997919988966 -0.10044247227182442 0.017852572079011548 -0.1126667882965865 0.11543558408709514 0.094846012340951746 -0.10657308336082914 -0.022081733793014039 -0.11238046273260345 0.057221698231669851 0.083939304407575493 -0.10091570739950935 0.039610009082208665 -0.016451176044053262 -0.07147430545333737 0.015128961095719507 -0.072285069400266563 0.054273844950389311 0.079215009033782022 0.035355721930615626 0.079359505107049741 -0.061060761181312873 0.093081815236667947 -0.10474774483378453 0.10629336726932231 0.054689552135540845 -0.088879886654620446 -0.11742345941382988 -0.056905808891452317 0.030246233604326753 0.03560064685460481 0.071680912345205003 -0.076184650004233162 -0.055383113027689161 -0.0066350973372495403 -0.083350267638710854 -0.01062697735003381
leaf_weight=100.59467782196589 37.356797005748376 431.51087883539731 119.69062251184369 87.158645051691565 53.899479255469487 154.83550390361779 275.38945031746698 39.277117759978864 287.2389633939456 307.47641269984888 101.84389132010983 109.9629643681692 323.33009507495444 291.60335167008452 136.29358392365975 317.26078403434076 43.015737531764898 11.999214766547082 20.543160037894268 213.81259304791456 83.153686695965007 210.65264573460445 104.91515508270822 281.03286686661886 899.46262956422288 38.448764787230175 11.024238274956586 176.14894099131925 28.169175707589602 442.58317137695849 217.7309661215404 785.72515773421037 81.037357860681368 153.39005364684272 284.39304914411332 1269.8784092481801 41.037056063418277 55.742340440338012 22.812205569527578 297.43685978394933 520.19045710889623 121.4700461307948 35.36573207413312 85.154064444475807 55.150322909699753 292.83644401756465 8.6319106596638431 68.980973461410031 382.41733907887465 105.38459521322511 48.729868649519631 66.210885580097965 4.9592433742363928 59.501940774265677 11.872082246933131 61.17355560589931 10.508325453789437 73.515211679594358 23.2685104184784 30.206131446757354 120.23686317201646 83.372087312862277
leaf_count=1344 1342 74062 3904 35354 30931 53957 20089 2628 42723 12014 3708 10552 18208 35721 14628 14088 4296 1550 1385 7424 14244 12389 7929 17903 32327 7175 2035 15418 6790 2210 1954 397852 35242 28526 13214 32210 8348 5442 2232 74013 17923 19213 1101 2154 6330 9159 1483 4914 264669 2069 2930 26279 2340 9734 1105 5386 1580 14652 4539 3616 28028 2857
internal_value=-0.000134933 -0.0103469 0.00517929 -0.0068599 0.0738167 -0.00105952 0.00229248 0.00499107 0.0100233 -0.00638592 0.0218443 -0.0291511 -0.081184 -0.0536141 -0.0287475 0.079514 -0.00298855 -0.0848649 0.0290211 0.0238346 -0.0188414 0.029929 -0.0689651 0.00274802 0.0443676 0.0262349 0.0116348 0.0223514 -0.0653517 0.0946136 0.0717754 -0.0948744 -0.0769405 -0.0788915 0.0513381 0.0815075 -0.030191 -0.0180671 0.0656831 -0.0618778 0.00961699 0.0014902 -0.0437466 0.03904 -0.0355141 0.0724352 0.0356181 0.0759385 -0.101078 0.0740779 0.109411 -0.0372301 0.0531438 -0.0197563 -0.0707674 -0.00229776 -0.0183865 -0.057692 0.00843161 -0.0436685 -0.0679473 0.0233782
internal_weight=11218 9856.87 8084.82 6957.92 1361.13 6476.35 6155.42 5930.82 5161.03 2161.11 2999.92 1272.83 1772.05 720.383 769.785 1126.9 433.071 481.575 2712.68 2376.49 296.966 2079.52 224.606 552.451 1215.5 888.278 575.843 296.778 320.925 809.639 318.326 1298.27 512.548 428.78 295.417 1307.24 280.425 239.388 336.192 336.714 864.024 677.026 156.836 186.998 166.09 315.649 253.762 77.6129 394.417 316.037 491.313 188.046 312.436 137.921 78.083 200.939 145.197 84.0235 78.4188 473.773 150.443 364.405
internal_count=1539422 1474939 917931 895405 64483 593832 512482 500649 383269 215218 168051 143032 557008 84336 117380 22526 40739 301573 125328 112552 21668 90884 11833 58696 46785 72186 57832 26111 81350 8438 3298 507156 109304 48615 15249 33552 42583 34235 12776 76641 44099 38237 20314 5862 27393 11391 21815 6397 266219 14458 5140 37936 14354 20603 27384 27060 21618 16232 10869 49852 31644 20760
is_linear=0
shrinkage=0.1


Tree=10
num_leaves=63
num_cat=0
split_feature=28 28 48 46 32 47 45 46 18 3 49 30 3 36 47 30 21 34 28 1 18 29 32 15 37 28 27 26 27 28 28 3 28 34 28 14 28 18 18 28 3 0 47 22 18 29 14 19 26 0 47 14 3 38 19 15 19 28 32 3 42 47
split_gain=1079.24 1839.4 533.836 304.998 261.058 200.614 104.457 99.2389 90.5008 85.8355 75.295 130.609 74.7737 62.8517 55.4385 53.7832 52.9 48.7026 53.2622 41.2178 37.2806 35.8739 104.527 40.3374 37.1651 33.4798 32.1183 31.2689 30.0521 29.8098 29.4063 28.3885 27.9021 24.9533 54.4951 55.0055 43.895 36.2487 29.9941 24.8136 23.4361 22.1483 22.0793 64.4076 22.0526 22.0123 21.9734 24.2908 21.6959 21.4383 21.0437 20.9142 20.6214 20.1559 19.8182 19.3915 19.2613 19.0306 18.6873 18.5871 18.2777 18.577
threshold=1.0000000180025095e-35 12.000000000000002 1.0000000180025095e-35 7.5000000000000009 96.000000000000014 29.500000000000004 1.0000000180025095e-35 1.0000000180025095e-35 7.4813475608825692 4.4845800399780282 6.5000000000000009 24.000000000000004 4.1426305770874032 3.5000000000000004 16.500000000000004 80.000000000000014 112.00000000000001 5.0000000000000009 6.0000000000000009 3.2059091329574589 11.102906703948976 112.00000000000001 6.0000000000000009 4.2324235439300546 3.0000000000000004 3.0000000000000004 1.0000000180025095e-35 1.0000000180025095e-35 7.5000000000000009 48.000000000000007 48.000000000000007 4.7789824008941659 96.000000000000014 2.5000000000000004 48.000000000000007 4.2844183444976816 96.000000000000014 9.671854496002199 9.8078131675720233 96.000000000000014 3.6941639184951787 6.4873874187469491 1.0000000180025095e-35 7168.0000000000009 8.0407161712646502 112.00000000000001 2.7361353635787968 280.00000000000006 1.0000000180025095e-35 3.9495767354965214 19.500000000000004 3.6050398349761967 4.6510493755340585 1.5000000000000002 180.00000000000003 5.5169365406036386 280.00000000000006 6.0000000000000009 56.000000000000007 5.3025121688842782 3.0000000000000004 18.500000000000004
decision_type=2 2 2 2 2 2 2 2 2 2 2 2 2 2 2 2 2 2 2 2 2 2 2 2 2 2 2 2 2 2 2 2 2 2 2 2 2 2 2 2 2 2 2 2 2 2 2 2 2 2 2 2 2 2 2 2 2 2 2 2 2 2
left_child=7 4 3 6 5 8 19 16 55 15 11 50 30 32 29 26 46 57 -19 -3 56 22 27 -24 28 -7 -9 -21 -23 31 -5 -4 -8 34 35 37 38 -26 -35 -15 -34 -13 -12 -44 -36 60 48 -48 -1 -38 -11 -14 -27 -37 -40 -2 -6 -10 -59 -20 61 -28
right_child=1 2 14 12 20 25 13 9 17 10 42 41 51 39 -16 -17 -18 18 59 21 -22 24 23 -25 33 52 45 -29 -30 -31 -32 -33 40 36 44 53 49 -39 54 -41 -42 -43 43 -45 -46 -47 47 -49 -50 -51 -52 -53 -54 -55 -56 -57 -58 58 -60 -61 -62 -63
leaf_value=0.090223177793980092 -0.066539486470787945 -0.12000211381536151 -0.047550722603375832 -0.064432249145732312 0.067083389770982785 -0.096695558284916078 -0.10109918714143232 -0.073804275759514384 -0.1110190251424871 -0.096973068792579276 0.10704575488227459 0.031859640152427822 0.0093031157044078782 -0.023571611286718312 -0.10117453262548592 -0.04540369645728131 0.11088802532763826 -0.081878139192247179 -0.07026431466497185 -0.058293167009448844 -0.024684616920526627 -0.055406422986452319 -0.012230019319466275 -0.079824459715725354 0.045885547667226079 -0.075083667380898458 0.021974626426322141 0.026496138403120914 0.047700000817239269 0.088656249760079631 0.04759413124088574 0.061133656891878385 0.042282772427183507 -0.067973708117878784 -0.019099693445639346 -0.011807503814677441 0.069335048448684003 -0.040452696496371378 0.053474663098053613 0.053333963468460414 -0.099806828945972911 -0.029994183600935611 -0.10266505887162541 0.077953016562227903 0.051868776135022623 0.085649259783922183 0.094921644210016864 0.035388474306262782 0.024028900529011687 -0.10321806285797563 -0.0043854564273195975 -0.100611879515106 0.060158643182081722 0.057496460690327815 -0.045087032838453188 0.018839609755165063 -0.15829407305084667 -0.09782416227260235 -0.046607721488550621 0.092017602006070884 0.093959550296762284 0.10282760141467305
leaf_weight=65.749409705400467 41.483538940898143 22.136087966326158 27.295152894221246 39.03846930245345 117.25884299725294 19.177652627113275 145.71006351045799 15.238523058535064 1746.9360943673091 119.4596767449184 97.892510485136881 575.12318044342828 18.184346166544856 128.04232872149441 17.079545008664354 42.630112768580148 345.9479753052583 118.47763105278136 9.2793428932200168 45.853839175077155 91.817481161328033 95.377775513672532 201.85007330906228 156.91698560535951 62.345847775693983 12.620213584974406 172.54459119306557 845.14790144785366 40.176131916319719 887.2741298667388 58.610468542712624 201.0923464607622 29.500905711320229 30.796319267072249 45.961648117110599 53.248426281905267 8.472883363006984 221.0071654356725 143.18204178308952 62.399956605149782 19.13897809170885 64.36973097840746 24.290396830328973 105.46158910248778 924.7001374225365 486.20305644908512 250.27633559936658 94.38286177788541 200.53418793645687 47.935326182072458 30.897092143713962 360.52404526025566 105.72204727027565 198.03849464660743 23.790551953068643 74.152728049579309 3.9186846078373483 392.6807940311628 87.029630037373863 29.480736254830845 71.476009894773597 34.02031911193626
leaf_count=415 5441 3550 1239 19339 3004 3920 24120 507 510492 47681 2518 33889 13039 12209 13698 5548 2065 8906 877 2895 4526 33890 15587 37837 2605 432 15696 73058 1659 7434 18761 6241 2284 2607 1781 5451 813 11563 9022 3740 5139 14556 9379 2680 33434 5687 2240 2360 2295 6167 4166 280105 1876 15660 9477 6008 191 148558 13838 1250 1658 2264
internal_value=3.77989e-05 -0.0186332 0.0169762 -7.91462e-05 -0.0831144 -0.0917158 0.00999818 0.0535227 -0.0981854 0.0399364 0.0205199 0.00591585 -0.0752159 -0.0392007 0.0776258 0.0639674 0.0796422 -0.102376 -0.0485888 0.015976 0.0233777 0.0169331 0.0037813 -0.0417944 0.0256067 0.0258736 0.0699489 0.0221326 -0.0248472 0.0803631 0.00280779 0.0481445 -0.0792076 0.0294938 0.0343874 0.00875022 0.000512644 -0.0214558 0.0227064 0.00162712 -0.0136271 0.0256336 0.0711911 0.0441402 0.0485084 0.0728153 0.0619492 0.0786188 0.0403733 -0.0772995 -0.0779471 -0.0953341 0.0457362 0.0428107 0.0394314 -0.0117894 0.059795 -0.106174 -0.0885324 0.0531666 0.0503727 0.0352908
internal_weight=10807.4 8010.86 5160.83 4028.09 2850.04 2637.04 3551.73 2796.5 2499.52 1839.61 1017.49 789.85 476.357 384.792 1132.74 822.113 956.891 2383.88 157.238 3166.94 212.995 3144.8 1249.77 358.767 1895.03 137.52 779.482 891.002 135.554 1115.66 97.6489 228.387 194.35 1759.48 1505.3 534.64 254.177 283.353 197.769 190.442 48.6399 639.493 227.644 129.752 970.662 764.244 610.943 344.659 266.284 56.4082 150.357 378.708 118.342 251.287 166.973 115.636 121.178 2226.65 479.71 38.7601 278.041 206.565
internal_count=1539327 1383723 674404 645792 709319 701598 314548 155604 695370 146229 114869 100292 331244 47492 28612 31360 9375 683921 11033 267056 7721 263506 129377 53424 134129 6228 25812 75953 35549 14914 38100 7480 31543 98580 70494 35279 28086 14168 21106 15949 7423 48445 14577 12059 35215 25305 7310 4600 2710 6980 51847 293144 2308 21111 18499 11449 3195 672888 162396 2127 19618 17960
is_linear=0
shrinkage=0.1


Tree=11
num_leaves=63
num_cat=0
split_feature=48 45 46 46 47 27 36 27 31 3 19 29 39 47 38 16 42 38 30 36 19 36 16 14 36 14 47 47 20 14 14 18 15 36 50 14 47 26 22 13 19 47 14 22 22 27 14 23 3 3 19 18 45 44 15 18 13 22 30 42 34 8
split_gain=642.992 812.16 516.17 224.025 140.324 115.449 102.169 84.5167 72.5285 60.6954 60.0328 58.8113 119.131 113.12 92.3895 54.2566 48.1342 48.0801 41.8556 60.9839 92.6108 49.0663 41.1866 40.7701 34.1871 33.7087 27.8736 61.5296 26.1316 25.6829 25.6809 24.4696 23.4328 23.3262 21.4118 38.2393 20.7001 19.5334 18.5395 18.2065 17.4622 17.3154 26.7647 26.9864 17.0254 16.9857 16.9205 16.9046 15.9811 15.6369 20.7661 24.7365 15.4873 27.7351 15.3925 15.3879 15.2858 15.2773 14.6694 13.4322 13.2309 12.2773
threshold=1.0000000180025095e-35 1.0000000180025095e-35 1.0000000180025095e-35 7.5000000000000009 16.500000000000004 5.5000000000000009 2.5000000000000004 1.0000000180025095e-35 120.00000000000001 4.1426305770874032 280.00000000000006 112.00000000000001 1.5000000000000002 6.5000000000000009 5.5000000000000009 1.844439744949341 -1.0000000180025095e-35 7.5000000000000009 112.00000000000001 7.0000000000000009 100.00000000000001 1.5000000000000002 1.2424533367156985 2.8888261318206792 3.5000000000000004 5.3393952846527108 8.5000000000000018 29.500000000000004 48.000000000000007 1.9944920539855959 3.6050398349761967 12.412114620208742 4.2324235439300546 3.5000000000000004 5.5000000000000009 4.2844183444976816 9.5000000000000018 1.0000000180025095e-35 7168.0000000000009 1.2424533367156985 180.00000000000003 17.500000000000004 6.208071470260621 7168.0000000000009 7168.0000000000009 7.5000000000000009 3.3576917648315434 1900.0000000000002 4.4845800399780282 5.3025121688842782 180.00000000000003 8.0407161712646502 2.5000000000000004 1.0000000180025095e-35 4.342454433441163 11.182208061218263 5.4457051753997812 7168.0000000000009 112.00000000000001 3.0000000000000004 1.5000000000000002 0.89587974548339855
decision_type=2 2 2 2 2 2 2 2 2 2 2 2 2 2 2 2 2 2 2 2 2 2 2 2 2 2 2 2 2 2 2 2 2 2 2 2 2 2 2 2 2 2 2 2 2 2 2 2 2 2 2 2 2 2 2 2 2 2 2 2 2 2
left_child=1 2 10 5 30 7 34 23 11 -5 28 13 -13 14 16 44 -9 -17 19 21 -21 49 55 -4 40 48 -15 36 29 -1 -2 33 -18 -7 -3 -36 -28 -12 -37 -20 -23 -38 43 -43 -10 -30 -8 -48 -19 -14 -51 -52 53 -32 -41 -16 -11 -29 -46 -35 -27 -57
right_child=4 6 3 9 -6 31 46 8 15 56 37 12 18 26 22 17 32 25 39 20 -22 24 -24 -25 -26 60 27 57 45 -31 52 -33 -34 59 35 38 41 -39 -40 54 -42 42 -44 -45 58 -47 47 -49 -50 50 51 -53 -54 -55 -56 61 -58 -59 -60 -61 -62 -63
leaf_value=0.022550660317258713 0.0068958980869524931 -0.10067465332997182 -0.022761600383015192 -0.0013922301085356177 -0.10676278346219095 -0.11058191101848612 -0.02055142118214022 -0.017444218367435423 -0.077046898045951301 0.017901521486434615 0.087248621792443318 -0.047465269220426813 0.012910701139961426 0.047764178284841245 -0.010216943406434873 -0.068636388484311264 -0.055009268695643335 -0.044904921443598395 -0.040420997568525435 0.011164690354915411 -0.1188619918439994 0.10135888838930092 0.02497038532633496 -0.11515148412752163 0.028237244902236853 -0.049715995174675856 -0.099664330658109201 -0.094334110888798076 0.10978655258760346 0.085571793503016635 0.060603610866741701 -0.092803578512889187 -0.10762579428411917 0.0023257360220522742 0.01039291323789808 -0.10225266572259462 0.022899639163122845 0.021533249229157479 -0.043133957139518522 -0.019440556807468434 0.050734815204323873 -0.11165379146639363 -0.084344090086295717 0.026673144917467952 0.0089611717905513002 0.044503551991980854 -0.0021761142503023715 -0.079539026998651785 0.013712590948261034 0.036847997117972896 0.024675144729905077 -0.082367212307205923 0.064599565136881726 0.10553411128095309 0.069821987237762353 -0.09036693031991766 -0.099199148490782069 0.049168157752174903 -0.061440660081056864 -0.10156082169510833 0.093483037967305532 0.022596551897952899
leaf_weight=99.421357992046978 56.926522430498153 788.07981591916905 109.75556036533089 86.477037299366202 45.258895913641027 30.678832897276152 285.96053460723488 270.78368788666558 183.11270889879961 11.538996259798294 55.406603142619133 254.69030043079692 667.26138620814891 306.13303964899387 106.6110870281409 84.799444862641394 252.97217994929815 62.086897599860094 17.765246881521307 197.78945571830263 75.757407366967527 99.650656556070317 371.06701980327489 84.562940915609943 859.27627017989289 7.2141335324558886 31.495977230282733 7.6465279630501746 373.81371037103236 184.97805470653111 229.57771219971983 142.98216202605181 127.19990925773163 92.4742234252044 50.073198852209316 182.93779977830854 84.730310657905648 246.30797848910152 74.708258285449119 20.733226137235761 215.46304886590224 17.366690500144614 61.756319961947156 75.063406576780835 55.705417187680723 44.611425512361166 36.903898518037749 120.37618392531294 185.39085563961999 40.134896669362206 31.643807014508639 67.941096025810111 611.78521403611194 342.1295184610135 283.09803207041114 56.399191649077693 328.36097056623112 249.0426985968661 63.147764755660319 14.38150569659774 61.094153628800996 11.599956298829055
leaf_count=1384 2004 287555 3950 34590 30899 7082 15073 35720 62010 1544 353 42868 29677 14299 10619 8561 20115 8166 1368 7418 14224 2058 20873 7940 32275 1448 7083 1625 2236 1962 6301 57327 28403 12766 27255 160952 7139 13744 31315 2209 12275 4064 15792 11955 5078 2893 4220 30673 18241 1549 1225 11678 18914 6309 9160 26130 265451 10198 9520 4186 4323 1103
internal_value=3.60576e-05 -0.00940565 0.00422383 -0.00613853 0.0661917 -0.00119197 -0.0755532 0.00185998 0.00412419 -0.076193 0.0709121 0.00846477 0.0177783 -0.00452543 -0.0242242 -0.0259091 -0.0496645 -0.00178123 0.0242276 0.0194142 -0.0248455 0.0255247 0.0061244 -0.0629676 0.0385694 0.0161717 0.0237645 0.0098259 0.0869292 0.0635406 0.0725023 -0.0638369 -0.072614 -0.0337228 -0.0919398 -0.0695697 -0.0234619 0.0336012 -0.0851103 0.0579773 0.066744 -0.0134163 -0.033373 0.000682897 -0.0579169 0.102826 -0.0350415 -0.0613867 -0.000993294 0.00654092 -0.0238793 -0.0483537 0.075658 0.0874916 0.0637308 -0.0339255 -0.0952238 0.0448934 -0.028444 -0.0116562 0.0783596 -0.0710965
internal_weight=10294.1 9008.42 7469.38 6464.84 1285.68 6038.46 1539.04 5757.94 5563.62 426.377 1004.54 4861.07 2831.2 2029.87 1196.63 702.551 650.956 400.585 2576.51 2254.92 273.547 1981.37 545.677 194.319 1174.39 315.786 833.235 527.102 702.825 284.399 1240.42 280.517 380.172 137.535 1095.8 307.719 270.413 301.715 257.646 321.597 315.114 238.917 154.186 92.4301 301.966 418.425 443.241 157.28 247.478 806.981 139.72 99.5849 1183.49 571.707 303.831 174.61 339.9 256.689 118.853 106.856 68.3083 67.9991
internal_count=1539327 1474900 917857 895285 64427 593700 557043 512339 500449 301585 22572 383102 167984 215118 142963 117347 84238 40739 125116 112379 21642 90737 58725 11890 46608 32178 72155 57856 8475 3346 33528 81361 48518 24034 507077 219522 46033 14097 192267 12737 14333 38950 31811 16019 76608 5129 49966 34893 26407 44129 14452 12903 31524 12610 11369 37852 266995 11823 14598 16952 5771 27233
is_linear=0
shrinkage=0.1


Tree=12
num_leaves=63
num_cat=0
split_feature=28 28 48 46 20 28 18 0 45 36 3 47 47 33 0 30 31 28 21 32 29 32 35 36 42 28 28 18 0 3 22 3 32 47 42 28 31 34 14 3 26 38 18 15 3 26 16 18 9 16 14 0 47 28 18 15 15 19 47 42 13 28
split_gain=857.768 1503.16 475.665 220.974 209.272 147.956 88.6731 78.8556 77.6283 79.2534 70.4684 68.0033 99.6106 70.6903 61.5373 52.4289 51.8957 50.4756 48.2927 41.0116 39.6808 64.2441 40.5221 51.9168 45.6569 39.5347 38.9009 38.4372 38.0238 35.9444 35.1882 32.6351 31.8863 57.3535 29.5734 28.0072 27.1775 31.7389 26.7272 28.2914 26.6938 26.6511 27.7899 24.8089 24.7522 24.2973 23.8237 22.456 22.3939 20.3711 19.8098 17.8592 17.6934 17.5802 33.5738 24.8796 17.4129 17.1495 17.1482 17.0464 16.7509 16.4255
threshold=1.0000000180025095e-35 12.000000000000002 1.0000000180025095e-35 7.5000000000000009 48.000000000000007 3.0000000000000004 7.4813475608825692 4.4845800399780282 1.0000000180025095e-35 3.5000000000000004 4.7789824008941659 1.0000000180025095e-35 19.500000000000004 3.0000000000000004 3.6941639184951787 24.000000000000004 104.00000000000001 48.000000000000007 112.00000000000001 56.000000000000007 112.00000000000001 6.0000000000000009 1.5000000000000002 5.0000000000000009 6.0000000000000009 96.000000000000014 48.000000000000007 12.489189624786379 4.4845800399780282 5.3025121688842782 7168.0000000000009 4.2844183444976816 40.000000000000007 29.500000000000004 6.0000000000000009 48.000000000000007 56.000000000000007 1.5000000000000002 5.7189338207244882 6.070054531097413 1.0000000180025095e-35 1.5000000000000002 9.0558362007141131 3.6050398349761967 4.6510493755340585 1.5000000000000002 1.844439744949341 12.568491935729982 0.89587974548339855 1.2424533367156985 6.5694186687469491 2.7361353635787968 16.500000000000004 96.000000000000014 9.9389886856079119 4.2324235439300546 4.8278014659881601 180.00000000000003 13.500000000000002 1.5000000000000002 2.9174053668975835 96.000000000000014
decision_type=2 2 2 2 2 2 2 2 2 2 2 2 2 2 2 2 2 2 2 2 2 2 2 2 2 2 2 2 2 2 2 2 2 2 2 2 2 2 2 2 2 2 2 2 2 2 2 2 2 2 2 2 2 2 2 2 2 2 2 2 2 2
left_child=11 4 3 8 5 19 56 26 16 -10 -7 13 28 18 36 -16 20 38 46 -2 21 40 23 25 -25 27 -5 41 -13 -27 -21 -23 33 -12 -18 -26 -15 -38 39 -4 -3 42 -22 -9 -37 -43 -1 52 57 -36 -17 61 -19 55 -55 -24 -6 -44 -28 -58 -51 -11
right_child=1 2 17 7 6 10 -8 43 9 51 32 12 -14 14 15 50 34 47 -20 30 22 31 53 24 35 29 58 -29 -30 -31 -32 -33 -34 -35 49 44 37 -39 -40 -41 -42 45 48 -45 -46 -47 -48 -49 -50 60 -52 -53 -54 54 -56 -57 59 -59 -60 -61 -62 -63
leaf_value=0.081859131570438351 -0.10334028630918007 -0.057554699697533844 -0.075637389018953893 -0.066640880763149779 -0.069421531700532405 -0.075426769956809955 -0.10589674322847538 0.00033668171318775194 -0.090212281640238534 -0.002316377432221984 -0.063756316282776587 0.049766676315085211 0.065525045981116428 0.018447920048764284 -0.11143400803179598 0.03132320103211178 -0.10343045488509472 0.0926343977653456 0.10360062650857026 0.0036186260751862572 0.054999368790054265 -0.0084578006022798437 -0.028055753201147168 -0.10707610150271184 0.034113201559776901 0.06681675206720393 -0.0028448687138829796 -0.055989141331926708 -0.07667939401287549 -0.013946679548354544 -0.089155936048517917 -0.073784084186414883 0.058846382904944351 0.047913257477723986 -0.057320492788560579 0.045257104306959769 0.085226329154923314 0.0033699308182628439 0.059086404933629544 0.050295407259596851 0.020979472239194115 -0.002381444922166923 0.018559566078033579 -0.097283806014877225 -0.088813392150441567 0.072528005240373603 0.04161235363983929 -0.049035700024978847 0.031720330213592739 -0.038036309755483944 -0.031800575637174526 -0.06181230352056645 -0.081477731467634359 -0.1158694987991028 0.047648084338046105 0.084339138937152322 0.071404191265764957 -0.044688231378139993 0.114673531482584 -0.026322440508979195 0.043859676000444409 0.066675706906889662
leaf_weight=249.29097545167315 277.19614506777725 45.648845790827181 37.250787589990068 33.696639022542513 36.152089119772427 90.361688496668648 1580.0344854871983 28.362670670365333 154.11715905858728 104.53753390547354 85.203032017016085 29.542485949510592 137.53360518289264 101.71800236079434 28.622439312050119 662.43394985127088 47.429045581171522 756.30450911039952 378.84514787470107 86.454120556241833 90.772885935730301 182.96571013638459 21.761288058711216 52.110984311118955 98.64200601686025 328.70642030902673 19.826360082472092 71.294722647755407 121.95977292243333 66.205413441173732 77.55896062112879 131.38926525090938 147.48958948394284 99.941567156463861 67.451880717577296 19.427315054490464 403.00791932962602 53.677292599408247 148.59050418797415 34.233660902420525 834.24762489553541 61.278503305482445 60.250200807116926 316.94434229346007 47.291127826116281 147.58153135195607 358.71242452890147 11.577099622722015 96.903342886711471 40.122400606458541 53.749726996640675 31.755650981911458 5.8819000291059629 14.765972064516971 83.919113073439803 207.38673879056296 31.177152300428133 148.62063352722907 33.224003544411971 41.750872333272127 66.156484294682741 51.512464707717299
leaf_count=4335 52563 3749 3624 22544 5077 10566 589856 13224 31543 4688 27663 8743 6597 5135 5393 39813 15646 7194 3834 2955 3796 13762 1427 11646 7638 7104 11197 2687 55056 3357 6699 34135 5969 1874 31787 1643 4822 3889 8250 2461 73058 4685 1679 273527 5973 5348 4153 475 3453 6213 13834 9973 6608 317 1917 5338 1365 9708 10752 4732 10990 1288
internal_value=-3.90168e-06 -0.0174076 0.0155671 -0.000518186 -0.0793989 -0.0393746 -0.0998766 -0.0678528 0.00810363 -0.0370659 0.00288379 0.0496173 0.00391068 0.055386 0.0400972 0.0212817 0.0131969 0.0771723 0.0755761 -0.0798885 0.0168662 0.00304194 0.0270768 0.0190934 -0.0254549 0.028134 0.0173832 0.0134609 -0.0520228 0.0532771 -0.0402529 -0.0357619 0.0241572 -0.00347677 -0.0334441 0.000266891 0.0651935 0.0756052 0.034915 -0.0153286 0.0169051 0.0216396 0.00641256 -0.0892655 -0.0497743 0.0505499 0.0581142 0.0891912 -0.00801104 -0.0143376 0.0265857 0.00654715 0.0912907 0.0584686 0.0231814 0.0736654 -0.0126745 -0.026444 0.0707537 0.0154563 0.0129423 0.0204581
internal_weight=9932.56 7353.46 4800.14 3806.31 2553.32 864.205 1689.11 432.054 3374.25 341.923 422.996 2579.09 289.036 2290.06 1303.21 744.806 3032.33 993.838 986.849 441.209 2811.17 1194.25 1616.92 1289.09 217.471 1071.61 86.747 676.702 151.502 394.912 164.013 314.355 332.634 185.145 221.16 165.36 558.403 456.685 220.075 71.4844 879.896 605.407 396.547 345.307 66.7184 208.86 608.003 773.764 305.774 173.731 716.184 187.806 762.186 327.833 98.6851 229.148 109.08 208.871 53.0504 72.928 106.279 156.05
internal_count=1539327 1383723 674404 645792 709319 108289 601030 331244 314548 47492 46072 155604 70396 85208 72886 59040 267056 28612 12322 62217 202420 124704 77716 68717 26900 41817 44493 31356 63799 10461 9654 47897 35506 29537 64636 15254 13846 8711 14335 6085 76807 28669 18636 286751 7616 10033 8488 14277 14840 48990 53647 15949 13802 8999 2234 6765 11174 11387 21949 6097 17203 5976
is_linear=0
shrinkage=0.1


Tree=13
num_leaves=63
num_cat=0
split_feature=28 28 48 24 46 28 0 18 45 36 3 46 50 0 21 28 46 31 29 32 35 36 29 28 28 32 47 18 22 3 0 42 29 47 15 43 30 26 24 27 30 38 18 38 26 0 26 0 3 28 0 16 28 3 50 36 49 47 28 13 27 13
split_gain=720.502 1293.28 412.649 188.622 181.063 126.678 78.0326 77.9916 62.9404 73.9703 60.9055 54.1472 59.1109 86.2192 54.6503 46.9435 46.5076 39.5786 37.041 54.3552 41.35 40.1864 38.9754 37.0131 34.9242 33.5139 33.3414 31.164 31.0734 29.108 27.0499 26.9512 24.6267 40.4159 24.0099 23.8189 36.2911 22.5055 21.7695 21.3949 22.3687 20.7037 23.0705 20.4218 20.332 19.9306 19.8232 19.5712 18.9889 18.7755 21.6482 18.4188 18.1888 17.741 17.3408 17.1622 16.576 16.5633 16.2344 16.1561 16.0798 16.0116
threshold=1.0000000180025095e-35 12.000000000000002 1.0000000180025095e-35 47227863040.000008 7.5000000000000009 3.0000000000000004 4.4845800399780282 7.4813475608825692 1.0000000180025095e-35 3.5000000000000004 4.7789824008941659 1.0000000180025095e-35 17.500000000000004 3.6941639184951787 112.00000000000001 48.000000000000007 7.5000000000000009 104.00000000000001 112.00000000000001 6.0000000000000009 1.5000000000000002 5.0000000000000009 192.00000000000003 48.000000000000007 48.000000000000007 56.000000000000007 10.500000000000002 12.489189624786379 7168.0000000000009 5.3025121688842782 4.2844183444976816 6.0000000000000009 80.000000000000014 29.500000000000004 3.6050398349761967 1.0000000180025095e-35 40.000000000000007 1.0000000180025095e-35 137422176256.00002 1.0000000180025095e-35 80.000000000000014 1.5000000000000002 8.8349494934082049 1.5000000000000002 1.0000000180025095e-35 3.6941639184951787 1.5000000000000002 1.4978661537170412 4.7789824008941659 48.000000000000007 4.2844183444976816 1.2424533367156985 96.000000000000014 3.6941639184951787 5.5000000000000009 7.0000000000000009 15.500000000000002 16.500000000000004 96.000000000000014 1.8688347935676577 7.5000000000000009 2.9174053668975835
decision_type=2 2 2 2 2 2 2 2 2 2 2 2 2 2 2 2 2 2 2 2 2 2 2 2 2 2 2 2 2 2 2 2 2 2 2 2 2 2 2 2 2 2 2 2 2 2 2 2 2 2 2 2 2 2 2 2 2 2 2 2 2 2
left_child=11 3 4 5 8 25 24 -5 17 -10 -7 14 13 39 38 48 35 18 19 37 21 23 49 27 -6 -2 -18 41 -27 -25 -21 -19 33 -12 -8 -15 -37 -3 47 -13 -41 42 -20 -31 -40 52 -43 -1 -4 -23 -51 -33 -17 -28 -26 -38 -14 -50 -11 -45 -46 -53
right_child=1 2 15 7 6 10 34 -9 9 58 32 12 56 16 -16 45 26 31 20 30 -22 22 -24 29 54 28 53 -29 -30 43 -32 51 -34 -35 -36 36 55 -39 44 40 -42 46 -44 59 60 -47 -48 -49 57 50 -52 61 -54 -55 -56 -57 -58 -59 -60 -61 -62 -63
leaf_value=0.033503101949220675 -0.10026549972821663 -0.05576130879760291 -0.051790841521015256 -0.010922628937012208 -0.065000032993502585 -0.076355733172804419 0.00054115625198058992 -0.10354947673263828 -0.08871519728941428 -0.014031962002595858 -0.051914136159433001 -0.069854982486416223 0.096641883508594761 0.03342835742364865 0.10327204344731511 -0.074753688302873045 0.022843266516176811 -0.10035104311014283 0.055710602976835014 -0.011252977525823632 0.058414960355135229 0.031380172997743865 -0.095600011111455219 0.049459606592306943 0.029957280936449251 0.00036014037149703193 0.05632298921525436 -0.090307704142050915 -0.09019510532237851 -0.064840167139462765 -0.072464118487200982 -0.054357208301163876 0.05387534296704808 0.042273753848619117 -0.095188762587680942 -0.10305534248410175 0.021637750457430063 0.01785123094335557 0.078437537232039126 0.068943148636674098 -0.017362113849393568 -0.031263223179694773 -0.024732936488225745 -0.10026322923591675 -0.0081441701477796748 0.088880091776629491 0.067973925179011088 0.084126861538586561 0.048857874163581436 0.05382148600965142 -0.078595520388460238 -0.038111967654061878 0.07406352409301846 -0.085229945129215598 0.15018121508790899 -0.051317527334803541 -0.10803721460374056 -0.099612465050123056 0.048504765892923046 0.03860309976600014 0.074610929245740032 0.042078773819682232
leaf_weight=123.56934467091924 247.39381743327249 43.706345146667445 24.803822875270271 97.020022164651891 30.883639366333227 79.147419356151659 28.785495197342243 1441.5741974367484 142.76219884140301 123.58735932660056 86.529705581255257 12.228562724660149 165.12458866799716 550.212987742736 274.29223293089308 14.436040964836137 58.559643885950209 43.149517842117348 44.646313340461347 187.57910476880352 299.95324726394028 91.538707220723154 54.709628993135993 533.37229016644415 38.398175932612503 83.547371289692819 9.7877728060702776 34.811948051559739 69.344807567686075 38.541895240312442 117.36560298131735 64.311087013084034 135.99875093594892 96.214698777534068 291.65526184631381 31.750950959525653 210.70457852861728 834.91383822645003 51.504501864314079 513.14529250235501 31.89745517107076 26.409244085196406 176.95194517466007 9.4351595190819335 134.14598380388634 700.45354668727487 84.647853332979139 199.9218353733886 160.77240417778376 17.332018485452863 42.918875256698811 38.890794029517565 19.051825791837473 92.80969488053961 17.44944997037237 38.070969710242935 4.0538401937446897 7.882309538728804 62.505971285994747 74.775791980326176 28.461146143308724 69.209296643559355
leaf_count=1569 52563 3749 2486 11174 22544 10566 13224 589856 31543 12209 27676 428 2974 36246 2065 438 14824 15646 2061 14240 8999 7651 11606 14217 14224 2955 3306 1787 6699 3311 33657 31787 5956 1874 273527 5977 12660 73058 353 14504 3506 3119 10376 588 1782 13400 3572 2273 6241 1529 6114 6213 439 47408 7725 2695 1701 5608 3740 2786 1333 10990
internal_value=-3.65385e-06 -0.0166805 0.0141356 -0.0772453 -0.000942501 -0.0377995 -0.063814 -0.0977087 0.00691487 -0.0345669 0.00215854 0.045668 0.0356125 0.0294834 0.06695 0.073726 0.0118005 0.011572 0.0148482 0.00156434 0.0251239 0.017006 -0.0232356 0.0251243 0.0203323 -0.0775184 -0.0373623 -0.000285322 -0.0407115 0.0393551 -0.0348116 -0.0296707 0.0216545 -0.00232433 -0.0865893 0.0213377 -0.00237639 0.0141894 0.048418 0.0609574 0.0638923 0.0091354 -0.00852565 -0.00454967 0.0236834 0.0852769 0.0443755 0.0647893 0.0299041 0.00284673 -0.0405039 -0.0119814 0.00991099 -0.0717258 0.0675209 0.0104732 0.0917374 0.0419189 0.00697319 0.0230442 0.00634047 0.0132288
internal_weight=9459.61 6929.37 4592.6 2336.77 3665.2 798.177 407.172 1538.59 3258.03 328.856 397.891 2530.24 1718.35 1549.17 811.895 927.4 991.897 2929.17 2713.61 1183.56 1530.04 1230.09 206.499 1023.59 86.7313 400.286 161.157 367.467 152.892 656.125 304.945 215.561 318.743 182.744 320.441 830.739 280.526 878.62 537.603 557.271 545.043 332.655 221.598 122.753 214.112 733.941 111.057 323.491 193.459 151.79 60.2509 172.411 33.4879 102.597 55.8476 248.776 169.178 168.655 186.093 84.211 162.607 108.1
internal_count=1539327 1383723 674404 709319 645792 108289 331244 601030 314548 47492 46072 155604 146229 141554 9375 28612 123116 267056 202420 124704 77716 68717 26900 41817 44493 62217 65538 20915 9654 20902 47897 64636 35506 29550 286751 57578 21332 76807 7310 18438 18010 19128 12437 6685 3468 14277 6691 3842 14335 15294 7643 48990 877 50714 21949 15355 4675 11849 15949 3374 3115 17203
is_linear=0
shrinkage=0.1


Tree=14
num_leaves=63
num_cat=0
split_feature=28 28 48 19 46 28 0 18 46 50 0 0 45 38 21 46 28 45 28 31 29 47 42 35 30 3 28 38 22 28 42 19 15 0 47 19 18 47 0 16 38 29 47 34 27 8 38 47 23 14 50 0 29 47 46 47 18 14 23 38 38 16
split_gain=602.542 1107.99 375.331 176.422 139.937 116.485 84.5991 76.9871 59.1928 57.4562 76.6466 55.7368 52.5921 59.6129 48.3481 44.8924 43.1868 34.4207 32.5914 29.3786 32.6756 46.5023 35.1027 34.07 26.5329 25.8803 35.5615 24.688 27.6386 23.7092 23.6643 23.5913 23.5834 22.0122 21.8623 21.5309 50.9653 21.3981 20.8332 20.4311 20.2625 22.4214 20.699 19.9108 22.3871 19.5095 19.0355 39.1907 18.2315 17.9704 17.8474 17.43 22.7734 20.7807 17.4004 17.3547 16.679 16.5872 16.3343 16.5069 34.9051 15.7033
threshold=-1.0000000180025095e-35 12.000000000000002 1.0000000180025095e-35 100.00000000000001 7.5000000000000009 3.0000000000000004 4.4845800399780282 7.4813475608825692 1.0000000180025095e-35 17.500000000000004 4.2844183444976816 4.7789824008941659 1.0000000180025095e-35 2.5000000000000004 112.00000000000001 7.5000000000000009 48.000000000000007 2.5000000000000004 48.000000000000007 104.00000000000001 112.00000000000001 5.5000000000000009 6.0000000000000009 1.5000000000000002 112.00000000000001 5.3025121688842782 96.000000000000014 7.5000000000000009 7168.0000000000009 48.000000000000007 6.0000000000000009 100.00000000000001 3.6050398349761967 2.7361353635787968 26.500000000000004 180.00000000000003 11.049697875976564 8.5000000000000018 4.4845800399780282 1.2424533367156985 3.5000000000000004 192.00000000000003 6.5000000000000009 1.5000000000000002 1.0000000180025095e-35 0.89587974548339855 5.5000000000000009 29.500000000000004 1900.0000000000002 2.7361353635787968 17.500000000000004 4.1426305770874032 1.0000000180025095e-35 2.5000000000000004 11.500000000000002 9.5000000000000018 8.978769779205324 3.3576917648315434 1900.0000000000002 1.5000000000000002 3.5000000000000004 1.2424533367156985
decision_type=2 2 2 2 2 2 2 2 2 2 2 2 2 2 2 2 2 2 2 2 2 2 2 2 2 2 2 2 2 2 2 2 2 2 2 2 2 2 2 2 2 2 2 2 2 2 2 2 2 2 2 2 2 2 2 2 2 2 2 2 2 2
left_child=8 3 4 5 12 27 18 -5 14 10 43 -7 19 -14 48 34 38 -17 -6 20 21 22 31 24 25 26 35 -2 -29 -15 -21 51 -8 56 40 57 -37 -23 -4 -24 41 42 -12 44 -10 -38 47 -13 -1 -33 -18 -3 53 -53 -20 -39 -28 -22 -27 -60 -61 -32
right_child=1 2 16 7 6 11 32 -9 9 -11 15 46 13 29 -16 17 50 -19 54 30 23 37 39 -25 -26 58 33 28 -30 -31 61 49 -34 -35 -36 36 45 55 -40 -41 -42 -43 -44 -45 -46 -47 -48 -49 -50 -51 -52 52 -54 -55 -56 -57 -58 -59 59 60 -62 -63
leaf_value=0.097966852221230083 -0.09689913767001794 0.020395643275573274 -0.093310589067871888 -0.008656609891228819 -0.060224710307397622 -0.073274436802637122 0.0021085441385791637 -0.10174162962722644 -0.071933476339413771 0.088180145050353903 -0.086138052199560666 -0.052955261398829293 -0.090634062311520269 -0.04403970567158931 0.10099581049977771 -0.06824039140640846 0.037817930977535198 0.076372056594024379 0.1044898754250226 -0.096929638102402349 -0.013449893965784757 0.039394276048166352 -0.040941799214231023 0.05277221434341705 -0.031345605467612871 0.040182656634402285 -0.003577583253351925 -0.0047002485121547047 -0.093887882404941614 0.026667710295501808 -0.051051404037203589 -0.028439031299040358 -0.093367131088794172 0.027423454726134156 0.081793661906778004 0.044985458744446954 -0.056505302239005406 -0.10921020251903001 0.037540927779559981 0.029691627816743327 0.021782093145273577 0.020484328075895057 0.008983404148528204 0.016336880090955627 0.062203851128369902 0.0090146611547222318 0.048953178703592594 0.043952559510499492 0.040509658107066873 -0.088615351392020092 0.088313768111332555 0.056438082863049001 -0.10734971221001532 -0.038868896169296202 -0.013069743635335869 0.0049408190563078151 0.094017751563330032 0.060974186674654353 -0.078554771068643545 0.048609162696981123 -0.044869916784737562 0.012328733187069035
leaf_weight=63.044515676097944 221.12283419947198 96.651123788673431 13.092610204213996 95.310656393645331 28.831844137479493 76.886163438044605 28.634888634740491 1310.7876940925235 12.737361199513542 163.75003202204243 60.513545463938499 77.659487681463361 115.47717157998704 76.915515010681702 255.00033391895704 114.8324604315676 78.916524656655383 19.21303453220753 41.911761342184036 38.830905383205391 39.88716826424934 310.62626842080499 52.499722004620708 294.85051713112625 112.86806399990746 56.042750869644806 20.071684075519443 80.069139033206739 61.38363093289081 123.67665679632046 60.954512664866343 97.618780302233063 268.08161682877835 143.64559761766577 46.639774953946471 137.01261494983919 132.58519147679908 14.613373363332355 172.183661046407 186.17525088624097 474.7098721959992 83.390582316147629 36.781722656771308 135.80508547140926 536.98989412850642 69.148400863748975 141.06727335351752 90.204413153231144 445.22920867163339 100.93980651122911 619.10853480142032 31.260049762175186 33.055010743904859 85.316004231863189 17.99677630932274 150.31611139632878 137.25840775296092 120.16162527760025 39.796267619996797 67.359652324172202 98.146305302157998 108.98900704848347
leaf_count=496 52563 3510 1711 11174 22544 9093 13224 589856 524 4675 12955 29073 25898 11144 2065 59733 4258 1022 12211 15646 1268 9508 16635 8999 19249 1666 589 2955 6699 10450 31787 6092 273527 4871 819 4981 11052 3149 12624 9122 27575 5515 4772 9141 19498 2665 5935 1971 6814 41576 10019 2320 5267 7017 9738 20508 2324 3396 5729 2655 8272 17203
internal_value=1.50406e-05 -0.0157524 0.0129008 -0.0745553 -0.00165659 -0.0353317 -0.0585328 -0.095432 0.0423596 0.0318964 0.0258393 0.00291365 0.00529714 -0.0333956 0.0654631 0.00551651 0.071213 -0.0475128 0.0271325 0.00960837 0.0124768 -7.59231e-05 -0.0167833 0.0223823 0.0147497 0.0196528 0.0285802 -0.0760287 -0.0434033 -0.000444501 -0.0264974 -0.0333829 -0.0841532 0.055726 0.0156418 0.0122003 -0.00208074 0.0239376 0.0282943 0.0141549 0.0109343 -0.0175658 -0.0501781 0.0506252 0.0590958 -0.034047 0.0218752 -0.000880259 0.0476364 -0.0590304 0.0826049 -0.0127052 -0.034086 -0.0133122 0.0691745 -0.00517339 0.0815668 0.0424263 -0.00766711 -0.020729 -0.00682465 -0.0104041
internal_weight=9024.64 6576 4421.51 2154.49 3538.21 748.393 385.457 1406.1 2448.64 1685.36 1521.61 385.817 3152.75 316.069 763.274 836.081 883.301 134.045 88.7404 2836.68 2627.91 1159.07 683.516 1468.83 1173.98 1061.12 799.771 362.576 141.453 200.592 208.774 444.841 296.717 300.976 702.035 498.795 338.746 475.556 185.276 238.675 655.396 180.686 97.2953 685.532 549.727 201.734 308.931 167.864 508.274 198.559 698.025 246.282 149.631 116.576 59.9085 164.929 157.33 160.049 261.345 205.302 165.506 169.944
internal_count=1539327 1383723 674404 709319 645792 108289 331244 601030 155604 146229 141554 46072 314548 47492 9375 112391 28612 60755 44493 267056 202420 124704 91539 77716 68717 49468 31146 62217 9654 21594 64636 65782 286751 7784 51636 23362 18698 33165 14335 25757 50817 23242 17727 29163 20022 13717 36979 31044 7310 47668 14277 18114 14604 9337 21949 23657 2913 4664 18322 16656 10927 48990
is_linear=0
shrinkage=0.1


Tree=15
num_leaves=63
num_cat=0
split_feature=28 28 48 19 46 28 0 18 46 48 0 46 21 0 47 45 36 28 15 47 47 1 28 36 22 28 15 31 29 32 35 36 29 28 0 23 18 15 3 30 15 28 28 34 46 31 47 36 16 18 19 26 15 0 36 0 46 13 28 23 16 26
split_gain=494.921 959.448 318.196 165.12 107.007 104.058 84.7904 69.2874 57.1944 53.3001 70.3135 58.131 47.6751 46.7364 40.1868 37.6246 40.4297 32.2529 31.1662 31.032 27.0927 27.0234 23.2785 22.6196 23.9713 22.4565 22.0432 21.0485 27.1045 43.7014 28.4276 32.9447 37.4007 20.9277 23.8546 30.1239 19.7503 19.3712 19.0096 18.9191 29.7575 18.4732 17.881 17.8351 17.2734 17.1686 38.6554 17.0084 16.8894 26.3529 16.6047 17.0208 16.5232 16.1672 16.1582 15.6464 15.0092 14.8426 14.814 14.6323 16.0446 14.2854
threshold=1.0000000180025095e-35 12.000000000000002 1.0000000180025095e-35 100.00000000000001 7.5000000000000009 3.0000000000000004 4.7789824008941659 8.0407161712646502 1.0000000180025095e-35 1.0000000180025095e-35 4.7789824008941659 7.5000000000000009 112.00000000000001 4.7789824008941659 16.500000000000004 1.0000000180025095e-35 2.5000000000000004 48.000000000000007 3.6050398349761967 16.500000000000004 26.500000000000004 3.2059091329574589 48.000000000000007 5.0000000000000009 7168.0000000000009 96.000000000000014 3.6050398349761967 104.00000000000001 112.00000000000001 20.000000000000004 1.5000000000000002 7.0000000000000009 192.00000000000003 48.000000000000007 2.7361353635787968 1900.0000000000002 12.489189624786379 5.5169365406036386 4.1426305770874032 56.000000000000007 4.6510493755340585 96.000000000000014 48.000000000000007 1.5000000000000002 11.500000000000002 56.000000000000007 13.500000000000002 3.5000000000000004 1.2424533367156985 11.182208061218263 280.00000000000006 1.0000000180025095e-35 4.2324235439300546 2.2154084444046025 2.5000000000000004 1.4978661537170412 10.500000000000002 2.1383330821990971 3.0000000000000004 2202.0000000000005 1.4978661537170412 1.5000000000000002
decision_type=2 2 2 2 2 2 2 2 2 2 2 2 2 2 2 2 2 2 2 2 2 2 2 2 2 2 2 2 2 2 2 2 2 2 2 2 2 2 2 2 2 2 2 2 2 2 2 2 2 2 2 2 2 2 2 2 2 2 2 2 2 2
left_child=8 3 4 5 15 23 17 37 12 10 43 20 50 -7 18 21 41 -6 25 -11 39 -3 -20 -2 48 -4 -8 28 29 59 31 33 -33 36 57 -36 61 58 -31 40 -12 -17 -18 45 -19 46 -10 -40 49 -25 55 -52 -32 -43 -45 -1 -15 -35 -5 60 -23 -30
right_child=1 2 14 7 6 13 26 -9 9 19 11 -13 -14 56 -16 16 42 44 22 -21 -22 27 -24 24 -26 -27 -28 -29 30 38 52 32 -34 34 35 -37 -38 -39 47 -41 -42 53 -44 54 -46 -47 -48 -49 -50 -51 51 -53 -54 -55 -56 -57 -58 -59 -60 -61 -62 -63
leaf_value=0.031266742317006498 -0.092742666176302654 -0.11168987325987392 -0.067105202926024066 -0.11098605895735601 -0.05989615171791586 -0.070898271899609511 0.0026603355081978716 -0.10060776758395558 -0.016438815760615181 0.094000778045909658 0.029255770431094133 -0.067457410397882347 0.098592359296626852 0.024970556249802826 -0.089290138122646856 -0.10121314906066839 -0.040391210366757295 0.093222169596706525 0.041517090225186203 -0.11208480014794607 0.078319402996787302 -0.085431214377677436 0.084141634125777034 0.043445634787634052 -0.09239361319124885 0.069610015560884586 -0.091319388884973041 -0.02226567624944438 -0.014762689121357937 -0.01074665966609068 -0.018800769312524741 0.0032824868556735158 -0.10437062579911333 0.00074404716083877271 0.064303885457803522 -0.0045165148733034479 -0.077647038983056083 0.021687748528443629 -0.10055726761653375 0.017808928014942684 -0.053112788188038718 0.047653399316712364 0.022382218673635667 -0.063622367355176637 -0.01792953836685458 0.063619703273362818 0.1008079020790514 -0.026070761085372318 0.051585301461992632 -0.13260868166080805 0.073057497238874738 0.0052090693503918937 0.057506440574354369 -0.10553557545333424 0.028829106116659814 0.07804441644488945 -0.078939512136060319 0.063647507262430167 -0.0027557055865245431 0.016307271867373373 0.0014694679133703517 0.027587921191875676
leaf_weight=119.58252360142069 218.72808208144124 18.601891254336806 27.412776805344038 28.239011817553546 30.647682968890877 69.595306784722197 27.836040949681774 1172.9141465604116 86.16428746751626 148.9785819760873 72.85077667736914 103.98689964559526 239.54708251077682 288.67732679568871 16.082875527106808 81.628080046168179 72.404542296979344 51.356596634737798 162.08478894139989 7.6834228114312273 57.739008486270905 30.077025444290484 611.52814625506289 16.229378426447511 47.279322170419618 21.388972980901599 241.37067673786987 196.42748345961445 146.09668068366591 147.72652536275564 31.923994074750226 106.24064355314476 46.352075413917191 44.735231856815517 86.371388003462926 241.27349103422603 29.145561671466567 58.653866544453194 62.471356780733913 448.82863450085279 110.21887204333325 18.641502691898499 121.56505433689745 22.466994268761482 19.211274056629918 424.36936120415339 41.741943860484753 60.192735942484433 32.989722287515178 17.857481967075728 49.063002930954099 150.06352939640055 255.38056669785874 10.928094908857018 119.22285884369921 177.85360039156512 14.604115938884204 232.29161412129179 22.903941182448762 731.86110381600156 72.363914795743767 175.1162752052187
leaf_count=1561 53952 3556 953 4104 26268 9064 11991 586779 9357 2927 5237 57724 2093 27501 13690 19902 11147 14290 6924 2844 1033 14646 6862 513 5743 274 267580 63143 10048 10781 1895 13828 11560 1522 1855 12398 1779 6341 15739 29138 15580 1729 10477 2285 11379 7013 5630 17985 950 989 355 3108 6931 4280 7593 2270 9408 5286 3908 58488 6063 9175
internal_value=8.94696e-06 -0.0148365 0.0121026 -0.07212 -0.00153939 -0.0332788 -0.0522655 -0.0934969 0.0387845 0.028413 0.0225702 0.00224014 0.0619514 0.00300744 0.0672603 0.00468288 -0.0286086 0.0257613 0.0703217 0.0838934 0.0127495 0.00842534 0.0752111 -0.0739 -0.0378597 -0.00718526 -0.0816019 0.0092541 0.011731 2.95934e-05 0.0209978 0.0137272 -0.0294186 0.0206209 0.031889 0.0136254 0.00117379 -0.017534 -0.034908 0.0067581 -0.020335 -0.0766815 -0.00104971 0.0458199 0.0629624 0.05394 0.0218244 -0.0640058 0.00057879 -0.048786 0.0442755 0.0219263 0.0490275 -0.00896095 0.0141696 0.0592377 0.0199669 0.0534896 -0.062516 0.0113526 -0.0240449 0.00832567
internal_weight=8597.77 6217.41 4228.74 1988.67 3390.24 705.961 370.422 1282.71 2380.36 1644.25 1487.59 793.624 736.11 372.877 838.498 3019.82 305.167 101.216 822.415 156.662 689.637 2714.65 773.613 333.084 114.356 48.8017 269.207 2696.05 2499.62 1104.69 1394.93 1107.62 152.593 955.03 604.672 327.645 350.359 109.797 270.391 631.898 183.07 111.198 193.97 693.965 70.5679 552.276 127.906 122.664 67.0766 34.0869 496.563 199.127 287.305 29.5696 141.69 297.436 303.281 277.027 51.143 834.302 102.441 321.213
internal_count=1539424 1383676 674424 709252 645721 108120 331508 601132 155748 146361 140590 108712 9387 45973 28703 314213 47535 51937 15013 5771 50988 266678 13786 62147 8195 1227 279571 263122 199979 123702 76277 67451 25388 42063 21061 14253 21002 14353 44505 49955 20817 25911 21624 31878 25669 22000 14987 33724 2452 1502 7294 3463 8826 6009 9878 3831 36909 6808 8012 79197 20709 19223
is_linear=0
shrinkage=0.1


Tree=16
num_leaves=63
num_cat=0
split_feature=28 28 48 19 28 46 0 18 46 50 3 21 3 28 45 36 50 46 45 30 2 32 15 32 16 28 29 50 38 0 15 18 32 15 26 23 31 29 32 35 36 29 36 42 15 36 0 19 28 3 36 18 28 49 29 49 49 19 14 26 27 46
split_gain=417.798 802.488 283.992 155.496 89.7139 82.8621 79.0789 64.8755 52.3659 56.4945 58.8435 45.6233 41.5398 35.0008 32.8974 40.3043 31.679 27.4418 29.2606 24.0719 22.8626 21.3367 20.9231 19.1017 32.7283 18.6967 18.2826 20.067 26.2979 18.0558 18.7165 17.7063 30.2094 16.6518 15.8848 15.6106 15.5619 20.7878 37.7266 24.2993 25.0895 31.4757 19.4137 16.8997 16.3615 15.8102 22.5218 19.1036 18.3459 15.0436 15.1658 14.7899 14.575 14.3225 14.2902 26.708 14.043 13.9399 18.366 17.3187 14.1009 13.878
threshold=1.0000000180025095e-35 12.000000000000002 1.0000000180025095e-35 100.00000000000001 3.0000000000000004 7.5000000000000009 4.7789824008941659 8.0407161712646502 1.0000000180025095e-35 17.500000000000004 4.4845800399780282 112.00000000000001 4.7789824008941659 48.000000000000007 1.0000000180025095e-35 2.5000000000000004 5.5000000000000009 7.5000000000000009 2.5000000000000004 112.00000000000001 3.1002545356750493 96.000000000000014 3.6050398349761967 20.000000000000004 1.2424533367156985 96.000000000000014 112.00000000000001 4.5000000000000009 2.5000000000000004 6.3293142318725595 5.7189338207244882 9.671854496002199 6.0000000000000009 5.5169365406036386 1.5000000000000002 1900.0000000000002 104.00000000000001 112.00000000000001 20.000000000000004 1.5000000000000002 7.0000000000000009 192.00000000000003 1.5000000000000002 6.0000000000000009 4.2324235439300546 3.5000000000000004 2.7361353635787968 280.00000000000006 48.000000000000007 4.1426305770874032 3.5000000000000004 8.5999870300292987 96.000000000000014 1.5000000000000002 80.000000000000014 13.500000000000002 15.500000000000002 80.000000000000014 1.9944920539855959 1.0000000180025095e-35 7.5000000000000009 11.500000000000002
decision_type=2 2 2 2 2 2 2 2 2 2 2 2 2 2 2 2 2 2 2 2 2 2 2 2 2 2 2 2 2 2 2 2 2 2 2 2 2 2 2 2 2 2 2 2 2 2 2 2 2 2 2 2 2 2 2 2 2 2 2 2 2 2
left_child=8 3 5 4 21 14 16 33 11 10 19 35 -6 29 20 -16 25 23 -19 26 -3 -2 -8 31 34 -7 27 28 -10 30 -4 32 -12 -5 -25 -1 37 38 -22 40 42 -42 -39 -38 -41 47 48 -44 51 -40 -51 -47 -17 -27 55 -14 -15 58 -37 -59 -61 -18
right_child=1 2 13 7 12 6 22 -9 9 -11 17 -13 54 56 15 52 61 18 -20 -21 36 -23 -24 24 -26 53 -28 -29 -30 -31 -32 -33 -34 -35 -36 57 43 39 49 44 41 -43 45 -45 -46 46 -48 -49 -50 50 -52 -53 -54 -55 -56 -57 -58 59 -60 60 -62 -63
leaf_value=0.091062056277036674 -0.084595990559179657 -0.11106340502234054 -0.048434238454692746 -0.061116288782180256 -0.069724041912030979 -0.05612485109392458 0.00071215892997299581 -0.098529355796672463 -0.025880903710699545 0.082867840928562947 -0.060479145983988007 0.096220604358255038 -0.044705436940268226 0.076910913959603769 -0.080293181975473013 -0.022672611486795641 0.12756777710139719 -0.063917415201997937 0.071563242660339005 -0.035993358673196085 0.0097165808537745136 -0.018605303759040483 -0.089100233856714908 -0.058434273001113181 -0.057010679824630817 0.10498096604734586 0.060641799810567026 0.090738421535047284 0.047091214521824985 0.056816448722865065 0.045695679464349076 0.03341355576148821 0.071408505270726078 0.018769935950779498 0.0271766378403232 0.01863398800502658 -0.08910808654123846 -0.00095542514155871569 -0.01255892685888235 -0.025624011600177177 0.0018796530023048371 -0.10118871543036596 0.07110324351068642 -0.0072608155842981519 0.052735591937782759 0.079152092732530488 -0.016364378409792824 -0.0074939262135147334 0.055475532083730905 -0.097988846356723336 -0.025191249799266065 -0.021448763538485474 0.03501280822919841 -0.070386890571435004 0.042269947337200055 0.036349022434255245 -0.072104356083751334 0.069274207339693139 0.077418991767117737 -0.01436189545697248 0.061209898375246964 -0.028366284387792085
leaf_weight=55.966490379534662 238.22122310649138 16.390777197928401 49.087690990083502 46.647287117055384 64.968225149441423 42.206780660235381 29.397911955675227 1060.4075254801173 94.396859554995899 158.17118349537122 55.072519253182691 222.63381975586526 76.300764119048836 614.69363183167297 99.774832802708261 120.88837551717006 30.695310563347448 100.3329160959438 18.952804261236452 37.058391367245349 830.77378063583819 61.6827706991171 220.46095334683378 25.294017269770848 98.519446145743132 16.610423182763046 378.18026789634314 39.04467874414695 103.57388731293031 86.128467570972134 37.0803344764754 331.4296502596917 25.366922485874966 59.214862870023353 151.40296522190329 92.264516601659125 29.883931957752793 359.49378660932416 144.81433215732977 29.864590879762545 103.6064127451391 41.496915255876957 137.82654153415933 161.89418174967068 247.27967232299852 18.339402173645794 130.27727168088313 39.870229350053705 158.34180875401944 56.419556835171534 58.073967854343209 71.936514819739386 68.686687142035225 6.471638875140342 137.06904202530859 87.011842769104987 6.3898315787228048 47.271785374730825 125.35718374559656 127.39733349018206 30.625793582192273 7.0111216386649167
leaf_count=495 57924 3556 5016 8012 10518 25202 11991 586779 10644 4675 2434 2093 27657 7457 25911 16475 13299 57993 985 5505 79197 4223 267580 6679 8358 4829 5676 5327 3528 6278 3077 22568 250 6341 11739 1169 14257 19225 10781 1895 13828 11560 4098 48886 6931 763 8689 2321 3872 15739 17985 3095 5149 3346 5941 1857 6875 355 1647 2306 1322 5261
internal_value=2.98561e-05 -0.0140961 0.0106297 -0.069071 -0.0304912 -0.00236074 -0.0481387 -0.0910773 0.0360023 0.0261024 0.0199469 0.0588187 0.00278032 0.0643151 0.00315987 -0.028848 0.025596 0.00188269 -0.0423915 0.0422793 0.00667255 -0.0710234 -0.0785331 0.00956918 -0.0108281 -0.0165509 0.0469944 0.0252186 0.0122965 0.0244369 -0.0079277 0.0231989 -0.0188878 -0.0164313 0.0149215 0.0414305 0.00740906 0.00957478 -0.000676899 0.0179248 0.0110388 -0.027596 0.0171583 -0.0200147 0.0442917 0.0288577 0.0173157 0.0534682 0.0349643 -0.0339757 -0.0610641 -0.00101187 -0.00177208 0.0558122 0.018462 -0.00152017 0.0753778 0.0348625 0.0524961 0.0161702 0.000284354 0.0985734
internal_weight=8222 5903.69 4072.17 1831.52 665.254 3278.79 352.854 1166.27 2318.31 1616.8 1458.63 701.517 365.35 793.38 2925.93 289.35 102.995 806.371 119.286 652.254 2636.58 299.904 249.859 687.086 275.216 65.2888 615.196 237.015 197.971 172.296 86.168 411.869 80.4394 105.862 176.697 478.883 2620.19 2428.41 1090.08 1338.33 1061.19 145.103 916.086 191.778 277.144 556.592 378.895 177.697 248.618 259.308 114.494 90.2759 189.575 23.0821 300.382 163.313 621.083 422.917 217.622 205.295 158.023 37.7064
internal_count=1539424 1383676 674424 709252 108120 645721 331508 601132 155748 146361 141686 9387 45973 28703 314213 47535 51937 111006 58978 30680 266678 62147 279571 52028 26776 33377 25175 19499 14172 14371 8093 25252 2684 14353 18418 7294 263122 199979 123702 76277 67451 25388 42063 63143 8826 22838 16419 6419 7730 44505 33724 3858 21624 8175 35455 29514 14332 6799 2816 3983 3628 18560
is_linear=0
shrinkage=0.1


Tree=17
num_leaves=63
num_cat=0
split_feature=48 28 28 46 47 32 46 0 28 0 19 18 24 1 3 21 42 46 19 38 46 19 42 18 19 3 50 18 0 47 18 22 8 47 3 42 50 0 14 28 18 35 1 18 28 28 28 0 28 38 50 30 34 42 36 28 23 49 1 3 47 29
split_gain=352.069 420.966 487.744 89.3536 84.0859 78.492 66.1 57.3979 55.1037 131.435 113.335 102.242 56.8221 48.9595 43.12 42.5145 41.2417 40.6939 38.3192 53.472 36.1597 33.2775 43.1338 32.2102 29.5228 28.4468 27.2215 26.7135 25.3904 24.4547 24.3429 22.441 22.0892 21.3502 19.8421 19.223 19.0477 45.5374 18.159 17.4427 17.7447 17.2987 16.5809 16.2066 15.8988 71.7713 21.7931 15.252 14.5087 14.3 14.2706 23.2895 16.6939 14.218 14.6738 13.9019 13.725 13.6278 13.5033 13.3326 12.9015 12.8191
threshold=1.0000000180025095e-35 1.0000000180025095e-35 6.0000000000000009 11.500000000000002 16.500000000000004 96.000000000000014 1.0000000180025095e-35 4.1426305770874032 48.000000000000007 4.7789824008941659 80.000000000000014 10.389364242553713 17137926144.000002 3.2059091329574589 4.7789824008941659 112.00000000000001 6.0000000000000009 7.5000000000000009 180.00000000000003 1.5000000000000002 7.5000000000000009 180.00000000000003 6.0000000000000009 8.978769779205324 100.00000000000001 3.1549592018127446 4.5000000000000009 12.489189624786379 6.0519120693206796 25.500000000000004 11.182208061218263 3072.0000000000005 0.89587974548339855 29.500000000000004 3.6941639184951787 -1.0000000180025095e-35 17.500000000000004 6.9047427177429208 5.9931647777557382 96.000000000000014 8.978769779205324 1.5000000000000002 4.5951199531555185 12.568491935729982 1.0000000180025095e-35 12.000000000000002 48.000000000000007 6.208071470260621 96.000000000000014 1.5000000000000002 5.5000000000000009 24.000000000000004 1.5000000000000002 1.5000000000000002 3.5000000000000004 24.000000000000004 1900.0000000000002 3.5000000000000004 3.8026961088180546 3.1549592018127446 31.500000000000004 112.00000000000001
decision_type=2 2 2 2 2 2 2 2 2 2 2 2 2 2 2 2 2 2 2 2 2 2 2 2 2 2 2 2 2 2 2 2 2 2 2 2 2 2 2 2 2 2 2 2 2 2 2 2 2 2 2 2 2 2 2 2 2 2 2 2 2 2
left_child=1 6 5 8 25 13 15 50 10 26 27 16 31 -3 42 56 35 21 49 59 33 53 -23 -21 28 -2 39 36 -15 -30 -7 -11 55 38 -22 -12 60 -38 -9 43 -41 61 -13 -10 -27 -46 -47 48 -25 57 51 -8 -53 -16 -55 -24 -1 -14 -57 -20 -4 -37
right_child=4 2 3 -5 -6 30 7 20 9 12 11 14 18 24 17 -17 -18 -19 19 23 34 22 32 47 -26 44 -28 -29 29 -31 -32 -33 -34 -35 -36 41 37 -39 -40 40 -42 -43 -44 -45 45 46 -48 -49 -50 -51 -52 52 -54 54 -56 58 -58 -59 -60 -61 -62 -63
leaf_value=0.087189355279779251 -0.050958586756413932 0.019474288007786746 0.02898187351121146 -0.079106882054552075 -0.096216804888660745 0.044922238234852203 -0.013751272836663589 0.012437798962228934 0.027352109148142519 0.04237621731296741 0.10119061881018168 -0.063674773607585319 -0.018770742426353279 -0.083659942289778744 0.0016848998939946386 0.093371829768608597 0.09541820978836546 -0.092949880942858595 0.078050383852038774 -0.097214738597680914 0.047639940165062344 -0.078339995382542257 -0.065591480189179388 0.038138405392624308 -0.1014057796464175 0.097236685807254308 0.10892350891704526 -0.0602366518032895 -0.054159102560550426 0.056165317248975978 -0.049267955845062147 -0.091460422221882498 0.094647612820079718 0.072702864118559626 -0.069636303095392121 -0.04661524137167472 0.041132658353892695 -0.20780499177584799 -0.029908535689116018 -0.02443156206824032 0.051862219713382764 -0.055161834065798915 -0.11640755302875966 -0.025227276524608763 -0.10081607593092701 0.03229076224498726 0.074695962422955925 -0.033564635246081283 -0.0087707899816329288 0.073303062620794127 0.12023083403072594 0.05950803104136846 0.012026748916255789 0.093455539177002181 -0.069889986367766541 -0.019808610064071874 0.032666975879661393 0.036388490556776773 0.07094515656472114 -0.093982952522755819 0.09560462460950718 0.024292496745952741
leaf_weight=52.062552166637033 21.448498612327967 42.190616661217064 454.09817347959324 157.46360880701832 34.4831055797913 60.317983895540237 68.630054110668425 606.3308115585387 308.06041519867722 13.99490684783086 17.50434366177069 339.8267856827697 76.220793694432359 234.01720057951752 84.458980713359779 207.41055190539919 57.24136018808349 81.168018388365454 4.7196510822977862 34.581339453347027 17.070161273833946 124.1078597093001 36.02867388894083 137.8989588141485 745.39281909614874 134.74149589031003 50.262578316425788 36.484298332463368 72.242008252302185 27.832569761827472 50.336578797985567 119.5477916603777 22.228815598966321 50.342073453590274 93.160747796071519 32.228701520012692 20.975441838352708 11.310796586563809 121.56911871977354 32.856287713744678 422.43763623794075 56.583028574648779 72.316277681253268 72.399032296059886 26.785244634771516 153.19274862491875 580.20399570639711 82.410309483653691 126.3436227704442 51.334573676023865 23.409311671035539 334.15473756863503 95.127783437084872 39.616496206625015 6.3860842038193359 49.708417672780342 407.94848251198709 108.62260964923189 24.463584810786415 99.03185412849416 31.054397328814957 122.04623909774818
leaf_count=495 1336 3076 51501 172552 30833 2520 6898 36388 21315 479 1989 57538 6979 44650 7109 2093 9564 108528 990 4871 4322 54805 22014 17977 427900 2795 8801 2530 31603 3213 3689 27517 3514 962 58184 6360 1236 572 19878 1728 24693 12666 19047 5834 15049 7260 7156 21978 17993 2722 2226 5355 6377 1222 1257 9421 6799 4516 1616 84083 1201 9649
internal_value=2.19911e-05 -0.0078098 -0.0239418 -0.00543473 0.0570815 -0.078277 0.0298588 0.0175849 -0.00208248 0.0104604 -0.0147776 -0.0324718 -0.0175167 -0.0862038 -0.0493391 0.0557849 0.0195179 -0.0285735 -0.00642134 -0.0225073 0.00212874 -0.0150714 -0.0359829 -0.0051852 -0.0903342 0.0628501 0.0374488 0.0224656 -0.0656323 -0.0234759 0.00207527 -0.0774347 0.00371253 0.00972124 -0.0514751 0.000492686 0.0282969 -0.0460774 0.00536539 0.0331503 0.0463565 -0.00786674 -0.0729275 0.0173466 0.0655777 0.0599662 0.0658383 0.00399547 0.0157095 0.0266108 0.0439263 0.0403388 0.0489863 0.0260488 0.0707799 -0.0146302 0.0388376 0.0136434 0.010124 -0.0861572 0.0332464 0.00947956
internal_weight=7878.42 6927.57 4850.35 3618.02 950.855 1232.33 2077.22 1409.79 3460.56 1740.72 1719.84 1165.91 854.706 1121.68 880.31 667.422 285.604 468.167 721.164 484.986 888.473 386.999 256.537 381.234 1079.48 916.372 886.016 553.923 334.092 100.075 110.655 133.543 132.429 778.242 110.231 228.362 517.439 32.2862 727.9 835.753 455.294 210.858 412.143 380.459 894.923 760.182 733.397 346.653 264.243 236.178 521.322 497.913 429.283 130.462 46.0026 110.201 460.011 184.843 74.172 103.752 485.153 154.275
internal_count=1539424 1474995 1325018 808367 64429 516651 149977 140590 635815 252476 383339 326299 190105 510442 286071 9387 40228 209486 162109 147892 119734 100958 91370 62819 507366 33596 62371 57040 79466 34816 6209 27996 36565 57228 62506 30664 54510 1808 56266 53570 26421 28675 76585 27149 32260 29465 14416 57948 35970 14217 20856 18630 11732 9588 2479 33051 7294 11495 11037 85073 52702 16009
is_linear=0
shrinkage=0.1


Tree=18
num_leaves=63
num_cat=0
split_feature=50 46 45 46 50 36 47 27 0 47 27 21 15 46 44 45 14 47 16 31 33 19 18 34 31 36 29 36 47 47 18 36 22 0 24 27 8 36 37 22 26 30 18 19 39 47 23 0 37 3 26 30 14 0 47 22 0 3 38 3 42 36
split_gain=295.298 258.204 166.081 81.3449 70.1911 69.1815 55.1 50.8511 50.2447 50.057 39.5591 38.7452 38.5566 31.2578 25.8531 30.0703 24.8124 22.5687 24.9751 53.3104 68.1377 38.9661 40.6133 23.7215 23.4147 20.5572 19.7102 25.86 21.9109 46.8395 19.1523 18.3341 17.8162 17.4375 17.9523 17.0551 15.8897 15.5936 15.1037 15.0361 14.4796 14.0796 14.0003 13.8015 13.3341 12.7579 12.6265 17.5331 12.3944 11.971 11.9587 13.3211 11.4084 11.2511 11.2338 11.2935 14.0553 10.6718 15.9954 10.2121 9.83543 18.2508
threshold=17.500000000000004 1.0000000180025095e-35 1.0000000180025095e-35 7.5000000000000009 5.5000000000000009 2.5000000000000004 16.500000000000004 5.5000000000000009 4.7789824008941659 1.0000000180025095e-35 1.0000000180025095e-35 112.00000000000001 4.8278014659881601 11.500000000000002 1.0000000180025095e-35 2.5000000000000004 2.8888261318206792 29.500000000000004 1.2424533367156985 56.000000000000007 6.0000000000000009 180.00000000000003 11.182208061218263 7.0000000000000009 88.000000000000014 1.5000000000000002 192.00000000000003 7.0000000000000009 6.5000000000000009 8.5000000000000018 11.39281225204468 1.5000000000000002 7168.0000000000009 6.8843524456024179 17137926144.000002 7.5000000000000009 0.89587974548339855 3.5000000000000004 3.0000000000000004 7168.0000000000009 1.5000000000000002 112.00000000000001 11.182208061218263 280.00000000000006 1.5000000000000002 9.5000000000000018 1900.0000000000002 3.026044607162476 3.0000000000000004 3.6941639184951787 1.0000000180025095e-35 112.00000000000001 4.8278014659881601 1.4978661537170412 17.500000000000004 7168.0000000000009 6.3848304748535165 5.0290689468383798 3.5000000000000004 6.9047427177429208 6.0000000000000009 3.5000000000000004
decision_type=2 2 2 2 2 2 2 2 2 2 2 2 2 2 2 2 2 2 2 2 2 2 2 2 2 2 2 2 2 2 2 2 2 2 2 2 2 2 2 2 2 2 2 2 2 2 2 2 2 2 2 2 2 2 2 2 2 2 2 2 2 2
left_child=1 11 3 7 5 49 14 10 13 -10 16 43 -5 -6 -2 -16 -3 18 21 57 -21 23 24 26 31 41 28 40 42 39 37 -23 -11 34 -8 -13 48 -9 -33 -30 -28 -22 -12 53 -27 -31 -7 -48 -24 -4 -45 -52 -42 -1 -47 -56 -57 58 -20 -25 61 -40
right_child=6 2 4 12 8 46 33 30 9 32 17 35 -14 -15 15 -17 -18 -19 19 20 25 22 36 59 -26 44 27 -29 29 45 -32 38 -34 -35 -36 -37 -38 -39 60 -41 52 -43 -44 50 -46 54 47 -49 -50 -51 51 -53 -54 -55 55 56 -58 -59 -60 -61 -62 -63
leaf_value=0.026089626928201538 0.023931739336754462 -0.0190599267263762 -0.067754024773000951 -0.0065409902686697817 0.082970545279831442 0.010443497332545223 0.034943341072265897 -0.10147573495699128 0.025836731264668567 -0.089210317520135543 0.011610198498045109 0.097060336838863018 -0.085822980183079822 -0.037146791875249746 0.094594634350792781 0.051195385298782918 -0.10801664616747685 0.042164378411695569 -0.03332619352736807 -0.0716288883344946 0.0018058456638326695 -0.046982263822920582 -0.095502884170502761 -0.075680991593805216 -0.058331495891442334 -0.068416549615919184 -0.077491500272525576 -0.12543964267006877 0.062411208359801601 -0.08977407696696614 -0.082252715933779363 -0.039252282288746838 -0.017867606741884312 -0.090236492475907953 -0.093238109762261212 0.020161850379162266 0.0064105824000103631 -0.00027434153770671015 0.050360939339528746 0.0052901732576446803 0.0072960229875596323 -0.10141812181396725 -0.028221900896817934 0.063718346774859963 0.024039990305950054 0.021160684743725393 -0.020888065480502975 -0.074836031180119542 -0.048248328581527639 -0.10038178201651518 -0.0074128315885341762 0.051034372528703499 0.070935130756965101 0.067241972811101461 -0.10180064296888974 0.015057579230254506 -0.072782864994900179 -0.067234754742485622 0.038263562736241062 0.12214935248192263 0.05228947654693622 -0.035268301631173719
leaf_weight=115.65165886035538 135.72897307141102 79.107471208350034 179.35285996711173 93.140328227433201 73.679658795932482 64.974761537232553 52.187196666025557 18.936327864328632 88.573596754282335 114.37361046147089 127.45833979848248 178.48902731994167 179.66644200363771 30.687738093685766 306.41758353619298 333.31940973986275 51.9440461264021 132.03053020127118 197.99052602512529 90.769148838793626 449.86452993546845 49.111592617875431 73.480304022250493 46.364299887878587 63.643909583741333 15.773259838882948 8.7570208056422398 9.1506494692293909 167.15118620003341 23.324972177673772 101.85626277250049 36.377983176062116 50.441260600997339 24.805861208911665 13.819537864617812 34.400111406568612 41.208961506315973 77.698206353350542 50.644791296348558 63.624262164536049 37.719767184986267 13.613676420121918 286.78782385430532 45.553926255553961 1409.9055098214158 66.079620665463153 183.46450770128286 89.696696668484947 226.91008080668689 301.45074522359937 156.42244335074793 51.944973503290385 111.25401505807531 156.11972698147292 18.819448118156288 52.008765960097662 28.035186100809369 67.185044081721571 37.05031869377126 2.7649407747667274 103.57403749156219 48.947201367103844
leaf_count=1561 6701 3986 48503 61730 22335 6046 4017 6884 5827 167617 8439 1799 239892 11811 6683 13458 7937 8523 17960 11794 24885 6703 56557 8918 15514 4244 1218 1862 6105 5942 58086 6072 31178 7956 13009 2583 5103 16324 3622 5838 1810 3060 44965 355 95782 5930 12936 31089 79731 239177 7794 5910 4946 2573 5111 12076 9329 12259 4426 362 7758 6823
internal_value=1.23227e-05 -0.00711638 -0.0140537 -0.00573725 -0.0476938 -0.0638365 0.0549417 -0.00251375 -0.0107415 -0.0347929 -0.000223429 0.0486432 -0.0587549 0.0476518 0.0635722 0.0719825 -0.0543191 0.00148181 0.00014743 0.00703162 0.013003 -0.00886517 -0.0272505 0.003293 -0.00342796 0.0170693 0.00662538 0.0379945 0.00034314 0.0164656 -0.0519966 0.00867738 -0.067376 -0.0187563 0.00810656 0.0846345 -0.0518193 -0.0201056 0.0200888 0.0466631 0.047476 -0.00122614 -0.0159661 0.0340678 0.0230171 -0.0205498 -0.0291782 -0.0386027 -0.0598076 -0.0882107 0.0173048 0.00715777 0.0548219 0.0497297 -0.0107607 -0.0320967 -0.0157083 -0.0320878 -0.0220412 -0.0645473 0.0307141 0.00827611
internal_weight=7541.29 6675.01 5936.43 4759.73 1176.7 818.94 866.279 4486.92 357.756 253.388 4288.43 738.582 272.807 104.367 775.466 639.737 131.052 4157.38 4025.35 2282.15 1979.93 1743.2 693.899 1049.3 352.3 1889.16 1000.17 166.881 833.29 419.043 198.491 288.656 164.815 90.8126 66.0067 212.889 341.599 96.6345 239.544 230.775 157.731 463.478 414.246 525.693 1425.68 188.268 338.136 273.161 300.39 480.804 253.921 208.367 148.974 271.771 164.943 98.8634 80.044 302.226 235.041 49.1292 203.166 99.592
internal_count=1539424 1487600 1465025 888506 576519 337751 51824 586884 238768 204622 505590 22575 301622 34146 26842 20141 11923 493667 485144 174410 139765 310734 187883 122851 46492 127971 113571 9836 103735 50331 81294 30978 198795 24982 17026 4382 141391 23208 24275 11943 7974 27945 53404 18193 100026 38388 50071 44025 136288 287680 14059 13704 6756 4134 32446 26516 21405 34645 22386 9280 18203 10445
is_linear=0
shrinkage=0.1


Tree=19
num_leaves=63
num_cat=0
split_feature=28 28 48 46 32 28 0 19 18 1 48 46 0 24 28 24 19 42 29 0 38 20 46 50 18 0 15 47 19 1 0 18 43 30 47 19 3 32 15 36 15 8 19 33 18 15 18 3 4 36 28 27 18 31 29 38 12 0 23 19 14 29
split_gain=296.867 601.654 176.826 70.0143 69.1817 47.9657 94.6819 81.4159 87.2023 45.8834 45.8721 46.1116 52.1238 44.044 41.4312 38.373 34.6986 34.4058 34.2381 41.8532 32.8516 30.706 26.9486 24.8477 23.3484 23.2947 22.24 22.1204 21.116 20.8246 20.1098 19.3096 19.0672 19.6808 18.5675 17.3655 24.1059 20.9299 17.3573 16.537 16.18 16.1353 15.7355 15.6745 15.3187 14.9314 14.9265 13.9177 13.4318 13.4313 13.2724 13.0955 17.2788 12.8488 12.7271 12.6614 13.0066 12.392 12.3182 12.2205 13.8135 12.0943
threshold=-1.0000000180025095e-35 6.0000000000000009 1.0000000180025095e-35 11.500000000000002 96.000000000000014 48.000000000000007 5.5169365406036386 80.000000000000014 10.389364242553713 3.2059091329574589 1.0000000180025095e-35 1.0000000180025095e-35 4.1426305770874032 17137926144.000002 48.000000000000007 292040998912.00006 180.00000000000003 6.0000000000000009 112.00000000000001 5.0290689468383798 1.5000000000000002 48.000000000000007 7.5000000000000009 5.5000000000000009 8.8349494934082049 6.0888803005218515 3.0677825212478642 16.500000000000004 100.00000000000001 4.5951199531555185 6.4873874187469491 11.182208061218263 1.0000000180025095e-35 40.000000000000007 25.500000000000004 180.00000000000003 5.397998809814454 20.000000000000004 5.1720471382141122 1.5000000000000002 3.6050398349761967 0.89587974548339855 62.000000000000007 3.0000000000000004 12.489189624786379 5.3792173862457284 11.658829212188722 6.070054531097413 2.6590600013732915 7.0000000000000009 96.000000000000014 2.5000000000000004 11.102906703948976 120.00000000000001 112.00000000000001 2.5000000000000004 2.4414010047912602 3.3576917648315434 1900.0000000000002 80.000000000000014 1.9944920539855959 192.00000000000003
decision_type=2 2 2 2 2 2 2 2 2 2 2 2 2 2 2 2 2 2 2 2 2 2 2 2 2 2 2 2 2 2 2 2 2 2 2 2 2 2 2 2 2 2 2 2 2 2 2 2 2 2 2 2 2 2 2 2 2 2 2 2 2 2
left_child=10 4 3 5 9 7 23 26 17 -2 11 15 46 42 30 58 -15 43 28 41 -18 25 32 39 -22 -11 -3 29 -10 -12 38 -6 -14 -34 -27 -21 -37 -38 -4 -7 -24 -20 -8 -9 -16 -25 -13 -36 -23 -35 -26 52 57 54 -45 -30 -57 -28 -1 60 -60 -19
right_child=1 2 14 -5 31 6 13 8 18 21 27 12 22 16 44 -17 20 61 19 35 24 48 40 45 50 34 51 -29 55 -31 -32 -33 33 49 47 36 37 -39 -40 -41 -42 -43 -44 53 -46 -47 -48 -49 -50 -51 -52 -53 -54 -55 -56 56 -58 -59 59 -61 -62 -63
leaf_value=0.081984413820329283 0.018774898683798801 -0.065886135356059874 -0.071373307377359724 -0.073595757704073825 0.037555920411590019 0.010122917269573499 0.033304146665390714 0.092897968682499832 -0.010038621753315498 -0.08081549762915112 0.098784286724452761 0.015795228784473734 0.018881309514170233 0.029402057894850443 0.069275217871495806 0.088566255226131776 -0.090164808486888071 0.1063482731491793 -0.072796234770707166 0.058686319171915836 -0.10883653631070443 -0.10067825548684591 0.044429497972084044 0.10075208734843613 0.019657967640469915 -0.049509684260146319 0.10555731861192524 -0.10257148490885699 -0.093477923118620479 -0.054314428325705204 0.047758198338051491 -0.048005164839347941 -0.10422876729881343 0.0050259832667912084 0.068798038027320749 -0.073621811010827307 0.057641829376043931 -0.052126799393313078 0.016350688581463067 0.036316952651209614 -0.065031238926741189 -0.016548669379785576 -0.097684326429081036 -0.037565035154933618 -0.083850378490792424 -0.030673392463589494 0.053739484862047521 -0.19777213170243257 0.69689612686233948 -0.063064253025266928 -0.027035579654393606 0.029093199712004747 -0.092781728398043967 -0.091229568537445974 0.018507144892992315 -0.057944545813776942 0.18067499173759227 -0.10830124852841241 0.016282971106103057 0.010162028979634346 0.068721755144878521 -0.015813074767915589
leaf_weight=47.448427652707323 41.280577460187487 28.8606238601933 39.939731523409137 138.60530634175848 59.886698784772307 435.55176579854742 10.283216378302312 16.985447082712199 55.219471186283045 213.04705677780294 147.64933215914061 147.35277991718613 521.29965537417593 158.22299624803418 486.06082475290714 179.77678189286962 66.816163572850201 49.727075986505952 150.75553606406902 53.75128743116511 22.664149896430899 695.21625050200964 16.12610394602234 66.760652271172148 126.97780042669547 67.046442197461147 10.528516392689196 6.2291510030772761 192.40251437172992 9.4533653091639263 75.847834815040187 47.138579348829808 22.545949338644277 179.04181740281638 25.30108058098995 39.512799381634977 53.498123177116213 25.722212571112323 51.818668693151267 539.63557790022242 83.04854035596145 77.073760951432632 84.790077813260723 59.723590164474444 6.6222276378248344 9.9303826619761804 349.73788399389741 2.1229261404660056 0.21121519012376566 34.562301646103151 116.9344706687807 446.99079936731141 20.698918146954384 16.665071391660604 125.62665660501807 138.34736813280324 2.3226473461254491 3.6484182743006377 90.995046074735001 194.49722305049363 112.1424741637893 9.6822349017020297
leaf_count=495 3076 2642 6173 172552 2520 44100 358 1989 4116 44902 2776 4158 36358 11037 13829 2093 62906 5718 26930 3060 3918 450587 4457 8774 22783 31385 523 2844 162945 151 8989 3689 5853 12349 2918 20405 11544 7569 6399 42779 58049 7719 21377 12831 503 11704 16698 262 77 2668 22740 51280 1948 5949 9895 41232 551 647 1169 3983 1647 3846
internal_value=7.40394e-06 -0.0129696 0.00530332 -0.00400659 -0.0766999 -0.00100768 0.0109755 -0.0134528 -0.029169 -0.0845479 0.031309 0.0271044 0.0167325 -0.0212115 0.0526068 0.0495743 -0.00916232 0.0189444 -0.046155 -0.0256337 -0.0274644 -0.0888006 0.00178471 0.0289279 -0.0117488 -0.062488 0.0193814 0.0822439 -0.0673116 0.0895719 0.00965952 -0.000128896 0.00820266 -0.0153704 -0.0211562 0.0115278 -0.00982111 0.0220008 -0.021833 0.0246178 -0.0472326 -0.0537679 -0.0835165 0.000634876 0.067217 0.0837344 0.0424917 0.0481625 -0.100436 -0.00599139 -0.00272748 0.0244884 -0.0345296 -0.0071226 0.000439557 -0.0768068 -0.0540046 0.0505211 0.0338247 0.028078 0.0452319 0.086439
internal_weight=7308.36 5166.46 4015.2 3354.92 1151.25 3216.31 1638.57 1577.74 1067.02 1044.23 2141.91 1978.57 1353.72 586.689 660.289 624.86 491.616 278.41 788.606 400.314 333.393 1002.94 856.624 1051.88 266.576 307.518 510.727 163.332 388.292 157.103 167.606 107.025 757.45 236.15 94.4704 172.484 118.733 79.2203 91.7584 975.187 99.1746 227.829 95.0733 219.001 492.683 76.691 497.091 27.424 695.427 213.604 243.912 481.867 34.8759 202.015 185.35 333.073 140.67 14.1769 445.083 397.635 203.138 59.4093
internal_count=1539424 1383676 844260 808367 539416 635815 252476 383339 326299 533207 155748 149977 140590 145119 35893 9387 123384 40228 286071 77227 112347 530131 119734 107357 49441 79467 57040 5771 208844 2927 21561 6209 57228 20870 34565 42578 39518 19113 12572 86879 62506 34649 21735 30664 14332 20478 20856 3180 450664 15017 45523 54398 3118 28675 22726 204728 41783 1170 7294 6799 2816 9564
is_linear=0
shrinkage=0.1


Tree=20
num_leaves=63
num_cat=0
split_feature=28 28 50 19 28 48 13 46 0 21 3 28 0 47 28 3 3 19 24 45 13 47 3 45 1 1 13 47 28 50 32 22 47 28 47 14 30 47 32 22 32 47 19 29 24 22 0 16 28 29 19 50 29 34 31 0 3 45 45 47 3 5
split_gain=245.214 520.226 128.487 113.773 57.8483 49.6463 47.9408 39.3064 45.4943 36.5392 32.7067 32.0642 25.1495 49.3862 34.8156 68.5591 54.7331 34.7506 32.2007 32.1359 29.2889 27.9972 23.0056 21.9186 21.387 19.087 31.8828 18.6887 17.0269 19.5607 16.8055 15.9527 15.8568 15.729 14.8342 23.2675 14.7828 14.5922 14.2654 13.9761 14.6956 14.1984 16.0577 14.0864 13.8539 12.6407 12.3666 18.9409 12.0177 14.4557 15.297 11.9245 12.7723 13.9375 11.7815 11.5298 11.4316 11.3106 11.6929 11.022 11.2356 10.9366
threshold=1.0000000180025095e-35 12.000000000000002 17.500000000000004 100.00000000000001 3.0000000000000004 1.0000000180025095e-35 1.2424533367156985 1.0000000180025095e-35 3.6941639184951787 112.00000000000001 4.7789824008941659 48.000000000000007 6.208071470260621 10.500000000000002 48.000000000000007 5.5169365406036386 4.7789824008941659 80.000000000000014 17137926144.000002 1.0000000180025095e-35 2.1383330821990971 6.5000000000000009 5.5169365406036386 1.0000000180025095e-35 5.8303320407867441 4.2844183444976816 4.1343660354614267 16.500000000000004 96.000000000000014 5.5000000000000009 56.000000000000007 7168.0000000000009 8.5000000000000018 96.000000000000014 26.500000000000004 6.4873874187469491 80.000000000000014 29.500000000000004 20.000000000000004 7168.0000000000009 20.000000000000004 2.5000000000000004 180.00000000000003 192.00000000000003 17137926144.000002 7168.0000000000009 5.1720471382141122 1.844439744949341 6.0000000000000009 112.00000000000001 180.00000000000003 5.5000000000000009 112.00000000000001 1.5000000000000002 120.00000000000001 4.4845800399780282 2.9621279239654545 3.5000000000000004 1.5000000000000002 16.500000000000004 4.4845800399780282 1.2424533367156985
decision_type=2 2 2 2 2 2 2 2 2 2 2 2 2 2 2 2 2 2 2 2 2 2 2 2 2 2 2 2 2 2 2 2 2 2 2 2 2 2 2 2 2 2 2 2 2 2 2 2 2 2 2 2 2 2 2 2 2 2 2 2 2 2
left_child=5 3 12 4 30 7 22 9 51 -1 -6 55 14 21 16 28 17 56 -17 36 -20 39 -5 34 27 26 -19 -7 -16 44 -2 -32 38 -23 35 -10 -18 -15 -22 40 41 42 -14 -41 -30 -35 47 -38 -8 -50 -51 52 -9 -54 -12 -4 -3 58 -13 60 -57 -56
right_child=1 2 11 6 10 24 48 8 23 -11 54 57 13 37 15 18 19 25 20 -21 32 33 -24 -25 -26 -27 -28 -29 29 -31 31 -33 -34 45 -36 -37 46 -39 -40 43 -42 -43 -44 -45 -46 -47 -48 -49 49 50 -52 -53 53 -55 61 59 -58 -59 -60 -61 -62 -63
leaf_value=0.02982186226230777 -0.086182761054720294 -0.049708851842597594 -0.093012908437909936 -0.073771438488439617 -0.068287022582766685 0.092095554545264843 -0.10125998316439136 0.010880881237966876 0.0086906888996584625 0.085249318724649165 0.0052252727576356621 0.035651632808788039 0.11573297908525859 -0.089296748471745069 0.01433722215118023 -0.090905020583161883 0.0093554411680922041 0.0013775434146908643 -0.09447914352074277 -0.063833773034316296 0.027100285503917101 0.064583886831428558 0.015752784738918321 -0.039727639181619832 -0.096889329598792637 -0.10036170372814057 -0.063364224794830837 -0.098618877438190478 -0.015237641549475206 0.099361251824918298 0.00078630950878732456 -0.0801036848032219 -0.073155937651087341 0.0099211898408670812 0.057629075974819269 -0.05499840414497599 -0.093339396482053388 0.017994316917998313 -0.022242492257519224 -0.023556721495817747 -0.075664909413690931 -0.070002761327370641 -0.012158858718168042 0.048090396241992156 0.039772202796116686 -0.16008297420213427 0.063467610115861009 0.063506175099841009 -0.095654283784141758 0.054138978820136935 -0.060262291593456897 0.1161791609969882 0.054724595237484977 -0.012718580522976211 0.020361091260560019 -0.067356064162587825 0.035293424967622521 0.034474058284184539 0.085080779233261239 -0.055381275550406554 0.041362572521324359 0.11278957460839617
leaf_weight=436.2405050683883 142.15867384686135 19.698955154439318 9.7767386980267457 52.85480226623622 55.839562102810305 163.68788364256034 583.93990946273152 140.60269190164399 632.5649555664495 163.51492830179632 203.00154129828297 58.583194755134173 10.529216085327787 103.51131153524511 474.70271119676181 57.19264524551545 294.14276201881148 124.68725902095321 35.812202081317082 48.098054377749577 161.36028116298985 77.916133717080811 62.823046904319199 117.00101481399906 6.6372379986569277 58.239453220638097 195.06467648637044 5.3047367808103436 50.962309023299895 50.696454054785136 58.807268132688478 41.646495861612493 25.767207303637406 23.177299419505292 53.353732258547097 63.081783523615741 14.095188659317502 14.445358541153835 91.997377970015805 54.182623774220701 55.113163295369304 40.459698871825822 145.22320744874378 55.600556879118813 450.3528740500733 5.3910568010178386 114.65715957097564 16.968038151331712 109.32046006448581 14.301545466838432 63.962116262824566 19.2842044725694 275.3934505347861 34.477495824161451 31.278171010490041 10.496222824556751 80.378075851178437 82.344017108089247 261.41591692511793 16.986106540234687 100.74165970124886 21.67188821232412
leaf_count=7283 52500 1948 1384 19507 10601 2833 432369 8983 50659 2041 31918 2720 577 137290 56102 10964 57830 10652 6481 42874 23519 4325 9275 46644 202 18647 39118 2749 4503 9858 2953 6668 27381 843 1150 23677 6754 1791 18891 10806 33379 3346 56460 3263 40571 632 14304 2095 103395 2010 34699 1760 4027 3607 2562 455 6662 2823 5692 4653 4855 1017
internal_value=-0.000234242 -0.0124412 0.00842917 -0.0629777 -0.0274395 0.0282856 -0.0851852 0.0236662 0.0141172 0.0449334 0.00105469 0.0532599 0.000218815 -0.0183355 0.00481291 0.014896 -0.00978775 -0.0338357 -0.0218767 0.0137726 -0.00934114 -0.00374909 -0.0251521 0.000524918 0.0791933 -0.0477084 -0.0381182 0.086109 0.0282242 0.0401663 -0.0640586 -0.0327494 0.00158221 0.0413117 0.00681275 0.00291531 0.0222587 -0.0761575 0.0091833 -0.0170367 -0.0300391 -0.0172235 -0.00351308 0.0127295 0.0341801 -0.0221598 0.0483045 -0.00766376 -0.0941862 -0.072166 -0.0393571 0.0391746 0.0358782 0.0472206 0.0161826 0.0116657 0.0185618 0.0675264 0.0760316 0.0196472 0.0311041 0.0581911
internal_weight=7043.52 4932.37 3490.77 1441.61 554.404 2111.14 887.202 1935.51 1335.76 599.755 311.791 540.344 2950.42 585.55 2364.87 1398.84 966.03 478.068 372.13 487.961 314.937 467.593 115.678 866.001 175.63 377.991 319.752 168.993 1026.71 552.012 242.612 100.454 279.125 106.484 749 695.647 439.863 117.957 253.358 361.108 251.325 196.212 155.752 109.783 501.315 28.5684 145.72 31.0632 771.524 187.584 78.2637 469.758 450.474 309.871 255.952 138.001 100.077 402.343 319.999 128.224 111.238 52.9501
internal_count=1539537 1383922 674448 709474 108219 155615 601255 149831 140507 9324 46098 22582 651866 252712 399154 198270 200884 77027 87236 123857 76272 113631 28782 122130 5784 68417 49770 5582 111034 54932 62121 9621 69791 5800 75486 74336 80983 139081 42410 107831 93762 60383 57037 14069 45074 1475 23153 8849 572473 140104 36709 18377 16617 7634 35497 11347 8610 11235 8412 9963 5310 3579
is_linear=0
shrinkage=0.1


Tree=21
num_leaves=63
num_cat=0
split_feature=28 28 20 48 48 18 28 46 46 0 21 3 28 46 32 14 46 30 30 47 15 47 3 18 19 8 42 36 38 32 18 46 23 28 0 3 27 1 47 15 47 3 28 19 0 22 19 18 1 28 29 22 30 15 15 46 18 47 18 38 28 46
split_gain=225.808 439.563 107.641 101.56 71.9169 55.2538 51.8185 42.5223 39.1056 42.7025 34.5244 27.32 23.2276 22.2406 22.1591 39.4368 41.6801 38.9671 24.3933 21.9829 21.1188 17.5129 16.7967 17.1417 34.2564 21.8649 16.8222 25.9706 15.0074 14.9118 14.3448 14.6833 14.246 13.9669 13.9306 15.6285 13.8814 13.872 13.846 13.7127 20.65 25.5746 37.6867 13.1708 13.0506 12.8203 12.5124 12.4604 12.2301 12.1721 13.5839 14.5692 11.5511 21.1446 11.2715 10.963 10.8855 10.8154 10.5137 10.2828 12.3645 10.215
threshold=-1.0000000180025095e-35 12.000000000000002 48.000000000000007 1.0000000180025095e-35 1.0000000180025095e-35 8.0407161712646502 3.0000000000000004 11.500000000000002 1.0000000180025095e-35 4.7789824008941659 112.00000000000001 4.7789824008941659 48.000000000000007 7.5000000000000009 20.000000000000004 5.7189338207244882 5.5000000000000009 56.000000000000007 112.00000000000001 6.5000000000000009 4.6510493755340585 16.500000000000004 5.3025121688842782 11.751240253448488 180.00000000000003 0.89587974548339855 1.5000000000000002 7.0000000000000009 1.5000000000000002 56.000000000000007 12.798708438873293 11.500000000000002 1900.0000000000002 48.000000000000007 6.2858872413635263 6.1414449214935312 1.0000000180025095e-35 4.5951199531555185 29.500000000000004 5.7189338207244882 12.500000000000002 4.1426305770874032 96.000000000000014 100.00000000000001 4.4845800399780282 7168.0000000000009 280.00000000000006 9.0558362007141131 4.8278014659881601 6.0000000000000009 112.00000000000001 7168.0000000000009 56.000000000000007 4.6510493755340585 3.6050398349761967 7.5000000000000009 8.5999870300292987 8.5000000000000018 12.412114620208742 3.5000000000000004 48.000000000000007 8.5000000000000018
decision_type=2 2 2 2 2 2 2 2 2 2 2 2 2 2 2 2 2 2 2 2 2 2 2 2 2 2 2 2 2 2 2 2 2 2 2 2 2 2 2 2 2 2 2 2 2 2 2 2 2 2 2 2 2 2 2 2 2 2 2 2 2 2
left_child=4 2 6 7 8 -4 29 14 10 30 32 -8 34 38 15 39 19 20 22 -17 -16 37 23 -19 28 33 -24 46 -25 -2 36 -32 -1 -26 35 -5 -10 -6 52 40 41 42 48 -20 -14 -31 59 -44 -3 -7 -51 -52 53 -11 -15 58 -47 -21 -41 -28 -61 -13
right_child=1 3 5 12 21 49 11 -9 9 13 -12 61 44 54 17 16 -18 18 43 57 -22 -23 26 24 25 -27 27 -29 -30 45 31 -33 -34 -35 -36 -37 -38 -39 -40 55 -42 -43 47 -45 -46 56 -48 -49 -50 50 51 -53 -54 -55 -56 -57 -58 -59 -60 60 -62 -63
leaf_value=0.081797187707831898 -0.083453585487694798 -0.015513195408120959 -0.010330578088829027 -0.052427371552007995 0.096213605311447292 -0.099881604180159012 -0.06514920131036607 -0.063469476770542793 -0.10005313091614616 0.017336471179680239 0.083203582772754081 0.019032459798108477 -1.132596161752091e-05 0.050347676961844993 -0.025898104421881441 -0.02074226077961671 -0.074540971911176965 0.039140907761792451 -0.0098019502256696429 0.056778395700361667 -0.091680511732014663 -0.095994830803244724 -0.063972767229678748 -0.010373151414087373 -0.088200940241284317 0.022965287040751653 0.063795510926880766 -0.063197669771781442 0.057146546689385069 -0.0021174749873404098 0.064920639268765665 -0.11027165258559163 0.022116186705376437 -0.022620301694513685 0.044819143550510865 0.04072960131484496 0.02494739003044897 -0.056604799809492595 0.056994946585175454 -0.1239352037883934 0.062896440130102177 0.033752562360572121 -0.041734479285158416 -0.086644586896463968 0.06584771427859025 0.24169292143294296 -0.04842459050627386 0.058465383912310445 -0.074688362862168886 -0.094012849290579931 -0.05964946001350107 0.049758252315325678 0.006025961405250236 -0.055473578711266881 -0.068792748091230177 -0.072907881965612473 -0.085707231449144106 -0.0053466481208639931 0.0098197331449392314 0.045031116949012774 -0.050327038822902619 -0.080436876601529053
leaf_weight=44.560919479001313 131.69794673562865 157.28109821656108 92.363525784458034 46.510032558595412 177.40265866008122 546.68354416715192 51.336740557224402 103.28622185332461 9.0578343875240517 68.135785070888232 154.92292193789035 243.76643198006786 32.918061195054179 8.9595808397280035 223.33144389570225 178.58541683639487 94.584251203315944 204.23092005678336 44.757252409312059 77.750377832155209 62.450414146987896 5.1434268222183155 55.633182972756913 44.755223559448496 42.39874051255174 87.247396342718275 58.616557640722021 49.577749284304446 124.47176062787184 58.133883337024599 137.00132190979639 4.9571436014957717 390.4525379652332 138.74557241429284 73.048212795381914 29.388040235044173 463.02693381375138 6.1458095172420135 41.438486312516034 6.1603471044218159 124.65003188999253 469.34268298160168 14.35022214357741 44.464615026285173 350.02713317770576 1.0441283342661325 21.587858880797285 91.825550087189185 44.895692570367828 102.36279995249424 63.862653754071289 15.037281415025062 416.25673660745088 96.198831337896991 69.831199617146922 21.736901819309423 37.07597337293555 43.814071110828081 127.64064375412636 31.373300763545558 23.999096729239682 10.780846232308248
leaf_count=500 52500 14383 14374 5222 2784 443257 10601 137995 452 5265 2041 26183 1680 2677 31473 39731 115080 9322 5978 3316 28885 2850 9675 1557 10151 4088 1973 6033 6817 2953 4828 834 6783 10155 6337 2782 25774 150 874 1221 40526 57850 695 24440 12616 206 3135 6345 7065 105243 36300 2081 29181 15607 55015 34988 6462 8057 18112 3400 3365 9314
internal_value=-0.000208034 -0.0123767 -0.0604467 0.00708082 0.0271088 -0.083191 -0.0254972 -0.000494819 0.0212753 0.0116778 0.0426663 0.0013984 0.0471537 -0.00519093 0.00190511 0.0103185 -0.0166552 -0.0078127 0.00173253 0.00158593 -0.0402732 0.0859969 0.0067696 0.0152189 0.00405482 -0.0181616 -0.0157531 -0.00126455 0.0392897 -0.0615879 0.0309304 0.058803 0.0282297 -0.0379701 0.013646 -0.0163566 0.022549 0.0910967 0.00114926 0.0203834 0.0251103 0.0190539 -0.00331893 -0.0480973 0.0601865 -0.0316706 0.0213832 0.0449228 -0.0286537 -0.0924357 -0.0699789 -0.0387978 -0.00283661 -0.0252854 -0.0552449 -0.0070393 -0.0767396 0.0343874 0.00366151 0.0346037 0.00370169 0.0148196
internal_weight=6793.07 4699.58 1354.15 3345.44 2093.49 820.31 533.836 2813.54 1904.8 1314.86 589.936 305.884 531.891 700.821 2710.26 1452.62 394.734 1257.64 971.859 300.15 285.782 188.692 882.637 641.85 437.619 268.392 240.788 185.155 169.227 227.952 614.043 141.958 435.013 181.144 148.946 75.8981 472.085 183.548 622.03 1057.88 902.345 777.695 308.353 89.2219 382.945 96.254 135.577 106.176 202.177 727.946 181.263 78.8999 580.591 164.335 78.7908 155.538 38.1201 121.564 133.801 113.989 55.3724 254.547
internal_count=1539537 1383922 709474 674448 155615 601255 108219 645811 149831 140507 9324 46098 28637 108619 507816 347369 166184 160447 100089 51104 60358 5784 69671 42090 32768 24394 27581 17906 8374 62121 31888 5662 7283 20306 14341 8004 26226 2934 50927 181185 126864 86338 28488 30418 14296 9621 11873 7040 21448 586881 143624 38381 50053 20872 57692 54321 6668 11373 19333 8738 6765 35497
is_linear=0
shrinkage=0.1


Tree=22
num_leaves=63
num_cat=0
split_feature=28 28 48 48 19 46 1 46 0 0 21 28 19 18 14 50 28 28 36 45 46 29 14 18 42 15 28 0 13 24 47 3 18 47 0 47 38 22 23 31 35 15 27 42 36 29 32 28 13 19 14 47 14 26 27 1 47 27 18 46 50 45
split_gain=196.235 373.146 83.9773 83.6638 52.6456 50.3235 49.702 36.7799 34.5721 33.6957 32.7603 32.3798 69.6733 46.4885 35.2126 31.4229 25.0508 23.4035 21.9716 20.6491 20.1151 20.06 23.1649 19.6433 18.9212 17.9016 17.0069 16.9211 15.7509 15.5394 15.1606 15.1201 14.8039 13.8645 26.2147 19.3987 17.3591 13.5922 13.109 12.7136 12.3461 12.2724 12.2577 11.7293 17.8426 16.121 12.0164 11.2251 12.5704 10.8606 12.1847 10.855 16.6481 10.5949 14.9072 14.4374 10.5138 10.4683 10.2443 10.2109 10.0826 14.8628
threshold=-1.0000000180025095e-35 6.0000000000000009 1.0000000180025095e-35 1.0000000180025095e-35 100.00000000000001 11.500000000000002 3.2059091329574589 1.0000000180025095e-35 3.6941639184951787 5.5169365406036386 112.00000000000001 24.000000000000004 80.000000000000014 9.671854496002199 5.5169365406036386 5.5000000000000009 24.000000000000004 3.0000000000000004 1.5000000000000002 1.0000000180025095e-35 5.5000000000000009 112.00000000000001 5.3393952846527108 12.489189624786379 6.0000000000000009 5.3792173862457284 96.000000000000014 4.7447810173034677 3.0201274156570439 17137926144.000002 16.500000000000004 5.5169365406036386 11.182208061218263 2.5000000000000004 2.7361353635787968 8.5000000000000018 3.5000000000000004 5120.0000000000009 1900.0000000000002 88.000000000000014 1.5000000000000002 5.1720471382141122 5.5000000000000009 6.0000000000000009 7.0000000000000009 112.00000000000001 6.0000000000000009 96.000000000000014 4.8278014659881601 80.000000000000014 1.9944920539855959 26.500000000000004 6.4873874187469491 1.0000000180025095e-35 7.5000000000000009 3.8026961088180546 16.500000000000004 7.5000000000000009 12.308295249938967 11.500000000000002 4.5000000000000009 1.0000000180025095e-35
decision_type=2 2 2 2 2 2 2 2 2 2 2 2 2 2 2 2 2 2 2 2 2 2 2 2 2 2 2 2 2 2 2 2 2 2 2 2 2 2 2 2 2 2 2 2 2 2 2 2 2 2 2 2 2 2 2 2 2 2 2 2 2 2
left_child=3 4 5 7 9 11 -6 10 32 -2 38 12 23 24 15 18 -4 31 33 51 26 -15 -23 -3 -14 -17 -16 41 -28 -30 -5 -11 -9 34 40 -35 -36 -31 -1 43 47 -18 59 44 45 -20 -47 48 -13 50 -40 52 -10 -51 55 -55 -29 -12 -48 60 61 -34
right_child=1 2 16 30 6 -7 -8 8 19 17 57 14 13 21 20 25 27 -19 39 -21 -22 22 -24 -25 -26 -27 28 56 29 37 -32 -33 42 35 36 -37 -38 -39 49 -41 -42 -43 -44 -45 -46 46 58 -49 -50 53 -52 -53 -54 54 -56 -57 -58 -59 -60 -61 -62 -63
leaf_value=0.078801169620068959 -0.077539114271340498 0.023689395038323263 -0.016172228275227057 0.091566227646334 0.016891268431672723 -0.067710762605329863 -0.096405672787528318 0.0020688063505258617 0.0048318000192525395 -0.088273038226899192 0.088875705968344654 0.015852021233927038 -0.0016696335607084706 -0.080618295886623947 0.0035076268777738603 0.0826085322539373 -0.058852058215690908 0.021994354164939878 -0.008699460475219056 -0.044055398886462642 -0.0677224664583298 -0.057707440028119755 0.018114986005017313 -0.089181584638466135 0.1115009629365761 -0.041377665045303838 -0.11994235978937609 0.059186824169314645 -0.098806886239802078 -0.03316502772661252 -0.091656885017485756 -0.015294035760635455 0.053383189772007511 0.041498712227781002 -0.077916007196005582 -0.026262017725050942 -0.0032593056120010784 0.036647257782857205 0.0097364167755542713 -0.016737539982792614 -0.062189848444884399 0.046552252390382194 -0.058528331033183383 0.039879745354861496 -0.074945170387370308 -0.021358229474371698 0.052848460470879113 0.037380503634240565 -0.044609087050897583 0.048998472740394573 0.059641902334951327 0.048940802003482775 -0.050651634932451894 -0.010862946882015632 0.05063381848166737 -0.10864109076519841 -0.057666254258649755 -0.0065009480297776208 0.016220942987884294 -0.069756901873767097 0.11356096553796791 -0.0092865362912605675
leaf_weight=42.194305170327425 137.00765718879848 305.79367275612458 66.195092766420203 192.51519162510522 41.838930990430526 117.31774820177998 519.43784874662924 125.0464469831204 618.7349765279032 46.799589968853979 133.67475906200707 88.929655551328324 81.845542488488718 192.57053146225735 355.9693571266871 89.897123750233732 23.144292648081318 97.989450657529233 153.72974270184204 105.68580503919657 65.359088464869274 134.08022663457814 57.604725897461321 16.237536800792441 18.027498708717758 13.378110277699305 19.339467546436936 372.6688896343403 23.444584265162121 84.608698235635529 4.6244985730518229 72.168451605459268 248.27703870853293 117.43531949684257 88.45802980830922 65.98976506317922 48.069859210168943 41.600912088353653 90.954728862765478 88.004451388143934 26.577748208073899 21.13204506457987 11.614890644850673 278.70288847085612 21.393492830065952 40.114402643637732 174.32576842582785 90.341317517450079 56.06723715015687 39.772651500999928 105.86978509648179 48.528402688447386 59.25963386352305 100.2120426951733 32.779117308542482 17.780286375433207 7.8622582320822394 12.591810950078068 135.88110463920748 7.4401598171534706 22.316130980718299 44.648464970028726
leaf_count=500 33084 36429 14381 2934 3094 172621 451068 3682 50659 23986 1753 5048 12788 144975 62050 13424 1853 14111 21916 46644 94759 34400 22753 1699 3058 17588 3554 9726 5091 19951 2850 13969 7037 5936 17529 28316 2991 2357 1172 27968 4294 1057 1242 19398 7160 1951 5595 4040 3550 337 1658 1150 23677 1927 1317 372 8815 288 5589 1888 1509 3019
internal_value=-0.000212212 -0.0119289 0.00263105 0.0253114 -0.0689142 -0.00347132 -0.0879602 0.0187707 0.00939979 -0.0387132 0.039789 -0.000937022 -0.0180476 -0.0420244 0.00542657 0.0132239 0.0410483 -0.0141948 0.00948784 -0.00275532 -0.0154073 -0.0578225 -0.0349215 0.0179982 0.0187581 0.0665476 -0.00889394 0.0499646 -0.0350167 -0.0240419 0.0872682 -0.0440025 0.0314217 -0.00562985 -0.0161032 0.0171208 -0.0516303 -0.0101537 0.0258707 0.0193477 0.00241583 -0.00854508 0.0424013 0.0232968 0.014501 0.0182974 0.0301443 0.00971202 -0.00752701 0.0201052 0.03658 0.00325251 -1.76899e-05 0.00308728 -0.00902383 -0.0255972 0.0567725 0.0806649 0.0368044 0.0460343 0.0487671 0.0438309
internal_weight=6561.86 4497.34 3582.1 2064.52 915.242 3091.1 561.277 1867.38 1291.55 353.965 575.829 2973.78 806.16 484.129 2167.62 1577.3 491.003 216.957 1474.02 832.209 590.322 384.255 191.685 322.031 99.873 103.275 524.963 424.807 168.994 149.654 197.14 118.968 459.343 581.869 398.444 183.425 136.528 126.21 429.563 892.152 261.916 44.2763 334.297 804.147 525.445 504.051 350.321 235.338 144.997 387.369 196.825 726.523 677.995 190.544 150.771 117.992 380.531 146.267 310.207 322.682 315.242 292.926
internal_count=1539537 1383922 844610 155615 539312 808778 454162 149831 140507 85150 9324 636157 256102 217974 380055 192293 35832 52066 161281 122130 187762 202128 57153 38128 15846 31012 93003 21451 30953 27399 5784 37955 18377 71704 37452 34252 20520 22308 7283 89577 16932 2910 14695 61609 42211 35051 13135 12638 8598 6783 2830 75486 74336 3953 3616 2299 18541 2041 11184 13453 11565 10056
is_linear=0
shrinkage=0.1


Tree=23
num_leaves=63
num_cat=0
split_feature=48 45 46 50 0 36 47 46 27 15 21 15 27 14 47 16 33 31 24 37 36 13 36 34 13 36 27 38 47 49 47 22 27 3 39 15 45 44 1 34 1 27 22 0 50 3 16 47 49 30 15 15 27 37 36 15 36 20 24 15 34 22
split_gain=172.484 139.267 87.108 58.4958 70.826 50.7835 43.1715 38.7239 31.6727 29.5496 28.546 23.1476 20.4473 19.8233 14.9626 14.006 39.1411 38.709 36.7789 29.5159 24.4977 20.0513 19.2658 18.2252 16.2494 13.2849 13.266 15.2564 13.7666 24.5829 18.7435 14.1553 12.7427 12.3383 11.5621 11.382 11.2053 16.6331 10.9194 10.7522 10.5652 10.5134 10.3436 12.684 10.2201 10.0788 10.0088 9.95223 12.5885 9.77525 77.439 38.516 12.5148 18.3659 16.4832 13.8879 13.1262 17.4574 12.2047 11.6929 12.537 9.56892
threshold=1.0000000180025095e-35 1.0000000180025095e-35 1.0000000180025095e-35 5.5000000000000009 4.8278014659881601 2.5000000000000004 16.500000000000004 7.5000000000000009 5.5000000000000009 4.8278014659881601 112.00000000000001 3.6050398349761967 1.0000000180025095e-35 2.8888261318206792 13.500000000000002 1.2424533367156985 6.0000000000000009 56.000000000000007 137422176256.00002 3.0000000000000004 1.5000000000000002 5.4457051753997812 1.5000000000000002 7.0000000000000009 2.8617925643920903 7.0000000000000009 1.5000000000000002 1.5000000000000002 6.5000000000000009 4.5000000000000009 25.500000000000004 7168.0000000000009 7.5000000000000009 6.9047427177429208 1.5000000000000002 3.6050398349761967 2.5000000000000004 1.0000000180025095e-35 3.8026961088180546 2.5000000000000004 3.8026961088180546 3.5000000000000004 7168.0000000000009 3.026044607162476 10.500000000000002 3.6941639184951787 0.89587974548339855 9.5000000000000018 8.5000000000000018 80.000000000000014 4.4845800399780282 4.4845800399780282 4.5000000000000009 3.0000000000000004 3.5000000000000004 4.7789824008941659 3.5000000000000004 48.000000000000007 137422176256.00002 5.3025121688842782 3.5000000000000004 7168.0000000000009
decision_type=2 2 2 2 2 2 2 2 2 2 2 2 2 2 2 2 2 2 2 2 2 2 2 2 2 2 2 2 2 2 2 2 2 2 2 2 2 2 2 2 2 2 2 2 2 2 2 2 2 2 2 2 2 2 2 2 2 2 2 2 2 2
left_child=1 2 10 5 14 45 11 8 12 -9 61 -2 13 -4 -5 18 -17 24 23 -20 -21 39 -19 25 -18 26 27 -14 40 31 47 -30 -12 -32 -24 -6 37 -13 -10 -22 -28 -27 43 -7 -35 -3 -40 -31 -49 51 -51 -36 56 55 -55 -54 58 -58 -53 60 -52 -1
right_child=6 3 7 4 35 42 -8 9 38 -11 32 36 15 -15 -16 16 17 22 19 20 21 -23 34 -25 -26 41 28 -29 29 30 33 -33 -34 44 49 -37 -38 -39 46 -41 -42 -43 -44 -45 -46 -47 -48 48 -50 50 59 52 53 54 -56 -57 57 -59 -60 -61 -62 -63
leaf_value=0.010227595880298909 -0.023266477865942995 -0.062661857059094925 -0.012518527214982087 -0.0064999523440367043 0.039532021554861602 -0.021361829858782447 -0.082734557412867726 0.00084498152952558784 -0.076064461340937917 -0.075890204853147639 0.086540051612537208 0.034959929313824224 -0.00067634917290518249 -0.10115915241690553 0.0783567977284855 -0.044071459549926729 0.008693525741975008 -0.004313610257018932 -0.064708812527674311 -0.059492386873058356 0.024889786507918944 -0.028267891686035159 -0.075284713357473276 -0.058665700629840979 -0.053634564443117906 -0.13999983080784453 -0.024594445949783841 0.073643206263175096 0.064155556475596259 -0.088328107254743007 0.028766063473651737 0.0035962541514512033 0.01207399016560161 0.0031955725705705429 0.032954010944819097 -0.066645495956519349 0.04386701760310352 0.086311016131663393 0.0031817534959861227 -0.052916041928531436 0.014170236995507183 -0.018152338116399706 0.0094536620253454912 -0.07423278946530773 -0.26547863630997831 -0.09733207260436047 -0.065061752431547479 -0.0012352993263458512 -0.081232687665629785 -0.056018428457727115 0.074912396964627759 0.10118818805259691 0.02268165722746833 -0.10370729676604931 0.05979007781974275 -0.04889293865885333 -0.019658278272820684 -0.099698348437114184 -0.014426438363851872 0.089801078131791723 0.020742883146777778 0.038628100728428941
leaf_weight=258.23166739926819 38.174563074775506 137.20071282428398 74.815192736117751 27.635543900141784 11.244818768231196 153.43537410939462 24.564921505570965 81.823203954663768 68.696586355479667 129.77997912406772 125.16692572366446 90.273483311770178 46.594071765299304 38.066779663073248 83.758860200880008 142.30284876396763 62.955490183478105 388.35367561539169 145.33735677595905 92.196644319912593 197.82522968442208 165.81311920361622 12.321472446208643 42.785875282817869 124.64191136986483 7.7361077778550671 187.44623054169642 67.833949001258588 129.97262141213287 20.392911389229994 169.17213798496232 54.901048555737361 28.147488606799016 3.0662269552994976 569.55595797344722 98.830412408951815 316.86092213922348 209.37469769845848 55.587820097251097 19.513271360934596 112.50819300568037 83.657020627415477 61.462287586866296 64.428967966712662 2.6303313200478442 215.62428143040597 35.036988564563217 125.01535574386071 23.343976155454584 71.138266275920614 79.862721013458213 12.624993750156134 48.349543193966383 6.7434621935681198 72.038942872051848 61.709471897731419 85.918272005801555 39.906643679118133 32.989166076062247 94.025178286959999 91.878478938422631 219.45397520405095
leaf_count=15512 2801 48659 3967 14061 7345 12914 30823 61733 53966 240018 1753 6110 4034 7828 17623 17900 9258 28053 75785 26479 20488 60733 4278 9339 19266 1283 35604 2669 6154 5937 14264 5847 2547 228 32029 180579 18523 6116 14391 4992 8746 10903 6476 30503 227 239121 12979 25122 7137 10313 5116 520 5279 2394 3607 7977 4521 6583 2694 6114 8647 2669
internal_value=-0.000202302 -0.00591325 0.000692901 -0.0431367 0.00108988 -0.0586311 0.0474149 -0.00453645 -0.00231327 -0.0462181 0.0353249 0.0522983 -0.000485634 -0.0424105 0.0573049 0.000795147 0.00647137 0.0103486 -0.00588267 -0.0252713 -0.0132133 -0.00207731 0.015194 0.0052906 -0.032718 0.00793635 0.0114649 0.0433809 0.00705651 0.0167681 0.000948503 0.0461716 0.0728686 0.0238917 0.0211169 -0.0557989 0.0569773 0.0708407 -0.0459955 0.0179042 -0.0100544 -0.0284663 -0.0267764 -0.0369973 -0.120862 -0.0838501 -0.0232023 -0.0228263 -0.0138227 0.0220546 0.0366485 0.0167669 -0.00882282 0.00893532 0.0457953 -0.0174498 -0.0283835 -0.0450438 0.0175731 0.0614528 0.0459327 0.0232751
internal_weight=6342.73 5663.49 4809.86 853.621 221.47 632.152 679.249 4178.86 3967.26 211.603 631 654.684 3807.94 112.882 111.394 3695.06 1997.32 1855.01 1697.74 620.686 475.348 383.152 1667.42 1077.06 187.597 1034.27 942.877 114.428 828.449 528.495 343.621 184.874 153.314 174.869 1279.06 110.075 616.509 299.648 159.321 217.339 299.954 91.3931 279.327 217.864 5.69656 352.825 90.6248 168.752 148.359 1266.74 336.905 929.836 360.28 188.841 78.7824 110.059 171.439 125.825 45.6142 265.766 171.741 477.686
internal_count=1539537 1475164 917883 557281 219608 337673 64373 895402 593651 301751 22481 33550 512315 11795 31684 500520 174549 156649 325971 188477 112692 86213 128125 137494 28524 128155 115969 6703 109266 64916 52915 12001 4300 14719 100072 187924 30749 12226 81336 25480 44350 12186 49893 43417 455 287780 27370 38196 32259 95794 30190 65604 33575 19257 6001 13256 14318 11104 3214 19877 13763 18181
is_linear=0
shrinkage=0.1


Tree=24
num_leaves=63
num_cat=0
split_feature=28 28 48 48 19 1 46 42 28 3 19 18 0 28 46 0 21 19 24 28 45 28 18 50 29 3 38 34 16 18 28 3 31 18 18 23 42 47 8 0 42 39 28 18 19 4 34 19 19 14 39 0 29 13 27 31 47 47 0 47 14 18
split_gain=156.055 316.045 70.2035 60.3396 51.1763 45.7161 36.5035 32.0493 44.4952 48.5203 46.0437 55.2865 30.3992 26.9506 25.1724 32.1432 28.6582 24.2178 31.2141 21.9084 17.878 17.863 16.6737 15.43 15.1589 14.3503 14.179 14.0136 13.3565 19.0595 27.3534 13.1976 12.9712 12.1004 12.0719 11.7063 11.4731 11.0943 11.0542 11.0073 10.8392 10.7691 13.4502 10.602 10.3093 10.1779 10.1247 9.92189 10.1311 10.0182 9.84839 9.80084 9.41707 9.35188 9.1277 8.68079 8.66916 13.8942 26.8821 13.9498 11.3668 11.3006
threshold=1.0000000180025095e-35 6.0000000000000009 1.0000000180025095e-35 1.0000000180025095e-35 100.00000000000001 2.9388679265975957 11.500000000000002 6.0000000000000009 48.000000000000007 4.8278014659881601 180.00000000000003 10.198766708374025 5.5169365406036386 48.000000000000007 1.0000000180025095e-35 4.1426305770874032 112.00000000000001 180.00000000000003 17137926144.000002 96.000000000000014 1.0000000180025095e-35 3.0000000000000004 12.489189624786379 1.0000000180025095e-35 192.00000000000003 4.7789824008941659 1.5000000000000002 1.5000000000000002 1.844439744949341 12.412114620208742 96.000000000000014 5.5169365406036386 88.000000000000014 12.798708438873293 11.658829212188722 1900.0000000000002 -1.0000000180025095e-35 16.500000000000004 0.89587974548339855 4.8278014659881601 3.0000000000000004 1.5000000000000002 48.000000000000007 9.671854496002199 62.000000000000007 2.6590600013732915 3.5000000000000004 80.000000000000014 280.00000000000006 1.9944920539855959 1.5000000000000002 4.4845800399780282 112.00000000000001 1.7005987167358401 5.5000000000000009 120.00000000000001 31.500000000000004 13.500000000000002 6.4873874187469491 21.500000000000004 4.7447810173034677 10.139877796173097
decision_type=2 2 2 2 2 2 2 2 2 2 2 2 2 2 2 2 2 2 2 2 2 2 2 2 2 2 2 2 2 2 2 2 2 2 2 2 2 2 2 2 2 2 2 2 2 2 2 2 2 2 2 2 2 2 2 2 2 2 2 2 2 2
left_child=2 4 14 6 12 -6 7 8 10 19 22 36 -2 25 16 34 35 18 44 33 -17 31 27 24 43 -5 -19 56 29 30 32 -14 -9 -10 -16 -1 -12 -4 -13 -27 52 -8 -43 -21 -11 -7 54 49 -49 -37 -30 -15 -28 -54 -36 -38 57 60 59 -59 61 -3
right_child=1 3 37 13 5 45 41 28 9 17 11 38 21 51 15 20 -18 26 -20 23 -22 -23 -24 -25 -26 39 40 -29 50 -31 -32 -33 -34 -35 46 47 55 -39 -40 -41 -42 42 -44 -45 -46 -47 -48 48 -50 -51 -52 -53 53 -55 -56 -57 -58 58 -60 -61 -62 -63
leaf_value=0.074437388140998872 -0.07477176910463719 0.063754578254916483 0.087338382786724358 -0.080420265608126942 0.02839271727741971 -0.094591428197884589 -0.082171040387311323 0.062223026232843009 0.012277809697796786 0.040809615823591487 0.087378888234016586 -0.077548803154657175 -0.084578504093725193 -0.0038164370592601547 0.0044773152863739011 0.002151690024412282 0.076366614005619116 -0.078670792065506506 0.024028544497412103 -0.080879948720521011 -0.046151130655905578 0.019250643847817314 -0.087104706353405059 0.085180997841106762 0.05127146514861828 -0.088699014598254092 -0.060300068832854242 -0.068961803926663484 -0.050809142351973938 -0.022840588542912516 -0.066581933809496133 -0.013106845765731241 -0.0016057077689154418 -0.040357256614749301 0.049660198333933252 0.0089078548019727172 0.0021518544296502966 -0.084632530471618492 -0.036914444731252688 0.021972349762215661 -0.07233619542486748 -0.069606085298480919 0.063149556708030255 0.015681014317156655 -0.083381747330481995 0.41727386502739255 -0.011634727469082498 -0.092596066332520821 0.0063662174216352341 0.054815593626714842 0.032598386736609114 0.058846949453235743 -0.13342541812101361 0.015444157003682386 -0.05293832060475382 -0.085659412388752382 0.064721144542873491 -0.043947749516822926 -0.096411877825604425 0.063150768570140389 0.028679672733893449 -0.028549664035454881
leaf_weight=39.146279796492308 124.00973516068188 15.923560395975072 172.14793242898304 18.979092096276872 32.5419769132277 469.56045749719306 72.24523500194482 101.46409308804141 250.84932091458904 7.8882085989462203 14.805508109042419 247.50391730443334 41.044132424391137 27.391846305108629 129.78801224625204 665.3563833959779 128.97161461925134 73.193923036211345 174.98467509381589 12.330370155163108 86.598548632988241 96.581783723340777 20.736861167268216 60.929756640398409 168.20245982955385 9.7725162172864639 27.206195394588576 24.398891586344689 14.686856544736655 156.32506810236373 27.401788318631588 69.727785483148182 46.396653720279573 52.884595274445019 282.93745957043575 90.613755938684335 143.34639623218391 3.8349335683087693 91.772352504136506 111.79636930595916 36.111221100552939 17.509057816674616 13.528459919742089 146.07789426206728 43.789325293997535 0.38878237351309408 33.364088017202448 10.997935056839195 174.15713036115631 99.988318104587961 391.99626918736612 281.07903973708744 4.458582910563563 78.776488361821976 8.9453451896551979 12.21745302081399 26.181232180737425 21.272192707994691 35.774152931058779 28.397394480118237 204.58188124350272 79.398609273608599
leaf_count=500 33084 1343 2934 3728 2220 451867 113104 8122 24865 431 1669 201054 23986 1680 4152 74107 2041 82389 13008 897 45571 14111 2548 8019 6687 1418 18764 5460 4433 58615 4519 13969 10105 4007 13749 1172 19887 2850 14470 16390 7224 35679 23838 12365 19189 75 1846 524 3429 1658 34823 12616 374 6241 1082 5476 1189 10787 9157 3550 26706 7784
internal_value=-0.000203523 -0.0109521 0.0233839 0.00259792 -0.0661131 -0.0862308 -0.00260754 -0.000485434 -0.00677561 0.00662677 -0.0225549 -0.0432178 -0.035606 0.0367455 0.0173324 0.00928352 0.0351947 -0.0190719 0.00386174 0.0232224 -0.00341108 -0.0121826 0.000505286 0.0389828 0.0303645 0.000450471 -0.0427272 0.00467285 0.0174409 0.00254498 0.0251876 -0.0395891 0.0421945 0.00311326 0.0302616 0.0223965 0.00326121 0.0835909 -0.0665574 0.0130758 -0.0247757 -0.0610062 -0.0117413 0.00816479 -0.0644248 -0.094168 0.0405507 0.0169749 0.000488005 0.0329907 0.0295862 0.0532825 -0.0092247 0.00746979 0.0465159 -0.00474454 0.00903853 0.00525535 -0.0303194 0.0172833 0.0153907 -0.0131302
internal_weight=6155.27 4228.42 1926.85 3394.57 833.855 502.491 2945.55 2842.26 2103.99 1137.68 966.31 509.646 331.363 449.019 1750.86 1206.99 543.875 446.409 226.662 691.274 751.955 207.354 456.665 387.54 326.611 140.548 219.746 435.928 738.271 331.588 175.263 110.772 147.861 303.734 455.035 414.903 170.369 175.983 339.276 121.569 146.552 103.283 31.0375 158.408 51.6775 469.949 325.247 375.757 185.155 190.602 406.683 308.471 110.441 83.2351 291.883 155.564 411.529 385.348 85.4437 49.6696 299.904 95.3222
internal_count=1539537 1383922 155615 844610 539312 454162 808778 636157 515540 204460 311080 242556 85150 35832 149831 140507 9324 147620 32628 56840 119678 52066 68524 27968 19949 21536 114992 65976 120617 81361 22746 37955 18227 28872 20829 7283 27032 5784 215524 17808 32603 172621 59517 13262 19620 451942 16677 6783 3953 2830 39256 14296 25379 6615 14831 25363 60516 59327 23494 14337 35833 9127
is_linear=0
shrinkage=0.1


Tree=25
num_leaves=63
num_cat=0
split_feature=48 45 28 28 28 28 47 1 28 28 52 15 42 38 28 19 18 15 1 47 0 46 21 13 27 29 24 19 38 31 44 15 1 16 18 28 31 47 38 28 29 47 0 47 18 37 31 32 18 22 22 22 31 49 13 28 34 29 19 42 49 26
split_gain=129.953 107.611 80.7052 75.5322 138.58 47.8707 33.7627 33.5416 28.2166 36.2167 26.3886 23.9541 23.07 31.8308 24.5035 30.7181 50.2949 22.9319 19.5011 18.2344 17.3618 16.8999 25.9561 23.6823 17.0076 14.61 14.0137 28.5565 17.0437 13.9524 13.9256 13.8972 13.8363 13.6341 27.3746 21.3346 14.2878 13.0936 13.0667 12.9282 12.5303 15.7109 12.063 12.0227 11.8462 11.2721 31.1296 18.9493 13.5668 10.729 11.5283 10.6955 13.9194 10.6064 16.8894 10.4394 10.3945 10.6227 10.3633 10.1201 14.1893 11.5032
threshold=1.0000000180025095e-35 1.0000000180025095e-35 48.000000000000007 -1.0000000180025095e-35 3.0000000000000004 1.0000000180025095e-35 16.500000000000004 2.9388679265975957 1.0000000180025095e-35 24.000000000000004 1.0000000180025095e-35 4.2324235439300546 6.0000000000000009 6.5000000000000009 48.000000000000007 180.00000000000003 10.853415489196779 4.4845800399780282 3.8026961088180546 13.500000000000002 4.8278014659881601 1.0000000180025095e-35 112.00000000000001 5.6476397514343271 1.0000000180025095e-35 112.00000000000001 17137926144.000002 180.00000000000003 1.5000000000000002 120.00000000000001 1.0000000180025095e-35 4.2324235439300546 4.5951199531555185 1.844439744949341 12.308295249938967 96.000000000000014 88.000000000000014 13.500000000000002 1.5000000000000002 48.000000000000007 192.00000000000003 2.5000000000000004 4.7447810173034677 26.500000000000004 12.308295249938967 3.0000000000000004 232.00000000000003 56.000000000000007 9.475347042083742 7168.0000000000009 5120.0000000000009 7168.0000000000009 88.000000000000014 3.5000000000000004 3.4811217784881596 12.000000000000002 1.5000000000000002 192.00000000000003 62.000000000000007 1.5000000000000002 3.5000000000000004 1.5000000000000002
decision_type=2 2 2 2 2 2 2 2 2 2 2 2 2 2 2 2 2 2 2 2 2 2 2 2 2 2 2 2 2 2 2 2 2 2 2 2 2 2 2 2 2 2 2 2 2 2 2 2 2 2 2 2 2 2 2 2 2 2 2 2 2 2
left_child=1 3 5 21 7 20 8 -5 32 -10 -9 19 13 14 15 18 25 40 30 -4 37 22 49 24 -23 -17 58 59 -29 -27 -6 56 -2 34 35 36 -14 -3 53 -36 41 -16 -11 45 -42 46 48 -47 -33 50 -1 52 -12 54 -32 -7 -26 -58 -19 60 -28 -61
right_child=6 2 11 4 12 55 -8 10 9 42 51 -13 33 -15 17 16 -18 26 -20 -21 -22 23 -24 -25 31 29 27 28 -30 -31 38 43 -34 -35 39 -37 -38 -39 -40 -41 44 -43 -44 -45 -46 47 -48 -49 -50 -51 -52 -53 -54 -55 -56 -57 57 -59 -60 61 -62 -63
leaf_value=0.011101940077202558 0.087400959323189031 -0.0098733340058324986 0.00056979386613398243 0.05187809305143451 -0.074595768448352667 -0.09689846665107206 -0.078150681367398694 -0.091736563993173884 -0.030334636633499515 -0.0069908088630865816 0.027478178474789589 -0.041414144100046603 0.05736534632572441 -0.089237022567771218 -0.019246912683073131 -0.058047431927630469 -0.070344601914620331 0.037012612642932666 -0.07863572243877634 0.064382248147053747 -0.053671057807327886 -0.10375560152050181 0.074238156413032053 0.089254053429615357 0.030733718216402833 0.01907239192280933 -0.020517285507369021 -0.079431601433026647 -0.011014881188849499 -0.091191699013231445 0.0965527561135925 -0.12571704850056578 -0.075907788396933962 0.025752089244983834 -0.04824445948734251 -0.058867763146233959 -0.002500587378134347 0.07911994997473025 0.066015984869410904 0.0045776897462850323 0.054091374820478967 0.037545290068705606 0.053714975164885284 0.05099477086799397 0.011553192238037973 0.024204804430049246 0.082863292104450148 -0.026063855943236972 -0.030253109618379428 0.037256266881606923 -0.088059973398591534 -0.073109876440972499 -0.062561938556305152 0.016491092090754968 -0.030265294907016949 -0.061091863176885003 0.0074430856094294786 -0.089328505958470431 -0.084563822481255851 -0.16925314442295447 0.046308491711354705 0.10257253968508095
leaf_weight=189.36149627449777 166.43751760025043 62.248635329167882 126.22672112473447 22.975924566097092 20.161040390143171 218.21367409934828 21.960779881977942 237.86163255242718 72.029865493310353 36.497121571737807 41.935307125575491 81.159123384997656 121.3483824711293 45.328268715787999 120.75795091465261 37.024727894066018 209.23974728723806 8.6073935395106655 28.548642244670191 69.399706294338102 69.476317309996375 13.312003558225113 120.21538889757358 37.702617856673896 355.23763522668742 160.29258367516741 57.222006586031057 51.136784269794589 126.44783649926831 12.360640502171007 11.551128078252075 16.590717011946253 5.3549266061745575 439.21316287907393 114.7840969563922 26.195524217750062 59.371350501642155 22.511620331206359 38.506241873299587 77.699875722757497 158.91045083843346 81.643636148975929 317.44188812322682 42.006308982381597 111.33279556604975 212.601922908696 23.614325120754074 115.85285404120805 144.9463165955749 209.8066316335462 12.497789395958533 41.870079648433602 29.071759266123991 260.58259308988636 115.57219118742069 129.88999093430903 65.341076686272572 13.726251260392017 37.811395257434924 1.6637043588561962 71.446577175171115 24.230575136374682
leaf_count=4461 2799 6793 16952 1463 4594 261871 30888 197971 19373 1439 3103 95959 10306 33541 12159 12089 154417 466 4904 7870 41988 1386 2030 656 12326 15806 4920 41130 26793 5562 778 1148 155 46501 81988 4577 12521 3304 1803 40968 6183 10646 9754 1031 4665 20348 1475 10604 31781 2334 528 10046 3001 28600 20906 122649 5169 2518 13435 400 2886 674
internal_value=0.000272336 -0.00474509 -0.0390993 0.00110479 -0.00819404 -0.0629895 0.0436249 -0.0651734 0.0480987 0.0343012 -0.0728411 0.00425924 -9.43425e-05 -0.00650551 -0.00435653 -0.0159203 -0.0356588 0.00778634 0.00149059 0.0232077 -0.0166131 0.0188575 0.0333588 0.0114478 0.00852371 -0.00104549 -0.0105536 -0.00336097 -0.030716 0.0111783 0.00661522 0.0100336 0.0823105 0.0135931 0.000221948 0.0254725 0.0376978 0.0137625 0.0104567 -0.0269218 0.0224758 0.00366161 0.0474552 -0.000441916 0.0365668 -0.00464877 -0.0243803 0.006474 -0.0400578 0.0214211 0.00496249 -0.0330235 -0.0093861 0.00493869 -0.0187419 -0.0835377 0.0234351 -0.00935666 -0.06202 0.0280685 0.0165895 0.0851078
internal_weight=5974.37 5354.65 779.126 4575.52 3002.71 502.34 619.722 373.715 597.761 425.969 350.739 276.786 2628.99 1790.38 1745.05 893.84 418.918 851.211 474.922 195.626 154.237 1572.81 531.881 1040.93 1003.23 209.678 378.566 332.147 177.585 172.653 446.373 989.917 171.792 838.612 399.399 206.915 180.72 84.7603 426.212 192.484 472.645 202.402 353.939 555.612 270.243 513.606 185.151 328.455 161.537 411.666 201.859 112.877 71.0071 387.706 127.123 348.104 434.305 79.0673 46.4188 154.563 128.669 25.8943
internal_count=1539391 1474983 557386 917597 819802 436605 64408 215584 33520 30566 214121 120781 604218 407357 373816 249459 187874 124357 61585 24822 52085 97795 9353 88442 87786 33457 90704 76803 67923 21368 56681 86400 2954 196861 150360 27404 22827 10097 52087 122956 33653 22805 11193 66387 10848 65356 34404 30952 32929 7323 4989 16150 6104 50284 21684 384520 20013 7687 13901 8880 7806 1074
is_linear=0
shrinkage=0.1


Tree=26
num_leaves=63
num_cat=0
split_feature=48 45 28 28 28 28 0 28 28 50 20 18 3 42 36 28 18 3 24 18 36 46 21 18 33 15 44 24 24 36 35 1 27 22 22 28 28 0 0 3 28 18 37 34 28 18 18 28 9 28 18 0 4 3 3 42 36 22 18 50 3 30
split_gain=110.382 90.1534 66.3171 57.6018 126.287 48.5603 39.6662 33.1877 36.5195 28.5992 24.1208 31.6337 20.9332 17.9209 28.5462 18.2626 23.1986 22.8681 20.7171 29.2391 17.4661 15.026 24.7528 18.419 13.9296 12.7279 12.6344 12.4792 24.3949 13.154 12.3381 12.0121 11.3571 11.2518 12.5622 11.0844 11.0635 10.6259 10.1689 9.89229 9.75724 12.5737 9.44571 13.0201 19.7929 15.1703 11.9828 11.8687 13.6289 11.7669 11.488 11.4702 11.3035 9.32083 9.28187 9.13074 9.05982 9.03747 8.7897 8.78289 8.73693 13.4897
threshold=1.0000000180025095e-35 1.0000000180025095e-35 48.000000000000007 1.0000000180025095e-35 6.0000000000000009 1.0000000180025095e-35 5.5169365406036386 1.0000000180025095e-35 24.000000000000004 5.5000000000000009 48.000000000000007 7.4813475608825692 3.1549592018127446 6.0000000000000009 7.0000000000000009 48.000000000000007 12.489189624786379 4.8278014659881601 137422176256.00002 11.049697875976564 2.5000000000000004 1.0000000180025095e-35 112.00000000000001 12.654868125915529 3.0000000000000004 3.6050398349761967 1.0000000180025095e-35 137422176256.00002 17137926144.000002 1.5000000000000002 1.5000000000000002 4.5951199531555185 1.0000000180025095e-35 7168.0000000000009 5120.0000000000009 12.000000000000002 12.000000000000002 5.5169365406036386 6.6957499980926523 4.8278014659881601 96.000000000000014 9.0558362007141131 3.0000000000000004 2.5000000000000004 96.000000000000014 8.8349494934082049 11.974382400512697 48.000000000000007 0.89587974548339855 96.000000000000014 9.8078131675720233 3.6941639184951787 0.89587974548339855 6.3293142318725595 3.6941639184951787 1.5000000000000002 1.5000000000000002 3072.0000000000005 9.671854496002199 17.500000000000004 4.8278014659881601 80.000000000000014
decision_type=2 2 2 2 2 2 2 2 2 2 2 2 2 2 2 2 2 2 2 2 2 2 2 2 2 2 2 2 2 2 2 2 2 2 2 2 2 2 2 2 2 2 2 2 2 2 2 2 2 2 2 2 2 2 2 2 2 2 2 2 2 2
left_child=1 3 5 21 6 12 -5 31 36 20 39 -12 -3 14 15 16 18 40 26 24 54 22 33 32 -20 -10 -6 28 57 -29 58 -2 -23 34 -1 -7 -9 -11 53 -8 -17 -42 52 46 45 -45 49 48 -48 -44 -51 -46 -15 -38 -4 -28 -43 -19 -26 -27 -34 -62
right_child=7 2 9 4 13 35 10 8 25 37 11 -13 -14 42 -16 17 -18 27 19 -21 -22 23 -24 -25 30 59 55 29 -30 -31 -32 -33 60 -35 -36 -37 38 -39 -40 -41 41 56 43 44 51 -47 47 -49 -50 50 -52 -53 -54 -55 -56 -57 -58 -59 -60 -61 61 -63
leaf_value=0.0091718980174642101 0.081131084517215374 0.066068566460190756 -0.019133507564405912 -0.081606036288116135 -0.074532903644462814 -0.09610155484203009 -0.091066366122898479 -0.092825959902599203 -0.034244101907932055 0.061928613747162867 0.014965118319496724 -0.088766920667616739 -0.03026196675889364 -0.03798044607770646 -0.075846425505377471 0.0070954519234554458 -0.082715888505579871 0.033278755989967879 0.082425421595881787 -0.064756170148728892 0.0068381592330332558 -0.097731979403394842 0.071464308343882163 0.049407235279998227 0.022588338159643642 0.0050242515266894954 0.0064440906789546551 -0.074824180351348121 0.026689935093373703 -0.012011358490715529 -0.075875812458054137 -0.076379801296733732 0.01776957051994538 0.035345346983386677 -0.086769202844815457 -0.057738410118996865 -0.083009588091285391 -0.036783131505644093 0.037543392718343539 0.0050774308588693636 -0.02390748676732395 0.026945985808619389 0.075228699697920676 -0.081019489999933803 0.050458913010519336 0.023431789255641919 -0.040974123432382048 0.039674022295511216 0.06383914020140638 -0.1333614437777427 0.036313687067391867 -0.083189821041922282 0.01391295289237659 0.039706436420048549 -0.089349266376763242 0.058898043911149014 0.066157882187134642 -0.084068755819801513 -0.028585080522806311 0.052092500692038163 -0.014197598002938891 0.019623226722789353
leaf_weight=189.58607173362543 176.1530180755035 27.494230935684755 35.088316507102718 235.84759168372329 17.771658923789801 197.43296289617683 11.488989282261171 23.750363787934475 21.642657624317508 79.079372546240847 41.956463705093483 98.220076068930211 125.6555563234906 65.074229860785636 52.487627346225054 207.45988377908361 44.104190418729559 8.1974957536440325 17.782550702806475 123.66236853263763 100.16374897089554 10.650428505206945 114.61690512066707 103.77544725728512 79.150045018264791 46.609244046931053 322.39469232773263 47.816667885213974 143.66895610141364 110.11970603900591 24.701799835318525 4.9785564731573677 374.88662983695394 207.02237597992644 14.706277465185847 121.76600177738328 22.394707984414712 12.649382099692955 24.096250502974726 156.17865538903789 31.149647537531564 138.68891173547308 98.337542352084711 14.794639266387092 7.9451366284047245 231.21007487514453 48.493827119544221 110.22136722963114 16.67058699275367 5.3798453903873478 15.449338648148112 33.487098245997913 118.24918107151461 8.5534517156847851 40.621535377351393 36.993488465435803 102.449021445791 32.914232429742697 58.279081934888382 265.30095105273904 334.76076802113676 182.07586575807363
leaf_count=4461 5467 2438 9860 132967 4082 261871 3972 29974 1859 17806 5062 143081 49647 61261 37622 17585 9676 442 1589 101651 10496 1341 2030 3856 7296 5832 38784 39913 8677 23412 8494 325 18914 2334 528 122649 3628 30841 2717 31394 1884 10518 6074 1229 843 33305 18693 13429 1484 461 1055 7746 18430 848 51778 1379 5008 13040 8264 13758 47747 16584
internal_value=0.000271701 -0.00440783 -0.0367243 0.00097683 -0.00728865 -0.0592576 -0.0507469 0.0411221 0.0254491 0.00304953 -0.0271049 -0.0577187 -0.0129682 0.00270156 -0.00331907 -0.000858801 -0.0124314 0.00934017 -0.00787776 -0.0273226 -0.0205598 0.0166696 0.0303673 0.00950959 -0.00159287 0.0399134 0.00777339 -0.0103884 0.00725324 -0.0310285 -0.010808 0.0768018 0.00492125 0.0189152 0.00226544 -0.081467 -0.0357808 0.0483163 -0.0111672 -0.00151057 0.0234336 0.035882 0.015287 0.0215221 0.00638098 0.0171501 0.0362975 0.0196719 -0.0141604 0.0607667 -0.00751069 -0.057561 -0.00450762 -0.0490933 -0.0568072 0.0118434 0.0436054 -0.0606702 0.000887408 0.045059 0.0061473 -0.00228289
internal_weight=5774.31 5180.83 739.951 4440.88 2908.8 472.349 543.692 593.479 412.348 267.602 307.844 140.177 153.15 2365.1 1599.79 1547.3 724.84 822.465 680.736 303.576 175.874 1532.08 525.932 1006.15 179.913 333.553 377.16 342.717 184.781 157.936 162.131 181.132 902.374 411.315 204.292 319.199 78.7948 91.7288 55.0444 167.668 479.747 272.288 765.313 581.989 287.437 246.005 294.553 175.386 65.1644 119.167 20.8292 41.4322 183.323 30.9482 75.7099 359.388 241.138 41.1117 137.429 311.91 891.723 516.837
internal_count=1539391 1474983 557386 917597 819802 436605 316476 64408 58616 120781 183509 148143 52085 503326 339316 301694 181215 120479 171539 127294 72134 97795 9353 88442 25643 21449 44245 85484 22159 63325 24054 5792 84586 7323 4989 384520 37167 48647 7193 35366 34995 17410 164010 84319 43123 34534 41196 33606 20177 7590 1516 8589 79691 4476 61638 40163 15526 13482 15560 19590 83245 64331
is_linear=0
shrinkage=0.1


Tree=27
num_leaves=63
num_cat=0
split_feature=48 45 50 46 0 36 28 28 28 28 3 22 18 28 21 15 18 13 20 31 36 31 3 28 50 42 30 2 47 28 28 46 46 29 47 47 8 18 28 3 42 28 14 3 18 47 47 30 35 23 29 26 23 22 22 36 28 19 30 26 27 3
split_gain=99.121 77.3603 64.7641 48.7698 45.6141 39.2467 36.5339 29.3843 29.1416 54.9003 67.1108 43.0387 48.4284 24.2715 22.0603 17.7533 17.6837 17.4023 16.6263 15.8763 15.0742 16.2822 14.057 14.0311 13.5961 13.5806 12.7554 12.6902 12.439 12.3583 14.3284 11.9276 21.5436 16.4785 17.0799 14.7756 11.1361 11.033 11.0213 27.8984 10.9436 10.915 12.1198 17.0941 10.7938 10.6143 12.2642 21.2052 14.0615 12.35 10.5614 10.3883 9.97083 9.90598 16.1504 9.34247 9.32294 9.07819 9.02242 13.1858 8.87442 8.85442
threshold=1.0000000180025095e-35 1.0000000180025095e-35 5.5000000000000009 1.0000000180025095e-35 4.8278014659881601 2.5000000000000004 1.0000000180025095e-35 12.000000000000002 24.000000000000004 1.0000000180025095e-35 4.7789824008941659 7168.0000000000009 9.8078131675720233 1.5000000000000002 112.00000000000001 4.9182729721069345 12.654868125915529 2.1383330821990971 48.000000000000007 88.000000000000014 1.5000000000000002 88.000000000000014 4.8278014659881601 6.0000000000000009 7.5000000000000009 6.0000000000000009 192.00000000000003 4.9706082344055185 13.500000000000002 48.000000000000007 1.0000000180025095e-35 5.5000000000000009 3.5000000000000004 80.000000000000014 21.500000000000004 30.500000000000004 0.89587974548339855 7.6698923110961923 96.000000000000014 4.7789824008941659 6.0000000000000009 48.000000000000007 5.7189338207244882 5.8491752147674569 8.978769779205324 11.500000000000002 6.5000000000000009 56.000000000000007 1.5000000000000002 1900.0000000000002 192.00000000000003 1.5000000000000002 1900.0000000000002 7168.0000000000009 5120.0000000000009 7.0000000000000009 6.0000000000000009 80.000000000000014 112.00000000000001 1.5000000000000002 7.5000000000000009 3.6941639184951787
decision_type=2 2 2 2 2 2 2 2 2 2 2 2 2 2 2 2 2 2 2 2 2 2 2 2 2 2 2 2 2 2 2 2 2 2 2 2 2 2 2 2 2 2 2 2 2 2 2 2 2 2 2 2 2 2 2 2 2 2 2 2 2 2
left_child=1 3 5 14 28 61 27 -8 9 16 23 12 19 -13 53 20 -5 -17 -14 25 -10 38 24 -11 -6 50 45 -2 -4 30 52 32 33 34 -15 -33 -20 -25 40 44 -22 42 43 -9 -40 46 47 -19 49 51 -12 -49 -7 54 58 -50 -32 -39 59 -1 -16 -3
right_child=6 2 4 8 22 29 7 41 15 10 11 13 18 31 60 17 -18 26 36 -21 21 -23 -24 37 -26 -27 -28 -29 -30 -31 56 35 -34 -35 -36 -37 -38 57 39 -41 -42 -43 -44 -45 -46 -47 -48 48 55 -51 -52 -53 -54 -55 -56 -57 -58 -59 -60 -61 -62 -63
leaf_value=0.022264651634568155 0.081332767895898189 -0.057913864105121261 -0.01141327725340323 0.001833800476796332 0.10410120848981322 0.06320411219770064 -0.091023572803338546 -0.10860522511283177 -7.9822157500426203e-05 -0.084902822717420182 -0.05028642637835308 -0.071625720681503691 -0.020422125223122308 -0.063122048450337004 0.078417325392054177 -0.082908043673100881 0.045913491201137392 -0.047736162867975392 -0.07919645174275794 -0.056668662682920867 0.00041419777062836157 -0.020251359592788884 -0.065847450838883104 0.048318168117679923 -0.042436622550711914 0.097952452236198112 0.13543251820911212 -0.081223266982969625 0.071553489020037483 0.0034731169210349732 -0.10581119768409658 -0.090371231965271331 0.11156813212705011 0.035879578480162169 0.050875394168693688 0.01116326370648449 8.0618976126854618e-05 -0.018418220164406647 -0.029178076442782669 -0.010531682022738437 0.035941071017434913 0.041605352602341342 0.028531617876743409 0.018228560810393205 0.073104379937675143 -0.06414921583153449 0.033330685069105824 -0.17298894967285722 -0.04140707103741198 -0.035203043144758618 0.038450882965257317 0.041401351307103304 -0.034231851420865211 0.033971613092391925 -0.087345147464350056 0.040831816714995889 -0.039654314092211852 -0.066172132781004603 0.051440193959948255 -0.031862432899295468 0.012549460420564288 -0.094485077663986242
leaf_weight=119.44202347483224 177.60076006599229 112.07113006325017 22.55329148097735 879.67364022455877 11.275530995217197 16.943656135583296 21.501060797166247 19.029693320917431 456.63900687336354 154.76607620479626 18.212879417216755 30.466880755440798 96.585310369540821 39.018354139301664 99.835811337223276 29.658704158107867 101.51412440247077 105.29715941894574 174.99881216861741 21.257238827267429 176.96418632281348 75.185529811189554 63.364193506198717 12.009750423167132 14.440535806654223 27.684768155435449 6.4729773111739624 4.9359160992898969 90.923130429604498 97.731643295694084 36.09999817532298 18.75659301318592 29.737786252964725 188.97815277028712 19.81882307241176 60.761535290206666 19.71523861825699 58.97973304426705 11.016838687530251 64.232920829703289 169.99789072833664 240.31886798876985 76.468977780679779 24.062661922209372 162.51638032673509 29.356833447418467 80.317648305805051 2.3958764152484937 15.871399742551146 100.0543405033568 50.886899074685061 39.891919043671805 27.627132122870535 205.49283940675014 17.821013823355315 106.54252707672276 51.961451816983754 122.47467778550708 45.41768251801841 72.219715283208643 25.725380104617216 161.75938895474246
leaf_count=4538 5467 48455 14095 84586 11825 606 29974 3462 63304 79826 6349 16039 19213 9783 1742 6125 3856 28004 259325 8226 23246 32636 162974 2003 13081 3532 3710 325 17585 10496 18256 8330 10346 16329 2409 2958 11326 6903 613 10136 16309 14297 8252 2631 9003 41521 5095 468 6948 26947 4078 1678 3851 2642 528 21049 16792 42856 5920 4611 2551 239370
internal_value=0.000381555 -0.00405756 -0.0347405 0.000933669 0.013019 -0.0539276 0.0401459 0.0225369 -0.00324954 -0.0109646 -0.0258386 -0.00983533 -0.0324478 0.0140493 0.0277676 0.00679973 0.0063943 -0.00854286 -0.0543433 0.0215852 0.0138882 0.0235536 -0.0405408 -0.0624601 0.0218147 0.0387725 -0.00400651 0.0769371 0.055064 -0.0235092 -0.0433914 0.0213595 0.0311422 0.0214911 -0.0247229 -0.0127865 -0.0711695 -0.0445066 0.0291861 0.0457707 0.017821 0.0293215 0.00463099 -0.0377816 0.0666109 -0.00588796 -0.00209028 -0.00977817 0.00531825 -0.0160536 0.0150621 0.0292548 0.00280859 0.0176347 0.00446431 0.0301693 -0.0667747 -0.0506503 0.0113655 0.00186912 0.0649221 -0.0795175
internal_weight=5615.33 5051.41 706.751 4344.66 202.557 504.194 563.918 381.381 3758.71 2126.3 1145.11 796.879 409.341 387.538 585.954 1632.41 981.188 515.859 291.299 118.042 1116.55 659.914 89.0803 348.23 25.7161 96.7845 486.201 182.537 113.476 230.364 132.632 357.071 277.553 247.815 58.8372 79.5181 194.714 193.464 584.728 237.766 346.962 359.88 119.561 43.0924 173.533 479.728 450.371 370.053 264.756 142.342 69.0998 42.2878 44.5708 460.393 254.9 122.414 88.0614 181.454 237.079 191.662 125.561 273.831
internal_count=1539391 1474983 557386 917597 219560 337826 64408 58616 895065 598273 509831 378243 312049 66194 22532 296792 88442 141545 289864 22185 155247 91943 187880 131588 24906 13959 135420 5792 31680 50001 39505 50155 38867 28521 12192 11288 270651 51762 59307 19752 39555 28642 14345 6093 9616 131710 90189 85094 57090 29093 10427 2146 4457 18239 15597 27997 35048 49759 15069 9149 4293 287825
is_linear=0
shrinkage=0.1


Tree=28
num_leaves=63
num_cat=0
split_feature=48 45 50 14 46 28 36 28 27 23 20 36 49 16 37 39 29 18 23 33 46 47 28 38 47 14 34 14 47 30 22 28 28 18 30 3 3 28 28 28 14 27 39 12 37 12 36 28 18 8 28 14 19 30 28 28 30 3 28 42 19 34
split_gain=90.8992 61.6621 63.3128 40.6228 39.4928 34.0707 33.823 25.6027 23.9371 22.6731 29.8755 19.4697 46.986 28.4928 33.0855 23.0654 21.8145 19.5743 20.0111 18.0364 17.9031 17.1233 16.7171 16.6842 15.5746 14.0506 13.2318 12.8508 12.8467 12.5643 12.0421 13.4207 11.9588 13.0197 11.3371 41.6352 33.689 27.8385 22.7517 20.2382 16.3671 13.051 15.7385 11.6782 11.4364 21.3254 13.4436 11.246 11.2033 10.7837 10.6636 10.4088 9.92253 10.317 9.91216 12.0304 9.8999 9.69071 9.67667 9.65201 9.52601 9.40937
threshold=1.0000000180025095e-35 1.0000000180025095e-35 5.5000000000000009 5.4679176807403573 1.0000000180025095e-35 1.0000000180025095e-35 2.5000000000000004 12.000000000000002 5.5000000000000009 2352.0000000000005 48.000000000000007 1.5000000000000002 3.5000000000000004 1.2424533367156985 3.0000000000000004 1.5000000000000002 192.00000000000003 11.182208061218263 1900.0000000000002 6.0000000000000009 11.500000000000002 8.5000000000000018 24.000000000000004 7.5000000000000009 21.500000000000004 7.0842039585113534 3.5000000000000004 1.9944920539855959 6.5000000000000009 112.00000000000001 7168.0000000000009 24.000000000000004 1.0000000180025095e-35 11.39281225204468 80.000000000000014 4.4845800399780282 4.4845800399780282 96.000000000000014 1.0000000180025095e-35 24.000000000000004 5.1720471382141122 4.5000000000000009 3.0000000000000004 2.4414010047912602 3.0000000000000004 1.0397207736968996 3.5000000000000004 24.000000000000004 11.658829212188722 0.89587974548339855 3.0000000000000004 3.6050398349761967 280.00000000000006 112.00000000000001 48.000000000000007 1.0000000180025095e-35 112.00000000000001 6.9047427177429208 48.000000000000007 6.0000000000000009 280.00000000000006 7.0000000000000009
decision_type=2 2 2 2 2 2 2 2 2 2 2 2 2 2 2 2 2 2 2 2 2 2 2 2 2 2 2 2 2 2 2 2 2 2 2 2 2 2 2 2 2 2 2 2 2 2 2 2 2 2 2 2 2 2 2 2 2 2 2 2 2 2
left_child=1 4 6 20 9 -2 -3 -7 11 10 25 12 16 14 -13 -15 22 26 23 -17 -4 28 -6 -19 -23 -1 50 -11 -14 47 60 -32 33 -10 36 -36 37 38 48 -40 43 -38 -43 61 45 -44 -46 -28 -21 -20 -16 -9 -12 -54 55 -8 -18 -26 -53 -52 -30 -37
right_child=5 2 3 -5 8 7 54 51 32 27 52 13 21 15 17 19 56 18 49 34 -22 24 -24 -25 57 -27 29 -29 30 -31 31 -33 -34 -35 35 40 41 -39 39 -41 -42 42 44 -45 46 -47 -48 -49 -50 -51 59 58 53 -55 -56 -57 -58 -59 -60 -61 -62 -63
leaf_value=-0.13268546820529936 0.076083889347353398 -0.076659265728882778 0.0556847030871939 -0.055246054436220028 -0.061727773772745576 -0.089370444177395036 0.0012576680702090235 -0.066587288709934259 0.028328110417389165 0.019926242280701612 0.064233610494375468 -0.05598937870123219 -0.016689020941959187 -0.035399569775471165 -0.0042660136465594457 -0.057734264571432825 -0.0067093603904757847 0.054949786994071742 -0.039816127082943964 0.0073478362285626557 -0.054143762120838691 -0.026906745088755287 -0.022489107604294581 -0.11155617664600888 0.023047599131814797 0.085542778726439922 0.023648229705769207 0.061451649431630118 0.067758423693251177 -0.065995110261151846 0.070173123658269207 -0.039689042598192593 -0.069612337035851943 -0.060503466197770854 -0.045080962604170605 0.050297230187161757 -0.030978416326906719 0.070574255772216904 -0.042434784935652281 0.020100057310415941 0.089229136778895601 -0.051195070596319205 -0.046787481825757378 -0.092351667569976079 -0.099035449908577197 0.048475013864753558 0.054625637548155775 -0.07542302434224965 0.059367744327074423 0.023154094059626276 0.01023975622631045 0.0078662004121185045 -0.0046083483393098536 0.048171903658901991 0.00070450261810387621 -0.063911364664638468 -0.10051652513582043 -0.1071786269132305 0.043933956718255895 0.061702533120082781 -0.10695183268566964 -0.016772874190469609
leaf_weight=20.840590099483965 172.64819884945246 254.38249544838982 129.07074243651914 59.064320424580728 203.05539322890945 19.497367012496397 42.880321461998392 11.15098905405466 36.387625732517336 130.52528054932191 34.414992779908061 134.03193364335129 38.914775044839189 90.810988988359895 67.139796863833908 31.646158244708204 427.60106467524747 48.742916749699361 217.9055040048961 61.835103664547205 16.770742484344737 137.54042497498813 233.35069905489399 6.8655654442172809 162.27767405827763 3.4369086772203437 71.299937109113671 173.70174403297278 120.92253543165862 31.759877337251964 18.353693673881935 28.210072195332032 78.237422611922739 30.18727138806571 53.026151905847655 138.26312561686791 161.36183786179754 126.13647723739268 87.789478316626628 126.07186455815099 81.616097033969709 39.283786649160902 54.28735650771705 6.934818051493493 6.1100465305353273 41.434986137988744 83.53516632578976 13.651687771838622 125.27804380655289 31.073577480186941 56.763186269694415 112.84706357152936 175.44791179174354 46.944200130736135 97.035139897125191 83.462093388417998 11.554151593580171 5.9227992336382149 218.24757993889034 101.8124019536117 3.203537609682825 24.645682472502813
leaf_count=496 5792 287825 59245 139082 163958 29974 4457 1794 2645 2003 792 113692 7108 18954 6821 6754 44449 2978 121887 1223 21233 35991 82868 2373 21118 32 4875 5126 6209 7212 3890 1939 100804 8670 9264 11639 16895 3626 18002 7187 5627 5632 7062 1048 2575 4340 3772 2127 2163 3076 7688 13447 8163 5920 10496 35048 5139 740 13401 6121 2340 2584
internal_value=0.000362093 -0.00388851 -0.031782 0.0147198 0.000600247 0.0395345 -0.0517261 0.0220907 -0.00325993 0.0247174 0.00424152 -0.00161704 -0.0108117 0.00441227 -0.0107691 0.0132606 -0.0249124 -0.00140149 -0.0198437 0.0167978 0.0430552 0.0131452 -0.0407465 0.0343925 -0.00194757 -0.101791 0.0150028 0.0436356 0.0351603 -0.0123341 0.0469811 0.00361451 -0.0431036 -0.0119511 0.0187349 0.035445 0.0131628 0.0296001 0.0167107 -0.00557032 0.0524258 -0.00928265 0.00630091 0.0347404 0.0184857 -0.00555155 0.0441524 0.00772752 0.0421768 -0.0319572 0.029138 0.0284405 0.0142654 0.0065329 -0.0233322 -0.0417931 -0.00917742 0.018462 0.031641 0.0432811 0.0632494 0.0401505
internal_weight=5459.2 4924.81 682.666 204.906 4242.14 534.391 477.76 361.743 3656.83 585.312 281.085 3512.02 1390.91 2121.11 781.046 1340.07 875.561 647.014 304.588 1249.26 145.841 515.346 436.406 55.6085 305.741 24.2775 342.427 304.227 209.605 116.712 170.69 46.5638 144.812 66.5749 1217.61 304.486 913.124 527.111 400.974 213.861 251.46 386.013 224.651 169.844 185.368 95.7223 89.6452 84.9516 187.113 248.979 225.715 342.246 256.807 222.392 223.378 126.342 439.155 168.2 331.095 158.576 124.126 162.909
internal_count=1539391 1474983 557386 219560 917597 64408 337826 58616 895065 22532 15403 782946 375749 407197 278850 128347 296414 165158 130314 109393 80478 79335 246826 5351 57849 528 34844 7129 21486 14214 14378 5829 112119 11315 102639 30162 72477 32201 28575 25189 20898 40276 23381 15271 17749 11402 6347 7002 3386 124963 20630 28642 14875 14083 50001 39505 49588 21858 26848 13809 8549 14223
is_linear=0
shrinkage=0.1


Tree=29
num_leaves=63
num_cat=0
split_feature=48 45 50 46 14 36 28 28 27 36 49 16 37 29 39 21 18 23 46 33 28 23 47 2 47 38 28 0 28 18 8 28 35 15 34 47 27 3 28 3 31 0 3 47 28 28 19 0 28 23 28 28 28 26 28 3 49 0 0 47 28 28
split_gain=77.674 52.468 64.0752 38.4355 37.8006 30.6275 29.6207 23.9103 20.4721 19.2683 34.8805 24.918 29.5515 20.8073 20.263 18.4674 17.7571 17.5891 16.202 15.2442 14.7726 14.0094 12.7113 12.4494 11.9447 11.6734 11.3176 11.1296 10.438 11.2748 9.96596 9.82433 9.38014 12.9378 9.34595 9.27075 9.0927 9.04301 8.95381 9.0802 8.9058 8.87925 8.87263 8.85389 8.74488 10.9628 8.7 8.50545 8.446 7.99134 7.90289 7.89917 8.2284 7.77172 7.77167 7.63878 7.40625 14.4671 10.101 15.0402 9.78572 7.83009
threshold=1.0000000180025095e-35 1.0000000180025095e-35 5.5000000000000009 1.0000000180025095e-35 5.6077513694763192 2.5000000000000004 -1.0000000180025095e-35 24.000000000000004 5.5000000000000009 1.5000000000000002 3.5000000000000004 1.2424533367156985 3.0000000000000004 192.00000000000003 1.5000000000000002 112.00000000000001 11.182208061218263 1900.0000000000002 11.500000000000002 6.0000000000000009 24.000000000000004 2202.0000000000005 8.5000000000000018 4.9706082344055185 9.5000000000000018 7.5000000000000009 3.0000000000000004 4.7447810173034677 1.0000000180025095e-35 11.39281225204468 0.89587974548339855 96.000000000000014 3.5000000000000004 4.4845800399780282 7.0000000000000009 16.500000000000004 7.5000000000000009 3.6941639184951787 96.000000000000014 5.6077513694763192 120.00000000000001 6.7438817024230966 5.9931647777557382 6.5000000000000009 48.000000000000007 1.0000000180025095e-35 180.00000000000003 1.4978661537170412 6.0000000000000009 1900.0000000000002 48.000000000000007 48.000000000000007 1.0000000180025095e-35 1.5000000000000002 1.0000000180025095e-35 6.5349717140197763 14.500000000000002 6.2556321620941171 6.9047427177429208 19.500000000000004 1.0000000180025095e-35 3.0000000000000004
decision_type=2 2 2 2 2 2 2 2 2 2 2 2 2 2 2 2 2 2 2 2 2 2 2 2 2 2 2 2 2 2 2 2 2 2 2 2 2 2 2 2 2 2 2 2 2 2 2 2 2 2 2 2 2 2 2 2 2 2 2 2 2 2
left_child=1 3 5 15 18 37 23 41 9 10 13 12 -11 20 46 -1 26 25 42 -16 -5 -12 43 35 -24 53 -14 38 29 -10 50 34 -21 -34 -28 -2 47 51 39 -9 -15 55 -4 -23 45 49 -13 -17 -47 -7 54 52 -3 -18 -19 -8 58 -58 60 -60 -26 -62
right_child=6 2 4 8 -6 44 7 27 28 11 21 14 16 40 19 36 17 30 -20 32 -22 22 24 -25 56 -27 31 -29 -30 -31 -32 -33 33 -35 -36 -37 -38 -39 -40 -41 -42 -43 -44 -45 -46 48 -48 -49 -50 -51 -52 -53 -54 -55 -56 -57 57 -59 59 -61 61 -63
leaf_value=0.015550504585563089 0.080089128541097079 -0.021239949817874595 0.05828215222274559 -0.059517918409130427 -0.058944347886512885 0.055983334779790908 -0.080973937190545811 -0.11270506757583668 0.025125167879879146 -0.054955163301643441 -0.11346558655322499 0.092647692876267229 -0.012027591219659876 -0.0055707843530354096 -0.053520444713940643 0.038407798693323891 -0.12548281406451403 -0.016825733932034657 -0.053628075953155774 0.01628611325365685 -0.021986248866368643 -0.014167460138132216 -0.080849855483181923 -0.11393840810595848 0.047043363173392451 -0.099954294279129663 0.039345170834439121 0.04130541288966829 -0.067050574790559439 -0.059719402889975827 0.021302488812199802 -0.026781836008441823 -0.089226420559865766 0.097563985474837536 -0.079758133518012947 -0.08107498495641241 0.0074381808109726727 -0.092506462611848556 0.039940316155537975 0.030776685412010049 -0.098926621141817606 0.014346762309816116 -0.035280969158957329 0.039540262725637064 -0.0010139868154797596 -0.10376058836830984 -0.041357775977467384 0.099991254652349496 -0.03694646662059891 -0.033899126100588178 -0.011343890603476034 -0.011136828705525997 -0.094649660622798781 0.05822636762271062 -0.068517031707344161 0.025574943861304263 -0.027812906312561492 0.08863230742290272 0.056626100922778005 -0.062617886928321612 -0.085762189029893146 0.0019534901099485897
leaf_weight=435.81242695558467 157.10760232899338 22.275628621166106 130.94727503785907 193.18121589107795 50.870186898533575 15.780590610811485 34.353959520693024 12.918714825682402 36.130984673422063 123.28033811905152 9.1055082365419349 5.1435084684962922 109.84118757645774 417.26268616577727 30.798350510114687 38.066205011447892 2.4265933291280808 41.690293563820887 16.509119038535573 1169.4954862797167 229.41445714936526 37.130088183643238 17.932742504202906 3.5103586769546373 48.382161895890022 5.9287114321505205 189.27075156357751 243.99363232265023 72.883298151860799 27.647528287554451 31.488714419305325 29.408290204402874 4.3005996265419553 26.91536290984368 6.8259460295666932 3.6522345929261055 25.675162475657999 135.74382294259522 14.487131770256381 6.6971517304191357 10.47509507939685 25.627963427164104 10.985759731753204 177.09158283659781 95.577193563178298 31.348349855146807 83.418056112721388 54.587192149367183 47.720523400879756 26.506764801597456 68.550696629614322 31.155311984253785 48.542726240248157 45.137224141246406 96.202177978469081 8.3674928609052568 18.071409096388379 26.048178311204538 13.380223577354625 50.496525669732364 11.207039004279066 110.70708329760964
leaf_count=18239 2799 4066 39459 163958 129698 606 20411 1521 2645 113692 8456 789 12135 44449 6754 804 681 12163 23243 98391 82868 5931 5925 325 2862 2373 17505 18549 100804 8670 3076 3793 1606 2642 1411 2668 2551 239370 932 447 5139 13192 27160 12038 10496 18256 18165 938 16792 3851 27000 9860 34529 2297 82724 3564 1502 1749 3216 10198 8632 18826
internal_value=0.000311599 -0.00363735 -0.0297294 0.000556549 0.0160547 -0.0508075 0.0373856 0.0208023 -0.00324027 -0.00173232 -0.0109325 0.00435583 -0.0101991 -0.0234055 0.0126258 0.0250629 -0.00139603 -0.0194518 0.0401342 0.0159483 -0.0391431 0.00948152 0.0116747 0.0723597 -0.00174495 0.0323612 0.0142949 0.0338263 -0.0411978 -0.0116543 -0.0311005 0.0271163 0.0177301 0.07183 0.0351993 0.0764277 0.0600976 -0.0756017 -0.0196835 -0.0637182 -0.00785702 -0.032189 0.0510403 0.0302313 -0.0236379 -0.0414559 -0.033575 0.07469 -0.0634362 -0.000357224 -0.0390935 -0.0530986 -0.0715589 0.048854 -0.0528887 -0.0601051 0.00335244 0.0409363 -0.00372857 -0.0376399 0.0089913 -0.00610983
internal_weight=5305.49 4794.77 663.963 4130.81 209.312 454.651 510.716 346.446 3576.67 3440.01 1369.89 2070.12 750.051 850.333 1320.07 554.141 626.771 291.424 158.442 1231.51 422.596 519.553 510.447 164.27 296.225 53.4925 335.346 278.097 136.662 63.7785 237.932 225.505 1200.71 31.216 196.097 160.76 118.329 237.717 34.103 19.6159 427.738 68.3494 141.933 214.222 216.933 121.356 88.5616 92.6534 79.0689 42.2874 206.443 101.974 70.8184 47.5638 137.892 42.7215 278.293 44.1196 234.173 63.8767 170.296 121.914
internal_count=1539391 1474983 557386 917597 219560 337826 64408 58616 895065 782946 375749 407197 278850 296414 128347 22532 165158 130314 89862 109393 246826 79335 70879 5792 52910 5351 34844 21449 112119 11315 124963 22709 102639 4248 18916 5467 4293 287825 2900 1968 49588 37167 66619 17969 50001 39505 18954 1742 35048 4457 121887 48455 38595 2978 94887 23975 46985 3251 43734 13414 30320 27458
is_linear=0
shrinkage=0.1


Tree=30
num_leaves=63
num_cat=0
split_feature=48 28 28 3 42 28 13 19 28 3 28 19 18 28 18 32 19 24 18 31 14 38 46 14 42 36 3 0 27 18 42 36 0 27 18 39 8 18 19 35 35 19 30 15 3 31 16 47 27 30 21 28 47 47 0 47 47 27 23 20 38 49
split_gain=69.0215 46.8841 141.715 40.778 30.5509 29.1539 29.1039 33.3538 28.0539 26.8275 20.6657 20.497 40.5396 18.4548 15.5379 17.5631 11.796 17.5634 11.5465 20.9516 11.454 16.8583 11.3709 11.8963 10.6302 11.2144 10.4949 10.3465 10.3411 10.1698 9.69829 10.7041 9.69683 9.54944 12.6308 9.39103 9.21904 9.10893 12.1908 9.00946 8.99445 8.64985 29.2154 19.6003 8.5237 8.2396 8.8418 8.22488 8.11528 7.9656 7.93717 7.85832 7.68921 7.56663 14.399 17.786 12.0479 7.49308 7.49093 7.31393 7.19247 11.2036
threshold=1.0000000180025095e-35 -1.0000000180025095e-35 6.0000000000000009 5.1720471382141122 6.0000000000000009 48.000000000000007 2.0126758217811589 100.00000000000001 1.0000000180025095e-35 4.8278014659881601 24.000000000000004 180.00000000000003 10.198766708374025 96.000000000000014 12.798708438873293 20.000000000000004 180.00000000000003 17137926144.000002 9.671854496002199 120.00000000000001 2.8888261318206792 1.5000000000000002 9.5000000000000018 5.6077513694763192 3.0000000000000004 7.0000000000000009 4.2844183444976816 5.5169365406036386 5.5000000000000009 12.798708438873293 3.0000000000000004 1.5000000000000002 3.6941639184951787 1.0000000180025095e-35 11.593315601348879 3.0000000000000004 0.89587974548339855 11.049697875976564 100.00000000000001 1.5000000000000002 2.5000000000000004 280.00000000000006 112.00000000000001 4.4845800399780282 4.8278014659881601 120.00000000000001 0.89587974548339855 16.500000000000004 1.0000000180025095e-35 56.000000000000007 112.00000000000001 12.000000000000002 13.500000000000002 11.500000000000002 6.8254222869873056 21.500000000000004 31.500000000000004 3.5000000000000004 1900.0000000000002 48.000000000000007 1.5000000000000002 3.5000000000000004
decision_type=2 2 2 2 2 2 2 2 2 2 2 2 2 2 2 2 2 2 2 2 2 2 2 2 2 2 2 2 2 2 2 2 2 2 2 2 2 2 2 2 2 2 2 2 2 2 2 2 2 2 2 2 2 2 2 2 2 2 2 2 2 2
left_child=1 14 3 59 5 11 39 27 47 13 44 32 30 29 15 18 17 -11 19 -1 -17 -22 41 -24 35 58 50 -8 -18 -7 31 -13 37 34 -15 -23 -14 38 -4 -5 -37 45 43 -43 -10 -20 -47 -2 -34 -45 -12 -46 -35 57 55 -55 -56 -50 -26 -3 61 -19
right_child=8 2 4 6 -6 9 7 -9 10 16 26 12 36 33 -16 20 28 60 22 -21 21 24 23 -25 25 -27 -28 -29 -30 -31 -32 -33 48 52 -36 40 -38 -39 -40 -41 -42 42 -44 49 51 46 -48 -49 53 -51 -52 -53 -54 54 56 -57 -58 -59 -60 -61 -62 -63
leaf_value=0.0030942845374148749 0.075017761432860569 -0.061324421641875106 0.11078519234362283 0.054982594114252964 0.016815526647587436 0.0043893490177275424 -0.061708420783942175 -0.088493497351424338 -0.13512024801691097 -0.058802535243816345 0.023276024514538377 -0.025024000592401938 -0.071871924167092135 -0.15696778876559619 0.039696440932011239 0.013204101233601363 -0.047150390471144728 -0.030539022232634151 0.035781356748644334 -0.11398696274994938 -0.067122464243634869 -0.087758323404312819 0.016687945614496293 -0.064565299552094016 0.098364661642154766 -0.081100580489457161 0.039497022981785375 -0.00033440310769035001 0.01045476490043668 -0.047631083307873356 -0.048975911492280894 0.036785751854998265 -0.10492117641783333 0.025577155760870541 0.038991174745732569 0.041350272512050243 -0.029657659292578499 -0.061057108804799268 -0.046982552679463448 -0.031128552327371981 -0.021532559564665304 0.014641026723671069 0.073612457593290784 -0.087880503225537254 -0.082395646352347293 -0.062049469632169257 0.019982285581117892 -0.078378470948056736 0.019084231581664165 -0.0085088094041876113 -0.075871870403088904 0.0027722595034145882 0.061557953009753467 -0.055196534985023575 -0.10401504903611579 0.050215976636508244 0.032963876259198457 -0.077841504614341389 -0.019568520335681114 -0.096197040325852787 0.057033591050764582 0.028689484933919009
leaf_weight=142.32165815041662 149.64513635030016 92.323806379212328 8.3552698430139571 44.118011963299068 733.08651191519129 226.21513881934152 36.261515630241774 106.26840024522244 6.9821851219930968 41.163731149088562 18.072107963605959 42.321842951827421 194.36926612068601 6.2637961539439857 167.4958967386483 140.32903199900466 149.21570875490033 54.802405673639441 440.93557057300495 17.123030119400937 63.37819719548861 8.6171604836854367 43.325506438246521 30.848927603690754 5.992214986938051 32.009291710186517 233.36738482449073 113.26474562963267 39.389907639690136 45.067681312044442 28.243745330953971 82.898574539554829 6.9144609898794434 309.90895953189465 6.9266138176317309 69.90652346197021 70.496091326487658 50.9799391316119 11.835615216637962 16.768027213605819 33.717254528390185 78.036531908102916 46.744508105046407 39.07872001438227 14.374807104152749 17.870844548146124 49.6284251420293 3.5790279804677985 204.87289016470822 18.691945376456715 14.594798122067003 43.978771112020695 73.475101292733598 26.23026473356731 26.060783117631217 41.066157583140011 8.5203297249972803 8.2990315241440822 53.235324036388192 172.54093910583288 31.721756048176758 76.545279128222319
leaf_count=3952 2953 36266 461 4770 165110 29497 17344 214009 6585 23627 1412 10027 263945 191 6415 5326 128619 7485 23399 1247 9817 2446 23217 36950 238 3627 18566 30106 20972 4661 6075 12238 2011 24119 332 6995 14474 7900 1528 7261 5611 2074 3674 3436 24703 3119 1691 2853 29806 1989 1524 5894 8504 19524 11390 4561 479 3161 4824 206358 2291 5535
internal_value=0.000123118 -0.00359226 -0.010453 -0.0550868 -0.000489861 -0.00726618 -0.0308696 -0.04566 0.0360512 0.00364863 0.0196901 -0.0215333 -0.0369405 0.0158458 0.0109906 0.00738033 -0.0170876 -0.000435254 0.0150011 -0.00947927 -0.00992439 -0.0220867 0.0201024 -0.017105 -0.00805925 -0.0334107 0.0320659 -0.0152182 -0.0351197 -0.0042527 0.00395637 0.0158954 -0.00513882 0.0295945 -0.0540648 0.0125481 -0.0606363 -0.0385427 0.0183039 0.0312676 0.0208894 0.0240964 0.00542427 -0.0180459 -0.030702 0.0308006 -0.00173612 0.0714347 0.00224518 -0.0621995 -0.0210209 -0.018208 0.0324728 0.00459718 -0.0178203 0.00912913 -0.0702652 0.0153108 -0.00763689 -0.0840415 0.0142984 0.00397748
internal_weight=5170.67 4686.08 3186.79 581.545 2605.25 1872.16 316.681 255.795 484.594 1060.7 331.37 811.464 418.33 667.857 1499.29 1331.79 392.839 204.233 924.606 159.445 407.185 266.856 765.161 74.1744 203.478 91.2368 266.034 149.526 188.606 271.283 153.464 125.22 393.135 396.574 13.1904 112.241 264.865 71.1708 20.1909 60.886 103.624 690.987 182.552 135.807 65.3358 508.435 67.4993 153.224 321.964 57.7707 32.6669 58.3536 383.384 315.049 101.878 67.2964 34.5811 213.172 59.2275 264.865 163.069 131.348
internal_count=1539174 1474684 1324637 516114 808523 643413 273490 261459 64490 255833 58684 387580 306759 67304 150047 143632 188529 38938 104748 5199 38884 33558 99549 60167 23741 8689 21502 47450 149591 34158 28340 22265 80821 33146 523 15052 278419 9889 1989 12031 12606 39382 11173 7499 37182 28209 4810 5806 70932 5425 2936 30597 32623 68921 35954 24085 11869 32967 5062 242624 15311 13020
is_linear=0
shrinkage=0.1


Tree=31
num_leaves=63
num_cat=0
split_feature=32 32 47 46 50 50 15 47 36 29 36 36 15 28 0 46 21 28 47 33 16 39 28 18 31 30 36 18 0 30 15 19 15 47 15 47 15 47 0 19 38 0 28 13 19 15 19 27 28 28 0 34 28 28 31 27 15 30 0 38 28 28
split_gain=60.0496 60.7855 48.9661 52.2254 39.4547 39.1202 31.6447 30.009 22.7987 32.4424 22.3354 19.094 21.2263 17.9172 16.0137 15.777 16.1206 14.3542 13.5687 25.4851 18.2513 20.2878 19.2942 19.5793 14.9821 12.6482 11.9838 12.3625 14.2068 11.835 38.8114 11.2237 11.1614 11.0115 10.8672 12.4545 10.7028 10.6516 10.5126 20.7842 11.728 9.64784 9.49796 12.5189 9.27363 9.12137 8.86951 8.58068 8.24498 20.6722 7.7956 7.74874 7.72812 7.49434 7.47595 7.45414 7.45314 8.60915 7.45192 8.35174 7.40287 12.6289
threshold=20.000000000000004 40.000000000000007 8.5000000000000018 11.500000000000002 17.500000000000004 5.5000000000000009 4.8278014659881601 21.500000000000004 7.0000000000000009 192.00000000000003 1.5000000000000002 3.5000000000000004 4.1426305770874032 1.0000000180025095e-35 4.8278014659881601 1.0000000180025095e-35 112.00000000000001 24.000000000000004 6.5000000000000009 6.0000000000000009 0.89587974548339855 1.5000000000000002 12.000000000000002 11.182208061218263 56.000000000000007 112.00000000000001 3.5000000000000004 11.974382400512697 2.7361353635787968 112.00000000000001 4.4845800399780282 280.00000000000006 6.9047427177429208 29.500000000000004 2.5152189731597905 10.500000000000002 5.3025121688842782 9.5000000000000018 2.7361353635787968 180.00000000000003 3.5000000000000004 4.7789824008941659 1.0000000180025095e-35 0.89587974548339855 180.00000000000003 4.2324235439300546 280.00000000000006 7.5000000000000009 1.0000000180025095e-35 12.000000000000002 1.4978661537170412 3.5000000000000004 48.000000000000007 1.0000000180025095e-35 120.00000000000001 1.5000000000000002 5.9098556041717538 56.000000000000007 4.1426305770874032 3.5000000000000004 1.0000000180025095e-35 6.0000000000000009
decision_type=2 2 2 2 2 2 2 2 2 2 2 2 2 2 2 2 2 2 2 2 2 2 2 2 2 2 2 2 2 2 2 2 2 2 2 2 2 2 2 2 2 2 2 2 2 2 2 2 2 2 2 2 2 2 2 2 2 2 2 2 2 2
left_child=2 11 4 5 15 34 33 14 10 -10 38 12 -2 -6 -8 16 -1 -15 19 24 22 -22 42 -24 -17 26 31 -28 53 56 -31 -12 -9 60 -4 37 51 -36 55 40 -40 46 54 -44 -30 -33 -19 50 -13 -50 -18 -32 -25 -29 -21 -3 -23 -58 59 -41 -7 -62
right_child=1 8 3 -5 13 6 7 32 9 -11 25 48 -14 17 -16 18 47 41 -20 20 21 29 23 52 -26 -27 27 28 44 30 36 45 -34 -35 35 -37 -38 -39 39 58 -42 -43 43 -45 -46 -47 -48 -49 49 -51 -52 -53 -54 -55 -56 -57 57 -59 -60 -61 61 -63
leaf_value=0.015408303227951104 -0.0366187131885055 0.0095041775386062385 0.060229033281944358 -0.079240287572258872 0.075577706368285424 0.099482181830338468 0.040566345960547145 0.023332809852216939 -0.011074327061613458 -0.10838023972673216 0.057550388676261999 0.0051988689767486522 -0.089049839954914944 -0.022160424403441188 -0.08136887184704511 -0.011617706865331513 0.03850931857022856 -0.082107594283614138 0.03119551225711107 -0.0011004099618643032 -0.060276785901262002 0.017148585470257126 0.039217222721973935 -0.05457536624584744 -0.063465300438679692 -0.024971700024263938 0.024484912935153685 0.067297709321553739 -0.0084196714330210809 -0.06300726752553161 0.056691865534857055 0.047981992940608724 -0.11761481290135951 -0.01828096930194403 -0.079387455016361505 -0.068179314171841449 0.091382472865334283 0.012341270668281643 -0.034785361770071348 -0.067325479435924859 0.054024243590684355 0.048056073224932883 0.039337761881165612 -0.092507200037522608 -0.069144611423587063 -0.044656443524818248 0.03834283928556962 0.0055564209711510071 -0.081763845787110379 -0.012277764837466822 0.098257128835613855 -0.0085491969004880906 0.0024207752769058455 -0.0029127905120384001 -0.061050614210322512 -0.084303847072918409 -0.11091829809403619 0.0010714062490181744 -0.075548119391022489 0.026567568001141729 -0.077649586436685708 0.054263948932942924
leaf_weight=426.9262073091304 208.9699622928274 133.13104021240724 9.9144952840142633 108.22953411233811 124.55231185513549 32.283424265595386 12.956549886235733 131.14956490784789 166.26500965779269 43.15755319472737 126.89963295347843 85.094597326307849 122.46463809047054 44.701421297023444 63.83380754708196 303.82683005975923 38.63050210964866 11.611414776009042 171.25696550223438 73.233077827520901 31.217465862508107 452.34786995809918 112.29004238839843 41.768255529561429 68.25386356566014 69.52178912162708 271.55130799916515 27.160431841388345 63.556738194951322 29.352680479940318 70.931702921952819 19.818766754789976 5.8697513056067683 22.261675866815494 17.365622127686947 107.89589126911869 70.230940738780191 46.709014941006899 26.737350190756842 19.401554689757177 33.501016038411763 185.24129775934853 8.6356564280467847 43.372212204221796 41.615466625109548 22.920933017023344 12.911058187193703 24.607247453997843 59.33198697692751 153.79267174247434 50.235461647622287 24.490538013109472 55.267021423100232 34.532494318904355 29.053313675762183 9.0462475346284901 9.7592220296210126 23.142014602308336 77.782590800541584 18.513235344042187 7.791803120973781 105.83218495317669
leaf_count=18208 45078 8870 1770 219067 2345 3253 12970 37378 15339 21421 9221 10702 84847 15478 141377 85523 808 663 14350 12135 12792 41556 14757 41386 15074 23012 17650 285 7233 8068 5107 1170 2147 2293 7080 204366 4691 7130 2391 2532 2112 7815 3423 93028 9303 3996 484 2538 53929 50279 952 3424 41387 2238 9257 3843 1206 2245 25698 1756 16016 22722
internal_value=0.00013831 -0.0142926 0.00838689 -0.0156134 0.0147429 -0.00340074 0.014775 -0.0107515 -0.00113596 -0.031127 0.00517203 -0.0394736 -0.0559919 0.0445003 -0.0607952 0.00951845 0.0243127 0.029289 0.00457859 0.00142878 0.00923568 0.0185504 -0.0089898 0.0107869 -0.0211285 0.0154344 0.0200542 0.0113215 -0.0101002 0.0221678 0.0429747 0.0426228 0.0172948 0.0472293 -0.0415718 -0.0474409 0.061754 -0.0125192 -0.0166866 -0.0330285 0.0146053 0.040253 -0.0358202 -0.070615 -0.0324479 -0.0016992 -0.0186906 0.0578141 -0.0211155 -0.0316221 0.0722844 0.0399475 -0.0221129 0.0279975 -0.0181286 0.0035355 0.0138062 -0.0321472 -0.0578293 -0.0214789 0.0572244 0.0452179
internal_weight=5044.71 1834.77 3209.94 672.093 2537.85 563.864 381.979 213.81 1205.11 209.423 995.691 629.654 331.435 379.018 76.7904 2158.83 540.399 254.465 1618.43 1447.17 1075.09 711.472 363.62 209.325 372.081 677.578 608.056 438.416 166.865 680.255 195.006 169.639 137.019 168.169 181.885 171.971 165.653 64.0746 318.113 175.936 60.2384 209.764 154.294 52.0079 105.172 42.7397 24.5225 113.473 298.219 213.125 88.866 95.4222 97.0353 61.6929 102.286 142.177 485.249 32.9012 115.697 37.9148 145.907 113.624
internal_count=1539174 402905 1136269 677569 458700 458502 238156 193872 158070 36760 121310 244835 129925 26785 154347 431915 22506 24440 409409 395059 294462 79089 215373 97530 100597 74108 51096 36709 19059 66297 21290 14387 39525 44284 220346 218576 13222 14210 47202 34489 4503 8962 117843 96451 16536 5166 1147 4298 114910 104208 1760 8531 82773 2523 21392 12713 45007 3451 29986 4288 41991 38738
is_linear=0
shrinkage=0.1


Tree=32
num_leaves=63
num_cat=0
split_feature=48 28 28 1 52 42 28 19 18 3 28 28 29 28 18 32 19 24 14 15 18 34 18 14 42 15 19 42 26 19 31 0 31 28 31 3 38 18 46 0 8 38 3 18 15 14 29 8 50 0 3 18 38 18 6 28 4 16 18 28 31 47
split_gain=53.8943 39.2716 108.497 31.6881 28.1077 26.7501 36.4991 23.7319 31.7905 21.5177 19.5272 17.9619 17.0027 16.3093 15.0303 14.2511 10.2528 14.2628 10.6188 10.1763 10.1321 17.5055 9.87278 9.86703 9.75899 9.67359 9.66327 9.57632 9.26917 8.90043 8.87182 8.7457 8.73981 8.7041 8.69643 9.13513 8.62546 8.19335 8.05689 9.9385 7.94113 8.80762 7.92037 7.89721 7.65937 7.55108 7.51437 9.55249 8.78833 15.9861 8.59571 8.33527 7.49645 7.3249 7.29481 7.20823 7.14817 6.9622 16.3332 15.1652 9.51667 6.92299
threshold=1.0000000180025095e-35 1.0000000180025095e-35 3.0000000000000004 2.9388679265975957 1.0000000180025095e-35 6.0000000000000009 48.000000000000007 80.000000000000014 9.671854496002199 4.8278014659881601 -1.0000000180025095e-35 96.000000000000014 112.00000000000001 12.000000000000002 12.798708438873293 20.000000000000004 180.00000000000003 17137926144.000002 4.6510493755340585 5.801661729812623 9.671854496002199 1.5000000000000002 13.046368122100832 5.4335694313049325 3.0000000000000004 4.342454433441163 180.00000000000003 3.0000000000000004 1.5000000000000002 100.00000000000001 24.000000000000004 3.3576917648315434 104.00000000000001 96.000000000000014 88.000000000000014 5.801661729812623 7.5000000000000009 10.254377365112306 9.5000000000000018 3.6941639184951787 0.89587974548339855 1.5000000000000002 5.6077513694763192 8.978769779205324 4.7447810173034677 2.4181410074234013 1.0000000180025095e-35 0.89587974548339855 17.500000000000004 6.9047427177429208 5.5169365406036386 11.593315601348879 7.5000000000000009 9.888949394226076 1.0000000180025095e-35 6.0000000000000009 2.6590600013732915 1.2424533367156985 11.182208061218263 96.000000000000014 88.000000000000014 8.5000000000000018
decision_type=2 2 2 2 2 2 2 2 2 2 2 2 2 2 2 2 2 2 2 2 2 2 2 2 2 2 2 2 2 2 2 2 2 2 2 2 2 2 2 2 2 2 2 2 2 2 2 2 2 2 2 2 2 2 2 2 2 2 2 2 2 2
left_child=1 14 3 -3 56 6 7 46 27 11 31 22 29 -12 15 20 17 -11 -18 24 21 -1 -8 -14 30 33 36 40 -25 -10 45 -2 -32 -15 37 -36 -26 -6 -22 -40 41 -9 -29 -13 -41 -17 48 -48 -4 -50 55 -49 -30 -38 -23 -51 -5 58 59 60 -7 -19
right_child=10 2 5 4 34 57 9 8 12 16 13 43 23 25 -16 19 18 61 -20 -21 38 54 -24 28 26 -27 -28 42 52 -31 32 -33 -34 -35 35 -37 53 -39 39 44 -42 -43 -44 -45 -46 -47 47 51 49 50 -52 -53 -54 -55 -56 -57 -58 -59 -60 -61 -62 -63
leaf_value=0.0094501088153283799 -0.1562055152305962 0.0483739667747696 0.013164626132959927 -0.089968725727340756 0.070597948924419687 0.046511338844792485 0.0023252608479332366 -0.020733314955963165 -0.025621426102850033 -0.055219673907745674 -0.082721442171531545 -0.031423896783490522 -0.04059311003124625 -0.065747288141889779 0.038857063185267909 -0.010910873562729264 -0.0035632943257605113 0.021704957506699013 -0.054050049348833333 -0.068449971707412072 0.021893463132942999 -0.10977460071325947 -0.052813901490063014 -0.075965183018881013 0.053755608238877033 0.031151132944669393 -0.085505798997985119 0.018283701846706999 0.0362395752792741 -0.075461268473768495 0.017209762799793703 0.067924570731623043 -0.054634560286691385 0.039777874470588295 -0.078122341201089962 0.065528499442614699 0.049769535358044743 -0.020146976943223177 0.064871610204639246 0.015501932232843747 0.065685937830179578 0.047413783480029698 -0.08692925695013054 0.031609902902408005 -0.060457703594446223 -0.10685491931814556 -0.077038924388105445 0.13300940368719497 0.0023462103891730163 0.067235218338244071 -0.32739710137060585 -0.037423988928840676 -0.12542674128431847 -0.056736956490266992 -0.020583060257328589 -0.18041679077123637 0.29313867932783672 0.020514130670770861 -0.024482150798755278 -0.059756534300990899 -0.005389478743357658 -0.040438762511582758
leaf_weight=114.88930288788833 1.7639259187271807 24.061686738423305 214.59587213854502 230.28937868544745 13.389823584089752 116.25968327834562 218.78668917153482 51.620622018279391 43.842707205389161 37.525719968421981 14.862778536024051 21.009804120432818 165.2809618543215 20.793552727369388 165.05552939432528 26.936511398642324 70.444300063896662 135.07730118946347 101.95535067859782 27.122276900892757 670.020406821292 20.359195076598553 38.132428649860231 10.959425740802542 14.781882580136879 260.08954715773962 26.045904574071756 12.103260077303277 45.029548141581472 196.07647204697605 214.97043070859945 133.85162372747982 18.380056544054241 12.52460904172767 33.811747228959575 5.093805537078878 8.0651434658793715 38.729052531693014 13.039893395391116 21.244820447322127 28.416267224762123 29.980266729828145 17.500627399502264 368.2759350176384 35.385009586580054 11.794930433839907 25.012056904262863 4.8328463367070071 18.372664473565241 1.7545902458950866 2.3777894235099666 7.0635342524619755 3.0633730538029331 32.39010507974308 16.684994991403073 3.5597313422476873 0.48805973120033641 463.71638818090287 139.31485753501192 20.827047330058122 50.752204447209806 20.669829913902504
leaf_count=2708 209 1473 58800 335531 1395 9861 29689 9007 5534 23627 30008 1602 41123 3049 6415 1953 24071 7962 125520 5714 39382 1525 4469 11129 1056 24659 3479 2867 10493 352819 14918 5597 3992 968 6952 1068 464 6678 2461 9885 3750 6746 3747 31544 47821 4768 6243 357 1768 138 201 872 1406 2540 966 428 51 51049 120580 4405 12333 7349
internal_value=0.000154266 -0.0031479 -0.00960517 -0.0623207 -0.0705975 -0.00281266 -0.0092647 -0.024141 -0.0352656 0.00369402 0.0333869 0.0146637 -0.0478483 0.0194754 0.0104663 0.00678262 -0.0156913 0.00012328 -0.0334206 -0.00941989 0.0136968 -0.00982426 -0.0058586 -0.0280573 -0.00488907 0.0246523 -0.0352938 0.00657305 0.00702915 -0.0663536 0.00419417 0.0650094 0.0115509 -0.0260794 -0.0235392 -0.0593145 -0.0116173 0.00316624 0.0185281 -0.0138373 0.0201583 0.00430401 -0.043914 0.028208 -0.0319613 -0.0401288 6.12481e-05 -0.0419534 0.00650474 -0.0483273 -0.169361 0.0318137 0.0259419 -0.0355039 -0.069602 -0.0986514 -0.0891585 0.0126333 0.00146288 0.0207056 0.0307395 0.0134576
internal_weight=4911.11 4467.22 3030.05 345.864 321.802 2684.19 1893.32 881.443 603.874 1011.88 443.886 646.205 464.252 308.27 1437.17 1272.11 365.673 193.273 172.4 380.487 891.624 151.933 256.919 224.333 353.365 293.408 81.283 139.621 59.0523 239.919 272.082 135.616 233.35 33.3182 91.0244 38.9056 55.2371 52.1189 739.69 69.6697 110.017 81.6009 29.6039 389.286 56.6298 38.7314 277.569 36.9084 240.661 26.0648 7.69211 11.8964 48.0929 40.4552 37.0442 5.31432 230.777 790.87 327.154 187.839 167.012 155.747
internal_count=1539174 1474684 1324637 353148 351675 971489 773261 517428 448621 255833 64490 67304 422504 58684 150047 143632 188529 38938 149591 38884 104748 5199 34158 64151 33170 28676 7539 26117 23028 358353 25631 5806 18910 4017 16093 8020 4060 8073 99549 60167 19503 15753 6614 33146 57706 6721 68807 7472 61335 2535 767 1229 11899 3004 2491 566 335582 198228 147179 26599 22194 15311
is_linear=0
shrinkage=0.1


Tree=33
num_leaves=63
num_cat=0
split_feature=32 32 47 46 50 50 3 47 36 19 36 36 14 0 0 30 47 46 21 47 33 39 37 16 38 26 1 3 35 3 14 19 38 3 47 47 22 22 30 19 14 36 0 19 19 14 22 18 29 26 19 14 22 27 0 46 46 36 13 27 0 1
split_gain=48.8487 49.8592 30.7895 46.3874 34.8478 29.0882 28.2987 21.6124 18.8455 24.9504 18.149 16.1914 19.3236 15.6448 14.1453 10.94 10.7597 10.2094 16.9305 12.0236 21.6334 13.6189 13.3816 10.72 10.4754 14.2093 10.9176 10.1624 10.0609 9.69321 9.60918 18.5013 9.42566 8.96058 10.3922 9.58139 8.83366 13.7355 10.6969 12.4033 10.4317 8.81142 10.6742 25.6344 9.08868 8.78888 8.44213 8.09431 8.06989 9.7743 7.798 7.75636 7.20753 7.00599 7.4144 6.74206 6.72379 6.56852 6.45341 6.31004 6.08359 6.01023
threshold=20.000000000000004 40.000000000000007 8.5000000000000018 11.500000000000002 5.5000000000000009 17.500000000000004 4.8278014659881601 25.500000000000004 7.0000000000000009 100.00000000000001 1.5000000000000002 3.5000000000000004 2.8888261318206792 4.8278014659881601 4.8278014659881601 112.00000000000001 29.500000000000004 1.0000000180025095e-35 112.00000000000001 6.5000000000000009 6.0000000000000009 1.5000000000000002 1.5000000000000002 0.89587974548339855 3.5000000000000004 1.0000000180025095e-35 2.9388679265975957 5.1720471382141122 1.5000000000000002 6.9478189945220956 2.8888261318206792 180.00000000000003 3.5000000000000004 2.3124864101409917 10.500000000000002 9.5000000000000018 7168.0000000000009 5120.0000000000009 112.00000000000001 280.00000000000006 4.2844183444976816 3.5000000000000004 2.7361353635787968 180.00000000000003 280.00000000000006 3.6050398349761967 7168.0000000000009 11.182208061218263 112.00000000000001 1.5000000000000002 280.00000000000006 5.9098556041717538 7168.0000000000009 7.5000000000000009 1.4978661537170412 9.5000000000000018 13.500000000000002 1.5000000000000002 2.8617925643920903 1.5000000000000002 5.6077513694763192 4.0769624710083017
decision_type=2 2 2 2 2 2 2 2 2 2 2 2 2 2 2 2 2 2 2 2 2 2 2 2 2 2 2 2 2 2 2 2 2 2 2 2 2 2 2 2 2 2 2 2 2 2 2 2 2 2 2 2 2 2 2 2 2 2 2 2 2 2
left_child=2 11 5 4 33 17 16 13 10 60 30 12 -2 -8 27 41 55 18 36 20 28 -22 45 47 25 26 -25 50 -19 -9 59 32 -32 -4 35 52 37 38 39 -1 -41 44 -43 -44 -12 -23 -21 56 49 -42 -7 -17 -35 54 -20 -6 -24 -14 -45 -3 -10 -46
right_child=1 8 3 -5 6 14 7 29 9 -11 15 -13 57 -15 -16 51 -18 19 53 46 21 22 23 24 -26 -27 -28 -29 -30 -31 31 -33 -34 34 -36 -37 -38 -39 -40 40 48 42 43 58 61 -47 -48 -49 -50 -51 -52 -53 -54 -55 -56 -57 -58 -59 -60 -61 -62 -63
leaf_value=0.091964996226962595 -0.032000478509175569 0.0071514474611388892 0.042119338330843303 -0.076009769840887295 0.094873161940291328 -0.14531442257497842 0.041763857743851038 0.022763674725608064 0.0065209179185759655 -0.10230497560256485 0.052075571737131232 -0.019665973661653416 -0.10406899907843588 -0.068093587657119356 0.046316480019213326 -0.039104628689204037 -0.019677008066930519 -0.012536056860078082 0.036710827452848947 0.042640681666815727 -0.029224452088827502 0.031265270401585464 0.0084755925923007489 0.075494012653860007 0.030074821601210083 -0.10733124903227696 -0.0014160500532736206 0.030350193566859397 -0.057727524990439961 -0.19558894785278957 -0.034810446381069608 -0.062819858109481569 0.049287581402427942 -0.11452845194345831 -0.065113796399578663 0.01094241451156642 0.026871073119129681 -0.10730557427728192 0.046050459973038659 0.0028282398107701491 -0.027564152095594381 0.02933511716272947 0.015615434546725203 -0.023916767505198666 -0.029316117352475309 -0.057222507184008425 -0.0078947088647562565 -0.021554694219370736 0.0060155868654713576 -0.13211077887082087 -0.005385535608266631 0.054492282959462818 0.070004997557664858 0.0078453770961653263 0.096360203928581689 0.0447471596030872 0.10238570950179016 -0.058029618135548855 -0.091352517657511165 -0.082087797656175701 -0.032677429273060575 0.056068738757997921
leaf_weight=11.511765214258046 180.64030011434079 137.6714646078035 12.839720340460188 95.860477591294512 35.574099100567764 8.4893389265343995 16.016407026530942 117.80375393077156 84.576747916726163 37.707450031261033 121.25561744363222 281.18466644861292 68.184234804448351 68.000133319646011 312.26554923922504 55.78503524446387 20.908890303333465 295.08848397182192 38.138608539476991 125.99109307488106 87.609891897187481 15.137015614607661 145.93499231923852 21.264833803870715 456.43479480978203 11.286119743774178 139.78400483858422 17.675751174334437 59.135692416908569 2.0687660475523435 24.148848598193581 87.879076592840647 29.740257591867703 12.080754836515551 96.226207930099008 44.909321533683396 195.84620544986683 11.776695207423471 46.493047433690663 103.10628318876843 18.296251660158305 180.15731603972381 179.86854764471354 25.705294034189137 27.177593297165004 43.426126880498487 44.815123829961522 116.48496238400367 16.416781752239331 17.492353361285495 7.5020750721014329 10.52426183373427 2.5661923859734079 23.800078180425771 45.938597926171497 109.20051968583539 8.0443771865611762 56.807544430595954 31.680328883554466 8.4074431652479671 74.443304574524518 11.833231547330795
leaf_count=994 35278 10210 1770 219067 13424 1394 13966 33317 6453 21938 9221 114910 56362 147120 23252 16758 2257 86362 808 8492 53177 4037 21782 456 43907 3957 9437 1315 14235 1002 2301 28596 2022 4170 204366 7130 2639 531 5899 2632 1418 8556 15516 2868 4580 31261 5858 125224 2367 1728 824 6254 2910 2538 952 27070 1224 38285 9769 4073 8369 586
internal_value=0.000182827 -0.0133407 0.00771651 -0.0119203 -0.000505044 0.0128085 0.016683 -0.00826159 -0.00104708 -0.0291711 0.00489043 -0.0369838 -0.0529164 -0.047151 0.0396767 0.0142208 0.0473796 0.00838092 0.0203987 0.00433413 0.00127744 0.00851433 0.0119663 0.0149827 0.0221437 0.00113774 0.00873913 -0.0219075 -0.0200805 0.0189953 -0.015984 -0.0345307 0.0116015 -0.0381764 -0.0447944 -0.0119639 0.0113406 -0.00217191 0.00363227 -0.00818952 -0.015613 0.0186367 0.0109839 -0.00295101 0.0385682 -0.0343508 0.0293815 -0.00166485 -0.0520347 -0.0786633 -0.0796694 -0.0242494 -0.0821976 0.0557436 0.0693024 0.0570641 0.0133818 -0.0831445 -0.0611454 0.00201536 -0.0118293 -0.00341616
internal_weight=4794.62 1715.38 3079.24 634.055 538.195 2445.19 369.573 203.889 1128.56 196.728 931.834 586.817 305.632 84.0165 345.933 643.987 165.684 2099.25 528.817 1570.44 1399.63 1045.41 957.797 899.234 628.77 172.335 161.049 33.6672 354.224 119.873 287.847 141.768 53.8891 168.622 155.782 59.5563 420.939 225.093 213.316 166.823 155.312 577.678 417.411 237.254 160.266 58.5631 170.806 270.464 52.2054 35.7886 15.9914 66.3093 14.6469 107.877 84.0772 144.775 153.979 124.992 57.3856 146.079 159.02 39.0108
internal_count=1539174 402905 1136269 677569 458502 458700 238156 195405 158070 36760 121310 244835 129925 161086 26785 74108 42751 431915 22506 409409 395059 294462 241285 205987 57757 13850 9893 3533 100597 34319 47202 32919 4323 220346 218576 14210 18208 15569 15038 9139 8145 51096 36709 28153 14387 35298 14350 148230 5513 3146 2218 23012 7080 4298 1760 40494 23006 94647 12637 14283 14822 5166
is_linear=0
shrinkage=0.1


Tree=34
num_leaves=63
num_cat=0
split_feature=28 28 3 48 13 20 32 31 3 28 3 19 46 49 50 38 18 46 23 30 0 18 14 38 0 30 23 28 18 39 49 3 30 19 14 42 28 19 19 36 3 13 18 18 21 35 14 13 32 19 0 28 3 51 35 24 16 27 8 13 19 31
split_gain=47.0641 109.859 39.8422 28.8933 25.1337 25.9546 19.4528 22.5711 13.2406 12.7555 24.6225 18.4733 14.6419 11.889 13.9773 13.1767 13.8261 11.442 25.1586 15.8169 11.2137 10.7543 10.4156 10.0052 9.70694 9.47645 9.94467 9.38203 8.87142 8.60912 8.59101 9.1873 8.5271 8.72472 8.70937 26.4125 15.3688 12.3638 10.7318 13.876 12.0727 8.71258 8.42247 10.5901 8.96396 8.21296 7.94471 10.7031 10.1765 7.67092 7.64423 7.53456 7.50959 7.43461 7.55197 7.47187 7.28394 7.77903 7.19192 7.64518 7.08218 8.77919
threshold=1.0000000180025095e-35 6.0000000000000009 5.1720471382141122 1.0000000180025095e-35 2.2499048709869389 48.000000000000007 20.000000000000004 40.000000000000007 5.1720471382141122 24.000000000000004 5.1720471382141122 80.000000000000014 5.5000000000000009 7.5000000000000009 5.5000000000000009 3.5000000000000004 8.0407161712646502 1.0000000180025095e-35 2352.0000000000005 80.000000000000014 4.8278014659881601 11.751240253448488 2.4181410074234013 5.5000000000000009 5.5169365406036386 112.00000000000001 1900.0000000000002 96.000000000000014 8.0407161712646502 1.5000000000000002 10.500000000000002 6.9478189945220956 112.00000000000001 100.00000000000001 1.7005987167358401 1.5000000000000002 96.000000000000014 180.00000000000003 280.00000000000006 7.0000000000000009 4.4845800399780282 2.0126758217811589 5.8946759700775155 9.2058725357055682 112.00000000000001 1.5000000000000002 4.2844183444976816 2.8617925643920903 6.0000000000000009 100.00000000000001 3.3576917648315434 48.000000000000007 5.5169365406036386 1.0000000180025095e-35 1.5000000000000002 17137926144.000002 1.4978661537170412 -1.0000000180025095e-35 0.89587974548339855 3.4811217784881596 280.00000000000006 120.00000000000001
decision_type=2 2 2 2 2 2 2 2 2 2 2 2 2 2 2 2 2 2 2 2 2 2 2 2 2 2 2 2 2 2 2 2 2 2 2 2 2 2 2 2 2 2 2 2 2 2 2 2 2 2 2 2 2 2 2 2 2 2 2 2 2 2
left_child=3 2 49 8 45 24 9 22 21 10 11 20 42 14 15 53 52 18 25 30 -3 -1 -8 -21 -6 26 -10 -16 -13 -25 46 -32 34 -34 36 37 58 -36 39 41 -41 -37 -12 -44 -45 -4 -19 48 -48 -2 -5 -42 -17 54 55 -11 57 -28 59 -9 61 -31
right_child=1 6 4 50 5 -7 7 32 17 13 12 28 -14 -15 27 16 -18 19 -20 23 -22 -23 -24 29 -26 -27 56 -29 -30 60 31 -33 33 -35 35 38 -38 -39 -40 40 51 -43 43 44 -46 -47 47 -49 -50 -51 -52 -53 -54 -55 -56 -57 -58 -59 -60 -61 -62 -63
leaf_value=0.0027114497420456258 -0.056174549617389373 -0.080311024772155667 0.049673656477408956 -0.13779115964178365 -0.061520159068831216 -0.083856019946971491 -0.022989163397476801 0.01669435267047777 0.081403034013698888 -0.02804184638745115 -0.063233138066385725 0.044505202500949061 -0.021542708057839855 -0.040304911035392861 0.016300277588811495 0.047566184619193291 0.023134251788944342 0.018832595057342472 0.058269849023303379 -0.05202745927430194 0.036259302294038391 0.026561733056413267 -0.074490146907610785 -0.045298479801367808 0.0026389858358408869 0.055343208135753379 -0.13160240342650878 0.048887457714291697 -0.069601043583661412 0.066981467333342329 0.034732179091569761 -0.25523220719639345 -0.011779934509326658 -0.085552006103387146 -0.0094685217810717443 -0.029133359649797921 0.043236711559481264 -0.073362120918849902 -0.042209878551611207 0.034212720710651838 -0.018708612315577709 0.033921367130898654 0.094034457237787611 0.046041852098172527 -0.0150363178949873 -0.029763894488935273 -0.058141208428582197 -0.051843384942625394 0.033698527951143184 -0.094822878572102878 0.063711666839940659 -0.088087431668715063 -0.089416744936495651 -0.055746631021726806 -0.059376455546513586 0.0081935013160136776 -0.018186184099645324 0.030212090402141609 0.019441590591807858 -0.043019711779888059 0.08334737284496338 -0.0023759074125311924
leaf_weight=287.13560686568235 79.971604818583728 10.439274925513017 49.669354841025779 1.9117018657561846 31.072866813063229 85.635340852395075 97.763898717501434 32.437903636600822 5.1130413562059394 69.232865124060481 8.6121527459908958 7.3113078199676229 77.371638028399957 41.139652900551482 194.45199157960269 5.2212570334959336 449.97697848883217 27.712309855261992 82.062724119154154 18.072510678117396 39.390533900532319 553.49811834110733 65.631929658817171 14.171164689330906 97.805961564157769 10.661034571472554 18.2607495180564 161.9159769553662 100.08422261881697 28.711230499131489 30.367567697874623 1.1334789523716597 49.620293716048764 23.68261180204172 50.954086138459388 24.782253210622002 110.16894495696761 74.663451467080449 41.257482210924536 31.516472051633173 51.854008299043926 189.30356452531851 27.522107233198767 67.623532181920382 37.272582823879929 17.636483854461403 18.844663416442927 150.05384270175819 33.538086864602519 143.5192797520649 123.91619475822154 22.42170841373445 17.138911812988226 26.854439942600948 21.325439688636834 319.63545914455426 17.159794508479536 3.5481875995174077 69.786819108150667 63.240727194177452 25.699145609472907 50.089795948948449
leaf_count=9554 36266 3135 5856 209 17344 224729 14493 2664 139 9596 1196 1159 95287 47974 67440 611 88859 5057 1714 3732 10868 58598 62382 2127 29540 359 565 33666 100447 1581 5383 356 7499 24052 4736 1964 3263 28283 17850 3587 8668 21807 2787 21171 14538 8726 1569 49018 3032 216448 5597 5780 3577 58355 7992 57047 334 270 6117 5562 2758 3901
internal_value=0.000186858 -0.00669055 -0.0494616 0.0147825 -0.0244561 -0.0411839 0.00136905 -0.00968375 0.0105876 0.00793224 -0.00830867 -0.0384842 0.0134144 0.0126002 0.0143197 0.00774146 0.0193204 -0.001707 0.0232446 -0.0102752 0.011838 0.0184152 -0.0436758 0.0172868 -0.0128299 -0.0292604 -0.0497216 0.0311063 -0.0618329 0.0278427 -0.0246797 0.0242986 -0.00303756 -0.0356141 9.46523e-05 -0.00794834 0.0142981 -0.047445 0.00579021 0.0119812 -0.0176471 0.0266222 0.0325924 0.0388247 0.024339 0.0288582 -0.0313835 -0.0382577 0.000659237 -0.0809934 0.0606502 -0.0396521 -0.0574303 -0.00477237 -0.00143521 0.00174228 -0.0669263 -0.105276 -0.00496963 -0.0227749 0.0377614 0.0228945
internal_weight=4688.58 3186.92 505.311 1501.66 281.82 214.514 2681.61 999.086 1375.83 1682.52 375.627 157.225 218.402 1306.89 1265.75 909.385 472.337 535.199 136.806 398.394 49.8298 840.634 163.396 136.744 128.879 54.7428 44.0818 356.368 107.396 118.671 261.65 31.501 835.69 73.3029 762.387 486.753 275.634 125.618 361.135 319.878 105.792 214.086 141.03 132.418 104.896 67.3058 230.149 202.437 52.3828 223.491 125.828 74.2757 22.3602 437.048 410.194 388.868 38.9687 21.8089 165.465 95.6786 104.5 78.801
internal_count=1539174 1383321 538909 155853 286195 271613 844412 218707 150047 625705 250588 115609 134979 375117 327143 226037 93047 81895 3381 78514 14003 68152 76875 14099 46884 1667 1308 101106 101606 10367 64415 5739 141832 31551 110281 92675 17606 33019 59656 41806 18035 23771 39692 38496 35709 14582 58676 53619 4601 252714 5806 14448 4188 132990 74635 66643 1169 835 14343 8226 8240 5482
is_linear=0
shrinkage=0.1


Tree=35
num_leaves=63
num_cat=0
split_feature=28 28 3 48 29 47 14 32 32 18 32 32 14 38 28 28 19 38 28 18 18 34 8 28 3 1 18 3 47 49 50 22 34 19 18 14 44 18 34 34 44 8 14 47 18 13 8 22 13 28 8 13 15 19 22 35 12 19 37 14 27 20
split_gain=38.8712 95.7773 36.9523 26.1148 19.5158 17.4968 24.5683 16.2355 20.1338 12.6311 11.6799 11.2983 10.9901 20.7178 12.8511 9.94243 9.93028 10.5228 14.0495 16.5346 10.9617 10.9778 9.84964 9.62321 39.8912 18.2039 17.5372 17.875 16.6612 11.2806 11.0063 18.3396 12.5559 10.752 10.3298 9.12936 8.57797 8.52996 12.2067 8.4908 8.19834 8.05142 8.41675 12.3495 8.72052 7.81474 12.7684 7.96375 7.37769 7.26657 10.1919 7.23279 7.1883 6.89715 6.72147 6.66774 16.3388 6.97071 12.1783 10.5811 8.64715 17.8116
threshold=1.0000000180025095e-35 6.0000000000000009 5.5169365406036386 1.0000000180025095e-35 112.00000000000001 29.500000000000004 6.3848304748535165 20.000000000000004 40.000000000000007 12.798708438873293 6.0000000000000009 20.000000000000004 1.4978661537170412 1.5000000000000002 96.000000000000014 24.000000000000004 280.00000000000006 3.5000000000000004 48.000000000000007 11.974382400512697 8.8349494934082049 5.0000000000000009 0.89587974548339855 48.000000000000007 5.3611156940460214 4.5951199531555185 9.8423075675964373 5.5169365406036386 11.500000000000002 7.5000000000000009 5.5000000000000009 7168.0000000000009 1.5000000000000002 80.000000000000014 5.8946759700775155 5.5169365406036386 -1.0000000180025095e-35 9.671854496002199 1.5000000000000002 1.5000000000000002 -1.0000000180025095e-35 0.89587974548339855 6.4873874187469491 10.500000000000002 8.0407161712646502 2.9700856208801274 0.89587974548339855 7168.0000000000009 2.6735538244247441 96.000000000000014 0.89587974548339855 2.1383330821990971 5.7189338207244882 100.00000000000001 7168.0000000000009 3.5000000000000004 2.4414010047912602 280.00000000000006 3.0000000000000004 4.1426305770874032 2.5000000000000004 48.000000000000007
decision_type=2 2 2 2 2 2 2 2 2 2 2 2 2 2 2 2 2 2 2 2 2 2 2 2 2 2 2 2 2 2 2 2 2 2 2 2 2 2 2 2 2 2 2 2 2 2 2 2 2 2 2 2 2 2 2 2 2 2 2 2 2 2
left_child=3 2 5 9 -4 53 -7 23 15 11 54 37 14 -14 -10 -9 17 -15 20 -20 -19 -22 -21 24 25 33 27 39 34 30 31 35 -33 -3 -26 -28 48 38 -1 -25 -11 42 44 -44 -35 -36 47 -47 -12 -37 -51 -16 -13 -2 -6 57 -57 60 59 -59 61 -39
right_child=1 7 4 -5 10 6 -8 8 12 40 36 52 13 16 51 -17 -18 18 19 22 21 -23 -24 26 28 -27 29 -29 -30 -31 -32 32 -34 41 45 49 -38 55 -40 -41 -42 -43 43 -45 -46 46 -48 -49 -50 50 -52 -53 -54 -55 -56 56 -58 58 -60 -61 -62 -63
leaf_value=0.0057692839147892297 -0.058008070504697487 0.0091472216660818985 -0.054707437336901289 0.057683373287163733 -0.066045982950631993 -0.12797429196301444 0.10538778457657477 -0.059465614863024201 -0.00072797714887304571 0.01305043166893783 0.053876752330286548 -0.0053364215458139453 -0.050780683005239906 0.038996792757712367 -0.05176251459076138 -0.019194490372489027 -0.042428210101955396 -0.081338200385746559 -0.098949512730282907 0.019627752867844281 0.0014541410397164221 0.055863290156675377 -0.085011959034253223 0.038986043271160765 -0.06734874068906431 -0.08814479518003554 0.026983965881613333 -0.084680056413193858 -0.033614656180579218 -0.046419652620908268 0.036585305080603293 -0.066601130342869491 0.11989502925875291 0.034138894087964215 0.060315667437091908 0.017156865368776569 -0.063334118683969806 0.014034344966893993 -0.063430057600331852 -0.050391620587709587 0.058645307012278158 0.020015930440978671 0.015200092129150182 -0.088668332366987956 -0.056310892721768861 0.0063441202665308312 0.094362758373315203 0.066704134565482576 7.3057701445471845e-05 -0.013200493912519691 -0.13896449942789241 0.062316871196301304 -0.061597543220981536 -0.093245477516757491 0.40528813031113842 0.07335054351583771 -0.2615401704616892 0.009582390526144199 0.041369514533331188 -0.048620551827178539 0.0090332674070260528 0.074494397241599383
leaf_weight=112.6132787010647 87.508479754471409 116.32097752322079 85.900954838221878 122.25793921857985 22.208636730659695 7.184012261277533 12.126968481828952 82.871117594242605 104.96117495233193 78.306910528968729 53.756947128786123 322.27967123730195 88.025348585271786 86.020634419837734 6.036995119880884 235.59262238487099 42.602716512998086 11.121195536965386 27.485290349824936 41.128807729008258 101.47857398502674 58.436603497641045 11.513799316075163 32.255105444142828 10.03283468390873 38.56069550419852 333.53742277180027 34.637169987487141 43.936763256187987 26.058817562901822 277.57264055833002 40.046406819164986 3.9676845155772744 11.615344890917184 89.783111972465122 87.653626289836211 11.331140718248205 135.65562367393795 32.950004881975474 15.85294922912726 79.445677902804164 30.659217863139929 55.128901588948793 14.446260354210606 129.49947745912596 146.91443069391516 23.184888370757108 25.679057675972217 48.460173931111058 64.215321481899082 7.1625188938924103 69.995330846693832 24.4311397810161 152.08534833459998 0.30673527254111732 33.923844283286599 1.5222171852365125 63.372503123478964 45.397428202581068 61.592951289339908 283.16283401825058 76.039602443808235
leaf_count=2695 49270 27956 141991 5795 29852 1761 1786 54427 9293 2788 3131 32738 19062 5927 354 78901 18765 1082 4488 6635 11831 5020 751 1662 2012 23192 55892 5773 71333 32023 67365 19191 927 1289 10087 32572 16398 2630 2512 2057 3571 4307 28946 55814 92116 49957 2939 5972 6803 31877 679 1904 6137 287938 512 2263 36 2393 5172 23310 61994 1625
internal_value=4.56583e-05 -0.00629776 -0.0473279 0.0134257 -0.0173891 -0.0729952 0.0185731 0.00121565 -0.00908106 0.00941969 0.00617114 0.00590311 0.00102684 -0.00706857 0.021951 -0.0296739 0.00306281 0.00881052 -0.0015279 -0.0360823 0.0146603 0.0213365 -0.00325866 0.0072201 -0.00131082 -0.0228652 0.0140208 -0.0299043 0.023843 0.0183465 0.0204195 0.012057 -0.0497893 -0.0158273 0.0323834 0.0175834 0.0192178 0.0121324 -0.00989482 0.0095336 0.0360124 -0.0278641 -0.0348315 -0.00636666 -0.0488659 0.0358874 0.0246847 0.0153247 0.0283689 -0.00213259 -0.0258205 0.0532589 -0.00930089 -0.0803755 -0.0596248 0.0167085 0.0589688 0.0144567 -0.00298982 -0.0191047 0.0204629 0.0357512
internal_weight=4579.81 3106.86 480.869 1472.95 221.965 258.905 19.311 2625.99 967.27 1350.69 136.064 1192.94 648.806 467.813 180.994 318.464 379.788 337.185 251.164 80.1279 171.036 159.915 52.6426 1658.72 735.762 396.231 922.96 82.7452 339.531 840.214 814.156 536.583 44.0141 357.67 295.594 492.569 113.548 846.23 145.563 48.1081 157.753 241.349 210.69 69.5752 141.115 285.561 195.778 172.593 102.217 159.031 71.3778 76.0323 346.711 239.594 22.5154 700.667 35.4461 665.221 170.363 124.965 494.858 211.695
internal_count=1539479 1383820 539442 155659 198687 340755 3547 844378 218440 149864 56696 143505 85112 73561 11551 133328 54499 35734 29807 11874 17933 16851 7386 625938 375920 233620 250018 9492 142300 240526 208503 141138 20118 210428 70967 121020 26332 104630 5207 3719 6359 182472 178165 84760 93405 68955 58868 55929 9934 65128 32556 2258 38875 337208 30364 99423 2299 97124 30875 25703 66249 4255
is_linear=0
shrinkage=0.1


Tree=36
num_leaves=63
num_cat=0
split_feature=32 32 28 28 18 24 48 0 36 19 36 15 36 18 31 28 3 1 47 50 22 34 18 32 0 1 43 46 47 49 14 19 3 47 47 0 19 28 28 18 3 18 37 3 0 38 3 28 47 0 50 36 0 19 28 28 18 28 26 19 19 28
split_gain=36.5244 39.3334 21.3615 57.983 21.8903 23.4552 18.1721 15.1815 14.0467 22.1503 12.7306 17.3954 12.1608 9.80379 11.3598 9.23681 35.1499 15.2155 14.5712 14.2212 13.6999 12.7038 12.0262 12.6627 11.5396 9.33593 8.99918 8.72905 8.65862 10.8191 8.35339 13.8442 8.25993 8.03425 8.54819 12.2878 7.94608 7.5852 7.91881 8.96297 7.08171 7.05886 7.01119 6.91309 6.88771 6.65486 6.62361 6.5681 6.34446 8.71351 8.28987 6.08353 9.03987 15.4928 9.56042 7.03745 10.8685 6.74823 6.35613 7.19989 6.07821 6.66272
threshold=20.000000000000004 40.000000000000007 1.0000000180025095e-35 6.0000000000000009 7.6698923110961923 17137926144.000002 1.0000000180025095e-35 6.3293142318725595 7.0000000000000009 100.00000000000001 3.5000000000000004 4.1426305770874032 1.5000000000000002 9.671854496002199 120.00000000000001 48.000000000000007 5.3611156940460214 4.5951199531555185 11.500000000000002 5.5000000000000009 7168.0000000000009 1.5000000000000002 9.671854496002199 6.0000000000000009 5.0290689468383798 3.2059091329574589 1.0000000180025095e-35 11.500000000000002 10.500000000000002 7.5000000000000009 2.8888261318206792 180.00000000000003 6.2383227348327646 8.5000000000000018 6.5000000000000009 6.208071470260621 80.000000000000014 48.000000000000007 1.0000000180025095e-35 11.39281225204468 7.2464921474456796 7.6698923110961923 1.5000000000000002 6.070054531097413 3.3576917648315434 3.5000000000000004 2.3124864101409917 24.000000000000004 21.500000000000004 5.7189338207244882 17.500000000000004 3.5000000000000004 2.7361353635787968 180.00000000000003 48.000000000000007 3.0000000000000004 10.0105357170105 96.000000000000014 1.5000000000000002 180.00000000000003 280.00000000000006 1.0000000180025095e-35
decision_type=2 2 2 2 2 2 2 2 2 2 2 2 2 2 2 2 2 2 2 2 2 2 2 2 2 2 2 2 2 2 2 2 2 2 2 2 2 2 2 2 2 2 2 2 2 2 2 2 2 2 2 2 2 2 2 2 2 2 2 2 2 2
left_child=2 10 6 4 -4 7 13 32 12 -10 11 -2 30 14 -1 16 17 36 24 20 22 -22 23 -17 -18 -26 -14 -15 -9 -30 37 45 -6 34 35 -24 -5 38 39 -3 -7 -38 -29 -31 -8 -32 -35 -43 -20 -50 -51 58 57 54 55 56 -54 -53 59 -28 61 -12
right_child=1 8 3 15 5 40 44 28 9 -11 60 -13 26 27 -16 19 18 -19 48 -21 21 -23 33 -25 25 -27 51 42 29 43 31 -33 -34 46 -36 -37 41 -39 -40 -41 -42 47 -44 -45 -46 -47 -48 -49 49 50 -52 52 53 -55 -56 -57 -58 -59 -60 -61 -62 -63
leaf_value=-0.0021654821686043243 -0.031435274061216455 -0.040895535253048239 0.018077993837371305 0.0053511557069106531 -0.088258998153893028 -0.087619001096775936 -0.12320263886605053 0.21379667749456066 -0.009961130190215349 -0.10152926377186391 0.018479065794875061 -0.084931453790447364 -0.082686133212477142 0.019909738309840649 -0.10448070287383976 -0.075176812306524052 -0.0076212955336998692 -0.085856241125208427 -0.069225090845591239 0.031710344121147191 -0.065537105752222685 0.10129869563264432 0.020276155666855655 0.017596259543068659 -0.044273522065399397 0.044634083202718902 -0.1756319778238711 -0.068314375974007677 -0.081912661540133214 0.091907905920321165 -0.031730862120996454 -0.060049242357146398 0.057537266707371061 0.052577449171367897 0.049753442363094896 -0.027090994263003734 0.041436920986214987 0.030867199975214733 -0.047126255611082496 0.050961743157594719 0.11256875014229135 -0.050030717962889409 0.035465465336729375 -0.16827477952432288 0.058212157188474827 0.042783393107767631 -0.041759599426995177 -0.015220308446123374 0.055925013921276745 -0.021417479853083357 -0.28043367782968531 0.013266707088108304 0.052595010353292282 -0.05511095007094078 -0.043480124228310595 0.030260839448930096 -0.033083778906265369 0.057224249067813586 0.045635953619100326 0.0098370139104967565 -0.042660934456344717 -0.021930414386048997
leaf_weight=132.00110990832763 181.29141411171804 17.897245728294365 41.186662994878134 114.42562358183022 19.829573579070715 129.19566763122293 2.1310294688737477 2.8889310059275912 147.72259089440922 32.170635539809155 60.4409737458991 91.443159643414219 9.8259604619961447 757.42505886029221 11.823442097462246 32.688766180828679 65.5237756861261 34.497824862914968 22.692329193091609 291.34639770913418 41.511758959295548 5.1278868943045373 326.81127750897758 26.753525615553372 12.478604202573477 220.70183019961269 2.1938853345127418 20.36837840745466 6.2293145053954531 14.651070760828587 22.005547344873776 73.519001830485649 4.8328858429103994 9.1343137309304421 72.310055126203224 65.792614516023605 14.214176390960345 57.835391854503541 41.851945608435926 26.133036591112614 1.7916144825012441 100.7000097252585 9.5675817997143877 1.0977247059054196 116.68939272178977 26.32250423233927 40.188665338013379 117.38806625182951 13.049693924313035 5.1025493521465242 1.6304873446933923 118.01207609535777 20.644212925210013 47.530812275816061 31.556566495331936 124.40919874157407 52.348902718673344 49.603292944375426 100.40374121973582 45.547061584369658 74.144842391739985 125.57530032289469
leaf_count=3949 45200 685 5493 27956 19122 342859 205 3830 14862 22003 7158 84949 15280 75134 1258 6242 24374 23192 64794 87407 21010 1152 46420 1571 2610 43983 195 20541 10738 2796 2285 28588 5163 496 1898 26233 1592 3076 9696 824 5854 120645 7643 232 5590 2000 57589 60235 4145 2279 115 7591 1653 12954 4716 9433 7190 944 8423 5764 43747 63918
internal_value=7.74212e-05 -0.0121573 0.0067318 0.000282424 -0.0477061 -0.0627153 0.0181304 -0.00409561 -0.000905321 -0.0263364 -0.0342759 -0.0493716 0.00436747 0.0134311 -0.0105766 0.00679329 -0.00165275 -0.0225203 0.0216642 0.0134859 0.00492645 -0.047194 0.0091638 -0.0334219 0.0294572 0.0398762 0.0122302 0.0178165 0.05104 0.0296463 -0.0134585 -0.0327201 -0.0596886 0.0140864 0.0181577 0.0123384 -0.0162187 0.00287201 -0.0159807 0.013624 -0.0848809 -0.0268434 -0.0351462 0.0737726 0.0549585 0.0088543 -0.024289 -0.0312937 -0.0331395 0.00825351 -0.0841414 0.0138049 0.00795127 -0.00315723 0.00762812 0.0157982 -0.00885175 0.0262753 0.0313528 0.00131398 -0.0184505 -0.00880044
internal_weight=4486.21 1580.43 2905.78 1855.77 221.703 180.517 1050.01 49.5295 1047.53 179.893 532.896 272.735 867.64 931.186 143.825 1634.07 722.405 381.226 341.179 911.665 620.319 46.6396 573.679 59.4423 298.704 233.18 602.076 787.361 24.867 21.9781 265.565 121.847 24.6625 514.237 464.914 392.604 346.728 143.718 85.8822 44.0303 130.987 232.302 29.936 15.7488 118.82 48.3281 49.323 218.088 42.4751 19.7827 6.73304 592.25 444.105 276.49 228.959 197.402 72.9931 167.615 148.145 47.7409 260.161 186.016
internal_count=1539479 403134 1136345 1022025 396087 390594 114320 41881 158162 36865 244972 130149 121297 108525 5207 625938 375920 233620 142300 250018 162611 22162 140449 7813 70967 46593 74143 103318 17596 13766 47154 32873 24285 132636 74551 72653 210428 14281 11205 1509 348713 182472 28184 3028 5795 4285 58085 180880 71333 6539 2394 58863 44481 35946 22992 18276 8843 8535 14382 5959 114823 71076
is_linear=0
shrinkage=0.1


Tree=37
num_leaves=63
num_cat=0
split_feature=32 32 45 45 46 47 36 29 36 15 28 28 15 18 31 36 47 30 32 4 0 14 14 22 0 20 22 0 22 18 26 28 28 15 38 3 3 31 1 30 28 28 14 46 28 15 50 38 3 35 0 49 4 28 46 47 47 24 30 47 18 50
split_gain=33.2643 33.3085 22.3933 17.4689 15.7887 26.1532 12.17 19.0271 11.7257 16.3827 10.6211 33.0597 20.0513 10.8136 12.4675 10.5754 9.82922 8.06956 7.86445 7.63136 7.60097 7.40889 7.32184 9.96762 7.24696 6.91552 6.96385 10.7642 43.3877 6.89982 6.19663 6.1689 19.9222 7.83671 6.0171 5.73783 5.62716 5.2879 5.53234 6.4267 5.26668 6.86979 5.25465 14.6789 10.8792 17.1977 8.89817 12.0688 9.61183 8.75336 7.96481 7.44816 6.91358 6.79137 6.74659 6.9965 7.5174 7.46362 8.4961 6.87715 6.73759 6.38421
threshold=20.000000000000004 40.000000000000007 1.5000000000000002 2.5000000000000004 11.500000000000002 11.500000000000002 7.0000000000000009 192.00000000000003 2.5000000000000004 4.1426305770874032 -1.0000000180025095e-35 3.0000000000000004 5.7189338207244882 10.0105357170105 120.00000000000001 1.5000000000000002 16.500000000000004 112.00000000000001 6.0000000000000009 0.89587974548339855 4.8278014659881601 5.9098556041717538 2.7361353635787968 7168.0000000000009 3.6941639184951787 48.000000000000007 7168.0000000000009 2.7361353635787968 3072.0000000000005 5.8946759700775155 1.5000000000000002 1.0000000180025095e-35 12.000000000000002 2.5152189731597905 3.5000000000000004 4.8278014659881601 3.1549592018127446 232.00000000000003 4.5951199531555185 56.000000000000007 96.000000000000014 1.0000000180025095e-35 6.2556321620941171 7.5000000000000009 12.000000000000002 5.5169365406036386 1.5000000000000002 3.5000000000000004 6.2383227348327646 1.5000000000000002 5.7957620620727548 5.5000000000000009 2.6590600013732915 12.000000000000002 5.5000000000000009 6.5000000000000009 2.5000000000000004 137422176256.00002 112.00000000000001 7.5000000000000009 8.8349494934082049 3.5000000000000004
decision_type=2 2 2 2 2 2 2 2 2 2 2 2 2 2 2 2 2 2 2 2 2 2 2 2 2 2 2 2 2 2 2 2 2 2 2 2 2 2 2 2 2 2 2 2 2 2 2 2 2 2 2 2 2 2 2 2 2 2 2 2 2 2
left_child=2 8 4 20 10 18 15 -8 9 25 13 12 -12 14 -1 22 24 -17 36 -14 -4 -19 -3 35 -5 26 27 28 -2 -13 -25 33 -33 -10 -32 -24 -6 38 -15 -40 41 -38 44 53 45 50 47 49 61 51 60 52 -46 -44 55 56 57 -55 -59 -57 -31 -48
right_child=1 6 3 16 5 -7 7 -9 31 -11 11 29 19 37 -16 17 -18 21 -20 -21 -22 -23 23 30 -26 -27 -28 -29 -30 42 34 32 -34 -35 -36 -37 40 -39 39 -41 -42 -43 43 -45 46 -47 48 -49 -50 -51 -52 -53 -54 54 -56 59 -58 58 -60 -61 -62 -63
leaf_value=0.00038380175068298845 0.26741658914755145 0.003950592232740498 -0.016039307075294804 -0.077922559292083471 -0.092717187588775507 -0.075796545817256866 -0.010797203121472129 -0.10081212688846597 0.13572934384350341 -0.089838277020898971 -0.085018989692068392 -0.05623216370850917 -0.046712465561981893 0.014872159945330504 -0.093335484784785372 0.01505784704649883 -0.079229909520897215 -0.039280684180133085 0.10099134282756701 0.044793242054932715 0.075703345292105817 0.053565481752626237 -0.028423540875611567 -0.13938761795283053 0.024084470990136317 -0.045579751617048615 -0.0096038713044120302 0.094709400926351384 4.1802319236844605 0.021564584886869836 -0.025443195711944002 -0.082704040731168951 -0.0094903901877022301 -0.003411290307247634 0.047407231148081694 -0.082692368729156196 0.039592070668653265 0.07801797436853472 0.057005047644734158 -0.0023780692496824778 0.060008514774374161 -0.029971760194880976 0.034913616945402862 -0.073077966688701451 0.00062101224082060401 0.02986938191275933 0.14841357509613756 0.017178417404724786 -0.047745587101023869 -0.067571572985536343 0.035089978234990965 -0.092740787660535173 -0.20319972301218794 0.082392682311599144 -0.07720552675175657 0.066895003334075373 -0.056925514572901285 -0.085846598404150695 0.015096725984217553 -0.0012583982009547016 -0.078798256435475014 0.035380650572942117
leaf_weight=170.96869653829708 0.20666893766610916 123.46456529028364 10.049331920534312 7.2195238963977308 6.349208548293972 65.164831176906773 145.35758843829535 28.006938026511307 4.251056805253028 68.803776042837853 69.641058520509887 18.529254195891554 15.865802577899556 599.20620503051214 15.47972278652014 528.22345495965237 10.388304158769186 50.359019218891262 8.0954283694154565 21.416211550291337 89.102489722834889 10.36325176584978 44.750158528457177 2.782502622321771 197.23634403835877 116.41352518187523 50.548225476966763 2.0078985793152242 0.03284271356824231 7.6828191344466168 20.7736973934243 50.294255222906031 142.39117848860587 84.687275842858071 24.96010924546863 34.504665380237384 21.167187097258648 15.200584918951789 68.028005500480504 24.893846344028134 14.31491526499485 43.107653206384384 46.497331413031134 30.473483913677228 319.06841681946753 40.233895078302794 5.1663048248055921 492.4551294997782 13.87018093507413 22.390308091467887 9.0092091181450069 8.9879484957800724 1.6729286657646287 9.683275509203666 13.109620960407481 22.483913919131737 34.995967308510444 11.981088907701631 27.421831021643811 43.35652194537397 51.707388425376848 152.35615248691829
leaf_count=5102 245 12930 2734 1179 4713 189860 15400 21465 85 72571 140579 3588 44509 67870 1587 51176 18582 16701 495 2867 16380 6266 7521 512 18997 38158 4897 206 444 2965 2022 60521 55774 12071 1880 22289 8916 1084 2817 1757 10480 73624 20577 131314 44499 41106 5393 66587 27034 6581 13009 8542 66 1531 4057 1309 5152 10878 10601 7649 51874 57901
internal_value=0.000111828 -0.0117699 0.00649022 0.0316847 0.00337816 -0.0272146 -0.00121612 -0.0253391 -0.032355 -0.048695 0.00540839 0.000238745 -0.0533341 0.0140269 -0.00739716 0.00376146 0.0156611 0.0110891 0.00681409 0.0058519 0.066405 -0.023435 -0.013416 -0.0301972 0.0204825 -0.0319654 -0.0019459 0.170295 0.803956 0.00438019 0.00550112 -0.0185453 -0.0286004 0.00323933 0.0143163 -0.0520502 -0.00216183 0.0196742 0.0183929 0.0410963 0.00515407 -0.00706279 0.00520321 -0.00822936 0.00806988 -0.0220087 0.0112861 0.0070702 0.0320607 -0.00706661 -0.0525245 -0.00295801 -0.00044208 0.00120207 -0.00841258 -0.00239715 -0.0215133 0.00373374 -0.0155967 0.0220154 -0.0658151 0.0390878
internal_weight=4389.21 1533.18 2856.03 313.996 2542.03 158.199 1013.55 173.365 519.637 238.013 2383.83 1490.06 106.923 893.777 186.448 840.181 214.844 588.946 93.0344 37.282 99.1518 60.7223 251.236 127.771 204.456 169.209 52.7956 2.24741 0.239512 1383.13 48.5163 281.624 192.685 88.9383 45.7338 79.2548 84.939 707.329 692.128 92.9219 78.5898 64.2748 1364.6 240.003 1124.6 108.633 1015.97 844.575 171.393 352.12 68.3994 329.729 320.741 209.53 163.032 149.923 84.0822 49.0862 39.4029 65.8404 59.3902 157.522
internal_count=1539479 403134 1136345 57872 1078473 288088 158162 36865 244972 116521 790385 710168 187955 80217 6689 121297 38758 74143 98228 47376 19114 22967 47154 34224 20176 43950 5792 895 689 522213 4414 128451 116295 12156 3902 29810 97733 73528 72444 4574 93020 82540 518625 193068 325557 108954 216603 126275 90328 59688 67848 53107 44565 61754 41177 37120 28162 23010 21479 8958 54839 63294
is_linear=0
shrinkage=0.1


Tree=38
num_leaves=63
num_cat=0
split_feature=32 32 50 47 3 50 46 14 47 47 46 33 24 39 49 0 38 38 19 14 38 31 49 51 37 15 28 28 28 18 51 47 3 28 3 38 19 22 22 30 22 26 15 16 30 15 31 15 30 31 24 14 27 0 12 28 30 15 16 18 18 18
split_gain=28.9335 28.0455 17.0207 14.7353 35.4364 17.8184 17.4006 18.8328 11.9202 10.81 10.752 15.6855 14.8266 10.7781 10.4307 10.0885 21.4643 10.3708 15.667 9.60387 20.1432 8.56154 8.27157 10.3663 8.2136 11.5244 7.97249 10.6278 12.1076 9.65403 7.46436 7.19508 7.26333 7.15502 8.04645 9.48881 7.12278 7.11205 21.4548 7.69201 8.10359 7.07831 7.05218 6.72823 10.212 34.4795 9.99087 9.40852 7.90992 7.62573 7.58753 6.6967 6.68882 7.59611 6.61599 6.48761 6.46154 10.873 6.34428 6.05579 6.27857 5.6667
threshold=20.000000000000004 40.000000000000007 10.500000000000002 8.5000000000000018 3.6941639184951787 1.0000000180025095e-35 9.5000000000000018 3.3576917648315434 6.5000000000000009 15.500000000000002 1.0000000180025095e-35 6.0000000000000009 240501391360.00003 1.5000000000000002 1.5000000000000002 2.7361353635787968 1.5000000000000002 3.5000000000000004 180.00000000000003 2.4181410074234013 1.5000000000000002 56.000000000000007 9.5000000000000018 1.0000000180025095e-35 1.5000000000000002 4.1426305770874032 96.000000000000014 1.0000000180025095e-35 24.000000000000004 12.259305477142336 1.5000000000000002 25.500000000000004 6.9047427177429208 96.000000000000014 4.1426305770874032 5.5000000000000009 280.00000000000006 7168.0000000000009 5120.0000000000009 112.00000000000001 3072.0000000000005 1.0000000180025095e-35 4.2324235439300546 0.89587974548339855 112.00000000000001 4.4845800399780282 120.00000000000001 5.3025121688842782 192.00000000000003 232.00000000000003 240501391360.00003 5.9098556041717538 7.5000000000000009 1.4978661537170412 2.4414010047912602 1.0000000180025095e-35 192.00000000000003 5.0290689468383798 1.844439744949341 8.978769779205324 13.046368122100832 8.978769779205324
decision_type=2 2 2 2 2 2 2 2 2 2 2 2 2 2 2 2 2 2 2 2 2 2 2 2 2 2 2 2 2 2 2 2 2 2 2 2 2 2 2 2 2 2 2 2 2 2 2 2 2 2 2 2 2 2 2 2 2 2 2 2 2 2
left_child=2 19 3 8 5 -5 -6 14 10 -7 12 21 37 -13 -8 26 58 36 33 -2 -21 -12 23 -4 25 -15 27 29 61 -3 -25 -24 -33 -19 -35 -36 -18 38 39 40 -1 -42 -38 46 51 -46 -26 56 49 -49 -48 -45 53 -14 -41 -10 -47 -58 -17 -28 -61 -29
right_child=1 15 22 4 6 9 7 -9 55 -11 11 13 52 24 -16 16 17 18 -20 20 -22 -23 31 30 43 -27 59 28 -30 -31 -32 32 -34 34 35 -37 42 -39 -40 54 41 -43 -44 44 45 47 50 48 -50 -51 -52 -53 -54 -55 -56 -57 57 -59 -60 60 -62 -63
leaf_value=0.1031457526573608 -0.016824446821923855 0.0037093200641912781 0.00037119448407302465 -0.057591192633843061 -0.0092739057864097228 0.064169701113880318 0.097178054092153174 -0.074372168957202792 0.10340268063287397 -0.0033765071513984952 -0.012955261608862352 -0.029195191415604244 0.033740858792119681 0.037969079653648548 -0.056206558613350402 -0.025482207098487211 0.035595954810884074 0.0040860968581125159 -0.053530376077350117 -0.09721633726450718 -0.028961831704939142 -0.056801164318415524 -0.0379141992766511 0.05824055491812842 0.0071353806217292308 -0.061898253264001113 -0.049128206316410218 0.024053192375396212 0.011301245028242694 0.07157423491185802 0.025036110663902707 0.02114079913773062 -0.19226975831676393 0.053435668446503826 0.069382320354446247 -0.10542382260554942 0.031732125542271575 0.020851255035511957 -0.12672047308912243 0.046553154381822906 0.045266190796326829 -0.022761180486394889 -0.055119893424910527 0.011098647878949555 -0.066858544622932656 0.042875770721273451 0.016307869485420408 0.04040878589028607 0.14446528011735543 0.12412009481991965 -0.067403845792458325 -0.042767830874052747 0.0028211768448140446 0.091411175820633919 -0.18599940743153551 0.027036558917760873 -0.096979418931633088 0.13078727083255054 -0.071502140187032631 0.061435528398258978 -0.035433836675158925 -0.067709825678286872
leaf_weight=6.1933415919993413 256.15483295331796 51.870783886755817 84.665117751799698 20.697213542072859 130.04107430181466 77.224872405884526 10.826058299371654 121.37656147933421 12.085902701786834 34.179728063503717 248.11916067124275 83.300716039502731 50.18345366907306 17.029073184445224 7.5084594905038093 66.822004897195256 111.49131105109336 347.59214291285934 63.572875160959484 55.969084561601449 190.08589169089282 54.276098577596713 34.82234642181902 126.2585315342908 207.14838613659322 35.946828040046512 6.6227222328307098 8.0362879659514856 73.018562276440207 35.176224586321041 145.97696732121949 76.795059864498398 1.6286121767734574 6.1146800474598448 3.7313568721001529 18.506561736707226 17.470623825107396 185.41171216473958 13.790375480544752 41.57930817003944 17.601649726741471 116.73999519369681 20.110678734758039 380.32265681941863 27.55580960322186 75.150551047525369 15.510300851189639 39.119379321753513 15.619112284271976 15.075869046879232 35.862674845577203 24.57039023726611 26.315656325348755 41.916581122190109 1.2604410878702754 139.85842538410179 8.2373876095516589 2.8111395210144101 54.298608172975946 61.855878303467762 7.5024961195886126 41.391228709951974
leaf_count=638 45697 1630 17004 11562 106165 31262 8068 413433 1607 13079 62526 52967 986 5262 7421 22705 10688 36090 40498 58891 140384 15100 62645 32630 81292 30117 354 1961 4688 661 13398 10542 238 431 218 3425 2497 2621 529 5426 258 7503 8903 33472 8034 6836 28229 2830 929 935 38807 2923 3481 1045 68 12771 1423 283 11451 1668 266 10028
internal_value=0.000115189 -0.0111126 0.006097 0.00260915 -0.0148185 0.0276159 -0.0355993 -0.0601027 0.00622176 0.043446 0.003935 -0.000907593 0.0163621 0.00521789 0.0343631 -0.00139063 -0.00777627 0.000112704 -0.00761786 -0.0303778 -0.0444874 -0.020825 0.0234599 0.0309316 0.00840318 -0.029796 0.0144846 0.0044203 -0.0145704 0.0311339 0.0404358 -8.72906e-05 0.0167089 0.000146019 -0.0481579 -0.0760927 0.0229051 0.00679128 -0.00643055 0.00261564 -0.00869224 -0.0138481 -0.0147445 0.0107924 0.0166999 0.0362643 -0.00265456 0.0544783 0.0817655 0.0636953 -0.04213 0.00782983 0.0472836 0.0599878 0.0397109 0.0331108 0.0323779 -0.0390274 -0.046113 0.0422335 0.0509572 -0.0527903
internal_weight=4307.99 1497.39 2810.59 2340.45 401.854 132.102 269.752 139.711 1938.59 111.405 1786.65 1285.66 500.993 983.26 18.3345 995.185 709.711 588.59 439.518 502.21 246.055 302.395 470.147 356.901 899.96 52.9759 285.474 209.493 122.446 87.047 272.235 113.246 78.4237 375.945 28.3526 22.2379 149.073 382.577 197.165 183.375 140.535 134.342 37.5813 846.984 588.462 183.569 258.521 156.013 69.8144 54.1952 51.373 404.893 118.416 92.1 42.8397 151.944 86.1991 11.0485 121.121 75.9811 69.3584 49.4275
internal_count=1539479 403134 1136345 999888 590990 55903 535087 428922 408898 44341 394520 371965 22555 294339 15489 158162 136906 102750 80662 244972 199275 77626 136457 63032 241372 35379 21256 18968 16677 2291 46028 73425 10780 40164 4074 3643 22088 17043 14422 13893 8399 7761 11400 205993 57665 21270 148328 13236 4694 3765 67036 36395 5512 2031 5494 14378 8542 1706 34156 2288 1934 11989
is_linear=0
shrinkage=0.1


Tree=39
num_leaves=63
num_cat=0
split_feature=28 28 3 48 28 3 19 18 3 13 50 42 8 30 13 28 19 18 35 18 18 18 0 22 19 33 46 49 34 31 28 44 0 0 28 46 24 22 22 14 49 0 30 14 4 24 18 16 19 33 22 16 22 30 3 50 46 3 49 16 8 27
split_gain=27.2284 61.5771 24.8512 17.3657 13.2673 41.8221 26.779 21.3821 19.595 26.9142 17.3007 15.0283 12.3669 14.1129 11.8792 11.6226 17.9884 10.9344 10.6289 10.6115 9.98158 8.88921 8.72341 12.7301 8.60117 8.55427 8.32726 12.7274 8.09747 8.70146 7.90381 7.76299 7.55873 7.34428 9.67093 7.18912 11.8585 8.62984 14.6868 7.70434 7.89431 7.16108 7.71238 11.0933 10.6102 7.40171 6.96781 6.90944 6.55552 6.47568 6.59739 6.41991 7.25278 8.46597 6.3988 6.28838 6.71225 6.39072 8.04781 6.28074 6.25393 6.17302
threshold=1.0000000180025095e-35 3.0000000000000004 5.6077513694763192 1.0000000180025095e-35 48.000000000000007 5.1720471382141122 80.000000000000014 9.0558362007141131 5.5169365406036386 2.6735538244247441 15.500000000000002 6.0000000000000009 0.89587974548339855 112.00000000000001 2.7403194904327397 96.000000000000014 80.000000000000014 12.489189624786379 1.5000000000000002 12.798708438873293 10.389364242553713 12.798708438873293 5.9098556041717538 7168.0000000000009 100.00000000000001 3.0000000000000004 5.5000000000000009 6.5000000000000009 1.5000000000000002 56.000000000000007 24.000000000000004 -1.0000000180025095e-35 4.4845800399780282 3.6941639184951787 24.000000000000004 1.0000000180025095e-35 240501391360.00003 7168.0000000000009 5120.0000000000009 6.7438817024230966 14.500000000000002 5.1720471382141122 80.000000000000014 5.7189338207244882 1.2424533367156985 240501391360.00003 8.978769779205324 1.844439744949341 80.000000000000014 1.5000000000000002 3072.0000000000005 1.844439744949341 7168.0000000000009 80.000000000000014 5.1720471382141122 5.5000000000000009 13.500000000000002 6.2556321620941171 10.500000000000002 1.844439744949341 0.89587974548339855 7.5000000000000009
decision_type=2 2 2 2 2 2 2 2 2 2 2 2 2 2 2 2 2 2 2 2 2 2 2 2 2 2 2 2 2 2 2 2 2 2 2 2 2 2 2 2 2 2 2 2 2 2 2 2 2 2 2 2 2 2 2 2 2 2 2 2 2 2
left_child=3 2 24 21 5 6 20 60 15 -10 12 25 13 -11 18 19 17 -17 -4 -6 -3 35 -16 -24 51 26 -7 -28 29 -27 -9 -23 54 34 -22 36 37 38 49 55 -41 47 43 45 -44 59 -18 -13 -21 50 -1 -2 53 -53 -5 56 -37 -57 -59 -43 -8 -38
right_child=1 4 14 32 8 11 7 30 9 10 -12 41 -14 -15 22 16 46 -19 -20 48 33 31 23 -25 -26 28 27 -29 -30 -31 -32 -33 -34 -35 -36 39 61 -39 -40 40 -42 42 44 -45 -46 -47 -48 -49 -50 -51 -52 52 -54 -55 -56 57 -58 58 -60 -61 -62 -63
leaf_value=0.10046869436877714 -0.077783846305663762 0.12588705419913002 0.043520187546879176 -0.11134083697390046 0.0066820670755179876 0.024288223440035513 -0.0081295611637864189 -0.066931957383367699 -0.080554772221342427 -0.019159374750721318 0.051091309394020505 -0.067192827153434956 -0.069730409165386142 0.037189535377745629 -0.06435373272343814 -0.046469980104084423 -0.02692450083386537 0.058471669729176903 -0.058989073176085122 0.045967206795756735 -0.073602396670539319 0.008872433244399321 -0.033578958999172688 0.1841727450220727 -0.096527287246495216 -0.098965651042218439 -0.068701525268608538 0.005954459725386039 -0.068506865634659478 -0.0006288807830748316 -0.036174239990519552 0.054478264305338357 0.058243879966055359 0.013698100389599656 0.025517969126894215 -0.0022775148051653923 0.056793499338855816 0.022147846346146666 -0.11444324314277532 -0.046406703231315842 0.081576414916914142 0.029594678717107692 0.019903449493016468 -0.062607734538992113 0.071838391417598721 0.052281206687644577 0.032729643392391837 0.023124340842573008 -0.062436677018996058 0.060469663198688267 -0.015350717297727518 0.067704229432297355 -0.083261994312886833 -0.082931949154793794 0.059535885218190143 0.045523466826291561 0.069186688468187499 -0.12142178841089568 0.063899377423794521 -0.032056433180431998 0.062756763746101063 -0.026711809320894099
leaf_weight=5.162480759456229 33.252202434494393 6.635545897523115 40.815622960639303 5.0914140771783405 368.66161779233698 119.76091077850651 45.098099485432613 176.46091462283403 51.261487934236357 170.58188694267483 50.693380556736884 15.999270019657159 33.227042547034216 60.109323365887576 50.892412050196981 51.667989141034923 20.457194381699082 12.290767066824626 13.4474722286468 6.5883282173781472 25.517890190909384 75.881414697032596 9.8008696582692192 3.6977153357565831 92.438808972619881 10.092788500461209 30.559191008194375 90.349214767606554 33.691712329385155 82.976870417849568 158.669628143105 73.454025418315723 98.567321907648875 114.83729410677734 16.024781739984974 586.16102069542649 81.637550258616102 163.17549591825809 12.675769168687109 54.263083365809507 5.2893704306334248 35.561734710881865 84.633871433433342 17.593152864978947 73.499860817471927 48.664533202263556 456.68153550648822 17.999898007459706 36.395270452892873 14.871740851958746 103.95351063649287 12.970078598234979 9.5408342911396193 5.2375654163770369 3.8475100002251565 54.513192970789532 13.444344150466348 5.5350547435155004 4.063684112374176 30.867976687753981 17.189961103809765 9.9292875344399345
leaf_count=595 36663 800 5457 456 99851 23585 9172 202790 12133 81973 9755 16529 4458 16566 74887 12373 2031 968 7578 685 4761 2788 24284 5901 210470 17909 127829 40683 40982 29543 67324 3571 5096 29803 1596 73793 1881 2155 478 37282 106 3962 23498 13126 8205 7939 89614 2533 5515 581 2579 1339 2353 392 243 12914 7345 2755 664 2789 3216 377
internal_value=0.000102342 -0.00547977 -0.0507183 0.011675 -0.000692659 -0.00806242 -0.0283697 -0.0423696 0.00630861 -0.0133628 -0.00241488 0.00837799 -0.0126923 -0.004477 -0.0163513 0.0138629 0.0234965 -0.0263037 0.0181164 0.00119974 0.00576095 0.00839344 -0.0453977 0.0260705 -0.0772941 -0.00547542 0.00559813 -0.0129146 -0.0264997 -0.0112929 -0.0523695 0.0313047 0.0502587 0.000663735 -0.0353674 0.00532397 0.0162409 0.00662197 -0.0119158 -0.000583853 -0.0350394 0.0240487 0.0291255 0.0113477 0.0440426 0.0226524 0.030172 -0.019377 -0.045821 -0.00143405 -0.00987109 -0.0481487 -0.0126357 0.0243726 -0.0377917 0.00250769 -0.000675145 0.0322751 -0.042965 0.00094718 0.0114333 0.0477384
internal_weight=4214.91 2843.39 272.094 1371.52 2571.3 1252.69 560.434 397.419 1318.62 365.873 314.612 692.251 263.918 230.691 118.654 952.743 541.097 63.9588 54.2631 411.645 163.016 1264.01 64.391 13.4986 153.439 367.431 240.669 120.908 126.761 93.0697 335.131 149.335 107.506 156.38 41.5427 1114.68 391.406 299.839 136.664 723.27 59.5525 324.82 290.821 132.687 158.134 115.094 477.139 33.9992 42.9836 123.988 109.116 61.0007 27.7485 18.2076 8.93892 663.717 599.605 64.1119 9.59874 66.4297 62.2881 91.5668
internal_count=1539479 1383820 369324 155659 1014496 678574 319462 282502 335922 124885 112752 359112 102997 98539 118107 211037 104986 13341 13035 106051 36960 149864 105072 30185 251217 280531 192097 168512 88434 47452 270114 6359 5795 36160 6357 143505 8646 6388 4233 134859 37388 78581 59519 27816 31703 14690 91645 19062 6200 3755 3174 40747 4084 1731 699 97471 81138 16333 3419 6751 12388 2258
is_linear=0
shrinkage=0.1


Tree=40
num_leaves=63
num_cat=0
split_feature=32 32 28 28 14 46 18 31 0 38 36 29 19 36 14 48 3 3 0 46 23 38 23 26 15 30 18 16 34 49 47 50 28 47 3 1 28 0 45 19 0 31 49 42 46 15 47 21 1 28 28 13 8 13 28 50 31 14 47 0 46 30
split_gain=31.1692 24.3846 13.5244 36.0158 18.7021 15.7785 11.6164 10.1324 9.32881 18.8149 11.1599 16.4607 8.98913 8.87495 13.9188 8.28853 8.10391 7.69213 7.12919 7.01244 6.28762 8.11792 6.07011 15.7652 5.97127 5.95486 5.93925 5.82897 5.82227 5.55418 7.7488 6.76386 15.4884 11.8807 10.8982 6.75276 20.6426 6.71608 5.94264 9.79584 10.6181 5.23866 5.18117 5.18076 5.14415 6.23877 10.3186 6.84186 6.55114 4.90664 10.2766 7.90376 9.04801 7.75229 5.31622 4.87279 4.8181 7.22028 4.76318 4.64114 11.4744 9.25001
threshold=20.000000000000004 40.000000000000007 1.0000000180025095e-35 6.0000000000000009 5.5169365406036386 7.5000000000000009 10.077298641204836 120.00000000000001 2.7361353635787968 1.5000000000000002 7.0000000000000009 192.00000000000003 280.00000000000006 3.5000000000000004 3.1316992044448857 1.0000000180025095e-35 6.8843524456024179 3.1549592018127446 3.026044607162476 11.500000000000002 2352.0000000000005 1.5000000000000002 2202.0000000000005 1.5000000000000002 4.2324235439300546 112.00000000000001 5.8946759700775155 1.844439744949341 1.5000000000000002 7.5000000000000009 25.500000000000004 5.5000000000000009 96.000000000000014 10.500000000000002 4.094205617904664 4.8278014659881601 96.000000000000014 6.978102684020997 1.0000000180025095e-35 100.00000000000001 5.4335694313049325 232.00000000000003 1.5000000000000002 3.0000000000000004 8.5000000000000018 5.8491752147674569 11.500000000000002 112.00000000000001 5.8303320407867441 48.000000000000007 1.0000000180025095e-35 4.7361600399017343 0.89587974548339855 2.1383330821990971 6.0000000000000009 17.500000000000004 232.00000000000003 5.1720471382141122 16.500000000000004 5.4335694313049325 -1.0000000180025095e-35 112.00000000000001
decision_type=2 2 2 2 2 2 2 2 2 2 2 2 2 2 2 2 2 2 2 2 2 2 2 2 2 2 2 2 2 2 2 2 2 2 2 2 2 2 2 2 2 2 2 2 2 2 2 2 2 2 2 2 2 2 2 2 2 2 2 2 2 2
left_child=2 13 6 4 16 20 7 -1 25 27 12 -12 22 14 -2 19 -4 -17 -19 41 -6 -22 23 -11 -14 49 -5 -10 -16 31 -31 33 38 35 -35 56 -37 -32 -33 -40 44 59 -42 -38 -41 46 47 -46 -48 50 51 -3 -53 -52 -55 -39 -28 -58 -20 -8 -61 -62
right_child=1 8 3 26 5 -7 15 -9 9 10 11 -13 24 -15 28 17 -18 18 58 -21 21 -23 -24 -25 -26 -27 29 -29 -30 30 37 32 -34 34 -36 36 43 55 39 40 42 -43 -44 -45 45 -47 48 -49 -50 -51 53 52 -54 54 -56 -57 57 -59 -60 60 61 -63
leaf_value=-0.00024030330868654365 -0.025963796670369379 -0.0034339258371647399 -0.085382162432923014 -0.069082870427269558 -0.04646342946597154 -0.072590304405932171 0.024073031584593271 -0.088793525641810284 -0.025877970380962231 -0.1479753283830442 -0.010319317978734583 -0.10032726475317684 0.0054252994415860019 -0.016555443839756843 -0.098460734184354221 -0.1527013200105366 0.062531400867955583 -0.14009897647886255 0.058511214177195181 -0.034568893306423862 0.046655375898382312 -0.031213473124051525 0.0076098047683267932 0.058162892276970093 -0.06144007615995048 -0.079200892243738455 0.0076319560161770455 -0.071451166537125535 -0.045665998980870509 -0.054228712224876643 0.02562053469985924 -0.025685053596444025 0.045449108805213391 0.011290556652780765 -0.075076691490788258 -0.074975547257741817 -0.011416982571527632 -0.024928832682977912 0.12538172339283718 0.092934285051850793 -0.066832149674003152 0.076639669797678556 0.036631676890878102 0.078353140708885896 -0.046161642692608439 0.011325099450628465 0.025765392418605162 -0.16512211098685042 -0.10647554393036017 0.032037917785612637 0.039821638225368168 0.097752905744889818 0.001706849046432734 -0.095289405457241128 -0.023233621599046433 -0.17438089220216654 -0.0079952687259947641 0.099854698902726691 -0.070023803072820773 0.03635042165364278 -0.024738711053637501 0.025431866948586731
leaf_weight=172.71381572713653 155.38736077800968 38.814635571092367 73.414620764181564 10.43468374526128 15.943669652818242 32.759005067814087 413.69803794249401 13.965994824262451 63.957590012697437 3.9944805855557197 138.86366428706242 23.800695011916105 24.800813973715776 237.15340613771605 49.485225644615639 1.8884794047917228 3.9008821586485274 1.9154924410540832 96.496750684920698 25.477631188075975 45.379898811976091 18.990734412163874 296.01007104863129 52.106384113310924 28.94055778531856 6.7868434786651042 921.94229595210982 50.011119841790787 36.147107884278739 35.03632374861354 41.685819492297014 53.86546274804914 143.64202853504321 25.063807696637923 35.029495058259272 35.611839240355039 10.905783375579631 10.350509578558556 7.357284317016819 3.6791133437545787 5.1444517002373678 15.341203071089693 81.801676696394679 15.660365536605241 9.694039181817061 24.416150898175147 16.364554169576881 9.6448490135226166 4.858305579822626 107.52704262314364 15.402885030678588 24.657406450249255 16.286998655647039 13.375188952457391 43.670391296269372 2.7642101125093168 11.159564652407427 13.988506253903777 2.9718546743406469 87.079377890215255 112.89239341647408 54.484884640347445
leaf_count=5513 35622 1154 163861 3335 21791 172064 28742 1753 22691 658 15346 21436 5096 114863 68124 287 3589 74 2764 28110 17671 17343 37935 3833 18351 3826 197113 11488 26394 72468 5305 44835 33571 19404 134693 10470 732 1711 10425 5631 22190 1066 29129 1832 1563 10028 8321 1803 1403 3831 1928 415 370 4822 4794 409 4231 5420 2651 2085 36618 4794
internal_value=9.27606e-05 -0.0118751 0.00637361 0.00100006 -0.0400166 -0.0141 0.0156287 -0.0068652 -0.0025966 -0.00879241 -0.00135835 -0.0234891 0.00751158 -0.0302896 -0.0438034 0.0207985 -0.0779193 0.0472663 0.0509911 0.0169431 0.00975731 0.0236824 0.0133258 0.0434855 -0.0305827 0.0132691 0.00610372 -0.0458761 -0.076175 0.00661998 -0.0174985 0.00813536 0.0199817 0.00414211 -0.0390545 0.0067141 -0.0252097 0.00598464 0.00311014 0.0126282 0.00729694 0.0188632 0.0305099 0.0415012 -0.0220996 -0.0286129 -0.0526536 -0.105491 -0.00450701 0.0156853 0.00413304 0.0288976 0.0595474 -0.0231305 -0.0401282 -0.0564291 0.00880995 0.0519958 0.0546709 0.0175366 0.00690967 -0.00840711
internal_weight=4146.6 1427.18 2719.42 1720.49 190.389 113.073 998.926 186.68 949.007 682.485 568.517 162.664 405.852 478.173 241.02 812.246 77.3155 103.273 101.384 708.974 80.3143 64.3706 352.111 56.1009 53.7414 266.521 1530.1 113.969 85.6323 1519.67 89.8369 1429.83 360.468 1069.36 60.0933 1009.27 62.178 54.8005 216.826 162.96 155.603 683.496 86.9461 26.5661 68.657 64.9779 40.5617 19.3389 21.2229 259.735 152.208 79.759 40.9444 72.4485 57.0456 13.1147 947.09 25.1481 99.4686 668.155 254.457 167.377
internal_count=1539775 402977 1136798 1022341 396319 228869 114457 7266 157974 136834 102655 36782 65873 245003 130140 107191 167450 5776 5489 101415 56805 35014 42426 4491 23447 21140 626022 34179 94518 622687 79893 542794 168899 373895 154097 219798 13034 7425 135328 90493 80068 73305 51319 2564 28749 23118 13090 3366 9724 17314 13483 1939 785 11544 9616 2120 206764 9651 5415 72239 43497 41412
is_linear=0
shrinkage=0.1


Tree=41
num_leaves=63
num_cat=0
split_feature=32 32 50 46 23 19 31 14 34 19 50 49 49 49 13 50 23 30 48 3 0 38 36 19 36 14 28 28 18 18 32 19 38 35 3 29 24 19 16 0 0 50 28 22 0 18 28 18 28 0 3 8 18 36 27 4 23 26 28 3 46 32
split_gain=27.3206 21.2888 12.9607 9.86707 12.3725 13.8854 9.65591 9.95428 18.4926 16.1952 12.0559 12.5075 11.6086 19.1029 9.63657 8.82672 8.57216 8.50166 13.2675 8.77784 7.85501 15.6405 8.82134 14.2938 7.71802 12.2859 7.40818 14.3642 23.3173 11.1773 7.32283 7.29801 7.00565 9.63845 6.93789 6.39166 15.6951 6.31147 6.29788 6.2745 6.13702 6.02131 6.08009 12.4864 5.68785 5.54623 12.3008 11.3979 8.62727 13.5793 6.9758 6.20082 5.18138 5.11825 5.0769 5.06051 5.03379 12.4221 5.00839 5.7734 5.00522 4.94916
threshold=20.000000000000004 40.000000000000007 10.500000000000002 1.0000000180025095e-35 2352.0000000000005 100.00000000000001 232.00000000000003 5.8432755470275888 3.5000000000000004 100.00000000000001 5.5000000000000009 5.5000000000000009 1.5000000000000002 3.5000000000000004 2.8617925643920903 7.5000000000000009 2202.0000000000005 56.000000000000007 1.0000000180025095e-35 3.6941639184951787 2.7361353635787968 1.5000000000000002 7.0000000000000009 100.00000000000001 3.5000000000000004 3.1316992044448857 12.000000000000002 -1.0000000180025095e-35 8.8349494934082049 9.671854496002199 6.0000000000000009 280.00000000000006 7.5000000000000009 1.5000000000000002 6.8843524456024179 192.00000000000003 240501391360.00003 280.00000000000006 1.2424533367156985 3.026044607162476 4.9182729721069345 1.0000000180025095e-35 24.000000000000004 7168.0000000000009 4.1426305770874032 12.412114620208742 96.000000000000014 10.493738651275637 48.000000000000007 4.2844183444976816 5.3025121688842782 0.89587974548339855 12.568491935729982 1.5000000000000002 1.5000000000000002 1.5890269279479983 2202.0000000000005 1.5000000000000002 24.000000000000004 5.7189338207244882 13.500000000000002 6.0000000000000009
decision_type=2 2 2 2 2 2 2 2 2 2 2 2 2 2 2 2 2 2 2 2 2 2 2 2 2 2 2 2 2 2 2 2 2 2 2 2 2 2 2 2 2 2 2 2 2 2 2 2 2 2 2 2 2 2 2 2 2 2 2 2 2 2
left_child=2 24 3 4 5 -1 7 10 9 12 11 26 58 -14 -8 -12 -4 18 19 -11 54 -22 31 -24 25 -2 27 29 -29 30 -5 56 33 55 -30 45 -37 -7 -10 -17 -16 42 -15 -44 -32 46 -34 -48 49 -47 -50 -51 -33 -27 -3 -28 57 -23 59 -9 -52 -31
right_child=1 20 16 6 -6 37 14 8 38 17 15 -13 13 41 40 39 -18 -19 -20 -21 21 22 23 -25 -26 53 32 28 34 61 44 52 35 -35 -36 36 -38 -39 -40 -41 -42 -43 43 -45 -46 48 47 -49 50 51 60 -53 -54 -55 -56 -57 -58 -59 -60 -61 -62 -63
leaf_value=-0.10144903595707995 -0.024946628064669712 0.014271567214327841 0.039291680192925602 -0.076855846684267232 0.030566088242662638 0.048566218388623031 -0.048765061900981135 0.13365883742384513 -0.0082470857129479797 0.025990422518005318 0.052512993919257102 -0.089021151558155986 -0.068491959559128429 0.050779176982370049 -0.0099621610289884893 0.074189637193477306 0.010577579474948647 -0.017437655590163588 -0.0039105900266833173 -0.093223937377967594 -0.043034261100775191 -0.1338290763551836 -0.0093709470395361393 -0.095951616727347602 -0.015784406598649048 -0.098599931807609717 0.0018654771382739844 0.018645049292652666 -0.076800349738035359 0.0070756777195725238 -0.063344777894352 -0.04478876887748099 0.047814957716223391 -0.060082268085759408 0.081955290912136103 0.058143451962765262 -0.05871760980855311 -0.0020855364087086219 0.12299652801880928 -0.0045458994790958523 0.085515397136459004 -0.023090015725919674 0.031670176844925894 -0.072228846975610467 0.036726109598072487 -0.091941192971908101 -0.081035378026677207 0.042855209801667973 0.041064476953712327 -0.019735413471634246 -0.020713332929044946 0.06414909849870068 0.034438377450632413 -0.047954822265030048 -0.077164566250378958 -0.15917414201605617 0.0064281618988114428 0.05289915207620996 0.060845899500232795 0.47356649264913431 0.20276122423524612 0.064158305326715764
leaf_weight=13.087712173124599 152.80831652664529 257.87700927794504 170.80746757861471 26.634314189344877 258.42091879422696 28.389437403049669 9.2120769135417486 2.0747966639610236 5.1736171970951554 6.7921453694525544 76.887358344346922 15.978185819841654 38.25601579404065 45.995451502036303 8.5991513369335717 11.690410788844018 265.68957877858975 85.825601968432693 30.20859329355244 68.122361541691134 108.32220801377025 3.8350475434162936 136.20269130218367 22.172013986481033 232.18985483048255 40.029601391195683 320.9246069690389 45.156127951584494 77.506863780712138 215.79761313001927 9.0981653882190603 40.968943949149434 127.40182291194287 28.19364135345495 2.8541320451586207 17.755076558363726 32.584432757284958 184.31777022815368 12.466536527485005 75.40875057534322 31.007733528230801 37.401352954922913 40.239350102317985 16.23304989389726 15.117066412232814 19.204103033509455 15.989938292434092 13.864901989290955 76.679128760100866 23.797828523205681 32.237400796380825 13.99421418411657 10.337469178495665 39.790200535909207 6.2188772440567837 1.9632570139947336 294.96333305366716 50.163768520487793 8.944126676040467 0.65823103983711906 1.0343865205577447 16.33879532944411
leaf_count=528 35622 17314 59203 2699 7142 811 3980 1614 12777 7212 51577 31548 19292 14360 3988 4320 77269 68983 10741 288031 34179 658 14812 21970 114863 56230 81460 9275 144094 30709 272 21534 10053 10622 5033 8214 11526 14037 1027 60430 10596 29705 2879 4065 272 5353 2100 1237 8387 9208 4373 983 1913 38288 3826 264 37935 3833 983 357 2679 530
internal_value=0.000141715 -0.011204 0.00604672 0.00298182 0.0156243 -0.00147643 -0.000493851 -0.001744 -0.0155908 -0.0202282 0.00245392 -0.00116286 0.000457956 -0.00587409 0.0433591 0.0278199 0.0218138 -0.0407902 -0.0598559 -0.0824153 -0.00247826 -0.00825807 -0.00151488 -0.021492 -0.0286824 -0.041556 7.49285e-05 -0.0106967 -0.0388529 0.00179179 -0.0406716 0.00638948 0.00613903 -0.00400978 -0.0711619 0.0156521 -0.0174999 0.00467481 0.0845046 0.00602195 0.064786 0.0112527 0.023788 0.00180429 -0.000872601 0.0207997 0.0342761 -0.0234993 0.00810548 -0.0234681 0.0244725 0.0113266 -0.0288257 -0.0733533 0.0121184 0.000886307 0.011567 0.0396375 0.097048 0.215523 -0.0137657 0.0110934
internal_weight=4077.89 1395.88 2682.02 2245.52 484.216 225.795 1761.3 1712.48 398.391 380.751 1314.09 1150.11 189.802 178.125 48.819 163.987 436.497 190.949 105.123 74.9145 931.061 666.965 558.643 158.375 464.818 232.628 1134.13 408.503 125.517 282.986 50.8495 400.269 725.625 351.082 80.361 374.543 50.3395 212.707 17.6402 87.0992 39.6069 139.869 102.468 56.4724 24.2152 324.204 157.257 29.8548 166.947 56.9961 109.951 37.792 51.3064 79.8198 264.096 322.888 348.962 53.9988 11.6772 2.73303 33.2718 232.136
internal_count=1539775 402977 1136798 1000326 22518 15376 977808 959244 462026 448222 497218 380891 73255 70301 18564 116327 136472 374967 305984 295243 157974 136834 102655 36782 245003 130140 349343 192884 158402 34482 3243 65873 156459 92346 149127 64113 19740 14848 13804 64750 14584 51009 21304 6944 544 44373 13390 3337 30983 15544 15439 10191 23447 94518 21140 81724 42426 4491 2954 1971 7052 31239
is_linear=0
shrinkage=0.1


Tree=42
num_leaves=63
num_cat=0
split_feature=32 32 45 0 45 46 31 15 19 16 28 28 27 18 30 19 0 36 27 36 47 28 46 0 51 47 50 34 49 47 19 3 49 33 19 31 24 49 15 39 15 0 46 30 47 47 3 28 28 28 22 16 44 49 39 36 34 24 31 16 19 19
split_gain=25.9961 18.3313 11.4145 11.7525 10.4938 8.98281 8.64802 8.92936 8.57003 7.22954 7.22385 12.8355 10.1179 12.3944 6.82617 8.01176 7.37443 7.13497 11.9874 8.02747 6.29281 6.25488 5.77718 5.69164 19.1636 11.701 15.4807 10.9251 17.459 17.7967 14.4222 10.9083 21.2003 8.39642 15.2214 8.68067 12.4549 7.50829 7.35089 8.57792 7.32324 6.32343 6.26386 6.15334 6.14833 15.2707 12.0774 8.04006 6.3647 6.32931 6.53884 6.1397 5.96207 8.12617 5.84587 6.10944 19.4839 8.90554 5.83066 5.46923 5.41486 11.6263
threshold=20.000000000000004 40.000000000000007 1.5000000000000002 3.6941639184951787 2.5000000000000004 1.0000000180025095e-35 232.00000000000003 4.4845800399780282 280.00000000000006 1.2424533367156985 48.000000000000007 1.0000000180025095e-35 1.0000000180025095e-35 10.139877796173097 112.00000000000001 80.000000000000014 5.9098556041717538 7.0000000000000009 3.5000000000000004 1.5000000000000002 16.500000000000004 12.000000000000002 13.500000000000002 5.7957620620727548 1.0000000180025095e-35 13.500000000000002 1.0000000180025095e-35 3.5000000000000004 3.5000000000000004 2.5000000000000004 100.00000000000001 5.3611156940460214 12.500000000000002 6.0000000000000009 180.00000000000003 120.00000000000001 292040998912.00006 6.5000000000000009 4.8278014659881601 3.0000000000000004 4.9182729721069345 4.2844183444976816 11.500000000000002 56.000000000000007 17.500000000000004 23.500000000000004 6.070054531097413 12.000000000000002 12.000000000000002 12.000000000000002 7168.0000000000009 1.844439744949341 1.0000000180025095e-35 1.5000000000000002 1.5000000000000002 3.5000000000000004 1.5000000000000002 292040998912.00006 56.000000000000007 1.844439744949341 100.00000000000001 80.000000000000014
decision_type=2 2 2 2 2 2 2 2 2 2 2 2 2 2 2 2 2 2 2 2 2 2 2 2 2 2 2 2 2 2 2 2 2 2 2 2 2 2 2 2 2 2 2 2 2 2 2 2 2 2 2 2 2 2 2 2 2 2 2 2 2 2
left_child=2 10 5 -4 -5 8 23 -8 60 -9 11 -2 13 -13 17 16 -16 19 -19 -3 -6 -14 -12 25 27 33 -27 28 29 30 -25 32 -28 34 42 54 41 -33 39 -32 -29 -37 52 -40 49 -46 47 -47 -48 50 -30 -38 -7 -54 58 56 57 -56 59 -35 61 -1
right_child=1 14 3 4 20 6 7 9 -10 -11 22 12 21 -15 15 -17 -18 18 -20 -21 -22 -23 -24 24 -26 26 31 40 44 -31 38 37 -34 35 -36 36 51 -39 43 -41 -42 -43 -44 -45 45 46 48 -49 -50 -51 -52 -53 53 -55 55 -57 -58 -59 -60 -61 -62 -63
leaf_value=0.022377034094574613 -0.012064772252559655 -0.012493089834598927 -0.080245489222180541 0.059692154344269444 0.020224903683582901 0.0853574569990561 -0.085985100243515494 -0.014365284599762161 -0.0010614958417654123 0.078410886920308218 -0.011900180047426108 0.1139344956166015 -0.084623188404074748 -0.037497991477423824 -0.0290142009358825 -0.080409477963982193 0.069743243529192797 -0.1038827921614181 -0.010609836943252423 0.010924955240615391 -0.070097655074766702 -0.043029115172213112 0.17607007494950899 0.089124315108264601 -0.064679838508325968 -0.061250969638706146 0.05745590019527972 -0.061936257593712289 0.035412088893194908 -0.07776231535180804 -0.043149370632571321 -0.040908204852931063 -0.04419479332011883 0.021615319384782242 -0.039548124207849096 -0.026720545719787516 -0.075179483453356843 0.032197091294389413 -0.096717932790878536 0.084995153494581102 0.098105939849662135 0.046239616768008369 -0.074056783369215548 -0.022385597532902188 -0.073648940795500412 0.046937954938936294 -0.17729182593628032 -0.036708341778611285 0.10492478320265924 0.013775844168154736 0.13314759417308597 -0.021194897648152522 -0.067578358252213963 0.0091507572196578759 -0.02526841588676524 0.019162064889628752 -0.10614701868232855 0.027898793349782632 -0.069699203992796818 -0.050053517960491969 0.043188781525151904 -0.080066338175988405
leaf_weight=165.60330120967592 125.14665897985287 209.24771597878316 10.120328638589852 80.096323102595306 171.22628810447713 9.2278951626012695 4.9426439899871175 11.141876356133251 181.51134643388468 34.1208963291283 153.32509793558347 7.163396355557782 76.09982228475792 22.017394996237272 36.89887901556358 23.530572849628697 9.5098961134863185 15.350829167149639 134.56087844021022 487.19137308293284 8.0773858638071925 68.876039025220052 1.6526985514956312 13.415554305669501 56.1458010490378 20.170479674838134 144.19631255475724 3.4669027008621951 22.910161906114809 53.416240036838644 8.910406156341196 30.961255439428442 23.920972918511325 33.286092109164201 141.96062002786948 17.989631412146991 31.470630133255327 25.719271524592841 12.990187819663332 12.625424992977059 16.309326089367005 34.971969367147722 10.049092553979788 78.05035769881988 25.237432451567656 51.897562815691344 4.4559752269033188 14.759219565246893 0.97375186841236416 97.769513711133186 9.7622150894349016 63.729277330130571 14.999592200492769 172.98362854255447 49.941138549460447 409.1659091268275 16.722555218793786 85.339187377980124 16.727726532092674 15.656222825567964 117.65261881113292 11.872571906023948
leaf_count=2825 24319 37976 3585 17922 18957 4191 3840 11633 14037 3091 45340 1499 108614 6728 5142 32549 1929 13905 15346 51127 17255 51706 6797 3014 249915 27628 61149 5914 7752 110621 5716 65312 12034 14812 109841 8582 25285 15388 19566 4772 8400 18264 16333 63531 13691 6433 439 4065 269 9833 4475 12114 3116 32610 7326 48421 10196 9606 10676 6707 5128 528
internal_value=0.000184802 -0.0109953 0.00597004 0.0254743 0.0295989 0.0037605 0.000684888 0.0416369 0.0160367 0.0555731 -0.02742 -0.0364941 -0.0540487 -0.000323848 -0.00285214 -0.0328774 -0.00877723 -0.00037096 -0.0201609 0.00388892 0.016156 -0.0648624 -0.00989565 -0.0004251 -0.00975721 0.00286758 0.0226715 -0.00253465 -0.00606002 -0.0293916 -0.00888402 0.0302016 0.0429923 -0.0014477 -0.014322 0.00435353 -0.0174153 -0.00773605 -0.0205635 0.0319756 0.0700495 0.021457 0.00295643 -0.0329918 0.0123179 -0.00670306 0.0167346 0.0284169 -0.12668 0.0265097 0.0646146 -0.0390408 0.00688071 0.00302837 0.00949889 0.0128025 -0.00431651 0.00827117 -0.018731 -0.00131092 0.0265525 0.0155239
internal_weight=4019.22 1370.57 2648.65 269.52 259.4 2379.13 1902.49 50.2054 476.64 45.2628 454.281 299.303 174.157 29.1808 916.29 69.9393 46.4088 846.351 149.912 696.439 179.304 144.976 154.978 1852.29 483.096 1369.19 244.968 426.95 407.174 179.408 125.992 224.798 168.117 1124.22 349.221 775 148.162 56.6805 112.576 21.5358 19.7762 52.9616 207.26 91.0405 227.766 97.3239 72.0865 66.6568 5.42973 130.442 32.6724 95.1999 197.211 187.983 626.839 561.169 152.003 135.28 65.67 48.9423 295.128 177.476
internal_count=1539775 402977 1136798 57719 54134 1079079 1056561 18564 22518 14724 245003 192866 168547 8227 157974 39620 7071 118354 29251 89103 36212 160320 52137 1037997 518406 519591 181511 268491 254177 207220 96599 153883 73183 338080 166091 171989 64245 80700 93585 10488 14314 26846 56250 83097 46957 24897 11206 10498 708 22060 12227 37399 39917 35726 107744 75549 27128 16932 32195 21519 8481 3353
is_linear=0
shrinkage=0.1


Tree=43
num_leaves=63
num_cat=0
split_feature=32 32 28 28 17 48 14 36 18 0 38 36 19 23 26 3 28 22 22 35 13 19 18 26 28 3 19 18 50 14 47 0 47 18 22 15 13 31 30 28 19 49 18 3 0 19 45 34 44 28 28 28 13 8 8 13 31 47 47 18 4 35
split_gain=24.3805 16.525 10.9212 29.0219 21.4402 9.97636 7.0732 13.4552 6.58047 6.32591 14.1972 7.21446 10.3844 6.35683 8.866 5.81221 5.63176 5.28684 11.4585 6.03166 8.53517 5.2368 5.20315 5.13664 5.12622 25.0482 14.8795 9.90755 9.90676 9.74803 9.17099 12.7898 10.5817 6.67011 6.40715 6.79976 6.6917 6.40493 6.30778 6.06499 5.38622 5.35232 5.79155 5.17848 5.12537 7.79625 5.8227 5.0399 4.90718 4.85824 6.19425 9.09197 6.54059 8.61003 4.79168 4.99773 4.5783 5.25971 8.015 4.54455 4.51817 4.44911
threshold=20.000000000000004 40.000000000000007 -1.0000000180025095e-35 3.0000000000000004 5.5937154293060312 1.0000000180025095e-35 2.4181410074234013 1.5000000000000002 10.790835380554201 2.7361353635787968 1.5000000000000002 7.0000000000000009 100.00000000000001 1900.0000000000002 1.5000000000000002 3.1549592018127446 48.000000000000007 7168.0000000000009 5120.0000000000009 3.5000000000000004 1.2424533367156985 280.00000000000006 10.357096195220949 1.0000000180025095e-35 48.000000000000007 5.1720471382141122 80.000000000000014 9.0558362007141131 5.5000000000000009 5.5169365406036386 10.500000000000002 5.0290689468383798 25.500000000000004 5.8946759700775155 7168.0000000000009 5.1720471382141122 2.9174053668975835 120.00000000000001 192.00000000000003 24.000000000000004 80.000000000000014 4.5000000000000009 9.8423075675964373 5.5169365406036386 6.9047427177429208 80.000000000000014 1.0000000180025095e-35 1.5000000000000002 1.0000000180025095e-35 96.000000000000014 -1.0000000180025095e-35 12.000000000000002 4.7361600399017343 0.89587974548339855 0.89587974548339855 3.7647031545639043 232.00000000000003 6.5000000000000009 7.5000000000000009 12.489189624786379 0.89587974548339855 4.5000000000000009
decision_type=2 2 2 2 2 2 2 2 2 2 2 2 2 2 2 2 2 2 2 2 2 2 2 2 2 2 2 2 2 2 2 2 2 2 2 2 2 2 2 2 2 2 2 2 2 2 2 2 2 2 2 2 2 2 2 2 2 2 2 2 2 2
left_child=2 6 5 4 -4 8 -2 -8 17 49 -11 13 -13 14 -12 -7 -15 18 19 23 -21 61 -18 47 25 26 48 60 29 41 31 40 -32 -33 35 -31 -37 -36 56 -29 -27 42 43 -26 -6 46 -46 -1 -5 50 52 -52 -3 -54 55 -53 57 -38 -59 -41 -28 -9
right_child=1 9 3 24 44 15 7 21 -10 10 11 12 -14 16 -16 -17 22 -19 -20 20 -22 -23 -24 -25 28 30 27 39 -30 34 32 33 -34 -35 37 36 38 -39 -40 59 -42 -43 -44 -45 45 -47 -48 -49 -50 -51 51 54 53 -55 -56 -57 -58 58 -60 -61 -62 -63
leaf_value=0.019858811727798714 -0.014628911119649821 -0.0060409617220976109 0.033543705240621668 0.1927845564142886 -0.085469841151527559 -0.13399425131886908 -0.090259744312205001 -0.023264592337799633 0.016446649918264149 -0.042539485072309653 -0.11195580733570493 -0.010738836731881772 -0.091231202579279871 0.0077342296611625522 0.049019903064877343 0.048257482881651027 -0.070816535549727 0.024596916893990448 -0.13734892481771765 -0.11811427143518077 0.092015803427495088 -0.063855972441648062 -0.0094990105183546045 -0.026726261424335842 0.0033494964314496737 0.024060812205654036 -0.045137472021169169 -0.070476680907177458 0.026336726148324288 0.016072848620322006 -0.058626162889599931 -0.039859498005687395 0.014721435695740026 0.032072342713788018 -0.094122450385448253 -0.095088912673701648 -0.045015502172299549 0.15834630840167074 0.10838850784419239 -0.023356504440203166 -0.036925436986065596 -0.054322169186955233 0.018153366591751659 -0.060510105533431391 0.15352181190206493 -0.074362405151347788 -0.091830747131894042 -0.046311850114174158 0.0062807027216774227 0.033367783134898077 -0.064383063540334448 0.016722551861198934 0.090427028360832801 -0.0031350441193035688 0.03056914272154726 -0.046865525192321789 0.079779644421233753 0.10836902133053461 -0.035347848074873005 -0.094035602304107901 0.034954176411336538 0.051796982616024681
leaf_weight=63.931719538115431 232.45726419959465 38.343884094734676 23.82429303281242 1.4342854026035627 68.002096940235788 1.7829288323409844 42.422408334129614 126.15773742130114 615.41867789171624 101.9657867902406 3.6802119752701392 132.08967668737023 18.241020090436905 254.74973789071191 48.655859695445542 94.282215962721239 17.33746438111848 54.721414918531082 6.8797988574951878 2.3166641814459572 11.67260401684325 31.508285999018881 68.576716725980077 94.542282612870622 43.428095532406587 20.572476877001463 10.245363509689922 77.988609032756358 250.86585533643029 55.239283324317512 35.23042551793128 13.506393971998476 44.530515691015353 282.98790916272492 15.30286548563163 12.917198700073639 53.41660861336095 1.0754644365842967 3.7942854758766762 75.140267454555214 48.914375616855068 12.229927991505063 327.1631002161289 17.945777981716674 3.4399960538994483 8.704190797852787 1.3456238696799117 14.037814740731845 86.053917709403322 67.117423382180277 26.3584179415775 23.06975924631115 23.690176589181647 16.818338088225573 35.983227642049314 26.624920356436633 4.0330183908754398 6.2893896182940834 10.131661366661318 10.350344142367247 22.537878939132497 8.4238221462182974
leaf_count=1584 45549 1318 1376 3026 195972 287 58918 86381 98356 34179 658 14812 21970 48334 3833 5505 2845 970 156 200 362 49555 10203 5654 3503 3828 1786 148628 87373 34331 143511 2530 13240 79978 13263 3652 16757 370 1012 44509 26878 7270 61231 2548 5800 62692 4977 1383 25074 2282 9584 1701 528 424 2936 2367 1014 249 17588 4847 3528 4600
internal_value=0.000184705 -0.0107552 0.00582312 0.000886371 -0.0499039 0.0143048 -0.0266238 -0.0399962 0.0109039 -0.00300858 -0.0083001 -0.00187446 -0.0205057 0.00525239 0.0377003 0.044875 0.000267427 -0.00284477 -0.01061 -0.00593475 0.0572176 -0.027158 -0.0218729 -0.0110559 0.00435229 -0.00173504 -0.0249598 -0.0402489 0.00980878 0.00244369 0.0130494 0.0197456 -0.0176762 0.0287956 -0.0182405 -0.0115796 -0.0284427 -0.0775444 -0.0173582 -0.0503103 -0.0188697 0.0108151 0.0128654 -0.0153231 -0.0743 -0.0179928 0.0845334 0.00794529 0.00933826 0.010226 0.00208921 -0.0130231 0.0235614 0.0515819 0.0027775 -0.017346 -0.023817 -0.0297996 0.0196968 -0.0319136 0.00992407 -0.0185663
internal_weight=3952.5 1344.27 2608.23 1648.64 105.316 959.586 440.97 208.512 863.521 903.303 645.296 543.331 150.331 393 52.3361 96.0651 340.664 248.102 193.381 186.501 13.9893 166.09 85.9142 172.512 1543.33 729.493 283.751 196.262 813.833 562.967 445.742 365.981 79.7609 296.494 162.2 145.821 90.5822 16.3783 77.665 163.479 69.4869 400.767 388.537 61.3739 81.4919 13.4898 4.78562 77.9695 87.4882 258.006 190.889 112.036 78.8524 40.5085 85.6779 49.6947 73.8707 69.8377 16.4211 85.4906 32.7832 134.582
internal_count=1539775 402977 1136798 1022341 270817 114457 245003 199454 108665 157974 136834 102655 36782 65873 4491 5792 61382 10309 9339 9183 562 140536 13048 8621 751524 501363 231398 203298 250161 162788 269965 113214 156751 82508 88236 74603 40272 13633 36620 197984 30706 74552 67282 6051 269441 73469 10777 2967 28100 21140 18858 16588 2270 952 7004 4068 35608 34594 17837 49356 5314 90981
is_linear=0
shrinkage=0.1


Tree=44
num_leaves=63
num_cat=0
split_feature=32 32 28 28 1 48 14 36 30 15 29 15 18 0 5 36 46 50 51 28 42 42 28 18 3 1 4 20 18 50 3 34 22 22 35 0 3 3 46 37 3 22 28 14 20 45 0 0 28 26 34 18 27 35 3 49 47 14 28 0 0 21
split_gain=22.5758 14.3989 9.57977 23.3643 20.13 8.64381 6.28536 9.92402 6.01313 6.24714 6.02799 5.97924 5.68877 5.52426 5.20977 5.1257 4.93891 4.90542 12.9301 9.74076 5.11003 8.0723 8.05527 9.25045 7.22444 5.68592 5.27763 4.99897 4.90914 4.91403 4.84898 5.50201 4.8466 12.4909 5.4507 4.99311 4.81831 4.62076 4.61392 4.77985 4.45431 4.43423 4.58222 4.19461 5.86097 4.18221 4.10045 4.04948 3.92912 3.90503 4.75814 3.86578 5.32269 4.46596 3.86041 9.73691 5.88341 13.6034 5.37207 6.34089 5.15268 3.95984
threshold=20.000000000000004 40.000000000000007 1.0000000180025095e-35 3.0000000000000004 3.2059091329574589 1.0000000180025095e-35 2.4181410074234013 1.5000000000000002 112.00000000000001 5.9098556041717538 80.000000000000014 4.6510493755340585 10.790835380554201 6.9047427177429208 1.2424533367156985 1.5000000000000002 7.5000000000000009 5.5000000000000009 1.0000000180025095e-35 96.000000000000014 6.0000000000000009 1.5000000000000002 12.000000000000002 8.8349494934082049 6.206118345260621 4.2844183444976816 1.2424533367156985 48.000000000000007 13.95478391647339 7.5000000000000009 5.6077513694763192 1.5000000000000002 7168.0000000000009 5120.0000000000009 3.5000000000000004 5.6077513694763192 2.3124864101409917 6.9047427177429208 11.500000000000002 1.5000000000000002 3.1549592018127446 7168.0000000000009 1.5000000000000002 6.7438817024230966 48.000000000000007 2.5000000000000004 3.6941639184951787 6.9047427177429208 48.000000000000007 1.0000000180025095e-35 1.5000000000000002 9.9389886856079119 5.5000000000000009 4.5000000000000009 5.0290689468383798 6.5000000000000009 18.500000000000004 5.6077513694763192 24.000000000000004 6.978102684020997 4.4845800399780282 112.00000000000001
decision_type=2 2 2 2 2 2 2 2 2 2 2 2 2 2 2 2 2 2 2 2 2 2 2 2 2 2 2 2 2 2 2 2 2 2 2 2 2 2 2 2 2 2 2 2 2 2 2 2 2 2 2 2 2 2 2 2 2 2 2 2 2 2
left_child=2 6 5 4 -4 12 -2 36 9 10 -3 -10 32 37 47 -12 41 18 20 28 21 25 23 -22 -25 -5 -26 46 29 43 31 -23 33 34 49 -36 -8 -6 -14 -40 -7 -15 -43 44 -19 -42 -21 -13 -16 50 -1 52 -9 -53 56 60 57 61 59 -59 -56 -31
right_child=1 8 3 17 13 40 7 51 11 -11 15 14 38 16 48 -17 -18 19 -20 27 22 30 -24 24 26 -27 -28 -29 -30 54 -32 -33 -34 -35 35 -37 -38 -39 39 -41 45 42 -44 -45 -46 -47 -48 -49 -50 -51 -52 53 -54 -55 55 -57 -58 58 -60 -61 -62 -63
leaf_value=0.018052688993524992 -0.014148775019311395 -0.03521010161293147 0.028182697444226575 0.002737314014244895 -0.091988345697387786 -0.11560034470115566 0.0017282183601085282 -0.049729496101526383 -0.060176174705197344 -0.034380372525555113 -0.010719568035658057 -0.062929228394006151 0.017266172731339704 -0.020945956562808322 0.066586672701395941 0.008434911933321642 -0.075087470294025405 0.13463856020768258 -0.058731530168879331 0.061850663946505763 0.091972706983332653 0.028818978156708499 0.013341932362143922 -0.081006890347185112 -0.040032106868097349 -0.041575114981131527 0.21283162064724284 0.03956774906696911 -0.079289192916521381 -0.065330097437806475 -0.076801612369407135 -0.04969783276310822 0.023911064806475289 -0.13865780804798369 -0.10585249437928866 0.077000223846146673 -0.097635839813497743 0.051401242932448646 -0.062036567755189759 0.033566698243030949 0.071865263384232436 0.027152080499518502 0.29176218033954332 -0.074733189966661076 0.027136215675825914 0.028240233721768343 -0.067053392431743172 0.056388755655557787 -0.076002380988034024 -0.023675904933131001 -0.047692673227231641 -0.038479615836859181 0.051629857957570024 0.030541871905974429 0.062037345137422685 0.019587868820571317 0.013478772416201289 -0.12003731697348663 0.020574623139502139 0.028986504142216946 -0.082329119292484682 -0.15683924340777744
leaf_weight=64.120671851007501 229.14615233289987 42.529158702593122 26.722277288623445 472.98948835847023 57.073085400049422 1.7511216237471661 5.7033302409981834 8.5271125773724634 35.472735065071902 52.109470347960269 187.97565800922166 13.461545147949897 593.27109835936517 3.8807017430322031 12.141944010851146 544.04008047354546 6.7184522680313421 6.9900489361734861 35.741304133390713 3.5233455942943683 4.6017656375552205 15.246458180306943 453.80870909304213 23.496244317597306 1.7903161059962251 30.845071284542428 1.5314662140808648 133.91123192485611 7.1767165414221372 11.203253011231936 21.641844160194523 21.524408435774149 54.370012062921887 7.2514663757756344 1.6982213826850028 12.380329915031325 33.813449876550749 2.3395141166602107 14.880060516294181 8.0635497548064432 36.221522032768917 1.4445337237793865 1.1964852421588148 2.6866904838348082 18.477083007906003 55.872897209445 8.2366547478486591 3.6063943734470731 2.2983186332930918 92.48423234423899 13.289447926072169 129.58813197012068 13.202309759239142 10.105495319362033 2.956695841709009 133.35190498104112 43.023254981792888 7.0017242599269576 29.339810056237184 4.8212653920490993 15.090432077153762 8.1825548548968072
leaf_count=1584 45549 6584 1844 132163 189012 287 1164 5468 20076 15386 33201 11029 70250 11475 2939 63183 57525 8440 148045 310 1395 2069 111520 45346 7722 7674 1318 37300 4554 7048 13039 18267 970 156 142 420 57754 6492 20488 7618 2204 2263 2206 20943 32067 3301 5917 4780 796 5654 1383 120838 6747 7483 4337 40986 25193 9138 9727 5624 45337 6045
internal_value=0.000177324 -0.0104354 0.00563464 0.000947157 -0.0460291 0.0135737 -0.0254692 -0.0383788 -0.00320002 -0.000865037 0.00138979 -0.0320175 0.0104353 -0.0733248 -0.00031581 0.0035162 -0.0149126 0.00402002 0.000415035 0.012977 0.0024332 -0.00405538 0.00995168 -0.0390151 -0.0614916 2.4479e-05 0.0765476 0.0340781 0.0023886 0.00445899 -0.0392459 -0.0171421 -0.00243412 -0.00992474 -0.0048506 0.0549437 -0.0832949 -0.086342 0.0155645 -0.0284367 0.0423942 0.0470775 0.147031 0.0441057 0.0566427 0.0453983 -0.0284332 -0.0377178 0.0438921 -0.00980554 0.0067658 -0.0273832 0.0118542 -0.0334866 8.12152e-05 0.0102585 -0.0147957 -0.0348863 -0.00235798 -0.0592673 -0.0586773 -0.103955
internal_weight=3897.94 1323.72 2574.22 1618.56 99.375 955.655 430.086 200.94 893.635 826.654 774.545 66.9809 861.809 72.6528 31.5082 732.016 13.2402 1519.19 1083.22 435.973 1047.48 562.247 485.229 31.4198 26.818 503.835 3.32178 145.671 290.301 283.125 58.4127 36.7709 245.594 191.224 183.973 14.0786 39.5168 59.4126 616.215 22.9436 93.8455 6.52172 2.64102 28.1538 25.4671 92.0944 11.76 17.0679 14.4403 169.894 77.4101 161.423 21.7294 139.694 254.971 151.399 103.572 60.5486 41.1628 11.823 18.0471 19.3858
internal_count=1539775 402977 1136798 1022341 270817 114457 245003 199454 157974 118354 102968 39620 108665 268973 19544 96384 73469 751524 488558 262966 340513 173212 167301 55781 54386 139837 9040 43527 219439 214885 33375 20336 10309 9339 9183 562 58918 195504 98356 28106 5792 15944 4469 61450 40507 5505 6227 15809 3735 8621 2967 140536 12215 128321 153435 90660 62775 37582 24489 14762 49674 13093
is_linear=0
shrinkage=0.1


Tree=45
num_leaves=63
num_cat=0
split_feature=50 45 36 46 21 46 47 0 46 47 3 3 24 27 47 47 36 23 28 16 14 31 0 3 24 35 13 23 22 28 47 47 34 3 47 0 46 47 15 50 47 3 45 28 28 47 0 14 46 28 27 28 39 19 0 14 24 26 37 14 3 3
split_gain=15.8327 23.5537 12.9169 10.856 7.5309 7.44401 7.66126 13.2841 9.8104 9.22763 8.88896 6.51571 6.28369 5.86364 5.57169 8.96496 10.8918 8.16013 9.20404 7.92253 13.9541 7.69436 9.18605 7.24995 7.19464 7.07438 7.55159 6.22718 6.19535 9.02205 5.62336 10.6063 5.49797 5.42186 7.37486 5.22675 8.34027 6.54574 6.69528 5.89729 5.71913 5.38074 5.25642 5.81175 7.25815 5.22176 5.19584 5.18627 5.14823 7.97795 5.11045 5.05733 4.96415 6.43274 4.93675 4.93142 5.37668 4.81167 4.72193 4.34352 4.28995 4.37574
threshold=5.5000000000000009 1.0000000180025095e-35 2.5000000000000004 1.0000000180025095e-35 112.00000000000001 12.500000000000002 15.500000000000002 3.6941639184951787 9.5000000000000018 21.500000000000004 4.2844183444976816 4.4845800399780282 17137926144.000002 6.5000000000000009 11.500000000000002 6.5000000000000009 1.5000000000000002 2202.0000000000005 12.000000000000002 1.2424533367156985 3.6050398349761967 88.000000000000014 6.5694186687469491 2.3124864101409917 240501391360.00003 3.5000000000000004 2.8617925643920903 1900.0000000000002 7168.0000000000009 24.000000000000004 8.5000000000000018 9.5000000000000018 1.5000000000000002 4.1426305770874032 30.500000000000004 3.026044607162476 11.500000000000002 14.500000000000002 3.8026961088180546 9.5000000000000018 11.500000000000002 6.1414449214935312 2.5000000000000004 1.0000000180025095e-35 48.000000000000007 4.5000000000000009 4.9182729721069345 3.3576917648315434 13.500000000000002 48.000000000000007 5.5000000000000009 1.0000000180025095e-35 1.5000000000000002 180.00000000000003 7.4644677639007577 6.6654760837554941 17137926144.000002 1.5000000000000002 3.0000000000000004 4.4845800399780282 4.094205617904664 6.4374239444732675
decision_type=2 2 2 2 2 2 2 2 2 2 2 2 2 2 2 2 2 2 2 2 2 2 2 2 2 2 2 2 2 2 2 2 2 2 2 2 2 2 2 2 2 2 2 2 2 2 2 2 2 2 2 2 2 2 2 2 2 2 2 2 2 2
left_child=1 3 11 4 -1 6 8 33 -2 10 12 -3 -9 14 15 16 32 -17 -19 20 -18 22 48 -16 54 50 -27 -24 30 -30 -20 -32 45 -8 -35 36 -10 38 39 59 42 -38 43 -40 55 -5 -33 -42 57 51 52 -50 53 -21 -23 56 -45 -22 -59 -37 -51 -62
right_child=5 2 -4 13 -6 -7 7 9 35 -11 -12 -13 -14 -15 23 17 19 18 28 25 21 24 27 -25 -26 26 -28 -29 29 -31 31 46 -34 34 -36 37 41 -39 40 -41 47 -43 -44 44 -46 -47 -48 -49 49 60 -52 -53 -54 -55 -56 -57 -58 58 -60 -61 61 -63
leaf_value=0.0071634889364905171 0.062995968774536115 -0.038327855785904745 -0.011940623306767345 -0.01099406320948146 0.039361932798547855 -0.076031585987477515 0.023311117043622369 0.098845883630313255 0.010335824029507598 0.0061125379204784655 -0.061794372083870279 -0.086928674589712429 -0.02180480110734475 -0.081650482926844181 0.05133909131712433 -0.11334963217420641 -0.080852649093126602 0.060055564171974357 0.035135273617947264 0.098329348066590522 -0.019694600500672892 -0.015020743874177778 0.038471994887069622 -0.054689673795914689 -0.059416093747386517 -0.038322880608512383 0.066214281171444317 -0.049684664549842501 0.035493157643993856 -0.060568095268056177 -0.1232041108482686 -0.041082558882121749 -0.065323479297958273 0.12610019035529238 -0.063305760882424608 -0.010225934352128367 -0.18259852856213707 0.070851740729926421 0.072528234074772241 -0.061236303922053564 0.087899622058513482 0.030223145116434397 0.01237000405498377 0.24902895141548781 0.05233017217508517 -0.043925365314924421 0.064379165685674228 -0.06936339629207601 0.081290256374781378 0.032684041244753673 -0.045354784922507878 -0.056106335085320473 0.0062072294765163211 -0.029287633102906892 0.11534884778252857 0.040791375103407322 -0.050626468390262004 -0.025326175101632899 0.014145482834799697 0.10204995464082554 0.31259252752775463 -0.010847761462810534
leaf_weight=380.41631123618254 54.89677748482859 74.544655432356876 147.23437020084748 456.99983269551058 89.784430805733791 9.0644989924849124 24.032620523032165 6.436938939577888 14.522625869994956 131.40137601346214 49.156550667803231 43.789254841550473 13.105559581790656 9.5067226829141855 7.7261950522370162 4.6126851259032255 26.118886248152194 46.40446632252133 79.164334496948868 4.2053403532809162 70.019784487449215 91.897887021481893 9.5109174704957677 39.009764091710622 45.089195959853896 8.6801279481878719 33.891658861717588 50.867419986860114 15.834672555763971 25.557442513207207 7.0470135622890693 8.0342774190939981 22.177451797808317 13.876350375074255 2.4132467681047265 13.811922008466356 4.6299890832669908 23.989329968308084 39.616800601840623 19.401877106487518 2.5745601496892041 1.5980069846918921 133.77515874913342 0.61791713409366522 41.732427827412721 53.820928314460616 11.16166528360918 11.30556212444935 5.8978879852493247 1.2951153749745561 21.141387276684327 4.9085898806160912 947.85599001441005 65.010094719433255 2.9994164032559629 11.533445450183988 19.338221648477884 34.353186927189199 257.34231118831576 4.5909247688250607 2.2702127670709165 0.51274790385650693
leaf_count=18228 45428 69274 49914 102072 4322 37202 3977 1684 3331 45357 100910 218179 11728 17370 803 4692 20633 13271 2712 806 36317 54792 2255 107130 59933 3549 6010 70256 1294 3884 1336 486 9905 5257 321 2795 1359 17339 4167 5285 507 218 15374 1976 9223 14265 859 54825 3872 1330 17720 27906 104459 18166 4765 11834 15199 14837 45938 2631 6205 1700
internal_value=-0.000310954 -0.00319087 -0.0317122 -0.000615549 0.0133118 0.0139533 0.0152311 0.00113701 0.0237464 -0.00941478 -0.039114 -0.0563125 0.0179353 -0.00326582 -0.00296308 -0.00230117 -0.00412132 0.0180966 0.0212348 -0.00017775 -0.0093602 -0.00612378 0.000412412 -0.0371614 -0.026527 0.00494611 0.0448998 -0.035798 0.0089633 -0.0238196 0.0218367 -0.0182796 -0.01658 0.0535007 0.0980404 0.0174652 -0.0311812 0.0205973 0.0165559 -0.0227706 0.0222632 -0.127992 0.0257784 0.0416747 0.0249813 -0.0144638 0.0202392 -0.0401934 0.00621785 0.0638552 0.00330781 0.0188811 0.00431934 -0.021534 -0.0109002 -0.0112635 -0.041348 0.00384608 0.00949688 0.0177833 0.183032 0.253
internal_weight=3854.12 3206.69 265.568 2941.13 470.201 647.423 638.358 240.423 397.936 200.1 68.699 118.334 19.5425 2470.93 2461.42 2414.68 2216.87 197.817 193.204 1683.87 603.084 576.965 436.978 46.736 139.986 1080.78 42.5718 60.3783 146.799 41.3921 105.407 26.243 532.998 40.3222 16.2896 343.039 20.7506 322.288 298.299 37.8047 260.494 6.228 246.614 112.839 73.222 510.821 19.1959 13.8801 376.6 14.8846 1038.21 10.8065 1017.07 69.2154 94.8973 31.4896 19.9561 361.715 291.695 18.4028 4.07808 2.78296
internal_count=1539372 1141445 337367 804078 22550 397927 360725 169234 191491 159679 114322 287453 13412 781528 764158 656225 627691 28534 23842 501449 350739 330106 210616 107933 119490 150710 9559 72511 10571 5178 5393 2681 126242 9555 5578 146063 4908 141155 123816 10711 113105 1577 57773 42399 38232 116337 1345 55332 138105 41013 141151 31778 123431 18972 59557 29009 17175 97092 60775 5426 9235 7905
is_linear=0
shrinkage=0.1


Tree=46
num_leaves=63
num_cat=0
split_feature=32 32 45 45 0 38 28 28 18 27 35 14 0 36 52 28 28 13 16 30 8 13 19 14 28 46 19 26 14 20 0 19 28 46 50 47 50 0 0 47 37 14 38 29 30 23 28 47 14 1 22 28 14 30 1 47 46 4 47 47 8 47
split_gain=18.2929 9.50415 9.28046 8.83839 6.87104 11.8286 6.29749 11.6408 8.86566 10.8743 6.1454 10.8064 6.00016 5.79736 9.12432 5.45752 8.81198 6.28124 4.91476 5.07731 4.77534 6.62816 4.7455 5.5608 4.66497 4.61377 8.22163 7.78022 11.0634 6.56279 7.34423 5.15264 4.54239 4.50041 4.34876 19.1235 9.02518 9.83073 7.31883 7.1126 9.1816 13.1704 9.55113 17.4925 8.61731 6.91673 6.93477 6.31855 6.15676 5.55081 5.23686 7.63272 5.21503 5.98637 5.10113 5.45794 4.94667 4.90622 9.00542 7.08796 4.44873 4.39359
threshold=20.000000000000004 40.000000000000007 1.5000000000000002 2.5000000000000004 2.7361353635787968 1.5000000000000002 48.000000000000007 -1.0000000180025095e-35 9.888949394226076 1.0000000180025095e-35 3.5000000000000004 4.2844183444976816 4.8278014659881601 7.0000000000000009 1.0000000180025095e-35 48.000000000000007 1.0000000180025095e-35 1.4978661537170412 1.2424533367156985 112.00000000000001 0.89587974548339855 4.3947539329528817 280.00000000000006 4.1426305770874032 24.000000000000004 -1.0000000180025095e-35 280.00000000000006 1.5000000000000002 5.6077513694763192 48.000000000000007 1.4978661537170412 80.000000000000014 6.0000000000000009 13.500000000000002 5.5000000000000009 10.500000000000002 7.5000000000000009 3.6941639184951787 4.4845800399780282 6.5000000000000009 3.0000000000000004 3.8026961088180546 3.5000000000000004 112.00000000000001 56.000000000000007 2202.0000000000005 12.000000000000002 1.0000000180025095e-35 6.7438817024230966 2.9388679265975957 7168.0000000000009 24.000000000000004 3.3576917648315434 112.00000000000001 5.8303320407867441 30.500000000000004 12.500000000000002 1.2424533367156985 2.5000000000000004 4.5000000000000009 0.89587974548339855 8.5000000000000018
decision_type=2 2 2 2 2 2 2 2 2 2 2 2 2 2 2 2 2 2 2 2 2 2 2 2 2 2 2 2 2 2 2 2 2 2 2 2 2 2 2 2 2 2 2 2 2 2 2 2 2 2 2 2 2 2 2 2 2 2 2 2 2 2
left_child=2 6 10 12 15 -6 7 -2 9 -9 25 -12 -4 22 -15 16 20 -18 -13 -20 21 -3 -7 -24 -11 26 29 -28 -29 31 -31 -1 -19 -8 35 39 48 47 -37 40 41 44 43 -42 57 -41 -47 -38 -36 -45 61 -52 53 -44 55 -49 -39 58 60 -60 -27 -48
right_child=1 4 3 -5 5 13 33 8 -10 24 11 18 -14 14 -16 -17 17 32 19 -21 -22 -23 23 -25 -26 34 27 28 -30 30 -32 -33 -34 -35 36 38 37 56 -40 45 42 -43 52 49 -46 46 50 54 -50 -51 51 -53 -54 -55 -56 -57 -58 -59 59 -61 -62 -63
leaf_value=0.014055824598587202 -0.0075872637726459415 0.0016258916183380587 -0.028161960844257008 0.010222481668527524 -0.04208757866375995 0.0067056618307276966 -0.0077627672667728341 0.111039860173272 -0.062834209639685432 -0.052730221905710674 -0.036462204660766967 0.014274782379722448 0.061440886747522183 -0.094042669775374788 -0.012312861123707072 0.027029402180918462 0.04308214557259224 -0.091502977078994893 -0.017802514155386084 0.073142412121357775 -0.0089877563609797925 0.076849215814643088 0.020283817042999426 -0.052708252119865032 0.043086773953335593 -0.11244229993409208 0.0052724719438193924 -0.035432740055455242 -0.24866047103274003 0.018984886067337059 0.07717090997189241 -0.059883206173519769 -0.025841360033743651 0.14684922181294965 0.042791051972423472 -0.01001718983166148 -0.11960648684047828 -0.005168240916016989 -0.068811130163005579 -0.11110764821982327 -0.079257338003911992 -0.024611248284266325 0.013306793103858683 0.046602622998130561 -0.036587217115528106 0.052404649042783427 0.032545246039398394 0.099602453248329462 -0.068954450593626995 -0.0075047809224110321 0.031101763475965084 -0.058081615258715559 0.013745763937321501 -0.10808089658956364 0.016874639882763994 -0.050175229712462105 -0.086877884314333145 0.064571498394317292 0.13432890456586752 -0.015129287850571571 0.0049527553149386972 -0.016162359032095747
leaf_weight=166.87096010488312 116.10840703751182 22.540132039808668 8.4018774111364092 162.2918371537553 95.912407851746138 334.38967931323987 144.59285106537664 6.4860136736388077 117.77016875148411 23.305067108084589 22.843034012728822 40.624383376423339 67.62896014990838 15.303782454354403 127.14606227507647 106.07131254984415 10.541260088204579 13.578625638896481 7.1116697308898429 44.869321315018169 32.865275529678911 24.386676777619869 15.944034734431623 30.219352833959874 6.4979009521375692 6.2832639780101562 79.803802682683454 28.797906818217601 2.6579082010721313 52.277181799756363 37.078019005828537 9.9892235425504605 47.01294891233556 1.9074700000028304 85.162970114914515 33.23020937514957 2.3463893353109588 247.97321622013101 58.351470429360688 4.1005738592330081 34.076873814256032 316.8835670063545 8.6337602082057874 21.273835367930587 19.635655738464266 49.429605592777079 77.569013448897749 20.637672438653684 5.2335108941197168 174.33956469943769 16.158693584933644 23.63014109624055 453.17503147938169 7.673556930223639 24.837196265802049 2.7581108689155363 7.6373027048875874 34.184227184523479 6.9637150847884168 5.8292275197600247 6.6386070652370108 24.327485240064561
leaf_count=2840 24386 715 2746 38657 34216 42446 45425 1290 146456 17682 5235 16676 16326 21488 15383 4625 1549 6404 595 3463 927 595 3781 19638 2872 4283 1456 536 143 998 1219 524 6355 6758 75778 47527 397 178190 274480 4692 21610 162439 1415 942 8870 13271 2712 7235 38284 32586 1294 3884 112338 2976 5202 374 34738 3055 1433 1429 852 2681
internal_value=-0.000346696 -0.010012 0.00463025 0.0234035 -0.00409788 -0.00980516 -0.0224447 -0.0314976 -0.049518 -0.00630224 0.00266092 0.0251389 0.0515392 -0.00388495 -0.0210933 0.00964676 -0.00256991 -0.0281617 0.040334 0.0607 0.0202446 0.0407176 0.00255654 -0.0274981 -0.0318394 0.00145754 0.011499 -0.0113297 -0.0534498 0.0210399 0.0431292 0.00987968 -0.0405562 -0.00574968 -0.000673141 -0.00332135 0.00855776 0.000361055 -0.0474779 -0.000188476 -0.00332188 -0.0154796 0.0035713 -0.0131386 0.0209031 0.0173969 0.0201541 0.0406421 0.0363215 -0.00162036 0.00890283 -0.0218632 0.0117465 -0.0438133 0.0484377 0.0819453 -0.00760962 0.0397492 0.0067514 0.0662268 -0.0521306 0.0209165
internal_weight=3802.8 1292.58 2510.22 238.323 875.912 618.915 416.668 270.168 154.059 36.289 2271.9 115.448 76.0308 523.003 142.45 256.996 150.925 71.1328 92.6054 51.981 79.7921 46.9268 380.553 46.1634 29.803 2156.45 377.475 111.26 31.4558 266.215 89.3552 176.86 60.5916 146.5 1778.97 1382.39 396.586 306.19 91.5817 1290.81 1095.59 396.418 699.173 229.69 79.5347 195.216 191.115 50.5794 90.3965 195.613 141.685 39.7888 469.482 16.3073 48.233 23.3958 255.611 59.899 25.7148 12.7929 12.9219 101.896
internal_count=1539372 402991 1136381 57729 158122 136952 244869 192686 168300 21844 1078652 25969 19072 102736 36871 21170 16545 14308 20734 4058 2237 1310 65865 23419 20554 1052683 7716 2135 679 5581 2217 3364 12759 52183 1044967 704769 340198 226136 322007 382762 354228 182361 171867 55138 19922 28534 23842 13208 114062 33528 10571 5178 116729 4391 12811 7609 212928 11052 7997 2862 5135 5393
is_linear=0
shrinkage=0.1


Tree=47
num_leaves=63
num_cat=0
split_feature=32 31 30 24 50 14 15 15 20 0 47 15 14 45 24 31 21 46 21 15 28 38 28 32 31 29 18 18 14 22 42 28 42 24 28 8 15 29 28 15 13 28 28 18 13 30 14 13 0 15 30 30 49 50 38 24 37 45 28 15 0 46
split_gain=18.0413 8.31161 8.27744 9.29574 7.81647 7.35255 6.63727 6.47448 6.77791 8.36688 6.07161 5.89177 5.78949 5.77457 7.95413 5.66624 7.6998 6.47603 5.38821 5.18997 4.86106 13.1292 11.8802 16.195 9.49629 8.39464 7.53814 7.28338 6.36575 7.30826 7.70784 6.68975 6.06906 5.4436 5.4273 5.11969 4.80497 6.24521 4.79536 4.8153 4.68438 4.65602 4.45402 4.44673 4.38006 4.37607 4.36552 4.26826 4.06617 3.99502 21.6179 13.9285 10.8536 13.2843 12.1059 10.1131 25.2721 9.12946 8.3308 7.31963 6.46559 6.18137
threshold=20.000000000000004 40.000000000000007 112.00000000000001 21466447872.000004 16.500000000000004 5.9098556041717538 5.9098556041717538 3.8026961088180546 48.000000000000007 6.6238393783569345 19.500000000000004 5.5169365406036386 4.8278014659881601 3.5000000000000004 240501391360.00003 232.00000000000003 112.00000000000001 1.0000000180025095e-35 112.00000000000001 6.9047427177429208 1.0000000180025095e-35 6.5000000000000009 3.0000000000000004 96.000000000000014 120.00000000000001 192.00000000000003 13.046368122100832 9.9389886856079119 2.7361353635787968 7168.0000000000009 1.5000000000000002 24.000000000000004 3.0000000000000004 21466447872.000004 48.000000000000007 0.89587974548339855 4.2324235439300546 112.00000000000001 48.000000000000007 5.5169365406036386 6.1171185970306405 96.000000000000014 1.0000000180025095e-35 8.8349494934082049 1.4978661537170412 56.000000000000007 5.7189338207244882 3.113268375396729 4.9182729721069345 4.6510493755340585 192.00000000000003 192.00000000000003 12.500000000000002 1.5000000000000002 3.5000000000000004 47227863040.000008 3.0000000000000004 2.5000000000000004 96.000000000000014 5.0290689468383798 3.3576917648315434 9.5000000000000018
decision_type=2 2 2 2 2 2 2 2 2 2 2 2 2 2 2 2 2 2 2 2 2 2 2 2 2 2 2 2 2 2 2 2 2 2 2 2 2 2 2 2 2 2 2 2 2 2 2 2 2 2 2 2 2 2 2 2 2 2 2 2 2 2
left_child=4 12 6 5 15 -4 20 10 9 19 -6 -11 -2 14 -10 17 48 36 -15 -9 21 26 23 -22 28 33 35 -23 31 30 -30 44 -32 43 -26 -3 37 -1 39 -7 -33 -16 -20 -25 -24 -14 -35 -18 -17 51 55 52 53 54 58 -51 57 60 -19 -52 -57 -55
right_child=1 2 3 -5 7 38 -8 8 13 11 -12 -13 45 18 41 16 47 49 42 -21 22 27 24 25 34 -27 -28 -29 29 -31 32 40 -34 46 -36 -37 -38 -39 -40 -41 -42 -43 -44 -45 -46 -47 -48 -49 -50 50 59 -53 -54 61 -56 56 -58 -59 -60 -61 -62 -63
leaf_value=0.0069830467376483102 -0.021257980004088729 0.022237151579827329 -0.029750599901668354 -0.081275813634047012 -0.065362840887728715 -0.015337457394821766 -0.037018474646601705 0.034286287655351293 0.059225944803084754 -0.03811711095315181 0.024457024304598313 -0.18891834160385035 -0.096713902085239806 -0.030557405199626398 0.0076129952466475644 -0.0015290044081340676 -0.063844242120829661 -0.024788434507598052 0.092014892653572641 -0.19286298883608316 -0.079707036668676234 0.042528792929506835 0.059926497713104168 0.16185767682891405 0.054893527560583522 -0.075778354802993331 0.066387831372218237 -0.064465581469322381 -0.066430122123277299 -0.001092004715875401 0.00024617653055560024 0.021090575731260768 -0.060316800667847795 0.0912529003081025 -0.040920176548458947 -0.023714498584076357 0.024740979146259168 -0.068950116097471356 -0.095330187054983528 0.12545456478151937 -0.027757379867437322 0.063213365064540672 0.0043938682970092492 -0.026634699507864831 -0.03933409161168569 -0.02167794188172786 -0.12034725229485979 0.023800928690693793 0.10051710772157088 0.0044449739296612218 -0.067536230809904341 -0.096815044266168673 -0.071648105370252707 0.070540949666200697 0.013321441328912283 0.049450786683599729 0.0023219153066021225 0.0019614937499970592 0.014498111065310272 0.098334345134917067 -0.056090899545615608 0.022755319718073576
leaf_weight=266.01035187428147 167.08883167593376 120.60211496489865 56.05836342087423 29.404550715594723 16.444578914642992 3.6207930195960198 56.4812217384424 18.367037295069174 92.69022255266691 8.605838582139766 13.876549578282718 3.7067354102182426 19.83895733612826 26.83019043309514 78.525074153789774 4.9873658203996483 7.5583320136902357 207.22228447032376 8.6312972181185632 1.0641493059592892 47.488200667323781 8.0534567869326548 5.0287920605333047 1.3782066549174459 41.982829780102747 9.2872388522337115 32.063637886196375 30.296933746649302 43.355796241778535 185.50734232538161 66.041980082492501 174.06279895060288 22.078120846336788 13.719360011287788 6.8808640041115714 30.347143766761292 183.7907352727525 11.291143366775939 1.8390767773016694 7.3816301118640695 22.127407638821751 18.635486265620784 17.694881213617919 13.620337495965943 38.33077729739307 12.778352109424302 1.0495915706451349 20.978509766868228 17.988105381719834 337.27228365620249 2.9784306187448264 13.520575106549584 17.811482613574299 35.462786800307185 350.81164294301652 6.0030083722776899 271.3455646477405 36.903716003970203 72.986955533597211 24.916988681487055 175.47305305040413 114.38331381931039
leaf_count=5955 68978 10498 10390 44834 6311 2058 26246 3061 35660 1751 1961 590 47596 5903 34608 2712 3017 64508 613 126 39297 661 1010 94 9303 1025 777 4587 28987 19513 17872 9060 13515 535 4641 1295 15154 1441 801 942 1249 4379 5212 2297 10304 24438 188 7582 5236 119401 3371 6134 16687 15382 74539 7766 88693 10612 8133 9014 501263 69606
internal_value=-0.000348433 -0.0100555 -0.00655438 -0.0342044 0.00460438 -0.0141156 -0.00375157 0.0195964 0.0244359 -0.019021 -0.0242565 -0.0835163 -0.0287807 0.0301126 0.0382695 0.00250609 0.0352778 0.00171286 0.000980049 0.0218465 -0.00169425 0.0112043 -0.0058207 -0.040477 -0.000866494 0.00722432 0.0223526 -0.0419971 -0.00457761 -0.013875 -0.0319112 0.00772506 -0.0149276 0.0331205 0.0414013 0.0129989 0.0122019 0.00389121 0.0541374 0.0791212 0.0155812 0.0182772 0.0331213 -0.00931426 -0.027822 -0.0673174 0.076215 0.000587032 0.0783656 -0.00118825 -0.00595975 0.00383407 0.00553793 0.00729853 0.000942558 -0.00888031 -0.0180574 -0.0433795 -0.0145553 0.0806241 -0.0525997 0.0340643
internal_weight=3752.56 1267.79 1068.09 98.3044 2484.77 68.8999 969.784 305.072 274.751 31.7438 30.3211 12.3126 199.706 243.007 189.851 2179.7 51.5123 2128.18 53.1564 19.4312 913.303 221.363 691.94 86.5429 605.397 39.0547 183.013 38.3504 556.533 316.983 131.476 239.55 88.1201 29.7675 48.8637 150.949 461.092 277.301 12.8415 11.0024 196.19 97.1606 26.3262 14.9985 43.3596 32.6173 14.769 28.5368 22.9755 1667.09 854.893 812.199 798.678 780.867 631.021 826.998 489.725 218.38 280.209 27.8954 181.476 149.846
internal_count=1539372 402991 261979 59025 1136381 14191 202954 100175 91903 5528 8272 2341 141012 86375 74647 1036206 18547 1017659 11728 3187 176708 17818 158890 43436 115454 4139 12570 5248 101510 79887 60374 21623 31387 3114 13944 11793 22550 7396 3801 3000 10309 38987 5825 2391 11314 72034 723 10599 7948 995109 740120 254989 248855 232168 147180 727735 608334 519641 72641 12385 509029 84988
is_linear=0
shrinkage=0.1


Tree=48
num_leaves=63
num_cat=0
split_feature=32 32 50 0 38 23 28 28 14 46 15 28 28 27 18 15 35 15 27 21 0 22 22 15 13 0 36 19 19 14 16 46 46 51 28 50 15 49 19 50 50 49 15 46 15 46 0 23 12 49 38 35 19 33 49 28 37 15 30 5 21 12
split_gain=15.8134 8.56307 7.95065 5.73786 10.2668 5.29626 5.31801 6.19588 5.33605 6.50401 7.81931 5.09909 12.6981 9.12067 7.50959 4.92704 4.77682 14.4355 4.83198 10.0089 6.0827 5.47239 4.92911 4.45583 4.261 4.221 4.20841 8.2476 4.33645 4.4275 4.16087 4.09721 7.82178 8.53413 6.01095 4.54439 10.4796 8.75932 5.58517 5.53069 5.86961 5.38539 5.04793 4.77336 4.12454 4.08944 4.0568 3.92653 3.83062 3.82946 6.97721 9.59067 6.59293 6.46199 6.36283 6.33063 5.77142 13.2797 12.4879 7.56568 4.89037 4.38839
threshold=20.000000000000004 40.000000000000007 16.500000000000004 2.7361353635787968 1.5000000000000002 2202.0000000000005 96.000000000000014 1.0000000180025095e-35 5.9098556041717538 11.500000000000002 6.4873874187469491 24.000000000000004 1.0000000180025095e-35 1.0000000180025095e-35 10.412623405456545 2.5152189731597905 3.5000000000000004 4.2324235439300546 2.5000000000000004 112.00000000000001 1.4978661537170412 7168.0000000000009 5120.0000000000009 6.9206013679504403 2.1383330821990971 3.3576917648315434 7.0000000000000009 100.00000000000001 280.00000000000006 4.1426305770874032 1.2424533367156985 13.500000000000002 11.500000000000002 1.5000000000000002 48.000000000000007 5.5000000000000009 3.6050398349761967 5.5000000000000009 280.00000000000006 3.5000000000000004 1.5000000000000002 12.500000000000002 6.7808928489685067 10.500000000000002 2.5152189731597905 9.5000000000000018 5.7189338207244882 2352.0000000000005 1.0397207736968996 3.5000000000000004 7.5000000000000009 1.5000000000000002 280.00000000000006 6.0000000000000009 2.5000000000000004 12.000000000000002 3.0000000000000004 4.6510493755340585 56.000000000000007 0.89587974548339855 112.00000000000001 2.4414010047912602
decision_type=2 2 2 2 2 2 2 2 2 2 2 2 2 2 2 2 2 2 2 2 2 2 2 2 2 2 2 2 2 2 2 2 2 2 2 2 2 2 2 2 2 2 2 2 2 2 2 2 2 2 2 2 2 2 2 2 2 2 2 2 2 2
left_child=2 11 16 -3 -5 -4 7 23 9 -9 -11 12 15 14 25 -2 18 -18 19 21 -21 22 -1 -7 -19 -14 28 46 -6 -30 48 32 35 -34 -33 37 41 39 42 40 43 45 -38 49 -45 -37 47 -28 -26 50 51 54 55 -53 -20 -51 57 58 59 -52 -60 -58
right_child=1 3 5 4 26 6 -8 8 -10 10 -12 -13 13 -15 -16 -17 17 24 31 20 -22 -23 -24 -25 30 -27 27 -29 29 -31 -32 34 33 -35 -36 36 38 -39 -40 -41 -42 -43 -44 44 -46 -47 -48 -49 -50 52 56 53 -54 -55 -56 -57 61 -59 60 -61 -62 -63
leaf_value=-0.0060544145830828374 0.069815132373453145 0.0089845257892281916 0.034883993892023894 -0.040540473375993251 0.0058959314410191961 0.032903191980346046 0.047081724072362136 0.00088645175627372432 0.0049988121117950941 -0.118235586595757 0.033390233240315252 -0.0092327668257741018 0.13270339347411264 -0.070673400511470974 -0.038361613278492773 -0.014172473663795614 -0.070459379654337004 -0.017739860544566808 -0.0026439602078881484 0.017950487612353655 0.078635348971316132 0.015008822637604773 -0.076661648721078252 -0.090662872171759154 -0.0054647242791502314 -0.096936601544506784 0.0595629024649229 -0.091951175915341826 0.014983251874066914 -0.051410901658997581 0.062454690393451244 0.0038922788645543217 -0.066239714111381812 -0.00049398543003277584 0.090684530849678369 0.081706878461615826 0.008489837858946114 -0.077356773464690554 -0.052872619924512677 -0.052786719668018227 0.083933169251595122 -0.069865061102653572 -0.062986615787910913 0.024114331482160731 -0.070492926790503604 0.031790701275904859 -0.053328928936105281 -0.0087634231154851 0.063846710616234995 0.041852904452240443 -0.032809303129432282 -0.031885393675975239 -0.109894534201122 -0.10713448998780253 -0.060429441380429209 0.003340254974587808 0.012167312683823976 -0.042063388236229349 0.011641145484270855 0.041363816208281952 -0.058228382609861545 -0.064668692760536647
leaf_weight=116.93715887161011 7.4892413773341096 246.61701887246454 129.70153505900862 88.696201539914455 324.43624629933856 50.342553279704589 28.351822911685304 15.805061161243428 44.129645410629564 15.538690348509592 4.3541637504604287 179.54973837350462 5.186115936900026 86.249506484896301 12.214424823086118 103.70730507025837 14.647015201822795 12.877729879794058 298.89765911789982 34.916794854798354 31.34451562911272 180.97641439235304 10.800311332030104 3.0978848835256931 23.719010140225237 0.9465082387687288 9.2286446809302998 13.795968044274103 15.639399597086593 28.072012944245216 50.35388224820781 24.640393511536331 38.583477287802225 40.433903945611746 11.801403889919127 21.878553585911504 142.9778665030899 15.564316321851036 19.806180292355521 20.994298124831403 8.0780749124219238 4.3396239248777411 10.614200804408481 6.2327487613874863 17.679148388973999 65.696937424369935 18.669971539726248 94.898442563186109 12.011704256306983 58.102570025595924 16.550349371289485 58.180194835927978 4.412840674236576 14.196753566443475 20.35269879023781 160.81330156998956 381.29889468907231 80.233052352558843 15.059631078534947 81.321773735966417 29.921170807771887 7.5809855198676805
leaf_count=3120 401 21170 46824 34216 42446 4958 5872 8611 24632 7488 1486 78925 822 134488 5437 23985 5143 1746 52829 797 974 2301 524 304 14166 811 433 22024 3781 19638 3578 67263 184174 11608 19612 4306 118340 34752 71405 86536 30382 1168 10665 955 66450 12159 4177 10237 1336 16562 6456 19767 5884 10977 7124 13229 71113 50598 7377 7909 11822 1099
internal_value=-0.000318625 -0.00954717 0.00432316 -0.00383574 -0.00916351 0.0198327 0.00775392 -0.000612794 -0.0182548 -0.0470008 -0.0850476 -0.0216832 -0.0320426 -0.057054 0.00697109 -0.00851579 0.00223604 0.0221959 0.00113053 0.0113923 0.0466571 0.00382324 -0.0120243 0.0257402 0.0359094 0.0972608 -0.00364976 -0.0186404 0.00191221 -0.0276559 0.043935 -0.00116503 -0.00190205 -0.032597 0.0319993 -0.000348065 0.0115753 -0.00278999 -0.00289448 -0.00188322 -0.00103432 0.0388727 0.00355035 -0.00158306 -0.0458331 0.044261 -0.0104042 -0.00270775 0.0178359 -0.000720653 -0.0033561 -0.013779 0.0111225 -0.0466455 -0.00632787 0.0135619 0.00331404 -0.00950777 0.00877702 0.028821 -0.034836 0.0106694
internal_weight=3691.55 1235.4 2456.15 840.054 593.437 291.321 161.62 133.268 79.8276 35.6979 19.8929 395.343 215.793 104.597 18.347 111.197 2164.83 113.609 2051.22 374.975 66.2613 308.714 127.737 53.4404 98.9623 6.13262 504.741 136.593 368.148 43.7114 86.0846 1676.24 1639.8 79.0174 36.4418 1560.78 265.313 1295.47 173.398 1279.91 1258.91 91.9151 153.592 1250.83 23.9119 87.5755 122.797 104.127 35.7307 1226.92 1003.59 391.627 223.329 72.3769 319.25 218.916 611.966 223.086 142.853 97.8721 44.9808 388.88
internal_count=1539372 402991 1136381 158122 136952 100175 53351 47479 42217 17585 8974 244869 165944 141558 7070 24386 1036206 25969 1010237 7716 1771 5945 3644 5262 20826 1633 102736 36871 65865 23419 19080 1002521 915646 195782 86875 719864 218043 501821 200410 467069 380533 17633 129005 350151 67405 16465 14847 10670 15502 282746 247071 90697 35675 30744 59953 29791 156374 84162 33564 14365 19199 72212
is_linear=0
shrinkage=0.1


Tree=49
num_leaves=63
num_cat=0
split_feature=32 36 0 32 50 28 28 15 14 19 28 28 19 13 13 8 15 47 19 0 36 43 46 35 15 13 45 42 28 3 28 13 8 22 31 13 28 28 14 19 31 15 16 14 0 3 3 16 28 3 0 45 3 28 3 34 2 19 28 13 8 30
split_gain=15.269 7.36703 8.38372 7.49358 7.25406 5.22705 17.4849 15.4277 4.78727 10.9553 4.74138 7.72928 8.52204 5.60338 4.37548 4.31161 4.13211 5.06239 4.80356 5.08889 4.12162 4.97431 4.69761 4.10785 6.77899 4.06094 3.98078 5.28434 5.00941 10.1096 3.86689 7.06905 5.46513 5.46395 6.61577 8.724 3.76759 11.1428 6.49266 3.74111 3.60845 9.53905 6.45271 9.28999 4.66508 3.58903 3.57166 3.56987 3.56281 3.55121 3.54228 3.52678 3.45368 3.42558 3.36765 3.35846 3.31651 3.27911 3.26573 3.16853 3.13267 3.00321
threshold=20.000000000000004 1.5000000000000002 2.7361353635787968 56.000000000000007 16.500000000000004 -1.0000000180025095e-35 3.0000000000000004 5.7189338207244882 2.4181410074234013 280.00000000000006 48.000000000000007 1.0000000180025095e-35 100.00000000000001 4.3947539329528817 4.7361600399017343 0.89587974548339855 3.8026961088180546 19.500000000000004 100.00000000000001 6.6238393783569345 2.5000000000000004 1.0000000180025095e-35 13.500000000000002 3.5000000000000004 4.2324235439300546 5.4457051753997812 -1.0000000180025095e-35 3.0000000000000004 96.000000000000014 4.1426305770874032 1.5000000000000002 2.3502402305603032 0.89587974548339855 7168.0000000000009 88.000000000000014 5.4457051753997812 -1.0000000180025095e-35 24.000000000000004 6.6957499980926523 180.00000000000003 120.00000000000001 4.4845800399780282 1.2424533367156985 5.5169365406036386 5.7189338207244882 6.070054531097413 6.6238393783569345 1.2424533367156985 24.000000000000004 5.5169365406036386 4.7789824008941659 3.5000000000000004 4.8278014659881601 96.000000000000014 6.8165824413299569 5.0000000000000009 2.4526374340057377 280.00000000000006 1.0000000180025095e-35 3.4811217784881596 0.89587974548339855 40.000000000000007
decision_type=2 2 2 2 2 2 2 2 2 2 2 2 2 2 2 2 2 2 2 2 2 2 2 2 2 2 2 2 2 2 2 2 2 2 2 2 2 2 2 2 2 2 2 2 2 2 2 2 2 2 2 2 2 2 2 2 2 2 2 2 2 2
left_child=4 2 10 -4 5 23 7 -7 61 20 11 14 13 60 -2 -16 17 -6 19 54 21 -10 26 -1 -25 -9 28 -28 30 -30 31 -22 33 34 35 -33 -20 38 46 -5 44 -42 43 -43 -32 -40 -38 -37 -45 -21 -11 -39 -41 -24 -18 -35 -8 -26 -23 -14 -13 -3
right_child=1 8 3 39 16 6 56 25 9 50 -12 12 59 -15 15 -17 18 -19 36 49 22 58 53 24 57 -27 27 -29 29 -31 40 32 -34 55 -36 47 37 51 45 52 41 42 -44 48 -46 -47 -48 -49 -50 -51 -52 -53 -54 -55 -56 -57 -58 -59 -60 -61 -62 -63
leaf_value=0.0070959819411312852 -0.027474014616490256 0.21161732277743744 -0.084210946203282414 -0.0037016079046938255 -0.055364481171788986 -0.082031428234655299 -0.059692307894156894 0.027110881736140964 -0.08287120449050675 -0.020959070469345913 0.0081701340350446867 0.013157562599143694 -0.028366990932551968 -0.044175486469706295 0.061590178038632454 -0.012165125327903197 0.030730777708304815 0.027327893936558181 0.047927540719072466 -0.032527231200057342 0.031435056719096237 0.051379958470676737 0.065675664137871112 -0.066129142003715752 0.017050818625645538 -0.045833067655547358 -0.020805068097494162 -0.10340923252567578 0.058122604503624643 -0.088276446503743 0.0021172122310166991 0.056889385551235752 0.038907733464309015 -0.094104126306175762 -0.06569124698352477 -0.10762689644858117 -0.089253695854333903 0.042208891304953838 0.0055904015939725838 -0.023156711857302698 -0.055277347282159287 -0.054912421970139402 0.063016400364132572 0.065577063936069477 -0.057880786555111877 0.18610216136866234 0.019765022846787782 -0.0088684089812035068 -0.040411951418139913 -0.15759924828036376 -0.065562008849822537 0.0010032395983088219 -0.074595958592397718 0.34583249713406544 -0.11368336541877594 -0.035961414043535339 0.0018623573209467119 0.083230870483387731 0.008413908021487072 -0.075727733999430266 0.12892933226102582 0.0068749848451740581
leaf_weight=766.31866665795042 21.960631215246394 0.71858551991317554 32.231222130579454 37.163810327709143 15.588678013182973 48.893384869296369 8.8149874879745749 24.587818812920887 5.1791911372092718 31.974229284449393 85.820389659667853 4.5438773997302651 21.776111754821613 7.302544964994012 18.696806509979297 13.758519802999215 17.699449686038868 14.099205110891488 68.624426589500217 8.4081608532287628 25.353272515567369 22.429925137828832 3.0530496595938525 5.0744399572140528 12.009397400539457 11.067612889006567 71.658165916676808 8.6827639645748587 6.4329471953860802 17.682637838608571 110.85967067296588 18.836693519637265 11.0488466426832 18.790294042832102 16.79071881807522 5.6235640083368734 15.862139914207093 98.196130719730718 11.953149346825283 30.711613281559039 13.793997819901049 15.233021243695474 39.763751533038885 17.960078492516917 14.674904756727299 1.2132524068258579 3.7075868847732627 10.483627550456729 3.851717634139276 3.1097833264502688 40.181720145331383 26.343839542407295 22.700010302600276 0.50924631164707523 1.7768661450536445 21.079499727857183 1245.7113884069015 19.881270009344007 83.712375869348762 40.210068338499696 4.8129408078675624 238.31582103051551
leaf_count=103169 1942 210 59047 4490 6311 183007 2149 1683 12398 17337 9019 666 8614 1101 1215 917 2962 1961 7210 1751 2634 1792 12010 533 1071 60886 30575 10614 940 6772 20028 1641 1320 3950 3022 2672 24735 25016 17405 7579 3599 4293 4374 4450 7690 3355 4750 944 2202 590 67236 3904 22432 1446 225 4098 682645 1063 14590 19634 576 22922
internal_value=-0.000292121 -0.0094378 -0.0218893 -0.0428014 0.00428784 0.00228908 -0.00153665 -0.0455531 -0.00457365 -0.00911041 -0.0101563 -0.0219763 -0.0420242 0.0214727 0.00699829 0.0303237 0.0192296 -0.0160927 0.0233116 -0.013605 -0.00441254 0.012824 -0.00865615 0.00866658 0.0412264 0.00446874 -0.00956444 -0.0297324 -0.00516451 -0.0492238 -0.00207709 -0.0158511 -0.0275298 -0.0355431 -0.014103 0.0106854 0.0283767 0.0198461 -0.0320704 -0.0280658 0.00608051 0.0212897 0.0350404 0.005011 -0.00489651 0.0222241 -0.0685995 -0.0433483 0.0468606 -0.066296 -0.0457973 0.0334927 -0.0450185 0.105725 0.0175556 -0.0633636 0.00142984 0.0583088 0.0174935 -0.0590896 0.072708 0.00749048
internal_weight=3645.3 1216.36 341.689 122.807 2428.94 2142.36 1339.08 84.5488 874.674 635.64 218.882 133.062 78.6455 16.6594 54.416 32.4553 286.583 29.6879 256.895 30.9943 563.484 111.321 452.162 803.284 36.9651 35.6554 448.6 80.3409 368.259 24.1156 344.144 128.007 102.653 91.6044 51.7346 34.9439 225.901 157.276 32.7361 90.5754 216.137 90.6026 76.8086 37.0448 125.535 13.1664 19.5697 16.1072 21.8118 11.5179 72.1559 124.54 53.4116 3.5623 19.4763 39.8698 1254.53 31.8907 106.142 61.9862 9.35682 239.034
internal_count=1539372 402991 137232 93548 1136381 1036206 930370 245576 265759 242627 43684 34665 30591 2343 4074 2132 100175 8272 91903 5528 158054 28780 129274 105836 2667 62569 115818 41189 74629 7712 66917 20281 17647 16327 8279 5257 86375 79165 50245 34501 46636 18918 15319 10945 27718 20760 29485 3616 6652 2341 84573 28920 30011 13456 3187 8048 684794 2134 16382 28248 1242 23132
is_linear=0
shrinkage=0.1


Tree=50
num_leaves=63
num_cat=0
split_feature=28 28 13 19 48 50 42 28 19 18 14 46 28 0 9 32 15 18 28 15 18 19 19 24 19 14 24 27 14 29 1 3 47 13 16 0 19 45 9 42 14 51 3 9 46 46 23 3 27 3 30 0 20 18 32 15 34 9 14 30 15 35
split_gain=13.4302 30.5031 15.8691 15.8625 8.33826 7.54338 8.27136 6.62196 11.9803 15.2459 7.3993 6.7924 6.21716 6.00405 6.3018 5.66995 7.12632 5.56006 5.50835 7.21128 6.06067 5.35387 5.21363 6.81847 5.65615 5.33908 4.97616 4.91529 4.82708 4.63594 4.62773 4.17684 4.50573 4.00932 4.00367 3.98324 3.91456 4.18757 3.83484 4.51176 3.56936 3.56103 3.48528 3.45161 3.40758 3.69182 3.22913 5.14629 4.2043 3.18218 4.8742 3.83222 3.1479 3.11949 5.53164 10.7085 4.36992 4.55725 7.48922 3.55777 6.13045 3.42779
threshold=1.0000000180025095e-35 3.0000000000000004 1.7005987167358401 100.00000000000001 1.0000000180025095e-35 5.5000000000000009 6.0000000000000009 48.000000000000007 80.000000000000014 9.5869107246398944 1.7005987167358401 13.500000000000002 96.000000000000014 5.5169365406036386 0.89587974548339855 96.000000000000014 5.6077513694763192 13.046368122100832 24.000000000000004 4.8278014659881601 10.139877796173097 100.00000000000001 180.00000000000003 17137926144.000002 62.000000000000007 5.6077513694763192 137422176256.00002 7.5000000000000009 3.3576917648315434 1.0000000180025095e-35 5.8303320407867441 6.9206013679504403 16.500000000000004 0.89587974548339855 2.1910133361816411 7.4223623275756845 62.000000000000007 1.0000000180025095e-35 0.89587974548339855 1.5000000000000002 4.1426305770874032 1.5000000000000002 3.1549592018127446 0.89587974548339855 13.500000000000002 11.500000000000002 1900.0000000000002 5.0290689468383798 1.0000000180025095e-35 5.1720471382141122 80.000000000000014 5.5169365406036386 48.000000000000007 11.658829212188722 20.000000000000004 4.9182729721069345 1.5000000000000002 0.89587974548339855 2.8888261318206792 192.00000000000003 5.0290689468383798 3.5000000000000004
decision_type=2 2 2 2 2 2 2 2 2 2 2 2 2 2 2 2 2 2 2 2 2 2 2 2 2 2 2 2 2 2 2 2 2 2 2 2 2 2 2 2 2 2 2 2 2 2 2 2 2 2 2 2 2 2 2 2 2 2 2 2 2 2
left_child=4 2 15 34 17 6 7 8 18 38 33 22 30 14 -11 16 -2 44 19 20 -3 -14 23 24 -12 -24 -15 -28 -6 36 -7 32 42 -9 35 49 -21 -38 -10 -40 -26 -19 -30 -36 45 46 47 -1 -49 -4 51 -51 -32 61 59 56 57 58 -56 -55 -61 -48
right_child=1 5 3 -5 28 12 -8 10 9 13 11 -13 21 26 -16 -17 -18 41 -20 29 -22 -23 25 -25 40 -27 27 -29 31 -31 52 -33 -34 -35 43 -37 37 -39 39 -41 -42 -43 -44 -45 -46 -47 53 48 -50 50 -52 -53 -54 54 55 -57 -58 -59 -60 60 -62 -63
leaf_value=0.044845747837470466 -0.05996065340454966 0.10582195586337564 -0.090268439002577777 -0.09218364387178403 -0.12007460014511923 0.0051484133706811673 0.0050573244360885266 -0.049665792980759585 -0.0066057215851439907 -0.064521661588640186 0.032876082452423148 0.092035720295011558 -0.038627433133446513 0.0048196180622297044 -0.023867546024146938 0.099194611425939244 0.027613932508995728 0.023535548324055577 -0.017531243851111017 0.013972030191716278 -0.042425388474329889 0.034792333020532647 -0.016579417532207954 0.0074402149143694184 -0.0085970898298194983 -0.060096480628865148 -0.05757743319952216 0.021896648766897311 -0.09898220394381077 -0.099720755812669648 0.037074439299935279 -0.031491162319045168 -0.071479968775534294 0.01343358213136172 -0.016469397483775232 0.070689433634608376 0.077431843862325378 -0.069120304856101419 0.058101544926509791 -0.03110635492144688 -0.095770577322800476 0.11901055879345752 0.062673274483496286 0.066650763246098407 0.053866295444421598 -0.055677119940775954 -0.0065948380042238942 0.10325708632365849 -0.028371798896714585 -0.068491407220216724 -0.09009242011802801 0.012950077401469882 -0.1019793675624333 0.011522509610444777 0.068803590082111413 -0.071368217165046238 -0.034168330113512127 -0.02748253719164357 -0.011041085442696309 -0.087329889082245676 0.11476817181732868 0.03631936407767155
leaf_weight=44.909943986545386 14.362574627559296 3.1906562400363354 15.104618842182616 68.689771727293873 1.7993628299009277 260.60907092642037 687.15759075228607 10.49370289078797 74.409480236132367 112.40060668460751 7.0607023926568244 6.2460924155875537 10.788561771249077 44.883720907095267 57.703415070056508 6.2224034755927269 26.31984272266709 118.87173204774626 50.715083061363657 20.410406234281254 20.322807825376913 125.11462004807618 134.4428747916013 149.18070961592639 6.695523315399444 35.67456088995732 38.384516251735249 9.7611073858406581 1.3640121110947792 2.1810333868997978 2.1483249748307571 6.3623012341849963 2.7622437450772841 249.28089116199408 29.712315269476676 2.8138309566165836 33.518725471411017 2.0701619222818399 22.55738255018878 7.57271121488884 15.736205733443056 4.0393272499495643 60.008472751593217 6.0056262742236859 13.581109755591568 10.454567034915724 361.63076061315769 2.7486676098778871 20.706916372631895 8.4243658353825612 11.65554897378024 18.391078813212516 6.7217896608017309 395.20660727679751 26.297051316054421 24.009103159655751 22.167660613107728 16.781206788669806 21.232506595777522 1.8800365725182908 7.4439739000081317 19.622787077394605
leaf_count=3222 20073 805 20766 286087 211 213950 198304 849 20284 118936 625 9749 6250 17129 18924 306 2692 5951 11038 4483 9200 37391 62528 17556 1935 56875 141680 3701 87 2498 649 382 2563 16900 4817 5248 7296 9054 3559 1846 15510 159 2528 1058 11535 18940 21217 130 4296 11446 3276 13337 4805 60231 1063 10754 4205 1152 4077 349 458 2034
internal_value=2.99278e-05 -0.00424701 -0.0408844 -0.0558132 0.00875496 -0.000799725 -0.00357233 -0.00889117 -0.0174365 -0.0267249 -0.0019405 -0.0113245 0.0115254 -0.0395599 -0.0507308 0.0102939 -0.00330352 0.00661468 0.00835554 0.0244259 -0.022309 0.028964 -0.0131754 -0.00124564 -0.0451811 -0.0257052 -0.019134 -0.0414648 0.0416626 0.0433137 0.00273078 0.0457908 0.0534573 0.0108847 -0.0286897 -0.0452828 0.0488846 0.0689071 0.00558192 0.0356806 -0.0697506 0.0266732 0.0590805 -0.00249355 0.00412101 0.00342816 0.00406873 0.0250177 -0.0129467 -0.0513737 -0.0361027 -0.0126357 -0.0683008 0.00247079 0.00754675 -0.0122838 0.00411987 0.0173177 0.0331352 0.012963 0.0740184 -0.00438608
internal_weight=3599.02 2415.14 207.702 160.797 1183.88 2207.43 1802.05 1114.89 500.082 367.673 614.811 355.037 405.382 263.133 170.104 46.9048 40.6824 1111.58 132.409 81.6938 23.5135 135.903 348.791 178.673 29.4924 170.117 93.0293 48.1456 72.2964 58.1803 269.479 70.497 64.1347 259.775 92.1074 56.3894 55.9993 35.5889 104.54 30.1301 22.4317 122.911 61.3725 35.7179 988.673 975.092 964.637 68.3655 23.4556 53.5756 38.471 26.8154 8.87011 896.272 515.018 110.488 86.4784 64.3108 47.5296 404.531 9.32401 381.254
internal_count=1538959 1383415 369106 346035 155544 1014309 751264 552960 370433 326059 182527 164778 263045 300370 137860 23071 22765 149773 44374 33336 10005 43641 155029 35626 18070 119403 162510 145381 5771 23331 219404 5560 5178 17749 59948 54073 20833 16350 25689 5405 17445 6110 2615 5875 143663 132128 113188 7648 4426 48825 28059 24783 5454 105540 82289 21251 10497 6292 5140 61038 807 23251
is_linear=0
shrinkage=0.1


Tree=51
num_leaves=63
num_cat=0
split_feature=50 28 28 3 13 19 19 18 18 8 42 31 28 3 20 18 18 22 8 1 18 13 49 9 28 13 28 28 28 22 8 50 24 15 24 0 30 22 19 28 46 28 0 34 14 19 49 34 18 50 3 8 3 27 0 46 33 0 35 49 21 17
split_gain=13.205 8.96628 22.99 15.6909 6.91658 7.69721 6.35618 5.18231 4.86584 4.31711 4.19272 6.92356 6.11452 15.811 13.4467 18.2548 6.70032 6.54448 5.58986 5.28148 4.95575 4.69181 4.55776 4.31128 5.68934 4.86494 4.19193 6.81055 4.10266 5.68388 4.19462 5.40058 4.0665 3.92993 3.7931 3.65396 4.44137 3.46706 3.39874 3.36163 3.34769 3.34076 3.19392 3.56936 8.36083 3.38484 3.29879 3.16969 4.33361 3.80296 4.40446 4.20076 3.10986 3.08958 3.0764 3.02777 2.87941 2.87751 2.8441 2.81641 2.79041 2.74477
threshold=16.500000000000004 1.0000000180025095e-35 3.0000000000000004 5.5169365406036386 1.4978661537170412 180.00000000000003 100.00000000000001 11.102906703948976 13.046368122100832 0.89587974548339855 6.0000000000000009 120.00000000000001 96.000000000000014 4.8278014659881601 48.000000000000007 10.97661352157593 9.0558362007141131 7168.0000000000009 0.89587974548339855 4.8278014659881601 13.45958471298218 2.6735538244247441 4.5000000000000009 0.89587974548339855 24.000000000000004 0.89587974548339855 -1.0000000180025095e-35 24.000000000000004 24.000000000000004 7168.0000000000009 0.89587974548339855 5.5000000000000009 17137926144.000002 4.6510493755340585 17137926144.000002 4.7789824008941659 56.000000000000007 7168.0000000000009 100.00000000000001 96.000000000000014 13.500000000000002 12.000000000000002 5.5169365406036386 5.0000000000000009 5.9098556041717538 80.000000000000014 7.5000000000000009 1.5000000000000002 12.308295249938967 1.0000000180025095e-35 4.094205617904664 0.89587974548339855 6.9047427177429208 5.5000000000000009 1.2424533367156985 13.500000000000002 3.0000000000000004 4.8278014659881601 1.5000000000000002 12.500000000000002 112.00000000000001 9.783419609069826
decision_type=2 2 2 2 2 2 2 2 2 2 2 2 2 2 2 2 2 2 2 2 2 2 2 2 2 2 2 2 2 2 2 2 2 2 2 2 2 2 2 2 2 2 2 2 2 2 2 2 2 2 2 2 2 2 2 2 2 2 2 2 2 2
left_child=1 8 3 6 32 9 7 37 40 42 11 12 14 16 -4 19 18 22 -14 23 28 -15 47 24 25 -16 52 -28 29 -17 31 -30 -5 39 -23 -31 -37 -3 -35 60 54 -38 -6 45 -45 46 -44 48 -18 51 -51 -50 59 -10 -1 -36 -27 -57 -34 -2 -29 -42
right_child=26 2 10 4 5 -7 -8 -9 53 -11 -12 -13 13 21 15 20 17 -19 -20 -21 -22 34 -24 -25 -26 56 27 33 30 35 -32 -33 58 38 55 36 41 -39 -40 -41 61 -43 43 44 -46 -47 -48 -49 49 50 -52 -53 -54 -55 -56 57 -58 -59 -60 -61 -62 -63
leaf_value=0.049873870689681084 0.051834452097225203 0.16139522525098104 0.0074065720259247382 0.15843559728321965 -0.087615291391716033 -0.091060712691988344 -0.094575116129306053 -0.050838890513198766 0.028185370313046128 0.079929610737747001 0.0041042255685992532 -0.064559077891554142 0.005939515051211282 -0.08954374669799442 0.020489186800208777 -0.064423297229069129 0.058404047165098338 -0.014394782541156044 -0.090938666552574945 -0.075663742018219127 -0.079480951597915184 -0.07316417359932044 -0.047264484254358058 0.029391441650913116 0.012465079384104197 0.028384096362551667 -0.019968618202722166 -0.0032772452217887413 -0.040007617843049653 -0.063044233009039247 0.0041585406894695844 0.0005819860746133043 0.030552752254718069 -0.067595340376355798 -0.014165747297721779 -0.075940100850619668 0.072100653374627441 -0.064214605569591118 0.036675410905775224 0.027028144412562551 0.064761338015199066 -0.015279670400008447 -0.032950303588904752 -0.07958641925788458 0.11958754312188453 0.047733778498280949 0.27689045930609824 0.0062327788957151483 -0.0045838652821828521 0.058818034916304676 -0.026424456093634481 0.05517448325467561 -0.026732878935439637 -0.05483986228097068 0.0019734605731128447 0.50882992340527811 -0.050895749695017492 0.073591266658396312 -0.049878846224220258 0.0019165087947266039 -0.084008325854036739 -0.089346016775160172
leaf_weight=13.602457804488493 70.732288525992772 2.0043407912307876 309.84938613263603 2.1659328986424944 6.1598308298935072 15.766740785018099 46.747359357959567 39.601819163600112 113.25943861112864 4.7109487686248022 686.08415540119472 19.581106361755701 15.56384661077027 10.200358954105466 16.820901878517361 64.525544477323365 64.658181447994139 40.115097879413952 9.6479677014285699 8.204801020154262 21.733589856192339 11.505112751898194 7.4868526565660423 58.364930363706662 101.63577338679261 5.1458055539114858 48.112148833960418 10.646194623190242 129.11160511652474 10.131719799534038 46.39246610155169 43.934745385424776 25.485852175726908 3.2264686313574193 101.01083934222788 4.8052731449524826 9.6533224136419449 1.0317991529627764 100.41521637140522 16.378002171608387 13.14707162255854 8.0026241827781632 12.44610542578266 13.287235803756628 2.5049016745178951 13.231357764801032 0.35337605291715668 38.921028756107262 48.583318489290832 42.723163371971168 7.0636941831016875 15.521507180834304 6.7405938346109897 4.6667521663766811 938.0207022958225 0.19864579605564259 41.75224113819786 0.64552171535251546 5.3128100332069144 13.45233717441806 7.1613622125205429 1.2671281705552235
leaf_count=350 3741 466 89746 378 11655 91953 180370 36048 5394 983 198304 40395 1129 3109 6247 235285 3103 5910 546 1543 14501 11285 2246 9081 19222 909 58359 2023 110847 5244 7334 52966 2153 1466 69072 12664 2455 433 26125 1825 11098 1213 7682 2760 399 4967 478 4087 5450 3677 3129 1022 615 649 129017 302 22808 2951 3374 4243 1736 437
internal_value=5.8013e-05 -0.00171516 -0.00539638 -0.0385612 -0.0116407 -0.0297615 -0.0691077 -0.0411858 0.00572353 -0.0114198 -0.00223161 -0.00554105 -0.00464791 0.0053767 -0.00936192 -0.0184738 0.018129 0.0228145 -0.0311335 0.00313557 -0.0332886 -0.0245827 0.0294498 0.00602549 -0.00222194 -0.0256487 0.0210285 0.012424 -0.0301172 -0.0472297 -0.0225437 -0.0297023 0.0259923 0.0237314 -0.0187374 -0.0131908 0.00929693 0.0847242 0.0334294 -0.00567015 0.00338265 0.0324952 -0.0203885 -0.0104871 -0.047994 0.0122672 -0.024396 0.0320908 0.0377274 0.025989 0.0467239 0.00988524 0.0386247 0.0248998 0.00265815 -0.0125896 -0.0421969 0.17601 0.0166782 0.0438578 -0.0357435 0.051214
internal_weight=3551.21 3274.35 2190.39 190.81 101.425 68.4605 89.3853 42.638 1083.96 52.6938 1999.58 1313.49 1293.91 413.845 880.065 570.215 290.285 265.073 25.2118 231.924 338.291 123.56 224.958 223.72 165.355 63.7189 276.865 185.939 316.557 97.1185 219.439 173.046 32.9646 137.827 113.36 32.5929 22.4612 3.03614 103.642 34.1856 966.037 17.6559 47.9828 41.823 15.7921 26.0308 12.7995 217.471 178.55 113.892 49.7869 64.1048 90.9252 117.926 951.623 101.855 46.898 0.844168 30.7987 84.1846 17.8076 14.4142
internal_count=1538959 1438826 1291881 344099 126782 120877 217317 36947 146945 28924 947782 749478 709083 117018 592065 502319 30299 28624 1675 59810 442509 86719 22714 58267 49186 29964 100133 91534 428008 256861 171147 163813 5905 33175 83610 21576 16332 899 27591 5584 140902 3668 27941 16286 3159 13127 8160 20468 16381 13278 6806 6472 8599 6043 129367 72325 23717 3253 5527 7984 3759 11535
is_linear=0
shrinkage=0.1


Tree=52
num_leaves=63
num_cat=0
split_feature=50 32 30 0 30 3 3 29 35 3 12 27 19 19 26 0 19 35 46 46 2 28 47 46 47 47 3 24 0 50 28 22 49 0 47 47 47 0 30 13 3 16 24 3 47 47 0 0 28 28 0 3 3 3 49 21 6 12 28 28 3 12
split_gain=11.4319 6.6973 8.7119 9.46092 5.43382 5.88849 4.86335 4.83751 4.23796 7.79532 4.91648 4.04789 6.95681 6.51381 5.33801 4.55315 4.5385 3.67204 3.6661 6.43328 5.03933 4.74145 3.86238 10.3504 7.96395 5.7819 11.9576 9.69266 11.5471 9.07961 6.42956 8.70653 6.33853 5.29612 4.48298 4.20511 8.22253 3.98645 3.96956 18.2133 12.5157 3.55369 3.54037 3.49817 4.36351 4.09552 12.9233 9.34059 4.79603 5.09813 7.48085 6.66188 4.20659 4.08919 4.01105 3.95815 3.46619 3.46255 3.41677 3.27525 3.25878 3.24025
threshold=16.500000000000004 20.000000000000004 24.000000000000004 3.026044607162476 112.00000000000001 4.6510493755340585 5.9098556041717538 112.00000000000001 3.5000000000000004 4.2844183444976816 2.4414010047912602 2.5000000000000004 280.00000000000006 100.00000000000001 1.0000000180025095e-35 1.4978661537170412 80.000000000000014 1.5000000000000002 13.500000000000002 12.500000000000002 4.9706082344055185 48.000000000000007 6.5000000000000009 11.500000000000002 4.5000000000000009 8.5000000000000018 3.6941639184951787 17137926144.000002 3.3576917648315434 1.0000000180025095e-35 12.000000000000002 7168.0000000000009 1.5000000000000002 4.8278014659881601 28.500000000000004 9.5000000000000018 10.500000000000002 4.9182729721069345 192.00000000000003 5.4457051753997812 5.0290689468383798 1.2424533367156985 240501391360.00003 3.6941639184951787 19.500000000000004 1.0000000180025095e-35 3.6941639184951787 3.6941639184951787 1.0000000180025095e-35 48.000000000000007 6.208071470260621 6.1414449214935312 6.9206013679504403 6.070054531097413 13.500000000000002 112.00000000000001 2.087193608283997 2.4414010047912602 -1.0000000180025095e-35 24.000000000000004 5.1720471382141122 1.0397207736968996
decision_type=2 2 2 2 2 2 2 2 2 2 2 2 2 2 2 2 2 2 2 2 2 2 2 2 2 2 2 2 2 2 2 2 2 2 2 2 2 2 2 2 2 2 2 2 2 2 2 2 2 2 2 2 2 2 2 2 2 2 2 2 2 2
left_child=1 8 3 -3 6 -6 7 57 11 -10 41 12 13 16 -14 -15 -1 -9 19 22 21 58 24 25 38 30 29 -28 32 -27 -24 33 -29 -32 -31 -30 37 -37 56 -40 -41 -11 -16 44 -2 47 -47 60 52 50 51 55 -49 -52 -48 -50 -13 -4 -20 -33 -45 -42
right_child=43 2 4 -5 5 -7 -8 17 9 10 -12 18 14 15 42 -17 -18 -19 20 -21 -22 -23 23 -25 -26 26 27 28 35 34 31 59 -34 -35 -36 36 -38 -39 39 40 61 -43 -44 45 -46 46 54 48 49 -51 53 -53 -54 -55 -56 -57 -58 -59 -60 -61 -62 -63
leaf_value=0.012087558257411301 -0.05262454342403438 -0.019563533113731046 -0.013539602983041455 -0.090328289135232553 -0.059793959645441097 -0.0089419971266283278 -0.03020647694875785 0.0027055421626571491 -0.056426768785729498 0.010375797560434753 -0.14949879564319898 -0.0039309737501505891 0.027526446690995465 0.025724680412043871 -0.028999827451511053 0.075724946619282502 -0.0625794957895114 0.04165315488939763 0.053380082351783792 -0.073784589048237495 -0.086960739199192116 0.091454525382968055 0.059898029049416261 -0.059040671664193502 -0.045653566900256362 -0.04842953876954878 0.0069757890967872037 0.099820189184345195 -0.11429857327961801 0.045300419725411281 -0.01005501136537359 0.0030963874754433209 -0.040776955933350373 0.047359582115873766 -0.033221290433511186 -0.045879041027624107 -0.056429427808494075 0.050472948086797344 -0.072318726810503706 -0.085910329971976951 0.10879571600277088 0.049635797450085284 0.066020992634439474 -0.14212863737134582 0.026353362361752921 0.10136231961711439 -0.053794112286618706 0.06915803549434027 -0.033970542920973408 0.041472700064837664 0.021609174354891635 0.018072551288776956 -0.022976155403399187 0.14456498014873959 0.0043077919352895941 -0.1454127521676068 -0.074956502181531506 0.15190055293386792 -0.024209679228531455 -0.071540596168411782 -0.010769765808633876 -0.11418274125458239
leaf_weight=164.26661432471906 14.209717649792539 107.41401326012783 230.45507442842313 22.925235225112147 34.950277914972503 65.347571969409501 57.911912771757443 606.90931379970743 11.56902703201831 39.515439133858308 1.494791694858576 949.62494817448237 26.791915019974113 53.537816127995029 75.568245467467932 27.602004336775281 8.565024251045541 25.212875142857229 11.119717991607102 12.420432422628208 3.3970398854216901 12.015868968312132 39.788636965034129 23.699949315299136 46.1428148745822 13.446260899473144 137.28654230717802 9.2234377966933589 8.2348801255525341 92.04471127304123 23.498859067789454 10.186972436378712 4.9153613555490656 50.794452379697759 7.8944860068095286 6.4746053007820619 64.948541188045965 12.749914086405623 12.470058589763537 4.1694852482742162 22.446103122828394 55.350687659512914 4.1357288493309161 3.8730742577245101 13.779275983308251 10.443845774767395 21.271685034409302 49.605147048830986 6.3080120111626474 72.92657047661487 25.098742415057135 10.226560508861438 5.5055092331022015 3.0315262792396416 26.91612248463889 6.4417146408377448 6.9211237553990932 1.2720522770032392 11.592261446078284 13.904422470361167 3.6858996825903887 0.67119510019983764
leaf_count=2841 6147 27779 117136 50956 25109 51945 36683 89367 4784 16329 315 252137 356 1017 1602 1186 525 3300 7885 63379 5132 18506 7942 126750 14257 8214 64831 5253 3465 28307 802 657 2834 3007 1858 970 312068 2491 4941 3082 4507 4352 179 445 1894 2483 46066 1888 1953 5316 7809 3114 177 1613 18973 1865 1916 312 55403 1919 390 240
internal_value=0.000113135 -0.00154716 -0.00766271 -0.0320103 -0.00455776 -0.0266621 -0.00215256 -0.000271842 0.0018403 0.0211351 0.0304471 0.000784573 0.0103645 0.0193604 -0.011089 0.0427337 0.00838728 0.00425901 -0.00135753 -0.00209972 0.0292833 0.0406542 -0.00152954 0.0055183 -0.00503905 0.00860685 0.00188783 -0.0105885 -0.0332203 0.028718 0.0259775 0.0122594 0.0509415 0.0291994 0.0390978 -0.0460974 -0.0394251 0.0180227 -0.00315803 0.0278035 0.0735594 0.0332825 -0.0240693 0.0197512 -0.0137429 0.0235723 0.000516275 0.0308128 0.0354073 0.0245007 0.000282579 -0.0420509 0.0599539 0.0348598 -0.0213403 -0.090276 -0.00444488 -0.0126314 0.013778 -0.0399806 -0.0780755 0.102322
internal_weight=3506.2 3232.88 1152.4 130.339 1022.06 100.298 921.761 863.849 2080.48 107.93 96.3609 1972.55 360.467 253.971 106.496 81.1398 172.832 632.122 1612.08 1573.96 38.1249 34.7278 1561.54 519.092 1042.45 495.392 357.219 243.833 106.547 113.385 138.173 98.3847 14.1388 74.2933 99.9392 92.4079 84.1731 19.2245 996.303 39.7568 27.2868 94.8661 79.704 273.323 27.989 245.334 58.6317 186.703 179.144 124.033 51.1066 22.9763 55.1107 28.1303 48.1878 12.7497 956.546 231.727 22.712 24.0914 7.55897 23.1173
internal_count=1538959 1438826 402587 78735 323852 77054 246798 210115 1036239 25780 20996 1010459 7706 5569 2137 2203 3366 92667 1002753 915827 86926 81794 852448 571368 281080 444618 430291 391912 327081 38379 14327 6385 8087 3809 30165 318994 315529 3461 266823 12770 7829 20681 1781 100133 8041 92092 67522 24570 23735 21670 16354 6932 2065 9422 65039 3818 254053 117448 63288 2576 835 4747
is_linear=0
shrinkage=0.1


Tree=53
num_leaves=63
num_cat=0
split_feature=50 32 32 0 38 28 13 38 19 35 3 46 19 20 36 3 0 30 14 3 13 14 20 49 49 31 45 50 49 49 49 49 31 21 46 6 12 3 46 49 49 46 12 16 19 3 19 0 0 0 18 38 29 35 38 30 28 45 28 28 12 30
split_gain=12.0631 7.15055 6.9184 4.58615 7.95007 7.2196 5.41475 4.30521 5.79742 4.16431 6.62206 4.22934 5.58132 5.25406 4.16011 7.33892 3.94243 3.796 17.8521 7.22585 5.18772 4.47108 10.48 8.19715 17.3098 6.02208 6.53839 5.60996 6.03273 5.29257 4.56474 8.08421 4.20525 5.60056 4.63331 4.08474 4.06201 4.02384 5.74233 4.01568 3.98338 3.73051 3.69696 3.61077 3.58968 3.57931 3.69415 3.52773 3.50248 3.7669 3.49709 3.48203 7.98535 7.28129 5.65753 3.47687 3.4338 3.395 3.29999 3.66666 3.28512 4.75754
threshold=16.500000000000004 20.000000000000004 40.000000000000007 2.7361353635787968 1.5000000000000002 96.000000000000014 2.1383330821990971 3.5000000000000004 180.00000000000003 3.5000000000000004 4.2844183444976816 -1.0000000180025095e-35 280.00000000000006 48.000000000000007 3.5000000000000004 4.0424354076385507 1.4978661537170412 192.00000000000003 4.6510493755340585 4.9182729721069345 5.4457051753997812 5.7957620620727548 48.000000000000007 1.5000000000000002 3.5000000000000004 56.000000000000007 1.5000000000000002 5.5000000000000009 5.5000000000000009 9.5000000000000018 14.500000000000002 5.5000000000000009 120.00000000000001 112.00000000000001 13.500000000000002 1.0000000180025095e-35 1.0397207736968996 5.9098556041717538 9.5000000000000018 6.5000000000000009 6.5000000000000009 13.500000000000002 2.4414010047912602 1.2424533367156985 180.00000000000003 3.6941639184951787 100.00000000000001 6.4873874187469491 6.7438817024230966 3.3576917648315434 12.489189624786379 7.5000000000000009 192.00000000000003 1.5000000000000002 3.5000000000000004 56.000000000000007 12.000000000000002 3.5000000000000004 12.000000000000002 1.5000000000000002 2.4414010047912602 56.000000000000007
decision_type=2 2 2 2 2 2 2 2 2 2 2 2 2 2 2 2 2 2 2 2 2 2 2 2 2 2 2 2 2 2 2 2 2 2 2 2 2 2 2 2 2 2 2 2 2 2 2 2 2 2 2 2 2 2 2 2 2 2 2 2 2 2
left_child=1 9 14 5 -5 -4 -7 -6 -9 11 -11 12 13 -1 15 -3 -15 21 -19 -20 -21 27 23 -23 -25 26 -24 28 32 37 31 58 34 36 51 -35 -34 38 -29 -33 -39 55 43 -12 -8 -2 47 -47 49 -14 -36 53 -53 -13 -55 -27 -32 -48 59 -26 -16 -62
right_child=45 2 3 4 7 6 44 8 -10 10 42 17 48 16 60 -17 -18 18 19 20 -22 22 25 24 30 41 -28 29 -30 -31 56 39 33 35 50 -37 -38 40 -40 -41 -42 -43 -44 -45 -46 46 57 -49 -50 -51 -52 52 -54 54 -56 -57 -58 -59 -60 -61 61 -63
leaf_value=0.0089818289485429879 -0.014094179551073512 -0.018156380456967783 -0.0018583572039053645 -0.036987050729279457 0.013889550350009905 -0.057094521533978329 -0.04314188446339854 -0.0038137083431945651 -0.044740211401846308 -0.053625860920804715 0.0082356681218446904 -0.0015650101080527156 -0.0018123892399291388 0.024487821150931729 -0.010309013271673124 -0.064713514715502463 0.071951081195843383 -0.070490329874986851 -0.081839097146697168 -0.036078502333287729 0.10470471299026061 0.080475802069010755 -0.066210777349767644 -0.077250498406649729 0.0014559051825357317 -0.076150175474303625 -0.0028313553973251331 0.066116385071984446 -0.080559516609438761 -0.017574037904474312 0.072063459762757284 -0.082625085544534183 -0.0084687403209497917 -0.065401118972134742 0.06060023165525167 -0.016692851328581611 0.063849340384544456 -0.048833514417898946 0.018813891471439678 -0.014501092577911039 0.038688112767737544 0.042321187716651887 -0.14290971908774441 0.047462536444568812 0.052462799017465693 0.018799638695973273 0.035306971322154199 -0.052932734906566969 0.073569928505783325 -0.047267909219923854 -0.1037788731296353 0.0093915679057605256 -0.070916919761035466 -0.075725078380828884 -0.0096907028725918345 -0.010296614271008257 -0.028619433426454267 0.0032755883245695625 0.0053856014179620403 0.066098533342046628 0.34975416841289009 -0.0017434383623274631
leaf_weight=171.75309603104142 26.80172230758285 125.4106433538409 174.49921227482264 79.66601154307773 116.05992591923814 5.5943878807011052 4.2236247149412511 315.83835553106837 38.871755721492718 10.733015776800128 39.911260693567783 414.62291970580554 76.077166641072836 53.181311905034818 180.43978085577146 46.379138859965224 26.08390959224198 12.619362826682844 2.7504315069991234 2.9546056302351706 22.935733761491971 12.791489623516098 61.79213276145606 26.560667106372421 13.824667941347796 9.3902668327191332 22.097922639344006 34.738911388990346 9.7155248020762865 36.777233106959557 17.401721142756291 11.41303742079617 30.749784297363931 29.050531725022665 18.266394101208338 42.266863666714926 10.391649752225929 13.472342858794946 98.238462302140306 35.778215411928613 8.46928964368999 11.326091040550635 1.2336796331001085 56.947785812793882 55.984282245917711 17.614103415173307 169.2366735469393 11.225016385031266 4.9376890665880628 23.97673020142247 1.3929314604447416 380.89809313947126 12.797437300499494 24.860881410109869 27.13621924105064 54.835209610631864 4.2061315009632372 41.131427715784412 65.416807282716036 24.021538500734096 0.62207901959482015 1.0106828690040854
leaf_count=3366 8041 42943 19006 34076 22125 363 225 40181 40449 4784 16329 180623 1124 1017 113618 87005 1186 5904 4260 1343 6988 2973 311104 19370 11159 11241 10845 16298 31229 16771 1261 7044 20100 23976 21910 10657 3379 45350 50673 10730 1764 34837 315 4352 1706 3106 74741 2504 237 776 2048 50340 8399 12257 7608 29987 859 11741 16852 12614 410 480
internal_value=9.4671e-05 -0.00159843 -0.00794143 -0.00274054 -0.00777245 0.00878557 0.0370119 -0.00282861 -0.00829874 0.00190755 0.0209483 0.000851413 0.0107125 0.0188102 -0.0195633 -0.0307257 0.0401066 -0.0013346 0.028605 0.0722672 0.0886385 -0.00212409 -0.0117151 0.00288358 -0.00211343 -0.0310724 -0.0495157 0.000855243 -0.00214286 0.0165287 0.00948523 0.00331262 -0.00137519 -0.0195841 0.000951864 -0.0365337 0.00979762 0.0246246 0.0311712 -0.0309766 -0.0150509 -0.0105935 0.0291079 0.0312989 0.0457561 0.0205601 0.024443 -0.00912067 -0.0086478 -0.0127053 0.0489534 -0.000145034 0.00678107 -0.00598871 -0.0412631 -0.0199249 0.0524648 0.0290442 0.0189828 0.0424855 -0.00903125 0.132176
internal_weight=3481.41 3215.4 1144.6 790.738 550.436 240.302 65.8023 470.77 354.71 2070.8 108.826 1961.97 356.01 251.018 353.862 171.79 79.2652 1605.96 41.2601 28.6408 25.8903 1564.7 370.856 211.414 198.623 159.442 83.8901 1193.85 1002.15 191.696 172.062 150.454 992.434 112.459 879.975 71.3174 41.1414 154.919 132.977 47.1913 21.9416 75.5516 98.0927 96.859 60.2079 266.009 239.207 28.8391 104.992 100.054 19.6593 860.316 393.696 466.62 51.9971 64.2255 21.6079 210.368 103.263 37.8462 182.073 1.63276
internal_count=1538959 1438826 402587 158131 136831 21300 2294 102755 80630 1036239 25780 1010459 7706 5569 244456 129948 2203 1002753 18495 12591 8331 984258 480876 82862 79889 398014 321949 503382 372526 130856 60519 58399 341297 58112 283185 34633 23479 114085 66971 17774 47114 76065 20996 20681 1931 100133 92092 5610 2137 1900 23958 259227 58739 200488 19865 41228 2120 86482 40625 23773 114508 890
is_linear=0
shrinkage=0.1


Tree=54
num_leaves=63
num_cat=0
split_feature=32 45 0 32 45 0 38 47 28 28 1 3 36 15 28 18 18 8 36 27 26 23 28 18 4 45 23 20 36 14 4 46 12 30 18 28 12 16 30 1 1 27 15 18 38 0 27 45 30 3 27 24 27 49 3 4 31 21 23 47 49 15
split_gain=10.6644 6.90085 6.42136 5.80444 5.66564 4.59842 7.06525 4.4541 3.8281 9.89979 11.5795 4.97463 3.65359 7.29271 3.3711 3.91151 4.51866 5.15654 3.36842 6.32633 3.34414 4.22214 3.79886 4.75768 3.65113 3.27221 4.25819 3.44988 4.45897 3.24166 3.84654 3.20698 3.32616 3.63615 3.57453 3.18834 3.11259 3.48671 3.10578 3.75769 3.30929 3.02515 2.97729 2.92832 9.43397 3.94409 5.16534 4.5355 4.24584 6.02917 8.05551 5.78053 3.77714 3.59611 6.76793 3.59373 3.55929 3.31469 4.08744 3.29282 5.13759 3.13374
threshold=20.000000000000004 1.5000000000000002 3.6941639184951787 40.000000000000007 2.5000000000000004 2.7361353635787968 1.5000000000000002 16.500000000000004 -1.0000000180025095e-35 1.5000000000000002 2.6155543327331547 7.2464921474456796 3.5000000000000004 4.0424354076385507 96.000000000000014 8.978769779205324 12.259305477142336 0.89587974548339855 7.0000000000000009 3.5000000000000004 1.5000000000000002 1900.0000000000002 48.000000000000007 10.307055950164797 0.89587974548339855 1.5000000000000002 2415.0000000000005 48.000000000000007 2.5000000000000004 4.4845800399780282 1.2424533367156985 13.500000000000002 2.4414010047912602 56.000000000000007 9.7195062637329119 1.0000000180025095e-35 1.0397207736968996 1.844439744949341 112.00000000000001 3.8026961088180546 3.8026961088180546 5.5000000000000009 4.8278014659881601 9.8693399429321307 7.5000000000000009 6.7153363227844247 7.5000000000000009 1.0000000180025095e-35 112.00000000000001 5.397998809814454 4.5000000000000009 240501391360.00003 -1.0000000180025095e-35 8.5000000000000018 4.2844183444976816 1.2424533367156985 120.00000000000001 112.00000000000001 1900.0000000000002 10.500000000000002 10.500000000000002 4.2324235439300546
decision_type=2 2 2 2 2 2 2 2 2 2 2 2 2 2 2 2 2 2 2 2 2 2 2 2 2 2 2 2 2 2 2 2 2 2 2 2 2 2 2 2 2 2 2 2 2 2 2 2 2 2 2 2 2 2 2 2 2 2 2 2 2 2
left_child=1 8 -3 12 42 14 36 -6 43 10 -10 -12 13 25 -5 -16 -17 -18 20 -20 24 29 38 -24 -8 26 -2 -27 -29 30 35 32 34 -34 41 -22 37 -7 39 -23 -40 -14 -4 44 -1 48 47 -47 49 52 59 -50 57 56 -55 -48 -54 58 -45 -51 -61 -53
right_child=3 2 4 5 7 6 18 -9 9 -11 11 -13 31 -15 15 16 17 -19 19 -21 21 22 23 -25 -26 27 -28 28 -30 -31 -32 -33 33 -35 -36 -37 -38 -39 40 -41 -42 -43 -44 45 -46 46 55 -49 51 50 -52 61 53 54 -56 -57 -58 -59 -60 60 -62 -63
leaf_value=0.0041038981641607943 -0.011189522566246671 -0.063945013402580145 -0.0021586317221804012 0.0012785995508487725 0.018058667413278297 -0.0090874100131854794 -0.043883567135506937 -0.065149306426710796 0.072723418070441415 0.00058191030649284157 -0.082335026138169051 0.06852192086447885 -0.0030804165742530278 -0.064870894324754944 -0.055992596953106905 0.053860432068713007 -0.06106027231672595 0.045304563037304867 -0.10050454630581172 -0.011390408851392128 0.095228656873200049 -0.021425742681041832 -0.075763101657487564 -0.003569952470273851 -2.2354366908514079e-05 -0.18698354195412017 0.16006295328043879 -0.053918683477658852 0.075884172381456089 0.054912851583809597 0.047971585894005395 0.064244105895370912 0.2721308877546128 -0.009344352627109696 -0.018091825127457148 -0.098733890610605099 -0.091637942831816324 -0.054886104667554884 0.014227631703638697 0.021290893022451848 -0.056827505681440932 0.072911012843663067 0.059511053909106375 0.054242150305115283 -0.074796312524402594 0.0029120391367539657 -0.037546222612292908 -0.086433740080967852 0.062188487946896867 0.020077543639170553 -0.050856332889734894 -0.04174424771761296 0.037907858255144949 -0.089914609010225743 0.036204371172099688 -0.22747665318819191 -0.0095480717316370964 0.040464101069670251 -0.0029649116433774717 -0.059325939109676755 0.050449007796559711 0.022835556893308628
leaf_weight=137.19641685038641 97.885226979133449 8.315126940058688 9.1786471314071587 167.97967976010841 116.80558748345493 38.45418177042302 29.712991725175016 6.8082239296586513 6.5573253968032068 1274.3803307554404 32.406427562256795 2.344008649614806 14.428528699314484 42.66387019413196 5.0819670191849573 40.977055735769682 8.7977882203995268 9.4575416566804034 8.5474406222256203 117.17563330024132 1.0271485582925359 24.763502789560789 12.801102455166982 31.818922211415611 52.533594768412513 1.6711916276617582 1.4738094336807979 22.542327789411505 2.9984845270373617 28.900962556759623 6.2360134545451729 5.8360220122929141 0.8634537036077734 0.97965398764245037 150.82258322569123 4.8449597542057745 8.9484281661316327 29.280290377726487 12.438088445370342 122.2893989428012 13.856673039919768 8.2248631485199439 53.219506914487283 13.583107279613612 17.03614215154812 76.308228317912835 2.3167873657075679 6.1387513739455235 39.704264535983384 56.058062869560672 34.16083135583176 9.1129254598636162 131.8814608492944 7.2196256674033092 10.361747991693845 1.74776458973065 17.956435955326015 25.28622972627636 155.15797696768459 14.38987948148497 6.0582938840580018 42.824707749961817
leaf_count=4831 28716 3547 2813 19006 18996 19866 14990 17334 335 832011 134683 2310 5157 85496 363 1266 361 304 13932 22905 48 7570 2618 5767 7441 66 594 14545 531 2827 577 24402 410 480 80349 386 5808 8402 5528 11959 6207 3710 15133 251 1854 17781 328 16185 3765 4223 4755 1745 25248 1563 2487 47 1845 817 2836 12257 1634 4758
internal_value=0.000112375 0.003996 0.0220321 -0.00786826 0.0258754 -0.00304416 -0.00807641 0.0134759 0.00234289 -0.000979808 -0.0491602 -0.0721593 -0.018551 -0.0291159 0.00873265 0.0282015 0.0354252 -0.00595583 -0.00345656 -0.0174489 0.00169891 0.00727785 0.0017395 -0.0242815 -0.015868 -0.0170638 -0.00864931 -0.0477878 -0.0386799 0.0367147 -0.00672245 -0.00868135 -0.0111089 0.12252 -0.0125286 -0.064806 -0.0362081 -0.0288853 0.00843737 0.0140975 -0.0232166 0.0245101 0.0504396 0.00777687 -0.00461122 0.0107151 -0.00916577 -0.00374038 0.013766 0.00994246 -0.0104805 0.0334635 0.0161955 0.0272005 -0.0155852 -0.119217 0.0322208 0.00669974 0.00164007 0.00754775 -0.0268023 0.0115044
internal_weight=3440.83 2314.51 194.327 1126.31 186.012 775.923 543.629 123.614 2120.19 1315.69 41.3078 34.7504 350.39 169.235 232.294 64.3144 59.2324 18.2553 466.946 125.723 341.223 258.977 217.968 44.62 82.2466 126.571 99.359 27.212 25.5408 41.0091 12.1081 181.155 175.319 1.84311 173.476 5.87211 76.6829 67.7345 173.348 147.053 26.2948 22.6534 62.3982 804.5 154.233 650.267 86.5115 82.447 563.756 472.114 110.667 91.6419 361.447 167.419 17.5814 4.06455 149.838 194.027 168.741 76.5062 20.4482 51.9376
internal_count=1538959 1136372 57823 402587 54276 158131 136831 36330 1078549 969339 137328 136993 244456 129948 21300 2294 1931 665 102755 36837 65918 43487 39649 8385 22431 44452 29310 15142 15076 3838 1011 114508 90106 890 89216 434 34076 28268 31264 19529 11735 8867 17946 109210 6685 102525 34341 33966 68184 57916 22869 10268 35047 31143 4050 375 27093 3904 3087 18114 13891 6503
is_linear=0
shrinkage=0.1


Tree=55
num_leaves=63
num_cat=0
split_feature=28 28 3 50 0 32 8 20 22 27 18 28 23 8 28 18 0 14 18 52 8 27 3 49 29 32 0 35 13 8 18 8 31 29 18 29 18 28 42 28 50 49 15 28 21 14 3 3 47 30 38 4 49 49 51 37 22 20 39 4 36 36
split_gain=9.97803 21.109 15.9789 7.13561 6.91027 6.76559 6.28554 5.42465 5.40641 4.97481 6.92672 6.25174 5.95867 5.16846 4.87618 5.26976 4.77068 4.67501 4.98504 6.32299 5.41427 4.17351 3.86652 5.25163 5.27115 3.86346 3.78116 3.655 4.96806 3.46287 3.3498 3.32786 8.04979 3.8355 5.08867 3.30772 3.21692 3.02963 2.98506 2.96827 2.93471 3.78252 3.35897 3.0562 3.65714 5.4564 3.42765 2.87386 2.8044 2.73259 2.71517 4.36683 2.69401 2.62005 2.74265 2.5972 2.51059 2.50845 2.43562 2.40815 2.40612 3.56226
threshold=1.0000000180025095e-35 3.0000000000000004 5.5169365406036386 17.500000000000004 5.7189338207244882 96.000000000000014 0.89587974548339855 48.000000000000007 7168.0000000000009 2.5000000000000004 11.974382400512697 96.000000000000014 1900.0000000000002 0.89587974548339855 24.000000000000004 8.0407161712646502 4.4845800399780282 5.5169365406036386 11.751240253448488 1.0000000180025095e-35 0.89587974548339855 -1.0000000180025095e-35 4.9182729721069345 14.500000000000002 192.00000000000003 96.000000000000014 3.3576917648315434 3.5000000000000004 1.2424533367156985 0.89587974548339855 11.102906703948976 0.89587974548339855 104.00000000000001 112.00000000000001 13.268710613250734 192.00000000000003 5.8946759700775155 12.000000000000002 1.5000000000000002 24.000000000000004 10.500000000000002 8.5000000000000018 3.8026961088180546 48.000000000000007 112.00000000000001 6.6957499980926523 6.6238393783569345 6.9206013679504403 9.5000000000000018 80.000000000000014 3.5000000000000004 1.2424533367156985 3.5000000000000004 14.500000000000002 1.5000000000000002 3.0000000000000004 7168.0000000000009 48.000000000000007 1.5000000000000002 1.2424533367156985 1.5000000000000002 3.5000000000000004
decision_type=2 2 2 2 2 2 2 2 2 2 2 2 2 2 2 2 2 2 2 2 2 2 2 2 2 2 2 2 2 2 2 2 2 2 2 2 2 2 2 2 2 2 2 2 2 2 2 2 2 2 2 2 2 2 2 2 2 2 2 2 2 2
left_child=3 2 7 17 5 6 -4 30 25 10 14 12 16 -14 15 -3 59 18 27 31 -21 -19 50 24 49 55 -16 -1 -29 -17 56 53 33 -33 -35 -7 38 -18 -11 -15 41 -38 -42 44 -44 46 -46 -5 52 -24 51 -23 -10 54 -20 -6 -2 -31 -26 -12 -28 -62
right_child=1 9 4 47 8 35 -8 -9 48 36 11 -13 13 39 26 29 37 21 19 20 -22 22 23 -25 58 -27 60 28 -30 57 -32 32 -34 34 -36 -37 40 -39 -40 -41 42 -43 43 -45 45 -47 -48 -49 -50 -51 -52 -53 -54 -55 -56 -57 -58 -59 -60 -61 61 -63
leaf_value=-0.001996433341758978 0.14796321032247958 0.048131518105239024 -0.072345626565476689 0.044694386028862346 -0.047364732631004734 0.041027358927427572 0.022833846114803186 -0.093360260125784453 0.12608596169716255 0.0079042528315525201 -0.1076361424077561 -0.001379212990495101 -0.067678588427334221 -0.062345374596436055 0.016855838902078518 -0.057894645506110398 0.056695619688311265 0.016247694171582248 0.021732773299921872 -0.074562212760265686 0.070729939154775698 -0.0031479254265478623 -0.05241559526644797 0.067757117839674877 -0.10833920688186632 -0.12581134764698362 -0.076287889690506747 -0.10545007862328151 0.069807108222889588 0.094668542850042017 -0.049611432274408056 -0.0045385838088815873 -0.086387473997831477 0.010836569362498837 0.10053233391395233 -0.050360168133586597 0.0012693702207255029 -0.0059535982433664598 -0.085738703289083437 -0.00031555244183185358 -0.024165941392612168 -0.033151041312020062 0.016878139897228559 0.030366765954544364 -0.080956469242371723 0.029938778964342175 0.037157035819877914 -0.029488857813518038 0.0046514756614291124 -0.013302458711331067 0.035192759166936517 -0.20287298595620623 0.35740752264957759 -0.090350372910929247 0.072318585183888368 0.03695655067926476 -0.059990757187484936 -0.016589983558301092 0.011491907988134818 -0.027600710441746265 0.012317304634202643 -0.072292621592818448
leaf_weight=326.21342387268214 1.5577012344729149 8.5950715682811261 32.072442758814532 64.451739125915992 4.5328582909023778 15.738939718714393 8.8537002648954495 43.590613032085002 3.7739338241744909 5.9035676444582341 5.4488213691674927 95.439310922672576 58.932121642523498 11.193189240701029 151.39252431181376 29.412094852544669 10.332829868466886 61.19208016628545 346.25971962114681 12.842659176814779 3.2048523304983965 33.003226311975595 61.978957619508947 6.0002991891415141 1.7899865731778835 1.9534520591660101 6.2165758224691663 1.8428100096207334 13.227188318385741 2.3501497831312017 36.137336231850441 52.941164711720376 9.4020177700294862 18.770494663782305 9.5394510598271136 5.292306428331357 1353.7111100411021 30.513661257189597 8.0402536542751459 24.821513584713102 21.885558216568825 32.6974898856663 74.347227026988548 92.160166625505553 14.223710551291338 10.879196977458376 2.969984629933605 5.6826444535399778 1.6738871212101001 25.093914630288054 22.137691691118562 1.1322726612270333 0.58096648254650052 2.0401001874088243 11.060343140975418 18.815510422045691 0.92547287932757161 14.713406646507792 32.362901475364197 12.125157309030326 21.283552940018129 6.4944098665000629
leaf_count=17773 445 3099 87735 4371 24754 1665 3484 194983 2409 834 1148 16040 56031 6922 13235 20868 3656 1831 44975 1426 225 20685 36053 582 610 136 7022 269 1196 304 37327 2535 840 953 258 728 721176 5473 3323 4593 7322 46560 32084 27400 11053 9544 2124 296 4532 3698 7165 138 536 491 2746 9849 432 5313 6422 2821 2759 3784
internal_value=7.92492e-05 -0.00371787 -0.0370387 0.00779951 -0.00871249 -0.0280666 -0.0517551 -0.0691816 0.0295609 -0.000941259 -0.00977632 -0.0214735 -0.033978 -0.0494395 0.00232697 -0.0238006 -0.00884952 0.00574061 0.00941052 0.0161347 -0.0455459 -0.00636806 -0.0139098 -0.0235638 -0.0280839 0.00928361 0.0100884 0.000227857 0.0483761 -0.0371036 -0.0418913 0.0183343 0.00121272 0.0113494 0.0410609 0.0180306 0.00173231 0.00989461 -0.0460919 -0.0195941 0.00214835 0.000457589 0.0129772 0.0171549 0.00526661 -0.0254849 -0.0605539 0.0386837 0.114661 -0.0411434 0.00791651 -0.00977279 0.156945 0.0226534 0.0232986 0.0205864 0.0704593 -0.00126644 0.00521144 -0.0524157 -0.02005 -0.00746426
internal_weight=3403.75 2281.58 175.499 1122.17 93.288 61.9574 40.9261 82.2111 31.3306 2106.08 489.264 248.807 153.367 94.9468 240.458 55.0707 58.4205 1052.04 807.344 466.061 16.0475 244.691 183.499 127.226 121.226 25.3018 185.387 341.283 15.07 46.4757 38.6205 450.013 90.6531 81.2511 28.3099 21.0312 1616.82 40.8465 13.9438 36.0147 1602.87 1386.41 216.466 194.58 102.42 28.0729 17.1937 70.1344 6.02879 87.0729 56.2732 34.1355 4.3549 359.36 357.32 23.3484 2.48317 17.0636 34.1529 17.574 33.9945 27.778
internal_count=1539041 1383503 369015 155538 135828 93612 91219 233187 42216 1014488 153068 96684 80644 67546 56384 29584 13098 150871 73687 54449 1651 77184 75353 47365 46783 34739 26800 19238 1465 26485 38204 52798 4586 3746 1211 2393 861420 9129 4157 11515 857263 767736 89527 82205 54805 22721 13177 4667 7477 39751 27988 20823 2945 48212 47721 34603 877 5617 7032 3969 13565 6543
is_linear=0
shrinkage=0.1


Tree=56
num_leaves=63
num_cat=0
split_feature=28 28 3 48 14 20 50 45 28 3 28 46 28 16 0 18 52 8 3 32 47 49 0 14 18 3 49 22 27 49 28 19 1 8 31 29 18 3 20 0 46 47 31 19 28 0 0 22 28 47 47 37 19 0 14 24 3 18 18 30 15 16
split_gain=9.08339 16.4587 14.7312 6.05441 5.85509 5.23577 4.82404 5.60843 5.44131 4.98168 10.2515 5.22392 7.03158 4.53431 4.365 4.42357 4.6832 5.90186 4.31097 4.40787 4.168 5.12154 4.10981 3.66637 3.6173 3.58298 3.3617 3.35642 3.33215 3.60331 3.15768 4.96845 3.30805 3.15554 6.54621 3.24422 3.20352 3.14853 3.14007 3.13222 3.0675 3.05764 7.85201 6.15328 5.11269 5.06376 4.62175 4.09259 5.21287 5.01711 6.28218 2.98937 2.95698 6.75361 2.90159 2.91343 2.86959 2.85453 3.09288 10.0241 10.2496 6.3042
threshold=-1.0000000180025095e-35 3.0000000000000004 5.5169365406036386 1.0000000180025095e-35 5.5169365406036386 48.000000000000007 5.5000000000000009 1.0000000180025095e-35 24.000000000000004 3.3576917648315434 48.000000000000007 13.500000000000002 24.000000000000004 1.4978661537170412 6.9478189945220956 11.751240253448488 1.0000000180025095e-35 0.89587974548339855 5.3025121688842782 20.000000000000004 10.500000000000002 10.500000000000002 4.7447810173034677 4.6510493755340585 11.102906703948976 6.9478189945220956 3.5000000000000004 7168.0000000000009 -1.0000000180025095e-35 14.500000000000002 96.000000000000014 100.00000000000001 5.8303320407867441 0.89587974548339855 104.00000000000001 112.00000000000001 13.268710613250734 5.1720471382141122 48.000000000000007 3.6941639184951787 1.0000000180025095e-35 6.5000000000000009 24.000000000000004 100.00000000000001 12.000000000000002 4.7789824008941659 4.1426305770874032 7168.0000000000009 48.000000000000007 8.5000000000000018 9.5000000000000018 1.5000000000000002 280.00000000000006 7.2159059047698983 4.1426305770874032 17137926144.000002 4.9182729721069345 5.8946759700775155 11.751240253448488 192.00000000000003 5.0290689468383798 1.2424533367156985
decision_type=2 2 2 2 2 2 2 2 2 2 2 2 2 2 2 2 2 2 2 2 2 2 2 2 2 2 2 2 2 2 2 2 2 2 2 2 2 2 2 2 2 2 2 2 2 2 2 2 2 2 2 2 2 2 2 2 2 2 2 2 2 2
left_child=3 2 5 14 13 24 7 9 -9 10 -3 41 -13 -4 15 40 18 -18 33 20 -20 -22 37 -21 -2 -24 -10 -6 52 -30 32 39 -8 -17 35 -35 -37 -5 -34 -32 -1 42 -11 44 45 -43 -45 49 56 -46 -51 -42 -16 -54 55 -15 -49 -44 -59 61 -61 -60
right_child=1 6 4 22 27 -7 30 8 26 11 -12 12 -14 54 28 16 17 -19 19 23 21 -23 25 -25 -26 -27 -28 -29 29 -31 31 -33 38 34 -36 36 -38 -39 -40 -41 51 43 57 46 47 -47 -48 48 -50 50 -52 -53 53 -55 -56 -57 -58 58 59 60 -62 -63
leaf_value=0.0083929617671980369 0.077969146560464581 -0.077458073184270781 -0.066570538240674965 -0.093645481876030737 0.00185202008267179 -0.091282680686680051 0.0045448195614958328 -0.060057901336420728 -0.0068554303613295661 -0.025343786022196113 -0.00095418728482337149 -0.051772753079242874 0.078185658579111861 0.28721569417346554 0.029351391619824731 0.022921395884103291 -0.066307316060565988 0.064566231691853201 0.014544055835140455 0.020152891093737649 -0.064565785874154444 0.035668404755697346 0.051900357275567535 -0.08170400522602779 -0.047334375822443181 -0.043324982087968165 -0.069657111038528327 0.062677437533351463 -0.049028522522526215 0.056099311049678149 0.04383900784121908 0.027547583833482089 0.038566595047603278 -0.0054701989547433459 -0.096435280523667594 0.013630504723189316 0.088649302503639657 0.045363063589013264 -0.10711078415722802 -0.082916079927667002 -0.072940389210380013 -0.088381293226327873 -0.047203031565536881 0.056523468597098794 0.034297883942202061 0.065512232280648619 -0.080765307388595567 -0.046219273882832951 -0.10097375103771654 -0.11556430851390208 0.0086131038673488425 -0.0070264969659604984 -0.38015348475099092 0.015235139509997381 -0.014976975859058118 0.03899812339483056 0.021082790679531137 0.0055603961494283599 -0.024457767447723863 -0.089147818989923133 0.094258912813513618 -0.00064889563052960111
leaf_weight=184.18000182508513 2.4667369652852349 26.082646255350028 21.520147453543245 4.011487722338642 40.261251645761376 39.49535032263509 244.27692764432277 30.333339098103806 100.20875741723489 137.55167026877575 53.324404957194929 5.4745166857180747 17.383464349976748 0.62493469327455686 15.396087395027282 362.7734825501966 14.826706437739633 4.4890168043784788 95.233815837308612 5.134158556727928 15.948433172540264 7.4924751285816447 55.424805502841991 11.338060340563059 34.893886010667302 4.2546141415259617 9.3158613437856257 11.7108608180215 33.582798183488194 3.6109267752617589 2.7152940272062533 117.83700700254758 2.0918721451998863 50.123175851043925 6.3340730139607322 17.433711828707604 8.4519535161089134 2.7439212318713544 5.0555803190554789 6.9123042480023287 7.1184274262850513 2.3117488018324392 12.712508851218443 3.135015672296503 63.908347247401252 28.467569238186115 11.256429635530138 9.6388184810493858 6.5608977033589317 5.3143310412997407 17.456253790936898 205.93813036381835 0.60168116111890357 1.5319020753668153 16.268819091826117 1.943287825786683 18.484313366774586 582.6163800311615 155.63189235297591 3.6849737903339728 17.600487905501723 389.64960361856993
leaf_count=3805 877 17789 63847 512 47724 194983 213981 111972 60074 43634 8900 38978 39247 82 378 52844 2246 346 11569 1432 15195 1994 4726 5624 37327 233 48837 10464 28850 93 303 37355 635 2233 703 774 258 307 4842 5889 1218 982 3651 4176 2567 5147 63759 1182 2964 1254 2527 20030 61 107 12132 1579 1818 97491 118073 4180 4436 67845
internal_value=9.5212e-05 -0.00355712 -0.033555 0.00746598 -0.00663298 -0.0658972 -0.0011253 -0.00338965 -0.0225775 -0.00167846 -0.0260832 -0.000376829 0.0470604 -0.0352103 0.00561626 0.00712585 0.0125481 -0.035892 0.0141606 -0.00148201 0.00524634 -0.0325277 0.0367435 -0.0499566 -0.0390612 0.0451116 -0.0121972 0.0155578 -0.0218817 -0.0388223 0.00908283 0.0219043 0.00258274 0.01891 0.00123724 0.00937662 0.038125 -0.0371828 -0.0644748 -0.047167 -0.00105838 -0.00111648 -0.00275142 0.0116408 0.0175527 0.0539537 -0.0508585 0.00832091 -0.0207091 0.0199371 -0.0203681 -0.00922874 0.0140621 -0.0962664 0.000616759 0.0993978 -0.00198407 -7.68108e-05 0.000444509 -0.0048163 0.0625072 -0.00744432
internal_weight=3374.15 2256.18 169.185 1117.97 92.3293 76.856 2086.99 1708.1 139.858 1568.25 79.4071 1488.84 22.858 40.3572 1051.54 996.816 599.579 19.3157 580.263 135.147 118.675 23.4409 66.4348 16.4722 37.3606 59.6794 109.525 51.9721 54.7234 37.1937 378.889 127.465 251.424 445.116 82.3429 76.0088 25.8857 6.75541 7.14745 9.6276 397.237 1465.98 1299.45 166.534 152.142 30.7793 14.3914 121.363 34.684 86.6789 22.7706 213.057 17.5297 2.13358 18.837 2.56822 28.1231 1161.9 1149.18 566.567 21.2855 545.281
internal_count=1539041 1383503 369015 155538 135828 233187 1014488 751483 220883 530600 26689 503911 78225 77640 149760 120271 95218 2592 92626 35814 28758 17189 5778 7056 38204 4959 108911 58188 29489 28943 263005 43547 219458 56812 3968 3265 1032 819 5477 6192 25053 425686 339310 86376 18441 6129 67935 12312 5964 6348 3781 21248 546 168 13793 1661 3000 295676 292025 194534 8616 185918
is_linear=0
shrinkage=0.1


Tree=57
num_leaves=63
num_cat=0
split_feature=50 28 28 3 13 19 20 24 8 16 22 35 0 35 45 0 45 0 48 3 49 3 0 47 13 28 28 47 28 28 14 27 51 3 49 47 47 9 52 31 13 35 13 37 47 30 13 16 32 3 47 21 5 34 3 45 32 35 3 24 42 31
split_gain=8.76036 6.49886 11.8746 12.9476 5.70424 6.53773 4.84646 3.29994 3.28065 2.9473 6.40268 5.78766 3.40233 2.78085 2.74499 5.52489 3.97108 3.70434 5.74708 3.57277 3.22481 5.82045 2.67035 2.66431 2.59942 3.22534 2.57584 2.90911 2.49015 2.76571 2.47065 4.01313 3.77376 3.47027 4.44997 4.11327 4.35981 3.0319 3.81077 3.672 3.15169 2.97044 3.66416 3.2222 2.72947 3.63776 3.08434 3.69817 3.5744 3.17114 2.58995 2.54609 3.35002 2.26774 3.3767 2.49827 2.25971 2.25188 2.23336 2.16932 2.0915 5.44735
threshold=16.500000000000004 1.0000000180025095e-35 3.0000000000000004 5.5169365406036386 1.7005987167358401 180.00000000000003 48.000000000000007 17137926144.000002 0.89587974548339855 1.844439744949341 7168.0000000000009 1.5000000000000002 7.2618641853332528 1.5000000000000002 1.5000000000000002 3.6941639184951787 2.5000000000000004 3.9495767354965214 1.0000000180025095e-35 4.1426305770874032 6.5000000000000009 4.2844183444976816 5.5169365406036386 16.500000000000004 6.1171185970306405 96.000000000000014 1.5000000000000002 30.500000000000004 1.0000000180025095e-35 24.000000000000004 5.5169365406036386 -1.0000000180025095e-35 1.5000000000000002 4.8278014659881601 10.500000000000002 29.500000000000004 10.500000000000002 0.89587974548339855 1.0000000180025095e-35 104.00000000000001 4.3947539329528817 3.5000000000000004 1.2424533367156985 6.0000000000000009 6.5000000000000009 80.000000000000014 3.3842465877532963 1.2424533367156985 6.0000000000000009 5.5169365406036386 24.500000000000004 112.00000000000001 1.2424533367156985 3.5000000000000004 5.801661729812623 1.0000000180025095e-35 96.000000000000014 1.5000000000000002 6.9047427177429208 240501391360.00003 6.0000000000000009 120.00000000000001
decision_type=2 2 2 2 2 2 2 2 2 2 2 2 2 2 2 2 2 2 2 2 2 2 2 2 2 2 2 2 2 2 2 2 2 2 2 2 2 2 2 2 2 2 2 2 2 2 2 2 2 2 2 2 2 2 2 2 2 2 2 2 2 2
left_child=1 30 3 6 7 8 9 -5 22 12 11 -11 -3 -9 17 -16 28 18 19 -2 21 -19 -6 -18 60 -26 -14 -28 -17 58 32 59 37 34 57 36 44 38 40 -39 41 -1 -43 -44 45 46 48 -48 -35 -50 -42 -47 -53 55 -55 -24 -56 -33 -30 -32 61 -4
right_child=14 2 24 4 5 -7 -8 13 -10 10 -12 -13 26 -15 15 16 23 20 -20 -21 -22 -23 53 -25 25 -27 27 -29 29 -31 31 33 -34 35 -36 -37 -38 39 -40 -41 50 42 43 -45 -46 51 47 -49 49 -51 -52 52 -54 54 56 -57 -58 -59 -60 -61 -62 -63
leaf_value=0.0021644717002535533 0.0039755029879558644 -0.087237321001982976 -0.0035994465808096947 0.138467663090902 -0.086538478940672195 -0.088949370042022843 -0.090587580227328657 0.034262421142545955 0.065375145736579807 0.079593797995339666 -0.093218651419585297 -0.058209267928879149 -0.031138747275863722 -0.045634494779521764 -0.064932612587439861 0.080169623518266064 0.021320934665287068 0.037313536229807272 -0.10035187742436169 0.092629560942356193 0.0059634490641005027 -0.085295829744028412 0.040043163177102187 -0.056806929081674257 -0.053025698947246985 0.007686144497028537 0.11330353087320753 0.6617635245722655 -0.03536025167589104 0.049517064903169511 0.010092500972721206 0.0043865014703609699 0.063407560824034301 -0.073819963054437596 -0.13429074420479978 0.039901151212977978 -0.07397073632132016 -0.00083834932112760688 -0.028565615128915575 -0.059105802372443651 0.02109865814455196 -0.088978931628476809 0.077662226258449651 -0.044501064221530801 0.039992304945317296 0.025481385072098184 -0.033848975668834658 -0.10074403427286119 -0.21183149506596566 0.024997784213686845 -0.034796499642479543 -0.047645339289032848 0.035140098231853274 -0.046035313536651475 0.10631188234444336 -0.084496652760193774 -0.053106008464242793 0.0607390153419805 0.16072547414897365 0.061656828129780586 0.0025597292785203836 -0.0615498553957659
leaf_weight=280.27565373832113 7.175631606985923 14.0742249812065 1175.0197514811371 2.5261545789544497 4.8290583977723136 12.286413565592396 33.551791696479654 23.131520373084644 5.5276064987701821 8.2491708946672606 6.4249205513115148 4.8336653613368972 1.4694680298771339 5.367059648186113 6.289666741075961 19.504589241792928 79.823328441812919 5.9185032530585913 2.5182563904509143 12.403276946821277 64.125144393535265 11.195928267239877 12.345910619307686 4.6173799833075 21.949683513565105 14.551455431384964 0.63862844192226464 0.1139685352682136 6.7821713435878328 30.502287602329034 50.188963810265705 16.642858905164765 12.030159090558298 5.831308066990462 1.7847830288519606 11.29689043946564 14.874700941327317 159.54049439793744 24.246432168762112 11.602149878948692 276.2181803766689 1.8698468409566 13.932941815990491 2.5550218496355219 7.9695465584882177 22.069605392186531 30.703180554814026 11.307822334005321 0.58547642274061473 16.475338407624804 8.546251279747592 15.846122688792095 7.0685499321552916 17.998462122415734 2.7544318196169106 1.8524045607828146 1.3130083998257758 12.355709098752412 0.63526018109996574 9.7425532540801196 677.38796391456003 16.447845310163302
leaf_count=18768 1397 27022 703255 422 11690 91422 180387 2356 972 1110 2131 506 3672 3693 2365 1069 12645 2224 473 2520 36408 18563 6459 11504 5516 1084 2331 138 6405 4002 1376 5316 2974 1002 595 415 30755 6588 2787 1195 37120 293 877 638 1595 5248 17492 2007 20 1745 1050 4525 483 3933 577 5057 172 1617 525 455 198551 39549
internal_value=0.000106777 -0.00135387 -0.00458596 -0.030815 -0.00577778 -0.024055 -0.0632803 0.0289256 -0.00695286 -0.0376907 -0.0114674 0.0286802 -0.0690817 0.0192157 0.0180545 0.0267798 0.0308459 0.00554504 0.0418481 0.060138 -0.0043294 -0.0428951 -0.016682 0.0170488 -0.0023932 -0.0288225 0.045913 0.196359 0.0511341 0.0361993 0.00515292 -0.00385586 0.00782706 -0.0115116 0.0189647 -0.0180253 -0.0229555 0.00696849 0.0102798 -0.00478843 0.0118943 0.00471693 0.0436863 0.0587315 -0.0165169 -0.0206152 -0.0357627 -0.0518547 -0.00623107 0.0168705 0.0194212 0.00123954 -0.0221083 -0.00737965 -0.0274389 0.0237949 0.0548503 0.0283972 -0.0185666 0.0184749 -0.00187701 -0.00439943
internal_weight=3341.7 3090.21 2064.64 159.288 89.932 58.9073 69.3558 31.0247 46.6209 35.804 19.5078 13.0828 16.2963 28.4986 251.491 148.155 141.865 103.337 22.0972 19.5789 81.2396 17.1144 41.0933 84.4407 1905.36 36.5011 2.22207 0.752597 57.4243 37.9197 1025.56 234.743 790.817 174.812 30.7834 144.029 132.732 778.787 607.644 171.143 583.398 298.633 18.3578 16.488 117.857 109.887 64.9031 42.011 22.8921 17.0608 284.764 44.9843 22.9147 36.2642 22.0659 14.1983 4.06744 28.9986 7.41743 59.9315 1868.86 1191.47
internal_count=1539041 1438941 1292005 344050 126753 120282 217297 6471 28860 36910 3747 1616 33163 6049 100100 38515 36150 61585 4390 3917 57195 20787 27888 24149 947955 6600 6141 2469 12001 10932 146936 74646 72290 72815 7528 65287 64872 69316 61533 7783 58746 20576 1808 1515 34117 32522 22266 19499 2767 1765 38170 10256 5008 16198 4682 11516 749 6933 6930 1831 941355 742804
is_linear=0
shrinkage=0.1


Tree=58
num_leaves=63
num_cat=0
split_feature=50 46 46 2 46 47 36 46 16 14 37 39 19 30 15 15 28 8 13 31 28 13 34 27 28 18 18 13 42 28 8 19 19 37 42 3 47 3 24 14 50 3 49 49 47 28 22 23 30 28 28 47 32 18 24 32 47 28 14 8 3 3
split_gain=8.14992 5.99305 6.38921 5.95527 5.27655 4.35179 9.4695 8.21509 6.47201 11.5276 5.50974 5.07409 6.9219 6.48878 29.7465 27.6158 8.87858 15.6514 8.87821 8.18311 7.519 7.02032 4.88885 4.82772 4.75177 11.0472 6.98311 6.18325 6.2677 6.8701 4.51649 4.3319 5.03359 5.56278 4.41912 4.32477 4.16759 9.3456 7.55229 8.96631 7.27882 6.17975 5.79655 4.61322 6.11401 4.4086 6.0915 4.16245 3.97936 3.92159 5.70081 3.88896 3.86663 3.66908 3.63928 3.59586 3.55062 3.52584 3.37828 3.23292 3.04652 3.02367
threshold=16.500000000000004 1.0000000180025095e-35 13.500000000000002 4.9706082344055185 12.500000000000002 6.5000000000000009 1.5000000000000002 11.500000000000002 1.2424533367156985 3.6050398349761967 3.0000000000000004 1.5000000000000002 180.00000000000003 80.000000000000014 4.4845800399780282 4.4845800399780282 96.000000000000014 0.89587974548339855 3.1984648704528813 56.000000000000007 96.000000000000014 2.0126758217811589 1.5000000000000002 4.5000000000000009 1.0000000180025095e-35 12.489189624786379 8.5999870300292987 1.8688347935676577 1.5000000000000002 6.0000000000000009 0.89587974548339855 280.00000000000006 80.000000000000014 1.5000000000000002 6.0000000000000009 3.6941639184951787 8.5000000000000018 3.6941639184951787 17137926144.000002 3.3576917648315434 1.0000000180025095e-35 4.7789824008941659 1.5000000000000002 1.5000000000000002 9.5000000000000018 12.000000000000002 7168.0000000000009 1900.0000000000002 56.000000000000007 48.000000000000007 -1.0000000180025095e-35 4.5000000000000009 96.000000000000014 10.077298641204836 240501391360.00003 20.000000000000004 18.500000000000004 12.000000000000002 5.3393952846527108 0.89587974548339855 5.5169365406036386 5.3025121688842782
decision_type=2 2 2 2 2 2 2 2 2 2 2 2 2 2 2 2 2 2 2 2 2 2 2 2 2 2 2 2 2 2 2 2 2 2 2 2 2 2 2 2 2 2 2 2 2 2 2 2 2 2 2 2 2 2 2 2 2 2 2 2 2 2
left_child=1 54 4 49 5 6 22 36 9 -8 -11 12 -10 15 -15 20 21 18 -18 -17 24 -16 51 -22 26 27 -13 59 29 -29 -31 32 -21 -34 -35 -12 41 40 -39 42 -38 -7 -40 -41 -45 -43 -47 -28 -33 50 -4 -3 -27 -25 -1 -20 -42 -54 -36 -26 -55 -23
right_child=-2 2 3 -5 -6 7 8 -9 11 10 35 13 -14 14 16 19 17 -19 55 31 23 61 -24 53 25 52 47 28 -30 30 -32 48 33 34 58 -37 37 38 39 43 56 45 -44 44 -46 46 -48 -49 -50 -51 -52 -53 57 60 -56 -57 -58 -59 -60 -61 -62 -63
leaf_value=0.0048614034767982322 0.017539221344793878 -0.012475426897962522 0.058818585851049071 -0.084344845592722498 -0.07332392332765246 -0.012970172999503531 -0.092718335054088385 -0.057578624263660616 0.10374225171828078 -0.035336625088949553 -0.068160354117610192 -0.044777960014402499 -0.03320846543862533 -0.05469841100350982 -0.015688935628356666 -0.073675964021327797 -0.096639830695806297 -0.15656339469900749 0.07075128420002566 -0.041300292655493835 0.020011884546084116 0.025323249766742825 -0.062056041510615216 0.0036340706139601784 0.021173729918367825 -0.060547693657960491 0.095820779919056312 -0.098792423708088745 0.026144607127468453 -0.030445762247843677 0.019554898514353249 -0.083640611884249427 -0.076106593154702765 -0.016072305539141938 0.033439400271274303 -0.0024462095968636023 -0.046934354941732828 0.0058825480280148557 0.070869879389230256 -0.073056624418060392 0.047284526332210051 0.064804008389424128 -0.053086014443758635 -0.11143027690636004 -0.009393660123801769 0.039172933975480183 -0.028905715825576318 0.022770810120820505 -0.022555780910615605 0.077781117839396618 -0.02986906987784952 -0.044674168485127119 -0.066788083118726041 0.082572872163873851 0.027394616247078781 -0.069610228226723955 0.0066107346134068158 0.098134355664729001 -0.03631897025919853 0.07921732796177304 -0.054314308784060163 0.055115306026968292
leaf_weight=333.75735325892128 247.62615074175892 448.45634736513364 16.092070850842905 4.074530924550344 10.867052789761599 36.122758321001015 16.673060186560292 20.169565453060386 3.9354493584905859 64.776071337984376 10.262346009459632 14.934168625099117 59.318684611291246 46.79196707238134 19.801438593385683 33.392040230091879 5.0232768323476256 6.4071525405161074 15.447024908149617 46.260477010917384 77.801632119131682 46.495212584977708 23.296530274591646 8.7750366552208998 28.010726989748946 36.929923057099586 8.3202527551038639 9.6247376300016168 47.617334644885887 42.040787646561512 31.677921855269233 18.549475622596219 9.4998409074069041 57.02558873718408 48.276080111565534 415.30548460853959 12.370111927391006 130.24511798598178 12.436499373098743 34.002855364284869 67.831663399576428 33.583285557524277 5.4152400734901667 6.898200474380018 39.489288709812513 47.252862116991309 18.207628203206696 124.80660940986127 25.089144334529919 18.404948930321552 13.187508357337263 40.934740841918028 2.2002852960431474 33.444305025986978 91.277308051194268 2.0697376020798393 31.39603430344232 3.1551368860527873 8.108287477934935 14.596331249089415 1.7089208073739417 127.4472593185892
leaf_count=17051 100100 171908 11130 7139 63310 3392 13231 126494 811 72211 8150 295 18106 15559 4196 14091 971 622 868 4514 3303 7283 25037 410 4578 12171 334 7440 9952 5777 3903 6728 3946 16187 4985 171366 8255 64650 6676 211166 19375 6104 3456 3423 102428 2886 1999 4468 8349 26069 78770 14257 224 2150 5537 808 10833 127 1484 1968 252 15778
internal_value=8.82328e-05 -0.00132057 -0.00309337 0.0316951 -0.00378843 -0.00349551 -0.00549794 0.0049289 -0.00164812 -0.0109469 -0.00816647 0.00278051 -0.0246879 0.0045157 0.0177816 -0.00036913 0.0330111 -0.0186461 0.0205578 -0.0276516 0.0134619 0.0407292 -0.0172992 0.034976 0.00626545 -0.00319844 0.0200625 0.0079678 -0.00279794 -0.0193339 -0.00895981 -0.0204299 -0.0131836 -0.00260105 0.00355618 -0.00403087 0.00758171 0.00167804 -0.00990724 -0.0308407 0.025398 0.0224356 0.0332684 -0.0450769 -0.0245673 0.0353486 0.0202371 0.0273363 -0.0485211 0.0416104 0.0188737 -0.0151687 -0.0490323 0.0614789 0.00970047 0.0541665 0.0344152 0.0303757 0.0234079 0.0410583 0.0759183 0.0471518
internal_weight=3314.99 3067.37 2642.33 51.7591 2590.57 2579.71 2084.29 495.421 1571.6 507.017 490.344 1064.58 63.2541 1001.33 269.483 731.845 222.691 28.9472 22.54 246.201 485.644 193.744 512.688 121.73 363.914 215.853 148.061 173.568 130.961 83.3434 73.7187 212.809 169.17 122.91 113.41 425.568 475.252 340.085 228.487 98.2421 111.598 135.167 17.8517 80.3903 46.3875 99.0438 65.4605 133.127 43.6386 47.6845 29.2796 489.391 42.2853 43.9283 425.035 17.5168 99.2277 5.35542 56.3844 42.6071 35.1532 173.942
internal_count=1539041 1438941 1416353 123108 1293245 1229935 658798 571137 447596 264958 251727 182638 18917 163721 46085 117636 30526 3269 2647 60284 57352 27257 211202 6115 51237 46140 5097 33618 27072 17120 9680 46193 31116 26602 22656 179516 444643 430262 391799 327149 38463 14381 10132 317017 105851 10989 4885 4802 15077 115969 89900 186165 12522 2812 22588 1676 30208 351 6469 6546 2402 23061
is_linear=0
shrinkage=0.1


Tree=59
num_leaves=63
num_cat=0
split_feature=32 30 0 45 0 45 30 46 46 30 15 21 0 42 4 23 0 31 2 35 15 30 37 24 15 23 50 49 27 50 0 0 46 27 47 47 22 28 22 36 29 1 50 46 3 49 28 3 27 22 0 47 47 47 0 48 20 4 22 28 47 47
split_gain=7.38399 7.14814 9.12591 4.77508 5.72061 3.91626 3.51235 3.48744 5.4265 3.55649 21.4234 3.60593 3.44552 7.75679 6.02605 5.14146 4.29892 3.54158 3.40437 3.28704 8.05527 3.40091 7.3219 9.43684 5.94978 11.3756 11.7115 8.04035 7.09505 7.23786 6.72766 4.92561 4.72258 4.33266 5.17446 7.81075 4.97803 4.58224 6.38883 4.33209 9.63814 4.3169 4.21665 4.19463 3.97045 3.91424 3.90358 3.85991 3.63326 4.92898 3.45158 5.64358 4.72906 6.5887 4.0747 3.3713 3.33114 3.25025 3.15235 3.15015 3.14589 3.13297
threshold=20.000000000000004 24.000000000000004 2.7361353635787968 1.5000000000000002 4.7447810173034677 2.5000000000000004 192.00000000000003 13.500000000000002 12.500000000000002 192.00000000000003 5.0290689468383798 112.00000000000001 3.026044607162476 1.5000000000000002 1.2424533367156985 1900.0000000000002 4.8278014659881601 72.000000000000014 4.9706082344055185 3.5000000000000004 4.2324235439300546 56.000000000000007 3.0000000000000004 240501391360.00003 3.6050398349761967 2202.0000000000005 15.500000000000002 6.5000000000000009 4.5000000000000009 1.5000000000000002 3.3576917648315434 6.9047427177429208 9.5000000000000018 -1.0000000180025095e-35 6.5000000000000009 8.5000000000000018 5120.0000000000009 12.000000000000002 7168.0000000000009 3.5000000000000004 192.00000000000003 3.8026961088180546 3.5000000000000004 11.500000000000002 4.1426305770874032 2.5000000000000004 96.000000000000014 5.3611156940460214 2.5000000000000004 7168.0000000000009 4.2844183444976816 2.5000000000000004 2.5000000000000004 1.5000000000000002 5.7189338207244882 1.0000000180025095e-35 48.000000000000007 1.2424533367156985 7168.0000000000009 24.000000000000004 16.500000000000004 15.500000000000002
decision_type=2 2 2 2 2 2 2 2 2 2 2 2 2 2 2 2 2 2 2 2 2 2 2 2 2 2 2 2 2 2 2 2 2 2 2 2 2 2 2 2 2 2 2 2 2 2 2 2 2 2 2 2 2 2 2 2 2 2 2 2 2 2
left_child=3 2 -2 7 -5 -6 12 8 9 19 -11 -12 14 15 -3 -14 -17 -16 -9 21 -21 24 23 -23 27 26 30 28 29 45 61 39 -31 36 41 37 -27 -36 -39 40 -24 50 -34 47 -42 -1 57 -37 49 -32 51 56 53 55 -55 -52 -35 -30 -54 -60 -7 -26
right_child=1 6 -4 4 5 60 -8 18 -10 10 11 -13 13 -15 17 16 -18 -19 -20 20 -22 22 31 -25 25 33 -28 -29 46 32 48 -33 42 34 35 43 -38 38 -40 -41 44 -43 -44 -45 -46 -47 -48 -49 -50 -51 52 -53 58 54 -56 -57 -58 -59 59 -61 -62 -63
leaf_value=0.0058472059380595054 -0.016560723892610547 -0.10912071086139485 -0.087730909605033075 -0.030359503869908228 0.047605256332035661 0.018331424795177777 -0.091084248831049819 0.03577524571988621 -0.071894594467264122 -0.084599035276242948 0.11184796725686481 0.040347251104916215 -0.0079582579398689672 -0.0029156666833247717 0.008457982617117955 -0.020042973587678703 -0.076617776310708791 -0.047449849437809333 -0.080262488492848949 -0.063172645376546932 0.027769773259483141 0.010467821497307959 -0.074800059945331607 -0.057520793857587904 -0.0078949889832632663 0.064341910424000559 0.018361861021211522 -0.063439904119430499 -0.029864217002318384 0.072084739760613858 -0.040263068296315568 -0.048708084168602575 0.10760568857617164 -0.12303817348711371 0.055973201079344503 0.0086772437491974917 0.0099321549681207037 0.031180954198266997 -0.033305386657765446 0.0041730121941780203 -0.019204179616092928 0.016541782299709568 0.015340659938973667 -0.075767883532999833 0.033025710922353742 -0.033743765001009847 0.10834052357661782 -0.018848637266370802 -0.069554589974419892 0.1023593158361461 -0.059440041713489183 0.07070979605393711 -0.064158899593655713 -0.029159350994578254 0.074508207124655848 0.0015570013072488946 -0.003781737194483516 0.049905573417203822 0.035120270003759509 -0.067536579728300891 -0.059192257160201982 0.11126160551964417
leaf_weight=252.73777034028421 93.791029852411043 4.5788293712835175 22.300789417441251 20.869592576613286 52.803930146397533 102.24538145081237 4.600348520449983 43.718672241975582 10.068790416300997 11.367281798318343 14.874255459955293 13.414531731794341 44.203592272392598 503.4092977603533 309.79463929994017 22.619652983647029 33.063962377775169 11.760709675454562 2.6835546158176831 10.867559690426786 93.85051992384706 32.280893759337232 23.544038336395488 55.540176216614327 7.4365675422522468 22.86437979150503 37.563871398244828 13.545199929912995 6.1049724802151095 23.592482190730152 18.90321718520136 21.276625552741507 5.2957353530869105 2.9312410631973753 39.155864700522216 143.4070957416277 63.558315526694059 58.130889943568036 20.882305010745768 460.93272472038234 38.92375971229194 35.895044036640684 76.599930264417253 7.7872495751671513 23.247498208598699 27.710059494117559 9.6083324007049651 79.01273511208592 61.828985368473298 2.7794499741867176 21.079105178079772 9.6891492655595339 41.866387322759692 5.5738054606481482 11.8571042840922 15.892746933282067 11.656244453232945 31.274028767395066 7.3342482524221833 5.0456449284101836 5.5169324481953472 3.1375631084160887
leaf_count=12620 25892 4211 53006 7943 16392 17575 12755 87169 63310 6976 2469 3338 8715 198141 33629 9686 48388 8503 5437 4272 16008 22266 13695 32587 3617 1279 36913 10899 2312 5497 856 15234 4700 646 5958 145761 1310 2479 2268 77192 4536 7061 24577 64902 1452 9607 616 92692 223719 202 24999 2556 9713 1659 2989 2856 3320 2667 6054 3029 15861 2070
internal_value=7.89041e-05 -0.00683005 -0.0302322 0.00334738 0.0188932 0.0252948 -0.00392137 0.00196362 0.0013323 0.00170433 0.0313504 0.0779424 -0.00348994 -0.00796658 0.00479112 -0.0334221 -0.0536361 0.00641318 0.0290645 0.00109901 0.0183318 0.000116916 -0.00565844 -0.0325298 0.00332166 -0.00220754 -0.0288415 0.0124274 0.0148012 0.0103343 -0.0476874 -0.00150318 0.0326634 0.00360133 0.000138099 0.00710105 0.024327 0.0280002 0.0141379 0.000334125 -0.0203094 -0.0142305 0.0213069 -0.00362685 0.000325975 0.00193536 0.0514905 -0.00110109 -0.0572027 -0.0219806 -0.0225403 0.0115495 -0.0301573 -0.00932443 0.0413589 -0.0332198 -0.0277454 0.0368771 -0.0510502 -0.00671935 0.0143626 0.0274612
internal_weight=3269.89 1050.12 116.092 2219.76 181.436 160.566 934.031 2038.33 1991.93 1981.86 39.6561 28.2888 929.431 603.297 326.134 99.8872 55.6836 321.555 46.4022 1942.2 104.718 1837.48 655.746 87.8211 1181.74 735.269 131.65 446.469 432.923 385.936 94.0858 567.925 105.488 603.62 517.197 348.376 86.4227 118.169 79.0132 546.648 85.7153 168.821 81.8957 230.207 62.1713 280.448 46.9873 222.42 83.5117 21.6827 132.926 24.2766 108.649 54.4028 17.4309 36.9719 14.5875 37.379 54.2463 12.3799 107.762 10.5741
internal_count=1539041 402926 78898 1136115 57771 49828 324028 1078344 985738 922428 12783 5807 311273 264930 46343 66789 58074 42132 92606 909645 20280 889365 166962 54853 722403 648908 267377 73495 62596 57001 230464 112109 34774 381531 378942 314060 2589 10705 4747 96875 19683 64882 29277 303355 5988 22227 5595 238453 224777 1058 57821 6522 51299 32503 4648 27855 3966 4979 18796 9083 33436 5687
is_linear=0
shrinkage=0.1


Tree=60
num_leaves=63
num_cat=0
split_feature=28 28 3 13 19 14 8 48 24 46 46 28 39 18 46 18 2 18 31 3 28 24 8 3 3 42 8 28 28 13 3 24 15 16 29 7 12 19 37 1 13 9 3 24 19 8 51 4 14 28 47 20 3 14 28 14 3 14 14 47 14 34
split_gain=7.19286 11.7977 18.6025 8.92022 15.1749 6.56684 7.52595 5.60419 5.18565 4.20759 7.6795 5.69717 4.5774 3.75964 3.78307 3.71594 2.99851 3.21561 6.39393 7.52788 6.0804 13.9062 10.2109 8.26376 7.83506 6.40461 5.66859 5.3973 4.94783 16.3316 10.1808 6.05309 4.9144 4.43101 4.17322 3.89319 3.71979 3.71102 3.55961 3.39179 3.60738 3.3312 2.956 2.9523 2.87874 2.87579 2.77324 2.76189 2.75717 3.32592 3.0189 3.00102 3.73525 2.83777 2.73738 2.86814 2.70479 2.68722 2.67757 2.82145 2.67265 2.662
threshold=-1.0000000180025095e-35 6.0000000000000009 4.8278014659881601 2.1383330821990971 180.00000000000003 6.978102684020997 0.89587974548339855 1.0000000180025095e-35 17137926144.000002 6.5000000000000009 9.5000000000000018 96.000000000000014 1.5000000000000002 12.798708438873293 13.500000000000002 12.568491935729982 3.1002545356750493 11.751240253448488 72.000000000000014 4.4845800399780282 48.000000000000007 137422176256.00002 0.89587974548339855 4.9182729721069345 3.9495767354965214 6.0000000000000009 0.89587974548339855 48.000000000000007 96.000000000000014 3.1984648704528813 5.5169365406036386 17137926144.000002 3.6050398349761967 2.1910133361816411 192.00000000000003 0.89587974548339855 2.4414010047912602 280.00000000000006 1.5000000000000002 4.8278014659881601 3.7647031545639043 0.89587974548339855 5.4679176807403573 17137926144.000002 62.000000000000007 0.89587974548339855 1.5000000000000002 1.2424533367156985 7.3478908538818368 24.000000000000004 1.0000000180025095e-35 48.000000000000007 4.8278014659881601 4.8278014659881601 12.000000000000002 4.7789824008941659 5.5169365406036386 5.3393952846527108 6.3848304748535165 21.500000000000004 3.3576917648315434 1.5000000000000002
decision_type=2 2 2 2 2 2 2 2 2 2 2 2 2 2 2 2 2 2 2 2 2 2 2 2 2 2 2 2 2 2 2 2 2 2 2 2 2 2 2 2 2 2 2 2 2 2 2 2 2 2 2 2 2 2 2 2 2 2 2 2 2 2
left_child=7 2 -2 8 5 6 42 13 -4 16 -11 15 -13 14 -1 48 -3 28 20 27 21 32 36 25 -24 26 37 -20 39 30 31 -30 -19 43 -31 -21 -23 -22 -29 40 -18 -33 58 44 -25 -42 -15 56 49 51 -50 52 53 -12 55 -34 -26 -44 -5 -60 -9 -57
right_child=1 9 3 4 -6 -7 -8 60 -10 10 11 12 -14 46 -16 -17 17 18 19 35 23 22 24 33 47 -27 -28 38 29 34 -32 41 54 -35 -36 -37 -38 -39 -40 -41 45 -43 57 -45 -46 -47 -48 -49 50 -51 -52 -53 -54 -55 -56 61 -58 -59 59 -61 -62 -63
leaf_value=0.0014932818318098466 -0.068045123601639779 -0.052311235072995892 0.094963833475001785 -0.073459665502469865 -0.08375669694991951 0.040506158513745602 0.075505272308881752 -0.092435311093737024 0.013169163618853064 0.046677193604594776 0.020861573217057547 0.013747336210640613 0.082307329109986421 0.018073478139654455 0.047164457990468277 -0.077281170389143422 0.012498988980334594 -0.045361901057298357 -0.078923661089134581 0.018817834826040408 -0.0016758950857944739 -0.075334504427422011 -0.059465960770181174 0.047160840135362168 -0.10367715508199873 0.03296855664889236 0.02673510835551119 0.10765571215868548 -0.14936309430851263 -0.0026267989278937615 -0.090384292517713738 0.0087687470512664394 -0.038699228713834861 -0.050795868226923127 0.047871454682047482 0.073577324849834036 0.039172609077723353 -0.037127505364959561 -0.01442934863601422 -0.054176994902561317 -0.040194563140162107 -0.050040517558690822 -0.029683074269984074 -0.0040868095550045174 -0.073523670330926896 0.008567499930969058 0.095171925373288557 0.054025841708938011 0.059257209467932052 -0.0010407652100023687 -0.048166131937375498 -0.044380372780554213 -0.020728707153119443 0.36229911685563798 -0.0079673084258833227 0.033213885643269742 0.023090280963692273 0.01103370693754769 -0.046052473963370831 0.068877702095129681 0.039551771090464059 -0.035973464202555802
leaf_weight=872.65905423114873 68.479535135453091 12.213112167231882 9.5933669660735159 18.468103882328709 29.897978888684008 25.741674249649122 8.2710332513379381 1.5754034442288674 40.357968841883121 47.343090262541409 0.42081203431371195 113.87965632522059 10.648768525431477 117.53314579463222 18.52173604118434 7.5038294878504521 401.55158431853079 27.956043180472761 12.899136805954186 85.695897121198414 118.33881601738085 69.828275568872186 16.95495505290819 2.3755157876003041 2.5418987911798494 75.862636109632149 55.111586286198872 2.9348040033164589 3.207698501952108 30.94957873968815 29.101579292189854 34.836744790114608 8.0774831481885467 37.791657669236884 34.728186193195143 15.301608476436739 2.9570991795080763 39.344015599563136 12.823645704853332 8.5534456638561078 24.78392774007807 13.312583579230703 38.29207444275562 89.501935484719297 11.767500723890407 23.622578035123297 4.8583250895317169 15.602173241095441 11.761222467778451 113.73464609880511 3.3644417983207395 33.216749774643176 1.8913935293821849 0.57744037675456639 153.73235527153429 47.877656762598235 4.9819435412391613 28.106484687233205 6.5608581337273773 3.1671360553682462 58.644130470915115 6.2918313774771368
leaf_count=131926 137192 4561 1183 18661 298267 23439 1579 215 13088 56605 709 66468 11931 6223 11562 10933 77704 5889 9600 46121 19958 70347 5013 268 804 7639 5084 902 247 4547 9048 3387 2259 7234 2559 2920 917 9533 5453 2086 4894 1122 21617 26261 9898 3861 166 4785 9172 131399 32754 121869 7243 1542 26527 9457 1208 12451 10355 1228 5543 1516
internal_value=-0.00022584 -0.00355795 -0.0228259 -0.00797104 -0.0195837 -0.00466508 -0.015969 0.00646043 0.0288782 -0.000716262 0.00927297 0.00331055 0.0196101 0.00469952 0.00244248 -0.00845816 -0.00295944 -0.00256321 -0.00629753 0.0142789 -0.00968786 -0.0193389 -0.0483622 -0.00168142 -0.00782976 0.00802138 -0.000872459 -0.0309564 0.00309743 -0.0129259 -0.0431294 -0.0163523 -0.00591017 -0.0214838 0.024075 0.0271142 -0.0706823 -0.0105216 0.00830739 0.00820437 0.0093902 -0.00749115 -0.0239672 -0.0107959 -0.053253 -0.0163985 0.0211339 0.0300276 -0.00532761 -0.00943509 0.0353627 -0.0358771 0.0618688 0.218367 -0.000803602 0.0168887 -0.0197376 -0.0124477 -0.0510943 -0.00863474 0.0360989 0.0251777
internal_weight=3228.48 2154.69 276.936 208.457 158.505 128.607 102.866 1073.79 49.9513 1877.75 344.342 296.999 124.528 1013.57 891.181 172.471 1533.41 1521.2 916.55 129.655 786.895 356.802 112.866 430.094 40.081 288.657 212.794 28.6576 604.648 146.136 80.4586 51.357 243.935 141.437 65.6778 100.998 72.7854 157.683 15.7584 458.512 449.958 48.1493 94.5947 103.645 14.143 48.4065 122.391 23.126 164.967 149.841 15.1257 36.1064 2.88965 0.998252 215.979 62.247 7.52384 66.3986 28.1961 9.72799 60.2195 54.1695
internal_count=1538929 1383294 539060 401868 387597 89330 65891 155635 14271 844234 450625 394020 78399 149877 143488 315621 393609 389048 279593 64996 214597 128722 83074 85875 11810 42214 34575 15955 109455 20910 13804 4756 45648 43661 7106 49041 71264 29491 6355 88545 86459 4509 64312 36427 10166 8755 6389 6797 304688 262762 41926 131363 9494 2251 39759 13232 2012 34068 30244 11583 5758 10973
is_linear=0
shrinkage=0.1


Tree=61
num_leaves=63
num_cat=0
split_feature=32 31 0 45 3 45 47 14 19 5 46 31 42 42 28 0 8 18 28 3 31 4 14 16 28 28 28 8 18 18 0 46 46 32 13 29 31 14 28 37 14 32 0 13 14 36 0 32 14 22 0 28 3 13 23 0 3 28 13 13 28 13
split_gain=6.29673 5.59439 7.98944 3.77432 4.1635 4.11176 3.09252 2.95896 10.7153 5.42921 4.09326 4.05054 3.56103 4.66547 5.72321 7.59237 3.82923 5.50171 3.18332 4.06934 4.21927 3.63862 8.32152 3.15668 2.93979 2.86507 7.60401 4.55722 5.05349 3.08503 2.83859 2.74743 4.78281 2.81384 4.85156 3.06208 2.61313 2.48828 2.44277 2.43133 3.09381 2.40533 2.40226 2.38427 2.33018 2.27999 2.27148 2.4967 2.24799 2.16331 2.14338 2.0583 2.63715 2.53042 2.02585 3.55046 1.9458 2.93532 2.8814 2.75519 2.74519 2.10633
threshold=20.000000000000004 24.000000000000004 2.7361353635787968 1.5000000000000002 3.1549592018127446 2.5000000000000004 16.500000000000004 2.8888261318206792 280.00000000000006 1.2424533367156985 13.500000000000002 72.000000000000014 1.5000000000000002 3.0000000000000004 48.000000000000007 4.094205617904664 0.89587974548339855 10.790835380554201 1.5000000000000002 4.1426305770874032 120.00000000000001 1.2424533367156985 5.5169365406036386 1.844439744949341 6.0000000000000009 1.0000000180025095e-35 24.000000000000004 0.89587974548339855 11.39281225204468 8.1845164299011248 4.8278014659881601 13.500000000000002 12.500000000000002 6.0000000000000009 5.4457051753997812 192.00000000000003 104.00000000000001 5.7189338207244882 6.0000000000000009 3.0000000000000004 4.2844183444976816 96.000000000000014 3.026044607162476 6.5618064403533944 5.7189338207244882 7.0000000000000009 5.7189338207244882 96.000000000000014 3.1316992044448857 7168.0000000000009 5.5169365406036386 12.000000000000002 5.6077513694763192 2.8617925643920903 2202.0000000000005 4.7789824008941659 5.1720471382141122 24.000000000000004 2.6020033359527592 2.8617925643920903 12.000000000000002 1.7005987167358401
decision_type=2 2 2 2 2 2 2 2 2 2 2 2 2 2 2 2 2 2 2 2 2 2 2 2 2 2 2 2 2 2 2 2 2 2 2 2 2 2 2 2 2 2 2 2 2 2 2 2 2 2 2 2 2 2 2 2 2 2 2 2 2 2
left_child=3 2 -2 31 -5 37 42 9 10 -3 12 25 23 36 18 -16 17 -17 -15 41 46 22 24 54 -22 27 29 28 -11 -27 -31 32 -1 34 -33 -36 39 -6 -32 40 -14 -20 -7 50 -10 -40 47 -21 -41 -29 -28 52 -24 -53 -9 -56 -49 59 -59 60 -58 -62
right_child=1 7 -4 4 5 6 -8 8 44 11 -12 -13 13 14 15 16 -18 -19 19 20 21 -23 51 -25 -26 26 43 49 -30 30 38 33 -34 -35 35 -37 -38 -39 45 48 -42 -43 -44 -45 -46 -47 -48 56 -50 -51 -52 53 -54 -55 55 -57 57 58 -60 -61 61 -63
leaf_value=0.0013500391645996522 -0.015073592256055019 -0.11075821748538205 -0.083832354533956807 -0.086564703027900258 0.016288656807100548 -0.095567617903423066 -0.061917712342728561 0.0068757269067013507 -0.038246169314238486 -0.0036823304666318713 0.089509908303288754 -0.045757601307722717 0.028739439473297237 -0.016664336519042321 0.036999476862714618 -0.094026628721717784 -0.12341289251163211 -0.010587779200595506 -0.073883287677721995 -0.016985214609927041 -0.1164782927474793 0.053122983862861066 -0.014364039403398083 -0.051221792624749664 -0.019754124917474639 0.032091767747381587 0.014408927266515055 -0.021101068299835848 0.059217259763152397 -0.050948832029653959 0.14467138386588349 -0.073106981790801218 -0.070815107494076684 0.079010709189755751 0.043913277213519564 -0.029697141677382372 -0.047621580509862614 0.059444297870326228 0.11220159772400909 -0.20566078677637367 -0.073522429218027499 0.011516999043347553 0.014324624634367185 -0.04282081143040678 -0.089490736495074844 -0.17520803577351082 -0.040575532657882253 0.063831853554964998 0.025360808310574131 0.075871933635966005 -0.10201155648897389 -0.089725119917746218 0.095410457693592549 0.048734325385364763 0.040093323842420973 -0.062356812369529668 0.078741366632411991 -0.12565764806661431 0.0034495584070151214 -0.0048331271882510515 -0.14183511341738278 0.027498647495497686
leaf_weight=1944.118027213799 91.943991487420931 4.109497740564847 20.704368649204412 3.804299818985327 22.708238744629853 2.0265689748157447 5.9161811029855462 30.171641091077845 54.662277116584164 18.957956997212023 4.6824825729750037 15.054118145573737 5.7914763586368263 90.332137021039216 10.695953007980277 13.003810229456574 7.2805220945010651 20.143935670506835 9.499721255107259 33.93664073778109 4.5705299482133332 33.969052811049551 2.7724142991887701 27.831308925820849 10.055681381310931 6.0960716237168517 170.63161072536604 23.528601668542255 39.152216210000915 38.406097097209567 1.4294633261888514 5.4680536495634433 9.2275037087704259 8.1037266811181308 26.794797779176633 7.1615690725179766 6.137195878554393 32.456610974110617 0.48255143775168086 0.42296947282738884 6.0479273420583013 5.0519415541202752 107.98913991618701 7.9094020995544261 10.593097921310457 0.64487026378628798 13.556338095294221 7.9165680168080135 100.77178556710214 2.5497671384364358 1.5961862681506307 2.0153428666308173 10.38936721874529 3.825132121482965 4.5662252833835764 13.050577291049079 11.115692347520961 2.8804204054176807 4.3229887366760513 17.003564307451601 1.0420501790940764 2.4895842610858372
leaf_count=922252 25859 4461 52991 2415 7275 289 17747 6171 61093 645 16178 10884 2815 16657 1107 4150 697 7076 2782 8822 1378 3127 1603 12216 2113 1866 10440 907 1140 18225 426 6849 63372 499 58675 26571 8994 10893 204 101 11465 601 19112 556 38563 60 5547 567 30719 121 307 421 1233 1459 2736 20527 544 149 438 1652 38 149
internal_value=-0.000226535 -0.00668535 -0.0277112 0.00281855 0.0169058 0.0192064 0.00851287 -0.00409154 -0.00837932 0.00346576 -0.00356276 0.00490371 -0.00441286 -0.00094605 -0.00727233 -0.0379223 -0.0577441 -0.0433207 -0.00139797 0.00641916 0.010973 0.0300388 0.00672082 -0.0244491 -0.0499794 0.00735297 0.00151388 0.0231107 0.0386968 -0.0342793 -0.0441566 0.00158715 0.00100913 0.0253428 0.0143113 0.0283885 0.0159282 0.0416796 0.0578669 0.0193787 -0.023499 -0.0442346 0.0123003 0.0108645 -0.0465649 -0.0521929 -0.0026992 0.00366284 0.0243952 -0.0116197 0.01333 0.0503635 0.0722874 0.000956832 -0.00885706 -0.035802 0.0186449 0.0094381 -0.0481764 0.0225506 0.0543393 -0.0224653
internal_weight=3201.57 1025.8 112.648 2175.77 174.901 171.097 115.932 913.147 582.598 330.548 517.343 326.439 512.66 437.041 317.869 51.1242 40.4283 33.1477 266.745 176.413 161.861 67.5975 33.6285 75.6198 14.6262 311.385 227.196 84.1885 58.1102 47.0591 40.963 2000.87 1953.35 47.5281 39.4244 33.9564 119.171 55.1648 2.55689 113.034 11.8394 14.5517 110.016 180.137 65.2554 1.12742 94.2638 80.7075 101.195 26.0784 172.228 19.0023 13.1618 5.84047 47.7884 17.6168 46.7709 38.8543 7.20341 31.6509 14.6473 3.53163
internal_count=1538929 402980 78850 1135949 57731 55316 37148 324130 273888 50242 174232 45781 158054 116404 62310 13030 11923 11226 49280 32623 29240 11334 8207 41650 3491 34897 32084 2813 1785 20781 18915 1078218 985624 92594 92095 85246 54094 18168 690 45100 14280 3383 19401 11303 99656 264 17906 12359 30820 1028 10747 4716 2836 1880 29434 23263 3537 2970 587 2383 731 187
is_linear=0
shrinkage=0.1


Tree=62
num_leaves=63
num_cat=0
split_feature=32 31 0 45 45 14 46 46 14 19 31 42 42 28 0 8 13 3 19 13 8 28 13 34 28 34 36 0 39 31 35 0 12 47 35 31 19 23 28 31 31 4 37 15 15 19 0 0 3 28 28 15 16 0 13 28 28 13 28 0 8 13
split_gain=5.44108 4.76061 6.19899 3.38142 3.69253 2.87144 2.77555 4.16796 2.66749 7.44314 3.19795 3.04979 5.34853 3.22102 8.54916 3.30226 3.75907 3.16371 3.15859 2.89046 2.72283 4.06664 3.22956 4.98848 3.94237 4.5827 4.34201 4.57156 2.65999 3.6372 2.6468 2.57923 2.57747 2.54289 2.47651 2.39625 2.97587 2.51555 2.21945 2.18736 2.51685 2.10561 2.06274 2.73503 2.03282 2.03193 2.02726 2.00892 2.00715 1.97364 2.64055 3.91156 2.52789 4.28032 3.21692 1.95931 2.07938 4.47818 4.34863 3.38726 2.50553 3.00292
threshold=20.000000000000004 24.000000000000004 2.2154084444046025 1.5000000000000002 2.5000000000000004 5.3393952846527108 13.500000000000002 12.500000000000002 2.7361353635787968 280.00000000000006 104.00000000000001 1.5000000000000002 3.0000000000000004 48.000000000000007 4.094205617904664 0.89587974548339855 3.1567740440368657 4.1426305770874032 180.00000000000003 2.8617925643920903 0.89587974548339855 24.000000000000004 5.4457051753997812 7.0000000000000009 12.000000000000002 3.5000000000000004 5.0000000000000009 5.5169365406036386 1.5000000000000002 120.00000000000001 4.5000000000000009 5.6077513694763192 1.0397207736968996 16.500000000000004 1.5000000000000002 120.00000000000001 80.000000000000014 2352.0000000000005 24.000000000000004 104.00000000000001 72.000000000000014 0.89587974548339855 3.0000000000000004 4.1426305770874032 4.1426305770874032 100.00000000000001 3.026044607162476 4.8278014659881601 3.1549592018127446 -1.0000000180025095e-35 48.000000000000007 5.1720471382141122 1.2424533367156985 4.9182729721069345 2.2499048709869389 96.000000000000014 1.0000000180025095e-35 3.4811217784881596 12.000000000000002 4.8278014659881601 0.89587974548339855 4.3947539329528817
decision_type=2 2 2 2 2 2 2 2 2 2 2 2 2 2 2 2 2 2 2 2 2 2 2 2 2 2 2 2 2 2 2 2 2 2 2 2 2 2 2 2 2 2 2 2 2 2 2 2 2 2 2 2 2 2 2 2 2 2 2 2 2 2
left_child=3 2 -2 6 5 -5 7 -1 10 11 55 30 39 17 -15 16 44 34 20 -11 22 -22 23 31 26 -26 27 -24 -8 48 45 -19 -27 46 41 37 -37 -33 -36 40 42 -14 43 -13 -16 -10 -6 -23 -30 52 51 -51 -44 -54 -55 56 60 -58 59 -59 61 -3
right_child=1 8 -4 4 33 -7 28 -9 9 19 -12 12 13 14 15 -17 -18 18 -20 -21 21 47 24 -25 25 32 -28 -29 29 -31 -32 35 -34 -35 38 36 -38 -39 -40 -41 -42 -43 49 -45 -46 -47 -48 -49 -50 50 -52 -53 53 54 -56 -57 57 58 -60 -61 -62 -63
leaf_value=0.0011527332966379158 -0.014930921666969089 -0.0044462535477716942 -0.077099422146596666 0.0061072626326122053 -0.09044076481093187 0.053463366796555223 -0.037544675452235915 -0.068965105209074049 -0.1387884107068473 -0.014110458735990213 -0.056114563590262637 0.03428227461306084 -0.078676515839208552 0.037189656367448198 0.018755949313251086 -0.1173588292973906 -0.014563986186818645 0.10621138083454512 -0.062872212899147836 -0.055765728714301133 0.052645531983415594 0.039152101102658737 -0.048804188877270699 -0.04902830380409838 -0.055742455130651292 0.047992970387589276 -0.05512781313444657 0.045516856316692986 -0.0034855100019909376 -0.014845194763805414 0.043092532374329306 0.052999172022854292 -0.20744103692064592 -0.06018967664057992 -0.080513906692125173 0.039897771085908029 -0.06051842045073122 -0.0046827180239680157 0.025812174234005808 -0.038526897873042705 0.19077005967166283 0.011408876031333635 0.065086659831710442 -0.058004587784888685 -0.10238412605551639 -0.024619797090714053 0.010964829270840686 -0.11712734536721142 0.06352866904853792 -0.037762143030824501 0.031059285468733558 0.031140840770661801 0.050548301374620679 0.11506626214052657 -0.096372471133634952 0.018989020391364398 0.017803342434805577 -0.085246147362227256 -0.010682141813098069 0.10723255456416279 -0.01159248600924097 0.04666499819935721
leaf_weight=1939.4958101534626 90.806679880412275 18.580869204830378 19.479821943184447 19.633553434550663 2.0074446720218466 36.809243521714279 5.9217037506075476 8.5146942305973408 1.5939709263584507 28.276623656377524 8.6062270448401232 5.5725103702902725 3.2373094345794025 13.909191021808509 1.6052729467101041 6.8223111023544325 20.190802645091026 3.0491063799709073 7.5330689487220743 40.542068723255966 20.068586929512097 1.2642368255183094 9.2757447936965054 13.367944253841413 6.4910278653442246 17.604787072206822 32.322006161415857 11.521233089533323 5.4225346294251748 11.171610273921258 5.7966256879717539 8.5673446036962542 0.40410255298775055 5.5516658173108899 12.13161880968187 38.387231283122674 3.1970503284974248 64.337447275262093 2.3422403443983049 6.8094945626762629 0.8540559697748894 13.068628066158453 20.587591472569216 7.5788163562638147 10.105846424346963 70.832186006088705 109.95628674176987 2.3543095826753415 25.426229500334102 18.515886634789354 39.720000730589163 14.844196746497799 9.6426901431987044 0.86077749496325751 4.3862628432689235 80.297323904567747 46.375285401340079 13.041118965687925 69.164850789813499 0.98322098824064674 25.344512778450735 30.143115574057447
leaf_count=922252 25765 645 53085 6766 582 12212 17285 63372 719 18406 9389 2792 1382 1455 223 719 7801 125 11389 84931 1839 94 2269 3347 1003 3504 8066 3070 1992 40047 2924 362 60 18546 2578 3046 172 6240 379 12567 1238 1729 3221 15237 3218 38947 19625 172 33270 15171 8762 12329 567 51 601 3308 7743 10229 7885 353 1004 869
internal_value=-0.000218178 -0.00631153 -0.0259117 0.00259666 0.0159682 0.0369906 0.00143126 0.00084625 -0.00388847 -0.00770802 0.00393993 -0.00369599 -0.000544389 -0.00742308 -0.0300571 -0.0542112 -0.0407069 -0.0030194 0.00085543 -0.0386502 0.00292278 0.0350513 -0.000726814 0.00885608 -0.0168886 0.0162961 -0.0321943 0.00344834 0.0252017 0.0340442 -0.0219285 0.0154394 0.0422613 0.0058711 -0.0332006 0.013022 0.0321777 0.00209572 -0.0633076 0.0166379 0.0197028 -0.00647628 0.0185024 -0.0189006 -0.0857791 -0.0271324 0.00914669 -0.0625269 0.051749 0.0230336 0.013639 -0.00710246 0.0423857 0.0109977 -0.0616859 0.00576025 0.00054383 -0.00709659 -0.0209775 -0.0717518 0.0139088 0.0271737
internal_weight=3172.31 1002.4 110.287 2169.91 173.958 56.4428 1995.95 1948.01 892.109 599.572 292.537 530.754 452.531 323.158 52.6334 38.7242 31.9019 270.525 239.745 68.8187 232.212 23.6871 208.525 130.906 77.6189 24.4999 53.119 20.797 47.9421 42.0204 78.2228 117.538 18.0089 117.515 30.7798 114.489 41.5843 72.9048 14.4739 129.372 122.563 16.3059 121.709 13.1513 11.7111 72.4262 111.964 3.61855 30.8488 108.557 73.0801 33.3601 35.4773 14.8897 5.24704 283.93 203.633 129.564 83.1892 14.0243 74.0685 48.724
internal_count=1538929 402980 78850 1135949 57731 18978 1078218 985624 324130 282705 41425 179368 136778 64242 13416 11961 11242 50826 44758 103337 33369 2105 31264 13292 17972 4567 13405 5339 92594 75309 42590 9945 3564 38753 6068 9820 3218 6602 2957 72536 59969 3111 58731 18029 3441 39666 20207 266 35262 40702 36262 27500 4440 1219 652 32036 28728 26210 18467 10582 2518 1514
is_linear=0
shrinkage=0.1


Tree=63
num_leaves=63
num_cat=0
split_feature=50 45 36 46 3 18 47 0 22 46 3 46 16 47 18 31 0 18 42 33 19 47 24 3 47 22 23 14 8 39 31 39 47 14 0 49 1 19 33 3 49 22 0 47 39 31 14 50 50 24 47 35 0 15 46 23 20 0 3 0 21 0
split_gain=4.91957 9.02919 5.81328 4.96423 4.23923 3.92029 3.82612 10.2894 5.47532 5.14278 4.63819 3.11993 3.33137 6.3303 6.23159 5.2667 11.4373 8.76548 8.45289 5.38257 4.61941 4.54385 4.24037 3.99966 3.58886 5.18021 3.56843 4.48602 3.53334 4.18733 3.46771 3.35519 3.22778 3.8721 3.1605 2.9291 3.88339 2.89699 2.84654 2.76596 5.09198 2.73489 2.68486 7.16816 2.64611 3.00346 2.62953 2.57877 5.69953 3.8829 3.15546 2.47555 3.72725 2.45331 2.43939 2.37544 3.65256 3.75446 2.39984 3.2115 2.35843 2.34946
threshold=5.5000000000000009 1.0000000180025095e-35 2.5000000000000004 13.500000000000002 4.4845800399780282 12.489189624786379 15.500000000000002 3.6941639184951787 7168.0000000000009 9.5000000000000018 6.7808928489685067 1.0000000180025095e-35 0.89587974548339855 6.5000000000000009 11.182208061218263 56.000000000000007 4.4845800399780282 9.475347042083742 6.0000000000000009 6.0000000000000009 180.00000000000003 8.5000000000000018 17137926144.000002 4.7789824008941659 9.5000000000000018 7168.0000000000009 1900.0000000000002 3.6050398349761967 0.89587974548339855 3.0000000000000004 232.00000000000003 1.5000000000000002 11.500000000000002 4.2844183444976816 4.9182729721069345 13.500000000000002 5.8303320407867441 280.00000000000006 6.0000000000000009 3.3576917648315434 1.5000000000000002 7168.0000000000009 7.142747402191163 31.500000000000004 1.5000000000000002 104.00000000000001 3.6050398349761967 1.5000000000000002 3.5000000000000004 17137926144.000002 12.500000000000002 3.5000000000000004 4.094205617904664 3.1549592018127446 12.500000000000002 2352.0000000000005 48.000000000000007 7.6172368526458749 5.5169365406036386 7.6670951843261728 112.00000000000001 6.1245300769805917
decision_type=2 2 2 2 2 2 2 2 2 2 2 2 2 2 2 2 2 2 2 2 2 2 2 2 2 2 2 2 2 2 2 2 2 2 2 2 2 2 2 2 2 2 2 2 2 2 2 2 2 2 2 2 2 2 2 2 2 2 2 2 2 2
left_child=1 3 4 11 47 38 9 35 -9 39 42 55 13 14 30 16 18 -18 20 -17 22 23 -14 41 25 -23 27 -16 29 -28 -13 -21 34 -34 -26 36 -8 -32 -5 -2 -41 -15 -10 -44 -40 -46 -31 -3 49 -49 -51 -33 -53 -29 -11 56 -1 -58 59 -59 -54 -12
right_child=6 2 -4 5 -6 -7 7 8 10 54 61 12 15 21 26 19 17 -19 -20 31 -22 24 -24 -25 32 -27 28 53 -30 46 37 51 33 -35 -36 -37 -38 -39 44 40 -42 -43 43 -45 45 -47 -48 48 -50 50 -52 52 60 -55 -56 -57 57 58 -60 -61 -62 -63
leaf_value=-0.070906561859271952 0.089604438599346428 -0.038170584731010829 -0.0089658395793199269 -0.065709159466509667 -0.080476794088803247 -0.10280695370628914 0.083820091395841081 -0.04548920484765543 0.011007392376338992 0.011556331172195414 -0.020212876822555199 -0.0004205909467957156 -0.003945070391019748 0.0033811276871994495 -0.10239222105006357 -0.038183905946932543 0.012870018132942277 -0.084782138590343961 0.054371545121208925 -0.07091415811994066 -0.030651418039006107 -0.10960957795640472 0.069553665954231306 0.028799730508359378 -0.022678176939646664 0.035095692196612786 -0.02198901864550315 -0.091735142034375813 0.0037967848809142717 -0.10593032469445558 -0.080544647290353391 0.0042162616678302952 0.0094548731075280393 -0.059171145745283843 0.038483075619148488 -0.040155084708111237 0.016194547489141002 0.053786290045660982 -0.02998820382020316 -0.066209400866527102 0.04706161597758473 -0.066266031933440259 -0.056819964392901004 0.043236184877907688 0.060227858554551261 8.0457868220176396e-05 -0.044668759225822779 0.40356934623672625 -0.058404691821730803 -0.069673934471795679 0.14903948231981004 -0.06756559229235734 0.063263303780876495 0.016028096779210202 -0.062813832670812739 0.013489791304445754 0.0026502719068716872 -0.67415750610813152 -0.08811613031504327 -0.042862446619689125 0.014234568925147382 -0.12014476287894132
leaf_weight=7.3291161276101766 11.195725989062451 42.564211321907919 111.80821895970041 2.7220760986599535 23.265194209952142 2.1782249146613131 19.435847053013276 38.234498336898014 93.523437917527872 257.40399610117936 4.6918835575979738 280.68827888014107 38.826148539112182 28.824082023487279 3.8099403519099146 29.955840134502068 12.669334457823423 33.490748108027219 23.400520256731397 5.8069452455438286 59.339121792398146 7.7832238427539533 9.8386251166521088 98.01128287539882 12.999419562054753 3.6265843780201976 141.83738703133412 2.2233876687678267 30.910686813433131 7.7626507128537687 9.2399311650369746 904.15649207348088 15.943565705885701 16.97616306630465 24.13637042351229 3.6303879673746442 15.080200262469587 1.9430483574719808 5.0000752757907767 4.5476999776308267 31.172141585108307 7.0091261394118183 20.946845106514505 10.878713239537317 36.420405307658598 10.753353524945963 71.930129088305875 0.42122644656319552 3.7920507911644563 0.96626534431379729 2.0787977829559168 3.6722693307692671 18.877356424316531 42.386080934452821 4.487354032694042 232.88612325237 173.55458554428401 0.17760997451841731 1.5039838886968935 0.14750916149432669 20.428694019519753 4.7188309292641861
leaf_count=523 920 48516 49913 1381 217956 4780 4333 120476 27203 146040 1136 68848 4906 2012 704 12088 3403 20741 3354 4242 20271 4174 2585 10941 2439 2921 88740 306 7314 9581 4216 128073 15498 92620 4712 2597 2603 1460 16361 16646 27873 1376 8231 977 56887 43851 119369 1767 13339 2234 3413 2868 4837 9727 37171 7165 14270 7 322 273 3921 1518
internal_value=-0.000236161 -0.00199574 -0.023302 -0.000381996 -0.0452332 0.0287633 0.00865087 -0.0017234 -0.0120896 0.0157441 -0.00261336 -0.00107972 -0.0027419 -0.00767185 -0.0130064 0.000690867 -0.0151592 -0.05798 -0.000116931 0.00355424 -0.0119226 0.00701378 0.0109143 0.0183473 -0.0116068 -0.0636153 -0.0231055 0.00176163 -0.0278752 -0.0322944 -0.00259626 0.00486628 -0.00313631 -0.0259344 0.0170735 0.0452874 0.0542742 -0.0572046 0.0339839 0.0462341 0.0326404 -0.0102421 0.00246994 -0.0226185 0.0391853 0.0465171 -0.0506361 -0.0287757 0.0263173 0.119001 0.0796369 0.0053309 0.0287801 0.0106571 0.010282 0.00679329 -0.00174208 0.00114824 -0.141373 -0.387734 0.0377814 -0.0703219
internal_weight=3146.02 2626.07 184.896 2441.18 73.0877 57.0741 519.948 211.141 172.994 308.807 134.76 2384.1 1968.5 808.041 592.732 1160.46 177.564 46.1601 131.404 982.898 108.004 215.31 48.6648 133.844 81.4653 11.4098 300.86 48.4194 252.441 221.53 291.871 952.942 70.0555 32.9197 37.1358 38.1464 34.516 11.183 54.8959 46.9156 35.7198 35.8332 125.349 31.8256 52.1738 47.1738 79.6928 49.8226 7.25834 3.46629 3.04506 947.135 42.9783 44.6095 261.891 415.599 182.713 175.384 1.8291 0.325119 39.3061 9.41071
internal_count=1538929 1141205 337138 804067 287225 123260 397724 169074 159541 228650 39065 680807 658247 446958 310265 211289 55260 24144 31116 156029 27762 136693 7491 14329 122364 7095 235741 10737 225004 217690 74524 143941 115269 108118 7151 9533 6936 5676 118480 45439 44519 3388 36411 9208 117099 100738 128950 69269 20753 7414 5647 139699 11626 10033 183211 22560 15395 14872 602 280 8758 2654
is_linear=0
shrinkage=0.1


Tree=64
num_leaves=63
num_cat=0
split_feature=28 28 0 24 15 13 13 0 15 4 52 30 9 46 47 0 17 50 19 30 15 47 15 0 0 31 28 46 46 28 37 30 15 18 15 28 0 19 0 8 28 19 28 24 27 16 28 0 8 19 16 34 28 13 0 24 23 14 31 19 15 27
split_gain=6.2733 10.0982 18.511 6.28209 8.327 5.0794 4.73606 5.2268 4.99038 4.37368 4.18492 4.05851 3.88439 3.80477 4.26309 7.93066 4.73253 4.50731 3.28814 3.28274 3.22577 3.17087 2.94246 3.09626 3.33984 2.82443 2.77224 2.73799 5.95993 4.76818 3.66523 3.28068 15.2347 3.23222 4.56389 4.32316 13.8033 10.3554 7.01573 6.91485 6.16635 5.49999 5.4104 5.13794 4.99404 4.95941 4.81558 4.79697 4.57541 6.4365 7.62979 4.06536 3.98332 11.0419 7.97225 5.02806 3.98081 3.72726 3.69447 3.81349 3.5294 3.49625
threshold=1.0000000180025095e-35 6.0000000000000009 5.5169365406036386 17137926144.000002 5.7189338207244882 1.4978661537170412 1.7005987167358401 6.208071470260621 5.5169365406036386 1.2424533367156985 1.0000000180025095e-35 56.000000000000007 0.89587974548339855 7.5000000000000009 1.0000000180025095e-35 5.7189338207244882 9.783419609069826 1.0000000180025095e-35 100.00000000000001 80.000000000000014 6.9047427177429208 26.500000000000004 2.9388679265975957 3.3576917648315434 7.4223623275756845 120.00000000000001 1.5000000000000002 6.5000000000000009 9.5000000000000018 96.000000000000014 3.0000000000000004 192.00000000000003 4.9182729721069345 11.751240253448488 5.7189338207244882 48.000000000000007 4.2844183444976816 80.000000000000014 4.7789824008941659 0.89587974548339855 96.000000000000014 80.000000000000014 96.000000000000014 17137926144.000002 4.5000000000000009 3.585059762001038 12.000000000000002 3.6941639184951787 0.89587974548339855 180.00000000000003 1.2424533367156985 2.5000000000000004 96.000000000000014 3.1984648704528813 5.5169365406036386 17137926144.000002 2565.0000000000005 3.3576917648315434 72.000000000000014 280.00000000000006 4.1426305770874032 4.5000000000000009
decision_type=2 2 2 2 2 2 2 2 2 2 2 2 2 2 2 2 2 2 2 2 2 2 2 2 2 2 2 2 2 2 2 2 2 2 2 2 2 2 2 2 2 2 2 2 2 2 2 2 2 2 2 2 2 2 2 2 2 2 2 2 2 2
left_child=13 2 5 6 10 12 -4 8 9 19 -5 -12 -2 -1 16 17 20 -16 -7 21 22 -8 -15 -24 -25 -11 -10 31 -29 -30 -31 33 -33 34 52 36 37 46 40 43 41 -37 51 56 -42 -39 -35 -43 49 -38 -51 -41 -3 54 55 -54 -40 -52 59 -45 -48 -50
right_child=1 27 3 4 -6 18 7 -9 26 25 11 -13 -14 14 15 -17 -18 -19 -20 -21 -22 -23 23 24 -26 -27 -28 28 29 30 -32 32 -34 35 -36 38 48 45 39 42 44 47 -44 58 -46 -47 60 -49 61 50 57 -53 53 -55 -56 -57 -58 -59 -60 -61 -62 -63
leaf_value=0.0037183141847919655 -0.053792620773620008 0.0082444503608904481 0.10481012061559879 -0.063484506718018849 0.016730763108120997 -0.047261991805366388 -0.0037371124380056529 0.03997901576074861 -0.065025464127489829 -0.043264046946068113 0.066536282089368293 -0.034762449196936419 0.069902760227857227 -0.044645882699738064 -0.085798391332673765 -0.070486735441781065 -0.099228710064346679 0.028372405865212499 -0.088013220709321091 -0.13660045488512509 -0.035656055453823242 -0.15823358781661664 -0.067978964570942851 0.063269593174800506 -0.010199115421320668 0.067483064242943716 0.054443657650563117 0.039536081472107215 -0.0091468173854401275 0.011624548859355897 0.073942509597997044 -0.086768717186637201 0.075427457058879419 -0.065672507989773199 -0.061017798636088118 0.039715745967443018 0.00083903808912040361 -0.072611067008784558 -0.068517493006331406 0.0074843594580971924 0.010775608809004703 -0.035146892978675716 -0.10746678206044243 0.0026737453924418303 0.049980590372827524 0.041607387719944468 -0.022363159642561147 0.01675598061481292 -0.013720713677138755 -0.087286142084948753 0.10910823597856012 -0.12730570789589149 -0.1427975556731487 0.020055852301308921 -0.082557031536085054 -0.0058299482347125287 0.038496630993697531 -0.018685199020340073 0.042370888440921226 -0.03744722838865687 0.045832398707234087 0.05422155524333995
leaf_weight=909.92493690831975 5.0923942900437833 440.89131270513371 5.9161585824040221 37.354371759199807 37.727289061960164 40.376221433685487 6.1430524056249851 33.720454872899609 2.353619886314843 4.7927014953966136 5.4873367038712813 14.164345702213721 5.0626065434098564 3.3369547593174493 3.7434257735712881 12.180728070153235 2.4693703847151474 45.328423885158145 38.853728814432202 5.7563971563795349 5.0607461917988976 1.6949779849674085 2.0987140442375667 57.995459616107837 6.9265923556740736 4.4327593779889867 11.114449978143966 49.166789907922407 166.22053791674978 111.35281599246991 10.311898198534434 7.9975799659150679 20.988827201925233 9.4921143826138614 11.133572469294448 19.611680116244315 193.01954361451499 69.982384751795962 20.01747738356244 11.5915815551416 95.965404203545404 57.719304788583031 13.061260140500963 110.55846026393829 49.123406272294233 4.0198885025638438 13.562770123171505 25.751052014111337 11.39788007676543 19.968140771155504 2.4589155407411445 2.7728722892570667 2.8434775457790229 61.638396732021647 25.45607851416753 46.670221363758174 4.2065535884466945 31.774476573172251 17.84952229987698 30.151822595337308 17.230394543468719 22.575500474698856
leaf_count=81522 12564 84860 608 224418 48944 32079 5810 24582 1107 1335 684 2565 3156 244 4180 34942 950 20135 176419 1311 731 524 279 11035 1617 812 2142 56605 315621 70402 7997 8619 5641 2277 3996 2706 39042 35151 15928 2242 9415 8730 2592 23746 6493 1503 2121 4581 3209 57937 563 381 247 6878 8636 4325 480 13336 12865 18019 2382 4708
internal_value=-0.000225676 -0.00342016 -0.021846 -0.00253694 -0.0197132 -0.0587117 0.0188944 0.011634 -0.0147056 -0.0431949 -0.0438323 -0.00647682 0.00787365 0.00607329 0.0214739 0.00173571 0.0369965 0.0196629 -0.0672461 -0.0792594 0.0414568 -0.0371471 0.0470034 0.0515666 0.0554312 0.00994904 0.0335658 -0.000770769 0.00735906 0.00186368 0.0169064 -0.00263296 0.0306762 -0.00330229 0.00239889 -0.00723256 -0.014893 -0.0441973 -0.000623237 -0.0140655 0.0107628 -0.00793812 -0.0608881 -0.00704004 0.0240494 -0.0664066 -0.00339993 -0.0191346 -0.00298272 -0.00771138 -0.0381607 -0.0185351 0.0036215 -0.0112987 -0.0370777 -0.0136957 -0.0499343 -0.00950605 -0.000486863 -0.0059235 0.0157958 0.0314273
internal_weight=3117.64 2068.58 260.043 170.658 94.7333 89.385 75.9246 70.0084 36.288 22.8199 57.0061 19.6517 10.155 1049.07 139.14 61.2526 77.8878 49.0718 79.23 13.5944 75.4185 7.83803 70.3577 67.0208 64.9221 9.22546 13.4681 1808.53 337.052 287.885 121.665 1471.48 28.9864 1442.5 588.633 853.862 395.482 114.288 458.38 210.21 248.171 103.082 27.4257 182.784 145.089 74.0023 40.2853 83.4704 281.194 247.221 54.2015 14.3645 577.499 136.608 74.9698 49.5137 24.224 34.2334 158.56 140.71 30.7932 33.9734
internal_count=1538929 1383294 539060 314842 276611 224218 38231 37623 13041 9792 227667 3249 15720 155635 74113 59257 14856 24315 208498 7645 13906 6334 13175 12931 12652 2147 3249 844234 450625 394020 78399 393609 14260 379349 108942 270407 162229 43434 108178 76253 31925 16017 5215 71038 15908 36654 6780 13311 118795 110878 71836 2623 104946 20086 13208 4572 16408 13899 54630 41765 4503 7917
is_linear=0
shrinkage=0.1


Tree=65
num_leaves=63
num_cat=0
split_feature=46 50 28 28 3 20 4 32 18 30 15 13 18 51 39 31 18 28 3 3 24 8 28 19 44 4 24 8 15 28 31 24 1 12 38 3 3 28 42 0 8 15 46 24 49 0 14 31 16 48 16 22 30 0 33 49 8 0 22 13 13 43
split_gain=5.6395 4.42306 3.30374 6.3021 8.52602 4.10756 4.00771 3.66125 3.22679 3.09747 13.0089 3.59385 3.03552 3.04723 2.84291 3.44743 2.75885 5.01952 14.4156 13.5264 7.29897 6.79415 5.81519 8.50877 5.70981 5.21568 4.82857 10.4111 4.18771 4.03464 3.95376 3.67411 3.62278 3.19517 3.12028 2.81241 2.77093 3.04352 2.84324 2.70509 2.66622 2.62134 3.80456 3.02319 2.47835 3.2667 2.3841 3.60559 2.90475 2.8339 2.37343 5.4397 4.6767 2.83951 2.34326 2.55579 2.4206 2.3119 2.28297 2.90824 2.81189 2.27047
threshold=13.500000000000002 16.500000000000004 -1.0000000180025095e-35 3.0000000000000004 5.5169365406036386 48.000000000000007 0.89587974548339855 96.000000000000014 12.489189624786379 192.00000000000003 4.9182729721069345 5.4457051753997812 13.798406124114992 1.5000000000000002 1.5000000000000002 104.00000000000001 11.751240253448488 96.000000000000014 4.2844183444976816 3.6941639184951787 17137926144.000002 0.89587974548339855 24.000000000000004 80.000000000000014 1.0000000180025095e-35 1.2424533367156985 47227863040.000008 0.89587974548339855 2.9388679265975957 48.000000000000007 104.00000000000001 137422176256.00002 5.2831006050109872 2.4414010047912602 1.5000000000000002 6.2383227348327646 5.7189338207244882 24.000000000000004 1.5000000000000002 5.7189338207244882 0.89587974548339855 4.8278014659881601 10.500000000000002 17137926144.000002 13.500000000000002 4.7789824008941659 5.4679176807403573 120.00000000000001 1.2424533367156985 1.0000000180025095e-35 1.844439744949341 7168.0000000000009 80.000000000000014 7.2159059047698983 6.0000000000000009 3.5000000000000004 0.89587974548339855 7.2159059047698983 7168.0000000000009 5.4457051753997812 2.0126758217811589 1.0000000180025095e-35
decision_type=2 2 2 2 2 2 2 2 2 2 2 2 2 2 2 2 2 2 2 2 2 2 2 2 2 2 2 2 2 2 2 2 2 2 2 2 2 2 2 2 2 2 2 2 2 2 2 2 2 2 2 2 2 2 2 2 2 2 2 2 2 2
left_child=1 2 12 4 5 50 7 39 14 16 -11 -12 40 61 -2 -16 36 19 24 22 -20 34 -18 -24 -19 35 33 28 -28 31 -31 -30 54 -21 -22 -23 -5 38 -38 -6 -1 42 -3 44 45 -43 -33 49 -49 -48 53 52 -52 -4 55 -25 -56 -46 -8 60 -60 -14
right_child=8 41 3 9 6 -7 58 -9 -10 10 11 -13 13 -15 15 -17 17 18 20 26 21 25 23 32 -26 -27 27 -29 29 30 -32 46 -34 -35 -36 -37 37 -39 -40 -41 -42 43 -44 -45 57 -47 47 48 -50 -51 51 -53 -54 -55 56 -57 -58 -59 59 -61 -62 -63
leaf_value=0.003850063964117122 -0.035846364481239679 0.049458623261053783 -0.083680240880768406 0.0028776114073212366 -0.073350601044632216 -0.086791519435310049 0.0052448946496296209 0.015991022192042376 -0.10133844452252999 -0.084460749964713297 -0.06579792113014736 0.078503038515878282 0.0046434326691115876 0.099022333803814977 0.053913620738494865 -0.0081785586775025947 -0.069823572124524266 0.045394239389648261 -0.08471860760461436 0.0058491684827558475 -0.020098556004073238 0.09989542413706709 0.030171143261049423 0.017164277365357344 0.0088417786373403261 -0.11314152757159956 0.072181222335340509 0.024214328460717346 -0.0098874104263957392 -0.017781800490893514 0.046260677066964767 -0.06464139220931546 -0.07546116896646006 -0.10162668852077544 0.01295513151873008 -0.069455412616887188 0.032220827137280854 -0.11344303451798186 -0.064026269159735083 -0.0046075395623696334 -0.010156145698503996 0.085298360931239714 -0.020315760787922646 0.022891835264762996 0.022357471843351916 -0.10616965072480454 -0.062596212266267395 -0.079842982687199027 0.061244254387067501 0.010443747483949313 0.069914610414962108 -0.092085566929438062 -0.075263223845164706 0.033937873799618115 -0.057132331558999855 -0.06263387659870194 -0.011704373712637011 -0.074024228622024874 0.07714637303942351 0.13045919051188712 -0.078657419734405612 0.044942714413465958
leaf_weight=716.66110687078231 5.3174302467045882 9.5837384555381941 11.226916397448806 618.42544628813266 16.664324852187239 24.007520527921713 32.579861937906571 12.722390949824328 1.8186391477083805 7.6032751751201344 1.8811903370587995 20.911021622064538 45.246949371712617 4.8781580233553532 42.3630344772738 11.334053500247476 40.568455395466913 67.55360776157886 15.527811815732091 292.26068284677973 58.480453207899131 2.1205625471193339 21.982617247615963 17.178749370978043 116.32375051089457 10.582724739340845 4.444859951032412 57.147702716582899 33.217411590758729 79.167390750982918 10.976513104482818 45.674644594712504 21.071401662065 2.7925588910002253 55.820141062635685 1.8242099007547947 6.4034493062663405 4.0953558781693564 5.8947577664330311 8.7195669387582466 167.71765097793332 1.0884775105969335 42.33597043177565 158.39492011345965 12.97566514944265 4.9135786914175696 24.197089111580627 1.9051813201675694 6.2346313210382505 6.8062630080629551 8.5116617599442197 5.088909290101582 3.001319693401455 2.5117678798624175 31.746874209326961 5.2372991231113692 18.602413270942634 3.0793654131994108 2.7720410534166149 3.6740164389611873 1.9898596704006193 20.231706295286131
leaf_count=121787 16565 1956 26515 130580 65731 161606 17615 1808 4762 10398 1792 4960 3195 194 57524 44362 45879 8350 13508 87592 58268 391 4172 4776 15184 2048 965 16959 25465 75506 6774 112409 9133 200 20318 474 574 2372 1901 28687 8956 236 15229 78519 1652 1989 171578 13221 2007 5156 1262 2134 350 6685 7147 2594 2425 527 411 1664 1258 1151
internal_value=-0.000289059 -0.00089327 -0.00199242 -0.00446003 -0.0253902 -0.0558859 -0.0044431 -0.0277925 0.0298577 -0.00283081 0.0288076 0.0665929 0.00278427 0.0227756 0.0339008 0.0408076 -0.00340178 -0.00654956 0.00370204 -0.0112152 -0.0199502 -0.0121435 -0.0372417 -0.0258291 0.0222706 -0.0765591 -0.00400902 -0.0136785 -0.0238631 -0.0259138 -0.00998357 -0.0380797 -0.0389479 0.00483195 -0.00395637 0.0215813 0.00180194 -0.0387765 -0.0139122 -0.0497368 0.00119386 0.0123646 -0.00743627 0.0180617 -0.0166238 -0.0714468 -0.0491208 -0.0310104 0.0282218 -0.0465615 -0.0314312 -0.00598815 0.0320682 -0.0621768 -0.0283744 -0.00147981 -0.0403482 0.0038714 0.01725 0.0636143 0.0120405 0.0170952
internal_weight=3096.07 3035.24 2802.87 1848.13 133.47 54.3481 79.1221 38.1063 60.8332 1714.66 30.3955 22.7922 954.736 70.3568 59.0145 53.6971 1684.27 1049.45 328.233 721.213 144.356 128.828 156.388 115.819 183.877 14.5275 564.825 269.772 212.624 208.179 90.1439 118.035 93.8367 295.053 114.301 3.94477 634.819 16.3936 12.2982 25.3839 884.379 232.372 51.9197 180.452 22.0571 6.00206 84.8178 39.1432 8.13981 31.0034 30.3406 16.6019 11.513 13.7387 72.7653 22.416 50.3493 16.055 41.0158 8.43592 4.7619 65.4787
internal_count=1539406 1416193 1316085 1180802 315726 198552 117174 96226 123213 865076 17150 6752 135283 4540 118451 101886 847926 712499 118541 593958 95007 81499 76126 30247 23534 2913 517832 430040 413081 412116 82280 329836 26075 87792 78586 865 135427 4847 2475 94418 130743 100108 17185 82923 4404 2225 304371 191962 15228 176734 36946 3746 1612 33200 16942 7370 9572 2179 20948 3333 1669 4346
is_linear=0
shrinkage=0.1


Tree=66
num_leaves=63
num_cat=0
split_feature=46 50 45 3 38 30 15 21 28 0 3 49 3 49 18 51 3 45 28 22 0 0 28 49 47 28 50 3 3 0 15 49 46 24 23 22 30 26 14 27 0 3 28 47 4 18 47 28 22 35 37 15 30 28 8 28 0 35 32 36 30 15
split_gain=5.48444 4.32597 6.77312 4.89976 4.24676 3.68965 14.8887 4.33943 3.55477 4.34449 3.83894 3.17397 3.44185 3.4591 2.9052 2.58086 2.38325 2.33688 2.27486 4.31645 4.92024 3.44873 6.58986 4.03609 2.93306 2.75969 3.48814 2.73357 2.60589 2.45504 4.3905 2.84279 2.18077 4.54824 3.08135 2.69161 5.38782 4.47382 3.8651 2.589 4.77472 4.25492 2.47072 2.29508 5.15198 5.97798 4.14572 3.53007 5.55204 3.33115 3.18806 2.81032 10.0505 5.67387 5.78059 4.93789 3.81056 3.32368 3.30608 2.91653 4.68286 9.12397
threshold=13.500000000000002 5.5000000000000009 1.0000000180025095e-35 3.9495767354965214 4.5000000000000009 192.00000000000003 5.0290689468383798 112.00000000000001 -1.0000000180025095e-35 7.4781594276428232 6.7808928489685067 9.5000000000000018 4.2844183444976816 10.500000000000002 12.489189624786379 1.5000000000000002 6.9047427177429208 2.5000000000000004 24.000000000000004 7168.0000000000009 6.7438817024230966 6.8843524456024179 6.0000000000000009 6.5000000000000009 31.500000000000004 6.0000000000000009 7.5000000000000009 6.7438817024230966 6.6238393783569345 6.208071470260621 6.070054531097413 10.500000000000002 1.0000000180025095e-35 240501391360.00003 2415.0000000000005 7168.0000000000009 112.00000000000001 1.0000000180025095e-35 3.3576917648315434 7.5000000000000009 1.4978661537170412 5.3611156940460214 -1.0000000180025095e-35 6.5000000000000009 0.89587974548339855 11.182208061218263 8.5000000000000018 12.000000000000002 7168.0000000000009 3.5000000000000004 3.0000000000000004 5.0290689468383798 56.000000000000007 24.000000000000004 0.89587974548339855 1.0000000180025095e-35 6.208071470260621 1.5000000000000002 20.000000000000004 1.5000000000000002 40.000000000000007 3.8026961088180546
decision_type=2 2 2 2 2 2 2 2 2 2 2 2 2 2 2 2 2 2 2 2 2 2 2 2 2 2 2 2 2 2 2 2 2 2 2 2 2 2 2 2 2 2 2 2 2 2 2 2 2 2 2 2 2 2 2 2 2 2 2 2 2 2
left_child=1 2 5 -4 17 32 -7 -8 9 11 15 16 -13 -14 -2 -11 -3 -5 19 20 28 25 23 -23 -24 29 -27 -28 -10 30 31 -21 33 34 35 36 37 -1 -38 40 -35 42 -41 44 45 50 47 -45 -49 51 -34 59 -53 55 56 58 57 -55 -54 -46 61 -61
right_child=14 8 3 4 -6 6 7 -9 18 10 -12 12 13 -15 -16 -17 -18 -19 -20 21 -22 22 24 -25 -26 26 27 -29 -30 -31 -32 -33 43 39 -36 -37 38 -39 -40 41 -42 -43 -44 46 49 -47 -48 48 -50 -51 -52 52 53 54 -56 -57 -58 -59 -60 60 -62 -63
leaf_value=0.031064545729654332 0.032545205067612042 0.039147601625960572 -0.009387346226148046 -0.068722578827147746 0.026260092134651948 -0.077964935133910077 0.09451902084652529 0.020770897560651286 -0.077751243596918651 0.020956851843344212 -0.16898934788750164 -0.07783887434979124 -0.10792956121674716 0.02285728895490452 -0.10053910608783445 -0.09190458958818104 -0.029517583238024576 -0.023908592292128907 0.0077833956280904219 -0.0094593663088263346 0.012350708478679072 -0.08963291518170273 -0.10086949339010132 0.054882268155533723 -0.00758449761223399 0.15062669163993342 0.035357417782564508 -0.070381165488382455 0.0091852407749516661 0.034557594663087936 0.053870606657731662 -0.14769207001429627 -0.028204079115702375 0.016832423854641034 0.068273047924126237 0.006334401450725018 -0.13769616207726065 -0.029490079640340772 0.03281645741239405 -0.17543894792082482 0.074397379152705584 0.019207109387088056 -0.027853935661129439 0.040118622779575397 -0.0088684933793031617 -0.021873141809064803 -0.011582419177607935 0.01994201092117949 -0.039037392413919784 0.02744619517011624 0.0025912663471204574 -0.080854390447095498 -0.0031299761218706772 -0.031524094588119937 -0.076081551641752468 0.026529118177157508 -0.063146401023592882 0.037747679895432894 -0.076508455016301283 0.052677705786371369 0.00068780582457299213 -0.0080772603299509287
leaf_weight=13.899283368142731 61.092710358155728 91.60955717282468 115.44050774193238 36.233927210913919 7.451386804948128 10.080756196104003 17.70259087818107 14.525336261795244 20.604776370524579 6.8395641810950547 1.8684672379122265 4.8909340934769707 2.1888469469267902 26.569092083389478 1.685552590962742 2.8790569959542154 5.3499105869586847 17.140674548011987 243.22151089180727 2.4065048429429208 13.225896610102778 2.3659197282052018 9.877861803563972 10.550962404708114 5.1163116078823796 2.4417863252128873 29.864862608656949 2.6629099699784993 4.1407672703649032 5.8971985074883824 2.8938106102832535 3.8967163823126612 38.938138079601686 47.727495082770474 6.3785651550952016 177.4587397089872 1.3924450129597996 99.834592183660789 29.350592108861747 1.9768659432593265 20.640189668207313 14.580497837545408 2.6614983189101631 45.257518711756347 225.06486229055008 298.16434570637853 78.162165992467635 66.053516135169048 21.046149181776855 41.587855743773616 245.98752697722261 19.409130268722038 25.268743792548776 11.472968106205373 18.196091501980845 63.637091579063963 9.3450542032260255 17.478277611149679 8.1110158256560663 52.965880469734657 537.25003462305358 46.348626209453869
leaf_count=253 118451 20542 68514 227407 6541 11903 4690 4276 106719 2463 482 1157 188 6160 4762 667 1501 35162 131296 8246 66204 5652 4308 2767 298 3939 6492 401 16213 6373 3548 2376 20432 1001 969 2667 277 7713 5214 166 1035 1906 1393 7972 46254 232421 122277 3764 2594 11708 50488 9865 1879 2864 3338 17031 1883 1973 1387 6792 81239 10953
internal_value=-0.000281156 -0.000892172 -0.0025897 -0.0214896 -0.0444584 -0.00115865 0.0281027 0.0612803 0.00758669 0.0209691 -0.0377156 0.0261754 -0.000286746 0.0129027 0.028972 -0.0124774 0.0353589 -0.0543311 0.00228855 -0.00923804 -0.0368873 0.00422632 -0.0239397 0.0284122 -0.0690388 0.0199292 0.0353543 0.0267011 -0.0632038 -0.015807 -0.048101 -0.0949162 -0.0017003 0.00484903 -0.0005523 -0.00191595 -0.0120497 -0.0220898 0.0250934 0.0250957 0.0342113 -0.00733151 -0.0907545 -0.00315711 -0.00440507 -0.0119751 0.00667879 0.0174628 0.00569064 -0.000303323 -0.00161725 -0.00141883 -0.0130532 -0.00448064 -0.0296749 0.0101898 -0.0076252 0.0102963 -0.0209604 0.000916042 0.00437548 0.0243243
internal_weight=3068.36 3005.58 2504.22 176.266 60.826 2327.95 42.3087 32.2279 501.363 142.195 11.5871 130.608 33.6489 28.7579 62.7783 9.71862 96.9595 53.3746 359.168 115.946 37.9714 77.9748 27.9111 12.9169 14.9942 50.0638 34.9696 32.5278 24.7455 15.0942 9.19703 6.30322 2285.65 415.901 328.314 321.936 144.477 113.734 30.743 87.5865 68.3677 19.2189 4.63836 1869.74 1659.23 583.09 210.519 132.357 87.0997 1076.14 284.926 1034.55 172.918 153.509 56.4924 97.0169 38.2963 28.9512 33.3798 861.629 636.565 99.3145
internal_count=1539406 1416193 1018201 337624 269110 680577 20869 8966 397992 33160 3612 29548 7505 6348 123213 3130 22043 262569 364832 233536 189136 44400 13025 8419 4606 31375 10832 6893 122932 20543 14170 10622 659708 22594 17093 16124 13457 7966 5491 5501 2036 3465 1559 637114 500507 303341 136607 14330 6358 197166 70920 185458 40220 30355 10058 20297 6720 4837 3266 145238 98984 17745
is_linear=0
shrinkage=0.1


Tree=67
num_leaves=63
num_cat=0
split_feature=46 48 46 0 15 42 30 14 16 14 26 37 8 30 15 24 46 0 47 18 45 21 15 39 47 33 35 15 30 30 15 19 39 37 28 0 18 15 35 30 0 15 28 18 18 0 28 27 28 0 28 19 42 29 21 42 8 15 13 0 35 28
split_gain=4.73434 4.03432 6.28996 6.18637 3.54516 2.85557 4.83197 6.62764 4.58544 10.4785 5.2625 3.79819 3.36779 3.33177 15.8532 3.284 5.33746 4.41848 2.94299 2.92603 2.68799 3.01208 2.56639 2.67872 2.44874 2.40764 2.36559 2.61269 8.87064 5.07226 8.02202 5.26819 4.26718 3.3597 2.9764 8.44077 5.78795 3.00398 5.66481 5.26546 8.08955 4.22287 3.88747 5.64497 5.42992 3.1671 3.1394 3.10838 2.95915 3.34203 4.12648 2.93036 2.92424 4.75195 3.33417 2.91863 2.73563 2.73136 2.69066 2.57728 2.43761 2.42385
threshold=13.500000000000002 1.0000000180025095e-35 11.500000000000002 4.7447810173034677 5.5169365406036386 -1.0000000180025095e-35 24.000000000000004 2.8888261318206792 0.89587974548339855 3.6050398349761967 1.5000000000000002 3.0000000000000004 0.89587974548339855 192.00000000000003 5.0290689468383798 240501391360.00003 9.5000000000000018 4.7447810173034677 11.500000000000002 9.0558362007141131 3.5000000000000004 112.00000000000001 2.9388679265975957 1.5000000000000002 16.500000000000004 6.0000000000000009 3.5000000000000004 5.0290689468383798 56.000000000000007 56.000000000000007 3.8026961088180546 280.00000000000006 3.0000000000000004 3.0000000000000004 96.000000000000014 4.1426305770874032 8.978769779205324 4.1426305770874032 1.5000000000000002 80.000000000000014 5.5169365406036386 4.4845800399780282 1.0000000180025095e-35 9.7643098831176776 9.671854496002199 4.1426305770874032 12.000000000000002 1.5000000000000002 96.000000000000014 4.1426305770874032 1.0000000180025095e-35 100.00000000000001 6.0000000000000009 192.00000000000003 112.00000000000001 1.5000000000000002 0.89587974548339855 4.7789824008941659 2.6735538244247441 5.5169365406036386 1.5000000000000002 24.000000000000004
decision_type=2 2 2 2 2 2 2 2 2 2 2 2 2 2 2 2 2 2 2 2 2 2 2 2 2 2 2 2 2 2 2 2 2 2 2 2 2 2 2 2 2 2 2 2 2 2 2 2 2 2 2 2 2 2 2 2 2 2 2 2 2 2
left_child=1 2 5 4 -3 15 7 -7 9 -8 12 -12 -11 26 -15 -1 19 18 -18 -17 -5 -22 -2 -24 -23 -25 27 29 -29 30 48 57 -30 -31 37 36 -36 38 42 40 -39 -41 43 -35 -44 -45 59 -40 49 50 -10 -48 53 -34 -54 -42 -53 -32 -57 -46 -60 -28
right_child=22 3 -4 20 -6 6 8 -9 13 10 11 -13 -14 14 -16 16 17 -19 -20 -21 21 24 23 25 -26 -27 61 28 32 33 31 -33 52 34 35 -37 -38 39 47 41 55 -43 44 45 46 -47 51 -49 -50 -51 -52 56 54 -55 -56 58 -58 -59 60 -61 -62 -63
leaf_value=0.00016967938939550949 -0.0283377481636925 -0.070768516622955011 -0.053389917997461595 0.025309861183671206 0.0081736128296357527 -0.015522496477435963 -0.091128450364916361 -0.093681211574505305 0.043853900174190663 -0.039286790517648856 -0.030876743824356279 0.00089516184731031089 0.0044401552830942159 -0.087157738655131933 0.075579971386582276 0.0032743176510732237 -0.056637857647396372 -0.050128043688161483 0.015865664926793251 0.040035528177850749 -0.037591427046956234 0.033931777525469269 -0.03507547684305997 -0.08970247866094469 -0.10270213349787037 0.04408298937069887 0.0013142336289279986 -0.077212744239241446 -0.028739239655799234 -0.031167254653229216 0.019494808070895122 -0.060207042643796164 -0.080782549381536506 -0.026642589442651989 -0.05022838671530433 -0.032943521601673749 0.027951532866773827 0.012039475768624873 -0.011637001061701754 -0.036032162886983278 -0.13215307296201029 0.033191971597355562 0.01446074394002617 0.031946724251860618 -0.068013684493997736 -0.043907043154561544 0.062336495222146397 -0.048421844163145704 0.092550850911648774 0.070258869330443258 -0.040252734593560019 -0.034799259734411503 0.008394867832674624 0.0018949482265699865 0.065019510883116832 -0.0045461299157731382 0.0021980336761742232 -0.063294280550682633 -0.091424427783964757 0.056702209813334008 -0.019161334152270202 0.042576666895259907
leaf_weight=835.78952805105143 7.5448435787938015 12.837214479275987 23.475609089068257 142.05389422291819 10.215913645705767 90.322250986230188 15.658717766986227 12.330471500675342 15.915299213724213 73.507079126935878 42.374016748815734 335.80765592815317 23.164004143633065 8.0936775958798552 22.987344891357679 30.373039379119291 6.2940281937135287 17.085561451948593 50.661893267349114 75.408556766791435 15.966316300639049 15.869629872862788 5.150595708309651 1.381880331900901 1.4298522212898213 50.622842455617047 31.868844563072344 18.675677905905104 50.584266343003037 36.856345466458151 41.246588522807542 13.211748287323642 8.0045503877463471 26.906611124053597 10.220916028847567 34.673221344783087 128.83580707242072 67.970958538930063 44.601724602016475 9.9959205041850492 3.547265918530683 74.427245720035899 53.952756085433066 74.04082594870124 20.384390851480024 5.9464378089178345 4.5533406892791382 47.368913693298055 11.989517221438289 17.1800328203135 9.2085217364547116 50.124074355753692 40.590488682501018 52.85748239557779 13.980140914265574 14.659826983628589 33.238600203698297 4.4112296981566024 11.243457591431254 1.8035902099818475 7.9818677198218202 25.730339202371397
leaf_count=362005 6073 6120 190122 39111 2720 28261 14723 50313 559 109291 39581 122817 5234 8135 2269 1053 5538 128242 21846 47018 8293 2914 16457 978 5249 99705 12149 8323 11445 14729 7248 3628 6652 1080 890 4804 7178 11972 11757 3059 3413 13273 6848 2961 14921 481 222 16322 766 1675 3837 7469 5167 10656 1992 2682 4150 1399 3234 1070 1454 5873
internal_value=-0.000282875 -0.000863814 -0.00184623 0.0129142 -0.0357856 -0.0014076 -0.00386349 -0.0249108 -0.00254638 -0.0106414 -0.00798727 -0.00266478 -0.0288091 0.000906795 0.0332021 0.0028073 0.0150665 -0.00552611 0.00785352 0.0294803 0.0193179 -0.00626952 0.0264788 0.0337149 0.0226386 0.040528 9.59988e-06 -0.00106169 -0.011871 0.00121601 0.0209735 -0.00459578 -0.00452054 -0.00171299 -0.000218693 0.0111985 0.0222052 -0.00380715 -0.00913875 0.00638609 -0.0085193 0.0249957 -0.00185984 0.0129793 -0.0115285 0.0263076 -0.0242637 -0.0305828 0.0486978 0.0362693 0.0130267 -0.0157808 0.00609245 -0.00897876 0.0229012 -0.0458506 -0.0200476 0.0114961 -0.036816 -0.0578759 -0.0614226 0.0197467
internal_weight=3045.2 2980.5 2782.12 198.373 23.0531 2758.65 1743.03 102.653 1640.38 490.511 474.853 378.182 96.6711 1149.87 31.081 1015.61 179.823 74.0415 56.9559 105.782 175.32 33.2658 64.7002 57.1553 17.2995 52.0047 1118.79 1061.19 184.693 876.497 113.163 58.8696 166.017 763.334 726.478 173.73 139.057 552.748 362.921 189.827 105.403 84.4232 270.951 106.894 164.057 79.9873 110.104 91.9706 54.2934 42.3039 25.1238 87.916 115.433 60.862 54.5706 37.4324 83.3627 45.6578 33.8852 22.188 19.2253 57.5992
internal_count=1539406 1416193 1351786 64407 8840 1161664 595962 78574 517388 291646 276923 162398 114525 225742 10404 565702 203697 155626 27384 48071 55567 16456 123213 117140 8163 100683 215338 197316 44235 153081 19112 12275 35912 133969 119240 12872 8068 106368 67281 39087 22755 16332 39202 4522 34680 3442 27832 28079 6837 6071 4396 11841 24467 17308 7159 10783 11619 8647 7370 15991 4688 18022
is_linear=0
shrinkage=0.1


Tree=68
num_leaves=63
num_cat=0
split_feature=28 28 3 19 0 32 50 0 3 8 22 47 28 47 47 18 22 3 49 50 18 28 19 28 44 49 3 49 3 49 0 8 52 18 18 29 52 49 18 42 0 22 5 35 0 3 28 45 45 0 3 28 38 34 8 32 22 35 0 28 0 3
split_gain=4.16355 6.18787 8.94031 4.24081 3.76632 5.4994 3.70906 3.96117 3.46121 3.20542 3.19208 3.02087 2.94597 2.4489 2.81649 4.47123 2.65714 2.3494 5.63484 2.32382 2.32099 11.6093 3.11931 4.06748 2.34967 2.86031 2.29016 2.22434 3.54388 2.21392 2.17006 2.00414 3.0588 3.04123 2.59195 2.58331 2.21335 1.99295 1.97252 5.88584 2.6692 1.96763 5.04553 4.28738 3.7521 1.96542 1.86276 1.85243 2.59963 3.22287 2.8721 3.58583 2.17243 3.23172 3.36771 2.82612 5.22286 2.44757 9.43723 4.41372 6.22029 6.5811
threshold=1.0000000180025095e-35 3.0000000000000004 5.5169365406036386 100.00000000000001 5.7189338207244882 96.000000000000014 5.5000000000000009 7.2159059047698983 6.7808928489685067 0.89587974548339855 7168.0000000000009 10.500000000000002 1.5000000000000002 6.5000000000000009 7.5000000000000009 13.95478391647339 7168.0000000000009 5.3611156940460214 6.5000000000000009 1.0000000180025095e-35 13.046368122100832 96.000000000000014 80.000000000000014 24.000000000000004 1.0000000180025095e-35 1.5000000000000002 4.094205617904664 9.5000000000000018 4.2844183444976816 2.5000000000000004 6.1245300769805917 0.89587974548339855 1.0000000180025095e-35 10.077298641204836 13.674976348876955 112.00000000000001 1.0000000180025095e-35 6.5000000000000009 9.0558362007141131 6.0000000000000009 5.6077513694763192 7168.0000000000009 0.89587974548339855 1.5000000000000002 7.142747402191163 7.4813475608825692 1.5000000000000002 3.5000000000000004 1.5000000000000002 4.9182729721069345 5.4679176807403573 96.000000000000014 4.5000000000000009 1.5000000000000002 0.89587974548339855 6.0000000000000009 7168.0000000000009 1.5000000000000002 5.7189338207244882 12.000000000000002 5.5169365406036386 5.7189338207244882
decision_type=2 2 2 2 2 2 2 2 2 2 2 2 2 2 2 2 2 2 2 2 2 2 2 2 2 2 2 2 2 2 2 2 2 2 2 2 2 2 2 2 2 2 2 2 2 2 2 2 2 2 2 2 2 2 2 2 2 2 2 2 2 2
left_child=6 2 3 41 5 9 11 17 37 -4 -6 13 -7 29 16 -16 -15 27 -19 -13 47 22 23 -22 25 -23 -21 -8 -29 31 -18 32 38 -34 36 -36 -33 -9 39 40 -1 42 -2 -44 -43 -20 -46 48 52 50 51 -50 53 54 -3 56 -55 58 -54 60 -59 -62
right_child=1 20 4 -5 10 12 7 8 -10 -11 -12 19 -14 14 15 -17 30 18 45 26 21 24 -24 -25 -26 -27 -28 28 -30 -31 -32 34 33 -35 35 -37 -38 -39 -40 -41 -42 44 43 -45 46 -47 -48 -49 49 -51 -52 -53 57 55 -56 -57 -58 59 -60 -61 61 -63
leaf_value=-0.0086494662300624324 -0.07138994273169838 -0.0041321021425187341 -0.06529214356615208 -0.085346743950211759 0.00464720404926121 0.0033040667003233098 0.045299413475604837 -0.10133389008392135 -0.15873392994901897 0.0051084577414599345 0.075872174382281957 -0.088807890582040611 0.10274910828237337 0.10860880647976112 0.027799697403417103 -0.12926354282386429 -0.071582105145223576 -0.06052262318952803 0.036054962678918154 0.034604701958833105 -0.07971720732031963 0.05415741676795232 -0.067372507366131804 0.040067500807299483 -0.0021552500742590373 -0.069608957619457082 -0.063660315957466726 -0.071130972186485869 0.032078143625106456 -0.062755057603912826 0.10030677450999857 -0.01249438470821871 0.026086261588840573 -0.046729851162253797 -0.0056579323182508285 0.067299427217160174 0.063668399592678337 0.0038221384841100412 0.0089899787463334942 -0.10243839076909074 0.038249782714817805 -0.088192637115178552 0.092290311212211762 -0.041857770864473488 -0.043871677307323637 -0.046322570907750424 0.16643074705893365 -0.016892490778756031 -0.10597664119398134 0.029068704249569033 0.014006352157645617 0.0065231303546727923 0.0021729494234958174 -0.04387792240264779 0.013172205560376344 -0.0059490085564199444 0.080924471045854263 -0.074715396966310715 -0.07320570087786453 0.012182017478155796 -0.015727580025464 0.089594916916975881
leaf_weight=66.718775406730856 7.2049045878829956 748.87446495328618 22.75131280337348 25.191214058764217 23.190596297928209 15.037024941490019 62.834248834514256 2.0608450663860429 1.7132470890019238 9.0361097011264082 8.6353162090176756 6.1631988722695032 3.7148911846161345 7.042386949782669 13.937615688319058 2.0834385468624523 1.8400017844978722 9.4598722708278711 28.062395696735624 5.2169128016739688 4.7270498439938802 19.485688592922092 34.755285861690481 7.0816439748277844 26.528183998903842 2.0651708983641575 4.3488267320503837 4.5383602825604639 12.463514176171882 5.1884689563794373 1.2224343820125794 158.64071110829695 7.9243471307563622 20.768499677311411 10.555996802198935 8.9837582859036029 3.9096412687213151 14.366452544460115 547.36873065598047 6.0383019471919388 14.833242805321786 8.9850423737157161 5.9477266806579774 3.9744724876945838 0.75462414031335245 3.2295867912362146 0.95318549699095456 67.280466854088672 5.7457837772298053 63.008194541439138 17.645824214189588 5.5894010514389265 147.43816335241888 51.159376788103486 132.34287444640722 76.6334718913796 3.5884273442989061 14.321298451342271 18.71776056817373 358.91553100764213 37.055961090261007 7.0636567358628772
leaf_count=2462 12943 577101 87770 194938 34607 1629 11855 3835 482 3536 7447 10188 786 473 2283 80 161 7129 3542 2610 2024 2549 26565 1346 3236 199 18982 1157 2889 2963 163 8556 807 3971 517 458 308 1936 65011 917 1707 18190 1100 517 2735 335 2752 40710 6523 24846 5167 1069 38716 34129 19871 48271 1355 18708 24453 104343 27975 5523
internal_value=-0.000275422 -0.00295314 -0.0235909 -0.0556236 -0.00297437 -0.0199436 0.00487849 0.0200905 -0.0234763 -0.0452796 0.0239727 0.00251473 0.0230049 0.00329371 0.0334504 0.0073746 0.0747932 0.0266444 0.00710764 -0.0409219 -0.00144295 -0.0166972 -0.0522858 -0.00788262 0.01777 0.0422972 -0.0100691 0.0366168 0.00452823 0.00236782 -0.00296912 0.00276734 0.00531721 -0.0266196 -0.006526 0.0278855 -0.0106625 -0.00936995 0.00676038 -0.0071728 -0.000119108 -0.0287091 -0.00769556 0.0385555 -0.0623671 0.0275529 0.0735051 -0.000620509 2.80224e-05 0.0163743 -0.0112248 -0.0505028 -0.00091407 -0.00371465 -0.00153331 -0.0183456 -0.0356978 0.00394591 -0.00631859 0.00803237 -0.0174527 0.0011348
internal_weight=3016.91 1985.4 135.376 53.0112 82.3653 50.5393 1031.51 138.729 18.1405 31.7874 31.8259 892.785 18.7519 877.056 26.1259 16.0211 10.1048 120.588 40.7519 15.7289 1850.02 94.643 46.564 11.8087 48.079 21.5509 9.56574 79.8361 17.0019 850.93 3.06244 845.742 663.652 28.6928 182.09 19.5398 162.55 16.4273 634.959 87.5903 81.552 27.82 17.1271 9.9222 10.6929 31.292 1.70781 1755.38 1688.1 91.9892 28.981 11.3352 1596.11 1012.6 881.217 131.381 54.7478 583.512 166.156 417.356 58.4409 44.1196
internal_count=1539406 1383629 368950 233175 135775 93721 155777 33160 6253 91306 42054 122617 2415 90837 3160 2363 797 26907 11006 31780 1014679 35919 29935 3370 5984 2748 21592 15901 4046 87677 324 84714 74875 4778 9839 975 8864 5771 70097 5086 4169 38237 14560 1617 23677 3877 5487 978760 938050 37605 12759 7592 900445 680727 596972 83755 35484 219718 63169 156549 52206 33498
is_linear=0
shrinkage=0.1


Tree=69
num_leaves=63
num_cat=0
split_feature=46 48 46 0 3 31 39 30 15 21 16 42 30 14 5 14 26 37 19 30 14 28 0 46 49 49 27 14 3 8 22 19 28 0 28 19 28 49 28 3 0 15 31 15 3 14 28 15 0 26 0 18 45 14 28 28 3 0 3 28 14 28
split_gain=4.73365 3.49057 5.1782 4.95172 3.58633 3.12424 3.01681 2.57287 12.7868 4.17895 2.62049 2.53985 4.59253 5.70189 3.4291 7.40527 5.01928 3.32469 3.26066 3.43205 4.40438 2.51013 3.60258 4.03197 3.04581 5.04609 2.54335 4.33888 2.50575 2.39423 2.32258 2.2425 4.75914 2.22386 3.44248 3.40558 2.81189 2.77116 3.13537 2.70521 3.70785 2.19251 2.14074 2.29925 2.1107 2.10129 2.09182 2.06706 2.02533 1.99041 1.98334 1.91682 1.86616 2.72837 2.69079 5.45985 3.5159 2.22252 1.86054 1.82974 1.77058 1.72203
threshold=13.500000000000002 1.0000000180025095e-35 11.500000000000002 3.6941639184951787 3.6941639184951787 104.00000000000001 1.5000000000000002 192.00000000000003 4.9182729721069345 112.00000000000001 1.844439744949341 1.0000000180025095e-35 24.000000000000004 2.8888261318206792 0.89587974548339855 3.6050398349761967 1.5000000000000002 3.0000000000000004 280.00000000000006 112.00000000000001 4.2844183444976816 12.000000000000002 5.9931647777557382 5.5000000000000009 1.5000000000000002 3.5000000000000004 7.5000000000000009 4.4845800399780282 3.1549592018127446 0.89587974548339855 7168.0000000000009 180.00000000000003 1.0000000180025095e-35 4.0424354076385507 1.0000000180025095e-35 80.000000000000014 1.0000000180025095e-35 5.5000000000000009 6.0000000000000009 6.7808928489685067 6.1245300769805917 5.3792173862457284 168.00000000000003 6.7808928489685067 2.9621279239654545 3.8026961088180546 24.000000000000004 3.6050398349761967 6.2556321620941171 1.0000000180025095e-35 6.9478189945220956 7.8725435733795175 2.5000000000000004 6.5349717140197763 1.0000000180025095e-35 48.000000000000007 6.1414449214935312 5.4335694313049325 4.9182729721069345 96.000000000000014 4.2844183444976816 1.0000000180025095e-35
decision_type=2 2 2 2 2 2 2 2 2 2 2 2 2 2 2 2 2 2 2 2 2 2 2 2 2 2 2 2 2 2 2 2 2 2 2 2 2 2 2 2 2 2 2 2 2 2 2 2 2 2 2 2 2 2 2 2 2 2 2 2 2 2
left_child=1 2 7 -3 -5 6 -2 11 -9 -10 -11 18 13 -13 15 49 29 61 21 20 -20 26 41 24 -24 -26 31 -28 -8 59 -27 33 -33 34 -1 37 -37 38 -35 -39 -41 -23 47 -44 -22 -21 -32 -19 -29 -14 -30 -46 53 54 -6 56 57 -56 -48 -17 -7 -18
right_child=5 3 -4 4 52 60 28 8 9 10 -12 12 14 -15 -16 16 17 42 19 45 44 22 23 -25 25 30 27 48 50 -31 46 32 -34 35 -36 36 -38 39 -40 40 -42 -43 43 -45 51 -47 58 -49 -50 -51 -52 -53 -54 -55 55 -57 -58 -59 -60 -61 -62 -63
leaf_value=0.00033541213415733806 -0.03654755246942467 -0.06187944337023972 -0.050190581848843077 -0.039968376646911323 0.055653021860020239 -0.086917748614617374 -0.014181271367809188 -0.077308921914451184 0.084451696126656275 -0.046916710784971033 0.042397493138014275 -0.016551528586632287 -0.019885022262741053 -0.092204680102439693 0.00027589825156378712 -0.043559843702531499 -0.059576392933907985 -0.050483569728550927 -0.0037971286868746855 -0.052869954967316883 0.03675528587383952 0.011412229689393854 0.04844477383922214 -0.055603888621211683 -0.079232592471579516 0.016062638443156842 -0.16702615318660416 0.0192548891809474 0.058874870023564889 0.00043803570107677305 0.0026297696309707467 0.03056481141198545 -0.095417554597114859 0.021133184342946452 -0.087679165889951449 0.0071497959625738856 -0.049860376966215619 0.0097492394993199307 0.065367942537520568 0.028940920218469803 -0.12182864796755466 -0.01068743803130073 -0.065647742234035744 0.07841652089741348 0.037046983333779253 0.031154917613758881 -0.10506464096009833 0.003785233350625355 -0.14435926904155597 -0.095326680441246356 -0.025864123895877431 -0.046850028571423369 0.0095373250484612083 0.050347459444488832 -0.16046256294027131 0.03388407998339301 0.014099845845209983 -0.051782997764523969 -0.023670184367902247 -0.0048497507629504501 0.0018343893701461408 -0.015528589760737517
leaf_weight=132.47381635220586 5.117596148870688 8.6413843430856314 21.982999717959046 10.929351222625881 10.991516565194614 2.9302933494400341 6.3990211562274899 9.8454966885189474 18.31101701760889 4.8844864022618113 10.032114881232701 88.347677438918026 4.8669092706841779 11.228588745674868 1060.4010195270221 61.639683901754154 12.498770438723907 7.1779436961472234 133.59194856311825 3.3333290330265326 3.6138952810852052 161.17308637208043 8.8048630152270544 21.897405111173384 10.091792469436767 30.61791910478496 2.1524725473427662 5.5590703634043166 39.479679822126513 23.744004321968532 12.91736788058188 78.967618432984636 3.1168885433870619 100.10191667315348 4.5981227469346768 22.554026931869885 14.03542145421204 76.739036456809117 19.077418101217518 2.8701643274252993 3.7785654762556078 62.223507051378874 8.0851477685237665 1.2837313199597691 2.8811745810235143 27.783474719873084 4.6254003209869534 316.21354452090873 0.87576862788682763 12.426424253648973 2.9698223123007201 49.68349760378004 93.452850623881091 36.740134102003822 2.9754156201861424 18.058595058203991 5.1275849080955131 5.1190530601274986 7.1487261380243581 15.227180632757152 9.650977811243477 30.616421431916365
leaf_count=3345 17229 3995 190122 3720 1072 6196 3169 15503 5454 3782 868 28261 837 50313 208951 95083 4437 3861 25700 744 1331 39672 1621 67868 3809 3591 336 846 41288 5270 1710 18648 85963 35461 6822 5067 23813 19341 7986 629 783 32146 6014 263 108 5180 1961 105707 456 13726 15338 167507 34025 10352 2006 2764 3265 3208 3258 11925 39993 35707
internal_value=-0.000333361 -0.000934758 -0.0018527 0.0120962 0.0155818 0.0260382 0.0365001 -0.00145974 0.0227851 0.0524434 0.0131513 -0.00185218 -0.0042633 -0.0250825 -0.00292942 -0.00981289 -0.00747987 -0.00216985 0.00210638 -0.00862889 -0.0136764 0.00512174 -0.00170798 -0.0178977 -0.00677105 -0.0142047 0.00979532 -0.0441238 0.0441529 -0.0273177 -0.00233963 0.0108056 0.025781 0.00753829 -0.00261707 0.0133588 -0.0147189 0.0184304 0.028214 0.00444759 -0.0567435 0.00525672 0.00121549 -0.0459079 -0.0371691 0.0221539 -0.0251588 0.00258069 -0.00301267 -0.0740949 0.0529464 -0.0422515 0.0191021 0.030415 0.013091 -0.00186459 -0.0506899 -0.0917321 -0.0556455 -0.0358914 -0.0188368 -0.0282977
internal_weight=2984.68 2918.14 2726.1 192.036 183.395 66.5474 53.9661 2704.12 43.0731 33.2276 14.9166 2661.04 1653.76 99.5763 1554.18 493.78 476.486 375.876 1007.29 220.887 189.771 786.4 319.5 96.1035 74.2061 65.4012 466.9 8.58731 48.8485 100.611 55.3094 458.313 82.0845 376.228 137.072 239.157 36.5894 202.567 119.179 83.3878 6.64873 223.397 332.76 9.36888 56.1786 31.1168 24.6915 323.391 6.43484 17.2933 42.4495 52.5647 172.465 79.0123 42.2722 31.2806 13.2221 8.09447 11.7741 76.8669 12.5813 43.1152
internal_count=1539406 1416193 1351786 64407 60412 123213 77024 1161664 25607 10104 4650 1136057 570355 78574 491781 282830 268267 155989 565702 200570 194646 365132 155636 83818 15950 14329 209496 1638 59795 112278 10520 207858 104611 103247 10167 93080 28880 64200 43447 20753 1412 71818 115845 6277 168946 5924 6929 109568 1302 14563 56626 167615 56692 22667 12315 11243 8479 5214 5219 107008 46189 40144
is_linear=0
shrinkage=0.1


Tree=70
num_leaves=63
num_cat=0
split_feature=46 50 30 15 21 31 46 24 39 23 26 30 19 46 16 15 28 12 22 28 18 28 20 18 18 18 28 13 46 47 30 16 47 24 47 13 51 47 50 8 32 8 8 4 39 13 18 28 19 30 27 18 30 30 1 32 8 27 37 43 47 14
split_gain=3.79251 3.65013 3.23238 11.638 4.36094 2.73547 2.73463 3.88632 2.60225 2.36406 2.52981 2.35119 4.88869 2.13116 2.06645 1.83565 4.69955 8.02727 5.72575 5.18295 11.6934 8.40971 11.5535 6.06002 4.6847 4.68128 4.49546 5.4824 4.63686 5.29094 9.57111 6.67083 5.05457 4.61419 4.56166 4.26919 4.03759 3.66941 3.53086 4.55723 4.75107 3.4646 3.44599 4.54396 3.43823 3.38378 3.35839 3.35386 5.55147 3.12668 3.40724 3.24633 3.12344 3.09566 3.11123 3.04148 3.02275 2.88872 3.22564 2.79741 4.64607 4.49454
threshold=13.500000000000002 16.500000000000004 192.00000000000003 5.0290689468383798 112.00000000000001 104.00000000000001 1.0000000180025095e-35 240501391360.00003 1.5000000000000002 1900.0000000000002 1.0000000180025095e-35 112.00000000000001 80.000000000000014 12.500000000000002 1.844439744949341 4.8278014659881601 96.000000000000014 1.0397207736968996 7168.0000000000009 -1.0000000180025095e-35 12.489189624786379 12.000000000000002 48.000000000000007 8.8349494934082049 7.6698923110961923 9.8693399429321307 96.000000000000014 3.1984648704528813 7.5000000000000009 6.5000000000000009 56.000000000000007 1.844439744949341 1.0000000180025095e-35 17137926144.000002 8.5000000000000018 4.0602943897247323 1.5000000000000002 31.500000000000004 1.5000000000000002 0.89587974548339855 96.000000000000014 0.89587974548339855 0.89587974548339855 1.2424533367156985 1.5000000000000002 2.6020033359527592 10.357096195220949 24.000000000000004 80.000000000000014 112.00000000000001 4.5000000000000009 11.102906703948976 56.000000000000007 112.00000000000001 5.2831006050109872 20.000000000000004 0.89587974548339855 1.0000000180025095e-35 3.0000000000000004 1.0000000180025095e-35 2.5000000000000004 4.2844183444976816
decision_type=2 2 2 2 2 2 2 2 2 2 2 2 2 2 2 2 2 2 2 2 2 2 2 2 2 2 2 2 2 2 2 2 2 2 2 2 2 2 2 2 2 2 2 2 2 2 2 2 2 2 2 2 2 2 2 2 2 2 2 2 2 2
left_child=1 2 6 -4 -5 8 7 9 -2 -1 -11 12 -12 15 -6 16 19 18 24 36 21 22 25 41 -18 56 28 -28 29 30 31 59 -30 -29 -31 -23 37 46 39 40 -37 -24 52 -44 -32 -19 -8 -22 -49 50 -26 -51 -35 54 -20 -55 -21 -41 -59 60 -17 -62
right_child=5 -3 3 4 14 -7 13 -9 -10 10 11 -13 -14 -15 -16 26 17 45 53 20 47 35 23 -25 49 -27 27 33 32 34 44 -33 -34 42 -36 38 -38 -39 -40 57 -42 -43 43 -45 -46 -47 -48 48 -50 51 -52 -53 -54 55 -56 -57 -58 58 -60 -61 61 -63
leaf_value=0.032968167926160127 -0.036677769282333732 0.011924349314440516 -0.076702242176053828 0.081365049979668203 -0.045320880249868752 -0.019095373565776778 -0.014418548102698948 0.024281467989139605 0.039637300422488204 0.038949824841107955 0.0036159168377487894 0.022250148114782292 -0.025070746482890857 -0.060564706415643203 0.035080034376898023 0.018328271154360257 -0.067970116659935451 -0.09853290375158251 -0.035125631138412272 0.030770044477430387 -0.081200566705570493 0.0097313588471449365 -0.027569284529482027 -0.07591471342120612 0.019675384965993734 -0.016295571266674472 -0.10183905742720188 -0.078718821467277961 0.013165561009752653 0.031075948148990347 -0.030748016611577195 -0.084033291983755018 -0.050712525037698034 -0.024591641373736987 -0.00043390475023189753 -0.030078918887532655 0.059606839466867373 -0.20234446674991396 0.020618109014952774 0.098819066119586102 0.067081780977597857 0.091295444922801006 0.020760989844532604 -0.11930915601986916 0.0026963241444495113 -0.020311671989932001 0.0093361542147643115 0.033367413298173505 -0.050872772913745659 -0.086622377757898827 0.048922242742120613 0.0088708795492228373 0.012898353881012313 0.1670203269448719 0.06058743846752012 -0.011349342795950972 0.23933519729276589 0.086238826649815692 -0.0054357722067117963 -0.053676704421261295 0.06665137293497711 -0.047420001054627056
leaf_weight=20.784632708220443 4.9040827315074003 213.68052270712587 8.936396660636488 20.222753265105155 4.636871741022671 12.417722038032819 76.89870299204631 86.268540663399108 50.26590690099124 14.418966969009487 158.3907255011809 30.486971237683065 95.059538064182789 6.5204242164877533 10.292320647599809 29.347657295281351 5.7329643800621843 7.0771737526811185 36.389529162090184 21.976645394272058 21.393837078942511 269.63518442840268 11.638804374967547 47.486261000343916 159.53450877765044 57.321086972070589 8.5997058936500235 11.561642483813555 17.859841411734152 77.794232674546492 33.50026490134303 21.115222876949247 40.427441734583084 44.110871485308735 112.21899851548449 113.98783734330982 13.29937390001214 0.8642788021825244 32.12098003794199 3.5183404434501417 5.2652763905352904 3.1066907495951446 3.6654706871267972 6.2909581178137159 372.93352662813965 25.303075472415912 263.28742767075164 9.8422009756832249 38.129914983720482 4.8000285228299644 53.088515571715106 13.780049386765311 44.786156205238058 1.7112880559143371 3.7457554672382676 2.1658863582797494 0.71758441948622831 4.296002442661119 36.009803156026464 20.354581933849602 3.8676541827553583 32.301697686184866
leaf_count=795 17280 100069 15531 5459 3738 46255 8310 5494 59719 267 2810 5479 7644 63373 869 36115 825 2726 5740 3136 36846 48235 9653 123612 17289 24172 3888 12864 4969 9656 20739 17804 369043 51925 36403 37805 1605 60 22277 266 475 2486 843 1561 157782 7604 30147 1845 12624 821 5075 3191 15755 110 567 480 251 472 6114 31342 1747 17317
internal_value=-0.000107103 -0.000653871 -0.00165642 0.0251969 0.051102 0.0233092 -0.00210542 0.00544987 0.0328536 0.000359406 -0.00191224 -0.00398731 -0.00714336 -0.00347811 0.0101082 -0.00331081 -0.000985678 0.00973926 0.0151731 -0.00424571 -0.00937789 -0.00493358 -0.0262098 -0.0585256 0.021326 -0.00107622 -0.00685927 -0.0249336 -0.00403526 -0.00178936 -0.00706543 -0.0336772 -0.0311396 -0.0189438 0.0124667 0.0015773 0.00555151 0.0034436 -0.00968622 -0.0156552 -0.0257891 -0.00252598 -0.0119527 -0.0677422 -6.03223e-05 -0.0374081 0.00396643 -0.0482738 -0.0335896 0.0235402 0.0269779 -0.0157991 -0.00570425 -0.0179499 -0.0261929 0.0673786 0.0373648 0.0119208 0.00433538 -0.021295 -0.0112348 -0.0352221
internal_weight=2962.15 2894.56 2680.88 44.0883 35.1519 67.5877 2636.79 405.409 55.17 319.141 298.356 283.937 253.45 2231.38 14.9292 2224.86 1344.13 313.329 280.949 1030.8 676.446 607.08 142.247 62.2318 236.936 80.0153 880.736 119.015 761.721 703.434 513.421 106.987 58.2873 110.415 190.013 464.833 354.35 341.05 195.198 163.077 119.253 14.7455 98.8535 9.95643 406.434 32.3802 340.186 69.366 47.9721 231.203 212.623 18.5801 88.897 44.0125 40.1353 3.87717 22.6942 43.8241 40.3058 85.8716 65.517 36.1694
internal_count=1539354 1416100 1316031 25597 10066 123254 1290434 22489 76999 16995 16200 15933 10454 1267945 4607 1204572 414819 44428 34098 370391 330269 278954 163310 135751 27201 27559 789753 86836 702917 328905 282846 104325 374012 82948 46059 115644 40122 38517 67409 45132 38280 12139 70084 2404 178521 10330 38457 51315 14469 26376 22364 4012 67680 6897 6307 590 3387 6852 6586 86521 55179 19064
is_linear=0
shrinkage=0.1


Tree=71
num_leaves=63
num_cat=0
split_feature=46 42 31 13 0 39 16 14 16 42 15 33 30 15 31 31 31 24 39 14 35 28 47 46 0 0 50 49 47 47 23 15 47 47 47 3 49 14 0 47 47 3 14 28 28 24 3 22 4 19 0 21 37 28 23 0 51 15 1 30 47 14
split_gain=3.69668 3.37511 4.53744 8.04886 9.78312 5.84813 4.52949 9.27938 4.43596 3.94123 3.19535 3.12033 3.29161 10.3298 2.78991 2.62596 2.52319 6.43226 2.97048 3.07872 2.60163 3.57839 2.52236 4.72076 4.00963 3.33351 6.24851 8.71185 6.54687 5.16876 4.70912 7.75849 3.47784 5.36444 5.41581 6.81836 4.5042 6.15381 5.08383 3.45827 3.14396 2.98779 2.56106 2.45036 4.85834 2.42048 2.38321 2.27655 5.67187 2.21672 2.1743 2.16473 2.14679 2.10971 3.05431 2.42556 2.06536 3.17072 2.05333 2.28422 2.03546 2.03057
threshold=13.500000000000002 -1.0000000180025095e-35 56.000000000000007 2.7403194904327397 4.9182729721069345 1.5000000000000002 0.89587974548339855 3.6050398349761967 1.2424533367156985 1.5000000000000002 3.6050398349761967 6.0000000000000009 192.00000000000003 5.0290689468383798 104.00000000000001 56.000000000000007 88.000000000000014 240501391360.00003 3.0000000000000004 5.3393952846527108 1.5000000000000002 12.000000000000002 1.0000000180025095e-35 11.500000000000002 4.7789824008941659 3.6941639184951787 8.5000000000000018 3.5000000000000004 2.5000000000000004 4.5000000000000009 2202.0000000000005 3.6050398349761967 6.5000000000000009 16.500000000000004 21.500000000000004 4.4845800399780282 1.5000000000000002 4.9182729721069345 4.9182729721069345 10.500000000000002 19.500000000000004 5.7189338207244882 4.8278014659881601 1.0000000180025095e-35 12.000000000000002 240501391360.00003 6.4374239444732675 7168.0000000000009 1.2424533367156985 100.00000000000001 6.9047427177429208 112.00000000000001 6.0000000000000009 96.000000000000014 1900.0000000000002 2.7361353635787968 1.5000000000000002 3.1549592018127446 4.2844183444976816 112.00000000000001 17.500000000000004 4.9182729721069345
decision_type=2 2 2 2 2 2 2 2 2 2 2 2 2 2 2 2 2 2 2 2 2 2 2 2 2 2 2 2 2 2 2 2 2 2 2 2 2 2 2 2 2 2 2 2 2 2 2 2 2 2 2 2 2 2 2 2 2 2 2 2 2 2
left_child=1 22 3 9 -5 45 7 -7 52 53 -9 47 -13 -14 15 -2 50 18 -18 43 21 -21 24 25 -1 26 27 28 -24 -30 31 39 36 -34 35 40 37 -32 -38 -27 42 -39 -35 -20 -45 -4 -22 58 -49 -29 -12 -15 -6 55 -55 -3 60 -58 -8 -60 -41 -54
right_child=14 2 5 4 8 6 11 10 -10 -11 16 12 13 51 -16 -17 17 -19 19 20 46 -23 23 -25 -26 30 -28 49 29 -31 32 -33 33 34 -36 -37 38 41 -40 56 -42 -43 -44 44 -46 -47 -48 48 -50 -51 -52 -53 61 54 -56 -57 57 -59 59 -61 -62 -63
leaf_value=-0.00044404308045430335 -0.0073783228626416522 0.012687598289818153 0.0065445508501272634 -0.011285277868104132 -0.044524584500599373 -0.096829631604476329 -0.052515874531156803 -0.055438848141474498 -0.092680313112691162 0.028059215720874706 0.0034341635325182427 0.0033279981863983789 -0.082261571251645363 0.090695032262592346 -0.021115062899634607 0.043686029740097623 0.055630711465857269 -0.057995498200967922 0.024343565894230392 0.076498908962669976 -0.018629983186905941 -0.062605605007127571 -0.13232112171595942 -0.040180185376140501 0.016174696232366882 -0.1196771289761019 0.049587849474198809 -0.034086569055699886 0.12210753032685025 0.021694886546184261 -0.07069105193183732 -0.0591114211551843 0.016376254697330814 0.0160505869995353 0.0033329590643887026 -0.070992495971602509 0.0075715770896987071 0.028967664008560552 -0.05545984139198306 0.053928325684103044 0.065210251319915855 0.13177394583633389 -0.09933736637346878 -0.088418825097737963 0.0082660118535181643 -0.092398774503685943 0.068877174091192428 0.78160827615561879 0.033220973323501143 -0.11627239683722762 -0.026954331841166392 0.03035972649250511 0.11685166385597481 0.18905043347761219 -0.088737344016688507 -0.047946021820419731 0.057276776163839249 -0.081713331776371689 0.074619098494730293 -0.093088467383948131 -0.01487971768475887 -0.034035065393435822
leaf_weight=282.15232032220035 13.066577197014224 24.464503408413293 3.307010086215084 175.72958157313545 40.213997233513254 11.758848513899919 19.167893019051924 12.949839733377756 22.331158203810901 55.110546153151972 234.12463872181115 874.72515772807856 5.8708093038535507 14.217954547755653 11.977693095892048 43.92056025638658 7.8442303973523613 29.055189825116258 5.4953198660896332 9.1651746414440805 25.278990894436109 2.3167500663548699 2.4173197617492397 29.419884689340392 299.06172222738883 1.9271162540743514 37.708201937369722 22.629441472832699 6.0662805804759037 33.085906914797761 5.0510269640873302 35.631304526071403 194.60546246389868 5.1098295741419388 98.744784946426648 25.879838070173264 20.051187014118568 9.9415200066869129 35.364974905163535 15.116743467889597 6.63650829659582 3.9501323245422091 3.0847430509038531 13.211148825922352 8.5677473791345147 9.7973394092814488 3.5492142336792076 0.11086702071406662 1.1696622680319704 3.8385179233307545 26.177677048950272 10.221529723170534 1.669455862260292 0.42676242267407261 5.4572151502416091 9.0338218826136636 2.659607699004936 4.2868004584329356 2.8306775736200502 1.1389060418150618 6.0077674921649296 1.914957467504564
leaf_count=12027 35035 8147 4853 68710 57920 11250 8901 10743 22615 17702 79005 147493 7861 1216 46255 41964 8284 41663 1589 850 24215 557 643 218826 44095 1824 8173 4638 1298 15306 1544 195447 152114 2397 37362 59846 10030 3136 27513 5533 1894 709 4298 7877 7122 7950 2154 197 673 4790 26955 686 599 79 1649 10624 855 1881 1035 690 3429 4628
internal_value=-0.000121423 -0.000673316 -0.00357567 -0.0139538 -0.0236229 -0.000955127 -0.000294674 -0.00934729 -0.0564085 0.0107949 -0.00662398 0.00349889 0.00445061 0.0368482 0.0227565 0.0319775 -0.00489106 -0.0180182 -0.00261891 -0.00937969 0.00817653 0.0484313 0.00339438 -0.00110171 0.00810707 0.000881204 0.0169356 -0.00116116 0.027392 0.0372529 -0.00270003 -0.0275635 0.0012953 0.00564897 -0.00932058 -0.0400119 -0.0182638 0.0238321 -0.0326532 0.00990865 0.0140485 0.0582009 -0.0273857 -0.035327 -0.0503833 -0.0674295 -0.00785645 -0.0317759 0.0980156 -0.0460056 0.000378101 0.0654605 -0.0379148 -0.0133644 -0.0685895 -0.00366406 0.0188049 -0.0284975 -0.0389591 0.0265024 0.0343595 0.0362411
internal_weight=2927.8 2858.83 1668.4 336.352 241.859 1332.05 1318.95 389.495 66.1296 94.4928 377.736 929.453 905.035 30.3103 68.9648 56.9871 364.786 104.484 75.4286 67.5843 40.3101 11.4819 1190.43 609.215 581.214 579.795 105.746 68.0375 41.5695 39.1522 474.049 65.6293 408.42 334.061 139.456 40.7109 74.3588 18.9427 55.4162 29.998 14.8311 13.8917 8.19457 27.2742 21.7789 13.1043 28.8282 24.418 1.28053 26.468 260.302 24.4395 43.7984 39.3823 5.88398 33.4983 28.0709 6.94641 23.1375 3.96958 21.1245 3.58441
internal_count=1539354 1416100 596492 192673 154472 403819 391016 222264 85762 38201 211014 168752 157256 9763 123254 76999 200271 94311 52648 44364 27776 1407 819608 763486 56122 544660 34848 26675 17247 16604 509812 208969 300843 257911 105797 68435 42932 5389 37543 13522 8589 3845 6695 16588 14999 12803 26369 11496 870 9428 105960 1902 63147 20499 1728 18771 11698 2736 10626 1725 8962 5227
is_linear=0
shrinkage=0.1


Tree=72
num_leaves=63
num_cat=0
split_feature=32 31 30 15 15 36 29 30 15 23 28 14 14 42 18 45 0 46 45 36 46 44 14 3 33 0 0 14 46 28 28 3 39 31 24 0 0 47 3 19 3 46 14 14 3 19 28 47 16 15 29 0 28 13 30 12 15 19 29 0 47 50
split_gain=3.85211 3.31853 3.84736 4.46929 4.06199 3.5236 4.63517 2.99612 7.88447 3.46049 2.79045 2.53531 2.5279 4.22376 2.95122 2.32708 2.71246 2.462 2.43698 2.23661 2.22395 2.46699 2.65752 2.961 2.08639 2.38105 2.0848 2.05985 1.99323 1.88187 2.77415 2.42333 1.81296 2.06403 1.80711 1.80036 1.76579 1.6901 1.73067 3.63661 7.78514 2.67171 1.67105 1.66503 1.65122 1.575 1.54974 1.79648 1.52496 1.51383 1.48852 1.81608 2.13992 1.6777 1.46244 4.02159 3.93654 11.2944 6.85455 5.1314 3.99789 3.53558
threshold=20.000000000000004 56.000000000000007 112.00000000000001 5.9098556041717538 5.9098556041717538 7.0000000000000009 192.00000000000003 192.00000000000003 4.9182729721069345 2352.0000000000005 24.000000000000004 6.2556321620941171 2.4181410074234013 1.5000000000000002 10.139877796173097 1.5000000000000002 3.6941639184951787 13.500000000000002 2.5000000000000004 1.5000000000000002 11.500000000000002 1.0000000180025095e-35 5.4335694313049325 5.6077513694763192 6.0000000000000009 3.3576917648315434 7.2618641853332528 2.8888261318206792 13.500000000000002 1.0000000180025095e-35 24.000000000000004 7.4813475608825692 1.5000000000000002 120.00000000000001 21466447872.000004 6.7438817024230966 5.5169365406036386 16.500000000000004 6.9206013679504403 280.00000000000006 7.0592932701110849 11.500000000000002 2.9944807291030888 6.7153363227844247 6.9047427177429208 80.000000000000014 96.000000000000014 11.500000000000002 1.4978661537170412 4.7789824008941659 112.00000000000001 5.6077513694763192 24.000000000000004 2.5249279737472539 56.000000000000007 2.4414010047912602 3.6050398349761967 280.00000000000006 48.000000000000007 3.026044607162476 18.500000000000004 1.5000000000000002
decision_type=2 2 2 2 2 2 2 2 2 2 2 2 2 2 2 2 2 2 2 2 2 2 2 2 2 2 2 2 2 2 2 2 2 2 2 2 2 2 2 2 2 2 2 2 2 2 2 2 2 2 2 2 2 2 2 2 2 2 2 2 2 2
left_child=7 12 4 34 5 19 11 15 -9 -10 36 50 -2 -14 -15 17 -17 20 26 27 54 22 23 46 -19 -26 29 -3 -21 31 44 -18 42 35 43 -34 -5 -20 -39 -40 41 -41 -27 48 -31 -38 47 -22 -4 -50 -7 -52 53 -53 56 -56 58 -58 61 60 -59 -1
right_child=1 2 3 10 -6 6 -8 8 9 -11 -12 -13 13 14 -16 16 18 24 37 28 21 -23 -24 -25 25 32 -28 -29 -30 30 -32 -33 33 -35 -36 -37 45 38 39 40 -42 -43 -44 -45 -46 -47 -48 -49 49 -51 51 52 -54 -55 55 -57 57 59 -60 -61 -62 -63
leaf_value=0.0001225350771728888 -0.0096038105068532564 0.0040237485619881198 -0.067886803884640315 -0.07114458945713073 -0.032433122590811561 -0.021090286089933255 -0.097511341836639731 -0.071370848968322798 0.074102054430440059 0.01031084250014036 -0.069864641300280902 -0.082372558797636886 -0.065830297517419617 0.039016454612993613 -0.028215676147436891 -0.049287377653056741 0.07273552785287285 -0.068577370926859352 0.010012500062843467 0.008817215523580172 -0.15327472990493798 -0.054160510862440961 0.017314642151778022 0.0077837537523277427 -0.068674933229451271 0.46410050498767408 0.079587225844261339 -0.021868150150034887 0.080454894560605492 -0.066939764226947557 0.026815313481233973 -0.091711926527117918 0.051932016035506269 -0.012326020141361966 -0.067731322400027216 -0.012845302567065512 0.094467454314985821 -0.065662988948973502 -0.10092725976610147 4.6651951635798099 -0.086762175277732584 1.8611925096024322 -0.043002285437643811 0.04814415375968583 0.12047797104192524 -0.040109522045620204 -0.01083161367582419 -0.015519527314949377 -0.03608129308304539 0.012041479364633836 0.023700162098060626 0.039465778875941125 -0.077820808983140088 -0.024026727267158186 -0.0020344218781565481 -0.068702552060036337 0.0028387049391775409 -0.031702314928532781 0.046735886122432131 -0.050565352029241409 0.098028578057414995 0.02215237492076428
leaf_weight=272.92529585709246 147.77291005516784 82.423089486533115 8.864544357867997 0.90984721787242318 35.967366822020949 35.591590700251572 6.4233854853322887 6.604545966795512 20.57387294721525 14.495193091394411 2.0454775714088091 4.5324227206937158 24.547240162202769 8.6244491955048925 26.872310729334117 6.5644050025527454 10.750901784720551 2.4805225765011292 92.378177398310299 360.5452545121401 3.5670192589195135 15.349466659368344 20.01836623503641 6.5205895529548172 2.5761591723737629 0.0660671275909398 8.4696006248082067 48.988034954650061 3.926243644246596 5.2893381628608749 23.802945533771435 0.97758833591979133 35.765560120053578 7.6931932307219304 13.86668694035677 4.8754136905811256 6.4759260134014767 4.160981034090411 0.086235975708632284 0.0042332491541401387 0.029629139935195781 0.017223681240579936 3.9592764000512943 2.8193652399786506 0.51594796175959334 1.0045332258174537 1.9324381879132486 1.288712134834668 20.43442227513879 9.6117502679990121 26.138577433513092 6.7405343556311026 4.3826305466936892 10.877778478345135 659.61684789763331 9.1740247057732613 539.27738043696581 5.1374099376309612 46.469566471415419 60.575187288672083 4.4184358339075516 99.378121449308765
leaf_count=22121 39839 10142 5589 2101 25285 15167 11593 9351 4065 5057 2228 7186 65105 6358 56323 3595 1293 1286 19015 73004 966 148123 29324 8567 3405 46 2870 23254 5461 7930 4950 52 21479 32614 39995 11680 755 16050 615 110 403 175 16338 1833 706 1929 1014 7674 3510 1246 2707 470 787 1372 184877 2473 345250 2228 5609 181825 1336 31643
internal_value=-0.000120759 -0.00555135 -0.00222577 -0.0251843 0.000193897 0.00218098 -0.0154958 0.00232677 0.0288588 0.0477351 0.0348642 -0.00952706 -0.0166342 -0.0339364 -0.0118807 0.00176152 0.0136002 0.000756634 0.0164184 0.00555628 8.6476e-05 -0.0209882 -0.00571006 -0.0403427 0.0211317 0.0251824 0.0343885 -0.00562835 0.00958893 0.0251276 0.0116987 0.0590286 0.0298003 0.0351703 -0.0364557 0.0441611 0.0603961 0.00716043 -0.0541356 0.295155 0.963762 2.4144 -0.0346793 -0.026063 -0.0502829 0.0763954 -0.086572 -0.116714 -0.0314398 -0.0206869 -0.00558389 0.00588065 -0.0152901 0.000264669 0.000690991 -0.00294893 0.00305861 -0.00207068 0.0105229 -0.0398218 0.0282827 0.00600291
internal_weight=2898.17 900.386 692.569 66.0326 626.537 590.57 94.6869 1997.79 41.6736 35.0691 10.4358 88.2635 207.817 60.044 35.4968 1956.11 153.047 1803.07 146.483 495.883 1745.65 48.6766 33.3271 13.3088 57.4162 54.9357 49.8063 131.411 364.471 41.3367 29.6082 11.7285 52.3595 48.3342 55.5968 40.641 8.39031 96.6765 4.2983 0.137322 0.0510861 0.0214569 4.02534 41.7301 5.80529 7.48046 6.78817 4.85573 38.9107 30.0462 83.7311 48.1395 22.0009 17.6183 1696.97 668.791 1028.18 609.408 418.773 70.131 9.55585 372.303
internal_count=1539354 403239 235614 59186 176428 151143 39282 1136115 18473 9122 7013 27689 167625 127786 62681 1117642 57764 1059878 54169 111861 973030 195668 47545 18221 86848 85562 17801 33396 78465 14931 13586 1345 82157 65773 52173 33159 4785 36368 17353 1303 688 285 16384 12178 8636 2684 9654 8640 10345 4756 20503 5336 2629 1842 777362 187350 590012 530639 59373 185389 3564 53764
is_linear=0
shrinkage=0.1


Tree=73
num_leaves=63
num_cat=0
split_feature=32 32 36 27 30 15 21 19 46 14 46 50 46 24 23 14 26 27 0 3 36 14 4 46 3 33 0 14 19 0 14 36 0 3 47 38 18 23 8 36 23 14 19 51 46 0 3 0 3 3 15 49 50 28 4 46 50 38 28 28 13 8
split_gain=3.55412 2.74194 2.49644 4.79818 2.47655 6.59832 2.96477 2.44022 3.10565 2.13612 2.03628 2.19247 2.09855 3.19921 1.95982 2.20826 2.33034 1.8085 3.59675 2.08979 1.76397 2.19008 1.78897 1.76218 1.87393 1.74936 1.99261 1.73828 1.70812 1.79534 1.69217 2.22695 1.64536 1.63509 1.95295 1.62237 1.83403 1.61594 2.03843 1.57212 2.34827 2.11578 1.80426 1.55976 2.77342 1.78852 1.55693 1.54656 1.97052 2.19083 1.54575 4.65469 5.33108 4.7518 6.50643 4.4532 5.21615 4.11755 4.01443 3.68544 3.53672 3.69806
threshold=20.000000000000004 56.000000000000007 7.0000000000000009 3.5000000000000004 192.00000000000003 4.9182729721069345 112.00000000000001 280.00000000000006 13.500000000000002 6.1245300769805917 13.500000000000002 16.500000000000004 1.0000000180025095e-35 240501391360.00003 1900.0000000000002 3.8026961088180546 1.0000000180025095e-35 7.5000000000000009 1.4978661537170412 5.3611156940460214 1.5000000000000002 2.8888261318206792 1.2424533367156985 12.500000000000002 2.9621279239654545 6.0000000000000009 3.3576917648315434 3.1316992044448857 80.000000000000014 1.4978661537170412 4.8278014659881601 2.5000000000000004 6.9245815277099618 3.1549592018127446 19.500000000000004 3.5000000000000004 12.412114620208742 2352.0000000000005 0.89587974548339855 1.5000000000000002 2415.0000000000005 2.8888261318206792 62.000000000000007 1.0000000180025095e-35 10.500000000000002 3.6941639184951787 4.1426305770874032 6.4247851371765146 4.094205617904664 6.4374239444732675 4.6510493755340585 12.500000000000002 1.5000000000000002 24.000000000000004 0.89587974548339855 7.5000000000000009 6.5000000000000009 3.5000000000000004 96.000000000000014 24.000000000000004 3.4498615264892583 0.89587974548339855
decision_type=2 2 2 2 2 2 2 2 2 2 2 2 2 2 2 2 2 2 2 2 2 2 2 2 2 2 2 2 2 2 2 2 2 2 2 2 2 2 2 2 2 2 2 2 2 2 2 2 2 2 2 2 2 2 2 2 2 2 2 2 2 2
left_child=4 7 20 -4 10 -6 -7 8 30 37 11 12 13 14 -1 16 -16 18 -15 -19 21 22 -3 50 -25 -12 -27 -9 -18 -30 39 -32 -21 34 -13 -23 -37 38 -5 40 41 -2 -41 -35 45 -45 -42 48 -28 -50 51 52 53 54 -14 58 -57 -56 -52 -54 -60 -62
right_child=1 2 3 9 5 6 -8 27 -10 -11 25 33 23 17 15 -17 28 19 -20 32 -22 35 -24 24 -26 26 47 -29 29 -31 31 -33 -34 43 -36 36 -38 -39 -40 42 46 -43 -44 44 -46 -47 -48 -49 49 -51 55 -53 59 -55 57 56 -58 -59 60 -61 61 -63
leaf_value=0.031443919488875115 -0.015141189813041207 -0.14277920956953416 -0.099876460823040247 0.014769828586735421 -0.069299822186874929 0.068138870168472407 0.0090797687607220342 -0.020290703609956797 0.053831427173456098 -0.059515602221702192 -0.064935222996026484 -0.08554993970920069 -0.036969862977249628 0.016246177623696321 0.033142253051943363 0.0095295459835387352 -0.003226671880932638 -0.065751929342818746 0.067229283502476242 0.023566551226543258 0.0049859232251103624 -0.043224702921012562 0.00332575417087213 0.092379007068795982 -0.080325282738206896 -0.063765630303095316 0.00051799355041385329 -0.056473277576386642 -0.015622745396924959 -0.058125101830124939 -0.08488293980537473 -0.019112375962698453 -0.1069150086311465 -0.0011846494159902705 0.0083894626408353504 -0.06085597568421526 0.0023991163285102825 -0.010046489283746154 0.15126055909491457 -0.095526072872449214 0.16943365971048352 -0.085713767602870361 0.0041179070189785753 0.10951482372493773 0.012086810177613774 0.036982032914674723 -0.086893401529071601 -0.0092686522404079059 0.056630492999386654 -0.036219961721988429 0.00089790121200519725 -0.062303784031054722 0.045738015485174914 0.0064345214930005591 -0.025227451214563199 -0.070729053621380461 -0.01130844982918839 0.010838165234364342 -0.092758311349030842 0.009353826859347299 -0.0085090822746382664 -0.085946269982399681
leaf_weight=20.561197430765787 67.019775295417816 0.84646556554247254 6.4177284012109217 6.4318773053558393 6.1120616153295932 20.238638067419743 14.654817511960117 49.908259816152395 7.7694534520780953 8.0271713246888208 2.3158094167448544 3.7826169153935307 74.5816378771774 47.834853107575327 12.735351296607403 125.84124857040979 97.149973179950848 4.2591286673705335 19.469618723451276 13.252293133244164 362.85230127146258 24.021203767246789 84.360006316141153 0.72132745744042281 4.8701491291805326 2.4835064985395539 11.640580421031016 18.090377942463391 45.687182530280552 12.701480056706712 5.9386515710405652 38.672406066802751 1.0424285016015353 57.418317503508661 5.3335344874158181 5.5636768293588856 26.023113454785971 72.640890782725364 1.3184796378691315 1.8520271952002065 1.0667014753344108 4.5356393132598205 96.563223087898905 4.114063033564892 118.07377107295383 19.575164592722899 0.3046352168676093 9.2455791468029229 29.240374591832051 2.7830832061645188 478.90394688891593 11.206182603348678 40.885526932960829 297.02301249172388 46.464262317907924 21.0378896330011 49.611459190890741 99.325202054384135 6.9390840700289109 87.249193855031081 53.735800359945642 6.9665340650099088
leaf_count=795 18352 545 13920 4841 9351 4065 5057 23038 16817 5670 1286 2966 48867 1002 254 12137 1416 1542 1025 1504 71302 19050 13751 3096 60277 3405 8163 67522 837 1556 30323 36051 421 12644 916 3314 10617 11875 555 413 545 14580 39951 353 66414 16776 207 34630 30855 8509 175516 16660 50772 44869 14335 269700 153715 24429 2409 24071 18402 1118
internal_value=-0.000126979 -0.00537785 -0.00150322 -0.016387 0.00222546 0.0265461 0.0433348 -0.0133271 -0.00828487 -0.010327 0.001713 0.00114751 -5.2278e-05 0.00626458 0.00159627 -0.000490342 -0.00798357 0.0233743 0.0309944 -0.00426792 0.00129927 -0.00820056 0.00187431 -0.00202968 -0.0580456 0.0202168 0.0237767 -0.0299167 -0.0113509 -0.0248684 -0.0105197 -0.0278678 0.0140513 0.0108246 -0.0305894 -0.023638 -0.00874259 -0.00541544 0.0379894 -0.00600285 -0.0171304 -0.0196145 0.00224276 0.01272 0.0183519 0.0495787 0.112492 0.0278858 0.0357531 0.0485611 -0.00178381 0.00159304 0.00270227 -0.00182017 -0.0129461 -0.005377 -0.0290027 -0.000656234 -0.00232303 0.0209634 -0.0251273 -0.0173962
internal_weight=2877.29 890.224 598.503 94.8361 1987.07 41.0055 34.8935 291.721 223.723 88.4184 1946.06 1888.35 1680.06 400.535 314.676 294.115 168.274 85.8583 67.3045 18.5539 503.667 140.814 85.2065 1279.52 5.59148 57.7089 55.3931 67.9986 155.539 58.3887 215.953 44.6111 14.2947 208.297 9.11615 55.608 31.5868 80.3912 7.75036 171.342 72.9268 71.5554 98.4153 199.181 141.763 23.6892 1.37134 52.9096 43.664 32.0235 1273.93 656.735 645.529 517.394 220.371 617.195 70.6493 145.789 546.545 128.135 67.6414 60.7023
internal_count=1539354 403239 155440 36861 1136115 18473 9122 247799 157239 22941 1117642 1030794 930725 22489 16995 16200 4063 5494 2027 3467 118579 47277 14296 908236 63373 86848 85562 90560 3809 2393 140422 66374 1925 100069 3882 32981 13931 17271 5396 74048 33684 32932 40364 96187 83543 17129 752 82157 47527 39364 844863 224003 207343 132500 87631 620860 423415 38764 197445 74843 21929 19520
is_linear=0
shrinkage=0.1


Tree=74
num_leaves=63
num_cat=0
split_feature=32 31 30 15 15 36 27 14 27 18 46 28 30 15 21 45 15 45 46 31 0 0 28 28 47 14 46 50 45 0 15 49 50 15 14 24 14 46 50 28 0 28 0 47 45 19 28 32 13 28 30 31 8 18 29 18 28 0 18 15 1 13
split_gain=3.25412 2.64573 3.41183 3.46613 3.45095 2.70686 3.94696 2.33587 3.7029 2.56821 2.30035 2.06046 2.01222 5.50945 2.43942 2.04954 2.37545 2.41598 2.02006 1.97465 1.83951 1.80696 1.888 2.04476 1.76743 1.74609 1.61035 5.51161 5.17023 3.59408 3.05 3.80757 3.10114 2.85356 2.44024 2.18391 2.35694 2.34069 5.10795 2.06366 1.97681 1.59842 1.54334 3.21175 2.72167 1.88616 1.53738 3.17004 3.40661 2.85378 4.43517 4.41539 3.25026 2.55113 2.49474 2.22712 2.17525 3.68857 2.6568 2.12664 2.41463 2.42576
threshold=20.000000000000004 56.000000000000007 112.00000000000001 5.8491752147674569 5.9098556041717538 7.0000000000000009 3.5000000000000004 2.4181410074234013 3.5000000000000004 10.139877796173097 13.500000000000002 24.000000000000004 192.00000000000003 4.9182729721069345 112.00000000000001 1.5000000000000002 2.9388679265975957 2.5000000000000004 13.500000000000002 120.00000000000001 6.7438817024230966 7.2618641853332528 1.0000000180025095e-35 24.000000000000004 16.500000000000004 6.2556321620941171 9.5000000000000018 1.0000000180025095e-35 1.0000000180025095e-35 3.6941639184951787 4.1426305770874032 6.5000000000000009 15.500000000000002 4.342454433441163 5.9931647777557382 17137926144.000002 3.3576917648315434 11.500000000000002 3.5000000000000004 1.0000000180025095e-35 2.7361353635787968 6.0000000000000009 3.9495767354965214 1.0000000180025095e-35 1.0000000180025095e-35 180.00000000000003 1.0000000180025095e-35 96.000000000000014 1.8688347935676577 1.5000000000000002 56.000000000000007 104.00000000000001 0.89587974548339855 13.875481605529787 112.00000000000001 12.489189624786379 48.000000000000007 5.5169365406036386 8.0407161712646502 3.1549592018127446 3.8026961088180546 4.3947539329528817
decision_type=2 2 2 2 2 2 2 2 2 2 2 2 2 2 2 2 2 2 2 2 2 2 2 2 2 2 2 2 2 2 2 2 2 2 2 2 2 2 2 2 2 2 2 2 2 2 2 2 2 2 2 2 2 2 2 2 2 2 2 2 2 2
left_child=12 7 3 5 -4 10 -7 -2 -9 -10 46 -6 15 -14 -15 18 -17 21 26 20 -20 22 -18 -24 -19 -8 28 40 -1 -30 31 39 34 -31 35 37 -37 38 41 -29 -28 -32 44 -44 -34 -45 47 53 -49 50 54 52 55 -3 -48 56 57 58 -51 -58 61 -61
right_child=1 2 4 -5 11 6 25 8 9 -11 -12 -13 13 14 -16 16 17 24 19 -21 -22 -23 23 -25 -26 -27 27 30 29 33 32 -33 42 -35 -36 36 -38 -39 -40 -41 -42 -43 43 45 -46 -47 49 48 -50 51 -52 -53 -54 -55 -56 -57 59 -59 -60 60 -62 -63
leaf_value=0.0004047245620091118 -0.0085072817762854355 0.012881777314977111 -0.034542750409333287 -0.030742865462328562 0.051109477687459284 -0.098729684210352248 -0.0057544056859913199 -0.064014103051547519 0.035348039364468828 -0.027677294648866958 0.076377914438223227 -0.063518901539145731 -0.067279732998289155 0.061981784000673661 0.0082097944786651538 -0.075543408092679384 0.059515673489528867 0.0086317536151318524 0.033655374183700369 -0.025897823987966535 -0.027461887573103562 0.075057625155020666 -0.043311427045269635 0.023505879847885797 -0.052630157965801332 -0.075413467143963173 0.052889231776687307 0.039254519942461402 0.094699787680378539 0.047517928611131487 0.30672130161264111 -0.069440322371583804 -0.076124674740437645 -0.030453588711772769 -0.076999153889592997 0.0036121973925978949 -0.059529355967235298 -0.083293070180614395 0.055005579556892295 0.0049759720829947989 -0.073079993898809148 0.93951858723959758 0.013165827643695636 -0.0011801383805867633 0.059440783579946449 -0.077669154210647351 -0.11684769546412288 0.11738250156713492 -0.08392226553389498 0.023345407572851942 -0.072569935995546939 0.033714358634700424 0.01665387990121691 0.065494772412333715 0.042488154733192542 -0.047482566406126483 -0.056564810440606753 -9.7671414471421967e-05 -0.049975181171980146 0.039921430109616879 -0.021710796469852866 0.0033867430917862134
leaf_weight=1500.1953522275198 146.40962783446764 112.55283207726467 52.971311274635639 34.411309856469188 8.190068935065197 5.1737747145497783 82.305836557579141 22.416914340941958 8.6576749436953815 25.533923341036029 4.4561400851271165 1.9394685163061911 5.6487442497184466 19.951113536332059 14.618435287014107 2.9790224404159167 11.025525048616144 93.16068857628602 43.717418100022883 8.3207125142888554 5.5498048477254533 8.3333660539469729 5.609197960630925 24.960694909147605 4.9600969922614118 3.762929151993716 1.3542941643536064 24.419567572137566 9.1603048690593614 12.944805505233036 0.077274080982991378 5.7471552418171532 1.8018075533691416 7.3637508224213652 11.081754879445269 9.9741536594958706 14.514938941031657 1.145331887802058 3.3562744480641413 62.548147209715808 15.545199218855485 0.082570561696684308 24.145514086619187 5.3011860137869453 8.316126814243944 8.2272734258045244 1.1350403139456373 0.98820589762181033 5.6298452183837062 5.7928672711786922 12.575094108542316 41.223742550536826 75.660129534155203 10.038033688557332 7.3189172315342148 13.025841412841144 5.2895501112943739 62.0692045349399 33.648028525534528 28.348702386603691 20.917522552430455 50.632015842175861
leaf_count=378298 39839 10430 52173 25398 4785 11584 20449 65105 6358 56323 5453 2228 9351 4065 5057 2424 1378 19420 34714 34379 17755 2870 8861 5078 17733 7186 205 4328 1022 5030 934 9000 277 48601 192748 9592 116035 7312 6240 42998 95174 1110 4830 4429 2693 42174 3243 46 611 705 9951 6134 10057 356 715 3949 489 27338 15414 1330 5442 10148
internal_value=-0.000112487 -0.00515914 -0.00216847 9.67584e-05 -0.0243163 0.00191848 -0.0138992 -0.0151771 -0.0324276 -0.0117186 0.00485608 0.029162 0.00214271 0.0242818 0.0392432 0.00168277 0.0128684 0.0146474 0.000736297 0.0191608 0.0267707 0.0325555 0.0240404 0.0112457 0.00553491 -0.0087999 0.000122028 -0.00837247 0.00121955 0.0427006 -0.00326607 0.0093915 -0.0165982 0.019246 -0.0370555 -0.0218707 -0.0338125 0.0408658 0.081309 0.014601 -0.0629851 0.633604 0.000623312 -0.00868944 0.0352992 -0.0476966 0.00420143 0.0135505 -0.0538635 0.000823744 -0.0349152 0.00305648 -0.00122213 0.0171899 0.0210955 -0.00737759 -0.00485023 -0.015293 -0.0392062 0.00522741 0.00849927 0.0165002
internal_weight=2859.21 883.075 680.056 616.956 63.1008 582.544 91.2425 203.018 56.6085 34.1916 491.302 10.1295 1976.14 40.2183 34.5695 1935.92 151.029 148.05 1784.89 57.5879 49.2672 49.9288 41.5954 30.5699 98.1208 86.0688 1727.3 197.639 1529.66 29.4689 180.739 92.7149 88.0242 20.3086 40.2323 29.1505 24.4891 4.66145 3.51612 86.9677 16.8995 0.159845 47.7919 37.674 10.1179 13.5285 486.846 129.209 6.61805 357.637 21.0291 336.608 295.384 122.591 8.45396 219.724 206.698 101.51 39.4409 105.188 99.8982 78.9807
internal_count=1539354 403239 235614 176428 59186 151030 39219 167625 127786 62681 111811 7013 1136115 18473 9122 1117642 57764 55340 1059878 86848 52469 18187 15317 13939 37153 27635 973030 540079 432951 54653 444700 56326 388374 53631 333971 141223 125627 15596 8284 47326 95379 2044 54403 51433 2970 46603 106358 11443 657 94915 13909 81006 74872 10786 3958 64815 60866 43457 16119 17409 16920 11478
is_linear=0
shrinkage=0.1


Tree=75
num_leaves=63
num_cat=0
split_feature=46 46 47 0 0 3 28 28 0 3 50 3 50 0 49 3 3 3 3 2 26 3 47 31 32 32 12 15 6 0 38 13 36 27 19 4 16 18 18 27 13 30 21 15 43 13 28 15 28 28 23 35 26 28 18 46 16 22 15 3 24 28
split_gain=2.94755 3.73196 4.60421 6.0467 4.60534 4.42358 4.02413 7.18575 4.93669 3.01095 2.68516 3.18385 2.63748 2.56156 3.33985 5.39424 2.38627 2.23536 2.10662 2.10432 2.02298 4.21057 2.02004 1.91145 1.76742 2.6903 3.05976 2.48682 2.71905 2.18531 6.41301 3.35653 2.73826 3.74748 2.67604 2.6705 2.25955 2.23986 2.09226 2.05947 2.04152 1.99202 3.9416 3.03756 1.92807 2.08965 1.88412 3.1886 1.88031 1.80992 1.76367 1.74058 1.70795 1.89402 1.72141 1.67422 2.06974 1.69432 1.65209 1.62202 1.88834 1.73353
threshold=6.5000000000000009 9.5000000000000018 1.0000000180025095e-35 5.7189338207244882 3.6941639184951787 5.3611156940460214 1.0000000180025095e-35 24.000000000000004 6.5694186687469491 6.6238393783569345 17.500000000000004 6.070054531097413 1.0000000180025095e-35 3.6941639184951787 1.5000000000000002 3.3576917648315434 3.1549592018127446 6.9206013679504403 5.5169365406036386 4.9706082344055185 1.5000000000000002 6.9206013679504403 13.500000000000002 56.000000000000007 20.000000000000004 56.000000000000007 2.4414010047912602 1.9944920539855959 1.0000000180025095e-35 3.026044607162476 1.5000000000000002 1.7005987167358401 7.0000000000000009 3.5000000000000004 280.00000000000006 1.2424533367156985 1.844439744949341 11.974382400512697 12.308295249938967 5.5000000000000009 0.89587974548339855 192.00000000000003 112.00000000000001 4.9182729721069345 1.0000000180025095e-35 2.8617925643920903 1.0000000180025095e-35 3.9495767354965214 6.0000000000000009 24.000000000000004 1900.0000000000002 4.5000000000000009 1.0000000180025095e-35 24.000000000000004 8.0407161712646502 1.0000000180025095e-35 1.4978661537170412 3072.0000000000005 5.3792173862457284 4.4845800399780282 17137926144.000002 24.000000000000004
decision_type=2 2 2 2 2 2 2 2 2 2 2 2 2 2 2 2 2 2 2 2 2 2 2 2 2 2 2 2 2 2 2 2 2 2 2 2 2 2 2 2 2 2 2 2 2 2 2 2 2 2 2 2 2 2 2 2 2 2 2 2 2 2
left_child=24 13 4 5 18 12 16 8 9 -8 59 -12 -4 -2 15 -15 -6 19 -3 -18 21 -13 -14 -9 27 26 38 28 -1 35 31 -31 34 -34 40 -27 37 -33 44 46 -32 55 -43 -44 45 52 47 -40 50 58 -46 -41 -26 -54 -55 56 57 -29 -48 60 61 -5
right_child=1 2 3 10 6 -7 7 23 -10 -11 11 20 22 14 -16 -17 17 -19 -20 -21 -22 -23 -24 -25 25 29 -28 41 -30 30 32 36 33 -35 -36 -37 -38 -39 39 51 -42 42 43 -45 48 -47 49 -49 -50 -51 -52 -53 53 54 -56 -57 -58 -59 -60 -61 -62 -63
leaf_value=0.0021441016127695884 0.073126438180102449 -0.070328016925967476 -0.045517538690265529 0.1993131500723363 -0.052479492999961977 -0.040693742985273951 -0.089500645469075546 0.012093003242830176 0.0096835882587185812 0.018567638777102376 4.4254681286868392e-05 1.4367253295107902 -0.014619589932088981 0.069321131500461861 0.033227751926694048 -0.079608497162843475 0.048127584081904456 -0.050469563325813704 0.015477220034401865 -0.081786056265792384 -0.064463318891134699 0.29240723668488061 0.018662551103573937 0.043851974242983968 -0.068811973109455749 -0.10939617790134215 0.085021611542172401 0.096574379750438866 -0.085561299109517 0.037994782460212921 -0.03624959454516942 -0.092557028362924065 -0.099102432841461141 -0.011001294774865828 -0.027783489004774127 0.0077084889468898646 -0.073450190279019417 -0.016323220295444175 0.022982701513092892 -0.064929562366073543 0.01022300533664262 0.052625920711884294 -0.098849871828680297 0.0080567032498472645 0.042283030002233386 -0.017867359507240475 -0.070542177234279552 -0.038449042300724441 -0.0040754965321906514 -0.019029002831064651 -0.037771035919188206 0.090181131156052585 0.038290799346443444 0.48137600265890512 0.11972960884829847 -0.00216920421917099 0.00080036720798887023 0.015065907294750103 -0.0020940390744154914 -0.073276872744110752 -0.04431273899371798 -0.011284653781714678
leaf_weight=7.0713248737679333 11.053892291729566 9.3087120197087625 8.6747691980958717 0.67011326462125154 2.8349407303030594 22.569233457130565 14.471710284235661 86.948896874077263 13.768339088460946 3.1370065596508985 3.19515012447448 0.03680476819999956 23.024121586392312 3.6767349063875354 40.687214123486683 7.1839509514595932 57.657671403744644 2.5413391948950439 4.131037772185663 1.2743728678324249 0.11115207052216647 0.2545158898678892 87.697519649316405 24.232434977934417 1.25296896861255 1.9663733598029001 3.0985536481921363 2.6111973349486552 7.0678557674818876 5.1363331852016918 9.9143442948341072 4.6184212568841785 5.1300331129072552 82.032977444963194 23.087999712901592 201.27019017367911 19.286438298940084 23.289064606985391 21.882412898740739 15.513061751001658 203.04741674042157 20.623399223555225 3.2671474628693913 14.249285480986144 3.0010577007924431 9.3136438520558595 15.16479781982534 13.763511070486173 88.739635053105303 51.538783517719139 33.163191851262923 0.75884092624937771 11.472946811897144 0.14283706948481256 1.6757648590682954 1077.5280231150805 270.59835861759348 109.34440876477174 4.5946131287832932 20.491860859773965 6.6328447597697959 0.93794156367675896
leaf_count=721 2304 8559 21925 1513 232 123855 39915 19826 33795 6784 8642 271 43328 492 43820 51234 12279 651 1868 407 505 401 58554 27784 2295 1989 2169 220 149 2624 2288 3748 13507 22202 22537 23404 9867 16743 2362 45305 36258 5190 4219 3410 1504 7598 36792 7301 33417 28429 27164 1591 5781 273 2478 317670 8548 13439 12692 287076 16976 724
internal_value=-0.000589425 0.00676104 0.00316249 -0.00898167 0.0127704 -9.31528e-05 0.0164556 0.00708804 -0.0351739 -0.0702482 -0.0480119 0.0334323 0.00758148 0.029444 0.0200768 -0.0291904 0.0372217 0.0413584 -0.0439537 0.0453183 0.298493 0.436978 0.0117417 0.019015 -0.00200969 -0.00564699 -0.0137891 4.38681e-05 -0.0416978 -0.00177728 -0.00629762 -0.0387741 -0.00103947 -0.0161865 0.0045537 0.00657547 -0.0471292 -0.0289392 -0.0149148 -0.0245521 0.00805949 0.000437797 0.0229988 -0.0118834 -0.00693252 0.0191161 -0.0195091 -0.000737163 -0.0119081 -0.0288943 -0.0311278 -0.057696 0.0427987 0.05332 0.148134 -0.000151534 0.00553157 0.016967 -0.0546261 -0.0582095 -0.0207431 0.0764763
internal_weight=2823.42 457.204 394.602 174.296 220.306 141.966 206.867 142.558 31.3771 17.6087 32.3304 3.59762 119.396 62.6018 51.5479 10.8607 64.3083 61.4734 13.4397 58.932 0.402473 0.291321 110.722 111.181 2366.22 853.856 275.077 1512.36 14.1392 578.78 375.543 52.3303 323.213 87.163 236.05 203.237 47.1939 27.9075 271.978 123.216 212.962 1498.22 38.1398 17.5164 148.762 23.8582 106.944 35.6459 124.904 71.2982 36.1642 16.2719 14.5445 13.2915 1.8186 1460.08 382.554 111.956 19.7594 28.7328 8.2409 1.60805
internal_count=1539604 813720 715870 563770 152100 247662 141673 128104 80494 46699 316108 9819 123807 97850 95546 51726 13569 13337 10427 12686 1177 672 101882 47610 725884 372318 217151 353566 870 155167 129774 32982 96792 35709 61083 25393 30358 20491 214982 134472 38546 352696 12819 7629 80510 18425 87576 9663 62085 77913 28668 46896 10827 8532 2751 339877 22207 13659 49484 306289 19213 2237
is_linear=0
shrinkage=0.1


Tree=76
num_leaves=63
num_cat=0
split_feature=48 0 3 15 21 45 43 29 15 31 30 14 35 3 38 16 26 23 36 7 0 0 16 15 13 15 18 16 23 35 31 23 30 14 14 21 8 23 18 30 20 24 47 26 24 0 0 4 38 16 0 8 23 18 30 15 16 0 14 45 36 47
split_gain=2.95256 2.64133 2.24637 1.71255 1.66913 1.66499 1.61768 2.75116 2.36093 2.20641 2.15812 3.04268 2.23925 2.22829 5.55389 3.74818 2.24814 2.02204 3.50174 2.73987 2.38253 2.31858 1.95963 2.0249 1.94254 1.88493 1.77305 1.70678 1.68449 1.59756 1.55708 1.58283 1.36015 1.35719 1.27392 1.2243 1.18911 1.16548 1.15843 1.14898 1.37617 1.56459 1.14647 1.55292 1.78613 1.12159 1.15405 1.06166 1.17988 1.46217 1.85274 1.33934 1.22656 1.21672 1.05994 4.20679 2.53869 1.79956 1.38361 5.47633 3.62236 6.57696
threshold=1.0000000180025095e-35 4.7447810173034677 5.1720471382141122 4.342454433441163 112.00000000000001 2.5000000000000004 1.0000000180025095e-35 112.00000000000001 3.8026961088180546 72.000000000000014 112.00000000000001 6.0888803005218515 1.5000000000000002 4.4845800399780282 1.5000000000000002 1.4978661537170412 1.5000000000000002 1900.0000000000002 7.0000000000000009 1.0000000180025095e-35 4.1426305770874032 5.7189338207244882 1.2424533367156985 4.7789824008941659 2.0126758217811589 3.0677825212478642 8.0407161712646502 1.844439744949341 1900.0000000000002 4.5000000000000009 168.00000000000003 1900.0000000000002 24.000000000000004 3.1316992044448857 5.6077513694763192 112.00000000000001 0.89587974548339855 2352.0000000000005 8.1845164299011248 24.000000000000004 48.000000000000007 21466447872.000004 16.500000000000004 1.5000000000000002 240501391360.00003 4.4845800399780282 3.026044607162476 2.2821741104125981 1.5000000000000002 1.844439744949341 3.026044607162476 0.89587974548339855 1900.0000000000002 11.182208061218263 192.00000000000003 4.9182729721069345 1.844439744949341 6.6238393783569345 6.7438817024230966 1.0000000180025095e-35 1.5000000000000002 2.5000000000000004
decision_type=2 2 2 2 2 2 2 2 2 2 2 2 2 2 2 2 2 2 2 2 2 2 2 2 2 2 2 2 2 2 2 2 2 2 2 2 2 2 2 2 2 2 2 2 2 2 2 2 2 2 2 2 2 2 2 2 2 2 2 2 2 2
left_child=6 2 35 4 -3 -5 29 8 38 32 12 22 13 15 26 25 34 18 20 21 33 -19 -12 -24 -11 -9 -15 -14 -28 54 31 -26 -10 -18 -16 45 -30 -25 -8 40 41 -40 -7 44 -44 46 -2 48 49 -17 52 -50 -51 -52 58 -56 57 -57 -1 60 61 -60
right_child=1 3 -4 5 -6 42 7 10 9 24 11 -13 27 14 16 47 17 19 -20 -21 -22 -23 23 37 30 -27 28 -29 36 -31 -32 -33 -34 -35 -36 -37 -38 -39 39 -41 -42 -43 43 -45 -46 -47 -48 -49 51 50 53 -53 -54 -55 55 56 -58 -59 59 -61 -62 -63
leaf_value=0.00060643937176236586 -0.12168848289312251 0.013718524993132981 0.0075265969634091103 0.03200553922990193 -0.047875773179647252 0.012879845275579147 0.039492716238176462 -0.099604443829548542 -0.071872192289046594 -0.068911200144808324 -0.070130892794928637 0.03270347145300103 0.0032175581848991061 0.093847724723530729 -0.012676438828795622 0.069252382524210454 -0.16892052817744271 0.01315736213777456 -0.10734114247873228 -0.02255019903183577 0.048166284343292412 -0.052881328971737432 -0.036297311532372499 -0.1168724053530367 0.077710819435441711 -0.021419672622345495 -0.028535410504518945 0.058191887103340868 -0.085137348048367242 0.095249538446063542 -0.11125340135307807 0.0029078644971356361 -0.031308787562317829 -0.0086587759265504011 -0.057751761162068843 -0.095056692181648639 -0.007295070798298527 0.020430675500140983 -0.0045089294959993606 0.00049553801249153538 -0.027596850228546844 0.12440559268482763 0.082087792086760758 -0.11395928959376085 -0.10335433529743106 -0.21264965089577223 0.018051846206202222 0.070247140002046557 0.030317333038681778 -0.020526637019215255 0.07670834703089241 -0.0097274461104011663 0.00800352243859229 -0.053136053605207748 -0.063302349059882274 -0.030420779499045564 0.048175473226059778 0.061111863509578104 0.043235812990875373 -0.082665270019072756 -0.035296766461468142 -0.0094427706870289785
leaf_weight=1611.3506333119856 0.72159172515211123 10.233420165239979 11.284705885093897 63.283743840366355 7.717458439284882 70.68780373092045 5.1958802700537481 4.0116411591961336 9.9092651438641308 3.6988098624860895 9.7731197880235339 9.1663142750285527 11.005150685651188 0.89983388043765344 20.250966711431094 3.4122672064186181 0.71550724408013566 78.333489097344341 1.7821892434976678 42.216590453794652 22.891118980842293 5.7035970511506653 24.819402981239364 0.65258698768365953 3.4357700130449365 13.328510393279087 19.008445911877971 11.600642465564306 12.833847079942869 1.7645598830640654 1.009508600405751 16.011504588398566 49.862628276318901 2.0209654867940117 9.0817886029789161 4.6585391666226315 2.31665293275364 11.738903831806965 29.637618590261813 72.960531947357595 47.564412185898362 0.97233301641972403 1.3881244999823814 1.7175423605402218 0.8299290693032616 0.28480938772554498 3.2653827392487074 2.7620451655238858 38.760940183557977 16.588827039842727 0.79276763972666131 10.64616966813537 164.45861731396144 8.0482288460552791 5.7507296844598832 9.043371988666193 23.245004310692821 2.8169706044313889 30.714852001257839 9.4817754384540631 31.069564500207719 103.7806792586083
leaf_count=829931 628 2814 3258 20228 2323 16050 2588 2020 45643 409 11301 6481 2574 426 8188 630 58 13436 1531 7296 2862 5260 13901 861 719 5157 3381 1094 17663 2859 677 5427 39611 208 8416 3301 1579 1470 3984 15648 26379 218 4438 5984 3841 70 1554 289 4779 1925 209 1378 15433 2049 14299 6764 1906 3489 3255 151177 85324 92953
internal_value=-0.000655568 0.0118809 -0.022128 0.0162919 -0.0127622 0.0200738 -0.00149521 -0.00524629 -0.0141969 -0.0277261 -0.00140358 -0.0199988 0.00067028 -0.000775699 -0.008249 0.00542494 -0.00126357 0.00357906 0.0281985 -0.00176584 0.0376242 0.00867532 -0.0302807 -0.0198144 -0.00222081 -0.0395077 -0.0447108 0.0314288 -0.0483608 0.000145239 0.00983754 0.0161234 -0.0380336 -0.0505625 -0.0266323 -0.0596007 -0.0732345 0.0131997 -0.00693366 -0.00852975 -0.0169531 -0.000413926 0.00995518 -0.0425752 0.0127009 -0.0209345 -0.00723938 0.00859901 0.00789745 0.00437248 0.0032066 0.0216885 0.00538939 -0.041493 5.33974e-05 0.0159792 0.0289666 -0.0086807 -0.000310837 -0.00875459 -0.00452179 0.00258748
internal_weight=2804.97 176.073 20.215 155.858 17.9509 137.907 2628.9 799.879 240.258 83.9275 559.621 56.1503 503.471 480.865 218.055 262.81 182.996 153.663 27.4098 126.254 25.6276 84.0371 46.984 37.2109 24.1556 17.3402 35.0588 22.6058 34.1589 1829.02 20.4568 19.4473 59.7719 2.73647 29.3328 8.93032 15.1505 12.3915 156.331 151.135 78.1744 30.61 74.6234 3.9356 2.21805 4.27178 3.98697 245.47 242.708 193.301 189.888 49.4071 181.047 8.841 1827.25 40.8561 35.1053 11.8603 1786.4 175.047 165.565 134.496
internal_count=1539604 64489 8811 55678 5137 50541 1475115 283158 141303 92486 141855 34014 107841 104173 70304 33869 47255 30651 4659 25992 3128 18696 27533 16232 7232 7177 23049 3668 22623 1191957 6823 6146 85254 266 16604 5553 19242 2331 48817 46229 30581 4202 30313 14263 8279 2252 2182 26692 26403 20246 19616 6157 17358 2258 1189098 26458 12159 10253 1162640 332709 181532 96208
is_linear=0
shrinkage=0.1


Tree=77
num_leaves=63
num_cat=0
split_feature=28 28 1 19 46 3 47 0 2 8 28 0 19 18 9 3 13 28 8 28 30 4 3 4 3 47 50 30 24 28 19 19 18 0 28 18 14 28 18 18 28 18 47 38 3 46 32 13 48 19 3 28 44 9 4 47 32 31 3 1 3 0
split_gain=2.91067 5.08928 5.55006 4.85655 4.11168 2.52873 2.52736 5.01881 2.26021 2.20775 2.05978 16.8947 14.2213 14.2124 10.1692 8.72775 14.1772 6.41524 5.98662 5.58786 5.28888 4.95335 4.67268 4.31924 4.26194 5.26714 4.12219 3.9985 3.94906 4.08968 3.72878 3.71702 7.35643 7.06404 3.91576 5.67449 3.26081 3.08873 3.05106 2.87867 2.75169 2.71125 2.69124 2.62443 2.56028 2.44351 2.6937 2.3609 2.2968 2.29634 2.24089 2.99622 2.23654 2.86506 2.74128 2.20815 2.20435 2.12064 2.03486 2.02614 2.01629 1.98474
threshold=-1.0000000180025095e-35 1.5000000000000002 2.6155543327331547 180.00000000000003 7.5000000000000009 7.2464921474456796 1.0000000180025095e-35 4.7447810173034677 4.9706082344055185 0.89587974548339855 48.000000000000007 5.5169365406036386 80.000000000000014 8.0407161712646502 0.89587974548339855 5.5169365406036386 2.4414010047912602 24.000000000000004 0.89587974548339855 6.0000000000000009 112.00000000000001 1.2424533367156985 6.3848304748535165 1.2424533367156985 5.5169365406036386 18.500000000000004 15.500000000000002 24.000000000000004 137422176256.00002 12.000000000000002 280.00000000000006 80.000000000000014 10.389364242553713 3.6941639184951787 96.000000000000014 12.568491935729982 5.6077513694763192 96.000000000000014 10.952356338500978 7.6698923110961923 12.000000000000002 8.5999870300292987 31.500000000000004 3.5000000000000004 5.1720471382141122 6.5000000000000009 96.000000000000014 3.7647031545639043 1.0000000180025095e-35 180.00000000000003 4.2844183444976816 24.000000000000004 1.0000000180025095e-35 0.89587974548339855 1.2424533367156985 29.500000000000004 6.0000000000000009 120.00000000000001 7.4813475608825692 1.9944920539855959 5.3611156940460214 6.6238393783569345
decision_type=2 2 2 2 2 2 2 2 2 2 2 2 2 2 2 2 2 2 2 2 2 2 2 2 2 2 2 2 2 2 2 2 2 2 2 2 2 2 2 2 2 2 2 2 2 2 2 2 2 2 2 2 2 2 2 2 2 2 2 2 2 2
left_child=4 2 -2 9 -1 -5 8 60 58 -4 11 12 19 -14 17 31 -17 -15 20 22 26 -20 41 -16 28 59 30 -25 29 55 -18 32 -12 -34 35 -33 -22 -35 -21 49 -30 -3 -27 47 48 46 50 -29 -19 -36 51 -40 53 -41 -55 -13 -56 -38 -6 -26 -8 -42
right_child=1 10 3 5 6 -7 7 -9 -10 -11 15 24 13 14 23 16 18 44 21 38 36 -23 -24 27 25 42 -28 43 40 -31 -32 34 33 37 39 -37 57 -39 45 52 61 -43 -44 -45 -46 -47 -48 -49 -50 -51 -52 -53 -54 54 56 -57 -58 -59 -60 -61 -62 -63
leaf_value=0.0012119765175933239 0.066995613509483409 0.2577113023036634 -0.027922816534104597 -0.089335543836683989 0.038778067723060007 0.049938479464217207 0.033343131432355497 -0.04188296234346145 -0.083074510036215951 0.032082830952436331 -0.13588171183168313 0.0089912348528616345 0.030488470489120362 -0.076503510553732876 -0.07201782855586214 -0.08653410928766625 -0.011990236355586097 -0.044068658427817299 0.012466678334789802 0.080806818968497104 0.043922316822749247 -0.095307366200026999 0.10802926908440763 -0.071415515474082633 -0.060845557824188157 -0.078746135485918634 0.021091591045935922 0.027948819489833659 -0.081512088369093696 -0.014749581814426871 -0.061387850037881012 0.0056551287667488187 0.032123784607787288 -0.006272119738229014 0.12606982074964879 -0.045538049974913661 -0.044349207034506344 -0.05927158613845749 -0.056734629516998675 0.034913959292498055 -0.042581010367032261 -0.0679534891895128 0.067496744953963836 0.054600498947291576 -0.0087246815594389671 0.0840997605422827 0.051339752452535505 -0.021036998486053966 -0.14958172751389712 -0.065079198259212587 0.012932309387072728 0.01416202092727604 0.011583714737669271 0.043686773573686305 -0.074457180666436626 0.05216093042998228 0.0032460397458591445 0.028943912270113548 -0.059373973315394957 0.015819180768257411 -0.026885549370053642 0.0029446738119704948
leaf_weight=830.84451798978955 5.7122378416752317 0.25999681236134975 46.824965372081351 17.50574930489535 67.550420326837411 1.4085470303547811 34.205916518942104 16.436429619117121 1.6395673831575539 7.0553312554693539 4.5809289537755822 35.487859477203244 29.799688541472278 81.006063052304398 9.8256391089580557 24.931196305838967 81.380998325924963 53.654337958905103 6.379705344505056 6.9159241257621025 34.433109460562832 12.8624263605343 1.7925727074371014 6.9787857821597745 3.483470332066644 8.7739978900619899 29.812101250983233 16.106290811711002 8.8290058891987524 59.433508003647603 18.813800991068945 211.48570795971699 30.031589250888373 23.84393107388405 0.69783666597504534 24.121873044417953 8.6301789806857396 20.407181040493469 12.939893495997239 113.4575972676613 18.95824469995182 15.254188366469238 1.4690409340546455 10.225048327699367 23.411236431797647 4.4664742851023211 12.467397741405874 25.283191296327008 2.145551952619825 6.32358080818085 51.453342198967221 11.052707437334902 188.71898619772554 7.9583959746159971 6.2237736850947831 17.787697305255278 8.8316814820354921 7.2758139878023931 2.1803865407000549 332.00091303862069 6.6368223194131124 19.350431972145657
leaf_count=81471 377 78 57116 137518 13546 2039 5695 50490 933 1779 359 36317 6955 221094 7417 10201 51827 27690 1473 746 11289 2982 2277 6156 768 13836 9807 4091 147332 25446 31360 85576 3325 11454 98 7315 2670 11466 3472 36771 37843 14256 108 4313 26303 7398 1291 10011 1061 949 10162 1771 51159 1095 756 1831 645 3241 349 168897 3244 60309
internal_value=-0.000673301 -0.00301196 -0.0279209 -0.035369 0.0037879 -0.0789638 0.0204237 0.0047782 0.0329802 -0.0200654 -0.00189568 -0.00530629 -0.0213882 -0.0344682 -0.0429344 0.00155178 -0.015435 -0.0567162 -0.00655375 0.00760219 -0.000896614 -0.059575 -0.0448334 -0.0106616 0.00662336 0.0128664 -0.0115527 -0.000372593 -0.00687951 0.0032853 -0.0212657 0.00744934 -0.0128938 -0.00530931 0.0102748 0.000413891 0.0266241 -0.0307138 0.0167415 0.0172682 -0.0311842 -0.0624958 -0.0577722 0.0092331 -0.0364806 0.0119453 0.00827943 -0.00197467 -0.0481257 -0.0460815 0.00116374 -0.0240746 0.018636 0.0283883 -0.00378294 0.0234048 -0.0288757 -0.010823 0.035709 0.0150231 0.0235562 -0.0195851
internal_weight=2789.82 1830.32 78.5068 72.7946 959.494 18.9143 128.65 57.2792 71.3704 53.8803 1751.81 880.612 375.038 258.436 228.636 871.202 224.519 160.217 199.588 116.602 180.346 19.2421 17.3068 68.419 505.574 345.727 130.007 58.5933 159.847 112.709 100.195 646.683 78.8636 74.2827 567.819 235.608 50.3391 44.2511 99.2957 332.212 47.1377 15.5142 10.243 51.6145 79.2111 92.3798 87.9133 41.3895 55.7999 7.02142 75.4459 23.9926 325.19 136.471 23.0139 53.2756 15.0555 15.906 69.7308 335.484 40.8427 38.3087
internal_count=1539604 1383876 198829 198452 155728 139557 74257 59429 14828 58895 1185047 849229 356542 315091 308136 335818 124850 276148 114649 41451 110194 4455 16611 31988 492687 183609 92994 24571 309078 63594 83187 210968 26604 26245 184364 92891 17200 22920 24840 91473 245484 14334 13944 18415 55054 24094 16696 14102 28751 1047 15405 5243 90426 39267 2496 38148 1401 5911 13895 169665 8939 98152
is_linear=0
shrinkage=0.1


Tree=78
num_leaves=63
num_cat=0
split_feature=48 46 46 31 0 15 28 42 16 14 26 42 15 13 28 23 28 8 39 32 24 42 15 28 26 36 38 0 19 18 3 28 31 24 31 19 3 0 18 8 31 18 34 29 3 28 22 14 23 28 18 46 50 0 28 29 0 3 47 46 0 14
split_gain=3.06917 2.69097 2.87942 2.49792 2.3104 2.12781 2.37632 1.88839 3.29044 7.04628 4.14994 3.5097 3.21447 5.39385 3.26222 3.09724 3.52118 2.86536 2.83289 2.63433 2.46545 2.33315 2.12961 2.1215 2.03995 2.26722 2.01115 3.79428 3.25302 3.29141 2.44461 1.98165 1.94658 3.78522 1.90533 2.04771 1.86608 2.05284 1.81857 1.76308 1.6912 1.68915 2.036 2.23605 2.02061 1.64666 4.57248 8.08576 3.40497 3.46014 2.39444 2.68994 3.39774 2.26822 2.19281 2.03509 2.08754 1.88403 1.90034 1.82493 1.86054 1.72561
threshold=1.0000000180025095e-35 13.500000000000002 11.500000000000002 104.00000000000001 3.6941639184951787 4.342454433441163 96.000000000000014 1.0000000180025095e-35 0.89587974548339855 3.6050398349761967 1.5000000000000002 6.0000000000000009 4.4845800399780282 1.7005987167358401 24.000000000000004 1900.0000000000002 1.0000000180025095e-35 0.89587974548339855 1.5000000000000002 56.000000000000007 240501391360.00003 1.5000000000000002 5.5169365406036386 96.000000000000014 1.5000000000000002 3.5000000000000004 3.5000000000000004 2.2154084444046025 100.00000000000001 8.1845164299011248 4.8278014659881601 24.000000000000004 88.000000000000014 240501391360.00003 120.00000000000001 180.00000000000003 3.1549592018127446 6.7438817024230966 11.182208061218263 0.89587974548339855 24.000000000000004 11.974382400512697 1.5000000000000002 112.00000000000001 2.3124864101409917 24.000000000000004 7168.0000000000009 4.8278014659881601 2352.0000000000005 1.0000000180025095e-35 9.1147212982177752 9.5000000000000018 6.5000000000000009 5.6077513694763192 6.0000000000000009 112.00000000000001 6.208071470260621 5.3611156940460214 13.500000000000002 10.500000000000002 7.6289963722229013 1.9944920539855959
decision_type=2 2 2 2 2 2 2 2 2 2 2 2 2 2 2 2 2 2 2 2 2 2 2 2 2 2 2 2 2 2 2 2 2 2 2 2 2 2 2 2 2 2 2 2 2 2 2 2 2 2 2 2 2 2 2 2 2 2 2 2 2 2
left_child=1 2 7 36 -2 6 -6 45 9 -9 17 12 19 14 34 16 -15 23 20 26 -13 -18 -16 -11 -23 -26 27 -10 -29 -30 41 -32 40 -34 -14 -36 -3 -38 -4 -17 -12 42 -28 -44 -43 48 50 -48 49 55 -47 52 -52 -51 -55 -1 -57 58 -53 60 -49 -50
right_child=4 3 38 -5 5 -7 -8 8 11 10 32 18 13 15 22 39 21 -19 -20 -21 -22 24 -24 -25 25 -27 30 28 29 -31 31 -33 33 -35 35 -37 37 -39 -40 -41 -42 44 43 -45 -46 46 47 59 61 53 51 57 -54 54 -56 56 -58 -59 -60 -61 -62 -63
leaf_value=-0.0033315669243798515 -0.042942040827029536 -0.025780088722361396 0.41285417140590686 -0.026517299108691279 -0.03841352915825462 0.019099006647518516 0.036329992058765116 -0.085188179957731036 -0.0076479319514667649 -0.051018203451829239 -0.092735567773029687 0.017469319987801369 0.01827587657273979 -0.088628286193020128 -0.008651054434114961 -0.066035564429506685 -0.027064571100851715 0.0011487389031193992 0.006916780352180356 0.0054046878215418528 -0.063360301182383824 -0.13576325756290894 -0.096345356732976284 -0.0042108699702702963 0.086209167998754013 -0.10351018601972084 0.06945265783118508 0.0021862359015628586 0.070809683723784697 -0.089915564064245904 0.066618005105963884 0.304356948723989 -0.0045841597014422862 -0.053623256815646371 0.22977949227531039 -0.058848468553769018 0.03853294588044516 -0.021832780065702162 -0.046872770514870307 -0.0087998938949165502 0.00053102403327704871 0.053147986685552706 0.066544640119557033 -0.073042084819312222 -0.03919942758327763 -0.06825133522206922 0.017322919093303725 -0.067417112280712094 -0.00072960815062387315 -0.066651569610887293 0.0067757615032196716 -0.047567302228971695 0.0606574797255863 -0.060935880642625055 0.0091795397275145005 0.056192022914739993 -0.058539215559084569 -0.069669204012363831 -0.00025564481514707551 -0.01158138694981805 0.11365233579736084 0.013280549906665499
leaf_weight=161.1107091959023 7.2352842212499118 6.3599243030748758 0.086514394376421389 10.894188553648403 13.973931185573976 142.6840411362225 6.1149775136691451 12.542259134393701 246.31970916597948 46.062033115793668 1.9588445732541107 5.7989720120976935 44.143773304320348 4.2064697084579192 6.1137844128097623 34.835118892402988 6.8441561696972695 22.036260372668494 459.35046232513241 235.11863593907856 10.804436699756479 0.53058371269344196 5.0620524325695442 12.260533899062692 6.3937303304410307 0.69873704263954994 7.2757232229887485 8.1005811703544186 1.3974900691355276 14.433841215474329 1.2998780905973024 0.48010905947739946 57.190482116556268 21.717031210304867 0.25827388420293473 5.0916361366644196 48.094693422394585 6.380842349271119 15.887818426792476 6.3653590724684355 260.19746581648087 3.158834437112092 1.9675439924758391 2.7538353593772626 9.4804009098888837 4.7035591765888958 25.32644425907074 33.433153392643362 120.70152853254604 13.712411232557256 138.42173518989347 10.077343181095157 12.784129449787768 6.6552108921833915 13.52505303034161 10.467779546524978 1.8690433517040208 5.3153433689587919 53.889192577871881 8.1205954118981918 0.57727507557137769 323.63339197516621
leaf_count=22623 3975 3958 1520 46218 6298 53469 747 16887 60508 107831 18676 3442 5866 699 1439 45082 3417 5783 69589 33244 5110 402 2709 13494 950 646 1428 2109 223 12999 558 275 29702 29004 217 2625 46727 26300 188667 9231 103497 469 809 1350 5786 379 7166 19508 2060 62926 31746 17000 15155 52793 30582 432 238 33524 44961 14273 450 209853
internal_value=-0.00066531 -0.0015183 -0.0020614 0.0175809 0.0123511 0.0148089 -0.0156619 -0.00179168 -0.00392567 -0.0113257 -0.00912743 -0.00107944 -0.00584347 -0.0205875 0.000426594 -0.0418808 -0.00809741 -0.0295713 0.00545002 -0.00250133 -0.0351294 0.0153177 -0.0483719 -0.0411784 0.0533694 0.0675184 -0.0087671 -0.0113413 -0.0493551 -0.0757278 0.017568 0.130742 -0.00431061 -0.0180808 0.0114454 -0.0449146 0.0254779 0.0314622 -0.044383 -0.0571928 -0.000165868 0.00939106 0.0362673 -0.014872 -0.0161197 0.00173869 -0.00449269 -0.027331 0.00453702 -0.00604465 0.00234866 0.00385473 0.0113313 -0.0352684 -0.0139437 -0.000334151 0.0388101 -0.0124628 -0.00770916 -0.054174 -0.0643437 0.00947476
internal_weight=2764.29 2594.28 2522.55 71.7296 170.008 162.773 20.0889 2506.57 1562.25 433.965 421.423 1128.28 652.33 120.544 60.6695 59.8742 18.6737 80.3588 475.954 531.787 16.6034 14.4672 11.1758 58.3226 7.62305 7.09247 296.668 270.252 23.9319 15.8313 26.4163 1.77999 341.064 78.9075 49.4937 5.34991 60.8355 54.4755 15.9743 41.2005 262.156 24.6363 11.9971 4.72138 12.6392 944.324 292.649 67.4575 651.675 207.34 225.191 220.488 151.206 33.8927 20.1803 173.448 12.3368 69.2819 63.9665 42.131 34.0104 444.335
internal_count=1539604 1475115 1351912 123203 64489 60514 7045 1161725 596056 324874 307987 271182 193041 73283 12856 60427 6114 127108 78141 119758 8552 5415 4148 121325 1998 1596 86514 75839 15331 13222 10675 833 180879 58706 8708 2842 76985 73027 190187 54313 122173 9842 3587 2159 6255 565669 184162 41397 381507 169594 142765 142386 46901 146301 83375 23293 670 95485 61961 34231 19958 211913
is_linear=0
shrinkage=0.1


Tree=79
num_leaves=63
num_cat=0
split_feature=48 46 46 31 0 39 36 34 26 31 0 42 16 14 26 42 14 13 28 23 8 42 28 39 30 14 14 39 28 8 21 13 30 13 31 30 0 19 24 32 23 31 29 0 28 31 0 29 0 23 32 1 37 28 22 0 31 18 36 0 19 13
split_gain=2.79789 2.23262 2.49313 2.15225 1.96777 1.779 2.18652 3.18103 3.36363 1.79905 1.68416 1.56209 2.86365 5.9139 3.83364 2.88598 2.75576 5.27031 3.97886 3.39881 2.73575 2.59337 2.55403 2.43562 2.79088 6.89167 4.71934 6.40756 4.31516 6.92734 4.15757 3.91058 2.95512 2.7714 2.74354 4.18342 2.98185 2.50587 2.42319 2.24535 2.22475 6.03334 3.84406 2.38753 2.90886 2.20144 2.25613 2.19324 2.50901 2.17669 2.06551 3.06252 2.0387 1.9908 1.9464 1.90137 2.10939 1.88149 1.78644 1.76435 1.65642 1.75539
threshold=1.0000000180025095e-35 13.500000000000002 11.500000000000002 104.00000000000001 3.6941639184951787 1.5000000000000002 3.5000000000000004 1.5000000000000002 1.5000000000000002 56.000000000000007 4.7789824008941659 1.0000000180025095e-35 0.89587974548339855 3.6050398349761967 1.5000000000000002 6.0000000000000009 4.4845800399780282 2.2499048709869389 1.0000000180025095e-35 1900.0000000000002 0.89587974548339855 1.5000000000000002 24.000000000000004 1.5000000000000002 80.000000000000014 4.2844183444976816 4.2844183444976816 3.0000000000000004 96.000000000000014 0.89587974548339855 112.00000000000001 2.9700856208801274 40.000000000000007 1.7005987167358401 56.000000000000007 56.000000000000007 3.6941639184951787 80.000000000000014 240501391360.00003 56.000000000000007 2202.0000000000005 120.00000000000001 192.00000000000003 4.9182729721069345 24.000000000000004 88.000000000000014 5.5169365406036386 112.00000000000001 6.9245815277099618 2352.0000000000005 96.000000000000014 4.0769624710083017 3.0000000000000004 96.000000000000014 7168.0000000000009 4.2844183444976816 56.000000000000007 11.974382400512697 3.5000000000000004 5.3393952846527108 280.00000000000006 5.4457051753997812
decision_type=2 2 2 2 2 2 2 2 2 2 2 2 2 2 2 2 2 2 2 2 2 2 2 2 2 2 2 2 2 2 2 2 2 2 2 2 2 2 2 2 2 2 2 2 2 2 2 2 2 2 2 2 2 2 2 2 2 2 2 2 2 2
left_child=1 2 11 5 -2 10 7 -7 -9 -8 -3 60 13 -13 20 16 39 22 -19 21 53 -20 -18 38 26 45 34 -28 33 31 32 -30 -29 -27 36 47 -25 -34 -17 55 41 43 49 -35 -45 46 -26 -36 57 -42 51 -37 -32 -15 -47 -14 -57 -49 -23 -51 -1 -62
right_child=4 3 -4 -5 -6 6 9 8 -10 -11 -12 12 15 14 -16 23 17 18 19 -21 -22 58 -24 24 25 28 27 30 29 -31 52 -33 37 40 35 50 -38 -39 -40 -41 42 -43 -44 44 -46 54 -48 48 -50 59 -52 -53 -54 -55 -56 56 -58 -59 -60 -61 61 -63
leaf_value=0.0036436860175050401 -0.039497912781945151 0.052767182720188613 -0.042402021145904252 -0.026009505590971056 0.014065496096188127 0.02324881113362403 -0.00013935094632837533 0.008047734110975157 -0.16895348184970677 0.051603656607565766 -0.072688008485928532 -0.080373187851620592 -0.0091377168110655712 -0.050373638262493553 -0.0040807441029785179 0.016992523188687044 0.009340578931553916 -0.089179079982902407 -0.03336569582816603 -0.050046411584460618 0.0011447653352174682 0.081398449716680032 -0.047313445699167046 0.087333835710125374 0.024963491175172037 -0.025964861087538895 -0.072615957207430221 -0.074857849202894539 -0.10675138008404883 -0.15684436958770373 0.0014713110809649486 0.026108722014612396 -0.030594111440071348 0.063642903594061398 0.014808983958084013 0.0056371626813764382 0.00013291168181954035 0.020025296038202564 -0.06374133992773777 0.0046742735055236391 -0.09214694942275492 0.073657827126097794 0.0060068724951377441 0.031522978667881618 -0.098298446837818118 -0.056807337751700548 -0.13774750702867919 -0.084596204876457512 0.15760841611919824 0.01461993356983932 0.01683256908365648 -0.048433943591551974 0.047466589584449145 -0.0044440570195451341 -0.0088760447418672044 -0.015024490776084004 0.13881613682518854 0.054889680509688114 -0.10340241857295301 0.061472919302570241 0.0024963139070185215 -0.016256879577186224
leaf_weight=739.52994404162109 7.1627578494585 1.5451124051509726 15.183034221626711 10.519680811396027 161.53684543354035 12.413995548588675 8.5329118576273668 2.2469636146190615 2.0560387236657789 31.61904507909901 3.4803238457547536 11.834003903231347 299.67577168655862 43.777371668941271 338.42078438600674 5.9311212907505224 47.576457024879346 14.404850196136065 5.1389058022889476 20.305680505720147 22.030692268347138 5.4011158845787577 9.5554422171244351 9.2846958675727382 13.182586594843084 8.245051867739674 17.007054386667733 9.6101213747588172 2.6137033722188834 3.0878203865795504 28.24731884099765 14.53757566618151 29.19077076126996 2.7567275628243788 42.530450469788775 19.140046756529046 6.7886148453399064 14.706819162496684 9.9620938809121071 239.87712172847614 1.1045960943447415 32.421025175218801 49.552829064629805 2.8954834695923637 4.2730815953109413 16.762502646704434 0.91107310492225302 1.0664361894214369 2.2405470206576856 10.642871526528323 17.578338216786506 23.137395731999277 14.626596202662766 12.030661107298327 17.130011639379518 1.7287631449498797 1.839811915064274 10.374693930716601 0.57919022872829362 32.829835564698442 102.70373819821566 97.109106279126308
leaf_count=365122 3975 2707 190187 46218 60514 12330 17323 3662 2317 24103 14543 16887 88533 107831 180879 3442 9894 5767 2708 41019 5783 910 4741 1043 1634 965 4830 3022 525 303 5755 1278 3924 166 3627 2874 798 2342 5110 35671 130 4739 5898 512 168 8675 180 242 116 1366 1238 3924 1444 13494 2510 2077 1006 1590 715 3771 11582 188965
internal_value=-0.000684899 -0.00150211 -0.0020029 0.0158081 0.0117913 0.0229155 0.0279553 -0.00243353 -0.0765261 0.0406075 -0.0341158 -0.00175635 -0.00370794 -0.010665 -0.00868323 -0.00104984 -0.00539859 -0.0203984 -0.0456592 -0.0257101 -0.0286936 0.0187324 -0.000134938 0.00487307 0.00620718 0.014585 -0.00105881 -0.0160254 0.0242877 -0.0189616 -0.00603969 0.00586202 -0.024631 0.0303361 0.0117838 0.00642174 0.0505042 -0.0136353 -0.0336126 -0.00255501 0.0337374 0.0527731 0.0251738 -0.0154471 -0.0458618 -0.0187699 0.0144452 0.0260123 0.0608388 0.0464801 -0.0119763 -0.0239546 0.0171628 -0.0404725 -0.0325818 -0.00827363 0.0642895 0.0418881 0.0635006 0.0500025 0.00146092 -0.00661774
internal_weight=2744.19 2575.49 2503.07 72.4141 168.7 61.8944 56.869 16.717 4.303 40.152 5.02544 2487.89 1548.55 428.094 416.26 1120.45 646.083 102.962 45.8297 31.4249 77.8387 11.1192 57.1319 474.37 458.477 212.947 245.53 113.389 164.961 20.2391 96.3816 17.1513 53.5077 144.722 132.141 116.068 16.0733 43.8976 15.8932 543.121 136.476 42.3463 94.1301 9.92529 7.16857 47.9862 14.0937 56.2121 13.6817 44.5773 59.8558 42.2774 42.8739 55.808 33.8925 303.244 3.56858 11.4411 5.98031 43.4727 939.343 199.813
internal_count=1539604 1475115 1351912 123203 64489 76985 59735 18309 5979 41426 17250 1161725 596056 324874 307987 271182 193041 65754 51119 45352 127108 4333 14635 78141 69589 32820 36769 21317 19821 2106 16487 1803 9288 17715 15452 13611 1841 6266 8552 127287 16750 5585 11165 846 680 12999 1814 5575 1948 5267 8036 6798 7199 121325 11185 91616 3083 1832 1625 5137 565669 200547
is_linear=0
shrinkage=0.1


Tree=80
num_leaves=63
num_cat=0
split_feature=28 28 1 19 8 46 18 28 44 47 3 0 49 27 23 30 39 14 18 38 38 31 30 36 35 1 4 13 13 15 15 18 35 18 42 19 0 26 46 2 3 0 34 39 18 0 28 19 37 49 18 12 29 27 13 14 3 3 0 38 30 24
split_gain=2.93589 4.00093 4.93607 4.52773 2.98284 2.94105 2.5704 8.03778 2.45834 2.40484 4.94136 4.2147 2.24099 2.12514 3.94379 3.98608 3.20629 2.885 2.77974 2.66802 2.4655 3.31634 4.28736 5.17346 2.9087 2.62948 2.58177 4.27088 2.55937 2.55334 2.27572 2.22112 2.21904 2.13194 2.48384 2.09036 2.41372 2.22304 2.49162 2.0292 2.0214 1.99922 1.91759 2.17086 2.02266 1.8511 1.84065 2.95911 1.81216 1.8074 1.76491 2.24226 1.88092 1.70727 1.68972 1.65492 1.64032 1.67038 1.72181 1.53396 1.70571 1.63189
threshold=-1.0000000180025095e-35 1.5000000000000002 2.6155543327331547 180.00000000000003 0.89587974548339855 7.5000000000000009 12.798708438873293 96.000000000000014 1.0000000180025095e-35 1.0000000180025095e-35 4.094205617904664 3.6941639184951787 3.5000000000000004 3.5000000000000004 2352.0000000000005 112.00000000000001 1.5000000000000002 4.2844183444976816 8.5999870300292987 6.5000000000000009 3.5000000000000004 104.00000000000001 80.000000000000014 5.0000000000000009 1.5000000000000002 4.0769624710083017 1.2424533367156985 2.1383330821990971 2.2499048709869389 4.4845800399780282 3.8026961088180546 8.3768882751464862 1.5000000000000002 13.268710613250734 1.5000000000000002 280.00000000000006 1.4978661537170412 1.5000000000000002 1.0000000180025095e-35 4.9706082344055185 7.2464921474456796 7.4871635437011728 1.5000000000000002 3.0000000000000004 12.568491935729982 7.5973236560821542 24.000000000000004 80.000000000000014 3.0000000000000004 6.5000000000000009 8.5999870300292987 1.0397207736968996 112.00000000000001 5.5000000000000009 2.8617925643920903 4.9182729721069345 7.4813475608825692 3.3576917648315434 3.3576917648315434 7.5000000000000009 80.000000000000014 17137926144.000002
decision_type=2 2 2 2 2 2 2 2 2 2 2 2 2 2 2 2 2 2 2 2 2 2 2 2 2 2 2 2 2 2 2 2 2 2 2 2 2 2 2 2 2 2 2 2 2 2 2 2 2 2 2 2 2 2 2 2 2 2 2 2 2 2
left_child=5 2 -2 4 41 13 -3 46 -9 39 12 -12 -11 19 15 17 48 18 -15 33 24 22 23 25 26 -22 31 -28 53 -25 -17 -18 -32 35 -35 -1 -37 38 -38 45 -5 59 -20 44 -44 56 -8 -48 -16 -43 -34 -52 -53 -24 -19 -30 57 -7 -59 -4 61 -61
right_child=1 6 3 40 -6 9 7 8 -10 10 11 -13 -14 14 16 30 20 54 42 -21 21 -23 28 29 -26 -27 27 -29 55 -31 32 -33 50 34 -36 36 37 -39 -40 -41 -42 49 43 -45 -46 -47 47 -49 -50 -51 51 52 -54 -55 -56 -57 -58 58 -60 60 -62 -63
leaf_value=0.0088783697321780913 0.063673047564441851 -0.00021320775943583148 -0.055712968397854792 -0.086968498421559917 0.038914029676808133 -0.023732598198851332 -0.081079489747728203 0.039007065819673226 -0.0082160478203996256 0.048845297245968575 0.025803337216834723 -0.058434841474571647 -0.0099442031475888773 -0.093968806393087634 -0.10183278987762817 -0.022678750042101559 0.10949742980650248 0.01159816066135066 0.033514156050418707 -0.087373081818161169 0.0074237427798228622 -0.023485844906802278 -0.071597531127848141 0.0038005363599385362 -0.11090896983940267 0.074422747626192429 -0.093471887623092678 0.019047870061108297 0.088061828056600677 -0.051137777357439823 -0.023222928512817896 -0.050067671763723245 -0.065381609854410785 0.019724838749819222 0.097523715510538012 0.0024287292019070698 0.015417512240113854 -0.058466805197951999 -0.05165171255269102 -0.086325712088086745 0.045975464244471263 -0.0035297690290369368 -0.046176209479299207 -0.058001831166864096 0.138319994556766 -0.048946069463716366 0.023047059570880473 -0.051540452256238795 -0.033023932330075022 0.20099317169583375 0.038830419312918495 -0.036840356163924802 0.11040249954259972 0.074373081273698183 -0.058996147028210738 0.022983025476726572 -0.056520161302199973 -0.053683706595995861 0.046891522798691694 -0.046176150512236405 -0.049743805919139135 0.021795553170454385
leaf_weight=363.72775864579205 5.8577232465031548 1620.9012240648992 16.625097679329443 15.551046020122884 7.9351870211203268 3.8827387389609944 12.283288660472861 19.232099421642488 25.828909735875641 21.224334721326162 9.218115664383733 16.699346369405987 9.3361017605375292 2.3742976682260624 5.3167376568599147 6.0872852830289039 2.4149272251233964 4.6165261298301639 22.198117560670656 3.0347585549079659 18.785623920521179 52.445481185870449 2.599705500702842 13.919239894617929 4.5685890644454039 8.512031303427646 7.314829049842956 6.2604129051869677 10.842419011401946 21.568680413034599 4.4293746176226696 1.3656995086948889 1.2300681432170666 38.192996688369931 4.5977137748268424 105.72993268922437 15.547323961880466 14.083032762289006 8.6045964628226557 1.4336828833838797 1.2345016146268779 1.1254065956208581 1.0757404403702815 5.5614325641508913 1.3275199230993164 2.5952275597401231 6.7854971200822574 24.610626040843044 13.663875064601598 0.70136983431143551 21.90036665257503 0.96059943735599773 8.9576417228963674 1.1582318588625642 12.767972285514588 6.1091699000171493 1.8172340397650248 1.753477679521892 58.176794147128021 4.9783601531562498 10.109906293131187 12.158420100763124
leaf_count=27941 373 1141711 45952 137756 1777 354 24696 2829 3377 3250 1921 50889 3335 146 981 1417 110 668 1143 1767 2405 9253 207 849 1302 413 290 750 793 3369 1473 1062 246 1673 138 3204 626 3506 4000 950 1979 3411 67 567 44 840 1371 10952 2046 660 3312 46 681 89 4188 774 340 271 12042 1805 3019 2021
internal_value=0.000268953 -0.00212022 -0.0245283 -0.0318652 -0.0176798 0.00476045 -0.00112046 -0.0176921 0.0119388 0.0189803 0.00364573 -0.0284737 0.0308853 0.0025833 -0.00468422 0.0119281 -0.0134661 -0.00736156 0.0102104 0.00613268 -0.00879715 -0.00377836 0.00860043 -0.00441384 -0.0399157 0.0283156 -0.0212281 -0.0415818 0.0480561 -0.0295896 0.0340321 0.0518567 0.0432432 0.00664817 0.0280841 0.00484145 -0.00535785 -0.0268898 -0.00847722 0.0314132 -0.0771911 -0.0275068 0.018411 -0.0236826 0.0557363 0.0338874 -0.0482603 -0.0354202 -0.0522983 0.0749945 0.0521514 0.0566951 0.0961418 -0.026608 -0.0402495 0.0646081 0.0371629 0.0398307 0.0439488 -0.0317749 -0.0171686 0.00204928
internal_weight=2735.91 1785.92 76.277 70.4193 53.6337 949.988 1709.64 88.7404 45.061 126.137 56.4779 25.9175 30.5604 823.851 270.333 93.4869 176.846 49.9216 32.5371 553.518 157.865 135.941 83.4951 62.7856 21.9245 27.2977 17.3559 13.5752 20.7095 35.4879 43.5653 3.78063 37.4781 550.483 42.7907 507.693 143.965 38.235 24.1519 69.6592 16.7855 45.6986 30.1628 7.96469 2.40326 68.2255 43.6794 31.3961 18.9806 1.82678 33.0487 31.8186 9.91824 3.75794 17.3845 16.9516 65.6302 63.813 59.9303 43.8718 27.2467 17.1368
internal_count=1539427 1383689 198753 198380 58645 155738 1184936 43225 6206 74192 59395 52810 6585 81546 38691 13998 24693 6823 1967 42855 21666 18152 8899 7036 3514 2818 2212 1040 1863 4218 7175 1172 5758 41088 1811 39277 11336 8132 4626 14797 139735 56868 1821 678 111 13847 37019 12323 3027 4071 4285 4039 727 296 4856 1567 13007 12667 12313 52797 6845 3826
is_linear=0
shrinkage=0.1


Tree=81
num_leaves=63
num_cat=0
split_feature=28 28 3 19 18 24 18 14 13 21 18 14 14 31 8 28 28 12 22 3 8 19 16 30 19 23 14 16 29 28 46 28 14 36 16 18 3 46 14 28 15 28 31 9 28 13 23 12 4 30 49 34 15 14 45 50 3 28 8 46 7 8
split_gain=2.92186 3.32118 16.223 13.8616 9.08163 5.98636 9.02755 9.96706 5.94233 11.8847 5.71632 5.30733 5.29564 5.2543 5.02342 4.21768 4.21599 3.63004 3.49485 3.21775 3.21152 3.20946 3.11943 4.29832 3.31256 2.98287 4.0427 2.96435 4.63679 3.00266 2.88786 2.7847 2.83739 2.77254 2.57752 2.55637 7.56476 2.52781 3.02531 2.46078 2.36519 3.29201 2.33666 2.88354 3.35509 2.69745 2.6811 3.53394 3.88013 3.48066 3.18782 2.64386 3.95862 3.70308 2.62826 3.58398 4.07333 2.69425 3.56306 2.26918 2.25058 2.74466
threshold=1.0000000180025095e-35 24.000000000000004 5.1720471382141122 100.00000000000001 8.0407161712646502 17137926144.000002 9.8693399429321307 4.8278014659881601 2.0126758217811589 112.00000000000001 10.790835380554201 5.5169365406036386 4.2844183444976816 88.000000000000014 0.89587974548339855 12.000000000000002 96.000000000000014 2.4414010047912602 7168.0000000000009 3.1549592018127446 1.3540251255035403 62.000000000000007 2.1910133361816411 80.000000000000014 80.000000000000014 2352.0000000000005 5.6077513694763192 2.1910133361816411 192.00000000000003 12.000000000000002 7.5000000000000009 1.5000000000000002 6.9047427177429208 7.0000000000000009 2.7803407907485966 7.4813475608825692 4.8278014659881601 7.5000000000000009 6.3293142318725595 96.000000000000014 6.206118345260621 1.5000000000000002 72.000000000000014 0.89587974548339855 48.000000000000007 2.8617925643920903 2202.0000000000005 1.0397207736968996 1.2424533367156985 112.00000000000001 8.5000000000000018 1.5000000000000002 4.342454433441163 4.2844183444976816 3.5000000000000004 15.500000000000002 4.9182729721069345 96.000000000000014 0.89587974548339855 5.5000000000000009 1.0000000180025095e-35 0.89587974548339855
decision_type=2 2 2 2 2 2 2 2 2 2 2 2 2 2 2 2 2 2 2 2 2 2 2 2 2 2 2 2 2 2 2 2 2 2 2 2 2 2 2 2 2 2 2 2 2 2 2 2 2 2 2 2 2 2 2 2 2 2 2 2 2 2
left_child=30 2 3 10 14 6 -3 16 13 22 -2 27 34 33 -5 -13 17 -8 -14 -18 -6 -9 25 24 -24 26 -10 -11 29 -29 -1 32 -27 -4 -12 36 -7 -20 -39 60 41 -25 46 45 -45 -44 47 54 49 -49 -48 52 -47 -53 55 56 57 58 -37 -33 -23 -62
right_child=1 5 8 4 20 35 7 21 9 11 12 15 18 -15 -16 -17 19 -19 37 -21 -22 39 23 40 -26 31 -28 28 -30 -31 -32 59 -34 -35 -36 42 -38 38 -40 -41 -42 -43 43 44 -46 51 50 48 -50 -51 -52 53 -54 -55 -56 -57 -58 -59 -60 -61 61 -63
leaf_value=0.0026081543853676867 0.098241580013836982 -0.096117057896181912 0.028916481347606944 -0.016476648780828669 -0.067785194167478885 0.015002462013466717 0.036352080177043777 0.029378806804038916 -0.04823865349951053 -0.092615607342273129 -0.05204679408887404 -0.059294373693586533 -0.028807171692765955 -0.020419282151699372 0.11157232431064355 0.023644793350947185 0.05099921946704386 -0.16904867188713435 0.01732486429102539 -0.041100346014653205 0.013651557494670711 -0.04636259568450371 -0.0353782743890231 -0.040673396710091375 0.035994615375512178 -0.070955245299656647 0.0077758100687223969 -0.079288767977656119 -0.10575120187469789 0.042416514791141169 0.018921055632627932 0.020428977862179447 0.056490513515906483 0.076239783851072301 0.035482273349642456 -0.017610662493724782 -0.089775658671082628 0.16309222667771991 -0.062318088002311568 -0.093774614612894658 0.10700979737990952 0.052820772710634449 -0.011078793270981711 0.044315834782509181 -0.050979578820387388 0.08240570251797151 0.0087360583564136691 -0.038108279275665478 -0.070535272901579446 0.054842050023181259 -0.066930195304151743 -0.014863417732875573 -0.055768157640540161 0.056285288612321065 -0.031287263232141586 0.028128198819412399 -0.025294449366373969 0.01429611621661352 0.020024045973970821 -0.011116722915463589 0.063687660904730034 -0.13320247798344151
leaf_weight=814.56102710827497 5.3517530729113778 13.501397674486723 47.87234101684254 11.226210008802807 98.07165735277917 17.781985174251535 46.040075808277834 5.8610101358208331 25.03372058799124 19.768668893955891 27.639336894545384 9.8149485098256566 17.429403294018812 17.645909789403959 4.2136337248048212 16.336787949425172 4.8793397717754514 0.87679886788828199 40.601126872312761 17.046020201726606 5.0940245061719898 37.310749030971692 14.503179308067162 4.4631418397389124 11.788180857334735 7.7003760435310067 26.549267530694266 2.8506494790713059 5.7440671805547927 7.0173014331348895 125.201194492539 95.452958212900739 2.2594902726818873 16.698615850247734 3.8305848953150408 86.921876658297862 11.249902130400185 2.4749031034584728 0.7840467996488768 9.8149013542069934 6.0575990999172964 24.114417557510023 14.804483529112529 5.5933957893394135 10.882845193813408 3.0315801856067974 489.7446537925299 10.202562529635545 15.661005407266201 6.657459246205689 5.6318942778974579 8.7153857580990444 6.5604465931917275 45.534631774038758 25.560095373527247 45.435072312715079 60.134151110985584 121.70895274358986 35.402076367498012 29.960043561784914 3.8166449598393219 0.86926683250931081
leaf_count=81546 1378 2719 9304 5369 345795 2023 9434 737 86466 68255 14268 76970 10582 7413 1995 19318 763 74 16865 3980 3496 27179 3082 2050 11806 10942 95135 8733 5184 2241 74192 24906 4841 3033 759 44667 5101 6648 5329 14027 1521 6027 10760 1661 3291 1637 167454 4446 3378 643 20364 5114 12368 29139 9246 16924 78662 23983 4219 19233 643 109
internal_value=0.000272483 -0.00211399 -0.0081047 -0.0300571 -0.0530592 0.00100831 -0.0183891 -0.0100942 0.00404306 -0.00230659 -0.00225012 -0.041643 -0.00804799 0.0279393 0.0184687 -0.00748292 0.0155962 0.0325135 0.00907324 -0.0206042 -0.0637641 -0.0407601 0.00745798 0.0271088 -0.00337702 0.00105402 -0.0194085 -0.0668925 -0.0343208 0.00725834 0.00478146 0.00885116 -0.042043 0.0411547 -0.0413926 0.00365231 -0.0255992 0.0241264 0.108862 -0.0486943 0.0502505 0.0382192 0.00450308 0.0194107 -0.0186285 0.0273798 0.0029328 -0.00307346 -0.0346959 -0.0014053 0.00787582 0.0362981 -0.012098 0.0448551 -0.000332263 0.00193092 -0.00198231 0.00376222 -0.00671871 0.012893 -0.0381587 0.0271633
internal_weight=2715.34 1775.58 608.348 216.717 118.606 1167.23 140.016 126.515 391.632 309.415 98.1112 61.5324 92.7594 82.2169 15.4398 26.1517 68.8422 46.9169 61.2895 21.9254 103.166 57.6726 247.882 60.9265 26.2914 186.956 51.583 35.3807 15.612 9.86795 939.762 135.373 9.95987 64.571 31.4699 1027.21 29.0319 43.8601 3.25895 51.8116 34.6352 28.5776 998.183 95.1228 16.4762 78.6465 903.06 407.683 32.521 16.86 495.377 63.842 9.59203 54.25 375.162 349.602 304.167 244.033 122.324 125.413 41.9967 4.68591
internal_count=1539427 1383689 878944 412484 356655 504745 59665 56946 466460 446710 55829 180701 54451 19750 7364 96288 14251 9508 39424 4743 349291 42695 266009 24486 14888 241523 181601 84413 16158 10974 155738 59922 15783 12337 15027 445080 7124 28842 11977 41958 9598 8077 437956 63970 4952 59018 373986 186168 8467 5089 187818 48258 14005 34253 177701 168455 151531 72869 48886 44139 27931 752
is_linear=0
shrinkage=0.1


Tree=82
num_leaves=63
num_cat=0
split_feature=32 36 0 42 45 15 45 21 47 18 49 50 47 22 0 45 47 0 19 24 46 28 28 13 8 13 28 18 23 19 42 8 27 28 0 50 15 28 3 47 3 28 13 13 8 13 48 49 34 14 0 23 36 16 15 15 3 51 47 15 49 0
split_gain=2.39897 2.70587 2.31079 2.87486 1.6258 1.87642 1.63787 1.86206 1.56173 1.41293 1.39376 1.42157 4.01722 2.99256 2.47006 2.26891 2.11237 3.46762 1.98848 1.84891 1.53467 1.28698 1.85317 3.3064 2.7744 1.76199 1.67208 1.59409 2.19403 1.49527 1.40022 1.41406 1.39747 1.33709 1.25086 2.63079 4.77496 2.06828 1.79275 1.64826 1.6196 1.24737 2.72455 1.80655 1.39702 1.2251 1.37242 1.29555 1.22099 3.0322 2.0602 2.42496 1.71577 1.58643 1.64503 1.22012 1.20562 4.44744 3.33731 5.57512 5.49504 5.94113
threshold=20.000000000000004 1.5000000000000002 2.7361353635787968 3.0000000000000004 1.5000000000000002 3.8026961088180546 3.5000000000000004 112.00000000000001 16.500000000000004 12.412114620208742 4.5000000000000009 10.500000000000002 9.5000000000000018 7168.0000000000009 3.6941639184951787 1.0000000180025095e-35 15.500000000000002 4.9182729721069345 180.00000000000003 17137926144.000002 3.5000000000000004 96.000000000000014 1.5000000000000002 4.1343660354614267 0.89587974548339855 4.6712541580200204 12.000000000000002 9.3496999740600604 1900.0000000000002 100.00000000000001 3.0000000000000004 1.3540251255035403 1.0000000180025095e-35 24.000000000000004 6.851041555404664 9.5000000000000018 5.1720471382141122 6.0000000000000009 5.9098556041717538 22.500000000000004 6.2383227348327646 24.000000000000004 2.8029010295867924 2.8029010295867924 0.89587974548339855 2.3502402305603032 1.0000000180025095e-35 14.500000000000002 7.0000000000000009 6.7153363227844247 6.4247851371765146 1900.0000000000002 2.5000000000000004 1.2424533367156985 4.7789824008941659 5.8491752147674569 3.1549592018127446 1.5000000000000002 11.500000000000002 4.6510493755340585 1.5000000000000002 4.1426305770874032
decision_type=2 2 2 2 2 2 2 2 2 2 2 2 2 2 2 2 2 2 2 2 2 2 2 2 2 2 2 2 2 2 2 2 2 2 2 2 2 2 2 2 2 2 2 2 2 2 2 2 2 2 2 2 2 2 2 2 2 2 2 2 2 2
left_child=4 2 21 -4 10 -6 -7 -8 -9 -5 56 12 13 -12 45 20 17 -14 -17 34 -16 22 25 29 -25 -2 -26 28 -23 41 31 -27 -28 -31 -18 36 -36 38 39 -37 -38 43 -43 -24 -45 -13 47 -47 50 53 55 52 -52 -50 -55 -3 57 -1 -58 60 61 -60
right_child=1 48 3 9 5 6 7 8 -10 -11 11 14 16 -15 15 18 19 -19 -20 -21 -22 27 23 24 26 30 32 -29 -30 33 -32 -33 -34 -35 35 37 40 -39 -40 -41 -42 42 -44 44 -46 46 -48 -49 49 -51 51 -53 -54 54 -56 -57 58 -59 59 -61 -62 -63
leaf_value=0.0035584994445887752 -0.020394947901543999 0.0030638410284295711 -0.049786232778874256 -0.057013422999695029 -0.031945470081641426 0.022204231541229594 -0.032211347468648607 0.028510693340510075 -0.1026807410631659 0.0010852232607714725 -0.10745900016955767 -0.026549758642180749 -0.032524066330949501 -0.0020799065883637629 0.033442723060716995 0.007653028388613899 -0.00037182409761859743 0.034580632554287678 -0.056219046172638114 -0.071440985458216227 -0.0035874305318245921 0.17321542809249757 0.13537720093281094 -0.071332192566613883 -0.081175075021826304 0.033313868824248423 0.051430933346003807 0.016208578789358618 -0.070813268819039127 -0.039609750504003283 -0.13082811378198009 -0.045250406358999622 -0.019331191310029545 0.0051236594067484639 -0.086728442037278641 -0.10004038324383467 0.35256408220511937 -0.092401395419749482 -0.086016708975556189 0.046118348868660085 0.93657346005928965 -0.1004364121713503 0.060499127356918619 -0.079967913482151903 0.08081814417244787 0.050865768641926185 -0.062167053514022332 -0.10723955210613721 -0.060396855827518248 0.05638014254648277 0.064098584327183669 -0.052668933695002466 -0.019892539987359806 -0.033506812697569249 0.011811331243213105 -0.020048109922581481 0.0029762127761682189 0.055184715752041105 0.03724037930044103 -0.054187024359513947 0.043835002787508029 -0.051926005807780201
leaf_weight=99.413998883387421 16.950407783640912 494.94555447628494 33.72363292975507 4.9542084255431318 8.711004100712044 96.771005804397305 13.373923225957071 13.403792105991668 0.9732800882138698 26.991954866289689 7.578148643948948 3.2529921808127282 11.748853532111751 4.1820007400150416 12.824082924207685 7.3843263151129603 25.759403472726717 22.34879512183818 14.338512893482941 6.3620967619842039 87.935644502115736 0.40633451618486915 2.2493961350701284 17.914885035972475 3.2406637036892816 21.818936280463227 3.6955307950265679 33.888126951918821 3.9501784092717571 10.869904370425504 0.59010964789194886 2.5597325828548483 11.400652149473899 17.342420309330919 0.28409667908999559 0.93968077692625218 0.15565584406431299 5.6112749267631443 2.2924319251615088 4.3129245717300364 0.068332591545186006 1.730517126386985 2.6826805904274806 0.99200118501903345 1.1870092257158829 18.216232890595627 1.2422570540311415 0.53345363198241003 9.6908763117730796 5.1529188265885741 3.7445507681060803 15.148199764890364 6.939569181079321 18.948316135572895 13.875495424577819 23.946946645278842 1307.867775307732 20.05247956058065 11.050989720856093 27.846220260112588 19.187888660387785 23.076512627655688
leaf_count=37412 4864 166768 78935 3264 5271 35216 8641 3046 5607 11321 15808 1006 2434 4475 4359 5562 10077 4701 59325 52580 23231 63 260 9329 3662 3695 284 3775 536 9218 17 439 3334 3679 387 895 446 2371 419 607 118 132 180 171 180 4227 315 98 7279 2465 784 50658 3388 3807 1809 28694 423413 3646 5177 351647 22819 41101
internal_value=0.000313715 -0.00422996 -0.0137239 -0.029422 0.002276 0.0129238 0.0160626 -0.00535396 0.0196295 -0.00792471 0.00146344 -0.00565928 -0.0154179 -0.0699854 0.000477644 -0.00519401 -0.00738472 0.0114587 -0.0345068 -0.0214178 0.00112554 -0.00700661 -0.0122824 -0.0218725 -0.0433439 0.00448813 -0.0159997 0.00888848 -0.0480526 -0.000865875 0.0213804 0.0250647 -0.00200869 -0.0121116 -0.0133452 -0.0378019 0.185477 -0.0464247 -0.0122317 0.0199708 0.530729 0.0350178 -0.00260743 0.0725138 0.0076198 0.0303628 0.0396234 0.0463675 -0.000717948 -0.0160651 0.000625047 -0.0269378 0.00954452 -0.0248457 -0.0143496 0.00199722 0.00258424 0.012224 0.00175516 -0.0179214 0.00101984 -0.0230526
internal_weight=2690.63 811.532 219.139 65.6698 1879.1 133.233 124.522 27.751 14.3771 31.9462 1745.87 237.371 91.6437 11.7601 145.728 122.483 79.8835 34.0976 21.7228 45.7859 100.76 153.469 115.225 73.3057 36.2517 41.9192 18.3368 38.2446 4.35651 37.0539 24.9688 24.3787 15.0962 28.2123 39.4238 13.6644 0.508085 13.1563 7.54504 5.25261 0.223988 8.8416 4.4132 4.42841 2.17901 23.2449 19.9919 18.7497 592.392 47.6676 544.725 25.8323 10.6841 42.5147 32.8238 518.893 1508.5 119.466 1389.03 81.1616 53.3154 34.1275
internal_count=1539427 402990 137338 93520 1136437 57781 52510 17294 8653 14585 1078656 193441 95318 20283 98123 92477 75035 7135 64887 67900 27590 43818 39444 30429 16609 9015 7280 4374 599 13820 4151 4134 3618 12897 15320 5243 951 4292 1921 1502 564 923 312 611 351 5646 4640 4325 265652 15360 250292 54830 4172 12895 5616 195462 885215 41058 844157 420744 69097 46278
is_linear=0
shrinkage=0.1


Tree=83
num_leaves=63
num_cat=0
split_feature=43 32 35 15 38 0 38 16 16 19 38 28 18 8 13 14 14 18 28 0 18 19 18 23 12 28 28 18 18 12 0 8 18 24 8 19 30 24 14 32 15 29 32 28 16 34 14 29 12 29 28 45 15 45 15 46 0 14 33 39 31 31
split_gain=2.26849 2.81625 1.83116 1.63513 2.03532 1.32474 3.71095 2.29457 2.63544 1.47321 1.96938 2.26882 3.86922 3.09874 1.84031 1.33666 1.31403 1.29671 1.36367 1.26692 1.26466 1.2499 2.02386 1.23844 1.22143 1.21096 2.5368 6.57958 5.49225 4.77856 3.06333 2.48711 2.51777 3.13658 2.42708 1.97324 1.75272 1.63581 1.6263 2.13058 1.56441 2.81791 1.5522 1.51303 1.5018 2.0558 1.49089 1.47526 1.37621 1.36614 1.35448 1.20567 1.72864 1.5891 1.45491 1.2509 2.17477 2.15554 2.04142 1.86282 1.75723 1.5817
threshold=1.0000000180025095e-35 56.000000000000007 4.5000000000000009 3.8026961088180546 4.5000000000000009 3.026044607162476 1.5000000000000002 1.844439744949341 1.4978661537170412 280.00000000000006 3.5000000000000004 48.000000000000007 11.974382400512697 0.89587974548339855 1.2424533367156985 3.1316992044448857 3.3576917648315434 8.1845164299011248 96.000000000000014 4.8278014659881601 13.45958471298218 180.00000000000003 8.0407161712646502 1900.0000000000002 1.0397207736968996 1.5000000000000002 6.0000000000000009 8.8349494934082049 9.8423075675964373 2.4414010047912602 5.1720471382141122 0.89587974548339855 8.5999870300292987 17137926144.000002 0.89587974548339855 100.00000000000001 80.000000000000014 17137926144.000002 5.3393952846527108 96.000000000000014 5.3792173862457284 192.00000000000003 96.000000000000014 24.000000000000004 1.844439744949341 3.5000000000000004 6.0888803005218515 112.00000000000001 2.4414010047912602 192.00000000000003 12.000000000000002 1.5000000000000002 3.8026961088180546 2.5000000000000004 5.0290689468383798 13.500000000000002 3.3576917648315434 3.3576917648315434 6.0000000000000009 1.5000000000000002 120.00000000000001 56.000000000000007
decision_type=2 2 2 2 2 2 2 2 2 2 2 2 2 2 2 2 2 2 2 2 2 2 2 2 2 2 2 2 2 2 2 2 2 2 2 2 2 2 2 2 2 2 2 2 2 2 2 2 2 2 2 2 2 2 2 2 2 2 2 2 2 2
left_child=2 3 51 17 -5 23 7 8 16 10 14 25 24 -14 -8 -16 -7 -2 -19 -18 -11 -21 -23 -3 -13 31 28 50 -27 35 -30 32 37 48 40 38 46 -12 47 -40 44 -42 -33 -41 45 -32 -35 -29 -34 -49 -28 55 -53 54 -54 -1 -57 -58 -59 -60 61 -61
right_child=1 5 -4 4 -6 6 9 -9 -10 20 11 12 13 -15 15 -17 19 18 -20 21 -22 22 -24 -25 -26 26 27 29 30 -31 34 42 33 36 -36 -37 -38 -39 39 43 41 -43 -44 -45 -46 -47 -48 49 -50 -51 -52 52 53 -55 -56 56 57 58 59 60 -62 -63
leaf_value=0.00080324565347770095 0.04584119074927346 -0.018329338694215103 0.094078051159736331 -0.038653962434336164 -0.0022718009970991758 -0.17472871371522236 -0.041766167894112499 -0.058271649231939539 0.069950411516253141 -0.036428322099578032 0.10847562796681792 -0.11475169745891985 0.015328560271408602 -0.076087463615015269 -0.079945743748555093 0.024686549995400944 0.027359730033164043 -0.015431557254349144 0.0077728984487941037 -0.01206272091898691 0.039950702549321856 0.10286842443376482 -0.080798003449463487 0.0084945662342807305 -0.044325375635152139 0.091559997455076925 -0.042314085519086997 -0.015641870303411711 -0.06304521083443107 -0.16108098257267567 0.036836780296799931 0.0026342660225413062 -0.055760673390514617 0.028942589092111105 0.12298067009721066 -0.037000965426735997 -0.047871025684403663 -0.030676749404681649 0.02588358528132581 -0.013845103977023418 -0.017451777854270899 0.11238422935328443 0.087520424655372006 -0.091217328080458931 0.028771395255579826 -0.095649343459886571 -0.056815488152289567 0.045977220324983414 0.12204456050425459 0.0078503957217942975 -0.13816256146240483 -0.030753750476326131 0.0055457606579047379 0.0061940188048817974 0.044193459923192999 -0.069712736035913395 0.14635372798244223 -0.076916982623432939 -0.049244278010228168 -0.0082250397462700041 -0.017602924180915178 0.038426847650240181
leaf_weight=1717.9709947813424 4.3404433248797423 19.027416657321737 2.1632816447408905 46.81274197681887 22.897494185695791 0.56557632793829427 4.8484760822875606 18.224093497954073 3.391379329515984 17.047087812364513 2.4125854410231109 4.927978471647295 17.366040392127619 4.7146861038854686 1.2481825106096938 55.919731402556863 4.4957494175349693 102.22836142693245 33.666570906253583 12.332837254173002 2.4836740011799625 0.65940731563024435 6.6545875647263859 180.39437459232602 4.922527663740766 10.238502254191188 2.4068068882916114 7.5579990721380446 5.3058333655975529 1.683258406636013 1.7533658466075559 5.1316692403124744 22.089833468300643 14.362055824088435 2.1534674222093591 8.3122338407873695 5.5834927870891979 1.3000067221637435 10.881386661134457 9.7322030420909851 3.3707141487248 3.3161932472753506 3.7125826639821753 3.4140456919121798 4.1420373544242466 3.5276304284561775 2.3603668115062524 26.46010835886409 0.44405740569345553 14.574431967310373 3.8055649332818575 9.1495813666720931 15.332852462213848 82.1643758507619 26.707572756943932 2.9441221338086612 1.2852799182874139 2.3020354735563151 3.7701323296897149 8.7779194899104578 8.9665977569807165 42.235246414827088
leaf_count=1065733 2769 2736 2831 90309 7329 345 391 10857 704 15492 206 1400 6033 752 152 8402 2515 45274 5094 2306 575 428 15794 21991 2269 1212 199 1156 3007 146 1486 774 6121 3306 334 5563 1022 215 2305 1202 717 1041 225 600 934 1718 1463 2324 19 1730 389 7011 6226 41240 11112 4844 229 1347 16250 22330 43493 33450
internal_value=0.000307728 -0.00436046 0.00212573 -0.0141865 -0.0267036 -0.000534934 -0.00433175 -0.0306356 -0.0127121 -0.00018032 0.00171124 -0.00287469 -0.0274408 -0.00419063 0.0173853 0.022402 -0.0240582 -0.00796436 -0.00968289 -0.0205285 -0.0267154 -0.0314866 -0.0642392 0.00593522 -0.079558 0.00148245 0.00709324 -0.00177971 0.0304064 0.00568343 0.00384125 -0.0105058 -0.0193902 -0.0259427 0.0232729 0.00915185 0.000640286 0.0597498 0.0144346 -0.00684687 0.00994466 0.0469369 0.0382672 -0.0339385 -0.0163063 -0.0516621 0.0168379 0.0249577 -0.0522568 0.0324355 -0.101029 0.00202221 0.0111948 0.014285 0.030098 0.00133819 0.0144145 0.0180927 0.0155969 0.0189376 0.0232233 0.0303994
internal_weight=2672.97 749.202 1923.77 209.946 69.7102 539.256 339.834 46.3236 28.0995 293.511 273.98 211.964 31.9312 22.0807 62.0164 57.1679 24.7082 140.235 135.895 24.1426 19.5308 19.6468 7.31399 199.422 9.85051 180.032 122.636 88.828 33.8077 82.6157 23.5692 57.3967 48.5524 44.8398 18.2634 80.9324 22.3059 3.71259 72.6202 24.0276 16.1099 6.68691 8.84425 13.1462 9.42303 5.281 16.7224 48.5925 22.5339 41.0345 6.21237 1921.61 133.354 124.205 42.0404 1788.25 70.2813 67.3372 66.0519 63.7499 59.9798 51.0132
internal_count=1539427 283331 1256096 150775 97638 132556 107829 32949 22092 74880 58813 49868 10454 6785 8945 8554 21388 53137 50368 21043 16067 18528 16222 24727 3669 39414 26063 15614 10449 15026 9237 13351 12352 11931 6230 14880 5791 421 9317 4107 5896 1758 999 1802 4138 3204 4769 5210 6140 4054 588 1253265 65589 58578 17338 1187676 121943 117099 116870 115523 99273 55780
is_linear=0
shrinkage=0.1


Tree=84
num_leaves=63
num_cat=0
split_feature=28 28 3 19 18 3 13 16 51 8 30 4 28 0 19 8 28 32 18 42 14 50 27 32 8 19 0 28 18 8 37 5 38 9 8 22 19 3 31 3 18 52 3 47 32 47 14 30 42 12 16 1 13 0 47 30 47 50 47 23 3 28
split_gain=2.13412 2.68071 13.6097 8.82345 12.7691 5.40667 10.5989 5.11026 4.14678 3.64197 4.23127 4.20293 3.30906 3.2704 3.37158 5.31029 3.29367 3.26815 3.23972 3.1319 2.90438 2.81701 2.71182 2.72412 2.71164 2.62495 2.49081 2.39828 3.15569 2.35226 2.34119 2.17647 2.72636 2.21441 2.14779 2.56571 4.99473 4.12332 2.65144 3.17757 2.4322 3.78775 2.78178 3.46232 4.82133 3.491 2.98435 2.41334 6.30896 3.92853 2.34265 2.14754 2.13174 2.11879 2.10903 4.95112 4.22114 2.6023 4.41836 7.00657 2.71414 2.72777
threshold=-1.0000000180025095e-35 48.000000000000007 5.1720471382141122 80.000000000000014 10.389364242553713 5.5169365406036386 2.4414010047912602 2.7803407907485966 1.0000000180025095e-35 0.89587974548339855 112.00000000000001 1.2424533367156985 24.000000000000004 5.5169365406036386 80.000000000000014 0.89587974548339855 24.000000000000004 96.000000000000014 7.6698923110961923 6.0000000000000009 5.6077513694763192 15.500000000000002 1.0000000180025095e-35 96.000000000000014 1.3540251255035403 280.00000000000006 6.7438817024230966 3.0000000000000004 7.4813475608825692 0.89587974548339855 1.5000000000000002 0.89587974548339855 1.5000000000000002 0.89587974548339855 0.89587974548339855 7168.0000000000009 180.00000000000003 6.2383227348327646 104.00000000000001 5.9098556041717538 11.182208061218263 1.0000000180025095e-35 5.1720471382141122 10.500000000000002 6.0000000000000009 29.500000000000004 4.6510493755340585 80.000000000000014 6.0000000000000009 1.0397207736968996 2.1910133361816411 4.5951199531555185 3.4175922870635991 3.3576917648315434 2.5000000000000004 1.0000000180025095e-35 6.5000000000000009 1.0000000180025095e-35 27.500000000000004 2565.0000000000005 6.070054531097413 12.000000000000002
decision_type=2 2 2 2 2 2 2 2 2 2 2 2 2 2 2 2 2 2 2 2 2 2 2 2 2 2 2 2 2 2 2 2 2 2 2 2 2 2 2 2 2 2 2 2 2 2 2 2 2 2 2 2 2 2 2 2 2 2 2 2 2 2
left_child=34 2 3 8 18 19 -7 12 27 10 21 -11 22 14 -4 16 -16 -17 -5 -3 -12 25 -6 26 30 -8 -24 28 -2 53 -20 -32 33 -33 40 36 37 -36 -38 -40 47 42 -42 44 -44 -45 -46 48 -1 -49 -48 -14 -22 -29 55 -15 -56 -58 -59 60 61 -60
right_child=1 5 13 4 7 6 9 -9 -10 11 20 -13 51 54 15 17 -18 -19 24 -21 52 -23 23 -25 -26 -27 -28 29 -30 -31 31 32 -34 -35 35 -37 38 -39 39 -41 41 -43 43 45 46 -47 50 49 -50 -51 -52 -53 -54 -55 56 -57 57 58 59 -61 -62 -63
leaf_value=-0.00038441356883158319 0.78320700793445219 0.0034460092905703277 0.0081160922514363232 0.027479861787806932 0.11111537850098877 -0.078090766874780101 -0.010036562023524924 0.017698551369920615 0.070890698419624018 0.0175576463525292 0.041218799804755159 -0.086116153645594773 -0.030653717060175136 0.058282586152721486 -0.065070335550851094 0.015008051538593635 -0.012750831709387898 0.20134534187507094 0.18292076364099907 0.021130421815803612 -0.069797288846065106 0.018805899514344415 -0.077094178308274516 0.073017962162866004 0.10909815198007367 -0.053950796683149865 -0.02187147400223418 -0.043048609923273765 -0.051509133404351405 0.045456725895542595 -0.076698929431851109 -0.052624801802431911 0.033472003388820053 0.0041580310235988108 -0.19588997332105909 0.012854002058439701 -0.0055365504322532691 0.1070318816974561 -0.086911912829591598 0.026881750658548576 0.016856753615507505 -0.050553615452840261 0.015813268640869672 -0.054105583287555895 0.014094675925521183 0.013567285263413257 -0.037636934089636857 -0.018134411870360547 -0.057044856699318372 0.038610435700793602 -0.13001262039326963 -0.085017088100698857 0.013288194932455805 0.0022214484944804492 -0.073685730856466763 0.0086400179692799027 0.022289289820857108 -0.065730973554400593 0.04319378449938964 0.7853303894496797 -0.08707899993661361 -0.044137630436373351
leaf_weight=171.12743068500617 0.045482160698155805 492.54211383700897 52.490564437520248 30.389135850874936 0.85368762072530913 21.495960058315177 76.994863816195789 11.258691665440436 8.0717688199724744 6.160582182532381 34.259945843884225 10.705500306490649 64.971450133030658 21.370831079027482 26.961246101528246 12.592482669326724 21.730315139996662 1.0172834370168864 0.56503846563373272 125.70256275184738 4.4475974322685934 27.117818125699841 68.531305587830332 1.3451881170385593 1.7071660006258742 16.534792439524949 9.2729836804321035 11.944687782810432 10.802026867466934 10.85050239355405 6.2273376019065259 16.176686068033405 9.4900972068116953 11.934982923054124 2.4735013615273824 50.8953366690439 104.80881551005677 0.54910486812877923 8.7244219315762148 3.4142237008563816 334.55670335510246 10.011728733237758 117.62756250540792 19.996764195095182 7.2949509866120961 12.319001413648946 8.9722467414752582 19.504178693321592 22.20108458204777 32.580866528049228 3.9556519957463925 8.1816126300634533 10.102088222961809 76.894555398553166 8.4092361934393534 335.39523120467072 31.371608798996249 12.203299061844218 13.256121790617309 0.11588883509102643 2.7437623763377124 4.8981008628851432
leaf_count=10997 42 174965 27967 8248 450 10234 52032 10076 19991 1469 11238 3009 55030 16569 135299 3962 26254 8 4671 36082 1213 9749 251822 249 553 31289 71832 2483 14418 1539 5634 7421 5049 3504 390 1649 6176 49 1228 352 56770 2871 20147 33512 1733 599 8372 3101 2987 3376 1429 7983 4647 20711 5544 190762 24481 114499 5611 205 2344 2551
internal_value=0.000310548 -0.00176682 -0.00552944 -0.0206298 -0.0316223 0.00235112 -0.0116028 -0.0473256 0.00169697 -0.00393211 0.000478635 -0.0482478 -0.0521056 0.00443976 -0.010555 -0.0262858 -0.0417209 0.0289361 0.00213162 0.00704163 0.0253221 -0.00957214 -0.0661611 -0.0680732 -0.0145775 -0.0178 -0.0705125 -0.00335577 -0.0480093 0.0015031 -0.0193334 -0.0219408 -0.0128722 -0.0285173 0.00417099 -0.00595971 -0.0139411 -0.140859 -0.0106608 -0.0549053 0.00644816 0.0103539 0.0115621 0.00115254 0.00805891 -0.0283082 -0.0370449 -0.0017439 -0.00689108 0.0173613 -0.0659019 -0.0367338 -0.0121097 -0.00386524 0.00844492 0.0116137 -0.00704192 0.00163488 -0.017872 0.00992099 0.00562099 0.0196313
internal_weight=2661.15 1730.13 904.07 359.514 240.905 826.064 207.819 164.415 118.609 186.323 169.457 16.8661 153.156 544.556 114.792 62.3013 48.6916 13.6098 76.4904 618.245 48.8096 120.647 80.0032 79.1495 46.1013 93.5297 77.8043 110.537 10.8475 99.6897 44.3941 43.8291 37.6018 28.1117 931.014 170.865 119.97 3.02261 116.947 12.1386 760.148 514.735 504.723 170.166 137.85 32.3158 20.2228 245.414 193.329 52.085 12.9279 73.1531 14.5497 88.8392 429.764 356.766 72.998 64.5888 33.2172 21.0139 20.898 18.1542
internal_count=1539427 1383689 1047762 491706 432522 335927 124880 397442 59184 114646 110168 4478 387366 556056 193490 165523 161553 3970 35080 211047 17098 93070 324353 323903 26832 83321 323654 39193 14460 24733 26279 21608 15974 10925 155738 9844 8195 439 7756 1580 145894 125433 122562 65792 31681 34111 11534 20461 13984 6477 9801 63013 5860 23194 362566 207331 155235 149691 125210 10711 10506 8162
is_linear=0
shrinkage=0.1


Tree=85
num_leaves=63
num_cat=0
split_feature=33 31 13 0 39 33 32 46 7 16 14 38 19 4 47 19 31 23 45 24 18 15 36 26 38 30 15 15 28 18 18 0 28 28 18 0 34 22 23 23 28 18 18 16 32 28 9 31 28 36 9 47 14 47 50 47 47 19 28 0 0 19
split_gain=2.22153 2.94182 7.03201 7.52543 4.98049 3.57719 3.25094 3.13997 2.86578 2.81089 4.74451 2.47657 2.27439 2.31924 2.27307 3.29109 2.24236 2.15875 3.55463 2.11488 2.07395 2.06257 2.0426 2.97177 3.20177 1.87 14.3204 4.14772 3.39685 4.44221 3.21454 2.98477 3.3636 2.9734 2.88484 2.85392 4.8825 2.81795 2.81165 2.79982 2.23078 5.17626 4.54387 5.09706 3.85986 3.69294 2.51225 2.16585 2.09785 1.90217 1.89875 1.84928 3.63226 4.36266 4.03393 4.03073 2.48617 4.80732 3.44402 3.14724 2.50113 2.16751
threshold=3.0000000000000004 56.000000000000007 2.6020033359527592 4.6510493755340585 1.5000000000000002 6.0000000000000009 20.000000000000004 13.500000000000002 1.0000000180025095e-35 0.89587974548339855 3.6050398349761967 7.5000000000000009 180.00000000000003 1.2424533367156985 1.0000000180025095e-35 62.000000000000007 104.00000000000001 1900.0000000000002 1.0000000180025095e-35 240501391360.00003 11.102906703948976 3.6050398349761967 3.5000000000000004 1.5000000000000002 7.5000000000000009 80.000000000000014 4.4845800399780282 4.4845800399780282 96.000000000000014 9.8693399429321307 9.475347042083742 5.1720471382141122 1.0000000180025095e-35 24.000000000000004 8.8349494934082049 5.3393952846527108 1.5000000000000002 7168.0000000000009 1900.0000000000002 1900.0000000000002 1.0000000180025095e-35 8.0407161712646502 11.049697875976564 3.585059762001038 96.000000000000014 48.000000000000007 0.89587974548339855 120.00000000000001 12.000000000000002 3.5000000000000004 0.89587974548339855 6.5000000000000009 4.1426305770874032 2.5000000000000004 15.500000000000002 4.5000000000000009 2.5000000000000004 80.000000000000014 24.000000000000004 6.1245300769805917 4.9182729721069345 62.000000000000007
decision_type=2 2 2 2 2 2 2 2 2 2 2 2 2 2 2 2 2 2 2 2 2 2 2 2 2 2 2 2 2 2 2 2 2 2 2 2 2 2 2 2 2 2 2 2 2 2 2 2 2 2 2 2 2 2 2 2 2 2 2 2 2 2
left_child=14 2 11 6 19 12 20 9 -5 10 -7 17 13 -6 15 -1 22 18 -2 -3 -4 -12 23 -9 -25 27 -27 28 31 50 33 40 -33 39 -28 36 -32 49 -31 -29 41 -11 -42 44 45 -44 -43 -34 -46 -38 -30 52 53 54 -16 -55 57 58 59 -54 -58 -60
right_child=1 4 3 8 5 7 -8 16 -10 25 21 -13 -14 -15 51 -17 -18 -19 -20 -21 -22 -23 -24 24 -26 26 34 30 29 38 35 32 47 -35 -36 -37 37 -39 -40 -41 42 46 43 -45 48 -47 -48 -49 -50 -51 -52 -53 56 55 -56 -57 60 -59 61 -61 -62 -63
leaf_value=0.088924935576750061 0.12913758846169501 -0.00018092018482090006 -0.028908008248479368 -0.035600363252018395 0.33830811645191794 -0.081249070897137399 -0.0151308059832377 0.029605211155282685 -0.081722552290481004 -0.056281611898074971 -0.049505026506359781 0.037099129176823252 -0.042632357026634232 0.022207843725284893 -0.12711800875713852 0.0073051179343948756 -0.019978802563259207 -0.0049600406886509078 -0.089994508261566297 -0.089485672934636218 0.035393613805534491 -0.0043263292933190317 0.047942677308601488 -0.16907483888792038 0.016978836924593895 -0.046552922512052376 -0.032614303246142111 -0.10934924217667466 0.002063709393623484 -0.040815448252785352 -0.032065057111539334 -0.01202395442674651 0.043773852128545419 -0.037527246575159934 0.026107430435220898 -0.035028824646084651 -0.084810458646012679 -0.013547161476122 0.036519787475363524 0.028000613699035927 0.0065191409128356956 0.023730746559211157 -0.061408515619857218 0.074776883401082767 -0.029599934442673753 -0.015324003178572326 -0.0085194082434862026 0.13731039882535379 0.079840666293464535 0.056268195938005486 -0.058409227933699764 0.0014928060932921298 -0.02031427054834262 0.10460518300879747 0.023645389336287015 -0.010733700933944514 -0.0056742164809172628 -0.044655536055746708 0.0431493667619001 0.14782064059007069 -0.054764976561306661 -0.072679197170121571
leaf_weight=4.9863846147475206 2.8721392393806577 3.7853521140763151 6.3733930213275043 53.621604197882135 0.29283019776608199 8.5576552666029766 120.40729380411562 10.310610548833095 17.991947618787549 11.519238246837629 10.446056138114669 29.297578086345766 25.407546645861657 1.1194118907442314 2.9969111760125626 533.90956171170069 9.369358812383437 48.42833336128416 0.99729749177208749 8.8550416017557154 23.55080516825322 309.59670129573084 31.352896868993639 1.826581838683409 1.873784260863772 35.500649287282613 8.8121841171541728 1.5466483526979562 16.827358015201757 4.9984094867395461 33.01711903223395 9.9946645179588831 12.504192932440672 10.543505030494996 165.27964247091995 66.777400590903198 1.0119933185678771 12.296975303506771 79.055876451458971 36.719098504916474 82.519501177004713 80.329603820748162 37.577812251665364 4.6653676667074242 2.9095275530853533 32.364810195977043 34.540678530291189 3.0865785302739814 4.4007965836208314 17.184587950986497 7.5090541436802587 463.67773355348504 1.5256795897694262 7.6638261910093188 4.3519127319977997 5.0110737908289593 15.624465252718435 11.688146951924777 4.0019377311691642 4.1189556276294752 30.911423418415268 2.7093445145947044
leaf_count=969 708 7473 1425 108484 195 11132 51459 7325 21953 358 10625 6612 13400 672 2142 55111 45558 27803 657 11044 8364 198680 23916 2322 2300 23545 1781 88 766 372 13318 502 2833 1820 26113 26089 1835 1788 4453 3673 12552 3246 20863 1211 420 3487 1601 973 262 2863 429 691985 1327 1722 1917 1709 6264 35043 515 1447 18813 871
internal_value=-1.16499e-05 -0.00245908 -0.0112802 -0.0205089 -0.000293266 0.000351837 -0.00779979 0.00116122 -0.0471879 3.99214e-05 -0.00776582 0.0138226 -0.0357668 0.0877516 0.00343574 0.00806034 0.0245589 0.000782889 0.0726591 -0.062742 0.0216984 -0.00580094 0.0337576 0.0020151 -0.0748613 0.00319295 0.0113313 0.000368406 0.00574952 0.0210278 -0.0123951 0.000515773 0.0332611 0.00949336 0.0231351 -0.0205951 -0.00541904 0.0234321 0.0319209 0.0224491 -0.00236499 0.00762479 -0.0100433 -0.0267273 -0.0328572 -0.0400837 0.0140334 0.0622917 0.036283 0.0484222 -0.0165954 -0.00106049 -0.0141273 0.0234637 -0.0378372 0.0590055 -0.024792 0.00131846 0.0448078 0.102376 -0.0382827 -0.00361062
internal_weight=2633 1539.83 303.54 221.945 1236.29 1223.65 150.331 1196.83 71.6136 1142.09 328.6 81.5953 26.8198 1.41224 1093.18 538.896 54.7332 52.2978 3.86944 12.6404 29.9242 320.043 45.3639 14.011 3.70037 813.493 209.592 603.901 424.803 108.391 179.097 316.413 25.5854 48.8093 174.092 130.288 63.5107 30.4936 84.0543 38.2657 290.827 126.39 164.438 81.9183 77.2529 69.9426 114.87 15.5908 7.31032 18.1966 24.3364 554.281 90.6037 20.0237 7.34882 12.6749 70.58 24.0441 12.3559 5.64464 46.5359 6.71128
internal_count=1539183 719348 227465 191685 491883 473366 61248 459099 130437 377678 220437 35780 14267 867 819835 56080 81421 29168 1365 18517 9789 209305 35863 11947 4622 157241 51439 105802 54328 6020 51474 48308 4308 5581 27894 45893 19804 6486 4825 3761 44000 5205 38795 26243 25032 24350 4847 3806 682 4698 1195 763755 71770 7490 4059 3431 64280 39203 4160 2774 25077 1386
is_linear=0
shrinkage=0.1


Tree=86
num_leaves=63
num_cat=0
split_feature=27 24 22 19 26 0 46 46 47 50 3 0 3 49 28 28 0 3 0 47 0 49 0 0 0 8 15 28 26 24 0 0 13 28 3 28 28 15 0 0 28 3 3 19 0 2 0 0 3 49 19 0 21 0 0 45 2 13 13 47 0 31
split_gain=1.93327 4.76921 3.92622 5.35046 4.35631 3.00629 2.3105 3.39062 3.24584 4.44988 3.38257 3.01163 2.62248 3.89 2.32094 4.08273 3.50989 2.54655 2.22415 2.37124 2.19022 2.06927 2.37206 2.00356 1.98468 3.73899 2.05048 1.78244 1.70118 1.69352 1.56365 1.479 2.00296 1.47103 1.45201 1.8291 1.41078 1.40527 2.18038 1.35084 2.39191 2.24668 2.00986 1.69028 1.6759 1.35368 1.32195 1.27959 1.25828 3.20572 1.25538 1.24716 1.24392 1.74952 1.22511 1.22026 1.18969 1.15726 1.33346 1.13111 1.3385 1.12853
threshold=-1.0000000180025095e-35 240501391360.00003 7168.0000000000009 80.000000000000014 1.0000000180025095e-35 1.4978661537170412 6.5000000000000009 9.5000000000000018 1.0000000180025095e-35 1.0000000180025095e-35 3.1549592018127446 3.3576917648315434 4.094205617904664 5.5000000000000009 1.0000000180025095e-35 48.000000000000007 6.7438817024230966 6.2556321620941171 3.6941639184951787 16.500000000000004 2.7361353635787968 1.5000000000000002 3.3576917648315434 5.1720471382141122 3.3576917648315434 0.89587974548339855 6.1414449214935312 6.0000000000000009 1.0000000180025095e-35 240501391360.00003 7.5973236560821542 3.026044607162476 0.89587974548339855 48.000000000000007 4.9182729721069345 24.000000000000004 12.000000000000002 5.6077513694763192 6.851041555404664 6.2556321620941171 96.000000000000014 6.1414449214935312 4.4845800399780282 280.00000000000006 5.4679176807403573 4.9706082344055185 3.6941639184951787 6.2556321620941171 3.3576917648315434 1.5000000000000002 100.00000000000001 3.6941639184951787 112.00000000000001 5.9931647777557382 1.4978661537170412 1.0000000180025095e-35 4.9706082344055185 6.1171185970306405 2.6020033359527592 16.500000000000004 7.6172368526458749 168.00000000000003
decision_type=2 2 2 2 2 2 2 2 2 2 2 2 2 2 2 2 2 2 2 2 2 2 2 2 2 2 2 2 2 2 2 2 2 2 2 2 2 2 2 2 2 2 2 2 2 2 2 2 2 2 2 2 2 2 2 2 2 2 2 2 2 2
left_child=1 2 3 31 -5 -3 55 18 10 20 28 -12 13 33 30 16 17 23 -8 48 -10 22 -14 -16 -6 26 37 46 -9 59 56 32 -1 -11 35 -25 -36 38 47 40 42 45 44 -41 -17 -42 -23 -26 -20 -50 57 -44 -37 -54 -52 -2 -13 58 -4 -29 -61 -57
right_child=6 5 50 4 24 -7 7 8 9 12 11 14 21 -15 15 39 -18 -19 19 -21 -22 27 -24 34 25 -27 -28 29 -30 -31 -32 -33 -34 -35 36 52 -38 -39 -40 43 41 -43 51 -45 -46 -47 -48 -49 49 -51 54 -53 53 -55 -56 61 -58 -59 -60 60 -62 -63
leaf_value=-0.57805927712389238 -0.0019689604664530789 0.018092474823983691 0.024364710395167511 0.029751355683476616 -0.018681064486311814 0.066194110391928893 0.06895963803431461 0.0018956564140525255 0.056634286361728105 0.035046838752485085 -0.058598157051285876 0.03737544679020418 0.0082179522254728684 -0.043435921193424973 -0.095198554510013494 -0.093730200328116006 0.021387225924415661 0.016011954929715834 0.069592799836964966 -0.029002961837218372 -0.074408251632005248 0.013804024618060642 -0.065481216160804989 -0.11113795948317669 -0.037763416341506165 -0.13286485001007503 0.096713388263881955 0.0075167918816760274 -0.084000892829978524 -0.027153958946095898 -0.047486211348662329 0.10652420172626098 0.010560077559002066 0.0057456597994807153 -0.085826236516411553 0.029439985188635588 0.02520865744119671 -0.12082672423810906 0.061577342671133697 0.029097870748565166 0.073568017774363018 0.0043933333683879574 -0.094300572606462574 -0.020166426114695258 0.016222136190619161 -0.045417171199910157 -0.048756314374280019 -0.14423486484462633 -0.071817764585401497 0.032110934524273507 0.023030452227615641 0.031518390611408022 -0.15909600840312921 -0.0062916427266473483 0.090900100122319027 -0.011643720882391059 -0.076790931641119484 0.040570671928513359 -3.7338468109291415e-05 0.052670529473344767 0.31271210263936511 -0.093871191346332108
leaf_weight=0.071032174349966115 1757.1135929053103 47.069983434863389 28.034505618074036 14.3319781338796 49.12452626893355 17.947128072046326 10.861050190759185 3.9833359845797514 1.4142866501351807 27.851621224605864 5.6312017226177877 55.132223619005345 6.1399954494960296 12.477491628457072 7.1106217079137712 3.1032619931502294 17.328484795794111 7.5182368205602748 6.4617778073725267 8.5127433477979348 12.99267755209007 4.7122293935704418 15.125382495073778 3.7914975773701389 14.260052481859033 4.7722307517324216 1.1229787310658128 9.8166040329131246 5.4745144117570135 7.7830221065603942 2.3672424529650007 4.2435407250584376 0.31056814037151437 44.523740605846342 1.4364975304681582 2.6066731054697811 5.6256147051606149 2.0384285016298227 2.1363530142625669 13.976650090487965 19.968602767619821 7.5949327095222534 0.83107810834189777 13.881881017147407 2.5054431996322819 1.0042420980535087 11.926401590711334 1.2257980794529419 3.3181617190972785 28.119709243727129 15.473200948676096 15.138712460763598 1.1994777206646179 1.9963880775685536 3.2116985281463704 105.89932339705496 0.92812746786512335 9.7142282422864792 111.29760785649705 6.6906755598889154 0.20397344948747775 1.6958101182854637
leaf_count=33 607869 1002 339 260 918 1048 2327 449 198 33482 3441 12346 4507 14208 16827 990 35215 14209 732 36556 95174 4284 177318 15242 576 122 138 58366 7024 53233 841 439 495 9084 7709 1454 3806 111 183 8109 4634 3012 227 7366 682 406 101296 92 24354 33671 213 6091 632 946 252 104701 408 62 1434 11860 705 5475
internal_value=-6.52672e-05 0.00713376 0.00110477 -0.015299 -0.0207478 0.0313703 -0.00109412 0.00561539 0.00203652 -0.0085024 0.0105493 0.0134447 -0.00331282 0.00813123 0.0156371 0.00802936 -0.0147169 -0.0347146 0.0282228 0.01869 -0.0615442 -0.0188751 -0.0442019 -0.0507611 -0.0304392 -0.0530412 -0.0347124 -0.00578135 -0.0478241 0.0113756 0.0321237 0.0895667 -0.0990072 0.0170214 -0.0317905 -0.0571221 0.00262316 -0.0422192 -0.0331264 0.0222051 0.0320135 0.0509948 0.00688421 0.00454952 -0.0446138 0.0678707 -0.0310386 -0.0461913 0.0294024 0.0211416 0.0102623 0.0249707 -0.021827 -0.0636424 0.0346964 -0.00260198 0.0354853 0.00719917 0.00487251 0.0293201 0.0603637 -0.0129397
internal_weight=2610.16 326.386 261.369 93.6375 89.0123 65.0171 2283.78 419.066 361.793 161.658 200.135 190.677 147.251 84.8529 185.046 126.618 48.6135 31.285 57.2734 46.4124 14.407 62.3983 21.2654 23.7668 74.6804 25.5558 20.7836 41.1329 9.45785 24.4943 58.4276 4.62514 0.3816 72.3754 16.6561 9.59404 7.06211 19.6606 17.6222 78.0048 50.1463 28.5678 21.5785 27.8585 5.60871 20.9728 16.6386 15.4859 37.8996 31.4379 167.731 15.9698 5.80254 3.19587 18.6849 1864.71 56.0604 149.046 139.332 16.7113 6.89465 107.595
internal_count=1539183 7717 5667 3367 2400 2050 1531466 813421 715781 563715 152066 144593 468343 56774 141152 127557 96040 60825 97640 95313 95372 411569 181825 46616 2140 1222 1100 229744 7473 124164 13595 967 528 42566 29789 18274 11515 962 851 31517 16042 8052 7990 15475 1672 5040 105580 668 58757 58025 2300 6318 3032 1578 465 718045 12754 1835 1773 70931 12565 110176
is_linear=0
shrinkage=0.1


Tree=87
num_leaves=63
num_cat=0
split_feature=46 21 19 9 48 46 14 23 19 26 3 19 3 31 14 9 46 19 14 26 3 14 31 19 49 47 36 28 49 47 47 23 50 49 28 3 49 3 49 34 47 3 49 46 50 14 14 3 28 37 47 36 34 34 45 19 28 28 46 28 38 28
split_gain=2.46372 3.66645 2.88389 3.33703 2.56875 2.03256 2.0216 1.95392 1.84308 2.53413 1.87181 2.01273 1.77994 1.74581 1.72116 1.71409 1.68441 1.53768 1.51965 1.36466 1.3192 1.22321 4.54597 7.56383 3.32103 3.75774 3.61444 3.42848 3.38656 8.36403 3.22404 2.81898 2.80805 3.13166 3.39405 3.7404 2.95343 2.83972 3.0997 2.55432 2.51121 2.40711 2.27764 3.68682 2.58666 2.15438 1.95528 1.78924 1.73988 1.73628 1.72099 1.71909 2.18041 2.01436 1.66662 1.68388 1.66137 2.04845 1.65666 2.88851 2.14878 1.51286
threshold=-1.0000000180025095e-35 112.00000000000001 62.000000000000007 0.89587974548339855 1.0000000180025095e-35 13.500000000000002 1.4978661537170412 1900.0000000000002 80.000000000000014 1.0000000180025095e-35 6.2556321620941171 280.00000000000006 3.1549592018127446 104.00000000000001 4.2844183444976816 0.89587974548339855 11.500000000000002 280.00000000000006 6.4247851371765146 1.0000000180025095e-35 5.4679176807403573 5.9931647777557382 72.000000000000014 180.00000000000003 14.500000000000002 11.500000000000002 2.5000000000000004 12.000000000000002 1.5000000000000002 6.5000000000000009 25.500000000000004 2565.0000000000005 1.5000000000000002 14.500000000000002 12.000000000000002 6.1414449214935312 5.5000000000000009 5.3611156940460214 10.500000000000002 1.5000000000000002 7.5000000000000009 5.9098556041717538 12.500000000000002 9.5000000000000018 3.5000000000000004 7.0003080368042001 6.8254222869873056 4.6510493755340585 96.000000000000014 3.0000000000000004 9.5000000000000018 1.5000000000000002 1.5000000000000002 7.0000000000000009 1.0000000180025095e-35 180.00000000000003 6.0000000000000009 1.5000000000000002 4.5000000000000009 24.000000000000004 1.5000000000000002 24.000000000000004
decision_type=2 2 2 2 2 2 2 2 2 2 2 2 2 2 2 2 2 2 2 2 2 2 2 2 2 2 2 2 2 2 2 2 2 2 2 2 2 2 2 2 2 2 2 2 2 2 2 2 2 2 2 2 2 2 2 2 2 2 2 2 2 2
left_child=1 2 3 -1 5 16 -3 -4 -9 -10 11 15 19 18 17 -11 21 20 -14 -7 -6 32 23 24 25 26 28 -26 58 -30 47 41 36 37 35 -35 51 42 -39 -24 -31 46 43 61 -45 -33 -32 -27 -41 -25 -42 52 54 -53 -2 -56 57 -48 60 -60 -23 -34
right_child=4 6 7 -5 14 12 -8 8 9 10 -12 -13 13 -15 -16 -17 -18 -19 -20 -21 -22 22 39 49 27 30 -28 -29 29 40 31 45 33 34 -36 -37 -38 38 -40 48 50 -43 -44 44 -46 -47 56 -49 -50 -51 -52 53 -54 -55 55 -57 -58 -59 59 -61 -62 -63
leaf_value=0.10595424172524204 -0.0050408300104817037 0.019829855983213757 0.033749314038280041 -0.26429388374157192 -0.10052052940395846 0.0021837418646937358 0.064034299580405324 0.0071435141765456879 0.016888196429077747 -0.040144730914929913 0.082247661973896491 -0.016717398311572297 0.033606406314569792 -0.021261948746941695 0.014618349516053104 -0.15081400306682927 -0.037848082418521889 0.010761778311741124 -0.012652590657294405 -0.090674938437176666 -0.013609484219964538 -0.041998005889931161 -0.075566886454526652 -0.071856807466271697 0.062929923899692347 0.010170906763401022 -0.04302115870005499 -0.052771793692409807 -0.059223690057210565 0.041038815940139348 0.035895551313739719 0.031441255120680911 0.068079352515930544 -0.16115236303602098 0.037984670424898698 0.033636568155215291 -0.081977371299952362 -0.035632849779995222 0.024010592451138818 0.037252976429135241 -0.016309981081839731 -0.077431437571751638 -0.019027432910449366 0.073347579685324876 0.0066790777693448893 0.63472060281055998 -0.03723644394207884 -0.072514393013750997 -0.031474493934059593 -0.033874817844488342 0.023726479068163029 0.00012739175944684807 -0.046810867242362768 -0.023686360586758673 -0.080752742551965573 -0.018347911625245687 -0.068295064198007682 0.058337469119573382 0.11301171968349444 0.011590855722736305 0.039966613119614927 0.030442156779775062
leaf_weight=4.1250080775198503 363.16011087581683 33.513376090442762 18.453293096972629 0.25869649889000346 3.3573620177137382 3.9777030647820757 14.965811542177105 148.97770344365563 25.751490716822445 4.4456403122967449 1.7716403616723244 68.720941677675 46.135910024683653 8.9085615070527506 139.87060080135075 2.0425284452649066 13.534373109511078 7.0927050033465093 8.3934773901578961 2.6284117025558089 3.6399257930252134 4.416290298980587 2.4621722943438717 16.959377149725952 12.787051544321001 3.0564381707513375 16.249524309635603 3.2024871034227536 19.894827958967653 23.394654800154967 9.5214300847251909 0.11790093012677871 18.505990662432168 3.3734324658489632 2.590077709464822 1.3928185891604696 4.7052788687471994 22.547127972289047 14.202025172466845 33.085326415763518 25.566920820790983 4.7138100730662691 14.677687536702818 6.2385227661073932 86.679135692992702 0.11888350539811654 5.3542592593748832 18.204703834252598 4.1449528016295281 41.454369933773336 18.509586341247484 1101.7721563329028 14.136029438517367 36.703982161160866 5.3864484382925495 21.919249096903769 5.1113702023569649 3.8587844833141389 6.2322281360393408 5.111142147317878 11.598613700158351 25.254047258211813
leaf_count=681 111307 808 465 286 3252 449 968 1835 355 384 130 1691 42273 43925 56701 114 190104 3153 30858 5671 1336 5184 10578 215314 1150 2309 8651 800 13126 2797 2707 137 14771 596 541 220 16606 78020 8893 31883 5637 1182 7038 8008 49261 150 1114 35609 3932 66466 13938 330730 22178 11480 10147 45180 1994 793 1846 939 3773 6759
internal_value=-4.97954e-05 0.00812273 0.00364587 0.0841047 -0.00120974 -0.00211469 0.033476 0.00234034 3.76925e-05 -0.0102669 -0.0193507 -0.021744 0.0146366 0.0197807 0.0112625 -0.0749843 -0.00268651 -0.0220505 0.026486 -0.0347625 -0.0553102 -0.00245304 -0.0084067 -0.0132991 -0.00392926 -0.00778779 0.00111916 0.0397564 0.00737119 -0.00224326 -0.0310925 -0.00928582 -0.0014451 0.00984892 -0.054158 -0.10423 -0.00287136 0.0123521 -0.0125831 0.0230776 0.0145582 -0.0121347 0.0184064 0.0224263 0.0111552 0.334333 0.000773039 -0.0606278 0.0296014 -0.0449022 0.000503019 -0.00263014 -0.00822906 -0.000640353 -0.00683228 -0.0306582 -0.0225729 0.00279366 0.038074 0.0673131 0.0173639 0.0463588
internal_weight=2598.94 323.026 274.547 4.3837 2275.91 2121.95 48.4792 270.163 251.71 102.732 76.9808 75.2091 70.0441 63.4379 153.961 6.48817 2051.91 14.09 54.5294 6.60611 6.99729 2038.37 295.127 255.435 197.021 181.031 130.974 15.9895 114.724 87.366 50.0576 28.7964 1743.24 195.461 7.35633 4.76625 1547.78 188.105 36.7492 39.6925 67.4712 28.5597 151.355 136.678 92.9177 0.236784 23.8458 21.2611 37.2303 58.4137 44.0765 1543.08 404.602 1138.48 390.466 27.3057 14.3244 9.21304 27.3583 11.3434 16.0149 43.76
internal_count=1539183 7717 5941 967 1531466 1467024 1776 4974 4509 2674 2319 2189 123176 117056 64442 498 1343848 7741 73131 6120 4588 1153744 432009 385616 103836 101886 55891 1950 47240 35498 45995 8077 721735 174107 1357 816 547628 172750 86913 46393 22372 7790 85837 78799 57269 287 6608 37918 35815 281780 19575 531022 188812 342210 166634 55327 3901 1907 11742 2785 8957 21530
is_linear=0
shrinkage=0.1


Tree=88
num_leaves=63
num_cat=0
split_feature=27 24 46 46 37 50 49 50 50 3 19 8 22 26 0 3 0 24 0 16 13 3 49 33 0 0 31 14 15 39 18 49 8 22 13 0 13 23 0 28 28 24 15 28 49 28 15 12 18 14 3 18 50 0 45 3 31 49 31 0 16 31
split_gain=2.65702 3.30969 2.52878 2.64605 2.51811 4.00195 2.80555 2.73397 3.38909 2.56837 2.49835 3.17371 2.88582 2.45692 2.40558 2.21409 1.67392 1.62012 1.58957 2.34137 1.56355 1.53926 4.73198 1.44072 1.35307 1.28377 1.2676 2.90124 1.49176 1.24472 1.23828 1.22154 1.20875 1.16452 1.12668 1.08624 1.04637 1.32625 1.0506 1.02675 2.76013 1.57405 1.48634 3.98399 1.67471 1.41742 1.41916 1.30593 1.25742 1.02146 1.01767 1.00755 1.00533 0.989866 0.989496 0.988332 0.981667 0.977802 0.928496 0.92106 0.902077 1.89874
threshold=-1.0000000180025095e-35 240501391360.00003 6.5000000000000009 9.5000000000000018 3.0000000000000004 1.5000000000000002 1.5000000000000002 3.5000000000000004 4.5000000000000009 4.6510493755340585 62.000000000000007 0.89587974548339855 7168.0000000000009 1.0000000180025095e-35 1.4978661537170412 4.094205617904664 3.6941639184951787 17137926144.000002 6.0519120693206796 2.1910133361816411 6.1171185970306405 3.1549592018127446 1.5000000000000002 6.0000000000000009 3.3576917648315434 5.3393952846527108 56.000000000000007 4.8278014659881601 4.342454433441163 3.0000000000000004 10.198766708374025 1.5000000000000002 0.89587974548339855 7168.0000000000009 0.89587974548339855 2.7361353635787968 2.6020033359527592 2352.0000000000005 1.4978661537170412 1.0000000180025095e-35 6.0000000000000009 137422176256.00002 4.6510493755340585 96.000000000000014 5.5000000000000009 48.000000000000007 4.4845800399780282 1.0397207736968996 12.568491935729982 3.8026961088180546 3.9495767354965214 12.568491935729982 9.5000000000000018 3.9495767354965214 1.0000000180025095e-35 3.1549592018127446 168.00000000000003 12.500000000000002 104.00000000000001 7.5973236560821542 0.89587974548339855 72.000000000000014
decision_type=2 2 2 2 2 2 2 2 2 2 2 2 2 2 2 2 2 2 2 2 2 2 2 2 2 2 2 2 2 2 2 2 2 2 2 2 2 2 2 2 2 2 2 2 2 2 2 2 2 2 2 2 2 2 2 2 2 2 2 2 2 2
left_child=1 10 54 16 5 6 9 17 31 29 11 -1 13 -12 -3 50 -4 -7 19 32 36 -18 51 -17 -25 -21 27 -26 -29 35 -16 33 -15 -9 -13 -5 -14 38 -38 59 -41 45 43 48 -44 46 53 57 52 -35 -6 -23 -43 -42 60 -31 -56 -45 -28 -10 61 -2
right_child=2 14 3 4 15 7 -8 8 39 -11 12 34 20 18 30 23 21 -19 -20 25 -22 22 -24 24 26 -27 58 28 -30 55 -32 -33 -34 49 -36 -37 37 -39 -40 40 41 42 44 47 -46 -47 -48 -49 -50 -51 -52 -53 -54 -55 56 -57 -58 -59 -60 -61 -62 -63
leaf_value=0.10552272999981566 -0.002993242821054089 0.017236327261277891 0.061542991280380148 0.079830057376650054 -0.0099316818090405788 0.15583768039040249 -0.088378663742376171 -0.06931968901108336 0.016114489865765736 -0.05294857775672384 0.024235412087094999 -0.43396959341935698 0.023020736829668986 -0.058379031985850149 0.015448933109301753 -0.086809804878632019 0.062329263077676493 0.039423772223028446 0.033398816057716295 -0.020824519731074916 0.044142871562504897 -0.08865470121092571 0.024197699861725475 -0.065515051822038206 0.086228093308855516 0.04872186063064339 0.055461411982633047 0.072194700630913849 -0.060715431201348813 -0.046321373009518829 0.07737087331488568 -0.091640529173577095 -0.16522167598171172 0.10803345577867592 -0.054251339512725143 -0.025322608205508003 0.02013344360649157 -0.0004121896083398018 0.096055581267744383 -0.060379287374984429 -0.024224226374273433 -0.0123607730161649 -0.044718289895900487 0.015993896627788853 0.011035120767872964 0.0073498149003428164 0.0076293803825913421 -0.078472426748636123 -0.10078166601203642 -0.029000843591084725 -0.21281741782654137 0.062353179033051778 -0.053684689108800435 0.11099466698544236 -0.011013670438642558 0.061354252751520094 -0.091076880181356012 -0.080835082934992725 -0.0059786141326333298 -0.045227838892036243 -0.00023808459989998763 -0.018416925968748148
leaf_weight=3.8333971801959015 672.156949980788 46.634780443622731 10.707167412645431 1.103119965322654 12.33124579198596 1.4404581792559819 7.1536515956313158 2.3042717558863028 68.10612161364952 12.208633941870728 14.943093944340943 0.14142768001420336 32.685282876569545 6.8062166051604418 4.3576454872963977 0.9639914837134701 6.5967818970557337 7.0289176159084263 5.110183656524895 55.610107982418413 12.315821118361781 5.0621130052484906 33.738474815243308 1.2492044061099239 2.9673062094898324 2.7872543330304316 27.282683996733343 1.036474458217526 4.5585758424577421 1.0235757049462098 12.473671439955067 4.9417862104225492 1.2539713587611911 0.98563761433069919 0.17462030333888368 8.9760484256265141 8.8494317529257369 111.29284301730513 2.2953998664161182 7.3430652232775335 0.6187470119238031 11.142146223465607 5.7812518466203633 33.10496521883033 79.124368542033352 12.839755298793305 3.0804051304518225 1.6375641039758182 3.2229063485744964 1.2138730356053313 0.25229094167662047 0.48409630337846454 12.482606093969705 4.3296900623563488 104.74621532525842 5.0988076931996602 1.5541561615354726 1.0768162985541483 2.7033976713893244 2.5390043898281069 979.40289072218764 90.571013760186815
leaf_count=681 298767 1002 2327 88 8441 8743 80298 17247 30384 89985 260 19 406 487 224 606 749 42812 398 1077 87 50988 43353 1533 2237 137 20993 996 21494 1446 824 38103 41 358 267 16828 129 1434 244 121208 398 10924 81158 4472 53192 8119 9292 435 4966 3353 42 223 10493 2531 104701 4174 5475 1494 14988 1950 215199 93903
internal_value=-3.09971e-05 0.00847362 -0.00124201 0.00586458 0.0026486 -0.000912197 -0.0324058 0.00332483 0.00147461 -0.0183119 0.00344282 0.0804112 0.00218518 -0.0126452 0.0289325 0.0226675 0.0259402 0.0592233 -0.0203458 -0.0244784 0.00984764 0.0176318 0.010126 0.033987 0.036913 -0.0175051 0.0402323 0.00629701 -0.036094 0.00778847 0.0613392 -0.0573095 -0.0750012 -0.0196397 -0.224171 -0.0138141 0.00712481 0.00288132 0.0357704 0.00372779 -0.000364228 0.00225208 -0.00138313 -0.0130648 0.00723885 0.0279585 0.0609161 0.00876424 -0.0421884 0.0324065 -0.0139994 -0.0754741 -0.0341951 0.094087 -0.00281771 0.0433524 -0.0121842 0.0129435 0.0499223 0.0139098 -0.00224619 -0.00482475
internal_weight=2579.84 321.565 2258.27 409.842 353.253 299.908 35.5638 264.344 255.875 28.4102 258.099 4.14945 253.95 86.5108 63.4661 53.3452 56.5886 8.46938 71.5677 66.4576 167.439 45.8815 39.2847 40.7616 39.7976 58.3974 38.5484 8.56236 5.59505 16.2016 16.8313 9.44557 8.06019 4.50378 0.316048 10.0792 155.123 122.438 11.1448 246.429 175.784 168.441 147.573 62.667 84.9056 20.8686 8.02884 35.8193 26.8477 2.19951 12.5835 5.54621 23.6248 4.94844 1848.43 6.12238 106.3 34.1818 29.9861 70.6451 1742.13 762.728
internal_count=1539183 7717 1531466 813421 715781 644451 192819 451632 400077 112521 5667 967 4700 2400 2050 71330 97640 51555 2140 1742 2300 95313 94564 62847 62241 1214 60708 24727 22490 22536 1048 59061 528 20958 286 16916 2213 1807 373 341016 308682 187474 167134 32784 134350 20340 12221 6401 26383 3711 8483 51211 21417 2929 718045 5620 110176 5966 35981 32334 607869 392670
is_linear=0
shrinkage=0.1


Tree=89
num_leaves=63
num_cat=0
split_feature=42 31 13 0 39 33 46 32 16 14 7 47 23 38 31 18 23 8 30 0 38 23 45 24 28 28 24 34 38 34 22 18 22 18 0 15 19 13 36 34 3 39 36 31 13 28 30 15 15 13 34 0 28 18 28 18 0 38 32 23 34 34
split_gain=2.31906 2.48306 6.26687 6.72746 4.15281 2.88521 3.05895 2.50153 2.40927 3.74761 2.22596 2.08152 1.96607 5.26907 1.94344 1.91959 2.96355 2.47088 2.14162 1.9845 1.89665 1.91619 2.40676 1.97276 1.83202 1.9355 1.8041 1.55913 1.53999 1.52187 2.09957 1.80775 1.48743 1.8225 1.48426 1.483 2.39702 1.43032 1.4079 1.39882 1.39127 1.36748 1.36093 2.36903 1.28634 1.26041 1.24578 10.6475 4.46746 4.60976 3.2117 3.32578 2.97719 2.40747 2.40223 4.07282 2.02315 2.67711 2.17304 3.7401 3.01 2.70311
threshold=-1.0000000180025095e-35 56.000000000000007 2.6020033359527592 4.7789824008941659 1.5000000000000002 6.0000000000000009 13.500000000000002 20.000000000000004 0.89587974548339855 3.6050398349761967 1.0000000180025095e-35 1.0000000180025095e-35 1900.0000000000002 1.5000000000000002 104.00000000000001 11.182208061218263 1900.0000000000002 0.89587974548339855 80.000000000000014 6.8254222869873056 7.5000000000000009 1900.0000000000002 1.0000000180025095e-35 8816427008.0000019 96.000000000000014 -1.0000000180025095e-35 240501391360.00003 7.0000000000000009 1.5000000000000002 1.5000000000000002 7168.0000000000009 9.7643098831176776 7168.0000000000009 11.102906703948976 6.4503905773162851 5.1720471382141122 62.000000000000007 6.1171185970306405 3.5000000000000004 1.5000000000000002 3.1549592018127446 3.0000000000000004 2.5000000000000004 72.000000000000014 6.8091545104980478 96.000000000000014 80.000000000000014 4.4845800399780282 4.4845800399780282 2.6735538244247441 1.5000000000000002 5.4679176807403573 48.000000000000007 8.8349494934082049 96.000000000000014 9.8693399429321307 5.1720471382141122 3.5000000000000004 96.000000000000014 2352.0000000000005 1.5000000000000002 2.5000000000000004
decision_type=2 2 2 2 2 2 2 2 2 2 2 2 2 2 2 2 2 2 2 2 2 2 2 2 2 2 2 2 2 2 2 2 2 2 2 2 2 2 2 2 2 2 2 2 2 2 2 2 2 2 2 2 2 2 2 2 2 2 2 2 2 2
left_child=11 2 20 7 26 29 8 32 9 -7 34 35 13 44 38 27 -17 18 45 24 21 22 -2 -23 25 41 -3 -11 -25 30 31 -6 33 -4 -5 37 -37 -1 39 -8 -40 -20 -15 -44 -10 -18 48 -48 54 52 -51 -52 -50 -49 56 -56 58 -58 60 -60 -14 -62
right_child=1 4 3 10 5 6 14 -9 12 15 -12 -13 46 42 -16 16 17 -19 19 -21 -22 23 -24 28 -26 -27 -28 -29 -30 -31 -32 -33 -34 -35 -36 36 -38 -39 40 -41 -42 -43 43 -45 -46 -47 47 53 49 50 51 -53 -54 -55 55 -57 57 -59 59 -61 61 -63
leaf_value=0.0029828124265866614 0.1118711343616796 -0.0023841239100143526 -0.039386453743533341 -0.029213691425162752 -0.027388411156468995 -0.076114111366010206 0.024352178356277395 -0.014195861980543751 -0.035709428928729629 0.0016323624410826646 -0.077996095269576612 -0.0007791527244377733 0.001619157840734999 0.049011368333761823 -0.020213795738413212 0.00764775596349188 -0.067185589090292402 0.0016786382459509468 0.036232175417086454 0.018160073787476524 0.033241443628677474 0.24484188032786791 -0.081864026285440053 -0.022693384525781742 0.022311232817068587 -0.073148709559079955 -0.086857973551779516 -0.060241855155172219 0.013287287735292251 -0.045934460520966669 0.36661767086146213 0.1097297114819939 0.10747149472826643 0.025170287279368733 -0.081353958266529469 0.1095645177219003 0.014770482057997867 0.02654459733849783 -0.078198221696242076 -0.04761354820115974 0.046726282294354021 -0.077962394346952332 -0.061226393258099879 0.05360125064163565 -0.11890586370444341 -0.018503097503332632 -0.041429171648000564 -0.031475240978380496 0.018818515057095357 -0.044690039087266695 0.013942250044965066 -0.035693253796285754 -0.052819068910348266 0.023347318584593643 -0.016655646922841369 0.031410303955821013 -0.080432839510217957 0.040184774224388528 0.18349990470839495 0.019225126855690139 -0.066053602137729234 0.0017420001493828744
leaf_weight=348.14104706844785 2.9653158168571276 3.7117295607145007 5.425647888856477 45.004247541804546 4.5190926678387768 7.7939635332645016 10.098764903141726 118.29129903573664 30.127136989618066 188.26928225622652 16.27169879641167 534.88372980478573 229.6627059871405 10.864831062973282 8.458908745015945 37.378960945248053 22.920457381398339 23.043900110143113 3.4436461137374925 10.053522913010452 29.453313846212268 0.31663893517907027 0.81815553158230603 25.026745290999429 4.2968465686960817 11.679407998102649 7.92912443564569 4.1625567812116051 22.671197891485917 20.124785285261169 0.16219804946013017 1.2213637230092924 1.7581800189291232 22.540736674764194 6.2133850275812668 2.7167407878296208 147.26844131318353 27.823276478160551 0.91725781681907292 3.687009443609667 31.731604840990826 1.5077989807505217 3.8065397757391102 3.4028885454026749 1.9806087769575231 6.9250140758372245 32.976181714503809 8.4261559757624109 48.945407100106422 46.921849034229126 29.241134483598216 25.075196750249688 6.5813500678086703 162.25415976099498 22.810723532442353 77.599925995160447 2.0062826705325305 22.217195338466809 1.6263350560620864 9.3758643094915897 13.155957695750658 10.635564032705588
leaf_count=29451 708 7473 1238 66170 3090 11132 6092 51872 5653 57802 21777 763755 34340 1728 45558 9640 77649 5465 943 16389 6612 45 657 14718 3291 23565 11044 2773 13040 10725 131 321 361 8240 42027 173 26110 346 1083 5855 22833 2034 1578 930 325 9754 22096 1707 6336 25584 6456 7462 1751 25798 1069 4453 1012 2905 62 809 3443 1744
internal_value=2.97704e-05 -0.002487 -0.0106867 -0.0196097 -0.000482183 9.34343e-05 0.000822255 -0.00767913 -0.000306231 -0.00761754 -0.0457754 0.00361332 0.0026329 -0.0165296 0.0238709 -0.00591562 -0.0157707 -0.0262076 -0.0367722 -0.0183554 0.0129801 0.00145912 0.0699769 -0.00393998 -0.0358972 -0.0509363 -0.0599232 0.000293941 -0.0055915 -0.0328387 0.0118106 0.00178542 0.0182547 0.0126459 -0.035539 0.0080804 0.0164875 0.0047265 0.0319018 0.00510492 0.0432166 0.00145799 0.0266588 -0.00702713 -0.0408415 -0.0558898 0.00391589 0.0105904 0.00142565 -0.0128269 -0.0255266 -0.00897204 0.0103276 0.0206408 0.00716801 0.020491 0.00253393 0.0301948 2.77696e-07 0.0435081 -0.00188835 -0.0357468
internal_weight=2571.32 1510.49 296.757 215.505 1213.73 1202.09 1176.06 148.016 1121.17 321.475 67.4893 1060.83 799.694 50.182 54.8935 313.681 121.25 83.8706 60.8267 30.9812 81.2514 51.7981 3.78347 48.0146 20.9277 16.6309 11.6409 192.432 47.6979 26.0274 5.90265 5.74046 29.7246 27.9664 51.2176 525.95 149.985 375.964 46.4346 13.7858 32.6489 4.95145 18.0743 7.20943 32.1077 29.8455 749.512 203.656 545.855 156.765 101.238 54.3163 55.5268 170.68 389.091 100.411 288.68 24.2235 264.456 11.0022 253.454 23.7915
internal_count=1539183 719348 227465 191685 491883 473366 459099 61711 377678 220437 129974 819835 157241 10214 81421 209305 148730 139090 133625 46222 35780 29168 1365 27803 29833 26542 18517 60575 27758 14267 3542 3411 9839 9478 108197 56080 26283 29797 35863 11947 23916 2977 4236 2508 5978 87403 147027 49601 97426 47589 39502 13918 8087 27505 49837 5522 44315 3917 40398 871 39527 5187
is_linear=0
shrinkage=0.1


Tree=90
num_leaves=63
num_cat=0
split_feature=46 46 47 3 49 0 0 3 49 46 24 0 22 0 28 28 0 3 0 47 45 26 15 0 22 0 28 24 0 47 15 28 0 3 19 0 47 26 13 4 8 3 0 19 0 28 3 28 28 19 2 0 49 28 19 0 49 46 3 28 1 2
split_gain=1.7607 2.04783 2.38621 2.86497 3.90264 2.54702 2.45655 2.25481 2.1363 1.94341 2.18639 2.75782 2.51439 1.75049 1.70611 3.68394 2.5992 2.54403 1.64945 1.6172 1.44379 2.94425 2.56895 2.7116 1.44181 2.27651 1.41161 1.51192 2.24264 1.72146 1.37893 1.45624 2.38184 2.14002 1.53239 1.3178 1.90978 1.27953 2.55161 1.26644 2.38198 1.78733 2.65804 1.29535 1.22223 1.54814 1.2793 1.25451 1.20052 1.25702 1.18376 1.12963 1.45155 1.12424 1.10798 1.09085 1.08913 1.33736 1.05059 1.0374 1.03669 1.02009
threshold=7.5000000000000009 9.5000000000000018 1.0000000180025095e-35 4.2844183444976816 12.500000000000002 3.3576917648315434 3.6941639184951787 3.1549592018127446 5.5000000000000009 -1.0000000180025095e-35 240501391360.00003 1.4978661537170412 7168.0000000000009 6.9478189945220956 1.0000000180025095e-35 48.000000000000007 5.9931647777557382 5.9931647777557382 7.6172368526458749 13.500000000000002 1.5000000000000002 1.5000000000000002 6.070054531097413 5.0290689468383798 7168.0000000000009 5.0290689468383798 48.000000000000007 17137926144.000002 4.1426305770874032 11.500000000000002 6.2383227348327646 96.000000000000014 6.208071470260621 4.4845800399780282 280.00000000000006 3.6941639184951787 18.500000000000004 1.0000000180025095e-35 2.6735538244247441 0.89587974548339855 0.89587974548339855 5.7189338207244882 6.7153363227844247 80.000000000000014 7.4644677639007577 1.5000000000000002 6.2383227348327646 12.000000000000002 96.000000000000014 180.00000000000003 4.9706082344055185 4.4845800399780282 3.5000000000000004 48.000000000000007 100.00000000000001 6.1245300769805917 1.5000000000000002 11.500000000000002 6.9047427177429208 12.000000000000002 5.8303320407867441 4.9706082344055185
decision_type=2 2 2 2 2 2 2 2 2 2 2 2 2 2 2 2 2 2 2 2 2 2 2 2 2 2 2 2 2 2 2 2 2 2 2 2 2 2 2 2 2 2 2 2 2 2 2 2 2 2 2 2 2 2 2 2 2 2 2 2 2 2
left_child=9 35 5 4 26 -3 8 -7 19 10 12 -12 13 37 18 16 17 -16 61 -5 24 22 53 -24 -8 -26 27 28 -4 -29 31 33 50 -17 -34 -2 -37 -1 -39 40 41 42 43 -40 45 58 47 -47 49 -28 -33 52 -50 -22 -14 -32 -53 -58 -18 -19 -51 -9
right_child=1 2 3 6 -6 7 20 14 -10 -11 11 -13 54 -15 15 30 44 59 -20 -21 21 -23 23 -25 25 -27 48 29 -30 -31 55 32 34 -35 -36 36 -38 38 39 -41 -42 -43 -44 -45 -46 46 -48 -49 51 60 -52 56 -54 -55 -56 -57 57 -59 -60 -61 -62 -63
leaf_value=0.013317857728321223 0.056694823503298575 -0.055627871335660543 -0.033533384629729317 -0.095858153406804564 -0.087993030744564604 -0.039969299509891448 -0.06794869360711614 0.034742821936280484 0.049267178786135513 -0.0022716673259614048 0.010275664038625726 0.057375333231736853 0.006228419613058196 0.077844883619057961 -0.079447921727785378 -0.040594434626548909 -0.1157353747295457 -0.089761285341177555 -0.055106498358473102 0.0012617865200212526 -0.053742613861846256 -0.083513811215471467 -0.023689938371279473 0.31896956080338668 0.02226942111990848 -0.054571804212618813 0.021227900640917743 -0.074053463168508374 0.088225567794225856 0.019181619916167365 0.010034399543524555 0.068515001430875244 0.040459683255448797 0.026324119841694478 -0.023466982346546192 0.023661124104098308 -0.050999711970998764 -0.060362664923597299 0.099618463615300856 -0.0040434232047603363 -0.18288539694840178 0.040548835622967044 -0.25646696906160077 -0.051246283991256227 0.053138004859985613 -0.070109308450390387 0.069267768535108978 0.0050212577668707322 0.032121923187569422 -0.025750099210723687 -0.047289540124544983 -0.048490978743152863 -0.026154672030671396 0.066278130524185658 0.031358414217289708 -0.053321144573675372 0.0072653042569855225 0.29601445240253649 0.12385805647439828 0.01043297336616467 -0.10419080293207227 -0.074307193697972035
leaf_weight=14.53457382367935 10.373084122312347 5.584556231263945 1.9635623603662802 2.3176666477842947 4.3794819496688424 7.7294508276153229 15.841695862265764 53.502269883500958 7.1901621533525022 1829.9988780228532 47.269699106167536 16.867823802138446 151.54309915385238 2.1371682349417815 9.4267125013731192 6.2539234578325731 1.7108632849956453 1.2054883907376828 2.2115233906297354 6.5885692001490952 1.4333948206550524 2.3803062451965502 0.36107867935993432 0.64076529889734957 6.1802091515601516 10.249867232110061 5.1867699017398108 2.1272675643832626 6.5883520391175807 28.670526940573836 10.683931160474001 19.890141676594798 8.1964444379955221 20.26151779228212 6.9119114163522672 37.310782161370469 3.7724881474998986 12.464766967617377 0.63973656547318203 49.763090124980863 1.0828870184660679 2.7997614880805486 0.59542437906202383 5.1568028754190891 4.4645192765408401 2.5835091508766981 2.6135440831028509 15.904673498922193 20.817634201006516 13.009872050237387 0.92369305098691157 5.6089249095421092 5.3783196877484434 1.7133048327477807 19.841946542263031 3.6447801133153908 4.092155910625479 0.16694499293089382 0.20493601664657024 7.238013065473865 1.9355323801828497 0.87177538689866096
leaf_count=265 2310 5992 2061 6644 17858 4906 353823 12420 4541 718972 1006 1038 1861 231 23942 1880 7517 11410 761 6777 7727 9797 1973 1645 15073 59934 1914 4473 6087 46506 4793 4487 4080 10554 3378 60703 33972 622 139 1428 27 208 55 386 9797 19997 3769 13339 2107 5147 404 2517 1191 2275 450 1980 1341 787 516 5656 1304 401
internal_value=0.00012246 0.00623058 0.00346875 -0.00576852 0.00431425 0.0109167 -0.0241215 0.01291 0.00872152 -0.00100663 0.00612315 0.0226626 0.0020519 -0.0115666 0.0151972 0.008546 -0.014051 -0.043739 0.0295512 -0.0240117 -0.0377464 0.00514065 0.0560078 0.19547 -0.0464228 -0.0256678 0.00854529 0.0230709 0.0602691 0.0127417 0.0218959 0.0283164 0.0414372 0.0105407 0.0112139 0.0248467 0.0168054 -0.0137621 -0.0191908 -0.0106429 -0.0426061 -0.0260797 -0.0552638 -0.0345961 0.00525358 -0.00403417 0.00378015 -0.00547737 -0.00162582 -0.0211883 0.0633757 0.00929462 0.0201571 0.0116059 0.00913782 -0.00608129 -0.0195412 0.0185835 -0.0901057 -0.00387188 -0.0359087 0.0329944
internal_weight=2552.99 398.297 346.841 154.822 99.9253 192.018 54.897 186.434 16.0964 2154.7 324.697 64.1375 260.559 89.1742 178.704 122.119 45.3523 17.8702 56.5856 8.90624 38.8006 6.52885 4.14854 1.00184 32.2718 16.4301 95.5459 39.3497 8.55191 30.7978 76.7663 62.4376 35.9222 26.5154 15.1084 51.4564 41.0833 87.037 72.5025 60.0377 10.2746 9.19173 6.39196 5.79654 27.482 23.0175 21.1017 18.4882 56.1962 20.1322 20.8138 36.064 26.196 3.1467 171.385 14.3287 9.86803 4.2591 1.9158 8.4435 14.9454 54.374
internal_count=1539154 812466 715481 563502 93293 151979 470209 145987 17962 726688 7716 2044 5672 3361 141081 127499 95943 41008 13582 13421 452247 23417 13620 3618 428830 75007 75435 59127 8148 50979 31556 24783 12349 12434 7458 96985 94675 3130 2865 2243 815 788 580 525 54935 45138 37105 33336 16308 8365 4891 7943 3298 10002 2311 6773 4645 2128 8033 17066 6451 12821
is_linear=0
shrinkage=0.1


Tree=91
num_leaves=63
num_cat=0
split_feature=46 27 24 0 22 46 37 50 50 50 49 3 3 49 22 0 49 3 28 22 49 49 33 42 36 26 35 14 15 0 19 31 44 19 18 35 29 15 30 0 30 15 16 0 24 6 31 28 10 28 3 3 28 0 26 18 0 3 26 3 0 3
split_gain=1.93689 1.87698 1.9909 2.39103 2.38892 1.72366 2.27025 3.45246 2.57977 2.59999 2.56803 2.41245 2.07208 1.27441 1.31654 1.209 1.32105 4.45391 1.47861 2.14301 1.50705 1.20267 1.17384 1.2065 1.63045 2.546 1.63461 2.24372 1.41471 1.26919 1.14654 1.04731 1.01703 1.012 0.971836 0.944667 1.07392 0.914432 0.90728 0.901604 0.900765 3.68426 1.74365 1.47706 1.2317 0.931176 1.87989 0.902923 1.39026 1.00835 3.3273 1.63476 1.14653 0.896383 0.890498 1.66913 1.05099 1.44308 1.80664 1.82725 1.0929 1.42424
threshold=7.5000000000000009 -1.0000000180025095e-35 240501391360.00003 1.4978661537170412 7168.0000000000009 9.5000000000000018 3.0000000000000004 1.5000000000000002 3.5000000000000004 4.5000000000000009 1.5000000000000002 3.6941639184951787 4.6510493755340585 1.5000000000000002 7168.0000000000009 3.3576917648315434 3.5000000000000004 3.3576917648315434 96.000000000000014 7168.0000000000009 1.5000000000000002 1.5000000000000002 6.0000000000000009 1.5000000000000002 3.5000000000000004 1.5000000000000002 1.5000000000000002 4.8278014659881601 4.342454433441163 3.3576917648315434 180.00000000000003 104.00000000000001 1.0000000180025095e-35 100.00000000000001 11.182208061218263 1.5000000000000002 192.00000000000003 6.2556321620941171 112.00000000000001 1.4978661537170412 192.00000000000003 5.0290689468383798 1.844439744949341 6.9245815277099618 240501391360.00003 2.087193608283997 120.00000000000001 1.0000000180025095e-35 0.89587974548339855 24.000000000000004 6.2383227348327646 5.6077513694763192 96.000000000000014 4.1426305770874032 1.0000000180025095e-35 9.1147212982177752 3.3576917648315434 4.9182729721069345 1.5000000000000002 2.9621279239654545 4.4845800399780282 5.397998809814454
decision_type=2 2 2 2 2 2 2 2 2 2 2 2 2 2 2 2 2 2 2 2 2 2 2 2 2 2 2 2 2 2 2 2 2 2 2 2 2 2 2 2 2 2 2 2 2 2 2 2 2 2 2 2 2 2 2 2 2 2 2 2 2 2
left_child=1 2 4 -4 37 15 7 10 34 13 12 -8 35 14 -10 -2 17 -17 21 20 -20 -19 -13 -24 25 -25 27 -26 38 -28 -23 -31 -21 -6 -9 -7 53 54 -29 -35 45 -42 43 44 -43 -3 -47 -44 49 50 -49 -51 -53 -37 -1 -56 -57 58 -58 -60 -59 -62
right_child=5 40 3 -5 33 6 11 8 9 -11 -12 22 -14 -15 -16 16 -18 18 19 32 -22 30 23 24 26 -27 29 28 -30 31 -32 -33 -34 39 -36 36 -38 -39 -40 -41 41 42 47 -45 -46 46 -48 48 -50 51 -52 52 -54 -55 55 56 57 60 59 -61 61 -63
leaf_value=0.010497860663851834 0.072351746522542462 -0.0024190220969107753 0.010261842629953704 0.054137892859540827 0.006231632086033707 -0.014434405214854945 -0.021278267301073444 0.38325342863058492 -0.070756583392422329 0.0046092944889903247 -0.086327987171582354 -0.082093690342926129 -0.04867267210591214 -0.089515676034403122 0.039197783481707049 0.052296505325554993 0.033279493391673645 -0.059560208136456884 -0.10791475652103991 -0.32928716091973653 0.045666373645460646 -0.024068829940505486 0.098517519809949355 0.022649366692593306 0.069963786374545908 -0.15541549720099823 -0.089405142628290107 0.095032097600422943 -0.055997254850630673 0.062299104055119764 0.087403611709296808 -0.0044075630093920945 -0.075229154725509423 0.022191257445443868 0.05419191072248665 -0.093684821868316351 -0.06145480359708147 0.06536809688533779 -0.083123041494085864 0.086586680633986182 -0.062626004221029263 0.0039205601710551197 0.080921547561900745 0.072817853604142266 -0.079227875943013948 -0.08782714324358 0.014681247786296285 -0.079006410945213768 0.10278977062175382 0.072458832904664247 0.095550615348502066 0.020270699809291005 -0.11593372548394623 0.061057152188050079 -0.061157483758045285 -0.0019281045111489712 -0.022419763186736493 -0.11573534950244631 -0.0098048202208622943 -0.14818704615096825 0.069655798881510078 -0.015146513385454552
leaf_weight=14.002900882623861 4.6482150708569483 1785.3891279830229 47.277757806470618 16.845793987704383 151.53650701425067 8.8432409048101324 9.9181746689408765 0.090678845744831871 2.0713667982247426 236.88826516667191 6.4383706899780853 0.86129892585631651 11.366535898415433 4.3288662499289501 2.2959887396434624 8.7836293939280967 26.932092451924404 3.5380676572088543 1.9249699886034939 0.49804317943289778 0.95636080993926942 2.2646730174474219 2.8615225915564215 2.6764456646101271 3.3867244794273557 1.1471297103431655 0.62287260354640039 1.1998292048369874 5.0365832646700142 21.927831607140437 1.557079031317073 2.6366245692544785 0.23048720447150117 17.193203206174079 8.7705234801959175 0.40117862444583252 0.99525042977927558 1.5309085716144171 0.37525765278815004 2.4889863821445024 5.3758696859025141 4.6443721217667804 4.9267764947071582 1.8015719036555138 2.8902134202063507 3.7206442910376145 3.4459537729044314 3.0965226558982968 2.3447740535480071 5.476341089795822 1.686853985651396 2.1180530391920915 0.87264625523494022 5.5976635619740591 7.6715358525643742 40.476437425076483 6.8863640472061451 0.84789206035202269 1.3960145585278949 3.0149640071117574 2.4671806015717257 10.039303771451385
leaf_count=262 716 688781 1006 1038 1861 14796 7237 395 17252 340641 80288 598 90019 38078 3673 1146 33841 46090 5918 225 681 2999 157 3276 2814 2093 762 619 21554 16056 5149 15199 220 210 51252 983 3249 134 915 240 15559 2982 219 1853 3175 3165 1390 687 349 309 254 167 82 3575 389 1108 433 56 16 206 207 550
internal_value=0.000168774 -0.00100924 0.00600968 0.0217884 0.00211146 0.00663302 0.00405947 0.000569956 0.00455054 0.00263788 -0.0295363 0.0231531 -0.0160954 -0.0510643 -0.0129518 0.0237156 0.0188731 -0.0007688 -0.0432592 -0.0956817 -0.0569387 -0.0175469 0.0334657 0.0358428 0.0312453 -0.0307728 0.0379847 0.0037749 -0.0301293 0.0515646 0.0213479 0.0551391 -0.24891 0.00900236 0.0575593 0.00728552 0.0347479 -0.0112453 0.0525874 0.0303346 -0.00225219 0.0135821 0.0273031 -0.00852496 -0.0279746 -0.00256342 -0.0385375 0.0436026 0.0318129 0.0192529 -0.017449 0.0399874 -0.0194719 0.0507086 -0.0125965 -0.0170387 -0.0118418 -0.0281195 -0.0544249 -0.104391 -0.0058661 0.00158262
internal_weight=2543.54 2151.47 323.676 64.1236 259.552 392.072 340.738 288.088 254.446 245.584 33.6422 52.6503 27.2039 8.69622 4.36736 51.3336 46.6854 19.7533 10.9697 3.60986 2.88133 7.35982 42.7321 41.8708 39.0093 3.82358 35.1857 9.99839 6.61167 25.1873 3.82175 24.5645 0.72853 171.219 8.8612 15.8373 6.99409 88.3335 1.57509 19.6822 1827.79 35.234 29.8581 9.33616 7.53459 1792.56 7.1666 20.522 15.5952 13.2504 4.78338 8.46704 2.9907 5.99884 86.8026 72.7997 65.1282 24.6517 11.2973 4.41098 13.3544 12.5065
internal_count=1539154 726688 7716 2044 5672 812466 715481 644201 451291 399644 192910 71280 112622 59003 20925 96985 96269 62428 61282 7044 6599 54238 64043 63445 63288 5369 57919 25902 23088 32017 8148 31255 445 2311 51647 22603 7807 3361 1534 450 718972 25636 10077 8010 6157 693336 4555 2067 1848 1499 941 558 249 4558 3227 2965 2576 1468 655 222 813 757
is_linear=0
shrinkage=0.1


Tree=92
num_leaves=63
num_cat=0
split_feature=46 46 37 50 49 3 3 50 50 46 24 0 22 47 30 15 16 0 39 28 0 28 3 28 3 3 13 26 38 28 28 28 36 7 31 24 0 47 19 3 22 26 9 24 28 50 0 0 3 28 28 45 49 49 15 15 21 44 28 3 49 0
split_gain=2.0932 2.12385 2.06583 3.93276 2.28746 2.25863 1.98156 1.67042 2.6694 1.82117 1.62961 2.29215 1.75151 1.18711 1.17057 3.39165 1.62407 1.28747 1.11851 1.0293 1.46366 2.10485 1.16389 1.09611 1.04011 1.0649 1.02075 2.36458 1.00309 1.11446 1.77911 1.56094 1.01343 0.986416 1.44888 0.962702 0.953162 1.51659 0.928687 0.922929 1.33885 0.90149 0.89698 0.89564 1.60223 1.34288 2.52042 1.86499 1.95699 2.651 1.73407 1.65671 1.57972 1.47064 1.26918 1.14997 1.09783 1.01576 1.28946 2.55489 0.892922 1.0631
threshold=7.5000000000000009 -1.0000000180025095e-35 3.0000000000000004 1.5000000000000002 1.5000000000000002 3.6941639184951787 4.6510493755340585 3.5000000000000004 5.5000000000000009 9.5000000000000018 240501391360.00003 1.4978661537170412 7168.0000000000009 14.500000000000002 192.00000000000003 5.0290689468383798 1.844439744949341 6.6957499980926523 3.0000000000000004 1.0000000180025095e-35 6.208071470260621 24.000000000000004 6.2383227348327646 96.000000000000014 5.6077513694763192 6.2383227348327646 2.6735538244247441 1.0000000180025095e-35 1.5000000000000002 96.000000000000014 -1.0000000180025095e-35 48.000000000000007 3.5000000000000004 2.8919125795364384 232.00000000000003 240501391360.00003 3.6941639184951787 15.500000000000002 100.00000000000001 6.2556321620941171 5120.0000000000009 1.5000000000000002 0.89587974548339855 17137926144.000002 96.000000000000014 17.500000000000004 4.9182729721069345 4.9182729721069345 5.5169365406036386 96.000000000000014 1.0000000180025095e-35 2.5000000000000004 1.5000000000000002 12.500000000000002 5.9098556041717538 4.8278014659881601 112.00000000000001 1.0000000180025095e-35 48.000000000000007 5.0290689468383798 1.5000000000000002 5.5169365406036386
decision_type=2 2 2 2 2 2 2 2 2 2 2 2 2 2 2 2 2 2 2 2 2 2 2 2 2 2 2 2 2 2 2 2 2 2 2 2 2 2 2 2 2 2 2 2 2 2 2 2 2 2 2 2 2 2 2 2 2 2 2 2 2 2
left_child=1 10 3 4 6 -4 18 13 60 36 12 -12 26 -5 33 -16 17 35 -2 -18 21 22 -21 -22 -23 -26 27 -1 -7 30 32 -32 41 -3 -35 -17 -10 -38 -14 40 -28 -30 -42 44 55 46 -45 48 49 50 -47 -49 -48 54 -54 -11 -51 58 59 -52 61 -9
right_child=2 14 5 7 -6 28 -8 8 9 43 11 -13 38 -15 15 16 19 -19 -20 20 23 24 -24 -25 25 -27 39 -29 29 -31 31 -33 -34 34 -36 -37 37 -39 -40 -41 42 -43 -44 45 -46 47 52 51 -50 56 57 -53 53 -55 -56 -57 -58 -59 -60 -61 -62 -63
leaf_value=0.015693005901285521 -0.015964993748017006 -0.0026358774312936904 -0.018149660194934088 0.030139943959440019 -0.085659209339469092 0.084872333232271821 -0.049791321287207105 0.0016046818089567609 0.053333170211871575 0.057821355680736534 0.0095082524452113487 0.052823429470730113 0.0061173079315410151 0.11631378672675104 -0.060110407928146647 0.0018339694503903877 0.083761346072329129 0.06001867117753721 0.038884937604254752 -0.081853987576206808 0.099634699376547259 0.064925403148423266 0.058702672921379866 -0.035978348677414472 -0.10695700664128856 0.044149129451054862 -0.00082740907824568281 -0.056191943055205917 0.017284060056136769 0.054171945862611363 -0.050914082277919374 0.022338115438485504 0.0499428714375326 -0.0771597345500704 0.0423776436780164 -0.074492827887601892 0.025254689627511331 -0.039810730542120261 0.029312035742862164 0.072102299994934727 -0.028574206378076689 -0.15688302803430398 -0.12624207965315989 0.0049050501081208701 -0.046821742001945887 -0.029072024912128753 -0.067024271584622611 0.033846899988750435 0.0085045346488329555 0.065934308700755839 -0.10037801313437877 0.0038238886549264526 0.0065732642244165336 -0.063920696783171402 -0.069713499089759615 -0.014081615188166814 -0.043390497229296943 -0.10400988836704742 -0.15927864089144617 -0.85000341282200231 -0.070119937614737018 -0.081002316272025379
leaf_weight=7.383471135050061 9.1776704993171219 1783.349087486924 9.801660806879168 7.0995239323630965 5.8895591248338084 3.690295109361613 10.672821048516637 6.7712949871041967 9.9587633751853257 10.054427655234404 47.142643713916186 16.490415962638508 151.35104961623438 2.0631525794017591 5.0324512818968534 4.3599483905664886 5.0226400062310885 2.2371110417094542 6.2493940239786516 2.7726523005774184 3.889968115362989 5.3328359987499425 0.74807646014687623 0.70384421205017123 0.82218927163921729 1.07771711100213 61.988170396259193 12.033974675593752 0.87823177099926109 13.144999169006949 5.2649403502182981 6.5009161279763248 13.420167666403358 3.8897940419219585 1.3714815602543238 2.6610742807974361 35.755658456663213 3.981217146026153 19.484217319404706 1.6034257596038504 3.2341933805837462 0.44918767650597147 1.3257984753363414 79.1323157844501 2.4155118319577005 3.1492942184249859 7.9195147001511108 38.95337688417203 20.227564081201422 2.2700818105222424 0.092841628758151606 34.79931529882839 16.988261166959624 5.0191918524157009 2.502031058804504 2.8561548087182009 1.542801337396668 2.7812327882446652 0.53470821279915981 0.089098406380799133 5.0619490132968386 2.0234429384894099
leaf_count=96 16971 689561 7237 42445 80288 384 90019 23651 1644 3687 1006 1038 1861 9202 15559 2757 219 2236 5632 636 584 286 104 86 93 59 2114 622 279 7156 43307 7137 5552 3502 273 3017 44574 28285 450 142 305 228 82 71659 1885 487 81826 11862 7060 250 479 15830 34818 33515 7266 11740 316 3771 91 58 72948 38927
internal_value=0.000135665 -0.00108837 0.00688294 0.00398537 -0.0293667 0.0252022 -0.016664 0.00749446 0.00618789 0.00830061 0.00639832 0.0207333 0.00286827 0.0495436 -0.00241071 0.0157911 0.0286832 -0.00604512 0.00625432 0.0444673 0.0316077 0.0114232 -0.0519888 0.0788567 0.0422907 -0.0212424 -0.008631 -0.0288577 0.0350046 0.0303643 0.0185608 -0.0104405 0.0416984 -0.00276343 -0.0459994 -0.027095 0.025669 0.0187358 0.00876273 -0.00286809 -0.00467444 -0.0416526 -0.0569707 0.00456941 0.027929 0.00291196 -0.00471704 0.0110611 -0.00965515 -0.0447722 -0.0829003 0.0196809 -0.0281966 -0.0156506 -0.00321991 0.0419146 0.0216984 -0.131364 -0.237524 -0.467479 -0.0366597 -0.0174011
internal_weight=2534.49 2145.31 389.183 336.032 31.9894 53.1504 26.0999 304.043 294.88 281.023 322.037 63.6331 258.404 9.16268 1823.27 34.6605 29.6281 9.25813 15.4271 20.3699 15.3473 10.7535 3.52073 4.59381 7.23274 1.89991 87.569 19.4174 43.3487 39.6584 26.5134 11.7659 14.7476 1788.61 5.26128 7.02102 49.6956 39.7369 170.835 68.1516 66.5482 1.32742 4.55999 231.328 15.3261 216.002 111.561 104.44 30.6876 10.4601 6.64718 73.7527 32.429 24.5095 19.4903 12.9106 3.81288 3.49788 0.716648 0.18194 13.8567 8.79474
internal_count=1539154 726688 812466 741186 192910 71280 112622 548276 496629 361103 7716 2044 5672 51647 718972 25636 10077 8010 22603 2067 1848 1178 740 670 438 152 3361 718 64043 63659 56503 50444 6059 693336 3775 5774 74503 72859 2311 2643 2501 507 387 286600 17312 269288 229084 40204 12512 5452 4886 27692 157425 75599 42084 15427 566 4399 628 537 135526 62578
is_linear=0
shrinkage=0.1


Tree=93
num_leaves=63
num_cat=0
split_feature=46 37 50 49 3 3 27 24 0 22 46 50 50 49 22 33 0 47 30 13 3 13 26 6 0 3 49 18 24 50 0 49 50 0 3 21 44 3 14 49 3 45 47 0 47 22 44 39 3 20 3 47 21 26 3 0 42 35 14 36 26 3
split_gain=2.24192 1.84554 3.38827 2.16549 2.06473 1.84667 1.83943 1.47919 2.1283 1.77811 1.34588 1.5182 2.03179 1.13336 1.1166 1.08072 1.11427 1.05094 1.04735 2.7978 1.25412 1.01389 2.13553 0.918753 0.90136 1.01018 4.44576 1.02102 0.895722 1.37791 2.40135 1.65361 1.46257 1.41601 1.55574 1.27837 1.85172 1.07563 1.04488 1.04076 1.66797 1.04056 0.994226 0.97288 1.60547 0.950956 0.892337 0.885427 0.88637 0.867393 0.861594 1.7257 1.09139 1.73739 1.56464 1.27576 0.856822 1.05765 2.15854 1.3501 1.6406 1.1533
threshold=7.5000000000000009 3.0000000000000004 1.5000000000000002 1.5000000000000002 3.6941639184951787 4.6510493755340585 -1.0000000180025095e-35 240501391360.00003 1.4978661537170412 7168.0000000000009 9.5000000000000018 3.5000000000000004 4.5000000000000009 1.5000000000000002 7168.0000000000009 6.0000000000000009 3.3576917648315434 14.500000000000002 192.00000000000003 5.4457051753997812 5.0290689468383798 1.4978661537170412 1.0000000180025095e-35 0.89587974548339855 3.3576917648315434 3.3576917648315434 1.5000000000000002 12.568491935729982 17137926144.000002 17.500000000000004 5.0290689468383798 1.5000000000000002 16.500000000000004 4.9182729721069345 5.5169365406036386 112.00000000000001 1.0000000180025095e-35 5.0290689468383798 6.4247851371765146 6.5000000000000009 3.6941639184951787 2.5000000000000004 28.500000000000004 4.7789824008941659 12.500000000000002 7168.0000000000009 1.0000000180025095e-35 3.0000000000000004 2.3124864101409917 48.000000000000007 4.9182729721069345 16.500000000000004 112.00000000000001 1.5000000000000002 6.2383227348327646 6.1245300769805917 1.5000000000000002 1.5000000000000002 4.8278014659881601 3.5000000000000004 1.5000000000000002 4.4845800399780282
decision_type=2 2 2 2 2 2 2 2 2 2 2 2 2 2 2 2 2 2 2 2 2 2 2 2 2 2 2 2 2 2 2 2 2 2 2 2 2 2 2 2 2 2 2 2 2 2 2 2 2 2 2 2 2 2 2 2 2 2 2 2 2 2
left_child=6 2 3 5 -3 47 7 9 -9 21 24 17 13 14 -13 -6 -17 -12 -8 -20 -21 22 -1 -22 -4 -26 27 -27 38 30 -30 -32 39 34 35 36 37 -31 43 40 42 46 -33 -14 -45 -42 -35 48 -2 -11 -48 -52 -53 54 -54 -56 -18 58 -58 60 -59 -60
right_child=1 4 10 -5 15 -7 18 8 -10 49 11 12 28 -15 -16 16 56 -19 19 20 23 -23 -24 -25 25 26 -28 -29 29 33 31 32 -34 41 -36 -37 -38 -39 -40 -41 45 -43 -44 44 -46 -47 50 -49 -50 -51 51 52 53 -55 55 -57 57 59 61 -61 -62 -63
leaf_value=0.010017345491600705 0.022164742283977624 -0.017548119091155615 0.064757378038757266 -0.084715122959339736 -0.081649824344704025 -0.048406360036350016 -0.0026964486035186211 0.0087660336398736067 0.050719327282562322 0.0058654703936945702 0.024821595215841707 -0.069152309869590631 0.012291336306524703 -0.087952414764445652 0.035424107039351366 -0.060394190468120071 0.087951759448984465 0.10217569702700709 -0.041769067137857739 -0.065118796670116108 0.02564212513028253 -0.0055066615090511748 -0.087947896388485436 0.07491065159975184 0.046585061569255876 -0.090516661469545678 0.024549923624463812 0.062034046452573557 0.0043621800526679883 -0.078966800410048471 -0.068380054556287415 0.18174607126929362 -0.085854823634537031 0.011749195954225662 0.0092980821866526283 -0.081911786600165112 0.018034993116486896 -0.33484465142973396 -0.063374958500966042 -0.017741144976757266 -0.06087778527337373 0.0061895888336936447 -0.0017863152945028283 0.11152806825714588 0.01198164650036764 0.05216004040213669 0.021331232841953443 0.035486533220902033 -0.040975878254338932 0.028363753334468295 0.049463694478747322 0.099373060926940898 0.3673676807878834 0.034569526412289005 0.47001549654071173 1.6395834161820027 0.073947184346816769 0.034636363740647477 0.052097103270442882 0.05132344054394631 -0.13574595153945082 -0.044461283367266985
leaf_weight=4.2644379576668126 3.9582470989833123 9.6141152466881845 4.5699346204746822 5.4026116448834776 0.79834018143446783 10.010156340912387 1784.116692750983 47.112253137805965 16.267346803782857 150.84575650644547 7.133125019330917 1.8491794443779159 8.5154200398615689 3.6400005315907649 2.2797690086392493 1.1719334347548045 3.2293237692792891 2.3300660589802646 6.8970865649340558 1.3286823448142993 20.998502338910274 78.010198367313933 4.6531630264535124 4.6171864180259936 9.8943300653272654 4.6186679034737912 31.661371592970681 0.4847882724880036 82.286008601372203 0.98037331203659206 7.720038503271236 0.98603740948100582 2.5913857165185155 15.708236374452097 19.982347884377646 4.0981639960016878 4.8175472267736268 0.19735611052874447 1.1757028142969819 16.430008623894686 1.5138214513928432 34.133822780582022 0.42126260855366127 3.3710922798900347 3.1192040058099337 1.4639702806658192 10.40389003263954 6.3257939178729421 5.0724002983503738 19.332494020229205 11.676959709751824 0.57850233561157516 0.22295329520602536 0.14378201724230166 0.018273521388437075 0.019048491785724764 3.3334390316540503 1.5820154900579866 1.5838267936437658 25.528906725381489 0.8792169629645058 5.648409439338991
leaf_count=55 978 7237 716 80288 598 90019 693336 1006 1038 1861 42445 17252 4202 38078 3673 1560 142 9202 11383 6371 7353 3080 226 529 1240 51884 42918 227 89027 326 96981 1094 23742 3937 7060 2913 2172 41 9119 29302 34443 15830 167 2451 7341 2568 3616 5632 15993 450 2151 1052 446 540 37 83 2185 3039 1473 31255 2037 21754
internal_value=0.000130505 0.00715343 0.00437731 -0.0272308 0.0244129 -0.0149877 -0.00113446 0.00585077 0.019534 0.00247769 0.00760801 0.00458006 0.00303315 -0.0472732 -0.0114112 0.0336327 0.0357752 0.043868 -0.00236588 0.0150619 0.0296092 -0.0091581 -0.0411005 0.0345227 0.0223732 0.0182219 0.0105887 -0.0760255 0.00471359 0.00301655 -0.00458734 -0.0282463 -0.0150092 0.0113907 -0.00686621 -0.0388672 -0.00944346 -0.121845 0.027408 -0.00618919 0.0370935 0.0189222 0.126807 0.0345209 0.0636866 -0.00530505 0.0301317 0.00679636 -0.0133005 0.00842131 0.0426519 0.0601737 0.187454 0.313561 0.467683 1.06694 0.0384725 0.0343282 0.00737063 0.0445041 -0.0262287 -0.0233154
internal_weight=2523.62 385.175 331.806 30.7692 53.3695 25.3666 2138.44 320.486 63.3796 257.106 301.036 249.807 240.344 7.76895 4.12895 43.7554 42.9571 9.46319 1817.96 33.8415 26.9444 86.9278 8.9176 25.6157 51.2291 46.6592 36.7648 5.10346 232.575 216.394 113.413 31.1265 23.4065 102.981 30.0758 10.0934 5.99528 1.17773 16.1814 20.8151 4.38509 72.9055 1.4073 15.0057 6.4903 2.97779 38.7716 15.3564 9.03065 170.178 23.0634 12.6595 0.98256 0.404057 0.260275 0.037322 41.7851 38.5558 10.5657 27.9901 2.46123 7.23224
internal_count=1539154 812466 741186 192910 71280 112622 726688 7716 2044 5672 548276 451291 399644 59003 20925 64043 63445 51647 718972 25636 14253 3361 281 7882 96985 96269 95029 52111 340641 317528 277324 188297 91316 40204 12512 5452 2539 367 23113 67574 38272 27692 1261 13994 9792 37011 11862 22603 16971 2311 7925 4309 2158 1106 566 120 61885 61743 25412 36331 5076 23227
is_linear=0
shrinkage=0.1


Tree=94
num_leaves=63
num_cat=0
split_feature=46 27 37 3 46 24 0 22 24 45 3 49 49 45 0 35 28 14 0 47 22 28 49 28 24 45 0 49 49 16 15 47 47 24 0 30 14 0 0 46 47 47 47 28 47 0 47 23 47 14 13 22 8 39 36 32 28 28 32 15 28 20
split_gain=2.37168 1.73123 1.45633 1.92856 1.7504 1.40369 1.9101 1.75276 3.6244 1.1405 2.21463 2.69686 2.63452 1.49408 1.23908 1.28799 1.17218 1.13304 1.10713 1.38059 1.08217 1.24728 1.01471 0.97174 2.06265 0.952117 1.04006 4.40285 0.957695 0.950918 2.15463 4.67059 2.36192 2.07439 3.47624 2.21209 2.0249 1.86058 1.79065 1.58594 2.02104 1.52271 2.4655 3.26097 2.07059 2.0123 1.82179 3.33668 1.47867 3.45656 1.76286 1.93029 2.90711 2.81374 1.91331 1.79256 1.72952 1.60893 4.55625 2.42361 4.70715 4.74058
threshold=7.5000000000000009 -1.0000000180025095e-35 3.0000000000000004 3.6941639184951787 9.5000000000000018 240501391360.00003 1.4978661537170412 7168.0000000000009 17137926144.000002 1.5000000000000002 4.2844183444976816 5.5000000000000009 5.5000000000000009 2.5000000000000004 5.4335694313049325 3.5000000000000004 24.000000000000004 5.7189338207244882 3.9495767354965214 15.500000000000002 7168.0000000000009 1.0000000180025095e-35 12.500000000000002 96.000000000000014 137422176256.00002 1.0000000180025095e-35 4.1426305770874032 1.5000000000000002 1.5000000000000002 0.89587974548339855 3.6050398349761967 2.5000000000000004 4.5000000000000009 8816427008.0000019 1.4978661537170412 24.000000000000004 1.9944920539855959 4.9182729721069345 4.4845800399780282 5.5000000000000009 23.500000000000004 6.5000000000000009 8.5000000000000018 24.000000000000004 4.5000000000000009 4.7447810173034677 7.5000000000000009 2415.0000000000005 3.5000000000000004 5.1720471382141122 5.4457051753997812 7168.0000000000009 0.89587974548339855 3.0000000000000004 5.0000000000000009 96.000000000000014 24.000000000000004 12.000000000000002 6.0000000000000009 4.8278014659881601 48.000000000000007 48.000000000000007
decision_type=2 2 2 2 2 2 2 2 2 2 2 2 2 2 2 2 2 2 2 2 2 2 2 2 2 2 2 2 2 2 2 2 2 2 2 2 2 2 2 2 2 2 2 2 2 2 2 2 2 2 2 2 2 2 2 2 2 2 2 2 2 2
left_child=1 5 4 -4 -2 7 -7 8 -1 10 12 14 16 17 -12 -16 25 -11 -13 -20 -21 -22 -14 24 -18 -6 27 -27 -28 30 31 37 38 34 -31 36 -35 -3 -33 -34 -41 44 45 -44 48 46 47 -43 50 -50 57 52 53 -52 -53 56 -54 58 -32 -59 61 -61
right_child=2 29 3 -5 9 6 -8 -9 -10 13 11 18 22 -15 15 -17 23 -19 19 20 21 -23 -24 -25 -26 26 28 -29 -30 33 41 32 39 35 -36 -37 -38 -39 -40 40 -42 42 43 -45 -46 -47 -48 -49 49 -51 51 54 55 -55 -56 -57 -58 59 -60 60 -62 -63
leaf_value=-0.16694566267304956 0.021972042634678723 -0.093958855588538184 -0.018101822452758185 0.031889064484756639 0.0028412562166727027 0.0088666563090054832 0.048884206402111094 0.0082398441616155157 -0.0065968835719758508 0.0047934429858022187 -0.022880085189397933 0.034546363796379445 -0.019146217321954713 0.0017694642914254715 -0.068150125616198737 0.12673779725110826 0.030531452778918684 0.042503843988872851 0.0046139131634886097 -0.092980885290651516 -0.086702607073363053 0.04782299052031689 -0.083309863982705484 0.015342252413571811 -0.031907558511033517 0.065662278048687489 0.010493555712190352 -0.067042840717922519 0.076452045634418875 0.22043503548645116 -0.039492527565235608 0.086049991156766592 -0.030257905868449082 -0.01187887386234999 -0.0078339677999618787 0.00065486187096851711 -0.068715894277885783 -0.026110426626953533 -0.055494303951220028 0.061421263550889928 -0.039061465450822987 -0.085418588202691659 0.0020946444335575502 -0.035497772969775708 -0.035443620428213023 0.021796406936438629 0.015886775616579814 0.050232840855082228 0.089562355601990315 -0.025269218967222475 -0.020311732923072107 0.0068346175696155339 -0.024971062096252866 -0.062547084634547737 -0.035937606741590258 0.17673527016410517 0.028521809492221162 0.018178674973369512 0.0027872599113149448 -0.053756978481790986 -0.044066181664647215 0.028223171001229896
leaf_weight=1.4334389783796258 50.99017775711593 10.422592832587954 9.4076664329115811 42.94207387781239 10.457287234386781 47.111348502454348 15.97127644941065 169.93299666824896 84.859172121261054 13.175485879738799 23.292750891016972 8.3503705545855365 12.407376599965856 68.265101977914554 11.623183919870858 0.34930129280189781 7.9036111259183626 20.156756035101921 21.508759675614417 2.9388356518622052 1.1572563845390962 1.7041112867078139 3.0756672780841532 32.229696909475479 16.00351556298142 6.8042160881221907 2.9358059064919066 3.9523250296654169 8.7990871538126481 1.1351759536191814 36.056409143760902 4.3287412347699492 20.069649138602472 69.849085533904145 1.6180748811093506 974.91039935490619 6.8861222891511025 6.601865571507914 1.1263275664950922 5.0472472313904309 3.317231987341529 6.4311108320284518 112.73180546993777 29.014226554401375 24.164289103744693 80.426508491151594 9.3799941682611916 2.5253118111286312 5.2040042327062093 5.281892511801118 53.071520356156441 55.08739968973498 11.833418330062619 22.444497772599618 12.909098752552266 0.60419319683569384 12.354389442243699 76.246065884677137 86.961862773347548 8.8549120978168485 23.401793948047725 34.675290267367018
leaf_count=163 96985 17120 7237 64043 20799 1006 1038 2311 3198 7483 127802 5241 5997 34595 262553 3231 3805 9823 29801 59217 848 5639 13331 8320 13622 2644 8670 5253 15527 63 17467 957 5823 25887 292 229578 19525 7390 582 1190 1126 655 36624 16135 12689 11023 892 232 2022 4382 60758 28602 4915 128143 11815 18 2509 20279 32277 1396 8863 7743
internal_value=0.000142231 -0.00115434 0.00741622 0.0229053 0.00494472 0.00563585 0.0189983 0.00234601 -0.0092605 0.00181136 -0.00307008 -0.0167104 0.00618155 0.0102433 -0.0363188 -0.0624642 0.0127988 0.0275978 0.00268142 -0.00706206 -0.0503598 -0.00658477 -0.0318922 0.00401077 -0.0112654 0.0277714 0.0393626 0.0169018 0.0599507 -0.00234894 -0.005044 -0.0249152 -0.003448 -0.0004049 0.0862822 -0.000631851 -0.0169794 -0.0676481 0.0568248 -0.0150113 0.0215713 -0.00361837 0.00285119 -0.00560021 -0.00693497 0.0149808 -0.0149138 -0.0471709 -0.00538685 0.0317201 -0.00628236 -0.014293 -0.0231104 -0.0328647 -0.00128567 0.00660127 0.00235145 -0.00121758 -0.00960486 0.00598875 -0.00789748 0.0115468
internal_weight=2514.71 2134.28 380.43 52.3497 328.081 319.308 63.0826 256.226 86.2926 277.091 175.493 70.9246 104.569 101.597 35.2652 11.9725 89.0855 33.3322 35.6593 27.309 5.8002 2.86137 15.483 56.1368 23.9071 32.9487 22.4914 10.7565 11.7349 1814.97 760.574 50.9137 33.8892 1054.4 2.75325 1051.65 76.7352 17.0245 5.45507 28.4341 8.36448 709.66 240.509 141.746 469.151 98.7629 18.3364 8.95642 444.987 10.4859 434.501 168.305 100.308 75.516 67.9965 24.792 24.1878 266.196 123.018 143.178 66.932 43.5302
internal_count=1539154 726688 812466 71280 741186 7716 2044 5672 3361 644201 592300 494332 97968 51901 393586 265784 78640 17306 100746 95505 65704 6487 19328 25747 17427 52893 32094 7897 24197 718972 443627 34188 9678 275345 355 274990 45412 24510 1539 8139 2316 409439 65561 52759 343878 12802 1779 887 331189 6404 324785 236760 196343 188901 40417 7442 7424 88025 49744 38281 18002 9139
is_linear=0
shrinkage=0.1


Tree=95
num_leaves=63
num_cat=0
split_feature=51 50 50 50 43 36 14 36 14 19 28 34 36 24 38 18 38 23 14 42 1 19 13 35 32 14 16 28 28 22 14 47 49 14 3 44 1 45 3 18 50 15 47 30 15 28 28 14 3 4 16 24 3 3 3 49 18 16 18 28 20 49
split_gain=1.56734 3.23496 1.1088 2.66954 1.00285 1.93291 1.87407 1.56208 1.55194 2.64789 2.14724 1.5352 1.69996 1.48091 1.47837 1.28938 1.28341 1.2706 1.47107 1.24289 1.16427 1.1057 1.06672 1.06167 1.02464 1.01377 1.12755 1.00178 2.01065 1.41768 1.35112 1.35388 1.11167 3.295 1.90192 1.79595 1.71854 1.30695 1.05505 1.02458 1.11366 1.01188 1.13 0.961005 2.42857 1.55207 1.65915 2.60261 1.4118 1.40635 1.19793 1.07916 1.06839 1.06359 1.08354 0.954351 0.945048 0.910289 0.90926 1.60903 0.878836 0.863605
threshold=1.0000000180025095e-35 1.5000000000000002 3.5000000000000004 4.5000000000000009 1.0000000180025095e-35 1.5000000000000002 4.1426305770874032 2.5000000000000004 2.8888261318206792 280.00000000000006 96.000000000000014 2.5000000000000004 7.0000000000000009 8816427008.0000019 3.5000000000000004 12.489189624786379 4.5000000000000009 1900.0000000000002 6.2858872413635263 3.0000000000000004 3.4319016933441167 180.00000000000003 1.7005987167358401 4.5000000000000009 56.000000000000007 5.6077513694763192 1.844439744949341 1.0000000180025095e-35 6.0000000000000009 7168.0000000000009 7.4871635437011728 28.500000000000004 1.5000000000000002 3.6050398349761967 3.3576917648315434 1.0000000180025095e-35 5.8303320407867441 3.5000000000000004 7.4813475608825692 15.029000282287599 16.500000000000004 6.7438817024230966 1.0000000180025095e-35 192.00000000000003 4.9182729721069345 1.0000000180025095e-35 24.000000000000004 6.208071470260621 5.5169365406036386 1.2424533367156985 2.7803407907485966 240501391360.00003 6.9206013679504403 5.6077513694763192 6.070054531097413 15.500000000000002 10.959067821502687 1.844439744949341 13.674976348876955 1.0000000180025095e-35 48.000000000000007 1.5000000000000002
decision_type=2 2 2 2 2 2 2 2 2 2 2 2 2 2 2 2 2 2 2 2 2 2 2 2 2 2 2 2 2 2 2 2 2 2 2 2 2 2 2 2 2 2 2 2 2 2 2 2 2 2 2 2 2 2 2 2 2 2 2 2 2 2
left_child=4 61 -3 -4 23 6 13 17 -9 10 11 12 22 -6 57 19 -13 25 20 -12 -19 -16 -10 24 43 26 -7 30 29 -29 31 38 33 35 -35 -30 37 -34 55 40 -33 -31 -43 -1 51 48 47 50 -46 52 -47 -45 -49 -48 -55 -5 -24 -8 -22 -60 -38 -2
right_child=1 2 3 27 5 7 14 8 9 -11 15 16 -14 -15 21 -17 -18 18 -20 -21 58 -23 56 -25 -26 -27 -28 28 32 41 -32 39 36 34 -36 -37 60 -39 -40 -41 -42 42 -44 44 45 46 53 49 -50 -51 -52 -53 -54 54 -56 -57 -58 -59 59 -61 -62 -63
leaf_value=0.0002062908711968096 -0.010009182697237138 0.050194125427390129 -0.072283703937812541 0.034441356725433823 0.17153579379539638 -0.016473666060014724 -0.036418061709211448 0.0039937373030813524 0.051316542987246541 -0.060425183741501534 -0.01805678758179461 -0.023174981479381157 -0.1030834328171762 -0.0082236971788416866 0.0080341166010025975 0.039887423603279869 0.0019242796443657601 -0.09339118217610598 -0.071679310773534191 -0.073459515563673389 0.0067613023460295976 -0.040191775242366355 -0.090485592906402637 0.07100836993214496 -0.052621600167396088 0.06445302123032251 0.054335597237864464 -0.089729231959897127 0.071620300124051975 -0.028331975973741094 -0.04587292991506417 -0.093282056906958677 0.01781688623624636 0.013084210030547275 -0.066210128875011182 -0.007922108103167019 0.032145735416931324 -0.010953057631139351 -0.064604661215012557 0.067139521389925058 -0.0029949632872731261 0.1907894721655537 -0.054046913864060048 0.016037824790844715 0.12240211421059435 -0.076742600925304716 0.058868422685560466 -0.11126642303480645 0.03243722877231333 0.1046765114784686 0.13268705131915551 -0.095065146791912955 0.13175546418114456 -0.055545882283811236 0.033598824305771172 -0.048961649865540746 -0.016793615851994549 -0.083522399103175549 0.10815574658540519 -0.0031572118298411967 -0.069851622633569616 -0.083235576754396134
leaf_weight=1507.1684346613024 2.4295835211533108 6.494756199872568 4.0395103786507027 48.210806917547472 0.45960109720360165 5.1246325036936486 11.344236794065866 177.90506303963647 1.9216700681336085 9.3631826375165002 7.4432314758023539 23.014512194459087 2.8042389608529836 161.25627084995963 10.670782739583048 1.8501864548634319 177.45911987808222 1.0964600098377548 2.3652943334337797 8.8801239613580947 54.053393343373841 8.5744074506795851 2.0687134879954092 2.1355615876802849 3.629077934183214 7.3715030249923066 4.0073797227596515 3.6185961065555992 5.3371099726300617 3.2715559109482513 2.9041194148232412 2.0194115567110194 114.42409880291501 4.308946186636148 10.150559339282379 6.0633710884108041 1.090812393607848 18.317705130810737 1.1552143275396236 1.2453166153281925 4.2231889279273673 0.49332043906179013 0.30508303557871841 1.3310679219877095 2.8296152061811908 4.8417557462386211 7.8889479346053104 0.67510093948203587 4.5478844721947098 1.8756751057808287 0.28944926797703363 2.5473632811786047 0.24711897620363743 2.0699627022222558 3.9951196674501261 1.4121577149398934 10.960676502920933 6.4268078700608831 2.5088355738771488 2.6919792160592806 3.7448979520219146 4.7777281096332231
leaf_count=707666 27243 39587 45162 18972 81 535 46813 25418 529 20915 3179 22700 7609 57181 1754 260 33752 84 4043 4936 14755 10441 1602 2855 22872 968 593 94020 1117 17162 2819 666 115424 787 40245 1708 467 10309 746 34 1154 57 1391 3696 318 2910 1384 1785 617 204 28 5663 214 610 1082 2523 5667 18474 100 784 2884 80343
internal_value=-3.83561e-05 0.00747224 0.00943184 0.00831165 -0.000873849 -0.00400938 -0.0123588 -0.000709857 -0.00311986 -0.00826925 -0.00620352 -0.00345323 -0.0316365 -0.00771282 -0.0326562 -0.0392291 -0.000957133 0.012179 0.00568236 -0.0481966 0.00871436 -0.0134522 -0.0182358 0.000549086 0.000451627 0.0368671 0.0145994 0.00971316 0.00578692 -0.0441893 0.020697 0.024015 0.00813794 -0.0108848 -0.0425803 0.0293155 0.0117136 0.0138468 0.0298686 -0.0156804 -0.0322018 -0.00369981 0.0972335 0.000576672 0.0174216 0.0272774 0.0139049 -0.022623 0.066943 0.0549636 -0.0649288 -0.0569349 -0.046146 0.0346612 0.00317447 0.0320679 -0.0284939 -0.0534531 0.0106038 0.0505394 -0.0468436 -0.058551
internal_weight=2497.73 250.038 242.831 236.336 2247.69 701.622 198.732 502.89 423.671 245.766 236.402 218.229 17.7553 161.716 37.0162 18.1735 200.474 79.2195 62.716 16.3234 60.3507 19.2452 14.9511 1546.07 1543.94 16.5035 9.13201 232.296 171.126 7.68856 61.1702 58.2661 163.438 25.86 14.4595 11.4005 137.578 132.742 50.7782 7.48792 6.2426 4.06996 0.798403 1540.31 33.1391 29.2606 21.8831 7.9291 7.3775 2.7979 5.13121 3.87843 0.92222 13.954 6.06508 49.623 13.0294 17.771 59.2542 5.20081 4.83571 7.20731
internal_count=1539897 504820 397234 357647 1035077 283173 134744 148429 126567 101149 80234 71859 15407 57262 77482 8375 56452 21862 19766 8115 15723 12195 7798 751904 749049 2096 1128 312485 285571 112630 26914 24095 172941 43857 41032 2825 129084 125733 22241 1854 1820 18610 1448 726177 18511 9152 8217 5141 935 2203 2938 9359 1999 3076 1692 21495 7269 65287 15639 884 3351 107586
is_linear=0
shrinkage=0.1


Tree=96
num_leaves=63
num_cat=0
split_feature=46 37 50 39 3 3 3 46 0 46 27 30 13 14 28 50 50 0 30 31 3 49 24 51 28 4 6 28 15 49 28 28 24 28 28 0 3 50 18 15 51 44 47 18 0 15 0 13 50 47 50 49 26 15 29 28 13 0 14 30 29 18
split_gain=2.31313 1.38626 2.38342 1.84933 1.64984 1.43348 1.28234 1.22129 1.11911 1.096 1.05156 1.20139 2.07108 1.3988 1.05656 1.0334 1.60301 0.947384 0.946705 0.923736 0.891795 3.12038 1.46424 1.09063 0.992661 0.871383 0.865209 0.886483 2.56595 0.855335 0.839069 1.96417 1.21855 1.76077 1.12815 3.13228 1.7694 2.17487 1.23227 1.2082 1.05099 0.957348 0.955018 1.08501 0.975443 0.93878 0.910282 0.908334 1.43257 0.882465 0.879068 0.853135 0.832739 0.82704 2.49259 1.1728 1.72084 1.07501 0.90103 1.75944 0.900113 1.80251
threshold=6.5000000000000009 3.0000000000000004 1.5000000000000002 3.0000000000000004 3.6941639184951787 4.6510493755340585 2.3124864101409917 9.5000000000000018 3.026044607162476 1.0000000180025095e-35 6.5000000000000009 192.00000000000003 5.4457051753997812 4.2844183444976816 1.0000000180025095e-35 3.5000000000000004 4.5000000000000009 4.8278014659881601 112.00000000000001 104.00000000000001 3.6941639184951787 1.5000000000000002 137422176256.00002 1.0000000180025095e-35 48.000000000000007 2.6590600013732915 1.4978661537170412 24.000000000000004 6.2383227348327646 1.5000000000000002 -1.0000000180025095e-35 6.0000000000000009 137422176256.00002 48.000000000000007 96.000000000000014 5.4335694313049325 5.6077513694763192 17.500000000000004 12.568491935729982 5.1720471382141122 1.5000000000000002 1.0000000180025095e-35 28.500000000000004 15.029000282287599 7.6172368526458749 4.8278014659881601 3.9495767354965214 2.3502402305603032 8.5000000000000018 16.500000000000004 17.500000000000004 3.5000000000000004 1.5000000000000002 4.2324235439300546 112.00000000000001 96.000000000000014 2.8029010295867924 3.6941639184951787 5.5169365406036386 112.00000000000001 112.00000000000001 8.0407161712646502
decision_type=2 2 2 2 2 2 2 2 2 2 2 2 2 2 2 2 2 2 2 2 2 2 2 2 2 2 2 2 2 2 2 2 2 2 2 2 2 2 2 2 2 2 2 2 2 2 2 2 2 2 2 2 2 2 2 2 2 2 2 2 2 2
left_child=9 2 3 6 18 17 -2 8 -4 53 11 -11 -13 -14 -15 -9 29 -5 -3 -6 22 -22 24 -24 -10 -12 27 28 -16 -17 42 -32 33 45 35 36 37 38 40 -37 51 -39 44 -44 -18 46 -33 48 -42 -35 -41 -34 -51 54 58 57 -57 -55 -1 -60 -59 -62
right_child=1 4 7 5 19 -7 -8 15 20 10 25 12 13 14 26 16 30 -19 -20 -21 21 -23 23 -25 -26 -27 -28 -29 -30 -31 31 32 34 49 -36 39 -38 41 -40 50 47 -43 43 -45 -46 -47 -48 -49 -50 52 -52 -53 -54 55 -56 56 -58 60 59 -61 61 -63
leaf_value=0.0026655005457785195 0.001343616891949967 0.0010827197428751089 0.066495911119416315 -0.032353442876927402 0.034055825931512837 -0.033447632737371842 -0.060590295434123954 0.035679366075582551 0.016375637830477196 -0.0026290972267881802 -0.055601410147436595 -0.039003159355047091 -0.056627482822473908 0.072663921019821873 -0.078953207498112021 -0.01328222607054663 0.020285457103903906 0.058015527125653714 -0.075366092870989207 -0.023107662923565628 -0.086844205771005212 0.0170460058593991 -0.0021976344777582158 0.064781373119136801 -0.1299096925580126 0.48460644489414206 0.087404400752435385 0.032359663910727775 0.059674336139885875 -0.084106060795057891 -0.054825730891788854 -0.033079607527364753 0.0262649532176863 -0.018847277885187509 0.0096080835600100712 -0.0057300634634305687 -0.0011335401405551623 -0.18360908157040748 -0.096351018776735797 -0.014171869026445209 -0.20989040332483047 -0.080300112124918568 -0.044467437436644434 0.06439289594013993 -0.052743851183356533 0.0026724791252085954 0.084701192516125151 -0.032056146288991609 0.018445901323824895 -0.048069068583248664 0.040956435812294724 -0.033932965134246776 0.065895728350702107 -0.031966403393819891 -0.065626779524649778 -0.13955981555847885 -0.0064834016694910014 0.0089951099704817742 -0.055654186983437631 0.12678170566497679 -0.050003764545483359 0.036425227139270683
leaf_weight=236.8891390199168 4.5767945833168282 6.9609273718641571 4.8882156753652017 1.4919631035188574 41.056001510198257 4.8509320529345814 12.401978472431948 10.067501679169366 1.0989522330764856 1694.3125489518923 4.2639161162862811 5.4322911614752369 1.7803116857171826 5.7430286323083264 2.9903353419346876 3.87439234224881 56.686745232044046 5.2150569127495601 2.1111102955168803 3.0359389956975624 3.1806433522053359 31.754864435388299 3.2128671993859834 9.9908194924610125 0.80269442731514562 0.030070400767726713 1.9008025166262985 11.067650884185239 2.4123431517436558 3.0456845403083008 6.1611640030352808 0.72668874711058773 5.596517201962973 8.4778595245957131 57.863946314781231 20.318513089966572 13.436379580745578 1.1207712314758271 2.370882830412028 3.6217841279282519 0.78972798624454277 4.4927514180443495 4.8653873312396163 1.1278108339756725 1.8899517842040996 2.5159995084301272 6.7634432416853087 4.1656220490344813 0.42137381428983645 0.82996007303995556 14.364773069743251 4.0637377934591541 2.818550615184904 5.2702847819637091 5.6244691821166262 1.2060793448472393 5.0006419600867948 86.605425460987703 5.2232471424904352 0.58815697791942501 2.6412698114436379 27.922058085998742
leaf_count=5474 2064 3828 721 2394 48229 23097 162005 51587 494 660603 25255 7752 2128 774 3305 21039 28816 3201 3419 15865 50089 42887 1932 1584 94 36 189 2573 988 38148 121213 470 8232 6946 33241 42050 24999 473 4318 35452 84 2798 1842 34 1666 8876 2970 2700 115 423 5430 7241 714 376 1438 178 1148 8259 335 156 162 4988
internal_value=-3.46963e-05 0.00715631 0.00471412 -0.0228918 0.0221291 0.00796265 -0.0438954 0.00736296 0.0208268 -0.00132862 -0.0023933 -0.00227032 0.0171343 0.0289111 0.0352263 0.00431297 0.00295425 0.0379131 -0.0167073 0.0301198 0.0163656 0.0075875 0.0366676 0.0484833 -0.0453721 -0.0518184 0.0235229 0.0161505 -0.0170548 -0.0444534 0.00440915 0.000545084 0.00274947 0.0244711 -0.000875404 -0.00898928 -0.02997 -0.0468004 -0.0293463 0.0109796 -0.0187817 -0.100926 0.0140391 -0.0239819 0.0179292 0.0555217 0.0732742 -0.0542184 -0.130446 -0.00115035 0.0298558 0.000941755 0.0399711 0.00355728 0.000185983 0.0100649 -0.0323426 0.0122146 0.00171116 -0.0371903 0.0142019 0.0289561
internal_weight=2486.01 379.108 325.944 28.5367 53.164 11.558 16.9788 297.407 54.9291 2106.9 1729.93 1725.64 31.3268 25.8945 24.1142 242.478 232.41 6.70702 9.07204 44.0919 50.0408 34.9355 15.1053 13.2037 1.90165 4.29399 18.3711 16.4703 5.40268 6.92008 225.49 160.92 154.759 22.1325 132.627 74.7628 36.4578 23.0214 17.4079 38.3051 15.037 5.61352 64.5699 5.9932 58.5767 10.0061 7.49013 5.37672 1.2111 12.1264 17.9866 9.66025 3.64851 376.971 248.325 128.646 6.20672 122.439 242.701 5.8114 117.169 30.5633
internal_count=1539897 813780 742439 192761 71341 28692 164069 549678 97801 726117 703603 678312 17709 9957 7829 451877 400290 5595 7247 64094 97080 92976 4104 3516 588 25291 7055 6866 4293 59187 341103 308745 187532 20399 167133 133892 50960 25961 22690 82932 18372 3271 32358 1876 30482 12316 3440 2899 199 8083 40882 15473 1137 22514 7403 15111 1326 13785 5965 491 13409 5150
is_linear=0
shrinkage=0.1


Tree=97
num_leaves=63
num_cat=0
split_feature=46 47 3 0 3 49 0 0 46 24 47 0 49 28 0 15 47 3 3 14 19 45 28 18 19 28 28 28 0 15 3 23 28 3 27 21 4 23 0 0 3 28 45 3 19 47 19 19 3 49 2 0 28 0 3 0 47 30 13 15 28 0
split_gain=2.43222 1.31455 2.24113 2.11366 2.03295 1.97163 1.92714 1.63546 1.56068 1.52331 2.35472 2.93898 1.60399 1.56097 1.92539 1.5063 1.50577 1.88355 1.44779 1.37054 1.32691 2.87818 2.04767 1.25559 1.15882 3.31027 1.07529 3.0714 2.69942 2.07608 1.16162 1.31963 2.85163 1.14202 1.06993 1.60779 1.30616 1.1502 1.03068 1.20221 1.10318 1.03062 0.962077 0.957595 0.953526 0.938661 0.921473 0.917441 0.900911 0.863485 0.86037 0.836668 0.820877 0.936535 0.802663 0.794319 0.764809 0.762784 2.13923 1.02152 1.01352 0.854833
threshold=6.5000000000000009 1.0000000180025095e-35 5.1720471382141122 6.9245815277099618 3.1549592018127446 5.5000000000000009 3.026044607162476 3.3576917648315434 9.5000000000000018 17137926144.000002 11.500000000000002 4.7447810173034677 1.5000000000000002 48.000000000000007 4.1426305770874032 3.1549592018127446 15.500000000000002 4.9182729721069345 3.6941639184951787 3.3576917648315434 280.00000000000006 2.5000000000000004 48.000000000000007 12.412114620208742 180.00000000000003 48.000000000000007 1.0000000180025095e-35 24.000000000000004 6.9047427177429208 6.8165824413299569 5.7189338207244882 1900.0000000000002 1.5000000000000002 6.9478189945220956 -1.0000000180025095e-35 112.00000000000001 1.2424533367156985 1900.0000000000002 7.6172368526458749 3.9495767354965214 6.070054531097413 6.0000000000000009 1.0000000180025095e-35 4.9182729721069345 180.00000000000003 14.500000000000002 80.000000000000014 180.00000000000003 2.9621279239654545 3.5000000000000004 4.9706082344055185 7.6172368526458749 12.000000000000002 5.0290689468383798 6.2556321620941171 7.3478908538818368 12.500000000000002 192.00000000000003 5.4457051753997812 4.9182729721069345 1.0000000180025095e-35 6.208071470260621
decision_type=2 2 2 2 2 2 2 2 2 2 2 2 2 2 2 2 2 2 2 2 2 2 2 2 2 2 2 2 2 2 2 2 2 2 2 2 2 2 2 2 2 2 2 2 2 2 2 2 2 2 2 2 2 2 2 2 2 2 2 2 2 2
left_child=34 4 3 8 23 -4 -7 -6 24 13 48 49 15 14 -10 47 18 44 45 -9 -19 -22 -23 -2 25 41 33 28 29 43 55 -32 -33 50 35 37 -37 -1 39 -8 -40 -3 -26 -28 -18 -14 -39 -13 -11 -12 51 -21 -45 -54 -48 -30 -16 -36 -59 -60 -61 -62
right_child=1 2 5 -5 7 6 38 19 9 10 11 12 16 -15 56 -17 17 20 -20 26 21 22 -24 -25 42 -27 27 -29 30 -31 31 32 -34 -35 57 36 -38 46 40 -41 -42 -43 -44 52 -46 -47 54 -49 -50 -51 -52 -53 53 -55 -56 -57 -58 58 59 60 61 -63
leaf_value=0.024162784393644728 0.0035065983141043889 -0.037609386126803729 -0.047755269427504132 -0.071494014408919615 -0.043977556574779753 0.18581210064622794 0.037186259282619573 0.10174805539829504 -0.034303400488515358 -0.090576315439582236 0.019517061792165717 0.11214395329420684 0.25934159948985452 -0.014066383002789846 0.097051603417963858 -0.075956989243934875 0.012897195184549943 -0.020789357759796241 -0.037342785490773439 0.034004364076860548 0.16341957577580155 0.071400977703279772 1.5707624595628991 -0.078321738339293775 7.8587229390734514e-05 -0.11433195286109657 -0.10256392018104882 0.01781839053511949 -0.046474172457429838 0.058325762831722909 0.20821138348678403 -0.1479520420880491 0.079429266199989912 -0.05297193152640417 -0.0025770740306986385 0.055755713811117782 0.013055100819275051 0.0040188503202914496 -0.033579491106867906 -0.026751970829241342 0.17795753449587087 0.081217390087527597 0.050712974257878456 -0.089689468593109736 -0.078152258704220476 0.07739569662959718 -0.010073792158503188 -0.021673795346525124 -0.02611505789928531 -0.010970442113756973 -0.070886839048477632 -0.033520591256672921 -0.07252219583254331 0.011802799223578554 0.041609375303886136 0.030825070607912432 0.040966914457036027 -0.041898745116877412 -0.06089239071680163 0.06774073800833709 0.0038434842623218122 0.049222905601734077
leaf_weight=19.943694974295795 3.6882051836291794 1.0284247661432346 15.863212809447303 3.3889525433432075 4.5939766829466171 0.54588935928564097 3.8800644112385561 1.8634906713814405 2.1770805874425632 3.3766436149108738 53.016727595657756 0.59430283881011092 0.33572549992322698 5.4102991850031676 4.9905942997038419 8.3902676323470455 1.7527226164511374 0.28899453017604049 1.0528381009201266 50.227897673031293 0.29859315927296848 0.01380158830977507 0.026786611815623473 3.8146211673834776 4.7787459854862133 1.9945012965392832 4.2267218017416353 106.71030417911891 2.9717677733215151 1.5642208930435106 0.51551859473784123 0.67696787809086378 2.9770530973213454 1.7156536473721633 1752.9232729611754 8.8402375880978052 37.769075082549534 154.12189817769809 0.41443143291622309 12.147708757744502 0.60852027518225782 2.5146765209503883 17.473234105252317 2.6420393255870618 3.3460064745398341 1.8243724825788377 93.942447094661475 3.714445040453711 6.0578158298769438 11.263562115997216 0.83323049925820569 1.9045275271564595 2.1919392274320444 3.2998951861936803 3.1042289243559926 2.4053610209882379 4.7415625245112096 5.7499810323926139 1.2950962299303963 5.5580633165282078 12.364529725876354 6.2490820553891799
leaf_count=463 448 2138 265076 73813 3441 617 3940 267 2609 3332 28089 382 1822 4202 3494 61699 2792 2455 19214 12184 1019 152 47 6954 10710 694 22918 49055 12010 3797 183 1280 5124 446 692775 648 1108 2821 5328 74867 2792 1039 11959 22708 22399 1159 2538 3050 20298 16753 413 737 2945 2621 139 9335 8974 11338 6795 780 3516 3196
internal_value=-2.37189e-05 0.00738224 0.00112214 0.00654427 0.012965 -0.0221888 0.000859094 0.0149675 0.0084271 0.00319221 -0.00176324 0.00344408 -0.0284327 0.0304747 0.0507095 -0.0512763 0.00401644 -0.0267237 0.0588092 0.0164177 0.136664 0.270819 1.06092 -0.0380969 0.029652 -0.0112825 0.0155575 0.0106146 -0.0221365 -0.0502164 0.018821 0.0584341 0.0373031 0.0273252 -0.00134904 0.00399743 0.021154 0.00104789 -0.00506229 -0.0112736 0.0922569 0.0467266 0.0398389 -0.0639523 -0.0468534 0.105674 -0.000787514 -0.0032164 -0.0491861 0.0141749 0.0299262 0.0315375 -0.043888 -0.0218536 -0.0084206 -0.0118958 0.0697268 -0.00230114 0.0131932 0.0256321 0.030268 0.0190786
internal_weight=2478 376.135 177.312 143.852 198.823 33.4598 17.5966 191.321 140.463 112.673 95.3536 85.9191 21.6389 17.3195 11.9092 12.699 8.93984 5.7269 3.21294 186.727 0.628176 0.339181 0.0405882 7.50283 27.7896 5.5376 184.863 130.182 23.4715 13.9248 9.54667 4.16954 3.65402 54.6813 2101.86 317.722 46.6093 271.112 17.0507 16.0278 1.02295 3.5431 22.252 12.3606 5.09873 2.1601 251.169 4.30875 9.43446 64.2803 52.9657 52.1324 8.13387 5.49183 97.0467 5.37713 9.73216 1784.14 31.2168 25.4668 24.1717 18.6136
internal_count=1539897 813780 656914 304294 156866 352620 87544 149464 230481 203941 184662 161032 116190 19279 15077 65131 51059 28864 22195 146023 3673 1218 199 7402 26540 3871 145756 131976 82921 54989 27932 6587 6404 13780 726117 7717 1756 5961 86927 78807 8120 3177 22669 51192 25191 2981 5498 3432 23630 44842 13334 12921 28274 5566 2677 21345 12468 718400 25625 14287 7492 6712
is_linear=0
shrinkage=0.1


Tree=98
num_leaves=63
num_cat=0
split_feature=46 28 28 15 47 0 15 0 28 20 3 19 0 50 14 28 1 28 14 39 31 28 23 28 0 32 46 0 0 18 0 47 13 46 3 0 19 31 27 30 15 3 3 28 9 24 24 30 46 24 14 19 30 14 13 1 19 28 0 28 7 28
split_gain=2.58646 1.02567 3.31084 1.93981 1.13166 3.50289 1.2049 1.20905 1.11739 3.35863 2.94093 2.23206 1.80516 1.87876 1.55862 1.52167 1.57263 1.42057 1.4354 1.18269 1.15494 1.10928 1.09225 1.29138 1.10709 1.0791 1.01589 0.999869 0.980661 0.974618 0.992719 1.65131 1.47338 0.970313 0.960673 0.959483 0.931871 0.888285 0.852099 0.967625 1.52415 1.03619 2.71398 1.01821 1.35633 0.904535 0.846032 0.843816 0.812848 0.812031 0.855081 0.802681 0.969353 1.16101 1.01501 0.939421 1.20806 0.981229 2.16495 1.07118 0.921491 0.887314
threshold=6.5000000000000009 -1.0000000180025095e-35 6.0000000000000009 6.2383227348327646 15.500000000000002 3.9495767354965214 6.851041555404664 3.3576917648315434 96.000000000000014 48.000000000000007 4.9182729721069345 100.00000000000001 5.0290689468383798 17.500000000000004 6.7438817024230966 24.000000000000004 4.8278014659881601 24.000000000000004 6.7153363227844247 3.0000000000000004 56.000000000000007 24.000000000000004 1900.0000000000002 1.5000000000000002 6.9245815277099618 6.0000000000000009 8.5000000000000018 7.2334387302398691 7.0638103485107431 9.0558362007141131 5.7189338207244882 12.500000000000002 0.89587974548339855 1.0000000180025095e-35 5.7189338207244882 4.1426305770874032 280.00000000000006 104.00000000000001 6.5000000000000009 192.00000000000003 4.9182729721069345 5.6077513694763192 6.070054531097413 96.000000000000014 0.89587974548339855 240501391360.00003 240501391360.00003 56.000000000000007 10.500000000000002 240501391360.00003 4.9182729721069345 280.00000000000006 112.00000000000001 4.1426305770874032 1.4978661537170412 3.4319016933441167 100.00000000000001 1.5000000000000002 4.8278014659881601 24.000000000000004 1.4978661537170412 1.0000000180025095e-35
decision_type=2 2 2 2 2 2 2 2 2 2 2 2 2 2 2 2 2 2 2 2 2 2 2 2 2 2 2 2 2 2 2 2 2 2 2 2 2 2 2 2 2 2 2 2 2 2 2 2 2 2 2 2 2 2 2 2 2 2 2 2 2 2
left_child=33 4 3 -3 6 -6 7 48 9 17 15 -10 21 19 20 28 26 18 35 -14 -13 -12 24 -24 -5 -25 -17 37 -11 -28 31 32 -31 51 -15 -4 -16 -9 39 -35 46 -42 45 -44 -45 -43 -41 -21 -2 50 -34 55 60 -54 -55 57 -57 58 -1 -59 -53 -56
right_child=1 2 8 22 5 -7 -8 27 11 10 12 14 13 34 36 16 -18 -19 -20 47 -22 -23 23 25 -26 -27 29 -29 -30 30 -32 -33 49 38 -36 -37 -38 -39 -40 40 41 42 43 44 -46 -47 -48 -49 -50 -51 -52 52 53 54 61 56 -58 59 -60 -61 -62 -63
leaf_value=-0.2376437792436181 0.074336969203272693 -0.067909598054603823 -0.062105547980257469 0.021662198797424058 0.031300090458026862 -0.05057815986304795 -0.037281473810175374 0.033235638250246981 -0.066387035874018549 -0.075125153039401482 -0.055710702933891014 0.017070776466923242 -0.025976696066981372 0.023994321552898951 0.012300496994297264 0.02793806516444948 -0.078531025989669975 0.011750833281886116 -0.028201224517160086 -0.048232155806649579 0.047555290779034518 0.0010276519541327406 -0.11244866514092143 -0.051681285098887558 0.22061206695220537 0.091601220124185687 0.067497582864006908 -0.010653684685608802 0.0054130399287397254 0.12351747631564323 0.0028621104258394186 -0.0067585238316290701 -0.071940264906472276 -0.0026028054085712911 0.065395841822243936 0.091086219348458508 -0.038628831909189532 -0.028494289570731236 -0.04828039345274026 0.011123311778144653 0.042332623854810694 -0.0062529164923953925 0.052258213211168227 0.062397043617803363 -0.16975604175900255 -0.096490119321112816 -0.090266258104780672 0.089935750088147706 -0.02324251562218595 -0.090660524068908274 -0.0036935996286791986 -0.0081474115638208357 -0.045583644678897896 -0.04585028520771222 0.049840701900860582 0.0024285818039189028 0.017559961248924082 0.056547922611828352 0.0065614738699459 -0.080764442677413839 0.09976132439465385 0.0093377983871019022
leaf_weight=0.67901089160295602 0.96215502684969845 9.671769020548437 0.43129566681091258 0.78022125313338964 11.854852729922642 9.3429723958169841 3.4063628035542015 65.479138904082959 3.2927453255979051 6.9174323989830224 4.1964996932610488 74.693512134155071 8.097854024019183 11.932885200715193 7.1383022711286781 6.5818516800786702 3.4492615458799483 8.662598185348541 1.3466095211228992 0.59253088346196081 14.908521719830331 19.261528477684607 0.99926803105774586 0.97583981314682722 0.43600890695847738 1.1392784067150215 1.4263877307967039 6.2847975136931771 1.9347260578743997 0.45068974962032271 17.035269073740324 16.904304892851655 3.814102661072754 1688.8998136689911 10.568205147142633 7.8569710200172267 7.233088145704329 2.4171525245874355 4.0377050420727292 1.4196291936414012 13.993994738870443 1.9123451246746279 6.8115005390760786 0.49564039948495497 0.51124794391398609 2.650435436741418 1.958266092427408 1.7400078072554377 7.5715453422817518 5.221259239275696 3.5396641868775305 105.12248041141879 2.9203698608207587 2.0626842705314656 9.8206719207664737 159.84105726206576 78.762272845669486 1.3231846457929353 0.78009491550619714 0.99559286411385972 0.79736916963884041 12.040048069794009
leaf_count=45 65 231551 1071 2533 1600 19434 3622 35282 6628 57656 33210 48272 104417 4637 15267 7237 4618 13267 4677 4763 6534 33222 18912 33605 639 1329 176 8933 14475 661 36011 13196 2740 660603 3431 7567 13049 3378 25291 5348 3216 506 1930 200 45 1219 5245 7031 1865 4752 2467 8000 824 201 543 3347 4765 151 70 112 111 4345
internal_value=-3.16014e-05 0.0076705 0.00431118 -0.0430038 0.0159102 -0.00478787 0.0210048 0.0234051 0.00696947 0.00114911 -0.00476744 0.0146725 0.0120767 0.0271774 0.0172395 -0.0188861 -0.0130319 0.0411364 0.0675566 -0.00790436 0.022143 -0.0091225 0.0126195 -0.0187644 0.0929842 0.0254958 -0.00892221 0.0275058 -0.0575227 -0.0139356 -0.0164089 -0.0273773 -0.0541357 -0.00139206 0.0434396 0.0831146 -0.0133321 0.031038 -0.00239567 -0.00228787 0.0155892 0.0236889 0.00261666 0.0383833 -0.0554788 -0.0586701 -0.0476552 0.0548372 -0.0122407 -0.0605028 -0.0390904 0.0032166 -0.00303343 0.01394 0.0212061 0.00664004 0.00742341 -0.042836 -0.107082 -0.00240867 -0.00733507 0.0275333
internal_weight=2468.38 370.549 263.23 14.0024 107.319 21.1978 86.1212 82.7148 249.228 141.962 123.664 107.266 56.3895 32.9315 103.973 67.2749 58.4228 18.2975 9.63488 10.4304 89.602 23.458 4.33062 3.11439 1.21623 2.11512 54.9735 74.1811 8.85216 48.3917 46.9653 29.93 13.0257 2097.84 22.5011 8.28827 14.3714 67.8963 1722.69 1718.65 29.7531 26.3752 12.3812 7.81839 1.00689 4.56278 3.3779 2.33254 8.5337 12.575 7.35377 375.145 132.764 26.8438 23.9234 242.381 238.603 3.77788 1.45911 2.31878 105.92 21.8607
internal_count=1539897 813780 739601 288569 74179 21034 53145 49523 451032 361282 334700 89750 190711 124279 83122 143989 71858 26582 13315 116211 54806 66432 57018 53846 3172 34934 67240 47593 72131 60003 59827 23816 10620 726117 8068 8638 28316 38660 703603 678312 17709 7116 3900 2175 245 1725 10593 11794 1930 9959 5207 22514 14024 5913 5089 8490 8112 378 115 263 8111 4888
is_linear=0
shrinkage=0.1


Tree=99
num_leaves=63
num_cat=0
split_feature=46 46 47 50 3 3 49 0 0 0 14 28 49 3 47 18 22 0 46 0 3 47 0 45 15 3 47 28 19 18 49 2 13 28 28 0 15 3 22 28 3 0 3 38 34 36 19 14 14 16 35 0 34 18 9 31 35 42 28 0 23 28
split_gain=2.63218 1.03366 0.938679 2.54907 1.87585 1.56612 1.65154 1.70488 1.62184 1.52326 1.22243 1.15549 1.59444 1.38463 1.2492 1.1034 1.01049 1.68534 1.00312 0.982225 2.00951 1.14205 0.950635 1.13775 0.939035 0.937205 0.92135 0.909212 1.46828 0.964543 0.849607 0.802349 1.08452 0.863327 2.04064 2.27065 1.81016 1.07585 0.998327 1.33687 0.940848 0.835931 0.818902 0.786473 4.97217 3.9013 2.16923 2.45362 1.76891 1.70367 2.89094 5.96188 2.79171 2.52068 2.75965 2.59547 2.2715 2.26294 1.97502 1.80824 1.68311 3.61021
threshold=6.5000000000000009 1.0000000180025095e-35 1.0000000180025095e-35 1.0000000180025095e-35 3.1549592018127446 5.1720471382141122 5.5000000000000009 3.6941639184951787 6.9245815277099618 3.3576917648315434 2.9944807291030888 24.000000000000004 5.5000000000000009 4.9182729721069345 18.500000000000004 12.412114620208742 7168.0000000000009 5.0290689468383798 11.500000000000002 4.7789824008941659 6.070054531097413 11.500000000000002 7.6172368526458749 1.5000000000000002 3.0677825212478642 6.2556321620941171 13.500000000000002 12.000000000000002 100.00000000000001 11.182208061218263 12.500000000000002 4.9706082344055185 1.4978661537170412 1.0000000180025095e-35 24.000000000000004 6.9047427177429208 6.8165824413299569 5.7189338207244882 7168.0000000000009 1.5000000000000002 7.4813475608825692 7.5973236560821542 4.9182729721069345 4.5000000000000009 1.5000000000000002 2.5000000000000004 180.00000000000003 2.7361353635787968 2.9944807291030888 1.844439744949341 1.5000000000000002 4.4845800399780282 2.5000000000000004 11.182208061218263 0.89587974548339855 56.000000000000007 1.5000000000000002 6.0000000000000009 12.000000000000002 5.3393952846527108 1900.0000000000002 1.0000000180025095e-35
decision_type=2 2 2 2 2 2 2 2 2 2 2 2 2 2 2 2 2 2 2 2 2 2 2 2 2 2 2 2 2 2 2 2 2 2 2 2 2 2 2 2 2 2 2 2 2 2 2 2 2 2 2 2 2 2 2 2 2 2 2 2 2 2
left_child=1 -1 4 24 15 8 16 25 11 -6 -11 12 27 30 26 -2 -7 18 19 -18 -21 -22 -9 -24 -4 -8 -15 -5 -29 -30 -13 33 -33 40 35 36 42 -37 39 -39 41 -12 -35 44 -3 46 -46 -48 60 53 51 57 -53 -45 56 -56 -55 -51 -54 -58 61 -47
right_child=2 43 3 5 9 6 7 22 -10 10 31 13 -14 14 -16 -17 17 -19 -20 20 21 -23 23 -25 -26 -27 -28 28 29 -31 -32 32 -34 34 -36 37 -38 38 -40 -41 -42 -43 -44 49 45 48 47 -49 -50 50 -52 52 58 54 55 -57 59 -59 -60 -61 -62 -63
leaf_value=0.003365213812271001 0.0013197985824045901 -0.0010345093236491627 -0.0092255180091439289 0.026644219496570754 -0.043594055007144118 -0.070159891476701694 0.08409284801915487 -0.018889606208883834 -0.064334750755613374 0.11837343664509202 0.031394941460844171 0.0043009053356292066 -0.012861983415829349 0.002970624024994253 -0.0051916897527085372 -0.078219196469546393 0.014654307005975312 -0.06759488506598603 -0.090457058434007587 0.37225445631166787 0.20689863169839789 -0.047175946129170962 -0.059033315447026218 0.16487450783547997 -0.075392060251156412 -0.077186663508240369 0.19243669140478328 0.10088497280140965 0.41600800297187945 -0.040358021012784684 -0.046054168327920988 0.076371146141059262 -0.081165008158008686 -0.098797044965182768 0.017302797138773172 -0.0091414065202062578 0.055918701510069016 -0.13167101297753692 0.17969646406711323 0.061776320883981266 -0.05837158325235442 -0.032167918030092314 -0.039970883021014786 0.0012253770844785948 -0.0099572729859542658 0.12136047176338116 -0.033589433055453748 -0.1015261018592668 -0.024363391635496827 -0.082083168813401108 0.0089210660024298342 -0.06588510008281856 0.00038985723369933995 -0.069644413512421385 0.051693317027800917 -0.011654670068238757 -0.050336907030611083 0.026530274010431839 -0.050547801677215468 -0.0055486146968281962 -0.0085271801986771516 -0.0024555039719005769
leaf_weight=374.46020480693232 3.4983649232599419 868.65652947873741 3.5326390811147146 34.051569460385011 4.4097304925737708 6.4230689467896571 3.2331967650867486 12.142157342121155 2.8793950628785856 1.1564372518478183 49.766795047714368 76.517870206536543 9.5846503790692008 0.34637886425195963 0.98153178066706903 3.4781409814878534 2.0851286440615704 3.2404750119391394 0.57044400047720945 0.26343943952178939 0.2883090052573607 0.4578849819727111 0.3565957339892315 0.62414885814905574 5.4600110308975118 0.40549904902741207 0.99092190708194039 4.007791383667608 0.048153638402254617 1.2110294989399788 3.5041117878647006 0.5784994531239821 1.7865695872897038 3.4729283264189252 103.68462571011605 5.1412003753430309 1.5768078610765304 0.40437031455019257 0.59236300704105804 3.0652189534608851 1.2698043913469508 2.1587642555532502 7.4272828243257152 179.40385520903843 8.6108422305300554 3.2928490625927216 10.078761457984003 11.250236461446447 69.221126293688769 2.0372667904778146 311.01682855677404 17.446675424812383 22.6728733679588 13.540529390341218 7.8409941215722929 36.92838962866972 14.278752396442028 32.836497762920771 11.459028821233003 24.448699969812708 66.533266608220515 8.2677926370306505
leaf_count=22514 448 301424 5677 83007 3441 186922 1759 67055 63688 148 12198 46613 31128 2675 1493 6954 3232 27741 4498 1196 1437 1626 5405 1730 89635 480 2650 2003 330 14122 10812 1595 2323 20696 47809 21345 3797 1280 183 5124 332 851 28342 44324 9820 170 11305 30401 72938 2966 58588 10625 3660 35196 1678 9079 28934 5334 2497 54786 17777 2101
internal_value=-2.74609e-05 -0.00139591 0.00778852 0.00244114 0.0125759 0.00528002 -0.015338 0.00555342 0.00990564 0.0144804 0.0158869 0.0115344 0.0237098 0.00430333 0.0804814 -0.0383344 -0.04161 -0.0150554 0.0313956 0.0538562 0.134817 0.0509915 -0.0112403 0.0834623 -0.0493994 0.0661197 0.143362 0.0326248 0.0712902 -0.0229057 0.00209589 0.0152318 -0.0426314 0.0159982 0.0114688 -0.0164323 -0.0442267 0.0212494 0.059715 0.0392306 0.0266727 0.0287524 -0.0587136 -0.00243256 -0.0041491 -0.0194125 -0.0523207 -0.0694234 -0.0127243 0.000231517 0.00442468 -0.0117513 -0.0333446 -0.00579744 -0.0187813 -0.000559784 -0.0343887 0.0201853 -0.0167113 -0.022062 -0.00240763 0.0328113
internal_weight=2460.96 2094.28 366.674 173.206 193.468 164.214 30.0903 16.7616 134.123 186.491 182.082 131.244 48.9032 82.3408 2.31883 6.97651 13.3288 6.90568 3.66521 3.09476 1.00963 0.746194 13.1229 0.980745 8.99265 3.6387 1.3373 39.3185 5.26697 1.25918 80.022 180.925 2.36507 178.56 125.365 21.6802 12.477 9.20315 4.06195 3.46959 53.1954 51.9256 10.9002 1719.82 1045.91 177.255 29.9398 21.329 147.315 673.91 397.469 86.4523 51.5786 276.441 97.0374 44.7694 52.268 34.8738 34.1319 38.7275 78.0939 11.5606
internal_count=1539897 726117 813780 656914 156866 561602 303081 76429 258521 149464 146023 194833 130590 64243 6818 7402 226652 39730 11989 7491 4259 3063 74190 7135 95312 2239 5325 99462 16455 14452 57425 145875 3918 141957 128576 80767 52835 27932 6587 6404 13381 13049 49038 703603 445936 144512 51526 41706 92986 257667 83670 25082 16782 173997 129673 10757 118916 8300 6157 83720 20048 2271
is_linear=0
shrinkage=0.1


Tree=100
num_leaves=63
num_cat=0
split_feature=46 46 47 3 50 0 0 22 3 50 49 28 46 14 28 47 3 51 50 3 28 0 14 18 50 28 14 3 28 3 0 19 28 0 45 15 3 3 3 2 28 47 45 16 33 18 8 29 14 28 22 28 0 0 47 3 15 28 14 50 23 47
split_gain=3.10265 0.845095 1.01104 1.80848 1.76203 1.24257 1.20437 1.18747 1.59 3.0689 2.1902 1.62559 1.48319 1.26354 1.16928 1.40308 1.30146 2.06782 1.1893 1.13769 1.11773 1.10357 1.00362 0.912366 1.13461 0.865822 1.93907 1.83792 1.57096 1.55598 1.40057 1.26273 0.999845 1.28129 1.08813 1.42684 0.923524 0.898049 0.887091 0.808903 0.784382 0.752066 0.736313 0.87249 1.32862 3.30691 2.40356 3.40475 1.91899 1.78048 2.87794 3.56278 4.91186 2.10989 3.62476 2.10761 1.89684 2.26131 2.55419 2.15006 2.53398 2.22443
threshold=6.5000000000000009 9.5000000000000018 1.0000000180025095e-35 3.1549592018127446 1.0000000180025095e-35 3.026044607162476 2.7361353635787968 7168.0000000000009 4.094205617904664 16.500000000000004 3.5000000000000004 -1.0000000180025095e-35 11.500000000000002 6.851041555404664 96.000000000000014 18.500000000000004 2.9621279239654545 1.5000000000000002 8.5000000000000018 2.3124864101409917 48.000000000000007 3.3576917648315434 2.9944807291030888 11.182208061218263 8.5000000000000018 96.000000000000014 6.0519120693206796 6.070054531097413 1.0000000180025095e-35 4.4845800399780282 4.4845800399780282 280.00000000000006 24.000000000000004 6.9047427177429208 3.5000000000000004 6.8165824413299569 6.9047427177429208 6.1414449214935312 5.0290689468383798 4.9706082344055185 12.000000000000002 13.500000000000002 1.0000000180025095e-35 1.2424533367156985 3.0000000000000004 11.182208061218263 0.89587974548339855 192.00000000000003 4.4845800399780282 12.000000000000002 7168.0000000000009 24.000000000000004 4.094205617904664 6.208071470260621 19.500000000000004 6.3293142318725595 4.8278014659881601 -1.0000000180025095e-35 5.6077513694763192 11.500000000000002 2352.0000000000005 26.500000000000004
decision_type=2 2 2 2 2 2 2 2 2 2 2 2 2 2 2 2 2 2 2 2 2 2 2 2 2 2 2 2 2 2 2 2 2 2 2 2 2 2 2 2 2 2 2 2 2 2 2 2 2 2 2 2 2 2 2 2 2 2 2 2 2 2
left_child=42 -2 3 -3 6 -5 -4 8 10 21 11 -6 13 -9 16 19 -13 -18 -17 -16 -11 41 -7 24 -19 28 37 31 36 -30 -31 -28 33 38 -34 -36 -24 39 -32 -27 -40 -10 43 44 49 -46 47 -47 -49 56 -51 53 -53 55 -55 -52 57 -1 -59 60 -58 -61
right_child=1 2 4 5 7 22 -8 12 9 20 -12 14 -14 -15 15 18 17 23 -20 -21 -22 -23 25 -25 -26 26 27 -29 29 30 32 -33 34 -35 35 -37 -38 -39 40 -41 -42 -43 -44 -45 45 46 -48 48 -50 50 51 52 -54 54 -56 -57 59 58 -60 61 -62 -63
leaf_value=-0.0011925680446578759 0.019720534792987587 -0.039963887519620475 0.048128305244841837 -0.053120494872269358 0.042431834202547869 0.10540680002128687 -0.059847257675201951 0.030095969477855256 -0.083161620209605241 -0.012121820669895242 -0.03121649043566474 -0.066361761537909639 -0.035111649188957539 -0.061790770981340441 0.1094440863310239 -0.065619800895579131 0.039011889833682943 -0.21028466615527758 0.021481365910012838 0.024427851668738246 0.047452856234327823 -0.062921043150699102 0.025187934238007283 -0.019275952132106089 0.018639770677240746 0.060129717279442801 0.03700446903349542 -0.089404053627586355 -0.040586658478719242 -0.050140449199844686 -0.089173173181104681 -0.021182221964447835 0.025194474013828946 0.019050592387328619 -0.0061582992035250153 -0.17857486665087546 -0.049548044007256473 0.012150766104705458 -0.066486091744007922 -0.039473830746897781 0.0042978787063544625 0.004485080926347332 -0.010258913225514988 0.00014441368281721808 -0.0018697435277756796 -0.054059116071807162 0.002164845173967575 -0.054434566168290226 -0.0050597278638693319 0.0013674488997689447 0.041579884010812418 0.033262472897940008 -0.064047828357409228 0.015507797523045869 -0.082316671863327584 -0.042611106531376321 -0.01181670404909314 -0.092901010331711387 0.015100397227454541 -0.054413191275468599 0.022751818799690605 0.0049295735588872295
leaf_weight=50.10951007740664 52.970223337234813 6.6567277830970673 1.2039103561764983 2.7780279027041948 15.566999169175686 1.2008999457175367 7.2774712064032414 30.171971085490544 1.2086319657467637 6.4467980164603471 12.420849002535787 4.2387931691008394 4.6187651971064261 1.5746173078337893 1.8169969468726801 3.0867295845564504 5.0963905326896111 0.74285710485355616 3.1853494632669026 11.772676515205601 6.1570822329292696 13.118309114123397 49.063228924703253 1.3525387962674811 0.30555462266693212 17.2989430286325 8.7412356282966375 2.0167103489029605 8.4936737544379621 4.2629736769206366 2.3081099346713376 6.5051739764326149 33.069572155465607 8.0047337820553803 5.0460033717972683 0.53042857418768097 1.7111053135186001 6.5129539945505703 2.2853485309202881 0.85568649142078257 4.9702684021715982 5.1529351580494733 102.20234782164653 1196.3816618477101 238.96375131739359 36.395897278898133 29.999709721366344 9.6611723832236844 42.494214356351222 130.47192903806672 13.704245450964665 6.3419040528788164 28.487611024926082 8.6243248287464649 6.7541956171771735 3.7973517070640801 26.103082653248634 6.1297952004281324 3.4067368680764503 9.1463415119284281 113.01168415243774 20.416574485131719
leaf_count=3673 97929 7462 197 2537 2237 140 95312 29798 3101 34327 21465 8587 31932 12564 67 539 9223 225 258 1826 9986 295428 12922 2218 74 3845 4260 1123 13431 5765 12762 3412 25430 26586 908 85 660 2742 22006 403 5423 4409 110343 219603 74992 117909 7918 10469 63635 23507 2836 1535 18670 1531 1757 572 15707 9078 3769 5229 29422 3449
internal_value=-0.000496946 0.00805077 0.00604917 0.011142 -0.000379058 0.0131957 -0.0445204 0.00254499 -0.00352068 -0.0214686 0.00614334 0.015982 0.0178353 0.0255384 0.00295129 0.0177384 -0.0220738 0.00296537 -0.0213844 0.0357949 0.0169808 -0.0463462 0.0143268 -0.073549 -0.143566 0.0136502 0.026017 0.00031099 0.00931984 -0.000507627 0.00512122 0.012178 0.00931194 -0.0104681 0.0183039 -0.0225585 0.0226693 0.0440068 -0.035175 0.0554351 -0.0179974 -0.0121669 -0.00198189 -0.00155474 -0.00414757 -0.00864383 -0.0222984 -0.0305861 -0.0142058 -0.00037862 -0.00731368 -0.0240416 -0.0463292 -0.000432694 -0.0274564 0.0233128 0.0056409 -0.00968681 -0.0543197 0.0110609 0.0162655 -0.0134302
internal_weight=2444.4 361.798 308.828 172.312 136.516 165.655 8.48138 128.035 91.6695 32.0838 59.5857 47.1649 36.3654 31.7466 31.5979 19.8618 11.7361 7.49734 6.27208 13.5897 12.6039 19.4799 162.877 2.40095 1.04841 161.676 41.9307 17.2631 119.745 68.9711 60.4774 15.2464 56.2145 17.5685 38.646 5.57643 50.7743 24.6676 9.56373 18.1546 7.25562 6.36157 2082.6 1980.4 784.02 357.515 118.551 88.5513 52.1554 426.505 198.182 67.7096 34.8295 32.8801 15.3785 17.5016 228.324 59.646 9.53653 168.678 139.115 29.5629
internal_count=1539208 813604 715675 151902 563773 144440 95509 468264 393970 347251 46719 25254 74294 42362 23017 2690 20327 11740 797 1893 44313 302938 141903 2517 299 141763 15785 8795 125978 112396 98965 7672 93200 66777 26423 993 13582 6990 40191 4248 27429 7510 725604 615261 395658 274923 199931 192013 74104 120735 50408 26901 20205 6696 3288 3408 70327 16520 12847 53807 45129 8678
is_linear=0
shrinkage=0.1


Tree=101
num_leaves=63
num_cat=0
split_feature=46 50 0 3 34 14 28 3 31 31 14 49 3 46 24 14 49 49 49 15 50 46 28 49 50 15 15 30 38 38 26 18 0 28 3 35 28 22 28 28 28 0 21 21 49 19 28 3 28 3 3 44 51 49 0 38 15 30 3 0 50 18
split_gain=2.77745 0.786952 2.02734 1.67593 1.40129 1.06385 1.36851 1.62938 1.01983 1.30055 1.31166 1.21674 1.07887 0.842291 0.874116 1.26908 2.2958 1.65819 1.55112 2.12027 1.17169 1.10877 1.12695 0.918769 0.894349 0.914183 0.885543 1.67591 0.820439 1.24794 1.49315 1.02711 1.03238 0.80372 0.799483 0.73961 0.719386 0.727963 0.71786 1.33567 1.51151 0.717345 0.714047 0.712695 0.710351 0.852119 1.24794 0.764324 0.681634 1.33013 1.15967 0.840906 0.78692 0.681361 0.776687 0.675586 1.01986 0.736038 0.666708 0.815678 0.63996 0.989046
threshold=7.5000000000000009 17.500000000000004 6.9478189945220956 6.851041555404664 1.5000000000000002 5.4335694313049325 96.000000000000014 6.2858872413635263 104.00000000000001 56.000000000000007 6.208071470260621 1.5000000000000002 3.1549592018127446 9.5000000000000018 17137926144.000002 4.8278014659881601 1.5000000000000002 12.500000000000002 3.5000000000000004 4.7447810173034677 16.500000000000004 11.500000000000002 96.000000000000014 5.5000000000000009 8.5000000000000018 3.1549592018127446 5.0290689468383798 56.000000000000007 1.5000000000000002 3.5000000000000004 1.5000000000000002 12.412114620208742 3.3576917648315434 1.0000000180025095e-35 5.6077513694763192 1.5000000000000002 -1.0000000180025095e-35 7168.0000000000009 96.000000000000014 1.0000000180025095e-35 48.000000000000007 3.026044607162476 112.00000000000001 112.00000000000001 3.5000000000000004 180.00000000000003 48.000000000000007 5.1720471382141122 96.000000000000014 3.1549592018127446 2.3124864101409917 1.0000000180025095e-35 1.5000000000000002 1.5000000000000002 5.0290689468383798 3.5000000000000004 4.342454433441163 112.00000000000001 6.2556321620941171 3.6941639184951787 15.500000000000002 12.308295249938967
decision_type=2 2 2 2 2 2 2 2 2 2 2 2 2 2 2 2 2 2 2 2 2 2 2 2 2 2 2 2 2 2 2 2 2 2 2 2 2 2 2 2 2 2 2 2 2 2 2 2 2 2 2 2 2 2 2 2 2 2 2 2 2 2
left_child=-1 2 3 8 -4 6 7 33 9 10 13 -12 -11 44 21 18 24 20 26 60 -18 22 -15 -21 25 -17 36 -28 -14 30 -30 -31 -33 -3 43 -6 -16 48 39 -34 -41 -25 -10 -35 45 46 -2 53 49 -38 -50 -52 -51 54 -47 -27 57 -57 59 -8 61 -20
right_child=1 5 4 -5 35 -7 58 -9 42 12 11 -13 28 14 15 16 17 -19 19 23 -22 -23 -24 41 -26 55 27 -29 29 31 -32 32 38 34 -36 -37 37 -39 -40 40 -42 -43 -44 -45 -46 47 -48 -49 50 52 51 -53 -54 -55 -56 56 -58 -59 -60 -61 -62 -63
leaf_value=-0.00190467904114713 0.016866709802315354 -0.0035887230737709948 -0.051490868740001965 -0.054426629580095989 -0.068109673827156256 0.021579694567873644 -0.012800242718234493 0.026265645466479151 0.005323220987421648 -0.023732425933355995 -0.067415488708158874 -0.0048154864743323797 0.076410111718759041 0.044007651416321389 0.035123127678001992 0.010433244622383448 0.032178653760087092 -0.068640700117502951 0.050543495342417172 -0.088818988722846048 -0.086359812926720514 -0.049569547015386704 -0.03613383131247782 0.08438805823452239 -0.10498711548936757 -0.078042289940005616 -0.07249894945103684 0.048117507806997799 0.01339373249148898 -0.027676974328207857 -0.14474719793115268 -0.088542427657397282 0.048230661214982359 -0.043789383292794103 -0.017129879139152222 0.041652885337447779 -0.058780647094345162 0.05184543593216448 0.060694345511238007 -0.079883038858046859 0.024269516802598604 0.016213663808263858 -0.062238984270837627 -0.1179771633184525 0.047612140095064877 0.026747141291378014 -0.11551606533096398 -0.068560468277794037 0.075789499765713073 0.031080407317705186 0.031107576808872939 -0.01166275423129521 -0.031021955068402662 0.064677868421573026 -0.041126104440038891 0.07306923407158393 -0.069653793626788488 -0.093912996690038067 -0.0063881228558480196 0.067758266265497039 -0.020934888107203141 -0.078196049832263442
leaf_weight=2079.3808680557404 1.7755200776515274 7.6448792554711025 10.286212332915424 4.3906482954877779 0.76913348850194951 73.81462475206996 1.6409506530126217 7.908653395802502 2.8568716255195445 4.0902397605369449 4.3471450524588127 10.865605064106829 3.5063454510782313 13.839128817941356 19.349664094628679 3.1470234187418766 11.972272918952878 2.2779171100076701 0.67596451524872136 0.69839418481836801 0.89628524714726232 1.7715803875171339 2.0094150907320918 1.9342411284828793 2.2036914382416475 4.6429406548994177 2.9359311738940042 1.8958053158512482 1.7671434976180074 2.7060101119318487 0.90170948184481847 0.6424766468584292 11.226598520290283 3.3174946678840325 4.9229163908541977 3.041561261180334 4.0486926838172641 4.0074058882273667 10.266528029289477 2.0467714570463889 4.3648867926467574 7.6387641268408402 3.4574360399507214 2.1239411572310871 8.6132542899171636 10.292413203739498 1.1888962782613814 0.88489212110440085 2.9729818661726339 6.038111443382375 8.6925509172833699 9.7562567487238994 3.0817910674940094 3.6786126401827923 2.0162392687452657 1.2786029700586996 1.892766538781643 0.3326503280993619 3.1653990662925935 5.3701614856286142 9.5625807529546574 5.092270899250483
leaf_count=726279 2134 1083 176917 46114 8969 29123 291 3690 15106 2276 69937 71598 269 13035 2969 2457 44555 28929 2025 6776 3622 11704 1613 1057 21224 56677 16840 1643 2292 1191 1432 792 1956 3061 3167 12416 9615 2992 2321 14032 2329 9332 16401 3226 9529 4507 464 13954 161 13480 1069 2291 3595 1237 6068 655 5746 670 588 858 4866 14003
internal_value=-0.000509807 0.00767118 0.00451323 0.00676439 -0.0323008 0.0147 0.000630604 -0.0115706 0.00795244 0.00909058 0.005379 -0.0227039 0.0250305 0.00799843 0.00469509 0.00156863 -0.0167236 0.0100017 0.00749708 -0.0132478 0.0239225 0.0254597 0.0338466 0.0219102 -0.0467135 -0.0353431 0.0159571 -0.0251732 0.0303594 0.0255994 -0.0400364 0.0312043 0.0367857 -0.0281862 -0.0463296 0.0194989 0.0193866 0.0114977 0.0396713 0.0274346 -0.00897874 0.0299884 -0.0316709 -0.0727469 0.0236323 0.01322 -0.0362262 0.0219076 0.00682326 -0.011081 0.0178295 0.0084894 0.0100948 0.026915 0.0156291 -0.0530256 -0.0198777 0.038595 0.0317051 0.0489035 -0.0368031 -0.0631094
internal_weight=2433.92 354.538 244.629 230.532 14.0969 109.909 36.0944 25.9179 226.141 219.827 178.308 15.2128 41.5187 163.096 134.646 117.026 28.6442 15.1465 88.3814 25.6022 12.8686 17.6201 15.8485 10.2714 13.4977 11.294 62.7792 4.83174 37.4285 33.9221 2.66885 31.2533 28.5473 18.0092 10.3644 3.81069 57.9475 38.5978 27.9048 17.6383 6.41166 9.57301 6.31431 5.44144 28.4498 19.8366 2.96442 16.8722 34.5904 13.1686 21.4218 18.4488 9.1199 15.9873 12.3087 8.14696 3.50402 1.61125 10.1765 7.01111 15.3308 5.76824
internal_count=1539208 812929 767842 569540 198302 45087 15964 14227 523426 491919 463029 141535 28890 321494 283601 257249 164535 77106 92714 38059 48177 26352 14648 17165 87429 66205 54655 18483 26614 26345 3724 22621 21430 10537 9454 21385 36172 33203 20638 18317 16361 10389 31507 6287 37893 28364 2598 25766 30211 26690 3521 3360 17075 11812 10575 63748 7071 1325 1737 1149 20894 16028
is_linear=0
shrinkage=0.1


Tree=102
num_leaves=63
num_cat=0
split_feature=46 23 47 0 14 46 3 0 22 50 26 14 3 13 14 49 0 28 31 28 28 15 0 23 28 0 15 0 26 3 47 14 21 0 28 46 45 21 15 0 0 49 28 50 50 3 39 0 0 21 1 50 50 47 18 14 28 24 47 28 0 15
split_gain=2.8669 0.677444 0.692558 3.46295 1.94954 1.39441 1.34384 1.19237 1.31729 1.22796 2.26198 1.57374 1.67581 0.971706 0.876556 1.06625 0.872869 0.819964 0.758731 0.811968 1.39137 2.28176 0.848167 0.888085 1.2007 0.803536 0.759909 0.834346 0.742217 0.732896 0.710193 0.698355 0.687639 0.672384 0.674575 0.670236 0.668893 1.23217 1.02704 1.1265 0.942992 0.691355 2.41424 1.29723 1.11384 0.968846 2.81943 1.50773 0.893815 0.945168 0.882858 0.790261 1.64323 0.827076 0.776487 0.776278 0.691078 1.39702 0.848828 0.795193 0.735953 0.753233
threshold=6.5000000000000009 2415.0000000000005 15.500000000000002 3.6941639184951787 2.8888261318206792 10.500000000000002 4.1426305770874032 7.6172368526458749 7168.0000000000009 17.500000000000004 1.5000000000000002 4.8278014659881601 4.2844183444976816 2.8029010295867924 3.1316992044448857 12.500000000000002 4.7789824008941659 1.5000000000000002 104.00000000000001 -1.0000000180025095e-35 6.0000000000000009 6.2383227348327646 6.208071470260621 1900.0000000000002 1.5000000000000002 5.4335694313049325 5.7189338207244882 6.9245815277099618 1.5000000000000002 6.070054531097413 10.500000000000002 6.0888803005218515 112.00000000000001 2.7361353635787968 96.000000000000014 9.5000000000000018 3.5000000000000004 112.00000000000001 6.8165824413299569 5.5169365406036386 7.5973236560821542 1.5000000000000002 96.000000000000014 7.5000000000000009 1.0000000180025095e-35 2.9621279239654545 1.5000000000000002 3.3576917648315434 3.6941639184951787 112.00000000000001 5.8303320407867441 3.5000000000000004 4.5000000000000009 10.500000000000002 9.0558362007141131 6.7438817024230966 24.000000000000004 137422176256.00002 12.500000000000002 48.000000000000007 5.6077513694763192 5.9931647777557382
decision_type=2 2 2 2 2 2 2 2 2 2 2 2 2 2 2 2 2 2 2 2 2 2 2 2 2 2 2 2 2 2 2 2 2 2 2 2 2 2 2 2 2 2 2 2 2 2 2 2 2 2 2 2 2 2 2 2 2 2 2 2 2 2
left_child=-1 2 4 13 5 6 -2 8 9 11 31 12 32 -4 -6 18 -17 -10 19 26 21 -21 -23 -24 -25 -20 35 30 -19 -9 -28 -11 -5 34 -7 -16 41 38 40 -40 -38 42 54 45 -43 -44 47 -47 49 -46 -45 -50 -53 -54 -22 56 58 59 -55 -58 61 -60
right_child=1 -3 3 7 14 33 -8 29 17 10 -12 -13 -14 -15 15 16 -18 28 25 20 36 22 23 24 -26 -27 27 -29 -30 -31 -32 -33 -34 -35 -36 -37 37 -39 39 -41 -42 44 43 50 48 46 -48 -49 51 -51 -52 52 53 55 -56 -57 57 -59 60 -61 -62 -63
leaf_value=-0.0019289223339805266 0.10413977256583491 -0.11210490301671899 -0.0031142893614284836 -0.036361485628254052 0.065840958795192001 -0.030219678939373773 -0.058003168628959656 -0.0075271256494951061 -0.034408816667227157 -0.0068017135366556921 -0.088991771562204905 -0.082597371182775103 -0.084220631988088865 0.040226505344616331 0.062401497559724586 0.0071302702536786989 -0.07151200941085864 -0.049489359570319129 -0.054822949654394604 -0.067583742557250095 0.029284626370955094 -0.056882656104565367 0.15184084538491005 -0.12453930147300861 0.067742143346985834 0.012888558464555971 0.022910318595123644 -0.041855174445627419 0.035904980856680251 0.1679910675732823 -0.075803944923818631 0.089983467563582664 0.020291024342062067 -0.043271034190767936 0.12183458235464989 0.024049199056394903 -0.013600163519519662 0.020967156920812777 -0.32573772936209278 -0.066501838937734356 -0.1563608237333006 -0.084771146039648429 0.059991671590996866 -0.10524778997767732 0.013939751463498641 0.08666898343493884 0.040520158287026278 -0.056389374857142897 0.072724762733636358 -0.074542035806457546 0.12228622201658966 -0.092850350904801315 0.0151329841998294 0.09812584302186636 -0.026047637822704434 -0.061963077390192703 0.034884559253189999 0.048825930385901883 0.078725080316388391 -0.028977933569223215 -0.034380855125394481 -0.076265399399228717
leaf_weight=2073.5350903595004 1.4877350973110872 0.47036378026177672 7.3472622017035887 3.5667274006144698 2.9920933069881803 0.67529461871890528 0.77869509611809906 0.43178022368960611 3.698402592220118 1.1468040982057339 1.5980450386304594 7.7877133542271961 3.469720228435448 17.480403834005351 4.9925458900769106 2.8671606387413808 2.7796243387495565 1.2031915506899222 3.4193764524973735 5.6376047779263327 2.8833117913091 0.76715394748422516 0.78434511684508867 0.41696591338518363 1.46854483472039 3.5954047662094126 9.5012992683923549 3.3912230709912015 6.6065405577969614 0.52982479916380498 0.78936342557835892 2.1305621069517429 5.3655564851099484 12.310951575244303 0.51372068404452875 52.188447217052158 6.4515116057427786 7.3264922516289062 0.23801062846905541 0.56683619977047783 0.49843807621255098 1.0411389217925222 6.9937515127585419 1.1690109374603128 2.9613335075650857 0.84644782672330698 15.470454502965822 5.6825952752629973 2.8892601114939103 2.0381734104412317 0.19965339337795729 1.2811285693150285 69.03457722044368 3.6813997371608655 21.064537044338635 0.80187215881029672 3.207780538786098 12.989904108976672 2.4980474322866262 4.9716072723920206 1.1881232105944262 0.35856708190124198
leaf_count=725604 368 4435 4706 2743 2230 171 427 8013 6688 4199 6454 154676 13205 9849 1235 4365 30363 3048 15581 133818 531 24329 930 3124 5878 28969 2011 3486 8200 4056 6744 4847 3945 16022 24 29988 1532 1833 40 128 88 16034 855 6167 1996 135 6186 15560 18110 1558 95 15152 14099 3284 116320 17265 2110 12056 3136 4244 3758 2205
internal_value=-0.000511515 0.00782562 0.00798586 -0.00157352 0.0100437 -0.0241501 0.0484311 -0.0207387 -0.0236287 -0.0364883 0.00855359 -0.047365 -0.0252412 0.0274006 0.0120118 0.0114174 -0.0315813 0.00437993 0.0123326 0.013214 0.00976615 -0.0284308 0.0357903 0.0624189 0.0252206 -0.0201176 0.0223323 0.00116217 0.0227489 0.0891798 0.0153383 0.0561167 -0.00233074 -0.0363353 0.0354762 0.0273978 0.0117098 -0.00844005 -0.0362231 -0.143164 -0.0238387 0.0135713 0.00435445 0.0230794 0.018166 0.0275704 0.0172635 -0.0378428 0.0191592 -0.0221321 -0.0720564 0.0211654 0.0196759 0.021136 -0.0193857 0.0350906 0.037784 0.0284412 0.0633828 -0.00393243 0.0317608 0.0592704
internal_weight=2426.06 352.524 352.054 62.3625 289.692 15.7664 2.26643 37.5349 36.5733 25.0651 4.87541 20.1897 12.402 24.8277 273.925 270.933 5.64678 11.5081 265.286 258.271 187.409 9.07461 3.43701 2.66986 1.88551 7.01478 70.8629 13.6819 7.80973 0.961605 10.2907 3.27737 8.93228 13.5 1.18902 57.181 178.334 15.0813 7.7548 0.804847 6.94995 163.253 54.3098 30.3619 108.943 28.9932 21.9995 6.52904 107.902 4.99951 1.36866 102.902 100.013 98.7319 23.9478 29.6973 28.8954 21.1693 7.72614 8.17939 4.04474 2.85661
internal_count=1539208 813604 809169 234629 574540 17012 795 220074 208005 190069 15500 174569 19893 14555 557528 555298 34728 17936 520570 476020 432556 168079 34261 9932 9002 44550 43464 12241 11248 12069 8755 9046 6688 16217 195 31223 264477 3621 1788 168 1620 260856 145849 28998 115007 22736 21881 15695 98973 3554 6262 95419 77309 62157 116851 48058 30793 18410 12383 6354 9099 5341
is_linear=0
shrinkage=0.1


Tree=103
num_leaves=63
num_cat=0
split_feature=46 46 45 28 28 24 3 28 18 3 35 0 28 14 50 50 47 18 13 44 51 50 0 47 13 45 28 28 21 15 36 5 35 45 30 23 0 19 22 0 16 42 28 3 28 14 28 1 24 18 0 0 30 31 28 30 29 29 19 46 39 14
split_gain=2.96943 0.700729 0.732412 0.664787 1.02328 1.67471 1.803 2.57101 1.13602 0.996709 1.00371 0.94636 1.0341 0.864849 0.737481 1.08977 0.680051 0.968403 0.653297 0.76772 1.16639 0.791923 0.726464 1.37451 0.651775 0.637844 0.834618 3.56433 1.61036 1.55773 1.06576 0.885979 0.989155 1.42371 1.91835 1.68015 1.83963 1.28615 1.06563 0.890985 0.779287 1.31975 2.59473 2.53312 2.25061 2.10851 2.0801 2.34117 1.97532 2.64361 1.933 1.926 1.51311 1.50458 1.40145 2.21567 1.23911 1.23554 1.1384 3.74606 1.75482 1.47791
threshold=7.5000000000000009 9.5000000000000018 1.0000000180025095e-35 96.000000000000014 1.0000000180025095e-35 17137926144.000002 4.9182729721069345 12.000000000000002 12.568491935729982 2.3124864101409917 1.5000000000000002 4.9182729721069345 24.000000000000004 6.4247851371765146 8.5000000000000018 7.5000000000000009 28.500000000000004 15.029000282287599 2.6735538244247441 1.0000000180025095e-35 1.5000000000000002 7.5000000000000009 5.4679176807403573 13.500000000000002 5.4457051753997812 1.0000000180025095e-35 24.000000000000004 -1.0000000180025095e-35 112.00000000000001 3.3576917648315434 3.5000000000000004 1.5890269279479983 4.5000000000000009 2.5000000000000004 40.000000000000007 2352.0000000000005 3.9495767354965214 280.00000000000006 7168.0000000000009 2.7361353635787968 1.2424533367156985 3.0000000000000004 1.5000000000000002 5.5169365406036386 96.000000000000014 5.5169365406036386 48.000000000000007 3.4319016933441167 240501391360.00003 9.671854496002199 5.5169365406036386 7.2159059047698983 112.00000000000001 120.00000000000001 1.0000000180025095e-35 80.000000000000014 112.00000000000001 112.00000000000001 280.00000000000006 1.5000000000000002 1.5000000000000002 6.851041555404664
decision_type=2 2 2 2 2 2 2 2 2 2 2 2 2 2 2 2 2 2 2 2 2 2 2 2 2 2 2 2 2 2 2 2 2 2 2 2 2 2 2 2 2 2 2 2 2 2 2 2 2 2 2 2 2 2 2 2 2 2 2 2 2 2
left_child=25 2 -2 4 16 13 7 -7 18 -5 14 12 -8 -6 15 -11 -3 -18 19 20 -9 -21 23 -20 -12 40 27 29 -28 -27 -29 32 33 34 38 36 37 -36 -31 -37 41 58 48 46 50 52 47 56 54 -50 -45 -49 -46 57 55 -43 -44 -51 -1 60 61 -60
right_child=1 3 -4 9 5 6 11 8 -10 10 24 -13 -14 -15 -16 -17 17 -19 22 21 -22 -23 -24 -25 -26 26 28 30 -30 31 -32 -33 -34 -35 35 39 -38 -39 -40 -41 -42 42 43 44 45 -47 -48 51 49 53 -52 -53 -54 -55 -56 -57 -58 -59 59 -61 -62 -63
leaf_value=0.00033284083847143203 -0.009268917159765128 0.013342898090914775 0.024741660660171732 0.060298824806121476 0.035124698309358125 -0.091719146052899631 -0.054448514463989905 0.0098225867060254077 -0.084295616053106343 0.00056786766672610152 -0.066636258820477717 0.017310130671526865 0.0012383289662935126 -0.06004696773278248 0.01481444014198028 -0.061762116121158284 -0.045719602774869222 0.064292826534295106 -0.062147954149834067 0.090398872170777078 -0.12449511030505289 -0.0063489588931518173 -0.0038783952140098916 -0.0043054220366370802 0.038671726018059072 0.062803460527569924 -0.016842252439643483 -0.087470359083224702 0.01689772788695788 0.066134314256536458 -0.035318141470018542 -0.065672979682081925 0.068137818731895824 0.017666912111222576 0.092872087697281613 -0.16113544935267551 -0.11046468984101009 -0.03713914908364014 -0.11230693987797127 -0.03753630629276563 8.6900442218869323e-05 -0.035150566583233796 0.14809653967244599 -0.040521525464673927 -0.046601166706600604 -0.072478454019607202 -0.0049075126543174337 -0.080368388145552111 -0.10010355606402979 -0.044552452578417848 0.0082124755184985881 0.01711502804394914 0.036957332905771668 -0.069302959723759938 -0.036826385146677264 0.030565523171538145 -0.017147745841708174 0.015778620573542925 0.012865375741551225 -0.113054307216267 -0.041952506202809089 -0.063883872764069358
leaf_weight=476.23623555453094 7.5181810056285405 86.58187262460001 40.125210953182496 4.3682150187596696 13.878458666027027 4.566526057592724 4.2483434985810478 4.4528043599048015 2.1566113550134096 23.97609537832783 0.61243338727217533 30.764518550211282 15.50575680477796 1.0253724539604707 38.347595145437822 3.1767002850500594 4.1004692615955483 0.99414700585475646 7.7691183102982704 2.0708474178829879 0.75632241858693294 1.4304994424539925 22.301708742574533 8.718354145128556 14.56850605983527 3.5965317008867812 31.389434203324072 6.8609732097949534 25.750843185219225 2.2082956634952287 9.1364248102328531 2.3762169029223505 1.8717941882205185 10.667305110244513 1.3770840360666625 1.8903455059335104 1.6258899604372343 1.7005254226314719 0.3944468090301142 0.84346432525853732 1196.2672282846904 8.5785566629588175 0.79167890463941404 8.6627019215439685 3.9259655416051391 7.5892986782891958 18.770814492404952 13.239281426705075 7.1267788937366303 6.0419730109023266 134.60843302825538 2.3930632484536991 4.8374636422618096 6.40746834282234 13.705042936606217 12.764461407572526 1.0632451956398652 7.7468334360262929 25.733417691106116 3.6857615670456587 10.79782610067137 2.7800417678007525
leaf_count=168534 36778 67026 60476 393 24953 134518 73875 1758 7529 45777 629 193307 28636 15912 19936 3054 3139 51 11686 1584 70 863 61516 10914 8549 561 20139 43370 14862 1576 21595 557 483 4949 89 83 769 221 273 816 219603 3969 141 15548 2801 4371 17868 35139 2575 3743 39972 8652 2099 6721 12671 3936 536 4644 9330 13145 36797 3141
internal_value=-0.000486615 0.00811826 0.0193748 0.00630871 0.00330411 -0.00278714 -0.00724999 -0.0199141 -0.0133107 0.0137742 0.0112553 0.00634267 -0.0107378 0.028577 0.00588567 -0.00672433 0.0112537 -0.0242521 -0.0100878 0.0146605 -0.00967924 0.0508719 -0.0156452 -0.0315616 0.0344234 -0.00191291 -0.00963634 -0.0198966 -0.00163699 0.00127612 -0.0576852 -0.00759111 -0.00147861 -0.00777143 -0.034799 -0.0606576 -0.0244216 0.0210347 0.0390915 -0.123001 -0.001515 -0.00397973 -0.00982168 -0.00416557 0.00125424 -0.0338925 -0.028026 -0.0528413 -0.0275852 -0.0477407 0.00526584 -0.0654452 -0.000476391 -0.0292632 -0.0118722 0.00415177 0.0533783 -0.0106572 -0.0010741 -0.0166573 -0.00761933 0.00538238
internal_weight=2419.46 344.015 47.6434 296.371 211.322 119.645 104.741 54.2228 49.6563 85.0495 80.6813 50.5186 19.7541 14.9038 65.5004 27.1528 91.6765 5.09462 47.4997 8.71047 5.20913 3.50135 38.7892 16.4875 15.1809 2075.44 101.69 44.5493 57.1403 28.5519 15.9974 24.9554 22.5792 20.7074 10.0401 7.43731 4.7035 3.07761 2.60274 2.73381 1973.75 777.486 258.253 195.882 159.624 16.3527 36.2581 17.4873 62.3711 27.3231 143.271 15.6323 8.76343 20.1963 35.0481 21.343 1.85492 13.7888 519.233 42.997 39.3113 28.5135
internal_count=1539208 812929 97254 715675 637337 567121 526256 230438 95920 78338 77945 295818 102511 40865 68767 48831 70216 3190 88391 4275 1828 2447 84116 22600 9178 726279 110343 75342 35001 10377 64965 9816 9259 8776 3827 1978 1079 310 1849 899 615936 396333 165386 127127 64791 9271 62336 44468 38259 17683 55520 43791 4900 15108 20576 7905 677 8387 230947 62413 49268 12471
is_linear=0
shrinkage=0.1


Tree=104
num_leaves=63
num_cat=0
split_feature=46 35 23 50 14 30 3 14 28 3 31 44 50 14 22 46 47 14 47 1 3 19 37 31 23 30 15 36 36 34 26 14 51 3 51 28 3 28 28 3 28 28 46 51 1 3 46 49 18 20 28 3 47 26 14 21 3 14 48 46 24 22
split_gain=2.57353 0.660608 0.654452 0.627235 1.95777 1.8949 1.17825 0.846976 0.976153 1.25017 0.809714 1.0549 1.30244 0.91776 0.785855 1.11786 1.08046 1.81314 1.70345 1.48042 0.904045 0.747308 0.962649 0.693619 0.678505 0.889159 1.373 0.86626 0.788909 1.42124 0.788197 0.723633 0.761814 0.709949 0.675505 0.970029 0.886777 1.08005 0.859552 0.763598 0.674436 0.704765 0.666325 1.03425 1.66111 0.654705 0.654142 0.638527 1.23119 0.966968 0.614766 0.607999 0.602206 0.815194 0.601623 0.976665 0.601009 0.591351 0.574212 0.567201 1.90258 1.53206
threshold=7.5000000000000009 10.000000000000002 2415.0000000000005 17.500000000000004 6.7808928489685067 56.000000000000007 6.851041555404664 5.4335694313049325 96.000000000000014 6.2858872413635263 104.00000000000001 1.0000000180025095e-35 1.0000000180025095e-35 2.7361353635787968 7168.0000000000009 11.500000000000002 16.500000000000004 4.4845800399780282 14.500000000000002 5.8303320407867441 3.6941639184951787 180.00000000000003 1.5000000000000002 56.000000000000007 2352.0000000000005 112.00000000000001 4.1426305770874032 7.0000000000000009 3.5000000000000004 1.5000000000000002 1.5000000000000002 3.6050398349761967 1.5000000000000002 3.1549592018127446 1.5000000000000002 1.0000000180025095e-35 5.7189338207244882 96.000000000000014 24.000000000000004 5.7189338207244882 48.000000000000007 6.0000000000000009 10.500000000000002 1.0000000180025095e-35 5.8303320407867441 3.6941639184951787 9.5000000000000018 1.5000000000000002 13.95478391647339 48.000000000000007 96.000000000000014 2.3124864101409917 16.500000000000004 1.5000000000000002 2.8888261318206792 112.00000000000001 5.4679176807403573 6.208071470260621 1.0000000180025095e-35 -1.0000000180025095e-35 240501391360.00003 7168.0000000000009
decision_type=2 2 2 2 2 2 2 2 2 2 2 2 2 2 2 2 2 2 2 2 2 2 2 2 2 2 2 2 2 2 2 2 2 2 2 2 2 2 2 2 2 2 2 2 2 2 2 2 2 2 2 2 2 2 2 2 2 2 2 2 2 2
left_child=1 59 3 4 6 58 10 8 9 -5 11 24 13 -13 16 40 18 54 -14 20 -20 22 -12 -7 27 28 -27 31 29 42 -31 -2 45 -30 35 39 38 -38 -37 -9 41 -16 43 -26 46 -33 -45 -44 -49 -50 -35 -34 -42 -54 -18 -56 -57 -23 -6 60 61 -1
right_child=2 -3 -4 7 5 23 -8 34 -10 -11 21 12 14 -15 15 -17 17 -19 19 -21 -22 57 -24 -25 25 26 -28 -29 33 30 -32 32 51 50 -36 36 37 -39 -40 -41 52 -43 47 44 -46 -47 -48 48 49 -51 -52 -53 53 -55 55 56 -58 -59 -60 -61 -62 -63
leaf_value=-0.012659371150621067 0.019007532403460023 -0.095768158965631484 -0.11868476505520498 -0.024174053753404163 -0.071800848462396261 -0.07134145200115373 -0.050754883978074372 0.070788446724544027 0.02799627229488388 0.024387591901402713 0.77197684002724742 0.048362848662240415 -0.0011167477503794567 -0.055060255528877992 0.016937317457389044 -0.037925759093334885 0.017368080527782701 -0.074119158010065453 0.080345628133814365 -0.055591858187281233 0.0077833382664110086 -0.053035681699633769 0.077119033058414166 0.02681749132709281 -0.023130091342917755 -0.11014711141835408 0.0084237930856603249 0.026911140297956621 -0.078068072479095182 -0.020590832513732903 -0.16801628042170408 0.0098672496921081224 0.096017669927516439 0.036051265420110994 0.0095885597302955792 -0.033514977659107256 0.070976143009258016 -0.0022196920212484974 0.018454174326221425 0.0042127404942863605 -0.012973155266065737 0.062239662151046898 0.031000674656720757 0.044170186545014804 0.14826361323490131 -0.034722012815487806 -0.10272096897731027 0.012123995332696655 0.034448379771387448 -0.12247816814423725 0.080046012610801437 -0.089814221014852175 -0.075603106589415284 0.056030311586822312 -0.056560873847238041 0.016164466693364944 -0.079799035567351961 0.026013637182525681 -0.027965055892369167 -0.0024813686624237676 0.017938298338503897 0.0038018384388823797
leaf_weight=84.822917670878951 7.8898618863596566 0.74805010350109924 0.41016597730162985 17.267645662908397 6.0595664109854699 0.81493370108910212 3.4141536783661186 7.7648400132966326 9.7941570836733245 7.6498475308253537 0.024443944858204669 1.0063685679801491 38.500399058380538 5.8203526366788587 6.3327276555486574 2.9577866062618616 7.7151109788170578 4.5976393419646433 6.2240273935710455 1.263690128632647 2.3710926014138991 4.1680758617662832 0.10815270590455839 6.1719956317851938 1.9257182560610875 1.1475208562518435 6.5563793473705232 12.49992596072215 0.44041464202803027 1.0253458389643686 0.56110916331789429 7.6660494499339489 0.19333057741096071 9.4448408774755972 32.432505427089666 3.9463116924007471 5.9322779777976375 3.0535973218302388 16.445200176689468 2.2140220848305034 5.8928249236466836 7.5022155734238822 14.587629277383131 7.8682747615255231 1.6584677970622586 5.7725521793606234 0.31531536318456677 14.088802742062425 0.56505198076320073 1.287055107815603 4.7855299681614261 1.9709556931284096 0.54690545002108626 3.3660900178656448 4.2393855099136299 5.7202717148848876 0.73668209987818034 1.2243213263179198 5.8956097899041708 1749.5568852222252 61.302299748822406 169.56453127293935
leaf_count=3379 4813 710 4407 10537 215514 9522 31738 890 1737 3690 172 197 112246 61163 12208 15856 2761 44206 3296 1491 27007 21161 596 19768 7004 1822 7532 13947 904 1082 926 4531 17 7792 16597 5604 2277 317 3221 215 4256 7778 19337 8435 170 39533 1488 21225 351 782 974 5832 317 638 4090 3245 2120 7006 6588 717845 2040 2305
internal_value=-0.000481611 -0.00181144 0.00755564 0.0077073 0.00482141 -0.0260042 0.00752488 0.0140731 0.00124835 -0.00926528 0.00846093 0.00946914 0.00241835 -0.039814 0.00536127 0.0200321 -0.000106475 -0.0179443 0.00838066 0.0454697 0.0603282 -0.0293207 0.205215 0.0153685 0.0166953 0.0226992 -0.00923773 0.00564297 0.0269012 0.0201897 -0.0727334 -0.00567331 -0.0181536 0.0469763 0.0202743 0.0290801 0.0199301 0.0461026 0.00839673 0.0560172 0.0272834 0.0415032 0.0236751 0.0438912 0.0570048 -0.00928607 0.0385104 0.0158824 0.00204766 -0.0746021 0.0508463 -0.0732143 0.00722089 0.0376324 -0.00391648 -0.0192687 0.00521587 -0.0350879 -0.0501835 -0.00177741 0.00212396 -0.00168699
internal_weight=2407.83 2065.99 341.836 341.425 234.925 18.9421 215.983 106.5 34.7117 24.9175 212.569 207.044 104.794 6.82672 97.9668 26.5986 71.3683 23.0091 48.3592 9.85881 8.59512 5.52499 0.132597 6.98693 102.25 66.2575 7.7039 35.9927 58.5536 43.8828 1.58646 23.4927 15.6029 14.6708 71.7888 39.3562 29.3774 8.98588 20.3915 9.97886 23.6408 13.8349 42.2963 11.7678 9.84206 13.4386 8.18359 30.5285 15.9409 1.85211 14.2304 2.16429 9.80582 3.913 18.4115 10.6963 6.45695 5.3924 11.9552 2065.25 315.69 254.387
internal_count=1539208 726279 812929 808522 763437 251392 512045 45085 15964 14227 480307 451372 302875 61360 241515 41053 200462 56422 144040 31794 30303 28935 768 29290 148497 79824 9354 68673 70470 60800 2008 54726 49913 9670 29121 12524 11419 2594 8825 1105 25197 19986 58792 17097 10093 44064 9923 41695 22358 1133 8766 5849 5211 955 12216 9455 5365 28167 222102 725569 7724 5684
is_linear=0
shrinkage=0.1


Tree=105
num_leaves=63
num_cat=0
split_feature=36 30 14 18 28 14 13 19 37 21 30 39 32 36 28 0 18 32 16 19 8 14 27 31 13 13 35 46 16 29 8 42 14 28 28 8 4 13 1 31 30 0 18 27 16 14 1 18 0 29 28 8 13 0 1 38 28 22 13 14 16 4
split_gain=1.80119 1.89335 2.8436 2.06405 1.83292 3.18858 5.98981 3.46619 2.52809 3.02424 3.85083 2.35856 3.65552 3.12666 2.49655 5.69162 3.49263 3.53691 2.4635 2.4145 2.37049 2.32179 2.19167 2.13706 2.06368 2.00906 1.96142 1.95763 1.91398 2.2516 1.88999 1.87029 1.78614 1.72291 1.62422 2.155 2.52941 2.49636 2.04056 1.6675 1.61308 2.95824 1.56125 2.54945 2.17465 3.36156 5.94561 2.66249 1.58132 1.51952 1.50005 2.46868 2.5934 1.46401 1.4489 1.43867 1.41859 2.68455 1.38395 1.69658 1.37193 1.35778
threshold=1.0000000180025095e-35 24.000000000000004 2.8888261318206792 8.1845164299011248 24.000000000000004 5.5169365406036386 2.1383330821990971 100.00000000000001 3.0000000000000004 112.00000000000001 56.000000000000007 3.0000000000000004 6.0000000000000009 7.0000000000000009 1.0000000180025095e-35 4.8278014659881601 8.0407161712646502 96.000000000000014 2.1910133361816411 180.00000000000003 1.3540251255035403 4.9182729721069345 5.5000000000000009 56.000000000000007 3.1984648704528813 2.8617925643920903 1.5000000000000002 13.500000000000002 1.2424533367156985 112.00000000000001 0.89587974548339855 1.5000000000000002 4.9182729721069345 12.000000000000002 48.000000000000007 0.89587974548339855 1.2424533367156985 2.9700856208801274 3.8026961088180546 120.00000000000001 112.00000000000001 5.1720471382141122 13.046368122100832 5.5000000000000009 1.4978661537170412 4.9182729721069345 3.4319016933441167 7.1350178718566903 6.978102684020997 80.000000000000014 1.0000000180025095e-35 0.89587974548339855 2.8617925643920903 3.6941639184951787 3.6050398349761967 5.5000000000000009 6.0000000000000009 7168.0000000000009 2.8617925643920903 4.1426305770874032 2.1910133361816411 0.89587974548339855
decision_type=2 2 2 2 2 2 2 2 2 2 2 2 2 2 2 2 2 2 2 2 2 2 2 2 2 2 2 2 2 2 2 2 2 2 2 2 2 2 2 2 2 2 2 2 2 2 2 2 2 2 2 2 2 2 2 2 2 2 2 2 2 2
left_child=-1 2 3 -2 8 -6 27 -8 9 40 25 18 13 -13 42 16 19 20 -10 -16 33 50 61 -9 -20 -11 53 49 29 -23 -21 -25 -12 -18 38 37 -37 -36 39 -33 58 -42 44 -44 48 47 -47 -46 -14 -7 51 52 -15 -26 -48 -51 57 -19 -3 -60 -52 -17
right_child=1 4 -4 -5 5 6 7 23 11 10 32 12 14 21 15 22 17 56 24 30 -22 28 -24 31 26 -27 -28 -29 -30 -31 -32 34 -34 -35 35 36 -38 -39 -40 -41 41 -43 43 -45 45 46 54 -49 -50 55 60 -53 -54 -55 -56 -57 -58 -59 59 -61 -62 -63
leaf_value=0.0038059242185913391 0.060106270546295894 0.010509624429344654 -0.082085145457497066 -0.015402383264805636 0.00602684547658897 -0.024068881525922927 -0.058958833898280286 -0.029366587111087489 -0.0019510870270842225 0.018371771344351067 -0.069163845615154748 -0.075287739198932502 0.02420978168917632 -0.061394460560984312 -0.099459449476849496 -0.0048855708688482326 -0.072701839584855446 0.054820520891304125 0.047101870641245165 0.0054958707202114867 0.023002681670090286 0.018271072961093725 -0.06154439024098516 -0.034561299996910592 0.009545647379088822 -0.030678693543195121 0.026677315291901774 0.034571222838768893 0.058663436433233067 -0.095381858230352543 0.10263145280912994 -0.016924130981098628 -0.025237936394798679 -0.035545631924742881 -0.065728514848331365 0.013639940128132973 -0.1016343568495052 0.019008721185407387 0.07442528636116133 0.049464394969057524 -0.042094283737256044 0.05447390380678635 0.038630599509454938 -0.094102365406909971 -0.06423785510862294 0.050449491571324251 -0.0963556748416311 0.0052086456724932942 -0.057085495772311735 -0.073596731858641004 -0.11177988290982198 -0.11518811423423546 0.032665126244545567 -0.07003600695000714 -0.3726691356497871 -0.15216379988600315 0.053452534726552287 -0.085573900892650046 0.010696359599320318 -0.048833475485776948 -0.034671347408932483 0.013647237091184912
leaf_weight=917.98472547856159 3.8233644155297943 17.173060659008058 6.1782084073323338 68.111390347126786 554.43282701896703 3.1407216142815715 10.346524780780781 18.230998471024009 67.947323528138156 16.94890328583449 23.788660431157609 11.837740611619152 48.912400966249265 4.4431060685164985 1.3552273600053002 84.518661016887762 27.913714735689268 2.5224538637849019 25.777177080422916 4.9941350660178596 4.0968538364345468 5.8678839255492203 5.3072110977019795 9.0902478605476045 4.6754653145944776 16.459764727581955 18.351652691518211 1.5417829865764368 5.9699412686841233 2.4797740501073804 3.3445923590970779 8.3181779260202102 15.15410439128908 22.570098422006765 3.7934656648430964 3.7078816236025878 3.9115973496609513 41.625317522141358 8.4938042492321983 6.9398549080066241 4.4016286983066939 11.357665229743757 22.856473577088767 1.5448725123933389 5.852616560063324 3.6696764534281092 7.9040763421653519 97.317510269887862 2.5157767993505322 6.0287661571046538 3.907203503640913 2.1409976404393083 8.6150994601339352 4.5721962079196601 0.19444116391241539 3.7995302456274658 4.8029066091694403 2.960468115619733 7.4058485860536107 13.540886784401819 5.6354864286568045 74.27026076473112
leaf_count=805029 1785 6769 50292 26473 122455 1707 6040 21543 52082 6872 17095 14686 14883 511 453 54003 42314 337 7767 2293 2244 5737 43945 8220 2070 21143 3570 337 1453 5768 1063 8217 19456 10291 1338 790 905 32080 1420 7929 6386 10178 1173 474 226 143 2196 8698 3319 3125 5789 136 932 3933 7 1175 533 818 2864 31445 3077 19271
internal_value=0.000321794 -0.00182565 -0.0169806 -0.0113891 -0.000986831 0.00273243 -0.0114302 -0.00375678 -0.00447884 -0.0173452 -0.0307023 -0.00177936 -0.0049261 -0.030266 -0.00192271 -0.0087397 -0.0316498 -0.0400166 0.0106786 0.0243365 -0.0501534 -0.0166213 0.00166995 0.00172917 0.0267559 -0.00579439 0.00775327 -0.0719561 0.0154289 -0.0154909 0.0444561 0.00833029 -0.0520706 -0.0560902 0.0134077 0.00367523 -0.0455382 0.0119313 0.0351405 0.0132716 0.000591369 0.0275021 0.00660556 0.0302271 0.00314093 -0.00450675 -0.0551428 0.0012691 0.020233 -0.0846203 -0.035168 -0.0156578 0.00066098 -0.0298008 -0.10299 -0.10397 0.0137734 -0.0209845 -0.0105339 -0.0277863 -0.066243 0.00378277
internal_weight=2407.38 1489.39 78.113 71.9348 1411.28 683.401 128.969 114.458 727.876 126.231 72.3514 601.645 480.322 50.8972 429.424 238.657 74.5605 64.8665 121.324 9.69395 54.5807 39.0595 164.096 104.111 53.3765 33.4087 27.5993 14.5108 14.3176 8.34766 8.33873 85.8803 38.9428 50.4838 76.7901 53.0383 7.61948 45.4188 23.7518 15.258 53.8791 15.7593 190.768 24.4013 166.366 114.938 11.7682 103.17 51.4282 12.969 24.7419 15.1992 13.0582 9.24766 8.09852 9.8283 10.2858 5.48292 38.1198 20.9467 9.54269 158.789
internal_count=1539263 734234 78550 28258 655684 217281 94826 88482 438403 122208 64566 316195 246773 38089 208684 177565 60346 56537 69422 3809 54849 23403 117219 82442 17340 28015 9573 6344 12958 11505 3356 60899 36551 52605 52679 35113 1695 33418 17566 16146 57642 16564 31119 1647 29472 11270 2346 8924 18202 6007 10445 1579 1443 6003 2203 4300 1688 1155 41078 34309 8866 73274
is_linear=0
shrinkage=0.1


Tree=106
num_leaves=63
num_cat=0
split_feature=29 30 14 13 47 0 22 0 47 47 28 3 46 28 47 49 28 15 13 24 28 0 35 13 28 3 21 0 31 3 3 30 35 24 23 34 23 16 30 28 39 14 14 15 16 14 32 30 28 9 9 13 4 29 35 31 13 3 28 16 14 1
split_gain=1.77108 1.72363 2.6007 1.50482 1.28367 2.56664 3.36659 1.83645 3.58917 2.46555 2.31698 1.90603 1.82001 1.76804 1.51056 1.13814 1.0847 3.05226 7.97056 3.82188 2.79497 3.6591 2.11698 2.11394 6.17693 7.51928 5.69649 4.37592 3.69426 3.22657 3.1719 6.18434 3.13585 3.02632 2.70901 3.39122 2.69058 2.69874 2.58657 2.49851 2.42953 2.39183 2.21497 2.35461 2.15854 2.681 2.61317 2.49127 2.50291 1.98141 1.97527 2.76312 1.86459 2.14959 1.84982 1.79164 3.31121 2.22569 2.74465 1.77832 2.45852 1.69965
threshold=1.0000000180025095e-35 24.000000000000004 2.8888261318206792 1.4978661537170412 17.500000000000004 3.6941639184951787 7168.0000000000009 7.142747402191163 31.500000000000004 18.500000000000004 24.000000000000004 5.1720471382141122 10.500000000000002 12.000000000000002 32.500000000000007 8.5000000000000018 24.000000000000004 5.5169365406036386 1.7005987167358401 47227863040.000008 96.000000000000014 4.4845800399780282 1.5000000000000002 2.6735538244247441 1.0000000180025095e-35 5.5169365406036386 112.00000000000001 6.0888803005218515 88.000000000000014 5.5169365406036386 4.7789824008941659 80.000000000000014 1.5000000000000002 137422176256.00002 1900.0000000000002 3.5000000000000004 1900.0000000000002 0.89587974548339855 112.00000000000001 12.000000000000002 3.0000000000000004 5.1720471382141122 4.1426305770874032 4.7789824008941659 2.1910133361816411 5.6077513694763192 96.000000000000014 56.000000000000007 12.000000000000002 1.3540251255035403 0.89587974548339855 3.0201274156570439 1.2424533367156985 192.00000000000003 4.5000000000000009 72.000000000000014 2.2499048709869389 5.0290689468383798 96.000000000000014 1.2424533367156985 4.8278014659881601 3.4319016933441167
decision_type=2 2 2 2 2 2 2 2 2 2 2 2 2 2 2 2 2 2 2 2 2 2 2 2 2 2 2 2 2 2 2 2 2 2 2 2 2 2 2 2 2 2 2 2 2 2 2 2 2 2 2 2 2 2 2 2 2 2 2 2 2 2
left_child=4 2 3 -2 -1 15 -7 10 9 11 -8 -9 -12 -10 -15 -6 23 55 -19 -20 22 -22 -21 28 30 33 44 39 29 36 34 40 59 -26 -25 -36 -3 -38 -30 -28 -32 52 -34 -44 45 47 -46 -27 -49 -35 51 -23 -41 -54 -42 61 -57 -58 -59 60 -33 -18
right_child=1 16 -4 -5 5 6 7 8 13 -11 12 -13 -14 14 -16 -17 17 18 19 20 21 50 -24 24 25 26 27 -29 38 -31 31 32 42 49 35 -37 37 -39 -40 41 54 -43 43 -45 46 -47 -48 48 -50 -51 -52 -53 53 -55 -56 56 57 58 -60 -61 -62 -63
leaf_value=0.0054409480770641633 0.046550983959809243 -0.076261645052852059 -0.081146255662685393 -0.014829414309598776 0.028782665444849559 -0.048849091487826554 0.011629241918501938 -0.08422894475111084 0.049728680249588292 -0.061252486249886877 -0.057958869250303607 0.37390359434888404 0.021758162575226718 -0.15992508314420331 0.034338088318341446 -0.027704415978509919 0.064459308334171475 -0.096043397526895877 -0.061538252056173859 -0.013414904832397193 0.073464977173090848 -0.11993168261955481 0.025149250678713781 0.064258706341337374 -0.024428271957079507 0.040032729018399271 -0.094031335123166027 0.048619494600636498 -0.0035535089817287481 0.020832702648309494 -0.069326136064814553 0.046200443624238224 -0.055334706534241489 -0.068762326616655184 0.016274358509384062 -0.042712668442909121 -0.043157091587915052 0.0063692737169088647 -0.050472858231975531 -0.10843450959509876 -0.023760550688261502 0.0096771798396717377 0.062142738335870779 0.015254975597398355 0.03950043272821243 0.016640765243072057 -0.016722606111104123 -0.070669091235467704 0.0067251094755149954 0.011689810589915786 -0.09447190490806251 -0.0093180249002881143 0.022562992774667851 -0.11352549258726151 0.072558948390939348 -0.036596789481016315 0.0063697376519158636 0.057787687501640296 -0.00269527085448985 -0.0886389593929581 -0.058525390313698578 0.002012114747667125
leaf_weight=765.42810009543359 4.247210622383931 4.8759638208016147 5.7391219715233168 67.035853669125814 26.620632330294402 19.807562598330222 64.186917224053374 0.14856609182607527 6.4872767767228634 15.723770359807729 9.4679166692092149 0.23361049302911852 4.10603767106545 0.84129938808473503 0.76356123221921735 4.1188320951621327 4.398313864847295 10.502821814721754 10.617621373613472 20.778286446478603 3.3489008614869844 2.5987974731306229 45.200318805938878 10.152824152610263 41.142483620175284 4.0971994351815253 10.487595338222919 4.7284346678624152 31.627381756688862 112.04602414123292 12.283244258830107 4.457872399085316 3.2430846223542167 39.179206241404287 94.066346469290693 10.872917717020753 12.663098312733892 83.897139980019574 18.694527803117154 4.9317006279881088 52.609629302417488 7.6605318305355459 15.603433001793745 34.153111537300447 31.087980804363951 24.489683230087564 11.261455980769822 13.039069380845904 6.1491766864726563 3.3207169566476287 4.9417201918131459 17.236104859561976 3.4884042549329024 1.7394310464242151 2.0724393611908445 9.5290901974938134 31.371975444872987 28.978086161533156 10.123963020569361 3.7281340356566934 4.5089906665298258 480.98081597578266
leaf_count=611998 1978 1521 50292 26280 9872 136317 23140 237 559 9547 8410 413 2585 225 227 1499 477 5590 4527 13333 1410 1429 21920 892 23819 7134 35993 12671 9542 21913 4930 680 644 154783 8737 2104 7504 20548 18680 4720 20375 2477 1566 8414 16185 18001 1202 19382 4656 2110 1565 13243 1206 670 705 6892 25722 12559 6231 1035 3604 102383
internal_value=0.000322686 -0.00182232 -0.0163862 -0.0111722 0.00377173 -0.00460606 -0.0111242 -0.00379537 -0.0278538 -0.0551527 0.00369126 0.195811 -0.033845 0.0264798 -0.0674985 0.0212139 -0.00102048 0.00184023 -0.0129939 -0.00466461 0.00175236 -0.0246435 0.0130044 -0.00373086 -0.00786346 -0.0206226 -0.00490864 -0.0404304 0.00338994 0.00913535 0.00278687 -0.00775225 0.0140468 -0.043761 0.0149347 0.0101626 -0.00378551 -0.000125711 -0.020984 -0.0553051 -0.0291376 -0.0325136 0.0247396 0.0299588 0.00811223 -0.00645851 0.0245497 -0.0307524 -0.0458669 -0.0624762 -0.0379042 -0.0238108 -0.0643265 -0.022717 -0.0201101 0.00486341 0.0187291 0.02621 0.042128 -0.0305942 -0.00646098 0.00257799
internal_weight=2393.92 1475.99 77.0222 71.2831 917.934 152.506 121.767 101.959 24.1981 16.1059 77.7609 0.382177 13.574 8.09214 1.60486 30.7395 1398.97 680.607 115.225 104.722 94.1041 28.1255 65.9786 718.359 454.555 206.803 123.161 33.0361 263.804 213.482 247.752 132.66 65.6946 83.6424 115.092 104.939 101.436 96.5602 50.3219 28.3077 66.9653 17.8201 52.9996 49.7565 90.1246 47.7751 42.3494 23.2854 19.1882 42.4999 24.7766 19.8349 10.1595 5.22784 54.6821 565.382 80.0031 70.474 39.102 12.695 8.96686 485.379
internal_count=1539263 734234 78550 28258 805029 193031 181660 45343 11208 10197 34135 650 10995 1011 452 11371 655684 217281 63017 57427 52900 17647 35253 438403 358695 305009 124297 57737 79708 51486 53686 41953 15943 180712 11733 10841 29573 28052 28222 45066 26010 9073 10624 9980 66560 49173 17387 31172 24038 156893 16237 14672 6596 1876 21080 154264 51404 44512 18790 5319 4284 102860
is_linear=0
shrinkage=0.1


Tree=107
num_leaves=63
num_cat=0
split_feature=29 31 0 18 24 28 45 22 0 28 0 23 28 15 0 47 47 47 0 47 47 47 0 28 50 45 18 0 50 3 47 3 49 50 6 28 28 13 23 28 0 3 47 22 28 47 15 47 28 0 49 0 50 47 0 49 47 15 47 19 0 47
split_gain=1.52028 1.64692 2.28934 1.58767 1.08598 0.998232 1.43092 1.80203 2.95802 3.89207 1.9596 1.3477 2.68093 2.10425 1.72487 1.25423 2.90734 2.23958 2.68034 2.12915 2.75299 2.09224 1.88794 1.64966 1.21299 2.29628 1.19058 1.15365 2.37579 1.76394 1.75212 1.06197 3.86378 0.961842 0.947773 0.934815 1.46846 1.03174 0.928173 0.927296 3.54272 3.45461 2.35199 1.97308 1.43058 1.42343 2.7488 1.61805 1.60003 1.85481 2.40562 1.39892 1.12996 1.11311 1.10309 1.20203 1.53369 1.07432 1.04759 1.79565 1.00911 0.946226
threshold=1.0000000180025095e-35 24.000000000000004 3.026044607162476 7.4813475608825692 240501391360.00003 12.000000000000002 1.0000000180025095e-35 7168.0000000000009 4.8278014659881601 24.000000000000004 7.6289963722229013 2352.0000000000005 -1.0000000180025095e-35 6.7808928489685067 7.0003080368042001 8.5000000000000018 9.5000000000000018 6.5000000000000009 4.8278014659881601 4.5000000000000009 3.5000000000000004 7.5000000000000009 4.9182729721069345 48.000000000000007 17.500000000000004 3.5000000000000004 14.746965408325197 6.208071470260621 1.0000000180025095e-35 5.397998809814454 20.500000000000004 6.9478189945220956 1.5000000000000002 3.5000000000000004 1.4978661537170412 1.0000000180025095e-35 48.000000000000007 4.6712541580200204 2727.5000000000005 1.5000000000000002 4.7789824008941659 5.9098556041717538 11.500000000000002 7168.0000000000009 -1.0000000180025095e-35 21.500000000000004 4.6510493755340585 19.500000000000004 3.0000000000000004 7.4871635437011728 14.500000000000002 6.7438817024230966 1.0000000180025095e-35 29.500000000000004 6.9127349853515634 14.500000000000002 10.500000000000002 5.1720471382141122 23.500000000000004 46.000000000000007 6.1245300769805917 6.5000000000000009
decision_type=2 2 2 2 2 2 2 2 2 2 2 2 2 2 2 2 2 2 2 2 2 2 2 2 2 2 2 2 2 2 2 2 2 2 2 2 2 2 2 2 2 2 2 2 2 2 2 2 2 2 2 2 2 2 2 2 2 2 2 2 2 2
left_child=5 2 3 -2 -5 11 7 15 33 27 -11 12 24 14 -14 17 -17 19 23 20 -7 -20 -22 -19 34 -26 -18 29 -29 30 -10 39 -33 -9 -1 37 -37 -6 -24 44 41 53 43 61 54 46 47 -44 -47 -50 -51 -46 57 -41 -13 56 -56 -48 -53 -60 -59 -42
right_child=1 -3 -4 4 35 6 -8 8 9 10 -12 31 13 -15 -16 16 26 18 21 -21 22 -23 38 -25 25 -27 -28 28 -30 -31 -32 32 -34 -35 -36 36 -38 -39 -40 40 42 -43 45 -45 51 48 52 -49 49 50 -52 58 -54 -55 55 -57 -58 60 59 -61 -62 -63
leaf_value=-0.00041024929022241371 0.067922855197616927 -0.00088632145252357214 -0.077489913744723971 -0.0052264350226988443 -0.053136666656433906 -0.0086876114979607295 0.0070081296717118468 -0.0083304791490012645 -0.0089921241396625443 -0.065211061891311359 0.12290217026114406 0.010877071794745709 -0.075772871185066162 0.057272294924890312 0.0050342210033769647 -0.10456595065828421 -0.0020070249753934241 -0.067972658644802245 0.056442103507107669 -0.038338423257779322 0.095752456179384493 0.0091722127985250455 0.034760730223695711 0.0058598687851233967 0.051998598906885234 -0.055679586335184675 -0.086481175094288806 0.0094867154392530954 -0.069736408149634568 -0.021858378952773604 0.095873191675043462 0.089591575342734986 -0.093015450343658795 0.039828509989808934 0.10129990127201893 -0.081991503100475552 -0.019407214645630024 0.028644929442265345 -0.078144881054484472 -0.064307492548194123 -0.028736377560556987 0.069537718810705362 0.046428099461448963 0.065902601637161703 -0.09112002051398678 0.12712441771039262 -0.088476382398813946 0.34178366716034303 0.024490012652221279 -0.11146428442530404 0.071727194381745935 -0.042108275808293918 -0.080613558559623294 -0.17264478527737043 -0.0016684693348103302 0.060169312364186003 -0.054694211273039084 -0.031693101483927615 0.2728530546103291 -0.013121730000580423 0.27852778911953441 0.03466386197208686
leaf_weight=146.54460272262199 2.4543378266243954 1385.534745264031 5.6054304387653664 46.219718781387442 2.417787519923877 32.492779121319472 147.85507014718496 7.7278907822728824 2.7150320619130088 23.187082829902696 0.56731823594066 259.56620932777548 10.035221278859646 1.9219272426752372 3.585278847227019 3.3393318743128466 30.773768232721181 4.2483533171798618 20.518930637568701 16.367179782272615 4.877605852294435 17.22324710918474 2.2317471390324499 10.519514002793583 10.657535263128009 2.4325082186005593 1.7640891956411895 8.919674112186156 6.5760810189408394 6.1848365091350388 3.8564507404225878 1.7018857805405918 3.6305438422646006 8.9502742982349428 0.92193289854912919 6.4762015073544594 8.9034573688832079 4.2617726226781114 1.080688671267126 3.5240606959279992 3.6611064956030166 1.7803226161960308 1.3625975332477995 20.168363907447201 2.8614142430651546 1.3271619042939331 0.31884605660220433 0.21470910560083201 23.802181340892762 2.3213774206276976 1.0370761179365215 1.3676520291678147 4.8342455401448277 1.2975842163432387 24.436412714724614 2.3822669305754962 7.0220622124631964 0.17600948245410564 0.35372516197639914 0.57891208521549231 0.25938316779401305 6.5936637568606358
leaf_count=30895 978 655684 50766 15408 432 6675 221530 2957 1146 19523 521 34092 119729 14950 35961 1861 77664 397 1530 3719 650 1507 896 389 1152 463 1190 1747 2236 1061 462 1706 3475 2514 44 7937 2412 617 364 20071 11712 4557 10701 11450 36211 3522 3121 535 6279 695 66 16052 59628 337 2610 612 10267 2133 328 1422 3226 6488
internal_value=0.00032644 -0.00167418 -0.0159736 -0.0110986 -0.0139391 0.00352398 -0.000558115 -0.00578274 -0.0191321 -0.0308842 -0.0607184 0.00619754 -0.00102367 -0.0406806 -0.0545023 0.000521644 -0.0157065 0.00583581 0.0207385 -0.00788093 0.00437248 0.034871 0.0561865 -0.0153799 0.00281526 0.0319889 -0.00658692 -0.0057995 -0.024134 0.0164723 0.0525477 0.00957438 -0.034735 0.0175139 0.000225623 -0.0321942 -0.0457608 -0.000957397 -0.00207495 0.0102108 0.0203405 -0.0495072 0.0273193 0.0477434 0.00774502 0.00989141 -0.0299481 0.086633 0.0199126 0.0146739 -0.0548955 -0.0444433 -0.0628523 -0.0934628 0.00866313 -0.00831832 -0.0135047 0.0509876 0.0136197 0.0953411 0.15312 0.012029
internal_weight=2376.53 1461.87 76.3387 70.7333 68.2789 914.656 361.977 214.122 68.6846 52.0065 23.7544 552.679 176.099 15.5424 13.6205 145.437 35.8772 109.56 52.51 57.05 40.6828 37.7422 8.19004 14.7679 160.557 13.09 32.5379 28.2521 15.4958 12.7563 6.57148 376.58 5.33243 16.6782 147.467 22.0592 15.3797 6.67956 3.31244 371.247 72.6787 6.60197 66.0767 30.4231 298.569 35.6536 7.16579 1.57731 28.4878 27.1606 3.35845 5.1617 5.58848 4.82164 293.407 33.8407 31.4585 0.754239 2.30029 0.932637 0.435393 10.2548
internal_count=1539263 734234 78550 27784 26806 805029 350539 129009 32167 26696 20044 454490 203194 170640 155690 96842 80715 16127 3823 12304 8585 3037 1910 786 32554 1615 78854 6652 3983 2669 1608 251296 5181 5471 30939 11398 10349 1049 1260 246115 144521 24965 119556 29650 101594 89906 79344 11236 10562 7040 761 54013 68108 20408 47581 13489 12877 8480 17802 1750 5359 18200
is_linear=0
shrinkage=0.1


Tree=108
num_leaves=63
num_cat=0
split_feature=33 36 28 8 18 28 9 19 23 18 9 24 3 38 0 32 29 18 28 37 3 23 29 39 8 23 34 28 3 18 32 18 16 18 8 19 39 32 26 28 28 18 14 29 12 31 1 8 14 0 0 22 31 35 14 3 23 14 35 0 18 3
split_gain=1.51777 1.35192 1.34917 1.5136 1.38085 3.1403 3.03843 2.58934 1.46941 1.08937 1.76863 1.73499 1.43863 1.12273 1.38605 1.05723 1.01564 1.00947 0.985384 2.32521 2.70596 2.01706 2.06229 1.86719 2.5091 1.81126 1.66549 1.63322 6.59682 2.69089 2.68332 4.86559 4.88458 2.40416 2.03573 1.98762 1.87051 1.82535 1.67306 1.60773 2.39389 1.6233 1.80911 2.76006 2.06318 1.58203 1.50763 1.49381 1.47139 1.42198 1.31371 1.23938 1.22971 1.7445 1.65517 1.59527 1.36926 1.93332 1.59824 1.21624 1.20929 1.16717
threshold=1.0000000180025095e-35 1.5000000000000002 96.000000000000014 1.3540251255035403 9.475347042083742 1.0000000180025095e-35 0.89587974548339855 100.00000000000001 2352.0000000000005 13.268710613250734 0.89587974548339855 17137926144.000002 4.4845800399780282 3.5000000000000004 7.4459578990936288 56.000000000000007 192.00000000000003 11.593315601348879 12.000000000000002 3.0000000000000004 3.6941639184951787 2352.0000000000005 192.00000000000003 3.0000000000000004 0.89587974548339855 2202.0000000000005 1.5000000000000002 -1.0000000180025095e-35 5.5169365406036386 7.6698923110961923 56.000000000000007 8.8349494934082049 2.1910133361816411 7.1350178718566903 0.89587974548339855 180.00000000000003 3.0000000000000004 96.000000000000014 1.5000000000000002 1.5000000000000002 6.0000000000000009 9.475347042083742 5.1720471382141122 192.00000000000003 2.4414010047912602 120.00000000000001 3.2059091329574589 0.89587974548339855 5.4335694313049325 6.0888803005218515 7.3478908538818368 7168.0000000000009 104.00000000000001 3.5000000000000004 4.2844183444976816 2.3124864101409917 1900.0000000000002 1.9944920539855959 2.5000000000000004 6.9245815277099618 10.389364242553713 5.7189338207244882
decision_type=2 2 2 2 2 2 2 2 2 2 2 2 2 2 2 2 2 2 2 2 2 2 2 2 2 2 2 2 2 2 2 2 2 2 2 2 2 2 2 2 2 2 2 2 2 2 2 2 2 2 2 2 2 2 2 2 2 2 2 2 2 2
left_child=-1 2 4 -4 8 9 15 -8 -2 10 12 -12 17 -14 -15 -7 -9 -6 19 20 23 22 25 -3 26 -22 60 33 29 34 31 36 59 38 -29 39 61 50 -21 45 41 -41 44 -44 -43 -32 -20 51 52 -47 -31 -34 53 56 55 -55 57 -35 -58 -33 -25 -30
right_child=1 18 3 -5 5 6 7 16 -10 -11 11 -13 13 14 -16 -17 -18 -19 46 27 21 -23 -24 24 -26 -27 -28 28 30 37 35 32 47 48 -36 -37 -38 -39 -40 40 -42 42 43 -45 -46 49 -48 -49 -50 -51 -52 -53 -54 54 -56 -57 58 -59 -60 -61 -62 -63
leaf_value=0.0035323278685486293 -0.01947774511465877 -0.04072233487649813 0.0090999629801405343 -0.061866250586095455 -0.0079593970994166919 -0.060733025589033367 0.045077741815192071 -0.048252819266359465 0.013203780923404488 0.035496699161399053 -0.12462248933134208 -0.020577706762718941 -0.077838155596253622 0.038626870706688285 -0.28501110780101097 -0.031869475338921767 -0.0071671617393913867 0.032219082597159963 -0.07189584565509631 -0.021563744657280129 -0.035626568389043475 -0.040587416247909881 0.024985023116373035 -0.06755920817637022 -0.052344990985253054 0.15985235285880861 -0.041844113812381539 -0.014433165551889837 0.097254811445363645 -0.061015789867502224 0.018674320840964025 -0.093152935713264717 -0.054429817958150439 0.090687949715442709 0.13577163203311246 -0.049674394387067299 -0.002416231019735109 -0.0098446432103093326 -0.12080641589069011 0.091344174171730352 0.0057629337084642305 -0.010462450017200739 0.010627043387883926 0.11624538915847815 0.13041209209440127 -0.060466645909108246 0.002413458210011407 0.061843304239936038 -0.0080710986078173889 0.040596840429699389 0.045060826647110003 0.028714575511235033 -0.011202229542012714 0.10364325027664763 0.090286866103837668 -0.027760092247168074 0.011678357989449962 -0.0061143668841553978 -0.041069963650231252 0.037038607914011944 0.06584329263444462 0.02161033307346347
leaf_weight=901.00842861852789 22.259158737746475 5.1762548386789886 54.408587200192471 3.1811496620721291 9.8417660565637579 23.236009294822239 7.577298025217714 9.1116336895880767 36.019759158214811 7.9256655053522982 1.8455718071818399 12.179699681372766 3.1193141713630999 1.9576056758014604 0.14192382600594999 27.961261273529303 17.713381056697699 17.150187144852339 2.7409556037700886 8.3258473116438818 15.6479453660818 44.11728994463121 12.038982093351821 0.72045292703319574 3.223133760449854 0.48881005711882686 1.91256031162061 2.4477382436735549 3.8443181280472345 32.797162434204964 13.25372862990662 12.625593485992482 4.2954067856871898 4.9930334778037473 1.4291099499787376 4.2853632216210107 14.840555277734893 10.677416484444732 2.134107236073759 7.1039627019490608 21.783680686243315 8.9322179210648756 4.7156524545134726 5.2054442074440885 1.1765530371221764 6.1782569702663741 701.64411415334905 3.2281019338925034 49.021447361181799 1.7971828696699956 1.2106052544171024 3.0771806695829582 20.93584694020592 1.2889770395122448 5.7147434452981543 3.2619337797514163 128.95120883190157 3.5159840773558244 6.0119267564659813 0.76078924237583656 11.960025224053251 4.3454041000659345
leaf_count=805029 9321 5786 15549 382 1337 52285 1638 10561 10665 839 194 1979 5833 987 94 27216 7976 2427 2996 630 22593 50191 15196 304 749 222 2141 1760 1202 90827 2054 32344 9387 284 718 13370 2849 3239 245 549 2121 2044 852 709 81 1433 255821 2321 17747 188 10150 1081 5446 50 880 273 13434 452 1000 5501 2888 843
internal_value=0.000305049 -0.00168733 -0.00829209 0.00517992 -0.0122097 -0.0176018 -0.0295253 -0.00654169 0.000721338 0.00124254 -0.00462921 -0.0342689 0.00827652 -0.0397857 0.0167496 -0.0449693 -0.0211227 0.0175693 -0.000284832 -0.00368247 -0.0177349 -0.0272386 -0.00633704 0.0121466 0.027507 -0.0297052 0.0451438 -0.000369499 -0.00782977 -0.0389812 0.00462624 -0.0140758 -0.0455968 0.00504713 0.0409363 0.01644 0.0187547 -0.0459148 -0.0418119 0.020479 0.0304523 0.0502735 0.035707 0.0660433 0.00593384 -0.00250194 0.0021243 0.00511271 0.00723825 -0.037693 -0.0572397 -0.0197269 0.0115348 0.0146311 0.0544542 0.00945793 0.0117817 0.0506886 0.00932869 -0.0857538 0.0582639 0.0571184
internal_weight=2360.48 1459.47 255.63 57.5897 198.04 139.761 85.5996 34.4023 58.2789 54.1617 46.2361 14.0253 32.2108 5.21884 2.09953 51.1973 26.825 26.992 1203.84 499.452 95.2855 72.293 28.1757 22.9924 17.8162 16.1368 14.593 404.166 170.011 48.562 121.449 47.0173 23.9871 234.155 3.87685 74.432 23.0303 44.6852 10.46 70.1467 48.9175 27.1338 20.0299 9.9211 10.1088 21.2292 704.385 10.6007 223.695 7.97544 34.0078 7.37259 174.674 153.738 10.2657 4.55091 143.472 8.50902 134.963 13.3864 12.6805 8.18972
internal_count=1539263 734234 149283 15931 133352 113366 99676 20175 19986 13690 12851 2173 10678 6914 1081 79501 18537 3764 584951 326134 100070 88202 38011 11868 6082 22815 5333 226064 185623 106694 78929 55528 50634 40441 2478 23401 4894 104216 875 10031 6356 4235 3686 1561 2125 3675 258817 12789 39566 1621 100977 10468 21819 16373 1203 323 15170 736 14434 37845 3192 2045
is_linear=0
shrinkage=0.1


Tree=109
num_leaves=63
num_cat=0
split_feature=43 29 15 18 31 18 35 30 35 15 16 0 38 0 22 42 38 18 19 0 15 3 14 16 15 1 14 38 4 22 29 45 15 51 14 18 14 31 0 8 4 19 30 16 18 16 0 22 31 27 46 3 19 46 34 3 33 42 0 15 37 2
split_gain=1.44522 1.59452 1.56941 1.27862 1.25516 1.49956 1.2243 0.888608 2.18951 1.59721 1.34209 1.31072 2.45004 1.85302 1.38119 1.77706 1.57693 1.30877 1.52576 1.30614 1.42816 0.962574 0.964405 0.9497 1.02458 0.937455 0.916815 1.12834 0.876002 0.86612 1.37353 0.861626 1.47186 1.20453 0.902189 0.803002 0.722555 0.698132 0.693168 0.756876 0.690108 0.6888 0.679471 0.678448 0.676071 0.799618 0.671131 0.665182 0.677179 0.729999 0.661068 1.30687 0.837305 0.65101 0.921046 0.791628 0.810185 0.911318 0.951611 1.00052 1.34001 0.824154
threshold=1.0000000180025095e-35 112.00000000000001 3.9495767354965214 8.1845164299011248 72.000000000000014 9.2058725357055682 4.5000000000000009 112.00000000000001 1.5000000000000002 5.9098556041717538 1.844439744949341 3.9495767354965214 1.5000000000000002 4.8278014659881601 5120.0000000000009 3.0000000000000004 3.5000000000000004 8.0407161712646502 180.00000000000003 6.2556321620941171 4.7447810173034677 3.9495767354965214 3.6050398349761967 1.4978661537170412 4.7789824008941659 3.4319016933441167 5.9931647777557382 7.5000000000000009 0.89587974548339855 7168.0000000000009 192.00000000000003 1.5000000000000002 3.8026961088180546 1.5000000000000002 6.2556321620941171 9.475347042083742 5.6077513694763192 104.00000000000001 5.5169365406036386 0.89587974548339855 1.9356005191802981 46.000000000000007 56.000000000000007 2.7803407907485966 11.974382400512697 1.844439744949341 5.0290689468383798 7168.0000000000009 168.00000000000003 3.5000000000000004 -1.0000000180025095e-35 6.2556321620941171 280.00000000000006 13.500000000000002 3.5000000000000004 3.1549592018127446 6.0000000000000009 1.5000000000000002 3.3576917648315434 4.6510493755340585 3.0000000000000004 4.9706082344055185
decision_type=2 2 2 2 2 2 2 2 2 2 2 2 2 2 2 2 2 2 2 2 2 2 2 2 2 2 2 2 2 2 2 2 2 2 2 2 2 2 2 2 2 2 2 2 2 2 2 2 2 2 2 2 2 2 2 2 2 2 2 2 2 2
left_child=6 2 3 -2 41 -6 31 8 11 23 36 28 13 21 15 19 -16 -15 -19 20 25 -13 -23 -9 -25 -14 29 -28 -3 30 -18 50 34 46 -33 -12 -10 -8 -11 -40 -30 42 -4 -27 -24 -46 -34 -7 49 -49 51 52 -1 -52 55 -55 -57 -58 -59 61 -61 -60
right_child=1 7 4 -5 5 47 37 9 10 38 35 12 14 17 16 -17 26 18 -20 -21 -22 22 44 24 -26 43 27 -29 40 -31 -32 32 33 -35 -36 -37 -38 -39 39 -41 -42 -43 -44 -45 45 -47 -48 48 -50 -51 53 -53 -54 54 -56 56 57 58 59 60 -62 -63
leaf_value=0.0075432829815069817 0.045099731150585007 -0.044579343025217183 -0.040303199877609219 -0.0068790530623026661 -0.068865425623035034 -0.039292328965938206 0.091207525844167109 -0.054402249001675278 -0.026830980618220802 -0.074530850924868372 -0.0018375594489240046 -0.064795632227238456 -0.11842161717836844 0.064567109955393526 0.037073716541078272 -0.04555239826702253 0.053515295317084072 -0.031575644687032882 -0.086442067038894579 -0.094277082503951531 0.022554286606060812 -0.20843925498488725 0.090917791664611225 -0.027783732886908677 0.012389668673809104 -0.0095217728041308222 0.0094673755686817962 -0.060658603039715389 0.0044786667391060282 0.00013424124958534645 -0.049106089242295724 -0.022382640418078775 0.0047179795069750841 0.0053196085216522969 -0.13896747254080571 0.068488486256308156 0.029518234921470571 -0.099581565934630051 0.062981456144238182 0.00030981316823400554 0.038846157869191461 -0.035721500166215753 0.095839092497468928 -0.11659691521349398 0.053545347096505096 -0.024743902497727583 0.03670672214245406 0.063379147463218086 -0.12894059113335257 0.0077403378268680063 -0.0003255534004374032 0.042798947832440273 -0.0039902002446364484 -0.026068607917743698 -0.038443284957391521 -0.068063276457246233 0.071874880821139922 -0.080529155268341798 0.040821933455962849 -0.040935259772857495 0.01600884700609034 -0.040735915421922453
leaf_weight=216.72780982025006 4.9265507950476595 3.5581154760781422 0.6742668092738231 120.14110581013961 2.9873556373349883 2.5535094040812973 2.1351111067162942 7.603343834065682 4.0806585007519516 0.64046610646628988 1.9705203763733159 1.5036349729286671 0.86679668584838765 0.99288777268521045 13.269245743143982 13.94057877854989 6.8274405847769213 13.050526634434847 8.2867228673531468 1.5476082695799949 15.83561867581477 0.17453325367750938 1.4185472085409854 19.463327273935707 9.4215274419676671 21.777154092770179 4.122087793687113 5.1750377447011999 205.91738229596535 75.546362699612644 1.6122470917180178 5.4322540690595806 8.7842616031716698 61.885761726205686 0.75615792632368073 9.2227509000222181 5.1443789380799672 0.21072052542467634 4.1271990074932035 3.6147343145266859 6.0134339358046409 43.001259208685447 0.80339125519822119 0.60828010513068775 2.5235345894584498 2.7008954297471064 25.886019753267448 2.9653187790872808 0.31557984186656618 11.516237291805737 1205.2917265381566 9.0278931119246391 88.709489478424075 4.623849857192325 3.6269759753971575 1.092371337811527 3.0596608649066175 1.0086913865467284 17.801806307591054 5.095743761843738 21.860860117088464 1.3317034746792717
leaf_count=5335 2579 3383 816 47724 421 3883 2123 14061 1198 1631 168 785 39 414 1835 22152 285 3015 18203 2843 4326 170 373 13983 2350 3381 810 3783 24247 11259 108 6593 5750 35212 407 943 1418 713 1448 625 626 82343 296 60 963 1199 17565 724 63 2161 1058209 344 2051 5266 17212 1064 174 2349 12254 40181 40604 2763
internal_value=0.000320404 -0.00363664 -0.0113763 -0.00483155 -0.0240048 -0.00342565 0.00187668 -0.000526657 0.00087792 -0.0139145 0.0328331 -0.000724144 -0.00673761 -0.0326524 -0.00180787 -0.0147445 0.00481827 -0.0476617 -0.0528841 -0.00417544 -0.000608043 0.00762581 0.0235987 -0.0229574 -0.0146802 -0.0163824 0.000230026 -0.0295667 0.00462769 0.00352848 0.0339114 0.001776 0.0106495 0.0136795 -0.0366281 0.0561079 0.00459238 0.0740694 0.0254488 0.0337199 0.00545383 -0.0334147 0.0337163 -0.0124313 0.0296951 0.0130718 0.0286019 0.00784147 0.0159752 0.0191332 0.0011987 0.00530187 0.00419356 0.00017853 0.0103895 0.0135593 0.0171346 0.01899 0.0155545 0.0176573 0.00524441 0.0351455
internal_weight=2346.79 662.442 189.885 125.068 64.8169 20.338 1684.35 472.558 427.687 44.8706 20.4183 407.269 191.78 30.6513 161.128 54.576 106.552 22.3301 21.3372 40.6355 39.0878 8.32115 6.81751 36.4882 28.8849 23.2522 93.2832 9.29713 215.489 83.9861 8.43969 1682 102.744 96.556 6.18841 11.1933 9.22504 2.34583 8.3824 7.74193 211.931 44.4789 1.47766 22.3854 6.64298 5.22443 34.6703 17.3506 14.7971 14.4816 1579.26 314.465 305.437 1264.79 59.5017 55.8747 51.2508 50.1585 47.0988 46.0901 26.9566 19.1335
internal_count=1539263 283094 141010 50303 90707 7252 1256169 142084 107986 34098 3727 104259 76003 25122 50881 32801 18080 21632 21218 10649 7806 3490 2705 30394 16333 3480 16245 4593 28256 11652 393 1253333 65527 58527 7000 1111 2616 2836 3704 2073 24873 83455 1112 3441 2535 2162 23315 6831 2948 2885 1187806 7730 7386 1180076 121867 104655 99389 98325 98151 95802 80785 15017
is_linear=0
shrinkage=0.1


Tree=110
num_leaves=63
num_cat=0
split_feature=46 46 24 0 5 5 46 0 45 18 49 3 21 37 50 3 39 3 30 0 45 35 16 15 47 47 50 14 47 0 42 1 14 28 1 32 19 16 1 28 28 2 1 8 28 1 33 39 1 24 5 23 32 36 33 0 28 34 28 37 14 3
split_gain=1.68569 1.03401 2.86938 1.37823 1.29013 0.834112 0.784333 1.52252 1.2498 0.963938 1.31531 1.35926 0.779978 0.749357 1.16684 1.68827 1.53466 0.935719 0.836557 0.915874 0.694235 1.02208 0.841976 1.52778 3.80075 1.87229 2.15256 1.45591 1.32204 1.27225 1.03086 2.34255 4.95865 3.47046 2.25145 2.05494 4.00156 1.87924 2.54624 1.67564 1.65125 1.60275 1.42575 1.36651 2.96116 5.67803 2.61827 3.01754 2.05563 1.43664 1.4146 1.69215 2.88051 1.32086 1.26285 1.17814 1.1656 3.27322 1.64332 1.79714 1.54563 1.54384
threshold=7.5000000000000009 -1.0000000180025095e-35 240501391360.00003 1.4978661537170412 2.9388679265975957 1.9356005191802981 10.500000000000002 3.3576917648315434 1.0000000180025095e-35 13.95478391647339 1.5000000000000002 3.6941639184951787 112.00000000000001 3.0000000000000004 1.5000000000000002 4.6510493755340585 3.0000000000000004 4.1426305770874032 112.00000000000001 5.6077513694763192 1.5000000000000002 10.000000000000002 1.2424533367156985 3.6050398349761967 2.5000000000000004 4.5000000000000009 11.500000000000002 4.9182729721069345 26.500000000000004 4.4845800399780282 3.0000000000000004 2.6155543327331547 4.9182729721069345 1.0000000180025095e-35 2.2975599765777592 6.0000000000000009 180.00000000000003 1.844439744949341 4.1426305770874032 1.5000000000000002 1.5000000000000002 4.6271307468414316 4.5951199531555185 0.89587974548339855 96.000000000000014 4.8278014659881601 6.0000000000000009 1.5000000000000002 3.2059091329574589 240501391360.00003 1.2424533367156985 1900.0000000000002 6.0000000000000009 3.5000000000000004 6.0000000000000009 5.6077513694763192 48.000000000000007 2.5000000000000004 1.0000000180025095e-35 3.0000000000000004 5.1720471382141122 5.1720471382141122
decision_type=2 2 2 2 2 2 2 2 2 2 2 2 2 2 2 2 2 2 2 2 2 2 2 2 2 2 2 2 2 2 2 2 2 2 2 2 2 2 2 2 2 2 2 2 2 2 2 2 2 2 2 2 2 2 2 2 2 2 2 2 2 2
left_child=1 2 4 -4 5 -1 7 -2 -9 10 11 12 -10 14 15 16 -8 18 19 -15 22 -22 23 24 27 29 -27 -3 -28 -26 31 39 35 -34 40 36 -33 42 53 -24 -32 -40 -37 46 50 -46 -36 49 -49 -48 51 52 -45 55 -53 -39 58 61 59 60 -52 -58
right_child=6 20 3 -5 -6 -7 13 8 9 -11 -12 -13 -14 17 -16 -17 -18 -19 -20 -21 21 -23 30 -25 25 26 28 -29 -30 -31 34 32 33 -35 43 37 -38 38 41 -41 -42 -43 -44 44 45 -47 47 48 -50 -51 56 54 -54 -55 -56 -57 57 -59 -60 -61 -62 -63
leaf_value=-0.00020443378090903846 0.064145391442673616 -0.088150769976734475 0.01559721247715054 0.051043907007065105 0.069920722130019583 -0.046929339649996876 -0.02600970861321843 -0.026157257396174458 -0.06809668963405846 0.083540703735613342 0.023234726686315425 -0.10103374018309773 0.039311508066875001 -0.013185329764535965 0.0048499905868524843 -0.055178780778026008 0.038326484330641994 0.023260440973081054 -0.068897372586082528 0.073564254055266731 -0.012386667594677131 -0.17402795258398918 0.1061333171532468 -0.0028625923521798948 0.074945791536165859 -0.026904054321235066 0.084126013177908909 -0.019960492522454482 -0.033313561348873921 -0.047338832419194767 -0.0021643278667909096 0.067238692985030921 -0.1033806483588974 -0.023341531618227607 0.067457181439010555 0.08773960196555336 -0.037045182701753512 -0.0031694062277597096 -0.13083920457544737 0.0074111455325096224 -0.10080678133256243 -0.025096306381834445 0.017660147129425045 0.24012024432015286 -0.10117757660642519 0.03085621020211814 -0.00063435400235058257 0.11751967012268674 0.0073805455006374617 -0.075149544503244819 -0.10796292990059726 -0.0718262389559845 -0.10610447990146291 0.0070413138413957703 -0.01248829180159851 -0.047124975050262571 0.056495367619334859 -0.12149452917883648 0.028777259761159513 0.01463198147865773 0.02418499354529792 -0.037658603524013207
leaf_weight=243.84231542625344 6.3525522595686885 9.2862946237498232 45.207930031232536 14.483282932626024 2.5965374819934359 3.8813766793857658 8.8135458298326714 7.254409768749162 0.96633159353223108 2.1936197340314711 29.551472111865309 1.8226394839390847 2.2510319597454327 6.3503497657159453 209.18153256172283 8.2252786714658637 6.4000021228233086 38.286467016465792 2.007180496534744 1.5055672061098446 46.86775213096081 0.39447639079133878 3.333130011582397 637.42374303137842 4.3481688441297619 21.469500572714541 3.1844865514549374 4.7237352007278437 1.3713269359786862 1.0577739935815769 3.2747907817101796 4.1847990673049358 7.3636998853035065 20.494787210730749 7.1390923501830903 3.8444723640432121 30.476875990238113 172.25016003455028 1.5288267407559057 3.5509728784991239 3.5222552545292274 22.961727499760286 11.856086796230782 0.63502954044816096 8.2576712934824155 5.3785198771874994 4.2784722849683003 1.7029896673629981 343.04584380910671 6.5459688286864548 2.8934730410692264 4.2752888698087217 0.38658721488809533 204.81934881052121 22.266343910788692 6.3215411194604476 3.7996006608955195 2.4220298885957163 33.006020387873377 7.3618726486420201 1.275134503142908 3.2151276825006789
leaf_count=5514 1473 16316 978 1031 22 114 33800 46372 606 290 42340 26088 766 3744 430833 153333 5610 62620 4018 830 65953 352 144 381914 943 6715 954 6373 483 609 436 1070 2347 18338 3189 336 13648 45231 236 492 1522 9197 4041 199 1765 607 2553 110 65892 4253 273 1926 36 35429 5853 8784 378 306 8493 717 207 674
internal_value=0.000283478 -0.000811865 0.00449646 0.0241979 -0.000201535 -0.000936528 0.00689138 0.0183788 0.0117772 0.0192582 0.0151818 -0.0320358 0.00705157 0.00482963 0.00247923 -0.0186788 0.0010551 0.0161849 -0.0112809 0.00344002 -0.00178689 -0.0137358 -0.00144265 -0.00412551 -0.021841 -0.00253248 -0.013656 -0.0651592 0.048776 0.0510185 0.000470359 -0.00271496 -0.00353529 -0.0444979 0.0038497 -0.00104501 -0.0244547 0.000870603 -0.000436207 0.0552102 -0.0532812 -0.0316973 0.03482 0.00469778 -0.00596705 -0.0490995 0.00749614 0.00629226 0.00792461 -0.0456966 0.00124644 -0.0171853 0.109106 0.00156071 -0.0220464 -0.00472546 0.0106592 -0.0212659 0.0174238 -0.0150757 -0.0675402 0.0133409
internal_weight=2328.97 1997.81 310.011 59.6912 250.32 247.724 331.162 50.3921 44.0395 36.7851 34.5915 5.04 3.21736 280.77 232.62 23.4388 15.2135 48.1496 9.8631 7.85592 1687.8 47.2622 1640.53 682.865 45.4413 31.4313 26.0253 14.01 4.55581 5.40594 957.669 492.986 486.102 27.8585 464.682 458.244 34.6617 423.582 407.882 6.8841 6.79705 24.4906 15.7006 457.885 95.1727 13.6362 362.712 355.573 344.749 10.8244 81.5365 27.5632 1.02162 383.391 26.5416 178.572 53.9733 9.43676 44.5365 11.5305 4.16861 7.01473
internal_count=1539676 726953 7659 2009 5650 5628 812723 117935 116462 70090 69800 27460 1372 694788 623576 192743 39410 71212 8592 4574 719294 66305 652989 414307 32393 9704 8152 22689 1437 1552 238682 139293 138657 20685 99389 117972 14718 103254 98877 636 1958 9433 4377 97431 21434 2372 75997 72808 66002 6806 19062 8014 235 89444 7779 54015 11048 1358 9690 1197 480 1052
is_linear=0
shrinkage=0.1


Tree=111
num_leaves=63
num_cat=0
split_feature=51 50 46 18 46 46 46 24 5 0 26 13 5 42 13 3 0 14 38 22 1 13 19 16 50 50 29 19 15 38 48 18 39 19 36 29 0 43 37 19 29 15 8 31 30 14 14 13 19 15 0 37 13 47 47 19 14 38 27 19 22 45
split_gain=1.51593 1.62243 1.20391 2.41539 1.53372 0.789865 0.897353 2.5909 1.25044 1.19932 1.1312 1.87062 0.958695 0.801164 1.02567 0.892174 0.915543 0.818931 1.74706 0.797185 1.04875 0.906005 1.02129 0.80484 0.727192 1.81869 0.721141 2.56901 3.68098 3.09798 2.63713 2.39458 1.98259 1.5561 1.99447 2.1812 2.55411 2.24848 1.89924 2.9767 2.75759 2.65131 1.42822 1.3806 1.37346 1.35834 1.59462 1.28528 1.21991 1.16794 1.08788 1.05756 1.03557 1.0336 2.00285 3.1235 2.62523 1.97475 3.8293 1.62158 1.38565 1.78825
threshold=1.0000000180025095e-35 1.5000000000000002 10.500000000000002 13.95478391647339 9.5000000000000018 13.500000000000002 -1.0000000180025095e-35 240501391360.00003 2.9388679265975957 1.4978661537170412 1.5000000000000002 5.3131573200225839 1.9356005191802981 1.5000000000000002 5.4457051753997812 3.1549592018127446 3.3576917648315434 2.9944807291030888 3.5000000000000004 7168.0000000000009 4.5951199531555185 3.113268375396729 100.00000000000001 2.1910133361816411 3.5000000000000004 4.5000000000000009 112.00000000000001 280.00000000000006 4.2324235439300546 3.5000000000000004 1.0000000180025095e-35 9.1147212982177752 3.0000000000000004 280.00000000000006 3.5000000000000004 192.00000000000003 5.0290689468383798 1.0000000180025095e-35 3.0000000000000004 180.00000000000003 192.00000000000003 4.1426305770874032 0.89587974548339855 120.00000000000001 56.000000000000007 5.7189338207244882 2.8888261318206792 2.1383330821990971 100.00000000000001 5.9098556041717538 2.7361353635787968 1.5000000000000002 1.4978661537170412 6.5000000000000009 7.5000000000000009 62.000000000000007 4.7447810173034677 2.5000000000000004 4.5000000000000009 80.000000000000014 5120.0000000000009 1.0000000180025095e-35
decision_type=2 2 2 2 2 2 2 2 2 2 2 2 2 2 2 2 2 2 2 2 2 2 2 2 2 2 2 2 2 2 2 2 2 2 2 2 2 2 2 2 2 2 2 2 2 2 2 2 2 2 2 2 2 2 2 2 2 2 2 2 2 2
left_child=5 -2 3 4 -3 6 7 8 10 -9 11 -1 -13 -7 -15 -16 -17 -18 -19 20 -12 -21 23 -23 -4 -26 27 47 29 -29 31 -30 -31 38 -35 45 50 52 39 51 41 44 -33 -42 -41 46 -36 48 -8 -45 -37 -28 -38 57 55 -55 -57 58 60 -58 -49 -62
right_child=1 2 24 -5 -6 13 26 9 -10 -11 19 12 -14 14 15 16 17 18 -20 21 -22 22 -24 -25 25 -27 33 28 30 32 -32 42 -34 34 35 36 37 -39 -40 40 43 -43 -44 49 -46 -47 -48 53 -50 -51 -52 -53 -54 54 -56 56 59 -59 -60 -61 61 -63
leaf_value=-0.005495122242802083 -0.048612791223505938 0.020869557479779244 0.037352613061977701 0.10270647452910853 -0.098118863218897595 0.050319103113983188 -0.0097684064047707884 0.014884120525619909 0.068576254148305163 0.048163831931796325 -0.019316384345686572 0.021099870227251863 -0.039293134108085666 -0.030206425719858584 -0.08181447476458488 -0.078628807808463805 0.095299847088494732 -0.052907082934119276 0.019765265122750425 0.012404894937112328 -0.11462758098472392 -0.026494079187492255 0.039056479278202258 -0.0029993359419988683 -0.069232829037872451 0.0059986519191664129 0.16614955473984794 -0.019500194593161831 0.012920394998744426 0.057729500985440829 0.014546017875478993 -0.061035647800881748 0.0051402860397820587 -0.0084644981865711136 -0.030370791302418394 0.014749756650281096 -0.008542741565265027 -0.075302005489980839 -0.00077975947779970289 0.082199274194807298 -0.081982824910977414 -0.016945280733105507 -0.0094251736541244805 -0.036191630513041639 -0.0081153894059285258 -0.034886592474111924 0.0081354876325549011 -0.023149572984563868 0.019552900152938965 0.017552496185629218 -0.012046319213407684 0.037584447029491125 0.05095279424698243 0.057481320758635504 -0.0023791143822376008 -0.0556898868073935 -0.0073768469555215398 0.00034575200210717018 -0.081570142449774591 0.042061500851729813 8.189660341665287e-05 -0.085008363366673445
leaf_weight=73.840689317173883 4.9056089296378778 36.724602302130755 7.023010388523601 3.6344777035292273 1.1161923685562332 4.715691669242033 19.621498305665114 45.233340449864045 2.6029708697460583 14.237001161942315 25.025784516167167 56.928350086826526 2.7557339879811016 6.4188683991794724 0.98705848952596298 1.0389301677041363 1.2758344956382632 3.5890360505506029 42.249505826807351 24.659854308978538 1.2103025138937926 26.369330333080143 3.9441594153176984 32.613009578897618 3.2790706698453667 160.3471490444407 0.99425606633286556 50.236090601839123 6.2575161411868967 9.5516075110147067 8.8450378872239508 36.029676178816601 28.734836896118679 75.363725630111588 12.455826135764339 88.023621953303547 3.2125135937477003 1.6058895048818858 545.12769407461474 5.2612776612249972 5.8589076085862635 17.591555440939374 6.2993810475052205 34.870554244054034 2.4763881864076041 10.636219094548265 78.741200999182297 57.018296123356578 51.252503478210315 4.5738788800240391 18.300844327151481 1.7948042367625021 32.753181334102081 15.402714450727244 199.51935563005006 6.203577098902314 13.702761440494214 183.93574032988244 8.2195694268786763 12.861997390456963 76.147968576196732 2.5526350951725325
leaf_count=1327 107496 60203 39484 457 10144 533 4711 978 22 1031 1236 1604 69 8671 1735 2719 149 15677 93686 357 68 350 255 362 45124 241586 398 38130 3017 2281 2657 135649 8475 43272 3321 5927 1478 6651 147328 1104 7615 13608 5150 20563 1132 13090 22135 41414 20864 2982 16964 1282 22891 1799 156166 785 2348 89555 14031 951 38880 5749
internal_value=0.000285764 0.00824259 0.00955744 0.0248387 0.0173597 -0.000535879 -0.000868988 0.0040914 -0.000372092 0.0228512 -0.00109767 0.00514613 0.0183114 0.0107462 0.00738739 0.012298 0.0142271 0.0162747 0.0140752 -0.00842226 -0.0237132 -0.00384193 -0.0102088 -0.0135032 0.00584342 0.00449101 -0.00175514 -0.00397713 -0.0159602 -0.00316867 -0.0356765 -0.0448193 0.0182601 0.000118651 0.00576684 0.0101315 0.0180572 0.0404693 -0.00281336 -0.0179121 -0.0219132 0.00451188 -0.053355 -0.0366876 0.0532947 -0.00106799 0.00287624 -0.00127157 0.0114353 -0.0299596 0.0101375 0.0834159 0.0456386 -0.00283627 0.00203934 0.0203401 0.00288191 -0.00651952 -0.0152925 0.01656 -0.0112785 -0.00267799
internal_weight=2318.76 217.03 212.125 41.4753 37.8408 2101.73 2041.46 309.421 249.95 59.4703 247.347 133.525 59.6841 60.2749 55.5592 49.1404 48.1533 47.1144 45.8385 113.822 26.2361 87.5864 62.9265 58.9823 170.649 163.626 1732.04 792.393 145.954 88.5225 57.4316 48.5866 38.2864 939.642 321.093 245.729 143.896 37.5716 618.549 73.4216 70.6326 25.3292 42.3291 45.3033 7.73767 101.833 91.197 646.439 70.874 39.4444 106.324 2.78906 35.9657 575.565 247.69 48.1711 32.7683 327.874 143.938 26.5648 135.719 78.7006
internal_count=1539676 504494 396998 70804 70347 1035182 912012 7659 5650 2009 5628 3000 1673 123170 122637 113966 112231 109512 109363 2628 1304 1324 967 712 326194 286710 904353 572612 195359 48886 146473 143816 10756 331741 135729 92457 53911 31020 196012 48684 47004 15844 140799 31160 2236 38546 25456 377253 25575 23545 22891 1680 24369 351678 162049 5883 4084 189629 100074 3299 86043 44629
is_linear=0
shrinkage=0.1


Tree=112
num_leaves=63
num_cat=0
split_feature=51 50 46 18 46 28 28 1 19 3 18 28 22 18 3 13 1 28 52 30 8 42 23 28 18 8 4 32 3 0 42 8 3 30 30 19 47 37 34 36 18 28 24 14 8 22 42 28 8 0 47 3 28 0 18 19 8 3 28 3 8 27
split_gain=1.46502 1.3985 1.04009 2.22222 1.27664 0.735974 2.56215 2.94666 2.41518 2.70088 2.12049 7.25749 1.87823 2.33287 2.34884 1.662 1.47964 1.42002 1.69978 1.4001 1.35249 1.25747 1.64618 1.80921 6.39749 6.05392 1.68483 1.51418 1.47165 1.39611 1.24389 1.65811 1.22738 1.49848 1.47423 1.22258 1.17794 1.17102 1.15582 2.45023 1.51071 2.08659 6.86602 3.04295 2.93059 2.57388 3.09027 2.49083 2.10642 1.82333 2.52357 2.66454 1.70528 1.63631 1.61726 1.99819 1.48286 2.0955 1.47776 1.6905 1.46589 1.90221
threshold=1.0000000180025095e-35 1.5000000000000002 10.500000000000002 13.95478391647339 9.5000000000000018 -1.0000000180025095e-35 1.5000000000000002 2.2975599765777592 100.00000000000001 7.2464921474456796 12.489189624786379 96.000000000000014 7168.0000000000009 7.8725435733795175 6.206118345260621 5.8700823783874521 1.9944920539855959 48.000000000000007 1.0000000180025095e-35 80.000000000000014 0.89587974548339855 6.0000000000000009 1900.0000000000002 96.000000000000014 10.412623405456545 0.89587974548339855 1.2424533367156985 20.000000000000004 6.2383227348327646 5.4335694313049325 6.0000000000000009 0.89587974548339855 4.7789824008941659 112.00000000000001 112.00000000000001 100.00000000000001 4.5000000000000009 1.5000000000000002 1.5000000000000002 2.5000000000000004 9.0558362007141131 48.000000000000007 21466447872.000004 5.5169365406036386 1.3540251255035403 7168.0000000000009 1.5000000000000002 12.000000000000002 0.89587974548339855 4.4845800399780282 2.5000000000000004 6.9478189945220956 24.000000000000004 6.208071470260621 12.259305477142336 280.00000000000006 0.89587974548339855 5.9098556041717538 96.000000000000014 4.8278014659881601 1.3540251255035403 1.0000000180025095e-35
decision_type=2 2 2 2 2 2 2 2 2 2 2 2 2 2 2 2 2 2 2 2 2 2 2 2 2 2 2 2 2 2 2 2 2 2 2 2 2 2 2 2 2 2 2 2 2 2 2 2 2 2 2 2 2 2 2 2 2 2 2 2 2 2
left_child=5 -2 3 4 -3 15 7 -7 12 -10 16 17 19 -14 -15 -1 -8 -12 -19 20 -9 38 -23 -24 -25 27 28 29 -27 -26 31 35 33 -31 -34 36 -13 -32 40 -40 -18 42 47 44 52 54 60 49 -49 56 53 -52 -44 -51 58 -56 57 -42 -43 -60 61 -47
right_child=1 2 -4 -5 -6 6 10 8 9 -11 11 30 13 14 -16 -17 21 18 -20 -21 -22 22 23 24 25 26 -28 -29 -30 32 37 -33 34 -35 -36 -37 -38 -39 39 -41 41 45 43 -45 -46 46 -48 48 -50 50 51 -53 -54 -55 55 -57 -58 -59 59 -61 -62 -63
leaf_value=0.00073527537626971924 -0.045884386596409379 0.019313672641692179 0.0058738370603313335 0.097532155946638513 -0.095153031201572841 0.057515551546367318 -0.071631786036683159 0.0025921149835779734 -0.073868906004132026 0.064492358061893379 -0.062382140198014448 0.076545343171029137 0.15823367688413181 -0.080999444518128794 0.045327048125741232 0.019453395188844314 0.01019030758968504 -0.03495483397281595 0.064766324220132274 -0.034212834989093277 0.0743502279052939 0.065538521797822755 0.0068812156396686865 -0.077914140724146014 0.029689763623580057 0.020324318815732711 -0.11199269626927377 -0.038870687356570344 -0.11578956662031588 0.093334884342555435 0.11653209282708728 0.03389821031038754 -0.045217738187184636 -0.045749621935822389 0.0097867799423606312 -0.031829159407825262 -0.017123881858415776 0.026991838257202267 -0.046956973747243169 -0.0055228723120836851 -0.095499780023928948 0.0025304967831213461 -0.058205507656234723 -0.0047915438304627833 0.049467389852438683 0.020187989754848305 0.035610424243643191 -0.010570266929548284 0.078536330319973313 -0.034979001028895625 0.023104403952848726 -0.10133615382819557 -0.027502247208519043 0.13981876474891042 0.0088784704334369958 -0.022045442566133427 0.043187456865639462 0.078905573417196423 0.03589722490966453 -0.024667932853856406 -0.15743357926038204 -0.038829274596048187
leaf_weight=705.28818596000315 4.6889965071918871 36.892689897309261 170.75696226836351 3.6952288961711011 1.0007730415840317 4.2793904078935148 2.8655656122873543 15.19433616496431 14.846554643309824 1.5589813684186413 22.09601688921407 2.4000360696372871 0.51518487228895438 8.736586285194333 1.770050564210577 50.856401476117753 108.54051302747234 20.395326701990829 1.865662302901909 8.4373309134407446 3.1755383232339218 4.3652307851400556 367.15663072144946 11.717435597220172 34.912629862708854 2.4693819840867932 5.248745035220054 5.3121800763597085 1.1710045704603542 2.5853861020732469 1.6555648453795573 10.228550481184355 7.8137998612983219 1.1060063822806112 12.945397121651695 13.752731350858538 3.0469942377312691 12.402344253905538 16.55803504748539 103.38398760183478 3.671971984222437 31.984287227506684 37.128136476255492 39.954938485837317 3.5777803457131077 6.7672154864085305 8.7496497485144555 70.946400231533516 2.7559886848121087 0.6601803078488041 58.199402758230008 1.7730955393344618 35.277151510082319 2.8366635563279488 81.48354560162673 28.101522797292461 1.8656699737275628 0.84802302458092516 46.462611234515862 5.1160698278574719 0.88948908948805083 28.301589574879017
leaf_count=107159 107496 60203 326194 457 10144 314 1071 10426 101904 1250 34452 207 67 11279 1633 1611 18272 6616 295 2154 542 3246 183079 4244 7859 313 1009 3354 250 641 262 1131 6055 637 6091 3065 281 1849 41997 95336 2790 6225 83571 115848 1324 1796 1559 18364 346 1734 20875 427 20812 1231 38636 33545 404 716 3134 2894 59 18941
internal_value=0.000315325 0.00813491 0.00932776 0.023509 0.0162906 -0.000497471 -0.00191209 -0.0223726 -0.0286762 -0.0607207 -0.000971865 -0.0159633 -0.0147793 -0.0495297 -0.0597173 0.00199421 0.000138965 -0.0444232 -0.0265973 -0.000491567 0.0149967 0.000312867 0.0044232 0.00383355 -0.00928729 0.00164367 -0.0757355 0.0122788 -0.0234595 0.016856 0.0130666 0.00137714 -0.00146914 0.0516627 -0.010917 -0.0159483 0.0241481 0.0375368 -0.00227397 -0.0112429 -0.000498498 -0.00283119 -0.00903244 -0.0271328 -0.0388808 0.00393423 -0.0176875 0.00558556 -0.00723826 0.0191157 0.0242402 0.0194253 -0.0432463 0.106818 0.008939 0.000948475 -0.031819 -0.0627786 0.0194178 0.0298898 -0.0306563 -0.0274407
internal_weight=2305.04 217.035 212.346 41.5887 37.8935 2088.01 1331.86 58.514 54.2346 16.4055 1273.35 87.8432 37.829 11.0218 10.5066 756.145 1185.5 44.357 22.261 26.8072 18.3699 1182.64 456.804 452.439 85.282 73.5645 8.88913 64.6754 3.64039 59.3632 43.4862 29.4283 24.4506 3.69139 20.7592 19.1998 5.44703 14.0579 725.834 119.942 605.892 497.351 259.495 115.938 75.9831 237.856 44.7079 143.557 73.7024 69.855 63.4693 59.9725 72.4053 3.49684 193.148 109.585 6.38566 4.52 83.563 51.5787 35.9583 35.0688
internal_count=1539676 504494 396998 70804 70347 1035182 926412 129569 129255 103154 796843 48158 26101 12979 12912 108770 748685 41363 6911 13122 10968 747614 216778 213532 30453 26209 1572 24637 563 21283 6795 4684 13424 1278 12146 3553 488 2111 530836 137333 393503 375231 268442 221555 105707 106789 22355 46887 18710 28177 24267 21302 104383 2965 84434 72181 3910 3506 12253 6028 20796 20737
is_linear=0
shrinkage=0.1


Tree=113
num_leaves=63
num_cat=0
split_feature=46 27 24 26 14 3 0 5 19 3 14 0 19 46 0 49 3 1 15 29 19 15 38 14 0 36 39 4 19 36 29 0 42 37 19 29 15 28 35 14 28 3 0 36 15 16 43 30 0 28 0 15 35 34 38 8 1 27 29 19 4 2
split_gain=1.37604 0.73437 2.54646 1.24118 1.54311 1.06841 1.05018 1.00805 0.751652 0.743571 1.26851 0.827761 0.72063 0.615781 1.28337 0.830582 2.94117 0.583624 0.578571 0.573026 2.61047 4.56625 2.49577 2.16921 1.52848 1.47724 1.29769 1.33412 1.29306 1.59369 1.80247 2.20858 1.83474 1.47562 2.56679 2.27936 2.08285 1.42858 2.36032 1.34855 1.25361 1.45068 1.30383 1.03613 1.02286 1.0529 1.0137 0.995349 0.985728 0.985696 0.959167 0.948879 3.18347 1.28688 1.25189 4.25724 3.01807 2.60673 2.69268 2.12783 1.73174 1.70476
threshold=7.5000000000000009 -1.0000000180025095e-35 240501391360.00003 1.5000000000000002 3.6050398349761967 3.3576917648315434 1.4978661537170412 1.2424533367156985 280.00000000000006 4.9182729721069345 6.7153363227844247 4.4845800399780282 62.000000000000007 10.500000000000002 3.3576917648315434 1.5000000000000002 3.3576917648315434 4.5951199531555185 4.2324235439300546 112.00000000000001 280.00000000000006 4.4845800399780282 3.5000000000000004 2.7361353635787968 6.851041555404664 3.5000000000000004 3.0000000000000004 1.2424533367156985 280.00000000000006 3.5000000000000004 192.00000000000003 4.9182729721069345 6.0000000000000009 3.0000000000000004 180.00000000000003 192.00000000000003 4.1426305770874032 24.000000000000004 3.5000000000000004 5.9931647777557382 96.000000000000014 4.4845800399780282 4.8278014659881601 7.0000000000000009 4.4845800399780282 2.1910133361816411 1.0000000180025095e-35 56.000000000000007 4.1426305770874032 96.000000000000014 2.7361353635787968 4.4845800399780282 1.5000000000000002 7.0000000000000009 1.5000000000000002 0.89587974548339855 2.2975599765777592 1.5000000000000002 192.00000000000003 180.00000000000003 1.2424533367156985 2.4526374340057377
decision_type=2 2 2 2 2 2 2 2 2 2 2 2 2 2 2 2 2 2 2 2 2 2 2 2 2 2 2 2 2 2 2 2 2 2 2 2 2 2 2 2 2 2 2 2 2 2 2 2 2 2 2 2 2 2 2 2 2 2 2 2 2 2
left_child=1 2 3 4 -1 -6 -4 9 -9 -5 11 -11 -2 14 -14 16 -16 -18 -8 20 46 22 23 -22 26 -23 48 -28 33 -30 39 50 -33 34 -21 36 47 -37 -39 40 41 -31 -42 -29 -40 -46 -3 -36 -24 -34 -32 52 -35 -54 55 56 -53 -58 -59 -57 -60 -56
right_child=12 19 6 7 5 -7 18 8 -10 10 -12 -13 13 -15 15 -17 17 -19 -20 28 21 25 24 -25 -26 -27 27 43 29 30 31 32 49 51 35 37 -38 38 44 -41 42 -43 -44 -45 45 -47 -48 -49 -50 -51 -52 54 53 -55 61 59 57 58 60 -61 -62 -63
leaf_value=0.00022514437715628581 -0.1278170901049748 0.0013441984696336978 0.015010793352722526 -0.041301490342336766 0.096609395554484279 0.021017039409001095 0.079488562188674367 0.0037728058945121212 -0.018684825769592888 -0.091320493861017663 0.031835765451232324 -0.01718537889271626 0.059144337907989064 0.0046406817473045427 0.028455294878696226 0.018775050033211439 -0.0899440187825679 0.023083609718303318 0.033898637648531765 0.072417518709247924 -0.012797581666422331 -0.078501116964992637 0.080253502999419385 -0.096127572983447943 -0.056657647243026243 -0.033311864223899111 -0.038819226232084079 -0.0070786756181767845 -0.007662685564016631 -0.019195947376279041 0.013256422173688881 -0.029181598804351797 0.050427363597998542 -0.0018297593742651348 0.071668363144979666 -0.051070411122119144 -0.015132429316346627 -0.046630037542473725 -0.094882571573144781 -0.040017504951253752 0.0022043870197041449 0.015220643006600086 -0.052479392723646462 0.038030432200050174 -0.034890693100789454 0.047100784460294767 -0.0082717684305642688 -0.0061465927995734233 0.015762390114248896 -0.0021218207548329461 -0.012104955670135399 0.048736792250938826 -0.066247107854782536 -0.017575167590542673 -0.047750653404855438 -0.046382480389883164 -0.034722000407188376 0.069085507497458121 -0.025744454050187399 0.046044712194050347 -0.1862420000025421 0.0059608080372022289
leaf_weight=104.87086202739226 0.40001299465751472 462.42111981113004 45.093631794268731 12.962407675578104 2.0077120277426301 27.209870043088927 3.8282334046962196 58.618383069068273 19.984510260910611 1.6611213387805097 5.2491701665239807 16.139837088783111 6.239252970001103 275.95581343679135 6.7744570284660295 32.282412376798305 3.873326189513989 0.51792668413781928 10.202025291117023 3.1397881779483034 36.481291879894499 9.1090581529031294 5.5186499800199709 3.4164750146488236 2.7066513349168408 35.144053802208191 4.6603639518597246 8.4068453855252301 72.870347994438362 15.460093071248194 86.891491539972762 3.7758159843351811 30.369309313530167 183.60973621620164 5.2833162756243182 22.855059229769779 17.331233751876709 11.117771152841669 0.71407289270882834 8.1712146389714047 10.056139740452638 58.932517015908473 7.6978390918420692 12.913872594663644 1.9991517548842219 7.2320064035320684 143.69562045860852 2.3862284819791455 4.1540569916437562 4.0449651210062703 18.001959387673693 3.4367766267969264 11.042305653741977 10.692372664385402 6.0342595640032064 3.1122580408409677 17.936190949733522 0.64963861776777676 0.86290883271388485 12.47382928312436 3.0430020135696623 285.11595120294618
leaf_count=1799 4422 175515 978 353 34 1179 251 1179 370 40 136 560 1473 690884 1656 42751 70366 1171 780 1680 18260 38009 1039 9135 679 37600 4219 1994 43272 7625 5927 11250 17748 33271 1104 20740 13608 7864 558 11674 1159 16258 1830 1976 1443 555 97895 1132 1232 2236 16750 247 9692 3366 894 441 13260 151 1666 1425 424 82491
internal_value=0.000305109 -0.00069422 0.00379076 -0.000643836 0.0058875 0.0262114 0.0224448 -0.00828484 -0.00193697 -0.02214 -0.0113645 -0.0241034 0.00632112 0.00648589 0.0167339 0.0106436 -0.012866 -0.076613 0.0463381 -0.00152844 -0.00362653 -0.0169401 -0.00242242 -0.0199332 0.0157901 -0.0426136 0.02129 0.00964929 0.000121852 0.00531084 0.00919491 0.0164005 0.0369907 -0.00256823 -0.0160067 -0.0200351 0.0040685 -0.0337563 -0.0149691 -0.00108238 0.00237024 0.00806827 -0.0215056 0.0202437 0.0204247 0.0293442 -0.000935515 0.0474578 0.052557 0.0442509 0.00890387 -0.000768339 -0.00611364 -0.042303 0.00253116 -0.0137145 -0.0385426 -0.051879 -0.11943 0.0275887 -0.150784 0.00484761
internal_weight=2288.84 1962.8 307.828 248.704 134.088 29.2176 59.1239 114.615 78.6029 36.0125 23.0501 17.801 326.043 325.643 49.6874 43.4481 11.1657 4.39125 14.0303 1654.97 728.628 122.511 78.2582 39.8978 38.3604 44.2531 35.6538 25.9811 926.34 316.272 243.401 143.084 38.1901 610.068 72.0586 68.9188 25.0008 43.9181 21.063 100.318 92.1466 74.3926 17.754 21.3207 9.94523 9.23116 606.117 7.66954 9.67271 34.4143 104.893 538.009 205.344 21.7347 332.665 41.5146 25.9285 22.4917 4.55555 15.5861 3.90591 291.15
internal_count=1539676 726953 7659 5650 3012 1213 2009 2638 1549 1089 736 600 812723 808301 117417 115944 73193 71537 1031 719294 387553 114143 38534 27395 11139 75609 10460 8189 331741 135729 92457 53911 31234 196012 48684 47004 15844 31160 10420 38546 26872 23883 2989 3970 2556 1998 273410 2236 2271 19984 22677 147328 46329 13058 100999 17614 15748 15501 2241 1866 2090 83385
is_linear=0
shrinkage=0.1


Tree=114
num_leaves=63
num_cat=0
split_feature=46 27 21 26 13 18 26 5 3 14 19 46 0 45 13 16 14 0 28 28 19 32 21 42 38 3 47 22 3 49 0 29 21 0 26 19 0 38 34 31 45 21 12 19 28 4 16 13 28 21 18 31 29 35 14 6 3 3 31 18 13 34
split_gain=1.27366 0.68649 1.25799 1.27973 1.28668 1.09919 1.04046 1.03813 0.759686 1.11338 0.648107 0.630771 1.14825 0.697522 0.64214 0.630115 0.785589 0.626532 0.609116 0.565521 0.665446 0.54546 1.00312 1.26606 0.626558 0.552209 0.519992 0.798301 0.557304 0.648703 0.621989 0.517946 0.779642 0.76744 0.781892 0.513275 0.509344 0.502421 2.12391 3.78689 2.00516 1.74307 1.48748 1.4623 1.44123 2.6659 1.3001 1.22046 1.19622 1.90652 2.76876 1.80951 1.66311 1.47578 6.52382 2.61707 6.50204 1.46975 1.78774 1.43699 1.28314 3.61149
threshold=7.5000000000000009 -1.0000000180025095e-35 112.00000000000001 1.5000000000000002 5.3131573200225839 10.077298641204836 1.0000000180025095e-35 1.2424533367156985 4.9182729721069345 6.7153363227844247 62.000000000000007 10.500000000000002 3.3576917648315434 1.0000000180025095e-35 2.5249279737472539 2.1910133361816411 5.5169365406036386 4.8278014659881601 96.000000000000014 1.0000000180025095e-35 180.00000000000003 6.0000000000000009 112.00000000000001 1.5000000000000002 6.5000000000000009 3.3576917648315434 11.500000000000002 7168.0000000000009 4.1426305770874032 1.5000000000000002 4.4845800399780282 192.00000000000003 112.00000000000001 7.6670951843261728 1.5000000000000002 280.00000000000006 5.5169365406036386 4.5000000000000009 1.5000000000000002 56.000000000000007 2.5000000000000004 112.00000000000001 1.0397207736968996 80.000000000000014 48.000000000000007 1.2424533367156985 2.1910133361816411 2.9174053668975835 12.000000000000002 112.00000000000001 9.8078131675720233 104.00000000000001 192.00000000000003 1.5000000000000002 4.9182729721069345 1.0000000180025095e-35 5.3025121688842782 6.206118345260621 120.00000000000001 10.613928318023683 2.6020033359527592 1.5000000000000002
decision_type=2 2 2 2 2 2 2 2 2 2 2 2 2 2 2 2 2 2 2 2 2 2 2 2 2 2 2 2 2 2 2 2 2 2 2 2 2 2 2 2 2 2 2 2 2 2 2 2 2 2 2 2 2 2 2 2 2 2 2 2 2 2
left_child=1 2 3 4 6 -4 35 8 36 17 -2 12 14 -14 -12 16 -7 -10 -16 20 -15 31 23 -23 25 -24 27 -21 -28 -30 -31 -13 33 -33 -35 -1 -5 38 -3 -40 43 -42 -43 -41 -44 47 -45 -46 49 50 -39 52 -51 54 55 -50 -57 -52 -59 -53 61 -55
right_child=10 37 5 7 -6 15 -8 -9 9 -11 11 21 13 19 18 -17 -18 -19 -20 26 -22 22 24 -25 -26 -27 28 -29 29 30 -32 32 -34 34 -36 -37 -38 48 39 40 41 42 44 46 45 -47 -48 -49 53 51 57 59 -54 60 -56 56 -58 58 -60 -61 -62 -63
leaf_value=-0.012692708475671007 -0.12639008387737502 -0.00064347550570034013 -0.00025604854929521845 -0.01644072264317463 0.018132374002784397 0.10687803846150271 -0.0079949661206233924 -0.00043218230205156353 -0.069810380822629192 0.030845322462845343 0.13542204435598901 0.0037819803031891191 -0.019338057749067508 -0.036044379724532373 0.017238987848602779 0.023365098786925737 0.033948279551146099 -0.014441888126156058 0.086117976814928665 0.012983762831842598 0.056424199680374688 0.058684162297014446 -0.00026993219581381597 -0.041442333186806443 -0.0296463275463449 0.057598911170014824 0.015906904855711414 0.072994048416773358 -0.093563296116181638 0.029350906269967732 -0.035676432336529708 0.0099784302097674221 -0.075466733805530622 0.0012582454853014686 1.8157971194023244 0.023132188033765901 -0.056509727405727433 0.028418435601769043 -0.0036647808803215195 -0.014927941538864798 -0.015697922631337912 0.053992899234664674 0.18372630039739785 -0.081093382355040391 0.64792756852508182 0.02030043684119439 -0.039219459360273677 1.7909833765367857 0.032799573517126542 -0.001397046665111909 -0.0082868932956641685 -0.067966060730215369 -0.090013163786107075 0.028522923757822262 -0.048456783955603405 0.0252763986023972 -0.06581922597092392 -0.012022400547900597 0.052667329023429299 -0.021893472070666234 0.011598075898622695 -0.021264535503629715
leaf_weight=4.9671675240388167 0.36867356811273921 827.10943368186884 17.248416103655472 5.3770760268130271 62.689959541540361 2.2561509368242723 59.496495711465286 79.861124015259634 2.3609397326945389 5.1869873845207612 0.88554932103852468 253.49244499728354 6.5111266040831373 0.90747824912477781 3.3557058050934279 20.00976825406542 4.2770315886591561 15.209735496127221 2.0794995915566687 12.876799442302344 5.4655423756655637 1.7961785639637078 2.0490681207718344 4.253257408320934 1.2117382540660635 8.4451471950193859 7.7246141048880173 2.6777092445645385 1.0962303352409604 2.4260795941172546 3.7361406046813386 1.7951605130651551 2.0442359039336395 0.0047355338607529829 0.0047634626772037336 20.523796718101948 7.7375663054808683 31.803032620627164 136.17798623466126 13.266934638766314 4.64622745829623 1.437673205325751 0.30059377742463755 11.630963752911446 0.017426902941224398 0.032175080479646567 20.453424387664825 0.020131345474510454 28.96310336323711 53.371961430941198 119.26912822424721 9.1592824019093637 2.2053625178982221 22.031227125396981 26.466150783939725 21.330103461353247 12.3845451303805 7.8956425430516815 9.3084359485313097 25.947906014913031 218.39160497606224 43.018058899463995
leaf_count=68 4422 309507 485 163 1743 237 1115 1599 57 144 180 631134 46371 950 1145 735 291 545 148 11532 1982 98 776 15156 6015 9063 3102 2179 24931 1136 23761 13469 14854 154 165 284 193 5563 72610 7103 16008 4156 1295 27705 103 175 22649 72 9643 28218 59554 7791 7723 4396 16733 3777 3538 6051 5253 24521 66442 8708
internal_value=0.000327725 -0.00063674 0.00370296 0.00109378 0.0072642 0.0193975 -0.000752569 -0.00677977 -0.0209112 -0.00986398 0.00612221 0.0062726 0.0166355 0.0108387 0.0564575 0.032169 0.0591336 -0.0218817 0.043592 0.016162 0.0432573 0.0043988 0.0213511 -0.0117131 0.0384381 0.0462996 0.0105074 0.0233145 -0.00278826 -0.0226841 -0.010075 0.00322917 -0.0331793 0.0147221 0.911195 0.0161514 -0.0400812 -0.00144637 -0.00282416 -0.012419 -0.0354306 0.01672 0.100028 -0.0428524 0.278744 0.688329 -0.0543992 1.26061 0.000768181 -0.00445217 0.00184665 -0.0161404 -0.00491342 0.00439652 -0.00682582 0.0107532 -0.00818614 -0.0043455 0.0229786 -0.0339136 0.00792602 -0.00440226
internal_weight=2279.05 1953.84 307.202 263.411 147.677 43.7914 84.9875 115.733 35.8723 22.7577 325.208 324.839 49.7425 43.4217 6.32075 26.543 6.53318 17.5707 5.43521 36.9106 6.37302 275.097 17.7554 6.04944 11.706 10.4942 30.5376 15.5545 14.9831 7.25845 6.16222 257.341 3.8489 1.80466 0.009499 25.491 13.1146 1646.64 1015.09 187.984 51.8056 6.45423 1.808 45.3513 0.370327 0.0697333 32.0844 0.0375582 631.546 258.961 168.276 90.6845 55.5773 372.585 89.1439 62.6778 33.7146 136.473 17.2041 35.1072 283.441 65.0493
internal_count=1539676 726953 7659 5911 3210 1748 1467 2701 1102 746 812723 808301 117417 115944 1473 1263 528 602 1293 69573 2932 690884 31108 15254 15854 9839 66641 13711 52930 49828 24897 659776 28642 13788 319 352 356 719294 461383 151876 79266 21809 5801 57457 1645 350 50354 175 257911 144674 76421 68253 35941 113237 33691 16958 7315 70858 11304 32312 79546 13104
is_linear=0
shrinkage=0.1


Tree=115
num_leaves=63
num_cat=0
split_feature=46 46 24 18 16 12 3 27 23 32 24 50 15 49 49 36 34 35 15 19 15 29 18 50 28 46 23 26 30 19 13 28 1 13 7 18 18 4 7 50 1 45 18 51 22 13 18 44 21 28 28 3 15 28 50 28 19 39 3 38 50 13
split_gain=1.37582 0.737645 1.78864 1.71242 1.17115 0.876021 0.862421 0.68189 0.673213 0.606185 0.900272 0.810237 1.32987 1.84722 0.789078 2.06929 0.842206 0.808085 0.773927 0.818716 0.736073 0.694773 0.692391 0.9121 1.36177 0.691689 0.59999 0.716797 0.814683 1.45769 0.953974 0.892778 0.611086 1.01769 0.601951 1.30335 0.873412 0.595869 0.592694 0.589436 3.45038 1.12033 1.09678 1.34303 0.962449 0.566559 0.56622 0.563631 0.842244 0.559049 0.895313 0.845309 1.36943 0.532917 0.988097 0.752863 1.52889 0.608474 0.815293 0.650734 0.564091 0.63864
threshold=7.5000000000000009 1.0000000180025095e-35 240501391360.00003 7.4813475608825692 3.9219243526458745 2.4414010047912602 1.2424533367156985 -1.0000000180025095e-35 2415.0000000000005 6.0000000000000009 240501391360.00003 17.500000000000004 4.7447810173034677 5.5000000000000009 5.5000000000000009 7.0000000000000009 1.5000000000000002 1.5000000000000002 3.8026961088180546 280.00000000000006 4.0424354076385507 192.00000000000003 15.029000282287599 16.500000000000004 1.0000000180025095e-35 11.500000000000002 1900.0000000000002 1.0000000180025095e-35 112.00000000000001 80.000000000000014 6.1171185970306405 1.0000000180025095e-35 3.8026961088180546 2.3502402305603032 1.0000000180025095e-35 9.888949394226076 10.357096195220949 0.89587974548339855 1.0000000180025095e-35 9.5000000000000018 5.8303320407867441 1.0000000180025095e-35 13.95478391647339 1.5000000000000002 7168.0000000000009 2.5249279737472539 11.182208061218263 1.0000000180025095e-35 112.00000000000001 3.0000000000000004 24.000000000000004 4.1426305770874032 4.8278014659881601 24.000000000000004 5.5000000000000009 96.000000000000014 100.00000000000001 3.0000000000000004 3.1549592018127446 7.5000000000000009 7.5000000000000009 2.5249279737472539
decision_type=2 2 2 2 2 2 2 2 2 2 2 2 2 2 2 2 2 2 2 2 2 2 2 2 2 2 2 2 2 2 2 2 2 2 2 2 2 2 2 2 2 2 2 2 2 2 2 2 2 2 2 2 2 2 2 2 2 2 2 2 2 2
left_child=1 2 4 38 5 6 -1 -7 9 11 46 12 13 21 15 25 -17 -18 19 -13 22 39 -15 24 -24 -14 -8 -28 29 32 -31 34 -29 37 35 -30 -36 -34 49 42 -41 45 53 44 -44 -42 -11 -43 -49 51 -51 -4 -53 54 -2 -55 -57 58 -58 -59 -56 -62
right_child=8 -3 3 -5 -6 7 26 -9 -10 10 -12 18 14 20 -16 16 17 -19 -20 -21 -22 -23 23 -25 -26 -27 27 28 31 30 -32 -33 33 -35 36 -37 -38 -39 -40 40 41 47 43 -45 -46 -47 -48 48 -50 50 -52 52 -54 55 60 56 57 59 -60 -61 61 -63
leaf_value=0.089712686954726381 0.0061160320261457162 -0.0018564651471955002 -0.015770431009320806 0.022217939287658431 -0.050365759819381496 -0.021698324995588381 0.017080156479650718 -0.13520362274561967 -0.13000171268922386 0.033786529560337814 0.037287765371488223 -0.064026006995871174 -0.029649933421314657 -0.054976067446474666 0.0033393285735908492 -0.061028625478844217 -0.02594850948209261 0.022354769303803781 0.014605579892840795 0.01456673852706984 0.0002719196457977469 -0.064703293393349723 0.1675126655654802 -0.056336034522879691 -0.12635516272575764 -0.071984225007523994 0.022573445485766487 -0.00045812776845383075 -0.11484660278911946 -0.018820481998150555 0.019085692784606062 -0.00097768250808257548 0.090182936668544031 4.0398643632455054e-05 0.1174086136758133 0.033377341900866039 0.030016859932477654 0.028628789723700448 0.035412971741727112 -0.081032253746348828 0.09673815801812255 0.16719671385194554 -0.064217888514593632 0.016121546018835486 0.031548409874678093 -0.08201622957329105 -0.043613870729951848 0.16383361201041544 -0.035693401228842285 0.056435764811114619 -0.073431052533427202 -0.19796986435153097 -0.037586490294367336 -0.0022035451902806136 0.047513849307164568 -0.066100321340119506 0.041972775783602471 -0.024861750597013021 0.0055372901338077941 0.078098635045977485 0.093672000740663189 -0.019236969789533532
leaf_weight=1.0894552129718693 15.529058331649422 1583.1794717692733 2.1696078489767379 66.281497569134672 4.6150500307412576 1.5570832796074685 20.438125253559065 0.80182944973785097 0.36293626908991328 1.4629753294223062 13.148851352131743 2.6449292936063378 17.230096834065332 7.6480383331346378 29.538136533856388 1.7819045273140854 4.5453943847148546 14.549687620459537 96.099270135728375 2.6569585338862112 7.2427494592989481 1.1672505657654415 0.60791454987702287 0.85401066981194163 0.21291850142695523 4.9735005266639325 12.602901361417024 134.53043854178452 0.67606778815388668 67.876003445321089 7.3590294346213332 13.934864492026916 2.2956347392109846 11.240931172754243 1.8554296223446725 4.8417759419098747 2.9809418404474854 4.9936589447397637 1.2635824158205649 1.4555670479131482 0.30828935211866337 1.7357495102990017 5.5972887177458386 6.9148736816293308 1.2915847367087279 0.41733568720280834 2.67023817923618 0.43911688155208128 0.40824920058048519 1.26561894043698 0.91439763747621317 0.90645740296895416 1.2900551646016536 28.953686200080938 16.2895920480554 1.935743400335922 10.080310022633062 0.74148719027289089 15.716590603757593 3.5661115508773946 0.61725590989294721 2.658780279727579
leaf_count=55 41871 703860 38 4976 90 50 763 166 4442 285 16782 2446 282820 13954 119593 13603 18105 31660 41172 1579 12588 5700 162 588 1304 117796 258 2235 28 7372 96 4761 69 381 34 430 98 89 68 7179 347 374 8174 1649 1598 392 14028 126 240 114 112 68 86 21115 13695 1334 1123 151 6897 673 677 7010
internal_value=8.29717e-05 -0.000919273 0.00311505 0.0169995 -0.00038768 0.000410217 0.000909541 -0.0602805 0.00611695 0.00626958 0.0244913 0.00524183 0.00162531 0.00759039 -0.00924948 -0.017881 0.00472106 0.0108567 0.0125536 -0.0246405 -0.0236436 0.0120576 -0.0422231 0.0160125 0.0912854 -0.0391326 0.000570822 -0.00070156 -0.00186288 -0.00371534 -0.0151127 0.0155485 0.00188691 0.018912 0.0377898 0.0152164 0.0635439 0.0480142 -0.02729 0.0128391 0.0472743 0.103718 0.0113462 -0.0150119 -0.0462628 -0.00607057 -0.0162175 0.134559 0.0677043 -0.0393934 0.00196374 -0.0600431 -0.103774 0.0151327 0.0249505 0.00948366 0.020045 0.0255842 0.0197747 0.0603756 0.0398993 0.00203683
internal_weight=2275.01 1950.96 367.78 74.0912 293.689 289.074 286.715 2.35891 324.054 323.691 17.2821 306.409 205.008 132.39 72.6187 43.0806 20.877 19.0951 101.401 5.30189 16.5656 115.824 9.32288 1.67484 0.820833 22.2036 285.626 265.188 252.585 228.296 75.235 24.2891 153.061 18.5302 10.3542 5.51784 4.83637 7.28929 7.80972 114.657 4.76431 3.30874 109.892 13.8037 6.88887 0.725625 4.13321 2.58312 0.847366 6.54614 2.18002 4.36612 2.19651 96.0886 35.0947 60.9939 32.0402 30.1045 25.7969 4.3076 19.5656 3.27604
internal_count=1539529 726297 22437 5462 16975 16885 16669 216 813232 808790 31095 777695 732498 148921 583577 463984 63368 49765 45197 4025 28596 120325 16008 2054 1466 400616 16614 15851 15593 10242 7468 5351 2774 539 590 458 132 158 486 114625 8658 1479 105967 11421 9772 739 14313 740 366 418 226 192 154 94546 63253 31293 10178 8844 8020 824 21382 7687
is_linear=0
shrinkage=0.1


Tree=116
num_leaves=63
num_cat=0
split_feature=46 46 24 5 0 18 23 46 18 46 45 46 47 0 50 3 39 0 21 13 3 37 0 31 28 28 14 3 0 3 28 0 27 4 1 28 23 0 3 50 50 49 47 14 1 14 47 19 50 19 0 3 50 14 0 18 15 3 19 50 26 14
split_gain=1.43845 0.646338 1.86983 1.172 1.07673 1.06775 0.542309 0.570715 0.920351 1.72325 1.31773 0.720062 0.714819 1.31387 1.20477 0.744147 1.13944 1.43875 0.967564 0.707605 0.706893 0.7347 0.641876 0.622483 0.615999 1.23478 1.16322 0.73651 0.680911 0.563978 0.856356 0.562809 0.534582 0.695846 0.525111 0.522551 0.512765 0.488753 0.640894 0.462932 0.915276 0.810808 0.701065 0.724143 0.677267 0.641255 0.596856 1.10803 0.726589 0.543355 0.515812 0.577155 0.512469 1.79614 1.48401 0.749512 0.66254 0.749382 0.587371 0.751715 1.81912 1.36537
threshold=7.5000000000000009 1.0000000180025095e-35 240501391360.00003 2.2386684417724614 1.2424533367156985 7.4813475608825692 2415.0000000000005 10.500000000000002 13.95478391647339 9.5000000000000018 1.0000000180025095e-35 9.5000000000000018 1.0000000180025095e-35 3.6941639184951787 1.0000000180025095e-35 3.6941639184951787 3.0000000000000004 6.208071470260621 112.00000000000001 2.5249279737472539 5.5169365406036386 3.0000000000000004 4.4845800399780282 56.000000000000007 1.0000000180025095e-35 24.000000000000004 6.208071470260621 6.6238393783569345 7.6172368526458749 5.7189338207244882 6.0000000000000009 7.3478908538818368 6.5000000000000009 2.6590600013732915 2.6155543327331547 12.000000000000002 1900.0000000000002 7.4223623275756845 5.9098556041717538 3.5000000000000004 4.5000000000000009 1.5000000000000002 15.500000000000002 4.0424354076385507 5.8303320407867441 3.8026961088180546 12.500000000000002 80.000000000000014 2.5000000000000004 180.00000000000003 7.6172368526458749 6.070054531097413 7.5000000000000009 2.8888261318206792 3.026044607162476 13.95478391647339 5.1720471382141122 4.9182729721069345 180.00000000000003 17.500000000000004 1.5000000000000002 4.8278014659881601
decision_type=2 2 2 2 2 2 2 2 2 2 2 2 2 2 2 2 2 2 2 2 2 2 2 2 2 2 2 2 2 2 2 2 2 2 2 2 2 2 2 2 2 2 2 2 2 2 2 2 2 2 2 2 2 2 2 2 2 2 2 2 2 2
left_child=1 2 3 4 -1 -4 7 8 9 -2 19 -12 13 20 22 16 18 -18 -15 -10 -9 -22 35 -23 37 26 27 -26 -27 30 -28 -32 -3 34 -34 -14 -6 -17 -39 44 41 45 -43 -44 46 49 47 -16 -48 -41 52 -52 54 55 -42 -54 57 -56 -55 61 -61 -60
right_child=6 32 5 -5 36 -7 -8 12 10 -11 11 -13 14 15 39 24 17 -19 -20 -21 21 23 -24 -25 25 28 29 -29 -30 -31 31 -33 33 -35 -36 -37 -38 38 -40 40 50 42 43 -45 -46 -47 48 -49 -50 -51 51 -53 53 58 56 -57 -58 -59 59 60 -62 -63
leaf_value=0.07033832434531842 0.015375783085197936 -0.0017325164018324292 -0.018507090374639792 -0.05094441627472876 0.014618242292063844 0.021117724623073885 -0.12472587136239047 -0.053950271042929224 0.056271265216511712 -0.091425645832084068 0.025798882417187665 0.11858234999926545 -0.079151917627712398 -0.001443811251509116 0.064281399968053099 0.027498113113748557 -0.004932038862917331 0.095189857123536198 -0.070703482668820608 -0.081385012178270835 -0.022313289253490382 0.20695014481818874 -0.081784748952747663 0.022838397044186692 -0.082864914502876155 0.016750943440070575 -0.083239324214880756 0.0024656429292383439 -0.026872816864293072 0.034733571888963581 -0.015939944330041613 0.053008888571001403 0.35795018514702681 0.38158229655856962 -0.05076155350362728 0.0030514775296855176 -0.001666414688364298 0.0087022421808384525 -0.10333018665270094 0.08022492064108698 -0.038144722589448454 -0.095117589660142193 0.76511454865885498 0.051881744270944198 -0.055220361695416359 -0.046048266858100095 0.017685512687512207 -0.071077056806613845 0.076976323606480823 -0.048231031801547419 -0.012764849578520128 0.1475506064459951 0.053289410782851598 0.0028694758781054926 0.015760194587164576 -0.0014434423610134132 -0.030738068334509674 0.094239264912425388 -0.01978368806076922 0.052758302878344189 -0.086755105102072516 -0.080512648438151174
leaf_weight=2.1632122659692632 42.491129188062551 1578.8272214145206 7.5772770359326378 4.5781069901786386 20.856341990387136 66.331616208771038 0.31563654085596127 4.9183347922458713 0.65160662940206726 1.5664538530064991 1.2564911747249428 2.5019248215776315 1.0385813899944043 4.0836139590891207 1.0080833087431398 36.307969100421801 6.5632694618044525 1.8369436173484244 3.9858094677748284 0.87468000747003227 2.1424726728578212 0.29036900050050451 2.5707344926888993 0.4996063700286868 3.3661981875732456 71.02167571853596 1.435285509604183 1.4460245596283128 3.7678511363762928 3.5203689188535918 4.3644993504073 1.6245370888428565 0.031741838343351314 0.038358444959157967 3.2548442747142863 3.027505568468257 265.20671978247572 2.6822411397035917 0.63068509944241657 1.0511901408617625 6.0918710135333844 2.3052371876739923 0.01733159785945293 0.07967751935074574 1.119892861040811 1.9961146139427048 6.023464445428063 1.5115514796972176 3.1465854872937982 0.4794876747366742 0.40441052048360759 0.50496820501682294 5.7702112133040284 9.36306897841426 36.220247357581101 4.4173299548595537 2.9611633785029374 1.2590276827519762 14.774316457775617 3.0914854903490143 1.3395846777852964 4.9401146798414777
leaf_count=32 96217 678670 486 90 806 4976 4442 8550 211 20290 141 316 8207 2472 2768 10889 4229 806 2832 379 990 367 79733 483 27029 41672 20534 6168 2567 7574 9742 3596 90 36 25064 6754 16047 1326 317 370 4290 30190 684 6372 3067 19315 49614 23433 17415 1380 9490 4611 3024 12114 53216 2089 60662 6100 17391 8998 6246 101560
internal_value=8.10831e-05 -0.000940116 0.00284256 -0.000744981 5.23735e-05 0.0170553 0.00628762 0.0064167 0.0163086 0.0115785 0.0557422 0.0875635 0.00461565 0.00907584 -0.00129822 0.0112097 -0.00881735 0.0169624 -0.0356539 -0.0226164 -0.0307802 0.00808079 -0.0426732 0.0905118 0.0137436 0.00919308 -0.0162485 -0.0572239 0.0145532 0.00176778 -0.0138635 0.00276255 -0.00181687 -0.041872 -0.0468142 -0.0179453 -0.00047913 0.0241432 -0.0126255 0.00120093 -0.00115703 -0.0392283 -0.0840356 0.179308 0.0190689 -0.00870824 0.0261859 -0.0169214 0.0380304 0.0399859 0.00131972 0.0762566 0.000564461 -0.00721264 0.00786754 0.0295572 0.0147987 0.0183965 -0.0183917 -0.0266363 0.0105811 -0.0350014
internal_weight=2269.52 1948.87 366.713 292.804 288.226 73.9089 320.659 320.343 49.3423 44.0576 5.2847 3.75842 271.001 154.488 116.513 146.637 16.4696 8.40021 8.06942 1.52629 7.85078 2.93245 6.63682 0.789975 130.167 90.5464 15.7569 4.81222 74.7895 10.9447 7.42432 5.98904 1582.15 3.32494 3.28659 4.06609 286.063 39.6209 3.31293 109.876 97.0668 5.92904 2.40225 0.0970091 12.8096 3.52679 11.6897 2.51963 9.17005 1.53068 91.1378 0.909379 90.2284 43.6961 46.5323 10.1875 40.4404 37.4793 33.5086 24.1455 4.43107 19.7144
internal_count=1539529 726297 22437 16975 16885 5462 813232 808790 117554 116507 1047 457 691236 152143 539093 141753 10339 5035 5304 590 10390 1840 94694 850 131414 118882 74643 33197 44239 41446 33872 13338 703860 25190 25154 14961 16853 12532 1643 444399 348102 58311 37246 7056 96297 21065 93230 26201 67029 1750 289791 14101 275690 151422 124268 5113 119978 59316 146309 134195 15244 118951
is_linear=0
shrinkage=0.1


Tree=117
num_leaves=63
num_cat=0
split_feature=46 46 18 46 45 44 18 21 28 28 13 19 22 3 3 18 27 42 37 39 32 18 28 23 35 29 31 37 3 37 29 24 3 27 39 18 0 18 0 5 19 26 31 23 0 46 47 19 1 15 18 5 4 35 3 28 27 0 14 4 42 3
split_gain=1.46838 0.630009 1.26529 1.44652 1.2731 0.815982 0.767958 0.635378 0.586796 1.91074 3.47485 3.25255 1.90001 2.5234 1.59525 1.53698 1.83997 1.43655 1.30024 1.59354 2.68231 1.18995 1.19886 1.17832 1.13607 1.49615 3.12964 2.63593 2.82634 2.58672 2.25079 2.22764 2.03095 2.03793 1.64959 1.97644 1.30488 1.25918 1.27012 1.25541 1.13571 1.33232 1.12639 1.38534 1.11866 1.44582 1.41123 1.19227 1.10301 1.08656 1.07541 1.06547 1.06384 1.0584 1.05576 1.21122 1.03078 0.986989 0.971771 0.961169 0.95195 1.5435
threshold=7.5000000000000009 10.500000000000002 13.95478391647339 9.5000000000000018 1.0000000180025095e-35 1.0000000180025095e-35 13.95478391647339 112.00000000000001 1.0000000180025095e-35 1.5000000000000002 1.4978661537170412 100.00000000000001 7168.0000000000009 5.7189338207244882 1.2424533367156985 12.489189624786379 5.5000000000000009 6.0000000000000009 3.0000000000000004 3.0000000000000004 6.0000000000000009 13.046368122100832 48.000000000000007 1900.0000000000002 3.5000000000000004 -1.0000000180025095e-35 56.000000000000007 3.0000000000000004 3.6941639184951787 6.0000000000000009 112.00000000000001 240501391360.00003 4.9182729721069345 1.0000000180025095e-35 3.0000000000000004 9.475347042083742 3.3576917648315434 7.4813475608825692 6.208071470260621 2.2386684417724614 280.00000000000006 1.0000000180025095e-35 88.000000000000014 2415.0000000000005 5.7189338207244882 1.5000000000000002 23.500000000000004 46.000000000000007 3.4319016933441167 2.9388679265975957 6.7990658283233651 1.2424533367156985 1.2424533367156985 3.5000000000000004 3.1549592018127446 48.000000000000007 2.5000000000000004 3.9495767354965214 3.6050398349761967 1.5890269279479983 3.0000000000000004 5.6077513694763192
decision_type=2 2 2 2 2 2 2 2 2 2 2 2 2 2 2 2 2 2 2 2 2 2 2 2 2 2 2 2 2 2 2 2 2 2 2 2 2 2 2 2 2 2 2 2 2 2 2 2 2 2 2 2 2 2 2 2 2 2 2 2 2 2
left_child=8 2 3 -2 -4 -6 -3 -7 14 10 -10 12 42 -14 52 24 18 21 -17 -20 -21 54 -23 -19 25 31 29 28 30 32 -28 39 33 -27 35 51 -26 -38 -39 40 -16 -42 44 -44 45 53 -46 -48 -25 -30 -35 -29 -1 -12 55 -11 -43 -34 -51 -52 -56 -62
right_child=1 6 4 -5 5 7 -8 -9 9 17 11 -13 13 -15 15 16 -18 23 19 20 -22 22 -24 48 36 26 27 34 49 -31 -32 -33 57 50 -36 -37 37 38 -40 -41 41 56 43 -45 46 -47 47 -49 -50 58 59 -53 -54 -55 60 -57 -58 -59 -60 -61 61 -63
leaf_value=0.022860211558682383 0.014316498071214184 0.0056885298460926034 -0.020433258019388067 -0.088448093081238799 0.12083605441989816 0.10333013850199423 -0.018874543748862636 -0.030354978723106437 0.0252115760897717 -0.064095983605296281 0.036713038698617931 -0.09127211320016039 -0.092522497345641608 0.028290272862819488 0.0032722055948944959 0.0057003097386536406 -0.058637415509690517 0.058463094450460898 0.083515595074315038 -0.080307741197709434 0.029272660959162772 -0.05284856275744193 -0.011267777317457978 0.056745194877499405 -0.082005289289777003 -0.093976840003370435 0.07643061022079288 -0.13207148067992328 -0.13015370095567602 0.038342574529865607 -0.038934973592679202 0.021627040280702458 0.068039566833787729 -0.17068637609043882 0.00023470900280526366 0.043110638616243036 -0.073110925703895532 0.034764147138366369 -0.030940849545325839 -0.053665019231817823 0.018078557757163702 -0.01767395580622352 -0.075641191124951254 0.010190974570412457 -0.067494445201999098 -0.10075454026600511 0.16077798136097932 -0.083431741668823153 0.00204494851988812 0.010174612606409124 0.00039422886464804505 0.014161493108861273 0.13760183599158296 -0.12923112048231605 -0.0016127961886259633 -0.0089253808050793609 -0.11947034354429927 -0.061290329624583112 -0.043212825042673111 -0.058587371069729867 -0.0028379814132898449 -0.041859021635077605
leaf_weight=1.9511595943897637 42.643943313117163 254.86224031796334 1.4223933984137591 1.4151978013421871 2.763757953667664 0.63176632442628011 13.397451897133207 0.81307206695964851 12.707692035964326 5.9467494928054547 11.670716271271973 8.1294937131534919 6.5220417703612821 2.3524529056753636 210.77895438782116 61.348235276117066 3.5358906263481904 3.7928266626420841 4.7245966201699039 2.4033140472893129 31.668844514407283 9.2559938216912752 27.639884681749209 3.7168185857203744 1.2516507303271307 3.1557920034392479 4.2729047880275166 1.0420840135775531 1.2703506615944231 5.3117671367126595 2.7989126650572871 51.574077336234041 0.60659110909091651 0.40537291338478354 137.93226455748436 16.713917697197758 1.320873639062486 24.35309274642373 3.3463078473059786 4.4572488620324284 11.506634951569138 46.316026328546286 4.3402803425069569 3.3179007690996514 3.28655802787216 0.89101678302040532 0.57050576599249314 0.30776394480017188 450.10755316342005 3.9779396486628711 23.399058953898024 0.95475732008344483 1.3792316996259615 0.39743759245720944 622.71849414236522 12.027714385093075 1.0165536169761242 21.685507467355848 23.857779864312761 3.1328272219307101 28.294736556071413 15.796215447024293
leaf_count=179 96725 677598 590 20290 232 80 17572 145 6690 5691 2608 59267 9892 2619 12783 2085 861 2011 561 353 2463 14072 5629 1102 248 583 159 190 50 1139 509 1820 271 47 21849 2094 214 4012 1971 56 220 1418 937 1094 3601 3216 548 497 165864 342 5814 129 63 226 321012 2266 1238 9653 7548 582 20474 15477
internal_value=7.67815e-05 0.0063776 0.0167204 0.0110157 0.0613564 0.0889991 0.0044618 0.0280998 -0.000952031 -0.00227209 -0.0205791 -0.0345046 -0.0207929 -0.0604974 0.00133079 0.00100697 0.0122585 -0.00142615 0.0147617 0.0290902 0.0215433 -0.0042054 -0.0216991 0.00295684 -0.000916671 -0.00190877 -0.00771868 -0.00160465 -0.0259336 -0.0281515 0.0307708 0.00256072 -0.0348939 -0.0179471 0.0040143 0.0318768 0.017966 0.0222778 0.0268265 -0.00102708 -0.000156888 -0.0124409 -0.00657473 -0.0384545 0.00768251 0.0221721 -0.037403 0.0752018 0.00249294 -0.0397109 -0.00903994 -0.0621526 0.0703787 0.031248 -0.00326285 -0.0271783 -0.0198602 -0.0577711 -0.0355833 -0.00657019 -0.00261819 -0.0168178
internal_weight=2265.19 317.95 49.6901 44.0591 5.63099 4.2086 268.26 1.44484 1947.24 1233.79 54.4939 41.7862 33.6567 8.87449 713.451 710.12 103.681 1179.3 100.145 38.7968 34.0722 721.68 36.8959 457.617 606.439 576.167 250.518 192.821 36.1779 57.6969 7.07182 325.649 52.3851 30.0931 156.643 18.7108 30.2719 29.0203 27.6994 274.075 269.618 58.8392 24.7822 7.65818 17.124 12.9592 4.16483 0.87827 453.824 29.1061 26.9373 1.99684 3.33039 12.0682 684.784 17.9745 47.3326 22.2921 27.8357 26.5319 666.809 44.091
internal_count=1539529 813232 118062 117015 1047 457 695170 225 726297 644793 91195 84505 25238 12511 81504 81262 6323 553598 5462 3377 2816 384621 19701 168977 74939 68494 50959 32870 8608 18089 668 17535 16950 7026 24262 2413 6445 6197 5983 15715 15659 2876 12727 2031 10696 6050 4646 1045 166966 7940 6443 319 242 2834 364920 7957 2656 9924 7890 6396 356963 35951
is_linear=0
shrinkage=0.1


Tree=118
num_leaves=63
num_cat=0
split_feature=46 46 18 45 46 18 44 28 28 28 15 20 3 47 21 0 47 3 23 3 46 47 15 0 47 18 0 28 0 19 28 21 19 28 0 18 45 35 36 3 16 35 19 38 22 12 19 3 28 5 45 42 34 42 12 13 18 42 0 1 42 42
split_gain=1.3241 0.84267 1.83693 1.35508 1.23608 1.11745 0.981532 0.600733 0.806052 1.25025 1.0352 0.839112 1.47452 0.814388 0.765433 0.961464 0.768167 0.708575 0.651806 0.722903 0.635884 0.622531 0.926161 0.70503 0.609427 0.733059 0.838909 0.836714 0.594614 0.555503 0.535692 0.526866 0.521399 0.520645 0.982522 0.522728 0.495896 0.843351 0.753526 0.885997 0.803001 0.732155 0.559512 0.653422 0.860017 0.828928 0.53095 0.494595 0.651703 0.489004 1.713 1.46872 1.93058 1.88453 1.47951 1.57822 1.18854 1.05155 2.50275 2.12822 2.38449 4.20466
threshold=7.5000000000000009 10.500000000000002 13.95478391647339 1.0000000180025095e-35 9.5000000000000018 13.95478391647339 1.0000000180025095e-35 96.000000000000014 1.0000000180025095e-35 6.0000000000000009 6.2383227348327646 48.000000000000007 4.4845800399780282 28.500000000000004 112.00000000000001 6.2556321620941171 16.500000000000004 6.6654760837554941 2352.0000000000005 6.2556321620941171 11.500000000000002 12.500000000000002 6.1414449214935312 4.8278014659881601 11.500000000000002 10.389364242553713 5.4679176807403573 24.000000000000004 5.1720471382141122 280.00000000000006 48.000000000000007 112.00000000000001 180.00000000000003 24.000000000000004 7.3478908538818368 8.0407161712646502 1.5000000000000002 10.000000000000002 2.5000000000000004 7.0592932701110849 1.2424533367156985 4.5000000000000009 100.00000000000001 3.5000000000000004 7168.0000000000009 1.0397207736968996 180.00000000000003 1.4978661537170412 -1.0000000180025095e-35 1.2424533367156985 1.0000000180025095e-35 3.0000000000000004 1.5000000000000002 6.0000000000000009 1.0397207736968996 2.4414010047912602 9.671854496002199 3.0000000000000004 3.026044607162476 2.6155543327331547 1.0000000180025095e-35 1.5000000000000002
decision_type=2 2 2 2 2 2 2 2 2 2 2 2 2 2 2 2 2 2 2 2 2 2 2 2 2 2 2 2 2 2 2 2 2 2 2 2 2 2 2 2 2 2 2 2 2 2 2 2 2 2 2 2 2 2 2 2 2 2 2 2 2 2
left_child=36 2 4 -4 -2 7 -5 8 13 10 -10 -11 24 32 15 18 -17 33 19 20 -9 -22 29 -24 25 27 -27 -13 -25 -23 -28 -8 -3 34 35 -14 41 38 46 40 42 49 -40 44 -44 -45 -38 48 -42 50 51 56 54 -54 -53 -56 -1 58 -51 -60 -61 -62
right_child=1 5 3 6 -6 -7 31 14 9 11 -12 12 17 -15 -16 16 -18 -19 -20 -21 21 22 23 28 -26 26 30 -29 -30 -31 -32 -33 -34 -35 -36 -37 37 -39 39 -41 47 -43 43 45 -46 -47 -48 -49 -50 57 -52 52 53 -55 55 -57 -58 -59 59 60 61 -63
leaf_value=0.016156262989129765 0.013759310487450447 -0.010167064226559486 -0.018065423034381339 0.12404393306931555 -0.085908931724025334 -0.024450845804312324 0.092822195588332698 0.0033673671784832252 -0.06801264695448335 0.023308877594172297 0.0092466133040600019 -0.11161272575041468 0.063603941630460126 -0.040173677482245297 0.023865356894896932 -0.042035789225337024 0.05787046503051433 0.035444283949769034 -0.051721173392015818 -0.033934721019143473 0.028915242815062178 -0.080941836957026059 0.26839958241244438 0.34318153618156105 -0.01036654614805896 -0.091033175541013256 -0.069335839196286511 0.035174085523242409 1.4321315005806943 0.12302797245673713 -0.0025386689445778174 -0.030929887844157084 0.01558644390716619 0.0061694920841201643 0.038899154069565206 -0.037773033945226644 -0.087072929843572358 -0.18031378772972287 -0.13056906998455758 -0.38054721483005799 0.12814684150188391 0.040246786711442967 -0.071462482888913173 0.039628608873931409 0.055702901816989163 0.16006775065398127 -0.023681083297735814 -0.011814378271278963 -0.012029860993557795 0.0012604847229206384 -0.068724015765418089 -0.016771910500156913 -0.054540167916726036 -0.0022633309318287132 -0.0022735087493644464 -0.084980486574626646 -0.00057712498064071635 0.0047356667933101011 0.043785282740605468 -0.00096340839800649518 -0.058927236957789897 -0.0096807846344230519
leaf_weight=46.742906457253582 42.872723752523804 8.9788790870445592 1.3748321031976036 3.3478553015593207 1.2815134310891583 13.24279375168919 0.61997963738576778 12.486134875853205 5.1387190027118441 13.120389886084352 2.6177833873407295 0.48188572519848039 0.53916516125147218 3.0741850906775872 34.379262583108471 6.2739198274890091 0.87721501494593201 6.6776594867826438 1.5717117488645715 2.7918772570367301 12.543788127722674 0.16803491028531503 0.069884976161347367 0.0091692731324712895 14.688301199071928 3.7056026997902141 1.9594510864301353 2.0002578061912573 0.011066174450235167 0.6500973889401962 3.1001171056104795 0.77293060360170784 63.162678641549661 41.844218128494703 2.4570488278404516 8.9792099850337692 1.5166829248622153 0.29341743152008248 0.1997987255608703 0.061795766005899533 0.59859251324087381 4.3743655712785303 0.97857486277416694 2.2895071752232927 1.1649298372392423 0.76152959433375134 10.254016255647022 25.247283790829897 0.74376301307347847 556.94028418159007 3.8976235926972995 46.923872307299689 7.1163360823131248 222.52752541865033 3.4102840737068618 7.1327754188990848 461.84902149399073 401.24232625504305 6.1015122893022626 55.259811868725819 28.021839056220756 45.469518138150761
leaf_count=12156 96725 10880 590 232 20290 17572 80 6789 191687 22372 45865 654 193 3108 33130 14965 3635 26583 3092 5060 4600 409 166 97 27240 6914 4034 671 140 2099 1351 145 53861 104024 17147 86832 4301 347 440 158 23 4084 3867 7010 675 1560 34329 13200 221 68913 18945 48459 7120 116167 1548 4646 225483 87013 617 4633 26174 34208
internal_value=0.000118607 0.00610141 0.0179808 0.0693449 0.0108666 0.00386982 0.0946941 0.0053443 0.00229559 -0.00326799 -0.041938 -0.000255092 -0.00383207 0.0102331 0.0130911 0.003201 -0.0297805 0.00471989 0.0109845 0.0144149 0.0196191 0.0347039 0.11465 0.418907 -0.0237803 -0.0412979 -0.0548835 0.00667675 0.938696 0.0811349 -0.0284076 0.0241517 0.0123811 0.000907767 -0.0174776 -0.0320306 -0.000861113 -0.0113429 -0.0102114 -0.00226362 -0.00153274 -0.000617387 0.0336459 0.0399621 -0.00235195 0.0696899 -0.0318493 -0.00866956 0.0504787 -0.000711835 -0.00259117 -0.00226722 -0.00798536 -0.00388332 -0.0243776 -0.0582279 0.000960782 0.000662973 -0.0016992 -0.0139227 -0.0166575 -0.0284582
internal_weight=2258.99 317.87 50.2698 6.1156 44.1542 267.601 4.74077 254.358 182.526 107.31 7.7565 99.5533 86.4329 75.2157 71.8322 37.4529 7.15113 60.4973 30.3018 28.7301 25.9382 13.452 0.908253 0.0901204 25.9356 11.2473 8.76517 2.48214 0.0202354 0.818132 5.05957 1.39291 72.1416 53.8196 11.9754 9.51838 1941.12 44.1099 43.8165 32.0458 31.984 1897.01 5.39434 5.19454 2.1435 3.05104 11.7707 26.5896 1.34236 1892.64 799.6 795.703 287.111 229.644 57.4669 10.5431 508.592 1093.04 691.793 134.853 128.751 73.4914
internal_count=1539529 813232 118062 1047 117015 695170 457 677598 603416 535567 237552 298015 275643 67849 74182 41052 18600 234779 22452 19360 14300 7511 2911 403 40864 13624 12299 1325 237 2508 5385 225 64741 208196 104172 87025 726297 66131 65784 27154 26996 660166 13552 13112 4542 8570 38630 13444 244 656082 434524 415579 177940 123287 54653 6194 237639 221558 134545 65632 65015 60382
is_linear=0
shrinkage=0.1


Tree=119
num_leaves=63
num_cat=0
split_feature=46 46 18 46 45 47 0 50 3 39 0 21 44 15 14 3 37 34 34 31 13 50 50 49 1 51 15 1 46 50 28 0 47 22 46 47 0 15 47 44 13 47 24 50 14 42 24 5 3 28 22 18 16 18 8 22 34 36 28 42 36 18
split_gain=1.34049 0.566249 1.24294 1.03697 0.980817 0.716807 1.18896 1.01094 0.715057 1.01483 1.29962 0.862921 0.644062 0.630588 0.625319 0.622439 0.716155 0.537219 0.491169 0.486008 0.482863 0.455576 0.754111 0.684189 0.606232 0.596296 0.851981 0.678377 1.67981 1.12361 0.746106 0.649748 0.713767 0.555497 0.553681 0.571302 0.719398 0.544237 0.536275 0.48589 0.711921 0.46484 0.921187 0.640886 0.470935 0.445037 1.63498 1.48242 1.26291 0.970753 2.04633 1.43612 0.926635 2.27516 2.26126 3.30081 1.42321 1.33439 1.15984 1.14721 1.48471 1.15348
threshold=7.5000000000000009 10.500000000000002 13.95478391647339 9.5000000000000018 1.0000000180025095e-35 1.0000000180025095e-35 3.6941639184951787 1.0000000180025095e-35 3.6941639184951787 3.0000000000000004 6.208071470260621 112.00000000000001 1.0000000180025095e-35 3.0677825212478642 2.9944807291030888 5.5169365406036386 3.0000000000000004 1.5000000000000002 1.5000000000000002 56.000000000000007 2.5249279737472539 3.5000000000000004 4.5000000000000009 1.5000000000000002 5.8303320407867441 1.5000000000000002 3.3576917648315434 5.8303320407867441 12.500000000000002 9.5000000000000018 96.000000000000014 3.026044607162476 18.500000000000004 7168.0000000000009 12.500000000000002 10.500000000000002 4.4845800399780282 4.6510493755340585 15.500000000000002 1.0000000180025095e-35 1.4978661537170412 12.500000000000002 17137926144.000002 2.5000000000000004 4.4845800399780282 1.0000000180025095e-35 240501391360.00003 2.2386684417724614 0.89587974548339855 96.000000000000014 7168.0000000000009 10.307055950164797 0.89587974548339855 11.182208061218263 0.89587974548339855 7168.0000000000009 7.0000000000000009 5.0000000000000009 96.000000000000014 6.0000000000000009 7.0000000000000009 9.9389886856079119
decision_type=2 2 2 2 2 2 2 2 2 2 2 2 2 2 2 2 2 2 2 2 2 2 2 2 2 2 2 2 2 2 2 2 2 2 2 2 2 2 2 2 2 2 2 2 2 2 2 2 2 2 2 2 2 2 2 2 2 2 2 2 2 2
left_child=45 2 3 -2 20 6 15 13 9 11 17 -8 -6 -7 -10 -3 -17 -11 -12 -18 -4 24 23 33 41 27 39 34 -29 -30 -31 32 -28 -23 35 36 -24 -35 -25 40 -27 42 44 -43 -9 46 47 48 -1 -50 51 -51 53 56 55 58 -47 -57 -55 60 -54 -62
right_child=1 5 4 -5 12 7 8 21 14 10 18 -13 -14 -15 -16 16 19 -19 -20 -21 -22 22 25 38 -26 26 31 28 29 30 -32 -33 -34 37 -36 -37 -38 -39 -40 -41 -42 43 -44 -45 -46 52 -48 -49 49 50 -52 -53 59 54 -56 57 -58 -59 -60 -61 61 -63
leaf_value=0.12353437009053317 0.012632455306971086 -0.051675961224150524 0.049352091709001483 -0.083147093048470816 0.10560946056799612 -0.005011970613547574 -0.0023166201458556775 -0.051938450531285721 0.091158825949452738 0.011440715631101916 0.13048316113377773 -0.068736878597132414 0.024219571188121722 -0.068707607007038637 0.012744538315179285 -0.024914300649820916 0.16605266391392995 -0.054383834161145873 0.024705999491910539 0.016748790768635721 -0.068924934095385235 -0.059506992427324247 0.0096717685123093467 -0.092917547621161792 -0.055102888223608482 0.12147074480732328 -0.074132539341780851 -0.025519075265359226 -0.092819831221571295 0.39102191502434769 1.0978737229832445 -0.038003540879255809 0.063692861454483538 0.060054403836669018 -0.056407372102180234 0.013575483318245133 -0.066913444287019064 -0.049782531483835137 0.12279190999194463 -0.011331073069509522 0.01534986262011654 0.015296124920492558 -0.067420836935348921 0.069887321849833581 0.097180005484151344 0.00029929115574769743 0.015299325233478709 -0.056004926256600474 0.00087532351324023656 -0.13282468808730186 -0.068812571885177989 -0.0026000896570994771 -0.0026174117188326679 -0.061518435204547431 0.0057458843169902159 -0.0018630380516819556 -0.063334952623508509 -0.047618079469240723 -0.019227805603100574 0.0037109930469060417 0.040916729251367578 -0.053430958468946355
leaf_weight=0.82550792199651724 42.869823942938972 4.777086666844979 0.63519909568958588 1.1609838635843122 3.2036951203681383 2.78183114767599 4.0003293287500137 0.2921139398385979 1.0251836373081449 4.7201824814186466 1.1291825983148553 3.8275064676538477 1.3959054208817177 3.5221993549163351 127.05406659340647 2.1568139641791508 0.38657037795155691 1.6815728584055589 0.71818548183136943 0.50004293497431718 0.75592603472250541 1.3273121991789616 3.0075542630762433 2.07451842763377 1.0350058320659776 0.80340415181672176 0.5202021165798657 8.8704527839166154 0.038490898181749666 0.061215271595870036 0.019750934741750825 11.723484364896953 1.3531390467378515 1.3608343211176364 1.265981814783635 52.083036818209656 2.0712083118573901 0.67482473641068441 0.12203180779207645 4.2569290256760723 2.9659188843811624 5.9913018172799699 1.3948874878070503 3.3545343258903628 0.77017006867163218 218.42764415994674 73.445965811413998 4.7758762015291714 547.3369524043668 0.86824359185993571 6.0391292854310441 34.358735166097176 529.53115624525935 25.257415549537939 28.548311446122398 38.101175035465474 3.5721732275687819 7.6543888848213433 8.7252445173535289 398.07990021408921 1.5075310611082375 9.2275725063896044
leaf_count=18 96725 8550 211 20290 232 5717 2472 338 139 1879 332 2832 225 89704 131277 990 367 2350 474 483 379 17344 2041 30929 3100 66 479 6491 347 667 83 44446 310 908 36150 181842 15917 2813 7056 1970 602 49819 23599 17821 2466 85879 5462 90 111765 141 6866 5736 175037 169547 8774 24656 2760 12277 21104 78286 1638 16261
internal_value=0.00011916 0.00616093 0.0159214 0.010107 0.0586565 0.00432352 0.00881679 -0.00168016 0.0108769 -0.00900191 0.0154725 -0.0347935 0.0809089 -0.0406001 0.0133722 -0.0291579 0.00618732 -0.00584966 0.0893611 0.0818465 -0.0149187 0.000603505 -0.00179535 -0.0375265 0.0182801 0.000435631 -0.0140143 0.00507019 -0.0205028 0.351991 0.563452 -0.0292651 0.0254206 -0.00917485 0.00900494 0.0104536 -0.021561 0.0236433 -0.0809336 0.0118213 0.0379688 0.024715 -0.0139882 0.0348907 0.0561744 -0.000866044 0.00122377 -0.000516026 -6.64245e-05 -0.000239773 -0.01503 -0.00580975 -0.00196586 -0.00652122 -0.0184049 -0.0270515 -0.00072464 -0.00951734 -0.0506601 -0.000362429 -0.00336382 -0.0401817
internal_weight=2252.02 315.741 50.0215 44.0308 5.99073 265.719 151.977 113.742 144.156 16.077 8.24912 7.82784 4.5996 6.30403 128.079 7.82051 3.04343 6.40176 1.84737 0.886613 1.39113 107.438 94.6003 5.55952 12.838 89.0408 21.6231 67.4177 8.98991 0.119457 0.0809662 13.5968 1.87334 3.36297 58.4278 57.1618 5.07876 2.03566 2.19655 8.02625 3.76932 11.803 2.45717 9.34584 1.06228 1936.28 667.65 594.204 589.429 588.603 41.2661 35.227 1268.63 330.286 108.287 79.7382 222 45.7556 33.9827 938.346 540.266 10.7351
internal_count=1539529 813232 118062 117015 1047 695170 152145 543025 141755 10339 5035 5304 457 95421 131416 10390 1840 4229 806 850 590 447604 350461 59050 97143 291411 47873 243538 7588 1097 750 45235 789 21065 235950 199800 17958 3721 37985 2638 668 94043 26403 67640 2804 726297 130078 124616 124526 124508 12743 5877 596219 324997 236358 227584 88639 36933 190651 271222 192936 17899
is_linear=0
shrinkage=0.1


Tree=120
num_leaves=63
num_cat=0
split_feature=50 23 45 28 3 14 44 45 15 0 28 0 45 45 28 0 19 28 0 28 47 47 15 0 3 0 45 3 15 18 49 3 19 0 28 3 3 28 3 14 28 20 0 14 0 22 3 0 3 3 49 15 0 0 3 3 3 28 0 14 3 47
split_gain=1.27456 0.543545 3.31929 0.956739 1.1011 0.813389 0.730069 0.728372 0.6883 0.675638 0.577777 0.773499 0.760984 2.03272 1.16751 1.18777 1.54511 1.07453 1.05856 1.0016 0.500436 0.494963 0.516411 0.5508 0.560329 0.467223 0.604194 0.452469 0.449156 0.431637 0.428564 0.563879 0.528874 0.535965 0.720497 1.10395 0.664279 1.10488 1.11417 1.18178 0.902056 0.568465 0.524653 0.498704 0.614842 0.511119 0.497 0.452991 0.432958 0.419008 0.411511 1.75426 1.37281 0.827604 0.557644 0.406178 0.394289 0.385824 0.383661 0.375237 0.362901 0.361585
threshold=17.500000000000004 2202.0000000000005 3.5000000000000004 96.000000000000014 5.4679176807403573 5.6077513694763192 1.0000000180025095e-35 2.5000000000000004 6.2858872413635263 6.2556321620941171 48.000000000000007 7.0003080368042001 2.5000000000000004 3.5000000000000004 -1.0000000180025095e-35 7.2159059047698983 180.00000000000003 6.0000000000000009 6.2556321620941171 1.0000000180025095e-35 16.500000000000004 16.500000000000004 4.1426305770874032 3.6941639184951787 6.9206013679504403 6.1245300769805917 2.5000000000000004 5.6077513694763192 3.8026961088180546 13.95478391647339 13.500000000000002 6.9047427177429208 46.000000000000007 6.4873874187469491 6.0000000000000009 5.5169365406036386 6.8165824413299569 6.0000000000000009 6.2383227348327646 6.0519120693206796 12.000000000000002 48.000000000000007 7.5729410648345956 4.2844183444976816 7.4781594276428232 7168.0000000000009 6.070054531097413 5.4679176807403573 5.1720471382141122 3.6941639184951787 6.5000000000000009 4.6510493755340585 4.8278014659881601 4.4845800399780282 5.1720471382141122 4.4845800399780282 7.4813475608825692 1.0000000180025095e-35 7.6289963722229013 4.2844183444976816 3.3576917648315434 6.5000000000000009
decision_type=2 2 2 2 2 2 2 2 2 2 2 2 2 2 2 2 2 2 2 2 2 2 2 2 2 2 2 2 2 2 2 2 2 2 2 2 2 2 2 2 2 2 2 2 2 2 2 2 2 2 2 2 2 2 2 2 2 2 2 2 2 2
left_child=61 2 3 5 9 7 56 8 -2 -5 12 21 14 17 15 50 -17 18 -14 28 25 22 -12 -24 -25 26 -6 -4 -15 -23 31 43 48 36 35 42 37 38 39 -34 47 -36 -35 45 -45 -16 -43 -38 -32 -39 51 -8 -53 54 -52 -55 -3 -9 -46 -30 -47 -1
right_child=1 6 27 4 20 -7 10 57 -10 -11 11 -13 13 19 30 16 -18 -19 -20 -21 -22 29 23 24 -26 -27 -28 -29 59 -31 32 -33 33 34 41 -37 40 49 -40 -41 -42 46 -44 44 58 60 -48 -49 -50 -51 53 52 -54 55 -56 -57 -58 -59 -60 -61 -62 -63
leaf_value=-0.0016995439711373749 -0.017706404987651275 -0.019321009682267618 -0.017728481302650683 0.060381756842490843 0.015715738293805178 0.050148949531394094 0.092609039555606384 0.092039726532204907 0.049928585030569336 -0.004148188739984765 -0.041320768193255197 0.063180782624721085 -0.037743204563218474 -0.07230276475340823 -0.11613133344490226 -0.11864673667315702 0.073314069768955756 -0.013127796820664448 -0.14784610018312208 -0.02347733897260372 0.083972858075162693 -0.045933561214221819 -0.060332874874523407 0.04318174154632981 -0.03696248797321347 -0.080497146957367399 -0.085220269172659319 -0.060993878534022897 -0.034678910478912875 0.11151281565338221 -0.0365798782365356 0.070012186906872859 -0.17171072734181347 0.086152305348786026 -0.093551607526023262 -0.11854679703110352 0.12264980515526128 -0.062773769377912417 0.089563538790052688 0.045772841447049434 -0.22668552578103249 -0.016622569892267493 -0.126211846647174 -0.05841951349516411 0.078129636303343422 -0.085857330136865806 0.33958739787232017 -0.097943780034648126 0.29277002800876584 0.062973980122630946 -0.084217282329676263 0.10129095022199497 -0.11842549238361143 0.009453684856669229 0.07133204844299644 0.085537432479661446 -0.14529491733033004 0.028070618443980778 -0.090029866645180243 0.079684850129556645 0.16172017282116527 0.0018482471995557863
leaf_weight=1779.0358527641636 5.8936684006198856 8.8772502746973565 6.2810142697063025 3.5726225206290092 1.9542293502599934 20.075562631792707 1.507241122424601 1.4958321429548957 2.0204729831896202 2.9725021265294345 1.2068548381685129 3.7559462829958639 1.6443393599273277 0.24577919851435615 0.12675061917116615 1.0445659203105595 0.70050767823704507 2.7993833283354945 1.8619913619963879 2.7328489583765361 0.34867578983994452 1.9709140272457255 0.65721469721756776 8.0436225494777283 0.9784873300232001 1.772639930131845 0.8514139454346149 3.9293257197538054 0.31934034664300304 0.19099543292895749 0.061279894696780413 0.5496729990136372 0.72535230269588147 1.1430486345691409 1.5676883777050532 0.44432762411361171 0.19867294302912331 0.2828833449870557 0.45179735595297632 0.38113919130319118 0.24799704989345628 0.12868672958757077 0.12951654642529309 4.6512714836019313 0.57967660506983509 0.072913515636173543 0.056307880635358742 0.17516573891407461 0.11448249110981124 4.1882076203996803 0.59817085004760873 0.38524999888613809 1.0859919840004293 0.81229608596186142 0.3749339216738008 5.1521363575557189 0.2556126421650341 2.5505394939316091 0.17713658972934354 2.8241397298024822 0.31493015763589938 342.59294775834564
leaf_count=820619 2835 3312 4202 451 180 8363 73 184 900 568 238 1362 1519 73 355 117 122 2181 1358 4385 274 2425 74 1276 110 181 94 2177 46 105 87 231 727 596 369 225 52 220 223 231 60 383 52 3305 314 80 54 74 80 874 95 30 166 90 46 603 61 2239 59 572 202 666706
internal_value=-0.00055842 0.0094454 0.0169342 0.0289761 0.00419558 0.0378499 0.0034227 0.0172062 -0.000439255 0.0310751 0.00758343 0.0231921 0.00116388 -0.0194776 0.010187 0.034488 -0.0415898 -0.0593272 -0.0962119 0.0215671 -0.0315121 0.0116812 0.0203607 0.0280514 0.0344897 -0.0403073 -0.0149148 -0.0343786 0.0578877 -0.0320238 -0.00671186 -0.0268756 0.00596293 0.00297627 -0.0288857 0.0171567 0.0195969 0.029746 -0.0427651 -0.0967969 -0.0788095 -0.073988 0.0645387 -0.0358676 -0.0448186 0.0582025 0.0917991 0.0192885 0.177942 0.055018 0.0478766 0.0167862 -0.060892 0.0612246 -0.0242847 0.0751756 -0.0228468 0.0517182 0.0387709 0.0680668 0.115176 -0.00112666
internal_weight=2242.14 120.513 53.7185 43.5082 11.4721 32.0361 66.7947 11.9605 7.91414 6.54512 57.6619 16.804 40.8578 12.4278 28.43 11.6611 1.74507 6.30571 3.50633 6.12211 4.92696 13.0481 10.8862 9.67932 9.02211 4.57828 2.80564 10.2103 3.38926 2.16191 16.7689 6.47235 10.2966 10.1208 3.46958 1.71689 6.65122 6.02938 1.55829 1.10649 0.621836 1.75268 1.27257 5.92268 5.40808 0.514594 0.184995 0.373839 0.175762 4.47109 9.91602 2.97848 1.47124 6.93754 0.973105 5.96443 9.13286 4.04637 0.756813 3.14348 0.387844 2121.63
internal_count=1539265 51940 22648 16269 1748 14521 29292 6158 3735 1019 25919 5590 20329 10134 10195 1342 239 5058 2877 5076 729 4228 1698 1460 1386 455 274 6379 691 2530 8853 4546 4307 4140 1679 873 2461 2275 1181 958 186 806 648 4315 3678 637 437 126 167 1094 1103 269 196 834 141 693 3373 2423 373 618 282 1487325
is_linear=0
shrinkage=0.1


end of trees

feature_importances:
arg_split_k=809
log_channels=598
log_output_channels=509
arg_named_BlkTile=413
log_bxs=377
cu_count=335
log_cpg=315
arg_cat0=303
log_opg=290
arg_named_VmemReadVec=203
arg_pos1=190
log_n_mini_batch_size=188
arg_named_WaveMap=185
arg_pos2=177
arg_pos7=177
l2_cache_total_kb=168
arg_pos3=154
vram_bytes=136
log_farea=132
arg_named_BlkGemmPipelineVersion=132
arg_pos9=131
log_stride_height=128
arg_template_variant=126
arg_pos0=120
boost_clock_mhz=118
arg_pos13=110
log_height=94
arg_pos6=88
dtype_code=84
arg_pos5=84
lds_size_per_workgroup_kb=78
arg_pos10=69
arg_named_WaveTile=62
arg_pos8=61
log_filter_height_y=56
wave_size=42
arg_pos4=39
log_groups=36
arg_named_BlkGemmPipelineScheduler=31
arg_named_BlkGemmPipelinePrefetchStages=31
log_stride_width=25
log_width=23
log_filter_width_x=22
arg_pos15=17
arg_pos14=14
log_pad_height=9
log_pad_width=9
log_spatial=3
log_dilation_height=1

parameters:
[boosting: gbdt]
[objective: lambdarank]
[metric: ndcg]
[tree_learner: serial]
[device_type: cpu]
[data_sample_strategy: bagging]
[data: ]
[valid: ]
[num_iterations: 1000]
[learning_rate: 0.1]
[num_leaves: 63]
[num_threads: 6]
[seed: 660236]
[deterministic: 1]
[force_col_wise: 0]
[force_row_wise: 0]
[histogram_pool_size: -1]
[max_depth: -1]
[min_data_in_leaf: 50]
[min_sum_hessian_in_leaf: 0.001]
[bagging_fraction: 0.9]
[pos_bagging_fraction: 1]
[neg_bagging_fraction: 1]
[bagging_freq: 5]
[bagging_seed: 25103]
[bagging_by_query: 0]
[feature_fraction: 0.9]
[feature_fraction_bynode: 1]
[feature_fraction_seed: 1948]
[extra_trees: 0]
[extra_seed: 8830]
[early_stopping_round: 0]
[early_stopping_min_delta: 0]
[first_metric_only: 0]
[max_delta_step: 0]
[lambda_l1: 0]
[lambda_l2: 0]
[linear_lambda: 0]
[min_gain_to_split: 0]
[drop_rate: 0.1]
[max_drop: 50]
[skip_drop: 0.5]
[xgboost_dart_mode: 0]
[uniform_drop: 0]
[drop_seed: 10892]
[top_rate: 0.2]
[other_rate: 0.1]
[min_data_per_group: 100]
[max_cat_threshold: 32]
[cat_l2: 10]
[cat_smooth: 10]
[max_cat_to_onehot: 4]
[top_k: 20]
[monotone_constraints: ]
[monotone_constraints_method: basic]
[monotone_penalty: 0]
[feature_contri: ]
[forcedsplits_filename: ]
[refit_decay_rate: 0.9]
[cegb_tradeoff: 1]
[cegb_penalty_split: 0]
[cegb_penalty_feature_lazy: ]
[cegb_penalty_feature_coupled: ]
[path_smooth: 0]
[interaction_constraints: ]
[verbosity: -1]
[saved_feature_importance_type: 0]
[use_quantized_grad: 0]
[num_grad_quant_bins: 4]
[quant_train_renew_leaf: 0]
[stochastic_rounding: 1]
[linear_tree: 0]
[max_bin: 255]
[max_bin_by_feature: ]
[min_data_in_bin: 3]
[bin_construct_sample_cnt: 200000]
[data_random_seed: 26171]
[is_enable_sparse: 1]
[enable_bundle: 1]
[use_missing: 1]
[zero_as_missing: 0]
[feature_pre_filter: 1]
[pre_partition: 0]
[two_round: 0]
[header: 0]
[label_column: ]
[weight_column: ]
[group_column: ]
[ignore_column: ]
[categorical_feature: ]
[forcedbins_filename: ]
[precise_float_parser: 0]
[parser_config_file: ]
[objective_seed: 19842]
[num_class: 1]
[is_unbalance: 0]
[scale_pos_weight: 1]
[sigmoid: 1]
[boost_from_average: 1]
[reg_sqrt: 0]
[alpha: 0.9]
[fair_c: 1]
[poisson_max_delta_step: 0.7]
[tweedie_variance_power: 1.5]
[lambdarank_truncation_level: 30]
[lambdarank_norm: 1]
[label_gain: 0,1,2,3,4,5,6,7,8,9,10,11,12,13,14,15]
[lambdarank_position_bias_regularization: 0]
[eval_at: 1]
[multi_error_top_k: 1]
[auc_mu_weights: ]
[num_machines: 1]
[local_listen_port: 12400]
[time_out: 120]
[machine_list_filename: ]
[machines: ]
[gpu_platform_id: -1]
[gpu_device_id: -1]
[gpu_use_dp: 0]
[num_gpu: 1]

end of parameters

pandas_categorical:[]
