2026-05-07T17:21:14.3611955Z Current runner version: '2.334.0'
2026-05-07T17:21:14.3616130Z Runner name: 'windows-strix-halo-gpu-rocm-4'
2026-05-07T17:21:14.3616563Z Runner group name: 'default'
2026-05-07T17:21:14.3617032Z Machine name: 'SHARK-STRIXHALO'
2026-05-07T17:21:14.3618422Z ##[group]GITHUB_TOKEN Permissions
2026-05-07T17:21:14.3619750Z Contents: read
2026-05-07T17:21:14.3620084Z Metadata: read
2026-05-07T17:21:14.3620470Z ##[endgroup]
2026-05-07T17:21:14.3631671Z Secret source: Actions
2026-05-07T17:21:14.3631981Z Prepare workflow directory
2026-05-07T17:21:14.4598773Z Prepare all required actions
2026-05-07T17:21:14.4624172Z Getting action download info
2026-05-07T17:21:14.9223037Z Download action repository 'actions/checkout@de0fac2e4500dabe0009e67214ff5f5447ce83dd' (SHA:de0fac2e4500dabe0009e67214ff5f5447ce83dd)
2026-05-07T17:21:15.4763468Z Download action repository 'actions/checkout@08c6903cd8c0fde910a37f88322edcfb5dd907a8' (SHA:08c6903cd8c0fde910a37f88322edcfb5dd907a8)
2026-05-07T17:21:16.0933723Z Uses: ROCm/rocm-libraries/.github/workflows/therock-test-component.yml@refs/pull/6605/merge (e7a12bd69cd5053b78e9b4bb379dea8548ce4c2d)
2026-05-07T17:21:16.0937222Z ##[group] Inputs
2026-05-07T17:21:16.0937767Z   artifact_run_id: 25502124030
2026-05-07T17:21:16.0938321Z   amdgpu_families: gfx1151
2026-05-07T17:21:16.0938867Z   test_runs_on: windows-gfx1151-gpu-rocm
2026-05-07T17:21:16.0939464Z   platform: windows
2026-05-07T17:21:16.0941835Z   component: {
  "job_name": "hipdnn",
  "fetch_artifact_args": "--hipdnn --tests",
  "timeout_minutes": 5,
  "test_script": "python build_tools/github_actions/test_executable_scripts/test_hipdnn.py",
  "platform": [
    "linux",
    "windows"
  ],
  "total_shards_dict": {
    "linux": 1,
    "windows": 1
  },
  "test_type": "standard",
  "shard_arr": [
    1
  ],
  "total_shards": 1
}
2026-05-07T17:21:16.0944151Z ##[endgroup]
2026-05-07T17:21:16.0945956Z Complete job name: Windows (hipdnn-integration-tests,hipdnn_install,hipkernelprovider,hipdnn,fusilliprovider,hipdnn-samples,miopenprovider,hipblasltprovider | gfx1151) / Test (gfx1151) / Test hipdnn / Test hipdnn (shard 1 of 1)
2026-05-07T17:21:16.1760818Z ##[group]Run actions/checkout@de0fac2e4500dabe0009e67214ff5f5447ce83dd
2026-05-07T17:21:16.1761828Z with:
2026-05-07T17:21:16.1762241Z   repository: ROCm/TheRock
2026-05-07T17:21:16.1762738Z   sparse-checkout: build_tools
2026-05-07T17:21:16.1763226Z   path: prejob
2026-05-07T17:21:16.1763811Z   token: ***
2026-05-07T17:21:16.1764193Z   ssh-strict: true
2026-05-07T17:21:16.1764597Z   ssh-user: git
2026-05-07T17:21:16.1765016Z   persist-credentials: true
2026-05-07T17:21:16.1765472Z   clean: true
2026-05-07T17:21:16.1765886Z   sparse-checkout-cone-mode: true
2026-05-07T17:21:16.1766392Z   fetch-depth: 1
2026-05-07T17:21:16.1766786Z   fetch-tags: false
2026-05-07T17:21:16.1767205Z   show-progress: true
2026-05-07T17:21:16.1767698Z   lfs: false
2026-05-07T17:21:16.1768079Z   submodules: false
2026-05-07T17:21:16.1768495Z   set-safe-directory: true
2026-05-07T17:21:16.1769054Z env:
2026-05-07T17:21:16.1769582Z   VENV_DIR: C:\runner\_work\rocm-libraries\rocm-libraries/.venv
2026-05-07T17:21:16.1770235Z   ARTIFACT_RUN_ID: 25502124030
2026-05-07T17:21:16.1770715Z   OUTPUT_ARTIFACTS_DIR: ./build
2026-05-07T17:21:16.1771206Z   THEROCK_BIN_DIR: ./build/bin
2026-05-07T17:21:16.1771675Z   AMDGPU_FAMILIES: gfx1151
2026-05-07T17:21:16.1772134Z   ARTIFACT_GROUP: gfx1151
2026-05-07T17:21:16.1772658Z   TEST_COMPONENT: hipdnn
2026-05-07T17:21:16.1773099Z ##[endgroup]
2026-05-07T17:21:16.3463706Z Syncing repository: ROCm/TheRock
2026-05-07T17:21:16.3465130Z ##[group]Getting Git version info
2026-05-07T17:21:16.3465940Z Working directory is 'C:\runner\_work\rocm-libraries\rocm-libraries\prejob'
2026-05-07T17:21:16.3467121Z [command]"C:\Program Files\Git\cmd\git.exe" version
2026-05-07T17:21:16.3663781Z git version 2.50.1.windows.1
2026-05-07T17:21:16.3691698Z ##[endgroup]
2026-05-07T17:21:16.3705580Z Temporarily overriding HOME='C:\runner\_work\_temp\77ec47a1-8028-4f13-be61-f0899ff5228c' before making global git config changes
2026-05-07T17:21:16.3708288Z Adding repository directory to the temporary git global config as a safe directory
2026-05-07T17:21:16.3710011Z [command]"C:\Program Files\Git\cmd\git.exe" config --global --add safe.directory C:\runner\_work\rocm-libraries\rocm-libraries\prejob
2026-05-07T17:21:16.4032149Z ##[group]Initializing the repository
2026-05-07T17:21:16.4039183Z [command]"C:\Program Files\Git\cmd\git.exe" init C:\runner\_work\rocm-libraries\rocm-libraries\prejob
2026-05-07T17:21:16.4312005Z Initialized empty Git repository in C:/runner/_work/rocm-libraries/rocm-libraries/prejob/.git/
2026-05-07T17:21:16.4348337Z [command]"C:\Program Files\Git\cmd\git.exe" remote add origin https://github.com/ROCm/TheRock
2026-05-07T17:21:16.4636512Z ##[endgroup]
2026-05-07T17:21:16.4637461Z ##[group]Disabling automatic garbage collection
2026-05-07T17:21:16.4642787Z [command]"C:\Program Files\Git\cmd\git.exe" config --local gc.auto 0
2026-05-07T17:21:16.4881586Z ##[endgroup]
2026-05-07T17:21:16.4882381Z ##[group]Setting up auth
2026-05-07T17:21:16.4883010Z Removing SSH command configuration
2026-05-07T17:21:16.4888863Z [command]"C:\Program Files\Git\cmd\git.exe" config --local --name-only --get-regexp core\.sshCommand
2026-05-07T17:21:16.5091880Z [command]"C:\Program Files\Git\cmd\git.exe" submodule foreach --recursive "sh -c \"git config --local --name-only --get-regexp 'core\.sshCommand' && git config --local --unset-all 'core.sshCommand' || :\""
2026-05-07T17:21:19.0031124Z Removing HTTP extra header
2026-05-07T17:21:19.0035785Z [command]"C:\Program Files\Git\cmd\git.exe" config --local --name-only --get-regexp http\.https\:\/\/github\.com\/\.extraheader
2026-05-07T17:21:19.0266688Z [command]"C:\Program Files\Git\cmd\git.exe" submodule foreach --recursive "sh -c \"git config --local --name-only --get-regexp 'http\.https\:\/\/github\.com\/\.extraheader' && git config --local --unset-all 'http.https://github.com/.extraheader' || :\""
2026-05-07T17:21:21.4959780Z Removing includeIf entries pointing to credentials config files
2026-05-07T17:21:21.4967615Z [command]"C:\Program Files\Git\cmd\git.exe" config --local --name-only --get-regexp ^includeIf\.gitdir:
2026-05-07T17:21:21.5211877Z [command]"C:\Program Files\Git\cmd\git.exe" submodule foreach --recursive "git config --local --show-origin --name-only --get-regexp remote.origin.url"
2026-05-07T17:21:24.0027346Z [command]"C:\Program Files\Git\cmd\git.exe" config --file C:\runner\_work\_temp\git-credentials-a03caa8a-3afd-4d13-9c92-54036fa45c7e.config http.https://github.com/.extraheader "AUTHORIZATION: basic ***"
2026-05-07T17:21:24.0319036Z [command]"C:\Program Files\Git\cmd\git.exe" config --local includeIf.gitdir:C:/runner/_work/rocm-libraries/rocm-libraries/prejob/.git.path C:\runner\_work\_temp\git-credentials-a03caa8a-3afd-4d13-9c92-54036fa45c7e.config
2026-05-07T17:21:24.0545148Z [command]"C:\Program Files\Git\cmd\git.exe" config --local includeIf.gitdir:C:/runner/_work/rocm-libraries/rocm-libraries/prejob/.git/worktrees/*.path C:\runner\_work\_temp\git-credentials-a03caa8a-3afd-4d13-9c92-54036fa45c7e.config
2026-05-07T17:21:24.0755493Z [command]"C:\Program Files\Git\cmd\git.exe" config --local includeIf.gitdir:/github/workspace/prejob/.git.path /github/runner_temp/git-credentials-a03caa8a-3afd-4d13-9c92-54036fa45c7e.config
2026-05-07T17:21:24.0987204Z [command]"C:\Program Files\Git\cmd\git.exe" config --local includeIf.gitdir:/github/workspace/prejob/.git/worktrees/*.path /github/runner_temp/git-credentials-a03caa8a-3afd-4d13-9c92-54036fa45c7e.config
2026-05-07T17:21:24.1217811Z ##[endgroup]
2026-05-07T17:21:24.1218242Z ##[group]Determining the default branch
2026-05-07T17:21:24.1220573Z Retrieving the default branch name
2026-05-07T17:21:24.5030338Z Default branch 'main'
2026-05-07T17:21:24.5032055Z ##[endgroup]
2026-05-07T17:21:24.5032839Z ##[group]Fetching the repository
2026-05-07T17:21:24.5038885Z [command]"C:\Program Files\Git\cmd\git.exe" -c protocol.version=2 fetch --no-tags --prune --no-recurse-submodules --filter=blob:none --depth=1 origin +refs/heads/main:refs/remotes/origin/main
2026-05-07T17:21:25.4798813Z From https://github.com/ROCm/TheRock
2026-05-07T17:21:25.4799200Z  * [new branch]      main       -> origin/main
2026-05-07T17:21:25.5301430Z ##[endgroup]
2026-05-07T17:21:25.5301744Z ##[group]Determining the checkout info
2026-05-07T17:21:25.5302340Z ##[endgroup]
2026-05-07T17:21:25.5302581Z ##[group]Setting up sparse checkout
2026-05-07T17:21:25.5308934Z [command]"C:\Program Files\Git\cmd\git.exe" sparse-checkout set build_tools
2026-05-07T17:21:25.5529037Z ##[endgroup]
2026-05-07T17:21:25.5529320Z ##[group]Checking out the ref
2026-05-07T17:21:25.5534059Z [command]"C:\Program Files\Git\cmd\git.exe" checkout --progress --force -B main refs/remotes/origin/main
2026-05-07T17:21:26.5740175Z Updating files:  25% (119/461)
2026-05-07T17:21:26.5748083Z Updating files:  26% (120/461)
2026-05-07T17:21:26.5756994Z Updating files:  27% (125/461)
2026-05-07T17:21:26.5767034Z Updating files:  28% (130/461)
2026-05-07T17:21:26.5776072Z Updating files:  29% (134/461)
2026-05-07T17:21:26.5784027Z Updating files:  30% (139/461)
2026-05-07T17:21:26.5793375Z Updating files:  31% (143/461)
2026-05-07T17:21:26.5802097Z Updating files:  32% (148/461)
2026-05-07T17:21:26.5811569Z Updating files:  33% (153/461)
2026-05-07T17:21:26.5820149Z Updating files:  34% (157/461)
2026-05-07T17:21:26.5828035Z Updating files:  35% (162/461)
2026-05-07T17:21:26.5837704Z Updating files:  36% (166/461)
2026-05-07T17:21:26.5849512Z Updating files:  37% (171/461)
2026-05-07T17:21:26.5910396Z Updating files:  38% (176/461)
2026-05-07T17:21:26.5910874Z Updating files:  39% (180/461)
2026-05-07T17:21:26.5911063Z Updating files:  40% (185/461)
2026-05-07T17:21:26.5911188Z Updating files:  41% (190/461)
2026-05-07T17:21:26.5911307Z Updating files:  42% (194/461)
2026-05-07T17:21:26.5912855Z Updating files:  43% (199/461)
2026-05-07T17:21:26.5924588Z Updating files:  44% (203/461)
2026-05-07T17:21:26.5936849Z Updating files:  45% (208/461)
2026-05-07T17:21:26.5946725Z Updating files:  46% (213/461)
2026-05-07T17:21:26.5958846Z Updating files:  47% (217/461)
2026-05-07T17:21:26.5967694Z Updating files:  48% (222/461)
2026-05-07T17:21:26.5978882Z Updating files:  49% (226/461)
2026-05-07T17:21:26.5988250Z Updating files:  50% (231/461)
2026-05-07T17:21:26.5998428Z Updating files:  51% (236/461)
2026-05-07T17:21:26.6012024Z Updating files:  52% (240/461)
2026-05-07T17:21:26.6021578Z Updating files:  53% (245/461)
2026-05-07T17:21:26.6034925Z Updating files:  54% (249/461)
2026-05-07T17:21:26.6046626Z Updating files:  55% (254/461)
2026-05-07T17:21:26.6055110Z Updating files:  56% (259/461)
2026-05-07T17:21:26.6066725Z Updating files:  57% (263/461)
2026-05-07T17:21:26.6078139Z Updating files:  58% (268/461)
2026-05-07T17:21:26.6092018Z Updating files:  59% (272/461)
2026-05-07T17:21:26.6101923Z Updating files:  60% (277/461)
2026-05-07T17:21:26.6110407Z Updating files:  61% (282/461)
2026-05-07T17:21:26.6121422Z Updating files:  62% (286/461)
2026-05-07T17:21:26.6132806Z Updating files:  63% (291/461)
2026-05-07T17:21:26.6145294Z Updating files:  64% (296/461)
2026-05-07T17:21:26.6156426Z Updating files:  65% (300/461)
2026-05-07T17:21:26.6166296Z Updating files:  66% (305/461)
2026-05-07T17:21:26.6177957Z Updating files:  67% (309/461)
2026-05-07T17:21:26.6188896Z Updating files:  68% (314/461)
2026-05-07T17:21:26.6197204Z Updating files:  69% (319/461)
2026-05-07T17:21:26.6209957Z Updating files:  70% (323/461)
2026-05-07T17:21:26.6218983Z Updating files:  71% (328/461)
2026-05-07T17:21:26.6230931Z Updating files:  72% (332/461)
2026-05-07T17:21:26.6241312Z Updating files:  73% (337/461)
2026-05-07T17:21:26.6253399Z Updating files:  74% (342/461)
2026-05-07T17:21:26.6265028Z Updating files:  75% (346/461)
2026-05-07T17:21:26.6274688Z Updating files:  76% (351/461)
2026-05-07T17:21:26.6284862Z Updating files:  77% (355/461)
2026-05-07T17:21:26.6294836Z Updating files:  78% (360/461)
2026-05-07T17:21:26.6303337Z Updating files:  79% (365/461)
2026-05-07T17:21:26.6314517Z Updating files:  80% (369/461)
2026-05-07T17:21:26.6324647Z Updating files:  81% (374/461)
2026-05-07T17:21:26.6333752Z Updating files:  82% (379/461)
2026-05-07T17:21:26.6342771Z Updating files:  83% (383/461)
2026-05-07T17:21:26.6350605Z Updating files:  84% (388/461)
2026-05-07T17:21:26.6360372Z Updating files:  85% (392/461)
2026-05-07T17:21:26.6372493Z Updating files:  86% (397/461)
2026-05-07T17:21:26.6381731Z Updating files:  87% (402/461)
2026-05-07T17:21:26.6392366Z Updating files:  88% (406/461)
2026-05-07T17:21:26.6401685Z Updating files:  89% (411/461)
2026-05-07T17:21:26.6411503Z Updating files:  90% (415/461)
2026-05-07T17:21:26.6421628Z Updating files:  91% (420/461)
2026-05-07T17:21:26.6429771Z Updating files:  92% (425/461)
2026-05-07T17:21:26.6440067Z Updating files:  93% (429/461)
2026-05-07T17:21:26.6447731Z Updating files:  94% (434/461)
2026-05-07T17:21:26.6457651Z Updating files:  95% (438/461)
2026-05-07T17:21:26.6467589Z Updating files:  96% (443/461)
2026-05-07T17:21:26.6477035Z Updating files:  97% (448/461)
2026-05-07T17:21:26.6488607Z Updating files:  98% (452/461)
2026-05-07T17:21:26.6494620Z Updating files:  99% (457/461)
2026-05-07T17:21:26.6494777Z Updating files: 100% (461/461)
2026-05-07T17:21:26.6494920Z Updating files: 100% (461/461), done.
2026-05-07T17:21:26.6620288Z branch 'main' set up to track 'origin/main'.
2026-05-07T17:21:26.6624994Z Switched to a new branch 'main'
2026-05-07T17:21:26.6663310Z ##[endgroup]
2026-05-07T17:21:26.6894919Z [command]"C:\Program Files\Git\cmd\git.exe" log -1 --format=%H
2026-05-07T17:21:26.7077765Z 39f9280acb550ddee344124628c17f40491c73e7
2026-05-07T17:21:26.7396818Z ##[group]Run . 'C:\runner\_work\rocm-libraries\rocm-libraries\prejob\build_tools\github_actions\cleanup_processes.ps1'
2026-05-07T17:21:26.7397424Z [36;1m. 'C:\runner\_work\rocm-libraries\rocm-libraries\prejob\build_tools\github_actions\cleanup_processes.ps1'[0m
2026-05-07T17:21:26.7417274Z shell: C:\windows\System32\WindowsPowerShell\v1.0\powershell.EXE -command ". '{0}'"
2026-05-07T17:21:26.7417508Z env:
2026-05-07T17:21:26.7417665Z   VENV_DIR: C:\runner\_work\rocm-libraries\rocm-libraries/.venv
2026-05-07T17:21:26.7417855Z   ARTIFACT_RUN_ID: 25502124030
2026-05-07T17:21:26.7417991Z   OUTPUT_ARTIFACTS_DIR: ./build
2026-05-07T17:21:26.7418123Z   THEROCK_BIN_DIR: ./build/bin
2026-05-07T17:21:26.7418246Z   AMDGPU_FAMILIES: gfx1151
2026-05-07T17:21:26.7418372Z   ARTIFACT_GROUP: gfx1151
2026-05-07T17:21:26.7418498Z   TEST_COMPONENT: hipdnn
2026-05-07T17:21:26.7418616Z ##[endgroup]
2026-05-07T17:21:26.9852366Z [*] ==== Starting cleanup_processes.ps1 ====
2026-05-07T17:21:26.9951172Z [*] Checking if elevated: True | current user: NT AUTHORITY\SYSTEM
2026-05-07T17:21:26.9973897Z [*] Running as a Windows Service (NT AUTHORITY\*) - Cleaning up system environment...
2026-05-07T17:21:27.0191398Z [*] > Checking for "~/.gitconfig" file at: C:\windows\system32\config\systemprofile\.gitconfig
2026-05-07T17:21:27.0211469Z [*] >> .gitconfig file not found at: C:\windows\system32\config\systemprofile\.gitconfig
2026-05-07T17:21:27.0221641Z [*] > Checking for uv.zip archives under: C:\windows\SystemTemp\
2026-05-07T17:21:28.4154396Z [*] >> Found 0 uv.zip file(s), total size: 0 MB
2026-05-07T17:21:28.4159250Z [*] > Checking for empty GUID directories under: C:\windows\SystemTemp\
2026-05-07T17:21:29.0317945Z [*] >> Found 0 empty GUID folder(s)
2026-05-07T17:21:29.0337786Z [*] > Checking pip http-v2 cache under: C:\windows\system32\config\systemprofile\AppData\Local\pip\cache\http-v2
2026-05-07T17:21:29.0485136Z [*] >> Found 0 file(s) older than 1 day, total size: 0 MB
2026-05-07T17:21:29.0485790Z [*] Cleaning up processes...
2026-05-07T17:21:29.0491699Z [*] GITHUB_WORKSPACE env var defined: C:\runner\_work\rocm-libraries\rocm-libraries
2026-05-07T17:21:29.0507572Z [*] Checking for running build executables filtered by .exe regex: C:\\runner\\_work\\rocm-libraries\\rocm-libraries\\build\\.*[.]exe
2026-05-07T17:21:29.9026952Z [+] No executables to clean up.
2026-05-07T17:21:29.9518036Z ##[group]Run actions/checkout@de0fac2e4500dabe0009e67214ff5f5447ce83dd
2026-05-07T17:21:29.9518266Z with:
2026-05-07T17:21:29.9518367Z   repository: ROCm/TheRock
2026-05-07T17:21:29.9518502Z   ref: 70a6335b27d48f3781ba07eab89269f75a00f527
2026-05-07T17:21:29.9518729Z   token: ***
2026-05-07T17:21:29.9518820Z   ssh-strict: true
2026-05-07T17:21:29.9518921Z   ssh-user: git
2026-05-07T17:21:29.9519029Z   persist-credentials: true
2026-05-07T17:21:29.9519140Z   clean: true
2026-05-07T17:21:29.9519253Z   sparse-checkout-cone-mode: true
2026-05-07T17:21:29.9519384Z   fetch-depth: 1
2026-05-07T17:21:29.9519480Z   fetch-tags: false
2026-05-07T17:21:29.9519582Z   show-progress: true
2026-05-07T17:21:29.9519696Z   lfs: false
2026-05-07T17:21:29.9519780Z   submodules: false
2026-05-07T17:21:29.9519882Z   set-safe-directory: true
2026-05-07T17:21:29.9519996Z env:
2026-05-07T17:21:29.9520146Z   VENV_DIR: C:\runner\_work\rocm-libraries\rocm-libraries/.venv
2026-05-07T17:21:29.9520343Z   ARTIFACT_RUN_ID: 25502124030
2026-05-07T17:21:29.9520688Z   OUTPUT_ARTIFACTS_DIR: ./build
2026-05-07T17:21:29.9520871Z   THEROCK_BIN_DIR: ./build/bin
2026-05-07T17:21:29.9521003Z   AMDGPU_FAMILIES: gfx1151
2026-05-07T17:21:29.9521115Z   ARTIFACT_GROUP: gfx1151
2026-05-07T17:21:29.9521232Z   TEST_COMPONENT: hipdnn
2026-05-07T17:21:29.9521343Z ##[endgroup]
2026-05-07T17:21:30.0220578Z Syncing repository: ROCm/TheRock
2026-05-07T17:21:30.0221358Z ##[group]Getting Git version info
2026-05-07T17:21:30.0221926Z Working directory is 'C:\runner\_work\rocm-libraries\rocm-libraries'
2026-05-07T17:21:30.0297760Z [command]"C:\Program Files\Git\cmd\git.exe" version
2026-05-07T17:21:30.0496986Z git version 2.50.1.windows.1
2026-05-07T17:21:30.0523925Z ##[endgroup]
2026-05-07T17:21:30.0542964Z Temporarily overriding HOME='C:\runner\_work\_temp\09470adb-4fd6-4d42-9235-2583c0ac75f0' before making global git config changes
2026-05-07T17:21:30.0543350Z Adding repository directory to the temporary git global config as a safe directory
2026-05-07T17:21:30.0547425Z [command]"C:\Program Files\Git\cmd\git.exe" config --global --add safe.directory C:\runner\_work\rocm-libraries\rocm-libraries
2026-05-07T17:21:30.0759968Z [command]"C:\Program Files\Git\cmd\git.exe" config --local --get remote.origin.url
2026-05-07T17:21:30.0927670Z https://github.com/ROCm/TheRock
2026-05-07T17:21:30.0958531Z ##[group]Removing previously created refs, to avoid conflicts
2026-05-07T17:21:30.0962320Z [command]"C:\Program Files\Git\cmd\git.exe" rev-parse --symbolic-full-name --verify --quiet HEAD
2026-05-07T17:21:30.1129988Z HEAD
2026-05-07T17:21:30.1356356Z ##[endgroup]
2026-05-07T17:21:30.1360450Z [command]"C:\Program Files\Git\cmd\git.exe" submodule status
2026-05-07T17:21:32.6273319Z -207ee58595a64b5c4a70df221f1e6e704b807811 base/half
2026-05-07T17:21:32.6273997Z -10155d7272ea1bf79f6b5a9dbc339657af1aa372 base/rocm-cmake
2026-05-07T17:21:32.6274606Z -43215c73116c407735c85a180d174f718798c328 compiler/amd-llvm
2026-05-07T17:21:32.6275152Z -0f3db9c13669d702e12023ae2bfe0882daab63d5 compiler/hipify
2026-05-07T17:21:32.6275769Z -aa7c842d4ec5b7015022ae6c6b91a4365bb6b91d compiler/spirv-llvm-translator
2026-05-07T17:21:32.6276555Z -c0a785c918a76c63328b774f244aca8f3d9a9dc7 debug-tools/rocgdb/source
2026-05-07T17:21:32.6277163Z -aeed46fe35604c9f055f35005b95dc7e8f56633e iree-libs/fusilli
2026-05-07T17:21:32.6277672Z -192602f8a7680467e608480debdb2ed6062d0f4d iree-libs/iree
2026-05-07T17:21:32.6277855Z -bc2b452b8c86ab65ba53e79e292b6c121e21a573 math-libs/libhipcxx
2026-05-07T17:21:32.6278041Z -2384d1b14b6736c83cf48f97ca79897be8e864c2 rocm-libraries
2026-05-07T17:21:32.6278211Z -ca17aa89d68aa3eaa2419ba269955fc4897e7fe5 rocm-systems
2026-05-07T17:21:32.6278430Z -9a0d5b03fd540cb2448c64bbda17dbf17ccb12bf third-party/sysdeps/linux/amd-mesa/mesa-fork
2026-05-07T17:21:32.6336708Z ##[group]Cleaning the repository
2026-05-07T17:21:32.6342981Z [command]"C:\Program Files\Git\cmd\git.exe" clean -ffdx
2026-05-07T17:21:34.9347512Z Removing .venv/
2026-05-07T17:21:34.9347713Z Removing build/
2026-05-07T17:21:34.9347840Z Removing build_tools/__pycache__/
2026-05-07T17:21:34.9348023Z Removing build_tools/_therock_utils/__pycache__/
2026-05-07T17:21:34.9348289Z Removing build_tools/github_actions/__pycache__/
2026-05-07T17:21:34.9348447Z Removing prejob/
2026-05-07T17:21:34.9348552Z Removing test_logs/
2026-05-07T17:21:34.9417449Z [command]"C:\Program Files\Git\cmd\git.exe" reset --hard HEAD
2026-05-07T17:21:34.9878405Z HEAD is now at 70a6335 Bump rocm-libraries from 3426192 to 2384d1b (#5001)
2026-05-07T17:21:34.9908857Z ##[endgroup]
2026-05-07T17:21:34.9913796Z ##[group]Disabling automatic garbage collection
2026-05-07T17:21:34.9919452Z [command]"C:\Program Files\Git\cmd\git.exe" config --local gc.auto 0
2026-05-07T17:21:35.0134692Z ##[endgroup]
2026-05-07T17:21:35.0134910Z ##[group]Setting up auth
2026-05-07T17:21:35.0136357Z Removing SSH command configuration
2026-05-07T17:21:35.0142820Z [command]"C:\Program Files\Git\cmd\git.exe" config --local --name-only --get-regexp core\.sshCommand
2026-05-07T17:21:35.0355215Z [command]"C:\Program Files\Git\cmd\git.exe" submodule foreach --recursive "sh -c \"git config --local --name-only --get-regexp 'core\.sshCommand' && git config --local --unset-all 'core.sshCommand' || :\""
2026-05-07T17:21:37.4955773Z Entering 'rocm-libraries'
2026-05-07T17:21:37.8879160Z Removing HTTP extra header
2026-05-07T17:21:37.8889363Z [command]"C:\Program Files\Git\cmd\git.exe" config --local --name-only --get-regexp http\.https\:\/\/github\.com\/\.extraheader
2026-05-07T17:21:37.9117632Z [command]"C:\Program Files\Git\cmd\git.exe" submodule foreach --recursive "sh -c \"git config --local --name-only --get-regexp 'http\.https\:\/\/github\.com\/\.extraheader' && git config --local --unset-all 'http.https://github.com/.extraheader' || :\""
2026-05-07T17:21:40.3468980Z Entering 'rocm-libraries'
2026-05-07T17:21:40.7450094Z Removing includeIf entries pointing to credentials config files
2026-05-07T17:21:40.7457154Z [command]"C:\Program Files\Git\cmd\git.exe" config --local --name-only --get-regexp ^includeIf\.gitdir:
2026-05-07T17:21:40.7640571Z includeif.gitdir:C:/runner/_work/rocm-libraries/rocm-libraries/.git.path
2026-05-07T17:21:40.7641390Z includeif.gitdir:C:/runner/_work/rocm-libraries/rocm-libraries/.git/worktrees/*.path
2026-05-07T17:21:40.7668960Z [command]"C:\Program Files\Git\cmd\git.exe" config --local --get-all includeif.gitdir:C:/runner/_work/rocm-libraries/rocm-libraries/.git.path
2026-05-07T17:21:40.7838533Z C:\runner\_work\_temp\git-credentials-b973ed3f-f7ea-4786-9efd-d574badfe35c.config
2026-05-07T17:21:40.7868562Z [command]"C:\Program Files\Git\cmd\git.exe" config --local --unset includeif.gitdir:C:/runner/_work/rocm-libraries/rocm-libraries/.git.path C:\runner\_work\_temp\git-credentials-b973ed3f-f7ea-4786-9efd-d574badfe35c.config
2026-05-07T17:21:40.8073589Z [command]"C:\Program Files\Git\cmd\git.exe" config --local --get-all includeif.gitdir:C:/runner/_work/rocm-libraries/rocm-libraries/.git/worktrees/*.path
2026-05-07T17:21:40.8243689Z C:\runner\_work\_temp\git-credentials-b973ed3f-f7ea-4786-9efd-d574badfe35c.config
2026-05-07T17:21:40.8278449Z [command]"C:\Program Files\Git\cmd\git.exe" config --local --unset includeif.gitdir:C:/runner/_work/rocm-libraries/rocm-libraries/.git/worktrees/*.path C:\runner\_work\_temp\git-credentials-b973ed3f-f7ea-4786-9efd-d574badfe35c.config
2026-05-07T17:21:40.8484163Z [command]"C:\Program Files\Git\cmd\git.exe" submodule foreach --recursive "git config --local --show-origin --name-only --get-regexp remote.origin.url"
2026-05-07T17:21:43.2981951Z Entering 'rocm-libraries'
2026-05-07T17:21:43.4348629Z file:.git/config	remote.origin.url
2026-05-07T17:21:43.4884403Z [command]"C:\Program Files\Git\cmd\git.exe" config --file .git/config --name-only --get-regexp ^includeIf\.gitdir:
2026-05-07T17:21:43.5064783Z includeif.gitdir:C:/runner/_work/rocm-libraries/rocm-libraries/.git.path
2026-05-07T17:21:43.5067503Z includeif.gitdir:C:/runner/_work/rocm-libraries/rocm-libraries/.git/worktrees/*.path
2026-05-07T17:21:43.5092135Z [command]"C:\Program Files\Git\cmd\git.exe" config --file .git/config --get-all includeif.gitdir:C:/runner/_work/rocm-libraries/rocm-libraries/.git.path
2026-05-07T17:21:43.5261029Z C:\runner\_work\_temp\git-credentials-b973ed3f-f7ea-4786-9efd-d574badfe35c.config
2026-05-07T17:21:43.5294202Z [command]"C:\Program Files\Git\cmd\git.exe" config --file .git/config --unset includeif.gitdir:C:/runner/_work/rocm-libraries/rocm-libraries/.git.path C:\runner\_work\_temp\git-credentials-b973ed3f-f7ea-4786-9efd-d574badfe35c.config
2026-05-07T17:21:43.5489796Z [command]"C:\Program Files\Git\cmd\git.exe" config --file .git/config --get-all includeif.gitdir:C:/runner/_work/rocm-libraries/rocm-libraries/.git/worktrees/*.path
2026-05-07T17:21:43.5665772Z C:\runner\_work\_temp\git-credentials-b973ed3f-f7ea-4786-9efd-d574badfe35c.config
2026-05-07T17:21:43.5690427Z [command]"C:\Program Files\Git\cmd\git.exe" config --file .git/config --unset includeif.gitdir:C:/runner/_work/rocm-libraries/rocm-libraries/.git/worktrees/*.path C:\runner\_work\_temp\git-credentials-b973ed3f-f7ea-4786-9efd-d574badfe35c.config
2026-05-07T17:21:43.5887845Z Removing credentials config 'C:\runner\_work\_temp\git-credentials-b973ed3f-f7ea-4786-9efd-d574badfe35c.config'
2026-05-07T17:21:43.5898593Z [command]"C:\Program Files\Git\cmd\git.exe" config --file C:\runner\_work\_temp\git-credentials-69b33d0e-604a-4955-a949-9e217d2d7122.config http.https://github.com/.extraheader "AUTHORIZATION: basic ***"
2026-05-07T17:21:43.6148122Z [command]"C:\Program Files\Git\cmd\git.exe" config --local includeIf.gitdir:C:/runner/_work/rocm-libraries/rocm-libraries/.git.path C:\runner\_work\_temp\git-credentials-69b33d0e-604a-4955-a949-9e217d2d7122.config
2026-05-07T17:21:43.6360114Z [command]"C:\Program Files\Git\cmd\git.exe" config --local includeIf.gitdir:C:/runner/_work/rocm-libraries/rocm-libraries/.git/worktrees/*.path C:\runner\_work\_temp\git-credentials-69b33d0e-604a-4955-a949-9e217d2d7122.config
2026-05-07T17:21:43.6570709Z [command]"C:\Program Files\Git\cmd\git.exe" config --local includeIf.gitdir:/github/workspace/.git.path /github/runner_temp/git-credentials-69b33d0e-604a-4955-a949-9e217d2d7122.config
2026-05-07T17:21:43.6786773Z [command]"C:\Program Files\Git\cmd\git.exe" config --local includeIf.gitdir:/github/workspace/.git/worktrees/*.path /github/runner_temp/git-credentials-69b33d0e-604a-4955-a949-9e217d2d7122.config
2026-05-07T17:21:43.6983037Z ##[endgroup]
2026-05-07T17:21:43.6983273Z ##[group]Fetching the repository
2026-05-07T17:21:43.6991267Z [command]"C:\Program Files\Git\cmd\git.exe" -c protocol.version=2 fetch --no-tags --prune --no-recurse-submodules --depth=1 origin 70a6335b27d48f3781ba07eab89269f75a00f527
2026-05-07T17:21:45.0515475Z From https://github.com/ROCm/TheRock
2026-05-07T17:21:45.0516180Z  * branch            70a6335b27d48f3781ba07eab89269f75a00f527 -> FETCH_HEAD
2026-05-07T17:21:45.1006048Z [command]"C:\Program Files\Git\cmd\git.exe" rev-parse --verify --quiet 70a6335b27d48f3781ba07eab89269f75a00f527^{object}
2026-05-07T17:21:45.1180634Z 70a6335b27d48f3781ba07eab89269f75a00f527
2026-05-07T17:21:45.1204025Z ##[endgroup]
2026-05-07T17:21:45.1204532Z ##[group]Determining the checkout info
2026-05-07T17:21:45.1205079Z ##[endgroup]
2026-05-07T17:21:45.1211631Z [command]"C:\Program Files\Git\cmd\git.exe" sparse-checkout disable
2026-05-07T17:21:45.1449707Z [command]"C:\Program Files\Git\cmd\git.exe" config --local --unset-all extensions.worktreeConfig
2026-05-07T17:21:45.1649111Z ##[group]Checking out the ref
2026-05-07T17:21:45.1649413Z [command]"C:\Program Files\Git\cmd\git.exe" checkout --progress --force 70a6335b27d48f3781ba07eab89269f75a00f527
2026-05-07T17:21:45.1991022Z HEAD is now at 70a6335 Bump rocm-libraries from 3426192 to 2384d1b (#5001)
2026-05-07T17:21:45.2017411Z ##[endgroup]
2026-05-07T17:21:45.2242428Z [command]"C:\Program Files\Git\cmd\git.exe" log -1 --format=%H
2026-05-07T17:21:45.2436026Z 70a6335b27d48f3781ba07eab89269f75a00f527
2026-05-07T17:21:45.2696436Z ##[group]Run git config --global core.longpaths true
2026-05-07T17:21:45.2696727Z [36;1mgit config --global core.longpaths true[0m
2026-05-07T17:21:45.2714951Z shell: C:\Program Files\Git\usr\bin\bash.EXE --noprofile --norc -e -o pipefail {0}
2026-05-07T17:21:45.2715178Z env:
2026-05-07T17:21:45.2715341Z   VENV_DIR: C:\runner\_work\rocm-libraries\rocm-libraries/.venv
2026-05-07T17:21:45.2715532Z   ARTIFACT_RUN_ID: 25502124030
2026-05-07T17:21:45.2715673Z   OUTPUT_ARTIFACTS_DIR: ./build
2026-05-07T17:21:45.2715808Z   THEROCK_BIN_DIR: ./build/bin
2026-05-07T17:21:45.2715936Z   AMDGPU_FAMILIES: gfx1151
2026-05-07T17:21:45.2716065Z   ARTIFACT_GROUP: gfx1151
2026-05-07T17:21:45.2716194Z   TEST_COMPONENT: hipdnn
2026-05-07T17:21:45.2716316Z ##[endgroup]
2026-05-07T17:21:45.3496807Z ##[group]Run actions/checkout@08c6903cd8c0fde910a37f88322edcfb5dd907a8
2026-05-07T17:21:45.3497031Z with:
2026-05-07T17:21:45.3497133Z   path: rocm-libraries
2026-05-07T17:21:45.3497239Z   repository: ROCm/rocm-libraries
2026-05-07T17:21:45.3497435Z   token: ***
2026-05-07T17:21:45.3497526Z   ssh-strict: true
2026-05-07T17:21:45.3497618Z   ssh-user: git
2026-05-07T17:21:45.3497723Z   persist-credentials: true
2026-05-07T17:21:45.3497836Z   clean: true
2026-05-07T17:21:45.3497932Z   sparse-checkout-cone-mode: true
2026-05-07T17:21:45.3498056Z   fetch-depth: 1
2026-05-07T17:21:45.3498152Z   fetch-tags: false
2026-05-07T17:21:45.3498250Z   show-progress: true
2026-05-07T17:21:45.3498342Z   lfs: false
2026-05-07T17:21:45.3498429Z   submodules: false
2026-05-07T17:21:45.3498526Z   set-safe-directory: true
2026-05-07T17:21:45.3498635Z env:
2026-05-07T17:21:45.3498763Z   VENV_DIR: C:\runner\_work\rocm-libraries\rocm-libraries/.venv
2026-05-07T17:21:45.3498951Z   ARTIFACT_RUN_ID: 25502124030
2026-05-07T17:21:45.3499071Z   OUTPUT_ARTIFACTS_DIR: ./build
2026-05-07T17:21:45.3499186Z   THEROCK_BIN_DIR: ./build/bin
2026-05-07T17:21:45.3499303Z   AMDGPU_FAMILIES: gfx1151
2026-05-07T17:21:45.3499412Z   ARTIFACT_GROUP: gfx1151
2026-05-07T17:21:45.3499517Z   TEST_COMPONENT: hipdnn
2026-05-07T17:21:45.3499622Z ##[endgroup]
2026-05-07T17:21:45.5105205Z Syncing repository: ROCm/rocm-libraries
2026-05-07T17:21:45.5105536Z ##[group]Getting Git version info
2026-05-07T17:21:45.5105763Z Working directory is 'C:\runner\_work\rocm-libraries\rocm-libraries\rocm-libraries'
2026-05-07T17:21:45.5195758Z [command]"C:\Program Files\Git\cmd\git.exe" version
2026-05-07T17:21:45.5431171Z git version 2.50.1.windows.1
2026-05-07T17:21:45.5458738Z ##[endgroup]
2026-05-07T17:21:45.5469858Z Copying 'C:\windows\system32\config\systemprofile\.gitconfig' to 'C:\runner\_work\_temp\271d9ec6-8261-4b79-92df-843fb8ab8b18\.gitconfig'
2026-05-07T17:21:45.5487928Z Temporarily overriding HOME='C:\runner\_work\_temp\271d9ec6-8261-4b79-92df-843fb8ab8b18' before making global git config changes
2026-05-07T17:21:45.5488359Z Adding repository directory to the temporary git global config as a safe directory
2026-05-07T17:21:45.5494271Z [command]"C:\Program Files\Git\cmd\git.exe" config --global --add safe.directory C:\runner\_work\rocm-libraries\rocm-libraries\rocm-libraries
2026-05-07T17:21:45.5756632Z [command]"C:\Program Files\Git\cmd\git.exe" config --local --get remote.origin.url
2026-05-07T17:21:45.5940642Z https://github.com/ROCm/rocm-libraries
2026-05-07T17:21:45.5972846Z ##[group]Removing previously created refs, to avoid conflicts
2026-05-07T17:21:45.5977198Z [command]"C:\Program Files\Git\cmd\git.exe" rev-parse --symbolic-full-name --verify --quiet HEAD
2026-05-07T17:21:45.6149109Z HEAD
2026-05-07T17:21:45.6386164Z ##[endgroup]
2026-05-07T17:21:45.6390639Z [command]"C:\Program Files\Git\cmd\git.exe" submodule status
2026-05-07T17:21:48.1392599Z -06650bddfe40c47294b0414e4262691333b788dd projects/miopen/fin
2026-05-07T17:21:48.1393431Z -e2239ee6043f73722e7aa812a459f54a28552929 shared/tensile/HostLibraryTests/googletest
2026-05-07T17:21:48.1465240Z ##[group]Cleaning the repository
2026-05-07T17:21:48.1471654Z [command]"C:\Program Files\Git\cmd\git.exe" clean -ffdx
2026-05-07T17:21:48.2683047Z [command]"C:\Program Files\Git\cmd\git.exe" reset --hard HEAD
2026-05-07T17:21:49.4021628Z HEAD is now at e7a12bd6 Merge 38f77f5312b1b97a33a106244da5e140cd1da738 into 743e70d6b1b3b0b123d1c1d2a90c8411b9bf5dbb
2026-05-07T17:21:49.4110465Z ##[endgroup]
2026-05-07T17:21:49.4115190Z ##[group]Disabling automatic garbage collection
2026-05-07T17:21:49.4121086Z [command]"C:\Program Files\Git\cmd\git.exe" config --local gc.auto 0
2026-05-07T17:21:49.4352592Z ##[endgroup]
2026-05-07T17:21:49.4353134Z ##[group]Setting up auth
2026-05-07T17:21:49.4366331Z [command]"C:\Program Files\Git\cmd\git.exe" config --local --name-only --get-regexp core\.sshCommand
2026-05-07T17:21:49.4569675Z [command]"C:\Program Files\Git\cmd\git.exe" submodule foreach --recursive "sh -c \"git config --local --name-only --get-regexp 'core\.sshCommand' && git config --local --unset-all 'core.sshCommand' || :\""
2026-05-07T17:21:51.9208634Z [command]"C:\Program Files\Git\cmd\git.exe" config --local --name-only --get-regexp http\.https\:\/\/github\.com\/\.extraheader
2026-05-07T17:21:51.9444817Z [command]"C:\Program Files\Git\cmd\git.exe" submodule foreach --recursive "sh -c \"git config --local --name-only --get-regexp 'http\.https\:\/\/github\.com\/\.extraheader' && git config --local --unset-all 'http.https://github.com/.extraheader' || :\""
2026-05-07T17:21:54.4431045Z [command]"C:\Program Files\Git\cmd\git.exe" config --local http.https://github.com/.extraheader "AUTHORIZATION: basic ***"
2026-05-07T17:21:54.4676119Z ##[endgroup]
2026-05-07T17:21:54.4677081Z ##[group]Fetching the repository
2026-05-07T17:21:54.4684182Z [command]"C:\Program Files\Git\cmd\git.exe" -c protocol.version=2 fetch --no-tags --prune --no-recurse-submodules --depth=1 origin +e7a12bd69cd5053b78e9b4bb379dea8548ce4c2d:refs/remotes/pull/6605/merge
2026-05-07T17:21:55.6878434Z ##[endgroup]
2026-05-07T17:21:55.6878981Z ##[group]Determining the checkout info
2026-05-07T17:21:55.6879794Z ##[endgroup]
2026-05-07T17:21:55.6885494Z [command]"C:\Program Files\Git\cmd\git.exe" sparse-checkout disable
2026-05-07T17:21:55.7340007Z [command]"C:\Program Files\Git\cmd\git.exe" config --local --unset-all extensions.worktreeConfig
2026-05-07T17:21:55.7582693Z ##[group]Checking out the ref
2026-05-07T17:21:55.7588554Z [command]"C:\Program Files\Git\cmd\git.exe" checkout --progress --force refs/remotes/pull/6605/merge
2026-05-07T17:21:55.8310223Z HEAD is now at e7a12bd6 Merge 38f77f5312b1b97a33a106244da5e140cd1da738 into 743e70d6b1b3b0b123d1c1d2a90c8411b9bf5dbb
2026-05-07T17:21:55.8367177Z ##[endgroup]
2026-05-07T17:21:55.8600835Z [command]"C:\Program Files\Git\cmd\git.exe" log -1 --format=%H
2026-05-07T17:21:55.8773836Z e7a12bd69cd5053b78e9b4bb379dea8548ce4c2d
2026-05-07T17:21:55.9089260Z Prepare all required actions
2026-05-07T17:21:55.9089631Z Getting action download info
2026-05-07T17:21:56.1145173Z Download action repository 'actions/setup-python@e797f83bcb11b83ae66e0230d6156d7c80228e7c' (SHA:e797f83bcb11b83ae66e0230d6156d7c80228e7c)
2026-05-07T17:21:56.8853213Z ##[warning]Unexpected input(s) 'IS_PR_FROM_FORK', valid inputs are ['VENV_DIR', 'OUTPUT_ARTIFACTS_DIR', 'ARTIFACT_GROUP', 'AMDGPU_TARGETS', 'ARTIFACT_RUN_ID', 'FETCH_ARTIFACT_ARGS', 'RELEASE_TYPE']
2026-05-07T17:21:56.8864162Z ##[group]Run ./.github/actions/setup_test_environment
2026-05-07T17:21:56.8864378Z with:
2026-05-07T17:21:56.8864512Z   ARTIFACT_RUN_ID: 25502124030
2026-05-07T17:21:56.8864681Z   ARTIFACT_GROUP: gfx1151
2026-05-07T17:21:56.8864842Z   OUTPUT_ARTIFACTS_DIR: ./build
2026-05-07T17:21:56.8865053Z   VENV_DIR: C:\runner\_work\rocm-libraries\rocm-libraries/.venv
2026-05-07T17:21:56.8865298Z   FETCH_ARTIFACT_ARGS: --hipdnn --tests
2026-05-07T17:21:56.8865509Z   IS_PR_FROM_FORK: false
2026-05-07T17:21:56.8865654Z env:
2026-05-07T17:21:56.8865827Z   VENV_DIR: C:\runner\_work\rocm-libraries\rocm-libraries/.venv
2026-05-07T17:21:56.8866868Z   ARTIFACT_RUN_ID: 25502124030
2026-05-07T17:21:56.8867022Z   OUTPUT_ARTIFACTS_DIR: ./build
2026-05-07T17:21:56.8867178Z   THEROCK_BIN_DIR: ./build/bin
2026-05-07T17:21:56.8867337Z   AMDGPU_FAMILIES: gfx1151
2026-05-07T17:21:56.8867484Z   ARTIFACT_GROUP: gfx1151
2026-05-07T17:21:56.8867635Z   TEST_COMPONENT: hipdnn
2026-05-07T17:21:56.8867781Z ##[endgroup]
2026-05-07T17:21:56.9055927Z ##[group]Run actions/setup-python@e797f83bcb11b83ae66e0230d6156d7c80228e7c
2026-05-07T17:21:56.9056198Z with:
2026-05-07T17:21:56.9056339Z   python-version: 3.12
2026-05-07T17:21:56.9056483Z   check-latest: false
2026-05-07T17:21:56.9056698Z   token: ***
2026-05-07T17:21:56.9056836Z   update-environment: true
2026-05-07T17:21:56.9057000Z   allow-prereleases: false
2026-05-07T17:21:56.9057155Z   freethreaded: false
2026-05-07T17:21:56.9057296Z env:
2026-05-07T17:21:56.9057487Z   VENV_DIR: C:\runner\_work\rocm-libraries\rocm-libraries/.venv
2026-05-07T17:21:56.9057730Z   ARTIFACT_RUN_ID: 25502124030
2026-05-07T17:21:56.9057923Z   OUTPUT_ARTIFACTS_DIR: ./build
2026-05-07T17:21:56.9058083Z   THEROCK_BIN_DIR: ./build/bin
2026-05-07T17:21:56.9058244Z   AMDGPU_FAMILIES: gfx1151
2026-05-07T17:21:56.9058404Z   ARTIFACT_GROUP: gfx1151
2026-05-07T17:21:56.9058555Z   TEST_COMPONENT: hipdnn
2026-05-07T17:21:56.9058705Z ##[endgroup]
2026-05-07T17:21:57.2314666Z ##[group]Installed versions
2026-05-07T17:21:57.2391674Z (node:103784) [DEP0040] DeprecationWarning: The `punycode` module is deprecated. Please use a userland alternative instead.
2026-05-07T17:21:57.2392839Z (Use `node --trace-deprecation ...` to show where the warning was created)
2026-05-07T17:21:57.2393489Z Successfully set up CPython (3.12.10)
2026-05-07T17:21:57.2394235Z ##[endgroup]
2026-05-07T17:21:57.2609694Z ##[group]Run if [[ "$RUNNER_OS" == "Windows" ]]; then
2026-05-07T17:21:57.2609891Z [36;1mif [[ "$RUNNER_OS" == "Windows" ]]; then[0m
2026-05-07T17:21:57.2610109Z [36;1m  powershell -Command "irm https://astral.sh/uv/install.ps1 | iex"[0m
2026-05-07T17:21:57.2610300Z [36;1melse[0m
2026-05-07T17:21:57.2610426Z [36;1m  curl -LsSf https://astral.sh/uv/install.sh | sh[0m
2026-05-07T17:21:57.2610576Z [36;1mfi[0m
2026-05-07T17:21:57.2630022Z shell: C:\Program Files\Git\usr\bin\bash.EXE --noprofile --norc -e -o pipefail {0}
2026-05-07T17:21:57.2630226Z env:
2026-05-07T17:21:57.2630366Z   VENV_DIR: C:\runner\_work\rocm-libraries\rocm-libraries/.venv
2026-05-07T17:21:57.2630534Z   ARTIFACT_RUN_ID: 25502124030
2026-05-07T17:21:57.2630658Z   OUTPUT_ARTIFACTS_DIR: ./build
2026-05-07T17:21:57.2630774Z   THEROCK_BIN_DIR: ./build/bin
2026-05-07T17:21:57.2630886Z   AMDGPU_FAMILIES: gfx1151
2026-05-07T17:21:57.2630999Z   ARTIFACT_GROUP: gfx1151
2026-05-07T17:21:57.2631110Z   TEST_COMPONENT: hipdnn
2026-05-07T17:21:57.2632315Z   pythonLocation: C:\runner\_work\_tool\Python\3.12.10\x64
2026-05-07T17:21:57.2632549Z   PKG_CONFIG_PATH: C:\runner\_work\_tool\Python\3.12.10\x64/lib/pkgconfig
2026-05-07T17:21:57.2632767Z   Python_ROOT_DIR: C:\runner\_work\_tool\Python\3.12.10\x64
2026-05-07T17:21:57.2632950Z   Python2_ROOT_DIR: C:\runner\_work\_tool\Python\3.12.10\x64
2026-05-07T17:21:57.2633136Z   Python3_ROOT_DIR: C:\runner\_work\_tool\Python\3.12.10\x64
2026-05-07T17:21:57.2633289Z ##[endgroup]
2026-05-07T17:21:58.2067949Z downloading uv 0.11.11 (x86_64-pc-windows-msvc)
2026-05-07T17:21:59.3042617Z installing to C:\windows\system32\config\systemprofile\.local\bin
2026-05-07T17:21:59.3402126Z   uv.exe
2026-05-07T17:21:59.3425357Z   uvx.exe
2026-05-07T17:21:59.3439124Z   uvw.exe
2026-05-07T17:21:59.3509035Z everything's installed!
2026-05-07T17:21:59.4008575Z ##[group]Run python build_tools/setup_venv.py ${VENV_DIR} \
2026-05-07T17:21:59.4008825Z [36;1mpython build_tools/setup_venv.py ${VENV_DIR} \[0m
2026-05-07T17:21:59.4009035Z [36;1m  --activate-in-future-github-actions-steps \[0m
2026-05-07T17:21:59.4009198Z [36;1m  --use-uv[0m
2026-05-07T17:21:59.4026193Z shell: C:\Program Files\Git\usr\bin\bash.EXE --noprofile --norc -e -o pipefail {0}
2026-05-07T17:21:59.4026828Z env:
2026-05-07T17:21:59.4026976Z   VENV_DIR: C:\runner\_work\rocm-libraries\rocm-libraries/.venv
2026-05-07T17:21:59.4027160Z   ARTIFACT_RUN_ID: 25502124030
2026-05-07T17:21:59.4027289Z   OUTPUT_ARTIFACTS_DIR: ./build
2026-05-07T17:21:59.4027409Z   THEROCK_BIN_DIR: ./build/bin
2026-05-07T17:21:59.4027528Z   AMDGPU_FAMILIES: gfx1151
2026-05-07T17:21:59.4027648Z   ARTIFACT_GROUP: gfx1151
2026-05-07T17:21:59.4027761Z   TEST_COMPONENT: hipdnn
2026-05-07T17:21:59.4027911Z   pythonLocation: C:\runner\_work\_tool\Python\3.12.10\x64
2026-05-07T17:21:59.4028129Z   PKG_CONFIG_PATH: C:\runner\_work\_tool\Python\3.12.10\x64/lib/pkgconfig
2026-05-07T17:21:59.4028344Z   Python_ROOT_DIR: C:\runner\_work\_tool\Python\3.12.10\x64
2026-05-07T17:21:59.4028552Z   Python2_ROOT_DIR: C:\runner\_work\_tool\Python\3.12.10\x64
2026-05-07T17:21:59.4028748Z   Python3_ROOT_DIR: C:\runner\_work\_tool\Python\3.12.10\x64
2026-05-07T17:21:59.4028905Z ##[endgroup]
2026-05-07T17:21:59.6239491Z Creating venv at 'C:\runner\_work\rocm-libraries\rocm-libraries\.venv'
2026-05-07T17:21:59.6241082Z   Dir relative to CWD: '.venv'
2026-05-07T17:21:59.6241300Z   Dir fully resolved : 'C:\runner\_work\rocm-libraries\rocm-libraries\.venv'
2026-05-07T17:21:59.6241482Z 
2026-05-07T17:21:59.6241886Z ++ Exec [C:\runner\_work\rocm-libraries\rocm-libraries]$ uv venv 'C:\runner\_work\rocm-libraries\rocm-libraries\.venv'
2026-05-07T17:22:00.2819991Z Using CPython 3.12.10 interpreter at: C:\runner\_work\_tool\Python\3.12.10\x64\python.exe
2026-05-07T17:22:00.2820811Z Creating virtual environment at: .venv
2026-05-07T17:22:00.2873047Z Activate with: .venv\Scripts\activate
2026-05-07T17:22:00.2917653Z 
2026-05-07T17:22:00.2918392Z Activating venv for future GitHub Actions workflow steps
2026-05-07T17:22:00.2919017Z Adding to path by appending to $GITHUB_PATH:
2026-05-07T17:22:00.2919572Z   'C:\runner\_work\rocm-libraries\rocm-libraries\.venv\Scripts'
2026-05-07T17:22:00.2921115Z Setting environment variable by appending to $GITHUB_ENV:
2026-05-07T17:22:00.2921380Z   {'VIRTUAL_ENV': WindowsPath('C:/runner/_work/rocm-libraries/rocm-libraries/.venv')}
2026-05-07T17:22:00.3191613Z ##[group]Run uv pip install -r requirements-test.txt
2026-05-07T17:22:00.3191818Z [36;1muv pip install -r requirements-test.txt[0m
2026-05-07T17:22:00.3191964Z [36;1muv pip freeze[0m
2026-05-07T17:22:00.3208197Z shell: C:\Program Files\Git\usr\bin\bash.EXE --noprofile --norc -e -o pipefail {0}
2026-05-07T17:22:00.3208391Z env:
2026-05-07T17:22:00.3208630Z   VENV_DIR: C:\runner\_work\rocm-libraries\rocm-libraries/.venv
2026-05-07T17:22:00.3208798Z   ARTIFACT_RUN_ID: 25502124030
2026-05-07T17:22:00.3208917Z   OUTPUT_ARTIFACTS_DIR: ./build
2026-05-07T17:22:00.3209033Z   THEROCK_BIN_DIR: ./build/bin
2026-05-07T17:22:00.3209146Z   AMDGPU_FAMILIES: gfx1151
2026-05-07T17:22:00.3209759Z   ARTIFACT_GROUP: gfx1151
2026-05-07T17:22:00.3209879Z   TEST_COMPONENT: hipdnn
2026-05-07T17:22:00.3210025Z   pythonLocation: C:\runner\_work\_tool\Python\3.12.10\x64
2026-05-07T17:22:00.3210236Z   PKG_CONFIG_PATH: C:\runner\_work\_tool\Python\3.12.10\x64/lib/pkgconfig
2026-05-07T17:22:00.3210443Z   Python_ROOT_DIR: C:\runner\_work\_tool\Python\3.12.10\x64
2026-05-07T17:22:00.3210624Z   Python2_ROOT_DIR: C:\runner\_work\_tool\Python\3.12.10\x64
2026-05-07T17:22:00.3210804Z   Python3_ROOT_DIR: C:\runner\_work\_tool\Python\3.12.10\x64
2026-05-07T17:22:00.3210997Z   VIRTUAL_ENV: C:\runner\_work\rocm-libraries\rocm-libraries\.venv
2026-05-07T17:22:00.3211162Z ##[endgroup]
2026-05-07T17:22:00.4222741Z Resolved 38 packages in 18ms
2026-05-07T17:22:01.0618779Z Installed 38 packages in 634ms
2026-05-07T17:22:01.0622143Z  + attrs==26.1.0
2026-05-07T17:22:01.0622646Z  + backports-zstd==1.4.0
2026-05-07T17:22:01.0623044Z  + boto3==1.39.15
2026-05-07T17:22:01.0623400Z  + botocore==1.39.17
2026-05-07T17:22:01.0626777Z  + certifi==2026.4.22
2026-05-07T17:22:01.0628604Z  + charset-normalizer==3.4.7
2026-05-07T17:22:01.0630573Z  + colorama==0.4.6
2026-05-07T17:22:01.0631195Z  + coverage==7.13.5
2026-05-07T17:22:01.0631704Z  + idna==3.13
2026-05-07T17:22:01.0632571Z  + iniconfig==2.3.0
2026-05-07T17:22:01.0632955Z  + jmespath==1.1.0
2026-05-07T17:22:01.0633602Z  + jsonschema==4.23.0
2026-05-07T17:22:01.0634272Z  + jsonschema-specifications==2025.9.1
2026-05-07T17:22:01.0634829Z  + lit==18.1.8
2026-05-07T17:22:01.0635372Z  + packaging==25.0
2026-05-07T17:22:01.0635917Z  + perfetto==0.7.0
2026-05-07T17:22:01.0636506Z  + pluggy==1.6.0
2026-05-07T17:22:01.0637076Z  + prettytable==3.12.0
2026-05-07T17:22:01.0637619Z  + protobuf==7.34.1
2026-05-07T17:22:01.0638200Z  + psutil==7.1.3
2026-05-07T17:22:01.0638784Z  + pygments==2.20.0
2026-05-07T17:22:01.0639332Z  + pytest==9.0.3
2026-05-07T17:22:01.0639904Z  + pytest-check==2.5.3
2026-05-07T17:22:01.0640553Z  + pytest-cov==6.0.0
2026-05-07T17:22:01.0641080Z  + pytest-timeout==2.4.0
2026-05-07T17:22:01.0641724Z  + python-dateutil==2.9.0.post0
2026-05-07T17:22:01.0642306Z  + pyyaml==6.0.2
2026-05-07T17:22:01.0642871Z  + pyzstd==0.19.1
2026-05-07T17:22:01.0643454Z  + referencing==0.37.0
2026-05-07T17:22:01.0644054Z  + requests==2.33.0
2026-05-07T17:22:01.0644629Z  + rpds-py==0.30.0
2026-05-07T17:22:01.0645194Z  + s3transfer==0.13.1
2026-05-07T17:22:01.0645747Z  + sccache==0.10.0
2026-05-07T17:22:01.0646247Z  + six==1.17.0
2026-05-07T17:22:01.0646760Z  + tabulate==0.9.0
2026-05-07T17:22:01.0647403Z  + typing-extensions==4.15.0
2026-05-07T17:22:01.0647931Z  + urllib3==2.7.0
2026-05-07T17:22:01.0648502Z  + wcwidth==0.7.0
2026-05-07T17:22:01.1100501Z attrs==26.1.0
2026-05-07T17:22:01.1101345Z backports-zstd==1.4.0
2026-05-07T17:22:01.1101738Z boto3==1.39.15
2026-05-07T17:22:01.1102017Z botocore==1.39.17
2026-05-07T17:22:01.1102303Z certifi==2026.4.22
2026-05-07T17:22:01.1102618Z charset-normalizer==3.4.7
2026-05-07T17:22:01.1102978Z colorama==0.4.6
2026-05-07T17:22:01.1104006Z coverage==7.13.5
2026-05-07T17:22:01.1104273Z idna==3.13
2026-05-07T17:22:01.1104529Z iniconfig==2.3.0
2026-05-07T17:22:01.1104796Z jmespath==1.1.0
2026-05-07T17:22:01.1105067Z jsonschema==4.23.0
2026-05-07T17:22:01.1105382Z jsonschema-specifications==2025.9.1
2026-05-07T17:22:01.1105757Z lit==18.1.8
2026-05-07T17:22:01.1106008Z packaging==25.0
2026-05-07T17:22:01.1106261Z perfetto==0.7.0
2026-05-07T17:22:01.1106512Z pluggy==1.6.0
2026-05-07T17:22:01.1106792Z prettytable==3.12.0
2026-05-07T17:22:01.1107062Z protobuf==7.34.1
2026-05-07T17:22:01.1107325Z psutil==7.1.3
2026-05-07T17:22:01.1107574Z pygments==2.20.0
2026-05-07T17:22:01.1107821Z pytest==9.0.3
2026-05-07T17:22:01.1108080Z pytest-check==2.5.3
2026-05-07T17:22:01.1108354Z pytest-cov==6.0.0
2026-05-07T17:22:01.1108631Z pytest-timeout==2.4.0
2026-05-07T17:22:01.1108961Z python-dateutil==2.9.0.post0
2026-05-07T17:22:01.1109282Z pyyaml==6.0.2
2026-05-07T17:22:01.1110015Z pyzstd==0.19.1
2026-05-07T17:22:01.1110274Z referencing==0.37.0
2026-05-07T17:22:01.1110539Z requests==2.33.0
2026-05-07T17:22:01.1110794Z rpds-py==0.30.0
2026-05-07T17:22:01.1111050Z s3transfer==0.13.1
2026-05-07T17:22:01.1111312Z sccache==0.10.0
2026-05-07T17:22:01.1111553Z six==1.17.0
2026-05-07T17:22:01.1111791Z tabulate==0.9.0
2026-05-07T17:22:01.1112073Z typing-extensions==4.15.0
2026-05-07T17:22:01.1112373Z urllib3==2.7.0
2026-05-07T17:22:01.1112621Z wcwidth==0.7.0
2026-05-07T17:22:01.1233337Z ##[group]Run choco install --no-progress -y ninja
2026-05-07T17:22:01.1233526Z [36;1mchoco install --no-progress -y ninja[0m
2026-05-07T17:22:01.1250348Z shell: C:\Program Files\Git\usr\bin\bash.EXE --noprofile --norc -e -o pipefail {0}
2026-05-07T17:22:01.1250551Z env:
2026-05-07T17:22:01.1250695Z   VENV_DIR: C:\runner\_work\rocm-libraries\rocm-libraries/.venv
2026-05-07T17:22:01.1250875Z   ARTIFACT_RUN_ID: 25502124030
2026-05-07T17:22:01.1251000Z   OUTPUT_ARTIFACTS_DIR: ./build
2026-05-07T17:22:01.1251131Z   THEROCK_BIN_DIR: ./build/bin
2026-05-07T17:22:01.1251255Z   AMDGPU_FAMILIES: gfx1151
2026-05-07T17:22:01.1251732Z   ARTIFACT_GROUP: gfx1151
2026-05-07T17:22:01.1251852Z   TEST_COMPONENT: hipdnn
2026-05-07T17:22:01.1252001Z   pythonLocation: C:\runner\_work\_tool\Python\3.12.10\x64
2026-05-07T17:22:01.1252221Z   PKG_CONFIG_PATH: C:\runner\_work\_tool\Python\3.12.10\x64/lib/pkgconfig
2026-05-07T17:22:01.1252434Z   Python_ROOT_DIR: C:\runner\_work\_tool\Python\3.12.10\x64
2026-05-07T17:22:01.1252633Z   Python2_ROOT_DIR: C:\runner\_work\_tool\Python\3.12.10\x64
2026-05-07T17:22:01.1252827Z   Python3_ROOT_DIR: C:\runner\_work\_tool\Python\3.12.10\x64
2026-05-07T17:22:01.1253030Z   VIRTUAL_ENV: C:\runner\_work\rocm-libraries\rocm-libraries\.venv
2026-05-07T17:22:01.1253204Z ##[endgroup]
2026-05-07T17:22:01.6275723Z Chocolatey v2.5.0
2026-05-07T17:22:01.7192616Z Installing the following packages:
2026-05-07T17:22:01.7197647Z ninja
2026-05-07T17:22:01.7202936Z By installing, you accept licenses for the packages.
2026-05-07T17:22:02.1625587Z ninja v1.13.1 already installed.
2026-05-07T17:22:02.1625890Z  Use --force to reinstall, specify a version to install, or try upgrade.
2026-05-07T17:22:02.1682127Z 
2026-05-07T17:22:02.1682406Z Chocolatey installed 0/1 packages. 
2026-05-07T17:22:02.1683088Z  See the log for details (C:\ProgramData\chocolatey\logs\chocolatey.log).
2026-05-07T17:22:02.1686208Z 
2026-05-07T17:22:02.1689490Z Warnings:
2026-05-07T17:22:02.1694195Z  - ninja - ninja v1.13.1 already installed.
2026-05-07T17:22:02.1694803Z  Use --force to reinstall, specify a version to install, or try upgrade.
2026-05-07T17:22:02.2076171Z ##[group]Run python ./build_tools/install_rocm_from_artifacts.py \
2026-05-07T17:22:02.2076416Z [36;1mpython ./build_tools/install_rocm_from_artifacts.py \[0m
2026-05-07T17:22:02.2076588Z [36;1m  --run-id=${ARTIFACT_RUN_ID} \[0m
2026-05-07T17:22:02.2076749Z [36;1m  --artifact-group=${ARTIFACT_GROUP} \[0m
2026-05-07T17:22:02.2076914Z [36;1m  --amdgpu-targets=${AMDGPU_TARGETS} \[0m
2026-05-07T17:22:02.2077071Z [36;1m  --output-dir=${OUTPUT_ARTIFACTS_DIR} \[0m
2026-05-07T17:22:02.2077223Z [36;1m  ${FETCH_ARTIFACT_ARGS}[0m
2026-05-07T17:22:02.2093850Z shell: C:\Program Files\Git\usr\bin\bash.EXE --noprofile --norc -e -o pipefail {0}
2026-05-07T17:22:02.2094036Z env:
2026-05-07T17:22:02.2094178Z   VENV_DIR: C:\runner\_work\rocm-libraries\rocm-libraries/.venv
2026-05-07T17:22:02.2094386Z   ARTIFACT_RUN_ID: 25502124030
2026-05-07T17:22:02.2094495Z   OUTPUT_ARTIFACTS_DIR: ./build
2026-05-07T17:22:02.2094602Z   THEROCK_BIN_DIR: ./build/bin
2026-05-07T17:22:02.2094706Z   AMDGPU_FAMILIES: gfx1151
2026-05-07T17:22:02.2094810Z   ARTIFACT_GROUP: gfx1151
2026-05-07T17:22:02.2094911Z   TEST_COMPONENT: hipdnn
2026-05-07T17:22:02.2095044Z   pythonLocation: C:\runner\_work\_tool\Python\3.12.10\x64
2026-05-07T17:22:02.2095241Z   PKG_CONFIG_PATH: C:\runner\_work\_tool\Python\3.12.10\x64/lib/pkgconfig
2026-05-07T17:22:02.2095612Z   Python_ROOT_DIR: C:\runner\_work\_tool\Python\3.12.10\x64
2026-05-07T17:22:02.2095800Z   Python2_ROOT_DIR: C:\runner\_work\_tool\Python\3.12.10\x64
2026-05-07T17:22:02.2095982Z   Python3_ROOT_DIR: C:\runner\_work\_tool\Python\3.12.10\x64
2026-05-07T17:22:02.2096175Z   VIRTUAL_ENV: C:\runner\_work\rocm-libraries\rocm-libraries\.venv
2026-05-07T17:22:02.2096336Z   AMDGPU_TARGETS: 
2026-05-07T17:22:02.2096443Z   FETCH_ARTIFACT_ARGS: --hipdnn --tests
2026-05-07T17:22:02.2096576Z   RELEASE_TYPE: 
2026-05-07T17:22:02.2096907Z   GITHUB_TOKEN: ***
2026-05-07T17:22:02.2097020Z   STEP_NAME: Download and Unpack Artifacts
2026-05-07T17:22:02.2097154Z   STEP_TIMEOUT_TOLERANCE: 2
2026-05-07T17:22:02.2097269Z ##[endgroup]
2026-05-07T17:22:02.9405899Z ### Installing TheRock using artifacts ###
2026-05-07T17:22:02.9407369Z Creating output directory 'C:\runner\_work\rocm-libraries\rocm-libraries\build'
2026-05-07T17:22:02.9410820Z Created output directory 'C:\runner\_work\rocm-libraries\rocm-libraries\build'
2026-05-07T17:22:02.9411092Z Retrieving artifacts for run ID 25502124030
2026-05-07T17:22:02.9411206Z 
2026-05-07T17:22:02.9411264Z Calling fetch_artifacts_main with args:
2026-05-07T17:22:02.9412645Z   --run-id 25502124030 --artifact-group gfx1151 --output-dir build --flatten core-hipinfo_run core-runtime_run core-runtime_lib sysdeps_lib base_run base_lib amd-llvm_run amd-llvm_lib core-amdsmi_run core-amdsmi_lib core-hip_lib core-hip_dev core-kpack_lib core-ocl_lib core-ocl_dev rocprofiler-sdk_lib host-suite-sparse_lib hipdnn_lib hipdnn_test
2026-05-07T17:22:02.9413342Z 
2026-05-07T17:22:02.9414325Z Retrieving bucket info for workflow run...
2026-05-07T17:22:02.9414489Z   github_repository: ROCm/rocm-libraries
2026-05-07T17:22:03.2888986Z   workflow_run_id: 25502124030
2026-05-07T17:22:03.2889637Z   head_github_repository: ROCm/rocm-libraries
2026-05-07T17:22:03.2890108Z   is_pr_from_fork: False
2026-05-07T17:22:03.2890454Z   bucket: therock-ci-artifacts-external
2026-05-07T17:22:03.2891473Z Retrieving artifacts from 's3://therock-ci-artifacts-external/ROCm-rocm-libraries/25502124030-windows'
2026-05-07T17:22:03.2892244Z Matching artifact target families: ['generic', 'gfx1151']
2026-05-07T17:22:05.9201521Z 
2026-05-07T17:22:05.9202345Z Filtered artifacts to download:
2026-05-07T17:22:05.9203219Z   s3://therock-ci-artifacts-external/ROCm-rocm-libraries/25502124030-windows/amd-llvm_lib_generic.tar.xz
2026-05-07T17:22:05.9204247Z   s3://therock-ci-artifacts-external/ROCm-rocm-libraries/25502124030-windows/amd-llvm_run_generic.tar.xz
2026-05-07T17:22:05.9205176Z   s3://therock-ci-artifacts-external/ROCm-rocm-libraries/25502124030-windows/base_lib_generic.tar.xz
2026-05-07T17:22:05.9206086Z   s3://therock-ci-artifacts-external/ROCm-rocm-libraries/25502124030-windows/base_run_generic.tar.xz
2026-05-07T17:22:05.9206961Z   s3://therock-ci-artifacts-external/ROCm-rocm-libraries/25502124030-windows/core-hip_dev_generic.tar.xz
2026-05-07T17:22:05.9207346Z   s3://therock-ci-artifacts-external/ROCm-rocm-libraries/25502124030-windows/core-hip_lib_generic.tar.xz
2026-05-07T17:22:05.9207690Z   s3://therock-ci-artifacts-external/ROCm-rocm-libraries/25502124030-windows/core-hipinfo_run_generic.tar.xz
2026-05-07T17:22:05.9208047Z   s3://therock-ci-artifacts-external/ROCm-rocm-libraries/25502124030-windows/core-kpack_lib_generic.tar.xz
2026-05-07T17:22:05.9208374Z   s3://therock-ci-artifacts-external/ROCm-rocm-libraries/25502124030-windows/hipdnn_lib_generic.tar.xz
2026-05-07T17:22:05.9208699Z   s3://therock-ci-artifacts-external/ROCm-rocm-libraries/25502124030-windows/hipdnn_test_generic.tar.xz
2026-05-07T17:22:05.9209017Z   s3://therock-ci-artifacts-external/ROCm-rocm-libraries/25502124030-windows/sysdeps_lib_generic.tar.xz
2026-05-07T17:22:05.9209202Z 
2026-05-07T17:22:05.9212835Z   ++ Downloading amd-llvm_lib_generic.tar.xz
2026-05-07T17:22:05.9213300Z   ++ Downloading amd-llvm_run_generic.tar.xz
2026-05-07T17:22:05.9221632Z   ++ Downloading base_lib_generic.tar.xz
2026-05-07T17:22:05.9230086Z   ++ Downloading base_run_generic.tar.xz
2026-05-07T17:22:05.9232289Z   ++ Downloading core-hip_dev_generic.tar.xz
2026-05-07T17:22:05.9233906Z   ++ Downloading core-hip_lib_generic.tar.xz
2026-05-07T17:22:05.9237748Z   ++ Downloading core-hipinfo_run_generic.tar.xz
2026-05-07T17:22:05.9243128Z   ++ Downloading core-kpack_lib_generic.tar.xz
2026-05-07T17:22:05.9246490Z   ++ Downloading hipdnn_lib_generic.tar.xz
2026-05-07T17:22:05.9247826Z   ++ Downloading hipdnn_test_generic.tar.xz
2026-05-07T17:22:06.9504830Z   ++ Downloading sysdeps_lib_generic.tar.xz
2026-05-07T17:22:06.9505728Z ++ Flattening 'base_run_generic.tar.xz' to 'base_run_generic'
2026-05-07T17:22:06.9638992Z ++ Flattening 'base_lib_generic.tar.xz' to 'base_lib_generic'
2026-05-07T17:22:06.9690959Z ++ Flattening 'core-hipinfo_run_generic.tar.xz' to 'core-hipinfo_run_generic'
2026-05-07T17:22:07.1045817Z ++ Flattening 'core-kpack_lib_generic.tar.xz' to 'core-kpack_lib_generic'
2026-05-07T17:22:07.1187357Z ++ Flattening 'sysdeps_lib_generic.tar.xz' to 'sysdeps_lib_generic'
2026-05-07T17:22:07.2570713Z ++ Flattening 'hipdnn_lib_generic.tar.xz' to 'hipdnn_lib_generic'
2026-05-07T17:22:07.8706188Z ++ Flattening 'core-hip_dev_generic.tar.xz' to 'core-hip_dev_generic'
2026-05-07T17:22:08.3349432Z ++ Flattening 'core-hip_lib_generic.tar.xz' to 'core-hip_lib_generic'
2026-05-07T17:22:11.2035010Z ++ Flattening 'amd-llvm_lib_generic.tar.xz' to 'amd-llvm_lib_generic'
2026-05-07T17:22:14.7688659Z ++ Flattening 'amd-llvm_run_generic.tar.xz' to 'amd-llvm_run_generic'
2026-05-07T17:22:17.3663112Z ++ Flattening 'hipdnn_test_generic.tar.xz' to 'hipdnn_test_generic'
2026-05-07T17:22:36.7051450Z Retrieved artifacts for run ID 25502124030
2026-05-07T17:22:36.7782608Z ##[group]Run python ./build_tools/print_driver_gpu_info.py
2026-05-07T17:22:36.7782877Z [36;1mpython ./build_tools/print_driver_gpu_info.py[0m
2026-05-07T17:22:36.7800998Z shell: C:\Program Files\Git\usr\bin\bash.EXE --noprofile --norc -e -o pipefail {0}
2026-05-07T17:22:36.7801218Z env:
2026-05-07T17:22:36.7801372Z   VENV_DIR: C:\runner\_work\rocm-libraries\rocm-libraries/.venv
2026-05-07T17:22:36.7801557Z   ARTIFACT_RUN_ID: 25502124030
2026-05-07T17:22:36.7801701Z   OUTPUT_ARTIFACTS_DIR: ./build
2026-05-07T17:22:36.7801828Z   THEROCK_BIN_DIR: ./build/bin
2026-05-07T17:22:36.7801945Z   AMDGPU_FAMILIES: gfx1151
2026-05-07T17:22:36.7802065Z   ARTIFACT_GROUP: gfx1151
2026-05-07T17:22:36.7802189Z   TEST_COMPONENT: hipdnn
2026-05-07T17:22:36.7802339Z   pythonLocation: C:\runner\_work\_tool\Python\3.12.10\x64
2026-05-07T17:22:36.7802562Z   PKG_CONFIG_PATH: C:\runner\_work\_tool\Python\3.12.10\x64/lib/pkgconfig
2026-05-07T17:22:36.7802805Z   Python_ROOT_DIR: C:\runner\_work\_tool\Python\3.12.10\x64
2026-05-07T17:22:36.7803000Z   Python2_ROOT_DIR: C:\runner\_work\_tool\Python\3.12.10\x64
2026-05-07T17:22:36.7803195Z   Python3_ROOT_DIR: C:\runner\_work\_tool\Python\3.12.10\x64
2026-05-07T17:22:36.7803403Z   VIRTUAL_ENV: C:\runner\_work\rocm-libraries\rocm-libraries\.venv
2026-05-07T17:22:36.7803577Z ##[endgroup]
2026-05-07T17:22:36.9145865Z === Sanity check: driver / GPU info ===
2026-05-07T17:22:36.9146035Z 
2026-05-07T17:22:36.9146116Z === hipInfo.exe ===
2026-05-07T17:22:36.9146312Z ++ Exec [C:\runner\_work\rocm-libraries\rocm-libraries]$ 'build\bin\hipInfo.exe'
2026-05-07T17:22:37.1622813Z 
2026-05-07T17:22:37.1623251Z --------------------------------------------------------------------------------
2026-05-07T17:22:37.1623497Z device#                           0
2026-05-07T17:22:37.1623654Z Name:                             AMD Radeon(TM) 8060S Graphics
2026-05-07T17:22:37.1623817Z pciBusID:                         197
2026-05-07T17:22:37.1623971Z pciDeviceID:                      0
2026-05-07T17:22:37.1624098Z pciDomainID:                      0
2026-05-07T17:22:37.1624220Z multiProcessorCount:              20
2026-05-07T17:22:37.1624357Z maxThreadsPerMultiProcessor:      2048
2026-05-07T17:22:37.1624495Z isMultiGpuBoard:                  0
2026-05-07T17:22:37.1624614Z clockRate:                        2900 Mhz
2026-05-07T17:22:37.1624747Z memoryClockRate:                  800 Mhz
2026-05-07T17:22:37.1624878Z memoryBusWidth:                   512
2026-05-07T17:22:37.1625015Z totalGlobalMem:                   107.87 GB
2026-05-07T17:22:37.1625153Z totalConstMem:                    2147483647
2026-05-07T17:22:37.1625289Z sharedMemPerBlock:                64.00 KB
2026-05-07T17:22:37.1625416Z canMapHostMemory:                 1
2026-05-07T17:22:37.1625537Z regsPerBlock:                     196608
2026-05-07T17:22:37.1625660Z warpSize:                         32
2026-05-07T17:22:37.1625779Z l2CacheSize:                      2097152
2026-05-07T17:22:37.1625908Z computeMode:                      0
2026-05-07T17:22:37.1626032Z maxThreadsPerBlock:               1024
2026-05-07T17:22:37.1626154Z maxThreadsDim.x:                  1024
2026-05-07T17:22:37.1626273Z maxThreadsDim.y:                  1024
2026-05-07T17:22:37.1626392Z maxThreadsDim.z:                  1024
2026-05-07T17:22:37.1626522Z maxGridSize.x:                    2147483647
2026-05-07T17:22:37.1626647Z maxGridSize.y:                    65536
2026-05-07T17:22:37.1627512Z maxGridSize.z:                    65536
2026-05-07T17:22:37.1627635Z major:                            11
2026-05-07T17:22:37.1627746Z minor:                            5
2026-05-07T17:22:37.1627864Z concurrentKernels:                1
2026-05-07T17:22:37.1627981Z cooperativeLaunch:                0
2026-05-07T17:22:37.1628104Z cooperativeMultiDeviceLaunch:     0
2026-05-07T17:22:37.1628241Z isIntegrated:                     1
2026-05-07T17:22:37.1628358Z maxTexture1D:                     16384
2026-05-07T17:22:37.1629390Z maxTexture2D.width:               16384
2026-05-07T17:22:37.1629525Z maxTexture2D.height:              16384
2026-05-07T17:22:37.1629654Z maxTexture3D.width:               2048
2026-05-07T17:22:37.1629774Z maxTexture3D.height:              2048
2026-05-07T17:22:37.1629902Z maxTexture3D.depth:               2048
2026-05-07T17:22:37.1630031Z hostNativeAtomicSupported:        0
2026-05-07T17:22:37.1630155Z isLargeBar:                       0
2026-05-07T17:22:37.1630268Z asicRevision:                     0
2026-05-07T17:22:37.1630398Z maxSharedMemoryPerMultiProcessor: 64.00 KB
2026-05-07T17:22:37.1630548Z clockInstructionRate:             1000.00 Mhz
2026-05-07T17:22:37.1630682Z arch.hasGlobalInt32Atomics:       1
2026-05-07T17:22:37.1630810Z arch.hasGlobalFloatAtomicExch:    1
2026-05-07T17:22:37.1630936Z arch.hasSharedInt32Atomics:       1
2026-05-07T17:22:37.1631056Z arch.hasSharedFloatAtomicExch:    1
2026-05-07T17:22:37.1631181Z arch.hasFloatAtomicAdd:           1
2026-05-07T17:22:37.1631305Z arch.hasGlobalInt64Atomics:       1
2026-05-07T17:22:37.1631421Z arch.hasSharedInt64Atomics:       1
2026-05-07T17:22:37.1631540Z arch.hasDoubles:                  1
2026-05-07T17:22:37.1631655Z arch.hasWarpVote:                 1
2026-05-07T17:22:37.1631766Z arch.hasWarpBallot:               1
2026-05-07T17:22:37.1631881Z arch.hasWarpShuffle:              1
2026-05-07T17:22:37.1631997Z arch.hasFunnelShift:              0
2026-05-07T17:22:37.1632111Z arch.hasThreadFenceSystem:        1
2026-05-07T17:22:37.1632233Z arch.hasSyncThreadsExt:           0
2026-05-07T17:22:37.1632353Z arch.hasSurfaceFuncs:             0
2026-05-07T17:22:37.1632464Z arch.has3dGrid:                   1
2026-05-07T17:22:37.1632585Z arch.hasDynamicParallelism:       0
2026-05-07T17:22:37.1632710Z gcnArchName:                      gfx1151
2026-05-07T17:22:37.1632846Z maxAvailableVgprsPerThread:       256 DWORDs
2026-05-07T17:22:37.1632982Z peers:                            
2026-05-07T17:22:37.1633112Z non-peers:                        device#0 
2026-05-07T17:22:37.1633200Z 
2026-05-07T17:22:37.1633254Z memInfo.total:                    107.87 GB
2026-05-07T17:22:37.1633393Z memInfo.free:                     107.72 GB (100%)
2026-05-07T17:22:37.1633498Z 
2026-05-07T17:22:37.1633542Z === End of sanity check ===
2026-05-07T17:22:37.1834180Z ##[group]Run # Create logs directory
2026-05-07T17:22:37.1834404Z [36;1m# Create logs directory[0m
2026-05-07T17:22:37.1834537Z [36;1mmkdir -p ./test_logs[0m
2026-05-07T17:22:37.1834668Z [36;1m[0m
2026-05-07T17:22:37.1834808Z [36;1m# Run test and capture output (still display to console)[0m
2026-05-07T17:22:37.1835105Z [36;1mpython build_tools/github_actions/test_executable_scripts/test_hipdnn.py 2>&1 | tee ./test_logs/test_output.log[0m
2026-05-07T17:22:37.1854944Z shell: C:\Program Files\Git\usr\bin\bash.EXE --noprofile --norc -e -o pipefail {0}
2026-05-07T17:22:37.1855531Z env:
2026-05-07T17:22:37.1855924Z   VENV_DIR: C:\runner\_work\rocm-libraries\rocm-libraries/.venv
2026-05-07T17:22:37.1856413Z   ARTIFACT_RUN_ID: 25502124030
2026-05-07T17:22:37.1856759Z   OUTPUT_ARTIFACTS_DIR: ./build
2026-05-07T17:22:37.1857081Z   THEROCK_BIN_DIR: ./build/bin
2026-05-07T17:22:37.1857403Z   AMDGPU_FAMILIES: gfx1151
2026-05-07T17:22:37.1857761Z   ARTIFACT_GROUP: gfx1151
2026-05-07T17:22:37.1858073Z   TEST_COMPONENT: hipdnn
2026-05-07T17:22:37.1858471Z   pythonLocation: C:\runner\_work\_tool\Python\3.12.10\x64
2026-05-07T17:22:37.1859344Z   PKG_CONFIG_PATH: C:\runner\_work\_tool\Python\3.12.10\x64/lib/pkgconfig
2026-05-07T17:22:37.1859934Z   Python_ROOT_DIR: C:\runner\_work\_tool\Python\3.12.10\x64
2026-05-07T17:22:37.1860462Z   Python2_ROOT_DIR: C:\runner\_work\_tool\Python\3.12.10\x64
2026-05-07T17:22:37.1860981Z   Python3_ROOT_DIR: C:\runner\_work\_tool\Python\3.12.10\x64
2026-05-07T17:22:37.1861529Z   VIRTUAL_ENV: C:\runner\_work\rocm-libraries\rocm-libraries\.venv
2026-05-07T17:22:37.1861862Z   SHARD_INDEX: 1
2026-05-07T17:22:37.1861960Z   TOTAL_SHARDS: 1
2026-05-07T17:22:37.1862056Z   TEST_TYPE: standard
2026-05-07T17:22:37.1862164Z ##[endgroup]
2026-05-07T17:22:37.3106244Z INFO:root:++ Exec [C:\runner\_work\rocm-libraries\rocm-libraries]$ ctest --test-dir ./build/bin/hipdnn --output-on-failure --parallel 8
2026-05-07T17:22:37.3264700Z Internal ctest changing into directory: C:/runner/_work/rocm-libraries/rocm-libraries/build/bin/hipdnn
2026-05-07T17:22:37.3265640Z Test project C:/runner/_work/rocm-libraries/rocm-libraries/build/bin/hipdnn
2026-05-07T17:22:37.3266229Z       Start  1: hipdnn_data_sdk_tests
2026-05-07T17:22:37.3424261Z       Start  2: hipdnn_flatbuffers_sdk_tests
2026-05-07T17:22:37.3740689Z       Start  3: hipdnn_backend_tests
2026-05-07T17:22:37.3897753Z       Start  4: hipdnn_frontend_tests
2026-05-07T17:22:37.4221608Z       Start  5: hipdnn_test_sdk_tests
2026-05-07T17:22:37.4539662Z       Start  6: hipdnn_plugin_sdk_tests
2026-05-07T17:22:37.4697738Z       Start  7: hipdnn_heuristic_default_tests
2026-05-07T17:22:37.5014863Z       Start  8: hipdnn_public_backend_tests
2026-05-07T17:22:37.5485187Z  1/10 Test  #6: hipdnn_plugin_sdk_tests .................   Passed    0.09 sec
2026-05-07T17:22:37.5485484Z       Start  9: hipdnn_backend_logging_shutdown_tests
2026-05-07T17:22:37.5642457Z  2/10 Test  #2: hipdnn_flatbuffers_sdk_tests ............   Passed    0.22 sec
2026-05-07T17:22:37.5642916Z       Start 10: hipdnn_public_frontend_tests
2026-05-07T17:22:37.5964287Z  3/10 Test  #7: hipdnn_heuristic_default_tests ..........   Passed    0.12 sec
2026-05-07T17:22:37.6440203Z  4/10 Test  #4: hipdnn_frontend_tests ...................   Passed    0.24 sec
2026-05-07T17:22:37.8490759Z  5/10 Test  #8: hipdnn_public_backend_tests .............***Failed    0.34 sec
2026-05-07T17:22:37.8491838Z [==========] Running 169 tests from 22 test suites.
2026-05-07T17:22:37.8492297Z [----------] Global test environment set-up.
2026-05-07T17:22:37.8492822Z [----------] 7 tests from IntegrationBackendDescriptor
2026-05-07T17:22:37.8493693Z [ RUN      ] IntegrationBackendDescriptor.CreateAndDestroy
2026-05-07T17:22:37.8494196Z [       OK ] IntegrationBackendDescriptor.CreateAndDestroy (13 ms)
2026-05-07T17:22:37.8494695Z [ RUN      ] IntegrationBackendDescriptor.CreateWithNullptr
2026-05-07T17:22:37.8497777Z [       OK ] IntegrationBackendDescriptor.CreateWithNullptr (0 ms)
2026-05-07T17:22:37.8498486Z [ RUN      ] IntegrationBackendDescriptor.WillNotCreateDescriptorIfTypeNotSupported
2026-05-07T17:22:37.8499206Z [       OK ] IntegrationBackendDescriptor.WillNotCreateDescriptorIfTypeNotSupported (0 ms)
2026-05-07T17:22:37.8499846Z [ RUN      ] IntegrationBackendDescriptor.WontDestroyDescriptorIfNull
2026-05-07T17:22:37.8500396Z [       OK ] IntegrationBackendDescriptor.WontDestroyDescriptorIfNull (0 ms)
2026-05-07T17:22:37.8500866Z [ RUN      ] IntegrationBackendDescriptor.Finalize
2026-05-07T17:22:37.8501267Z [       OK ] IntegrationBackendDescriptor.Finalize (0 ms)
2026-05-07T17:22:37.8501737Z [ RUN      ] IntegrationBackendDescriptor.GetAttributeWithNullDescriptor
2026-05-07T17:22:37.8502392Z [       OK ] IntegrationBackendDescriptor.GetAttributeWithNullDescriptor (0 ms)
2026-05-07T17:22:37.8502774Z [ RUN      ] IntegrationBackendDescriptor.SetAttributeWithNullDescriptor
2026-05-07T17:22:37.8503153Z [       OK ] IntegrationBackendDescriptor.SetAttributeWithNullDescriptor (0 ms)
2026-05-07T17:22:37.8503607Z [----------] 7 tests from IntegrationBackendDescriptor (13 ms total)
2026-05-07T17:22:37.8504568Z 
2026-05-07T17:22:37.8504658Z [----------] 6 tests from IntegrationBackendExecuteApi
2026-05-07T17:22:37.8504891Z [ RUN      ] IntegrationBackendExecuteApi.NullHandle
2026-05-07T17:22:37.8505276Z [       OK ] IntegrationBackendExecuteApi.NullHandle (20 ms)
2026-05-07T17:22:37.8505694Z [ RUN      ] IntegrationBackendExecuteApi.NullVariantPack
2026-05-07T17:22:37.8506134Z [       OK ] IntegrationBackendExecuteApi.NullVariantPack (0 ms)
2026-05-07T17:22:37.8506436Z [ RUN      ] IntegrationBackendExecuteApi.NullPlan
2026-05-07T17:22:37.8506666Z [       OK ] IntegrationBackendExecuteApi.NullPlan (0 ms)
2026-05-07T17:22:37.8506894Z [ RUN      ] IntegrationBackendExecuteApi.UnfinalizedPlan
2026-05-07T17:22:37.8507145Z [       OK ] IntegrationBackendExecuteApi.UnfinalizedPlan (0 ms)
2026-05-07T17:22:37.8507510Z [ RUN      ] IntegrationBackendExecuteApi.WrongDescriptorTypes
2026-05-07T17:22:37.8507908Z [       OK ] IntegrationBackendExecuteApi.WrongDescriptorTypes (0 ms)
2026-05-07T17:22:37.8508297Z [ RUN      ] IntegrationBackendExecuteApi.ValidExecute
2026-05-07T17:22:37.8508621Z [       OK ] IntegrationBackendExecuteApi.ValidExecute (0 ms)
2026-05-07T17:22:37.8508885Z [----------] 6 tests from IntegrationBackendExecuteApi (20 ms total)
2026-05-07T17:22:37.8509082Z 
2026-05-07T17:22:37.8509221Z [----------] 3 tests from IntegrationConvOperationDescriptorApi
2026-05-07T17:22:37.8509544Z [ RUN      ] IntegrationConvOperationDescriptorApi.CreateAndFinalizeConvOperation
2026-05-07T17:22:37.8510005Z [       OK ] IntegrationConvOperationDescriptorApi.CreateAndFinalizeConvOperation (0 ms)
2026-05-07T17:22:37.8510414Z [ RUN      ] IntegrationConvOperationDescriptorApi.GetAfterSetVerifiesAllAttributes
2026-05-07T17:22:37.8511000Z [       OK ] IntegrationConvOperationDescriptorApi.GetAfterSetVerifiesAllAttributes (0 ms)
2026-05-07T17:22:37.8511539Z [ RUN      ] IntegrationConvOperationDescriptorApi.ConvOperationFailsWithoutTensorRefs
2026-05-07T17:22:37.8512105Z [       OK ] IntegrationConvOperationDescriptorApi.ConvOperationFailsWithoutTensorRefs (0 ms)
2026-05-07T17:22:37.8512661Z [----------] 3 tests from IntegrationConvOperationDescriptorApi (0 ms total)
2026-05-07T17:22:37.8512854Z 
2026-05-07T17:22:37.8512944Z [----------] 11 tests from IntegrationGraphDescriptorApi
2026-05-07T17:22:37.8513258Z [ RUN      ] IntegrationGraphDescriptorApi.CreateAndDeserializeGraphExtWithNullGraph
2026-05-07T17:22:37.8513667Z [       OK ] IntegrationGraphDescriptorApi.CreateAndDeserializeGraphExtWithNullGraph (0 ms)
2026-05-07T17:22:37.8514104Z [ RUN      ] IntegrationGraphDescriptorApi.SetOperationGraph
2026-05-07T17:22:37.8514378Z [       OK ] IntegrationGraphDescriptorApi.SetOperationGraph (0 ms)
2026-05-07T17:22:37.8514674Z [ RUN      ] IntegrationGraphDescriptorApi.FinalizeInvalidOperationGraph
2026-05-07T17:22:37.8515439Z [       OK ] IntegrationGraphDescriptorApi.FinalizeInvalidOperationGraph (0 ms)
2026-05-07T17:22:37.8515828Z [ RUN      ] IntegrationGraphDescriptorApi.GetSerializedGraphSucceedsWithoutFinalization
2026-05-07T17:22:37.8516272Z [       OK ] IntegrationGraphDescriptorApi.GetSerializedGraphSucceedsWithoutFinalization (0 ms)
2026-05-07T17:22:37.8516681Z [ RUN      ] IntegrationGraphDescriptorApi.GetSerializedGraphFailsWithNullParams
2026-05-07T17:22:37.8517062Z [       OK ] IntegrationGraphDescriptorApi.GetSerializedGraphFailsWithNullParams (0 ms)
2026-05-07T17:22:37.8517457Z [ RUN      ] IntegrationGraphDescriptorApi.GetSerializedGraphFailsWithNullSizeParam
2026-05-07T17:22:37.8517855Z [       OK ] IntegrationGraphDescriptorApi.GetSerializedGraphFailsWithNullSizeParam (0 ms)
2026-05-07T17:22:37.8518267Z [ RUN      ] IntegrationGraphDescriptorApi.GetSerializedGraphSizeQueryMatchesCopySize
2026-05-07T17:22:37.8518691Z [       OK ] IntegrationGraphDescriptorApi.GetSerializedGraphSizeQueryMatchesCopySize (0 ms)
2026-05-07T17:22:37.8519135Z [ RUN      ] IntegrationGraphDescriptorApi.SerializedGraphRoundTripPreservesGraphProperties
2026-05-07T17:22:37.8519609Z [       OK ] IntegrationGraphDescriptorApi.SerializedGraphRoundTripPreservesGraphProperties (0 ms)
2026-05-07T17:22:37.8520156Z [ RUN      ] IntegrationGraphDescriptorApi.GetSerializedGraphFailsWithInsufficientBuffer
2026-05-07T17:22:37.8520594Z [       OK ] IntegrationGraphDescriptorApi.GetSerializedGraphFailsWithInsufficientBuffer (0 ms)
2026-05-07T17:22:37.8521021Z [ RUN      ] IntegrationGraphDescriptorApi.GetSerializedGraphSucceedsWithOversizedBuffer
2026-05-07T17:22:37.8521450Z [       OK ] IntegrationGraphDescriptorApi.GetSerializedGraphSucceedsWithOversizedBuffer (0 ms)
2026-05-07T17:22:37.8521819Z [ RUN      ] IntegrationGraphDescriptorApi.GetGraphNameViaCApi
2026-05-07T17:22:37.8522107Z [       OK ] IntegrationGraphDescriptorApi.GetGraphNameViaCApi (0 ms)
2026-05-07T17:22:37.8522412Z [----------] 11 tests from IntegrationGraphDescriptorApi (6 ms total)
2026-05-07T17:22:37.8522579Z 
2026-05-07T17:22:37.8522657Z [----------] 7 tests from IntegrationEngineApi
2026-05-07T17:22:37.8522882Z [ RUN      ] IntegrationEngineApi.SetEngineOperationGraph
2026-05-07T17:22:37.8523146Z [       OK ] IntegrationEngineApi.SetEngineOperationGraph (0 ms)
2026-05-07T17:22:37.8523394Z [ RUN      ] IntegrationEngineApi.SetEngineGlobalIndex
2026-05-07T17:22:37.8523638Z [       OK ] IntegrationEngineApi.SetEngineGlobalIndex (0 ms)
2026-05-07T17:22:37.8523880Z [ RUN      ] IntegrationEngineApi.SetAttrNotSupported
2026-05-07T17:22:37.8524120Z [       OK ] IntegrationEngineApi.SetAttrNotSupported (0 ms)
2026-05-07T17:22:37.8524372Z [ RUN      ] IntegrationEngineApi.SetAttrEngineAlreadyFinalized
2026-05-07T17:22:37.8524654Z [       OK ] IntegrationEngineApi.SetAttrEngineAlreadyFinalized (0 ms)
2026-05-07T17:22:37.8524904Z [ RUN      ] IntegrationEngineApi.Finalize
2026-05-07T17:22:37.8525098Z [       OK ] IntegrationEngineApi.Finalize (0 ms)
2026-05-07T17:22:37.8525328Z [ RUN      ] IntegrationEngineApi.GetEngineOperationGraph
2026-05-07T17:22:37.8525581Z [       OK ] IntegrationEngineApi.GetEngineOperationGraph (0 ms)
2026-05-07T17:22:37.8525828Z [ RUN      ] IntegrationEngineApi.GetEngineGlobalIndex
2026-05-07T17:22:37.8526069Z [       OK ] IntegrationEngineApi.GetEngineGlobalIndex (0 ms)
2026-05-07T17:22:37.8526315Z [----------] 7 tests from IntegrationEngineApi (0 ms total)
2026-05-07T17:22:37.8526461Z 
2026-05-07T17:22:37.8526548Z [----------] 9 tests from IntegrationEngineConfigApi
2026-05-07T17:22:37.8526781Z [ RUN      ] IntegrationEngineConfigApi.SetEngineConfigEngine
2026-05-07T17:22:37.8527055Z [       OK ] IntegrationEngineConfigApi.SetEngineConfigEngine (0 ms)
2026-05-07T17:22:37.8527304Z [ RUN      ] IntegrationEngineConfigApi.Finalize
2026-05-07T17:22:37.8527516Z [       OK ] IntegrationEngineConfigApi.Finalize (0 ms)
2026-05-07T17:22:37.8527753Z [ RUN      ] IntegrationEngineConfigApi.GetMaxWorkspaceSize
2026-05-07T17:22:37.8528099Z [       OK ] IntegrationEngineConfigApi.GetMaxWorkspaceSize (0 ms)
2026-05-07T17:22:37.8528384Z [ RUN      ] IntegrationEngineConfigApi.GetAttributeBeforeFinalization
2026-05-07T17:22:37.8528712Z [       OK ] IntegrationEngineConfigApi.GetAttributeBeforeFinalization (0 ms)
2026-05-07T17:22:37.8529037Z [ RUN      ] IntegrationEngineConfigApi.GetMaxWorkspaceSizeInvalidType
2026-05-07T17:22:37.8529354Z [       OK ] IntegrationEngineConfigApi.GetMaxWorkspaceSizeInvalidType (0 ms)
2026-05-07T17:22:37.8529679Z [ RUN      ] IntegrationEngineConfigApi.GetMaxWorkspaceSizeInvalidCount
2026-05-07T17:22:37.8530005Z [       OK ] IntegrationEngineConfigApi.GetMaxWorkspaceSizeInvalidCount (0 ms)
2026-05-07T17:22:37.8530325Z [ RUN      ] IntegrationEngineConfigApi.GetMaxWorkspaceSizeNullPointer
2026-05-07T17:22:37.8530639Z [       OK ] IntegrationEngineConfigApi.GetMaxWorkspaceSizeNullPointer (0 ms)
2026-05-07T17:22:37.8530937Z [ RUN      ] IntegrationEngineConfigApi.DoubleFinalization
2026-05-07T17:22:37.8531201Z [       OK ] IntegrationEngineConfigApi.DoubleFinalization (0 ms)
2026-05-07T17:22:37.8531482Z [ RUN      ] IntegrationEngineConfigApi.SetAttributeAfterFinalization
2026-05-07T17:22:37.8531878Z [       OK ] IntegrationEngineConfigApi.SetAttributeAfterFinalization (0 ms)
2026-05-07T17:22:37.8532175Z [----------] 9 tests from IntegrationEngineConfigApi (0 ms total)
2026-05-07T17:22:37.8532331Z 
2026-05-07T17:22:37.8532426Z [----------] 12 tests from IntegrationEngineHeuristicApi
2026-05-07T17:22:37.8532702Z [ RUN      ] IntegrationEngineHeuristicApi.SetEngineHeuristicOperationGraph
2026-05-07T17:22:37.8533065Z [       OK ] IntegrationEngineHeuristicApi.SetEngineHeuristicOperationGraph (24 ms)
2026-05-07T17:22:37.8533395Z [ RUN      ] IntegrationEngineHeuristicApi.SetEngineHeuristicMode
2026-05-07T17:22:37.8533680Z [       OK ] IntegrationEngineHeuristicApi.SetEngineHeuristicMode (0 ms)
2026-05-07T17:22:37.8534040Z [ RUN      ] IntegrationEngineHeuristicApi.SetUnsupportedAttribute
2026-05-07T17:22:37.8534352Z [       OK ] IntegrationEngineHeuristicApi.SetUnsupportedAttribute (0 ms)
2026-05-07T17:22:37.8534626Z [ RUN      ] IntegrationEngineHeuristicApi.Finalize
2026-05-07T17:22:37.8535122Z C:/home/runner/_work/rocm-libraries/rocm-libraries/projects/hipdnn/tests/backend/IntegrationEngineHeuristicApi.cpp(175): error: Expected equality of these values:
2026-05-07T17:22:37.8535606Z   hipdnnBackendFinalize(_engineHeuristic)
2026-05-07T17:22:37.8535787Z     Which is: 9
2026-05-07T17:22:37.8535917Z   HIPDNN_STATUS_SUCCESS
2026-05-07T17:22:37.8536051Z     Which is: 0
2026-05-07T17:22:37.8536122Z 
2026-05-07T17:22:37.8536466Z C:/home/runner/_work/rocm-libraries/rocm-libraries/projects/hipdnn/tests/backend/IntegrationEngineHeuristicApi.cpp(177): error: Expected equality of these values:
2026-05-07T17:22:37.8536927Z   hipdnnBackendFinalize(_engineHeuristic)
2026-05-07T17:22:37.8537095Z     Which is: 9
2026-05-07T17:22:37.8537222Z   HIPDNN_STATUS_BAD_PARAM
2026-05-07T17:22:37.8537353Z     Which is: 2
2026-05-07T17:22:37.8537429Z 
2026-05-07T17:22:37.8537533Z [  FAILED  ] IntegrationEngineHeuristicApi.Finalize (0 ms)
2026-05-07T17:22:37.8537848Z [ RUN      ] IntegrationEngineHeuristicApi.SetAttributeOnFinalizedDescriptor
2026-05-07T17:22:37.8538392Z C:/home/runner/_work/rocm-libraries/rocm-libraries/projects/hipdnn/tests/backend/IntegrationEngineHeuristicApi.cpp(98): error: Expected equality of these values:
2026-05-07T17:22:37.8538845Z   hipdnnBackendFinalize(_engineHeuristic)
2026-05-07T17:22:37.8539011Z     Which is: 9
2026-05-07T17:22:37.8539134Z   HIPDNN_STATUS_SUCCESS
2026-05-07T17:22:37.8539259Z     Which is: 0
2026-05-07T17:22:37.8539332Z 
2026-05-07T17:22:37.8539658Z C:/home/runner/_work/rocm-libraries/rocm-libraries/projects/hipdnn/tests/backend/IntegrationEngineHeuristicApi.cpp(189): error: Expected equality of these values:
2026-05-07T17:22:37.8540276Z   hipdnnBackendSetAttribute(_engineHeuristic, HIPDNN_ATTR_ENGINEHEUR_MODE, HIPDNN_TYPE_HEUR_MODE, 1, &FALLBACK_MODE)
2026-05-07T17:22:37.8540766Z     Which is: 0
2026-05-07T17:22:37.8540907Z   HIPDNN_STATUS_NOT_INITIALIZED
2026-05-07T17:22:37.8541047Z     Which is: 1
2026-05-07T17:22:37.8541122Z 
2026-05-07T17:22:37.8541297Z [  FAILED  ] IntegrationEngineHeuristicApi.SetAttributeOnFinalizedDescriptor (0 ms)
2026-05-07T17:22:37.8541695Z [ RUN      ] IntegrationEngineHeuristicApi.GetAttributeOnUnfinalizedDescriptor
2026-05-07T17:22:37.8542066Z [       OK ] IntegrationEngineHeuristicApi.GetAttributeOnUnfinalizedDescriptor (0 ms)
2026-05-07T17:22:37.8542431Z [ RUN      ] IntegrationEngineHeuristicApi.GetEngineHeuristicOperationGraph
2026-05-07T17:22:37.8542971Z C:/home/runner/_work/rocm-libraries/rocm-libraries/projects/hipdnn/tests/backend/IntegrationEngineHeuristicApi.cpp(98): error: Expected equality of these values:
2026-05-07T17:22:37.8543435Z   hipdnnBackendFinalize(_engineHeuristic)
2026-05-07T17:22:37.8543596Z     Which is: 9
2026-05-07T17:22:37.8543718Z   HIPDNN_STATUS_SUCCESS
2026-05-07T17:22:37.8543846Z     Which is: 0
2026-05-07T17:22:37.8543917Z 
2026-05-07T17:22:37.8544252Z C:/home/runner/_work/rocm-libraries/rocm-libraries/projects/hipdnn/tests/backend/IntegrationEngineHeuristicApi.cpp(218): error: Expected equality of these values:
2026-05-07T17:22:37.8545015Z   hipdnnBackendGetAttribute(_engineHeuristic, HIPDNN_ATTR_ENGINEHEUR_OPERATION_GRAPH, HIPDNN_TYPE_INT64, 1, nullptr, static_cast<void*>(&retrievedGraph))
2026-05-07T17:22:37.8545423Z     Which is: 4
2026-05-07T17:22:37.8545549Z   HIPDNN_STATUS_BAD_PARAM
2026-05-07T17:22:37.8545681Z     Which is: 2
2026-05-07T17:22:37.8545753Z 
2026-05-07T17:22:37.8546080Z C:/home/runner/_work/rocm-libraries/rocm-libraries/projects/hipdnn/tests/backend/IntegrationEngineHeuristicApi.cpp(226): error: Expected equality of these values:
2026-05-07T17:22:37.8546798Z   hipdnnBackendGetAttribute(_engineHeuristic, HIPDNN_ATTR_ENGINEHEUR_OPERATION_GRAPH, HIPDNN_TYPE_BACKEND_DESCRIPTOR, 2, nullptr, static_cast<void*>(&retrievedGraph))
2026-05-07T17:22:37.8547233Z     Which is: 4
2026-05-07T17:22:37.8547359Z   HIPDNN_STATUS_BAD_PARAM
2026-05-07T17:22:37.8547495Z     Which is: 2
2026-05-07T17:22:37.8547563Z 
2026-05-07T17:22:37.8547897Z C:/home/runner/_work/rocm-libraries/rocm-libraries/projects/hipdnn/tests/backend/IntegrationEngineHeuristicApi.cpp(234): error: Expected equality of these values:
2026-05-07T17:22:37.8548561Z   hipdnnBackendGetAttribute(_engineHeuristic, HIPDNN_ATTR_ENGINEHEUR_OPERATION_GRAPH, HIPDNN_TYPE_BACKEND_DESCRIPTOR, 1, nullptr, nullptr)
2026-05-07T17:22:37.8548940Z     Which is: 4
2026-05-07T17:22:37.8549076Z   HIPDNN_STATUS_BAD_PARAM_NULL_POINTER
2026-05-07T17:22:37.8549238Z     Which is: 3
2026-05-07T17:22:37.8549307Z 
2026-05-07T17:22:37.8549634Z C:/home/runner/_work/rocm-libraries/rocm-libraries/projects/hipdnn/tests/backend/IntegrationEngineHeuristicApi.cpp(242): error: Expected equality of these values:
2026-05-07T17:22:37.8550360Z   hipdnnBackendGetAttribute(_engineHeuristic, HIPDNN_ATTR_ENGINEHEUR_OPERATION_GRAPH, HIPDNN_TYPE_BACKEND_DESCRIPTOR, 1, nullptr, static_cast<void*>(&retrievedGraph))
2026-05-07T17:22:37.8550794Z     Which is: 4
2026-05-07T17:22:37.8550912Z   HIPDNN_STATUS_SUCCESS
2026-05-07T17:22:37.8551041Z     Which is: 0
2026-05-07T17:22:37.8551112Z 
2026-05-07T17:22:37.8551570Z C:/home/runner/_work/rocm-libraries/rocm-libraries/projects/hipdnn/tests/backend/IntegrationEngineHeuristicApi.cpp(243): error: Expected: (retrievedGraph) != (nullptr), actual: NULL vs (nullptr)
2026-05-07T17:22:37.8552027Z 
2026-05-07T17:22:37.8552364Z C:/home/runner/_work/rocm-libraries/rocm-libraries/projects/hipdnn/tests/backend/IntegrationEngineHeuristicApi.cpp(255): error: Expected equality of these values:
2026-05-07T17:22:37.8553083Z   hipdnnBackendGetAttribute(_engineHeuristic, HIPDNN_ATTR_ENGINEHEUR_OPERATION_GRAPH, HIPDNN_TYPE_BACKEND_DESCRIPTOR, 1, &count, static_cast<void*>(&retrievedGraph2))
2026-05-07T17:22:37.8553521Z     Which is: 4
2026-05-07T17:22:37.8553643Z   HIPDNN_STATUS_SUCCESS
2026-05-07T17:22:37.8553777Z     Which is: 0
2026-05-07T17:22:37.8553846Z 
2026-05-07T17:22:37.8554530Z C:/home/runner/_work/rocm-libraries/rocm-libraries/projects/hipdnn/tests/backend/IntegrationEngineHeuristicApi.cpp(256): error: Expected equality of these values:
2026-05-07T17:22:37.8554975Z   count
2026-05-07T17:22:37.8555087Z     Which is: 0
2026-05-07T17:22:37.8555197Z   1
2026-05-07T17:22:37.8555265Z 
2026-05-07T17:22:37.8555437Z [  FAILED  ] IntegrationEngineHeuristicApi.GetEngineHeuristicOperationGraph (0 ms)
2026-05-07T17:22:37.8555798Z [ RUN      ] IntegrationEngineHeuristicApi.GetEngineHeuristicMode
2026-05-07T17:22:37.8556315Z C:/home/runner/_work/rocm-libraries/rocm-libraries/projects/hipdnn/tests/backend/IntegrationEngineHeuristicApi.cpp(98): error: Expected equality of these values:
2026-05-07T17:22:37.8556781Z   hipdnnBackendFinalize(_engineHeuristic)
2026-05-07T17:22:37.8556950Z     Which is: 9
2026-05-07T17:22:37.8557077Z   HIPDNN_STATUS_SUCCESS
2026-05-07T17:22:37.8557202Z     Which is: 0
2026-05-07T17:22:37.8557278Z 
2026-05-07T17:22:37.8557616Z C:/home/runner/_work/rocm-libraries/rocm-libraries/projects/hipdnn/tests/backend/IntegrationEngineHeuristicApi.cpp(274): error: Expected equality of these values:
2026-05-07T17:22:37.8558326Z   hipdnnBackendGetAttribute(_engineHeuristic, HIPDNN_ATTR_ENGINEHEUR_MODE, HIPDNN_TYPE_BACKEND_DESCRIPTOR, 1, nullptr, &mode)
2026-05-07T17:22:37.8558676Z     Which is: 4
2026-05-07T17:22:37.8558803Z   HIPDNN_STATUS_BAD_PARAM
2026-05-07T17:22:37.8558943Z     Which is: 2
2026-05-07T17:22:37.8559011Z 
2026-05-07T17:22:37.8559346Z C:/home/runner/_work/rocm-libraries/rocm-libraries/projects/hipdnn/tests/backend/IntegrationEngineHeuristicApi.cpp(282): error: Expected equality of these values:
2026-05-07T17:22:37.8559962Z   hipdnnBackendGetAttribute(_engineHeuristic, HIPDNN_ATTR_ENGINEHEUR_MODE, HIPDNN_TYPE_HEUR_MODE, 2, nullptr, &mode)
2026-05-07T17:22:37.8560301Z     Which is: 4
2026-05-07T17:22:37.8560425Z   HIPDNN_STATUS_BAD_PARAM
2026-05-07T17:22:37.8560557Z     Which is: 2
2026-05-07T17:22:37.8560672Z 
2026-05-07T17:22:37.8561002Z C:/home/runner/_work/rocm-libraries/rocm-libraries/projects/hipdnn/tests/backend/IntegrationEngineHeuristicApi.cpp(290): error: Expected equality of these values:
2026-05-07T17:22:37.8561627Z   hipdnnBackendGetAttribute(_engineHeuristic, HIPDNN_ATTR_ENGINEHEUR_MODE, HIPDNN_TYPE_HEUR_MODE, 1, nullptr, nullptr)
2026-05-07T17:22:37.8561962Z     Which is: 4
2026-05-07T17:22:37.8562092Z   HIPDNN_STATUS_BAD_PARAM_NULL_POINTER
2026-05-07T17:22:37.8562257Z     Which is: 3
2026-05-07T17:22:37.8562326Z 
2026-05-07T17:22:37.8562667Z C:/home/runner/_work/rocm-libraries/rocm-libraries/projects/hipdnn/tests/backend/IntegrationEngineHeuristicApi.cpp(298): error: Expected equality of these values:
2026-05-07T17:22:37.8563293Z   hipdnnBackendGetAttribute(_engineHeuristic, HIPDNN_ATTR_ENGINEHEUR_MODE, HIPDNN_TYPE_HEUR_MODE, 1, nullptr, &mode)
2026-05-07T17:22:37.8563636Z     Which is: 4
2026-05-07T17:22:37.8563762Z   HIPDNN_STATUS_SUCCESS
2026-05-07T17:22:37.8563892Z     Which is: 0
2026-05-07T17:22:37.8563972Z 
2026-05-07T17:22:37.8564309Z C:/home/runner/_work/rocm-libraries/rocm-libraries/projects/hipdnn/tests/backend/IntegrationEngineHeuristicApi.cpp(305): error: Expected equality of these values:
2026-05-07T17:22:37.8564942Z   hipdnnBackendGetAttribute( _engineHeuristic, HIPDNN_ATTR_ENGINEHEUR_MODE, HIPDNN_TYPE_HEUR_MODE, 1, &count, &mode)
2026-05-07T17:22:37.8565277Z     Which is: 4
2026-05-07T17:22:37.8565395Z   HIPDNN_STATUS_SUCCESS
2026-05-07T17:22:37.8565525Z     Which is: 0
2026-05-07T17:22:37.8565595Z 
2026-05-07T17:22:37.8565939Z C:/home/runner/_work/rocm-libraries/rocm-libraries/projects/hipdnn/tests/backend/IntegrationEngineHeuristicApi.cpp(306): error: Expected equality of these values:
2026-05-07T17:22:37.8566378Z   count
2026-05-07T17:22:37.8566487Z     Which is: 0
2026-05-07T17:22:37.8566603Z   1
2026-05-07T17:22:37.8566663Z 
2026-05-07T17:22:37.8566808Z [  FAILED  ] IntegrationEngineHeuristicApi.GetEngineHeuristicMode (0 ms)
2026-05-07T17:22:37.8567246Z [ RUN      ] IntegrationEngineHeuristicApi.GetUnsupportedAttribute
2026-05-07T17:22:37.8567763Z C:/home/runner/_work/rocm-libraries/rocm-libraries/projects/hipdnn/tests/backend/IntegrationEngineHeuristicApi.cpp(98): error: Expected equality of these values:
2026-05-07T17:22:37.8568237Z   hipdnnBackendFinalize(_engineHeuristic)
2026-05-07T17:22:37.8568408Z     Which is: 9
2026-05-07T17:22:37.8568535Z   HIPDNN_STATUS_SUCCESS
2026-05-07T17:22:37.8568669Z     Which is: 0
2026-05-07T17:22:37.8568741Z 
2026-05-07T17:22:37.8569077Z C:/home/runner/_work/rocm-libraries/rocm-libraries/projects/hipdnn/tests/backend/IntegrationEngineHeuristicApi.cpp(321): error: Expected equality of these values:
2026-05-07T17:22:37.8569707Z   hipdnnBackendGetAttribute(_engineHeuristic, HIPDNN_ATTR_ENGINE_KNOB_INFO, HIPDNN_TYPE_HEUR_MODE, 1, nullptr, &dummy)
2026-05-07T17:22:37.8570052Z     Which is: 4
2026-05-07T17:22:37.8570185Z   HIPDNN_STATUS_NOT_SUPPORTED
2026-05-07T17:22:37.8570333Z     Which is: 8
2026-05-07T17:22:37.8570408Z 
2026-05-07T17:22:37.8570553Z [  FAILED  ] IntegrationEngineHeuristicApi.GetUnsupportedAttribute (0 ms)
2026-05-07T17:22:37.8570886Z [ RUN      ] IntegrationEngineHeuristicApi.GetEngineConfigsCountOnly
2026-05-07T17:22:37.8571546Z C:/home/runner/_work/rocm-libraries/rocm-libraries/projects/hipdnn/tests/backend/IntegrationEngineHeuristicApi.cpp(98): error: Expected equality of these values:
2026-05-07T17:22:37.8572015Z   hipdnnBackendFinalize(_engineHeuristic)
2026-05-07T17:22:37.8572190Z     Which is: 9
2026-05-07T17:22:37.8572311Z   HIPDNN_STATUS_SUCCESS
2026-05-07T17:22:37.8572447Z     Which is: 0
2026-05-07T17:22:37.8572518Z 
2026-05-07T17:22:37.8572862Z C:/home/runner/_work/rocm-libraries/rocm-libraries/projects/hipdnn/tests/backend/IntegrationEngineHeuristicApi.cpp(335): error: Expected equality of these values:
2026-05-07T17:22:37.8573498Z   hipdnnBackendGetAttribute(_engineHeuristic, HIPDNN_ATTR_ENGINEHEUR_RESULTS, HIPDNN_TYPE_INT64, 0, &count, nullptr)
2026-05-07T17:22:37.8573834Z     Which is: 4
2026-05-07T17:22:37.8573967Z   HIPDNN_STATUS_BAD_PARAM
2026-05-07T17:22:37.8574110Z     Which is: 2
2026-05-07T17:22:37.8574183Z 
2026-05-07T17:22:37.8574522Z C:/home/runner/_work/rocm-libraries/rocm-libraries/projects/hipdnn/tests/backend/IntegrationEngineHeuristicApi.cpp(343): error: Expected equality of these values:
2026-05-07T17:22:37.8575188Z   hipdnnBackendGetAttribute(_engineHeuristic, HIPDNN_ATTR_ENGINEHEUR_RESULTS, HIPDNN_TYPE_BACKEND_DESCRIPTOR, 0, &count, nullptr)
2026-05-07T17:22:37.8575552Z     Which is: 4
2026-05-07T17:22:37.8575682Z   HIPDNN_STATUS_SUCCESS
2026-05-07T17:22:37.8575814Z     Which is: 0
2026-05-07T17:22:37.8575889Z 
2026-05-07T17:22:37.8576231Z C:/home/runner/_work/rocm-libraries/rocm-libraries/projects/hipdnn/tests/backend/IntegrationEngineHeuristicApi.cpp(344): error: Expected equality of these values:
2026-05-07T17:22:37.8576680Z   count
2026-05-07T17:22:37.8576785Z     Which is: 0
2026-05-07T17:22:37.8576902Z   1
2026-05-07T17:22:37.8576962Z 
2026-05-07T17:22:37.8577120Z [  FAILED  ] IntegrationEngineHeuristicApi.GetEngineConfigsCountOnly (0 ms)
2026-05-07T17:22:37.8577442Z [ RUN      ] IntegrationEngineHeuristicApi.GetEngineConfigs
2026-05-07T17:22:37.8577949Z C:/home/runner/_work/rocm-libraries/rocm-libraries/projects/hipdnn/tests/backend/IntegrationEngineHeuristicApi.cpp(98): error: Expected equality of these values:
2026-05-07T17:22:37.8578420Z   hipdnnBackendFinalize(_engineHeuristic)
2026-05-07T17:22:37.8578592Z     Which is: 9
2026-05-07T17:22:37.8578712Z   HIPDNN_STATUS_SUCCESS
2026-05-07T17:22:37.8578856Z     Which is: 0
2026-05-07T17:22:37.8578927Z 
2026-05-07T17:22:37.8579273Z C:/home/runner/_work/rocm-libraries/rocm-libraries/projects/hipdnn/tests/backend/IntegrationEngineHeuristicApi.cpp(358): error: Expected equality of these values:
2026-05-07T17:22:37.8579996Z   hipdnnBackendGetAttribute(_engineHeuristic, HIPDNN_ATTR_ENGINEHEUR_RESULTS, HIPDNN_TYPE_BACKEND_DESCRIPTOR, 3, nullptr, static_cast<void*>(configs.data()))
2026-05-07T17:22:37.8580501Z     Which is: 4
2026-05-07T17:22:37.8580635Z   HIPDNN_STATUS_BAD_PARAM_NULL_POINTER
2026-05-07T17:22:37.8580795Z     Which is: 3
2026-05-07T17:22:37.8580869Z 
2026-05-07T17:22:37.8581212Z C:/home/runner/_work/rocm-libraries/rocm-libraries/projects/hipdnn/tests/backend/IntegrationEngineHeuristicApi.cpp(367): error: Expected equality of these values:
2026-05-07T17:22:37.8581890Z   hipdnnBackendGetAttribute(_engineHeuristic, HIPDNN_ATTR_ENGINEHEUR_RESULTS, HIPDNN_TYPE_BACKEND_DESCRIPTOR, 1, &count, nullptr)
2026-05-07T17:22:37.8582261Z     Which is: 4
2026-05-07T17:22:37.8582395Z   HIPDNN_STATUS_BAD_PARAM_NULL_POINTER
2026-05-07T17:22:37.8582562Z     Which is: 3
2026-05-07T17:22:37.8582636Z 
2026-05-07T17:22:37.8582983Z C:/home/runner/_work/rocm-libraries/rocm-libraries/projects/hipdnn/tests/backend/IntegrationEngineHeuristicApi.cpp(375): error: Expected equality of these values:
2026-05-07T17:22:37.8583653Z   hipdnnBackendGetAttribute(_engineHeuristic, HIPDNN_ATTR_ENGINEHEUR_RESULTS, HIPDNN_TYPE_BACKEND_DESCRIPTOR, 0, &count, nullptr)
2026-05-07T17:22:37.8584019Z     Which is: 4
2026-05-07T17:22:37.8584145Z   HIPDNN_STATUS_SUCCESS
2026-05-07T17:22:37.8584353Z     Which is: 0
2026-05-07T17:22:37.8584425Z 
2026-05-07T17:22:37.8584769Z C:/home/runner/_work/rocm-libraries/rocm-libraries/projects/hipdnn/tests/backend/IntegrationEngineHeuristicApi.cpp(376): error: Expected equality of these values:
2026-05-07T17:22:37.8585222Z   count
2026-05-07T17:22:37.8585332Z     Which is: 0
2026-05-07T17:22:37.8585444Z   1
2026-05-07T17:22:37.8585510Z 
2026-05-07T17:22:37.8585847Z C:/home/runner/_work/rocm-libraries/rocm-libraries/projects/hipdnn/tests/backend/IntegrationEngineHeuristicApi.cpp(391): error: Expected equality of these values:
2026-05-07T17:22:37.8586577Z   hipdnnBackendGetAttribute(_engineHeuristic, HIPDNN_ATTR_ENGINEHEUR_RESULTS, HIPDNN_TYPE_BACKEND_DESCRIPTOR, 3, &count, static_cast<void*>(configs.data()))
2026-05-07T17:22:37.8587009Z     Which is: 4
2026-05-07T17:22:37.8587132Z   HIPDNN_STATUS_SUCCESS
2026-05-07T17:22:37.8587269Z     Which is: 0
2026-05-07T17:22:37.8587341Z 
2026-05-07T17:22:37.8587687Z C:/home/runner/_work/rocm-libraries/rocm-libraries/projects/hipdnn/tests/backend/IntegrationEngineHeuristicApi.cpp(392): error: Expected equality of these values:
2026-05-07T17:22:37.8588134Z   count
2026-05-07T17:22:37.8588240Z     Which is: 0
2026-05-07T17:22:37.8588357Z   1
2026-05-07T17:22:37.8588418Z 
2026-05-07T17:22:37.8588762Z C:/home/runner/_work/rocm-libraries/rocm-libraries/projects/hipdnn/tests/backend/IntegrationEngineHeuristicApi.cpp(394): error: Expected equality of these values:
2026-05-07T17:22:37.8589226Z   hipdnnBackendFinalize(configs[0])
2026-05-07T17:22:37.8589394Z     Which is: 3
2026-05-07T17:22:37.8589518Z   HIPDNN_STATUS_SUCCESS
2026-05-07T17:22:37.8589646Z     Which is: 0
2026-05-07T17:22:37.8589720Z 
2026-05-07T17:22:37.8590064Z C:/home/runner/_work/rocm-libraries/rocm-libraries/projects/hipdnn/tests/backend/IntegrationEngineHeuristicApi.cpp(403): error: Expected equality of these values:
2026-05-07T17:22:37.8590759Z   hipdnnBackendGetAttribute(configs[0], HIPDNN_ATTR_ENGINECFG_ENGINE, HIPDNN_TYPE_BACKEND_DESCRIPTOR, 1, nullptr, static_cast<void*>(&engine))
2026-05-07T17:22:37.8591156Z     Which is: 3
2026-05-07T17:22:37.8591324Z   HIPDNN_STATUS_SUCCESS
2026-05-07T17:22:37.8591463Z     Which is: 0
2026-05-07T17:22:37.8591534Z 
2026-05-07T17:22:37.8591936Z C:/home/runner/_work/rocm-libraries/rocm-libraries/projects/hipdnn/tests/backend/IntegrationEngineHeuristicApi.cpp(404): error: Expected: (engine) != (nullptr), actual: NULL vs (nullptr)
2026-05-07T17:22:37.8592404Z 
2026-05-07T17:22:37.8592537Z [  FAILED  ] IntegrationEngineHeuristicApi.GetEngineConfigs (0 ms)
2026-05-07T17:22:37.8592905Z [ RUN      ] IntegrationEngineHeuristicApi.GetEngineConfigsRequestMoreThanAvailable
2026-05-07T17:22:37.8593569Z C:/home/runner/_work/rocm-libraries/rocm-libraries/projects/hipdnn/tests/backend/IntegrationEngineHeuristicApi.cpp(98): error: Expected equality of these values:
2026-05-07T17:22:37.8594053Z   hipdnnBackendFinalize(_engineHeuristic)
2026-05-07T17:22:37.8594224Z     Which is: 9
2026-05-07T17:22:37.8594358Z   HIPDNN_STATUS_SUCCESS
2026-05-07T17:22:37.8594495Z     Which is: 0
2026-05-07T17:22:37.8594568Z 
2026-05-07T17:22:37.8594915Z C:/home/runner/_work/rocm-libraries/rocm-libraries/projects/hipdnn/tests/backend/IntegrationEngineHeuristicApi.cpp(443): error: Expected equality of these values:
2026-05-07T17:22:37.8595654Z   hipdnnBackendGetAttribute(_engineHeuristic, HIPDNN_ATTR_ENGINEHEUR_RESULTS, HIPDNN_TYPE_BACKEND_DESCRIPTOR, 5, &count, static_cast<void*>(configs.data()))
2026-05-07T17:22:37.8596089Z     Which is: 4
2026-05-07T17:22:37.8596216Z   HIPDNN_STATUS_SUCCESS
2026-05-07T17:22:37.8596381Z     Which is: 0
2026-05-07T17:22:37.8596458Z 
2026-05-07T17:22:37.8596802Z C:/home/runner/_work/rocm-libraries/rocm-libraries/projects/hipdnn/tests/backend/IntegrationEngineHeuristicApi.cpp(444): error: Expected equality of these values:
2026-05-07T17:22:37.8597263Z   count
2026-05-07T17:22:37.8597367Z     Which is: 0
2026-05-07T17:22:37.8597487Z   1
2026-05-07T17:22:37.8597547Z 
2026-05-07T17:22:37.8597822Z [  FAILED  ] IntegrationEngineHeuristicApi.GetEngineConfigsRequestMoreThanAvailable (0 ms)
2026-05-07T17:22:37.8598214Z [----------] 12 tests from IntegrationEngineHeuristicApi (26 ms total)
2026-05-07T17:22:37.8598400Z 
2026-05-07T17:22:37.8598492Z [----------] 5 tests from IntegrationExecutionPlanApi
2026-05-07T17:22:37.8598761Z [ RUN      ] IntegrationExecutionPlanApi.SetExecutionPlanHandle
2026-05-07T17:22:37.8599065Z [       OK ] IntegrationExecutionPlanApi.SetExecutionPlanHandle (0 ms)
2026-05-07T17:22:37.8599384Z [ RUN      ] IntegrationExecutionPlanApi.SetExecutionPlanEngineConfig
2026-05-07T17:22:37.8599727Z [       OK ] IntegrationExecutionPlanApi.SetExecutionPlanEngineConfig (0 ms)
2026-05-07T17:22:37.8600086Z [ RUN      ] IntegrationExecutionPlanApi.SetExecutionPlanAttrNotSupported
2026-05-07T17:22:37.8600447Z [       OK ] IntegrationExecutionPlanApi.SetExecutionPlanAttrNotSupported (0 ms)
2026-05-07T17:22:37.8600801Z [ RUN      ] IntegrationExecutionPlanApi.GetExecutionPlanWorkSpaceSize
2026-05-07T17:22:37.8601143Z [       OK ] IntegrationExecutionPlanApi.GetExecutionPlanWorkSpaceSize (0 ms)
2026-05-07T17:22:37.8601436Z [ RUN      ] IntegrationExecutionPlanApi.Finalize
2026-05-07T17:22:37.8601678Z [       OK ] IntegrationExecutionPlanApi.Finalize (0 ms)
2026-05-07T17:22:37.8601938Z [----------] 5 tests from IntegrationExecutionPlanApi (0 ms total)
2026-05-07T17:22:37.8602104Z 
2026-05-07T17:22:37.8602191Z [----------] 1 test from IntegrationGetErrorString
2026-05-07T17:22:37.8602423Z [ RUN      ] IntegrationGetErrorString.AllStatusCodes
2026-05-07T17:22:37.8602680Z [       OK ] IntegrationGetErrorString.AllStatusCodes (0 ms)
2026-05-07T17:22:37.8602949Z [----------] 1 test from IntegrationGetErrorString (0 ms total)
2026-05-07T17:22:37.8603113Z 
2026-05-07T17:22:37.8603207Z [----------] 9 tests from IntegrationGetLastErrorString
2026-05-07T17:22:37.8603461Z [ RUN      ] IntegrationGetLastErrorString.ReturnLastError
2026-05-07T17:22:37.8603743Z [       OK ] IntegrationGetLastErrorString.ReturnLastError (0 ms)
2026-05-07T17:22:37.8604034Z [ RUN      ] IntegrationGetLastErrorString.NullBufferOrZeroSize
2026-05-07T17:22:37.8604336Z [       OK ] IntegrationGetLastErrorString.NullBufferOrZeroSize (0 ms)
2026-05-07T17:22:37.8604682Z [ RUN      ] IntegrationGetLastErrorString.BufferTruncationAndNullTermination
2026-05-07T17:22:37.8605075Z [       OK ] IntegrationGetLastErrorString.BufferTruncationAndNullTermination (0 ms)
2026-05-07T17:22:37.8605435Z [ RUN      ] IntegrationGetLastErrorString.PerThreadErrorIsolation
2026-05-07T17:22:37.8605761Z [       OK ] IntegrationGetLastErrorString.PerThreadErrorIsolation (0 ms)
2026-05-07T17:22:37.8606081Z [ RUN      ] IntegrationGetLastErrorString.BufferLargerThanMax
2026-05-07T17:22:37.8606375Z [       OK ] IntegrationGetLastErrorString.BufferLargerThanMax (0 ms)
2026-05-07T17:22:37.8607036Z [ RUN      ] IntegrationGetLastErrorString.GetClearsError
2026-05-07T17:22:37.8607311Z [       OK ] IntegrationGetLastErrorString.GetClearsError (0 ms)
2026-05-07T17:22:37.8607597Z [ RUN      ] IntegrationGetLastErrorString.PeekDoesNotClearError
2026-05-07T17:22:37.8607907Z [       OK ] IntegrationGetLastErrorString.PeekDoesNotClearError (0 ms)
2026-05-07T17:22:37.8608215Z [ RUN      ] IntegrationGetLastErrorString.PeekThenGetClears
2026-05-07T17:22:37.8608507Z [       OK ] IntegrationGetLastErrorString.PeekThenGetClears (0 ms)
2026-05-07T17:22:37.8608799Z [ RUN      ] IntegrationGetLastErrorString.ClearingIsThreadLocal
2026-05-07T17:22:37.8609106Z [       OK ] IntegrationGetLastErrorString.ClearingIsThreadLocal (0 ms)
2026-05-07T17:22:37.8609422Z [----------] 9 tests from IntegrationGetLastErrorString (0 ms total)
2026-05-07T17:22:37.8609598Z 
2026-05-07T17:22:37.8609677Z [----------] 5 tests from IntegrationHandleApi
2026-05-07T17:22:37.8609904Z [ RUN      ] IntegrationHandleApi.CreateAndDestroy
2026-05-07T17:22:37.8610155Z [       OK ] IntegrationHandleApi.CreateAndDestroy (0 ms)
2026-05-07T17:22:37.8610399Z [ RUN      ] IntegrationHandleApi.CreateWithNullptr
2026-05-07T17:22:37.8610720Z [       OK ] IntegrationHandleApi.CreateWithNullptr (0 ms)
2026-05-07T17:22:37.8610978Z [ RUN      ] IntegrationHandleApi.SetStreamNullptrHandle
2026-05-07T17:22:37.8611245Z [       OK ] IntegrationHandleApi.SetStreamNullptrHandle (0 ms)
2026-05-07T17:22:37.8611565Z [ RUN      ] IntegrationHandleApi.GetStreamNullptrHandle
2026-05-07T17:22:37.8611830Z [       OK ] IntegrationHandleApi.GetStreamNullptrHandle (0 ms)
2026-05-07T17:22:37.8612117Z [ RUN      ] IntegrationHandleApi.GetStreamNullptrStreamPointer
2026-05-07T17:22:37.8612423Z [       OK ] IntegrationHandleApi.GetStreamNullptrStreamPointer (0 ms)
2026-05-07T17:22:37.8612714Z [----------] 5 tests from IntegrationHandleApi (0 ms total)
2026-05-07T17:22:37.8612872Z 
2026-05-07T17:22:37.8612962Z [----------] 1 test from IntegrationGpuHandleApi
2026-05-07T17:22:37.8613196Z [ RUN      ] IntegrationGpuHandleApi.GetStreamPointer
2026-05-07T17:22:37.8613462Z [       OK ] IntegrationGpuHandleApi.GetStreamPointer (146 ms)
2026-05-07T17:22:37.8613742Z [----------] 1 test from IntegrationGpuHandleApi (146 ms total)
2026-05-07T17:22:37.8613904Z 
2026-05-07T17:22:37.8613987Z [----------] 22 tests from IntegrationKnobsApi
2026-05-07T17:22:37.8614224Z [ RUN      ] IntegrationKnobsApi.GetKnobInfoCountFromEngine
2026-05-07T17:22:37.8614518Z [       OK ] IntegrationKnobsApi.GetKnobInfoCountFromEngine (25 ms)
2026-05-07T17:22:37.8614806Z [ RUN      ] IntegrationKnobsApi.GetKnobInfoDataFromEngine
2026-05-07T17:22:37.8615083Z [       OK ] IntegrationKnobsApi.GetKnobInfoDataFromEngine (0 ms)
2026-05-07T17:22:37.8615365Z [ RUN      ] IntegrationKnobsApi.GetKnobInfoValidateIntKnob
2026-05-07T17:22:37.8615649Z [       OK ] IntegrationKnobsApi.GetKnobInfoValidateIntKnob (0 ms)
2026-05-07T17:22:37.8615948Z [ RUN      ] IntegrationKnobsApi.GetKnobInfoValidateFloatKnob
2026-05-07T17:22:37.8616242Z [       OK ] IntegrationKnobsApi.GetKnobInfoValidateFloatKnob (0 ms)
2026-05-07T17:22:37.8616546Z [ RUN      ] IntegrationKnobsApi.GetKnobInfoValidateStringKnob
2026-05-07T17:22:37.8616849Z [       OK ] IntegrationKnobsApi.GetKnobInfoValidateStringKnob (0 ms)
2026-05-07T17:22:37.8617154Z [ RUN      ] IntegrationKnobsApi.GetKnobInfoValidateDeprecatedKnob
2026-05-07T17:22:37.8617480Z [       OK ] IntegrationKnobsApi.GetKnobInfoValidateDeprecatedKnob (0 ms)
2026-05-07T17:22:37.8617797Z [ RUN      ] IntegrationKnobsApi.GetKnobInfoNotFinalizedEngine
2026-05-07T17:22:37.8618092Z [       OK ] IntegrationKnobsApi.GetKnobInfoNotFinalizedEngine (0 ms)
2026-05-07T17:22:37.8618385Z [ RUN      ] IntegrationKnobsApi.SetKnobChoiceIntValue
2026-05-07T17:22:37.8618650Z [       OK ] IntegrationKnobsApi.SetKnobChoiceIntValue (0 ms)
2026-05-07T17:22:37.8618916Z [ RUN      ] IntegrationKnobsApi.SetKnobChoiceFloatValue
2026-05-07T17:22:37.8619260Z [       OK ] IntegrationKnobsApi.SetKnobChoiceFloatValue (0 ms)
2026-05-07T17:22:37.8619537Z [ RUN      ] IntegrationKnobsApi.SetKnobChoiceStringValue
2026-05-07T17:22:37.8619810Z [       OK ] IntegrationKnobsApi.SetKnobChoiceStringValue (0 ms)
2026-05-07T17:22:37.8620093Z [ RUN      ] IntegrationKnobsApi.SetKnobChoiceMultipleKnobs
2026-05-07T17:22:37.8620381Z [       OK ] IntegrationKnobsApi.SetKnobChoiceMultipleKnobs (0 ms)
2026-05-07T17:22:37.8620676Z [ RUN      ] IntegrationKnobsApi.FinalizeEngineConfigWithKnobs
2026-05-07T17:22:37.8620972Z [       OK ] IntegrationKnobsApi.FinalizeEngineConfigWithKnobs (0 ms)
2026-05-07T17:22:37.8621263Z [ RUN      ] IntegrationKnobsApi.SetKnobChoiceNullPointer
2026-05-07T17:22:37.8621539Z [       OK ] IntegrationKnobsApi.SetKnobChoiceNullPointer (0 ms)
2026-05-07T17:22:37.8621809Z [ RUN      ] IntegrationKnobsApi.SetKnobChoiceInvalidType
2026-05-07T17:22:37.8622082Z [       OK ] IntegrationKnobsApi.SetKnobChoiceInvalidType (0 ms)
2026-05-07T17:22:37.8622386Z [ RUN      ] IntegrationKnobsApi.SetKnobChoiceOnFinalizedConfig
2026-05-07T17:22:37.8622698Z [       OK ] IntegrationKnobsApi.SetKnobChoiceOnFinalizedConfig (0 ms)
2026-05-07T17:22:37.8623075Z [ RUN      ] IntegrationKnobsApi.GetMaxWorkspaceSizeWithKnobs
2026-05-07T17:22:37.8623376Z [       OK ] IntegrationKnobsApi.GetMaxWorkspaceSizeWithKnobs (0 ms)
2026-05-07T17:22:37.8623676Z [ RUN      ] IntegrationKnobsApi.GetKnobInfoDescriptorCount
2026-05-07T17:22:37.8623958Z [       OK ] IntegrationKnobsApi.GetKnobInfoDescriptorCount (0 ms)
2026-05-07T17:22:37.8624291Z [ RUN      ] IntegrationKnobsApi.GetKnobInfoDescriptorsAndValidateIntKnob
2026-05-07T17:22:37.8624673Z [       OK ] IntegrationKnobsApi.GetKnobInfoDescriptorsAndValidateIntKnob (0 ms)
2026-05-07T17:22:37.8625056Z [ RUN      ] IntegrationKnobsApi.GetKnobInfoDescriptorsAndValidateFloatKnob
2026-05-07T17:22:37.8625444Z [       OK ] IntegrationKnobsApi.GetKnobInfoDescriptorsAndValidateFloatKnob (0 ms)
2026-05-07T17:22:37.8625839Z [ RUN      ] IntegrationKnobsApi.GetKnobInfoDescriptorsAndValidateStringKnob
2026-05-07T17:22:37.8626228Z [       OK ] IntegrationKnobsApi.GetKnobInfoDescriptorsAndValidateStringKnob (0 ms)
2026-05-07T17:22:37.8626637Z [ RUN      ] IntegrationKnobsApi.GetKnobInfoDescriptorsAndValidateDeprecatedKnob
2026-05-07T17:22:37.8627056Z [       OK ] IntegrationKnobsApi.GetKnobInfoDescriptorsAndValidateDeprecatedKnob (0 ms)
2026-05-07T17:22:37.8627496Z [ RUN      ] IntegrationKnobsApi.GetKnobInfoDescriptorsAndValidateValidValuesIntKnob
2026-05-07T17:22:37.8627944Z [       OK ] IntegrationKnobsApi.GetKnobInfoDescriptorsAndValidateValidValuesIntKnob (0 ms)
2026-05-07T17:22:37.8628327Z [----------] 22 tests from IntegrationKnobsApi (26 ms total)
2026-05-07T17:22:37.8628491Z 
2026-05-07T17:22:37.8628596Z [----------] 9 tests from IntegrationConstraintValidationApi
2026-05-07T17:22:37.8628943Z [ RUN      ] IntegrationConstraintValidationApi.IntValueToFloatConstraint
2026-05-07T17:22:37.8629319Z [       OK ] IntegrationConstraintValidationApi.IntValueToFloatConstraint (20 ms)
2026-05-07T17:22:37.8629705Z [ RUN      ] IntegrationConstraintValidationApi.FloatValueToIntConstraint
2026-05-07T17:22:37.8630077Z [       OK ] IntegrationConstraintValidationApi.FloatValueToIntConstraint (0 ms)
2026-05-07T17:22:37.8630456Z [ RUN      ] IntegrationConstraintValidationApi.StringValueToIntConstraint
2026-05-07T17:22:37.8630832Z [       OK ] IntegrationConstraintValidationApi.StringValueToIntConstraint (0 ms)
2026-05-07T17:22:37.8631217Z [ RUN      ] IntegrationConstraintValidationApi.IntValueToStringConstraint
2026-05-07T17:22:37.8631591Z [       OK ] IntegrationConstraintValidationApi.IntValueToStringConstraint (0 ms)
2026-05-07T17:22:37.8631972Z [ RUN      ] IntegrationConstraintValidationApi.FloatValueToStringConstraint
2026-05-07T17:22:37.8632366Z [       OK ] IntegrationConstraintValidationApi.FloatValueToStringConstraint (0 ms)
2026-05-07T17:22:37.8632764Z [ RUN      ] IntegrationConstraintValidationApi.StringValueToFloatConstraint
2026-05-07T17:22:37.8633225Z [       OK ] IntegrationConstraintValidationApi.StringValueToFloatConstraint (0 ms)
2026-05-07T17:22:37.8633600Z [ RUN      ] IntegrationConstraintValidationApi.CorrectTypesSucceed
2026-05-07T17:22:37.8633948Z [       OK ] IntegrationConstraintValidationApi.CorrectTypesSucceed (0 ms)
2026-05-07T17:22:37.8634299Z [ RUN      ] IntegrationConstraintValidationApi.UnknownKnobIsIgnored
2026-05-07T17:22:37.8634644Z [       OK ] IntegrationConstraintValidationApi.UnknownKnobIsIgnored (0 ms)
2026-05-07T17:22:37.8635008Z [ RUN      ] IntegrationConstraintValidationApi.MixedValidAndInvalidKnobs
2026-05-07T17:22:37.8635386Z [       OK ] IntegrationConstraintValidationApi.MixedValidAndInvalidKnobs (0 ms)
2026-05-07T17:22:37.8635746Z [----------] 9 tests from IntegrationConstraintValidationApi (20 ms total)
2026-05-07T17:22:37.8635948Z 
2026-05-07T17:22:37.8636045Z [----------] 7 tests from IntegrationGpuLoggingPipeline
2026-05-07T17:22:37.8636306Z [ RUN      ] IntegrationGpuLoggingPipeline.HandleLogging
2026-05-07T17:22:37.8636585Z [       OK ] IntegrationGpuLoggingPipeline.HandleLogging (0 ms)
2026-05-07T17:22:37.8636867Z [ RUN      ] IntegrationGpuLoggingPipeline.StreamLogging
2026-05-07T17:22:37.8637218Z [       OK ] IntegrationGpuLoggingPipeline.StreamLogging (8 ms)
2026-05-07T17:22:37.8637504Z [ RUN      ] IntegrationGpuLoggingPipeline.DescriptorLogging
2026-05-07T17:22:37.8637802Z [       OK ] IntegrationGpuLoggingPipeline.DescriptorLogging (0 ms)
2026-05-07T17:22:37.8638099Z [ RUN      ] IntegrationGpuLoggingPipeline.FinalizeLogging
2026-05-07T17:22:37.8638390Z [       OK ] IntegrationGpuLoggingPipeline.FinalizeLogging (0 ms)
2026-05-07T17:22:37.8638672Z [ RUN      ] IntegrationGpuLoggingPipeline.EnumFormatting
2026-05-07T17:22:37.8638953Z [       OK ] IntegrationGpuLoggingPipeline.EnumFormatting (0 ms)
2026-05-07T17:22:37.8639250Z [ RUN      ] IntegrationGpuLoggingPipeline.ErrorStatusLogging
2026-05-07T17:22:37.8639548Z [       OK ] IntegrationGpuLoggingPipeline.ErrorStatusLogging (0 ms)
2026-05-07T17:22:37.8639859Z [ RUN      ] IntegrationGpuLoggingPipeline.FullWorkflowLogging
2026-05-07T17:22:37.8640408Z C:/home/runner/_work/rocm-libraries/rocm-libraries/projects/hipdnn/tests/backend/IntegrationLoggingPipeline.cpp(222): error: Expected equality of these values:
2026-05-07T17:22:37.8640912Z   hipdnnBackendFinalize(heur)
2026-05-07T17:22:37.8641074Z     Which is: 9
2026-05-07T17:22:37.8641219Z   HIPDNN_STATUS_SUCCESS
2026-05-07T17:22:37.8641366Z     Which is: 0
2026-05-07T17:22:37.8641445Z 
2026-05-07T17:22:37.8641592Z [  FAILED  ] IntegrationGpuLoggingPipeline.FullWorkflowLogging (3 ms)
2026-05-07T17:22:37.8641972Z [----------] 7 tests from IntegrationGpuLoggingPipeline (12 ms total)
2026-05-07T17:22:37.8642155Z 
2026-05-07T17:22:37.8642246Z [----------] 9 tests from IntegrationPluginLoading
2026-05-07T17:22:37.8642488Z [ RUN      ] IntegrationPluginLoading.EmptyPluginPath
2026-05-07T17:22:37.8643008Z C:/home/runner/_work/rocm-libraries/rocm-libraries/projects/hipdnn/tests/backend/IntegrationPluginLoading.cpp(108): error: Expected equality of these values:
2026-05-07T17:22:37.8643623Z   hipdnnSetEnginePluginPaths_ext(paths.size(), paths.data(), HIPDNN_PLUGIN_LOADING_ABSOLUTE)
2026-05-07T17:22:37.8643937Z     Which is: 8
2026-05-07T17:22:37.8644069Z   HIPDNN_STATUS_SUCCESS
2026-05-07T17:22:37.8644215Z     Which is: 0
2026-05-07T17:22:37.8644292Z 
2026-05-07T17:22:37.8644416Z [  FAILED  ] IntegrationPluginLoading.EmptyPluginPath (0 ms)
2026-05-07T17:22:37.8644694Z [ RUN      ] IntegrationPluginLoading.IncorrectEngineID
2026-05-07T17:22:37.8645298Z C:/home/runner/_work/rocm-libraries/rocm-libraries/projects/hipdnn/tests/backend/IntegrationPluginLoading.cpp(138): error: Expected equality of these values:
2026-05-07T17:22:37.8645898Z   hipdnnSetEnginePluginPaths_ext(paths.size(), paths.data(), HIPDNN_PLUGIN_LOADING_ABSOLUTE)
2026-05-07T17:22:37.8646438Z     Which is: 8
2026-05-07T17:22:37.8646671Z   HIPDNN_STATUS_SUCCESS
2026-05-07T17:22:37.8646877Z     Which is: 0
2026-05-07T17:22:37.8647061Z 
2026-05-07T17:22:37.8647207Z [  FAILED  ] IntegrationPluginLoading.IncorrectEngineID (0 ms)
2026-05-07T17:22:37.8647559Z [ RUN      ] IntegrationPluginLoading.DuplicateEngineIds
2026-05-07T17:22:37.8648135Z C:/home/runner/_work/rocm-libraries/rocm-libraries/projects/hipdnn/tests/backend/IntegrationPluginLoading.cpp(167): error: Expected equality of these values:
2026-05-07T17:22:37.8648783Z   hipdnnSetEnginePluginPaths_ext(paths.size(), paths.data(), HIPDNN_PLUGIN_LOADING_ABSOLUTE)
2026-05-07T17:22:37.8649150Z     Which is: 8
2026-05-07T17:22:37.8649346Z   HIPDNN_STATUS_SUCCESS
2026-05-07T17:22:37.8649596Z     Which is: 0
2026-05-07T17:22:37.8649684Z 
2026-05-07T17:22:37.8664985Z [  FAILED  ] IntegrationPluginLoading.DuplicateEngineIds (0 ms)
2026-05-07T17:22:37.8665306Z [ RUN      ] IntegrationPluginLoading.IncompleteAPI
2026-05-07T17:22:37.8665853Z C:/home/runner/_work/rocm-libraries/rocm-libraries/projects/hipdnn/tests/backend/IntegrationPluginLoading.cpp(191): error: Expected equality of these values:
2026-05-07T17:22:37.8666810Z   hipdnnSetEnginePluginPaths_ext(paths.size(), paths.data(), HIPDNN_PLUGIN_LOADING_ABSOLUTE)
2026-05-07T17:22:37.8667409Z     Which is: 8
2026-05-07T17:22:37.8667568Z   HIPDNN_STATUS_SUCCESS
2026-05-07T17:22:37.8667731Z     Which is: 0
2026-05-07T17:22:37.8667818Z 
2026-05-07T17:22:37.8667955Z [  FAILED  ] IntegrationPluginLoading.IncompleteAPI (0 ms)
2026-05-07T17:22:37.8668293Z [ RUN      ] IntegrationPluginLoading.SinglePluginNoApplicableEngines
2026-05-07T17:22:37.8668889Z C:/home/runner/_work/rocm-libraries/rocm-libraries/projects/hipdnn/tests/backend/IntegrationPluginLoading.cpp(208): error: Expected equality of these values:
2026-05-07T17:22:37.8669530Z   hipdnnSetEnginePluginPaths_ext(paths.size(), paths.data(), HIPDNN_PLUGIN_LOADING_ABSOLUTE)
2026-05-07T17:22:37.8669849Z     Which is: 8
2026-05-07T17:22:37.8670001Z   HIPDNN_STATUS_SUCCESS
2026-05-07T17:22:37.8670156Z     Which is: 0
2026-05-07T17:22:37.8670237Z 
2026-05-07T17:22:37.8670425Z [  FAILED  ] IntegrationPluginLoading.SinglePluginNoApplicableEngines (0 ms)
2026-05-07T17:22:37.8670809Z [ RUN      ] IntegrationPluginLoading.MultiplePluginsNoApplicableEngines
2026-05-07T17:22:37.8671399Z C:/home/runner/_work/rocm-libraries/rocm-libraries/projects/hipdnn/tests/backend/IntegrationPluginLoading.cpp(239): error: Expected equality of these values:
2026-05-07T17:22:37.8672017Z   hipdnnSetEnginePluginPaths_ext(paths.size(), paths.data(), HIPDNN_PLUGIN_LOADING_ABSOLUTE)
2026-05-07T17:22:37.8672325Z     Which is: 8
2026-05-07T17:22:37.8672466Z   HIPDNN_STATUS_SUCCESS
2026-05-07T17:22:37.8672615Z     Which is: 0
2026-05-07T17:22:37.8672694Z 
2026-05-07T17:22:37.8672872Z [  FAILED  ] IntegrationPluginLoading.MultiplePluginsNoApplicableEngines (0 ms)
2026-05-07T17:22:37.8673270Z [ RUN      ] IntegrationPluginLoading.MultiplePluginsOneApplicableEngine
2026-05-07T17:22:37.8673843Z C:/home/runner/_work/rocm-libraries/rocm-libraries/projects/hipdnn/tests/backend/IntegrationPluginLoading.cpp(272): error: Expected equality of these values:
2026-05-07T17:22:37.8674457Z   hipdnnSetEnginePluginPaths_ext(paths.size(), paths.data(), HIPDNN_PLUGIN_LOADING_ADDITIVE)
2026-05-07T17:22:37.8674764Z     Which is: 8
2026-05-07T17:22:37.8674908Z   HIPDNN_STATUS_SUCCESS
2026-05-07T17:22:37.8675055Z     Which is: 0
2026-05-07T17:22:37.8675133Z 
2026-05-07T17:22:37.8675306Z [  FAILED  ] IntegrationPluginLoading.MultiplePluginsOneApplicableEngine (0 ms)
2026-05-07T17:22:37.8675718Z [ RUN      ] IntegrationPluginLoading.MultiplePluginsMultipleApplicableEngines
2026-05-07T17:22:37.8676306Z C:/home/runner/_work/rocm-libraries/rocm-libraries/projects/hipdnn/tests/backend/IntegrationPluginLoading.cpp(315): error: Expected equality of these values:
2026-05-07T17:22:37.8676916Z   hipdnnSetEnginePluginPaths_ext(paths.size(), paths.data(), HIPDNN_PLUGIN_LOADING_ADDITIVE)
2026-05-07T17:22:37.8677219Z     Which is: 8
2026-05-07T17:22:37.8677357Z   HIPDNN_STATUS_SUCCESS
2026-05-07T17:22:37.8677596Z     Which is: 0
2026-05-07T17:22:37.8677675Z 
2026-05-07T17:22:37.8677873Z [  FAILED  ] IntegrationPluginLoading.MultiplePluginsMultipleApplicableEngines (0 ms)
2026-05-07T17:22:37.8678292Z [ RUN      ] IntegrationPluginLoading.PluginWithIncompatibleApiVersion
2026-05-07T17:22:37.8678857Z C:/home/runner/_work/rocm-libraries/rocm-libraries/projects/hipdnn/tests/backend/IntegrationPluginLoading.cpp(358): error: Expected equality of these values:
2026-05-07T17:22:37.8679463Z   hipdnnSetEnginePluginPaths_ext(paths.size(), paths.data(), HIPDNN_PLUGIN_LOADING_ABSOLUTE)
2026-05-07T17:22:37.8679763Z     Which is: 8
2026-05-07T17:22:37.8679906Z   HIPDNN_STATUS_SUCCESS
2026-05-07T17:22:37.8680048Z     Which is: 0
2026-05-07T17:22:37.8680124Z 
2026-05-07T17:22:37.8680292Z [  FAILED  ] IntegrationPluginLoading.PluginWithIncompatibleApiVersion (0 ms)
2026-05-07T17:22:37.8680641Z [----------] 9 tests from IntegrationPluginLoading (0 ms total)
2026-05-07T17:22:37.8680819Z 
2026-05-07T17:22:37.8680919Z [----------] 4 tests from IntegrationPluginLogLevel
2026-05-07T17:22:37.8681192Z [ RUN      ] IntegrationPluginLogLevel.PluginCreatesInfoLogs
2026-05-07T17:22:37.8681731Z C:/home/runner/_work/rocm-libraries/rocm-libraries/projects/hipdnn/tests/backend/IntegrationPluginLogLevel.cpp(58): error: Expected equality of these values:
2026-05-07T17:22:37.8682411Z   hipdnnSetEnginePluginPaths_ext( paths.size(), paths.data(), HIPDNN_PLUGIN_LOADING_ABSOLUTE)
2026-05-07T17:22:37.8682724Z     Which is: 8
2026-05-07T17:22:37.8682857Z   HIPDNN_STATUS_SUCCESS
2026-05-07T17:22:37.8683002Z     Which is: 0
2026-05-07T17:22:37.8683082Z 
2026-05-07T17:22:37.8683563Z C:/home/runner/_work/rocm-libraries/rocm-libraries/projects/hipdnn/tests/backend/IntegrationPluginLogLevel.cpp(75): error: Value of: recorder.hasLogContaining(HIPDNN_SEV_INFO, "pluginSetLogLevel level=0")
2026-05-07T17:22:37.8684218Z   Actual: false
2026-05-07T17:22:37.8684350Z Expected: true
2026-05-07T17:22:37.8684594Z Expected plugin to create INFO-level logs. Captured logs:
2026-05-07T17:22:37.8685193Z [info] [2026-05-07 10:22:37.822] [tid 103820] [info] [hipdnn_backend] API called: [hipdnnSetEnginePluginPaths_ext] numPaths=1, pluginPaths_ptr=0x32691e300, loadingMode=HIPDNN_PLUGIN_LOADING_ABSOLUTE
2026-05-07T17:22:37.8685679Z 
2026-05-07T17:22:37.8686059Z [error] [2026-05-07 10:22:37.823] [tid 103820] [error] [hipdnn_backend] Error occured in status:HIPDNN_STATUS_NOT_SUPPORTED message:Cannot set engine plugin paths with an active handle.
2026-05-07T17:22:37.8686497Z 
2026-05-07T17:22:37.8686501Z 
2026-05-07T17:22:37.8686504Z 
2026-05-07T17:22:37.8686649Z [  FAILED  ] IntegrationPluginLogLevel.PluginCreatesInfoLogs (0 ms)
2026-05-07T17:22:37.8687014Z [ RUN      ] IntegrationPluginLogLevel.PluginReceivesWarnLevelNotification
2026-05-07T17:22:37.8687591Z C:/home/runner/_work/rocm-libraries/rocm-libraries/projects/hipdnn/tests/backend/IntegrationPluginLogLevel.cpp(58): error: Expected equality of these values:
2026-05-07T17:22:37.8688210Z   hipdnnSetEnginePluginPaths_ext( paths.size(), paths.data(), HIPDNN_PLUGIN_LOADING_ABSOLUTE)
2026-05-07T17:22:37.8688521Z     Which is: 8
2026-05-07T17:22:37.8688662Z   HIPDNN_STATUS_SUCCESS
2026-05-07T17:22:37.8688814Z     Which is: 0
2026-05-07T17:22:37.8688892Z 
2026-05-07T17:22:37.8689357Z C:/home/runner/_work/rocm-libraries/rocm-libraries/projects/hipdnn/tests/backend/IntegrationPluginLogLevel.cpp(94): error: Value of: recorder.hasLogContaining(HIPDNN_SEV_WARN, "pluginSetLogLevel level=1")
2026-05-07T17:22:37.8689939Z   Actual: false
2026-05-07T17:22:37.8690074Z Expected: true
2026-05-07T17:22:37.8690267Z Expected plugin to create WARN-level logs. Captured logs:
2026-05-07T17:22:37.8690487Z (No logs captured.)
2026-05-07T17:22:37.8690581Z 
2026-05-07T17:22:37.8690584Z 
2026-05-07T17:22:37.8690765Z [  FAILED  ] IntegrationPluginLogLevel.PluginReceivesWarnLevelNotification (0 ms)
2026-05-07T17:22:37.8691172Z [ RUN      ] IntegrationPluginLogLevel.PluginDoesNotCreateLogsWhenLogLevelOff
2026-05-07T17:22:37.8691817Z C:/home/runner/_work/rocm-libraries/rocm-libraries/projects/hipdnn/tests/backend/IntegrationPluginLogLevel.cpp(58): error: Expected equality of these values:
2026-05-07T17:22:37.8692430Z   hipdnnSetEnginePluginPaths_ext( paths.size(), paths.data(), HIPDNN_PLUGIN_LOADING_ABSOLUTE)
2026-05-07T17:22:37.8692731Z     Which is: 8
2026-05-07T17:22:37.8692867Z   HIPDNN_STATUS_SUCCESS
2026-05-07T17:22:37.8693002Z     Which is: 0
2026-05-07T17:22:37.8693084Z 
2026-05-07T17:22:37.8693272Z [  FAILED  ] IntegrationPluginLogLevel.PluginDoesNotCreateLogsWhenLogLevelOff (0 ms)
2026-05-07T17:22:37.8693645Z [ RUN      ] IntegrationPluginLogLevel.WarnThenInfoProducesLogs
2026-05-07T17:22:37.8694168Z C:/home/runner/_work/rocm-libraries/rocm-libraries/projects/hipdnn/tests/backend/IntegrationPluginLogLevel.cpp(58): error: Expected equality of these values:
2026-05-07T17:22:37.8694762Z   hipdnnSetEnginePluginPaths_ext( paths.size(), paths.data(), HIPDNN_PLUGIN_LOADING_ABSOLUTE)
2026-05-07T17:22:37.8695059Z     Which is: 8
2026-05-07T17:22:37.8695191Z   HIPDNN_STATUS_SUCCESS
2026-05-07T17:22:37.8695335Z     Which is: 0
2026-05-07T17:22:37.8695416Z 
2026-05-07T17:22:37.8695875Z C:/home/runner/_work/rocm-libraries/rocm-libraries/projects/hipdnn/tests/backend/IntegrationPluginLogLevel.cpp(136): error: Value of: recorder.hasLogContaining(HIPDNN_SEV_INFO, "pluginSetLogLevel level=0")
2026-05-07T17:22:37.8696515Z   Actual: false
2026-05-07T17:22:37.8696639Z Expected: true
2026-05-07T17:22:37.8696871Z Expected plugin to create INFO-level logs after changing to INFO. Captured logs:
2026-05-07T17:22:37.8697450Z [error] [2026-05-07 10:22:37.823] [tid 103820] [error] [hipdnn_backend] Error occured in status:HIPDNN_STATUS_NOT_SUPPORTED message:Cannot set engine plugin paths with an active handle.
2026-05-07T17:22:37.8697871Z 
2026-05-07T17:22:37.8697874Z 
2026-05-07T17:22:37.8697877Z 
2026-05-07T17:22:37.8698030Z [  FAILED  ] IntegrationPluginLogLevel.WarnThenInfoProducesLogs (0 ms)
2026-05-07T17:22:37.8698343Z [----------] 4 tests from IntegrationPluginLogLevel (0 ms total)
2026-05-07T17:22:37.8698518Z 
2026-05-07T17:22:37.8698614Z [----------] 7 tests from IntegrationSetPluginPathsExt
2026-05-07T17:22:37.8698873Z [ RUN      ] IntegrationSetPluginPathsExt.ValidInputs
2026-05-07T17:22:37.8699382Z C:/home/runner/_work/rocm-libraries/rocm-libraries/projects/hipdnn/tests/backend/IntegrationSetPluginPathsExt.cpp(25): error: Expected equality of these values:
2026-05-07T17:22:37.8699851Z   status
2026-05-07T17:22:37.8699971Z     Which is: 8
2026-05-07T17:22:37.8700106Z   HIPDNN_STATUS_SUCCESS
2026-05-07T17:22:37.8700251Z     Which is: 0
2026-05-07T17:22:37.8700331Z 
2026-05-07T17:22:37.8700448Z [  FAILED  ] IntegrationSetPluginPathsExt.ValidInputs (0 ms)
2026-05-07T17:22:37.8700784Z [ RUN      ] IntegrationSetPluginPathsExt.InvalidAndValidNullptrCorrectness
2026-05-07T17:22:37.8701352Z C:/home/runner/_work/rocm-libraries/rocm-libraries/projects/hipdnn/tests/backend/IntegrationSetPluginPathsExt.cpp(35): error: Expected equality of these values:
2026-05-07T17:22:37.8701816Z   status
2026-05-07T17:22:37.8701933Z     Which is: 8
2026-05-07T17:22:37.8702058Z   HIPDNN_STATUS_SUCCESS
2026-05-07T17:22:37.8702201Z     Which is: 0
2026-05-07T17:22:37.8702274Z 
2026-05-07T17:22:37.8702627Z C:/home/runner/_work/rocm-libraries/rocm-libraries/projects/hipdnn/tests/backend/IntegrationSetPluginPathsExt.cpp(43): error: Expected equality of these values:
2026-05-07T17:22:37.8703109Z   loadedPlugins.size()
2026-05-07T17:22:37.8703251Z     Which is: 1
2026-05-07T17:22:37.8703373Z   0
2026-05-07T17:22:37.8703440Z 
2026-05-07T17:22:37.8703640Z [  FAILED  ] IntegrationSetPluginPathsExt.InvalidAndValidNullptrCorrectness (0 ms)
2026-05-07T17:22:37.8704038Z [ RUN      ] IntegrationSetPluginPathsExt.NullStringInList
2026-05-07T17:22:37.8704331Z [       OK ] IntegrationSetPluginPathsExt.NullStringInList (0 ms)
2026-05-07T17:22:37.8704616Z [ RUN      ] IntegrationSetPluginPathsExt.IneligibleHandle
2026-05-07T17:22:37.8704961Z [       OK ] IntegrationSetPluginPathsExt.IneligibleHandle (0 ms)
2026-05-07T17:22:37.8705288Z [ RUN      ] IntegrationSetPluginPathsExt.GetLoadedPluginPathsLoadsDefault
2026-05-07T17:22:37.8705854Z C:/home/runner/_work/rocm-libraries/rocm-libraries/projects/hipdnn/tests/backend/IntegrationSetPluginPathsExt.cpp(86): error: Expected equality of these values:
2026-05-07T17:22:37.8706310Z   status
2026-05-07T17:22:37.8706421Z     Which is: 8
2026-05-07T17:22:37.8706556Z   HIPDNN_STATUS_SUCCESS
2026-05-07T17:22:37.8706694Z     Which is: 0
2026-05-07T17:22:37.8706767Z 
2026-05-07T17:22:37.8706940Z [  FAILED  ] IntegrationSetPluginPathsExt.GetLoadedPluginPathsLoadsDefault (0 ms)
2026-05-07T17:22:37.8707399Z [ RUN      ] IntegrationSetPluginPathsExt.GetLoadedPluginPathsAdditiveLoadsBothDefaultAndCustom
2026-05-07T17:22:37.8708038Z C:/home/runner/_work/rocm-libraries/rocm-libraries/projects/hipdnn/tests/backend/IntegrationSetPluginPathsExt.cpp(110): error: Expected equality of these values:
2026-05-07T17:22:37.8708491Z   status
2026-05-07T17:22:37.8708609Z     Which is: 8
2026-05-07T17:22:37.8708743Z   HIPDNN_STATUS_SUCCESS
2026-05-07T17:22:37.8708880Z     Which is: 0
2026-05-07T17:22:37.8709029Z 
2026-05-07T17:22:37.8709424Z C:/home/runner/_work/rocm-libraries/rocm-libraries/projects/hipdnn/tests/backend/IntegrationSetPluginPathsExt.cpp(118): error: Expected: (loadedPlugins.size()) >= (2), actual: 1 vs 2
2026-05-07T17:22:37.8709891Z 
2026-05-07T17:22:37.8710400Z C:/home/runner/_work/rocm-libraries/rocm-libraries/projects/hipdnn/tests/backend/IntegrationSetPluginPathsExt.cpp(123): error: Value of: test_util::isPluginLoadedByRelativePath(loadedPlugins, defaultPluginPath)
2026-05-07T17:22:37.8710980Z   Actual: false
2026-05-07T17:22:37.8711103Z Expected: true
2026-05-07T17:22:37.8711187Z 
2026-05-07T17:22:37.8711640Z C:/home/runner/_work/rocm-libraries/rocm-libraries/projects/hipdnn/tests/backend/IntegrationSetPluginPathsExt.cpp(124): error: Value of: test_util::isPluginLoadedByRelativePath(loadedPlugins, testPluginPath)
2026-05-07T17:22:37.8712212Z   Actual: false
2026-05-07T17:22:37.8712340Z Expected: true
2026-05-07T17:22:37.8712416Z 
2026-05-07T17:22:37.8712668Z [  FAILED  ] IntegrationSetPluginPathsExt.GetLoadedPluginPathsAdditiveLoadsBothDefaultAndCustom (0 ms)
2026-05-07T17:22:37.8713172Z [ RUN      ] IntegrationSetPluginPathsExt.GetLoadedPluginPathsAbsoluteLoadsOnlyCustom
2026-05-07T17:22:37.8713776Z C:/home/runner/_work/rocm-libraries/rocm-libraries/projects/hipdnn/tests/backend/IntegrationSetPluginPathsExt.cpp(135): error: Expected equality of these values:
2026-05-07T17:22:37.8714233Z   status
2026-05-07T17:22:37.8714343Z     Which is: 8
2026-05-07T17:22:37.8714470Z   HIPDNN_STATUS_SUCCESS
2026-05-07T17:22:37.8714610Z     Which is: 0
2026-05-07T17:22:37.8714684Z 
2026-05-07T17:22:37.8715136Z C:/home/runner/_work/rocm-libraries/rocm-libraries/projects/hipdnn/tests/backend/IntegrationSetPluginPathsExt.cpp(151): error: Value of: test_util::isPluginLoadedByRelativePath(loadedPlugins, testPluginPath)
2026-05-07T17:22:37.8715711Z   Actual: false
2026-05-07T17:22:37.8715835Z Expected: true
2026-05-07T17:22:37.8715911Z 
2026-05-07T17:22:37.8716125Z [  FAILED  ] IntegrationSetPluginPathsExt.GetLoadedPluginPathsAbsoluteLoadsOnlyCustom (0 ms)
2026-05-07T17:22:37.8716528Z [----------] 7 tests from IntegrationSetPluginPathsExt (0 ms total)
2026-05-07T17:22:37.8716708Z 
2026-05-07T17:22:37.8716818Z [----------] 5 tests from IntegrationSetPluginUnloadingModeExt
2026-05-07T17:22:37.8717139Z [ RUN      ] IntegrationSetPluginUnloadingModeExt.InvalidModeReturnsBadParam
2026-05-07T17:22:37.8717729Z C:/home/runner/_work/rocm-libraries/rocm-libraries/projects/hipdnn/tests/backend/IntegrationSetPluginUnloadingModeExt.cpp(62): error: Expected equality of these values:
2026-05-07T17:22:37.8718354Z   hipdnnSetEnginePluginPaths_ext( paths.size(), paths.data(), HIPDNN_PLUGIN_LOADING_ABSOLUTE)
2026-05-07T17:22:37.8718652Z     Which is: 8
2026-05-07T17:22:37.8718779Z   HIPDNN_STATUS_SUCCESS
2026-05-07T17:22:37.8718987Z     Which is: 0
2026-05-07T17:22:37.8719063Z 
2026-05-07T17:22:37.8719247Z [  FAILED  ] IntegrationSetPluginUnloadingModeExt.InvalidModeReturnsBadParam (0 ms)
2026-05-07T17:22:37.8719640Z [ RUN      ] IntegrationSetPluginUnloadingModeExt.LazyModeKeepsPluginLoaded
2026-05-07T17:22:37.8720216Z C:/home/runner/_work/rocm-libraries/rocm-libraries/projects/hipdnn/tests/backend/IntegrationSetPluginUnloadingModeExt.cpp(62): error: Expected equality of these values:
2026-05-07T17:22:37.8720832Z   hipdnnSetEnginePluginPaths_ext( paths.size(), paths.data(), HIPDNN_PLUGIN_LOADING_ABSOLUTE)
2026-05-07T17:22:37.8721124Z     Which is: 8
2026-05-07T17:22:37.8721249Z   HIPDNN_STATUS_SUCCESS
2026-05-07T17:22:37.8721385Z     Which is: 0
2026-05-07T17:22:37.8721457Z 
2026-05-07T17:22:37.8721640Z [  FAILED  ] IntegrationSetPluginUnloadingModeExt.LazyModeKeepsPluginLoaded (0 ms)
2026-05-07T17:22:37.8722012Z [ RUN      ] IntegrationSetPluginUnloadingModeExt.EagerModeUnloadsPlugin
2026-05-07T17:22:37.8722589Z C:/home/runner/_work/rocm-libraries/rocm-libraries/projects/hipdnn/tests/backend/IntegrationSetPluginUnloadingModeExt.cpp(62): error: Expected equality of these values:
2026-05-07T17:22:37.8723263Z   hipdnnSetEnginePluginPaths_ext( paths.size(), paths.data(), HIPDNN_PLUGIN_LOADING_ABSOLUTE)
2026-05-07T17:22:37.8723553Z     Which is: 8
2026-05-07T17:22:37.8723676Z   HIPDNN_STATUS_SUCCESS
2026-05-07T17:22:37.8723857Z     Which is: 0
2026-05-07T17:22:37.8723930Z 
2026-05-07T17:22:37.8724101Z [  FAILED  ] IntegrationSetPluginUnloadingModeExt.EagerModeUnloadsPlugin (0 ms)
2026-05-07T17:22:37.8724503Z [ RUN      ] IntegrationSetPluginUnloadingModeExt.SwitchingToEagerModeUnloadsPlugins
2026-05-07T17:22:37.8725112Z C:/home/runner/_work/rocm-libraries/rocm-libraries/projects/hipdnn/tests/backend/IntegrationSetPluginUnloadingModeExt.cpp(62): error: Expected equality of these values:
2026-05-07T17:22:37.8725719Z   hipdnnSetEnginePluginPaths_ext( paths.size(), paths.data(), HIPDNN_PLUGIN_LOADING_ABSOLUTE)
2026-05-07T17:22:37.8726007Z     Which is: 8
2026-05-07T17:22:37.8726133Z   HIPDNN_STATUS_SUCCESS
2026-05-07T17:22:37.8726272Z     Which is: 0
2026-05-07T17:22:37.8726343Z 
2026-05-07T17:22:37.8726562Z [  FAILED  ] IntegrationSetPluginUnloadingModeExt.SwitchingToEagerModeUnloadsPlugins (0 ms)
2026-05-07T17:22:37.8727024Z [ RUN      ] IntegrationSetPluginUnloadingModeExt.SetPluginPathsUnloadsPluginsInLazyMode
2026-05-07T17:22:37.8727649Z C:/home/runner/_work/rocm-libraries/rocm-libraries/projects/hipdnn/tests/backend/IntegrationSetPluginUnloadingModeExt.cpp(62): error: Expected equality of these values:
2026-05-07T17:22:37.8728263Z   hipdnnSetEnginePluginPaths_ext( paths.size(), paths.data(), HIPDNN_PLUGIN_LOADING_ABSOLUTE)
2026-05-07T17:22:37.8728551Z     Which is: 8
2026-05-07T17:22:37.8728678Z   HIPDNN_STATUS_SUCCESS
2026-05-07T17:22:37.8728816Z     Which is: 0
2026-05-07T17:22:37.8728889Z 
2026-05-07T17:22:37.8729113Z [  FAILED  ] IntegrationSetPluginUnloadingModeExt.SetPluginPathsUnloadsPluginsInLazyMode (0 ms)
2026-05-07T17:22:37.8729522Z [----------] 5 tests from IntegrationSetPluginUnloadingModeExt (0 ms total)
2026-05-07T17:22:37.8729722Z 
2026-05-07T17:22:37.8729820Z [----------] 20 tests from IntegrationTensorDescriptorApi
2026-05-07T17:22:37.8730102Z [ RUN      ] IntegrationTensorDescriptorApi.SetAndGetAllAttributes
2026-05-07T17:22:37.8730646Z C:/home/runner/_work/rocm-libraries/rocm-libraries/projects/hipdnn/tests/backend/IntegrationTensorDescriptorApi.cpp(44): error: Expected equality of these values:
2026-05-07T17:22:37.8731238Z   hipdnnSetEnginePluginPaths_ext( paths.size(), paths.data(), HIPDNN_PLUGIN_LOADING_ABSOLUTE)
2026-05-07T17:22:37.8731528Z     Which is: 8
2026-05-07T17:22:37.8731658Z   HIPDNN_STATUS_SUCCESS
2026-05-07T17:22:37.8731792Z     Which is: 0
2026-05-07T17:22:37.8731869Z 
2026-05-07T17:22:37.8732018Z [  FAILED  ] IntegrationTensorDescriptorApi.SetAndGetAllAttributes (0 ms)
2026-05-07T17:22:37.8732346Z [ RUN      ] IntegrationTensorDescriptorApi.SetAndGetTensorValue
2026-05-07T17:22:37.8733595Z C:/home/runner/_work/rocm-libraries/rocm-libraries/projects/hipdnn/tests/backend/IntegrationTensorDescriptorApi.cpp(44): error: Expected equality of these values:
2026-05-07T17:22:37.8734192Z   hipdnnSetEnginePluginPaths_ext( paths.size(), paths.data(), HIPDNN_PLUGIN_LOADING_ABSOLUTE)
2026-05-07T17:22:37.8734479Z     Which is: 8
2026-05-07T17:22:37.8734611Z   HIPDNN_STATUS_SUCCESS
2026-05-07T17:22:37.8734743Z     Which is: 0
2026-05-07T17:22:37.8734821Z 
2026-05-07T17:22:37.8734963Z [  FAILED  ] IntegrationTensorDescriptorApi.SetAndGetTensorValue (0 ms)
2026-05-07T17:22:37.8735297Z [ RUN      ] IntegrationTensorDescriptorApi.SetAndGetTensorValueDouble
2026-05-07T17:22:37.8735835Z C:/home/runner/_work/rocm-libraries/rocm-libraries/projects/hipdnn/tests/backend/IntegrationTensorDescriptorApi.cpp(44): error: Expected equality of these values:
2026-05-07T17:22:37.8736422Z   hipdnnSetEnginePluginPaths_ext( paths.size(), paths.data(), HIPDNN_PLUGIN_LOADING_ABSOLUTE)
2026-05-07T17:22:37.8736711Z     Which is: 8
2026-05-07T17:22:37.8736840Z   HIPDNN_STATUS_SUCCESS
2026-05-07T17:22:37.8736967Z     Which is: 0
2026-05-07T17:22:37.8737043Z 
2026-05-07T17:22:37.8737609Z [  FAILED  ] IntegrationTensorDescriptorApi.SetAndGetTensorValueDouble (0 ms)
2026-05-07T17:22:37.8737961Z [ RUN      ] IntegrationTensorDescriptorApi.SetAndGetTensorValueInt32
2026-05-07T17:22:37.8738492Z C:/home/runner/_work/rocm-libraries/rocm-libraries/projects/hipdnn/tests/backend/IntegrationTensorDescriptorApi.cpp(44): error: Expected equality of these values:
2026-05-07T17:22:37.8739083Z   hipdnnSetEnginePluginPaths_ext( paths.size(), paths.data(), HIPDNN_PLUGIN_LOADING_ABSOLUTE)
2026-05-07T17:22:37.8739369Z     Which is: 8
2026-05-07T17:22:37.8739493Z   HIPDNN_STATUS_SUCCESS
2026-05-07T17:22:37.8739628Z     Which is: 0
2026-05-07T17:22:37.8739700Z 
2026-05-07T17:22:37.8739859Z [  FAILED  ] IntegrationTensorDescriptorApi.SetAndGetTensorValueInt32 (0 ms)
2026-05-07T17:22:37.8740201Z [ RUN      ] IntegrationTensorDescriptorApi.SetAndGetTensorValueHalf
2026-05-07T17:22:37.8740724Z C:/home/runner/_work/rocm-libraries/rocm-libraries/projects/hipdnn/tests/backend/IntegrationTensorDescriptorApi.cpp(44): error: Expected equality of these values:
2026-05-07T17:22:37.8741312Z   hipdnnSetEnginePluginPaths_ext( paths.size(), paths.data(), HIPDNN_PLUGIN_LOADING_ABSOLUTE)
2026-05-07T17:22:37.8741597Z     Which is: 8
2026-05-07T17:22:37.8741722Z   HIPDNN_STATUS_SUCCESS
2026-05-07T17:22:37.8741856Z     Which is: 0
2026-05-07T17:22:37.8741929Z 
2026-05-07T17:22:37.8742086Z [  FAILED  ] IntegrationTensorDescriptorApi.SetAndGetTensorValueHalf (0 ms)
2026-05-07T17:22:37.8742441Z [ RUN      ] IntegrationTensorDescriptorApi.SetAndGetTensorValueBFloat16
2026-05-07T17:22:37.8742992Z C:/home/runner/_work/rocm-libraries/rocm-libraries/projects/hipdnn/tests/backend/IntegrationTensorDescriptorApi.cpp(44): error: Expected equality of these values:
2026-05-07T17:22:37.8743580Z   hipdnnSetEnginePluginPaths_ext( paths.size(), paths.data(), HIPDNN_PLUGIN_LOADING_ABSOLUTE)
2026-05-07T17:22:37.8743907Z     Which is: 8
2026-05-07T17:22:37.8744031Z   HIPDNN_STATUS_SUCCESS
2026-05-07T17:22:37.8744171Z     Which is: 0
2026-05-07T17:22:37.8744246Z 
2026-05-07T17:22:37.8744416Z [  FAILED  ] IntegrationTensorDescriptorApi.SetAndGetTensorValueBFloat16 (0 ms)
2026-05-07T17:22:37.8744807Z [ RUN      ] IntegrationTensorDescriptorApi.SetTensorValueTypeMismatchFails
2026-05-07T17:22:37.8745363Z C:/home/runner/_work/rocm-libraries/rocm-libraries/projects/hipdnn/tests/backend/IntegrationTensorDescriptorApi.cpp(44): error: Expected equality of these values:
2026-05-07T17:22:37.8745947Z   hipdnnSetEnginePluginPaths_ext( paths.size(), paths.data(), HIPDNN_PLUGIN_LOADING_ABSOLUTE)
2026-05-07T17:22:37.8746237Z     Which is: 8
2026-05-07T17:22:37.8746359Z   HIPDNN_STATUS_SUCCESS
2026-05-07T17:22:37.8746497Z     Which is: 0
2026-05-07T17:22:37.8746571Z 
2026-05-07T17:22:37.8746837Z [  FAILED  ] IntegrationTensorDescriptorApi.SetTensorValueTypeMismatchFails (0 ms)
2026-05-07T17:22:37.8747231Z [ RUN      ] IntegrationTensorDescriptorApi.SetTensorValueUnsupportedTypeFails
2026-05-07T17:22:37.8747801Z C:/home/runner/_work/rocm-libraries/rocm-libraries/projects/hipdnn/tests/backend/IntegrationTensorDescriptorApi.cpp(44): error: Expected equality of these values:
2026-05-07T17:22:37.8748396Z   hipdnnSetEnginePluginPaths_ext( paths.size(), paths.data(), HIPDNN_PLUGIN_LOADING_ABSOLUTE)
2026-05-07T17:22:37.8748682Z     Which is: 8
2026-05-07T17:22:37.8748807Z   HIPDNN_STATUS_SUCCESS
2026-05-07T17:22:37.8748946Z     Which is: 0
2026-05-07T17:22:37.8749018Z 
2026-05-07T17:22:37.8749211Z [  FAILED  ] IntegrationTensorDescriptorApi.SetTensorValueUnsupportedTypeFails (0 ms)
2026-05-07T17:22:37.8749611Z [ RUN      ] IntegrationTensorDescriptorApi.SetTensorValueWithoutDataTypeFails
2026-05-07T17:22:37.8750177Z C:/home/runner/_work/rocm-libraries/rocm-libraries/projects/hipdnn/tests/backend/IntegrationTensorDescriptorApi.cpp(44): error: Expected equality of these values:
2026-05-07T17:22:37.8750758Z   hipdnnSetEnginePluginPaths_ext( paths.size(), paths.data(), HIPDNN_PLUGIN_LOADING_ABSOLUTE)
2026-05-07T17:22:37.8751042Z     Which is: 8
2026-05-07T17:22:37.8751375Z   HIPDNN_STATUS_SUCCESS
2026-05-07T17:22:37.8751511Z     Which is: 0
2026-05-07T17:22:37.8751584Z 
2026-05-07T17:22:37.8751771Z [  FAILED  ] IntegrationTensorDescriptorApi.SetTensorValueWithoutDataTypeFails (0 ms)
2026-05-07T17:22:37.8752147Z [ RUN      ] IntegrationTensorDescriptorApi.SetAndGetTensorValueUint8
2026-05-07T17:22:37.8752685Z C:/home/runner/_work/rocm-libraries/rocm-libraries/projects/hipdnn/tests/backend/IntegrationTensorDescriptorApi.cpp(44): error: Expected equality of these values:
2026-05-07T17:22:37.8753271Z   hipdnnSetEnginePluginPaths_ext( paths.size(), paths.data(), HIPDNN_PLUGIN_LOADING_ABSOLUTE)
2026-05-07T17:22:37.8753556Z     Which is: 8
2026-05-07T17:22:37.8753688Z   HIPDNN_STATUS_SUCCESS
2026-05-07T17:22:37.8753826Z     Which is: 0
2026-05-07T17:22:37.8753897Z 
2026-05-07T17:22:37.8754054Z [  FAILED  ] IntegrationTensorDescriptorApi.SetAndGetTensorValueUint8 (0 ms)
2026-05-07T17:22:37.8754404Z [ RUN      ] IntegrationTensorDescriptorApi.SetAndGetTensorValueInt8
2026-05-07T17:22:37.8754940Z C:/home/runner/_work/rocm-libraries/rocm-libraries/projects/hipdnn/tests/backend/IntegrationTensorDescriptorApi.cpp(44): error: Expected equality of these values:
2026-05-07T17:22:37.8755532Z   hipdnnSetEnginePluginPaths_ext( paths.size(), paths.data(), HIPDNN_PLUGIN_LOADING_ABSOLUTE)
2026-05-07T17:22:37.8755816Z     Which is: 8
2026-05-07T17:22:37.8755949Z   HIPDNN_STATUS_SUCCESS
2026-05-07T17:22:37.8756085Z     Which is: 0
2026-05-07T17:22:37.8756160Z 
2026-05-07T17:22:37.8756317Z [  FAILED  ] IntegrationTensorDescriptorApi.SetAndGetTensorValueInt8 (0 ms)
2026-05-07T17:22:37.8756686Z [ RUN      ] IntegrationTensorDescriptorApi.SetAndGetTensorValueFp8E4M3
2026-05-07T17:22:37.8757241Z C:/home/runner/_work/rocm-libraries/rocm-libraries/projects/hipdnn/tests/backend/IntegrationTensorDescriptorApi.cpp(44): error: Expected equality of these values:
2026-05-07T17:22:37.8757831Z   hipdnnSetEnginePluginPaths_ext( paths.size(), paths.data(), HIPDNN_PLUGIN_LOADING_ABSOLUTE)
2026-05-07T17:22:37.8758119Z     Which is: 8
2026-05-07T17:22:37.8758245Z   HIPDNN_STATUS_SUCCESS
2026-05-07T17:22:37.8758382Z     Which is: 0
2026-05-07T17:22:37.8758456Z 
2026-05-07T17:22:37.8758614Z [  FAILED  ] IntegrationTensorDescriptorApi.SetAndGetTensorValueFp8E4M3 (0 ms)
2026-05-07T17:22:37.8758972Z [ RUN      ] IntegrationTensorDescriptorApi.SetAndGetTensorValueFp8E5M2
2026-05-07T17:22:37.8759515Z C:/home/runner/_work/rocm-libraries/rocm-libraries/projects/hipdnn/tests/backend/IntegrationTensorDescriptorApi.cpp(44): error: Expected equality of these values:
2026-05-07T17:22:37.8760103Z   hipdnnSetEnginePluginPaths_ext( paths.size(), paths.data(), HIPDNN_PLUGIN_LOADING_ABSOLUTE)
2026-05-07T17:22:37.8760385Z     Which is: 8
2026-05-07T17:22:37.8760512Z   HIPDNN_STATUS_SUCCESS
2026-05-07T17:22:37.8760725Z     Which is: 0
2026-05-07T17:22:37.8760800Z 
2026-05-07T17:22:37.8760958Z [  FAILED  ] IntegrationTensorDescriptorApi.SetAndGetTensorValueFp8E5M2 (0 ms)
2026-05-07T17:22:37.8761334Z [ RUN      ] IntegrationTensorDescriptorApi.SetTensorValueOverwritesPrevious
2026-05-07T17:22:37.8761891Z C:/home/runner/_work/rocm-libraries/rocm-libraries/projects/hipdnn/tests/backend/IntegrationTensorDescriptorApi.cpp(44): error: Expected equality of these values:
2026-05-07T17:22:37.8762481Z   hipdnnSetEnginePluginPaths_ext( paths.size(), paths.data(), HIPDNN_PLUGIN_LOADING_ABSOLUTE)
2026-05-07T17:22:37.8762766Z     Which is: 8
2026-05-07T17:22:37.8762894Z   HIPDNN_STATUS_SUCCESS
2026-05-07T17:22:37.8763029Z     Which is: 0
2026-05-07T17:22:37.8763100Z 
2026-05-07T17:22:37.8763277Z [  FAILED  ] IntegrationTensorDescriptorApi.SetTensorValueOverwritesPrevious (0 ms)
2026-05-07T17:22:37.8763645Z [ RUN      ] IntegrationTensorDescriptorApi.SetTensorValueCopiesData
2026-05-07T17:22:37.8764226Z C:/home/runner/_work/rocm-libraries/rocm-libraries/projects/hipdnn/tests/backend/IntegrationTensorDescriptorApi.cpp(44): error: Expected equality of these values:
2026-05-07T17:22:37.8764991Z   hipdnnSetEnginePluginPaths_ext( paths.size(), paths.data(), HIPDNN_PLUGIN_LOADING_ABSOLUTE)
2026-05-07T17:22:37.8765280Z     Which is: 8
2026-05-07T17:22:37.8765406Z   HIPDNN_STATUS_SUCCESS
2026-05-07T17:22:37.8765536Z     Which is: 0
2026-05-07T17:22:37.8765614Z 
2026-05-07T17:22:37.8765769Z [  FAILED  ] IntegrationTensorDescriptorApi.SetTensorValueCopiesData (0 ms)
2026-05-07T17:22:37.8766144Z [ RUN      ] IntegrationTensorDescriptorApi.SetTensorValueWrongElementCountFails
2026-05-07T17:22:37.8766714Z C:/home/runner/_work/rocm-libraries/rocm-libraries/projects/hipdnn/tests/backend/IntegrationTensorDescriptorApi.cpp(44): error: Expected equality of these values:
2026-05-07T17:22:37.8767296Z   hipdnnSetEnginePluginPaths_ext( paths.size(), paths.data(), HIPDNN_PLUGIN_LOADING_ABSOLUTE)
2026-05-07T17:22:37.8767590Z     Which is: 8
2026-05-07T17:22:37.8767719Z   HIPDNN_STATUS_SUCCESS
2026-05-07T17:22:37.8767849Z     Which is: 0
2026-05-07T17:22:37.8767926Z 
2026-05-07T17:22:37.8768119Z [  FAILED  ] IntegrationTensorDescriptorApi.SetTensorValueWrongElementCountFails (0 ms)
2026-05-07T17:22:37.8768513Z [ RUN      ] IntegrationTensorDescriptorApi.GetTensorValueNotSetFails
2026-05-07T17:22:37.8769050Z C:/home/runner/_work/rocm-libraries/rocm-libraries/projects/hipdnn/tests/backend/IntegrationTensorDescriptorApi.cpp(44): error: Expected equality of these values:
2026-05-07T17:22:37.8769635Z   hipdnnSetEnginePluginPaths_ext( paths.size(), paths.data(), HIPDNN_PLUGIN_LOADING_ABSOLUTE)
2026-05-07T17:22:37.8769922Z     Which is: 8
2026-05-07T17:22:37.8770052Z   HIPDNN_STATUS_SUCCESS
2026-05-07T17:22:37.8770186Z     Which is: 0
2026-05-07T17:22:37.8770262Z 
2026-05-07T17:22:37.8770416Z [  FAILED  ] IntegrationTensorDescriptorApi.GetTensorValueNotSetFails (0 ms)
2026-05-07T17:22:37.8770803Z [ RUN      ] IntegrationTensorDescriptorApi.GetTensorValueWrongAttributeTypeFails
2026-05-07T17:22:37.8771379Z C:/home/runner/_work/rocm-libraries/rocm-libraries/projects/hipdnn/tests/backend/IntegrationTensorDescriptorApi.cpp(44): error: Expected equality of these values:
2026-05-07T17:22:37.8771963Z   hipdnnSetEnginePluginPaths_ext( paths.size(), paths.data(), HIPDNN_PLUGIN_LOADING_ABSOLUTE)
2026-05-07T17:22:37.8772252Z     Which is: 8
2026-05-07T17:22:37.8772381Z   HIPDNN_STATUS_SUCCESS
2026-05-07T17:22:37.8772511Z     Which is: 0
2026-05-07T17:22:37.8772589Z 
2026-05-07T17:22:37.8772786Z [  FAILED  ] IntegrationTensorDescriptorApi.GetTensorValueWrongAttributeTypeFails (0 ms)
2026-05-07T17:22:37.8773199Z [ RUN      ] IntegrationTensorDescriptorApi.GetAttributeBeforeFinalizeFails
2026-05-07T17:22:37.8773754Z C:/home/runner/_work/rocm-libraries/rocm-libraries/projects/hipdnn/tests/backend/IntegrationTensorDescriptorApi.cpp(44): error: Expected equality of these values:
2026-05-07T17:22:37.8774419Z   hipdnnSetEnginePluginPaths_ext( paths.size(), paths.data(), HIPDNN_PLUGIN_LOADING_ABSOLUTE)
2026-05-07T17:22:37.8774707Z     Which is: 8
2026-05-07T17:22:37.8774833Z   HIPDNN_STATUS_SUCCESS
2026-05-07T17:22:37.8774966Z     Which is: 0
2026-05-07T17:22:37.8775044Z 
2026-05-07T17:22:37.8775216Z [  FAILED  ] IntegrationTensorDescriptorApi.GetAttributeBeforeFinalizeFails (0 ms)
2026-05-07T17:22:37.8775622Z [ RUN      ] IntegrationTensorDescriptorApi.FinalizeWithoutRequiredAttributesFails
2026-05-07T17:22:37.8776203Z C:/home/runner/_work/rocm-libraries/rocm-libraries/projects/hipdnn/tests/backend/IntegrationTensorDescriptorApi.cpp(44): error: Expected equality of these values:
2026-05-07T17:22:37.8776793Z   hipdnnSetEnginePluginPaths_ext( paths.size(), paths.data(), HIPDNN_PLUGIN_LOADING_ABSOLUTE)
2026-05-07T17:22:37.8777083Z     Which is: 8
2026-05-07T17:22:37.8777212Z   HIPDNN_STATUS_SUCCESS
2026-05-07T17:22:37.8777346Z     Which is: 0
2026-05-07T17:22:37.8777424Z 
2026-05-07T17:22:37.8777625Z [  FAILED  ] IntegrationTensorDescriptorApi.FinalizeWithoutRequiredAttributesFails (0 ms)
2026-05-07T17:22:37.8778008Z [----------] 20 tests from IntegrationTensorDescriptorApi (0 ms total)
2026-05-07T17:22:37.8778394Z 
2026-05-07T17:22:37.8778504Z [----------] 7 tests from IntegrationVariantPackDescriptorApi
2026-05-07T17:22:37.8778826Z [ RUN      ] IntegrationVariantPackDescriptorApi.ValidSetAttributesAndFinalize
2026-05-07T17:22:37.8779227Z [       OK ] IntegrationVariantPackDescriptorApi.ValidSetAttributesAndFinalize (0 ms)
2026-05-07T17:22:37.8779703Z [ RUN      ] IntegrationVariantPackDescriptorApi.ValidSetAttributesAndGetAttributesBeforeFinalize
2026-05-07T17:22:37.8780236Z [       OK ] IntegrationVariantPackDescriptorApi.ValidSetAttributesAndGetAttributesBeforeFinalize (0 ms)
2026-05-07T17:22:37.8780676Z [ RUN      ] IntegrationVariantPackDescriptorApi.InvalidSetAttributes
2026-05-07T17:22:37.8781012Z [       OK ] IntegrationVariantPackDescriptorApi.InvalidSetAttributes (0 ms)
2026-05-07T17:22:37.8781392Z [ RUN      ] IntegrationVariantPackDescriptorApi.InvalidGetAttributes
2026-05-07T17:22:37.8781726Z [       OK ] IntegrationVariantPackDescriptorApi.InvalidGetAttributes (0 ms)
2026-05-07T17:22:37.8782064Z [ RUN      ] IntegrationVariantPackDescriptorApi.InvalidFinalizeEmpty
2026-05-07T17:22:37.8782396Z [       OK ] IntegrationVariantPackDescriptorApi.InvalidFinalizeEmpty (0 ms)
2026-05-07T17:22:37.8782727Z [ RUN      ] IntegrationVariantPackDescriptorApi.InvalidFinalizeParams
2026-05-07T17:22:37.8783067Z [       OK ] IntegrationVariantPackDescriptorApi.InvalidFinalizeParams (0 ms)
2026-05-07T17:22:37.8783407Z [ RUN      ] IntegrationVariantPackDescriptorApi.InvalidNullDescriptor
2026-05-07T17:22:37.8783755Z [       OK ] IntegrationVariantPackDescriptorApi.InvalidNullDescriptor (0 ms)
2026-05-07T17:22:37.8784099Z [----------] 7 tests from IntegrationVariantPackDescriptorApi (0 ms total)
2026-05-07T17:22:37.8784289Z 
2026-05-07T17:22:37.8784417Z [----------] 3 tests from IntegrationVariantPackDescriptorApiFinalized
2026-05-07T17:22:37.8784746Z [ RUN      ] IntegrationVariantPackDescriptorApiFinalized.ValidGetAttributes
2026-05-07T17:22:37.8785126Z [       OK ] IntegrationVariantPackDescriptorApiFinalized.ValidGetAttributes (0 ms)
2026-05-07T17:22:37.8785513Z [ RUN      ] IntegrationVariantPackDescriptorApiFinalized.InvalidGetAttributes
2026-05-07T17:22:37.8785902Z [       OK ] IntegrationVariantPackDescriptorApiFinalized.InvalidGetAttributes (0 ms)
2026-05-07T17:22:37.8786297Z [ RUN      ] IntegrationVariantPackDescriptorApiFinalized.InvalidSetAttributes
2026-05-07T17:22:37.8786690Z [       OK ] IntegrationVariantPackDescriptorApiFinalized.InvalidSetAttributes (0 ms)
2026-05-07T17:22:37.8787080Z [----------] 3 tests from IntegrationVariantPackDescriptorApiFinalized (0 ms total)
2026-05-07T17:22:37.8787294Z 
2026-05-07T17:22:37.8787373Z [----------] Global test environment tear-down
2026-05-07T17:22:37.8787596Z [==========] 169 tests from 22 test suites ran. (276 ms total)
2026-05-07T17:22:37.8787880Z [  PASSED  ] 117 tests.
2026-05-07T17:22:37.8788035Z [  FAILED  ] 52 tests, listed below:
2026-05-07T17:22:37.8788250Z [  FAILED  ] IntegrationEngineHeuristicApi.Finalize
2026-05-07T17:22:37.8788561Z [  FAILED  ] IntegrationEngineHeuristicApi.SetAttributeOnFinalizedDescriptor
2026-05-07T17:22:37.8788935Z [  FAILED  ] IntegrationEngineHeuristicApi.GetEngineHeuristicOperationGraph
2026-05-07T17:22:37.8789281Z [  FAILED  ] IntegrationEngineHeuristicApi.GetEngineHeuristicMode
2026-05-07T17:22:37.8789597Z [  FAILED  ] IntegrationEngineHeuristicApi.GetUnsupportedAttribute
2026-05-07T17:22:37.8789917Z [  FAILED  ] IntegrationEngineHeuristicApi.GetEngineConfigsCountOnly
2026-05-07T17:22:37.8790222Z [  FAILED  ] IntegrationEngineHeuristicApi.GetEngineConfigs
2026-05-07T17:22:37.8790573Z [  FAILED  ] IntegrationEngineHeuristicApi.GetEngineConfigsRequestMoreThanAvailable
2026-05-07T17:22:37.8790937Z [  FAILED  ] IntegrationGpuLoggingPipeline.FullWorkflowLogging
2026-05-07T17:22:37.8791212Z [  FAILED  ] IntegrationPluginLoading.EmptyPluginPath
2026-05-07T17:22:37.8791467Z [  FAILED  ] IntegrationPluginLoading.IncorrectEngineID
2026-05-07T17:22:37.8791731Z [  FAILED  ] IntegrationPluginLoading.DuplicateEngineIds
2026-05-07T17:22:37.8792045Z [  FAILED  ] IntegrationPluginLoading.IncompleteAPI
2026-05-07T17:22:37.8792330Z [  FAILED  ] IntegrationPluginLoading.SinglePluginNoApplicableEngines
2026-05-07T17:22:37.8792678Z [  FAILED  ] IntegrationPluginLoading.MultiplePluginsNoApplicableEngines
2026-05-07T17:22:37.8793026Z [  FAILED  ] IntegrationPluginLoading.MultiplePluginsOneApplicableEngine
2026-05-07T17:22:37.8793402Z [  FAILED  ] IntegrationPluginLoading.MultiplePluginsMultipleApplicableEngines
2026-05-07T17:22:37.8793770Z [  FAILED  ] IntegrationPluginLoading.PluginWithIncompatibleApiVersion
2026-05-07T17:22:37.8794092Z [  FAILED  ] IntegrationPluginLogLevel.PluginCreatesInfoLogs
2026-05-07T17:22:37.8794417Z [  FAILED  ] IntegrationPluginLogLevel.PluginReceivesWarnLevelNotification
2026-05-07T17:22:37.8794796Z [  FAILED  ] IntegrationPluginLogLevel.PluginDoesNotCreateLogsWhenLogLevelOff
2026-05-07T17:22:37.8795150Z [  FAILED  ] IntegrationPluginLogLevel.WarnThenInfoProducesLogs
2026-05-07T17:22:37.8795425Z [  FAILED  ] IntegrationSetPluginPathsExt.ValidInputs
2026-05-07T17:22:37.8795735Z [  FAILED  ] IntegrationSetPluginPathsExt.InvalidAndValidNullptrCorrectness
2026-05-07T17:22:37.8796105Z [  FAILED  ] IntegrationSetPluginPathsExt.GetLoadedPluginPathsLoadsDefault
2026-05-07T17:22:37.8796553Z [  FAILED  ] IntegrationSetPluginPathsExt.GetLoadedPluginPathsAdditiveLoadsBothDefaultAndCustom
2026-05-07T17:22:37.8797024Z [  FAILED  ] IntegrationSetPluginPathsExt.GetLoadedPluginPathsAbsoluteLoadsOnlyCustom
2026-05-07T17:22:37.8797437Z [  FAILED  ] IntegrationSetPluginUnloadingModeExt.InvalidModeReturnsBadParam
2026-05-07T17:22:37.8797811Z [  FAILED  ] IntegrationSetPluginUnloadingModeExt.LazyModeKeepsPluginLoaded
2026-05-07T17:22:37.8798170Z [  FAILED  ] IntegrationSetPluginUnloadingModeExt.EagerModeUnloadsPlugin
2026-05-07T17:22:37.8798563Z [  FAILED  ] IntegrationSetPluginUnloadingModeExt.SwitchingToEagerModeUnloadsPlugins
2026-05-07T17:22:37.8799010Z [  FAILED  ] IntegrationSetPluginUnloadingModeExt.SetPluginPathsUnloadsPluginsInLazyMode
2026-05-07T17:22:37.8799402Z [  FAILED  ] IntegrationTensorDescriptorApi.SetAndGetAllAttributes
2026-05-07T17:22:37.8799745Z [  FAILED  ] IntegrationTensorDescriptorApi.SetAndGetTensorValue
2026-05-07T17:22:37.8800063Z [  FAILED  ] IntegrationTensorDescriptorApi.SetAndGetTensorValueDouble
2026-05-07T17:22:37.8800396Z [  FAILED  ] IntegrationTensorDescriptorApi.SetAndGetTensorValueInt32
2026-05-07T17:22:37.8800717Z [  FAILED  ] IntegrationTensorDescriptorApi.SetAndGetTensorValueHalf
2026-05-07T17:22:37.8801055Z [  FAILED  ] IntegrationTensorDescriptorApi.SetAndGetTensorValueBFloat16
2026-05-07T17:22:37.8801454Z [  FAILED  ] IntegrationTensorDescriptorApi.SetTensorValueTypeMismatchFails
2026-05-07T17:22:37.8801904Z [  FAILED  ] IntegrationTensorDescriptorApi.SetTensorValueUnsupportedTypeFails
2026-05-07T17:22:37.8802295Z [  FAILED  ] IntegrationTensorDescriptorApi.SetTensorValueWithoutDataTypeFails
2026-05-07T17:22:37.8802659Z [  FAILED  ] IntegrationTensorDescriptorApi.SetAndGetTensorValueUint8
2026-05-07T17:22:37.8802989Z [  FAILED  ] IntegrationTensorDescriptorApi.SetAndGetTensorValueInt8
2026-05-07T17:22:37.8803401Z [  FAILED  ] IntegrationTensorDescriptorApi.SetAndGetTensorValueFp8E4M3
2026-05-07T17:22:37.8803746Z [  FAILED  ] IntegrationTensorDescriptorApi.SetAndGetTensorValueFp8E5M2
2026-05-07T17:22:37.8804106Z [  FAILED  ] IntegrationTensorDescriptorApi.SetTensorValueOverwritesPrevious
2026-05-07T17:22:37.8804453Z [  FAILED  ] IntegrationTensorDescriptorApi.SetTensorValueCopiesData
2026-05-07T17:22:37.8804822Z [  FAILED  ] IntegrationTensorDescriptorApi.SetTensorValueWrongElementCountFails
2026-05-07T17:22:37.8805192Z [  FAILED  ] IntegrationTensorDescriptorApi.GetTensorValueNotSetFails
2026-05-07T17:22:37.8805559Z [  FAILED  ] IntegrationTensorDescriptorApi.GetTensorValueWrongAttributeTypeFails
2026-05-07T17:22:37.8805951Z [  FAILED  ] IntegrationTensorDescriptorApi.GetAttributeBeforeFinalizeFails
2026-05-07T17:22:37.8806348Z [  FAILED  ] IntegrationTensorDescriptorApi.FinalizeWithoutRequiredAttributesFails
2026-05-07T17:22:37.8806662Z 
2026-05-07T17:22:37.8806722Z 52 FAILED TESTS
2026-05-07T17:22:37.8806804Z 
2026-05-07T17:22:37.8806961Z  6/10 Test  #1: hipdnn_data_sdk_tests ...................   Passed    0.53 sec
2026-05-07T17:22:37.8807273Z  7/10 Test  #9: hipdnn_backend_logging_shutdown_tests ...   Passed    0.32 sec
2026-05-07T17:22:38.5894749Z  8/10 Test #10: hipdnn_public_frontend_tests ............***Failed    1.03 sec
2026-05-07T17:22:38.5895098Z [==========] Running 259 tests from 49 test suites.
2026-05-07T17:22:38.5895323Z [----------] Global test environment set-up.
2026-05-07T17:22:38.5895685Z [----------] 7 tests from IntegrationBatchnormBackwardDescriptorLifting
2026-05-07T17:22:38.5896377Z [ RUN      ] IntegrationBatchnormBackwardDescriptorLifting.BasicBatchnormBackwardRoundTrip
2026-05-07T17:22:38.5897200Z [       OK ] IntegrationBatchnormBackwardDescriptorLifting.BasicBatchnormBackwardRoundTrip (2 ms)
2026-05-07T17:22:38.5897902Z [ RUN      ] IntegrationBatchnormBackwardDescriptorLifting.BatchnormBackwardTensorSharingPreserved
2026-05-07T17:22:38.5898682Z [       OK ] IntegrationBatchnormBackwardDescriptorLifting.BatchnormBackwardTensorSharingPreserved (0 ms)
2026-05-07T17:22:38.5899643Z [ RUN      ] IntegrationBatchnormBackwardDescriptorLifting.BatchnormBackwardLiftWithoutFinalization
2026-05-07T17:22:38.5900533Z [       OK ] IntegrationBatchnormBackwardDescriptorLifting.BatchnormBackwardLiftWithoutFinalization (0 ms)
2026-05-07T17:22:38.5901772Z [ RUN      ] IntegrationBatchnormBackwardDescriptorLifting.BatchnormBackwardMinimalRequiredTensorsRoundTrip
2026-05-07T17:22:38.5902961Z [       OK ] IntegrationBatchnormBackwardDescriptorLifting.BatchnormBackwardMinimalRequiredTensorsRoundTrip (0 ms)
2026-05-07T17:22:38.5904027Z [ RUN      ] IntegrationBatchnormBackwardDescriptorLifting.BatchnormBackwardPeerStatsPreserved
2026-05-07T17:22:38.5904869Z [       OK ] IntegrationBatchnormBackwardDescriptorLifting.BatchnormBackwardPeerStatsPreserved (0 ms)
2026-05-07T17:22:38.5905800Z [ RUN      ] IntegrationBatchnormBackwardDescriptorLifting.BatchnormBackwardAutoAssignedUidsPreserved
2026-05-07T17:22:38.5906621Z [       OK ] IntegrationBatchnormBackwardDescriptorLifting.BatchnormBackwardAutoAssignedUidsPreserved (0 ms)
2026-05-07T17:22:38.5907429Z [ RUN      ] IntegrationBatchnormBackwardDescriptorLifting.JsonRoundTripWithHandle
2026-05-07T17:22:38.5908109Z [       OK ] IntegrationBatchnormBackwardDescriptorLifting.JsonRoundTripWithHandle (0 ms)
2026-05-07T17:22:38.5908799Z [----------] 7 tests from IntegrationBatchnormBackwardDescriptorLifting (3 ms total)
2026-05-07T17:22:38.5909168Z 
2026-05-07T17:22:38.5909343Z [----------] 2 tests from IntegrationBatchnormBackwardDescriptorLowering
2026-05-07T17:22:38.5910123Z [ RUN      ] IntegrationBatchnormBackwardDescriptorLowering.BatchnormBackwardGraphRoundTrip
2026-05-07T17:22:38.5910974Z [       OK ] IntegrationBatchnormBackwardDescriptorLowering.BatchnormBackwardGraphRoundTrip (0 ms)
2026-05-07T17:22:38.5911828Z [ RUN      ] IntegrationBatchnormBackwardDescriptorLowering.AutoAssignedUidsPreservedInRoundTrip
2026-05-07T17:22:38.5912697Z [       OK ] IntegrationBatchnormBackwardDescriptorLowering.AutoAssignedUidsPreservedInRoundTrip (0 ms)
2026-05-07T17:22:38.5913475Z [----------] 2 tests from IntegrationBatchnormBackwardDescriptorLowering (0 ms total)
2026-05-07T17:22:38.5913877Z 
2026-05-07T17:22:38.5914048Z [----------] 8 tests from IntegrationBatchnormDescriptorLifting
2026-05-07T17:22:38.5914668Z [ RUN      ] IntegrationBatchnormDescriptorLifting.BasicBatchnormRoundTrip
2026-05-07T17:22:38.5915302Z [       OK ] IntegrationBatchnormDescriptorLifting.BasicBatchnormRoundTrip (0 ms)
2026-05-07T17:22:38.5915962Z [ RUN      ] IntegrationBatchnormDescriptorLifting.BatchnormTensorSharingPreserved
2026-05-07T17:22:38.5916726Z [       OK ] IntegrationBatchnormDescriptorLifting.BatchnormTensorSharingPreserved (0 ms)
2026-05-07T17:22:38.5917455Z [ RUN      ] IntegrationBatchnormDescriptorLifting.BatchnormLiftWithoutFinalization
2026-05-07T17:22:38.5918439Z [       OK ] IntegrationBatchnormDescriptorLifting.BatchnormLiftWithoutFinalization (0 ms)
2026-05-07T17:22:38.5919219Z [ RUN      ] IntegrationBatchnormDescriptorLifting.BatchnormMinimalRequiredTensorsRoundTrip
2026-05-07T17:22:38.5920041Z [       OK ] IntegrationBatchnormDescriptorLifting.BatchnormMinimalRequiredTensorsRoundTrip (0 ms)
2026-05-07T17:22:38.5920807Z [ RUN      ] IntegrationBatchnormDescriptorLifting.BatchnormRunningStatsPreserved
2026-05-07T17:22:38.5921508Z [       OK ] IntegrationBatchnormDescriptorLifting.BatchnormRunningStatsPreserved (0 ms)
2026-05-07T17:22:38.5922253Z [ RUN      ] IntegrationBatchnormDescriptorLifting.BatchnormAutoAssignedUidsPreserved
2026-05-07T17:22:38.5923040Z [       OK ] IntegrationBatchnormDescriptorLifting.BatchnormAutoAssignedUidsPreserved (0 ms)
2026-05-07T17:22:38.5923761Z [ RUN      ] IntegrationBatchnormDescriptorLifting.BatchnormPeerStatsPreserved
2026-05-07T17:22:38.5924453Z [       OK ] IntegrationBatchnormDescriptorLifting.BatchnormPeerStatsPreserved (0 ms)
2026-05-07T17:22:38.5925115Z [ RUN      ] IntegrationBatchnormDescriptorLifting.JsonRoundTripWithHandle
2026-05-07T17:22:38.5925756Z [       OK ] IntegrationBatchnormDescriptorLifting.JsonRoundTripWithHandle (0 ms)
2026-05-07T17:22:38.5926365Z [----------] 8 tests from IntegrationBatchnormDescriptorLifting (1 ms total)
2026-05-07T17:22:38.5926701Z 
2026-05-07T17:22:38.5926890Z [----------] 3 tests from IntegrationBatchnormDescriptorLowering
2026-05-07T17:22:38.5927686Z [ RUN      ] IntegrationBatchnormDescriptorLowering.BatchnormGraphRoundTripAllOptionals
2026-05-07T17:22:38.5928531Z [       OK ] IntegrationBatchnormDescriptorLowering.BatchnormGraphRoundTripAllOptionals (0 ms)
2026-05-07T17:22:38.5929334Z [ RUN      ] IntegrationBatchnormDescriptorLowering.AutoAssignedUidsPreservedInRoundTrip
2026-05-07T17:22:38.5930129Z [       OK ] IntegrationBatchnormDescriptorLowering.AutoAssignedUidsPreservedInRoundTrip (0 ms)
2026-05-07T17:22:38.5930874Z [ RUN      ] IntegrationBatchnormDescriptorLowering.MinimalRequiredOnlyRoundTrip
2026-05-07T17:22:38.5931536Z [       OK ] IntegrationBatchnormDescriptorLowering.MinimalRequiredOnlyRoundTrip (0 ms)
2026-05-07T17:22:38.5932169Z [----------] 3 tests from IntegrationBatchnormDescriptorLowering (0 ms total)
2026-05-07T17:22:38.5932506Z 
2026-05-07T17:22:38.5932740Z [----------] 5 tests from IntegrationBatchnormInferenceDescriptorLifting
2026-05-07T17:22:38.5933407Z [ RUN      ] IntegrationBatchnormInferenceDescriptorLifting.BasicBatchnormInferenceRoundTrip
2026-05-07T17:22:38.5934215Z [       OK ] IntegrationBatchnormInferenceDescriptorLifting.BasicBatchnormInferenceRoundTrip (0 ms)
2026-05-07T17:22:38.5935334Z [ RUN      ] IntegrationBatchnormInferenceDescriptorLifting.BatchnormInferenceTensorSharingPreserved
2026-05-07T17:22:38.5936265Z [       OK ] IntegrationBatchnormInferenceDescriptorLifting.BatchnormInferenceTensorSharingPreserved (0 ms)
2026-05-07T17:22:38.5937292Z [ RUN      ] IntegrationBatchnormInferenceDescriptorLifting.BatchnormInferenceLiftWithoutFinalization
2026-05-07T17:22:38.5938239Z [       OK ] IntegrationBatchnormInferenceDescriptorLifting.BatchnormInferenceLiftWithoutFinalization (0 ms)
2026-05-07T17:22:38.5939172Z [ RUN      ] IntegrationBatchnormInferenceDescriptorLifting.AutoAssignedUidsPreservedInLiftingRoundTrip
2026-05-07T17:22:38.5940132Z [       OK ] IntegrationBatchnormInferenceDescriptorLifting.AutoAssignedUidsPreservedInLiftingRoundTrip (0 ms)
2026-05-07T17:22:38.5940981Z [ RUN      ] IntegrationBatchnormInferenceDescriptorLifting.JsonRoundTripWithHandle
2026-05-07T17:22:38.5941701Z [       OK ] IntegrationBatchnormInferenceDescriptorLifting.JsonRoundTripWithHandle (0 ms)
2026-05-07T17:22:38.5942375Z [----------] 5 tests from IntegrationBatchnormInferenceDescriptorLifting (0 ms total)
2026-05-07T17:22:38.5942745Z 
2026-05-07T17:22:38.5942966Z [----------] 2 tests from IntegrationBatchnormInferenceDescriptorLowering
2026-05-07T17:22:38.5943748Z [ RUN      ] IntegrationBatchnormInferenceDescriptorLowering.BnInferenceGraphRoundTrip
2026-05-07T17:22:38.5944497Z [       OK ] IntegrationBatchnormInferenceDescriptorLowering.BnInferenceGraphRoundTrip (0 ms)
2026-05-07T17:22:38.5945432Z [ RUN      ] IntegrationBatchnormInferenceDescriptorLowering.AutoAssignedUidsPreservedInRoundTrip
2026-05-07T17:22:38.5946299Z [       OK ] IntegrationBatchnormInferenceDescriptorLowering.AutoAssignedUidsPreservedInRoundTrip (0 ms)
2026-05-07T17:22:38.5947084Z [----------] 2 tests from IntegrationBatchnormInferenceDescriptorLowering (0 ms total)
2026-05-07T17:22:38.5947445Z 
2026-05-07T17:22:38.5947722Z [----------] 5 tests from IntegrationBatchnormInferenceVarianceExtDescriptorLifting
2026-05-07T17:22:38.5948526Z [ RUN      ] IntegrationBatchnormInferenceVarianceExtDescriptorLifting.BasicBatchnormInferenceVarianceExtRoundTrip
2026-05-07T17:22:38.5949650Z [       OK ] IntegrationBatchnormInferenceVarianceExtDescriptorLifting.BasicBatchnormInferenceVarianceExtRoundTrip (0 ms)
2026-05-07T17:22:38.5950901Z [ RUN      ] IntegrationBatchnormInferenceVarianceExtDescriptorLifting.BatchnormInferenceVarianceExtTensorSharingPreserved
2026-05-07T17:22:38.5952128Z [       OK ] IntegrationBatchnormInferenceVarianceExtDescriptorLifting.BatchnormInferenceVarianceExtTensorSharingPreserved (0 ms)
2026-05-07T17:22:38.5953353Z [ RUN      ] IntegrationBatchnormInferenceVarianceExtDescriptorLifting.BatchnormInferenceVarianceExtLiftWithoutFinalization
2026-05-07T17:22:38.5954554Z [       OK ] IntegrationBatchnormInferenceVarianceExtDescriptorLifting.BatchnormInferenceVarianceExtLiftWithoutFinalization (0 ms)
2026-05-07T17:22:38.5955769Z [ RUN      ] IntegrationBatchnormInferenceVarianceExtDescriptorLifting.AutoAssignedUidsPreservedInLiftingRoundTrip
2026-05-07T17:22:38.5956934Z [       OK ] IntegrationBatchnormInferenceVarianceExtDescriptorLifting.AutoAssignedUidsPreservedInLiftingRoundTrip (0 ms)
2026-05-07T17:22:38.5957964Z [ RUN      ] IntegrationBatchnormInferenceVarianceExtDescriptorLifting.JsonRoundTripWithHandle
2026-05-07T17:22:38.5958851Z [       OK ] IntegrationBatchnormInferenceVarianceExtDescriptorLifting.JsonRoundTripWithHandle (0 ms)
2026-05-07T17:22:38.5959692Z [----------] 5 tests from IntegrationBatchnormInferenceVarianceExtDescriptorLifting (0 ms total)
2026-05-07T17:22:38.5960138Z 
2026-05-07T17:22:38.5960326Z [----------] 2 tests from IntegrationBnInfVarExtDescriptorLowering
2026-05-07T17:22:38.5960897Z [ RUN      ] IntegrationBnInfVarExtDescriptorLowering.BnInfVarExtGraphRoundTrip
2026-05-07T17:22:38.5961554Z [       OK ] IntegrationBnInfVarExtDescriptorLowering.BnInfVarExtGraphRoundTrip (0 ms)
2026-05-07T17:22:38.5962324Z [ RUN      ] IntegrationBnInfVarExtDescriptorLowering.AutoAssignedUidsPreservedInRoundTrip
2026-05-07T17:22:38.5963398Z [       OK ] IntegrationBnInfVarExtDescriptorLowering.AutoAssignedUidsPreservedInRoundTrip (0 ms)
2026-05-07T17:22:38.5964143Z [----------] 2 tests from IntegrationBnInfVarExtDescriptorLowering (0 ms total)
2026-05-07T17:22:38.5964505Z 
2026-05-07T17:22:38.5964740Z [----------] 5 tests from IntegrationBlockScaleDequantizeDescriptorLifting
2026-05-07T17:22:38.5965539Z [ RUN      ] IntegrationBlockScaleDequantizeDescriptorLifting.BasicBlockScaleDequantizeRoundTrip
2026-05-07T17:22:38.5966464Z [       OK ] IntegrationBlockScaleDequantizeDescriptorLifting.BasicBlockScaleDequantizeRoundTrip (0 ms)
2026-05-07T17:22:38.5967443Z [ RUN      ] IntegrationBlockScaleDequantizeDescriptorLifting.BlockScaleDequantizeTensorSharingPreserved
2026-05-07T17:22:38.5968468Z [       OK ] IntegrationBlockScaleDequantizeDescriptorLifting.BlockScaleDequantizeTensorSharingPreserved (0 ms)
2026-05-07T17:22:38.5969492Z [ RUN      ] IntegrationBlockScaleDequantizeDescriptorLifting.BlockScaleDequantizeLiftWithoutFinalization
2026-05-07T17:22:38.5970515Z [       OK ] IntegrationBlockScaleDequantizeDescriptorLifting.BlockScaleDequantizeLiftWithoutFinalization (0 ms)
2026-05-07T17:22:38.5971484Z [ RUN      ] IntegrationBlockScaleDequantizeDescriptorLifting.IsNegativeScalePreservedInLiftingRoundTrip
2026-05-07T17:22:38.5972686Z [       OK ] IntegrationBlockScaleDequantizeDescriptorLifting.IsNegativeScalePreservedInLiftingRoundTrip (0 ms)
2026-05-07T17:22:38.5973666Z [ RUN      ] IntegrationBlockScaleDequantizeDescriptorLifting.AutoAssignedUidsPreservedInRoundTrip
2026-05-07T17:22:38.5974632Z [       OK ] IntegrationBlockScaleDequantizeDescriptorLifting.AutoAssignedUidsPreservedInRoundTrip (0 ms)
2026-05-07T17:22:38.5975453Z [----------] 5 tests from IntegrationBlockScaleDequantizeDescriptorLifting (0 ms total)
2026-05-07T17:22:38.5975846Z 
2026-05-07T17:22:38.5976083Z [----------] 2 tests from IntegrationBlockScaleDequantizeDescriptorLowering
2026-05-07T17:22:38.5976838Z [ RUN      ] IntegrationBlockScaleDequantizeDescriptorLowering.BlockScaleDequantizeGraphRoundTrip
2026-05-07T17:22:38.5977794Z [       OK ] IntegrationBlockScaleDequantizeDescriptorLowering.BlockScaleDequantizeGraphRoundTrip (0 ms)
2026-05-07T17:22:38.5978756Z [ RUN      ] IntegrationBlockScaleDequantizeDescriptorLowering.AutoAssignedUidsPreservedInRoundTrip
2026-05-07T17:22:38.5979721Z [       OK ] IntegrationBlockScaleDequantizeDescriptorLowering.AutoAssignedUidsPreservedInRoundTrip (0 ms)
2026-05-07T17:22:38.5980570Z [----------] 2 tests from IntegrationBlockScaleDequantizeDescriptorLowering (0 ms total)
2026-05-07T17:22:38.5980971Z 
2026-05-07T17:22:38.5981190Z [----------] 5 tests from IntegrationBlockScaleQuantizeDescriptorLifting
2026-05-07T17:22:38.5981795Z [ RUN      ] IntegrationBlockScaleQuantizeDescriptorLifting.BasicBsqRoundTrip
2026-05-07T17:22:38.5982465Z [       OK ] IntegrationBlockScaleQuantizeDescriptorLifting.BasicBsqRoundTrip (0 ms)
2026-05-07T17:22:38.5983248Z [ RUN      ] IntegrationBlockScaleQuantizeDescriptorLifting.BsqWithAxisAndTransposePreserved
2026-05-07T17:22:38.5984110Z [       OK ] IntegrationBlockScaleQuantizeDescriptorLifting.BsqWithAxisAndTransposePreserved (0 ms)
2026-05-07T17:22:38.5984908Z [ RUN      ] IntegrationBlockScaleQuantizeDescriptorLifting.BsqTensorSharingPreserved
2026-05-07T17:22:38.5985734Z [       OK ] IntegrationBlockScaleQuantizeDescriptorLifting.BsqTensorSharingPreserved (0 ms)
2026-05-07T17:22:38.5986555Z [ RUN      ] IntegrationBlockScaleQuantizeDescriptorLifting.AutoAssignedUidsPreservedInRoundTrip
2026-05-07T17:22:38.5987463Z [       OK ] IntegrationBlockScaleQuantizeDescriptorLifting.AutoAssignedUidsPreservedInRoundTrip (0 ms)
2026-05-07T17:22:38.5988316Z [ RUN      ] IntegrationBlockScaleQuantizeDescriptorLifting.BsqLiftWithoutFinalization
2026-05-07T17:22:38.5989148Z [       OK ] IntegrationBlockScaleQuantizeDescriptorLifting.BsqLiftWithoutFinalization (0 ms)
2026-05-07T17:22:38.5989891Z [----------] 5 tests from IntegrationBlockScaleQuantizeDescriptorLifting (0 ms total)
2026-05-07T17:22:38.5990273Z 
2026-05-07T17:22:38.5990666Z [----------] 3 tests from IntegrationBlockScaleQuantizeDescriptorLowering
2026-05-07T17:22:38.5991367Z [ RUN      ] IntegrationBlockScaleQuantizeDescriptorLowering.BlockScaleQuantizeGraphRoundTrip
2026-05-07T17:22:38.5992281Z [       OK ] IntegrationBlockScaleQuantizeDescriptorLowering.BlockScaleQuantizeGraphRoundTrip (0 ms)
2026-05-07T17:22:38.5993327Z [ RUN      ] IntegrationBlockScaleQuantizeDescriptorLowering.BlockScaleQuantizeGraphRoundTripWithAxisAndTranspose
2026-05-07T17:22:38.5994562Z [       OK ] IntegrationBlockScaleQuantizeDescriptorLowering.BlockScaleQuantizeGraphRoundTripWithAxisAndTranspose (0 ms)
2026-05-07T17:22:38.5995550Z [ RUN      ] IntegrationBlockScaleQuantizeDescriptorLowering.AutoAssignedUidsPreservedInRoundTrip
2026-05-07T17:22:38.5996463Z [       OK ] IntegrationBlockScaleQuantizeDescriptorLowering.AutoAssignedUidsPreservedInRoundTrip (0 ms)
2026-05-07T17:22:38.5997380Z [----------] 3 tests from IntegrationBlockScaleQuantizeDescriptorLowering (0 ms total)
2026-05-07T17:22:38.5997760Z 
2026-05-07T17:22:38.5997938Z [----------] 5 tests from IntegrationConvFpropDescriptorLifting
2026-05-07T17:22:38.5998467Z [ RUN      ] IntegrationConvFpropDescriptorLifting.BasicConvFpropRoundTrip
2026-05-07T17:22:38.5999275Z [       OK ] IntegrationConvFpropDescriptorLifting.BasicConvFpropRoundTrip (0 ms)
2026-05-07T17:22:38.5999797Z [ RUN      ] IntegrationConvFpropDescriptorLifting.ConvFpropAsymmetricPaddingPreserved
2026-05-07T17:22:38.6000605Z [       OK ] IntegrationConvFpropDescriptorLifting.ConvFpropAsymmetricPaddingPreserved (0 ms)
2026-05-07T17:22:38.6001310Z [ RUN      ] IntegrationConvFpropDescriptorLifting.ConvFpropTensorSharingPreserved
2026-05-07T17:22:38.6002069Z [       OK ] IntegrationConvFpropDescriptorLifting.ConvFpropTensorSharingPreserved (0 ms)
2026-05-07T17:22:38.6002746Z [ RUN      ] IntegrationConvFpropDescriptorLifting.ConvFpropAutoAssignedUidsPreserved
2026-05-07T17:22:38.6003542Z [       OK ] IntegrationConvFpropDescriptorLifting.ConvFpropAutoAssignedUidsPreserved (0 ms)
2026-05-07T17:22:38.6004270Z [ RUN      ] IntegrationConvFpropDescriptorLifting.ConvFpropLiftWithoutFinalization
2026-05-07T17:22:38.6005019Z [       OK ] IntegrationConvFpropDescriptorLifting.ConvFpropLiftWithoutFinalization (0 ms)
2026-05-07T17:22:38.6005782Z [----------] 5 tests from IntegrationConvFpropDescriptorLifting (0 ms total)
2026-05-07T17:22:38.6006092Z 
2026-05-07T17:22:38.6006290Z [----------] 2 tests from IntegrationConvFpropDescriptorLowering
2026-05-07T17:22:38.6006712Z [ RUN      ] IntegrationConvFpropDescriptorLowering.ConvFpropGraphRoundTrip
2026-05-07T17:22:38.6007310Z [       OK ] IntegrationConvFpropDescriptorLowering.ConvFpropGraphRoundTrip (0 ms)
2026-05-07T17:22:38.6007958Z [ RUN      ] IntegrationConvFpropDescriptorLowering.AutoAssignedUidsPreservedInRoundTrip
2026-05-07T17:22:38.6008657Z [       OK ] IntegrationConvFpropDescriptorLowering.AutoAssignedUidsPreservedInRoundTrip (0 ms)
2026-05-07T17:22:38.6009417Z [----------] 2 tests from IntegrationConvFpropDescriptorLowering (0 ms total)
2026-05-07T17:22:38.6009810Z 
2026-05-07T17:22:38.6010028Z [----------] 2 tests from IntegrationConvolutionDgradDescriptorLowering
2026-05-07T17:22:38.6010567Z [ RUN      ] IntegrationConvolutionDgradDescriptorLowering.ConvDgradGraphRoundTrip
2026-05-07T17:22:38.6011295Z [       OK ] IntegrationConvolutionDgradDescriptorLowering.ConvDgradGraphRoundTrip (0 ms)
2026-05-07T17:22:38.6011996Z [ RUN      ] IntegrationConvolutionDgradDescriptorLowering.AutoAssignedUidsPreservedInRoundTrip
2026-05-07T17:22:38.6012916Z [       OK ] IntegrationConvolutionDgradDescriptorLowering.AutoAssignedUidsPreservedInRoundTrip (0 ms)
2026-05-07T17:22:38.6013741Z [----------] 2 tests from IntegrationConvolutionDgradDescriptorLowering (0 ms total)
2026-05-07T17:22:38.6014149Z 
2026-05-07T17:22:38.6014352Z [----------] 6 tests from IntegrationConvolutionBwdDescriptorLifting
2026-05-07T17:22:38.6014959Z [ RUN      ] IntegrationConvolutionBwdDescriptorLifting.BasicConvolutionBwdRoundTrip
2026-05-07T17:22:38.6015885Z [       OK ] IntegrationConvolutionBwdDescriptorLifting.BasicConvolutionBwdRoundTrip (0 ms)
2026-05-07T17:22:38.6016726Z [ RUN      ] IntegrationConvolutionBwdDescriptorLifting.ConvolutionBwdTensorSharingPreserved
2026-05-07T17:22:38.6017643Z [       OK ] IntegrationConvolutionBwdDescriptorLifting.ConvolutionBwdTensorSharingPreserved (0 ms)
2026-05-07T17:22:38.6018534Z [ RUN      ] IntegrationConvolutionBwdDescriptorLifting.ConvolutionBwdLiftWithoutFinalization
2026-05-07T17:22:38.6019407Z [       OK ] IntegrationConvolutionBwdDescriptorLifting.ConvolutionBwdLiftWithoutFinalization (0 ms)
2026-05-07T17:22:38.6020237Z [ RUN      ] IntegrationConvolutionBwdDescriptorLifting.AutoAssignedUidsPreservedInLiftingRoundTrip
2026-05-07T17:22:38.6021086Z [       OK ] IntegrationConvolutionBwdDescriptorLifting.AutoAssignedUidsPreservedInLiftingRoundTrip (0 ms)
2026-05-07T17:22:38.6022052Z [ RUN      ] IntegrationConvolutionBwdDescriptorLifting.AsymmetricPaddingPreservedInLiftingRoundTrip
2026-05-07T17:22:38.6023018Z [       OK ] IntegrationConvolutionBwdDescriptorLifting.AsymmetricPaddingPreservedInLiftingRoundTrip (0 ms)
2026-05-07T17:22:38.6023939Z [ RUN      ] IntegrationConvolutionBwdDescriptorLifting.JsonRoundTripWithHandle
2026-05-07T17:22:38.6024618Z [       OK ] IntegrationConvolutionBwdDescriptorLifting.JsonRoundTripWithHandle (0 ms)
2026-05-07T17:22:38.6025318Z [----------] 6 tests from IntegrationConvolutionBwdDescriptorLifting (0 ms total)
2026-05-07T17:22:38.6025696Z 
2026-05-07T17:22:38.6025908Z [----------] 6 tests from IntegrationConvolutionWgradDescriptorLifting
2026-05-07T17:22:38.6026564Z [ RUN      ] IntegrationConvolutionWgradDescriptorLifting.BasicConvolutionWrwRoundTrip
2026-05-07T17:22:38.6027218Z [       OK ] IntegrationConvolutionWgradDescriptorLifting.BasicConvolutionWrwRoundTrip (0 ms)
2026-05-07T17:22:38.6028052Z [ RUN      ] IntegrationConvolutionWgradDescriptorLifting.ConvolutionWrwTensorSharingPreserved
2026-05-07T17:22:38.6028900Z [       OK ] IntegrationConvolutionWgradDescriptorLifting.ConvolutionWrwTensorSharingPreserved (0 ms)
2026-05-07T17:22:38.6029557Z [ RUN      ] IntegrationConvolutionWgradDescriptorLifting.ConvolutionWrwLiftWithoutFinalization
2026-05-07T17:22:38.6030412Z [       OK ] IntegrationConvolutionWgradDescriptorLifting.ConvolutionWrwLiftWithoutFinalization (0 ms)
2026-05-07T17:22:38.6031154Z [ RUN      ] IntegrationConvolutionWgradDescriptorLifting.AutoAssignedUidsPreservedInLiftingRoundTrip
2026-05-07T17:22:38.6032162Z [       OK ] IntegrationConvolutionWgradDescriptorLifting.AutoAssignedUidsPreservedInLiftingRoundTrip (0 ms)
2026-05-07T17:22:38.6032845Z [ RUN      ] IntegrationConvolutionWgradDescriptorLifting.AsymmetricPaddingPreservedInLiftingRoundTrip
2026-05-07T17:22:38.6033661Z [       OK ] IntegrationConvolutionWgradDescriptorLifting.AsymmetricPaddingPreservedInLiftingRoundTrip (0 ms)
2026-05-07T17:22:38.6034304Z [ RUN      ] IntegrationConvolutionWgradDescriptorLifting.JsonRoundTripWithHandle
2026-05-07T17:22:38.6034844Z [       OK ] IntegrationConvolutionWgradDescriptorLifting.JsonRoundTripWithHandle (0 ms)
2026-05-07T17:22:38.6035560Z [----------] 6 tests from IntegrationConvolutionWgradDescriptorLifting (0 ms total)
2026-05-07T17:22:38.6035869Z 
2026-05-07T17:22:38.6036001Z [----------] 2 tests from IntegrationConvolutionWgradDescriptorLowering
2026-05-07T17:22:38.6036374Z [ RUN      ] IntegrationConvolutionWgradDescriptorLowering.ConvWgradGraphRoundTrip
2026-05-07T17:22:38.6036998Z [       OK ] IntegrationConvolutionWgradDescriptorLowering.ConvWgradGraphRoundTrip (0 ms)
2026-05-07T17:22:38.6037790Z [ RUN      ] IntegrationConvolutionWgradDescriptorLowering.AutoAssignedUidsPreservedInRoundTrip
2026-05-07T17:22:38.6038686Z [       OK ] IntegrationConvolutionWgradDescriptorLowering.AutoAssignedUidsPreservedInRoundTrip (0 ms)
2026-05-07T17:22:38.6039439Z [----------] 2 tests from IntegrationConvolutionWgradDescriptorLowering (0 ms total)
2026-05-07T17:22:38.6039762Z 
2026-05-07T17:22:38.6040102Z [----------] 7 tests from IntegrationCustomOpDescriptorLifting
2026-05-07T17:22:38.6040618Z [ RUN      ] IntegrationCustomOpDescriptorLifting.BasicCustomOpRoundTrip
2026-05-07T17:22:38.6041047Z [       OK ] IntegrationCustomOpDescriptorLifting.BasicCustomOpRoundTrip (0 ms)
2026-05-07T17:22:38.6041614Z [ RUN      ] IntegrationCustomOpDescriptorLifting.CustomOpTensorSharingPreserved
2026-05-07T17:22:38.6042332Z [       OK ] IntegrationCustomOpDescriptorLifting.CustomOpTensorSharingPreserved (0 ms)
2026-05-07T17:22:38.6043039Z [ RUN      ] IntegrationCustomOpDescriptorLifting.AutoAssignedUidsPreservedInRoundTrip
2026-05-07T17:22:38.6043706Z [       OK ] IntegrationCustomOpDescriptorLifting.AutoAssignedUidsPreservedInRoundTrip (0 ms)
2026-05-07T17:22:38.6044447Z [ RUN      ] IntegrationCustomOpDescriptorLifting.CustomOpLiftWithoutFinalization
2026-05-07T17:22:38.6045187Z [       OK ] IntegrationCustomOpDescriptorLifting.CustomOpLiftWithoutFinalization (0 ms)
2026-05-07T17:22:38.6046002Z [ RUN      ] IntegrationCustomOpDescriptorLifting.SingleInputTwoOutputsRoundTrip
2026-05-07T17:22:38.6046719Z [       OK ] IntegrationCustomOpDescriptorLifting.SingleInputTwoOutputsRoundTrip (0 ms)
2026-05-07T17:22:38.6047523Z [ RUN      ] IntegrationCustomOpDescriptorLifting.ZeroInputCustomOpRoundTrip
2026-05-07T17:22:38.6048183Z [       OK ] IntegrationCustomOpDescriptorLifting.ZeroInputCustomOpRoundTrip (0 ms)
2026-05-07T17:22:38.6048648Z [ RUN      ] IntegrationCustomOpDescriptorLifting.ZeroOutputCustomOpRoundTrip
2026-05-07T17:22:38.6049191Z [       OK ] IntegrationCustomOpDescriptorLifting.ZeroOutputCustomOpRoundTrip (0 ms)
2026-05-07T17:22:38.6049550Z [----------] 7 tests from IntegrationCustomOpDescriptorLifting (0 ms total)
2026-05-07T17:22:38.6049739Z 
2026-05-07T17:22:38.6049848Z [----------] 4 tests from IntegrationCustomOpDescriptorLowering
2026-05-07T17:22:38.6050158Z [ RUN      ] IntegrationCustomOpDescriptorLowering.CustomOpGraphRoundTrip
2026-05-07T17:22:38.6050522Z [       OK ] IntegrationCustomOpDescriptorLowering.CustomOpGraphRoundTrip (0 ms)
2026-05-07T17:22:38.6050876Z [ RUN      ] IntegrationCustomOpDescriptorLowering.MinimalCustomOpRoundTrip
2026-05-07T17:22:38.6051251Z [       OK ] IntegrationCustomOpDescriptorLowering.MinimalCustomOpRoundTrip (0 ms)
2026-05-07T17:22:38.6051663Z [ RUN      ] IntegrationCustomOpDescriptorLowering.AutoAssignedUidsPreservedInRoundTrip
2026-05-07T17:22:38.6052123Z [       OK ] IntegrationCustomOpDescriptorLowering.AutoAssignedUidsPreservedInRoundTrip (0 ms)
2026-05-07T17:22:38.6052579Z [ RUN      ] IntegrationCustomOpDescriptorLowering.ZeroInputZeroOutputCustomOpRoundTrip
2026-05-07T17:22:38.6053119Z [       OK ] IntegrationCustomOpDescriptorLowering.ZeroInputZeroOutputCustomOpRoundTrip (0 ms)
2026-05-07T17:22:38.6053513Z [----------] 4 tests from IntegrationCustomOpDescriptorLowering (0 ms total)
2026-05-07T17:22:38.6053703Z 
2026-05-07T17:22:38.6053804Z [----------] 14 tests from IntegrationFrontendUserLogging
2026-05-07T17:22:38.6054104Z [ RUN      ] IntegrationFrontendUserLogging.FrontendLogsProducedOnUserCallback
2026-05-07T17:22:38.6054484Z [       OK ] IntegrationFrontendUserLogging.FrontendLogsProducedOnUserCallback (0 ms)
2026-05-07T17:22:38.6054852Z [ RUN      ] IntegrationFrontendUserLogging.LogLevelControlsFrontendLogs
2026-05-07T17:22:38.6055190Z [       OK ] IntegrationFrontendUserLogging.LogLevelControlsFrontendLogs (0 ms)
2026-05-07T17:22:38.6055529Z [ RUN      ] IntegrationFrontendUserLogging.LogLevelOffFiltersAllLogs
2026-05-07T17:22:38.6055897Z [       OK ] IntegrationFrontendUserLogging.LogLevelOffFiltersAllLogs (103 ms)
2026-05-07T17:22:38.6056393Z [ RUN      ] IntegrationFrontendUserLogging.UnregisterWithSevOffStopsCallbacks
2026-05-07T17:22:38.6057026Z [       OK ] IntegrationFrontendUserLogging.UnregisterWithSevOffStopsCallbacks (110 ms)
2026-05-07T17:22:38.6057476Z [ RUN      ] IntegrationFrontendUserLogging.CallbackLevelFiltersIndependently
2026-05-07T17:22:38.6058070Z [       OK ] IntegrationFrontendUserLogging.CallbackLevelFiltersIndependently (0 ms)
2026-05-07T17:22:38.6058530Z [ RUN      ] IntegrationFrontendUserLogging.SyncCallbackExecutesImmediately
2026-05-07T17:22:38.6059013Z [       OK ] IntegrationFrontendUserLogging.SyncCallbackExecutesImmediately (0 ms)
2026-05-07T17:22:38.6059513Z [ RUN      ] IntegrationFrontendUserLogging.AsyncCallbackQueuesLogs
2026-05-07T17:22:38.6059888Z [       OK ] IntegrationFrontendUserLogging.AsyncCallbackQueuesLogs (0 ms)
2026-05-07T17:22:38.6060200Z [ RUN      ] IntegrationFrontendUserLogging.UpdateCallbackLevel
2026-05-07T17:22:38.6060589Z [       OK ] IntegrationFrontendUserLogging.UpdateCallbackLevel (0 ms)
2026-05-07T17:22:38.6061049Z [ RUN      ] IntegrationFrontendUserLogging.SwitchBetweenSyncAndAsync
2026-05-07T17:22:38.6061502Z [       OK ] IntegrationFrontendUserLogging.SwitchBetweenSyncAndAsync (0 ms)
2026-05-07T17:22:38.6061930Z [ RUN      ] IntegrationFrontendUserLogging.SwitchBetweenAsyncAndSync
2026-05-07T17:22:38.6062258Z [       OK ] IntegrationFrontendUserLogging.SwitchBetweenAsyncAndSync (0 ms)
2026-05-07T17:22:38.6062569Z [ RUN      ] IntegrationFrontendUserLogging.RejectsNullCallback
2026-05-07T17:22:38.6062916Z [       OK ] IntegrationFrontendUserLogging.RejectsNullCallback (0 ms)
2026-05-07T17:22:38.6063381Z [ RUN      ] IntegrationFrontendUserLogging.RejectsNullHandle
2026-05-07T17:22:38.6063730Z [       OK ] IntegrationFrontendUserLogging.RejectsNullHandle (0 ms)
2026-05-07T17:22:38.6064058Z [ RUN      ] IntegrationFrontendUserLogging.SyncGuaranteeOnUnregister
2026-05-07T17:22:38.6064449Z [       OK ] IntegrationFrontendUserLogging.SyncGuaranteeOnUnregister (125 ms)
2026-05-07T17:22:38.6064801Z [ RUN      ] IntegrationFrontendUserLogging.MultipleCallbacksAllReceiveLogs
2026-05-07T17:22:38.6065231Z [       OK ] IntegrationFrontendUserLogging.MultipleCallbacksAllReceiveLogs (110 ms)
2026-05-07T17:22:38.6065671Z [----------] 14 tests from IntegrationFrontendUserLogging (451 ms total)
2026-05-07T17:22:38.6065849Z 
2026-05-07T17:22:38.6065961Z [----------] 15 tests from IntegrationGraphKnobsApi
2026-05-07T17:22:38.6066308Z [ RUN      ] IntegrationGraphKnobsApi.QueryKnobsFromEngine/KnobsPluginHasFiveKnobs
2026-05-07T17:22:38.6066704Z [       OK ] IntegrationGraphKnobsApi.QueryKnobsFromEngine/KnobsPluginHasFiveKnobs (2 ms)
2026-05-07T17:22:38.6067101Z [ RUN      ] IntegrationGraphKnobsApi.QueryKnobsFromEngine/GoodPluginHasNoKnobs
2026-05-07T17:22:38.6067613Z [       OK ] IntegrationGraphKnobsApi.QueryKnobsFromEngine/GoodPluginHasNoKnobs (0 ms)
2026-05-07T17:22:38.6068111Z [ RUN      ] IntegrationGraphKnobsApi.QueryKnobsFromEngine/KnobsPluginEngineBHasThreeKnobs
2026-05-07T17:22:38.6068677Z [       OK ] IntegrationGraphKnobsApi.QueryKnobsFromEngine/KnobsPluginEngineBHasThreeKnobs (0 ms)
2026-05-07T17:22:38.6069280Z [ RUN      ] IntegrationGraphKnobsApi.CreateExecutionPlanWithEmptyKnobs/KnobsPluginHasFiveKnobs
2026-05-07T17:22:38.6070089Z [       OK ] IntegrationGraphKnobsApi.CreateExecutionPlanWithEmptyKnobs/KnobsPluginHasFiveKnobs (0 ms)
2026-05-07T17:22:38.6070847Z [ RUN      ] IntegrationGraphKnobsApi.CreateExecutionPlanWithEmptyKnobs/GoodPluginHasNoKnobs
2026-05-07T17:22:38.6071604Z [       OK ] IntegrationGraphKnobsApi.CreateExecutionPlanWithEmptyKnobs/GoodPluginHasNoKnobs (0 ms)
2026-05-07T17:22:38.6072421Z [ RUN      ] IntegrationGraphKnobsApi.CreateExecutionPlanWithEmptyKnobs/KnobsPluginEngineBHasThreeKnobs
2026-05-07T17:22:38.6073275Z [       OK ] IntegrationGraphKnobsApi.CreateExecutionPlanWithEmptyKnobs/KnobsPluginEngineBHasThreeKnobs (0 ms)
2026-05-07T17:22:38.6073949Z [ RUN      ] IntegrationGraphKnobsApi.CreateExecutionPlanWithValidKnobs
2026-05-07T17:22:38.6074509Z [       OK ] IntegrationGraphKnobsApi.CreateExecutionPlanWithValidKnobs (0 ms)
2026-05-07T17:22:38.6075127Z [ RUN      ] IntegrationGraphKnobsApi.CreateExecutionPlanWithValidBoundaryKnobs
2026-05-07T17:22:38.6075763Z [       OK ] IntegrationGraphKnobsApi.CreateExecutionPlanWithValidBoundaryKnobs (0 ms)
2026-05-07T17:22:38.6076523Z [ RUN      ] IntegrationGraphKnobsApi.CreateExecutionPlanWithOutOfRangeIntKnob
2026-05-07T17:22:38.6077169Z [       OK ] IntegrationGraphKnobsApi.CreateExecutionPlanWithOutOfRangeIntKnob (0 ms)
2026-05-07T17:22:38.6077843Z [ RUN      ] IntegrationGraphKnobsApi.CreateExecutionPlanWithMisalignedIntKnobStep
2026-05-07T17:22:38.6078554Z [       OK ] IntegrationGraphKnobsApi.CreateExecutionPlanWithMisalignedIntKnobStep (0 ms)
2026-05-07T17:22:38.6079224Z [ RUN      ] IntegrationGraphKnobsApi.CreateExecutionPlanWithInvalidStringKnob
2026-05-07T17:22:38.6079871Z [       OK ] IntegrationGraphKnobsApi.CreateExecutionPlanWithInvalidStringKnob (0 ms)
2026-05-07T17:22:38.6080493Z [ RUN      ] IntegrationGraphKnobsApi.CreateExecutionPlanWithUnsupportedKnob
2026-05-07T17:22:38.6081127Z [       OK ] IntegrationGraphKnobsApi.CreateExecutionPlanWithUnsupportedKnob (0 ms)
2026-05-07T17:22:38.6081786Z [ RUN      ] IntegrationGraphKnobsApi.CreateExecutionPlanWithDeprecatedKnob
2026-05-07T17:22:38.6082388Z [       OK ] IntegrationGraphKnobsApi.CreateExecutionPlanWithDeprecatedKnob (0 ms)
2026-05-07T17:22:38.6083021Z [ RUN      ] IntegrationGraphKnobsApi.CreateExecutionPlanWithSharedKnob
2026-05-07T17:22:38.6083558Z [       OK ] IntegrationGraphKnobsApi.CreateExecutionPlanWithSharedKnob (0 ms)
2026-05-07T17:22:38.6084119Z [ RUN      ] IntegrationGraphKnobsApi.QueryKnobsBeforeGraphBuilt
2026-05-07T17:22:38.6084558Z [       OK ] IntegrationGraphKnobsApi.QueryKnobsBeforeGraphBuilt (0 ms)
2026-05-07T17:22:38.6085023Z [----------] 15 tests from IntegrationGraphKnobsApi (3 ms total)
2026-05-07T17:22:38.6085288Z 
2026-05-07T17:22:38.6085465Z [----------] 8 tests from IntegrationGraphKnobsDescriptorLowering
2026-05-07T17:22:38.6086014Z [ RUN      ] IntegrationGraphKnobsDescriptorLowering.CreateExecutionPlanWithIntKnob
2026-05-07T17:22:38.6086716Z [       OK ] IntegrationGraphKnobsDescriptorLowering.CreateExecutionPlanWithIntKnob (0 ms)
2026-05-07T17:22:38.6087442Z [ RUN      ] IntegrationGraphKnobsDescriptorLowering.CreateExecutionPlanWithFloatKnob
2026-05-07T17:22:38.6088143Z [       OK ] IntegrationGraphKnobsDescriptorLowering.CreateExecutionPlanWithFloatKnob (0 ms)
2026-05-07T17:22:38.6088860Z [ RUN      ] IntegrationGraphKnobsDescriptorLowering.CreateExecutionPlanWithStringKnob
2026-05-07T17:22:38.6089581Z [       OK ] IntegrationGraphKnobsDescriptorLowering.CreateExecutionPlanWithStringKnob (0 ms)
2026-05-07T17:22:38.6090351Z [ RUN      ] IntegrationGraphKnobsDescriptorLowering.CreateExecutionPlanWithMultipleKnobs
2026-05-07T17:22:38.6091133Z [       OK ] IntegrationGraphKnobsDescriptorLowering.CreateExecutionPlanWithMultipleKnobs (0 ms)
2026-05-07T17:22:38.6091870Z [ RUN      ] IntegrationGraphKnobsDescriptorLowering.CreateExecutionPlanWithSharedKnob
2026-05-07T17:22:38.6092595Z [       OK ] IntegrationGraphKnobsDescriptorLowering.CreateExecutionPlanWithSharedKnob (0 ms)
2026-05-07T17:22:38.6093358Z [ RUN      ] IntegrationGraphKnobsDescriptorLowering.CreateExecutionPlanWithDeprecatedKnob
2026-05-07T17:22:38.6094154Z [       OK ] IntegrationGraphKnobsDescriptorLowering.CreateExecutionPlanWithDeprecatedKnob (0 ms)
2026-05-07T17:22:38.6094909Z [ RUN      ] IntegrationGraphKnobsDescriptorLowering.CreateExecutionPlanWithEmptyKnobs
2026-05-07T17:22:38.6095642Z [       OK ] IntegrationGraphKnobsDescriptorLowering.CreateExecutionPlanWithEmptyKnobs (0 ms)
2026-05-07T17:22:38.6096471Z [ RUN      ] IntegrationGraphKnobsDescriptorLowering.CreateExecutionPlanFiltersUnsupportedKnob
2026-05-07T17:22:38.6097416Z [       OK ] IntegrationGraphKnobsDescriptorLowering.CreateExecutionPlanFiltersUnsupportedKnob (0 ms)
2026-05-07T17:22:38.6098285Z [----------] 8 tests from IntegrationGraphKnobsDescriptorLowering (1 ms total)
2026-05-07T17:22:38.6098637Z 
2026-05-07T17:22:38.6098834Z [----------] 5 tests from IntegrationGraphKnobsDescriptorLifting
2026-05-07T17:22:38.6099452Z [ RUN      ] IntegrationGraphKnobsDescriptorLifting.KnobsPluginHasExpectedKnobs
2026-05-07T17:22:38.6100236Z [       OK ] IntegrationGraphKnobsDescriptorLifting.KnobsPluginHasExpectedKnobs (2 ms)
2026-05-07T17:22:38.6100964Z [ RUN      ] IntegrationGraphKnobsDescriptorLifting.EngineBKnobs
2026-05-07T17:22:38.6101572Z [       OK ] IntegrationGraphKnobsDescriptorLifting.EngineBKnobs (0 ms)
2026-05-07T17:22:38.6102172Z [ RUN      ] IntegrationGraphKnobsDescriptorLifting.EngineWithNoKnobs
2026-05-07T17:22:38.6102839Z [       OK ] IntegrationGraphKnobsDescriptorLifting.EngineWithNoKnobs (0 ms)
2026-05-07T17:22:38.6103475Z [ RUN      ] IntegrationGraphKnobsDescriptorLifting.IntConstraintWithZeroMin
2026-05-07T17:22:38.6104160Z [       OK ] IntegrationGraphKnobsDescriptorLifting.IntConstraintWithZeroMin (0 ms)
2026-05-07T17:22:38.6104905Z [ RUN      ] IntegrationGraphKnobsDescriptorLifting.FloatConstraintWithZeroMin
2026-05-07T17:22:38.6105633Z [       OK ] IntegrationGraphKnobsDescriptorLifting.FloatConstraintWithZeroMin (0 ms)
2026-05-07T17:22:38.6106360Z [----------] 5 tests from IntegrationGraphKnobsDescriptorLifting (2 ms total)
2026-05-07T17:22:38.6106717Z 
2026-05-07T17:22:38.6106872Z [----------] 15 tests from IntegrationGraphLifting
2026-05-07T17:22:38.6129989Z [ RUN      ] IntegrationGraphLifting.ConvFpropRoundTripViaCApi
2026-05-07T17:22:38.6130537Z [       OK ] IntegrationGraphLifting.ConvFpropRoundTripViaCApi (0 ms)
2026-05-07T17:22:38.6131293Z [ RUN      ] IntegrationGraphLifting.ConvFpropTensorSharingPreserved
2026-05-07T17:22:38.6131846Z [       OK ] IntegrationGraphLifting.ConvFpropTensorSharingPreserved (0 ms)
2026-05-07T17:22:38.6132452Z [ RUN      ] IntegrationGraphLifting.PreferredEngineIdPreservedThroughCApi
2026-05-07T17:22:38.6133030Z [       OK ] IntegrationGraphLifting.PreferredEngineIdPreservedThroughCApi (0 ms)
2026-05-07T17:22:38.6133666Z [ RUN      ] IntegrationGraphLifting.NullDescriptorReturnsError
2026-05-07T17:22:38.6134078Z [       OK ] IntegrationGraphLifting.NullDescriptorReturnsError (0 ms)
2026-05-07T17:22:38.6134415Z [ RUN      ] IntegrationGraphLifting.DataTypesPreservedThroughCApi
2026-05-07T17:22:38.6135105Z [       OK ] IntegrationGraphLifting.DataTypesPreservedThroughCApi (0 ms)
2026-05-07T17:22:38.6135608Z [ RUN      ] IntegrationGraphLifting.ConvFpropLiftWithoutFinalization
2026-05-07T17:22:38.6136027Z [       OK ] IntegrationGraphLifting.ConvFpropLiftWithoutFinalization (0 ms)
2026-05-07T17:22:38.6136574Z [ RUN      ] IntegrationGraphLifting.DeserializeViaBackendWithHandle
2026-05-07T17:22:38.6137072Z [       OK ] IntegrationGraphLifting.DeserializeViaBackendWithHandle (0 ms)
2026-05-07T17:22:38.6137409Z [ RUN      ] IntegrationGraphLifting.DeserializeViaBackendWithoutHandle
2026-05-07T17:22:38.6137883Z [       OK ] IntegrationGraphLifting.DeserializeViaBackendWithoutHandle (0 ms)
2026-05-07T17:22:38.6138325Z [ RUN      ] IntegrationGraphLifting.EmptyGraphDescriptorReturnsError
2026-05-07T17:22:38.6138750Z [       OK ] IntegrationGraphLifting.EmptyGraphDescriptorReturnsError (0 ms)
2026-05-07T17:22:38.6139370Z [ RUN      ] IntegrationGraphLifting.DeserializeViaBackendCorruptDataReturnsError
2026-05-07T17:22:38.6139820Z [       OK ] IntegrationGraphLifting.DeserializeViaBackendCorruptDataReturnsError (0 ms)
2026-05-07T17:22:38.6140506Z [ RUN      ] IntegrationGraphLifting.DeserializeViaBackendEmptyDataReturnsError
2026-05-07T17:22:38.6141178Z [       OK ] IntegrationGraphLifting.DeserializeViaBackendEmptyDataReturnsError (0 ms)
2026-05-07T17:22:38.6141705Z [ RUN      ] IntegrationGraphLifting.GraphNamePreservedThroughCApi
2026-05-07T17:22:38.6142210Z [       OK ] IntegrationGraphLifting.GraphNamePreservedThroughCApi (0 ms)
2026-05-07T17:22:38.6142879Z [ RUN      ] IntegrationGraphLifting.GraphNamePreservedThroughDeserializeViaBackend
2026-05-07T17:22:38.6143537Z [       OK ] IntegrationGraphLifting.GraphNamePreservedThroughDeserializeViaBackend (0 ms)
2026-05-07T17:22:38.6144254Z [ RUN      ] IntegrationGraphLifting.PreferredEngineIdPreservedThroughDeserialize
2026-05-07T17:22:38.6144848Z [       OK ] IntegrationGraphLifting.PreferredEngineIdPreservedThroughDeserialize (0 ms)
2026-05-07T17:22:38.6145563Z [ RUN      ] IntegrationGraphLifting.JsonRoundTripWithHandle
2026-05-07T17:22:38.6145975Z [       OK ] IntegrationGraphLifting.JsonRoundTripWithHandle (0 ms)
2026-05-07T17:22:38.6146457Z [----------] 15 tests from IntegrationGraphLifting (1 ms total)
2026-05-07T17:22:38.6146660Z 
2026-05-07T17:22:38.6146807Z [----------] 6 tests from IntegrationGraphSupportCheck
2026-05-07T17:22:38.6147096Z [ RUN      ] IntegrationGraphSupportCheck.SupportedWithGoodPlugin
2026-05-07T17:22:38.6147961Z C:/home/runner/_work/rocm-libraries/rocm-libraries/projects/hipdnn/tests/frontend/IntegrationGraphSupportCheck.cpp(59): error: Value of: result.is_good()
2026-05-07T17:22:38.6148795Z   Actual: false
2026-05-07T17:22:38.6149020Z Expected: true
2026-05-07T17:22:38.6149654Z Failed to finalize engine heuristic descriptor Backend error: EngineHeuristicDescriptor::finalize() failed: No heuristic policy succeeded.
2026-05-07T17:22:38.6150302Z 
2026-05-07T17:22:38.6150558Z [  FAILED  ] IntegrationGraphSupportCheck.SupportedWithGoodPlugin (0 ms)
2026-05-07T17:22:38.6151206Z [ RUN      ] IntegrationGraphSupportCheck.NotSupportedWhenNoApplicableEngines
2026-05-07T17:22:38.6151861Z [       OK ] IntegrationGraphSupportCheck.NotSupportedWhenNoApplicableEngines (1 ms)
2026-05-07T17:22:38.6152676Z [ RUN      ] IntegrationGraphSupportCheck.SupportedWithMixedPlugins
2026-05-07T17:22:38.6153438Z C:/home/runner/_work/rocm-libraries/rocm-libraries/projects/hipdnn/tests/frontend/IntegrationGraphSupportCheck.cpp(83): error: Value of: result.is_good()
2026-05-07T17:22:38.6154211Z   Actual: false
2026-05-07T17:22:38.6154358Z Expected: true
2026-05-07T17:22:38.6154920Z Failed to finalize engine heuristic descriptor Backend error: EngineHeuristicDescriptor::finalize() failed: No heuristic policy succeeded.
2026-05-07T17:22:38.6155524Z 
2026-05-07T17:22:38.6155807Z [  FAILED  ] IntegrationGraphSupportCheck.SupportedWithMixedPlugins (1 ms)
2026-05-07T17:22:38.6156278Z [ RUN      ] IntegrationGraphSupportCheck.AutoBuildsGraphIfNotBuilt
2026-05-07T17:22:38.6157167Z C:/home/runner/_work/rocm-libraries/rocm-libraries/projects/hipdnn/tests/frontend/IntegrationGraphSupportCheck.cpp(93): error: Value of: result.is_good()
2026-05-07T17:22:38.6157810Z   Actual: false
2026-05-07T17:22:38.6158023Z Expected: true
2026-05-07T17:22:38.6158545Z Failed to finalize engine heuristic descriptor Backend error: EngineHeuristicDescriptor::finalize() failed: No heuristic policy succeeded.
2026-05-07T17:22:38.6159141Z 
2026-05-07T17:22:38.6159387Z [  FAILED  ] IntegrationGraphSupportCheck.AutoBuildsGraphIfNotBuilt (0 ms)
2026-05-07T17:22:38.6159890Z [ RUN      ] IntegrationGraphSupportCheck.SkipsBuildIfAlreadyBuilt
2026-05-07T17:22:38.6160782Z C:/home/runner/_work/rocm-libraries/rocm-libraries/projects/hipdnn/tests/frontend/IntegrationGraphSupportCheck.cpp(109): error: Value of: result.is_good()
2026-05-07T17:22:38.6161495Z   Actual: false
2026-05-07T17:22:38.6161729Z Expected: true
2026-05-07T17:22:38.6162322Z Failed to finalize engine heuristic descriptor Backend error: EngineHeuristicDescriptor::finalize() failed: No heuristic policy succeeded.
2026-05-07T17:22:38.6162900Z 
2026-05-07T17:22:38.6163131Z [  FAILED  ] IntegrationGraphSupportCheck.SkipsBuildIfAlreadyBuilt (0 ms)
2026-05-07T17:22:38.6163784Z [ RUN      ] IntegrationGraphSupportCheck.SupportedAfterIsSupportedDoesNotCorruptState
2026-05-07T17:22:38.6164805Z C:/home/runner/_work/rocm-libraries/rocm-libraries/projects/hipdnn/tests/frontend/IntegrationGraphSupportCheck.cpp(118): error: Value of: result.is_good()
2026-05-07T17:22:38.6165578Z   Actual: false
2026-05-07T17:22:38.6165779Z Expected: true
2026-05-07T17:22:38.6166486Z is_supported_ext failed: Failed to finalize engine heuristic descriptor Backend error: EngineHeuristicDescriptor::finalize() failed: No heuristic policy succeeded.
2026-05-07T17:22:38.6167218Z 
2026-05-07T17:22:38.6167601Z [  FAILED  ] IntegrationGraphSupportCheck.SupportedAfterIsSupportedDoesNotCorruptState (0 ms)
2026-05-07T17:22:38.6168193Z [----------] 6 tests from IntegrationGraphSupportCheck (4 ms total)
2026-05-07T17:22:38.6169521Z 
2026-05-07T17:22:38.6169755Z [----------] 5 tests from IntegrationLayerNormDescriptorLifting
2026-05-07T17:22:38.6170165Z [ RUN      ] IntegrationLayerNormDescriptorLifting.LayernormTrainingRoundTripViaCApi
2026-05-07T17:22:38.6170638Z [       OK ] IntegrationLayerNormDescriptorLifting.LayernormTrainingRoundTripViaCApi (0 ms)
2026-05-07T17:22:38.6171089Z [ RUN      ] IntegrationLayerNormDescriptorLifting.LayernormInferenceRoundTripViaCApi
2026-05-07T17:22:38.6171543Z [       OK ] IntegrationLayerNormDescriptorLifting.LayernormInferenceRoundTripViaCApi (0 ms)
2026-05-07T17:22:38.6172104Z [ RUN      ] IntegrationLayerNormDescriptorLifting.LayernormTensorSharingPreserved
2026-05-07T17:22:38.6172598Z [       OK ] IntegrationLayerNormDescriptorLifting.LayernormTensorSharingPreserved (0 ms)
2026-05-07T17:22:38.6173028Z [ RUN      ] IntegrationLayerNormDescriptorLifting.LayernormLiftWithoutFinalization
2026-05-07T17:22:38.6173457Z [       OK ] IntegrationLayerNormDescriptorLifting.LayernormLiftWithoutFinalization (0 ms)
2026-05-07T17:22:38.6173921Z [ RUN      ] IntegrationLayerNormDescriptorLifting.LayernormDeserializeViaBackendWithHandle
2026-05-07T17:22:38.6174718Z [       OK ] IntegrationLayerNormDescriptorLifting.LayernormDeserializeViaBackendWithHandle (0 ms)
2026-05-07T17:22:38.6175278Z [----------] 5 tests from IntegrationLayerNormDescriptorLifting (0 ms total)
2026-05-07T17:22:38.6175481Z 
2026-05-07T17:22:38.6175602Z [----------] 3 tests from IntegrationLayerNormDescriptorLowering
2026-05-07T17:22:38.6175930Z [ RUN      ] IntegrationLayerNormDescriptorLowering.LayerNormGraphRoundTrip
2026-05-07T17:22:38.6176306Z [       OK ] IntegrationLayerNormDescriptorLowering.LayerNormGraphRoundTrip (0 ms)
2026-05-07T17:22:38.6176741Z [ RUN      ] IntegrationLayerNormDescriptorLowering.AutoAssignedUidsPreservedInRoundTrip
2026-05-07T17:22:38.6177223Z [       OK ] IntegrationLayerNormDescriptorLowering.AutoAssignedUidsPreservedInRoundTrip (0 ms)
2026-05-07T17:22:38.6177687Z [ RUN      ] IntegrationLayerNormDescriptorLowering.InferenceModeOmitsMeanAndInvVariance
2026-05-07T17:22:38.6178148Z [       OK ] IntegrationLayerNormDescriptorLowering.InferenceModeOmitsMeanAndInvVariance (0 ms)
2026-05-07T17:22:38.6178557Z [----------] 3 tests from IntegrationLayerNormDescriptorLowering (0 ms total)
2026-05-07T17:22:38.6178750Z 
2026-05-07T17:22:38.6178856Z [----------] 4 tests from IntegrationMatmulDescriptorLifting
2026-05-07T17:22:38.6179139Z [ RUN      ] IntegrationMatmulDescriptorLifting.BasicMatmulRoundTrip
2026-05-07T17:22:38.6179468Z [       OK ] IntegrationMatmulDescriptorLifting.BasicMatmulRoundTrip (0 ms)
2026-05-07T17:22:38.6179924Z [ RUN      ] IntegrationMatmulDescriptorLifting.MatmulTensorSharingPreserved
2026-05-07T17:22:38.6180292Z [       OK ] IntegrationMatmulDescriptorLifting.MatmulTensorSharingPreserved (0 ms)
2026-05-07T17:22:38.6180698Z [ RUN      ] IntegrationMatmulDescriptorLifting.AutoAssignedUidsPreservedInRoundTrip
2026-05-07T17:22:38.6181334Z [       OK ] IntegrationMatmulDescriptorLifting.AutoAssignedUidsPreservedInRoundTrip (0 ms)
2026-05-07T17:22:38.6181806Z [ RUN      ] IntegrationMatmulDescriptorLifting.MatmulLiftWithoutFinalization
2026-05-07T17:22:38.6182238Z [       OK ] IntegrationMatmulDescriptorLifting.MatmulLiftWithoutFinalization (0 ms)
2026-05-07T17:22:38.6182591Z [----------] 4 tests from IntegrationMatmulDescriptorLifting (0 ms total)
2026-05-07T17:22:38.6182777Z 
2026-05-07T17:22:38.6182887Z [----------] 2 tests from IntegrationMatmulDescriptorLowering
2026-05-07T17:22:38.6183177Z [ RUN      ] IntegrationMatmulDescriptorLowering.MatmulGraphRoundTrip
2026-05-07T17:22:38.6183507Z [       OK ] IntegrationMatmulDescriptorLowering.MatmulGraphRoundTrip (0 ms)
2026-05-07T17:22:38.6183887Z [ RUN      ] IntegrationMatmulDescriptorLowering.AutoAssignedUidsPreservedInRoundTrip
2026-05-07T17:22:38.6184318Z [       OK ] IntegrationMatmulDescriptorLowering.AutoAssignedUidsPreservedInRoundTrip (0 ms)
2026-05-07T17:22:38.6185019Z [----------] 2 tests from IntegrationMatmulDescriptorLowering (0 ms total)
2026-05-07T17:22:38.6185210Z 
2026-05-07T17:22:38.6185320Z [----------] 10 tests from IntegrationPointwiseDescriptorLifting
2026-05-07T17:22:38.6185678Z [ RUN      ] IntegrationPointwiseDescriptorLifting.PointwiseBinaryAddRoundTripViaCApi
2026-05-07T17:22:38.6186192Z [       OK ] IntegrationPointwiseDescriptorLifting.PointwiseBinaryAddRoundTripViaCApi (0 ms)
2026-05-07T17:22:38.6186708Z [ RUN      ] IntegrationPointwiseDescriptorLifting.PointwiseUnaryReluScalarsPreserved
2026-05-07T17:22:38.6187147Z [       OK ] IntegrationPointwiseDescriptorLifting.PointwiseUnaryReluScalarsPreserved (0 ms)
2026-05-07T17:22:38.6187571Z [ RUN      ] IntegrationPointwiseDescriptorLifting.PointwiseTernarySelectRoundTrip
2026-05-07T17:22:38.6187984Z [       OK ] IntegrationPointwiseDescriptorLifting.PointwiseTernarySelectRoundTrip (0 ms)
2026-05-07T17:22:38.6188407Z [ RUN      ] IntegrationPointwiseDescriptorLifting.PointwiseLiftWithoutFinalization
2026-05-07T17:22:38.6188853Z [       OK ] IntegrationPointwiseDescriptorLifting.PointwiseLiftWithoutFinalization (0 ms)
2026-05-07T17:22:38.6189275Z [ RUN      ] IntegrationPointwiseDescriptorLifting.PointwiseTensorSharingPreserved
2026-05-07T17:22:38.6189878Z [       OK ] IntegrationPointwiseDescriptorLifting.PointwiseTensorSharingPreserved (0 ms)
2026-05-07T17:22:38.6190283Z [ RUN      ] IntegrationPointwiseDescriptorLifting.PointwiseSwishBetaPreserved
2026-05-07T17:22:38.6190673Z [       OK ] IntegrationPointwiseDescriptorLifting.PointwiseSwishBetaPreserved (0 ms)
2026-05-07T17:22:38.6191056Z [ RUN      ] IntegrationPointwiseDescriptorLifting.PointwiseEluAlphaPreserved
2026-05-07T17:22:38.6191437Z [       OK ] IntegrationPointwiseDescriptorLifting.PointwiseEluAlphaPreserved (0 ms)
2026-05-07T17:22:38.6191831Z [ RUN      ] IntegrationPointwiseDescriptorLifting.PointwiseSoftplusBetaPreserved
2026-05-07T17:22:38.6192234Z [       OK ] IntegrationPointwiseDescriptorLifting.PointwiseSoftplusBetaPreserved (0 ms)
2026-05-07T17:22:38.6192646Z [ RUN      ] IntegrationPointwiseDescriptorLifting.PointwiseGenIndexAxisPreserved
2026-05-07T17:22:38.6193047Z [       OK ] IntegrationPointwiseDescriptorLifting.PointwiseGenIndexAxisPreserved (0 ms)
2026-05-07T17:22:38.6193451Z [ RUN      ] IntegrationPointwiseDescriptorLifting.ConvFpropReluFusionRoundTrip
2026-05-07T17:22:38.6193961Z [       OK ] IntegrationPointwiseDescriptorLifting.ConvFpropReluFusionRoundTrip (0 ms)
2026-05-07T17:22:38.6194330Z [----------] 10 tests from IntegrationPointwiseDescriptorLifting (0 ms total)
2026-05-07T17:22:38.6194525Z 
2026-05-07T17:22:38.6194638Z [----------] 7 tests from IntegrationPointwiseDescriptorLowering
2026-05-07T17:22:38.6194952Z [ RUN      ] IntegrationPointwiseDescriptorLowering.PointwiseGraphRoundTrip
2026-05-07T17:22:38.6195322Z [       OK ] IntegrationPointwiseDescriptorLowering.PointwiseGraphRoundTrip (0 ms)
2026-05-07T17:22:38.6195692Z [ RUN      ] IntegrationPointwiseDescriptorLowering.UnaryPointwiseRoundTrip
2026-05-07T17:22:38.6196187Z [       OK ] IntegrationPointwiseDescriptorLowering.UnaryPointwiseRoundTrip (0 ms)
2026-05-07T17:22:38.6196591Z [ RUN      ] IntegrationPointwiseDescriptorLowering.ScalarAttributesPreservedInRoundTrip
2026-05-07T17:22:38.6197234Z [       OK ] IntegrationPointwiseDescriptorLowering.ScalarAttributesPreservedInRoundTrip (0 ms)
2026-05-07T17:22:38.6197786Z [ RUN      ] IntegrationPointwiseDescriptorLowering.TernaryPointwiseRoundTrip
2026-05-07T17:22:38.6198171Z [       OK ] IntegrationPointwiseDescriptorLowering.TernaryPointwiseRoundTrip (0 ms)
2026-05-07T17:22:38.6198588Z [ RUN      ] IntegrationPointwiseDescriptorLowering.AutoAssignedUidsPreservedInRoundTrip
2026-05-07T17:22:38.6199043Z [       OK ] IntegrationPointwiseDescriptorLowering.AutoAssignedUidsPreservedInRoundTrip (0 ms)
2026-05-07T17:22:38.6199537Z [ RUN      ] IntegrationPointwiseDescriptorLowering.AdditionalScalarAttributesPreservedInRoundTrip
2026-05-07T17:22:38.6200392Z [       OK ] IntegrationPointwiseDescriptorLowering.AdditionalScalarAttributesPreservedInRoundTrip (0 ms)
2026-05-07T17:22:38.6200880Z [ RUN      ] IntegrationPointwiseDescriptorLowering.AxisAttributePreservedInRoundTrip
2026-05-07T17:22:38.6201320Z [       OK ] IntegrationPointwiseDescriptorLowering.AxisAttributePreservedInRoundTrip (0 ms)
2026-05-07T17:22:38.6201711Z [----------] 7 tests from IntegrationPointwiseDescriptorLowering (0 ms total)
2026-05-07T17:22:38.6201914Z 
2026-05-07T17:22:38.6202024Z [----------] 5 tests from IntegrationReductionDescriptorLifting
2026-05-07T17:22:38.6202343Z [ RUN      ] IntegrationReductionDescriptorLifting.BasicReductionRoundTrip
2026-05-07T17:22:38.6202720Z [       OK ] IntegrationReductionDescriptorLifting.BasicReductionRoundTrip (0 ms)
2026-05-07T17:22:38.6203114Z [ RUN      ] IntegrationReductionDescriptorLifting.ReductionTensorSharingPreserved
2026-05-07T17:22:38.6203546Z [       OK ] IntegrationReductionDescriptorLifting.ReductionTensorSharingPreserved (0 ms)
2026-05-07T17:22:38.6203982Z [ RUN      ] IntegrationReductionDescriptorLifting.ReductionLiftWithoutFinalization
2026-05-07T17:22:38.6204413Z [       OK ] IntegrationReductionDescriptorLifting.ReductionLiftWithoutFinalization (0 ms)
2026-05-07T17:22:38.6205897Z [ RUN      ] IntegrationReductionDescriptorLifting.IsDeterministicPreservedInLiftingRoundTrip
2026-05-07T17:22:38.6206422Z [       OK ] IntegrationReductionDescriptorLifting.IsDeterministicPreservedInLiftingRoundTrip (0 ms)
2026-05-07T17:22:38.6207010Z [ RUN      ] IntegrationReductionDescriptorLifting.AutoAssignedUidsPreservedInLiftingRoundTrip
2026-05-07T17:22:38.6207520Z [       OK ] IntegrationReductionDescriptorLifting.AutoAssignedUidsPreservedInLiftingRoundTrip (0 ms)
2026-05-07T17:22:38.6207954Z [----------] 5 tests from IntegrationReductionDescriptorLifting (0 ms total)
2026-05-07T17:22:38.6208165Z 
2026-05-07T17:22:38.6208287Z [----------] 2 tests from IntegrationReductionDescriptorLowering
2026-05-07T17:22:38.6208719Z [ RUN      ] IntegrationReductionDescriptorLowering.ReductionLoweringRoundTrip
2026-05-07T17:22:38.6209390Z [       OK ] IntegrationReductionDescriptorLowering.ReductionLoweringRoundTrip (0 ms)
2026-05-07T17:22:38.6209938Z [ RUN      ] IntegrationReductionDescriptorLowering.IsDeterministicPreservedInRoundTrip
2026-05-07T17:22:38.6210692Z [       OK ] IntegrationReductionDescriptorLowering.IsDeterministicPreservedInRoundTrip (0 ms)
2026-05-07T17:22:38.6211115Z [----------] 2 tests from IntegrationReductionDescriptorLowering (0 ms total)
2026-05-07T17:22:38.6211320Z 
2026-05-07T17:22:38.6211434Z [----------] 7 tests from IntegrationRMSNormDescriptorLifting
2026-05-07T17:22:38.6211881Z [ RUN      ] IntegrationRMSNormDescriptorLifting.RMSNormTrainingRoundTripViaCApi
2026-05-07T17:22:38.6212474Z [       OK ] IntegrationRMSNormDescriptorLifting.RMSNormTrainingRoundTripViaCApi (0 ms)
2026-05-07T17:22:38.6212941Z [ RUN      ] IntegrationRMSNormDescriptorLifting.RMSNormInferenceRoundTripViaCApi
2026-05-07T17:22:38.6213523Z [       OK ] IntegrationRMSNormDescriptorLifting.RMSNormInferenceRoundTripViaCApi (0 ms)
2026-05-07T17:22:38.6214146Z [ RUN      ] IntegrationRMSNormDescriptorLifting.RMSNormTensorSharingPreserved
2026-05-07T17:22:38.6214765Z [       OK ] IntegrationRMSNormDescriptorLifting.RMSNormTensorSharingPreserved (0 ms)
2026-05-07T17:22:38.6215420Z [ RUN      ] IntegrationRMSNormDescriptorLifting.RMSNormLiftWithoutFinalization
2026-05-07T17:22:38.6216067Z [       OK ] IntegrationRMSNormDescriptorLifting.RMSNormLiftWithoutFinalization (0 ms)
2026-05-07T17:22:38.6216800Z [ RUN      ] IntegrationRMSNormDescriptorLifting.RMSNormDeserializeViaBackendWithHandle
2026-05-07T17:22:38.6217559Z [       OK ] IntegrationRMSNormDescriptorLifting.RMSNormDeserializeViaBackendWithHandle (0 ms)
2026-05-07T17:22:38.6218211Z [ RUN      ] IntegrationRMSNormDescriptorLifting.RMSNormWithBiasRoundTrip
2026-05-07T17:22:38.6218764Z [       OK ] IntegrationRMSNormDescriptorLifting.RMSNormWithBiasRoundTrip (0 ms)
2026-05-07T17:22:38.6219985Z [ RUN      ] IntegrationRMSNormDescriptorLifting.AutoAssignedUidsPreservedInRoundTrip
2026-05-07T17:22:38.6220675Z [       OK ] IntegrationRMSNormDescriptorLifting.AutoAssignedUidsPreservedInRoundTrip (0 ms)
2026-05-07T17:22:38.6221321Z [----------] 7 tests from IntegrationRMSNormDescriptorLifting (0 ms total)
2026-05-07T17:22:38.6221651Z 
2026-05-07T17:22:38.6221854Z [----------] 4 tests from IntegrationRMSNormDescriptorLowering
2026-05-07T17:22:38.6222461Z [ RUN      ] IntegrationRMSNormDescriptorLowering.RMSNormGraphRoundTrip
2026-05-07T17:22:38.6223066Z [       OK ] IntegrationRMSNormDescriptorLowering.RMSNormGraphRoundTrip (0 ms)
2026-05-07T17:22:38.6223760Z [ RUN      ] IntegrationRMSNormDescriptorLowering.AutoAssignedUidsPreservedInRoundTrip
2026-05-07T17:22:38.6224555Z [       OK ] IntegrationRMSNormDescriptorLowering.AutoAssignedUidsPreservedInRoundTrip (0 ms)
2026-05-07T17:22:38.6225286Z [ RUN      ] IntegrationRMSNormDescriptorLowering.RMSNormWithBiasRoundTrip
2026-05-07T17:22:38.6225968Z [       OK ] IntegrationRMSNormDescriptorLowering.RMSNormWithBiasRoundTrip (0 ms)
2026-05-07T17:22:38.6226622Z [ RUN      ] IntegrationRMSNormDescriptorLowering.InferenceModeOmitsInvRms
2026-05-07T17:22:38.6227733Z [       OK ] IntegrationRMSNormDescriptorLowering.InferenceModeOmitsInvRms (0 ms)
2026-05-07T17:22:38.6228307Z [----------] 4 tests from IntegrationRMSNormDescriptorLowering (0 ms total)
2026-05-07T17:22:38.6228631Z 
2026-05-07T17:22:38.6228771Z [----------] 3 tests from IntegrationFrontendSetPluginPathsExt
2026-05-07T17:22:38.6229257Z [ RUN      ] IntegrationFrontendSetPluginPathsExt.EmptyPathsAdditive
2026-05-07T17:22:38.6229810Z [       OK ] IntegrationFrontendSetPluginPathsExt.EmptyPathsAdditive (0 ms)
2026-05-07T17:22:38.6230395Z [ RUN      ] IntegrationFrontendSetPluginPathsExt.AbsoluteLoadsOnlyCustom
2026-05-07T17:22:38.6230934Z [       OK ] IntegrationFrontendSetPluginPathsExt.AbsoluteLoadsOnlyCustom (0 ms)
2026-05-07T17:22:38.6231565Z [ RUN      ] IntegrationFrontendSetPluginPathsExt.AdditiveLoadsBothDefaultAndCustom
2026-05-07T17:22:38.6232262Z [       OK ] IntegrationFrontendSetPluginPathsExt.AdditiveLoadsBothDefaultAndCustom (10 ms)
2026-05-07T17:22:38.6232885Z [----------] 3 tests from IntegrationFrontendSetPluginPathsExt (12 ms total)
2026-05-07T17:22:38.6233206Z 
2026-05-07T17:22:38.6233387Z [----------] 4 tests from IntegrationBatchnormForwardInferenceFp32
2026-05-07T17:22:38.6234042Z [ RUN      ] IntegrationBatchnormForwardInferenceFp32.ExecutePluginPipeline/DefaultPluginWithManualUids
2026-05-07T17:22:38.6235154Z C:/home/runner/_work/rocm-libraries/rocm-libraries/projects/hipdnn/tests/frontend/IntegrationBatchnormForwardInference.cpp(251): error: Expected equality of these values:
2026-05-07T17:22:38.6235966Z   result.code
2026-05-07T17:22:38.6236194Z     Which is: HIPDNN_BACKEND_ERROR
2026-05-07T17:22:38.6236475Z   ErrorCode::OK
2026-05-07T17:22:38.6236678Z     Which is: OK
2026-05-07T17:22:38.6237239Z Failed to finalize engine heuristic descriptor Backend error: EngineHeuristicDescriptor::finalize() failed: No heuristic policy succeeded.
2026-05-07T17:22:38.6237825Z 
2026-05-07T17:22:38.6239128Z [  FAILED  ] IntegrationBatchnormForwardInferenceFp32.ExecutePluginPipeline/DefaultPluginWithManualUids, where GetParam() = BatchnormTestCase{plugin_path: .\test_plugins\custom\test_good_plugin.dll, description: DefaultPluginWithManualUids, graph_name: DefaultPluginBatchnormTest, expected_failure: NONE, use_manual_uids: true} (1 ms)
2026-05-07T17:22:38.6241084Z [ RUN      ] IntegrationBatchnormForwardInferenceFp32.ExecutePluginPipeline/DefaultPluginWithAutoUids
2026-05-07T17:22:38.6242138Z C:/home/runner/_work/rocm-libraries/rocm-libraries/projects/hipdnn/tests/frontend/IntegrationBatchnormForwardInference.cpp(251): error: Expected equality of these values:
2026-05-07T17:22:38.6242958Z   result.code
2026-05-07T17:22:38.6243177Z     Which is: HIPDNN_BACKEND_ERROR
2026-05-07T17:22:38.6243437Z   ErrorCode::OK
2026-05-07T17:22:38.6243642Z     Which is: OK
2026-05-07T17:22:38.6244376Z Failed to finalize engine heuristic descriptor Backend error: EngineHeuristicDescriptor::finalize() failed: No heuristic policy succeeded.
2026-05-07T17:22:38.6244951Z 
2026-05-07T17:22:38.6246209Z [  FAILED  ] IntegrationBatchnormForwardInferenceFp32.ExecutePluginPipeline/DefaultPluginWithAutoUids, where GetParam() = BatchnormTestCase{plugin_path: .\test_plugins\custom\test_good_plugin.dll, description: DefaultPluginWithAutoUids, graph_name: DefaultPluginBatchnormTestAutoUID, expected_failure: NONE, use_manual_uids: false} (0 ms)
2026-05-07T17:22:38.6247874Z [ RUN      ] IntegrationBatchnormForwardInferenceFp32.ExecutePluginPipeline/ExecuteFailsPlugin
2026-05-07T17:22:38.6248943Z C:/home/runner/_work/rocm-libraries/rocm-libraries/projects/hipdnn/tests/frontend/IntegrationBatchnormForwardInference.cpp(251): error: Expected equality of these values:
2026-05-07T17:22:38.6249746Z   result.code
2026-05-07T17:22:38.6249951Z     Which is: HIPDNN_BACKEND_ERROR
2026-05-07T17:22:38.6250212Z   ErrorCode::OK
2026-05-07T17:22:38.6250414Z     Which is: OK
2026-05-07T17:22:38.6250850Z Failed to finalize engine heuristic descriptor Backend error: EngineHeuristicDescriptor::finalize() failed: No heuristic policy succeeded.
2026-05-07T17:22:38.6251543Z 
2026-05-07T17:22:38.6252679Z [  FAILED  ] IntegrationBatchnormForwardInferenceFp32.ExecutePluginPipeline/ExecuteFailsPlugin, where GetParam() = BatchnormTestCase{plugin_path: .\test_plugins\custom\test_execute_fails_plugin.dll, description: ExecuteFailsPlugin, graph_name: ExecuteFailsPluginBatchnormTest, expected_failure: EXECUTE, use_manual_uids: true} (0 ms)
2026-05-07T17:22:38.6254300Z [ RUN      ] IntegrationBatchnormForwardInferenceFp32.ExecutePluginPipeline/NoApplicableEnginesPlugin
2026-05-07T17:22:38.6255210Z [       OK ] IntegrationBatchnormForwardInferenceFp32.ExecutePluginPipeline/NoApplicableEnginesPlugin (0 ms)
2026-05-07T17:22:38.6256002Z [----------] 4 tests from IntegrationBatchnormForwardInferenceFp32 (3 ms total)
2026-05-07T17:22:38.6256378Z 
2026-05-07T17:22:38.6256628Z [----------] 4 tests from IntegrationBatchnormForwardInferenceVarianceExtFp32
2026-05-07T17:22:38.6257442Z [ RUN      ] IntegrationBatchnormForwardInferenceVarianceExtFp32.ExecutePluginPipeline/DefaultPluginWithManualUids
2026-05-07T17:22:38.6258510Z C:/home/runner/_work/rocm-libraries/rocm-libraries/projects/hipdnn/tests/frontend/IntegrationBatchnormForwardInferenceVarianceExt.cpp(264): error: Expected equality of these values:
2026-05-07T17:22:38.6259199Z   result.code
2026-05-07T17:22:38.6259388Z     Which is: HIPDNN_BACKEND_ERROR
2026-05-07T17:22:38.6259553Z   ErrorCode::OK
2026-05-07T17:22:38.6259671Z     Which is: OK
2026-05-07T17:22:38.6260228Z Failed to finalize engine heuristic descriptor Backend error: EngineHeuristicDescriptor::finalize() failed: No heuristic policy succeeded.
2026-05-07T17:22:38.6260839Z 
2026-05-07T17:22:38.6262502Z [  FAILED  ] IntegrationBatchnormForwardInferenceVarianceExtFp32.ExecutePluginPipeline/DefaultPluginWithManualUids, where GetParam() = BatchnormVarianceExtTestCase{plugin_path: .\test_plugins\custom\test_good_plugin.dll, description: DefaultPluginWithManualUids, graph_name: DefaultPluginBatchnormVarianceExtTest, expected_failure: NONE, use_manual_uids: true} (0 ms)
2026-05-07T17:22:38.6264556Z [ RUN      ] IntegrationBatchnormForwardInferenceVarianceExtFp32.ExecutePluginPipeline/DefaultPluginWithAutoUids
2026-05-07T17:22:38.6265660Z C:/home/runner/_work/rocm-libraries/rocm-libraries/projects/hipdnn/tests/frontend/IntegrationBatchnormForwardInferenceVarianceExt.cpp(264): error: Expected equality of these values:
2026-05-07T17:22:38.6266429Z   result.code
2026-05-07T17:22:38.6266566Z     Which is: HIPDNN_BACKEND_ERROR
2026-05-07T17:22:38.6266759Z   ErrorCode::OK
2026-05-07T17:22:38.6266973Z     Which is: OK
2026-05-07T17:22:38.6267617Z Failed to finalize engine heuristic descriptor Backend error: EngineHeuristicDescriptor::finalize() failed: No heuristic policy succeeded.
2026-05-07T17:22:38.6268033Z 
2026-05-07T17:22:38.6269766Z [  FAILED  ] IntegrationBatchnormForwardInferenceVarianceExtFp32.ExecutePluginPipeline/DefaultPluginWithAutoUids, where GetParam() = BatchnormVarianceExtTestCase{plugin_path: .\test_plugins\custom\test_good_plugin.dll, description: DefaultPluginWithAutoUids, graph_name: DefaultPluginBatchnormVarianceExtTestAutoUID, expected_failure: NONE, use_manual_uids: false} (0 ms)
2026-05-07T17:22:38.6271884Z [ RUN      ] IntegrationBatchnormForwardInferenceVarianceExtFp32.ExecutePluginPipeline/ExecuteFailsPlugin
2026-05-07T17:22:38.6273114Z C:/home/runner/_work/rocm-libraries/rocm-libraries/projects/hipdnn/tests/frontend/IntegrationBatchnormForwardInferenceVarianceExt.cpp(264): error: Expected equality of these values:
2026-05-07T17:22:38.6274047Z   result.code
2026-05-07T17:22:38.6274275Z     Which is: HIPDNN_BACKEND_ERROR
2026-05-07T17:22:38.6274571Z   ErrorCode::OK
2026-05-07T17:22:38.6274778Z     Which is: OK
2026-05-07T17:22:38.6275455Z Failed to finalize engine heuristic descriptor Backend error: EngineHeuristicDescriptor::finalize() failed: No heuristic policy succeeded.
2026-05-07T17:22:38.6276057Z 
2026-05-07T17:22:38.6277625Z [  FAILED  ] IntegrationBatchnormForwardInferenceVarianceExtFp32.ExecutePluginPipeline/ExecuteFailsPlugin, where GetParam() = BatchnormVarianceExtTestCase{plugin_path: .\test_plugins\custom\test_execute_fails_plugin.dll, description: ExecuteFailsPlugin, graph_name: ExecuteFailsPluginBatchnormVarianceExtTest, expected_failure: EXECUTE, use_manual_uids: true} (0 ms)
2026-05-07T17:22:38.6279979Z [ RUN      ] IntegrationBatchnormForwardInferenceVarianceExtFp32.ExecutePluginPipeline/NoApplicableEnginesPlugin
2026-05-07T17:22:38.6280850Z [       OK ] IntegrationBatchnormForwardInferenceVarianceExtFp32.ExecutePluginPipeline/NoApplicableEnginesPlugin (0 ms)
2026-05-07T17:22:38.6281763Z [----------] 4 tests from IntegrationBatchnormForwardInferenceVarianceExtFp32 (2 ms total)
2026-05-07T17:22:38.6282080Z 
2026-05-07T17:22:38.6282259Z [----------] 5 tests from IntegrationBlockScaleDequantizeFp32
2026-05-07T17:22:38.6282928Z [ RUN      ] IntegrationBlockScaleDequantizeFp32.ExecutePluginPipeline/WithManualUids
2026-05-07T17:22:38.6283911Z C:/home/runner/_work/rocm-libraries/rocm-libraries/projects/hipdnn/tests/frontend/IntegrationBlockScaleDequantize.cpp(213): error: Expected equality of these values:
2026-05-07T17:22:38.6284661Z   result.code
2026-05-07T17:22:38.6284878Z     Which is: HIPDNN_BACKEND_ERROR
2026-05-07T17:22:38.6285147Z   ErrorCode::OK
2026-05-07T17:22:38.6285371Z     Which is: OK
2026-05-07T17:22:38.6285906Z Failed to finalize engine heuristic descriptor Backend error: EngineHeuristicDescriptor::finalize() failed: No heuristic policy succeeded.
2026-05-07T17:22:38.6286251Z 
2026-05-07T17:22:38.6287200Z [  FAILED  ] IntegrationBlockScaleDequantizeFp32.ExecutePluginPipeline/WithManualUids, where GetParam() = BlockScaleDequantizeTestCase{plugin_path: .\test_plugins\custom\test_good_plugin.dll, description: WithManualUids, graph_name: BlockScaleDequantizeManualUids, expected_failure: NONE, use_manual_uids: true, use_negative_scale: false} (19 ms)
2026-05-07T17:22:38.6288805Z [ RUN      ] IntegrationBlockScaleDequantizeFp32.ExecutePluginPipeline/WithAutoUids
2026-05-07T17:22:38.6289808Z C:/home/runner/_work/rocm-libraries/rocm-libraries/projects/hipdnn/tests/frontend/IntegrationBlockScaleDequantize.cpp(213): error: Expected equality of these values:
2026-05-07T17:22:38.6290465Z   result.code
2026-05-07T17:22:38.6290607Z     Which is: HIPDNN_BACKEND_ERROR
2026-05-07T17:22:38.6290870Z   ErrorCode::OK
2026-05-07T17:22:38.6291078Z     Which is: OK
2026-05-07T17:22:38.6291721Z Failed to finalize engine heuristic descriptor Backend error: EngineHeuristicDescriptor::finalize() failed: No heuristic policy succeeded.
2026-05-07T17:22:38.6292111Z 
2026-05-07T17:22:38.6293484Z [  FAILED  ] IntegrationBlockScaleDequantizeFp32.ExecutePluginPipeline/WithAutoUids, where GetParam() = BlockScaleDequantizeTestCase{plugin_path: .\test_plugins\custom\test_good_plugin.dll, description: WithAutoUids, graph_name: BlockScaleDequantizeAutoUids, expected_failure: NONE, use_manual_uids: false, use_negative_scale: false} (24 ms)
2026-05-07T17:22:38.6294966Z [ RUN      ] IntegrationBlockScaleDequantizeFp32.ExecutePluginPipeline/WithNegativeScale
2026-05-07T17:22:38.6295587Z C:/home/runner/_work/rocm-libraries/rocm-libraries/projects/hipdnn/tests/frontend/IntegrationBlockScaleDequantize.cpp(213): error: Expected equality of these values:
2026-05-07T17:22:38.6296382Z   result.code
2026-05-07T17:22:38.6296563Z     Which is: HIPDNN_BACKEND_ERROR
2026-05-07T17:22:38.6296839Z   ErrorCode::OK
2026-05-07T17:22:38.6297001Z     Which is: OK
2026-05-07T17:22:38.6297387Z Failed to finalize engine heuristic descriptor Backend error: EngineHeuristicDescriptor::finalize() failed: No heuristic policy succeeded.
2026-05-07T17:22:38.6297978Z 
2026-05-07T17:22:38.6299050Z [  FAILED  ] IntegrationBlockScaleDequantizeFp32.ExecutePluginPipeline/WithNegativeScale, where GetParam() = BlockScaleDequantizeTestCase{plugin_path: .\test_plugins\custom\test_good_plugin.dll, description: WithNegativeScale, graph_name: BlockScaleDequantizeNegScale, expected_failure: NONE, use_manual_uids: true, use_negative_scale: true} (20 ms)
2026-05-07T17:22:38.6300894Z [ RUN      ] IntegrationBlockScaleDequantizeFp32.ExecutePluginPipeline/ExecuteFailsPlugin
2026-05-07T17:22:38.6302004Z C:/home/runner/_work/rocm-libraries/rocm-libraries/projects/hipdnn/tests/frontend/IntegrationBlockScaleDequantize.cpp(213): error: Expected equality of these values:
2026-05-07T17:22:38.6302759Z   result.code
2026-05-07T17:22:38.6302977Z     Which is: HIPDNN_BACKEND_ERROR
2026-05-07T17:22:38.6303270Z   ErrorCode::OK
2026-05-07T17:22:38.6303485Z     Which is: OK
2026-05-07T17:22:38.6304052Z Failed to finalize engine heuristic descriptor Backend error: EngineHeuristicDescriptor::finalize() failed: No heuristic policy succeeded.
2026-05-07T17:22:38.6304503Z 
2026-05-07T17:22:38.6306029Z [  FAILED  ] IntegrationBlockScaleDequantizeFp32.ExecutePluginPipeline/ExecuteFailsPlugin, where GetParam() = BlockScaleDequantizeTestCase{plugin_path: .\test_plugins\custom\test_execute_fails_plugin.dll, description: ExecuteFailsPlugin, graph_name: ExecuteFailsBlockScaleDequantize, expected_failure: EXECUTE, use_manual_uids: true, use_negative_scale: false} (24 ms)
2026-05-07T17:22:38.6308028Z [ RUN      ] IntegrationBlockScaleDequantizeFp32.ExecutePluginPipeline/NoApplicableEnginesPlugin
2026-05-07T17:22:38.6308726Z [       OK ] IntegrationBlockScaleDequantizeFp32.ExecutePluginPipeline/NoApplicableEnginesPlugin (24 ms)
2026-05-07T17:22:38.6309434Z [----------] 5 tests from IntegrationBlockScaleDequantizeFp32 (113 ms total)
2026-05-07T17:22:38.6309695Z 
2026-05-07T17:22:38.6309871Z [----------] 5 tests from IntegrationBlockScaleQuantizeFp32
2026-05-07T17:22:38.6310437Z [ RUN      ] IntegrationBlockScaleQuantizeFp32.ExecutePluginPipeline/WithManualUids
2026-05-07T17:22:38.6311472Z C:/home/runner/_work/rocm-libraries/rocm-libraries/projects/hipdnn/tests/frontend/IntegrationBlockScaleQuantize.cpp(210): error: Expected equality of these values:
2026-05-07T17:22:38.6312292Z   result.code
2026-05-07T17:22:38.6312523Z     Which is: HIPDNN_BACKEND_ERROR
2026-05-07T17:22:38.6312787Z   ErrorCode::OK
2026-05-07T17:22:38.6313012Z     Which is: OK
2026-05-07T17:22:38.6313634Z Failed to finalize engine heuristic descriptor Backend error: EngineHeuristicDescriptor::finalize() failed: No heuristic policy succeeded.
2026-05-07T17:22:38.6314234Z 
2026-05-07T17:22:38.6315620Z [  FAILED  ] IntegrationBlockScaleQuantizeFp32.ExecutePluginPipeline/WithManualUids, where GetParam() = BlockScaleQuantizeTestCase{plugin_path: .\test_plugins\custom\test_good_plugin.dll, description: WithManualUids, graph_name: BlockScaleQuantizeManualUids, expected_failure: NONE, use_manual_uids: true, use_transpose: false} (25 ms)
2026-05-07T17:22:38.6317478Z [ RUN      ] IntegrationBlockScaleQuantizeFp32.ExecutePluginPipeline/WithAutoUids
2026-05-07T17:22:38.6318929Z C:/home/runner/_work/rocm-libraries/rocm-libraries/projects/hipdnn/tests/frontend/IntegrationBlockScaleQuantize.cpp(210): error: Expected equality of these values:
2026-05-07T17:22:38.6319563Z   result.code
2026-05-07T17:22:38.6319734Z     Which is: HIPDNN_BACKEND_ERROR
2026-05-07T17:22:38.6319964Z   ErrorCode::OK
2026-05-07T17:22:38.6320102Z     Which is: OK
2026-05-07T17:22:38.6320497Z Failed to finalize engine heuristic descriptor Backend error: EngineHeuristicDescriptor::finalize() failed: No heuristic policy succeeded.
2026-05-07T17:22:38.6320863Z 
2026-05-07T17:22:38.6321673Z [  FAILED  ] IntegrationBlockScaleQuantizeFp32.ExecutePluginPipeline/WithAutoUids, where GetParam() = BlockScaleQuantizeTestCase{plugin_path: .\test_plugins\custom\test_good_plugin.dll, description: WithAutoUids, graph_name: BlockScaleQuantizeAutoUids, expected_failure: NONE, use_manual_uids: false, use_transpose: false} (27 ms)
2026-05-07T17:22:38.6322705Z [ RUN      ] IntegrationBlockScaleQuantizeFp32.ExecutePluginPipeline/WithTranspose
2026-05-07T17:22:38.6323332Z C:/home/runner/_work/rocm-libraries/rocm-libraries/projects/hipdnn/tests/frontend/IntegrationBlockScaleQuantize.cpp(210): error: Expected equality of these values:
2026-05-07T17:22:38.6323917Z   result.code
2026-05-07T17:22:38.6324065Z     Which is: HIPDNN_BACKEND_ERROR
2026-05-07T17:22:38.6324233Z   ErrorCode::OK
2026-05-07T17:22:38.6324367Z     Which is: OK
2026-05-07T17:22:38.6324749Z Failed to finalize engine heuristic descriptor Backend error: EngineHeuristicDescriptor::finalize() failed: No heuristic policy succeeded.
2026-05-07T17:22:38.6325106Z 
2026-05-07T17:22:38.6325888Z [  FAILED  ] IntegrationBlockScaleQuantizeFp32.ExecutePluginPipeline/WithTranspose, where GetParam() = BlockScaleQuantizeTestCase{plugin_path: .\test_plugins\custom\test_good_plugin.dll, description: WithTranspose, graph_name: BlockScaleQuantizeTranspose, expected_failure: NONE, use_manual_uids: true, use_transpose: true} (21 ms)
2026-05-07T17:22:38.6326908Z [ RUN      ] IntegrationBlockScaleQuantizeFp32.ExecutePluginPipeline/ExecuteFailsPlugin
2026-05-07T17:22:38.6327528Z C:/home/runner/_work/rocm-libraries/rocm-libraries/projects/hipdnn/tests/frontend/IntegrationBlockScaleQuantize.cpp(210): error: Expected equality of these values:
2026-05-07T17:22:38.6328011Z   result.code
2026-05-07T17:22:38.6328151Z     Which is: HIPDNN_BACKEND_ERROR
2026-05-07T17:22:38.6328318Z   ErrorCode::OK
2026-05-07T17:22:38.6328447Z     Which is: OK
2026-05-07T17:22:38.6328818Z Failed to finalize engine heuristic descriptor Backend error: EngineHeuristicDescriptor::finalize() failed: No heuristic policy succeeded.
2026-05-07T17:22:38.6329174Z 
2026-05-07T17:22:38.6330038Z [  FAILED  ] IntegrationBlockScaleQuantizeFp32.ExecutePluginPipeline/ExecuteFailsPlugin, where GetParam() = BlockScaleQuantizeTestCase{plugin_path: .\test_plugins\custom\test_execute_fails_plugin.dll, description: ExecuteFailsPlugin, graph_name: ExecuteFailsBlockScaleQuantize, expected_failure: EXECUTE, use_manual_uids: true, use_transpose: false} (27 ms)
2026-05-07T17:22:38.6331178Z [ RUN      ] IntegrationBlockScaleQuantizeFp32.ExecutePluginPipeline/NoApplicableEnginesPlugin
2026-05-07T17:22:38.6331692Z [       OK ] IntegrationBlockScaleQuantizeFp32.ExecutePluginPipeline/NoApplicableEnginesPlugin (29 ms)
2026-05-07T17:22:38.6332133Z [----------] 5 tests from IntegrationBlockScaleQuantizeFp32 (130 ms total)
2026-05-07T17:22:38.6332428Z 
2026-05-07T17:22:38.6332551Z [----------] 4 tests from IntegrationConvolutionForwardFp32
2026-05-07T17:22:38.6333000Z [ RUN      ] IntegrationConvolutionForwardFp32.ExecutePluginPipeline/DefaultPluginWithManualUids
2026-05-07T17:22:38.6333620Z C:/home/runner/_work/rocm-libraries/rocm-libraries/projects/hipdnn/tests/frontend/IntegrationConvForward.cpp(222): error: Expected equality of these values:
2026-05-07T17:22:38.6334082Z   result.code
2026-05-07T17:22:38.6334219Z     Which is: HIPDNN_BACKEND_ERROR
2026-05-07T17:22:38.6334388Z   ErrorCode::OK
2026-05-07T17:22:38.6334517Z     Which is: OK
2026-05-07T17:22:38.6335073Z Failed to finalize engine heuristic descriptor Backend error: EngineHeuristicDescriptor::finalize() failed: No heuristic policy succeeded.
2026-05-07T17:22:38.6335430Z 
2026-05-07T17:22:38.6336766Z [  FAILED  ] IntegrationConvolutionForwardFp32.ExecutePluginPipeline/DefaultPluginWithManualUids, where GetParam() = ConvTestCase{plugin_path: .\test_plugins\custom\test_good_plugin.dll, description: DefaultPluginWithManualUids, graph_name: DefaultPluginBatchnormTest, expected_failure: NONE, use_manual_uids: true} (1 ms)
2026-05-07T17:22:38.6337797Z [ RUN      ] IntegrationConvolutionForwardFp32.ExecutePluginPipeline/DefaultPluginWithAutoUids
2026-05-07T17:22:38.6338407Z C:/home/runner/_work/rocm-libraries/rocm-libraries/projects/hipdnn/tests/frontend/IntegrationConvForward.cpp(222): error: Expected equality of these values:
2026-05-07T17:22:38.6338858Z   result.code
2026-05-07T17:22:38.6338988Z     Which is: HIPDNN_BACKEND_ERROR
2026-05-07T17:22:38.6339158Z   ErrorCode::OK
2026-05-07T17:22:38.6339292Z     Which is: OK
2026-05-07T17:22:38.6339664Z Failed to finalize engine heuristic descriptor Backend error: EngineHeuristicDescriptor::finalize() failed: No heuristic policy succeeded.
2026-05-07T17:22:38.6340099Z 
2026-05-07T17:22:38.6340870Z [  FAILED  ] IntegrationConvolutionForwardFp32.ExecutePluginPipeline/DefaultPluginWithAutoUids, where GetParam() = ConvTestCase{plugin_path: .\test_plugins\custom\test_good_plugin.dll, description: DefaultPluginWithAutoUids, graph_name: DefaultPluginBatchnormTestAutoUID, expected_failure: NONE, use_manual_uids: false} (0 ms)
2026-05-07T17:22:38.6341881Z [ RUN      ] IntegrationConvolutionForwardFp32.ExecutePluginPipeline/ExecuteFailsPlugin
2026-05-07T17:22:38.6342471Z C:/home/runner/_work/rocm-libraries/rocm-libraries/projects/hipdnn/tests/frontend/IntegrationConvForward.cpp(222): error: Expected equality of these values:
2026-05-07T17:22:38.6342913Z   result.code
2026-05-07T17:22:38.6343047Z     Which is: HIPDNN_BACKEND_ERROR
2026-05-07T17:22:38.6343213Z   ErrorCode::OK
2026-05-07T17:22:38.6343338Z     Which is: OK
2026-05-07T17:22:38.6343707Z Failed to finalize engine heuristic descriptor Backend error: EngineHeuristicDescriptor::finalize() failed: No heuristic policy succeeded.
2026-05-07T17:22:38.6344068Z 
2026-05-07T17:22:38.6344826Z [  FAILED  ] IntegrationConvolutionForwardFp32.ExecutePluginPipeline/ExecuteFailsPlugin, where GetParam() = ConvTestCase{plugin_path: .\test_plugins\custom\test_execute_fails_plugin.dll, description: ExecuteFailsPlugin, graph_name: ExecuteFailsPluginBatchnormTest, expected_failure: EXECUTE, use_manual_uids: true} (1 ms)
2026-05-07T17:22:38.6345844Z [ RUN      ] IntegrationConvolutionForwardFp32.ExecutePluginPipeline/NoApplicableEnginesPlugin
2026-05-07T17:22:38.6346328Z [       OK ] IntegrationConvolutionForwardFp32.ExecutePluginPipeline/NoApplicableEnginesPlugin (1 ms)
2026-05-07T17:22:38.6346750Z [----------] 4 tests from IntegrationConvolutionForwardFp32 (4 ms total)
2026-05-07T17:22:38.6346947Z 
2026-05-07T17:22:38.6347062Z [----------] 4 tests from IntegrationConvolutionBackwardDataFp32
2026-05-07T17:22:38.6347460Z [ RUN      ] IntegrationConvolutionBackwardDataFp32.ExecutePluginPipeline/DefaultPluginWithManualUids
2026-05-07T17:22:38.6348124Z C:/home/runner/_work/rocm-libraries/rocm-libraries/projects/hipdnn/tests/frontend/IntegrationConvolutionBackwardData.cpp(222): error: Expected equality of these values:
2026-05-07T17:22:38.6348704Z   result.code
2026-05-07T17:22:38.6348853Z     Which is: HIPDNN_BACKEND_ERROR
2026-05-07T17:22:38.6349011Z   ErrorCode::OK
2026-05-07T17:22:38.6349065Z     Which is: OK
2026-05-07T17:22:38.6349355Z Failed to finalize engine heuristic descriptor Backend error: EngineHeuristicDescriptor::finalize() failed: No heuristic policy succeeded.
2026-05-07T17:22:38.6349359Z 
2026-05-07T17:22:38.6350457Z [  FAILED  ] IntegrationConvolutionBackwardDataFp32.ExecutePluginPipeline/DefaultPluginWithManualUids, where GetParam() = ConvolutionBackwardDataTestCase{plugin_path: .\test_plugins\custom\test_good_plugin.dll, description: DefaultPluginWithManualUids, graph_name: DefaultPluginConvBackwardDataTest, expected_failure: NONE, use_manual_uids: true} (0 ms)
2026-05-07T17:22:38.6350677Z [ RUN      ] IntegrationConvolutionBackwardDataFp32.ExecutePluginPipeline/DefaultPluginWithAutoUids
2026-05-07T17:22:38.6351060Z C:/home/runner/_work/rocm-libraries/rocm-libraries/projects/hipdnn/tests/frontend/IntegrationConvolutionBackwardData.cpp(222): error: Expected equality of these values:
2026-05-07T17:22:38.6351109Z   result.code
2026-05-07T17:22:38.6351170Z     Which is: HIPDNN_BACKEND_ERROR
2026-05-07T17:22:38.6351225Z   ErrorCode::OK
2026-05-07T17:22:38.6351274Z     Which is: OK
2026-05-07T17:22:38.6351562Z Failed to finalize engine heuristic descriptor Backend error: EngineHeuristicDescriptor::finalize() failed: No heuristic policy succeeded.
2026-05-07T17:22:38.6351566Z 
2026-05-07T17:22:38.6352433Z [  FAILED  ] IntegrationConvolutionBackwardDataFp32.ExecutePluginPipeline/DefaultPluginWithAutoUids, where GetParam() = ConvolutionBackwardDataTestCase{plugin_path: .\test_plugins\custom\test_good_plugin.dll, description: DefaultPluginWithAutoUids, graph_name: DefaultPluginConvBackwardDataTestAutoUID, expected_failure: NONE, use_manual_uids: false} (0 ms)
2026-05-07T17:22:38.6352704Z [ RUN      ] IntegrationConvolutionBackwardDataFp32.ExecutePluginPipeline/ExecuteFailsPlugin
2026-05-07T17:22:38.6353083Z C:/home/runner/_work/rocm-libraries/rocm-libraries/projects/hipdnn/tests/frontend/IntegrationConvolutionBackwardData.cpp(222): error: Expected equality of these values:
2026-05-07T17:22:38.6353132Z   result.code
2026-05-07T17:22:38.6353192Z     Which is: HIPDNN_BACKEND_ERROR
2026-05-07T17:22:38.6353250Z   ErrorCode::OK
2026-05-07T17:22:38.6353299Z     Which is: OK
2026-05-07T17:22:38.6353591Z Failed to finalize engine heuristic descriptor Backend error: EngineHeuristicDescriptor::finalize() failed: No heuristic policy succeeded.
2026-05-07T17:22:38.6353595Z 
2026-05-07T17:22:38.6354428Z [  FAILED  ] IntegrationConvolutionBackwardDataFp32.ExecutePluginPipeline/ExecuteFailsPlugin, where GetParam() = ConvolutionBackwardDataTestCase{plugin_path: .\test_plugins\custom\test_execute_fails_plugin.dll, description: ExecuteFailsPlugin, graph_name: ExecuteFailsPluginConvBackwardDataTest, expected_failure: EXECUTE, use_manual_uids: true} (1 ms)
2026-05-07T17:22:38.6354644Z [ RUN      ] IntegrationConvolutionBackwardDataFp32.ExecutePluginPipeline/NoApplicableEnginesPlugin
2026-05-07T17:22:38.6354884Z [       OK ] IntegrationConvolutionBackwardDataFp32.ExecutePluginPipeline/NoApplicableEnginesPlugin (1 ms)
2026-05-07T17:22:38.6355022Z [----------] 4 tests from IntegrationConvolutionBackwardDataFp32 (3 ms total)
2026-05-07T17:22:38.6355026Z 
2026-05-07T17:22:38.6355150Z [----------] 4 tests from IntegrationConvolutionBackwardWeightFp32
2026-05-07T17:22:38.6355381Z [ RUN      ] IntegrationConvolutionBackwardWeightFp32.ExecutePluginPipeline/DefaultPluginWithManualUids
2026-05-07T17:22:38.6355758Z C:/home/runner/_work/rocm-libraries/rocm-libraries/projects/hipdnn/tests/frontend/IntegrationConvolutionBackwardWeight.cpp(223): error: Expected equality of these values:
2026-05-07T17:22:38.6355998Z   result.code
2026-05-07T17:22:38.6356152Z     Which is: HIPDNN_BACKEND_ERROR
2026-05-07T17:22:38.6356231Z   ErrorCode::OK
2026-05-07T17:22:38.6356283Z     Which is: OK
2026-05-07T17:22:38.6356612Z Failed to finalize engine heuristic descriptor Backend error: EngineHeuristicDescriptor::finalize() failed: No heuristic policy succeeded.
2026-05-07T17:22:38.6356620Z 
2026-05-07T17:22:38.6357536Z [  FAILED  ] IntegrationConvolutionBackwardWeightFp32.ExecutePluginPipeline/DefaultPluginWithManualUids, where GetParam() = ConvolutionBackwardWeightTestCase{plugin_path: .\test_plugins\custom\test_good_plugin.dll, description: DefaultPluginWithManualUids, graph_name: DefaultPluginConvBackwardWeightTest, expected_failure: NONE, use_manual_uids: true} (1 ms)
2026-05-07T17:22:38.6357955Z [ RUN      ] IntegrationConvolutionBackwardWeightFp32.ExecutePluginPipeline/DefaultPluginWithAutoUids
2026-05-07T17:22:38.6358365Z C:/home/runner/_work/rocm-libraries/rocm-libraries/projects/hipdnn/tests/frontend/IntegrationConvolutionBackwardWeight.cpp(223): error: Expected equality of these values:
2026-05-07T17:22:38.6358422Z   result.code
2026-05-07T17:22:38.6358492Z     Which is: HIPDNN_BACKEND_ERROR
2026-05-07T17:22:38.6358551Z   ErrorCode::OK
2026-05-07T17:22:38.6358600Z     Which is: OK
2026-05-07T17:22:38.6358901Z Failed to finalize engine heuristic descriptor Backend error: EngineHeuristicDescriptor::finalize() failed: No heuristic policy succeeded.
2026-05-07T17:22:38.6358913Z 
2026-05-07T17:22:38.6359808Z [  FAILED  ] IntegrationConvolutionBackwardWeightFp32.ExecutePluginPipeline/DefaultPluginWithAutoUids, where GetParam() = ConvolutionBackwardWeightTestCase{plugin_path: .\test_plugins\custom\test_good_plugin.dll, description: DefaultPluginWithAutoUids, graph_name: DefaultPluginConvBackwardWeightTestAutoUID, expected_failure: NONE, use_manual_uids: false} (0 ms)
2026-05-07T17:22:38.6360025Z [ RUN      ] IntegrationConvolutionBackwardWeightFp32.ExecutePluginPipeline/ExecuteFailsPlugin
2026-05-07T17:22:38.6360434Z C:/home/runner/_work/rocm-libraries/rocm-libraries/projects/hipdnn/tests/frontend/IntegrationConvolutionBackwardWeight.cpp(223): error: Expected equality of these values:
2026-05-07T17:22:38.6360578Z   result.code
2026-05-07T17:22:38.6360638Z     Which is: HIPDNN_BACKEND_ERROR
2026-05-07T17:22:38.6360695Z   ErrorCode::OK
2026-05-07T17:22:38.6360743Z     Which is: OK
2026-05-07T17:22:38.6361032Z Failed to finalize engine heuristic descriptor Backend error: EngineHeuristicDescriptor::finalize() failed: No heuristic policy succeeded.
2026-05-07T17:22:38.6361037Z 
2026-05-07T17:22:38.6361904Z [  FAILED  ] IntegrationConvolutionBackwardWeightFp32.ExecutePluginPipeline/ExecuteFailsPlugin, where GetParam() = ConvolutionBackwardWeightTestCase{plugin_path: .\test_plugins\custom\test_execute_fails_plugin.dll, description: ExecuteFailsPlugin, graph_name: ExecuteFailsPluginConvBackwardWeightTest, expected_failure: EXECUTE, use_manual_uids: true} (1 ms)
2026-05-07T17:22:38.6362129Z [ RUN      ] IntegrationConvolutionBackwardWeightFp32.ExecutePluginPipeline/NoApplicableEnginesPlugin
2026-05-07T17:22:38.6362380Z [       OK ] IntegrationConvolutionBackwardWeightFp32.ExecutePluginPipeline/NoApplicableEnginesPlugin (1 ms)
2026-05-07T17:22:38.6362532Z [----------] 4 tests from IntegrationConvolutionBackwardWeightFp32 (3 ms total)
2026-05-07T17:22:38.6362536Z 
2026-05-07T17:22:38.6362723Z [----------] 3 tests from IntegrationGraphEngineFiltering
2026-05-07T17:22:38.6362983Z [ RUN      ] IntegrationGraphEngineFiltering.EngineSelection/PreferGoodPluginExplicitly
2026-05-07T17:22:38.6363183Z [       OK ] IntegrationGraphEngineFiltering.EngineSelection/PreferGoodPluginExplicitly (167 ms)
2026-05-07T17:22:38.6363358Z [ RUN      ] IntegrationGraphEngineFiltering.EngineSelection/PreferNonExistentEngineId
2026-05-07T17:22:38.6363624Z [       OK ] IntegrationGraphEngineFiltering.EngineSelection/PreferNonExistentEngineId (0 ms)
2026-05-07T17:22:38.6363856Z [ RUN      ] IntegrationGraphEngineFiltering.EngineSelection/PreferExecuteFailsPlugin
2026-05-07T17:22:38.6364137Z [       OK ] IntegrationGraphEngineFiltering.EngineSelection/PreferExecuteFailsPlugin (0 ms)
2026-05-07T17:22:38.6364266Z [----------] 3 tests from IntegrationGraphEngineFiltering (168 ms total)
2026-05-07T17:22:38.6364271Z 
2026-05-07T17:22:38.6364374Z [----------] 7 tests from IntegrationLayernormForwardFp32
2026-05-07T17:22:38.6364560Z [ RUN      ] IntegrationLayernormForwardFp32.ExecutePluginPipeline/InferenceWithManualUids
2026-05-07T17:22:38.6364918Z C:/home/runner/_work/rocm-libraries/rocm-libraries/projects/hipdnn/tests/frontend/IntegrationLayernormForward.cpp(288): error: Expected equality of these values:
2026-05-07T17:22:38.6364972Z   result.code
2026-05-07T17:22:38.6365036Z     Which is: HIPDNN_BACKEND_ERROR
2026-05-07T17:22:38.6365086Z   ErrorCode::OK
2026-05-07T17:22:38.6365140Z     Which is: OK
2026-05-07T17:22:38.6365507Z Failed to finalize engine heuristic descriptor Backend error: EngineHeuristicDescriptor::finalize() failed: No heuristic policy succeeded.
2026-05-07T17:22:38.6365516Z 
2026-05-07T17:22:38.6366585Z [  FAILED  ] IntegrationLayernormForwardFp32.ExecutePluginPipeline/InferenceWithManualUids, where GetParam() = LayernormTestCase{plugin_path: .\test_plugins\custom\test_good_plugin.dll, description: InferenceWithManualUids, graph_name: DefaultPluginLayernormTest, expected_failure: NONE, use_manual_uids: true, forward_phase: INFERENCE} (2 ms)
2026-05-07T17:22:38.6366886Z [ RUN      ] IntegrationLayernormForwardFp32.ExecutePluginPipeline/InferenceWithAutoUids
2026-05-07T17:22:38.6367863Z C:/home/runner/_work/rocm-libraries/rocm-libraries/projects/hipdnn/tests/frontend/IntegrationLayernormForward.cpp(288): error: Expected equality of these values:
2026-05-07T17:22:38.6368587Z   result.code
2026-05-07T17:22:38.6368781Z     Which is: HIPDNN_BACKEND_ERROR
2026-05-07T17:22:38.6369029Z   ErrorCode::OK
2026-05-07T17:22:38.6369222Z     Which is: OK
2026-05-07T17:22:38.6369836Z Failed to finalize engine heuristic descriptor Backend error: EngineHeuristicDescriptor::finalize() failed: No heuristic policy succeeded.
2026-05-07T17:22:38.6370590Z 
2026-05-07T17:22:38.6372028Z [  FAILED  ] IntegrationLayernormForwardFp32.ExecutePluginPipeline/InferenceWithAutoUids, where GetParam() = LayernormTestCase{plugin_path: .\test_plugins\custom\test_good_plugin.dll, description: InferenceWithAutoUids, graph_name: DefaultPluginLayernormTestAutoUID, expected_failure: NONE, use_manual_uids: false, forward_phase: INFERENCE} (0 ms)
2026-05-07T17:22:38.6374036Z [ RUN      ] IntegrationLayernormForwardFp32.ExecutePluginPipeline/TrainingWithManualUids
2026-05-07T17:22:38.6374723Z C:/home/runner/_work/rocm-libraries/rocm-libraries/projects/hipdnn/tests/frontend/IntegrationLayernormForward.cpp(288): error: Expected equality of these values:
2026-05-07T17:22:38.6375405Z   result.code
2026-05-07T17:22:38.6375567Z     Which is: HIPDNN_BACKEND_ERROR
2026-05-07T17:22:38.6375815Z   ErrorCode::OK
2026-05-07T17:22:38.6376047Z     Which is: OK
2026-05-07T17:22:38.6376726Z Failed to finalize engine heuristic descriptor Backend error: EngineHeuristicDescriptor::finalize() failed: No heuristic policy succeeded.
2026-05-07T17:22:38.6377317Z 
2026-05-07T17:22:38.6378625Z [  FAILED  ] IntegrationLayernormForwardFp32.ExecutePluginPipeline/TrainingWithManualUids, where GetParam() = LayernormTestCase{plugin_path: .\test_plugins\custom\test_good_plugin.dll, description: TrainingWithManualUids, graph_name: TrainingPluginLayernormTest, expected_failure: NONE, use_manual_uids: true, forward_phase: TRAINING} (0 ms)
2026-05-07T17:22:38.6380299Z [ RUN      ] IntegrationLayernormForwardFp32.ExecutePluginPipeline/TrainingWithAutoUids
2026-05-07T17:22:38.6381289Z C:/home/runner/_work/rocm-libraries/rocm-libraries/projects/hipdnn/tests/frontend/IntegrationLayernormForward.cpp(288): error: Expected equality of these values:
2026-05-07T17:22:38.6382060Z   result.code
2026-05-07T17:22:38.6382280Z     Which is: HIPDNN_BACKEND_ERROR
2026-05-07T17:22:38.6382539Z   ErrorCode::OK
2026-05-07T17:22:38.6382742Z     Which is: OK
2026-05-07T17:22:38.6383340Z Failed to finalize engine heuristic descriptor Backend error: EngineHeuristicDescriptor::finalize() failed: No heuristic policy succeeded.
2026-05-07T17:22:38.6383910Z 
2026-05-07T17:22:38.6385260Z [  FAILED  ] IntegrationLayernormForwardFp32.ExecutePluginPipeline/TrainingWithAutoUids, where GetParam() = LayernormTestCase{plugin_path: .\test_plugins\custom\test_good_plugin.dll, description: TrainingWithAutoUids, graph_name: TrainingPluginLayernormTestAutoUID, expected_failure: NONE, use_manual_uids: false, forward_phase: TRAINING} (0 ms)
2026-05-07T17:22:38.6387022Z [ RUN      ] IntegrationLayernormForwardFp32.ExecutePluginPipeline/NotSetPhaseValidationFails
2026-05-07T17:22:38.6387794Z [       OK ] IntegrationLayernormForwardFp32.ExecutePluginPipeline/NotSetPhaseValidationFails (0 ms)
2026-05-07T17:22:38.6388717Z [ RUN      ] IntegrationLayernormForwardFp32.ExecutePluginPipeline/ExecuteFailsPlugin
2026-05-07T17:22:38.6389689Z C:/home/runner/_work/rocm-libraries/rocm-libraries/projects/hipdnn/tests/frontend/IntegrationLayernormForward.cpp(288): error: Expected equality of these values:
2026-05-07T17:22:38.6390450Z   result.code
2026-05-07T17:22:38.6390665Z     Which is: HIPDNN_BACKEND_ERROR
2026-05-07T17:22:38.6391005Z   ErrorCode::OK
2026-05-07T17:22:38.6391205Z     Which is: OK
2026-05-07T17:22:38.6391785Z Failed to finalize engine heuristic descriptor Backend error: EngineHeuristicDescriptor::finalize() failed: No heuristic policy succeeded.
2026-05-07T17:22:38.6392387Z 
2026-05-07T17:22:38.6393740Z [  FAILED  ] IntegrationLayernormForwardFp32.ExecutePluginPipeline/ExecuteFailsPlugin, where GetParam() = LayernormTestCase{plugin_path: .\test_plugins\custom\test_execute_fails_plugin.dll, description: ExecuteFailsPlugin, graph_name: ExecuteFailsPluginLayernormTest, expected_failure: EXECUTE, use_manual_uids: true, forward_phase: TRAINING} (2 ms)
2026-05-07T17:22:38.6395472Z [ RUN      ] IntegrationLayernormForwardFp32.ExecutePluginPipeline/NoApplicableEnginesPlugin
2026-05-07T17:22:38.6396328Z [       OK ] IntegrationLayernormForwardFp32.ExecutePluginPipeline/NoApplicableEnginesPlugin (1 ms)
2026-05-07T17:22:38.6396956Z [----------] 7 tests from IntegrationLayernormForwardFp32 (7 ms total)
2026-05-07T17:22:38.6397261Z 
2026-05-07T17:22:38.6397385Z [----------] 4 tests from IntegrationMatmulFp32
2026-05-07T17:22:38.6397838Z [ RUN      ] IntegrationMatmulFp32.ExecutePluginPipeline/GoodPluginManualUids
2026-05-07T17:22:38.6398675Z C:/home/runner/_work/rocm-libraries/rocm-libraries/projects/hipdnn/tests/frontend/IntegrationMatmul.cpp(199): error: Expected equality of these values:
2026-05-07T17:22:38.6399399Z   result.code
2026-05-07T17:22:38.6399601Z     Which is: HIPDNN_BACKEND_ERROR
2026-05-07T17:22:38.6399867Z   ErrorCode::OK
2026-05-07T17:22:38.6400055Z     Which is: OK
2026-05-07T17:22:38.6400671Z Failed to finalize engine heuristic descriptor Backend error: EngineHeuristicDescriptor::finalize() failed: No heuristic policy succeeded.
2026-05-07T17:22:38.6401264Z 
2026-05-07T17:22:38.6402360Z [  FAILED  ] IntegrationMatmulFp32.ExecutePluginPipeline/GoodPluginManualUids, where GetParam() = MatmulTestCase{ plugin_path: .\test_plugins\custom\test_good_plugin.dll, description: GoodPluginManualUids, graph_name: MatmulTestManualUID, expected_failure: NONE, use_manual_uids: true } (1 ms)
2026-05-07T17:22:38.6403785Z [ RUN      ] IntegrationMatmulFp32.ExecutePluginPipeline/GoodPluginAutoUids
2026-05-07T17:22:38.6404577Z C:/home/runner/_work/rocm-libraries/rocm-libraries/projects/hipdnn/tests/frontend/IntegrationMatmul.cpp(199): error: Expected equality of these values:
2026-05-07T17:22:38.6405226Z   result.code
2026-05-07T17:22:38.6405437Z     Which is: HIPDNN_BACKEND_ERROR
2026-05-07T17:22:38.6405681Z   ErrorCode::OK
2026-05-07T17:22:38.6405877Z     Which is: OK
2026-05-07T17:22:38.6406440Z Failed to finalize engine heuristic descriptor Backend error: EngineHeuristicDescriptor::finalize() failed: No heuristic policy succeeded.
2026-05-07T17:22:38.6407024Z 
2026-05-07T17:22:38.6408130Z [  FAILED  ] IntegrationMatmulFp32.ExecutePluginPipeline/GoodPluginAutoUids, where GetParam() = MatmulTestCase{ plugin_path: .\test_plugins\custom\test_good_plugin.dll, description: GoodPluginAutoUids, graph_name: MatmulTestAutoUID, expected_failure: NONE, use_manual_uids: false } (0 ms)
2026-05-07T17:22:38.6409488Z [ RUN      ] IntegrationMatmulFp32.ExecutePluginPipeline/ExecuteFailsPlugin
2026-05-07T17:22:38.6410352Z C:/home/runner/_work/rocm-libraries/rocm-libraries/projects/hipdnn/tests/frontend/IntegrationMatmul.cpp(199): error: Expected equality of these values:
2026-05-07T17:22:38.6411119Z   result.code
2026-05-07T17:22:38.6411335Z     Which is: HIPDNN_BACKEND_ERROR
2026-05-07T17:22:38.6411589Z   ErrorCode::OK
2026-05-07T17:22:38.6411792Z     Which is: OK
2026-05-07T17:22:38.6412497Z Failed to finalize engine heuristic descriptor Backend error: EngineHeuristicDescriptor::finalize() failed: No heuristic policy succeeded.
2026-05-07T17:22:38.6413093Z 
2026-05-07T17:22:38.6414151Z [  FAILED  ] IntegrationMatmulFp32.ExecutePluginPipeline/ExecuteFailsPlugin, where GetParam() = MatmulTestCase{ plugin_path: .\test_plugins\custom\test_execute_fails_plugin.dll, description: ExecuteFailsPlugin, graph_name: MatmulTestExecuteFail, expected_failure: EXECUTE, use_manual_uids: true } (0 ms)
2026-05-07T17:22:38.6415603Z [ RUN      ] IntegrationMatmulFp32.ExecutePluginPipeline/NoEnginesPlugin
2026-05-07T17:22:38.6416173Z [       OK ] IntegrationMatmulFp32.ExecutePluginPipeline/NoEnginesPlugin (0 ms)
2026-05-07T17:22:38.6416701Z [----------] 4 tests from IntegrationMatmulFp32 (3 ms total)
2026-05-07T17:22:38.6416963Z 
2026-05-07T17:22:38.6417174Z [----------] 9 tests from AllReductionModes/IntegrationReductionModeLowering
2026-05-07T17:22:38.6417864Z [ RUN      ] AllReductionModes/IntegrationReductionModeLowering.ModePreservedInLoweringRoundTrip/ADD
2026-05-07T17:22:38.6418740Z [       OK ] AllReductionModes/IntegrationReductionModeLowering.ModePreservedInLoweringRoundTrip/ADD (0 ms)
2026-05-07T17:22:38.6419598Z [ RUN      ] AllReductionModes/IntegrationReductionModeLowering.ModePreservedInLoweringRoundTrip/MUL
2026-05-07T17:22:38.6420416Z [       OK ] AllReductionModes/IntegrationReductionModeLowering.ModePreservedInLoweringRoundTrip/MUL (0 ms)
2026-05-07T17:22:38.6421288Z [ RUN      ] AllReductionModes/IntegrationReductionModeLowering.ModePreservedInLoweringRoundTrip/MIN
2026-05-07T17:22:38.6422116Z [       OK ] AllReductionModes/IntegrationReductionModeLowering.ModePreservedInLoweringRoundTrip/MIN (0 ms)
2026-05-07T17:22:38.6423067Z [ RUN      ] AllReductionModes/IntegrationReductionModeLowering.ModePreservedInLoweringRoundTrip/MAX
2026-05-07T17:22:38.6424019Z [       OK ] AllReductionModes/IntegrationReductionModeLowering.ModePreservedInLoweringRoundTrip/MAX (0 ms)
2026-05-07T17:22:38.6424993Z [ RUN      ] AllReductionModes/IntegrationReductionModeLowering.ModePreservedInLoweringRoundTrip/AMAX
2026-05-07T17:22:38.6425996Z [       OK ] AllReductionModes/IntegrationReductionModeLowering.ModePreservedInLoweringRoundTrip/AMAX (0 ms)
2026-05-07T17:22:38.6426931Z [ RUN      ] AllReductionModes/IntegrationReductionModeLowering.ModePreservedInLoweringRoundTrip/AVG
2026-05-07T17:22:38.6427791Z [       OK ] AllReductionModes/IntegrationReductionModeLowering.ModePreservedInLoweringRoundTrip/AVG (0 ms)
2026-05-07T17:22:38.6428707Z [ RUN      ] AllReductionModes/IntegrationReductionModeLowering.ModePreservedInLoweringRoundTrip/NORM1
2026-05-07T17:22:38.6429638Z [       OK ] AllReductionModes/IntegrationReductionModeLowering.ModePreservedInLoweringRoundTrip/NORM1 (0 ms)
2026-05-07T17:22:38.6430418Z [ RUN      ] AllReductionModes/IntegrationReductionModeLowering.ModePreservedInLoweringRoundTrip/NORM2
2026-05-07T17:22:38.6431367Z [       OK ] AllReductionModes/IntegrationReductionModeLowering.ModePreservedInLoweringRoundTrip/NORM2 (0 ms)
2026-05-07T17:22:38.6432319Z [ RUN      ] AllReductionModes/IntegrationReductionModeLowering.ModePreservedInLoweringRoundTrip/MUL_NO_ZEROS
2026-05-07T17:22:38.6433235Z [       OK ] AllReductionModes/IntegrationReductionModeLowering.ModePreservedInLoweringRoundTrip/MUL_NO_ZEROS (0 ms)
2026-05-07T17:22:38.6434088Z [----------] 9 tests from AllReductionModes/IntegrationReductionModeLowering (1 ms total)
2026-05-07T17:22:38.6434527Z 
2026-05-07T17:22:38.6434710Z [----------] 8 tests from IntegrationRMSNormForwardFp32
2026-05-07T17:22:38.6435293Z [ RUN      ] IntegrationRMSNormForwardFp32.ExecutePluginPipeline/TrainingWithManualUids
2026-05-07T17:22:38.6436233Z C:/home/runner/_work/rocm-libraries/rocm-libraries/projects/hipdnn/tests/frontend/IntegrationRMSNormForward.cpp(295): error: Expected equality of these values:
2026-05-07T17:22:38.6437001Z   result.code
2026-05-07T17:22:38.6437244Z     Which is: HIPDNN_BACKEND_ERROR
2026-05-07T17:22:38.6437558Z   ErrorCode::OK
2026-05-07T17:22:38.6437922Z     Which is: OK
2026-05-07T17:22:38.6438608Z Failed to finalize engine heuristic descriptor Backend error: EngineHeuristicDescriptor::finalize() failed: No heuristic policy succeeded.
2026-05-07T17:22:38.6439281Z 
2026-05-07T17:22:38.6440653Z [  FAILED  ] IntegrationRMSNormForwardFp32.ExecutePluginPipeline/TrainingWithManualUids, where GetParam() = RMSNormTestCase{plugin_path: .\test_plugins\custom\test_good_plugin.dll, description: TrainingWithManualUids, graph_name: DefaultPluginRMSNormTest, expected_failure: NONE, use_manual_uids: true, has_bias: false, forward_phase: TRAINING} (0 ms)
2026-05-07T17:22:38.6442332Z [ RUN      ] IntegrationRMSNormForwardFp32.ExecutePluginPipeline/TrainingWithAutoUids
2026-05-07T17:22:38.6443227Z C:/home/runner/_work/rocm-libraries/rocm-libraries/projects/hipdnn/tests/frontend/IntegrationRMSNormForward.cpp(295): error: Expected equality of these values:
2026-05-07T17:22:38.6444004Z   result.code
2026-05-07T17:22:38.6444194Z     Which is: HIPDNN_BACKEND_ERROR
2026-05-07T17:22:38.6444382Z   ErrorCode::OK
2026-05-07T17:22:38.6444601Z     Which is: OK
2026-05-07T17:22:38.6445249Z Failed to finalize engine heuristic descriptor Backend error: EngineHeuristicDescriptor::finalize() failed: No heuristic policy succeeded.
2026-05-07T17:22:38.6445788Z 
2026-05-07T17:22:38.6447099Z [  FAILED  ] IntegrationRMSNormForwardFp32.ExecutePluginPipeline/TrainingWithAutoUids, where GetParam() = RMSNormTestCase{plugin_path: .\test_plugins\custom\test_good_plugin.dll, description: TrainingWithAutoUids, graph_name: DefaultPluginRMSNormTestAutoUID, expected_failure: NONE, use_manual_uids: false, has_bias: false, forward_phase: TRAINING} (0 ms)
2026-05-07T17:22:38.6448934Z [ RUN      ] IntegrationRMSNormForwardFp32.ExecutePluginPipeline/TrainingWithBias
2026-05-07T17:22:38.6449975Z C:/home/runner/_work/rocm-libraries/rocm-libraries/projects/hipdnn/tests/frontend/IntegrationRMSNormForward.cpp(295): error: Expected equality of these values:
2026-05-07T17:22:38.6450721Z   result.code
2026-05-07T17:22:38.6450964Z     Which is: HIPDNN_BACKEND_ERROR
2026-05-07T17:22:38.6451254Z   ErrorCode::OK
2026-05-07T17:22:38.6451486Z     Which is: OK
2026-05-07T17:22:38.6452170Z Failed to finalize engine heuristic descriptor Backend error: EngineHeuristicDescriptor::finalize() failed: No heuristic policy succeeded.
2026-05-07T17:22:38.6452815Z 
2026-05-07T17:22:38.6454138Z [  FAILED  ] IntegrationRMSNormForwardFp32.ExecutePluginPipeline/TrainingWithBias, where GetParam() = RMSNormTestCase{plugin_path: .\test_plugins\custom\test_good_plugin.dll, description: TrainingWithBias, graph_name: DefaultPluginRMSNormTestWithBias, expected_failure: NONE, use_manual_uids: true, has_bias: true, forward_phase: TRAINING} (0 ms)
2026-05-07T17:22:38.6456147Z [ RUN      ] IntegrationRMSNormForwardFp32.ExecutePluginPipeline/InferenceNoBias
2026-05-07T17:22:38.6457141Z C:/home/runner/_work/rocm-libraries/rocm-libraries/projects/hipdnn/tests/frontend/IntegrationRMSNormForward.cpp(295): error: Expected equality of these values:
2026-05-07T17:22:38.6458010Z   result.code
2026-05-07T17:22:38.6458253Z     Which is: HIPDNN_BACKEND_ERROR
2026-05-07T17:22:38.6458584Z   ErrorCode::OK
2026-05-07T17:22:38.6458810Z     Which is: OK
2026-05-07T17:22:38.6459474Z Failed to finalize engine heuristic descriptor Backend error: EngineHeuristicDescriptor::finalize() failed: No heuristic policy succeeded.
2026-05-07T17:22:38.6460059Z 
2026-05-07T17:22:38.6461414Z [  FAILED  ] IntegrationRMSNormForwardFp32.ExecutePluginPipeline/InferenceNoBias, where GetParam() = RMSNormTestCase{plugin_path: .\test_plugins\custom\test_good_plugin.dll, description: InferenceNoBias, graph_name: InferenceRMSNormTest, expected_failure: NONE, use_manual_uids: true, has_bias: false, forward_phase: INFERENCE} (0 ms)
2026-05-07T17:22:38.6463118Z [ RUN      ] IntegrationRMSNormForwardFp32.ExecutePluginPipeline/InferenceWithBias
2026-05-07T17:22:38.6464228Z C:/home/runner/_work/rocm-libraries/rocm-libraries/projects/hipdnn/tests/frontend/IntegrationRMSNormForward.cpp(295): error: Expected equality of these values:
2026-05-07T17:22:38.6465072Z   result.code
2026-05-07T17:22:38.6465296Z     Which is: HIPDNN_BACKEND_ERROR
2026-05-07T17:22:38.6465617Z   ErrorCode::OK
2026-05-07T17:22:38.6465835Z     Which is: OK
2026-05-07T17:22:38.6466531Z Failed to finalize engine heuristic descriptor Backend error: EngineHeuristicDescriptor::finalize() failed: No heuristic policy succeeded.
2026-05-07T17:22:38.6467121Z 
2026-05-07T17:22:38.6468528Z [  FAILED  ] IntegrationRMSNormForwardFp32.ExecutePluginPipeline/InferenceWithBias, where GetParam() = RMSNormTestCase{plugin_path: .\test_plugins\custom\test_good_plugin.dll, description: InferenceWithBias, graph_name: InferenceRMSNormTestWithBias, expected_failure: NONE, use_manual_uids: true, has_bias: true, forward_phase: INFERENCE} (0 ms)
2026-05-07T17:22:38.6470221Z [ RUN      ] IntegrationRMSNormForwardFp32.ExecutePluginPipeline/NotSetPhaseValidationFails
2026-05-07T17:22:38.6471070Z [       OK ] IntegrationRMSNormForwardFp32.ExecutePluginPipeline/NotSetPhaseValidationFails (0 ms)
2026-05-07T17:22:38.6471884Z [ RUN      ] IntegrationRMSNormForwardFp32.ExecutePluginPipeline/ExecuteFailsPlugin
2026-05-07T17:22:38.6473188Z C:/home/runner/_work/rocm-libraries/rocm-libraries/projects/hipdnn/tests/frontend/IntegrationRMSNormForward.cpp(295): error: Expected equality of these values:
2026-05-07T17:22:38.6474017Z   result.code
2026-05-07T17:22:38.6474250Z     Which is: HIPDNN_BACKEND_ERROR
2026-05-07T17:22:38.6474536Z   ErrorCode::OK
2026-05-07T17:22:38.6474760Z     Which is: OK
2026-05-07T17:22:38.6475411Z Failed to finalize engine heuristic descriptor Backend error: EngineHeuristicDescriptor::finalize() failed: No heuristic policy succeeded.
2026-05-07T17:22:38.6475990Z 
2026-05-07T17:22:38.6477343Z [  FAILED  ] IntegrationRMSNormForwardFp32.ExecutePluginPipeline/ExecuteFailsPlugin, where GetParam() = RMSNormTestCase{plugin_path: .\test_plugins\custom\test_execute_fails_plugin.dll, description: ExecuteFailsPlugin, graph_name: ExecuteFailsPluginRMSNormTest, expected_failure: EXECUTE, use_manual_uids: true, has_bias: false, forward_phase: TRAINING} (1 ms)
2026-05-07T17:22:38.6479234Z [ RUN      ] IntegrationRMSNormForwardFp32.ExecutePluginPipeline/NoApplicableEnginesPlugin
2026-05-07T17:22:38.6480038Z [       OK ] IntegrationRMSNormForwardFp32.ExecutePluginPipeline/NoApplicableEnginesPlugin (1 ms)
2026-05-07T17:22:38.6480747Z [----------] 8 tests from IntegrationRMSNormForwardFp32 (4 ms total)
2026-05-07T17:22:38.6481028Z 
2026-05-07T17:22:38.6481155Z [----------] Global test environment tear-down
2026-05-07T17:22:38.6481542Z [==========] 259 tests from 49 test suites ran. (938 ms total)
2026-05-07T17:22:38.6481908Z [  PASSED  ] 217 tests.
2026-05-07T17:22:38.6482181Z [  FAILED  ] 42 tests, listed below:
2026-05-07T17:22:38.6482619Z [  FAILED  ] IntegrationGraphSupportCheck.SupportedWithGoodPlugin
2026-05-07T17:22:38.6483025Z [  FAILED  ] IntegrationGraphSupportCheck.SupportedWithMixedPlugins
2026-05-07T17:22:38.6483594Z [  FAILED  ] IntegrationGraphSupportCheck.AutoBuildsGraphIfNotBuilt
2026-05-07T17:22:38.6484156Z [  FAILED  ] IntegrationGraphSupportCheck.SkipsBuildIfAlreadyBuilt
2026-05-07T17:22:38.6484839Z [  FAILED  ] IntegrationGraphSupportCheck.SupportedAfterIsSupportedDoesNotCorruptState
2026-05-07T17:22:38.6486810Z [  FAILED  ] IntegrationBatchnormForwardInferenceFp32.ExecutePluginPipeline/DefaultPluginWithManualUids, where GetParam() = BatchnormTestCase{plugin_path: .\test_plugins\custom\test_good_plugin.dll, description: DefaultPluginWithManualUids, graph_name: DefaultPluginBatchnormTest, expected_failure: NONE, use_manual_uids: true}
2026-05-07T17:22:38.6490015Z [  FAILED  ] IntegrationBatchnormForwardInferenceFp32.ExecutePluginPipeline/DefaultPluginWithAutoUids, where GetParam() = BatchnormTestCase{plugin_path: .\test_plugins\custom\test_good_plugin.dll, description: DefaultPluginWithAutoUids, graph_name: DefaultPluginBatchnormTestAutoUID, expected_failure: NONE, use_manual_uids: false}
2026-05-07T17:22:38.6493041Z [  FAILED  ] IntegrationBatchnormForwardInferenceFp32.ExecutePluginPipeline/ExecuteFailsPlugin, where GetParam() = BatchnormTestCase{plugin_path: .\test_plugins\custom\test_execute_fails_plugin.dll, description: ExecuteFailsPlugin, graph_name: ExecuteFailsPluginBatchnormTest, expected_failure: EXECUTE, use_manual_uids: true}
2026-05-07T17:22:38.6496136Z [  FAILED  ] IntegrationBatchnormForwardInferenceVarianceExtFp32.ExecutePluginPipeline/DefaultPluginWithManualUids, where GetParam() = BatchnormVarianceExtTestCase{plugin_path: .\test_plugins\custom\test_good_plugin.dll, description: DefaultPluginWithManualUids, graph_name: DefaultPluginBatchnormVarianceExtTest, expected_failure: NONE, use_manual_uids: true}
2026-05-07T17:22:38.6499145Z [  FAILED  ] IntegrationBatchnormForwardInferenceVarianceExtFp32.ExecutePluginPipeline/DefaultPluginWithAutoUids, where GetParam() = BatchnormVarianceExtTestCase{plugin_path: .\test_plugins\custom\test_good_plugin.dll, description: DefaultPluginWithAutoUids, graph_name: DefaultPluginBatchnormVarianceExtTestAutoUID, expected_failure: NONE, use_manual_uids: false}
2026-05-07T17:22:38.6502260Z [  FAILED  ] IntegrationBatchnormForwardInferenceVarianceExtFp32.ExecutePluginPipeline/ExecuteFailsPlugin, where GetParam() = BatchnormVarianceExtTestCase{plugin_path: .\test_plugins\custom\test_execute_fails_plugin.dll, description: ExecuteFailsPlugin, graph_name: ExecuteFailsPluginBatchnormVarianceExtTest, expected_failure: EXECUTE, use_manual_uids: true}
2026-05-07T17:22:38.6506243Z [  FAILED  ] IntegrationBlockScaleDequantizeFp32.ExecutePluginPipeline/WithManualUids, where GetParam() = BlockScaleDequantizeTestCase{plugin_path: .\test_plugins\custom\test_good_plugin.dll, description: WithManualUids, graph_name: BlockScaleDequantizeManualUids, expected_failure: NONE, use_manual_uids: true, use_negative_scale: false}
2026-05-07T17:22:38.6508700Z [  FAILED  ] IntegrationBlockScaleDequantizeFp32.ExecutePluginPipeline/WithAutoUids, where GetParam() = BlockScaleDequantizeTestCase{plugin_path: .\test_plugins\custom\test_good_plugin.dll, description: WithAutoUids, graph_name: BlockScaleDequantizeAutoUids, expected_failure: NONE, use_manual_uids: false, use_negative_scale: false}
2026-05-07T17:22:38.6511543Z [  FAILED  ] IntegrationBlockScaleDequantizeFp32.ExecutePluginPipeline/WithNegativeScale, where GetParam() = BlockScaleDequantizeTestCase{plugin_path: .\test_plugins\custom\test_good_plugin.dll, description: WithNegativeScale, graph_name: BlockScaleDequantizeNegScale, expected_failure: NONE, use_manual_uids: true, use_negative_scale: true}
2026-05-07T17:22:38.6514404Z [  FAILED  ] IntegrationBlockScaleDequantizeFp32.ExecutePluginPipeline/ExecuteFailsPlugin, where GetParam() = BlockScaleDequantizeTestCase{plugin_path: .\test_plugins\custom\test_execute_fails_plugin.dll, description: ExecuteFailsPlugin, graph_name: ExecuteFailsBlockScaleDequantize, expected_failure: EXECUTE, use_manual_uids: true, use_negative_scale: false}
2026-05-07T17:22:38.6517198Z [  FAILED  ] IntegrationBlockScaleQuantizeFp32.ExecutePluginPipeline/WithManualUids, where GetParam() = BlockScaleQuantizeTestCase{plugin_path: .\test_plugins\custom\test_good_plugin.dll, description: WithManualUids, graph_name: BlockScaleQuantizeManualUids, expected_failure: NONE, use_manual_uids: true, use_transpose: false}
2026-05-07T17:22:38.6519796Z [  FAILED  ] IntegrationBlockScaleQuantizeFp32.ExecutePluginPipeline/WithAutoUids, where GetParam() = BlockScaleQuantizeTestCase{plugin_path: .\test_plugins\custom\test_good_plugin.dll, description: WithAutoUids, graph_name: BlockScaleQuantizeAutoUids, expected_failure: NONE, use_manual_uids: false, use_transpose: false}
2026-05-07T17:22:38.6522820Z [  FAILED  ] IntegrationBlockScaleQuantizeFp32.ExecutePluginPipeline/WithTranspose, where GetParam() = BlockScaleQuantizeTestCase{plugin_path: .\test_plugins\custom\test_good_plugin.dll, description: WithTranspose, graph_name: BlockScaleQuantizeTranspose, expected_failure: NONE, use_manual_uids: true, use_transpose: true}
2026-05-07T17:22:38.6526724Z [  FAILED  ] IntegrationBlockScaleQuantizeFp32.ExecutePluginPipeline/ExecuteFailsPlugin, where GetParam() = BlockScaleQuantizeTestCase{plugin_path: .\test_plugins\custom\test_execute_fails_plugin.dll, description: ExecuteFailsPlugin, graph_name: ExecuteFailsBlockScaleQuantize, expected_failure: EXECUTE, use_manual_uids: true, use_transpose: false}
2026-05-07T17:22:38.6529682Z [  FAILED  ] IntegrationConvolutionForwardFp32.ExecutePluginPipeline/DefaultPluginWithManualUids, where GetParam() = ConvTestCase{plugin_path: .\test_plugins\custom\test_good_plugin.dll, description: DefaultPluginWithManualUids, graph_name: DefaultPluginBatchnormTest, expected_failure: NONE, use_manual_uids: true}
2026-05-07T17:22:38.6532393Z [  FAILED  ] IntegrationConvolutionForwardFp32.ExecutePluginPipeline/DefaultPluginWithAutoUids, where GetParam() = ConvTestCase{plugin_path: .\test_plugins\custom\test_good_plugin.dll, description: DefaultPluginWithAutoUids, graph_name: DefaultPluginBatchnormTestAutoUID, expected_failure: NONE, use_manual_uids: false}
2026-05-07T17:22:38.6535382Z [  FAILED  ] IntegrationConvolutionForwardFp32.ExecutePluginPipeline/ExecuteFailsPlugin, where GetParam() = ConvTestCase{plugin_path: .\test_plugins\custom\test_execute_fails_plugin.dll, description: ExecuteFailsPlugin, graph_name: ExecuteFailsPluginBatchnormTest, expected_failure: EXECUTE, use_manual_uids: true}
2026-05-07T17:22:38.6538641Z [  FAILED  ] IntegrationConvolutionBackwardDataFp32.ExecutePluginPipeline/DefaultPluginWithManualUids, where GetParam() = ConvolutionBackwardDataTestCase{plugin_path: .\test_plugins\custom\test_good_plugin.dll, description: DefaultPluginWithManualUids, graph_name: DefaultPluginConvBackwardDataTest, expected_failure: NONE, use_manual_uids: true}
2026-05-07T17:22:38.6541525Z [  FAILED  ] IntegrationConvolutionBackwardDataFp32.ExecutePluginPipeline/DefaultPluginWithAutoUids, where GetParam() = ConvolutionBackwardDataTestCase{plugin_path: .\test_plugins\custom\test_good_plugin.dll, description: DefaultPluginWithAutoUids, graph_name: DefaultPluginConvBackwardDataTestAutoUID, expected_failure: NONE, use_manual_uids: false}
2026-05-07T17:22:38.6544604Z [  FAILED  ] IntegrationConvolutionBackwardDataFp32.ExecutePluginPipeline/ExecuteFailsPlugin, where GetParam() = ConvolutionBackwardDataTestCase{plugin_path: .\test_plugins\custom\test_execute_fails_plugin.dll, description: ExecuteFailsPlugin, graph_name: ExecuteFailsPluginConvBackwardDataTest, expected_failure: EXECUTE, use_manual_uids: true}
2026-05-07T17:22:38.6547614Z [  FAILED  ] IntegrationConvolutionBackwardWeightFp32.ExecutePluginPipeline/DefaultPluginWithManualUids, where GetParam() = ConvolutionBackwardWeightTestCase{plugin_path: .\test_plugins\custom\test_good_plugin.dll, description: DefaultPluginWithManualUids, graph_name: DefaultPluginConvBackwardWeightTest, expected_failure: NONE, use_manual_uids: true}
2026-05-07T17:22:38.6550930Z [  FAILED  ] IntegrationConvolutionBackwardWeightFp32.ExecutePluginPipeline/DefaultPluginWithAutoUids, where GetParam() = ConvolutionBackwardWeightTestCase{plugin_path: .\test_plugins\custom\test_good_plugin.dll, description: DefaultPluginWithAutoUids, graph_name: DefaultPluginConvBackwardWeightTestAutoUID, expected_failure: NONE, use_manual_uids: false}
2026-05-07T17:22:38.6554149Z [  FAILED  ] IntegrationConvolutionBackwardWeightFp32.ExecutePluginPipeline/ExecuteFailsPlugin, where GetParam() = ConvolutionBackwardWeightTestCase{plugin_path: .\test_plugins\custom\test_execute_fails_plugin.dll, description: ExecuteFailsPlugin, graph_name: ExecuteFailsPluginConvBackwardWeightTest, expected_failure: EXECUTE, use_manual_uids: true}
2026-05-07T17:22:38.6556992Z [  FAILED  ] IntegrationLayernormForwardFp32.ExecutePluginPipeline/InferenceWithManualUids, where GetParam() = LayernormTestCase{plugin_path: .\test_plugins\custom\test_good_plugin.dll, description: InferenceWithManualUids, graph_name: DefaultPluginLayernormTest, expected_failure: NONE, use_manual_uids: true, forward_phase: INFERENCE}
2026-05-07T17:22:38.6560033Z [  FAILED  ] IntegrationLayernormForwardFp32.ExecutePluginPipeline/InferenceWithAutoUids, where GetParam() = LayernormTestCase{plugin_path: .\test_plugins\custom\test_good_plugin.dll, description: InferenceWithAutoUids, graph_name: DefaultPluginLayernormTestAutoUID, expected_failure: NONE, use_manual_uids: false, forward_phase: INFERENCE}
2026-05-07T17:22:38.6562952Z [  FAILED  ] IntegrationLayernormForwardFp32.ExecutePluginPipeline/TrainingWithManualUids, where GetParam() = LayernormTestCase{plugin_path: .\test_plugins\custom\test_good_plugin.dll, description: TrainingWithManualUids, graph_name: TrainingPluginLayernormTest, expected_failure: NONE, use_manual_uids: true, forward_phase: TRAINING}
2026-05-07T17:22:38.6565592Z [  FAILED  ] IntegrationLayernormForwardFp32.ExecutePluginPipeline/TrainingWithAutoUids, where GetParam() = LayernormTestCase{plugin_path: .\test_plugins\custom\test_good_plugin.dll, description: TrainingWithAutoUids, graph_name: TrainingPluginLayernormTestAutoUID, expected_failure: NONE, use_manual_uids: false, forward_phase: TRAINING}
2026-05-07T17:22:38.6568781Z [  FAILED  ] IntegrationLayernormForwardFp32.ExecutePluginPipeline/ExecuteFailsPlugin, where GetParam() = LayernormTestCase{plugin_path: .\test_plugins\custom\test_execute_fails_plugin.dll, description: ExecuteFailsPlugin, graph_name: ExecuteFailsPluginLayernormTest, expected_failure: EXECUTE, use_manual_uids: true, forward_phase: TRAINING}
2026-05-07T17:22:38.6571693Z [  FAILED  ] IntegrationMatmulFp32.ExecutePluginPipeline/GoodPluginManualUids, where GetParam() = MatmulTestCase{ plugin_path: .\test_plugins\custom\test_good_plugin.dll, description: GoodPluginManualUids, graph_name: MatmulTestManualUID, expected_failure: NONE, use_manual_uids: true }
2026-05-07T17:22:38.6574219Z [  FAILED  ] IntegrationMatmulFp32.ExecutePluginPipeline/GoodPluginAutoUids, where GetParam() = MatmulTestCase{ plugin_path: .\test_plugins\custom\test_good_plugin.dll, description: GoodPluginAutoUids, graph_name: MatmulTestAutoUID, expected_failure: NONE, use_manual_uids: false }
2026-05-07T17:22:38.6576728Z [  FAILED  ] IntegrationMatmulFp32.ExecutePluginPipeline/ExecuteFailsPlugin, where GetParam() = MatmulTestCase{ plugin_path: .\test_plugins\custom\test_execute_fails_plugin.dll, description: ExecuteFailsPlugin, graph_name: MatmulTestExecuteFail, expected_failure: EXECUTE, use_manual_uids: true }
2026-05-07T17:22:38.6579386Z [  FAILED  ] IntegrationRMSNormForwardFp32.ExecutePluginPipeline/TrainingWithManualUids, where GetParam() = RMSNormTestCase{plugin_path: .\test_plugins\custom\test_good_plugin.dll, description: TrainingWithManualUids, graph_name: DefaultPluginRMSNormTest, expected_failure: NONE, use_manual_uids: true, has_bias: false, forward_phase: TRAINING}
2026-05-07T17:22:38.6582446Z [  FAILED  ] IntegrationRMSNormForwardFp32.ExecutePluginPipeline/TrainingWithAutoUids, where GetParam() = RMSNormTestCase{plugin_path: .\test_plugins\custom\test_good_plugin.dll, description: TrainingWithAutoUids, graph_name: DefaultPluginRMSNormTestAutoUID, expected_failure: NONE, use_manual_uids: false, has_bias: false, forward_phase: TRAINING}
2026-05-07T17:22:38.6585675Z [  FAILED  ] IntegrationRMSNormForwardFp32.ExecutePluginPipeline/TrainingWithBias, where GetParam() = RMSNormTestCase{plugin_path: .\test_plugins\custom\test_good_plugin.dll, description: TrainingWithBias, graph_name: DefaultPluginRMSNormTestWithBias, expected_failure: NONE, use_manual_uids: true, has_bias: true, forward_phase: TRAINING}
2026-05-07T17:22:38.6588584Z [  FAILED  ] IntegrationRMSNormForwardFp32.ExecutePluginPipeline/InferenceNoBias, where GetParam() = RMSNormTestCase{plugin_path: .\test_plugins\custom\test_good_plugin.dll, description: InferenceNoBias, graph_name: InferenceRMSNormTest, expected_failure: NONE, use_manual_uids: true, has_bias: false, forward_phase: INFERENCE}
2026-05-07T17:22:38.6591823Z [  FAILED  ] IntegrationRMSNormForwardFp32.ExecutePluginPipeline/InferenceWithBias, where GetParam() = RMSNormTestCase{plugin_path: .\test_plugins\custom\test_good_plugin.dll, description: InferenceWithBias, graph_name: InferenceRMSNormTestWithBias, expected_failure: NONE, use_manual_uids: true, has_bias: true, forward_phase: INFERENCE}
2026-05-07T17:22:38.6594398Z [  FAILED  ] IntegrationRMSNormForwardFp32.ExecutePluginPipeline/ExecuteFailsPlugin, where GetParam() = RMSNormTestCase{plugin_path: .\test_plugins\custom\test_execute_fails_plugin.dll, description: ExecuteFailsPlugin, graph_name: ExecuteFailsPluginRMSNormTest, expected_failure: EXECUTE, use_manual_uids: true, has_bias: false, forward_phase: TRAINING}
2026-05-07T17:22:38.6596153Z 
2026-05-07T17:22:38.6596233Z 42 FAILED TESTS
2026-05-07T17:22:38.6596378Z 
2026-05-07T17:22:40.1554505Z  9/10 Test  #3: hipdnn_backend_tests ....................***Failed    2.79 sec
2026-05-07T17:22:40.1554793Z [==========] Running 2625 tests from 126 test suites.
2026-05-07T17:22:40.1554990Z [----------] Global test environment set-up.
2026-05-07T17:22:40.1555166Z [----------] 7 tests from TestBackendDescriptor
2026-05-07T17:22:40.1555420Z [ RUN      ] TestBackendDescriptor.PackAndUnpackDescriptorWorks
2026-05-07T17:22:40.1555687Z [       OK ] TestBackendDescriptor.PackAndUnpackDescriptorWorks (0 ms)
2026-05-07T17:22:40.1556236Z [ RUN      ] TestBackendDescriptor.AsDescriptorCastsCorrectly
2026-05-07T17:22:40.1556471Z [       OK ] TestBackendDescriptor.AsDescriptorCastsCorrectly (0 ms)
2026-05-07T17:22:40.1556723Z [ RUN      ] TestBackendDescriptor.UnpackDescriptorFromArrayWorks
2026-05-07T17:22:40.1556983Z [       OK ] TestBackendDescriptor.UnpackDescriptorFromArrayWorks (0 ms)
2026-05-07T17:22:40.1557230Z [ RUN      ] TestBackendDescriptor.PackDescriptorToArrayWorks
2026-05-07T17:22:40.1557467Z [       OK ] TestBackendDescriptor.PackDescriptorToArrayWorks (0 ms)
2026-05-07T17:22:40.1557731Z [ RUN      ] TestBackendDescriptor.UnpackDescriptorThrowsOnNullDescriptor
2026-05-07T17:22:40.1558033Z [       OK ] TestBackendDescriptor.UnpackDescriptorThrowsOnNullDescriptor (0 ms)
2026-05-07T17:22:40.1558352Z [ RUN      ] TestBackendDescriptor.UnpackDescriptorThrowsOnNullPrivateDescriptor
2026-05-07T17:22:40.1558738Z [       OK ] TestBackendDescriptor.UnpackDescriptorThrowsOnNullPrivateDescriptor (0 ms)
2026-05-07T17:22:40.1559073Z [ RUN      ] TestBackendDescriptor.UnpackDescriptorFromArrayThrowsOnNullArray
2026-05-07T17:22:40.1559388Z [       OK ] TestBackendDescriptor.UnpackDescriptorFromArrayThrowsOnNullArray (0 ms)
2026-05-07T17:22:40.1559667Z [----------] 7 tests from TestBackendDescriptor (11 ms total)
2026-05-07T17:22:40.1559799Z 
2026-05-07T17:22:40.1559910Z [----------] 36 tests from TestBlockScaleDequantizeOperationDescriptor
2026-05-07T17:22:40.1560182Z [ RUN      ] TestBlockScaleDequantizeOperationDescriptor.CreateDescriptor
2026-05-07T17:22:40.1560480Z [       OK ] TestBlockScaleDequantizeOperationDescriptor.CreateDescriptor (0 ms)
2026-05-07T17:22:40.1560813Z [ RUN      ] TestBlockScaleDequantizeOperationDescriptor.FinalizeWithRequiredAttributes
2026-05-07T17:22:40.1561195Z [       OK ] TestBlockScaleDequantizeOperationDescriptor.FinalizeWithRequiredAttributes (0 ms)
2026-05-07T17:22:40.1561538Z [ RUN      ] TestBlockScaleDequantizeOperationDescriptor.SetTensorDescriptorX
2026-05-07T17:22:40.1561856Z [       OK ] TestBlockScaleDequantizeOperationDescriptor.SetTensorDescriptorX (0 ms)
2026-05-07T17:22:40.1562182Z [ RUN      ] TestBlockScaleDequantizeOperationDescriptor.SetTensorDescriptorScale
2026-05-07T17:22:40.1562517Z [       OK ] TestBlockScaleDequantizeOperationDescriptor.SetTensorDescriptorScale (0 ms)
2026-05-07T17:22:40.1562843Z [ RUN      ] TestBlockScaleDequantizeOperationDescriptor.SetTensorDescriptorY
2026-05-07T17:22:40.1563157Z [       OK ] TestBlockScaleDequantizeOperationDescriptor.SetTensorDescriptorY (0 ms)
2026-05-07T17:22:40.1563490Z [ RUN      ] TestBlockScaleDequantizeOperationDescriptor.SetTensorFailsNotFinalized
2026-05-07T17:22:40.1563832Z [       OK ] TestBlockScaleDequantizeOperationDescriptor.SetTensorFailsNotFinalized (0 ms)
2026-05-07T17:22:40.1564337Z [ RUN      ] TestBlockScaleDequantizeOperationDescriptor.SetTensorFailsWrongType
2026-05-07T17:22:40.1564673Z [       OK ] TestBlockScaleDequantizeOperationDescriptor.SetTensorFailsWrongType (0 ms)
2026-05-07T17:22:40.1565037Z [ RUN      ] TestBlockScaleDequantizeOperationDescriptor.SetTensorFailsWrongElementCount
2026-05-07T17:22:40.1565420Z [       OK ] TestBlockScaleDequantizeOperationDescriptor.SetTensorFailsWrongElementCount (0 ms)
2026-05-07T17:22:40.1565788Z [ RUN      ] TestBlockScaleDequantizeOperationDescriptor.SetTensorFailsNullPointer
2026-05-07T17:22:40.1566134Z [       OK ] TestBlockScaleDequantizeOperationDescriptor.SetTensorFailsNullPointer (0 ms)
2026-05-07T17:22:40.1566450Z [ RUN      ] TestBlockScaleDequantizeOperationDescriptor.SetBlockSize
2026-05-07T17:22:40.1566730Z [       OK ] TestBlockScaleDequantizeOperationDescriptor.SetBlockSize (0 ms)
2026-05-07T17:22:40.1567033Z [ RUN      ] TestBlockScaleDequantizeOperationDescriptor.SetIsNegativeScale
2026-05-07T17:22:40.1567344Z [       OK ] TestBlockScaleDequantizeOperationDescriptor.SetIsNegativeScale (0 ms)
2026-05-07T17:22:40.1567651Z [ RUN      ] TestBlockScaleDequantizeOperationDescriptor.SetComputeDataType
2026-05-07T17:22:40.1568090Z [       OK ] TestBlockScaleDequantizeOperationDescriptor.SetComputeDataType (0 ms)
2026-05-07T17:22:40.1568446Z [ RUN      ] TestBlockScaleDequantizeOperationDescriptor.SetComputeDataTypeWrongElementCount
2026-05-07T17:22:40.1568850Z [       OK ] TestBlockScaleDequantizeOperationDescriptor.SetComputeDataTypeWrongElementCount (0 ms)
2026-05-07T17:22:40.1569237Z [ RUN      ] TestBlockScaleDequantizeOperationDescriptor.SetBlockSizeParamsWrongType
2026-05-07T17:22:40.1569600Z [       OK ] TestBlockScaleDequantizeOperationDescriptor.SetBlockSizeParamsWrongType (0 ms)
2026-05-07T17:22:40.1569972Z [ RUN      ] TestBlockScaleDequantizeOperationDescriptor.SetAttributeFailsAfterFinalize
2026-05-07T17:22:40.1570342Z [       OK ] TestBlockScaleDequantizeOperationDescriptor.SetAttributeFailsAfterFinalize (0 ms)
2026-05-07T17:22:40.1570701Z [ RUN      ] TestBlockScaleDequantizeOperationDescriptor.SetAttributeUnsupported
2026-05-07T17:22:40.1571034Z [       OK ] TestBlockScaleDequantizeOperationDescriptor.SetAttributeUnsupported (0 ms)
2026-05-07T17:22:40.1571443Z [ RUN      ] TestBlockScaleDequantizeOperationDescriptor.GetAttributeBlockSize
2026-05-07T17:22:40.1571771Z [       OK ] TestBlockScaleDequantizeOperationDescriptor.GetAttributeBlockSize (0 ms)
2026-05-07T17:22:40.1572164Z [ RUN      ] TestBlockScaleDequantizeOperationDescriptor.GetAttributeIsNegativeScaleDefaultFalse
2026-05-07T17:22:40.1572619Z [       OK ] TestBlockScaleDequantizeOperationDescriptor.GetAttributeIsNegativeScaleDefaultFalse (0 ms)
2026-05-07T17:22:40.1573047Z [ RUN      ] TestBlockScaleDequantizeOperationDescriptor.GetAttributeIsNegativeScaleWhenTrue
2026-05-07T17:22:40.1573461Z [       OK ] TestBlockScaleDequantizeOperationDescriptor.GetAttributeIsNegativeScaleWhenTrue (0 ms)
2026-05-07T17:22:40.1573840Z [ RUN      ] TestBlockScaleDequantizeOperationDescriptor.GetAttributeComputeType
2026-05-07T17:22:40.1574180Z [       OK ] TestBlockScaleDequantizeOperationDescriptor.GetAttributeComputeType (0 ms)
2026-05-07T17:22:40.1574564Z [ RUN      ] TestBlockScaleDequantizeOperationDescriptor.GetAttributeBlockSizeQueryReturnsSize
2026-05-07T17:22:40.1574998Z [       OK ] TestBlockScaleDequantizeOperationDescriptor.GetAttributeBlockSizeQueryReturnsSize (0 ms)
2026-05-07T17:22:40.1575446Z [ RUN      ] TestBlockScaleDequantizeOperationDescriptor.GetAttributeIsNegativeScaleQueryReturnsOne
2026-05-07T17:22:40.1575902Z [       OK ] TestBlockScaleDequantizeOperationDescriptor.GetAttributeIsNegativeScaleQueryReturnsOne (0 ms)
2026-05-07T17:22:40.1576349Z [ RUN      ] TestBlockScaleDequantizeOperationDescriptor.GetAttributeComputeTypeQueryReturnsOne
2026-05-07T17:22:40.1576786Z [       OK ] TestBlockScaleDequantizeOperationDescriptor.GetAttributeComputeTypeQueryReturnsOne (0 ms)
2026-05-07T17:22:40.1577283Z [ RUN      ] TestBlockScaleDequantizeOperationDescriptor.GetAttributeBlockSizeQueryThenRetrieve
2026-05-07T17:22:40.1577703Z [       OK ] TestBlockScaleDequantizeOperationDescriptor.GetAttributeBlockSizeQueryThenRetrieve (0 ms)
2026-05-07T17:22:40.1578107Z [ RUN      ] TestBlockScaleDequantizeOperationDescriptor.GetAttributeFailsBeforeFinalize
2026-05-07T17:22:40.1578487Z [       OK ] TestBlockScaleDequantizeOperationDescriptor.GetAttributeFailsBeforeFinalize (0 ms)
2026-05-07T17:22:40.1578868Z [ RUN      ] TestBlockScaleDequantizeOperationDescriptor.GetAttributeFailsNullPointer
2026-05-07T17:22:40.1579232Z [       OK ] TestBlockScaleDequantizeOperationDescriptor.GetAttributeFailsNullPointer (0 ms)
2026-05-07T17:22:40.1579587Z [ RUN      ] TestBlockScaleDequantizeOperationDescriptor.GetAttributeUnsupported
2026-05-07T17:22:40.1579933Z [       OK ] TestBlockScaleDequantizeOperationDescriptor.GetAttributeUnsupported (0 ms)
2026-05-07T17:22:40.1580331Z [ RUN      ] TestBlockScaleDequantizeOperationDescriptor.GetAttributeTensorQueryFailsNullElementCount
2026-05-07T17:22:40.1580799Z [       OK ] TestBlockScaleDequantizeOperationDescriptor.GetAttributeTensorQueryFailsNullElementCount (0 ms)
2026-05-07T17:22:40.1581228Z [ RUN      ] TestBlockScaleDequantizeOperationDescriptor.FinalizePreservesTensorReferences
2026-05-07T17:22:40.1581680Z [       OK ] TestBlockScaleDequantizeOperationDescriptor.FinalizePreservesTensorReferences (0 ms)
2026-05-07T17:22:40.1582059Z [ RUN      ] TestBlockScaleDequantizeOperationDescriptor.ToStringContainsExpectedInfo
2026-05-07T17:22:40.1582423Z [       OK ] TestBlockScaleDequantizeOperationDescriptor.ToStringContainsExpectedInfo (0 ms)
2026-05-07T17:22:40.1582787Z [ RUN      ] TestBlockScaleDequantizeOperationDescriptor.BuildNodeProducesCorrectNodeT
2026-05-07T17:22:40.1583154Z [       OK ] TestBlockScaleDequantizeOperationDescriptor.BuildNodeProducesCorrectNodeT (0 ms)
2026-05-07T17:22:40.1583538Z [ RUN      ] TestBlockScaleDequantizeOperationDescriptor.BuildNodeWithIsNegativeScaleTrue
2026-05-07T17:22:40.1583930Z [       OK ] TestBlockScaleDequantizeOperationDescriptor.BuildNodeWithIsNegativeScaleTrue (0 ms)
2026-05-07T17:22:40.1584305Z [ RUN      ] TestBlockScaleDequantizeOperationDescriptor.BuildNodeWithHalfComputeType
2026-05-07T17:22:40.1584671Z [       OK ] TestBlockScaleDequantizeOperationDescriptor.BuildNodeWithHalfComputeType (0 ms)
2026-05-07T17:22:40.1585056Z [ RUN      ] TestBlockScaleDequantizeOperationDescriptor.GetTensorDescriptorsOrderIsXScaleY
2026-05-07T17:22:40.1585456Z [       OK ] TestBlockScaleDequantizeOperationDescriptor.GetTensorDescriptorsOrderIsXScaleY (0 ms)
2026-05-07T17:22:40.1585853Z [ RUN      ] TestBlockScaleDequantizeOperationDescriptor.TryAsInterfaceReturnsValidGraphOp
2026-05-07T17:22:40.1586246Z [       OK ] TestBlockScaleDequantizeOperationDescriptor.TryAsInterfaceReturnsValidGraphOp (0 ms)
2026-05-07T17:22:40.1586649Z [ RUN      ] TestBlockScaleDequantizeOperationDescriptor.TryAsInterfaceReturnsNullForWrongType
2026-05-07T17:22:40.1587075Z [       OK ] TestBlockScaleDequantizeOperationDescriptor.TryAsInterfaceReturnsNullForWrongType (0 ms)
2026-05-07T17:22:40.1587444Z [----------] 36 tests from TestBlockScaleDequantizeOperationDescriptor (96 ms total)
2026-05-07T17:22:40.1587633Z 
2026-05-07T17:22:40.1587735Z [----------] 16 tests from TestBlockScaleDequantizeOperationFromNode
2026-05-07T17:22:40.1588033Z [ RUN      ] TestBlockScaleDequantizeOperationFromNode.CreatesValidFinalizedDescriptor
2026-05-07T17:22:40.1588407Z [       OK ] TestBlockScaleDequantizeOperationFromNode.CreatesValidFinalizedDescriptor (0 ms)
2026-05-07T17:22:40.1588765Z [ RUN      ] TestBlockScaleDequantizeOperationFromNode.NodeFactoryDelegatesCorrectly
2026-05-07T17:22:40.1589120Z [       OK ] TestBlockScaleDequantizeOperationFromNode.NodeFactoryDelegatesCorrectly (0 ms)
2026-05-07T17:22:40.1589466Z [ RUN      ] TestBlockScaleDequantizeOperationFromNode.PreservesComputeDataType
2026-05-07T17:22:40.1589793Z [       OK ] TestBlockScaleDequantizeOperationFromNode.PreservesComputeDataType (0 ms)
2026-05-07T17:22:40.1600763Z [ RUN      ] TestBlockScaleDequantizeOperationFromNode.SetsTensorReferences
2026-05-07T17:22:40.1601224Z [       OK ] TestBlockScaleDequantizeOperationFromNode.SetsTensorReferences (0 ms)
2026-05-07T17:22:40.1601818Z [ RUN      ] TestBlockScaleDequantizeOperationFromNode.TensorReferencesMatchTensorMap
2026-05-07T17:22:40.1602220Z [       OK ] TestBlockScaleDequantizeOperationFromNode.TensorReferencesMatchTensorMap (0 ms)
2026-05-07T17:22:40.1602604Z [ RUN      ] TestBlockScaleDequantizeOperationFromNode.SetsTensorReferencesWithFullValues
2026-05-07T17:22:40.1603005Z [       OK ] TestBlockScaleDequantizeOperationFromNode.SetsTensorReferencesWithFullValues (0 ms)
2026-05-07T17:22:40.1603375Z [ RUN      ] TestBlockScaleDequantizeOperationFromNode.FailsWithMissingXTensor
2026-05-07T17:22:40.1603704Z [       OK ] TestBlockScaleDequantizeOperationFromNode.FailsWithMissingXTensor (0 ms)
2026-05-07T17:22:40.1604052Z [ RUN      ] TestBlockScaleDequantizeOperationFromNode.FailsWithMissingScaleTensor
2026-05-07T17:22:40.1604484Z [       OK ] TestBlockScaleDequantizeOperationFromNode.FailsWithMissingScaleTensor (0 ms)
2026-05-07T17:22:40.1604853Z [ RUN      ] TestBlockScaleDequantizeOperationFromNode.FailsWithMissingYTensor
2026-05-07T17:22:40.1605368Z [       OK ] TestBlockScaleDequantizeOperationFromNode.FailsWithMissingYTensor (0 ms)
2026-05-07T17:22:40.1605849Z [ RUN      ] TestBlockScaleDequantizeOperationFromNode.GetTensorDescriptorsReturnsAllTensors
2026-05-07T17:22:40.1606264Z [       OK ] TestBlockScaleDequantizeOperationFromNode.GetTensorDescriptorsReturnsAllTensors (0 ms)
2026-05-07T17:22:40.1606640Z [ RUN      ] TestBlockScaleDequantizeOperationFromNode.BuildNodeRoundTrip
2026-05-07T17:22:40.1606946Z [       OK ] TestBlockScaleDequantizeOperationFromNode.BuildNodeRoundTrip (0 ms)
2026-05-07T17:22:40.1607295Z [ RUN      ] TestBlockScaleDequantizeOperationFromNode.FromNodePreservesIsNegativeScale
2026-05-07T17:22:40.1607693Z [       OK ] TestBlockScaleDequantizeOperationFromNode.FromNodePreservesIsNegativeScale (0 ms)
2026-05-07T17:22:40.1608191Z [ RUN      ] TestBlockScaleDequantizeOperationFromNode.GetAttributeWorksAfterFromNode
2026-05-07T17:22:40.1608708Z [       OK ] TestBlockScaleDequantizeOperationFromNode.GetAttributeWorksAfterFromNode (0 ms)
2026-05-07T17:22:40.1609064Z [ RUN      ] TestBlockScaleDequantizeOperationFromNode.NamePreservedFromNode
2026-05-07T17:22:40.1609499Z [       OK ] TestBlockScaleDequantizeOperationFromNode.NamePreservedFromNode (0 ms)
2026-05-07T17:22:40.1609836Z [ RUN      ] TestBlockScaleDequantizeOperationFromNode.EmptyNamePreservedFromNode
2026-05-07T17:22:40.1610181Z [       OK ] TestBlockScaleDequantizeOperationFromNode.EmptyNamePreservedFromNode (0 ms)
2026-05-07T17:22:40.1610521Z [ RUN      ] TestBlockScaleDequantizeOperationFromNode.BuildNodePreservesName
2026-05-07T17:22:40.1610840Z [       OK ] TestBlockScaleDequantizeOperationFromNode.BuildNodePreservesName (0 ms)
2026-05-07T17:22:40.1611168Z [----------] 16 tests from TestBlockScaleDequantizeOperationFromNode (0 ms total)
2026-05-07T17:22:40.1611355Z 
2026-05-07T17:22:40.1611460Z [----------] 42 tests from TestBlockScaleQuantizeOperationDescriptor
2026-05-07T17:22:40.1611739Z [ RUN      ] TestBlockScaleQuantizeOperationDescriptor.CreateDescriptor
2026-05-07T17:22:40.1612026Z [       OK ] TestBlockScaleQuantizeOperationDescriptor.CreateDescriptor (0 ms)
2026-05-07T17:22:40.1612361Z [ RUN      ] TestBlockScaleQuantizeOperationDescriptor.FinalizeWithRequiredAttributes
2026-05-07T17:22:40.1612732Z [       OK ] TestBlockScaleQuantizeOperationDescriptor.FinalizeWithRequiredAttributes (0 ms)
2026-05-07T17:22:40.1613070Z [ RUN      ] TestBlockScaleQuantizeOperationDescriptor.SetTensorDescriptorX
2026-05-07T17:22:40.1613385Z [       OK ] TestBlockScaleQuantizeOperationDescriptor.SetTensorDescriptorX (0 ms)
2026-05-07T17:22:40.1613703Z [ RUN      ] TestBlockScaleQuantizeOperationDescriptor.SetTensorDescriptorY
2026-05-07T17:22:40.1614082Z [       OK ] TestBlockScaleQuantizeOperationDescriptor.SetTensorDescriptorY (0 ms)
2026-05-07T17:22:40.1614401Z [ RUN      ] TestBlockScaleQuantizeOperationDescriptor.SetTensorDescriptorScale
2026-05-07T17:22:40.1614737Z [       OK ] TestBlockScaleQuantizeOperationDescriptor.SetTensorDescriptorScale (0 ms)
2026-05-07T17:22:40.1615083Z [ RUN      ] TestBlockScaleQuantizeOperationDescriptor.SetTensorFailsNotFinalized
2026-05-07T17:22:40.1615428Z [       OK ] TestBlockScaleQuantizeOperationDescriptor.SetTensorFailsNotFinalized (0 ms)
2026-05-07T17:22:40.1615766Z [ RUN      ] TestBlockScaleQuantizeOperationDescriptor.SetTensorFailsWrongType
2026-05-07T17:22:40.1616093Z [       OK ] TestBlockScaleQuantizeOperationDescriptor.SetTensorFailsWrongType (0 ms)
2026-05-07T17:22:40.1616444Z [ RUN      ] TestBlockScaleQuantizeOperationDescriptor.SetTensorFailsWrongElementCount
2026-05-07T17:22:40.1616823Z [       OK ] TestBlockScaleQuantizeOperationDescriptor.SetTensorFailsWrongElementCount (0 ms)
2026-05-07T17:22:40.1617182Z [ RUN      ] TestBlockScaleQuantizeOperationDescriptor.SetTensorFailsNullPointer
2026-05-07T17:22:40.1617519Z [       OK ] TestBlockScaleQuantizeOperationDescriptor.SetTensorFailsNullPointer (0 ms)
2026-05-07T17:22:40.1617917Z [ RUN      ] TestBlockScaleQuantizeOperationDescriptor.SetComputeDataType
2026-05-07T17:22:40.1618218Z [       OK ] TestBlockScaleQuantizeOperationDescriptor.SetComputeDataType (0 ms)
2026-05-07T17:22:40.1618569Z [ RUN      ] TestBlockScaleQuantizeOperationDescriptor.SetComputeDataTypeWrongElementCount
2026-05-07T17:22:40.1618966Z [       OK ] TestBlockScaleQuantizeOperationDescriptor.SetComputeDataTypeWrongElementCount (0 ms)
2026-05-07T17:22:40.1619321Z [ RUN      ] TestBlockScaleQuantizeOperationDescriptor.SetAndGetBlockSize
2026-05-07T17:22:40.1619619Z [       OK ] TestBlockScaleQuantizeOperationDescriptor.SetAndGetBlockSize (0 ms)
2026-05-07T17:22:40.1619914Z [ RUN      ] TestBlockScaleQuantizeOperationDescriptor.SetAndGetAxis
2026-05-07T17:22:40.1620191Z [       OK ] TestBlockScaleQuantizeOperationDescriptor.SetAndGetAxis (0 ms)
2026-05-07T17:22:40.1620474Z [ RUN      ] TestBlockScaleQuantizeOperationDescriptor.SetAndGetTranspose
2026-05-07T17:22:40.1620777Z [       OK ] TestBlockScaleQuantizeOperationDescriptor.SetAndGetTranspose (0 ms)
2026-05-07T17:22:40.1621113Z [ RUN      ] TestBlockScaleQuantizeOperationDescriptor.SetAttributeFailsAfterFinalize
2026-05-07T17:22:40.1621481Z [       OK ] TestBlockScaleQuantizeOperationDescriptor.SetAttributeFailsAfterFinalize (0 ms)
2026-05-07T17:22:40.1621828Z [ RUN      ] TestBlockScaleQuantizeOperationDescriptor.SetAttributeUnsupported
2026-05-07T17:22:40.1622159Z [       OK ] TestBlockScaleQuantizeOperationDescriptor.SetAttributeUnsupported (0 ms)
2026-05-07T17:22:40.1622500Z [ RUN      ] TestBlockScaleQuantizeOperationDescriptor.GetAttributeTensorDescriptor
2026-05-07T17:22:40.1622849Z [       OK ] TestBlockScaleQuantizeOperationDescriptor.GetAttributeTensorDescriptor (0 ms)
2026-05-07T17:22:40.1623195Z [ RUN      ] TestBlockScaleQuantizeOperationDescriptor.GetAttributeComputeType
2026-05-07T17:22:40.1623525Z [       OK ] TestBlockScaleQuantizeOperationDescriptor.GetAttributeComputeType (0 ms)
2026-05-07T17:22:40.1623893Z [ RUN      ] TestBlockScaleQuantizeOperationDescriptor.GetAttributeBlockSizeAfterFinalize
2026-05-07T17:22:40.1624288Z [       OK ] TestBlockScaleQuantizeOperationDescriptor.GetAttributeBlockSizeAfterFinalize (0 ms)
2026-05-07T17:22:40.1624667Z [ RUN      ] TestBlockScaleQuantizeOperationDescriptor.GetAttributeAxisAfterFinalize
2026-05-07T17:22:40.1625033Z [       OK ] TestBlockScaleQuantizeOperationDescriptor.GetAttributeAxisAfterFinalize (0 ms)
2026-05-07T17:22:40.1625431Z [ RUN      ] TestBlockScaleQuantizeOperationDescriptor.GetAttributeAxisQueryReturnsZeroWhenAbsent
2026-05-07T17:22:40.1625872Z [       OK ] TestBlockScaleQuantizeOperationDescriptor.GetAttributeAxisQueryReturnsZeroWhenAbsent (0 ms)
2026-05-07T17:22:40.1626316Z [ RUN      ] TestBlockScaleQuantizeOperationDescriptor.GetAttributeAxisQueryReturnsOneWhenPresent
2026-05-07T17:22:40.1626828Z [       OK ] TestBlockScaleQuantizeOperationDescriptor.GetAttributeAxisQueryReturnsOneWhenPresent (0 ms)
2026-05-07T17:22:40.1627246Z [ RUN      ] TestBlockScaleQuantizeOperationDescriptor.GetAttributeTransposeAfterFinalize
2026-05-07T17:22:40.1627649Z [       OK ] TestBlockScaleQuantizeOperationDescriptor.GetAttributeTransposeAfterFinalize (0 ms)
2026-05-07T17:22:40.1628031Z [ RUN      ] TestBlockScaleQuantizeOperationDescriptor.GetAttributeFailsBeforeFinalize
2026-05-07T17:22:40.1628413Z [       OK ] TestBlockScaleQuantizeOperationDescriptor.GetAttributeFailsBeforeFinalize (0 ms)
2026-05-07T17:22:40.1628820Z [ RUN      ] TestBlockScaleQuantizeOperationDescriptor.GetAttributeFailsNullPointer
2026-05-07T17:22:40.1629186Z [       OK ] TestBlockScaleQuantizeOperationDescriptor.GetAttributeFailsNullPointer (0 ms)
2026-05-07T17:22:40.1629529Z [ RUN      ] TestBlockScaleQuantizeOperationDescriptor.GetAttributeUnsupported
2026-05-07T17:22:40.1629855Z [       OK ] TestBlockScaleQuantizeOperationDescriptor.GetAttributeUnsupported (0 ms)
2026-05-07T17:22:40.1630222Z [ RUN      ] TestBlockScaleQuantizeOperationDescriptor.GetAttributeTensorXQueryReturnsOne
2026-05-07T17:22:40.1630673Z [       OK ] TestBlockScaleQuantizeOperationDescriptor.GetAttributeTensorXQueryReturnsOne (0 ms)
2026-05-07T17:22:40.1631061Z [ RUN      ] TestBlockScaleQuantizeOperationDescriptor.GetAttributeTensorYQueryReturnsOne
2026-05-07T17:22:40.1631450Z [       OK ] TestBlockScaleQuantizeOperationDescriptor.GetAttributeTensorYQueryReturnsOne (0 ms)
2026-05-07T17:22:40.1631850Z [ RUN      ] TestBlockScaleQuantizeOperationDescriptor.GetAttributeTensorScaleQueryReturnsOne
2026-05-07T17:22:40.1632265Z [       OK ] TestBlockScaleQuantizeOperationDescriptor.GetAttributeTensorScaleQueryReturnsOne (0 ms)
2026-05-07T17:22:40.1632678Z [ RUN      ] TestBlockScaleQuantizeOperationDescriptor.GetAttributeComputeTypeQueryReturnsOne
2026-05-07T17:22:40.1633094Z [       OK ] TestBlockScaleQuantizeOperationDescriptor.GetAttributeComputeTypeQueryReturnsOne (0 ms)
2026-05-07T17:22:40.1633505Z [ RUN      ] TestBlockScaleQuantizeOperationDescriptor.GetAttributeBlockSizeQueryReturnsOne
2026-05-07T17:22:40.1633919Z [       OK ] TestBlockScaleQuantizeOperationDescriptor.GetAttributeBlockSizeQueryReturnsOne (0 ms)
2026-05-07T17:22:40.1634342Z [ RUN      ] TestBlockScaleQuantizeOperationDescriptor.GetAttributeTensorQueryFailsNullElementCount
2026-05-07T17:22:40.1634804Z [       OK ] TestBlockScaleQuantizeOperationDescriptor.GetAttributeTensorQueryFailsNullElementCount (0 ms)
2026-05-07T17:22:40.1635234Z [ RUN      ] TestBlockScaleQuantizeOperationDescriptor.FinalizePreservesTensorReferences
2026-05-07T17:22:40.1635623Z [       OK ] TestBlockScaleQuantizeOperationDescriptor.FinalizePreservesTensorReferences (0 ms)
2026-05-07T17:22:40.1636017Z [ RUN      ] TestBlockScaleQuantizeOperationDescriptor.FinalizeSucceedsWithoutOptionalAxis
2026-05-07T17:22:40.1636418Z [       OK ] TestBlockScaleQuantizeOperationDescriptor.FinalizeSucceedsWithoutOptionalAxis (0 ms)
2026-05-07T17:22:40.1636830Z [ RUN      ] TestBlockScaleQuantizeOperationDescriptor.FinalizeSucceedsWithoutOptionalTranspose
2026-05-07T17:22:40.1637263Z [       OK ] TestBlockScaleQuantizeOperationDescriptor.FinalizeSucceedsWithoutOptionalTranspose (0 ms)
2026-05-07T17:22:40.1637667Z [ RUN      ] TestBlockScaleQuantizeOperationDescriptor.ToStringContainsExpectedInfo
2026-05-07T17:22:40.1638026Z [       OK ] TestBlockScaleQuantizeOperationDescriptor.ToStringContainsExpectedInfo (0 ms)
2026-05-07T17:22:40.1638405Z [ RUN      ] TestBlockScaleQuantizeOperationDescriptor.GetTensorDescriptorsReturnsAllTensors
2026-05-07T17:22:40.1638811Z [       OK ] TestBlockScaleQuantizeOperationDescriptor.GetTensorDescriptorsReturnsAllTensors (0 ms)
2026-05-07T17:22:40.1639202Z [ RUN      ] TestBlockScaleQuantizeOperationDescriptor.BuildNodeProducesCorrectNodeT
2026-05-07T17:22:40.1639569Z [       OK ] TestBlockScaleQuantizeOperationDescriptor.BuildNodeProducesCorrectNodeT (0 ms)
2026-05-07T17:22:40.1639996Z [ RUN      ] TestBlockScaleQuantizeOperationDescriptor.BuildNodeWithHalfComputeType
2026-05-07T17:22:40.1640359Z [       OK ] TestBlockScaleQuantizeOperationDescriptor.BuildNodeWithHalfComputeType (0 ms)
2026-05-07T17:22:40.1640722Z [ RUN      ] TestBlockScaleQuantizeOperationDescriptor.BuildNodeWithBlockSizeAndAxis
2026-05-07T17:22:40.1641083Z [       OK ] TestBlockScaleQuantizeOperationDescriptor.BuildNodeWithBlockSizeAndAxis (0 ms)
2026-05-07T17:22:40.1641450Z [ RUN      ] TestBlockScaleQuantizeOperationDescriptor.TryAsInterfaceReturnsValidGraphOp
2026-05-07T17:22:40.1641846Z [       OK ] TestBlockScaleQuantizeOperationDescriptor.TryAsInterfaceReturnsValidGraphOp (0 ms)
2026-05-07T17:22:40.1642244Z [ RUN      ] TestBlockScaleQuantizeOperationDescriptor.TryAsInterfaceReturnsNullForWrongType
2026-05-07T17:22:40.1642658Z [       OK ] TestBlockScaleQuantizeOperationDescriptor.TryAsInterfaceReturnsNullForWrongType (0 ms)
2026-05-07T17:22:40.1643023Z [----------] 42 tests from TestBlockScaleQuantizeOperationDescriptor (0 ms total)
2026-05-07T17:22:40.1643204Z 
2026-05-07T17:22:40.1643306Z [----------] 16 tests from TestBlockScaleQuantizeOperationFromNode
2026-05-07T17:22:40.1643659Z [ RUN      ] TestBlockScaleQuantizeOperationFromNode.CreatesValidFinalizedDescriptor
2026-05-07T17:22:40.1644019Z [       OK ] TestBlockScaleQuantizeOperationFromNode.CreatesValidFinalizedDescriptor (0 ms)
2026-05-07T17:22:40.1644377Z [ RUN      ] TestBlockScaleQuantizeOperationFromNode.NodeFactoryDelegatesCorrectly
2026-05-07T17:22:40.1644727Z [       OK ] TestBlockScaleQuantizeOperationFromNode.NodeFactoryDelegatesCorrectly (0 ms)
2026-05-07T17:22:40.1645069Z [ RUN      ] TestBlockScaleQuantizeOperationFromNode.PreservesComputeDataType
2026-05-07T17:22:40.1645391Z [       OK ] TestBlockScaleQuantizeOperationFromNode.PreservesComputeDataType (0 ms)
2026-05-07T17:22:40.1645709Z [ RUN      ] TestBlockScaleQuantizeOperationFromNode.PreservesBlockSize
2026-05-07T17:22:40.1646006Z [       OK ] TestBlockScaleQuantizeOperationFromNode.PreservesBlockSize (0 ms)
2026-05-07T17:22:40.1646287Z [ RUN      ] TestBlockScaleQuantizeOperationFromNode.PreservesAxis
2026-05-07T17:22:40.1646557Z [       OK ] TestBlockScaleQuantizeOperationFromNode.PreservesAxis (0 ms)
2026-05-07T17:22:40.1646846Z [ RUN      ] TestBlockScaleQuantizeOperationFromNode.PreservesTranspose
2026-05-07T17:22:40.1647138Z [       OK ] TestBlockScaleQuantizeOperationFromNode.PreservesTranspose (0 ms)
2026-05-07T17:22:40.1647444Z [ RUN      ] TestBlockScaleQuantizeOperationFromNode.SetsTensorReferences
2026-05-07T17:22:40.1647748Z [       OK ] TestBlockScaleQuantizeOperationFromNode.SetsTensorReferences (0 ms)
2026-05-07T17:22:40.1648075Z [ RUN      ] TestBlockScaleQuantizeOperationFromNode.TensorReferencesMatchTensorMap
2026-05-07T17:22:40.1648424Z [       OK ] TestBlockScaleQuantizeOperationFromNode.TensorReferencesMatchTensorMap (0 ms)
2026-05-07T17:22:40.1648817Z [ RUN      ] TestBlockScaleQuantizeOperationFromNode.SucceedsWithoutOptionalAxis
2026-05-07T17:22:40.1649156Z [       OK ] TestBlockScaleQuantizeOperationFromNode.SucceedsWithoutOptionalAxis (0 ms)
2026-05-07T17:22:40.1649518Z [ RUN      ] TestBlockScaleQuantizeOperationFromNode.GetTensorDescriptorsReturnsAllTensors
2026-05-07T17:22:40.1649918Z [       OK ] TestBlockScaleQuantizeOperationFromNode.GetTensorDescriptorsReturnsAllTensors (0 ms)
2026-05-07T17:22:40.1650268Z [ RUN      ] TestBlockScaleQuantizeOperationFromNode.BuildNodeRoundTrip
2026-05-07T17:22:40.1650562Z [       OK ] TestBlockScaleQuantizeOperationFromNode.BuildNodeRoundTrip (0 ms)
2026-05-07T17:22:40.1650888Z [ RUN      ] TestBlockScaleQuantizeOperationFromNode.BuildNodeOmitsUnsetOptionalFields
2026-05-07T17:22:40.1651262Z [       OK ] TestBlockScaleQuantizeOperationFromNode.BuildNodeOmitsUnsetOptionalFields (0 ms)
2026-05-07T17:22:40.1651623Z [ RUN      ] TestBlockScaleQuantizeOperationFromNode.GetAttributeWorksAfterFromNode
2026-05-07T17:22:40.1652031Z [       OK ] TestBlockScaleQuantizeOperationFromNode.GetAttributeWorksAfterFromNode (0 ms)
2026-05-07T17:22:40.1652364Z [ RUN      ] TestBlockScaleQuantizeOperationFromNode.NamePreservedFromNode
2026-05-07T17:22:40.1652673Z [       OK ] TestBlockScaleQuantizeOperationFromNode.NamePreservedFromNode (0 ms)
2026-05-07T17:22:40.1652996Z [ RUN      ] TestBlockScaleQuantizeOperationFromNode.EmptyNamePreservedFromNode
2026-05-07T17:22:40.1653330Z [       OK ] TestBlockScaleQuantizeOperationFromNode.EmptyNamePreservedFromNode (0 ms)
2026-05-07T17:22:40.1653662Z [ RUN      ] TestBlockScaleQuantizeOperationFromNode.BuildNodePreservesName
2026-05-07T17:22:40.1653980Z [       OK ] TestBlockScaleQuantizeOperationFromNode.BuildNodePreservesName (0 ms)
2026-05-07T17:22:40.1654283Z [----------] 16 tests from TestBlockScaleQuantizeOperationFromNode (0 ms total)
2026-05-07T17:22:40.1654455Z 
2026-05-07T17:22:40.1654526Z [----------] 17 tests from TestDescriptorFactory
2026-05-07T17:22:40.1654743Z [ RUN      ] TestDescriptorFactory.CreateEngineConfigDescriptor
2026-05-07T17:22:40.1655006Z [       OK ] TestDescriptorFactory.CreateEngineConfigDescriptor (0 ms)
2026-05-07T17:22:40.1655253Z [ RUN      ] TestDescriptorFactory.CreateEngineDescriptor
2026-05-07T17:22:40.1655543Z [       OK ] TestDescriptorFactory.CreateEngineDescriptor (0 ms)
2026-05-07T17:22:40.1655784Z [ RUN      ] TestDescriptorFactory.CreateExecutionPlanDescriptor
2026-05-07T17:22:40.1656034Z [       OK ] TestDescriptorFactory.CreateExecutionPlanDescriptor (0 ms)
2026-05-07T17:22:40.1656285Z [ RUN      ] TestDescriptorFactory.CreateGraphDescriptor
2026-05-07T17:22:40.1656513Z [       OK ] TestDescriptorFactory.CreateGraphDescriptor (0 ms)
2026-05-07T17:22:40.1656746Z [ RUN      ] TestDescriptorFactory.CreateUnsupportedDescriptor
2026-05-07T17:22:40.1656997Z [       OK ] TestDescriptorFactory.CreateUnsupportedDescriptor (0 ms)
2026-05-07T17:22:40.1657241Z [ RUN      ] TestDescriptorFactory.NullDescriptorPointer
2026-05-07T17:22:40.1657462Z [       OK ] TestDescriptorFactory.NullDescriptorPointer (0 ms)
2026-05-07T17:22:40.1657690Z [ RUN      ] TestDescriptorFactory.CreateGraphExtValidInput
2026-05-07T17:22:40.1657931Z [       OK ] TestDescriptorFactory.CreateGraphExtValidInput (0 ms)
2026-05-07T17:22:40.1658197Z [ RUN      ] TestDescriptorFactory.CreateGraphExtNullDescriptorPointer
2026-05-07T17:22:40.1658480Z [       OK ] TestDescriptorFactory.CreateGraphExtNullDescriptorPointer (0 ms)
2026-05-07T17:22:40.1658766Z [ RUN      ] TestDescriptorFactory.CreateGraphExtNullSerializedGraph
2026-05-07T17:22:40.1659044Z [       OK ] TestDescriptorFactory.CreateGraphExtNullSerializedGraph (0 ms)
2026-05-07T17:22:40.1659308Z [ RUN      ] TestDescriptorFactory.CreateGraphExtZeroByteSize
2026-05-07T17:22:40.1659555Z [       OK ] TestDescriptorFactory.CreateGraphExtZeroByteSize (0 ms)
2026-05-07T17:22:40.1659808Z [ RUN      ] TestDescriptorFactory.CreateGraphExtInvalidGraphData
2026-05-07T17:22:40.1660073Z [       OK ] TestDescriptorFactory.CreateGraphExtInvalidGraphData (0 ms)
2026-05-07T17:22:40.1660303Z [ RUN      ] TestDescriptorFactory.HandleFactory
2026-05-07T17:22:40.1660505Z [       OK ] TestDescriptorFactory.HandleFactory (20 ms)
2026-05-07T17:22:40.1660721Z [ RUN      ] TestDescriptorFactory.CreateVariantDescriptor
2026-05-07T17:22:40.1660948Z [       OK ] TestDescriptorFactory.CreateVariantDescriptor (0 ms)
2026-05-07T17:22:40.1661207Z [ RUN      ] TestDescriptorFactory.CreateVariantPackWithNullDescriptor
2026-05-07T17:22:40.1661493Z [       OK ] TestDescriptorFactory.CreateVariantPackWithNullDescriptor (0 ms)
2026-05-07T17:22:40.1661785Z [ RUN      ] TestDescriptorFactory.CreateVariantPackWithUnsupportedType
2026-05-07T17:22:40.1662080Z [       OK ] TestDescriptorFactory.CreateVariantPackWithUnsupportedType (0 ms)
2026-05-07T17:22:40.1662363Z [ RUN      ] TestDescriptorFactory.CreateKnobSettingDescriptor
2026-05-07T17:22:40.1662613Z [       OK ] TestDescriptorFactory.CreateKnobSettingDescriptor (0 ms)
2026-05-07T17:22:40.1662834Z [ RUN      ] TestDescriptorFactory.DestroyNull
2026-05-07T17:22:40.1663089Z [       OK ] TestDescriptorFactory.DestroyNull (0 ms)
2026-05-07T17:22:40.1663300Z [----------] 17 tests from TestDescriptorFactory (21 ms total)
2026-05-07T17:22:40.1663436Z 
2026-05-07T17:22:40.1663511Z [----------] 23 tests from TestEngineConfigDescriptor
2026-05-07T17:22:40.1663741Z [ RUN      ] TestEngineConfigDescriptor.CreateEngineConfigDescriptor
2026-05-07T17:22:40.1664020Z [       OK ] TestEngineConfigDescriptor.CreateEngineConfigDescriptor (0 ms)
2026-05-07T17:22:40.1664302Z [ RUN      ] TestEngineConfigDescriptor.SetEngineConfigDescriptorEngine
2026-05-07T17:22:40.1664594Z [       OK ] TestEngineConfigDescriptor.SetEngineConfigDescriptorEngine (0 ms)
2026-05-07T17:22:40.1664910Z [ RUN      ] TestEngineConfigDescriptor.SetAttrOnFinalizedEngineConfigDescriptor
2026-05-07T17:22:40.1665255Z [       OK ] TestEngineConfigDescriptor.SetAttrOnFinalizedEngineConfigDescriptor (0 ms)
2026-05-07T17:22:40.1665573Z [ RUN      ] TestEngineConfigDescriptor.FinalizeEngineConfigDescriptor
2026-05-07T17:22:40.1665857Z [       OK ] TestEngineConfigDescriptor.FinalizeEngineConfigDescriptor (0 ms)
2026-05-07T17:22:40.1666176Z [ RUN      ] TestEngineConfigDescriptor.GetAttrOnUnfinalizedEngineConfigDescriptor
2026-05-07T17:22:40.1666581Z [       OK ] TestEngineConfigDescriptor.GetAttrOnUnfinalizedEngineConfigDescriptor (0 ms)
2026-05-07T17:22:40.1666930Z [ RUN      ] TestEngineConfigDescriptor.GetEngineConfigDescriptorUnsupportedAttr
2026-05-07T17:22:40.1667276Z [       OK ] TestEngineConfigDescriptor.GetEngineConfigDescriptorUnsupportedAttr (0 ms)
2026-05-07T17:22:40.1667596Z [ RUN      ] TestEngineConfigDescriptor.GetEngineConfigDescriptorEngine
2026-05-07T17:22:40.1667883Z [       OK ] TestEngineConfigDescriptor.GetEngineConfigDescriptorEngine (0 ms)
2026-05-07T17:22:40.1668173Z [ RUN      ] TestEngineConfigDescriptor.GetEngineThrowsIfNotFinalized
2026-05-07T17:22:40.1668457Z [       OK ] TestEngineConfigDescriptor.GetEngineThrowsIfNotFinalized (0 ms)
2026-05-07T17:22:40.1668800Z [ RUN      ] TestEngineConfigDescriptor.GetEngineReturnsPointerIfFinalized
2026-05-07T17:22:40.1669111Z [       OK ] TestEngineConfigDescriptor.GetEngineReturnsPointerIfFinalized (0 ms)
2026-05-07T17:22:40.1669419Z [ RUN      ] TestEngineConfigDescriptor.GetEngineDescriptorMaxWorkspaceSize
2026-05-07T17:22:40.1669731Z [       OK ] TestEngineConfigDescriptor.GetEngineDescriptorMaxWorkspaceSize (0 ms)
2026-05-07T17:22:40.1670021Z [ RUN      ] TestEngineConfigDescriptor.SetKnobChoiceInvalidType
2026-05-07T17:22:40.1670281Z [       OK ] TestEngineConfigDescriptor.SetKnobChoiceInvalidType (0 ms)
2026-05-07T17:22:40.1670547Z [ RUN      ] TestEngineConfigDescriptor.SetKnobChoiceInvalidCount
2026-05-07T17:22:40.1670809Z [       OK ] TestEngineConfigDescriptor.SetKnobChoiceInvalidCount (0 ms)
2026-05-07T17:22:40.1671069Z [ RUN      ] TestEngineConfigDescriptor.SetKnobChoiceNullPointer
2026-05-07T17:22:40.1671334Z [       OK ] TestEngineConfigDescriptor.SetKnobChoiceNullPointer (0 ms)
2026-05-07T17:22:40.1671620Z [ RUN      ] TestEngineConfigDescriptor.SetKnobChoiceNullFlatbufferPointer
2026-05-07T17:22:40.1671932Z [       OK ] TestEngineConfigDescriptor.SetKnobChoiceNullFlatbufferPointer (0 ms)
2026-05-07T17:22:40.1672214Z [ RUN      ] TestEngineConfigDescriptor.SetKnobChoiceZeroSize
2026-05-07T17:22:40.1672460Z [       OK ] TestEngineConfigDescriptor.SetKnobChoiceZeroSize (0 ms)
2026-05-07T17:22:40.1672707Z [ RUN      ] TestEngineConfigDescriptor.SetKnobChoiceSuccess
2026-05-07T17:22:40.1672944Z [       OK ] TestEngineConfigDescriptor.SetKnobChoiceSuccess (0 ms)
2026-05-07T17:22:40.1673200Z [ RUN      ] TestEngineConfigDescriptor.SetKnobChoiceMultipleKnobs
2026-05-07T17:22:40.1673467Z [       OK ] TestEngineConfigDescriptor.SetKnobChoiceMultipleKnobs (0 ms)
2026-05-07T17:22:40.1673754Z [ RUN      ] TestEngineConfigDescriptor.SetKnobChoiceOnFinalizedDescriptor
2026-05-07T17:22:40.1674064Z [       OK ] TestEngineConfigDescriptor.SetKnobChoiceOnFinalizedDescriptor (0 ms)
2026-05-07T17:22:40.1674437Z [ RUN      ] TestEngineConfigDescriptor.SetKnobChoiceViaDescriptorSuccess
2026-05-07T17:22:40.1674742Z [       OK ] TestEngineConfigDescriptor.SetKnobChoiceViaDescriptorSuccess (0 ms)
2026-05-07T17:22:40.1675051Z [ RUN      ] TestEngineConfigDescriptor.SetKnobChoiceViaDescriptorMultiple
2026-05-07T17:22:40.1675359Z [       OK ] TestEngineConfigDescriptor.SetKnobChoiceViaDescriptorMultiple (0 ms)
2026-05-07T17:22:40.1675701Z [ RUN      ] TestEngineConfigDescriptor.SetKnobChoiceViaDescriptorRejectNotFinalized
2026-05-07T17:22:40.1676062Z [       OK ] TestEngineConfigDescriptor.SetKnobChoiceViaDescriptorRejectNotFinalized (0 ms)
2026-05-07T17:22:40.1676423Z [ RUN      ] TestEngineConfigDescriptor.SetKnobChoiceViaDescriptorRejectWrongType
2026-05-07T17:22:40.1676770Z [       OK ] TestEngineConfigDescriptor.SetKnobChoiceViaDescriptorRejectWrongType (0 ms)
2026-05-07T17:22:40.1677137Z [ RUN      ] TestEngineConfigDescriptor.SetKnobChoiceViaDescriptorRejectExceedsMaxCount
2026-05-07T17:22:40.1677517Z [       OK ] TestEngineConfigDescriptor.SetKnobChoiceViaDescriptorRejectExceedsMaxCount (0 ms)
2026-05-07T17:22:40.1677930Z [----------] 23 tests from TestEngineConfigDescriptor (5 ms total)
2026-05-07T17:22:40.1678134Z 
2026-05-07T17:22:40.1678207Z [----------] 16 tests from TestEngineDescriptor
2026-05-07T17:22:40.1678405Z [ RUN      ] TestEngineDescriptor.CreateEngineDescriptor
2026-05-07T17:22:40.1678634Z [       OK ] TestEngineDescriptor.CreateEngineDescriptor (0 ms)
2026-05-07T17:22:40.1678869Z [ RUN      ] TestEngineDescriptor.SetEngineDescriptorGraph
2026-05-07T17:22:40.1679102Z [       OK ] TestEngineDescriptor.SetEngineDescriptorGraph (0 ms)
2026-05-07T17:22:40.1679337Z [ RUN      ] TestEngineDescriptor.SetEngineDescriptorGlobalId
2026-05-07T17:22:40.1680068Z [       OK ] TestEngineDescriptor.SetEngineDescriptorGlobalId (0 ms)
2026-05-07T17:22:40.1680338Z [ RUN      ] TestEngineDescriptor.SetAttrOnFinalizedEngineDescriptor
2026-05-07T17:22:40.1680609Z [       OK ] TestEngineDescriptor.SetAttrOnFinalizedEngineDescriptor (0 ms)
2026-05-07T17:22:40.1680868Z [ RUN      ] TestEngineDescriptor.FinalizeEngineDescriptor
2026-05-07T17:22:40.1681099Z [       OK ] TestEngineDescriptor.FinalizeEngineDescriptor (0 ms)
2026-05-07T17:22:40.1681356Z [ RUN      ] TestEngineDescriptor.GetAttrOnUnfinalizedEngineDescriptor
2026-05-07T17:22:40.1681638Z [       OK ] TestEngineDescriptor.GetAttrOnUnfinalizedEngineDescriptor (0 ms)
2026-05-07T17:22:40.1681921Z [ RUN      ] TestEngineDescriptor.GetEngineDescriptorUnsupportedAttr
2026-05-07T17:22:40.1682198Z [       OK ] TestEngineDescriptor.GetEngineDescriptorUnsupportedAttr (0 ms)
2026-05-07T17:22:40.1682453Z [ RUN      ] TestEngineDescriptor.GetEngineDescriptorGraph
2026-05-07T17:22:40.1682686Z [       OK ] TestEngineDescriptor.GetEngineDescriptorGraph (0 ms)
2026-05-07T17:22:40.1682927Z [ RUN      ] TestEngineDescriptor.GetEngineDescriptorGlobalId
2026-05-07T17:22:40.1683163Z [       OK ] TestEngineDescriptor.GetEngineDescriptorGlobalId (0 ms)
2026-05-07T17:22:40.1683413Z [ RUN      ] TestEngineDescriptor.GetGraphThrowsIfNotFinalized
2026-05-07T17:22:40.1683666Z [       OK ] TestEngineDescriptor.GetGraphThrowsIfNotFinalized (0 ms)
2026-05-07T17:22:40.1683935Z [ RUN      ] TestEngineDescriptor.GetGraphReturnsPointerIfFinalized
2026-05-07T17:22:40.1684207Z [       OK ] TestEngineDescriptor.GetGraphReturnsPointerIfFinalized (0 ms)
2026-05-07T17:22:40.1684475Z [ RUN      ] TestEngineDescriptor.GetEngineIdThrowsIfNotFinalized
2026-05-07T17:22:40.1684741Z [       OK ] TestEngineDescriptor.GetEngineIdThrowsIfNotFinalized (0 ms)
2026-05-07T17:22:40.1685006Z [ RUN      ] TestEngineDescriptor.GetEngineIdReturnsValueIfFinalized
2026-05-07T17:22:40.1685277Z [       OK ] TestEngineDescriptor.GetEngineIdReturnsValueIfFinalized (0 ms)
2026-05-07T17:22:40.1685543Z [ RUN      ] TestEngineDescriptor.GetKnobInfoCountWithNoKnobs
2026-05-07T17:22:40.1685785Z [       OK ] TestEngineDescriptor.GetKnobInfoCountWithNoKnobs (0 ms)
2026-05-07T17:22:40.1686096Z [ RUN      ] TestEngineDescriptor.GetKnobInfoInvalidType
2026-05-07T17:22:40.1686353Z [       OK ] TestEngineDescriptor.GetKnobInfoInvalidType (0 ms)
2026-05-07T17:22:40.1686579Z [ RUN      ] TestEngineDescriptor.GetKnobInfoNotFinalized
2026-05-07T17:22:40.1686803Z [       OK ] TestEngineDescriptor.GetKnobInfoNotFinalized (0 ms)
2026-05-07T17:22:40.1687029Z [----------] 16 tests from TestEngineDescriptor (0 ms total)
2026-05-07T17:22:40.1687159Z 
2026-05-07T17:22:40.1687242Z [----------] 3 tests from TestEngineDescriptorWithKnobs
2026-05-07T17:22:40.1687472Z [ RUN      ] TestEngineDescriptorWithKnobs.GetKnobInfoCountWithKnobs
2026-05-07T17:22:40.1687748Z [       OK ] TestEngineDescriptorWithKnobs.GetKnobInfoCountWithKnobs (0 ms)
2026-05-07T17:22:40.1688049Z [ RUN      ] TestEngineDescriptorWithKnobs.GetKnobInfoReturnsSerializedKnobs
2026-05-07T17:22:40.1688365Z [       OK ] TestEngineDescriptorWithKnobs.GetKnobInfoReturnsSerializedKnobs (0 ms)
2026-05-07T17:22:40.1688704Z [ RUN      ] TestEngineDescriptorWithKnobs.GetKnobInfoNullPointerWhenCountNonZero
2026-05-07T17:22:40.1689050Z [       OK ] TestEngineDescriptorWithKnobs.GetKnobInfoNullPointerWhenCountNonZero (0 ms)
2026-05-07T17:22:40.1689356Z [----------] 3 tests from TestEngineDescriptorWithKnobs (0 ms total)
2026-05-07T17:22:40.1689564Z 
2026-05-07T17:22:40.1689643Z [----------] 44 tests from TestEngineHeuristicDescriptor
2026-05-07T17:22:40.1689890Z [ RUN      ] TestEngineHeuristicDescriptor.CreateEngineHeuristicDescriptor
2026-05-07T17:22:40.1690198Z [       OK ] TestEngineHeuristicDescriptor.CreateEngineHeuristicDescriptor (0 ms)
2026-05-07T17:22:40.1690508Z [ RUN      ] TestEngineHeuristicDescriptor.SetEngineHeuristicDescriptorGraph
2026-05-07T17:22:40.1690827Z [       OK ] TestEngineHeuristicDescriptor.SetEngineHeuristicDescriptorGraph (0 ms)
2026-05-07T17:22:40.1691159Z [ RUN      ] TestEngineHeuristicDescriptor.SetEngineHeuristicDescriptorHeurMode
2026-05-07T17:22:40.1691499Z [       OK ] TestEngineHeuristicDescriptor.SetEngineHeuristicDescriptorHeurMode (0 ms)
2026-05-07T17:22:40.1691856Z [ RUN      ] TestEngineHeuristicDescriptor.SetEngineHeuristicDescriptorUnsupportedAttr
2026-05-07T17:22:40.1692243Z [       OK ] TestEngineHeuristicDescriptor.SetEngineHeuristicDescriptorUnsupportedAttr (0 ms)
2026-05-07T17:22:40.1692630Z [ RUN      ] TestEngineHeuristicDescriptor.SetAttrOnFinalizedEngineHeuristicDescriptor
2026-05-07T17:22:40.1693002Z [       OK ] TestEngineHeuristicDescriptor.SetAttrOnFinalizedEngineHeuristicDescriptor (0 ms)
2026-05-07T17:22:40.1693354Z [ RUN      ] TestEngineHeuristicDescriptor.FinalizeEngineHeuristicDescriptor
2026-05-07T17:22:40.1693676Z [       OK ] TestEngineHeuristicDescriptor.FinalizeEngineHeuristicDescriptor (0 ms)
2026-05-07T17:22:40.1694037Z [ RUN      ] TestEngineHeuristicDescriptor.FinalizeEngineHeuristicDescriptorReverseOrder
2026-05-07T17:22:40.1694424Z [       OK ] TestEngineHeuristicDescriptor.FinalizeEngineHeuristicDescriptorReverseOrder (0 ms)
2026-05-07T17:22:40.1694815Z [ RUN      ] TestEngineHeuristicDescriptor.GetAttrOnUnfinalizedEngineHeuristicDescriptor
2026-05-07T17:22:40.1695205Z [       OK ] TestEngineHeuristicDescriptor.GetAttrOnUnfinalizedEngineHeuristicDescriptor (0 ms)
2026-05-07T17:22:40.1695585Z [ RUN      ] TestEngineHeuristicDescriptor.GetEngineHeuristicDescriptorUnsupportedAttr
2026-05-07T17:22:40.1695962Z [       OK ] TestEngineHeuristicDescriptor.GetEngineHeuristicDescriptorUnsupportedAttr (0 ms)
2026-05-07T17:22:40.1696316Z [ RUN      ] TestEngineHeuristicDescriptor.GetEngineHeuristicDescriptorGraph
2026-05-07T17:22:40.1696641Z [       OK ] TestEngineHeuristicDescriptor.GetEngineHeuristicDescriptorGraph (0 ms)
2026-05-07T17:22:40.1696984Z [ RUN      ] TestEngineHeuristicDescriptor.GetEngineHeuristicDescriptorEngineConfigs
2026-05-07T17:22:40.1697357Z [       OK ] TestEngineHeuristicDescriptor.GetEngineHeuristicDescriptorEngineConfigs (0 ms)
2026-05-07T17:22:40.1697699Z [ RUN      ] TestEngineHeuristicDescriptor.GetEngineConfigsWithNullConfig
2026-05-07T17:22:40.1698071Z [       OK ] TestEngineHeuristicDescriptor.GetEngineConfigsWithNullConfig (0 ms)
2026-05-07T17:22:40.1698385Z [ RUN      ] TestEngineHeuristicDescriptor.GetEngineConfigsWithNoEngineIds
2026-05-07T17:22:40.1698701Z [       OK ] TestEngineHeuristicDescriptor.GetEngineConfigsWithNoEngineIds (0 ms)
2026-05-07T17:22:40.1699031Z [ RUN      ] TestEngineHeuristicDescriptor.GetEngineConfigsRequestMoreThanAvailable
2026-05-07T17:22:40.1699392Z [       OK ] TestEngineHeuristicDescriptor.GetEngineConfigsRequestMoreThanAvailable (0 ms)
2026-05-07T17:22:40.1699718Z [ RUN      ] TestEngineHeuristicDescriptor.GetEngineConfigsCountOnly
2026-05-07T17:22:40.1699996Z [       OK ] TestEngineHeuristicDescriptor.GetEngineConfigsCountOnly (0 ms)
2026-05-07T17:22:40.1700302Z [ RUN      ] TestEngineHeuristicDescriptor.GetEngineHeuristicDescriptorHeurMode
2026-05-07T17:22:40.1700638Z [       OK ] TestEngineHeuristicDescriptor.GetEngineHeuristicDescriptorHeurMode (0 ms)
2026-05-07T17:22:40.1700964Z [ RUN      ] TestEngineHeuristicDescriptor.GetGraphThrowsIfNotFinalized
2026-05-07T17:22:40.1701262Z [       OK ] TestEngineHeuristicDescriptor.GetGraphThrowsIfNotFinalized (0 ms)
2026-05-07T17:22:40.1701582Z [ RUN      ] TestEngineHeuristicDescriptor.GetGraphReturnsPointerIfFinalized
2026-05-07T17:22:40.1701963Z [       OK ] TestEngineHeuristicDescriptor.GetGraphReturnsPointerIfFinalized (0 ms)
2026-05-07T17:22:40.1702241Z [ RUN      ] TestEngineHeuristicDescriptor.SetFindFirst
2026-05-07T17:22:40.1702468Z [       OK ] TestEngineHeuristicDescriptor.SetFindFirst (0 ms)
2026-05-07T17:22:40.1702717Z [ RUN      ] TestEngineHeuristicDescriptor.SetFindFirstInvalidType
2026-05-07T17:22:40.1702985Z [       OK ] TestEngineHeuristicDescriptor.SetFindFirstInvalidType (0 ms)
2026-05-07T17:22:40.1703264Z [ RUN      ] TestEngineHeuristicDescriptor.GetFindFirstAfterFinalize
2026-05-07T17:22:40.1703548Z [       OK ] TestEngineHeuristicDescriptor.GetFindFirstAfterFinalize (0 ms)
2026-05-07T17:22:40.1703925Z [ RUN      ] TestEngineHeuristicDescriptor.FinalizeWithFindFirstPassesToPluginManager
2026-05-07T17:22:40.1704297Z [       OK ] TestEngineHeuristicDescriptor.FinalizeWithFindFirstPassesToPluginManager (0 ms)
2026-05-07T17:22:40.1704621Z [ RUN      ] TestEngineHeuristicDescriptor.SetPolicyOrderValid
2026-05-07T17:22:40.1704876Z [       OK ] TestEngineHeuristicDescriptor.SetPolicyOrderValid (0 ms)
2026-05-07T17:22:40.1705135Z [ RUN      ] TestEngineHeuristicDescriptor.SetPolicyOrderInvalidType
2026-05-07T17:22:40.1705413Z [       OK ] TestEngineHeuristicDescriptor.SetPolicyOrderInvalidType (0 ms)
2026-05-07T17:22:40.1705694Z [ RUN      ] TestEngineHeuristicDescriptor.SetPolicyOrderNullPointer
2026-05-07T17:22:40.1705976Z [       OK ] TestEngineHeuristicDescriptor.SetPolicyOrderNullPointer (0 ms)
2026-05-07T17:22:40.1706252Z [ RUN      ] TestEngineHeuristicDescriptor.GetPolicyOrderWhenNotSet
2026-05-07T17:22:40.1706526Z [       OK ] TestEngineHeuristicDescriptor.GetPolicyOrderWhenNotSet (0 ms)
2026-05-07T17:22:40.1706804Z [ RUN      ] TestEngineHeuristicDescriptor.GetPolicyOrderCountOnly
2026-05-07T17:22:40.1707072Z [       OK ] TestEngineHeuristicDescriptor.GetPolicyOrderCountOnly (0 ms)
2026-05-07T17:22:40.1707346Z [ RUN      ] TestEngineHeuristicDescriptor.GetPolicyOrderInvalidType
2026-05-07T17:22:40.1707626Z [       OK ] TestEngineHeuristicDescriptor.GetPolicyOrderInvalidType (0 ms)
2026-05-07T17:22:40.1707895Z [ RUN      ] TestEngineHeuristicDescriptor.GetPolicyOrderNullPointer
2026-05-07T17:22:40.1708172Z [       OK ] TestEngineHeuristicDescriptor.GetPolicyOrderNullPointer (0 ms)
2026-05-07T17:22:40.1708484Z [ RUN      ] TestEngineHeuristicDescriptor.GetPolicyOrderNegativeRequestedCount
2026-05-07T17:22:40.1708822Z [       OK ] TestEngineHeuristicDescriptor.GetPolicyOrderNegativeRequestedCount (0 ms)
2026-05-07T17:22:40.1709144Z [ RUN      ] TestEngineHeuristicDescriptor.GetPolicyOrderBufferTooSmall
2026-05-07T17:22:40.1709440Z [       OK ] TestEngineHeuristicDescriptor.GetPolicyOrderBufferTooSmall (0 ms)
2026-05-07T17:22:40.1709792Z [ RUN      ] TestEngineHeuristicDescriptor.GetPolicyOrderRoundTrip
2026-05-07T17:22:40.1710061Z [       OK ] TestEngineHeuristicDescriptor.GetPolicyOrderRoundTrip (0 ms)
2026-05-07T17:22:40.1711241Z [ RUN      ] TestEngineHeuristicDescriptor.FinalizeWithAllPoliciesFailing
2026-05-07T17:22:40.1711550Z [       OK ] TestEngineHeuristicDescriptor.FinalizeWithAllPoliciesFailing (0 ms)
2026-05-07T17:22:40.1711867Z [ RUN      ] TestEngineHeuristicDescriptor.FinalizeWithPolicyThrowingException
2026-05-07T17:22:40.1712207Z [       OK ] TestEngineHeuristicDescriptor.FinalizeWithPolicyThrowingException (0 ms)
2026-05-07T17:22:40.1712522Z [ RUN      ] TestEngineHeuristicDescriptor.ToStringBeforeFinalize
2026-05-07T17:22:40.1712796Z [       OK ] TestEngineHeuristicDescriptor.ToStringBeforeFinalize (0 ms)
2026-05-07T17:22:40.1713065Z [ RUN      ] TestEngineHeuristicDescriptor.ToStringAfterSetHeurMode
2026-05-07T17:22:40.1713343Z [       OK ] TestEngineHeuristicDescriptor.ToStringAfterSetHeurMode (0 ms)
2026-05-07T17:22:40.1713617Z [ RUN      ] TestEngineHeuristicDescriptor.ToStringAfterSetGraph
2026-05-07T17:22:40.1713871Z [       OK ] TestEngineHeuristicDescriptor.ToStringAfterSetGraph (0 ms)
2026-05-07T17:22:40.1714209Z [ RUN      ] TestEngineHeuristicDescriptor.ToStringWithPolicyOrder
2026-05-07T17:22:40.1714483Z [       OK ] TestEngineHeuristicDescriptor.ToStringWithPolicyOrder (0 ms)
2026-05-07T17:22:40.1714752Z [ RUN      ] TestEngineHeuristicDescriptor.SetEmptyPolicyOrder
2026-05-07T17:22:40.1714999Z [       OK ] TestEngineHeuristicDescriptor.SetEmptyPolicyOrder (0 ms)
2026-05-07T17:22:40.1715275Z [ RUN      ] TestEngineHeuristicDescriptor.GetPolicyOrderNullElementCount
2026-05-07T17:22:40.1715580Z [       OK ] TestEngineHeuristicDescriptor.GetPolicyOrderNullElementCount (0 ms)
2026-05-07T17:22:40.1715876Z [ RUN      ] TestEngineHeuristicDescriptor.MultipleSetPolicyOrderCalls
2026-05-07T17:22:40.1716166Z [       OK ] TestEngineHeuristicDescriptor.MultipleSetPolicyOrderCalls (0 ms)
2026-05-07T17:22:40.1716498Z [ RUN      ] TestEngineHeuristicDescriptor.EnvironmentVariablePolicyOrderIsRespected
2026-05-07T17:22:40.1716991Z C:/home/runner/_work/rocm-libraries/rocm-libraries/projects/hipdnn/backend/tests/descriptors/TestEngineHeuristicDescriptor.cpp(1124): error: Failed
2026-05-07T17:22:40.1717387Z Expected exception not thrown
2026-05-07T17:22:40.1717488Z 
2026-05-07T17:22:40.1717674Z [  FAILED  ] TestEngineHeuristicDescriptor.EnvironmentVariablePolicyOrderIsRespected (0 ms)
2026-05-07T17:22:40.1718110Z [ RUN      ] TestEngineHeuristicDescriptor.DescriptorPolicyOrderTakesPrecedenceOverEnvironment
2026-05-07T17:22:40.1718554Z [       OK ] TestEngineHeuristicDescriptor.DescriptorPolicyOrderTakesPrecedenceOverEnvironment (0 ms)
2026-05-07T17:22:40.1718953Z [ RUN      ] TestEngineHeuristicDescriptor.FinalizeWithEmptyPolicyListThrows
2026-05-07T17:22:40.1719284Z [       OK ] TestEngineHeuristicDescriptor.FinalizeWithEmptyPolicyListThrows (0 ms)
2026-05-07T17:22:40.1719591Z [----------] 44 tests from TestEngineHeuristicDescriptor (31 ms total)
2026-05-07T17:22:40.1719739Z 
2026-05-07T17:22:40.1719816Z [----------] 28 tests from TestExecutionPlanDescriptor
2026-05-07T17:22:40.1720062Z [ RUN      ] TestExecutionPlanDescriptor.CreateExecutionPlanDescriptor
2026-05-07T17:22:40.1720359Z [       OK ] TestExecutionPlanDescriptor.CreateExecutionPlanDescriptor (0 ms)
2026-05-07T17:22:40.1720640Z [ RUN      ] TestExecutionPlanDescriptor.SetAttrWhenNotFinalized
2026-05-07T17:22:40.1720913Z [       OK ] TestExecutionPlanDescriptor.SetAttrWhenNotFinalized (0 ms)
2026-05-07T17:22:40.1721152Z [ RUN      ] TestExecutionPlanDescriptor.SetHandle
2026-05-07T17:22:40.1721361Z [       OK ] TestExecutionPlanDescriptor.SetHandle (0 ms)
2026-05-07T17:22:40.1721582Z [ RUN      ] TestExecutionPlanDescriptor.SetEngineConfig
2026-05-07T17:22:40.1721814Z [       OK ] TestExecutionPlanDescriptor.SetEngineConfig (0 ms)
2026-05-07T17:22:40.1722035Z [ RUN      ] TestExecutionPlanDescriptor.Finalize
2026-05-07T17:22:40.1723060Z [       OK ] TestExecutionPlanDescriptor.Finalize (0 ms)
2026-05-07T17:22:40.1723295Z [ RUN      ] TestExecutionPlanDescriptor.GetAttrWhenNotFinalized
2026-05-07T17:22:40.1723559Z [       OK ] TestExecutionPlanDescriptor.GetAttrWhenNotFinalized (0 ms)
2026-05-07T17:22:40.1723860Z [ RUN      ] TestExecutionPlanDescriptor.GetWorkspaceSize
2026-05-07T17:22:40.1724090Z [       OK ] TestExecutionPlanDescriptor.GetWorkspaceSize (0 ms)
2026-05-07T17:22:40.1724315Z [ RUN      ] TestExecutionPlanDescriptor.GetTensorUids
2026-05-07T17:22:40.1724532Z [       OK ] TestExecutionPlanDescriptor.GetTensorUids (0 ms)
2026-05-07T17:22:40.1724802Z [ RUN      ] TestExecutionPlanDescriptor.DeserializeRejectsInvalidFlatBuffer
2026-05-07T17:22:40.1725131Z [       OK ] TestExecutionPlanDescriptor.DeserializeRejectsInvalidFlatBuffer (0 ms)
2026-05-07T17:22:40.1725462Z [ RUN      ] TestExecutionPlanDescriptor.DeserializeRejectsUnsupportedVersion
2026-05-07T17:22:40.1725791Z [       OK ] TestExecutionPlanDescriptor.DeserializeRejectsUnsupportedVersion (0 ms)
2026-05-07T17:22:40.1726118Z [ RUN      ] TestExecutionPlanDescriptor.DeserializeRejectsMissingTensorUids
2026-05-07T17:22:40.1726444Z [       OK ] TestExecutionPlanDescriptor.DeserializeRejectsMissingTensorUids (0 ms)
2026-05-07T17:22:40.1727304Z [ RUN      ] TestExecutionPlanDescriptor.DeserializeRejectsEmptyTensorUids
2026-05-07T17:22:40.1727623Z [       OK ] TestExecutionPlanDescriptor.DeserializeRejectsEmptyTensorUids (0 ms)
2026-05-07T17:22:40.1727951Z [ RUN      ] TestExecutionPlanDescriptor.DeserializeRejectsMissingEngineConfig
2026-05-07T17:22:40.1728293Z [       OK ] TestExecutionPlanDescriptor.DeserializeRejectsMissingEngineConfig (0 ms)
2026-05-07T17:22:40.1728620Z [ RUN      ] TestExecutionPlanDescriptor.DeserializeRejectsEmptyEngineConfig
2026-05-07T17:22:40.1728942Z [       OK ] TestExecutionPlanDescriptor.DeserializeRejectsEmptyEngineConfig (0 ms)
2026-05-07T17:22:40.1729278Z [ RUN      ] TestExecutionPlanDescriptor.DeserializeRejectsMissingPluginPayload
2026-05-07T17:22:40.1729620Z [       OK ] TestExecutionPlanDescriptor.DeserializeRejectsMissingPluginPayload (0 ms)
2026-05-07T17:22:40.1729959Z [ RUN      ] TestExecutionPlanDescriptor.DeserializeRejectsEmptyPluginPayload
2026-05-07T17:22:40.1730295Z [       OK ] TestExecutionPlanDescriptor.DeserializeRejectsEmptyPluginPayload (0 ms)
2026-05-07T17:22:40.1730648Z [ RUN      ] TestExecutionPlanDescriptor.DeserializeRejectsNegativeWorkspaceSize
2026-05-07T17:22:40.1730991Z [       OK ] TestExecutionPlanDescriptor.DeserializeRejectsNegativeWorkspaceSize (0 ms)
2026-05-07T17:22:40.1731354Z [ RUN      ] TestExecutionPlanDescriptor.DeserializeRestoresSerializedExecutionPlan
2026-05-07T17:22:40.1731721Z [       OK ] TestExecutionPlanDescriptor.DeserializeRestoresSerializedExecutionPlan (0 ms)
2026-05-07T17:22:40.1732059Z [ RUN      ] TestExecutionPlanDescriptor.SerializeRejectsUnfinalizedPlan
2026-05-07T17:22:40.1732367Z [       OK ] TestExecutionPlanDescriptor.SerializeRejectsUnfinalizedPlan (0 ms)
2026-05-07T17:22:40.1732676Z [ RUN      ] TestExecutionPlanDescriptor.SerializeRejectsNullSizePointer
2026-05-07T17:22:40.1732981Z [       OK ] TestExecutionPlanDescriptor.SerializeRejectsNullSizePointer (0 ms)
2026-05-07T17:22:40.1733306Z [ RUN      ] TestExecutionPlanDescriptor.SerializeRoundTripsFlatBufferEnvelope
2026-05-07T17:22:40.1733646Z [       OK ] TestExecutionPlanDescriptor.SerializeRoundTripsFlatBufferEnvelope (0 ms)
2026-05-07T17:22:40.1733975Z [ RUN      ] TestExecutionPlanDescriptor.SerializeRejectsInsufficientBuffer
2026-05-07T17:22:40.1734290Z [       OK ] TestExecutionPlanDescriptor.SerializeRejectsInsufficientBuffer (0 ms)
2026-05-07T17:22:40.1734577Z [ RUN      ] TestExecutionPlanDescriptor.GetEngineConfig
2026-05-07T17:22:40.1734807Z [       OK ] TestExecutionPlanDescriptor.GetEngineConfig (0 ms)
2026-05-07T17:22:40.1735049Z [ RUN      ] TestExecutionPlanDescriptor.GetEngineConfigErrors
2026-05-07T17:22:40.1735310Z [       OK ] TestExecutionPlanDescriptor.GetEngineConfigErrors (0 ms)
2026-05-07T17:22:40.1735646Z [ RUN      ] TestExecutionPlanDescriptor.GetUnsupportedAttr
2026-05-07T17:22:40.1735893Z [       OK ] TestExecutionPlanDescriptor.GetUnsupportedAttr (0 ms)
2026-05-07T17:22:40.1736180Z [ RUN      ] TestExecutionPlanDescriptor.GetEngineConfigThrowsIfNotFinalized
2026-05-07T17:22:40.1736509Z [       OK ] TestExecutionPlanDescriptor.GetEngineConfigThrowsIfNotFinalized (0 ms)
2026-05-07T17:22:40.1736848Z [ RUN      ] TestExecutionPlanDescriptor.GetEngineConfigReturnsPointerIfFinalized
2026-05-07T17:22:40.1737195Z [       OK ] TestExecutionPlanDescriptor.GetEngineConfigReturnsPointerIfFinalized (0 ms)
2026-05-07T17:22:40.1737513Z [ RUN      ] TestExecutionPlanDescriptor.GetExecutionContext
2026-05-07T17:22:40.1737765Z [       OK ] TestExecutionPlanDescriptor.GetExecutionContext (0 ms)
2026-05-07T17:22:40.1738013Z [----------] 28 tests from TestExecutionPlanDescriptor (1 ms total)
2026-05-07T17:22:40.1738162Z 
2026-05-07T17:22:40.1738229Z [----------] 33 tests from TestGraphDescriptor
2026-05-07T17:22:40.1738437Z [ RUN      ] TestGraphDescriptor.SerializeDeserializeGraph
2026-05-07T17:22:40.1738676Z [       OK ] TestGraphDescriptor.SerializeDeserializeGraph (0 ms)
2026-05-07T17:22:40.1739111Z [ RUN      ] TestGraphDescriptor.DeserializeGraphExtractsAttributes
2026-05-07T17:22:40.1739389Z [       OK ] TestGraphDescriptor.DeserializeGraphExtractsAttributes (0 ms)
2026-05-07T17:22:40.1739643Z [ RUN      ] TestGraphDescriptor.WillCorrectlySetGraph
2026-05-07T17:22:40.1739861Z [       OK ] TestGraphDescriptor.WillCorrectlySetGraph (0 ms)
2026-05-07T17:22:40.1740113Z [ RUN      ] TestGraphDescriptor.WillCorrectlySetGraphReverseOrder
2026-05-07T17:22:40.1740389Z [       OK ] TestGraphDescriptor.WillCorrectlySetGraphReverseOrder (0 ms)
2026-05-07T17:22:40.1740645Z [ RUN      ] TestGraphDescriptor.WillFailToSetInvalidGraph
2026-05-07T17:22:40.1740885Z [       OK ] TestGraphDescriptor.WillFailToSetInvalidGraph (0 ms)
2026-05-07T17:22:40.1741158Z [ RUN      ] TestGraphDescriptor.FinalizeFailInvalidGraph
2026-05-07T17:22:40.1741395Z [       OK ] TestGraphDescriptor.FinalizeFailInvalidGraph (0 ms)
2026-05-07T17:22:40.1741680Z [ RUN      ] TestGraphDescriptor.GetAttributeWorksOnDeserializedUnfinalizedGraph
2026-05-07T17:22:40.1742031Z [       OK ] TestGraphDescriptor.GetAttributeWorksOnDeserializedUnfinalizedGraph (0 ms)
2026-05-07T17:22:40.1742373Z [ RUN      ] TestGraphDescriptor.GetAttributeUnsupportedReturnsNotSupported
2026-05-07T17:22:40.1742696Z [       OK ] TestGraphDescriptor.GetAttributeUnsupportedReturnsNotSupported (0 ms)
2026-05-07T17:22:40.1742993Z [ RUN      ] TestGraphDescriptor.SetAttributeReturnsNotSupported
2026-05-07T17:22:40.1743262Z [       OK ] TestGraphDescriptor.SetAttributeReturnsNotSupported (0 ms)
2026-05-07T17:22:40.1743555Z [ RUN      ] TestGraphDescriptor.EmptyGraphDeserializesButFailsToFinalize
2026-05-07T17:22:40.1743864Z [       OK ] TestGraphDescriptor.EmptyGraphDeserializesButFailsToFinalize (0 ms)
2026-05-07T17:22:40.1744189Z [ RUN      ] TestGraphDescriptor.GetSerializedGraphWithoutPopulationThrows
2026-05-07T17:22:40.1744507Z [       OK ] TestGraphDescriptor.GetSerializedGraphWithoutPopulationThrows (0 ms)
2026-05-07T17:22:40.1744820Z [ RUN      ] TestGraphDescriptor.GetSerializedGraphEmptyOperationsThrows
2026-05-07T17:22:40.1745127Z [       OK ] TestGraphDescriptor.GetSerializedGraphEmptyOperationsThrows (0 ms)
2026-05-07T17:22:40.1745415Z [ RUN      ] TestGraphDescriptor.JsonRoundTripViaDescriptorApi
2026-05-07T17:22:40.1745669Z [       OK ] TestGraphDescriptor.JsonRoundTripViaDescriptorApi (0 ms)
2026-05-07T17:22:40.1745927Z [ RUN      ] TestGraphDescriptor.JsonSerializeNullDescriptor
2026-05-07T17:22:40.1746171Z [       OK ] TestGraphDescriptor.JsonSerializeNullDescriptor (0 ms)
2026-05-07T17:22:40.1746410Z [ RUN      ] TestGraphDescriptor.JsonSerializeNullSize
2026-05-07T17:22:40.1746630Z [       OK ] TestGraphDescriptor.JsonSerializeNullSize (0 ms)
2026-05-07T17:22:40.1746869Z [ RUN      ] TestGraphDescriptor.JsonSerializeInsufficientBuffer
2026-05-07T17:22:40.1747205Z [       OK ] TestGraphDescriptor.JsonSerializeInsufficientBuffer (0 ms)
2026-05-07T17:22:40.1747460Z [ RUN      ] TestGraphDescriptor.JsonSerializeOversizedBuffer
2026-05-07T17:22:40.1747711Z [       OK ] TestGraphDescriptor.JsonSerializeOversizedBuffer (0 ms)
2026-05-07T17:22:40.1747958Z [ RUN      ] TestGraphDescriptor.JsonDeserializeNullInput
2026-05-07T17:22:40.1748186Z [       OK ] TestGraphDescriptor.JsonDeserializeNullInput (0 ms)
2026-05-07T17:22:40.1748432Z [ RUN      ] TestGraphDescriptor.JsonDeserializeNullDescriptor
2026-05-07T17:22:40.1748691Z [       OK ] TestGraphDescriptor.JsonDeserializeNullDescriptor (0 ms)
2026-05-07T17:22:40.1748939Z [ RUN      ] TestGraphDescriptor.JsonDeserializeEmptySize
2026-05-07T17:22:40.1749167Z [       OK ] TestGraphDescriptor.JsonDeserializeEmptySize (0 ms)
2026-05-07T17:22:40.1749407Z [ RUN      ] TestGraphDescriptor.JsonDeserializeNonGraphJson
2026-05-07T17:22:40.1749656Z [       OK ] TestGraphDescriptor.JsonDeserializeNonGraphJson (0 ms)
2026-05-07T17:22:40.1749886Z [ RUN      ] TestGraphDescriptor.JsonRoundTripViaApi
2026-05-07T17:22:40.1750107Z [       OK ] TestGraphDescriptor.JsonRoundTripViaApi (0 ms)
2026-05-07T17:22:40.1750538Z [ RUN      ] TestGraphDescriptor.DeserializeInvalidatesSerializedBuffer
2026-05-07T17:22:40.1750831Z [       OK ] TestGraphDescriptor.DeserializeInvalidatesSerializedBuffer (0 ms)
2026-05-07T17:22:40.1751115Z [ RUN      ] TestGraphDescriptor.BinarySerializeNullDescriptor
2026-05-07T17:22:40.1751373Z [       OK ] TestGraphDescriptor.BinarySerializeNullDescriptor (0 ms)
2026-05-07T17:22:40.1751619Z [ RUN      ] TestGraphDescriptor.BinarySerializeNullSize
2026-05-07T17:22:40.1751846Z [       OK ] TestGraphDescriptor.BinarySerializeNullSize (0 ms)
2026-05-07T17:22:40.1752082Z [ RUN      ] TestGraphDescriptor.BinarySerializeEmptyGraph
2026-05-07T17:22:40.1752322Z [       OK ] TestGraphDescriptor.BinarySerializeEmptyGraph (0 ms)
2026-05-07T17:22:40.1752557Z [ RUN      ] TestGraphDescriptor.JsonSerializeEmptyGraph
2026-05-07T17:22:40.1752783Z [       OK ] TestGraphDescriptor.JsonSerializeEmptyGraph (0 ms)
2026-05-07T17:22:40.1753024Z [ RUN      ] TestGraphDescriptor.MalformedJsonReturnsBadParam
2026-05-07T17:22:40.1753277Z [       OK ] TestGraphDescriptor.MalformedJsonReturnsBadParam (0 ms)
2026-05-07T17:22:40.1753541Z [ RUN      ] TestGraphDescriptor.MalformedJsonViaCApiReturnsBadParam
2026-05-07T17:22:40.1753825Z [       OK ] TestGraphDescriptor.MalformedJsonViaCApiReturnsBadParam (0 ms)
2026-05-07T17:22:40.1754095Z [ RUN      ] TestGraphDescriptor.BinaryDeserializeCorruptedData
2026-05-07T17:22:40.1754354Z [       OK ] TestGraphDescriptor.BinaryDeserializeCorruptedData (0 ms)
2026-05-07T17:22:40.1754622Z [ RUN      ] TestGraphDescriptor.BinarySerializeInsufficientBuffer
2026-05-07T17:22:40.1754898Z [       OK ] TestGraphDescriptor.BinarySerializeInsufficientBuffer (0 ms)
2026-05-07T17:22:40.1755164Z [ RUN      ] TestGraphDescriptor.BinarySerializeOversizedBuffer
2026-05-07T17:22:40.1755423Z [       OK ] TestGraphDescriptor.BinarySerializeOversizedBuffer (0 ms)
2026-05-07T17:22:40.1755666Z [ RUN      ] TestGraphDescriptor.BinaryRoundTripViaApi
2026-05-07T17:22:40.1755885Z [       OK ] TestGraphDescriptor.BinaryRoundTripViaApi (0 ms)
2026-05-07T17:22:40.1756110Z [----------] 33 tests from TestGraphDescriptor (1 ms total)
2026-05-07T17:22:40.1756243Z 
2026-05-07T17:22:40.1756319Z [----------] 81 tests from TestTensorDescriptor
2026-05-07T17:22:40.1756511Z [ RUN      ] TestTensorDescriptor.CreateDescriptor
2026-05-07T17:22:40.1756717Z [       OK ] TestTensorDescriptor.CreateDescriptor (0 ms)
2026-05-07T17:22:40.1756952Z [ RUN      ] TestTensorDescriptor.FinalizeWithRequiredAttributes
2026-05-07T17:22:40.1757285Z [       OK ] TestTensorDescriptor.FinalizeWithRequiredAttributes (0 ms)
2026-05-07T17:22:40.1757546Z [ RUN      ] TestTensorDescriptor.FinalizeFailsWithoutDimensions
2026-05-07T17:22:40.1757814Z [       OK ] TestTensorDescriptor.FinalizeFailsWithoutDimensions (0 ms)
2026-05-07T17:22:40.1758145Z [ RUN      ] TestTensorDescriptor.FinalizeFailsWithoutStrides
2026-05-07T17:22:40.1758390Z [       OK ] TestTensorDescriptor.FinalizeFailsWithoutStrides (0 ms)
2026-05-07T17:22:40.1759087Z [ RUN      ] TestTensorDescriptor.FinalizeFailsWithoutDataType
2026-05-07T17:22:40.1759385Z [       OK ] TestTensorDescriptor.FinalizeFailsWithoutDataType (0 ms)
2026-05-07T17:22:40.1759660Z [ RUN      ] TestTensorDescriptor.FinalizeFailsDimsStridesMismatch
2026-05-07T17:22:40.1759941Z [       OK ] TestTensorDescriptor.FinalizeFailsDimsStridesMismatch (0 ms)
2026-05-07T17:22:40.1760207Z [ RUN      ] TestTensorDescriptor.SetAttributeUniqueId
2026-05-07T17:22:40.1760443Z [       OK ] TestTensorDescriptor.SetAttributeUniqueId (0 ms)
2026-05-07T17:22:40.1760706Z [ RUN      ] TestTensorDescriptor.SetAttributeUniqueIdWrongElementCount
2026-05-07T17:22:40.1761018Z [       OK ] TestTensorDescriptor.SetAttributeUniqueIdWrongElementCount (0 ms)
2026-05-07T17:22:40.1761320Z [ RUN      ] TestTensorDescriptor.SetAttributeUniqueIdWrongType
2026-05-07T17:22:40.1761582Z [       OK ] TestTensorDescriptor.SetAttributeUniqueIdWrongType (0 ms)
2026-05-07T17:22:40.1761820Z [ RUN      ] TestTensorDescriptor.SetAttributeName
2026-05-07T17:22:40.1762368Z [       OK ] TestTensorDescriptor.SetAttributeName (0 ms)
2026-05-07T17:22:40.1762591Z [ RUN      ] TestTensorDescriptor.SetAttributeNameWrongType
2026-05-07T17:22:40.1762838Z [       OK ] TestTensorDescriptor.SetAttributeNameWrongType (0 ms)
2026-05-07T17:22:40.1763073Z [ RUN      ] TestTensorDescriptor.SetAttributeDataType
2026-05-07T17:22:40.1763297Z [       OK ] TestTensorDescriptor.SetAttributeDataType (0 ms)
2026-05-07T17:22:40.1763552Z [ RUN      ] TestTensorDescriptor.SetAttributeDataTypeWrongElementCount
2026-05-07T17:22:40.1763860Z [       OK ] TestTensorDescriptor.SetAttributeDataTypeWrongElementCount (0 ms)
2026-05-07T17:22:40.1764143Z [ RUN      ] TestTensorDescriptor.SetAttributeDataTypeWrongType
2026-05-07T17:22:40.1764406Z [       OK ] TestTensorDescriptor.SetAttributeDataTypeWrongType (0 ms)
2026-05-07T17:22:40.1764661Z [ RUN      ] TestTensorDescriptor.SetAttributeDimensions
2026-05-07T17:22:40.1764890Z [       OK ] TestTensorDescriptor.SetAttributeDimensions (0 ms)
2026-05-07T17:22:40.1765141Z [ RUN      ] TestTensorDescriptor.SetAttributeDimensionsWrongType
2026-05-07T17:22:40.1765413Z [       OK ] TestTensorDescriptor.SetAttributeDimensionsWrongType (0 ms)
2026-05-07T17:22:40.1765661Z [ RUN      ] TestTensorDescriptor.SetAttributeStrides
2026-05-07T17:22:40.1765888Z [       OK ] TestTensorDescriptor.SetAttributeStrides (0 ms)
2026-05-07T17:22:40.1766118Z [ RUN      ] TestTensorDescriptor.SetAttributeStridesWrongType
2026-05-07T17:22:40.1766374Z [       OK ] TestTensorDescriptor.SetAttributeStridesWrongType (0 ms)
2026-05-07T17:22:40.1766622Z [ RUN      ] TestTensorDescriptor.SetAttributeIsVirtual
2026-05-07T17:22:40.1766840Z [       OK ] TestTensorDescriptor.SetAttributeIsVirtual (0 ms)
2026-05-07T17:22:40.1767106Z [ RUN      ] TestTensorDescriptor.SetAttributeIsVirtualWrongElementCount
2026-05-07T17:22:40.1767416Z [       OK ] TestTensorDescriptor.SetAttributeIsVirtualWrongElementCount (0 ms)
2026-05-07T17:22:40.1767705Z [ RUN      ] TestTensorDescriptor.SetAttributeIsVirtualWrongType
2026-05-07T17:22:40.1767968Z [       OK ] TestTensorDescriptor.SetAttributeIsVirtualWrongType (0 ms)
2026-05-07T17:22:40.1768228Z [ RUN      ] TestTensorDescriptor.SetAttributeFailsNullPointer
2026-05-07T17:22:40.1768482Z [       OK ] TestTensorDescriptor.SetAttributeFailsNullPointer (0 ms)
2026-05-07T17:22:40.1768738Z [ RUN      ] TestTensorDescriptor.SetAttributeFailsAfterFinalize
2026-05-07T17:22:40.1769001Z [       OK ] TestTensorDescriptor.SetAttributeFailsAfterFinalize (0 ms)
2026-05-07T17:22:40.1769261Z [ RUN      ] TestTensorDescriptor.SetAttributeUnsupported
2026-05-07T17:22:40.1769493Z [       OK ] TestTensorDescriptor.SetAttributeUnsupported (0 ms)
2026-05-07T17:22:40.1769724Z [ RUN      ] TestTensorDescriptor.GetAttributeUniqueId
2026-05-07T17:22:40.1770027Z [       OK ] TestTensorDescriptor.GetAttributeUniqueId (0 ms)
2026-05-07T17:22:40.1770240Z [ RUN      ] TestTensorDescriptor.GetAttributeName
2026-05-07T17:22:40.1770451Z [       OK ] TestTensorDescriptor.GetAttributeName (0 ms)
2026-05-07T17:22:40.1770681Z [ RUN      ] TestTensorDescriptor.GetAttributeNamePartialCopy
2026-05-07T17:22:40.1770939Z [       OK ] TestTensorDescriptor.GetAttributeNamePartialCopy (0 ms)
2026-05-07T17:22:40.1771177Z [ RUN      ] TestTensorDescriptor.GetAttributeDataType
2026-05-07T17:22:40.1771399Z [       OK ] TestTensorDescriptor.GetAttributeDataType (0 ms)
2026-05-07T17:22:40.1771626Z [ RUN      ] TestTensorDescriptor.GetAttributeDimensions
2026-05-07T17:22:40.1771849Z [       OK ] TestTensorDescriptor.GetAttributeDimensions (0 ms)
2026-05-07T17:22:40.1772110Z [ RUN      ] TestTensorDescriptor.GetAttributeDimensionsPartialCopy
2026-05-07T17:22:40.1772392Z [       OK ] TestTensorDescriptor.GetAttributeDimensionsPartialCopy (0 ms)
2026-05-07T17:22:40.1772659Z [ RUN      ] TestTensorDescriptor.GetAttributeStrides
2026-05-07T17:22:40.1772878Z [       OK ] TestTensorDescriptor.GetAttributeStrides (0 ms)
2026-05-07T17:22:40.1773281Z [ RUN      ] TestTensorDescriptor.GetAttributeIsVirtual
2026-05-07T17:22:40.1773505Z [       OK ] TestTensorDescriptor.GetAttributeIsVirtual (0 ms)
2026-05-07T17:22:40.1773752Z [ RUN      ] TestTensorDescriptor.GetAttributeFailsBeforeFinalize
2026-05-07T17:22:40.1774023Z [       OK ] TestTensorDescriptor.GetAttributeFailsBeforeFinalize (0 ms)
2026-05-07T17:22:40.1774290Z [ RUN      ] TestTensorDescriptor.GetAttributeFailsNullPointer
2026-05-07T17:22:40.1774539Z [       OK ] TestTensorDescriptor.GetAttributeFailsNullPointer (0 ms)
2026-05-07T17:22:40.1774788Z [ RUN      ] TestTensorDescriptor.GetAttributeUnsupported
2026-05-07T17:22:40.1775023Z [       OK ] TestTensorDescriptor.GetAttributeUnsupported (0 ms)
2026-05-07T17:22:40.1775251Z [ RUN      ] TestTensorDescriptor.GetAttributeWrongType
2026-05-07T17:22:40.1775479Z [       OK ] TestTensorDescriptor.GetAttributeWrongType (0 ms)
2026-05-07T17:22:40.1775745Z [ RUN      ] TestTensorDescriptor.GetAttributeQueryFailsNullElementCount
2026-05-07T17:22:40.1776115Z [       OK ] TestTensorDescriptor.GetAttributeQueryFailsNullElementCount (0 ms)
2026-05-07T17:22:40.1776415Z [ RUN      ] TestTensorDescriptor.GetAttributeElementCountNullable
2026-05-07T17:22:40.1776697Z [       OK ] TestTensorDescriptor.GetAttributeElementCountNullable (0 ms)
2026-05-07T17:22:40.1776994Z [ RUN      ] TestTensorDescriptor.GetAttributeDimensionsQueryReturnsSize
2026-05-07T17:22:40.1777301Z [       OK ] TestTensorDescriptor.GetAttributeDimensionsQueryReturnsSize (0 ms)
2026-05-07T17:22:40.1777741Z [ RUN      ] TestTensorDescriptor.GetAttributeStridesQueryReturnsSize
2026-05-07T17:22:40.1778029Z [       OK ] TestTensorDescriptor.GetAttributeStridesQueryReturnsSize (0 ms)
2026-05-07T17:22:40.1778315Z [ RUN      ] TestTensorDescriptor.GetAttributeUniqueIdQueryReturnsOne
2026-05-07T17:22:40.1778603Z [       OK ] TestTensorDescriptor.GetAttributeUniqueIdQueryReturnsOne (0 ms)
2026-05-07T17:22:40.1778892Z [ RUN      ] TestTensorDescriptor.GetAttributeDataTypeQueryReturnsOne
2026-05-07T17:22:40.1779179Z [       OK ] TestTensorDescriptor.GetAttributeDataTypeQueryReturnsOne (0 ms)
2026-05-07T17:22:40.1779470Z [ RUN      ] TestTensorDescriptor.GetAttributeIsVirtualQueryReturnsOne
2026-05-07T17:22:40.1779769Z [       OK ] TestTensorDescriptor.GetAttributeIsVirtualQueryReturnsOne (0 ms)
2026-05-07T17:22:40.1780072Z [ RUN      ] TestTensorDescriptor.GetAttributeDimensionsQueryThenRetrieve
2026-05-07T17:22:40.1780379Z [       OK ] TestTensorDescriptor.GetAttributeDimensionsQueryThenRetrieve (0 ms)
2026-05-07T17:22:40.1780677Z [ RUN      ] TestTensorDescriptor.GetAttributeNameQueryReturnsSize
2026-05-07T17:22:40.1780950Z [       OK ] TestTensorDescriptor.GetAttributeNameQueryReturnsSize (0 ms)
2026-05-07T17:22:40.1781224Z [ RUN      ] TestTensorDescriptor.GetAttributeNameQueryThenRetrieve
2026-05-07T17:22:40.1781570Z [       OK ] TestTensorDescriptor.GetAttributeNameQueryThenRetrieve (0 ms)
2026-05-07T17:22:40.1781872Z [ RUN      ] TestTensorDescriptor.GetAttributeValueFloat32QueryReturnsSize
2026-05-07T17:22:40.1782196Z [       OK ] TestTensorDescriptor.GetAttributeValueFloat32QueryReturnsSize (0 ms)
2026-05-07T17:22:40.1782518Z [ RUN      ] TestTensorDescriptor.GetAttributeValueFloat32QueryThenRetrieve
2026-05-07T17:22:40.1782836Z [       OK ] TestTensorDescriptor.GetAttributeValueFloat32QueryThenRetrieve (0 ms)
2026-05-07T17:22:40.1783151Z [ RUN      ] TestTensorDescriptor.GetAttributeValueQueryFailsWhenNotSet
2026-05-07T17:22:40.1783447Z [       OK ] TestTensorDescriptor.GetAttributeValueQueryFailsWhenNotSet (0 ms)
2026-05-07T17:22:40.1783743Z [ RUN      ] TestTensorDescriptor.IsByValueReturnsFalseWhenNoValueSet
2026-05-07T17:22:40.1784032Z [       OK ] TestTensorDescriptor.IsByValueReturnsFalseWhenNoValueSet (0 ms)
2026-05-07T17:22:40.1784317Z [ RUN      ] TestTensorDescriptor.IsByValueReturnsTrueWhenValueSet
2026-05-07T17:22:40.1784585Z [       OK ] TestTensorDescriptor.IsByValueReturnsTrueWhenValueSet (0 ms)
2026-05-07T17:22:40.1784850Z [ RUN      ] TestTensorDescriptor.SetAttributeValueFloat32
2026-05-07T17:22:40.1785260Z [       OK ] TestTensorDescriptor.SetAttributeValueFloat32 (0 ms)
2026-05-07T17:22:40.1785497Z [ RUN      ] TestTensorDescriptor.SetAttributeValueDouble
2026-05-07T17:22:40.1785744Z [       OK ] TestTensorDescriptor.SetAttributeValueDouble (0 ms)
2026-05-07T17:22:40.1785983Z [ RUN      ] TestTensorDescriptor.SetAttributeValueInt32
2026-05-07T17:22:40.1786213Z [       OK ] TestTensorDescriptor.SetAttributeValueInt32 (0 ms)
2026-05-07T17:22:40.1786455Z [ RUN      ] TestTensorDescriptor.SetAttributeValueInt64
2026-05-07T17:22:40.1786690Z [       OK ] TestTensorDescriptor.SetAttributeValueInt64 (0 ms)
2026-05-07T17:22:40.1786918Z [ RUN      ] TestTensorDescriptor.SetAttributeValueBoolean
2026-05-07T17:22:40.1787160Z [       OK ] TestTensorDescriptor.SetAttributeValueBoolean (0 ms)
2026-05-07T17:22:40.1787391Z [ RUN      ] TestTensorDescriptor.SetGetValueBoolean
2026-05-07T17:22:40.1787613Z [       OK ] TestTensorDescriptor.SetGetValueBoolean (0 ms)
2026-05-07T17:22:40.1787841Z [ RUN      ] TestTensorDescriptor.SetAttributeValueFloat16
2026-05-07T17:22:40.1788081Z [       OK ] TestTensorDescriptor.SetAttributeValueFloat16 (0 ms)
2026-05-07T17:22:40.1788326Z [ RUN      ] TestTensorDescriptor.SetAttributeValueBFloat16
2026-05-07T17:22:40.1788564Z [       OK ] TestTensorDescriptor.SetAttributeValueBFloat16 (0 ms)
2026-05-07T17:22:40.1788831Z [ RUN      ] TestTensorDescriptor.SetAttributeValueWrongElementCount
2026-05-07T17:22:40.1789123Z [       OK ] TestTensorDescriptor.SetAttributeValueWrongElementCount (0 ms)
2026-05-07T17:22:40.1789401Z [ RUN      ] TestTensorDescriptor.SetAttributeValueUnsupportedType
2026-05-07T17:22:40.1789683Z [       OK ] TestTensorDescriptor.SetAttributeValueUnsupportedType (0 ms)
2026-05-07T17:22:40.1789983Z [ RUN      ] TestTensorDescriptor.SetAttributeValueFailsWithoutDataType
2026-05-07T17:22:40.1790293Z [       OK ] TestTensorDescriptor.SetAttributeValueFailsWithoutDataType (0 ms)
2026-05-07T17:22:40.1790598Z [ RUN      ] TestTensorDescriptor.SetAttributeValueOverwritesPrevious
2026-05-07T17:22:40.1790898Z [       OK ] TestTensorDescriptor.SetAttributeValueOverwritesPrevious (0 ms)
2026-05-07T17:22:40.1791180Z [ RUN      ] TestTensorDescriptor.SetAttributeValueCopiesData
2026-05-07T17:22:40.1791432Z [       OK ] TestTensorDescriptor.SetAttributeValueCopiesData (0 ms)
2026-05-07T17:22:40.1791679Z [ RUN      ] TestTensorDescriptor.GetAttributeValueFloat32
2026-05-07T17:22:40.1791916Z [       OK ] TestTensorDescriptor.GetAttributeValueFloat32 (0 ms)
2026-05-07T17:22:40.1792149Z [ RUN      ] TestTensorDescriptor.GetAttributeValueDouble
2026-05-07T17:22:40.1792384Z [       OK ] TestTensorDescriptor.GetAttributeValueDouble (0 ms)
2026-05-07T17:22:40.1792618Z [ RUN      ] TestTensorDescriptor.GetAttributeValueInt32
2026-05-07T17:22:40.1792916Z [       OK ] TestTensorDescriptor.GetAttributeValueInt32 (0 ms)
2026-05-07T17:22:40.1793143Z [ RUN      ] TestTensorDescriptor.GetAttributeValueInt64
2026-05-07T17:22:40.1793372Z [       OK ] TestTensorDescriptor.GetAttributeValueInt64 (0 ms)
2026-05-07T17:22:40.1793605Z [ RUN      ] TestTensorDescriptor.GetAttributeValueBoolean
2026-05-07T17:22:40.1794154Z [       OK ] TestTensorDescriptor.GetAttributeValueBoolean (0 ms)
2026-05-07T17:22:40.1794435Z [ RUN      ] TestTensorDescriptor.GetAttributeValueFloat16
2026-05-07T17:22:40.1794691Z [       OK ] TestTensorDescriptor.GetAttributeValueFloat16 (0 ms)
2026-05-07T17:22:40.1794940Z [ RUN      ] TestTensorDescriptor.GetAttributeValueBFloat16
2026-05-07T17:22:40.1795193Z [       OK ] TestTensorDescriptor.GetAttributeValueBFloat16 (0 ms)
2026-05-07T17:22:40.1795442Z [ RUN      ] TestTensorDescriptor.GetAttributeValueNotSet
2026-05-07T17:22:40.1795686Z [       OK ] TestTensorDescriptor.GetAttributeValueNotSet (0 ms)
2026-05-07T17:22:40.1795966Z [ RUN      ] TestTensorDescriptor.GetAttributeValueWrongAttributeType
2026-05-07T17:22:40.1796270Z [       OK ] TestTensorDescriptor.GetAttributeValueWrongAttributeType (0 ms)
2026-05-07T17:22:40.1797077Z [ RUN      ] TestTensorDescriptor.ToStringContainsExpectedInfo
2026-05-07T17:22:40.1797344Z [       OK ] TestTensorDescriptor.ToStringContainsExpectedInfo (0 ms)
2026-05-07T17:22:40.1797592Z [ RUN      ] TestTensorDescriptor.ToStringValueBool
2026-05-07T17:22:40.1797816Z [       OK ] TestTensorDescriptor.ToStringValueBool (0 ms)
2026-05-07T17:22:40.1798050Z [ RUN      ] TestTensorDescriptor.ToStringHandlesUnsetDataType
2026-05-07T17:22:40.1798318Z [       OK ] TestTensorDescriptor.ToStringHandlesUnsetDataType (0 ms)
2026-05-07T17:22:40.1798564Z [ RUN      ] TestTensorDescriptor.SetGetValueUint8
2026-05-07T17:22:40.1798784Z [       OK ] TestTensorDescriptor.SetGetValueUint8 (0 ms)
2026-05-07T17:22:40.1798994Z [ RUN      ] TestTensorDescriptor.SetGetValueInt8
2026-05-07T17:22:40.1799214Z [       OK ] TestTensorDescriptor.SetGetValueInt8 (0 ms)
2026-05-07T17:22:40.1799435Z [ RUN      ] TestTensorDescriptor.SetGetValueFp8E4M3
2026-05-07T17:22:40.1799656Z [       OK ] TestTensorDescriptor.SetGetValueFp8E4M3 (0 ms)
2026-05-07T17:22:40.1799880Z [ RUN      ] TestTensorDescriptor.SetGetValueFp8E5M2
2026-05-07T17:22:40.1800101Z [       OK ] TestTensorDescriptor.SetGetValueFp8E5M2 (0 ms)
2026-05-07T17:22:40.1800313Z [ RUN      ] TestTensorDescriptor.SetGetValueInt64
2026-05-07T17:22:40.1800525Z [       OK ] TestTensorDescriptor.SetGetValueInt64 (0 ms)
2026-05-07T17:22:40.1800750Z [----------] 81 tests from TestTensorDescriptor (0 ms total)
2026-05-07T17:22:40.1800893Z 
2026-05-07T17:22:40.1800983Z [----------] 36 tests from TestCustomOpOperationDescriptor
2026-05-07T17:22:40.1801225Z [ RUN      ] TestCustomOpOperationDescriptor.CreateDescriptor
2026-05-07T17:22:40.1801494Z [       OK ] TestCustomOpOperationDescriptor.CreateDescriptor (0 ms)
2026-05-07T17:22:40.1801802Z [ RUN      ] TestCustomOpOperationDescriptor.FinalizeWithRequiredAttributes
2026-05-07T17:22:40.1802138Z [       OK ] TestCustomOpOperationDescriptor.FinalizeWithRequiredAttributes (0 ms)
2026-05-07T17:22:40.1802479Z [ RUN      ] TestCustomOpOperationDescriptor.FinalizeSucceedsWithoutInputs
2026-05-07T17:22:40.1802809Z [       OK ] TestCustomOpOperationDescriptor.FinalizeSucceedsWithoutInputs (0 ms)
2026-05-07T17:22:40.1803141Z [ RUN      ] TestCustomOpOperationDescriptor.FinalizeSucceedsWithoutOutputs
2026-05-07T17:22:40.1803472Z [       OK ] TestCustomOpOperationDescriptor.FinalizeSucceedsWithoutOutputs (0 ms)
2026-05-07T17:22:40.1803806Z [ RUN      ] TestCustomOpOperationDescriptor.FinalizeFailsWithoutCustomOpId
2026-05-07T17:22:40.1804139Z [       OK ] TestCustomOpOperationDescriptor.FinalizeFailsWithoutCustomOpId (0 ms)
2026-05-07T17:22:40.1804479Z [ RUN      ] TestCustomOpOperationDescriptor.FinalizeFailsWithEmptyCustomOpId
2026-05-07T17:22:40.1804931Z [       OK ] TestCustomOpOperationDescriptor.FinalizeFailsWithEmptyCustomOpId (0 ms)
2026-05-07T17:22:40.1805289Z [ RUN      ] TestCustomOpOperationDescriptor.FinalizeFailsWithoutComputeType
2026-05-07T17:22:40.1805639Z [       OK ] TestCustomOpOperationDescriptor.FinalizeFailsWithoutComputeType (0 ms)
2026-05-07T17:22:40.1805966Z [ RUN      ] TestCustomOpOperationDescriptor.SetInputTensorArray
2026-05-07T17:22:40.1806254Z [       OK ] TestCustomOpOperationDescriptor.SetInputTensorArray (0 ms)
2026-05-07T17:22:40.1806530Z [ RUN      ] TestCustomOpOperationDescriptor.SetOutputTensorArray
2026-05-07T17:22:40.1806817Z [       OK ] TestCustomOpOperationDescriptor.SetOutputTensorArray (0 ms)
2026-05-07T17:22:40.1807127Z [ RUN      ] TestCustomOpOperationDescriptor.SetMultipleOutputTensorArray
2026-05-07T17:22:40.1807462Z [       OK ] TestCustomOpOperationDescriptor.SetMultipleOutputTensorArray (0 ms)
2026-05-07T17:22:40.1807755Z [ RUN      ] TestCustomOpOperationDescriptor.SetCustomOpId
2026-05-07T17:22:40.1808009Z [       OK ] TestCustomOpOperationDescriptor.SetCustomOpId (0 ms)
2026-05-07T17:22:40.1808263Z [ RUN      ] TestCustomOpOperationDescriptor.SetOpaqueData
2026-05-07T17:22:40.1808509Z [       OK ] TestCustomOpOperationDescriptor.SetOpaqueData (0 ms)
2026-05-07T17:22:40.1808999Z [ RUN      ] TestCustomOpOperationDescriptor.SetComputeDataType
2026-05-07T17:22:40.1809282Z [       OK ] TestCustomOpOperationDescriptor.SetComputeDataType (0 ms)
2026-05-07T17:22:40.1809584Z [ RUN      ] TestCustomOpOperationDescriptor.SetInputTensorFailsNotFinalized
2026-05-07T17:22:40.1809932Z [       OK ] TestCustomOpOperationDescriptor.SetInputTensorFailsNotFinalized (0 ms)
2026-05-07T17:22:40.1810270Z [ RUN      ] TestCustomOpOperationDescriptor.SetInputTensorFailsWrongType
2026-05-07T17:22:40.1810605Z [       OK ] TestCustomOpOperationDescriptor.SetInputTensorFailsWrongType (0 ms)
2026-05-07T17:22:40.1810933Z [ RUN      ] TestCustomOpOperationDescriptor.SetInputTensorFailsNullPointer
2026-05-07T17:22:40.1811344Z [       OK ] TestCustomOpOperationDescriptor.SetInputTensorFailsNullPointer (0 ms)
2026-05-07T17:22:40.1811701Z [ RUN      ] TestCustomOpOperationDescriptor.SetComputeDataTypeWrongElementCount
2026-05-07T17:22:40.1812065Z [       OK ] TestCustomOpOperationDescriptor.SetComputeDataTypeWrongElementCount (0 ms)
2026-05-07T17:22:40.1812427Z [ RUN      ] TestCustomOpOperationDescriptor.SetAttributeFailsAfterFinalize
2026-05-07T17:22:40.1812766Z [       OK ] TestCustomOpOperationDescriptor.SetAttributeFailsAfterFinalize (0 ms)
2026-05-07T17:22:40.1813088Z [ RUN      ] TestCustomOpOperationDescriptor.SetAttributeUnsupported
2026-05-07T17:22:40.1813387Z [       OK ] TestCustomOpOperationDescriptor.SetAttributeUnsupported (0 ms)
2026-05-07T17:22:40.1813700Z [ RUN      ] TestCustomOpOperationDescriptor.GetAttributeInputTensorArray
2026-05-07T17:22:40.1814032Z [       OK ] TestCustomOpOperationDescriptor.GetAttributeInputTensorArray (0 ms)
2026-05-07T17:22:40.1814354Z [ RUN      ] TestCustomOpOperationDescriptor.GetAttributeOutputTensorArray
2026-05-07T17:22:40.1814687Z [       OK ] TestCustomOpOperationDescriptor.GetAttributeOutputTensorArray (0 ms)
2026-05-07T17:22:40.1815010Z [ RUN      ] TestCustomOpOperationDescriptor.GetAttributeCustomOpId
2026-05-07T17:22:40.1815308Z [       OK ] TestCustomOpOperationDescriptor.GetAttributeCustomOpId (0 ms)
2026-05-07T17:22:40.1815600Z [ RUN      ] TestCustomOpOperationDescriptor.GetAttributeOpaqueData
2026-05-07T17:22:40.1815898Z [       OK ] TestCustomOpOperationDescriptor.GetAttributeOpaqueData (0 ms)
2026-05-07T17:22:40.1816192Z [ RUN      ] TestCustomOpOperationDescriptor.GetAttributeComputeType
2026-05-07T17:22:40.1816483Z [       OK ] TestCustomOpOperationDescriptor.GetAttributeComputeType (0 ms)
2026-05-07T17:22:40.1816802Z [ RUN      ] TestCustomOpOperationDescriptor.GetAttributeFailsBeforeFinalize
2026-05-07T17:22:40.1817150Z [       OK ] TestCustomOpOperationDescriptor.GetAttributeFailsBeforeFinalize (0 ms)
2026-05-07T17:22:40.1817469Z [ RUN      ] TestCustomOpOperationDescriptor.GetAttributeUnsupported
2026-05-07T17:22:40.1817842Z [       OK ] TestCustomOpOperationDescriptor.GetAttributeUnsupported (0 ms)
2026-05-07T17:22:40.1818226Z [ RUN      ] TestCustomOpOperationDescriptor.GetAttributeCustomOpIdQueryFailsNullElementCount
2026-05-07T17:22:40.1830978Z [       OK ] TestCustomOpOperationDescriptor.GetAttributeCustomOpIdQueryFailsNullElementCount (0 ms)
2026-05-07T17:22:40.1831494Z [ RUN      ] TestCustomOpOperationDescriptor.GetAttributeOpaqueDataQueryFailsNullElementCount
2026-05-07T17:22:40.1831942Z [       OK ] TestCustomOpOperationDescriptor.GetAttributeOpaqueDataQueryFailsNullElementCount (0 ms)
2026-05-07T17:22:40.1832361Z [ RUN      ] TestCustomOpOperationDescriptor.GetTensorDescriptorsReturnsAllTensors
2026-05-07T17:22:40.1832745Z [       OK ] TestCustomOpOperationDescriptor.GetTensorDescriptorsReturnsAllTensors (0 ms)
2026-05-07T17:22:40.1833152Z [ RUN      ] TestCustomOpOperationDescriptor.GetTensorDescriptorsOrderIsInputsThenOutputs
2026-05-07T17:22:40.1833574Z [       OK ] TestCustomOpOperationDescriptor.GetTensorDescriptorsOrderIsInputsThenOutputs (0 ms)
2026-05-07T17:22:40.1833960Z [ RUN      ] TestCustomOpOperationDescriptor.BuildNodeProducesCorrectNodeT
2026-05-07T17:22:40.1834588Z [       OK ] TestCustomOpOperationDescriptor.BuildNodeProducesCorrectNodeT (0 ms)
2026-05-07T17:22:40.1834920Z [ RUN      ] TestCustomOpOperationDescriptor.BuildNodeWithHalfComputeType
2026-05-07T17:22:40.1835242Z [       OK ] TestCustomOpOperationDescriptor.BuildNodeWithHalfComputeType (0 ms)
2026-05-07T17:22:40.1835577Z [ RUN      ] TestCustomOpOperationDescriptor.FinalizePreservesTensorReferences
2026-05-07T17:22:40.1835939Z [       OK ] TestCustomOpOperationDescriptor.FinalizePreservesTensorReferences (0 ms)
2026-05-07T17:22:40.1836280Z [ RUN      ] TestCustomOpOperationDescriptor.ToStringContainsExpectedInfo
2026-05-07T17:22:40.1837143Z [       OK ] TestCustomOpOperationDescriptor.ToStringContainsExpectedInfo (0 ms)
2026-05-07T17:22:40.1837496Z [ RUN      ] TestCustomOpOperationDescriptor.TryAsGraphOperationReturnsValidGraphOp
2026-05-07T17:22:40.1837873Z [       OK ] TestCustomOpOperationDescriptor.TryAsGraphOperationReturnsValidGraphOp (0 ms)
2026-05-07T17:22:40.1838273Z [ RUN      ] TestCustomOpOperationDescriptor.TryAsGraphOperationReturnsNullForWrongType
2026-05-07T17:22:40.1838672Z [       OK ] TestCustomOpOperationDescriptor.TryAsGraphOperationReturnsNullForWrongType (0 ms)
2026-05-07T17:22:40.1839030Z [----------] 36 tests from TestCustomOpOperationDescriptor (0 ms total)
2026-05-07T17:22:40.1839195Z 
2026-05-07T17:22:40.1839285Z [----------] 18 tests from TestCustomOpOperationFromNode
2026-05-07T17:22:40.1839544Z [ RUN      ] TestCustomOpOperationFromNode.CreatesValidFinalizedDescriptor
2026-05-07T17:22:40.1839869Z [       OK ] TestCustomOpOperationFromNode.CreatesValidFinalizedDescriptor (0 ms)
2026-05-07T17:22:40.1840188Z [ RUN      ] TestCustomOpOperationFromNode.NodeFactoryDelegatesCorrectly
2026-05-07T17:22:40.1840495Z [       OK ] TestCustomOpOperationFromNode.NodeFactoryDelegatesCorrectly (0 ms)
2026-05-07T17:22:40.1840805Z [ RUN      ] TestCustomOpOperationFromNode.PreservesComputeDataType
2026-05-07T17:22:40.1841093Z [       OK ] TestCustomOpOperationFromNode.PreservesComputeDataType (0 ms)
2026-05-07T17:22:40.1841373Z [ RUN      ] TestCustomOpOperationFromNode.SetsTensorReferences
2026-05-07T17:22:40.1841648Z [       OK ] TestCustomOpOperationFromNode.SetsTensorReferences (0 ms)
2026-05-07T17:22:40.1841938Z [ RUN      ] TestCustomOpOperationFromNode.SetsTensorReferencesWithFullValues
2026-05-07T17:22:40.1842269Z [       OK ] TestCustomOpOperationFromNode.SetsTensorReferencesWithFullValues (0 ms)
2026-05-07T17:22:40.1842596Z [ RUN      ] TestCustomOpOperationFromNode.TensorReferencesMatchTensorMap
2026-05-07T17:22:40.1842904Z [       OK ] TestCustomOpOperationFromNode.TensorReferencesMatchTensorMap (0 ms)
2026-05-07T17:22:40.1843217Z [ RUN      ] TestCustomOpOperationFromNode.FailsWithMissingInputTensor
2026-05-07T17:22:40.1843588Z [       OK ] TestCustomOpOperationFromNode.FailsWithMissingInputTensor (0 ms)
2026-05-07T17:22:40.1843895Z [ RUN      ] TestCustomOpOperationFromNode.FailsWithMissingOutputTensor
2026-05-07T17:22:40.1844197Z [       OK ] TestCustomOpOperationFromNode.FailsWithMissingOutputTensor (0 ms)
2026-05-07T17:22:40.1844530Z [ RUN      ] TestCustomOpOperationFromNode.GetTensorDescriptorsReturnsAllTensors
2026-05-07T17:22:40.1844888Z [       OK ] TestCustomOpOperationFromNode.GetTensorDescriptorsReturnsAllTensors (0 ms)
2026-05-07T17:22:40.1845204Z [ RUN      ] TestCustomOpOperationFromNode.BuildNodeRoundTrip
2026-05-07T17:22:40.1845463Z [       OK ] TestCustomOpOperationFromNode.BuildNodeRoundTrip (0 ms)
2026-05-07T17:22:40.1845743Z [ RUN      ] TestCustomOpOperationFromNode.GetAttributeWorksAfterFromNode
2026-05-07T17:22:40.1846058Z [       OK ] TestCustomOpOperationFromNode.GetAttributeWorksAfterFromNode (0 ms)
2026-05-07T17:22:40.1846352Z [ RUN      ] TestCustomOpOperationFromNode.NamePreservedFromNode
2026-05-07T17:22:40.1846624Z [       OK ] TestCustomOpOperationFromNode.NamePreservedFromNode (0 ms)
2026-05-07T17:22:40.1846910Z [ RUN      ] TestCustomOpOperationFromNode.EmptyNamePreservedFromNode
2026-05-07T17:22:40.1847414Z [       OK ] TestCustomOpOperationFromNode.EmptyNamePreservedFromNode (0 ms)
2026-05-07T17:22:40.1847700Z [ RUN      ] TestCustomOpOperationFromNode.BuildNodePreservesName
2026-05-07T17:22:40.1847979Z [       OK ] TestCustomOpOperationFromNode.BuildNodePreservesName (0 ms)
2026-05-07T17:22:40.1848283Z [ RUN      ] TestCustomOpOperationFromNode.FromNodeWithSingleInputAndOutput
2026-05-07T17:22:40.1848607Z [       OK ] TestCustomOpOperationFromNode.FromNodeWithSingleInputAndOutput (0 ms)
2026-05-07T17:22:40.1848906Z [ RUN      ] TestCustomOpOperationFromNode.FromNodeWithZeroInputs
2026-05-07T17:22:40.1849178Z [       OK ] TestCustomOpOperationFromNode.FromNodeWithZeroInputs (0 ms)
2026-05-07T17:22:40.1849457Z [ RUN      ] TestCustomOpOperationFromNode.FromNodeWithZeroOutputs
2026-05-07T17:22:40.1849730Z [       OK ] TestCustomOpOperationFromNode.FromNodeWithZeroOutputs (0 ms)
2026-05-07T17:22:40.1850004Z [ RUN      ] TestCustomOpOperationFromNode.FromNodeWithTwoOutputs
2026-05-07T17:22:40.1850273Z [       OK ] TestCustomOpOperationFromNode.FromNodeWithTwoOutputs (0 ms)
2026-05-07T17:22:40.1850542Z [----------] 18 tests from TestCustomOpOperationFromNode (0 ms total)
2026-05-07T17:22:40.1850699Z 
2026-05-07T17:22:40.1850779Z [----------] 6 tests from TestGraphDescriptorCustomOp
2026-05-07T17:22:40.1851041Z [ RUN      ] TestGraphDescriptorCustomOp.BuildFromSingleCustomOpOperation
2026-05-07T17:22:40.1851356Z [       OK ] TestGraphDescriptorCustomOp.BuildFromSingleCustomOpOperation (0 ms)
2026-05-07T17:22:40.1851681Z [ RUN      ] TestGraphDescriptorCustomOp.FinalizeSucceedsWithZeroInputTensors
2026-05-07T17:22:40.1852010Z [       OK ] TestGraphDescriptorCustomOp.FinalizeSucceedsWithZeroInputTensors (0 ms)
2026-05-07T17:22:40.1852355Z [ RUN      ] TestGraphDescriptorCustomOp.FinalizeSucceedsWithZeroOutputTensors
2026-05-07T17:22:40.1852698Z [       OK ] TestGraphDescriptorCustomOp.FinalizeSucceedsWithZeroOutputTensors (0 ms)
2026-05-07T17:22:40.1853011Z [ RUN      ] TestGraphDescriptorCustomOp.ComputeDataTypePreserved
2026-05-07T17:22:40.1853289Z [       OK ] TestGraphDescriptorCustomOp.ComputeDataTypePreserved (0 ms)
2026-05-07T17:22:40.1853582Z [ RUN      ] TestGraphDescriptorCustomOp.OperationNamePreservedInGraph
2026-05-07T17:22:40.1853880Z [       OK ] TestGraphDescriptorCustomOp.OperationNamePreservedInGraph (0 ms)
2026-05-07T17:22:40.1854194Z [ RUN      ] TestGraphDescriptorCustomOp.OperationNameRoundTripThroughLifting
2026-05-07T17:22:40.1854582Z [       OK ] TestGraphDescriptorCustomOp.OperationNameRoundTripThroughLifting (0 ms)
2026-05-07T17:22:40.1854885Z [----------] 6 tests from TestGraphDescriptorCustomOp (0 ms total)
2026-05-07T17:22:40.1855162Z 
2026-05-07T17:22:40.1855367Z [----------] 56 tests from TestConvolutionFwdOperationDescriptor
2026-05-07T17:22:40.1855707Z [ RUN      ] TestConvolutionFwdOperationDescriptor.CreateDescriptor
2026-05-07T17:22:40.1855985Z [       OK ] TestConvolutionFwdOperationDescriptor.CreateDescriptor (0 ms)
2026-05-07T17:22:40.1856300Z [ RUN      ] TestConvolutionFwdOperationDescriptor.FinalizeWithRequiredAttributes
2026-05-07T17:22:40.1856645Z [       OK ] TestConvolutionFwdOperationDescriptor.FinalizeWithRequiredAttributes (0 ms)
2026-05-07T17:22:40.1856987Z [ RUN      ] TestConvolutionFwdOperationDescriptor.FinalizeFailsWithoutXTensor
2026-05-07T17:22:40.1857315Z [       OK ] TestConvolutionFwdOperationDescriptor.FinalizeFailsWithoutXTensor (0 ms)
2026-05-07T17:22:40.1857644Z [ RUN      ] TestConvolutionFwdOperationDescriptor.FinalizeFailsWithoutWTensor
2026-05-07T17:22:40.1857975Z [       OK ] TestConvolutionFwdOperationDescriptor.FinalizeFailsWithoutWTensor (0 ms)
2026-05-07T17:22:40.1858303Z [ RUN      ] TestConvolutionFwdOperationDescriptor.FinalizeFailsWithoutYTensor
2026-05-07T17:22:40.1858634Z [       OK ] TestConvolutionFwdOperationDescriptor.FinalizeFailsWithoutYTensor (0 ms)
2026-05-07T17:22:40.1858971Z [ RUN      ] TestConvolutionFwdOperationDescriptor.FinalizeFailsWithoutPrePadding
2026-05-07T17:22:40.1859317Z [       OK ] TestConvolutionFwdOperationDescriptor.FinalizeFailsWithoutPrePadding (0 ms)
2026-05-07T17:22:40.1859931Z [ RUN      ] TestConvolutionFwdOperationDescriptor.FinalizeFailsWithoutPostPadding
2026-05-07T17:22:40.1860283Z [       OK ] TestConvolutionFwdOperationDescriptor.FinalizeFailsWithoutPostPadding (0 ms)
2026-05-07T17:22:40.1860621Z [ RUN      ] TestConvolutionFwdOperationDescriptor.FinalizeFailsWithoutStride
2026-05-07T17:22:40.1860941Z [       OK ] TestConvolutionFwdOperationDescriptor.FinalizeFailsWithoutStride (0 ms)
2026-05-07T17:22:40.1861267Z [ RUN      ] TestConvolutionFwdOperationDescriptor.FinalizeFailsWithoutDilation
2026-05-07T17:22:40.1861602Z [       OK ] TestConvolutionFwdOperationDescriptor.FinalizeFailsWithoutDilation (0 ms)
2026-05-07T17:22:40.1861948Z [ RUN      ] TestConvolutionFwdOperationDescriptor.FinalizeFailsWithoutComputeType
2026-05-07T17:22:40.1862296Z [       OK ] TestConvolutionFwdOperationDescriptor.FinalizeFailsWithoutComputeType (0 ms)
2026-05-07T17:22:40.1862645Z [ RUN      ] TestConvolutionFwdOperationDescriptor.FinalizeFailsWithoutConvMode
2026-05-07T17:22:40.1862976Z [       OK ] TestConvolutionFwdOperationDescriptor.FinalizeFailsWithoutConvMode (0 ms)
2026-05-07T17:22:40.1863300Z [ RUN      ] TestConvolutionFwdOperationDescriptor.SetTensorDescriptorX
2026-05-07T17:22:40.1863598Z [       OK ] TestConvolutionFwdOperationDescriptor.SetTensorDescriptorX (0 ms)
2026-05-07T17:22:40.1863900Z [ RUN      ] TestConvolutionFwdOperationDescriptor.SetTensorDescriptorW
2026-05-07T17:22:40.1864201Z [       OK ] TestConvolutionFwdOperationDescriptor.SetTensorDescriptorW (0 ms)
2026-05-07T17:22:40.1864496Z [ RUN      ] TestConvolutionFwdOperationDescriptor.SetTensorDescriptorY
2026-05-07T17:22:40.1864789Z [       OK ] TestConvolutionFwdOperationDescriptor.SetTensorDescriptorY (0 ms)
2026-05-07T17:22:40.1865104Z [ RUN      ] TestConvolutionFwdOperationDescriptor.SetTensorFailsNotFinalized
2026-05-07T17:22:40.1865439Z [       OK ] TestConvolutionFwdOperationDescriptor.SetTensorFailsNotFinalized (0 ms)
2026-05-07T17:22:40.1865756Z [ RUN      ] TestConvolutionFwdOperationDescriptor.SetTensorFailsWrongType
2026-05-07T17:22:40.1866071Z [       OK ] TestConvolutionFwdOperationDescriptor.SetTensorFailsWrongType (0 ms)
2026-05-07T17:22:40.1866403Z [ RUN      ] TestConvolutionFwdOperationDescriptor.SetTensorFailsWrongElementCount
2026-05-07T17:22:40.1866757Z [       OK ] TestConvolutionFwdOperationDescriptor.SetTensorFailsWrongElementCount (0 ms)
2026-05-07T17:22:40.1867094Z [ RUN      ] TestConvolutionFwdOperationDescriptor.SetTensorFailsNullPointer
2026-05-07T17:22:40.1867471Z [       OK ] TestConvolutionFwdOperationDescriptor.SetTensorFailsNullPointer (0 ms)
2026-05-07T17:22:40.1867795Z [ RUN      ] TestConvolutionFwdOperationDescriptor.SetConvolutionPrePadding
2026-05-07T17:22:40.1868179Z [       OK ] TestConvolutionFwdOperationDescriptor.SetConvolutionPrePadding (0 ms)
2026-05-07T17:22:40.1868499Z [ RUN      ] TestConvolutionFwdOperationDescriptor.SetConvolutionPostPadding
2026-05-07T17:22:40.1868825Z [       OK ] TestConvolutionFwdOperationDescriptor.SetConvolutionPostPadding (0 ms)
2026-05-07T17:22:40.1869146Z [ RUN      ] TestConvolutionFwdOperationDescriptor.SetConvolutionStride
2026-05-07T17:22:40.1869439Z [       OK ] TestConvolutionFwdOperationDescriptor.SetConvolutionStride (0 ms)
2026-05-07T17:22:40.1869743Z [ RUN      ] TestConvolutionFwdOperationDescriptor.SetConvolutionDilation
2026-05-07T17:22:40.1870046Z [       OK ] TestConvolutionFwdOperationDescriptor.SetConvolutionDilation (0 ms)
2026-05-07T17:22:40.1870333Z [ RUN      ] TestConvolutionFwdOperationDescriptor.SetConvMode
2026-05-07T17:22:40.1870598Z [       OK ] TestConvolutionFwdOperationDescriptor.SetConvMode (0 ms)
2026-05-07T17:22:40.1870879Z [ RUN      ] TestConvolutionFwdOperationDescriptor.SetConvModeConvolution
2026-05-07T17:22:40.1871183Z [       OK ] TestConvolutionFwdOperationDescriptor.SetConvModeConvolution (0 ms)
2026-05-07T17:22:40.1871501Z [ RUN      ] TestConvolutionFwdOperationDescriptor.SetConvModeWrongElementCount
2026-05-07T17:22:40.1871900Z [       OK ] TestConvolutionFwdOperationDescriptor.SetConvModeWrongElementCount (0 ms)
2026-05-07T17:22:40.1872264Z [ RUN      ] TestConvolutionFwdOperationDescriptor.SetConvModeWrongTypeInt64ReturnsError
2026-05-07T17:22:40.1872654Z [       OK ] TestConvolutionFwdOperationDescriptor.SetConvModeWrongTypeInt64ReturnsError (0 ms)
2026-05-07T17:22:40.1873060Z [ RUN      ] TestConvolutionFwdOperationDescriptor.SetComputeDataType
2026-05-07T17:22:40.1873347Z [       OK ] TestConvolutionFwdOperationDescriptor.SetComputeDataType (0 ms)
2026-05-07T17:22:40.1873676Z [ RUN      ] TestConvolutionFwdOperationDescriptor.SetComputeDataTypeWrongElementCount
2026-05-07T17:22:40.1874059Z [       OK ] TestConvolutionFwdOperationDescriptor.SetComputeDataTypeWrongElementCount (0 ms)
2026-05-07T17:22:40.1874412Z [ RUN      ] TestConvolutionFwdOperationDescriptor.SetConvParamsWrongType
2026-05-07T17:22:40.1874717Z [       OK ] TestConvolutionFwdOperationDescriptor.SetConvParamsWrongType (0 ms)
2026-05-07T17:22:40.1875044Z [ RUN      ] TestConvolutionFwdOperationDescriptor.SetAttributeFailsAfterFinalize
2026-05-07T17:22:40.1875397Z [       OK ] TestConvolutionFwdOperationDescriptor.SetAttributeFailsAfterFinalize (0 ms)
2026-05-07T17:22:40.1875731Z [ RUN      ] TestConvolutionFwdOperationDescriptor.SetAttributeUnsupported
2026-05-07T17:22:40.1876035Z [       OK ] TestConvolutionFwdOperationDescriptor.SetAttributeUnsupported (0 ms)
2026-05-07T17:22:40.1876350Z [ RUN      ] TestConvolutionFwdOperationDescriptor.GetAttributeTensorDescriptor
2026-05-07T17:22:40.1876686Z [       OK ] TestConvolutionFwdOperationDescriptor.GetAttributeTensorDescriptor (0 ms)
2026-05-07T17:22:40.1877003Z [ RUN      ] TestConvolutionFwdOperationDescriptor.GetAttributeConvParams
2026-05-07T17:22:40.1877302Z [       OK ] TestConvolutionFwdOperationDescriptor.GetAttributeConvParams (0 ms)
2026-05-07T17:22:40.1877606Z [ RUN      ] TestConvolutionFwdOperationDescriptor.GetAttributeComputeType
2026-05-07T17:22:40.1877915Z [       OK ] TestConvolutionFwdOperationDescriptor.GetAttributeComputeType (0 ms)
2026-05-07T17:22:40.1878241Z [ RUN      ] TestConvolutionFwdOperationDescriptor.GetAttributeFailsBeforeFinalize
2026-05-07T17:22:40.1878590Z [       OK ] TestConvolutionFwdOperationDescriptor.GetAttributeFailsBeforeFinalize (0 ms)
2026-05-07T17:22:40.1878936Z [ RUN      ] TestConvolutionFwdOperationDescriptor.GetAttributeFailsNullPointer
2026-05-07T17:22:40.1879270Z [       OK ] TestConvolutionFwdOperationDescriptor.GetAttributeFailsNullPointer (0 ms)
2026-05-07T17:22:40.1879586Z [ RUN      ] TestConvolutionFwdOperationDescriptor.GetAttributeUnsupported
2026-05-07T17:22:40.1879894Z [       OK ] TestConvolutionFwdOperationDescriptor.GetAttributeUnsupported (0 ms)
2026-05-07T17:22:40.1880297Z [ RUN      ] TestConvolutionFwdOperationDescriptor.GetAttributeTensorXQueryReturnsOne
2026-05-07T17:22:40.1880667Z [       OK ] TestConvolutionFwdOperationDescriptor.GetAttributeTensorXQueryReturnsOne (0 ms)
2026-05-07T17:22:40.1881043Z [ RUN      ] TestConvolutionFwdOperationDescriptor.GetAttributeTensorWQueryReturnsOne
2026-05-07T17:22:40.1881424Z [       OK ] TestConvolutionFwdOperationDescriptor.GetAttributeTensorWQueryReturnsOne (0 ms)
2026-05-07T17:22:40.1881810Z [ RUN      ] TestConvolutionFwdOperationDescriptor.GetAttributeTensorYQueryReturnsOne
2026-05-07T17:22:40.1882184Z [       OK ] TestConvolutionFwdOperationDescriptor.GetAttributeTensorYQueryReturnsOne (0 ms)
2026-05-07T17:22:40.1882555Z [ RUN      ] TestConvolutionFwdOperationDescriptor.GetAttributeConvModeQueryReturnsOne
2026-05-07T17:22:40.1882941Z [       OK ] TestConvolutionFwdOperationDescriptor.GetAttributeConvModeQueryReturnsOne (0 ms)
2026-05-07T17:22:40.1883332Z [ RUN      ] TestConvolutionFwdOperationDescriptor.GetAttributePrePaddingQueryReturnsSize
2026-05-07T17:22:40.1883741Z [       OK ] TestConvolutionFwdOperationDescriptor.GetAttributePrePaddingQueryReturnsSize (0 ms)
2026-05-07T17:22:40.1884148Z [ RUN      ] TestConvolutionFwdOperationDescriptor.GetAttributeComputeTypeQueryReturnsOne
2026-05-07T17:22:40.1884604Z [       OK ] TestConvolutionFwdOperationDescriptor.GetAttributeComputeTypeQueryReturnsOne (0 ms)
2026-05-07T17:22:40.1884998Z [ RUN      ] TestConvolutionFwdOperationDescriptor.GetAttributePrePaddingQueryThenRetrieve
2026-05-07T17:22:40.1885408Z [       OK ] TestConvolutionFwdOperationDescriptor.GetAttributePrePaddingQueryThenRetrieve (0 ms)
2026-05-07T17:22:40.1885834Z [ RUN      ] TestConvolutionFwdOperationDescriptor.GetAttributeTensorQueryFailsNullElementCount
2026-05-07T17:22:40.1886257Z [       OK ] TestConvolutionFwdOperationDescriptor.GetAttributeTensorQueryFailsNullElementCount (0 ms)
2026-05-07T17:22:40.1886689Z [ RUN      ] TestConvolutionFwdOperationDescriptor.GetAttributeOperationTypeReturnsConvForward
2026-05-07T17:22:40.1887136Z [       OK ] TestConvolutionFwdOperationDescriptor.GetAttributeOperationTypeReturnsConvForward (0 ms)
2026-05-07T17:22:40.1887558Z [ RUN      ] TestConvolutionFwdOperationDescriptor.GetAttributeOperationTypeQueryReturnsOne
2026-05-07T17:22:40.1887975Z [       OK ] TestConvolutionFwdOperationDescriptor.GetAttributeOperationTypeQueryReturnsOne (0 ms)
2026-05-07T17:22:40.1888404Z [ RUN      ] TestConvolutionFwdOperationDescriptor.GetAttributeConvModeQueryFailsNullElementCount
2026-05-07T17:22:40.1888857Z [       OK ] TestConvolutionFwdOperationDescriptor.GetAttributeConvModeQueryFailsNullElementCount (0 ms)
2026-05-07T17:22:40.1889271Z [ RUN      ] TestConvolutionFwdOperationDescriptor.FinalizePreservesTensorReferences
2026-05-07T17:22:40.1889636Z [       OK ] TestConvolutionFwdOperationDescriptor.FinalizePreservesTensorReferences (0 ms)
2026-05-07T17:22:40.1889993Z [ RUN      ] TestConvolutionFwdOperationDescriptor.ToStringContainsExpectedInfo
2026-05-07T17:22:40.1890338Z [       OK ] TestConvolutionFwdOperationDescriptor.ToStringContainsExpectedInfo (0 ms)
2026-05-07T17:22:40.1890714Z [ RUN      ] TestConvolutionFwdOperationDescriptor.GetTensorDescriptorsReturnsAllTensors
2026-05-07T17:22:40.1891105Z [       OK ] TestConvolutionFwdOperationDescriptor.GetTensorDescriptorsReturnsAllTensors (0 ms)
2026-05-07T17:22:40.1891477Z [ RUN      ] TestConvolutionFwdOperationDescriptor.BuildNodeProducesCorrectNodeT
2026-05-07T17:22:40.1891828Z [       OK ] TestConvolutionFwdOperationDescriptor.BuildNodeProducesCorrectNodeT (0 ms)
2026-05-07T17:22:40.1892166Z [ RUN      ] TestConvolutionFwdOperationDescriptor.BuildNodeWithHalfComputeType
2026-05-07T17:22:40.1892504Z [       OK ] TestConvolutionFwdOperationDescriptor.BuildNodeWithHalfComputeType (0 ms)
2026-05-07T17:22:40.1892881Z [ RUN      ] TestConvolutionFwdOperationDescriptor.GetTensorDescriptorsOrderIsXWY
2026-05-07T17:22:40.1893224Z [       OK ] TestConvolutionFwdOperationDescriptor.GetTensorDescriptorsOrderIsXWY (0 ms)
2026-05-07T17:22:40.1893659Z [ RUN      ] TestConvolutionFwdOperationDescriptor.TryAsInterfaceReturnsValidGraphOp
2026-05-07T17:22:40.1894028Z [       OK ] TestConvolutionFwdOperationDescriptor.TryAsInterfaceReturnsValidGraphOp (0 ms)
2026-05-07T17:22:40.1894406Z [ RUN      ] TestConvolutionFwdOperationDescriptor.TryAsInterfaceReturnsNullForWrongType
2026-05-07T17:22:40.1894797Z [       OK ] TestConvolutionFwdOperationDescriptor.TryAsInterfaceReturnsNullForWrongType (0 ms)
2026-05-07T17:22:40.1895140Z [----------] 56 tests from TestConvolutionFwdOperationDescriptor (0 ms total)
2026-05-07T17:22:40.1895309Z 
2026-05-07T17:22:40.1895411Z [----------] 52 tests from TestConvolutionWrwOperationDescriptor
2026-05-07T17:22:40.1895657Z [ RUN      ] TestConvolutionWrwOperationDescriptor.CreateDescriptor
2026-05-07T17:22:40.1895933Z [       OK ] TestConvolutionWrwOperationDescriptor.CreateDescriptor (0 ms)
2026-05-07T17:22:40.1896247Z [ RUN      ] TestConvolutionWrwOperationDescriptor.FinalizeWithRequiredAttributes
2026-05-07T17:22:40.1896605Z [       OK ] TestConvolutionWrwOperationDescriptor.FinalizeWithRequiredAttributes (0 ms)
2026-05-07T17:22:40.1896940Z [ RUN      ] TestConvolutionWrwOperationDescriptor.FinalizeFailsWithoutXTensor
2026-05-07T17:22:40.1897336Z [       OK ] TestConvolutionWrwOperationDescriptor.FinalizeFailsWithoutXTensor (0 ms)
2026-05-07T17:22:40.1897670Z [ RUN      ] TestConvolutionWrwOperationDescriptor.FinalizeFailsWithoutDyTensor
2026-05-07T17:22:40.1897998Z [       OK ] TestConvolutionWrwOperationDescriptor.FinalizeFailsWithoutDyTensor (0 ms)
2026-05-07T17:22:40.1898340Z [ RUN      ] TestConvolutionWrwOperationDescriptor.FinalizeFailsWithoutDwTensor
2026-05-07T17:22:40.1898679Z [       OK ] TestConvolutionWrwOperationDescriptor.FinalizeFailsWithoutDwTensor (0 ms)
2026-05-07T17:22:40.1899017Z [ RUN      ] TestConvolutionWrwOperationDescriptor.FinalizeFailsWithoutPrePadding
2026-05-07T17:22:40.1899367Z [       OK ] TestConvolutionWrwOperationDescriptor.FinalizeFailsWithoutPrePadding (0 ms)
2026-05-07T17:22:40.1899721Z [ RUN      ] TestConvolutionWrwOperationDescriptor.FinalizeFailsWithoutPostPadding
2026-05-07T17:22:40.1900080Z [       OK ] TestConvolutionWrwOperationDescriptor.FinalizeFailsWithoutPostPadding (0 ms)
2026-05-07T17:22:40.1900421Z [ RUN      ] TestConvolutionWrwOperationDescriptor.FinalizeFailsWithoutStride
2026-05-07T17:22:40.1900752Z [       OK ] TestConvolutionWrwOperationDescriptor.FinalizeFailsWithoutStride (0 ms)
2026-05-07T17:22:40.1901086Z [ RUN      ] TestConvolutionWrwOperationDescriptor.FinalizeFailsWithoutDilation
2026-05-07T17:22:40.1901415Z [       OK ] TestConvolutionWrwOperationDescriptor.FinalizeFailsWithoutDilation (0 ms)
2026-05-07T17:22:40.1901762Z [ RUN      ] TestConvolutionWrwOperationDescriptor.FinalizeFailsWithoutComputeType
2026-05-07T17:22:40.1902114Z [       OK ] TestConvolutionWrwOperationDescriptor.FinalizeFailsWithoutComputeType (0 ms)
2026-05-07T17:22:40.1902487Z [ RUN      ] TestConvolutionWrwOperationDescriptor.FinalizeFailsWithoutConvMode
2026-05-07T17:22:40.1902822Z [       OK ] TestConvolutionWrwOperationDescriptor.FinalizeFailsWithoutConvMode (0 ms)
2026-05-07T17:22:40.1903147Z [ RUN      ] TestConvolutionWrwOperationDescriptor.SetTensorDescriptorX
2026-05-07T17:22:40.1903444Z [       OK ] TestConvolutionWrwOperationDescriptor.SetTensorDescriptorX (0 ms)
2026-05-07T17:22:40.1903743Z [ RUN      ] TestConvolutionWrwOperationDescriptor.SetTensorDescriptorDy
2026-05-07T17:22:40.1904045Z [       OK ] TestConvolutionWrwOperationDescriptor.SetTensorDescriptorDy (0 ms)
2026-05-07T17:22:40.1904348Z [ RUN      ] TestConvolutionWrwOperationDescriptor.SetTensorDescriptorDw
2026-05-07T17:22:40.1904648Z [       OK ] TestConvolutionWrwOperationDescriptor.SetTensorDescriptorDw (0 ms)
2026-05-07T17:22:40.1904957Z [ RUN      ] TestConvolutionWrwOperationDescriptor.SetTensorFailsNotFinalized
2026-05-07T17:22:40.1905110Z [       OK ] TestConvolutionWrwOperationDescriptor.SetTensorFailsNotFinalized (0 ms)
2026-05-07T17:22:40.1905301Z [ RUN      ] TestConvolutionWrwOperationDescriptor.SetTensorFailsWrongType
2026-05-07T17:22:40.1905437Z [       OK ] TestConvolutionWrwOperationDescriptor.SetTensorFailsWrongType (0 ms)
2026-05-07T17:22:40.1905586Z [ RUN      ] TestConvolutionWrwOperationDescriptor.SetTensorFailsWrongElementCount
2026-05-07T17:22:40.1905744Z [       OK ] TestConvolutionWrwOperationDescriptor.SetTensorFailsWrongElementCount (0 ms)
2026-05-07T17:22:40.1905877Z [ RUN      ] TestConvolutionWrwOperationDescriptor.SetTensorFailsNullPointer
2026-05-07T17:22:40.1906017Z [       OK ] TestConvolutionWrwOperationDescriptor.SetTensorFailsNullPointer (0 ms)
2026-05-07T17:22:40.1906116Z [ RUN      ] TestConvolutionWrwOperationDescriptor.SetPrePadding
2026-05-07T17:22:40.1906233Z [       OK ] TestConvolutionWrwOperationDescriptor.SetPrePadding (0 ms)
2026-05-07T17:22:40.1906335Z [ RUN      ] TestConvolutionWrwOperationDescriptor.SetPostPadding
2026-05-07T17:22:40.1906447Z [       OK ] TestConvolutionWrwOperationDescriptor.SetPostPadding (0 ms)
2026-05-07T17:22:40.1906551Z [ RUN      ] TestConvolutionWrwOperationDescriptor.SetStride
2026-05-07T17:22:40.1906652Z [       OK ] TestConvolutionWrwOperationDescriptor.SetStride (0 ms)
2026-05-07T17:22:40.1906814Z [ RUN      ] TestConvolutionWrwOperationDescriptor.SetDilation
2026-05-07T17:22:40.1906921Z [       OK ] TestConvolutionWrwOperationDescriptor.SetDilation (0 ms)
2026-05-07T17:22:40.1907017Z [ RUN      ] TestConvolutionWrwOperationDescriptor.SetConvMode
2026-05-07T17:22:40.1907128Z [       OK ] TestConvolutionWrwOperationDescriptor.SetConvMode (0 ms)
2026-05-07T17:22:40.1907264Z [ RUN      ] TestConvolutionWrwOperationDescriptor.SetConvModeWrongElementCount
2026-05-07T17:22:40.1907415Z [       OK ] TestConvolutionWrwOperationDescriptor.SetConvModeWrongElementCount (0 ms)
2026-05-07T17:22:40.1907528Z [ RUN      ] TestConvolutionWrwOperationDescriptor.SetComputeDataType
2026-05-07T17:22:40.1907649Z [       OK ] TestConvolutionWrwOperationDescriptor.SetComputeDataType (0 ms)
2026-05-07T17:22:40.1907808Z [ RUN      ] TestConvolutionWrwOperationDescriptor.SetComputeDataTypeWrongElementCount
2026-05-07T17:22:40.1907979Z [       OK ] TestConvolutionWrwOperationDescriptor.SetComputeDataTypeWrongElementCount (0 ms)
2026-05-07T17:22:40.1908133Z [ RUN      ] TestConvolutionWrwOperationDescriptor.SetConvolutionwrwParamsWrongType
2026-05-07T17:22:40.1908309Z [       OK ] TestConvolutionWrwOperationDescriptor.SetConvolutionwrwParamsWrongType (0 ms)
2026-05-07T17:22:40.1908451Z [ RUN      ] TestConvolutionWrwOperationDescriptor.SetAttributeFailsAfterFinalize
2026-05-07T17:22:40.1908606Z [       OK ] TestConvolutionWrwOperationDescriptor.SetAttributeFailsAfterFinalize (0 ms)
2026-05-07T17:22:40.1908733Z [ RUN      ] TestConvolutionWrwOperationDescriptor.SetAttributeUnsupported
2026-05-07T17:22:40.1908870Z [       OK ] TestConvolutionWrwOperationDescriptor.SetAttributeUnsupported (0 ms)
2026-05-07T17:22:40.1909009Z [ RUN      ] TestConvolutionWrwOperationDescriptor.GetAttributeTensorDescriptor
2026-05-07T17:22:40.1909156Z [       OK ] TestConvolutionWrwOperationDescriptor.GetAttributeTensorDescriptor (0 ms)
2026-05-07T17:22:40.1909301Z [ RUN      ] TestConvolutionWrwOperationDescriptor.GetAttributeConvolutionwrwParams
2026-05-07T17:22:40.1909470Z [       OK ] TestConvolutionWrwOperationDescriptor.GetAttributeConvolutionwrwParams (0 ms)
2026-05-07T17:22:40.1909592Z [ RUN      ] TestConvolutionWrwOperationDescriptor.GetAttributeComputeType
2026-05-07T17:22:40.1909725Z [       OK ] TestConvolutionWrwOperationDescriptor.GetAttributeComputeType (0 ms)
2026-05-07T17:22:40.1909871Z [ RUN      ] TestConvolutionWrwOperationDescriptor.GetAttributeFailsBeforeFinalize
2026-05-07T17:22:40.1910026Z [       OK ] TestConvolutionWrwOperationDescriptor.GetAttributeFailsBeforeFinalize (0 ms)
2026-05-07T17:22:40.1910164Z [ RUN      ] TestConvolutionWrwOperationDescriptor.GetAttributeFailsNullPointer
2026-05-07T17:22:40.1910310Z [       OK ] TestConvolutionWrwOperationDescriptor.GetAttributeFailsNullPointer (0 ms)
2026-05-07T17:22:40.1910490Z [ RUN      ] TestConvolutionWrwOperationDescriptor.GetAttributeUnsupported
2026-05-07T17:22:40.1910630Z [       OK ] TestConvolutionWrwOperationDescriptor.GetAttributeUnsupported (0 ms)
2026-05-07T17:22:40.1910784Z [ RUN      ] TestConvolutionWrwOperationDescriptor.GetAttributeTensorXQueryReturnsOne
2026-05-07T17:22:40.1910956Z [       OK ] TestConvolutionWrwOperationDescriptor.GetAttributeTensorXQueryReturnsOne (0 ms)
2026-05-07T17:22:40.1911116Z [ RUN      ] TestConvolutionWrwOperationDescriptor.GetAttributeTensorDyQueryReturnsOne
2026-05-07T17:22:40.1911284Z [       OK ] TestConvolutionWrwOperationDescriptor.GetAttributeTensorDyQueryReturnsOne (0 ms)
2026-05-07T17:22:40.1911442Z [ RUN      ] TestConvolutionWrwOperationDescriptor.GetAttributeTensorDwQueryReturnsOne
2026-05-07T17:22:40.1911609Z [       OK ] TestConvolutionWrwOperationDescriptor.GetAttributeTensorDwQueryReturnsOne (0 ms)
2026-05-07T17:22:40.1911761Z [ RUN      ] TestConvolutionWrwOperationDescriptor.GetAttributeConvModeQueryReturnsOne
2026-05-07T17:22:40.1911935Z [       OK ] TestConvolutionWrwOperationDescriptor.GetAttributeConvModeQueryReturnsOne (0 ms)
2026-05-07T17:22:40.1912156Z [ RUN      ] TestConvolutionWrwOperationDescriptor.GetAttributePrePaddingQueryReturnsSize
2026-05-07T17:22:40.1912342Z [       OK ] TestConvolutionWrwOperationDescriptor.GetAttributePrePaddingQueryReturnsSize (0 ms)
2026-05-07T17:22:40.1912505Z [ RUN      ] TestConvolutionWrwOperationDescriptor.GetAttributeComputeTypeQueryReturnsOne
2026-05-07T17:22:40.1912684Z [       OK ] TestConvolutionWrwOperationDescriptor.GetAttributeComputeTypeQueryReturnsOne (0 ms)
2026-05-07T17:22:40.1912887Z [ RUN      ] TestConvolutionWrwOperationDescriptor.GetAttributePrePaddingQueryThenRetrieve
2026-05-07T17:22:40.1913067Z [       OK ] TestConvolutionWrwOperationDescriptor.GetAttributePrePaddingQueryThenRetrieve (0 ms)
2026-05-07T17:22:40.1913257Z [ RUN      ] TestConvolutionWrwOperationDescriptor.GetAttributeTensorQueryFailsNullElementCount
2026-05-07T17:22:40.1913467Z [       OK ] TestConvolutionWrwOperationDescriptor.GetAttributeTensorQueryFailsNullElementCount (0 ms)
2026-05-07T17:22:40.1913660Z [ RUN      ] TestConvolutionWrwOperationDescriptor.GetAttributeConvModeQueryFailsNullElementCount
2026-05-07T17:22:40.1913877Z [       OK ] TestConvolutionWrwOperationDescriptor.GetAttributeConvModeQueryFailsNullElementCount (0 ms)
2026-05-07T17:22:40.1914026Z [ RUN      ] TestConvolutionWrwOperationDescriptor.FinalizePreservesTensorReferences
2026-05-07T17:22:40.1914189Z [       OK ] TestConvolutionWrwOperationDescriptor.FinalizePreservesTensorReferences (0 ms)
2026-05-07T17:22:40.1914332Z [ RUN      ] TestConvolutionWrwOperationDescriptor.ToStringContainsExpectedInfo
2026-05-07T17:22:40.1914482Z [       OK ] TestConvolutionWrwOperationDescriptor.ToStringContainsExpectedInfo (0 ms)
2026-05-07T17:22:40.1914651Z [ RUN      ] TestConvolutionWrwOperationDescriptor.GetTensorDescriptorsReturnsAllTensors
2026-05-07T17:22:40.1914834Z [       OK ] TestConvolutionWrwOperationDescriptor.GetTensorDescriptorsReturnsAllTensors (0 ms)
2026-05-07T17:22:40.1914975Z [ RUN      ] TestConvolutionWrwOperationDescriptor.BuildNodeProducesCorrectNodeT
2026-05-07T17:22:40.1915136Z [       OK ] TestConvolutionWrwOperationDescriptor.BuildNodeProducesCorrectNodeT (0 ms)
2026-05-07T17:22:40.1915274Z [ RUN      ] TestConvolutionWrwOperationDescriptor.BuildNodeWithHalfComputeType
2026-05-07T17:22:40.1915425Z [       OK ] TestConvolutionWrwOperationDescriptor.BuildNodeWithHalfComputeType (0 ms)
2026-05-07T17:22:40.1915584Z [ RUN      ] TestConvolutionWrwOperationDescriptor.GetTensorDescriptorsOrderIsXDyDw
2026-05-07T17:22:40.1915748Z [       OK ] TestConvolutionWrwOperationDescriptor.GetTensorDescriptorsOrderIsXDyDw (0 ms)
2026-05-07T17:22:40.1915905Z [ RUN      ] TestConvolutionWrwOperationDescriptor.TryAsInterfaceReturnsValidGraphOp
2026-05-07T17:22:40.1916074Z [       OK ] TestConvolutionWrwOperationDescriptor.TryAsInterfaceReturnsValidGraphOp (0 ms)
2026-05-07T17:22:40.1916545Z [ RUN      ] TestConvolutionWrwOperationDescriptor.TryAsInterfaceReturnsNullForWrongType
2026-05-07T17:22:40.1916730Z [       OK ] TestConvolutionWrwOperationDescriptor.TryAsInterfaceReturnsNullForWrongType (0 ms)
2026-05-07T17:22:40.1916846Z [----------] 52 tests from TestConvolutionWrwOperationDescriptor (0 ms total)
2026-05-07T17:22:40.1916850Z 
2026-05-07T17:22:40.1916947Z [----------] 18 tests from TestConvolutionWrwOperationFromNode
2026-05-07T17:22:40.1917087Z [ RUN      ] TestConvolutionWrwOperationFromNode.CreatesValidFinalizedDescriptor
2026-05-07T17:22:40.1917242Z [       OK ] TestConvolutionWrwOperationFromNode.CreatesValidFinalizedDescriptor (0 ms)
2026-05-07T17:22:40.1917385Z [ RUN      ] TestConvolutionWrwOperationFromNode.NodeFactoryDelegatesCorrectly
2026-05-07T17:22:40.1917533Z [       OK ] TestConvolutionWrwOperationFromNode.NodeFactoryDelegatesCorrectly (0 ms)
2026-05-07T17:22:40.1917660Z [ RUN      ] TestConvolutionWrwOperationFromNode.PreservesComputeDataType
2026-05-07T17:22:40.1917799Z [       OK ] TestConvolutionWrwOperationFromNode.PreservesComputeDataType (0 ms)
2026-05-07T17:22:40.1917905Z [ RUN      ] TestConvolutionWrwOperationFromNode.PreservesConvMode
2026-05-07T17:22:40.1918188Z [       OK ] TestConvolutionWrwOperationFromNode.PreservesConvMode (0 ms)
2026-05-07T17:22:40.1918302Z [ RUN      ] TestConvolutionWrwOperationFromNode.PreservesDataFields
2026-05-07T17:22:40.1918426Z [       OK ] TestConvolutionWrwOperationFromNode.PreservesDataFields (0 ms)
2026-05-07T17:22:40.1918546Z [ RUN      ] TestConvolutionWrwOperationFromNode.SetsTensorReferences
2026-05-07T17:22:40.1918666Z [       OK ] TestConvolutionWrwOperationFromNode.SetsTensorReferences (0 ms)
2026-05-07T17:22:40.1918805Z [ RUN      ] TestConvolutionWrwOperationFromNode.TensorReferencesMatchTensorMap
2026-05-07T17:22:40.1918959Z [       OK ] TestConvolutionWrwOperationFromNode.TensorReferencesMatchTensorMap (0 ms)
2026-05-07T17:22:40.1919105Z [ RUN      ] TestConvolutionWrwOperationFromNode.SetsTensorReferencesWithFullValues
2026-05-07T17:22:40.1919276Z [       OK ] TestConvolutionWrwOperationFromNode.SetsTensorReferencesWithFullValues (0 ms)
2026-05-07T17:22:40.1919400Z [ RUN      ] TestConvolutionWrwOperationFromNode.FailsWithMissingXTensor
2026-05-07T17:22:40.1919535Z [       OK ] TestConvolutionWrwOperationFromNode.FailsWithMissingXTensor (0 ms)
2026-05-07T17:22:40.1919663Z [ RUN      ] TestConvolutionWrwOperationFromNode.FailsWithMissingDyTensor
2026-05-07T17:22:40.1919797Z [       OK ] TestConvolutionWrwOperationFromNode.FailsWithMissingDyTensor (0 ms)
2026-05-07T17:22:40.1919923Z [ RUN      ] TestConvolutionWrwOperationFromNode.FailsWithMissingDwTensor
2026-05-07T17:22:40.1920062Z [       OK ] TestConvolutionWrwOperationFromNode.FailsWithMissingDwTensor (0 ms)
2026-05-07T17:22:40.1920221Z [ RUN      ] TestConvolutionWrwOperationFromNode.GetTensorDescriptorsReturnsAllTensors
2026-05-07T17:22:40.1920405Z [       OK ] TestConvolutionWrwOperationFromNode.GetTensorDescriptorsReturnsAllTensors (0 ms)
2026-05-07T17:22:40.1920516Z [ RUN      ] TestConvolutionWrwOperationFromNode.BuildNodeRoundTrip
2026-05-07T17:22:40.1920637Z [       OK ] TestConvolutionWrwOperationFromNode.BuildNodeRoundTrip (0 ms)
2026-05-07T17:22:40.1920782Z [ RUN      ] TestConvolutionWrwOperationFromNode.GetAttributeWorksAfterFromNode
2026-05-07T17:22:40.1920933Z [       OK ] TestConvolutionWrwOperationFromNode.GetAttributeWorksAfterFromNode (0 ms)
2026-05-07T17:22:40.1921051Z [ RUN      ] TestConvolutionWrwOperationFromNode.NamePreservedFromNode
2026-05-07T17:22:40.1921183Z [       OK ] TestConvolutionWrwOperationFromNode.NamePreservedFromNode (0 ms)
2026-05-07T17:22:40.1921312Z [ RUN      ] TestConvolutionWrwOperationFromNode.EmptyNamePreservedFromNode
2026-05-07T17:22:40.1921455Z [       OK ] TestConvolutionWrwOperationFromNode.EmptyNamePreservedFromNode (0 ms)
2026-05-07T17:22:40.1921575Z [ RUN      ] TestConvolutionWrwOperationFromNode.BuildNodePreservesName
2026-05-07T17:22:40.1921951Z [       OK ] TestConvolutionWrwOperationFromNode.BuildNodePreservesName (0 ms)
2026-05-07T17:22:40.1922070Z [ RUN      ] TestConvolutionWrwOperationFromNode.ToStringIncludesName
2026-05-07T17:22:40.1922194Z [       OK ] TestConvolutionWrwOperationFromNode.ToStringIncludesName (0 ms)
2026-05-07T17:22:40.1922303Z [----------] 18 tests from TestConvolutionWrwOperationFromNode (0 ms total)
2026-05-07T17:22:40.1922310Z 
2026-05-07T17:22:40.1922400Z [----------] 4 tests from TestGraphDescriptorConvolutionWrw
2026-05-07T17:22:40.1922518Z [ RUN      ] TestGraphDescriptorConvolutionWrw.BuildFromSingleOperation
2026-05-07T17:22:40.1922649Z [       OK ] TestGraphDescriptorConvolutionWrw.BuildFromSingleOperation (0 ms)
2026-05-07T17:22:40.1922765Z [ RUN      ] TestGraphDescriptorConvolutionWrw.ComputeDataTypePreserved
2026-05-07T17:22:40.1922892Z [       OK ] TestGraphDescriptorConvolutionWrw.ComputeDataTypePreserved (0 ms)
2026-05-07T17:22:40.1923046Z [ RUN      ] TestGraphDescriptorConvolutionWrw.OperationNamePreservedInSerialization
2026-05-07T17:22:40.1923211Z [       OK ] TestGraphDescriptorConvolutionWrw.OperationNamePreservedInSerialization (0 ms)
2026-05-07T17:22:40.1923363Z [ RUN      ] TestGraphDescriptorConvolutionWrw.OperationNameRoundTripThroughLifting
2026-05-07T17:22:40.1924122Z [       OK ] TestGraphDescriptorConvolutionWrw.OperationNameRoundTripThroughLifting (0 ms)
2026-05-07T17:22:40.1924229Z [----------] 4 tests from TestGraphDescriptorConvolutionWrw (0 ms total)
2026-05-07T17:22:40.1924233Z 
2026-05-07T17:22:40.1924342Z [----------] 44 tests from TestBatchnormInferenceOperationDescriptor
2026-05-07T17:22:40.1924460Z [ RUN      ] TestBatchnormInferenceOperationDescriptor.CreateDescriptor
2026-05-07T17:22:40.1924590Z [       OK ] TestBatchnormInferenceOperationDescriptor.CreateDescriptor (0 ms)
2026-05-07T17:22:40.1924752Z [ RUN      ] TestBatchnormInferenceOperationDescriptor.FinalizeWithRequiredAttributes
2026-05-07T17:22:40.1924929Z [       OK ] TestBatchnormInferenceOperationDescriptor.FinalizeWithRequiredAttributes (0 ms)
2026-05-07T17:22:40.1925079Z [ RUN      ] TestBatchnormInferenceOperationDescriptor.FinalizeFailsWithoutXTensor
2026-05-07T17:22:40.1925249Z [       OK ] TestBatchnormInferenceOperationDescriptor.FinalizeFailsWithoutXTensor (0 ms)
2026-05-07T17:22:40.1925430Z [ RUN      ] TestBatchnormInferenceOperationDescriptor.FinalizeFailsWithoutInvVarianceTensor
2026-05-07T17:22:40.1925634Z [       OK ] TestBatchnormInferenceOperationDescriptor.FinalizeFailsWithoutInvVarianceTensor (0 ms)
2026-05-07T17:22:40.1925792Z [ RUN      ] TestBatchnormInferenceOperationDescriptor.FinalizeFailsWithoutMeanTensor
2026-05-07T17:22:40.1925968Z [       OK ] TestBatchnormInferenceOperationDescriptor.FinalizeFailsWithoutMeanTensor (0 ms)
2026-05-07T17:22:40.1926123Z [ RUN      ] TestBatchnormInferenceOperationDescriptor.FinalizeFailsWithoutScaleTensor
2026-05-07T17:22:40.1926292Z [       OK ] TestBatchnormInferenceOperationDescriptor.FinalizeFailsWithoutScaleTensor (0 ms)
2026-05-07T17:22:40.1926449Z [ RUN      ] TestBatchnormInferenceOperationDescriptor.FinalizeFailsWithoutBiasTensor
2026-05-07T17:22:40.1926614Z [       OK ] TestBatchnormInferenceOperationDescriptor.FinalizeFailsWithoutBiasTensor (0 ms)
2026-05-07T17:22:40.1926765Z [ RUN      ] TestBatchnormInferenceOperationDescriptor.FinalizeFailsWithoutYTensor
2026-05-07T17:22:40.1926927Z [       OK ] TestBatchnormInferenceOperationDescriptor.FinalizeFailsWithoutYTensor (0 ms)
2026-05-07T17:22:40.1927085Z [ RUN      ] TestBatchnormInferenceOperationDescriptor.FinalizeFailsWithoutComputeType
2026-05-07T17:22:40.1927261Z [       OK ] TestBatchnormInferenceOperationDescriptor.FinalizeFailsWithoutComputeType (0 ms)
2026-05-07T17:22:40.1927388Z [ RUN      ] TestBatchnormInferenceOperationDescriptor.SetTensorDescriptorX
2026-05-07T17:22:40.1927527Z [       OK ] TestBatchnormInferenceOperationDescriptor.SetTensorDescriptorX (0 ms)
2026-05-07T17:22:40.1927668Z [ RUN      ] TestBatchnormInferenceOperationDescriptor.SetTensorDescriptorMean
2026-05-07T17:22:40.1928058Z [       OK ] TestBatchnormInferenceOperationDescriptor.SetTensorDescriptorMean (0 ms)
2026-05-07T17:22:40.1928211Z [ RUN      ] TestBatchnormInferenceOperationDescriptor.SetTensorDescriptorInvVariance
2026-05-07T17:22:40.1928384Z [       OK ] TestBatchnormInferenceOperationDescriptor.SetTensorDescriptorInvVariance (0 ms)
2026-05-07T17:22:40.1928524Z [ RUN      ] TestBatchnormInferenceOperationDescriptor.SetTensorDescriptorScale
2026-05-07T17:22:40.1928681Z [       OK ] TestBatchnormInferenceOperationDescriptor.SetTensorDescriptorScale (0 ms)
2026-05-07T17:22:40.1928813Z [ RUN      ] TestBatchnormInferenceOperationDescriptor.SetTensorDescriptorBias
2026-05-07T17:22:40.1928960Z [       OK ] TestBatchnormInferenceOperationDescriptor.SetTensorDescriptorBias (0 ms)
2026-05-07T17:22:40.1929090Z [ RUN      ] TestBatchnormInferenceOperationDescriptor.SetTensorDescriptorY
2026-05-07T17:22:40.1929226Z [       OK ] TestBatchnormInferenceOperationDescriptor.SetTensorDescriptorY (0 ms)
2026-05-07T17:22:40.1929369Z [ RUN      ] TestBatchnormInferenceOperationDescriptor.SetTensorFailsNotFinalized
2026-05-07T17:22:40.1929528Z [       OK ] TestBatchnormInferenceOperationDescriptor.SetTensorFailsNotFinalized (0 ms)
2026-05-07T17:22:40.1929807Z [ RUN      ] TestBatchnormInferenceOperationDescriptor.SetTensorFailsWrongType
2026-05-07T17:22:40.1929956Z [       OK ] TestBatchnormInferenceOperationDescriptor.SetTensorFailsWrongType (0 ms)
2026-05-07T17:22:40.1930116Z [ RUN      ] TestBatchnormInferenceOperationDescriptor.SetTensorFailsWrongElementCount
2026-05-07T17:22:40.1930293Z [       OK ] TestBatchnormInferenceOperationDescriptor.SetTensorFailsWrongElementCount (0 ms)
2026-05-07T17:22:40.1930440Z [ RUN      ] TestBatchnormInferenceOperationDescriptor.SetTensorFailsNullPointer
2026-05-07T17:22:40.1930588Z [       OK ] TestBatchnormInferenceOperationDescriptor.SetTensorFailsNullPointer (0 ms)
2026-05-07T17:22:40.1930714Z [ RUN      ] TestBatchnormInferenceOperationDescriptor.SetComputeDataType
2026-05-07T17:22:40.1930853Z [       OK ] TestBatchnormInferenceOperationDescriptor.SetComputeDataType (0 ms)
2026-05-07T17:22:40.1931023Z [ RUN      ] TestBatchnormInferenceOperationDescriptor.SetComputeDataTypeWrongElementCount
2026-05-07T17:22:40.1931214Z [       OK ] TestBatchnormInferenceOperationDescriptor.SetComputeDataTypeWrongElementCount (0 ms)
2026-05-07T17:22:40.1931374Z [ RUN      ] TestBatchnormInferenceOperationDescriptor.SetAttributeFailsAfterFinalize
2026-05-07T17:22:40.1931553Z [       OK ] TestBatchnormInferenceOperationDescriptor.SetAttributeFailsAfterFinalize (0 ms)
2026-05-07T17:22:40.1931695Z [ RUN      ] TestBatchnormInferenceOperationDescriptor.SetAttributeUnsupported
2026-05-07T17:22:40.1931837Z [       OK ] TestBatchnormInferenceOperationDescriptor.SetAttributeUnsupported (0 ms)
2026-05-07T17:22:40.1931982Z [ RUN      ] TestBatchnormInferenceOperationDescriptor.GetAttributeTensorDescriptor
2026-05-07T17:22:40.1932141Z [       OK ] TestBatchnormInferenceOperationDescriptor.GetAttributeTensorDescriptor (0 ms)
2026-05-07T17:22:40.1932275Z [ RUN      ] TestBatchnormInferenceOperationDescriptor.GetAttributeComputeType
2026-05-07T17:22:40.1932422Z [       OK ] TestBatchnormInferenceOperationDescriptor.GetAttributeComputeType (0 ms)
2026-05-07T17:22:40.1932573Z [ RUN      ] TestBatchnormInferenceOperationDescriptor.GetAttributeFailsBeforeFinalize
2026-05-07T17:22:40.1932743Z [       OK ] TestBatchnormInferenceOperationDescriptor.GetAttributeFailsBeforeFinalize (0 ms)
2026-05-07T17:22:40.1932934Z [ RUN      ] TestBatchnormInferenceOperationDescriptor.GetAttributeFailsNullPointer
2026-05-07T17:22:40.1933091Z [       OK ] TestBatchnormInferenceOperationDescriptor.GetAttributeFailsNullPointer (0 ms)
2026-05-07T17:22:40.1933230Z [ RUN      ] TestBatchnormInferenceOperationDescriptor.GetAttributeUnsupported
2026-05-07T17:22:40.1933379Z [       OK ] TestBatchnormInferenceOperationDescriptor.GetAttributeUnsupported (0 ms)
2026-05-07T17:22:40.1933798Z [ RUN      ] TestBatchnormInferenceOperationDescriptor.GetAttributeTensorXQueryReturnsOne
2026-05-07T17:22:40.1933984Z [       OK ] TestBatchnormInferenceOperationDescriptor.GetAttributeTensorXQueryReturnsOne (0 ms)
2026-05-07T17:22:40.1934159Z [ RUN      ] TestBatchnormInferenceOperationDescriptor.GetAttributeTensorMeanQueryReturnsOne
2026-05-07T17:22:40.1934356Z [       OK ] TestBatchnormInferenceOperationDescriptor.GetAttributeTensorMeanQueryReturnsOne (0 ms)
2026-05-07T17:22:40.1934552Z [ RUN      ] TestBatchnormInferenceOperationDescriptor.GetAttributeTensorInvVarianceQueryReturnsOne
2026-05-07T17:22:40.1934764Z [       OK ] TestBatchnormInferenceOperationDescriptor.GetAttributeTensorInvVarianceQueryReturnsOne (0 ms)
2026-05-07T17:22:40.1934945Z [ RUN      ] TestBatchnormInferenceOperationDescriptor.GetAttributeTensorScaleQueryReturnsOne
2026-05-07T17:22:40.1935136Z [       OK ] TestBatchnormInferenceOperationDescriptor.GetAttributeTensorScaleQueryReturnsOne (0 ms)
2026-05-07T17:22:40.1935310Z [ RUN      ] TestBatchnormInferenceOperationDescriptor.GetAttributeTensorBiasQueryReturnsOne
2026-05-07T17:22:40.1935503Z [       OK ] TestBatchnormInferenceOperationDescriptor.GetAttributeTensorBiasQueryReturnsOne (0 ms)
2026-05-07T17:22:40.1935819Z [ RUN      ] TestBatchnormInferenceOperationDescriptor.GetAttributeTensorYQueryReturnsOne
2026-05-07T17:22:40.1936000Z [       OK ] TestBatchnormInferenceOperationDescriptor.GetAttributeTensorYQueryReturnsOne (0 ms)
2026-05-07T17:22:40.1936183Z [ RUN      ] TestBatchnormInferenceOperationDescriptor.GetAttributeComputeTypeQueryReturnsOne
2026-05-07T17:22:40.1936383Z [       OK ] TestBatchnormInferenceOperationDescriptor.GetAttributeComputeTypeQueryReturnsOne (0 ms)
2026-05-07T17:22:40.1936589Z [ RUN      ] TestBatchnormInferenceOperationDescriptor.GetAttributeTensorQueryFailsNullElementCount
2026-05-07T17:22:40.1936808Z [       OK ] TestBatchnormInferenceOperationDescriptor.GetAttributeTensorQueryFailsNullElementCount (0 ms)
2026-05-07T17:22:40.1936990Z [ RUN      ] TestBatchnormInferenceOperationDescriptor.FinalizePreservesTensorReferences
2026-05-07T17:22:40.1937169Z [       OK ] TestBatchnormInferenceOperationDescriptor.FinalizePreservesTensorReferences (0 ms)
2026-05-07T17:22:40.1937318Z [ RUN      ] TestBatchnormInferenceOperationDescriptor.ToStringContainsExpectedInfo
2026-05-07T17:22:40.1937488Z [       OK ] TestBatchnormInferenceOperationDescriptor.ToStringContainsExpectedInfo (0 ms)
2026-05-07T17:22:40.1937663Z [ RUN      ] TestBatchnormInferenceOperationDescriptor.GetTensorDescriptorsReturnsAllTensors
2026-05-07T17:22:40.1937849Z [       OK ] TestBatchnormInferenceOperationDescriptor.GetTensorDescriptorsReturnsAllTensors (0 ms)
2026-05-07T17:22:40.1938007Z [ RUN      ] TestBatchnormInferenceOperationDescriptor.BuildNodeProducesCorrectNodeT
2026-05-07T17:22:40.1938174Z [       OK ] TestBatchnormInferenceOperationDescriptor.BuildNodeProducesCorrectNodeT (0 ms)
2026-05-07T17:22:40.1938332Z [ RUN      ] TestBatchnormInferenceOperationDescriptor.BuildNodeWithHalfComputeType
2026-05-07T17:22:40.1938494Z [       OK ] TestBatchnormInferenceOperationDescriptor.BuildNodeWithHalfComputeType (0 ms)
2026-05-07T17:22:40.1938724Z [ RUN      ] TestBatchnormInferenceOperationDescriptor.GetTensorDescriptorsOrderIsXMeanInvVarianceScaleBiasY
2026-05-07T17:22:40.1938977Z [       OK ] TestBatchnormInferenceOperationDescriptor.GetTensorDescriptorsOrderIsXMeanInvVarianceScaleBiasY (0 ms)
2026-05-07T17:22:40.1939138Z [ RUN      ] TestBatchnormInferenceOperationDescriptor.TryAsInterfaceReturnsValidGraphOp
2026-05-07T17:22:40.1939320Z [       OK ] TestBatchnormInferenceOperationDescriptor.TryAsInterfaceReturnsValidGraphOp (0 ms)
2026-05-07T17:22:40.1939493Z [ RUN      ] TestBatchnormInferenceOperationDescriptor.TryAsInterfaceReturnsNullForWrongType
2026-05-07T17:22:40.1939684Z [       OK ] TestBatchnormInferenceOperationDescriptor.TryAsInterfaceReturnsNullForWrongType (0 ms)
2026-05-07T17:22:40.1939813Z [----------] 44 tests from TestBatchnormInferenceOperationDescriptor (0 ms total)
2026-05-07T17:22:40.1939816Z 
2026-05-07T17:22:40.1940155Z [----------] 19 tests from TestBatchnormInferenceOperationFromNode
2026-05-07T17:22:40.1940308Z [ RUN      ] TestBatchnormInferenceOperationFromNode.CreatesValidFinalizedDescriptor
2026-05-07T17:22:40.1940486Z [       OK ] TestBatchnormInferenceOperationFromNode.CreatesValidFinalizedDescriptor (0 ms)
2026-05-07T17:22:40.1940629Z [ RUN      ] TestBatchnormInferenceOperationFromNode.NodeFactoryDelegatesCorrectly
2026-05-07T17:22:40.1940791Z [       OK ] TestBatchnormInferenceOperationFromNode.NodeFactoryDelegatesCorrectly (0 ms)
2026-05-07T17:22:40.1940924Z [ RUN      ] TestBatchnormInferenceOperationFromNode.PreservesComputeDataType
2026-05-07T17:22:40.1941068Z [       OK ] TestBatchnormInferenceOperationFromNode.PreservesComputeDataType (0 ms)
2026-05-07T17:22:40.1941195Z [ RUN      ] TestBatchnormInferenceOperationFromNode.SetsTensorReferences
2026-05-07T17:22:40.1941332Z [       OK ] TestBatchnormInferenceOperationFromNode.SetsTensorReferences (0 ms)
2026-05-07T17:22:40.1941484Z [ RUN      ] TestBatchnormInferenceOperationFromNode.TensorReferencesMatchTensorMap
2026-05-07T17:22:40.1941651Z [       OK ] TestBatchnormInferenceOperationFromNode.TensorReferencesMatchTensorMap (0 ms)
2026-05-07T17:22:40.1941950Z [ RUN      ] TestBatchnormInferenceOperationFromNode.SetsTensorReferencesWithFullValues
2026-05-07T17:22:40.1942133Z [       OK ] TestBatchnormInferenceOperationFromNode.SetsTensorReferencesWithFullValues (0 ms)
2026-05-07T17:22:40.1942261Z [ RUN      ] TestBatchnormInferenceOperationFromNode.FailsWithMissingXTensor
2026-05-07T17:22:40.1942401Z [       OK ] TestBatchnormInferenceOperationFromNode.FailsWithMissingXTensor (0 ms)
2026-05-07T17:22:40.1942546Z [ RUN      ] TestBatchnormInferenceOperationFromNode.FailsWithMissingMeanTensor
2026-05-07T17:22:40.1942698Z [       OK ] TestBatchnormInferenceOperationFromNode.FailsWithMissingMeanTensor (0 ms)
2026-05-07T17:22:40.1942855Z [ RUN      ] TestBatchnormInferenceOperationFromNode.FailsWithMissingInvVarianceTensor
2026-05-07T17:22:40.1943028Z [       OK ] TestBatchnormInferenceOperationFromNode.FailsWithMissingInvVarianceTensor (0 ms)
2026-05-07T17:22:40.1943165Z [ RUN      ] TestBatchnormInferenceOperationFromNode.FailsWithMissingScaleTensor
2026-05-07T17:22:40.1943321Z [       OK ] TestBatchnormInferenceOperationFromNode.FailsWithMissingScaleTensor (0 ms)
2026-05-07T17:22:40.1943457Z [ RUN      ] TestBatchnormInferenceOperationFromNode.FailsWithMissingBiasTensor
2026-05-07T17:22:40.1943604Z [       OK ] TestBatchnormInferenceOperationFromNode.FailsWithMissingBiasTensor (0 ms)
2026-05-07T17:22:40.1943736Z [ RUN      ] TestBatchnormInferenceOperationFromNode.FailsWithMissingYTensor
2026-05-07T17:22:40.1943873Z [       OK ] TestBatchnormInferenceOperationFromNode.FailsWithMissingYTensor (0 ms)
2026-05-07T17:22:40.1944043Z [ RUN      ] TestBatchnormInferenceOperationFromNode.GetTensorDescriptorsReturnsAllTensors
2026-05-07T17:22:40.1944229Z [       OK ] TestBatchnormInferenceOperationFromNode.GetTensorDescriptorsReturnsAllTensors (0 ms)
2026-05-07T17:22:40.1944345Z [ RUN      ] TestBatchnormInferenceOperationFromNode.BuildNodeRoundTrip
2026-05-07T17:22:40.1944480Z [       OK ] TestBatchnormInferenceOperationFromNode.BuildNodeRoundTrip (0 ms)
2026-05-07T17:22:40.1944626Z [ RUN      ] TestBatchnormInferenceOperationFromNode.GetAttributeWorksAfterFromNode
2026-05-07T17:22:40.1944784Z [       OK ] TestBatchnormInferenceOperationFromNode.GetAttributeWorksAfterFromNode (0 ms)
2026-05-07T17:22:40.1944917Z [ RUN      ] TestBatchnormInferenceOperationFromNode.NamePreservedFromNode
2026-05-07T17:22:40.1945052Z [       OK ] TestBatchnormInferenceOperationFromNode.NamePreservedFromNode (0 ms)
2026-05-07T17:22:40.1945193Z [ RUN      ] TestBatchnormInferenceOperationFromNode.EmptyNamePreservedFromNode
2026-05-07T17:22:40.1945344Z [       OK ] TestBatchnormInferenceOperationFromNode.EmptyNamePreservedFromNode (0 ms)
2026-05-07T17:22:40.1945470Z [ RUN      ] TestBatchnormInferenceOperationFromNode.BuildNodePreservesName
2026-05-07T17:22:40.1945943Z [       OK ] TestBatchnormInferenceOperationFromNode.BuildNodePreservesName (0 ms)
2026-05-07T17:22:40.1946066Z [ RUN      ] TestBatchnormInferenceOperationFromNode.ToStringIncludesName
2026-05-07T17:22:40.1946200Z [       OK ] TestBatchnormInferenceOperationFromNode.ToStringIncludesName (0 ms)
2026-05-07T17:22:40.1946323Z [----------] 19 tests from TestBatchnormInferenceOperationFromNode (0 ms total)
2026-05-07T17:22:40.1946326Z 
2026-05-07T17:22:40.1946417Z [----------] 48 tests from TestBatchnormOperationDescriptor
2026-05-07T17:22:40.1946522Z [ RUN      ] TestBatchnormOperationDescriptor.CreateDescriptor
2026-05-07T17:22:40.1946635Z [       OK ] TestBatchnormOperationDescriptor.CreateDescriptor (0 ms)
2026-05-07T17:22:40.1946764Z [ RUN      ] TestBatchnormOperationDescriptor.FinalizeWithRequiredAttributes
2026-05-07T17:22:40.1946911Z [       OK ] TestBatchnormOperationDescriptor.FinalizeWithRequiredAttributes (0 ms)
2026-05-07T17:22:40.1947021Z [ RUN      ] TestBatchnormOperationDescriptor.DoubleFinalizeSucceeds
2026-05-07T17:22:40.1947147Z [       OK ] TestBatchnormOperationDescriptor.DoubleFinalizeSucceeds (0 ms)
2026-05-07T17:22:40.1948302Z [ RUN      ] TestBatchnormOperationDescriptor.FinalizeSucceedsWithAllOptionalTensors
2026-05-07T17:22:40.1948688Z [       OK ] TestBatchnormOperationDescriptor.FinalizeSucceedsWithAllOptionalTensors (0 ms)
2026-05-07T17:22:40.1948950Z [ RUN      ] TestBatchnormOperationDescriptor.FinalizeFailsWithOnlyMean
2026-05-07T17:22:40.1949214Z [       OK ] TestBatchnormOperationDescriptor.FinalizeFailsWithOnlyMean (0 ms)
2026-05-07T17:22:40.1949485Z [ RUN      ] TestBatchnormOperationDescriptor.FinalizeFailsWithOnlyInvVariance
2026-05-07T17:22:40.1949790Z [       OK ] TestBatchnormOperationDescriptor.FinalizeFailsWithOnlyInvVariance (0 ms)
2026-05-07T17:22:40.1950123Z [ RUN      ] TestBatchnormOperationDescriptor.FinalizeSucceedsWithoutMeanAndInvVariance
2026-05-07T17:22:40.1950521Z [       OK ] TestBatchnormOperationDescriptor.FinalizeSucceedsWithoutMeanAndInvVariance (0 ms)
2026-05-07T17:22:40.1950883Z [ RUN      ] TestBatchnormOperationDescriptor.FinalizeFailsWithPartialRunningStatsOnlyPrevMean
2026-05-07T17:22:40.1951292Z [       OK ] TestBatchnormOperationDescriptor.FinalizeFailsWithPartialRunningStatsOnlyPrevMean (0 ms)
2026-05-07T17:22:40.1951678Z [ RUN      ] TestBatchnormOperationDescriptor.FinalizeFailsWithPartialRunningStatsMissingMomentum
2026-05-07T17:22:40.1952085Z [       OK ] TestBatchnormOperationDescriptor.FinalizeFailsWithPartialRunningStatsMissingMomentum (0 ms)
2026-05-07T17:22:40.1952370Z [ RUN      ] TestBatchnormOperationDescriptor.FinalizeSucceedsWithAllRunningStats
2026-05-07T17:22:40.1952687Z [       OK ] TestBatchnormOperationDescriptor.FinalizeSucceedsWithAllRunningStats (0 ms)
2026-05-07T17:22:40.1952903Z [ RUN      ] TestBatchnormOperationDescriptor.SetTensorDescriptorX
2026-05-07T17:22:40.1953150Z [       OK ] TestBatchnormOperationDescriptor.SetTensorDescriptorX (0 ms)
2026-05-07T17:22:40.1953382Z [ RUN      ] TestBatchnormOperationDescriptor.SetTensorDescriptorScale
2026-05-07T17:22:40.1953635Z [       OK ] TestBatchnormOperationDescriptor.SetTensorDescriptorScale (0 ms)
2026-05-07T17:22:40.1953865Z [ RUN      ] TestBatchnormOperationDescriptor.SetTensorDescriptorBias
2026-05-07T17:22:40.1954108Z [       OK ] TestBatchnormOperationDescriptor.SetTensorDescriptorBias (0 ms)
2026-05-07T17:22:40.1954346Z [ RUN      ] TestBatchnormOperationDescriptor.SetTensorDescriptorEpsilon
2026-05-07T17:22:40.1954611Z [       OK ] TestBatchnormOperationDescriptor.SetTensorDescriptorEpsilon (0 ms)
2026-05-07T17:22:40.1954810Z [ RUN      ] TestBatchnormOperationDescriptor.SetTensorDescriptorY
2026-05-07T17:22:40.1954930Z [       OK ] TestBatchnormOperationDescriptor.SetTensorDescriptorY (0 ms)
2026-05-07T17:22:40.1955040Z [ RUN      ] TestBatchnormOperationDescriptor.SetTensorDescriptorMean
2026-05-07T17:22:40.1955160Z [       OK ] TestBatchnormOperationDescriptor.SetTensorDescriptorMean (0 ms)
2026-05-07T17:22:40.1955806Z [ RUN      ] TestBatchnormOperationDescriptor.SetTensorDescriptorInvVariance
2026-05-07T17:22:40.1955956Z [       OK ] TestBatchnormOperationDescriptor.SetTensorDescriptorInvVariance (0 ms)
2026-05-07T17:22:40.1956102Z [ RUN      ] TestBatchnormOperationDescriptor.SetTensorDescriptorPrevRunningMean
2026-05-07T17:22:40.1956260Z [       OK ] TestBatchnormOperationDescriptor.SetTensorDescriptorPrevRunningMean (0 ms)
2026-05-07T17:22:40.1956410Z [ RUN      ] TestBatchnormOperationDescriptor.SetTensorDescriptorPrevRunningVariance
2026-05-07T17:22:40.1956582Z [       OK ] TestBatchnormOperationDescriptor.SetTensorDescriptorPrevRunningVariance (0 ms)
2026-05-07T17:22:40.1956705Z [ RUN      ] TestBatchnormOperationDescriptor.SetTensorDescriptorMomentum
2026-05-07T17:22:40.1956839Z [       OK ] TestBatchnormOperationDescriptor.SetTensorDescriptorMomentum (0 ms)
2026-05-07T17:22:40.1956987Z [ RUN      ] TestBatchnormOperationDescriptor.SetTensorDescriptorNextRunningMean
2026-05-07T17:22:40.1957141Z [       OK ] TestBatchnormOperationDescriptor.SetTensorDescriptorNextRunningMean (0 ms)
2026-05-07T17:22:40.1957292Z [ RUN      ] TestBatchnormOperationDescriptor.SetTensorDescriptorNextRunningVariance
2026-05-07T17:22:40.1957656Z [       OK ] TestBatchnormOperationDescriptor.SetTensorDescriptorNextRunningVariance (0 ms)
2026-05-07T17:22:40.1957751Z [ RUN      ] TestBatchnormOperationDescriptor.SetMathPrec
2026-05-07T17:22:40.1957857Z [       OK ] TestBatchnormOperationDescriptor.SetMathPrec (0 ms)
2026-05-07T17:22:40.1957991Z [ RUN      ] TestBatchnormOperationDescriptor.SetTensorFailsWrongElementCount
2026-05-07T17:22:40.1958137Z [       OK ] TestBatchnormOperationDescriptor.SetTensorFailsWrongElementCount (0 ms)
2026-05-07T17:22:40.1958261Z [ RUN      ] TestBatchnormOperationDescriptor.SetTensorFailsNotFinalized
2026-05-07T17:22:40.1958394Z [       OK ] TestBatchnormOperationDescriptor.SetTensorFailsNotFinalized (0 ms)
2026-05-07T17:22:40.1958510Z [ RUN      ] TestBatchnormOperationDescriptor.SetTensorFailsWrongType
2026-05-07T17:22:40.1958645Z [       OK ] TestBatchnormOperationDescriptor.SetTensorFailsWrongType (0 ms)
2026-05-07T17:22:40.1958765Z [ RUN      ] TestBatchnormOperationDescriptor.SetTensorFailsNullPointer
2026-05-07T17:22:40.1958903Z [       OK ] TestBatchnormOperationDescriptor.SetTensorFailsNullPointer (0 ms)
2026-05-07T17:22:40.1959034Z [ RUN      ] TestBatchnormOperationDescriptor.SetAttributeFailsAfterFinalize
2026-05-07T17:22:40.1959177Z [       OK ] TestBatchnormOperationDescriptor.SetAttributeFailsAfterFinalize (0 ms)
2026-05-07T17:22:40.1959292Z [ RUN      ] TestBatchnormOperationDescriptor.SetAttributeUnsupported
2026-05-07T17:22:40.1959413Z [       OK ] TestBatchnormOperationDescriptor.SetAttributeUnsupported (0 ms)
2026-05-07T17:22:40.1959526Z [ RUN      ] TestBatchnormOperationDescriptor.GetAttributeComputeType
2026-05-07T17:22:40.1959670Z [       OK ] TestBatchnormOperationDescriptor.GetAttributeComputeType (0 ms)
2026-05-07T17:22:40.1959819Z [ RUN      ] TestBatchnormOperationDescriptor.GetAttributeMathPrecQueryReturnsOne
2026-05-07T17:22:40.1959980Z [       OK ] TestBatchnormOperationDescriptor.GetAttributeMathPrecQueryReturnsOne (0 ms)
2026-05-07T17:22:40.1960156Z [ RUN      ] TestBatchnormOperationDescriptor.GetAttributeTensorQueryFailsNullElementCount
2026-05-07T17:22:40.1960347Z [       OK ] TestBatchnormOperationDescriptor.GetAttributeTensorQueryFailsNullElementCount (0 ms)
2026-05-07T17:22:40.1960483Z [ RUN      ] TestBatchnormOperationDescriptor.GetAttributeFailsBeforeFinalize
2026-05-07T17:22:40.1960627Z [       OK ] TestBatchnormOperationDescriptor.GetAttributeFailsBeforeFinalize (0 ms)
2026-05-07T17:22:40.1960755Z [ RUN      ] TestBatchnormOperationDescriptor.GetAttributeFailsNullPointer
2026-05-07T17:22:40.1960896Z [       OK ] TestBatchnormOperationDescriptor.GetAttributeFailsNullPointer (0 ms)
2026-05-07T17:22:40.1961006Z [ RUN      ] TestBatchnormOperationDescriptor.GetAttributeUnsupported
2026-05-07T17:22:40.1961461Z [       OK ] TestBatchnormOperationDescriptor.GetAttributeUnsupported (0 ms)
2026-05-07T17:22:40.1961603Z [ RUN      ] TestBatchnormOperationDescriptor.FinalizePreservesTensorReferences
2026-05-07T17:22:40.1961757Z [       OK ] TestBatchnormOperationDescriptor.FinalizePreservesTensorReferences (0 ms)
2026-05-07T17:22:40.1961957Z [ RUN      ] TestBatchnormOperationDescriptor.FinalizePreservesTensorReferencesWithRunningStats
2026-05-07T17:22:40.1962159Z [       OK ] TestBatchnormOperationDescriptor.FinalizePreservesTensorReferencesWithRunningStats (0 ms)
2026-05-07T17:22:40.1962299Z [ RUN      ] TestBatchnormOperationDescriptor.GetTensorDescriptorsRequiredOnly
2026-05-07T17:22:40.1962456Z [       OK ] TestBatchnormOperationDescriptor.GetTensorDescriptorsRequiredOnly (0 ms)
2026-05-07T17:22:40.1962596Z [ RUN      ] TestBatchnormOperationDescriptor.GetTensorDescriptorsWithOptionals
2026-05-07T17:22:40.1962753Z [       OK ] TestBatchnormOperationDescriptor.GetTensorDescriptorsWithOptionals (0 ms)
2026-05-07T17:22:40.1962906Z [ RUN      ] TestBatchnormOperationDescriptor.GetTensorDescriptorsWithAllOptionals
2026-05-07T17:22:40.1963072Z [       OK ] TestBatchnormOperationDescriptor.GetTensorDescriptorsWithAllOptionals (0 ms)
2026-05-07T17:22:40.1963365Z [ RUN      ] TestBatchnormOperationDescriptor.BuildNodeProducesCorrectNodeT
2026-05-07T17:22:40.1963509Z [       OK ] TestBatchnormOperationDescriptor.BuildNodeProducesCorrectNodeT (0 ms)
2026-05-07T17:22:40.1963636Z [ RUN      ] TestBatchnormOperationDescriptor.BuildNodeWithHalfComputeType
2026-05-07T17:22:40.1963782Z [       OK ] TestBatchnormOperationDescriptor.BuildNodeWithHalfComputeType (0 ms)
2026-05-07T17:22:40.1963916Z [ RUN      ] TestBatchnormOperationDescriptor.BuildNodeWithoutOptionalTensors
2026-05-07T17:22:40.1964067Z [       OK ] TestBatchnormOperationDescriptor.BuildNodeWithoutOptionalTensors (0 ms)
2026-05-07T17:22:40.1964217Z [ RUN      ] TestBatchnormOperationDescriptor.TryAsInterfaceReturnsValidGraphOp
2026-05-07T17:22:40.1964375Z [       OK ] TestBatchnormOperationDescriptor.TryAsInterfaceReturnsValidGraphOp (0 ms)
2026-05-07T17:22:40.1964533Z [ RUN      ] TestBatchnormOperationDescriptor.TryAsInterfaceReturnsNullForWrongType
2026-05-07T17:22:40.1964704Z [       OK ] TestBatchnormOperationDescriptor.TryAsInterfaceReturnsNullForWrongType (0 ms)
2026-05-07T17:22:40.1964823Z [ RUN      ] TestBatchnormOperationDescriptor.SetPeerStatsTensorArray
2026-05-07T17:22:40.1965203Z [       OK ] TestBatchnormOperationDescriptor.SetPeerStatsTensorArray (0 ms)
2026-05-07T17:22:40.1965368Z [ RUN      ] TestBatchnormOperationDescriptor.GetPeerStatsTensorArray
2026-05-07T17:22:40.1965503Z [       OK ] TestBatchnormOperationDescriptor.GetPeerStatsTensorArray (0 ms)
2026-05-07T17:22:40.1965638Z [ RUN      ] TestBatchnormOperationDescriptor.ToStringContainsExpectedInfo
2026-05-07T17:22:40.1965778Z [       OK ] TestBatchnormOperationDescriptor.ToStringContainsExpectedInfo (0 ms)
2026-05-07T17:22:40.1965905Z [----------] 48 tests from TestBatchnormOperationDescriptor (0 ms total)
2026-05-07T17:22:40.1965912Z 
2026-05-07T17:22:40.1966001Z [----------] 33 tests from TestBatchnormOperationFromNode
2026-05-07T17:22:40.1966132Z [ RUN      ] TestBatchnormOperationFromNode.CreatesValidFinalizedDescriptor
2026-05-07T17:22:40.1966284Z [       OK ] TestBatchnormOperationFromNode.CreatesValidFinalizedDescriptor (0 ms)
2026-05-07T17:22:40.1966408Z [ RUN      ] TestBatchnormOperationFromNode.NodeFactoryDelegatesCorrectly
2026-05-07T17:22:40.1966553Z [       OK ] TestBatchnormOperationFromNode.NodeFactoryDelegatesCorrectly (0 ms)
2026-05-07T17:22:40.1966667Z [ RUN      ] TestBatchnormOperationFromNode.PreservesComputeDataType
2026-05-07T17:22:40.1966789Z [       OK ] TestBatchnormOperationFromNode.PreservesComputeDataType (0 ms)
2026-05-07T17:22:40.1966897Z [ RUN      ] TestBatchnormOperationFromNode.SetsTensorReferences
2026-05-07T17:22:40.1967011Z [       OK ] TestBatchnormOperationFromNode.SetsTensorReferences (0 ms)
2026-05-07T17:22:40.1967639Z [ RUN      ] TestBatchnormOperationFromNode.TensorReferencesMatchTensorMap
2026-05-07T17:22:40.1967785Z [       OK ] TestBatchnormOperationFromNode.TensorReferencesMatchTensorMap (0 ms)
2026-05-07T17:22:40.1967896Z [ RUN      ] TestBatchnormOperationFromNode.FailsWithMissingXTensor
2026-05-07T17:22:40.1968015Z [       OK ] TestBatchnormOperationFromNode.FailsWithMissingXTensor (0 ms)
2026-05-07T17:22:40.1968130Z [ RUN      ] TestBatchnormOperationFromNode.FailsWithMissingScaleTensor
2026-05-07T17:22:40.1968258Z [       OK ] TestBatchnormOperationFromNode.FailsWithMissingScaleTensor (0 ms)
2026-05-07T17:22:40.1968374Z [ RUN      ] TestBatchnormOperationFromNode.FailsWithMissingBiasTensor
2026-05-07T17:22:40.1968497Z [       OK ] TestBatchnormOperationFromNode.FailsWithMissingBiasTensor (0 ms)
2026-05-07T17:22:40.1968617Z [ RUN      ] TestBatchnormOperationFromNode.FailsWithMissingEpsilonTensor
2026-05-07T17:22:40.1968755Z [       OK ] TestBatchnormOperationFromNode.FailsWithMissingEpsilonTensor (0 ms)
2026-05-07T17:22:40.1968863Z [ RUN      ] TestBatchnormOperationFromNode.FailsWithMissingYTensor
2026-05-07T17:22:40.1968983Z [       OK ] TestBatchnormOperationFromNode.FailsWithMissingYTensor (0 ms)
2026-05-07T17:22:40.1969281Z [ RUN      ] TestBatchnormOperationFromNode.SucceedsWithOnlyRequiredTensors
2026-05-07T17:22:40.1969419Z [       OK ] TestBatchnormOperationFromNode.SucceedsWithOnlyRequiredTensors (0 ms)
2026-05-07T17:22:40.1969634Z [ RUN      ] TestBatchnormOperationFromNode.FailsWhenOptionalPrevRunningMeanUidSetButTensorMissing
2026-05-07T17:22:40.1969851Z [       OK ] TestBatchnormOperationFromNode.FailsWhenOptionalPrevRunningMeanUidSetButTensorMissing (0 ms)
2026-05-07T17:22:40.1970063Z [ RUN      ] TestBatchnormOperationFromNode.FailsWhenOptionalPrevRunningVarianceUidSetButTensorMissing
2026-05-07T17:22:40.1970297Z [       OK ] TestBatchnormOperationFromNode.FailsWhenOptionalPrevRunningVarianceUidSetButTensorMissing (0 ms)
2026-05-07T17:22:40.1970475Z [ RUN      ] TestBatchnormOperationFromNode.FailsWhenOptionalMomentumUidSetButTensorMissing
2026-05-07T17:22:40.1970671Z [       OK ] TestBatchnormOperationFromNode.FailsWhenOptionalMomentumUidSetButTensorMissing (0 ms)
2026-05-07T17:22:40.1970835Z [ RUN      ] TestBatchnormOperationFromNode.FailsWhenOptionalMeanUidSetButTensorMissing
2026-05-07T17:22:40.1971011Z [       OK ] TestBatchnormOperationFromNode.FailsWhenOptionalMeanUidSetButTensorMissing (0 ms)
2026-05-07T17:22:40.1971201Z [ RUN      ] TestBatchnormOperationFromNode.FailsWhenOptionalInvVarianceUidSetButTensorMissing
2026-05-07T17:22:40.1971395Z [       OK ] TestBatchnormOperationFromNode.FailsWhenOptionalInvVarianceUidSetButTensorMissing (0 ms)
2026-05-07T17:22:40.1971587Z [ RUN      ] TestBatchnormOperationFromNode.FailsWhenOptionalNextRunningMeanUidSetButTensorMissing
2026-05-07T17:22:40.1971804Z [       OK ] TestBatchnormOperationFromNode.FailsWhenOptionalNextRunningMeanUidSetButTensorMissing (0 ms)
2026-05-07T17:22:40.1972005Z [ RUN      ] TestBatchnormOperationFromNode.FailsWhenOptionalNextRunningVarianceUidSetButTensorMissing
2026-05-07T17:22:40.1972232Z [       OK ] TestBatchnormOperationFromNode.FailsWhenOptionalNextRunningVarianceUidSetButTensorMissing (0 ms)
2026-05-07T17:22:40.1972376Z [ RUN      ] TestBatchnormOperationFromNode.GetTensorDescriptorsReturnsAllTensors
2026-05-07T17:22:40.1972537Z [       OK ] TestBatchnormOperationFromNode.GetTensorDescriptorsReturnsAllTensors (0 ms)
2026-05-07T17:22:40.1972642Z [ RUN      ] TestBatchnormOperationFromNode.BuildNodeRoundTrip
2026-05-07T17:22:40.1972749Z [       OK ] TestBatchnormOperationFromNode.BuildNodeRoundTrip (0 ms)
2026-05-07T17:22:40.1972907Z [ RUN      ] TestBatchnormOperationFromNode.BuildNodeRoundTripWithOnlyRequiredTensors
2026-05-07T17:22:40.1973081Z [       OK ] TestBatchnormOperationFromNode.BuildNodeRoundTripWithOnlyRequiredTensors (0 ms)
2026-05-07T17:22:40.1973184Z [ RUN      ] TestBatchnormOperationFromNode.NamePreservedFromNode
2026-05-07T17:22:40.1973571Z [       OK ] TestBatchnormOperationFromNode.NamePreservedFromNode (0 ms)
2026-05-07T17:22:40.1973686Z [ RUN      ] TestBatchnormOperationFromNode.EmptyNamePreservedFromNode
2026-05-07T17:22:40.1973813Z [       OK ] TestBatchnormOperationFromNode.EmptyNamePreservedFromNode (0 ms)
2026-05-07T17:22:40.1973927Z [ RUN      ] TestBatchnormOperationFromNode.BuildNodePreservesName
2026-05-07T17:22:40.1974041Z [       OK ] TestBatchnormOperationFromNode.BuildNodePreservesName (0 ms)
2026-05-07T17:22:40.1974166Z [ RUN      ] TestBatchnormOperationFromNode.GetAttributeWorksAfterFromNode
2026-05-07T17:22:40.1974303Z [       OK ] TestBatchnormOperationFromNode.GetAttributeWorksAfterFromNode (0 ms)
2026-05-07T17:22:40.1974452Z [ RUN      ] TestBatchnormOperationFromNode.OperationTypeAttributeReturnsCorrectValue
2026-05-07T17:22:40.1974624Z [       OK ] TestBatchnormOperationFromNode.OperationTypeAttributeReturnsCorrectValue (0 ms)
2026-05-07T17:22:40.1974775Z [ RUN      ] TestBatchnormOperationFromNode.OptionalTensorReferencesMatchTensorMap
2026-05-07T17:22:40.1974945Z [       OK ] TestBatchnormOperationFromNode.OptionalTensorReferencesMatchTensorMap (0 ms)
2026-05-07T17:22:40.1975087Z [ RUN      ] TestBatchnormOperationFromNode.PeerStatsTensorReferencesPopulated
2026-05-07T17:22:40.1975390Z [       OK ] TestBatchnormOperationFromNode.PeerStatsTensorReferencesPopulated (0 ms)
2026-05-07T17:22:40.1975525Z [ RUN      ] TestBatchnormOperationFromNode.SetsTensorReferencesWithFullValues
2026-05-07T17:22:40.1975668Z [       OK ] TestBatchnormOperationFromNode.SetsTensorReferencesWithFullValues (0 ms)
2026-05-07T17:22:40.1975819Z [ RUN      ] TestBatchnormOperationFromNode.FailsWhenPeerStatsUidSetButTensorMissing
2026-05-07T17:22:40.1975988Z [       OK ] TestBatchnormOperationFromNode.FailsWhenPeerStatsUidSetButTensorMissing (0 ms)
2026-05-07T17:22:40.1976110Z [ RUN      ] TestBatchnormOperationFromNode.FailsWithMeanWithoutInvVariance
2026-05-07T17:22:40.1976253Z [       OK ] TestBatchnormOperationFromNode.FailsWithMeanWithoutInvVariance (0 ms)
2026-05-07T17:22:40.1976378Z [ RUN      ] TestBatchnormOperationFromNode.FailsWithPartialRunningStats
2026-05-07T17:22:40.1976508Z [       OK ] TestBatchnormOperationFromNode.FailsWithPartialRunningStats (0 ms)
2026-05-07T17:22:40.1976632Z [ RUN      ] TestBatchnormOperationFromNode.FailsWithWrongAttributeType
2026-05-07T17:22:40.1976756Z [       OK ] TestBatchnormOperationFromNode.FailsWithWrongAttributeType (0 ms)
2026-05-07T17:22:40.1976857Z [----------] 33 tests from TestBatchnormOperationFromNode (0 ms total)
2026-05-07T17:22:40.1976861Z 
2026-05-07T17:22:40.1976952Z [----------] 5 tests from TestGraphDescriptorBatchnorm
2026-05-07T17:22:40.1977106Z [ RUN      ] TestGraphDescriptorBatchnorm.BuildFromSingleOperationWithOptionals
2026-05-07T17:22:40.1977259Z [       OK ] TestGraphDescriptorBatchnorm.BuildFromSingleOperationWithOptionals (0 ms)
2026-05-07T17:22:40.1977368Z [ RUN      ] TestGraphDescriptorBatchnorm.ComputeDataTypePreserved
2026-05-07T17:22:40.1977484Z [       OK ] TestGraphDescriptorBatchnorm.ComputeDataTypePreserved (0 ms)
2026-05-07T17:22:40.1977601Z [ RUN      ] TestGraphDescriptorBatchnorm.BuildWithPeerStatsTensorArray
2026-05-07T17:22:40.1977726Z [       OK ] TestGraphDescriptorBatchnorm.BuildWithPeerStatsTensorArray (0 ms)
2026-05-07T17:22:40.1977919Z [ RUN      ] TestGraphDescriptorBatchnorm.OperationNameRoundTripThroughLifting
2026-05-07T17:22:40.1978182Z [       OK ] TestGraphDescriptorBatchnorm.OperationNameRoundTripThroughLifting (0 ms)
2026-05-07T17:22:40.1978378Z [ RUN      ] TestGraphDescriptorBatchnorm.AllTensorsRoundTripThroughLifting
2026-05-07T17:22:40.1978615Z [       OK ] TestGraphDescriptorBatchnorm.AllTensorsRoundTripThroughLifting (0 ms)
2026-05-07T17:22:40.1978715Z [----------] 5 tests from TestGraphDescriptorBatchnorm (0 ms total)
2026-05-07T17:22:40.1978719Z 
2026-05-07T17:22:40.1978814Z [----------] 4 tests from TestGraphDescriptorBatchnormInference
2026-05-07T17:22:40.1979028Z [ RUN      ] TestGraphDescriptorBatchnormInference.BuildFromSingleOperation
2026-05-07T17:22:40.1979804Z [       OK ] TestGraphDescriptorBatchnormInference.BuildFromSingleOperation (0 ms)
2026-05-07T17:22:40.1979942Z [ RUN      ] TestGraphDescriptorBatchnormInference.ComputeDataTypePreserved
2026-05-07T17:22:40.1980091Z [       OK ] TestGraphDescriptorBatchnormInference.ComputeDataTypePreserved (0 ms)
2026-05-07T17:22:40.1980253Z [ RUN      ] TestGraphDescriptorBatchnormInference.OperationNamePreservedInSerialization
2026-05-07T17:22:40.1980443Z [       OK ] TestGraphDescriptorBatchnormInference.OperationNamePreservedInSerialization (0 ms)
2026-05-07T17:22:40.1980601Z [ RUN      ] TestGraphDescriptorBatchnormInference.OperationNameRoundTripThroughLifting
2026-05-07T17:22:40.1980782Z [       OK ] TestGraphDescriptorBatchnormInference.OperationNameRoundTripThroughLifting (0 ms)
2026-05-07T17:22:40.1980910Z [----------] 4 tests from TestGraphDescriptorBatchnormInference (0 ms total)
2026-05-07T17:22:40.1980914Z 
2026-05-07T17:22:40.1981013Z [----------] 8 tests from TestGraphDescriptorBlockScaleDequantize
2026-05-07T17:22:40.1981151Z [ RUN      ] TestGraphDescriptorBlockScaleDequantize.BuildFromSingleOperation
2026-05-07T17:22:40.1981297Z [       OK ] TestGraphDescriptorBlockScaleDequantize.BuildFromSingleOperation (0 ms)
2026-05-07T17:22:40.1981620Z [ RUN      ] TestGraphDescriptorBlockScaleDequantize.ComputeDataTypePreserved
2026-05-07T17:22:40.1981772Z [       OK ] TestGraphDescriptorBlockScaleDequantize.ComputeDataTypePreserved (0 ms)
2026-05-07T17:22:40.1981932Z [ RUN      ] TestGraphDescriptorBlockScaleDequantize.DeserializePreservesNodeAttributes
2026-05-07T17:22:40.1982112Z [       OK ] TestGraphDescriptorBlockScaleDequantize.DeserializePreservesNodeAttributes (0 ms)
2026-05-07T17:22:40.1982276Z [ RUN      ] TestGraphDescriptorBlockScaleDequantize.DeserializePreservesComputeDataType
2026-05-07T17:22:40.1982513Z [       OK ] TestGraphDescriptorBlockScaleDequantize.DeserializePreservesComputeDataType (0 ms)
2026-05-07T17:22:40.1982679Z [ RUN      ] TestGraphDescriptorBlockScaleDequantize.DeserializePreservesIsNegativeScale
2026-05-07T17:22:40.1982860Z [       OK ] TestGraphDescriptorBlockScaleDequantize.DeserializePreservesIsNegativeScale (0 ms)
2026-05-07T17:22:40.1983014Z [ RUN      ] TestGraphDescriptorBlockScaleDequantize.DeserializePreservesTensorData
2026-05-07T17:22:40.1983186Z [       OK ] TestGraphDescriptorBlockScaleDequantize.DeserializePreservesTensorData (0 ms)
2026-05-07T17:22:40.1983341Z [ RUN      ] TestGraphDescriptorBlockScaleDequantize.LiftedGraphSerializesToSameBinary
2026-05-07T17:22:40.1983510Z [       OK ] TestGraphDescriptorBlockScaleDequantize.LiftedGraphSerializesToSameBinary (0 ms)
2026-05-07T17:22:40.1983686Z [ RUN      ] TestGraphDescriptorBlockScaleDequantize.GetAttributeOpsAfterDeserializeSucceeds
2026-05-07T17:22:40.1983874Z [       OK ] TestGraphDescriptorBlockScaleDequantize.GetAttributeOpsAfterDeserializeSucceeds (0 ms)
2026-05-07T17:22:40.1983993Z [----------] 8 tests from TestGraphDescriptorBlockScaleDequantize (0 ms total)
2026-05-07T17:22:40.1983998Z 
2026-05-07T17:22:40.1984068Z [----------] 100 tests from TestKnobDescriptor
2026-05-07T17:22:40.1984142Z [ RUN      ] TestKnobDescriptor.CreateDescriptor
2026-05-07T17:22:40.1984229Z [       OK ] TestKnobDescriptor.CreateDescriptor (0 ms)
2026-05-07T17:22:40.1984329Z [ RUN      ] TestKnobDescriptor.FinalizeWithKnobIdAndInt64Default
2026-05-07T17:22:40.1984440Z [       OK ] TestKnobDescriptor.FinalizeWithKnobIdAndInt64Default (0 ms)
2026-05-07T17:22:40.1984534Z [ RUN      ] TestKnobDescriptor.FinalizeWithoutKnobIdFails
2026-05-07T17:22:40.1984626Z [       OK ] TestKnobDescriptor.FinalizeWithoutKnobIdFails (0 ms)
2026-05-07T17:22:40.1984727Z [ RUN      ] TestKnobDescriptor.FinalizeWithoutDefaultValueFails
2026-05-07T17:22:40.1984838Z [       OK ] TestKnobDescriptor.FinalizeWithoutDefaultValueFails (0 ms)
2026-05-07T17:22:40.1984933Z [ RUN      ] TestKnobDescriptor.FinalizeAlreadyFinalizedFails
2026-05-07T17:22:40.1985041Z [       OK ] TestKnobDescriptor.FinalizeAlreadyFinalizedFails (0 ms)
2026-05-07T17:22:40.1985206Z [ RUN      ] TestKnobDescriptor.SetAttributeAfterFinalizeFails
2026-05-07T17:22:40.1985311Z [       OK ] TestKnobDescriptor.SetAttributeAfterFinalizeFails (0 ms)
2026-05-07T17:22:40.1985423Z [ RUN      ] TestKnobDescriptor.FinalizeIntKnobWithDoubleMinMaxFails
2026-05-07T17:22:40.1985549Z [       OK ] TestKnobDescriptor.FinalizeIntKnobWithDoubleMinMaxFails (0 ms)
2026-05-07T17:22:40.1985674Z [ RUN      ] TestKnobDescriptor.FinalizeIntKnobWithValidValuesStringFails
2026-05-07T17:22:40.1985804Z [       OK ] TestKnobDescriptor.FinalizeIntKnobWithValidValuesStringFails (0 ms)
2026-05-07T17:22:40.1985919Z [ RUN      ] TestKnobDescriptor.FinalizeIntKnobWithStringMaxLengthFails
2026-05-07T17:22:40.1986055Z [       OK ] TestKnobDescriptor.FinalizeIntKnobWithStringMaxLengthFails (0 ms)
2026-05-07T17:22:40.1986158Z [ RUN      ] TestKnobDescriptor.FinalizeDoubleKnobWithIntMinMaxFails
2026-05-07T17:22:40.1986277Z [       OK ] TestKnobDescriptor.FinalizeDoubleKnobWithIntMinMaxFails (0 ms)
2026-05-07T17:22:40.1986383Z [ RUN      ] TestKnobDescriptor.FinalizeDoubleKnobWithStrideFails
2026-05-07T17:22:40.1986495Z [       OK ] TestKnobDescriptor.FinalizeDoubleKnobWithStrideFails (0 ms)
2026-05-07T17:22:40.1986678Z [ RUN      ] TestKnobDescriptor.FinalizeDoubleKnobWithValidValuesIntFails
2026-05-07T17:22:40.1986807Z [       OK ] TestKnobDescriptor.FinalizeDoubleKnobWithValidValuesIntFails (0 ms)
2026-05-07T17:22:40.1986937Z [ RUN      ] TestKnobDescriptor.FinalizeDoubleKnobWithValidValuesStringFails
2026-05-07T17:22:40.1987079Z [       OK ] TestKnobDescriptor.FinalizeDoubleKnobWithValidValuesStringFails (0 ms)
2026-05-07T17:22:40.1987199Z [ RUN      ] TestKnobDescriptor.FinalizeDoubleKnobWithStringMaxLengthFails
2026-05-07T17:22:40.1987332Z [       OK ] TestKnobDescriptor.FinalizeDoubleKnobWithStringMaxLengthFails (0 ms)
2026-05-07T17:22:40.1987440Z [ RUN      ] TestKnobDescriptor.FinalizeStringKnobWithIntMinMaxFails
2026-05-07T17:22:40.1987556Z [       OK ] TestKnobDescriptor.FinalizeStringKnobWithIntMinMaxFails (0 ms)
2026-05-07T17:22:40.1987671Z [ RUN      ] TestKnobDescriptor.FinalizeStringKnobWithDoubleMinMaxFails
2026-05-07T17:22:40.1987795Z [       OK ] TestKnobDescriptor.FinalizeStringKnobWithDoubleMinMaxFails (0 ms)
2026-05-07T17:22:40.1987893Z [ RUN      ] TestKnobDescriptor.FinalizeStringKnobWithStrideFails
2026-05-07T17:22:40.1988009Z [       OK ] TestKnobDescriptor.FinalizeStringKnobWithStrideFails (0 ms)
2026-05-07T17:22:40.1988123Z [ RUN      ] TestKnobDescriptor.FinalizeStringKnobWithValidValuesIntFails
2026-05-07T17:22:40.1988256Z [       OK ] TestKnobDescriptor.FinalizeStringKnobWithValidValuesIntFails (0 ms)
2026-05-07T17:22:40.1988331Z [ RUN      ] TestKnobDescriptor.SetKnobIdAsChar
2026-05-07T17:22:40.1988409Z [       OK ] TestKnobDescriptor.SetKnobIdAsChar (0 ms)
2026-05-07T17:22:40.1988501Z [ RUN      ] TestKnobDescriptor.SetKnobIdWrongTypeFails
2026-05-07T17:22:40.1988594Z [       OK ] TestKnobDescriptor.SetKnobIdWrongTypeFails (0 ms)
2026-05-07T17:22:40.1988667Z [ RUN      ] TestKnobDescriptor.SetKnobIdNullFails
2026-05-07T17:22:40.1988754Z [       OK ] TestKnobDescriptor.SetKnobIdNullFails (0 ms)
2026-05-07T17:22:40.1988832Z [ RUN      ] TestKnobDescriptor.SetEmptyKnobIdFails
2026-05-07T17:22:40.1988915Z [       OK ] TestKnobDescriptor.SetEmptyKnobIdFails (0 ms)
2026-05-07T17:22:40.1989012Z [ RUN      ] TestKnobDescriptor.SetKnobIdExceedsMaxLengthFails
2026-05-07T17:22:40.1989117Z [       OK ] TestKnobDescriptor.SetKnobIdExceedsMaxLengthFails (0 ms)
2026-05-07T17:22:40.1989208Z [ RUN      ] TestKnobDescriptor.SetKnobIdAtMaxLengthSucceeds
2026-05-07T17:22:40.1989315Z [       OK ] TestKnobDescriptor.SetKnobIdAtMaxLengthSucceeds (0 ms)
2026-05-07T17:22:40.1989396Z [ RUN      ] TestKnobDescriptor.GetKnobIdAfterFinalize
2026-05-07T17:22:40.1989490Z [       OK ] TestKnobDescriptor.GetKnobIdAfterFinalize (0 ms)
2026-05-07T17:22:40.1989583Z [ RUN      ] TestKnobDescriptor.OverwriteKnobIdBeforeFinalize
2026-05-07T17:22:40.1989742Z [       OK ] TestKnobDescriptor.OverwriteKnobIdBeforeFinalize (0 ms)
2026-05-07T17:22:40.1989838Z [ RUN      ] TestKnobDescriptor.GetKnobIdTruncatesToBufferSize
2026-05-07T17:22:40.1989941Z [       OK ] TestKnobDescriptor.GetKnobIdTruncatesToBufferSize (0 ms)
2026-05-07T17:22:40.1990022Z [ RUN      ] TestKnobDescriptor.SetAndGetDescription
2026-05-07T17:22:40.1990112Z [       OK ] TestKnobDescriptor.SetAndGetDescription (0 ms)
2026-05-07T17:22:40.1990197Z [ RUN      ] TestKnobDescriptor.DefaultDescriptionIsEmpty
2026-05-07T17:22:40.1990295Z [       OK ] TestKnobDescriptor.DefaultDescriptionIsEmpty (0 ms)
2026-05-07T17:22:40.1990383Z [ RUN      ] TestKnobDescriptor.SetDescriptionWrongTypeFails
2026-05-07T17:22:40.1990484Z [       OK ] TestKnobDescriptor.SetDescriptionWrongTypeFails (0 ms)
2026-05-07T17:22:40.1990594Z [ RUN      ] TestKnobDescriptor.SetDescriptionNullPtrWithCountFails
2026-05-07T17:22:40.1990714Z [       OK ] TestKnobDescriptor.SetDescriptionNullPtrWithCountFails (0 ms)
2026-05-07T17:22:40.1990808Z [ RUN      ] TestKnobDescriptor.SetDescriptionZeroCountClears
2026-05-07T17:22:40.1990914Z [       OK ] TestKnobDescriptor.SetDescriptionZeroCountClears (0 ms)
2026-05-07T17:22:40.1991051Z [ RUN      ] TestKnobDescriptor.SetAndGetInt64Default
2026-05-07T17:22:40.1991135Z [       OK ] TestKnobDescriptor.SetAndGetInt64Default (0 ms)
2026-05-07T17:22:40.1991218Z [ RUN      ] TestKnobDescriptor.SetAndGetDoubleDefault
2026-05-07T17:22:40.1991303Z [       OK ] TestKnobDescriptor.SetAndGetDoubleDefault (0 ms)
2026-05-07T17:22:40.1991384Z [ RUN      ] TestKnobDescriptor.SetAndGetStringDefault
2026-05-07T17:22:40.1991467Z [       OK ] TestKnobDescriptor.SetAndGetStringDefault (0 ms)
2026-05-07T17:22:40.1991556Z [ RUN      ] TestKnobDescriptor.DefaultValueTypeMismatchFails
2026-05-07T17:22:40.1991664Z [       OK ] TestKnobDescriptor.DefaultValueTypeMismatchFails (0 ms)
2026-05-07T17:22:40.1991769Z [ RUN      ] TestKnobDescriptor.OverwriteDefaultValueBeforeFinalize
2026-05-07T17:22:40.1991885Z [       OK ] TestKnobDescriptor.OverwriteDefaultValueBeforeFinalize (0 ms)
2026-05-07T17:22:40.1992005Z [ RUN      ] TestKnobDescriptor.OverwriteDefaultValueTypeBeforeFinalize
2026-05-07T17:22:40.1992137Z [       OK ] TestKnobDescriptor.OverwriteDefaultValueTypeBeforeFinalize (0 ms)
2026-05-07T17:22:40.1992239Z [ RUN      ] TestKnobDescriptor.DefaultValueUnsupportedTypeFails
2026-05-07T17:22:40.1992347Z [       OK ] TestKnobDescriptor.DefaultValueUnsupportedTypeFails (0 ms)
2026-05-07T17:22:40.1992430Z [ RUN      ] TestKnobDescriptor.SetDefaultValueNullFails
2026-05-07T17:22:40.1992525Z [       OK ] TestKnobDescriptor.SetDefaultValueNullFails (0 ms)
2026-05-07T17:22:40.1992609Z [ RUN      ] TestKnobDescriptor.GetDefaultValueTypeInt64
2026-05-07T17:22:40.1992697Z [       OK ] TestKnobDescriptor.GetDefaultValueTypeInt64 (0 ms)
2026-05-07T17:22:40.1992785Z [ RUN      ] TestKnobDescriptor.GetDefaultValueTypeDouble
2026-05-07T17:22:40.1992879Z [       OK ] TestKnobDescriptor.GetDefaultValueTypeDouble (0 ms)
2026-05-07T17:22:40.1992963Z [ RUN      ] TestKnobDescriptor.GetDefaultValueTypeChar
2026-05-07T17:22:40.1993057Z [       OK ] TestKnobDescriptor.GetDefaultValueTypeChar (0 ms)
2026-05-07T17:22:40.1993151Z [ RUN      ] TestKnobDescriptor.DefaultDeprecatedIsFalse
2026-05-07T17:22:40.1993311Z [       OK ] TestKnobDescriptor.DefaultDeprecatedIsFalse (0 ms)
2026-05-07T17:22:40.1993413Z [ RUN      ] TestKnobDescriptor.SetAndGetDeprecatedTrue
2026-05-07T17:22:40.1993500Z [       OK ] TestKnobDescriptor.SetAndGetDeprecatedTrue (0 ms)
2026-05-07T17:22:40.1993595Z [ RUN      ] TestKnobDescriptor.SetDeprecatedWrongTypeFails
2026-05-07T17:22:40.1993695Z [       OK ] TestKnobDescriptor.SetDeprecatedWrongTypeFails (0 ms)
2026-05-07T17:22:40.1993773Z [ RUN      ] TestKnobDescriptor.SetAndGetMaxValueInt64
2026-05-07T17:22:40.1993862Z [       OK ] TestKnobDescriptor.SetAndGetMaxValueInt64 (0 ms)
2026-05-07T17:22:40.1993938Z [ RUN      ] TestKnobDescriptor.SetAndGetMinValueInt64
2026-05-07T17:22:40.1994094Z [       OK ] TestKnobDescriptor.SetAndGetMinValueInt64 (0 ms)
2026-05-07T17:22:40.1994192Z [ RUN      ] TestKnobDescriptor.GetMaxValueNotSetReturnsZeroCount
2026-05-07T17:22:40.1994306Z [       OK ] TestKnobDescriptor.GetMaxValueNotSetReturnsZeroCount (0 ms)
2026-05-07T17:22:40.1994409Z [ RUN      ] TestKnobDescriptor.GetMinValueNotSetReturnsZeroCount
2026-05-07T17:22:40.1994520Z [       OK ] TestKnobDescriptor.GetMinValueNotSetReturnsZeroCount (0 ms)
2026-05-07T17:22:40.1994600Z [ RUN      ] TestKnobDescriptor.SetAndGetMaxValueDouble
2026-05-07T17:22:40.1994689Z [       OK ] TestKnobDescriptor.SetAndGetMaxValueDouble (0 ms)
2026-05-07T17:22:40.1994786Z [ RUN      ] TestKnobDescriptor.FinalizeIntMinGreaterThanMaxFails
2026-05-07T17:22:40.1994893Z [       OK ] TestKnobDescriptor.FinalizeIntMinGreaterThanMaxFails (0 ms)
2026-05-07T17:22:40.1995002Z [ RUN      ] TestKnobDescriptor.FinalizeDoubleMinGreaterThanMaxFails
2026-05-07T17:22:40.1995119Z [       OK ] TestKnobDescriptor.FinalizeDoubleMinGreaterThanMaxFails (0 ms)
2026-05-07T17:22:40.1995218Z [ RUN      ] TestKnobDescriptor.FinalizeIntMinEqualsMaxSucceeds
2026-05-07T17:22:40.1995326Z [       OK ] TestKnobDescriptor.FinalizeIntMinEqualsMaxSucceeds (0 ms)
2026-05-07T17:22:40.1995486Z [ RUN      ] TestKnobDescriptor.FinalizeDoubleMinEqualsMaxSucceeds
2026-05-07T17:22:40.1995606Z [       OK ] TestKnobDescriptor.FinalizeDoubleMinEqualsMaxSucceeds (0 ms)
2026-05-07T17:22:40.1995683Z [ RUN      ] TestKnobDescriptor.OnlyMinSetFinalizeFails
2026-05-07T17:22:40.1995771Z [       OK ] TestKnobDescriptor.OnlyMinSetFinalizeFails (0 ms)
2026-05-07T17:22:40.1995853Z [ RUN      ] TestKnobDescriptor.OnlyMaxSetFinalizeFails
2026-05-07T17:22:40.1995939Z [       OK ] TestKnobDescriptor.OnlyMaxSetFinalizeFails (0 ms)
2026-05-07T17:22:40.1996018Z [ RUN      ] TestKnobDescriptor.SetAndGetStrideInt64
2026-05-07T17:22:40.1996102Z [       OK ] TestKnobDescriptor.SetAndGetStrideInt64 (0 ms)
2026-05-07T17:22:40.1996197Z [ RUN      ] TestKnobDescriptor.GetStrideNotSetReturnsZeroCount
2026-05-07T17:22:40.1996313Z [       OK ] TestKnobDescriptor.GetStrideNotSetReturnsZeroCount (0 ms)
2026-05-07T17:22:40.1996384Z [ RUN      ] TestKnobDescriptor.SetZeroStrideFails
2026-05-07T17:22:40.1996466Z [       OK ] TestKnobDescriptor.SetZeroStrideFails (0 ms)
2026-05-07T17:22:40.1996548Z [ RUN      ] TestKnobDescriptor.SetNegativeStrideFails
2026-05-07T17:22:40.1996635Z [       OK ] TestKnobDescriptor.SetNegativeStrideFails (0 ms)
2026-05-07T17:22:40.1996711Z [ RUN      ] TestKnobDescriptor.SetAndGetValidValuesInt
2026-05-07T17:22:40.1996799Z [       OK ] TestKnobDescriptor.SetAndGetValidValuesInt (0 ms)
2026-05-07T17:22:40.1996877Z [ RUN      ] TestKnobDescriptor.ValidValuesIntEmptyArray
2026-05-07T17:22:40.1996967Z [       OK ] TestKnobDescriptor.ValidValuesIntEmptyArray (0 ms)
2026-05-07T17:22:40.1997076Z [ RUN      ] TestKnobDescriptor.SetValidValuesIntNullPtrWithCountFails
2026-05-07T17:22:40.1997200Z [       OK ] TestKnobDescriptor.SetValidValuesIntNullPtrWithCountFails (0 ms)
2026-05-07T17:22:40.1997292Z [ RUN      ] TestKnobDescriptor.SetAndGetValidValuesString
2026-05-07T17:22:40.1997384Z [       OK ] TestKnobDescriptor.SetAndGetValidValuesString (0 ms)
2026-05-07T17:22:40.1997461Z [ RUN      ] TestKnobDescriptor.ValidValuesStringEmpty
2026-05-07T17:22:40.1997551Z [       OK ] TestKnobDescriptor.ValidValuesStringEmpty (0 ms)
2026-05-07T17:22:40.1997666Z [ RUN      ] TestKnobDescriptor.GetValidValuesStringTruncatesToBufferSize
2026-05-07T17:22:40.1997800Z [       OK ] TestKnobDescriptor.GetValidValuesStringTruncatesToBufferSize (0 ms)
2026-05-07T17:22:40.1997897Z [ RUN      ] TestKnobDescriptor.SetValidValuesStringNullPtrFails
2026-05-07T17:22:40.1998004Z [       OK ] TestKnobDescriptor.SetValidValuesStringNullPtrFails (0 ms)
2026-05-07T17:22:40.1998100Z [ RUN      ] TestKnobDescriptor.SetValidValuesStringReplaces
2026-05-07T17:22:40.1998199Z [       OK ] TestKnobDescriptor.SetValidValuesStringReplaces (0 ms)
2026-05-07T17:22:40.1998343Z [ RUN      ] TestKnobDescriptor.SetAndGetStringMaxLength
2026-05-07T17:22:40.1998437Z [       OK ] TestKnobDescriptor.SetAndGetStringMaxLength (0 ms)
2026-05-07T17:22:40.1998550Z [ RUN      ] TestKnobDescriptor.GetStringMaxLengthNotSetReturnsZeroCount
2026-05-07T17:22:40.1998687Z [       OK ] TestKnobDescriptor.GetStringMaxLengthNotSetReturnsZeroCount (0 ms)
2026-05-07T17:22:40.1998774Z [ RUN      ] TestKnobDescriptor.SetStringMaxLengthZeroFails
2026-05-07T17:22:40.1998870Z [       OK ] TestKnobDescriptor.SetStringMaxLengthZeroFails (0 ms)
2026-05-07T17:22:40.1998969Z [ RUN      ] TestKnobDescriptor.SetStringMaxLengthNegativeFails
2026-05-07T17:22:40.1999072Z [       OK ] TestKnobDescriptor.SetStringMaxLengthNegativeFails (0 ms)
2026-05-07T17:22:40.1999170Z [ RUN      ] TestKnobDescriptor.SetStringMaxLengthPositiveSucceeds
2026-05-07T17:22:40.1999288Z [       OK ] TestKnobDescriptor.SetStringMaxLengthPositiveSucceeds (0 ms)
2026-05-07T17:22:40.1999389Z [ RUN      ] TestKnobDescriptor.FinalizeFailsIntDefaultBelowMinimum
2026-05-07T17:22:40.1999507Z [       OK ] TestKnobDescriptor.FinalizeFailsIntDefaultBelowMinimum (0 ms)
2026-05-07T17:22:40.1999614Z [ RUN      ] TestKnobDescriptor.FinalizeFailsIntDefaultAboveMaximum
2026-05-07T17:22:40.1999790Z [       OK ] TestKnobDescriptor.FinalizeFailsIntDefaultAboveMaximum (0 ms)
2026-05-07T17:22:40.1999891Z [ RUN      ] TestKnobDescriptor.FinalizeSucceedsIntDefaultInRange
2026-05-07T17:22:40.2000000Z [       OK ] TestKnobDescriptor.FinalizeSucceedsIntDefaultInRange (0 ms)
2026-05-07T17:22:40.2000111Z [ RUN      ] TestKnobDescriptor.FinalizeFailsIntDefaultNotInValidValues
2026-05-07T17:22:40.2000240Z [       OK ] TestKnobDescriptor.FinalizeFailsIntDefaultNotInValidValues (0 ms)
2026-05-07T17:22:40.2000352Z [ RUN      ] TestKnobDescriptor.FinalizeSucceedsIntDefaultInValidValues
2026-05-07T17:22:40.2000476Z [       OK ] TestKnobDescriptor.FinalizeSucceedsIntDefaultInValidValues (0 ms)
2026-05-07T17:22:40.2000596Z [ RUN      ] TestKnobDescriptor.FinalizeFailsIntDefaultNotAlignedToStride
2026-05-07T17:22:40.2000726Z [       OK ] TestKnobDescriptor.FinalizeFailsIntDefaultNotAlignedToStride (0 ms)
2026-05-07T17:22:40.2000844Z [ RUN      ] TestKnobDescriptor.FinalizeSucceedsIntDefaultAlignedToStride
2026-05-07T17:22:40.2000975Z [       OK ] TestKnobDescriptor.FinalizeSucceedsIntDefaultAlignedToStride (0 ms)
2026-05-07T17:22:40.2001083Z [ RUN      ] TestKnobDescriptor.FinalizeFailsDoubleDefaultBelowMinimum
2026-05-07T17:22:40.2001209Z [       OK ] TestKnobDescriptor.FinalizeFailsDoubleDefaultBelowMinimum (0 ms)
2026-05-07T17:22:40.2001319Z [ RUN      ] TestKnobDescriptor.FinalizeFailsDoubleDefaultAboveMaximum
2026-05-07T17:22:40.2001440Z [       OK ] TestKnobDescriptor.FinalizeFailsDoubleDefaultAboveMaximum (0 ms)
2026-05-07T17:22:40.2001549Z [ RUN      ] TestKnobDescriptor.FinalizeSucceedsDoubleDefaultInRange
2026-05-07T17:22:40.2001665Z [       OK ] TestKnobDescriptor.FinalizeSucceedsDoubleDefaultInRange (0 ms)
2026-05-07T17:22:40.2001789Z [ RUN      ] TestKnobDescriptor.FinalizeFailsStringDefaultExceedsMaxLength
2026-05-07T17:22:40.2001925Z [       OK ] TestKnobDescriptor.FinalizeFailsStringDefaultExceedsMaxLength (0 ms)
2026-05-07T17:22:40.2002054Z [ RUN      ] TestKnobDescriptor.FinalizeSucceedsStringDefaultWithinMaxLength
2026-05-07T17:22:40.2002202Z [       OK ] TestKnobDescriptor.FinalizeSucceedsStringDefaultWithinMaxLength (0 ms)
2026-05-07T17:22:40.2002324Z [ RUN      ] TestKnobDescriptor.FinalizeFailsStringDefaultNotInValidValues
2026-05-07T17:22:40.2002504Z [       OK ] TestKnobDescriptor.FinalizeFailsStringDefaultNotInValidValues (0 ms)
2026-05-07T17:22:40.2002627Z [ RUN      ] TestKnobDescriptor.FinalizeSucceedsStringDefaultInValidValues
2026-05-07T17:22:40.2002758Z [       OK ] TestKnobDescriptor.FinalizeSucceedsStringDefaultInValidValues (0 ms)
2026-05-07T17:22:40.2002849Z [ RUN      ] TestKnobDescriptor.ToKnobTBeforeFinalizeFails
2026-05-07T17:22:40.2002942Z [       OK ] TestKnobDescriptor.ToKnobTBeforeFinalizeFails (0 ms)
2026-05-07T17:22:40.2003084Z [ RUN      ] TestKnobDescriptor.ToKnobTWithInt64Default
2026-05-07T17:22:40.2003176Z [       OK ] TestKnobDescriptor.ToKnobTWithInt64Default (0 ms)
2026-05-07T17:22:40.2003254Z [ RUN      ] TestKnobDescriptor.ToKnobTWithDoubleDefault
2026-05-07T17:22:40.2003343Z [       OK ] TestKnobDescriptor.ToKnobTWithDoubleDefault (0 ms)
2026-05-07T17:22:40.2003429Z [ RUN      ] TestKnobDescriptor.ToKnobTWithStringDefault
2026-05-07T17:22:40.2003514Z [       OK ] TestKnobDescriptor.ToKnobTWithStringDefault (0 ms)
2026-05-07T17:22:40.2003601Z [ RUN      ] TestKnobDescriptor.ToKnobTWithIntConstraints
2026-05-07T17:22:40.2003691Z [       OK ] TestKnobDescriptor.ToKnobTWithIntConstraints (0 ms)
2026-05-07T17:22:40.2003778Z [ RUN      ] TestKnobDescriptor.ToKnobTWithFloatConstraints
2026-05-07T17:22:40.2003878Z [       OK ] TestKnobDescriptor.ToKnobTWithFloatConstraints (0 ms)
2026-05-07T17:22:40.2003968Z [ RUN      ] TestKnobDescriptor.ToKnobTWithStringConstraints
2026-05-07T17:22:40.2004066Z [       OK ] TestKnobDescriptor.ToKnobTWithStringConstraints (0 ms)
2026-05-07T17:22:40.2004174Z [ RUN      ] TestKnobDescriptor.ToKnobTWithDeprecatedAndDescription
2026-05-07T17:22:40.2004289Z [       OK ] TestKnobDescriptor.ToKnobTWithDeprecatedAndDescription (0 ms)
2026-05-07T17:22:40.2004435Z [ RUN      ] TestKnobDescriptor.ToStringWithIntConstraints
2026-05-07T17:22:40.2004535Z [       OK ] TestKnobDescriptor.ToStringWithIntConstraints (0 ms)
2026-05-07T17:22:40.2004625Z [ RUN      ] TestKnobDescriptor.GetAttributeBeforeFinalizeFails
2026-05-07T17:22:40.2004733Z [       OK ] TestKnobDescriptor.GetAttributeBeforeFinalizeFails (0 ms)
2026-05-07T17:22:40.2004844Z [ RUN      ] TestKnobDescriptor.GetAttributeUnsupportedAttributeFails
2026-05-07T17:22:40.2004968Z [       OK ] TestKnobDescriptor.GetAttributeUnsupportedAttributeFails (0 ms)
2026-05-07T17:22:40.2005090Z [ RUN      ] TestKnobDescriptor.SetAttributeUnsupportedAttributeFails
2026-05-07T17:22:40.2005214Z [       OK ] TestKnobDescriptor.SetAttributeUnsupportedAttributeFails (0 ms)
2026-05-07T17:22:40.2005297Z [----------] 100 tests from TestKnobDescriptor (1 ms total)
2026-05-07T17:22:40.2005305Z 
2026-05-07T17:22:40.2005380Z [----------] 7 tests from TestKnobDescriptorFromKnobT
2026-05-07T17:22:40.2005479Z [ RUN      ] TestKnobDescriptorFromKnobT.IntKnobWithConstraints
2026-05-07T17:22:40.2005591Z [       OK ] TestKnobDescriptorFromKnobT.IntKnobWithConstraints (0 ms)
2026-05-07T17:22:40.2005688Z [ RUN      ] TestKnobDescriptorFromKnobT.FloatKnobWithConstraints
2026-05-07T17:22:40.2005797Z [       OK ] TestKnobDescriptorFromKnobT.FloatKnobWithConstraints (0 ms)
2026-05-07T17:22:40.2005905Z [ RUN      ] TestKnobDescriptorFromKnobT.StringKnobWithConstraints
2026-05-07T17:22:40.2006015Z [       OK ] TestKnobDescriptorFromKnobT.StringKnobWithConstraints (0 ms)
2026-05-07T17:22:40.2006095Z [ RUN      ] TestKnobDescriptorFromKnobT.DeprecatedKnob
2026-05-07T17:22:40.2006187Z [       OK ] TestKnobDescriptorFromKnobT.DeprecatedKnob (0 ms)
2026-05-07T17:22:40.2006276Z [ RUN      ] TestKnobDescriptorFromKnobT.IntKnobNoConstraint
2026-05-07T17:22:40.2006377Z [       OK ] TestKnobDescriptorFromKnobT.IntKnobNoConstraint (0 ms)
2026-05-07T17:22:40.2006468Z [ RUN      ] TestKnobDescriptorFromKnobT.IntKnobWithValidValues
2026-05-07T17:22:40.2006574Z [       OK ] TestKnobDescriptorFromKnobT.IntKnobWithValidValues (0 ms)
2026-05-07T17:22:40.2006687Z [ RUN      ] TestKnobDescriptorFromKnobT.UnknownValueTypeReturnsNull
2026-05-07T17:22:40.2006812Z [       OK ] TestKnobDescriptorFromKnobT.UnknownValueTypeReturnsNull (0 ms)
2026-05-07T17:22:40.2006963Z [----------] 7 tests from TestKnobDescriptorFromKnobT (0 ms total)
2026-05-07T17:22:40.2006968Z 
2026-05-07T17:22:40.2007056Z [----------] 1 test from TestKnobDescriptorFactory
2026-05-07T17:22:40.2007177Z [ RUN      ] TestKnobDescriptorFactory.CreateKnobInfoDescriptorViaFactory
2026-05-07T17:22:40.2007313Z [       OK ] TestKnobDescriptorFactory.CreateKnobInfoDescriptorViaFactory (0 ms)
2026-05-07T17:22:40.2007464Z [----------] 1 test from TestKnobDescriptorFactory (0 ms total)
2026-05-07T17:22:40.2007468Z 
2026-05-07T17:22:40.2007539Z [----------] 42 tests from TestKnobSettingDescriptor
2026-05-07T17:22:40.2007625Z [ RUN      ] TestKnobSettingDescriptor.CreateDescriptor
2026-05-07T17:22:40.2007713Z [       OK ] TestKnobSettingDescriptor.CreateDescriptor (0 ms)
2026-05-07T17:22:40.2007833Z [ RUN      ] TestKnobSettingDescriptor.FinalizeWithKnobIdAndInt64Value
2026-05-07T17:22:40.2007961Z [       OK ] TestKnobSettingDescriptor.FinalizeWithKnobIdAndInt64Value (0 ms)
2026-05-07T17:22:40.2008059Z [ RUN      ] TestKnobSettingDescriptor.FinalizeWithoutKnobIdFails
2026-05-07T17:22:40.2008174Z [       OK ] TestKnobSettingDescriptor.FinalizeWithoutKnobIdFails (0 ms)
2026-05-07T17:22:40.2008271Z [ RUN      ] TestKnobSettingDescriptor.FinalizeWithoutValueFails
2026-05-07T17:22:40.2008382Z [       OK ] TestKnobSettingDescriptor.FinalizeWithoutValueFails (0 ms)
2026-05-07T17:22:40.2008496Z [ RUN      ] TestKnobSettingDescriptor.FinalizeAlreadyFinalizedFails
2026-05-07T17:22:40.2008617Z [       OK ] TestKnobSettingDescriptor.FinalizeAlreadyFinalizedFails (0 ms)
2026-05-07T17:22:40.2008727Z [ RUN      ] TestKnobSettingDescriptor.SetAttributeAfterFinalizeFails
2026-05-07T17:22:40.2009059Z [       OK ] TestKnobSettingDescriptor.SetAttributeAfterFinalizeFails (0 ms)
2026-05-07T17:22:40.2009170Z [ RUN      ] TestKnobSettingDescriptor.SetAttributeUnsupportedAttribute
2026-05-07T17:22:40.2009299Z [       OK ] TestKnobSettingDescriptor.SetAttributeUnsupportedAttribute (0 ms)
2026-05-07T17:22:40.2009375Z [ RUN      ] TestKnobSettingDescriptor.SetKnobIdAsChar
2026-05-07T17:22:40.2009459Z [       OK ] TestKnobSettingDescriptor.SetKnobIdAsChar (0 ms)
2026-05-07T17:22:40.2009555Z [ RUN      ] TestKnobSettingDescriptor.SetKnobIdWrongTypeFails
2026-05-07T17:22:40.2009659Z [       OK ] TestKnobSettingDescriptor.SetKnobIdWrongTypeFails (0 ms)
2026-05-07T17:22:40.2009741Z [ RUN      ] TestKnobSettingDescriptor.SetKnobIdNullFails
2026-05-07T17:22:40.2009838Z [       OK ] TestKnobSettingDescriptor.SetKnobIdNullFails (0 ms)
2026-05-07T17:22:40.2009927Z [ RUN      ] TestKnobSettingDescriptor.GetKnobIdAfterFinalize
2026-05-07T17:22:40.2010037Z [       OK ] TestKnobSettingDescriptor.GetKnobIdAfterFinalize (0 ms)
2026-05-07T17:22:40.2010124Z [ RUN      ] TestKnobSettingDescriptor.SetAndGetInt64Value
2026-05-07T17:22:40.2010219Z [       OK ] TestKnobSettingDescriptor.SetAndGetInt64Value (0 ms)
2026-05-07T17:22:40.2010316Z [ RUN      ] TestKnobSettingDescriptor.SetAndGetDoubleValue
2026-05-07T17:22:40.2010414Z [       OK ] TestKnobSettingDescriptor.SetAndGetDoubleValue (0 ms)
2026-05-07T17:22:40.2010501Z [ RUN      ] TestKnobSettingDescriptor.SetAndGetStringValue
2026-05-07T17:22:40.2010603Z [       OK ] TestKnobSettingDescriptor.SetAndGetStringValue (0 ms)
2026-05-07T17:22:40.2010731Z [ RUN      ] TestKnobSettingDescriptor.SetKnobValueWrongElementCountFailsInt64
2026-05-07T17:22:40.2010879Z [       OK ] TestKnobSettingDescriptor.SetKnobValueWrongElementCountFailsInt64 (0 ms)
2026-05-07T17:22:40.2011014Z [ RUN      ] TestKnobSettingDescriptor.SetKnobValueWrongElementCountFailsDouble
2026-05-07T17:22:40.2011161Z [       OK ] TestKnobSettingDescriptor.SetKnobValueWrongElementCountFailsDouble (0 ms)
2026-05-07T17:22:40.2011271Z [ RUN      ] TestKnobSettingDescriptor.SetKnobValueNullPointerFails
2026-05-07T17:22:40.2011389Z [       OK ] TestKnobSettingDescriptor.SetKnobValueNullPointerFails (0 ms)
2026-05-07T17:22:40.2011501Z [ RUN      ] TestKnobSettingDescriptor.SetKnobValueUnsupportedTypeFails
2026-05-07T17:22:40.2011630Z [       OK ] TestKnobSettingDescriptor.SetKnobValueUnsupportedTypeFails (0 ms)
2026-05-07T17:22:40.2011739Z [ RUN      ] TestKnobSettingDescriptor.GetAttributeBeforeFinalizeFails
2026-05-07T17:22:40.2011867Z [       OK ] TestKnobSettingDescriptor.GetAttributeBeforeFinalizeFails (0 ms)
2026-05-07T17:22:40.2011991Z [ RUN      ] TestKnobSettingDescriptor.GetAttributeUnsupportedAttributeFails
2026-05-07T17:22:40.2012193Z [       OK ] TestKnobSettingDescriptor.GetAttributeUnsupportedAttributeFails (0 ms)
2026-05-07T17:22:40.2012303Z [ RUN      ] TestKnobSettingDescriptor.GetKnobValueTypeMismatchFails
2026-05-07T17:22:40.2012426Z [       OK ] TestKnobSettingDescriptor.GetKnobValueTypeMismatchFails (0 ms)
2026-05-07T17:22:40.2012545Z [ RUN      ] TestKnobSettingDescriptor.ToKnobSettingTProducesCorrectObject
2026-05-07T17:22:40.2012681Z [       OK ] TestKnobSettingDescriptor.ToKnobSettingTProducesCorrectObject (0 ms)
2026-05-07T17:22:40.2012785Z [ RUN      ] TestKnobSettingDescriptor.ToKnobSettingTWithDoubleValue
2026-05-07T17:22:40.2012905Z [       OK ] TestKnobSettingDescriptor.ToKnobSettingTWithDoubleValue (0 ms)
2026-05-07T17:22:40.2013021Z [ RUN      ] TestKnobSettingDescriptor.ToKnobSettingTBeforeFinalizeFails
2026-05-07T17:22:40.2013157Z [       OK ] TestKnobSettingDescriptor.ToKnobSettingTBeforeFinalizeFails (0 ms)
2026-05-07T17:22:40.2013262Z [ RUN      ] TestKnobSettingDescriptor.GetKnobIdWithElementCount
2026-05-07T17:22:40.2013373Z [       OK ] TestKnobSettingDescriptor.GetKnobIdWithElementCount (0 ms)
2026-05-07T17:22:40.2013476Z [ RUN      ] TestKnobSettingDescriptor.GetKnobValueWithElementCount
2026-05-07T17:22:40.2013760Z [       OK ] TestKnobSettingDescriptor.GetKnobValueWithElementCount (0 ms)
2026-05-07T17:22:40.2013878Z [ RUN      ] TestKnobSettingDescriptor.GetStringValueTruncatesToBufferSize
2026-05-07T17:22:40.2014009Z [       OK ] TestKnobSettingDescriptor.GetStringValueTruncatesToBufferSize (0 ms)
2026-05-07T17:22:40.2014138Z [ RUN      ] TestKnobSettingDescriptor.GetStringValueSizeQueryWithNullBuffer
2026-05-07T17:22:40.2014276Z [       OK ] TestKnobSettingDescriptor.GetStringValueSizeQueryWithNullBuffer (0 ms)
2026-05-07T17:22:40.2014427Z [ RUN      ] TestKnobSettingDescriptor.GetStringValueSizeQueryNullElementCountFails
2026-05-07T17:22:40.2014601Z [       OK ] TestKnobSettingDescriptor.GetStringValueSizeQueryNullElementCountFails (0 ms)
2026-05-07T17:22:40.2014712Z [ RUN      ] TestKnobSettingDescriptor.ToKnobSettingTWithStringValue
2026-05-07T17:22:40.2014835Z [       OK ] TestKnobSettingDescriptor.ToKnobSettingTWithStringValue (0 ms)
2026-05-07T17:22:40.2014922Z [ RUN      ] TestKnobSettingDescriptor.SetEmptyKnobIdFails
2026-05-07T17:22:40.2015019Z [       OK ] TestKnobSettingDescriptor.SetEmptyKnobIdFails (0 ms)
2026-05-07T17:22:40.2015131Z [ RUN      ] TestKnobSettingDescriptor.SetKnobIdExceedsMaxLengthFails
2026-05-07T17:22:40.2015255Z [       OK ] TestKnobSettingDescriptor.SetKnobIdExceedsMaxLengthFails (0 ms)
2026-05-07T17:22:40.2015371Z [ RUN      ] TestKnobSettingDescriptor.SetKnobIdAtMaxLengthSucceeds
2026-05-07T17:22:40.2015484Z [       OK ] TestKnobSettingDescriptor.SetKnobIdAtMaxLengthSucceeds (0 ms)
2026-05-07T17:22:40.2015616Z [ RUN      ] TestKnobSettingDescriptor.SetKnobStringValueExceedsMaxLengthFails
2026-05-07T17:22:40.2015771Z [       OK ] TestKnobSettingDescriptor.SetKnobStringValueExceedsMaxLengthFails (0 ms)
2026-05-07T17:22:40.2015900Z [ RUN      ] TestKnobSettingDescriptor.SetKnobStringValueAtMaxLengthSucceeds
2026-05-07T17:22:40.2016038Z [       OK ] TestKnobSettingDescriptor.SetKnobStringValueAtMaxLengthSucceeds (0 ms)
2026-05-07T17:22:40.2016164Z [ RUN      ] TestKnobSettingDescriptor.SetKnobIdNegativeElementCountFails
2026-05-07T17:22:40.2016299Z [       OK ] TestKnobSettingDescriptor.SetKnobIdNegativeElementCountFails (0 ms)
2026-05-07T17:22:40.2016432Z [ RUN      ] TestKnobSettingDescriptor.GetKnobIdNegativeRequestedCountFails
2026-05-07T17:22:40.2016572Z [       OK ] TestKnobSettingDescriptor.GetKnobIdNegativeRequestedCountFails (0 ms)
2026-05-07T17:22:40.2016715Z [ RUN      ] TestKnobSettingDescriptor.GetStringValueNegativeRequestedCountFails
2026-05-07T17:22:40.2016876Z [       OK ] TestKnobSettingDescriptor.GetStringValueNegativeRequestedCountFails (0 ms)
2026-05-07T17:22:40.2016982Z [ RUN      ] TestKnobSettingDescriptor.OverwriteKnobIdBeforeFinalize
2026-05-07T17:22:40.2017100Z [       OK ] TestKnobSettingDescriptor.OverwriteKnobIdBeforeFinalize (0 ms)
2026-05-07T17:22:40.2017288Z [ RUN      ] TestKnobSettingDescriptor.OverwriteKnobValueBeforeFinalize
2026-05-07T17:22:40.2017410Z [       OK ] TestKnobSettingDescriptor.OverwriteKnobValueBeforeFinalize (0 ms)
2026-05-07T17:22:40.2017546Z [ RUN      ] TestKnobSettingDescriptor.OverwriteKnobValueTypeBeforeFinalize
2026-05-07T17:22:40.2017682Z [       OK ] TestKnobSettingDescriptor.OverwriteKnobValueTypeBeforeFinalize (0 ms)
2026-05-07T17:22:40.2017821Z [ RUN      ] TestKnobSettingDescriptor.OverwriteIntValueWithStringBeforeFinalize
2026-05-07T17:22:40.2017974Z [       OK ] TestKnobSettingDescriptor.OverwriteIntValueWithStringBeforeFinalize (0 ms)
2026-05-07T17:22:40.2018061Z [----------] 42 tests from TestKnobSettingDescriptor (0 ms total)
2026-05-07T17:22:40.2018064Z 
2026-05-07T17:22:40.2018164Z [----------] 55 tests from TestBatchnormBackwardOperationDescriptor
2026-05-07T17:22:40.2018280Z [ RUN      ] TestBatchnormBackwardOperationDescriptor.CreateDescriptor
2026-05-07T17:22:40.2018407Z [       OK ] TestBatchnormBackwardOperationDescriptor.CreateDescriptor (0 ms)
2026-05-07T17:22:40.2018557Z [ RUN      ] TestBatchnormBackwardOperationDescriptor.FinalizeWithRequiredAttributes
2026-05-07T17:22:40.2018885Z [       OK ] TestBatchnormBackwardOperationDescriptor.FinalizeWithRequiredAttributes (0 ms)
2026-05-07T17:22:40.2019024Z [ RUN      ] TestBatchnormBackwardOperationDescriptor.FinalizeFailsWithoutDyTensor
2026-05-07T17:22:40.2019187Z [       OK ] TestBatchnormBackwardOperationDescriptor.FinalizeFailsWithoutDyTensor (0 ms)
2026-05-07T17:22:40.2019326Z [ RUN      ] TestBatchnormBackwardOperationDescriptor.FinalizeFailsWithoutXTensor
2026-05-07T17:22:40.2019484Z [       OK ] TestBatchnormBackwardOperationDescriptor.FinalizeFailsWithoutXTensor (0 ms)
2026-05-07T17:22:40.2019634Z [ RUN      ] TestBatchnormBackwardOperationDescriptor.FinalizeFailsWithoutScaleTensor
2026-05-07T17:22:40.2019799Z [       OK ] TestBatchnormBackwardOperationDescriptor.FinalizeFailsWithoutScaleTensor (0 ms)
2026-05-07T17:22:40.2019949Z [ RUN      ] TestBatchnormBackwardOperationDescriptor.FinalizeFailsWithoutDxTensor
2026-05-07T17:22:40.2020110Z [       OK ] TestBatchnormBackwardOperationDescriptor.FinalizeFailsWithoutDxTensor (0 ms)
2026-05-07T17:22:40.2020269Z [ RUN      ] TestBatchnormBackwardOperationDescriptor.FinalizeFailsWithoutDscaleTensor
2026-05-07T17:22:40.2020446Z [       OK ] TestBatchnormBackwardOperationDescriptor.FinalizeFailsWithoutDscaleTensor (0 ms)
2026-05-07T17:22:40.2020598Z [ RUN      ] TestBatchnormBackwardOperationDescriptor.FinalizeFailsWithoutDbiasTensor
2026-05-07T17:22:40.2020773Z [       OK ] TestBatchnormBackwardOperationDescriptor.FinalizeFailsWithoutDbiasTensor (0 ms)
2026-05-07T17:22:40.2020960Z [ RUN      ] TestBatchnormBackwardOperationDescriptor.FinalizeSucceedsWithoutMeanAndInvVariance
2026-05-07T17:22:40.2021165Z [       OK ] TestBatchnormBackwardOperationDescriptor.FinalizeSucceedsWithoutMeanAndInvVariance (0 ms)
2026-05-07T17:22:40.2021347Z [ RUN      ] TestBatchnormBackwardOperationDescriptor.FinalizeFailsWithMeanButNotInvVariance
2026-05-07T17:22:40.2021539Z [       OK ] TestBatchnormBackwardOperationDescriptor.FinalizeFailsWithMeanButNotInvVariance (0 ms)
2026-05-07T17:22:40.2021728Z [ RUN      ] TestBatchnormBackwardOperationDescriptor.FinalizeFailsWithInvVarianceButNotMean
2026-05-07T17:22:40.2021919Z [       OK ] TestBatchnormBackwardOperationDescriptor.FinalizeFailsWithInvVarianceButNotMean (0 ms)
2026-05-07T17:22:40.2022074Z [ RUN      ] TestBatchnormBackwardOperationDescriptor.FinalizeFailsWithoutComputeType
2026-05-07T17:22:40.2022248Z [       OK ] TestBatchnormBackwardOperationDescriptor.FinalizeFailsWithoutComputeType (0 ms)
2026-05-07T17:22:40.2022373Z [ RUN      ] TestBatchnormBackwardOperationDescriptor.SetTensorDescriptorDy
2026-05-07T17:22:40.2022552Z [       OK ] TestBatchnormBackwardOperationDescriptor.SetTensorDescriptorDy (0 ms)
2026-05-07T17:22:40.2022680Z [ RUN      ] TestBatchnormBackwardOperationDescriptor.SetTensorDescriptorX
2026-05-07T17:22:40.2022878Z [       OK ] TestBatchnormBackwardOperationDescriptor.SetTensorDescriptorX (0 ms)
2026-05-07T17:22:40.2023013Z [ RUN      ] TestBatchnormBackwardOperationDescriptor.SetTensorDescriptorScale
2026-05-07T17:22:40.2023157Z [       OK ] TestBatchnormBackwardOperationDescriptor.SetTensorDescriptorScale (0 ms)
2026-05-07T17:22:40.2023277Z [ RUN      ] TestBatchnormBackwardOperationDescriptor.SetTensorDescriptorDx
2026-05-07T17:22:40.2023415Z [       OK ] TestBatchnormBackwardOperationDescriptor.SetTensorDescriptorDx (0 ms)
2026-05-07T17:22:40.2023545Z [ RUN      ] TestBatchnormBackwardOperationDescriptor.SetTensorDescriptorDscale
2026-05-07T17:22:40.2023690Z [       OK ] TestBatchnormBackwardOperationDescriptor.SetTensorDescriptorDscale (0 ms)
2026-05-07T17:22:40.2023825Z [ RUN      ] TestBatchnormBackwardOperationDescriptor.SetTensorDescriptorDbias
2026-05-07T17:22:40.2023966Z [       OK ] TestBatchnormBackwardOperationDescriptor.SetTensorDescriptorDbias (0 ms)
2026-05-07T17:22:40.2024102Z [ RUN      ] TestBatchnormBackwardOperationDescriptor.SetTensorDescriptorMean
2026-05-07T17:22:40.2024243Z [       OK ] TestBatchnormBackwardOperationDescriptor.SetTensorDescriptorMean (0 ms)
2026-05-07T17:22:40.2024546Z [ RUN      ] TestBatchnormBackwardOperationDescriptor.SetTensorDescriptorInvVariance
2026-05-07T17:22:40.2024717Z [       OK ] TestBatchnormBackwardOperationDescriptor.SetTensorDescriptorInvVariance (0 ms)
2026-05-07T17:22:40.2024853Z [ RUN      ] TestBatchnormBackwardOperationDescriptor.SetTensorFailsNotFinalized
2026-05-07T17:22:40.2025008Z [       OK ] TestBatchnormBackwardOperationDescriptor.SetTensorFailsNotFinalized (0 ms)
2026-05-07T17:22:40.2025135Z [ RUN      ] TestBatchnormBackwardOperationDescriptor.SetTensorFailsWrongType
2026-05-07T17:22:40.2025275Z [       OK ] TestBatchnormBackwardOperationDescriptor.SetTensorFailsWrongType (0 ms)
2026-05-07T17:22:40.2025428Z [ RUN      ] TestBatchnormBackwardOperationDescriptor.SetTensorFailsWrongElementCount
2026-05-07T17:22:40.2025677Z [       OK ] TestBatchnormBackwardOperationDescriptor.SetTensorFailsWrongElementCount (0 ms)
2026-05-07T17:22:40.2025815Z [ RUN      ] TestBatchnormBackwardOperationDescriptor.SetTensorFailsNullPointer
2026-05-07T17:22:40.2025975Z [       OK ] TestBatchnormBackwardOperationDescriptor.SetTensorFailsNullPointer (0 ms)
2026-05-07T17:22:40.2026095Z [ RUN      ] TestBatchnormBackwardOperationDescriptor.SetComputeDataType
2026-05-07T17:22:40.2026231Z [       OK ] TestBatchnormBackwardOperationDescriptor.SetComputeDataType (0 ms)
2026-05-07T17:22:40.2026395Z [ RUN      ] TestBatchnormBackwardOperationDescriptor.SetComputeDataTypeWrongElementCount
2026-05-07T17:22:40.2026586Z [       OK ] TestBatchnormBackwardOperationDescriptor.SetComputeDataTypeWrongElementCount (0 ms)
2026-05-07T17:22:40.2026736Z [ RUN      ] TestBatchnormBackwardOperationDescriptor.SetAttributeFailsAfterFinalize
2026-05-07T17:22:40.2026901Z [       OK ] TestBatchnormBackwardOperationDescriptor.SetAttributeFailsAfterFinalize (0 ms)
2026-05-07T17:22:40.2027032Z [ RUN      ] TestBatchnormBackwardOperationDescriptor.SetAttributeUnsupported
2026-05-07T17:22:40.2027179Z [       OK ] TestBatchnormBackwardOperationDescriptor.SetAttributeUnsupported (0 ms)
2026-05-07T17:22:40.2027323Z [ RUN      ] TestBatchnormBackwardOperationDescriptor.GetAttributeTensorDescriptor
2026-05-07T17:22:40.2027482Z [       OK ] TestBatchnormBackwardOperationDescriptor.GetAttributeTensorDescriptor (0 ms)
2026-05-07T17:22:40.2027612Z [ RUN      ] TestBatchnormBackwardOperationDescriptor.GetAttributeComputeType
2026-05-07T17:22:40.2027754Z [       OK ] TestBatchnormBackwardOperationDescriptor.GetAttributeComputeType (0 ms)
2026-05-07T17:22:40.2027908Z [ RUN      ] TestBatchnormBackwardOperationDescriptor.GetAttributeFailsBeforeFinalize
2026-05-07T17:22:40.2028074Z [       OK ] TestBatchnormBackwardOperationDescriptor.GetAttributeFailsBeforeFinalize (0 ms)
2026-05-07T17:22:40.2028215Z [ RUN      ] TestBatchnormBackwardOperationDescriptor.GetAttributeFailsNullPointer
2026-05-07T17:22:40.2028448Z [       OK ] TestBatchnormBackwardOperationDescriptor.GetAttributeFailsNullPointer (0 ms)
2026-05-07T17:22:40.2028576Z [ RUN      ] TestBatchnormBackwardOperationDescriptor.GetAttributeUnsupported
2026-05-07T17:22:40.2028727Z [       OK ] TestBatchnormBackwardOperationDescriptor.GetAttributeUnsupported (0 ms)
2026-05-07T17:22:40.2028889Z [ RUN      ] TestBatchnormBackwardOperationDescriptor.GetAttributeTensorDyQueryReturnsOne
2026-05-07T17:22:40.2029070Z [       OK ] TestBatchnormBackwardOperationDescriptor.GetAttributeTensorDyQueryReturnsOne (0 ms)
2026-05-07T17:22:40.2029234Z [ RUN      ] TestBatchnormBackwardOperationDescriptor.GetAttributeTensorXQueryReturnsOne
2026-05-07T17:22:40.2029410Z [       OK ] TestBatchnormBackwardOperationDescriptor.GetAttributeTensorXQueryReturnsOne (0 ms)
2026-05-07T17:22:40.2029587Z [ RUN      ] TestBatchnormBackwardOperationDescriptor.GetAttributeTensorScaleQueryReturnsOne
2026-05-07T17:22:40.2029776Z [       OK ] TestBatchnormBackwardOperationDescriptor.GetAttributeTensorScaleQueryReturnsOne (0 ms)
2026-05-07T17:22:40.2029942Z [ RUN      ] TestBatchnormBackwardOperationDescriptor.GetAttributeTensorDxQueryReturnsOne
2026-05-07T17:22:40.2030333Z [       OK ] TestBatchnormBackwardOperationDescriptor.GetAttributeTensorDxQueryReturnsOne (0 ms)
2026-05-07T17:22:40.2030510Z [ RUN      ] TestBatchnormBackwardOperationDescriptor.GetAttributeTensorDscaleQueryReturnsOne
2026-05-07T17:22:40.2030702Z [       OK ] TestBatchnormBackwardOperationDescriptor.GetAttributeTensorDscaleQueryReturnsOne (0 ms)
2026-05-07T17:22:40.2030882Z [ RUN      ] TestBatchnormBackwardOperationDescriptor.GetAttributeTensorDbiasQueryReturnsOne
2026-05-07T17:22:40.2031067Z [       OK ] TestBatchnormBackwardOperationDescriptor.GetAttributeTensorDbiasQueryReturnsOne (0 ms)
2026-05-07T17:22:40.2031240Z [ RUN      ] TestBatchnormBackwardOperationDescriptor.GetAttributeTensorMeanQueryReturnsOne
2026-05-07T17:22:40.2031426Z [       OK ] TestBatchnormBackwardOperationDescriptor.GetAttributeTensorMeanQueryReturnsOne (0 ms)
2026-05-07T17:22:40.2031617Z [ RUN      ] TestBatchnormBackwardOperationDescriptor.GetAttributeTensorInvVarianceQueryReturnsOne
2026-05-07T17:22:40.2031832Z [       OK ] TestBatchnormBackwardOperationDescriptor.GetAttributeTensorInvVarianceQueryReturnsOne (0 ms)
2026-05-07T17:22:40.2032004Z [ RUN      ] TestBatchnormBackwardOperationDescriptor.GetAttributeComputeTypeQueryReturnsOne
2026-05-07T17:22:40.2032197Z [       OK ] TestBatchnormBackwardOperationDescriptor.GetAttributeComputeTypeQueryReturnsOne (0 ms)
2026-05-07T17:22:40.2032388Z [ RUN      ] TestBatchnormBackwardOperationDescriptor.GetAttributeTensorQueryFailsNullElementCount
2026-05-07T17:22:40.2032594Z [       OK ] TestBatchnormBackwardOperationDescriptor.GetAttributeTensorQueryFailsNullElementCount (0 ms)
2026-05-07T17:22:40.2032758Z [ RUN      ] TestBatchnormBackwardOperationDescriptor.FinalizePreservesTensorReferences
2026-05-07T17:22:40.2032938Z [       OK ] TestBatchnormBackwardOperationDescriptor.FinalizePreservesTensorReferences (0 ms)
2026-05-07T17:22:40.2033087Z [ RUN      ] TestBatchnormBackwardOperationDescriptor.ToStringContainsExpectedInfo
2026-05-07T17:22:40.2033254Z [       OK ] TestBatchnormBackwardOperationDescriptor.ToStringContainsExpectedInfo (0 ms)
2026-05-07T17:22:40.2033438Z [ RUN      ] TestBatchnormBackwardOperationDescriptor.GetTensorDescriptorsReturnsAllTensors
2026-05-07T17:22:40.2033634Z [       OK ] TestBatchnormBackwardOperationDescriptor.GetTensorDescriptorsReturnsAllTensors (0 ms)
2026-05-07T17:22:40.2033787Z [ RUN      ] TestBatchnormBackwardOperationDescriptor.BuildNodeProducesCorrectNodeT
2026-05-07T17:22:40.2033950Z [       OK ] TestBatchnormBackwardOperationDescriptor.BuildNodeProducesCorrectNodeT (0 ms)
2026-05-07T17:22:40.2034105Z [ RUN      ] TestBatchnormBackwardOperationDescriptor.BuildNodeWithHalfComputeType
2026-05-07T17:22:40.2034263Z [       OK ] TestBatchnormBackwardOperationDescriptor.BuildNodeWithHalfComputeType (0 ms)
2026-05-07T17:22:40.2034588Z [ RUN      ] TestBatchnormBackwardOperationDescriptor.GetTensorDescriptorsOrderIsDyXScaleDxDscaleDbiasMeanInvVariance
2026-05-07T17:22:40.2034864Z [       OK ] TestBatchnormBackwardOperationDescriptor.GetTensorDescriptorsOrderIsDyXScaleDxDscaleDbiasMeanInvVariance (0 ms)
2026-05-07T17:22:40.2035023Z [ RUN      ] TestBatchnormBackwardOperationDescriptor.TryAsInterfaceReturnsValidGraphOp
2026-05-07T17:22:40.2035205Z [       OK ] TestBatchnormBackwardOperationDescriptor.TryAsInterfaceReturnsValidGraphOp (0 ms)
2026-05-07T17:22:40.2035375Z [ RUN      ] TestBatchnormBackwardOperationDescriptor.TryAsInterfaceReturnsNullForWrongType
2026-05-07T17:22:40.2035561Z [       OK ] TestBatchnormBackwardOperationDescriptor.TryAsInterfaceReturnsNullForWrongType (0 ms)
2026-05-07T17:22:40.2035697Z [ RUN      ] TestBatchnormBackwardOperationDescriptor.SetPeerStatsTensorArray
2026-05-07T17:22:40.2035846Z [       OK ] TestBatchnormBackwardOperationDescriptor.SetPeerStatsTensorArray (0 ms)
2026-05-07T17:22:40.2036041Z [ RUN      ] TestBatchnormBackwardOperationDescriptor.SetPeerStatsTensorArrayFailsNotFinalized
2026-05-07T17:22:40.2036244Z [       OK ] TestBatchnormBackwardOperationDescriptor.SetPeerStatsTensorArrayFailsNotFinalized (0 ms)
2026-05-07T17:22:40.2036487Z [ RUN      ] TestBatchnormBackwardOperationDescriptor.SetPeerStatsTensorArrayFailsNullPointer
2026-05-07T17:22:40.2036684Z [       OK ] TestBatchnormBackwardOperationDescriptor.SetPeerStatsTensorArrayFailsNullPointer (0 ms)
2026-05-07T17:22:40.2036815Z [ RUN      ] TestBatchnormBackwardOperationDescriptor.GetPeerStatsTensorArray
2026-05-07T17:22:40.2036960Z [       OK ] TestBatchnormBackwardOperationDescriptor.GetPeerStatsTensorArray (0 ms)
2026-05-07T17:22:40.2037086Z [----------] 55 tests from TestBatchnormBackwardOperationDescriptor (1 ms total)
2026-05-07T17:22:40.2037089Z 
2026-05-07T17:22:40.2037188Z [----------] 23 tests from TestBatchnormBackwardOperationFromNode
2026-05-07T17:22:40.2037343Z [ RUN      ] TestBatchnormBackwardOperationFromNode.CreatesValidFinalizedDescriptor
2026-05-07T17:22:40.2037504Z [       OK ] TestBatchnormBackwardOperationFromNode.CreatesValidFinalizedDescriptor (0 ms)
2026-05-07T17:22:40.2037646Z [ RUN      ] TestBatchnormBackwardOperationFromNode.NodeFactoryDelegatesCorrectly
2026-05-07T17:22:40.2037810Z [       OK ] TestBatchnormBackwardOperationFromNode.NodeFactoryDelegatesCorrectly (0 ms)
2026-05-07T17:22:40.2037941Z [ RUN      ] TestBatchnormBackwardOperationFromNode.PreservesComputeDataType
2026-05-07T17:22:40.2038089Z [       OK ] TestBatchnormBackwardOperationFromNode.PreservesComputeDataType (0 ms)
2026-05-07T17:22:40.2038244Z [ RUN      ] TestBatchnormBackwardOperationFromNode.SetsTensorReferencesWithFullValues
2026-05-07T17:22:40.2038415Z [       OK ] TestBatchnormBackwardOperationFromNode.SetsTensorReferencesWithFullValues (0 ms)
2026-05-07T17:22:40.2038565Z [ RUN      ] TestBatchnormBackwardOperationFromNode.TensorReferencesMatchTensorMap
2026-05-07T17:22:40.2038726Z [       OK ] TestBatchnormBackwardOperationFromNode.TensorReferencesMatchTensorMap (0 ms)
2026-05-07T17:22:40.2038856Z [ RUN      ] TestBatchnormBackwardOperationFromNode.FailsWithMissingDyTensor
2026-05-07T17:22:40.2039009Z [       OK ] TestBatchnormBackwardOperationFromNode.FailsWithMissingDyTensor (0 ms)
2026-05-07T17:22:40.2039141Z [ RUN      ] TestBatchnormBackwardOperationFromNode.FailsWithMissingXTensor
2026-05-07T17:22:40.2039289Z [       OK ] TestBatchnormBackwardOperationFromNode.FailsWithMissingXTensor (0 ms)
2026-05-07T17:22:40.2039429Z [ RUN      ] TestBatchnormBackwardOperationFromNode.FailsWithMissingScaleTensor
2026-05-07T17:22:40.2039584Z [       OK ] TestBatchnormBackwardOperationFromNode.FailsWithMissingScaleTensor (0 ms)
2026-05-07T17:22:40.2039719Z [ RUN      ] TestBatchnormBackwardOperationFromNode.FailsWithMissingDxTensor
2026-05-07T17:22:40.2039859Z [       OK ] TestBatchnormBackwardOperationFromNode.FailsWithMissingDxTensor (0 ms)
2026-05-07T17:22:40.2040054Z [ RUN      ] TestBatchnormBackwardOperationFromNode.FailsWithMissingDscaleTensor
2026-05-07T17:22:40.2040211Z [       OK ] TestBatchnormBackwardOperationFromNode.FailsWithMissingDscaleTensor (0 ms)
2026-05-07T17:22:40.2040347Z [ RUN      ] TestBatchnormBackwardOperationFromNode.FailsWithMissingDbiasTensor
2026-05-07T17:22:40.2040502Z [       OK ] TestBatchnormBackwardOperationFromNode.FailsWithMissingDbiasTensor (0 ms)
2026-05-07T17:22:40.2040644Z [ RUN      ] TestBatchnormBackwardOperationFromNode.SucceedsWithOnlyRequiredTensors
2026-05-07T17:22:40.2040807Z [       OK ] TestBatchnormBackwardOperationFromNode.SucceedsWithOnlyRequiredTensors (0 ms)
2026-05-07T17:22:40.2040999Z [ RUN      ] TestBatchnormBackwardOperationFromNode.FailsWhenOptionalMeanUidSetButTensorMissing
2026-05-07T17:22:40.2041204Z [       OK ] TestBatchnormBackwardOperationFromNode.FailsWhenOptionalMeanUidSetButTensorMissing (0 ms)
2026-05-07T17:22:40.2041415Z [ RUN      ] TestBatchnormBackwardOperationFromNode.FailsWhenOptionalInvVarianceUidSetButTensorMissing
2026-05-07T17:22:40.2041640Z [       OK ] TestBatchnormBackwardOperationFromNode.FailsWhenOptionalInvVarianceUidSetButTensorMissing (0 ms)
2026-05-07T17:22:40.2041756Z [ RUN      ] TestBatchnormBackwardOperationFromNode.BuildNodeRoundTrip
2026-05-07T17:22:40.2041949Z [       OK ] TestBatchnormBackwardOperationFromNode.BuildNodeRoundTrip (0 ms)
2026-05-07T17:22:40.2042128Z [ RUN      ] TestBatchnormBackwardOperationFromNode.BuildNodeRoundTripWithOnlyRequiredTensors
2026-05-07T17:22:40.2042319Z [       OK ] TestBatchnormBackwardOperationFromNode.BuildNodeRoundTripWithOnlyRequiredTensors (0 ms)
2026-05-07T17:22:40.2042448Z [ RUN      ] TestBatchnormBackwardOperationFromNode.NamePreservedFromNode
2026-05-07T17:22:40.2042625Z [       OK ] TestBatchnormBackwardOperationFromNode.NamePreservedFromNode (0 ms)
2026-05-07T17:22:40.2042775Z [ RUN      ] TestBatchnormBackwardOperationFromNode.EmptyNamePreservedFromNode
2026-05-07T17:22:40.2042925Z [       OK ] TestBatchnormBackwardOperationFromNode.EmptyNamePreservedFromNode (0 ms)
2026-05-07T17:22:40.2043054Z [ RUN      ] TestBatchnormBackwardOperationFromNode.BuildNodePreservesName
2026-05-07T17:22:40.2043201Z [       OK ] TestBatchnormBackwardOperationFromNode.BuildNodePreservesName (0 ms)
2026-05-07T17:22:40.2043344Z [ RUN      ] TestBatchnormBackwardOperationFromNode.GetAttributeWorksAfterFromNode
2026-05-07T17:22:40.2043502Z [       OK ] TestBatchnormBackwardOperationFromNode.GetAttributeWorksAfterFromNode (0 ms)
2026-05-07T17:22:40.2043671Z [ RUN      ] TestBatchnormBackwardOperationFromNode.GetTensorDescriptorsReturnsAllTensors
2026-05-07T17:22:40.2043853Z [       OK ] TestBatchnormBackwardOperationFromNode.GetTensorDescriptorsReturnsAllTensors (0 ms)
2026-05-07T17:22:40.2043996Z [ RUN      ] TestBatchnormBackwardOperationFromNode.FailsWithWrongAttributesType
2026-05-07T17:22:40.2044146Z [       OK ] TestBatchnormBackwardOperationFromNode.FailsWithWrongAttributesType (0 ms)
2026-05-07T17:22:40.2044290Z [ RUN      ] TestBatchnormBackwardOperationFromNode.FailsWithMissingPeerStatsTensor
2026-05-07T17:22:40.2044459Z [       OK ] TestBatchnormBackwardOperationFromNode.FailsWithMissingPeerStatsTensor (0 ms)
2026-05-07T17:22:40.2044573Z [----------] 23 tests from TestBatchnormBackwardOperationFromNode (0 ms total)
2026-05-07T17:22:40.2044580Z 
2026-05-07T17:22:40.2044682Z [----------] 52 tests from TestConvolutionBwdOperationDescriptor
2026-05-07T17:22:40.2044793Z [ RUN      ] TestConvolutionBwdOperationDescriptor.CreateDescriptor
2026-05-07T17:22:40.2044912Z [       OK ] TestConvolutionBwdOperationDescriptor.CreateDescriptor (0 ms)
2026-05-07T17:22:40.2045060Z [ RUN      ] TestConvolutionBwdOperationDescriptor.FinalizeWithRequiredAttributes
2026-05-07T17:22:40.2045217Z [       OK ] TestConvolutionBwdOperationDescriptor.FinalizeWithRequiredAttributes (0 ms)
2026-05-07T17:22:40.2045358Z [ RUN      ] TestConvolutionBwdOperationDescriptor.FinalizeFailsWithoutDyTensor
2026-05-07T17:22:40.2045514Z [       OK ] TestConvolutionBwdOperationDescriptor.FinalizeFailsWithoutDyTensor (0 ms)
2026-05-07T17:22:40.2045712Z [ RUN      ] TestConvolutionBwdOperationDescriptor.FinalizeFailsWithoutWTensor
2026-05-07T17:22:40.2045864Z [       OK ] TestConvolutionBwdOperationDescriptor.FinalizeFailsWithoutWTensor (0 ms)
2026-05-07T17:22:40.2046002Z [ RUN      ] TestConvolutionBwdOperationDescriptor.FinalizeFailsWithoutDxTensor
2026-05-07T17:22:40.2046156Z [       OK ] TestConvolutionBwdOperationDescriptor.FinalizeFailsWithoutDxTensor (0 ms)
2026-05-07T17:22:40.2046308Z [ RUN      ] TestConvolutionBwdOperationDescriptor.FinalizeFailsWithoutPrePadding
2026-05-07T17:22:40.2046469Z [       OK ] TestConvolutionBwdOperationDescriptor.FinalizeFailsWithoutPrePadding (0 ms)
2026-05-07T17:22:40.2046614Z [ RUN      ] TestConvolutionBwdOperationDescriptor.FinalizeFailsWithoutPostPadding
2026-05-07T17:22:40.2046779Z [       OK ] TestConvolutionBwdOperationDescriptor.FinalizeFailsWithoutPostPadding (0 ms)
2026-05-07T17:22:40.2046912Z [ RUN      ] TestConvolutionBwdOperationDescriptor.FinalizeFailsWithoutStride
2026-05-07T17:22:40.2047061Z [       OK ] TestConvolutionBwdOperationDescriptor.FinalizeFailsWithoutStride (0 ms)
2026-05-07T17:22:40.2047195Z [ RUN      ] TestConvolutionBwdOperationDescriptor.FinalizeFailsWithoutDilation
2026-05-07T17:22:40.2047403Z [       OK ] TestConvolutionBwdOperationDescriptor.FinalizeFailsWithoutDilation (0 ms)
2026-05-07T17:22:40.2047550Z [ RUN      ] TestConvolutionBwdOperationDescriptor.FinalizeFailsWithoutComputeType
2026-05-07T17:22:40.2047709Z [       OK ] TestConvolutionBwdOperationDescriptor.FinalizeFailsWithoutComputeType (0 ms)
2026-05-07T17:22:40.2047851Z [ RUN      ] TestConvolutionBwdOperationDescriptor.FinalizeFailsWithoutConvMode
2026-05-07T17:22:40.2048004Z [       OK ] TestConvolutionBwdOperationDescriptor.FinalizeFailsWithoutConvMode (0 ms)
2026-05-07T17:22:40.2048125Z [ RUN      ] TestConvolutionBwdOperationDescriptor.SetTensorDescriptorDy
2026-05-07T17:22:40.2048261Z [       OK ] TestConvolutionBwdOperationDescriptor.SetTensorDescriptorDy (0 ms)
2026-05-07T17:22:40.2048386Z [ RUN      ] TestConvolutionBwdOperationDescriptor.SetTensorDescriptorW
2026-05-07T17:22:40.2048511Z [       OK ] TestConvolutionBwdOperationDescriptor.SetTensorDescriptorW (0 ms)
2026-05-07T17:22:40.2048641Z [ RUN      ] TestConvolutionBwdOperationDescriptor.SetTensorDescriptorDx
2026-05-07T17:22:40.2048776Z [       OK ] TestConvolutionBwdOperationDescriptor.SetTensorDescriptorDx (0 ms)
2026-05-07T17:22:40.2048911Z [ RUN      ] TestConvolutionBwdOperationDescriptor.SetTensorFailsNotFinalized
2026-05-07T17:22:40.2049056Z [       OK ] TestConvolutionBwdOperationDescriptor.SetTensorFailsNotFinalized (0 ms)
2026-05-07T17:22:40.2049182Z [ RUN      ] TestConvolutionBwdOperationDescriptor.SetTensorFailsWrongType
2026-05-07T17:22:40.2049324Z [       OK ] TestConvolutionBwdOperationDescriptor.SetTensorFailsWrongType (0 ms)
2026-05-07T17:22:40.2049466Z [ RUN      ] TestConvolutionBwdOperationDescriptor.SetTensorFailsWrongElementCount
2026-05-07T17:22:40.2049632Z [       OK ] TestConvolutionBwdOperationDescriptor.SetTensorFailsWrongElementCount (0 ms)
2026-05-07T17:22:40.2049773Z [ RUN      ] TestConvolutionBwdOperationDescriptor.SetTensorFailsNullPointer
2026-05-07T17:22:40.2049917Z [       OK ] TestConvolutionBwdOperationDescriptor.SetTensorFailsNullPointer (0 ms)
2026-05-07T17:22:40.2050026Z [ RUN      ] TestConvolutionBwdOperationDescriptor.SetPrePadding
2026-05-07T17:22:40.2050141Z [       OK ] TestConvolutionBwdOperationDescriptor.SetPrePadding (0 ms)
2026-05-07T17:22:40.2050245Z [ RUN      ] TestConvolutionBwdOperationDescriptor.SetPostPadding
2026-05-07T17:22:40.2050369Z [       OK ] TestConvolutionBwdOperationDescriptor.SetPostPadding (0 ms)
2026-05-07T17:22:40.2050466Z [ RUN      ] TestConvolutionBwdOperationDescriptor.SetStride
2026-05-07T17:22:40.2050575Z [       OK ] TestConvolutionBwdOperationDescriptor.SetStride (0 ms)
2026-05-07T17:22:40.2050680Z [ RUN      ] TestConvolutionBwdOperationDescriptor.SetDilation
2026-05-07T17:22:40.2050849Z [       OK ] TestConvolutionBwdOperationDescriptor.SetDilation (0 ms)
2026-05-07T17:22:40.2050947Z [ RUN      ] TestConvolutionBwdOperationDescriptor.SetConvMode
2026-05-07T17:22:40.2051059Z [       OK ] TestConvolutionBwdOperationDescriptor.SetConvMode (0 ms)
2026-05-07T17:22:40.2051200Z [ RUN      ] TestConvolutionBwdOperationDescriptor.SetConvModeWrongElementCount
2026-05-07T17:22:40.2051361Z [       OK ] TestConvolutionBwdOperationDescriptor.SetConvModeWrongElementCount (0 ms)
2026-05-07T17:22:40.2051477Z [ RUN      ] TestConvolutionBwdOperationDescriptor.SetComputeDataType
2026-05-07T17:22:40.2051603Z [       OK ] TestConvolutionBwdOperationDescriptor.SetComputeDataType (0 ms)
2026-05-07T17:22:40.2051771Z [ RUN      ] TestConvolutionBwdOperationDescriptor.SetComputeDataTypeWrongElementCount
2026-05-07T17:22:40.2051950Z [       OK ] TestConvolutionBwdOperationDescriptor.SetComputeDataTypeWrongElementCount (0 ms)
2026-05-07T17:22:40.2052107Z [ RUN      ] TestConvolutionBwdOperationDescriptor.SetConvolutionBwdParamsWrongType
2026-05-07T17:22:40.2052273Z [       OK ] TestConvolutionBwdOperationDescriptor.SetConvolutionBwdParamsWrongType (0 ms)
2026-05-07T17:22:40.2052414Z [ RUN      ] TestConvolutionBwdOperationDescriptor.SetAttributeFailsAfterFinalize
2026-05-07T17:22:40.2052639Z [       OK ] TestConvolutionBwdOperationDescriptor.SetAttributeFailsAfterFinalize (0 ms)
2026-05-07T17:22:40.2052763Z [ RUN      ] TestConvolutionBwdOperationDescriptor.SetAttributeUnsupported
2026-05-07T17:22:40.2052900Z [       OK ] TestConvolutionBwdOperationDescriptor.SetAttributeUnsupported (0 ms)
2026-05-07T17:22:40.2053042Z [ RUN      ] TestConvolutionBwdOperationDescriptor.GetAttributeTensorDescriptor
2026-05-07T17:22:40.2053194Z [       OK ] TestConvolutionBwdOperationDescriptor.GetAttributeTensorDescriptor (0 ms)
2026-05-07T17:22:40.2053351Z [ RUN      ] TestConvolutionBwdOperationDescriptor.GetAttributeConvolutionBwdParams
2026-05-07T17:22:40.2053514Z [       OK ] TestConvolutionBwdOperationDescriptor.GetAttributeConvolutionBwdParams (0 ms)
2026-05-07T17:22:40.2053638Z [ RUN      ] TestConvolutionBwdOperationDescriptor.GetAttributeComputeType
2026-05-07T17:22:40.2053778Z [       OK ] TestConvolutionBwdOperationDescriptor.GetAttributeComputeType (0 ms)
2026-05-07T17:22:40.2053924Z [ RUN      ] TestConvolutionBwdOperationDescriptor.GetAttributeFailsBeforeFinalize
2026-05-07T17:22:40.2054090Z [       OK ] TestConvolutionBwdOperationDescriptor.GetAttributeFailsBeforeFinalize (0 ms)
2026-05-07T17:22:40.2054233Z [ RUN      ] TestConvolutionBwdOperationDescriptor.GetAttributeFailsNullPointer
2026-05-07T17:22:40.2054382Z [       OK ] TestConvolutionBwdOperationDescriptor.GetAttributeFailsNullPointer (0 ms)
2026-05-07T17:22:40.2054512Z [ RUN      ] TestConvolutionBwdOperationDescriptor.GetAttributeUnsupported
2026-05-07T17:22:40.2054646Z [       OK ] TestConvolutionBwdOperationDescriptor.GetAttributeUnsupported (0 ms)
2026-05-07T17:22:40.2054802Z [ RUN      ] TestConvolutionBwdOperationDescriptor.GetAttributeTensorDyQueryReturnsOne
2026-05-07T17:22:40.2054984Z [       OK ] TestConvolutionBwdOperationDescriptor.GetAttributeTensorDyQueryReturnsOne (0 ms)
2026-05-07T17:22:40.2055150Z [ RUN      ] TestConvolutionBwdOperationDescriptor.GetAttributeTensorWQueryReturnsOne
2026-05-07T17:22:40.2055329Z [       OK ] TestConvolutionBwdOperationDescriptor.GetAttributeTensorWQueryReturnsOne (0 ms)
2026-05-07T17:22:40.2055497Z [ RUN      ] TestConvolutionBwdOperationDescriptor.GetAttributeTensorDxQueryReturnsOne
2026-05-07T17:22:40.2055672Z [       OK ] TestConvolutionBwdOperationDescriptor.GetAttributeTensorDxQueryReturnsOne (0 ms)
2026-05-07T17:22:40.2055832Z [ RUN      ] TestConvolutionBwdOperationDescriptor.GetAttributeConvModeQueryReturnsOne
2026-05-07T17:22:40.2056005Z [       OK ] TestConvolutionBwdOperationDescriptor.GetAttributeConvModeQueryReturnsOne (0 ms)
2026-05-07T17:22:40.2056173Z [ RUN      ] TestConvolutionBwdOperationDescriptor.GetAttributePrePaddingQueryReturnsSize
2026-05-07T17:22:40.2056427Z [       OK ] TestConvolutionBwdOperationDescriptor.GetAttributePrePaddingQueryReturnsSize (0 ms)
2026-05-07T17:22:40.2056597Z [ RUN      ] TestConvolutionBwdOperationDescriptor.GetAttributeComputeTypeQueryReturnsOne
2026-05-07T17:22:40.2056788Z [       OK ] TestConvolutionBwdOperationDescriptor.GetAttributeComputeTypeQueryReturnsOne (0 ms)
2026-05-07T17:22:40.2056957Z [ RUN      ] TestConvolutionBwdOperationDescriptor.GetAttributePrePaddingQueryThenRetrieve
2026-05-07T17:22:40.2057153Z [       OK ] TestConvolutionBwdOperationDescriptor.GetAttributePrePaddingQueryThenRetrieve (0 ms)
2026-05-07T17:22:40.2057345Z [ RUN      ] TestConvolutionBwdOperationDescriptor.GetAttributeTensorQueryFailsNullElementCount
2026-05-07T17:22:40.2057546Z [       OK ] TestConvolutionBwdOperationDescriptor.GetAttributeTensorQueryFailsNullElementCount (0 ms)
2026-05-07T17:22:40.2057735Z [ RUN      ] TestConvolutionBwdOperationDescriptor.GetAttributeConvModeQueryFailsNullElementCount
2026-05-07T17:22:40.2057953Z [       OK ] TestConvolutionBwdOperationDescriptor.GetAttributeConvModeQueryFailsNullElementCount (0 ms)
2026-05-07T17:22:40.2058106Z [ RUN      ] TestConvolutionBwdOperationDescriptor.FinalizePreservesTensorReferences
2026-05-07T17:22:40.2058344Z [       OK ] TestConvolutionBwdOperationDescriptor.FinalizePreservesTensorReferences (0 ms)
2026-05-07T17:22:40.2058487Z [ RUN      ] TestConvolutionBwdOperationDescriptor.ToStringContainsExpectedInfo
2026-05-07T17:22:40.2058641Z [       OK ] TestConvolutionBwdOperationDescriptor.ToStringContainsExpectedInfo (0 ms)
2026-05-07T17:22:40.2058815Z [ RUN      ] TestConvolutionBwdOperationDescriptor.GetTensorDescriptorsReturnsAllTensors
2026-05-07T17:22:40.2059000Z [       OK ] TestConvolutionBwdOperationDescriptor.GetTensorDescriptorsReturnsAllTensors (0 ms)
2026-05-07T17:22:40.2059148Z [ RUN      ] TestConvolutionBwdOperationDescriptor.BuildNodeProducesCorrectNodeT
2026-05-07T17:22:40.2059307Z [       OK ] TestConvolutionBwdOperationDescriptor.BuildNodeProducesCorrectNodeT (0 ms)
2026-05-07T17:22:40.2059448Z [ RUN      ] TestConvolutionBwdOperationDescriptor.BuildNodeWithHalfComputeType
2026-05-07T17:22:40.2059604Z [       OK ] TestConvolutionBwdOperationDescriptor.BuildNodeWithHalfComputeType (0 ms)
2026-05-07T17:22:40.2059756Z [ RUN      ] TestConvolutionBwdOperationDescriptor.GetTensorDescriptorsOrderIsDyWDx
2026-05-07T17:22:40.2059919Z [       OK ] TestConvolutionBwdOperationDescriptor.GetTensorDescriptorsOrderIsDyWDx (0 ms)
2026-05-07T17:22:40.2060076Z [ RUN      ] TestConvolutionBwdOperationDescriptor.TryAsInterfaceReturnsValidGraphOp
2026-05-07T17:22:40.2060245Z [       OK ] TestConvolutionBwdOperationDescriptor.TryAsInterfaceReturnsValidGraphOp (0 ms)
2026-05-07T17:22:40.2060411Z [ RUN      ] TestConvolutionBwdOperationDescriptor.TryAsInterfaceReturnsNullForWrongType
2026-05-07T17:22:40.2060592Z [       OK ] TestConvolutionBwdOperationDescriptor.TryAsInterfaceReturnsNullForWrongType (0 ms)
2026-05-07T17:22:40.2060706Z [----------] 52 tests from TestConvolutionBwdOperationDescriptor (0 ms total)
2026-05-07T17:22:40.2060711Z 
2026-05-07T17:22:40.2060819Z [----------] 7 tests from TestGraphDescriptorBlockScaleQuantize
2026-05-07T17:22:40.2060954Z [ RUN      ] TestGraphDescriptorBlockScaleQuantize.BuildFromSingleOperation
2026-05-07T17:22:40.2061168Z [       OK ] TestGraphDescriptorBlockScaleQuantize.BuildFromSingleOperation (0 ms)
2026-05-07T17:22:40.2061307Z [ RUN      ] TestGraphDescriptorBlockScaleQuantize.ComputeDataTypePreserved
2026-05-07T17:22:40.2061449Z [       OK ] TestGraphDescriptorBlockScaleQuantize.ComputeDataTypePreserved (0 ms)
2026-05-07T17:22:40.2061592Z [ RUN      ] TestGraphDescriptorBlockScaleQuantize.DeserializePreservesBsqNode
2026-05-07T17:22:40.2061740Z [       OK ] TestGraphDescriptorBlockScaleQuantize.DeserializePreservesBsqNode (0 ms)
2026-05-07T17:22:40.2061903Z [ RUN      ] TestGraphDescriptorBlockScaleQuantize.LiftedGraphSerializesToSameBinary
2026-05-07T17:22:40.2062082Z [       OK ] TestGraphDescriptorBlockScaleQuantize.LiftedGraphSerializesToSameBinary (0 ms)
2026-05-07T17:22:40.2062317Z [ RUN      ] TestGraphDescriptorBlockScaleQuantize.DeserializePreservesComputeDataType
2026-05-07T17:22:40.2062496Z [       OK ] TestGraphDescriptorBlockScaleQuantize.DeserializePreservesComputeDataType (0 ms)
2026-05-07T17:22:40.2062698Z [ RUN      ] TestGraphDescriptorBlockScaleQuantize.DeserializePreservesTensorAttributes
2026-05-07T17:22:40.2062877Z [       OK ] TestGraphDescriptorBlockScaleQuantize.DeserializePreservesTensorAttributes (0 ms)
2026-05-07T17:22:40.2063051Z [ RUN      ] TestGraphDescriptorBlockScaleQuantize.GetAttributeOpsAfterDeserializeSucceeds
2026-05-07T17:22:40.2063237Z [       OK ] TestGraphDescriptorBlockScaleQuantize.GetAttributeOpsAfterDeserializeSucceeds (0 ms)
2026-05-07T17:22:40.2063353Z [----------] 7 tests from TestGraphDescriptorBlockScaleQuantize (0 ms total)
2026-05-07T17:22:40.2063356Z 
2026-05-07T17:22:40.2063445Z [----------] 35 tests from TestMatmulOperationDescriptor
2026-05-07T17:22:40.2063547Z [ RUN      ] TestMatmulOperationDescriptor.CreateDescriptor
2026-05-07T17:22:40.2063654Z [       OK ] TestMatmulOperationDescriptor.CreateDescriptor (0 ms)
2026-05-07T17:22:40.2063777Z [ RUN      ] TestMatmulOperationDescriptor.FinalizeWithRequiredAttributes
2026-05-07T17:22:40.2063980Z [       OK ] TestMatmulOperationDescriptor.FinalizeWithRequiredAttributes (0 ms)
2026-05-07T17:22:40.2071657Z [ RUN      ] TestMatmulOperationDescriptor.FinalizeFailsWithoutATensor
2026-05-07T17:22:40.2071814Z [       OK ] TestMatmulOperationDescriptor.FinalizeFailsWithoutATensor (0 ms)
2026-05-07T17:22:40.2071933Z [ RUN      ] TestMatmulOperationDescriptor.FinalizeFailsWithoutBTensor
2026-05-07T17:22:40.2072066Z [       OK ] TestMatmulOperationDescriptor.FinalizeFailsWithoutBTensor (0 ms)
2026-05-07T17:22:40.2072180Z [ RUN      ] TestMatmulOperationDescriptor.FinalizeFailsWithoutCTensor
2026-05-07T17:22:40.2072318Z [       OK ] TestMatmulOperationDescriptor.FinalizeFailsWithoutCTensor (0 ms)
2026-05-07T17:22:40.2072450Z [ RUN      ] TestMatmulOperationDescriptor.FinalizeFailsWithoutComputeType
2026-05-07T17:22:40.2072598Z [       OK ] TestMatmulOperationDescriptor.FinalizeFailsWithoutComputeType (0 ms)
2026-05-07T17:22:40.2072718Z [ RUN      ] TestMatmulOperationDescriptor.SetTensorDescriptorA
2026-05-07T17:22:40.2072833Z [       OK ] TestMatmulOperationDescriptor.SetTensorDescriptorA (0 ms)
2026-05-07T17:22:40.2072932Z [ RUN      ] TestMatmulOperationDescriptor.SetTensorDescriptorB
2026-05-07T17:22:40.2073049Z [       OK ] TestMatmulOperationDescriptor.SetTensorDescriptorB (0 ms)
2026-05-07T17:22:40.2073145Z [ RUN      ] TestMatmulOperationDescriptor.SetTensorDescriptorC
2026-05-07T17:22:40.2073256Z [       OK ] TestMatmulOperationDescriptor.SetTensorDescriptorC (0 ms)
2026-05-07T17:22:40.2073377Z [ RUN      ] TestMatmulOperationDescriptor.SetTensorFailsNotFinalized
2026-05-07T17:22:40.2073507Z [       OK ] TestMatmulOperationDescriptor.SetTensorFailsNotFinalized (0 ms)
2026-05-07T17:22:40.2073622Z [ RUN      ] TestMatmulOperationDescriptor.SetTensorFailsWrongType
2026-05-07T17:22:40.2073747Z [       OK ] TestMatmulOperationDescriptor.SetTensorFailsWrongType (0 ms)
2026-05-07T17:22:40.2073874Z [ RUN      ] TestMatmulOperationDescriptor.SetTensorFailsWrongElementCount
2026-05-07T17:22:40.2074025Z [       OK ] TestMatmulOperationDescriptor.SetTensorFailsWrongElementCount (0 ms)
2026-05-07T17:22:40.2074140Z [ RUN      ] TestMatmulOperationDescriptor.SetTensorFailsNullPointer
2026-05-07T17:22:40.2074263Z [       OK ] TestMatmulOperationDescriptor.SetTensorFailsNullPointer (0 ms)
2026-05-07T17:22:40.2074369Z [ RUN      ] TestMatmulOperationDescriptor.SetComputeDataType
2026-05-07T17:22:40.2074475Z [       OK ] TestMatmulOperationDescriptor.SetComputeDataType (0 ms)
2026-05-07T17:22:40.2074623Z [ RUN      ] TestMatmulOperationDescriptor.SetComputeDataTypeWrongElementCount
2026-05-07T17:22:40.2074781Z [       OK ] TestMatmulOperationDescriptor.SetComputeDataTypeWrongElementCount (0 ms)
2026-05-07T17:22:40.2075019Z [ RUN      ] TestMatmulOperationDescriptor.SetAttributeFailsAfterFinalize
2026-05-07T17:22:40.2075164Z [       OK ] TestMatmulOperationDescriptor.SetAttributeFailsAfterFinalize (0 ms)
2026-05-07T17:22:40.2075276Z [ RUN      ] TestMatmulOperationDescriptor.SetAttributeUnsupported
2026-05-07T17:22:40.2075400Z [       OK ] TestMatmulOperationDescriptor.SetAttributeUnsupported (0 ms)
2026-05-07T17:22:40.2075528Z [ RUN      ] TestMatmulOperationDescriptor.GetAttributeTensorDescriptor
2026-05-07T17:22:40.2075659Z [       OK ] TestMatmulOperationDescriptor.GetAttributeTensorDescriptor (0 ms)
2026-05-07T17:22:40.2075773Z [ RUN      ] TestMatmulOperationDescriptor.GetAttributeComputeType
2026-05-07T17:22:40.2075891Z [       OK ] TestMatmulOperationDescriptor.GetAttributeComputeType (0 ms)
2026-05-07T17:22:40.2076015Z [ RUN      ] TestMatmulOperationDescriptor.GetAttributeFailsBeforeFinalize
2026-05-07T17:22:40.2076161Z [       OK ] TestMatmulOperationDescriptor.GetAttributeFailsBeforeFinalize (0 ms)
2026-05-07T17:22:40.2076281Z [ RUN      ] TestMatmulOperationDescriptor.GetAttributeFailsNullPointer
2026-05-07T17:22:40.2076413Z [       OK ] TestMatmulOperationDescriptor.GetAttributeFailsNullPointer (0 ms)
2026-05-07T17:22:40.2076597Z [ RUN      ] TestMatmulOperationDescriptor.GetAttributeUnsupported
2026-05-07T17:22:40.2076715Z [       OK ] TestMatmulOperationDescriptor.GetAttributeUnsupported (0 ms)
2026-05-07T17:22:40.2076857Z [ RUN      ] TestMatmulOperationDescriptor.GetAttributeTensorAQueryReturnsOne
2026-05-07T17:22:40.2077009Z [       OK ] TestMatmulOperationDescriptor.GetAttributeTensorAQueryReturnsOne (0 ms)
2026-05-07T17:22:40.2077143Z [ RUN      ] TestMatmulOperationDescriptor.GetAttributeTensorBQueryReturnsOne
2026-05-07T17:22:40.2077297Z [       OK ] TestMatmulOperationDescriptor.GetAttributeTensorBQueryReturnsOne (0 ms)
2026-05-07T17:22:40.2077430Z [ RUN      ] TestMatmulOperationDescriptor.GetAttributeTensorCQueryReturnsOne
2026-05-07T17:22:40.2077582Z [       OK ] TestMatmulOperationDescriptor.GetAttributeTensorCQueryReturnsOne (0 ms)
2026-05-07T17:22:40.2077736Z [ RUN      ] TestMatmulOperationDescriptor.GetAttributeComputeTypeQueryReturnsOne
2026-05-07T17:22:40.2077900Z [       OK ] TestMatmulOperationDescriptor.GetAttributeComputeTypeQueryReturnsOne (0 ms)
2026-05-07T17:22:40.2078070Z [ RUN      ] TestMatmulOperationDescriptor.GetAttributeTensorQueryFailsNullElementCount
2026-05-07T17:22:40.2078253Z [       OK ] TestMatmulOperationDescriptor.GetAttributeTensorQueryFailsNullElementCount (0 ms)
2026-05-07T17:22:40.2078384Z [ RUN      ] TestMatmulOperationDescriptor.FinalizePreservesTensorReferences
2026-05-07T17:22:40.2078538Z [       OK ] TestMatmulOperationDescriptor.FinalizePreservesTensorReferences (0 ms)
2026-05-07T17:22:40.2078658Z [ RUN      ] TestMatmulOperationDescriptor.ToStringContainsExpectedInfo
2026-05-07T17:22:40.2078796Z [       OK ] TestMatmulOperationDescriptor.ToStringContainsExpectedInfo (0 ms)
2026-05-07T17:22:40.2078938Z [ RUN      ] TestMatmulOperationDescriptor.GetTensorDescriptorsReturnsAllTensors
2026-05-07T17:22:40.2079096Z [       OK ] TestMatmulOperationDescriptor.GetTensorDescriptorsReturnsAllTensors (0 ms)
2026-05-07T17:22:40.2079224Z [ RUN      ] TestMatmulOperationDescriptor.BuildNodeProducesCorrectNodeT
2026-05-07T17:22:40.2079363Z [       OK ] TestMatmulOperationDescriptor.BuildNodeProducesCorrectNodeT (0 ms)
2026-05-07T17:22:40.2079482Z [ RUN      ] TestMatmulOperationDescriptor.BuildNodeWithHalfComputeType
2026-05-07T17:22:40.2079619Z [       OK ] TestMatmulOperationDescriptor.BuildNodeWithHalfComputeType (0 ms)
2026-05-07T17:22:40.2079746Z [ RUN      ] TestMatmulOperationDescriptor.GetTensorDescriptorsOrderIsABC
2026-05-07T17:22:40.2079889Z [       OK ] TestMatmulOperationDescriptor.GetTensorDescriptorsOrderIsABC (0 ms)
2026-05-07T17:22:40.2080059Z [ RUN      ] TestMatmulOperationDescriptor.TryAsInterfaceReturnsValidGraphOp
2026-05-07T17:22:40.2080215Z [       OK ] TestMatmulOperationDescriptor.TryAsInterfaceReturnsValidGraphOp (0 ms)
2026-05-07T17:22:40.2080434Z [ RUN      ] TestMatmulOperationDescriptor.TryAsInterfaceReturnsNullForWrongType
2026-05-07T17:22:40.2080595Z [       OK ] TestMatmulOperationDescriptor.TryAsInterfaceReturnsNullForWrongType (0 ms)
2026-05-07T17:22:40.2080702Z [----------] 35 tests from TestMatmulOperationDescriptor (0 ms total)
2026-05-07T17:22:40.2080707Z 
2026-05-07T17:22:40.2080795Z [----------] 13 tests from TestMatmulOperationFromNode
2026-05-07T17:22:40.2080918Z [ RUN      ] TestMatmulOperationFromNode.CreatesValidFinalizedDescriptor
2026-05-07T17:22:40.2081058Z [       OK ] TestMatmulOperationFromNode.CreatesValidFinalizedDescriptor (0 ms)
2026-05-07T17:22:40.2081177Z [ RUN      ] TestMatmulOperationFromNode.NodeFactoryDelegatesCorrectly
2026-05-07T17:22:40.2081304Z [       OK ] TestMatmulOperationFromNode.NodeFactoryDelegatesCorrectly (0 ms)
2026-05-07T17:22:40.2081422Z [ RUN      ] TestMatmulOperationFromNode.PreservesComputeDataType
2026-05-07T17:22:40.2081540Z [       OK ] TestMatmulOperationFromNode.PreservesComputeDataType (0 ms)
2026-05-07T17:22:40.2081671Z [ RUN      ] TestMatmulOperationFromNode.SetsTensorReferencesWithFullValues
2026-05-07T17:22:40.2081819Z [       OK ] TestMatmulOperationFromNode.SetsTensorReferencesWithFullValues (0 ms)
2026-05-07T17:22:40.2081984Z [ RUN      ] TestMatmulOperationFromNode.FailsWithMissingATensor
2026-05-07T17:22:40.2082102Z [       OK ] TestMatmulOperationFromNode.FailsWithMissingATensor (0 ms)
2026-05-07T17:22:40.2082204Z [ RUN      ] TestMatmulOperationFromNode.FailsWithMissingBTensor
2026-05-07T17:22:40.2082314Z [       OK ] TestMatmulOperationFromNode.FailsWithMissingBTensor (0 ms)
2026-05-07T17:22:40.2082416Z [ RUN      ] TestMatmulOperationFromNode.FailsWithMissingCTensor
2026-05-07T17:22:40.2082525Z [       OK ] TestMatmulOperationFromNode.FailsWithMissingCTensor (0 ms)
2026-05-07T17:22:40.2082662Z [ RUN      ] TestMatmulOperationFromNode.GetTensorDescriptorsReturnsAllTensors
2026-05-07T17:22:40.2082818Z [       OK ] TestMatmulOperationFromNode.GetTensorDescriptorsReturnsAllTensors (0 ms)
2026-05-07T17:22:40.2082913Z [ RUN      ] TestMatmulOperationFromNode.BuildNodeRoundTrip
2026-05-07T17:22:40.2083020Z [       OK ] TestMatmulOperationFromNode.BuildNodeRoundTrip (0 ms)
2026-05-07T17:22:40.2083142Z [ RUN      ] TestMatmulOperationFromNode.GetAttributeWorksAfterFromNode
2026-05-07T17:22:40.2083270Z [       OK ] TestMatmulOperationFromNode.GetAttributeWorksAfterFromNode (0 ms)
2026-05-07T17:22:40.2083377Z [ RUN      ] TestMatmulOperationFromNode.NamePreservedFromNode
2026-05-07T17:22:40.2083488Z [       OK ] TestMatmulOperationFromNode.NamePreservedFromNode (0 ms)
2026-05-07T17:22:40.2083598Z [ RUN      ] TestMatmulOperationFromNode.EmptyNamePreservedFromNode
2026-05-07T17:22:40.2083725Z [       OK ] TestMatmulOperationFromNode.EmptyNamePreservedFromNode (0 ms)
2026-05-07T17:22:40.2083826Z [ RUN      ] TestMatmulOperationFromNode.BuildNodePreservesName
2026-05-07T17:22:40.2083944Z [       OK ] TestMatmulOperationFromNode.BuildNodePreservesName (0 ms)
2026-05-07T17:22:40.2084046Z [----------] 13 tests from TestMatmulOperationFromNode (0 ms total)
2026-05-07T17:22:40.2084049Z 
2026-05-07T17:22:40.2084127Z [----------] 4 tests from TestGraphDescriptorMatmul
2026-05-07T17:22:40.2084252Z [ RUN      ] TestGraphDescriptorMatmul.BuildFromSingleMatmulOperation
2026-05-07T17:22:40.2084378Z [       OK ] TestGraphDescriptorMatmul.BuildFromSingleMatmulOperation (0 ms)
2026-05-07T17:22:40.2084481Z [ RUN      ] TestGraphDescriptorMatmul.ComputeDataTypePreserved
2026-05-07T17:22:40.2084598Z [       OK ] TestGraphDescriptorMatmul.ComputeDataTypePreserved (0 ms)
2026-05-07T17:22:40.2084699Z [ RUN      ] TestGraphDescriptorMatmul.NamePreservedInFlatBuffer
2026-05-07T17:22:40.2084817Z [       OK ] TestGraphDescriptorMatmul.NamePreservedInFlatBuffer (0 ms)
2026-05-07T17:22:40.2084948Z [ RUN      ] TestGraphDescriptorMatmul.OperationNameRoundTripThroughLifting
2026-05-07T17:22:40.2085091Z [       OK ] TestGraphDescriptorMatmul.OperationNameRoundTripThroughLifting (0 ms)
2026-05-07T17:22:40.2085249Z [----------] 4 tests from TestGraphDescriptorMatmul (0 ms total)
2026-05-07T17:22:40.2085253Z 
2026-05-07T17:22:40.2085348Z [----------] 5 tests from TestGraphDescriptorBatchnormBackward
2026-05-07T17:22:40.2085478Z [ RUN      ] TestGraphDescriptorBatchnormBackward.BuildFromSingleOperation
2026-05-07T17:22:40.2085628Z [       OK ] TestGraphDescriptorBatchnormBackward.BuildFromSingleOperation (0 ms)
2026-05-07T17:22:40.2085759Z [ RUN      ] TestGraphDescriptorBatchnormBackward.ComputeDataTypePreserved
2026-05-07T17:22:40.2085910Z [       OK ] TestGraphDescriptorBatchnormBackward.ComputeDataTypePreserved (0 ms)
2026-05-07T17:22:40.2086050Z [ RUN      ] TestGraphDescriptorBatchnormBackward.BuildWithPeerStatsTensorArray
2026-05-07T17:22:40.2086203Z [       OK ] TestGraphDescriptorBatchnormBackward.BuildWithPeerStatsTensorArray (0 ms)
2026-05-07T17:22:40.2086371Z [ RUN      ] TestGraphDescriptorBatchnormBackward.OperationNamePreservedInSerialization
2026-05-07T17:22:40.2086557Z [       OK ] TestGraphDescriptorBatchnormBackward.OperationNamePreservedInSerialization (0 ms)
2026-05-07T17:22:40.2086716Z [ RUN      ] TestGraphDescriptorBatchnormBackward.OperationNameRoundTripThroughLifting
2026-05-07T17:22:40.2086961Z [       OK ] TestGraphDescriptorBatchnormBackward.OperationNameRoundTripThroughLifting (0 ms)
2026-05-07T17:22:40.2087074Z [----------] 5 tests from TestGraphDescriptorBatchnormBackward (0 ms total)
2026-05-07T17:22:40.2087077Z 
2026-05-07T17:22:40.2087172Z [----------] 4 tests from TestGraphDescriptorConvolutionBwd
2026-05-07T17:22:40.2087293Z [ RUN      ] TestGraphDescriptorConvolutionBwd.BuildFromSingleOperation
2026-05-07T17:22:40.2087425Z [       OK ] TestGraphDescriptorConvolutionBwd.BuildFromSingleOperation (0 ms)
2026-05-07T17:22:40.2087545Z [ RUN      ] TestGraphDescriptorConvolutionBwd.ComputeDataTypePreserved
2026-05-07T17:22:40.2087675Z [       OK ] TestGraphDescriptorConvolutionBwd.ComputeDataTypePreserved (0 ms)
2026-05-07T17:22:40.2087839Z [ RUN      ] TestGraphDescriptorConvolutionBwd.OperationNamePreservedInSerialization
2026-05-07T17:22:40.2088010Z [       OK ] TestGraphDescriptorConvolutionBwd.OperationNamePreservedInSerialization (0 ms)
2026-05-07T17:22:40.2088167Z [ RUN      ] TestGraphDescriptorConvolutionBwd.OperationNameRoundTripThroughLifting
2026-05-07T17:22:40.2088333Z [       OK ] TestGraphDescriptorConvolutionBwd.OperationNameRoundTripThroughLifting (0 ms)
2026-05-07T17:22:40.2088441Z [----------] 4 tests from TestGraphDescriptorConvolutionBwd (0 ms total)
2026-05-07T17:22:40.2088444Z 
2026-05-07T17:22:40.2088577Z [----------] 47 tests from TestBatchnormInferenceVarianceExtOperationDescriptor
2026-05-07T17:22:40.2088726Z [ RUN      ] TestBatchnormInferenceVarianceExtOperationDescriptor.CreateDescriptor
2026-05-07T17:22:40.2088895Z [       OK ] TestBatchnormInferenceVarianceExtOperationDescriptor.CreateDescriptor (0 ms)
2026-05-07T17:22:40.2089086Z [ RUN      ] TestBatchnormInferenceVarianceExtOperationDescriptor.FinalizeWithRequiredAttributes
2026-05-07T17:22:40.2089298Z [       OK ] TestBatchnormInferenceVarianceExtOperationDescriptor.FinalizeWithRequiredAttributes (0 ms)
2026-05-07T17:22:40.2089489Z [ RUN      ] TestBatchnormInferenceVarianceExtOperationDescriptor.FinalizeFailsWithoutXTensor
2026-05-07T17:22:40.2089689Z [       OK ] TestBatchnormInferenceVarianceExtOperationDescriptor.FinalizeFailsWithoutXTensor (0 ms)
2026-05-07T17:22:40.2089880Z [ RUN      ] TestBatchnormInferenceVarianceExtOperationDescriptor.FinalizeFailsWithoutMeanTensor
2026-05-07T17:22:40.2090090Z [       OK ] TestBatchnormInferenceVarianceExtOperationDescriptor.FinalizeFailsWithoutMeanTensor (0 ms)
2026-05-07T17:22:40.2090291Z [ RUN      ] TestBatchnormInferenceVarianceExtOperationDescriptor.FinalizeFailsWithoutVarianceTensor
2026-05-07T17:22:40.2090516Z [       OK ] TestBatchnormInferenceVarianceExtOperationDescriptor.FinalizeFailsWithoutVarianceTensor (0 ms)
2026-05-07T17:22:40.2090780Z [ RUN      ] TestBatchnormInferenceVarianceExtOperationDescriptor.FinalizeFailsWithoutScaleTensor
2026-05-07T17:22:40.2090993Z [       OK ] TestBatchnormInferenceVarianceExtOperationDescriptor.FinalizeFailsWithoutScaleTensor (0 ms)
2026-05-07T17:22:40.2091186Z [ RUN      ] TestBatchnormInferenceVarianceExtOperationDescriptor.FinalizeFailsWithoutBiasTensor
2026-05-07T17:22:40.2091390Z [       OK ] TestBatchnormInferenceVarianceExtOperationDescriptor.FinalizeFailsWithoutBiasTensor (0 ms)
2026-05-07T17:22:40.2091584Z [ RUN      ] TestBatchnormInferenceVarianceExtOperationDescriptor.FinalizeFailsWithoutYTensor
2026-05-07T17:22:40.2091776Z [       OK ] TestBatchnormInferenceVarianceExtOperationDescriptor.FinalizeFailsWithoutYTensor (0 ms)
2026-05-07T17:22:40.2092057Z [ RUN      ] TestBatchnormInferenceVarianceExtOperationDescriptor.FinalizeFailsWithoutEpsilonTensor
2026-05-07T17:22:40.2092285Z [       OK ] TestBatchnormInferenceVarianceExtOperationDescriptor.FinalizeFailsWithoutEpsilonTensor (0 ms)
2026-05-07T17:22:40.2092478Z [ RUN      ] TestBatchnormInferenceVarianceExtOperationDescriptor.FinalizeFailsWithoutComputeType
2026-05-07T17:22:40.2092687Z [       OK ] TestBatchnormInferenceVarianceExtOperationDescriptor.FinalizeFailsWithoutComputeType (0 ms)
2026-05-07T17:22:40.2092919Z [ RUN      ] TestBatchnormInferenceVarianceExtOperationDescriptor.SetTensorDescriptorX
2026-05-07T17:22:40.2093093Z [       OK ] TestBatchnormInferenceVarianceExtOperationDescriptor.SetTensorDescriptorX (0 ms)
2026-05-07T17:22:40.2093273Z [ RUN      ] TestBatchnormInferenceVarianceExtOperationDescriptor.SetTensorDescriptorMean
2026-05-07T17:22:40.2093463Z [       OK ] TestBatchnormInferenceVarianceExtOperationDescriptor.SetTensorDescriptorMean (0 ms)
2026-05-07T17:22:40.2093648Z [ RUN      ] TestBatchnormInferenceVarianceExtOperationDescriptor.SetTensorDescriptorVariance
2026-05-07T17:22:40.2093856Z [       OK ] TestBatchnormInferenceVarianceExtOperationDescriptor.SetTensorDescriptorVariance (0 ms)
2026-05-07T17:22:40.2094032Z [ RUN      ] TestBatchnormInferenceVarianceExtOperationDescriptor.SetTensorDescriptorScale
2026-05-07T17:22:40.2094225Z [       OK ] TestBatchnormInferenceVarianceExtOperationDescriptor.SetTensorDescriptorScale (0 ms)
2026-05-07T17:22:40.2094393Z [ RUN      ] TestBatchnormInferenceVarianceExtOperationDescriptor.SetTensorDescriptorBias
2026-05-07T17:22:40.2094583Z [       OK ] TestBatchnormInferenceVarianceExtOperationDescriptor.SetTensorDescriptorBias (0 ms)
2026-05-07T17:22:40.2094751Z [ RUN      ] TestBatchnormInferenceVarianceExtOperationDescriptor.SetTensorDescriptorY
2026-05-07T17:22:40.2094925Z [       OK ] TestBatchnormInferenceVarianceExtOperationDescriptor.SetTensorDescriptorY (0 ms)
2026-05-07T17:22:40.2095103Z [ RUN      ] TestBatchnormInferenceVarianceExtOperationDescriptor.SetTensorDescriptorEpsilon
2026-05-07T17:22:40.2095309Z [       OK ] TestBatchnormInferenceVarianceExtOperationDescriptor.SetTensorDescriptorEpsilon (0 ms)
2026-05-07T17:22:40.2095492Z [ RUN      ] TestBatchnormInferenceVarianceExtOperationDescriptor.SetTensorFailsNotFinalized
2026-05-07T17:22:40.2095696Z [       OK ] TestBatchnormInferenceVarianceExtOperationDescriptor.SetTensorFailsNotFinalized (0 ms)
2026-05-07T17:22:40.2095867Z [ RUN      ] TestBatchnormInferenceVarianceExtOperationDescriptor.SetTensorFailsWrongType
2026-05-07T17:22:40.2096059Z [       OK ] TestBatchnormInferenceVarianceExtOperationDescriptor.SetTensorFailsWrongType (0 ms)
2026-05-07T17:22:40.2096263Z [ RUN      ] TestBatchnormInferenceVarianceExtOperationDescriptor.SetTensorFailsWrongElementCount
2026-05-07T17:22:40.2096479Z [       OK ] TestBatchnormInferenceVarianceExtOperationDescriptor.SetTensorFailsWrongElementCount (0 ms)
2026-05-07T17:22:40.2096659Z [ RUN      ] TestBatchnormInferenceVarianceExtOperationDescriptor.SetTensorFailsNullPointer
2026-05-07T17:22:40.2096851Z [       OK ] TestBatchnormInferenceVarianceExtOperationDescriptor.SetTensorFailsNullPointer (0 ms)
2026-05-07T17:22:40.2097006Z [ RUN      ] TestBatchnormInferenceVarianceExtOperationDescriptor.SetComputeDataType
2026-05-07T17:22:40.2097250Z [       OK ] TestBatchnormInferenceVarianceExtOperationDescriptor.SetComputeDataType (0 ms)
2026-05-07T17:22:40.2097498Z [ RUN      ] TestBatchnormInferenceVarianceExtOperationDescriptor.SetComputeDataTypeWrongElementCount
2026-05-07T17:22:40.2097724Z [       OK ] TestBatchnormInferenceVarianceExtOperationDescriptor.SetComputeDataTypeWrongElementCount (0 ms)
2026-05-07T17:22:40.2097915Z [ RUN      ] TestBatchnormInferenceVarianceExtOperationDescriptor.SetAttributeFailsAfterFinalize
2026-05-07T17:22:40.2098116Z [       OK ] TestBatchnormInferenceVarianceExtOperationDescriptor.SetAttributeFailsAfterFinalize (0 ms)
2026-05-07T17:22:40.2098288Z [ RUN      ] TestBatchnormInferenceVarianceExtOperationDescriptor.SetAttributeUnsupported
2026-05-07T17:22:40.2098467Z [       OK ] TestBatchnormInferenceVarianceExtOperationDescriptor.SetAttributeUnsupported (0 ms)
2026-05-07T17:22:40.2098649Z [ RUN      ] TestBatchnormInferenceVarianceExtOperationDescriptor.GetAttributeTensorDescriptor
2026-05-07T17:22:40.2098859Z [       OK ] TestBatchnormInferenceVarianceExtOperationDescriptor.GetAttributeTensorDescriptor (0 ms)
2026-05-07T17:22:40.2099031Z [ RUN      ] TestBatchnormInferenceVarianceExtOperationDescriptor.GetAttributeComputeType
2026-05-07T17:22:40.2099276Z [       OK ] TestBatchnormInferenceVarianceExtOperationDescriptor.GetAttributeComputeType (0 ms)
2026-05-07T17:22:40.2099468Z [ RUN      ] TestBatchnormInferenceVarianceExtOperationDescriptor.GetAttributeFailsBeforeFinalize
2026-05-07T17:22:40.2099677Z [       OK ] TestBatchnormInferenceVarianceExtOperationDescriptor.GetAttributeFailsBeforeFinalize (0 ms)
2026-05-07T17:22:40.2099864Z [ RUN      ] TestBatchnormInferenceVarianceExtOperationDescriptor.GetAttributeFailsNullPointer
2026-05-07T17:22:40.2100062Z [       OK ] TestBatchnormInferenceVarianceExtOperationDescriptor.GetAttributeFailsNullPointer (0 ms)
2026-05-07T17:22:40.2100229Z [ RUN      ] TestBatchnormInferenceVarianceExtOperationDescriptor.GetAttributeUnsupported
2026-05-07T17:22:40.2100423Z [       OK ] TestBatchnormInferenceVarianceExtOperationDescriptor.GetAttributeUnsupported (0 ms)
2026-05-07T17:22:40.2100625Z [ RUN      ] TestBatchnormInferenceVarianceExtOperationDescriptor.GetAttributeTensorXQueryReturnsOne
2026-05-07T17:22:40.2100853Z [       OK ] TestBatchnormInferenceVarianceExtOperationDescriptor.GetAttributeTensorXQueryReturnsOne (0 ms)
2026-05-07T17:22:40.2101064Z [ RUN      ] TestBatchnormInferenceVarianceExtOperationDescriptor.GetAttributeTensorMeanQueryReturnsOne
2026-05-07T17:22:40.2101294Z [       OK ] TestBatchnormInferenceVarianceExtOperationDescriptor.GetAttributeTensorMeanQueryReturnsOne (0 ms)
2026-05-07T17:22:40.2101526Z [ RUN      ] TestBatchnormInferenceVarianceExtOperationDescriptor.GetAttributeTensorVarianceQueryReturnsOne
2026-05-07T17:22:40.2101767Z [       OK ] TestBatchnormInferenceVarianceExtOperationDescriptor.GetAttributeTensorVarianceQueryReturnsOne (0 ms)
2026-05-07T17:22:40.2101997Z [ RUN      ] TestBatchnormInferenceVarianceExtOperationDescriptor.GetAttributeTensorScaleQueryReturnsOne
2026-05-07T17:22:40.2102229Z [       OK ] TestBatchnormInferenceVarianceExtOperationDescriptor.GetAttributeTensorScaleQueryReturnsOne (0 ms)
2026-05-07T17:22:40.2102451Z [ RUN      ] TestBatchnormInferenceVarianceExtOperationDescriptor.GetAttributeTensorBiasQueryReturnsOne
2026-05-07T17:22:40.2102684Z [       OK ] TestBatchnormInferenceVarianceExtOperationDescriptor.GetAttributeTensorBiasQueryReturnsOne (0 ms)
2026-05-07T17:22:40.2102892Z [ RUN      ] TestBatchnormInferenceVarianceExtOperationDescriptor.GetAttributeTensorYQueryReturnsOne
2026-05-07T17:22:40.2103116Z [       OK ] TestBatchnormInferenceVarianceExtOperationDescriptor.GetAttributeTensorYQueryReturnsOne (0 ms)
2026-05-07T17:22:40.2103342Z [ RUN      ] TestBatchnormInferenceVarianceExtOperationDescriptor.GetAttributeTensorEpsilonQueryReturnsOne
2026-05-07T17:22:40.2103579Z [       OK ] TestBatchnormInferenceVarianceExtOperationDescriptor.GetAttributeTensorEpsilonQueryReturnsOne (0 ms)
2026-05-07T17:22:40.2104264Z [ RUN      ] TestBatchnormInferenceVarianceExtOperationDescriptor.GetAttributeComputeTypeQueryReturnsOne
2026-05-07T17:22:40.2104499Z [       OK ] TestBatchnormInferenceVarianceExtOperationDescriptor.GetAttributeComputeTypeQueryReturnsOne (0 ms)
2026-05-07T17:22:40.2104736Z [ RUN      ] TestBatchnormInferenceVarianceExtOperationDescriptor.GetAttributeTensorQueryFailsNullElementCount
2026-05-07T17:22:40.2104994Z [       OK ] TestBatchnormInferenceVarianceExtOperationDescriptor.GetAttributeTensorQueryFailsNullElementCount (0 ms)
2026-05-07T17:22:40.2105190Z [ RUN      ] TestBatchnormInferenceVarianceExtOperationDescriptor.FinalizePreservesTensorReferences
2026-05-07T17:22:40.2105411Z [       OK ] TestBatchnormInferenceVarianceExtOperationDescriptor.FinalizePreservesTensorReferences (0 ms)
2026-05-07T17:22:40.2105597Z [ RUN      ] TestBatchnormInferenceVarianceExtOperationDescriptor.ToStringContainsExpectedInfo
2026-05-07T17:22:40.2105797Z [       OK ] TestBatchnormInferenceVarianceExtOperationDescriptor.ToStringContainsExpectedInfo (0 ms)
2026-05-07T17:22:40.2106012Z [ RUN      ] TestBatchnormInferenceVarianceExtOperationDescriptor.GetTensorDescriptorsReturnsAllTensors
2026-05-07T17:22:40.2106466Z [       OK ] TestBatchnormInferenceVarianceExtOperationDescriptor.GetTensorDescriptorsReturnsAllTensors (0 ms)
2026-05-07T17:22:40.2106661Z [ RUN      ] TestBatchnormInferenceVarianceExtOperationDescriptor.BuildNodeProducesCorrectNodeT
2026-05-07T17:22:40.2106864Z [       OK ] TestBatchnormInferenceVarianceExtOperationDescriptor.BuildNodeProducesCorrectNodeT (0 ms)
2026-05-07T17:22:40.2107048Z [ RUN      ] TestBatchnormInferenceVarianceExtOperationDescriptor.BuildNodeWithHalfComputeType
2026-05-07T17:22:40.2107253Z [       OK ] TestBatchnormInferenceVarianceExtOperationDescriptor.BuildNodeWithHalfComputeType (0 ms)
2026-05-07T17:22:40.2107537Z [ RUN      ] TestBatchnormInferenceVarianceExtOperationDescriptor.GetTensorDescriptorsOrderIsXMeanVarianceScaleBiasYEpsilon
2026-05-07T17:22:40.2107842Z [       OK ] TestBatchnormInferenceVarianceExtOperationDescriptor.GetTensorDescriptorsOrderIsXMeanVarianceScaleBiasYEpsilon (0 ms)
2026-05-07T17:22:40.2108047Z [ RUN      ] TestBatchnormInferenceVarianceExtOperationDescriptor.TryAsInterfaceReturnsValidGraphOp
2026-05-07T17:22:40.2108273Z [       OK ] TestBatchnormInferenceVarianceExtOperationDescriptor.TryAsInterfaceReturnsValidGraphOp (0 ms)
2026-05-07T17:22:40.2108499Z [ RUN      ] TestBatchnormInferenceVarianceExtOperationDescriptor.TryAsInterfaceReturnsNullForWrongType
2026-05-07T17:22:40.2108736Z [       OK ] TestBatchnormInferenceVarianceExtOperationDescriptor.TryAsInterfaceReturnsNullForWrongType (0 ms)
2026-05-07T17:22:40.2108894Z [----------] 47 tests from TestBatchnormInferenceVarianceExtOperationDescriptor (0 ms total)
2026-05-07T17:22:40.2108903Z 
2026-05-07T17:22:40.2109031Z [----------] 20 tests from TestBatchnormInferenceVarianceExtOperationFromNode
2026-05-07T17:22:40.2109224Z [ RUN      ] TestBatchnormInferenceVarianceExtOperationFromNode.CreatesValidFinalizedDescriptor
2026-05-07T17:22:40.2109434Z [       OK ] TestBatchnormInferenceVarianceExtOperationFromNode.CreatesValidFinalizedDescriptor (0 ms)
2026-05-07T17:22:40.2109622Z [ RUN      ] TestBatchnormInferenceVarianceExtOperationFromNode.NodeFactoryDelegatesCorrectly
2026-05-07T17:22:40.2109816Z [       OK ] TestBatchnormInferenceVarianceExtOperationFromNode.NodeFactoryDelegatesCorrectly (0 ms)
2026-05-07T17:22:40.2109990Z [ RUN      ] TestBatchnormInferenceVarianceExtOperationFromNode.PreservesComputeDataType
2026-05-07T17:22:40.2110178Z [       OK ] TestBatchnormInferenceVarianceExtOperationFromNode.PreservesComputeDataType (0 ms)
2026-05-07T17:22:40.2110340Z [ RUN      ] TestBatchnormInferenceVarianceExtOperationFromNode.SetsTensorReferences
2026-05-07T17:22:40.2110510Z [       OK ] TestBatchnormInferenceVarianceExtOperationFromNode.SetsTensorReferences (0 ms)
2026-05-07T17:22:40.2110700Z [ RUN      ] TestBatchnormInferenceVarianceExtOperationFromNode.TensorReferencesMatchTensorMap
2026-05-07T17:22:40.2111178Z [       OK ] TestBatchnormInferenceVarianceExtOperationFromNode.TensorReferencesMatchTensorMap (0 ms)
2026-05-07T17:22:40.2111374Z [ RUN      ] TestBatchnormInferenceVarianceExtOperationFromNode.SetsTensorReferencesWithFullValues
2026-05-07T17:22:40.2111595Z [       OK ] TestBatchnormInferenceVarianceExtOperationFromNode.SetsTensorReferencesWithFullValues (0 ms)
2026-05-07T17:22:40.2111760Z [ RUN      ] TestBatchnormInferenceVarianceExtOperationFromNode.FailsWithMissingXTensor
2026-05-07T17:22:40.2111937Z [       OK ] TestBatchnormInferenceVarianceExtOperationFromNode.FailsWithMissingXTensor (0 ms)
2026-05-07T17:22:40.2112114Z [ RUN      ] TestBatchnormInferenceVarianceExtOperationFromNode.FailsWithMissingMeanTensor
2026-05-07T17:22:40.2112300Z [       OK ] TestBatchnormInferenceVarianceExtOperationFromNode.FailsWithMissingMeanTensor (0 ms)
2026-05-07T17:22:40.2112482Z [ RUN      ] TestBatchnormInferenceVarianceExtOperationFromNode.FailsWithMissingVarianceTensor
2026-05-07T17:22:40.2112697Z [       OK ] TestBatchnormInferenceVarianceExtOperationFromNode.FailsWithMissingVarianceTensor (0 ms)
2026-05-07T17:22:40.2112871Z [ RUN      ] TestBatchnormInferenceVarianceExtOperationFromNode.FailsWithMissingScaleTensor
2026-05-07T17:22:40.2113225Z [       OK ] TestBatchnormInferenceVarianceExtOperationFromNode.FailsWithMissingScaleTensor (0 ms)
2026-05-07T17:22:40.2113398Z [ RUN      ] TestBatchnormInferenceVarianceExtOperationFromNode.FailsWithMissingBiasTensor
2026-05-07T17:22:40.2113584Z [       OK ] TestBatchnormInferenceVarianceExtOperationFromNode.FailsWithMissingBiasTensor (0 ms)
2026-05-07T17:22:40.2113751Z [ RUN      ] TestBatchnormInferenceVarianceExtOperationFromNode.FailsWithMissingYTensor
2026-05-07T17:22:40.2113927Z [       OK ] TestBatchnormInferenceVarianceExtOperationFromNode.FailsWithMissingYTensor (0 ms)
2026-05-07T17:22:40.2114111Z [ RUN      ] TestBatchnormInferenceVarianceExtOperationFromNode.FailsWithMissingEpsilonTensor
2026-05-07T17:22:40.2114311Z [       OK ] TestBatchnormInferenceVarianceExtOperationFromNode.FailsWithMissingEpsilonTensor (0 ms)
2026-05-07T17:22:40.2114516Z [ RUN      ] TestBatchnormInferenceVarianceExtOperationFromNode.GetTensorDescriptorsReturnsAllTensors
2026-05-07T17:22:40.2114747Z [       OK ] TestBatchnormInferenceVarianceExtOperationFromNode.GetTensorDescriptorsReturnsAllTensors (0 ms)
2026-05-07T17:22:40.2114902Z [ RUN      ] TestBatchnormInferenceVarianceExtOperationFromNode.BuildNodeRoundTrip
2026-05-07T17:22:40.2115067Z [       OK ] TestBatchnormInferenceVarianceExtOperationFromNode.BuildNodeRoundTrip (0 ms)
2026-05-07T17:22:40.2115255Z [ RUN      ] TestBatchnormInferenceVarianceExtOperationFromNode.GetAttributeWorksAfterFromNode
2026-05-07T17:22:40.2115456Z [       OK ] TestBatchnormInferenceVarianceExtOperationFromNode.GetAttributeWorksAfterFromNode (0 ms)
2026-05-07T17:22:40.2115620Z [ RUN      ] TestBatchnormInferenceVarianceExtOperationFromNode.NamePreservedFromNode
2026-05-07T17:22:40.2115794Z [       OK ] TestBatchnormInferenceVarianceExtOperationFromNode.NamePreservedFromNode (0 ms)
2026-05-07T17:22:40.2115972Z [ RUN      ] TestBatchnormInferenceVarianceExtOperationFromNode.EmptyNamePreservedFromNode
2026-05-07T17:22:40.2116165Z [       OK ] TestBatchnormInferenceVarianceExtOperationFromNode.EmptyNamePreservedFromNode (0 ms)
2026-05-07T17:22:40.2116328Z [ RUN      ] TestBatchnormInferenceVarianceExtOperationFromNode.BuildNodePreservesName
2026-05-07T17:22:40.2116505Z [       OK ] TestBatchnormInferenceVarianceExtOperationFromNode.BuildNodePreservesName (0 ms)
2026-05-07T17:22:40.2116669Z [ RUN      ] TestBatchnormInferenceVarianceExtOperationFromNode.ToStringIncludesName
2026-05-07T17:22:40.2116836Z [       OK ] TestBatchnormInferenceVarianceExtOperationFromNode.ToStringIncludesName (0 ms)
2026-05-07T17:22:40.2116991Z [----------] 20 tests from TestBatchnormInferenceVarianceExtOperationFromNode (0 ms total)
2026-05-07T17:22:40.2116994Z 
2026-05-07T17:22:40.2117419Z [----------] 4 tests from TestGraphDescriptorBatchnormInferenceVarianceExt
2026-05-07T17:22:40.2117582Z [ RUN      ] TestGraphDescriptorBatchnormInferenceVarianceExt.BuildFromSingleOperation
2026-05-07T17:22:40.2117761Z [       OK ] TestGraphDescriptorBatchnormInferenceVarianceExt.BuildFromSingleOperation (0 ms)
2026-05-07T17:22:40.2117924Z [ RUN      ] TestGraphDescriptorBatchnormInferenceVarianceExt.ComputeDataTypePreserved
2026-05-07T17:22:40.2118107Z [       OK ] TestGraphDescriptorBatchnormInferenceVarianceExt.ComputeDataTypePreserved (0 ms)
2026-05-07T17:22:40.2118321Z [ RUN      ] TestGraphDescriptorBatchnormInferenceVarianceExt.OperationNamePreservedInSerialization
2026-05-07T17:22:40.2118539Z [       OK ] TestGraphDescriptorBatchnormInferenceVarianceExt.OperationNamePreservedInSerialization (0 ms)
2026-05-07T17:22:40.2118745Z [ RUN      ] TestGraphDescriptorBatchnormInferenceVarianceExt.OperationNameRoundTripThroughLifting
2026-05-07T17:22:40.2118963Z [       OK ] TestGraphDescriptorBatchnormInferenceVarianceExt.OperationNameRoundTripThroughLifting (0 ms)
2026-05-07T17:22:40.2119110Z [----------] 4 tests from TestGraphDescriptorBatchnormInferenceVarianceExt (0 ms total)
2026-05-07T17:22:40.2119114Z 
2026-05-07T17:22:40.2119362Z [----------] 3 tests from TestGraphDescriptorLayernorm
2026-05-07T17:22:40.2119472Z [ RUN      ] TestGraphDescriptorLayernorm.BuildFromSingleOperation
2026-05-07T17:22:40.2119604Z [       OK ] TestGraphDescriptorLayernorm.BuildFromSingleOperation (0 ms)
2026-05-07T17:22:40.2119719Z [ RUN      ] TestGraphDescriptorLayernorm.ComputeDataTypePreserved
2026-05-07T17:22:40.2119847Z [       OK ] TestGraphDescriptorLayernorm.ComputeDataTypePreserved (0 ms)
2026-05-07T17:22:40.2120006Z [ RUN      ] TestGraphDescriptorLayernorm.BuildFromOperationWithoutOptionalTensors
2026-05-07T17:22:40.2120173Z [       OK ] TestGraphDescriptorLayernorm.BuildFromOperationWithoutOptionalTensors (0 ms)
2026-05-07T17:22:40.2120275Z [----------] 3 tests from TestGraphDescriptorLayernorm (0 ms total)
2026-05-07T17:22:40.2120278Z 
2026-05-07T17:22:40.2120357Z [----------] 39 tests from TestGraphDescriptorOps
2026-05-07T17:22:40.2120461Z [ RUN      ] TestGraphDescriptorOps.BuildFromSingleOperation
2026-05-07T17:22:40.2120575Z [       OK ] TestGraphDescriptorOps.BuildFromSingleOperation (0 ms)
2026-05-07T17:22:40.2120683Z [ RUN      ] TestGraphDescriptorOps.BuildFromMultipleOperations
2026-05-07T17:22:40.2120799Z [       OK ] TestGraphDescriptorOps.BuildFromMultipleOperations (0 ms)
2026-05-07T17:22:40.2120894Z [ RUN      ] TestGraphDescriptorOps.TensorDeduplication
2026-05-07T17:22:40.2120990Z [       OK ] TestGraphDescriptorOps.TensorDeduplication (0 ms)
2026-05-07T17:22:40.2121092Z [ RUN      ] TestGraphDescriptorOps.ComputeDataTypePreserved
2026-05-07T17:22:40.2121200Z [       OK ] TestGraphDescriptorOps.ComputeDataTypePreserved (0 ms)
2026-05-07T17:22:40.2121312Z [ RUN      ] TestGraphDescriptorOps.ConvolutionAttributesPreserved
2026-05-07T17:22:40.2121437Z [       OK ] TestGraphDescriptorOps.ConvolutionAttributesPreserved (0 ms)
2026-05-07T17:22:40.2121544Z [ RUN      ] TestGraphDescriptorOps.SetOperationsAndHandleAnyOrder
2026-05-07T17:22:40.2121659Z [       OK ] TestGraphDescriptorOps.SetOperationsAndHandleAnyOrder (0 ms)
2026-05-07T17:22:40.2121770Z [ RUN      ] TestGraphDescriptorOps.SetOperationsMultipleBatches
2026-05-07T17:22:40.2121885Z [       OK ] TestGraphDescriptorOps.SetOperationsMultipleBatches (0 ms)
2026-05-07T17:22:40.2121997Z [ RUN      ] TestGraphDescriptorOps.SetOperationsFailsUnfinalized
2026-05-07T17:22:40.2122114Z [       OK ] TestGraphDescriptorOps.SetOperationsFailsUnfinalized (0 ms)
2026-05-07T17:22:40.2122228Z [ RUN      ] TestGraphDescriptorOps.SetOperationsFailsNullDescriptor
2026-05-07T17:22:40.2122365Z [       OK ] TestGraphDescriptorOps.SetOperationsFailsNullDescriptor (0 ms)
2026-05-07T17:22:40.2122470Z [ RUN      ] TestGraphDescriptorOps.SetOperationsFailsWrongType
2026-05-07T17:22:40.2122578Z [       OK ] TestGraphDescriptorOps.SetOperationsFailsWrongType (0 ms)
2026-05-07T17:22:40.2122957Z [ RUN      ] TestGraphDescriptorOps.SetOperationsFailsAfterFinalize
2026-05-07T17:22:40.2123082Z [       OK ] TestGraphDescriptorOps.SetOperationsFailsAfterFinalize (0 ms)
2026-05-07T17:22:40.2123186Z [ RUN      ] TestGraphDescriptorOps.FinalizeFailsWithoutHandle
2026-05-07T17:22:40.2123295Z [       OK ] TestGraphDescriptorOps.FinalizeFailsWithoutHandle (0 ms)
2026-05-07T17:22:40.2123420Z [ RUN      ] TestGraphDescriptorOps.FinalizeFailsWithoutOperationsOrGraph
2026-05-07T17:22:40.2123564Z [       OK ] TestGraphDescriptorOps.FinalizeFailsWithoutOperationsOrGraph (0 ms)
2026-05-07T17:22:40.2123663Z [ RUN      ] TestGraphDescriptorOps.SerializedGraphVerifiable
2026-05-07T17:22:40.2123770Z [       OK ] TestGraphDescriptorOps.SerializedGraphVerifiable (0 ms)
2026-05-07T17:22:40.2123874Z [ RUN      ] TestGraphDescriptorOps.SerializedGraphUnpackable
2026-05-07T17:22:40.2123978Z [       OK ] TestGraphDescriptorOps.SerializedGraphUnpackable (0 ms)
2026-05-07T17:22:40.2124087Z [ RUN      ] TestGraphDescriptorOps.GetSerializedGraphMultipleCalls
2026-05-07T17:22:40.2124214Z [       OK ] TestGraphDescriptorOps.GetSerializedGraphMultipleCalls (0 ms)
2026-05-07T17:22:40.2124310Z [ RUN      ] TestGraphDescriptorOps.GraphHasCorrectNodeCount
2026-05-07T17:22:40.2124577Z [       OK ] TestGraphDescriptorOps.GraphHasCorrectNodeCount (0 ms)
2026-05-07T17:22:40.2124678Z [ RUN      ] TestGraphDescriptorOps.GraphHasCorrectTensorCount
2026-05-07T17:22:40.2124787Z [       OK ] TestGraphDescriptorOps.GraphHasCorrectTensorCount (0 ms)
2026-05-07T17:22:40.2124896Z [ RUN      ] TestGraphDescriptorOps.GraphLevelDataTypesPreserved
2026-05-07T17:22:40.2125010Z [       OK ] TestGraphDescriptorOps.GraphLevelDataTypesPreserved (0 ms)
2026-05-07T17:22:40.2125110Z [ RUN      ] TestGraphDescriptorOps.PreferredEngineIdPreserved
2026-05-07T17:22:40.2125223Z [       OK ] TestGraphDescriptorOps.PreferredEngineIdPreserved (0 ms)
2026-05-07T17:22:40.2125337Z [ RUN      ] TestGraphDescriptorOps.GraphLevelDataTypesDefaultToUnset
2026-05-07T17:22:40.2125472Z [       OK ] TestGraphDescriptorOps.GraphLevelDataTypesDefaultToUnset (0 ms)
2026-05-07T17:22:40.2125578Z [ RUN      ] TestGraphDescriptorOps.SharedTensorDifferentPositions
2026-05-07T17:22:40.2125703Z [       OK ] TestGraphDescriptorOps.SharedTensorDifferentPositions (0 ms)
2026-05-07T17:22:40.2125871Z [ RUN      ] TestGraphDescriptorOps.FinalizeFailsDuplicateTensorUidDifferentDescriptors
2026-05-07T17:22:40.2126051Z [       OK ] TestGraphDescriptorOps.FinalizeFailsDuplicateTensorUidDifferentDescriptors (0 ms)
2026-05-07T17:22:40.2126190Z [ RUN      ] TestGraphDescriptorOps.SetOperationsRejectsNonOperationDescriptor
2026-05-07T17:22:40.2126349Z [       OK ] TestGraphDescriptorOps.SetOperationsRejectsNonOperationDescriptor (0 ms)
2026-05-07T17:22:40.2126464Z [ RUN      ] TestGraphDescriptorOps.GetAttributeReturnsOperationCount
2026-05-07T17:22:40.2126594Z [       OK ] TestGraphDescriptorOps.GetAttributeReturnsOperationCount (0 ms)
2026-05-07T17:22:40.2126732Z [ RUN      ] TestGraphDescriptorOps.GetAttributeReturnsOperationCountMultiple
2026-05-07T17:22:40.2126882Z [       OK ] TestGraphDescriptorOps.GetAttributeReturnsOperationCountMultiple (0 ms)
2026-05-07T17:22:40.2126996Z [ RUN      ] TestGraphDescriptorOps.GetAttributeReturnsOperations
2026-05-07T17:22:40.2127114Z [       OK ] TestGraphDescriptorOps.GetAttributeReturnsOperations (0 ms)
2026-05-07T17:22:40.2127231Z [ RUN      ] TestGraphDescriptorOps.GetAttributeReturnsComputeDataType
2026-05-07T17:22:40.2127365Z [       OK ] TestGraphDescriptorOps.GetAttributeReturnsComputeDataType (0 ms)
2026-05-07T17:22:40.2127495Z [ RUN      ] TestGraphDescriptorOps.GetAttributeReturnsIntermediateDataType
2026-05-07T17:22:40.2127647Z [       OK ] TestGraphDescriptorOps.GetAttributeReturnsIntermediateDataType (0 ms)
2026-05-07T17:22:40.2127754Z [ RUN      ] TestGraphDescriptorOps.GetAttributeReturnsIoDataType
2026-05-07T17:22:40.2127870Z [       OK ] TestGraphDescriptorOps.GetAttributeReturnsIoDataType (0 ms)
2026-05-07T17:22:40.2128262Z [ RUN      ] TestGraphDescriptorOps.GetAttributeReturnsPreferredEngineId
2026-05-07T17:22:40.2128399Z [       OK ] TestGraphDescriptorOps.GetAttributeReturnsPreferredEngineId (0 ms)
2026-05-07T17:22:40.2128542Z [ RUN      ] TestGraphDescriptorOps.GetAttributePreferredEngineIdCountWhenUnset
2026-05-07T17:22:40.2128705Z [       OK ] TestGraphDescriptorOps.GetAttributePreferredEngineIdCountWhenUnset (0 ms)
2026-05-07T17:22:40.2128817Z [ RUN      ] TestGraphDescriptorOps.OperationsPreservedAfterFinalize
2026-05-07T17:22:40.2128949Z [       OK ] TestGraphDescriptorOps.OperationsPreservedAfterFinalize (0 ms)
2026-05-07T17:22:40.2129058Z [ RUN      ] TestGraphDescriptorOps.GetAttributeWrongTypeForDataType
2026-05-07T17:22:40.2129181Z [       OK ] TestGraphDescriptorOps.GetAttributeWrongTypeForDataType (0 ms)
2026-05-07T17:22:40.2129318Z [ RUN      ] TestGraphDescriptorOps.GetAttributeWrongTypeForPreferredEngineId
2026-05-07T17:22:40.2129474Z [       OK ] TestGraphDescriptorOps.GetAttributeWrongTypeForPreferredEngineId (0 ms)
2026-05-07T17:22:40.2129570Z [ RUN      ] TestGraphDescriptorOps.GetAttributeReturnsName
2026-05-07T17:22:40.2129677Z [       OK ] TestGraphDescriptorOps.GetAttributeReturnsName (0 ms)
2026-05-07T17:22:40.2129943Z [ RUN      ] TestGraphDescriptorOps.GetAttributeNameCountWhenUnset
2026-05-07T17:22:40.2130069Z [       OK ] TestGraphDescriptorOps.GetAttributeNameCountWhenUnset (0 ms)
2026-05-07T17:22:40.2130176Z [ RUN      ] TestGraphDescriptorOps.AppendOpsAfterSerialization
2026-05-07T17:22:40.2130288Z [       OK ] TestGraphDescriptorOps.AppendOpsAfterSerialization (0 ms)
2026-05-07T17:22:40.2130396Z [ RUN      ] TestGraphDescriptorOps.GetAttributeWrongTypeForName
2026-05-07T17:22:40.2130511Z [       OK ] TestGraphDescriptorOps.GetAttributeWrongTypeForName (0 ms)
2026-05-07T17:22:40.2130599Z [----------] 39 tests from TestGraphDescriptorOps (0 ms total)
2026-05-07T17:22:40.2130602Z 
2026-05-07T17:22:40.2130689Z [----------] 19 tests from TestGraphDescriptorLifting
2026-05-07T17:22:40.2130816Z [ RUN      ] TestGraphDescriptorLifting.DeserializePreservesConvFpropNode
2026-05-07T17:22:40.2130960Z [       OK ] TestGraphDescriptorLifting.DeserializePreservesConvFpropNode (0 ms)
2026-05-07T17:22:40.2131087Z [ RUN      ] TestGraphDescriptorLifting.DeserializePreservesMultipleNodes
2026-05-07T17:22:40.2131230Z [       OK ] TestGraphDescriptorLifting.DeserializePreservesMultipleNodes (0 ms)
2026-05-07T17:22:40.2131352Z [ RUN      ] TestGraphDescriptorLifting.DeserializePreservesTensorData
2026-05-07T17:22:40.2131486Z [       OK ] TestGraphDescriptorLifting.DeserializePreservesTensorData (0 ms)
2026-05-07T17:22:40.2131634Z [ RUN      ] TestGraphDescriptorLifting.DeserializePreservesGraphLevelAttributes
2026-05-07T17:22:40.2131804Z [       OK ] TestGraphDescriptorLifting.DeserializePreservesGraphLevelAttributes (0 ms)
2026-05-07T17:22:40.2131923Z [ RUN      ] TestGraphDescriptorLifting.LiftedGraphSerializesToSameBinary
2026-05-07T17:22:40.2132071Z [       OK ] TestGraphDescriptorLifting.LiftedGraphSerializesToSameBinary (0 ms)
2026-05-07T17:22:40.2132200Z [ RUN      ] TestGraphDescriptorLifting.DeserializePreservesNodeTensorUids
2026-05-07T17:22:40.2132347Z [       OK ] TestGraphDescriptorLifting.DeserializePreservesNodeTensorUids (0 ms)
2026-05-07T17:22:40.2132499Z [ RUN      ] TestGraphDescriptorLifting.DeserializePreservesConvolutionParameters
2026-05-07T17:22:40.2132662Z [       OK ] TestGraphDescriptorLifting.DeserializePreservesConvolutionParameters (0 ms)
2026-05-07T17:22:40.2132826Z [ RUN      ] TestGraphDescriptorLifting.DeserializePreservesConvolutionModeConvolution
2026-05-07T17:22:40.2133010Z [       OK ] TestGraphDescriptorLifting.DeserializePreservesConvolutionModeConvolution (0 ms)
2026-05-07T17:22:40.2133099Z [ RUN      ] TestGraphDescriptorLifting.DoubleRoundTrip
2026-05-07T17:22:40.2133197Z [       OK ] TestGraphDescriptorLifting.DoubleRoundTrip (0 ms)
2026-05-07T17:22:40.2133329Z [ RUN      ] TestGraphDescriptorLifting.SetOperationsAfterDeserializeSucceeds
2026-05-07T17:22:40.2133806Z [       OK ] TestGraphDescriptorLifting.SetOperationsAfterDeserializeSucceeds (0 ms)
2026-05-07T17:22:40.2133952Z [ RUN      ] TestGraphDescriptorLifting.GetAttributeOpsAfterDeserializeSucceeds
2026-05-07T17:22:40.2134108Z [       OK ] TestGraphDescriptorLifting.GetAttributeOpsAfterDeserializeSucceeds (0 ms)
2026-05-07T17:22:40.2134209Z [ RUN      ] TestGraphDescriptorLifting.DeserializeOnlyFinalize
2026-05-07T17:22:40.2134326Z [       OK ] TestGraphDescriptorLifting.DeserializeOnlyFinalize (0 ms)
2026-05-07T17:22:40.2134480Z [ RUN      ] TestGraphDescriptorLifting.FlatBufferFlowFinalizePreservesSerialization
2026-05-07T17:22:40.2134658Z [       OK ] TestGraphDescriptorLifting.FlatBufferFlowFinalizePreservesSerialization (0 ms)
2026-05-07T17:22:40.2134819Z [ RUN      ] TestGraphDescriptorLifting.GetAttributeWrongTypeForOpsOnCApiFlow
2026-05-07T17:22:40.2134968Z [       OK ] TestGraphDescriptorLifting.GetAttributeWrongTypeForOpsOnCApiFlow (0 ms)
2026-05-07T17:22:40.2135130Z [ RUN      ] TestGraphDescriptorLifting.GetAttributeRequestedCountTooSmallOnCApiFlow
2026-05-07T17:22:40.2135299Z [       OK ] TestGraphDescriptorLifting.GetAttributeRequestedCountTooSmallOnCApiFlow (0 ms)
2026-05-07T17:22:40.2135599Z [ RUN      ] TestGraphDescriptorLifting.DeserializeCorruptedBufferThrows
2026-05-07T17:22:40.2135743Z [       OK ] TestGraphDescriptorLifting.DeserializeCorruptedBufferThrows (0 ms)
2026-05-07T17:22:40.2135942Z [ RUN      ] TestGraphDescriptorLifting.GetAttributeOpsOnFlatBufferFlowWorksWithoutFinalization
2026-05-07T17:22:40.2136161Z [       OK ] TestGraphDescriptorLifting.GetAttributeOpsOnFlatBufferFlowWorksWithoutFinalization (0 ms)
2026-05-07T17:22:40.2136315Z [ RUN      ] TestGraphDescriptorLifting.GetAttributeDataTypesWithoutFinalization
2026-05-07T17:22:40.2136480Z [       OK ] TestGraphDescriptorLifting.GetAttributeDataTypesWithoutFinalization (0 ms)
2026-05-07T17:22:40.2136601Z [ RUN      ] TestGraphDescriptorLifting.DeserializePreservesGraphName
2026-05-07T17:22:40.2136732Z [       OK ] TestGraphDescriptorLifting.DeserializePreservesGraphName (0 ms)
2026-05-07T17:22:40.2136832Z [----------] 19 tests from TestGraphDescriptorLifting (0 ms total)
2026-05-07T17:22:40.2136838Z 
2026-05-07T17:22:40.2136921Z [----------] 2 tests from TestGraphDescriptorPointwise
2026-05-07T17:22:40.2137030Z [ RUN      ] TestGraphDescriptorPointwise.BuildFromSingleOperation
2026-05-07T17:22:40.2137154Z [       OK ] TestGraphDescriptorPointwise.BuildFromSingleOperation (0 ms)
2026-05-07T17:22:40.2137261Z [ RUN      ] TestGraphDescriptorPointwise.ComputeDataTypePreserved
2026-05-07T17:22:40.2137378Z [       OK ] TestGraphDescriptorPointwise.ComputeDataTypePreserved (0 ms)
2026-05-07T17:22:40.2137484Z [----------] 2 tests from TestGraphDescriptorPointwise (0 ms total)
2026-05-07T17:22:40.2137487Z 
2026-05-07T17:22:40.2137566Z [----------] 4 tests from TestGraphDescriptorRMSNorm
2026-05-07T17:22:40.2137692Z [ RUN      ] TestGraphDescriptorRMSNorm.BuildFromSingleRMSNormOperation
2026-05-07T17:22:40.2137831Z [       OK ] TestGraphDescriptorRMSNorm.BuildFromSingleRMSNormOperation (0 ms)
2026-05-07T17:22:40.2137937Z [ RUN      ] TestGraphDescriptorRMSNorm.ComputeDataTypePreserved
2026-05-07T17:22:40.2138060Z [       OK ] TestGraphDescriptorRMSNorm.ComputeDataTypePreserved (0 ms)
2026-05-07T17:22:40.2138203Z [ RUN      ] TestGraphDescriptorRMSNorm.BuildFromOperationWithoutOptionalTensors
2026-05-07T17:22:40.2138361Z [       OK ] TestGraphDescriptorRMSNorm.BuildFromOperationWithoutOptionalTensors (0 ms)
2026-05-07T17:22:40.2138473Z [ RUN      ] TestGraphDescriptorRMSNorm.NamePreservedInFlatBuffer
2026-05-07T17:22:40.2138590Z [       OK ] TestGraphDescriptorRMSNorm.NamePreservedInFlatBuffer (0 ms)
2026-05-07T17:22:40.2138689Z [----------] 4 tests from TestGraphDescriptorRMSNorm (0 ms total)
2026-05-07T17:22:40.2138692Z 
2026-05-07T17:22:40.2138771Z [----------] 5 tests from TestGraphDescriptorSdpaFwd
2026-05-07T17:22:40.2138971Z [ RUN      ] TestGraphDescriptorSdpaFwd.BuildFromSingleOperation
2026-05-07T17:22:40.2139091Z [       OK ] TestGraphDescriptorSdpaFwd.BuildFromSingleOperation (0 ms)
2026-05-07T17:22:40.2139192Z [ RUN      ] TestGraphDescriptorSdpaFwd.ComputeDataTypePreserved
2026-05-07T17:22:40.2139310Z [       OK ] TestGraphDescriptorSdpaFwd.ComputeDataTypePreserved (0 ms)
2026-05-07T17:22:40.2139428Z [ RUN      ] TestGraphDescriptorSdpaFwd.BuildFromRequiredTensorsOnly
2026-05-07T17:22:40.2139555Z [       OK ] TestGraphDescriptorSdpaFwd.BuildFromRequiredTensorsOnly (0 ms)
2026-05-07T17:22:40.2139699Z [ RUN      ] TestGraphDescriptorSdpaFwd.OperationNamePreservedInSerialization
2026-05-07T17:22:40.2139855Z [       OK ] TestGraphDescriptorSdpaFwd.OperationNamePreservedInSerialization (0 ms)
2026-05-07T17:22:40.2139993Z [ RUN      ] TestGraphDescriptorSdpaFwd.OperationNameRoundTripThroughLifting
2026-05-07T17:22:40.2140154Z [       OK ] TestGraphDescriptorSdpaFwd.OperationNameRoundTripThroughLifting (0 ms)
2026-05-07T17:22:40.2140248Z [----------] 5 tests from TestGraphDescriptorSdpaFwd (0 ms total)
2026-05-07T17:22:40.2140251Z 
2026-05-07T17:22:40.2140346Z [----------] 18 tests from TestConvolutionBwdOperationFromNode
2026-05-07T17:22:40.2140553Z [ RUN      ] TestConvolutionBwdOperationFromNode.CreatesValidFinalizedDescriptor
2026-05-07T17:22:40.2140715Z [       OK ] TestConvolutionBwdOperationFromNode.CreatesValidFinalizedDescriptor (0 ms)
2026-05-07T17:22:40.2140858Z [ RUN      ] TestConvolutionBwdOperationFromNode.NodeFactoryDelegatesCorrectly
2026-05-07T17:22:40.2141013Z [       OK ] TestConvolutionBwdOperationFromNode.NodeFactoryDelegatesCorrectly (0 ms)
2026-05-07T17:22:40.2141149Z [ RUN      ] TestConvolutionBwdOperationFromNode.PreservesComputeDataType
2026-05-07T17:22:40.2141292Z [       OK ] TestConvolutionBwdOperationFromNode.PreservesComputeDataType (0 ms)
2026-05-07T17:22:40.2141397Z [ RUN      ] TestConvolutionBwdOperationFromNode.PreservesConvMode
2026-05-07T17:22:40.2141519Z [       OK ] TestConvolutionBwdOperationFromNode.PreservesConvMode (0 ms)
2026-05-07T17:22:40.2141642Z [ RUN      ] TestConvolutionBwdOperationFromNode.PreservesDataFields
2026-05-07T17:22:40.2141766Z [       OK ] TestConvolutionBwdOperationFromNode.PreservesDataFields (0 ms)
2026-05-07T17:22:40.2141892Z [ RUN      ] TestConvolutionBwdOperationFromNode.SetsTensorReferences
2026-05-07T17:22:40.2142019Z [       OK ] TestConvolutionBwdOperationFromNode.SetsTensorReferences (0 ms)
2026-05-07T17:22:40.2142159Z [ RUN      ] TestConvolutionBwdOperationFromNode.TensorReferencesMatchTensorMap
2026-05-07T17:22:40.2142318Z [       OK ] TestConvolutionBwdOperationFromNode.TensorReferencesMatchTensorMap (0 ms)
2026-05-07T17:22:40.2142472Z [ RUN      ] TestConvolutionBwdOperationFromNode.SetsTensorReferencesWithFullValues
2026-05-07T17:22:40.2142644Z [       OK ] TestConvolutionBwdOperationFromNode.SetsTensorReferencesWithFullValues (0 ms)
2026-05-07T17:22:40.2142768Z [ RUN      ] TestConvolutionBwdOperationFromNode.FailsWithMissingDyTensor
2026-05-07T17:22:40.2142905Z [       OK ] TestConvolutionBwdOperationFromNode.FailsWithMissingDyTensor (0 ms)
2026-05-07T17:22:40.2143033Z [ RUN      ] TestConvolutionBwdOperationFromNode.FailsWithMissingWTensor
2026-05-07T17:22:40.2143175Z [       OK ] TestConvolutionBwdOperationFromNode.FailsWithMissingWTensor (0 ms)
2026-05-07T17:22:40.2143302Z [ RUN      ] TestConvolutionBwdOperationFromNode.FailsWithMissingDxTensor
2026-05-07T17:22:40.2143447Z [       OK ] TestConvolutionBwdOperationFromNode.FailsWithMissingDxTensor (0 ms)
2026-05-07T17:22:40.2143610Z [ RUN      ] TestConvolutionBwdOperationFromNode.GetTensorDescriptorsReturnsAllTensors
2026-05-07T17:22:40.2143801Z [       OK ] TestConvolutionBwdOperationFromNode.GetTensorDescriptorsReturnsAllTensors (0 ms)
2026-05-07T17:22:40.2143914Z [ RUN      ] TestConvolutionBwdOperationFromNode.BuildNodeRoundTrip
2026-05-07T17:22:40.2144034Z [       OK ] TestConvolutionBwdOperationFromNode.BuildNodeRoundTrip (0 ms)
2026-05-07T17:22:40.2144237Z [ RUN      ] TestConvolutionBwdOperationFromNode.GetAttributeWorksAfterFromNode
2026-05-07T17:22:40.2144391Z [       OK ] TestConvolutionBwdOperationFromNode.GetAttributeWorksAfterFromNode (0 ms)
2026-05-07T17:22:40.2144516Z [ RUN      ] TestConvolutionBwdOperationFromNode.NamePreservedFromNode
2026-05-07T17:22:40.2144656Z [       OK ] TestConvolutionBwdOperationFromNode.NamePreservedFromNode (0 ms)
2026-05-07T17:22:40.2144786Z [ RUN      ] TestConvolutionBwdOperationFromNode.EmptyNamePreservedFromNode
2026-05-07T17:22:40.2144944Z [       OK ] TestConvolutionBwdOperationFromNode.EmptyNamePreservedFromNode (0 ms)
2026-05-07T17:22:40.2145065Z [ RUN      ] TestConvolutionBwdOperationFromNode.BuildNodePreservesName
2026-05-07T17:22:40.2145198Z [       OK ] TestConvolutionBwdOperationFromNode.BuildNodePreservesName (0 ms)
2026-05-07T17:22:40.2145317Z [ RUN      ] TestConvolutionBwdOperationFromNode.ToStringIncludesName
2026-05-07T17:22:40.2145444Z [       OK ] TestConvolutionBwdOperationFromNode.ToStringIncludesName (0 ms)
2026-05-07T17:22:40.2145559Z [----------] 18 tests from TestConvolutionBwdOperationFromNode (0 ms total)
2026-05-07T17:22:40.2145563Z 
2026-05-07T17:22:40.2145660Z [----------] 52 tests from TestLayernormOperationDescriptor
2026-05-07T17:22:40.2145820Z [ RUN      ] TestLayernormOperationDescriptor.CreateDescriptor
2026-05-07T17:22:40.2145942Z [       OK ] TestLayernormOperationDescriptor.CreateDescriptor (0 ms)
2026-05-07T17:22:40.2146078Z [ RUN      ] TestLayernormOperationDescriptor.FinalizeWithRequiredAttributes
2026-05-07T17:22:40.2146225Z [       OK ] TestLayernormOperationDescriptor.FinalizeWithRequiredAttributes (0 ms)
2026-05-07T17:22:40.2146388Z [ RUN      ] TestLayernormOperationDescriptor.FinalizeSucceedsWithoutOptionalTensors
2026-05-07T17:22:40.2146569Z [       OK ] TestLayernormOperationDescriptor.FinalizeSucceedsWithoutOptionalTensors (0 ms)
2026-05-07T17:22:40.2146681Z [ RUN      ] TestLayernormOperationDescriptor.DoubleFinalizeSucceeds
2026-05-07T17:22:40.2146813Z [       OK ] TestLayernormOperationDescriptor.DoubleFinalizeSucceeds (0 ms)
2026-05-07T17:22:40.2146934Z [ RUN      ] TestLayernormOperationDescriptor.FinalizeFailsWithOnlyMean
2026-05-07T17:22:40.2147073Z [       OK ] TestLayernormOperationDescriptor.FinalizeFailsWithOnlyMean (0 ms)
2026-05-07T17:22:40.2147217Z [ RUN      ] TestLayernormOperationDescriptor.FinalizeFailsWithOnlyInvVariance
2026-05-07T17:22:40.2147371Z [       OK ] TestLayernormOperationDescriptor.FinalizeFailsWithOnlyInvVariance (0 ms)
2026-05-07T17:22:40.2147488Z [ RUN      ] TestLayernormOperationDescriptor.SetTensorDescriptorX
2026-05-07T17:22:40.2147609Z [       OK ] TestLayernormOperationDescriptor.SetTensorDescriptorX (0 ms)
2026-05-07T17:22:40.2147730Z [ RUN      ] TestLayernormOperationDescriptor.SetTensorDescriptorScale
2026-05-07T17:22:40.2147863Z [       OK ] TestLayernormOperationDescriptor.SetTensorDescriptorScale (0 ms)
2026-05-07T17:22:40.2147977Z [ RUN      ] TestLayernormOperationDescriptor.SetTensorDescriptorBias
2026-05-07T17:22:40.2148109Z [       OK ] TestLayernormOperationDescriptor.SetTensorDescriptorBias (0 ms)
2026-05-07T17:22:40.2148233Z [ RUN      ] TestLayernormOperationDescriptor.SetTensorDescriptorEpsilon
2026-05-07T17:22:40.2148373Z [       OK ] TestLayernormOperationDescriptor.SetTensorDescriptorEpsilon (0 ms)
2026-05-07T17:22:40.2148492Z [ RUN      ] TestLayernormOperationDescriptor.SetTensorDescriptorY
2026-05-07T17:22:40.2148610Z [       OK ] TestLayernormOperationDescriptor.SetTensorDescriptorY (0 ms)
2026-05-07T17:22:40.2148727Z [ RUN      ] TestLayernormOperationDescriptor.SetTensorDescriptorMean
2026-05-07T17:22:40.2148859Z [       OK ] TestLayernormOperationDescriptor.SetTensorDescriptorMean (0 ms)
2026-05-07T17:22:40.2148994Z [ RUN      ] TestLayernormOperationDescriptor.SetTensorDescriptorInvVariance
2026-05-07T17:22:40.2149149Z [       OK ] TestLayernormOperationDescriptor.SetTensorDescriptorInvVariance (0 ms)
2026-05-07T17:22:40.2149272Z [ RUN      ] TestLayernormOperationDescriptor.SetTensorFailsNotFinalized
2026-05-07T17:22:40.2149465Z [       OK ] TestLayernormOperationDescriptor.SetTensorFailsNotFinalized (0 ms)
2026-05-07T17:22:40.2149583Z [ RUN      ] TestLayernormOperationDescriptor.SetTensorFailsWrongType
2026-05-07T17:22:40.2149711Z [       OK ] TestLayernormOperationDescriptor.SetTensorFailsWrongType (0 ms)
2026-05-07T17:22:40.2149845Z [ RUN      ] TestLayernormOperationDescriptor.SetTensorFailsWrongElementCount
2026-05-07T17:22:40.2150004Z [       OK ] TestLayernormOperationDescriptor.SetTensorFailsWrongElementCount (0 ms)
2026-05-07T17:22:40.2150124Z [ RUN      ] TestLayernormOperationDescriptor.SetTensorFailsNullPointer
2026-05-07T17:22:40.2150260Z [       OK ] TestLayernormOperationDescriptor.SetTensorFailsNullPointer (0 ms)
2026-05-07T17:22:40.2150370Z [ RUN      ] TestLayernormOperationDescriptor.SetNormalizedDimCount
2026-05-07T17:22:40.2150494Z [       OK ] TestLayernormOperationDescriptor.SetNormalizedDimCount (0 ms)
2026-05-07T17:22:40.2150603Z [ RUN      ] TestLayernormOperationDescriptor.SetNormFwdPhase
2026-05-07T17:22:40.2150711Z [       OK ] TestLayernormOperationDescriptor.SetNormFwdPhase (0 ms)
2026-05-07T17:22:40.2150824Z [ RUN      ] TestLayernormOperationDescriptor.SetNormFwdPhaseTraining
2026-05-07T17:22:40.2151018Z [       OK ] TestLayernormOperationDescriptor.SetNormFwdPhaseTraining (0 ms)
2026-05-07T17:22:40.2151161Z [ RUN      ] TestLayernormOperationDescriptor.SetNormFwdPhaseWrongElementCount
2026-05-07T17:22:40.2151314Z [       OK ] TestLayernormOperationDescriptor.SetNormFwdPhaseWrongElementCount (0 ms)
2026-05-07T17:22:40.2151423Z [ RUN      ] TestLayernormOperationDescriptor.SetComputeDataType
2026-05-07T17:22:40.2151537Z [       OK ] TestLayernormOperationDescriptor.SetComputeDataType (0 ms)
2026-05-07T17:22:40.2151683Z [ RUN      ] TestLayernormOperationDescriptor.SetComputeDataTypeWrongElementCount
2026-05-07T17:22:40.2151849Z [       OK ] TestLayernormOperationDescriptor.SetComputeDataTypeWrongElementCount (0 ms)
2026-05-07T17:22:40.2151984Z [ RUN      ] TestLayernormOperationDescriptor.SetAttributeFailsAfterFinalize
2026-05-07T17:22:40.2152137Z [       OK ] TestLayernormOperationDescriptor.SetAttributeFailsAfterFinalize (0 ms)
2026-05-07T17:22:40.2152279Z [ RUN      ] TestLayernormOperationDescriptor.SetAttributeUnsupported
2026-05-07T17:22:40.2152405Z [       OK ] TestLayernormOperationDescriptor.SetAttributeUnsupported (0 ms)
2026-05-07T17:22:40.2152541Z [ RUN      ] TestLayernormOperationDescriptor.GetAttributeNormalizedDimCount
2026-05-07T17:22:40.2152690Z [       OK ] TestLayernormOperationDescriptor.GetAttributeNormalizedDimCount (0 ms)
2026-05-07T17:22:40.2152817Z [ RUN      ] TestLayernormOperationDescriptor.GetAttributeLayernormParams
2026-05-07T17:22:40.2152964Z [       OK ] TestLayernormOperationDescriptor.GetAttributeLayernormParams (0 ms)
2026-05-07T17:22:40.2153076Z [ RUN      ] TestLayernormOperationDescriptor.GetAttributeComputeType
2026-05-07T17:22:40.2153209Z [       OK ] TestLayernormOperationDescriptor.GetAttributeComputeType (0 ms)
2026-05-07T17:22:40.2153350Z [ RUN      ] TestLayernormOperationDescriptor.GetAttributeFailsBeforeFinalize
2026-05-07T17:22:40.2153497Z [       OK ] TestLayernormOperationDescriptor.GetAttributeFailsBeforeFinalize (0 ms)
2026-05-07T17:22:40.2153636Z [ RUN      ] TestLayernormOperationDescriptor.GetAttributeFailsNullPointer
2026-05-07T17:22:40.2153778Z [       OK ] TestLayernormOperationDescriptor.GetAttributeFailsNullPointer (0 ms)
2026-05-07T17:22:40.2153910Z [ RUN      ] TestLayernormOperationDescriptor.GetAttributeUnsupported
2026-05-07T17:22:40.2154052Z [       OK ] TestLayernormOperationDescriptor.GetAttributeUnsupported (0 ms)
2026-05-07T17:22:40.2154197Z [ RUN      ] TestLayernormOperationDescriptor.GetAttributeTensorXQueryReturnsOne
2026-05-07T17:22:40.2154367Z [       OK ] TestLayernormOperationDescriptor.GetAttributeTensorXQueryReturnsOne (0 ms)
2026-05-07T17:22:40.2154528Z [ RUN      ] TestLayernormOperationDescriptor.GetAttributeTensorScaleQueryReturnsOne
2026-05-07T17:22:40.2154769Z [       OK ] TestLayernormOperationDescriptor.GetAttributeTensorScaleQueryReturnsOne (0 ms)
2026-05-07T17:22:40.2154927Z [ RUN      ] TestLayernormOperationDescriptor.GetAttributeTensorBiasQueryReturnsOne
2026-05-07T17:22:40.2155095Z [       OK ] TestLayernormOperationDescriptor.GetAttributeTensorBiasQueryReturnsOne (0 ms)
2026-05-07T17:22:40.2155262Z [ RUN      ] TestLayernormOperationDescriptor.GetAttributeTensorEpsilonQueryReturnsOne
2026-05-07T17:22:40.2155443Z [       OK ] TestLayernormOperationDescriptor.GetAttributeTensorEpsilonQueryReturnsOne (0 ms)
2026-05-07T17:22:40.2155589Z [ RUN      ] TestLayernormOperationDescriptor.GetAttributeTensorYQueryReturnsOne
2026-05-07T17:22:40.2155756Z [       OK ] TestLayernormOperationDescriptor.GetAttributeTensorYQueryReturnsOne (0 ms)
2026-05-07T17:22:40.2155911Z [ RUN      ] TestLayernormOperationDescriptor.GetAttributeTensorMeanQueryReturnsOne
2026-05-07T17:22:40.2156078Z [       OK ] TestLayernormOperationDescriptor.GetAttributeTensorMeanQueryReturnsOne (0 ms)
2026-05-07T17:22:40.2156257Z [ RUN      ] TestLayernormOperationDescriptor.GetAttributeTensorInvVarianceQueryReturnsOne
2026-05-07T17:22:40.2156448Z [       OK ] TestLayernormOperationDescriptor.GetAttributeTensorInvVarianceQueryReturnsOne (0 ms)
2026-05-07T17:22:40.2156677Z [ RUN      ] TestLayernormOperationDescriptor.GetAttributeNormFwdPhaseQueryReturnsOne
2026-05-07T17:22:40.2156852Z [       OK ] TestLayernormOperationDescriptor.GetAttributeNormFwdPhaseQueryReturnsOne (0 ms)
2026-05-07T17:22:40.2157004Z [ RUN      ] TestLayernormOperationDescriptor.GetAttributeComputeTypeQueryReturnsOne
2026-05-07T17:22:40.2157187Z [       OK ] TestLayernormOperationDescriptor.GetAttributeComputeTypeQueryReturnsOne (0 ms)
2026-05-07T17:22:40.2157364Z [ RUN      ] TestLayernormOperationDescriptor.GetAttributeTensorQueryFailsNullElementCount
2026-05-07T17:22:40.2157557Z [       OK ] TestLayernormOperationDescriptor.GetAttributeTensorQueryFailsNullElementCount (0 ms)
2026-05-07T17:22:40.2157710Z [ RUN      ] TestLayernormOperationDescriptor.FinalizePreservesTensorReferences
2026-05-07T17:22:40.2157864Z [       OK ] TestLayernormOperationDescriptor.FinalizePreservesTensorReferences (0 ms)
2026-05-07T17:22:40.2157998Z [ RUN      ] TestLayernormOperationDescriptor.ToStringContainsExpectedInfo
2026-05-07T17:22:40.2158140Z [       OK ] TestLayernormOperationDescriptor.ToStringContainsExpectedInfo (0 ms)
2026-05-07T17:22:40.2158296Z [ RUN      ] TestLayernormOperationDescriptor.ToStringIncludesOptionalTensorsWhenSet
2026-05-07T17:22:40.2158474Z [       OK ] TestLayernormOperationDescriptor.ToStringIncludesOptionalTensorsWhenSet (0 ms)
2026-05-07T17:22:40.2158623Z [ RUN      ] TestLayernormOperationDescriptor.GetTensorDescriptorsReturnsAllTensors
2026-05-07T17:22:40.2158792Z [       OK ] TestLayernormOperationDescriptor.GetTensorDescriptorsReturnsAllTensors (0 ms)
2026-05-07T17:22:40.2158937Z [ RUN      ] TestLayernormOperationDescriptor.GetTensorDescriptorsWithoutOptional
2026-05-07T17:22:40.2159104Z [       OK ] TestLayernormOperationDescriptor.GetTensorDescriptorsWithoutOptional (0 ms)
2026-05-07T17:22:40.2159245Z [ RUN      ] TestLayernormOperationDescriptor.BuildNodeProducesCorrectNodeT
2026-05-07T17:22:40.2159395Z [       OK ] TestLayernormOperationDescriptor.BuildNodeProducesCorrectNodeT (0 ms)
2026-05-07T17:22:40.2159549Z [ RUN      ] TestLayernormOperationDescriptor.BuildNodePreservesNormalizedDimCount
2026-05-07T17:22:40.2159716Z [       OK ] TestLayernormOperationDescriptor.BuildNodePreservesNormalizedDimCount (0 ms)
2026-05-07T17:22:40.2159848Z [ RUN      ] TestLayernormOperationDescriptor.BuildNodeWithHalfComputeType
2026-05-07T17:22:40.2160003Z [       OK ] TestLayernormOperationDescriptor.BuildNodeWithHalfComputeType (0 ms)
2026-05-07T17:22:40.2160144Z [ RUN      ] TestLayernormOperationDescriptor.BuildNodeWithoutOptionalTensors
2026-05-07T17:22:40.2160302Z [       OK ] TestLayernormOperationDescriptor.BuildNodeWithoutOptionalTensors (0 ms)
2026-05-07T17:22:40.2160509Z [ RUN      ] TestLayernormOperationDescriptor.TryAsInterfaceReturnsValidGraphOp
2026-05-07T17:22:40.2160662Z [       OK ] TestLayernormOperationDescriptor.TryAsInterfaceReturnsValidGraphOp (0 ms)
2026-05-07T17:22:40.2160817Z [ RUN      ] TestLayernormOperationDescriptor.TryAsInterfaceReturnsNullForWrongType
2026-05-07T17:22:40.2160987Z [       OK ] TestLayernormOperationDescriptor.TryAsInterfaceReturnsNullForWrongType (0 ms)
2026-05-07T17:22:40.2161093Z [----------] 52 tests from TestLayernormOperationDescriptor (0 ms total)
2026-05-07T17:22:40.2161097Z 
2026-05-07T17:22:40.2161192Z [----------] 21 tests from TestLayernormOperationFromNode
2026-05-07T17:22:40.2161329Z [ RUN      ] TestLayernormOperationFromNode.CreatesValidFinalizedDescriptor
2026-05-07T17:22:40.2161471Z [       OK ] TestLayernormOperationFromNode.CreatesValidFinalizedDescriptor (0 ms)
2026-05-07T17:22:40.2161601Z [ RUN      ] TestLayernormOperationFromNode.NodeFactoryDelegatesCorrectly
2026-05-07T17:22:40.2161740Z [       OK ] TestLayernormOperationFromNode.NodeFactoryDelegatesCorrectly (0 ms)
2026-05-07T17:22:40.2161852Z [ RUN      ] TestLayernormOperationFromNode.PreservesComputeDataType
2026-05-07T17:22:40.2161982Z [       OK ] TestLayernormOperationFromNode.PreservesComputeDataType (0 ms)
2026-05-07T17:22:40.2162150Z [ RUN      ] TestLayernormOperationFromNode.PreservesForwardPhase
2026-05-07T17:22:40.2162272Z [       OK ] TestLayernormOperationFromNode.PreservesForwardPhase (0 ms)
2026-05-07T17:22:40.2162390Z [ RUN      ] TestLayernormOperationFromNode.PreservesNormalizedDimCount
2026-05-07T17:22:40.2162523Z [       OK ] TestLayernormOperationFromNode.PreservesNormalizedDimCount (0 ms)
2026-05-07T17:22:40.2162632Z [ RUN      ] TestLayernormOperationFromNode.SetsTensorReferences
2026-05-07T17:22:40.2162748Z [       OK ] TestLayernormOperationFromNode.SetsTensorReferences (0 ms)
2026-05-07T17:22:40.2162874Z [ RUN      ] TestLayernormOperationFromNode.TensorReferencesMatchTensorMap
2026-05-07T17:22:40.2163020Z [       OK ] TestLayernormOperationFromNode.TensorReferencesMatchTensorMap (0 ms)
2026-05-07T17:22:40.2163131Z [ RUN      ] TestLayernormOperationFromNode.FailsWithMissingXTensor
2026-05-07T17:22:40.2163257Z [       OK ] TestLayernormOperationFromNode.FailsWithMissingXTensor (0 ms)
2026-05-07T17:22:40.2163380Z [ RUN      ] TestLayernormOperationFromNode.FailsWithMissingScaleTensor
2026-05-07T17:22:40.2163518Z [       OK ] TestLayernormOperationFromNode.FailsWithMissingScaleTensor (0 ms)
2026-05-07T17:22:40.2163649Z [ RUN      ] TestLayernormOperationFromNode.FailsWithMissingBiasTensor
2026-05-07T17:22:40.2163778Z [       OK ] TestLayernormOperationFromNode.FailsWithMissingBiasTensor (0 ms)
2026-05-07T17:22:40.2163902Z [ RUN      ] TestLayernormOperationFromNode.FailsWithMissingEpsilonTensor
2026-05-07T17:22:40.2164043Z [       OK ] TestLayernormOperationFromNode.FailsWithMissingEpsilonTensor (0 ms)
2026-05-07T17:22:40.2164155Z [ RUN      ] TestLayernormOperationFromNode.FailsWithMissingYTensor
2026-05-07T17:22:40.2164285Z [       OK ] TestLayernormOperationFromNode.FailsWithMissingYTensor (0 ms)
2026-05-07T17:22:40.2164413Z [ RUN      ] TestLayernormOperationFromNode.SucceedsWithoutOptionalTensors
2026-05-07T17:22:40.2164562Z [       OK ] TestLayernormOperationFromNode.SucceedsWithoutOptionalTensors (0 ms)
2026-05-07T17:22:40.2164740Z [ RUN      ] TestLayernormOperationFromNode.FailsWhenOptionalMeanUidSetButTensorMissing
2026-05-07T17:22:40.2164929Z [       OK ] TestLayernormOperationFromNode.FailsWhenOptionalMeanUidSetButTensorMissing (0 ms)
2026-05-07T17:22:40.2165116Z [ RUN      ] TestLayernormOperationFromNode.FailsWhenOptionalInvVarianceUidSetButTensorMissing
2026-05-07T17:22:40.2165328Z [       OK ] TestLayernormOperationFromNode.FailsWhenOptionalInvVarianceUidSetButTensorMissing (0 ms)
2026-05-07T17:22:40.2165475Z [ RUN      ] TestLayernormOperationFromNode.GetTensorDescriptorsReturnsAllTensors
2026-05-07T17:22:40.2165647Z [       OK ] TestLayernormOperationFromNode.GetTensorDescriptorsReturnsAllTensors (0 ms)
2026-05-07T17:22:40.2165811Z [ RUN      ] TestLayernormOperationFromNode.BuildNodeRoundTrip
2026-05-07T17:22:40.2165925Z [       OK ] TestLayernormOperationFromNode.BuildNodeRoundTrip (0 ms)
2026-05-07T17:22:40.2166059Z [ RUN      ] TestLayernormOperationFromNode.GetAttributeWorksAfterFromNode
2026-05-07T17:22:40.2166198Z [       OK ] TestLayernormOperationFromNode.GetAttributeWorksAfterFromNode (0 ms)
2026-05-07T17:22:40.2166305Z [ RUN      ] TestLayernormOperationFromNode.NamePreservedFromNode
2026-05-07T17:22:40.2166432Z [       OK ] TestLayernormOperationFromNode.NamePreservedFromNode (0 ms)
2026-05-07T17:22:40.2166550Z [ RUN      ] TestLayernormOperationFromNode.EmptyNamePreservedFromNode
2026-05-07T17:22:40.2166688Z [       OK ] TestLayernormOperationFromNode.EmptyNamePreservedFromNode (0 ms)
2026-05-07T17:22:40.2166799Z [ RUN      ] TestLayernormOperationFromNode.BuildNodePreservesName
2026-05-07T17:22:40.2166921Z [       OK ] TestLayernormOperationFromNode.BuildNodePreservesName (0 ms)
2026-05-07T17:22:40.2167031Z [----------] 21 tests from TestLayernormOperationFromNode (0 ms total)
2026-05-07T17:22:40.2167034Z 
2026-05-07T17:22:40.2167121Z [----------] 49 tests from TestPointwiseOperationDescriptor
2026-05-07T17:22:40.2167286Z [ RUN      ] TestPointwiseOperationDescriptor.CreateDescriptor
2026-05-07T17:22:40.2167399Z [       OK ] TestPointwiseOperationDescriptor.CreateDescriptor (0 ms)
2026-05-07T17:22:40.2167537Z [ RUN      ] TestPointwiseOperationDescriptor.FinalizeWithRequiredAttributes
2026-05-07T17:22:40.2167698Z [       OK ] TestPointwiseOperationDescriptor.FinalizeWithRequiredAttributes (0 ms)
2026-05-07T17:22:40.2167835Z [ RUN      ] TestPointwiseOperationDescriptor.FinalizeFailsWithoutIn0Tensor
2026-05-07T17:22:40.2167981Z [       OK ] TestPointwiseOperationDescriptor.FinalizeFailsWithoutIn0Tensor (0 ms)
2026-05-07T17:22:40.2168125Z [ RUN      ] TestPointwiseOperationDescriptor.FinalizeFailsWithoutOut0Tensor
2026-05-07T17:22:40.2168271Z [       OK ] TestPointwiseOperationDescriptor.FinalizeFailsWithoutOut0Tensor (0 ms)
2026-05-07T17:22:40.2168413Z [ RUN      ] TestPointwiseOperationDescriptor.FinalizeFailsWithoutComputeType
2026-05-07T17:22:40.2168566Z [       OK ] TestPointwiseOperationDescriptor.FinalizeFailsWithoutComputeType (0 ms)
2026-05-07T17:22:40.2168710Z [ RUN      ] TestPointwiseOperationDescriptor.FinalizeFailsWithoutPointwiseMode
2026-05-07T17:22:40.2168870Z [       OK ] TestPointwiseOperationDescriptor.FinalizeFailsWithoutPointwiseMode (0 ms)
2026-05-07T17:22:40.2168982Z [ RUN      ] TestPointwiseOperationDescriptor.SetTensorDescriptorIn0
2026-05-07T17:22:40.2169115Z [       OK ] TestPointwiseOperationDescriptor.SetTensorDescriptorIn0 (0 ms)
2026-05-07T17:22:40.2169236Z [ RUN      ] TestPointwiseOperationDescriptor.SetTensorDescriptorOut0
2026-05-07T17:22:40.2169367Z [       OK ] TestPointwiseOperationDescriptor.SetTensorDescriptorOut0 (0 ms)
2026-05-07T17:22:40.2169486Z [ RUN      ] TestPointwiseOperationDescriptor.SetTensorDescriptorIn1
2026-05-07T17:22:40.2169657Z [       OK ] TestPointwiseOperationDescriptor.SetTensorDescriptorIn1 (0 ms)
2026-05-07T17:22:40.2169769Z [ RUN      ] TestPointwiseOperationDescriptor.SetTensorDescriptorIn2
2026-05-07T17:22:40.2169899Z [       OK ] TestPointwiseOperationDescriptor.SetTensorDescriptorIn2 (0 ms)
2026-05-07T17:22:40.2170004Z [ RUN      ] TestPointwiseOperationDescriptor.SetAxisAsInt64
2026-05-07T17:22:40.2170114Z [       OK ] TestPointwiseOperationDescriptor.SetAxisAsInt64 (0 ms)
2026-05-07T17:22:40.2170218Z [ RUN      ] TestPointwiseOperationDescriptor.GetAxisAsInt64
2026-05-07T17:22:40.2170325Z [       OK ] TestPointwiseOperationDescriptor.GetAxisAsInt64 (0 ms)
2026-05-07T17:22:40.2170452Z [ RUN      ] TestPointwiseOperationDescriptor.SetTensorFailsNotFinalized
2026-05-07T17:22:40.2170597Z [       OK ] TestPointwiseOperationDescriptor.SetTensorFailsNotFinalized (0 ms)
2026-05-07T17:22:40.2170719Z [ RUN      ] TestPointwiseOperationDescriptor.SetTensorFailsWrongType
2026-05-07T17:22:40.2170911Z [       OK ] TestPointwiseOperationDescriptor.SetTensorFailsWrongType (0 ms)
2026-05-07T17:22:40.2171046Z [ RUN      ] TestPointwiseOperationDescriptor.SetTensorFailsWrongElementCount
2026-05-07T17:22:40.2171202Z [       OK ] TestPointwiseOperationDescriptor.SetTensorFailsWrongElementCount (0 ms)
2026-05-07T17:22:40.2171331Z [ RUN      ] TestPointwiseOperationDescriptor.SetTensorFailsNullPointer
2026-05-07T17:22:40.2171462Z [       OK ] TestPointwiseOperationDescriptor.SetTensorFailsNullPointer (0 ms)
2026-05-07T17:22:40.2171562Z [ RUN      ] TestPointwiseOperationDescriptor.SetPointwiseMode
2026-05-07T17:22:40.2171678Z [       OK ] TestPointwiseOperationDescriptor.SetPointwiseMode (0 ms)
2026-05-07T17:22:40.2171820Z [ RUN      ] TestPointwiseOperationDescriptor.SetPointwiseModeWrongElementCount
2026-05-07T17:22:40.2171980Z [       OK ] TestPointwiseOperationDescriptor.SetPointwiseModeWrongElementCount (0 ms)
2026-05-07T17:22:40.2172088Z [ RUN      ] TestPointwiseOperationDescriptor.SetComputeDataType
2026-05-07T17:22:40.2172208Z [       OK ] TestPointwiseOperationDescriptor.SetComputeDataType (0 ms)
2026-05-07T17:22:40.2172360Z [ RUN      ] TestPointwiseOperationDescriptor.SetComputeDataTypeWrongElementCount
2026-05-07T17:22:40.2172583Z [       OK ] TestPointwiseOperationDescriptor.SetComputeDataTypeWrongElementCount (0 ms)
2026-05-07T17:22:40.2172715Z [ RUN      ] TestPointwiseOperationDescriptor.SetAttributeFailsAfterFinalize
2026-05-07T17:22:40.2172870Z [       OK ] TestPointwiseOperationDescriptor.SetAttributeFailsAfterFinalize (0 ms)
2026-05-07T17:22:40.2172985Z [ RUN      ] TestPointwiseOperationDescriptor.SetAttributeUnsupported
2026-05-07T17:22:40.2173116Z [       OK ] TestPointwiseOperationDescriptor.SetAttributeUnsupported (0 ms)
2026-05-07T17:22:40.2173243Z [ RUN      ] TestPointwiseOperationDescriptor.GetAttributeTensorDescriptor
2026-05-07T17:22:40.2173385Z [       OK ] TestPointwiseOperationDescriptor.GetAttributeTensorDescriptor (0 ms)
2026-05-07T17:22:40.2173518Z [ RUN      ] TestPointwiseOperationDescriptor.GetAttributePointwiseParams
2026-05-07T17:22:40.2173656Z [       OK ] TestPointwiseOperationDescriptor.GetAttributePointwiseParams (0 ms)
2026-05-07T17:22:40.2173769Z [ RUN      ] TestPointwiseOperationDescriptor.GetAttributeComputeType
2026-05-07T17:22:40.2173905Z [       OK ] TestPointwiseOperationDescriptor.GetAttributeComputeType (0 ms)
2026-05-07T17:22:40.2174040Z [ RUN      ] TestPointwiseOperationDescriptor.GetAttributeFailsBeforeFinalize
2026-05-07T17:22:40.2174194Z [       OK ] TestPointwiseOperationDescriptor.GetAttributeFailsBeforeFinalize (0 ms)
2026-05-07T17:22:40.2174320Z [ RUN      ] TestPointwiseOperationDescriptor.GetAttributeFailsNullPointer
2026-05-07T17:22:40.2174463Z [       OK ] TestPointwiseOperationDescriptor.GetAttributeFailsNullPointer (0 ms)
2026-05-07T17:22:40.2174581Z [ RUN      ] TestPointwiseOperationDescriptor.GetAttributeUnsupported
2026-05-07T17:22:40.2174705Z [       OK ] TestPointwiseOperationDescriptor.GetAttributeUnsupported (0 ms)
2026-05-07T17:22:40.2174872Z [ RUN      ] TestPointwiseOperationDescriptor.GetAttributeAxisQueryReturnsZeroWhenUnset
2026-05-07T17:22:40.2175061Z [       OK ] TestPointwiseOperationDescriptor.GetAttributeAxisQueryReturnsZeroWhenUnset (0 ms)
2026-05-07T17:22:40.2175221Z [ RUN      ] TestPointwiseOperationDescriptor.GetAttributeAxisQueryReturnsOneWhenSet
2026-05-07T17:22:40.2175408Z [       OK ] TestPointwiseOperationDescriptor.GetAttributeAxisQueryReturnsOneWhenSet (0 ms)
2026-05-07T17:22:40.2175590Z [ RUN      ] TestPointwiseOperationDescriptor.GetAttributeTensorQueryFailsNullElementCount
2026-05-07T17:22:40.2175781Z [       OK ] TestPointwiseOperationDescriptor.GetAttributeTensorQueryFailsNullElementCount (0 ms)
2026-05-07T17:22:40.2175984Z [ RUN      ] TestPointwiseOperationDescriptor.GetAttributePointwiseModeQueryFailsNullElementCount
2026-05-07T17:22:40.2176197Z [       OK ] TestPointwiseOperationDescriptor.GetAttributePointwiseModeQueryFailsNullElementCount (0 ms)
2026-05-07T17:22:40.2176407Z [ RUN      ] TestPointwiseOperationDescriptor.FinalizePreservesTensorReferences
2026-05-07T17:22:40.2176569Z [       OK ] TestPointwiseOperationDescriptor.FinalizePreservesTensorReferences (0 ms)
2026-05-07T17:22:40.2176698Z [ RUN      ] TestPointwiseOperationDescriptor.ToStringContainsExpectedInfo
2026-05-07T17:22:40.2176847Z [       OK ] TestPointwiseOperationDescriptor.ToStringContainsExpectedInfo (0 ms)
2026-05-07T17:22:40.2177015Z [ RUN      ] TestPointwiseOperationDescriptor.GetTensorDescriptorsReturnsBinaryOpTensors
2026-05-07T17:22:40.2177219Z [       OK ] TestPointwiseOperationDescriptor.GetTensorDescriptorsReturnsBinaryOpTensors (0 ms)
2026-05-07T17:22:40.2177360Z [ RUN      ] TestPointwiseOperationDescriptor.BuildNodeProducesCorrectNodeT
2026-05-07T17:22:40.2177516Z [       OK ] TestPointwiseOperationDescriptor.BuildNodeProducesCorrectNodeT (0 ms)
2026-05-07T17:22:40.2177650Z [ RUN      ] TestPointwiseOperationDescriptor.BuildNodeWithHalfComputeType
2026-05-07T17:22:40.2177793Z [       OK ] TestPointwiseOperationDescriptor.BuildNodeWithHalfComputeType (0 ms)
2026-05-07T17:22:40.2177961Z [ RUN      ] TestPointwiseOperationDescriptor.GetTensorDescriptorsOrderIsIn0Out0In1In2
2026-05-07T17:22:40.2178149Z [       OK ] TestPointwiseOperationDescriptor.GetTensorDescriptorsOrderIsIn0Out0In1In2 (0 ms)
2026-05-07T17:22:40.2178349Z [ RUN      ] TestPointwiseOperationDescriptor.TryAsInterfaceReturnsValidGraphOp
2026-05-07T17:22:40.2178505Z [       OK ] TestPointwiseOperationDescriptor.TryAsInterfaceReturnsValidGraphOp (0 ms)
2026-05-07T17:22:40.2178664Z [ RUN      ] TestPointwiseOperationDescriptor.TryAsInterfaceReturnsNullForWrongType
2026-05-07T17:22:40.2178831Z [       OK ] TestPointwiseOperationDescriptor.TryAsInterfaceReturnsNullForWrongType (0 ms)
2026-05-07T17:22:40.2179001Z [ RUN      ] TestPointwiseOperationDescriptor.GetOptionalFloatUnsetWithNullElementCount
2026-05-07T17:22:40.2179182Z [       OK ] TestPointwiseOperationDescriptor.GetOptionalFloatUnsetWithNullElementCount (0 ms)
2026-05-07T17:22:40.2179349Z [ RUN      ] TestPointwiseOperationDescriptor.GetOptionalFloatSetWithNullElementCount
2026-05-07T17:22:40.2179531Z [       OK ] TestPointwiseOperationDescriptor.GetOptionalFloatSetWithNullElementCount (0 ms)
2026-05-07T17:22:40.2179704Z [ RUN      ] TestPointwiseOperationDescriptor.SetOptionalFloatRejectsWrongAttributeType
2026-05-07T17:22:40.2179891Z [       OK ] TestPointwiseOperationDescriptor.SetOptionalFloatRejectsWrongAttributeType (0 ms)
2026-05-07T17:22:40.2180055Z [ RUN      ] TestPointwiseOperationDescriptor.GetOptionalFloatRejectsWrongAttributeType
2026-05-07T17:22:40.2180236Z [       OK ] TestPointwiseOperationDescriptor.GetOptionalFloatRejectsWrongAttributeType (0 ms)
2026-05-07T17:22:40.2180390Z [ RUN      ] TestPointwiseOperationDescriptor.SetOptionalFloatRejectsNullPointer
2026-05-07T17:22:40.2180549Z [       OK ] TestPointwiseOperationDescriptor.SetOptionalFloatRejectsNullPointer (0 ms)
2026-05-07T17:22:40.2180711Z [ RUN      ] TestPointwiseOperationDescriptor.GetAttributeIn1ReturnsZeroCountForUnaryOp
2026-05-07T17:22:40.2180899Z [       OK ] TestPointwiseOperationDescriptor.GetAttributeIn1ReturnsZeroCountForUnaryOp (0 ms)
2026-05-07T17:22:40.2181059Z [ RUN      ] TestPointwiseOperationDescriptor.GetAttributeIn2ReturnsZeroCountForUnaryOp
2026-05-07T17:22:40.2181245Z [       OK ] TestPointwiseOperationDescriptor.GetAttributeIn2ReturnsZeroCountForUnaryOp (0 ms)
2026-05-07T17:22:40.2181406Z [ RUN      ] TestPointwiseOperationDescriptor.GetAttributeIn1QueryReturnsZeroForUnaryOp
2026-05-07T17:22:40.2181653Z [       OK ] TestPointwiseOperationDescriptor.GetAttributeIn1QueryReturnsZeroForUnaryOp (0 ms)
2026-05-07T17:22:40.2181817Z [ RUN      ] TestPointwiseOperationDescriptor.GetAttributeNullTensorRejectsWrongType
2026-05-07T17:22:40.2181991Z [       OK ] TestPointwiseOperationDescriptor.GetAttributeNullTensorRejectsWrongType (0 ms)
2026-05-07T17:22:40.2182104Z [----------] 49 tests from TestPointwiseOperationDescriptor (0 ms total)
2026-05-07T17:22:40.2182114Z 
2026-05-07T17:22:40.2182266Z [----------] 21 tests from TestPointwiseOperationFromNode
2026-05-07T17:22:40.2182398Z [ RUN      ] TestPointwiseOperationFromNode.CreatesValidFinalizedDescriptor
2026-05-07T17:22:40.2182549Z [       OK ] TestPointwiseOperationFromNode.CreatesValidFinalizedDescriptor (0 ms)
2026-05-07T17:22:40.2182675Z [ RUN      ] TestPointwiseOperationFromNode.NodeFactoryDelegatesCorrectly
2026-05-07T17:22:40.2182812Z [       OK ] TestPointwiseOperationFromNode.NodeFactoryDelegatesCorrectly (0 ms)
2026-05-07T17:22:40.2182930Z [ RUN      ] TestPointwiseOperationFromNode.PreservesComputeDataType
2026-05-07T17:22:40.2183055Z [       OK ] TestPointwiseOperationFromNode.PreservesComputeDataType (0 ms)
2026-05-07T17:22:40.2183170Z [ RUN      ] TestPointwiseOperationFromNode.PreservesPointwiseMode
2026-05-07T17:22:40.2183290Z [       OK ] TestPointwiseOperationFromNode.PreservesPointwiseMode (0 ms)
2026-05-07T17:22:40.2183393Z [ RUN      ] TestPointwiseOperationFromNode.SetsTensorReferences
2026-05-07T17:22:40.2183516Z [       OK ] TestPointwiseOperationFromNode.SetsTensorReferences (0 ms)
2026-05-07T17:22:40.2183642Z [ RUN      ] TestPointwiseOperationFromNode.TensorReferencesMatchTensorMap
2026-05-07T17:22:40.2183851Z [       OK ] TestPointwiseOperationFromNode.TensorReferencesMatchTensorMap (0 ms)
2026-05-07T17:22:40.2183973Z [ RUN      ] TestPointwiseOperationFromNode.FailsWithMissingIn0Tensor
2026-05-07T17:22:40.2184099Z [       OK ] TestPointwiseOperationFromNode.FailsWithMissingIn0Tensor (0 ms)
2026-05-07T17:22:40.2184219Z [ RUN      ] TestPointwiseOperationFromNode.FailsWithMissingOut0Tensor
2026-05-07T17:22:40.2184349Z [       OK ] TestPointwiseOperationFromNode.FailsWithMissingOut0Tensor (0 ms)
2026-05-07T17:22:40.2184499Z [ RUN      ] TestPointwiseOperationFromNode.GetTensorDescriptorsReturnsAllTensors
2026-05-07T17:22:40.2184661Z [       OK ] TestPointwiseOperationFromNode.GetTensorDescriptorsReturnsAllTensors (0 ms)
2026-05-07T17:22:40.2184772Z [ RUN      ] TestPointwiseOperationFromNode.BuildNodeRoundTrip
2026-05-07T17:22:40.2184884Z [       OK ] TestPointwiseOperationFromNode.BuildNodeRoundTrip (0 ms)
2026-05-07T17:22:40.2185021Z [ RUN      ] TestPointwiseOperationFromNode.GetAttributeWorksAfterFromNode
2026-05-07T17:22:40.2185167Z [       OK ] TestPointwiseOperationFromNode.GetAttributeWorksAfterFromNode (0 ms)
2026-05-07T17:22:40.2185283Z [ RUN      ] TestPointwiseOperationFromNode.NamePreservedFromNode
2026-05-07T17:22:40.2185483Z [       OK ] TestPointwiseOperationFromNode.NamePreservedFromNode (0 ms)
2026-05-07T17:22:40.2185611Z [ RUN      ] TestPointwiseOperationFromNode.EmptyNamePreservedFromNode
2026-05-07T17:22:40.2185746Z [       OK ] TestPointwiseOperationFromNode.EmptyNamePreservedFromNode (0 ms)
2026-05-07T17:22:40.2185863Z [ RUN      ] TestPointwiseOperationFromNode.BuildNodePreservesName
2026-05-07T17:22:40.2185989Z [       OK ] TestPointwiseOperationFromNode.BuildNodePreservesName (0 ms)
2026-05-07T17:22:40.2186154Z [ RUN      ] TestPointwiseOperationFromNode.SucceedsWithOnlyRequiredTensors
2026-05-07T17:22:40.2186306Z [       OK ] TestPointwiseOperationFromNode.SucceedsWithOnlyRequiredTensors (0 ms)
2026-05-07T17:22:40.2186464Z [ RUN      ] TestPointwiseOperationFromNode.FailsWhenOptionalIn1UidSetButTensorMissing
2026-05-07T17:22:40.2186651Z [       OK ] TestPointwiseOperationFromNode.FailsWhenOptionalIn1UidSetButTensorMissing (0 ms)
2026-05-07T17:22:40.2186811Z [ RUN      ] TestPointwiseOperationFromNode.FailsWhenOptionalIn2UidSetButTensorMissing
2026-05-07T17:22:40.2186990Z [       OK ] TestPointwiseOperationFromNode.FailsWhenOptionalIn2UidSetButTensorMissing (0 ms)
2026-05-07T17:22:40.2187119Z [ RUN      ] TestPointwiseOperationFromNode.FromNodePreservesReluScalars
2026-05-07T17:22:40.2187255Z [       OK ] TestPointwiseOperationFromNode.FromNodePreservesReluScalars (0 ms)
2026-05-07T17:22:40.2187421Z [ RUN      ] TestPointwiseOperationFromNode.FromNodePreservesSwishEluSoftplusScalars
2026-05-07T17:22:40.2187666Z [       OK ] TestPointwiseOperationFromNode.FromNodePreservesSwishEluSoftplusScalars (0 ms)
2026-05-07T17:22:40.2187774Z [ RUN      ] TestPointwiseOperationFromNode.FromNodePreservesAxis
2026-05-07T17:22:40.2187899Z [       OK ] TestPointwiseOperationFromNode.FromNodePreservesAxis (0 ms)
2026-05-07T17:22:40.2188042Z [ RUN      ] TestPointwiseOperationFromNode.BuildNodeOmitsUnsetOptionalScalars
2026-05-07T17:22:40.2188199Z [       OK ] TestPointwiseOperationFromNode.BuildNodeOmitsUnsetOptionalScalars (0 ms)
2026-05-07T17:22:40.2188305Z [----------] 21 tests from TestPointwiseOperationFromNode (0 ms total)
2026-05-07T17:22:40.2188309Z 
2026-05-07T17:22:40.2188398Z [----------] 47 tests from TestReductionOperationDescriptor
2026-05-07T17:22:40.2188506Z [ RUN      ] TestReductionOperationDescriptor.CreateDescriptor
2026-05-07T17:22:40.2188619Z [       OK ] TestReductionOperationDescriptor.CreateDescriptor (0 ms)
2026-05-07T17:22:40.2188761Z [ RUN      ] TestReductionOperationDescriptor.FinalizeWithRequiredAttributes
2026-05-07T17:22:40.2188922Z [       OK ] TestReductionOperationDescriptor.FinalizeWithRequiredAttributes (0 ms)
2026-05-07T17:22:40.2189046Z [ RUN      ] TestReductionOperationDescriptor.FinalizeFailsWithoutXTensor
2026-05-07T17:22:40.2189249Z [       OK ] TestReductionOperationDescriptor.FinalizeFailsWithoutXTensor (0 ms)
2026-05-07T17:22:40.2189377Z [ RUN      ] TestReductionOperationDescriptor.FinalizeFailsWithoutYTensor
2026-05-07T17:22:40.2189516Z [       OK ] TestReductionOperationDescriptor.FinalizeFailsWithoutYTensor (0 ms)
2026-05-07T17:22:40.2189711Z [ RUN      ] TestReductionOperationDescriptor.FinalizeFailsWithoutComputeType
2026-05-07T17:22:40.2189861Z [       OK ] TestReductionOperationDescriptor.FinalizeFailsWithoutComputeType (0 ms)
2026-05-07T17:22:40.2190006Z [ RUN      ] TestReductionOperationDescriptor.FinalizeFailsWithoutReductionMode
2026-05-07T17:22:40.2190163Z [       OK ] TestReductionOperationDescriptor.FinalizeFailsWithoutReductionMode (0 ms)
2026-05-07T17:22:40.2190274Z [ RUN      ] TestReductionOperationDescriptor.SetTensorDescriptorX
2026-05-07T17:22:40.2190396Z [       OK ] TestReductionOperationDescriptor.SetTensorDescriptorX (0 ms)
2026-05-07T17:22:40.2190510Z [ RUN      ] TestReductionOperationDescriptor.SetTensorDescriptorY
2026-05-07T17:22:40.2190634Z [       OK ] TestReductionOperationDescriptor.SetTensorDescriptorY (0 ms)
2026-05-07T17:22:40.2190763Z [ RUN      ] TestReductionOperationDescriptor.SetTensorFailsNotFinalized
2026-05-07T17:22:40.2190904Z [       OK ] TestReductionOperationDescriptor.SetTensorFailsNotFinalized (0 ms)
2026-05-07T17:22:40.2191021Z [ RUN      ] TestReductionOperationDescriptor.SetTensorFailsWrongType
2026-05-07T17:22:40.2191156Z [       OK ] TestReductionOperationDescriptor.SetTensorFailsWrongType (0 ms)
2026-05-07T17:22:40.2191291Z [ RUN      ] TestReductionOperationDescriptor.SetTensorFailsWrongElementCount
2026-05-07T17:22:40.2191442Z [       OK ] TestReductionOperationDescriptor.SetTensorFailsWrongElementCount (0 ms)
2026-05-07T17:22:40.2191571Z [ RUN      ] TestReductionOperationDescriptor.SetTensorFailsNullPointer
2026-05-07T17:22:40.2191703Z [       OK ] TestReductionOperationDescriptor.SetTensorFailsNullPointer (0 ms)
2026-05-07T17:22:40.2191806Z [ RUN      ] TestReductionOperationDescriptor.SetReductionMode
2026-05-07T17:22:40.2191921Z [       OK ] TestReductionOperationDescriptor.SetReductionMode (0 ms)
2026-05-07T17:22:40.2192062Z [ RUN      ] TestReductionOperationDescriptor.SetReductionModeWrongElementCount
2026-05-07T17:22:40.2192220Z [       OK ] TestReductionOperationDescriptor.SetReductionModeWrongElementCount (0 ms)
2026-05-07T17:22:40.2192338Z [ RUN      ] TestReductionOperationDescriptor.SetReductionModeWrongType
2026-05-07T17:22:40.2192469Z [       OK ] TestReductionOperationDescriptor.SetReductionModeWrongType (0 ms)
2026-05-07T17:22:40.2192576Z [ RUN      ] TestReductionOperationDescriptor.SetComputeDataType
2026-05-07T17:22:40.2192692Z [       OK ] TestReductionOperationDescriptor.SetComputeDataType (0 ms)
2026-05-07T17:22:40.2192944Z [ RUN      ] TestReductionOperationDescriptor.SetComputeDataTypeWrongElementCount
2026-05-07T17:22:40.2193107Z [       OK ] TestReductionOperationDescriptor.SetComputeDataTypeWrongElementCount (0 ms)
2026-05-07T17:22:40.2193235Z [ RUN      ] TestReductionOperationDescriptor.SetComputeDataTypeWrongType
2026-05-07T17:22:40.2193391Z [       OK ] TestReductionOperationDescriptor.SetComputeDataTypeWrongType (0 ms)
2026-05-07T17:22:40.2193519Z [ RUN      ] TestReductionOperationDescriptor.SetAttributeIsDeterministic
2026-05-07T17:22:40.2193656Z [       OK ] TestReductionOperationDescriptor.SetAttributeIsDeterministic (0 ms)
2026-05-07T17:22:40.2193812Z [ RUN      ] TestReductionOperationDescriptor.GetAttributeIsDeterministicQueryMode
2026-05-07T17:22:40.2193978Z [       OK ] TestReductionOperationDescriptor.GetAttributeIsDeterministicQueryMode (0 ms)
2026-05-07T17:22:40.2194119Z [ RUN      ] TestReductionOperationDescriptor.SetAttributeFailsAfterFinalize
2026-05-07T17:22:40.2194271Z [       OK ] TestReductionOperationDescriptor.SetAttributeFailsAfterFinalize (0 ms)
2026-05-07T17:22:40.2194384Z [ RUN      ] TestReductionOperationDescriptor.SetAttributeUnsupported
2026-05-07T17:22:40.2194522Z [       OK ] TestReductionOperationDescriptor.SetAttributeUnsupported (0 ms)
2026-05-07T17:22:40.2194879Z [ RUN      ] TestReductionOperationDescriptor.GetAttributeTensorDescriptor
2026-05-07T17:22:40.2195019Z [       OK ] TestReductionOperationDescriptor.GetAttributeTensorDescriptor (0 ms)
2026-05-07T17:22:40.2195148Z [ RUN      ] TestReductionOperationDescriptor.GetAttributeReductionParams
2026-05-07T17:22:40.2195284Z [       OK ] TestReductionOperationDescriptor.GetAttributeReductionParams (0 ms)
2026-05-07T17:22:40.2195406Z [ RUN      ] TestReductionOperationDescriptor.GetAttributeComputeType
2026-05-07T17:22:40.2195536Z [       OK ] TestReductionOperationDescriptor.GetAttributeComputeType (0 ms)
2026-05-07T17:22:40.2195671Z [ RUN      ] TestReductionOperationDescriptor.GetAttributeFailsBeforeFinalize
2026-05-07T17:22:40.2195831Z [       OK ] TestReductionOperationDescriptor.GetAttributeFailsBeforeFinalize (0 ms)
2026-05-07T17:22:40.2195956Z [ RUN      ] TestReductionOperationDescriptor.GetAttributeFailsNullPointer
2026-05-07T17:22:40.2196099Z [       OK ] TestReductionOperationDescriptor.GetAttributeFailsNullPointer (0 ms)
2026-05-07T17:22:40.2196219Z [ RUN      ] TestReductionOperationDescriptor.GetAttributeUnsupported
2026-05-07T17:22:40.2196349Z [       OK ] TestReductionOperationDescriptor.GetAttributeUnsupported (0 ms)
2026-05-07T17:22:40.2196496Z [ RUN      ] TestReductionOperationDescriptor.GetAttributeTensorXQueryReturnsOne
2026-05-07T17:22:40.2196661Z [       OK ] TestReductionOperationDescriptor.GetAttributeTensorXQueryReturnsOne (0 ms)
2026-05-07T17:22:40.2196801Z [ RUN      ] TestReductionOperationDescriptor.GetAttributeTensorYQueryReturnsOne
2026-05-07T17:22:40.2196966Z [       OK ] TestReductionOperationDescriptor.GetAttributeTensorYQueryReturnsOne (0 ms)
2026-05-07T17:22:40.2197128Z [ RUN      ] TestReductionOperationDescriptor.GetAttributeReductionModeQueryReturnsOne
2026-05-07T17:22:40.2197319Z [       OK ] TestReductionOperationDescriptor.GetAttributeReductionModeQueryReturnsOne (0 ms)
2026-05-07T17:22:40.2197478Z [ RUN      ] TestReductionOperationDescriptor.GetAttributeComputeTypeQueryReturnsOne
2026-05-07T17:22:40.2197651Z [       OK ] TestReductionOperationDescriptor.GetAttributeComputeTypeQueryReturnsOne (0 ms)
2026-05-07T17:22:40.2197832Z [ RUN      ] TestReductionOperationDescriptor.GetAttributeTensorQueryFailsNullElementCount
2026-05-07T17:22:40.2198024Z [       OK ] TestReductionOperationDescriptor.GetAttributeTensorQueryFailsNullElementCount (0 ms)
2026-05-07T17:22:40.2198218Z [ RUN      ] TestReductionOperationDescriptor.GetAttributeReductionModeQueryFailsNullElementCount
2026-05-07T17:22:40.2198444Z [       OK ] TestReductionOperationDescriptor.GetAttributeReductionModeQueryFailsNullElementCount (0 ms)
2026-05-07T17:22:40.2198654Z [ RUN      ] TestReductionOperationDescriptor.FinalizePreservesTensorReferences
2026-05-07T17:22:40.2198815Z [       OK ] TestReductionOperationDescriptor.FinalizePreservesTensorReferences (0 ms)
2026-05-07T17:22:40.2198946Z [ RUN      ] TestReductionOperationDescriptor.ToStringContainsExpectedInfo
2026-05-07T17:22:40.2199092Z [       OK ] TestReductionOperationDescriptor.ToStringContainsExpectedInfo (0 ms)
2026-05-07T17:22:40.2199249Z [ RUN      ] TestReductionOperationDescriptor.GetTensorDescriptorsReturnsAllTensors
2026-05-07T17:22:40.2199418Z [       OK ] TestReductionOperationDescriptor.GetTensorDescriptorsReturnsAllTensors (0 ms)
2026-05-07T17:22:40.2199553Z [ RUN      ] TestReductionOperationDescriptor.BuildNodeProducesCorrectNodeT
2026-05-07T17:22:40.2199702Z [       OK ] TestReductionOperationDescriptor.BuildNodeProducesCorrectNodeT (0 ms)
2026-05-07T17:22:40.2199829Z [ RUN      ] TestReductionOperationDescriptor.BuildNodeWithHalfComputeType
2026-05-07T17:22:40.2199972Z [       OK ] TestReductionOperationDescriptor.BuildNodeWithHalfComputeType (0 ms)
2026-05-07T17:22:40.2200106Z [ RUN      ] TestReductionOperationDescriptor.GetTensorDescriptorsOrderIsXY
2026-05-07T17:22:40.2200249Z [       OK ] TestReductionOperationDescriptor.GetTensorDescriptorsOrderIsXY (0 ms)
2026-05-07T17:22:40.2200457Z [ RUN      ] TestReductionOperationDescriptor.TryAsInterfaceReturnsValidGraphOp
2026-05-07T17:22:40.2200615Z [       OK ] TestReductionOperationDescriptor.TryAsInterfaceReturnsValidGraphOp (0 ms)
2026-05-07T17:22:40.2200768Z [ RUN      ] TestReductionOperationDescriptor.TryAsInterfaceReturnsNullForWrongType
2026-05-07T17:22:40.2200940Z [       OK ] TestReductionOperationDescriptor.TryAsInterfaceReturnsNullForWrongType (0 ms)
2026-05-07T17:22:40.2201053Z [ RUN      ] TestReductionOperationDescriptor.SetAttributeNameSuccess
2026-05-07T17:22:40.2201183Z [       OK ] TestReductionOperationDescriptor.SetAttributeNameSuccess (0 ms)
2026-05-07T17:22:40.2201343Z [ RUN      ] TestReductionOperationDescriptor.GetAttributeNameQueryReturnsSizeInclNull
2026-05-07T17:22:40.2201524Z [       OK ] TestReductionOperationDescriptor.GetAttributeNameQueryReturnsSizeInclNull (0 ms)
2026-05-07T17:22:40.2201703Z [ RUN      ] TestReductionOperationDescriptor.GetAttributeOperationTypeReturnsCorrectType
2026-05-07T17:22:40.2201893Z [       OK ] TestReductionOperationDescriptor.GetAttributeOperationTypeReturnsCorrectType (0 ms)
2026-05-07T17:22:40.2202061Z [ RUN      ] TestReductionOperationDescriptor.GetAttributeOperationTypeQueryReturnsOne
2026-05-07T17:22:40.2202241Z [       OK ] TestReductionOperationDescriptor.GetAttributeOperationTypeQueryReturnsOne (0 ms)
2026-05-07T17:22:40.2202355Z [ RUN      ] TestReductionOperationDescriptor.BuildNodePreservesName
2026-05-07T17:22:40.2202484Z [       OK ] TestReductionOperationDescriptor.BuildNodePreservesName (0 ms)
2026-05-07T17:22:40.2202594Z [----------] 47 tests from TestReductionOperationDescriptor (0 ms total)
2026-05-07T17:22:40.2202598Z 
2026-05-07T17:22:40.2202683Z [----------] 18 tests from TestReductionOperationFromNode
2026-05-07T17:22:40.2202820Z [ RUN      ] TestReductionOperationFromNode.CreatesValidFinalizedDescriptor
2026-05-07T17:22:40.2202969Z [       OK ] TestReductionOperationFromNode.CreatesValidFinalizedDescriptor (0 ms)
2026-05-07T17:22:40.2203110Z [ RUN      ] TestReductionOperationFromNode.NodeFactoryDelegatesCorrectly
2026-05-07T17:22:40.2203252Z [       OK ] TestReductionOperationFromNode.NodeFactoryDelegatesCorrectly (0 ms)
2026-05-07T17:22:40.2203366Z [ RUN      ] TestReductionOperationFromNode.PreservesComputeDataType
2026-05-07T17:22:40.2203498Z [       OK ] TestReductionOperationFromNode.PreservesComputeDataType (0 ms)
2026-05-07T17:22:40.2203609Z [ RUN      ] TestReductionOperationFromNode.PreservesReductionMode
2026-05-07T17:22:40.2203731Z [       OK ] TestReductionOperationFromNode.PreservesReductionMode (0 ms)
2026-05-07T17:22:40.2203840Z [ RUN      ] TestReductionOperationFromNode.SetsTensorReferences
2026-05-07T17:22:40.2203959Z [       OK ] TestReductionOperationFromNode.SetsTensorReferences (0 ms)
2026-05-07T17:22:40.2204159Z [ RUN      ] TestReductionOperationFromNode.TensorReferencesMatchTensorMap
2026-05-07T17:22:40.2204302Z [       OK ] TestReductionOperationFromNode.TensorReferencesMatchTensorMap (0 ms)
2026-05-07T17:22:40.2204441Z [ RUN      ] TestReductionOperationFromNode.SetsTensorReferencesWithFullValues
2026-05-07T17:22:40.2204599Z [       OK ] TestReductionOperationFromNode.SetsTensorReferencesWithFullValues (0 ms)
2026-05-07T17:22:40.2204714Z [ RUN      ] TestReductionOperationFromNode.FailsWithMissingXTensor
2026-05-07T17:22:40.2204838Z [       OK ] TestReductionOperationFromNode.FailsWithMissingXTensor (0 ms)
2026-05-07T17:22:40.2204954Z [ RUN      ] TestReductionOperationFromNode.FailsWithMissingYTensor
2026-05-07T17:22:40.2205079Z [       OK ] TestReductionOperationFromNode.FailsWithMissingYTensor (0 ms)
2026-05-07T17:22:40.2205235Z [ RUN      ] TestReductionOperationFromNode.GetTensorDescriptorsReturnsAllTensors
2026-05-07T17:22:40.2205399Z [       OK ] TestReductionOperationFromNode.GetTensorDescriptorsReturnsAllTensors (0 ms)
2026-05-07T17:22:40.2205499Z [ RUN      ] TestReductionOperationFromNode.BuildNodeRoundTrip
2026-05-07T17:22:40.2205699Z [       OK ] TestReductionOperationFromNode.BuildNodeRoundTrip (0 ms)
2026-05-07T17:22:40.2205831Z [ RUN      ] TestReductionOperationFromNode.FromNodePreservesIsDeterministic
2026-05-07T17:22:40.2205977Z [       OK ] TestReductionOperationFromNode.FromNodePreservesIsDeterministic (0 ms)
2026-05-07T17:22:40.2206139Z [ RUN      ] TestReductionOperationFromNode.BuildNodePreservesDefaultIsDeterministic
2026-05-07T17:22:40.2206312Z [       OK ] TestReductionOperationFromNode.BuildNodePreservesDefaultIsDeterministic (0 ms)
2026-05-07T17:22:40.2206443Z [ RUN      ] TestReductionOperationFromNode.GetAttributeWorksAfterFromNode
2026-05-07T17:22:40.2206584Z [       OK ] TestReductionOperationFromNode.GetAttributeWorksAfterFromNode (0 ms)
2026-05-07T17:22:40.2206690Z [ RUN      ] TestReductionOperationFromNode.NamePreservedFromNode
2026-05-07T17:22:40.2206816Z [       OK ] TestReductionOperationFromNode.NamePreservedFromNode (0 ms)
2026-05-07T17:22:40.2206940Z [ RUN      ] TestReductionOperationFromNode.EmptyNamePreservedFromNode
2026-05-07T17:22:40.2207073Z [       OK ] TestReductionOperationFromNode.EmptyNamePreservedFromNode (0 ms)
2026-05-07T17:22:40.2207186Z [ RUN      ] TestReductionOperationFromNode.BuildNodePreservesName
2026-05-07T17:22:40.2207303Z [       OK ] TestReductionOperationFromNode.BuildNodePreservesName (0 ms)
2026-05-07T17:22:40.2207433Z [ RUN      ] TestReductionOperationFromNode.FailsWithWrongAttributesType
2026-05-07T17:22:40.2207571Z [       OK ] TestReductionOperationFromNode.FailsWithWrongAttributesType (0 ms)
2026-05-07T17:22:40.2207675Z [----------] 18 tests from TestReductionOperationFromNode (0 ms total)
2026-05-07T17:22:40.2207678Z 
2026-05-07T17:22:40.2207767Z [----------] 6 tests from TestGraphDescriptorReduction
2026-05-07T17:22:40.2207877Z [ RUN      ] TestGraphDescriptorReduction.BuildFromSingleOperation
2026-05-07T17:22:40.2207999Z [       OK ] TestGraphDescriptorReduction.BuildFromSingleOperation (0 ms)
2026-05-07T17:22:40.2208110Z [ RUN      ] TestGraphDescriptorReduction.ComputeDataTypePreserved
2026-05-07T17:22:40.2208230Z [       OK ] TestGraphDescriptorReduction.ComputeDataTypePreserved (0 ms)
2026-05-07T17:22:40.2208356Z [ RUN      ] TestGraphDescriptorReduction.ReductionAttributesPreserved
2026-05-07T17:22:40.2208488Z [       OK ] TestGraphDescriptorReduction.ReductionAttributesPreserved (0 ms)
2026-05-07T17:22:40.2208627Z [ RUN      ] TestGraphDescriptorReduction.OperationNamePreservedInSerialization
2026-05-07T17:22:40.2208790Z [       OK ] TestGraphDescriptorReduction.OperationNamePreservedInSerialization (0 ms)
2026-05-07T17:22:40.2208930Z [ RUN      ] TestGraphDescriptorReduction.OperationNameRoundTripThroughLifting
2026-05-07T17:22:40.2209085Z [       OK ] TestGraphDescriptorReduction.OperationNameRoundTripThroughLifting (0 ms)
2026-05-07T17:22:40.2209303Z [ RUN      ] TestGraphDescriptorReduction.IsDeterministicPreservedInSerialization
2026-05-07T17:22:40.2209467Z [       OK ] TestGraphDescriptorReduction.IsDeterministicPreservedInSerialization (0 ms)
2026-05-07T17:22:40.2209575Z [----------] 6 tests from TestGraphDescriptorReduction (0 ms total)
2026-05-07T17:22:40.2209578Z 
2026-05-07T17:22:40.2209700Z [----------] 52 tests from TestRMSNormOperationDescriptor
2026-05-07T17:22:40.2209800Z [ RUN      ] TestRMSNormOperationDescriptor.CreateDescriptor
2026-05-07T17:22:40.2209912Z [       OK ] TestRMSNormOperationDescriptor.CreateDescriptor (0 ms)
2026-05-07T17:22:40.2210041Z [ RUN      ] TestRMSNormOperationDescriptor.FinalizeWithRequiredAttributes
2026-05-07T17:22:40.2210189Z [       OK ] TestRMSNormOperationDescriptor.FinalizeWithRequiredAttributes (0 ms)
2026-05-07T17:22:40.2210341Z [ RUN      ] TestRMSNormOperationDescriptor.FinalizeSucceedsWithoutOptionalTensors
2026-05-07T17:22:40.2210511Z [       OK ] TestRMSNormOperationDescriptor.FinalizeSucceedsWithoutOptionalTensors (0 ms)
2026-05-07T17:22:40.2210637Z [ RUN      ] TestRMSNormOperationDescriptor.FinalizeFailsWithoutXTensor
2026-05-07T17:22:40.2210773Z [       OK ] TestRMSNormOperationDescriptor.FinalizeFailsWithoutXTensor (0 ms)
2026-05-07T17:22:40.2210968Z [ RUN      ] TestRMSNormOperationDescriptor.FinalizeFailsWithoutScaleTensor
2026-05-07T17:22:40.2211117Z [       OK ] TestRMSNormOperationDescriptor.FinalizeFailsWithoutScaleTensor (0 ms)
2026-05-07T17:22:40.2211251Z [ RUN      ] TestRMSNormOperationDescriptor.FinalizeFailsWithoutEpsilonTensor
2026-05-07T17:22:40.2211410Z [       OK ] TestRMSNormOperationDescriptor.FinalizeFailsWithoutEpsilonTensor (0 ms)
2026-05-07T17:22:40.2211529Z [ RUN      ] TestRMSNormOperationDescriptor.FinalizeFailsWithoutYTensor
2026-05-07T17:22:40.2211666Z [       OK ] TestRMSNormOperationDescriptor.FinalizeFailsWithoutYTensor (0 ms)
2026-05-07T17:22:40.2211806Z [ RUN      ] TestRMSNormOperationDescriptor.FinalizeFailsWithoutComputeType
2026-05-07T17:22:40.2211951Z [       OK ] TestRMSNormOperationDescriptor.FinalizeFailsWithoutComputeType (0 ms)
2026-05-07T17:22:40.2212095Z [ RUN      ] TestRMSNormOperationDescriptor.FinalizeFailsWithoutForwardPhase
2026-05-07T17:22:40.2212249Z [       OK ] TestRMSNormOperationDescriptor.FinalizeFailsWithoutForwardPhase (0 ms)
2026-05-07T17:22:40.2212355Z [ RUN      ] TestRMSNormOperationDescriptor.SetTensorDescriptorX
2026-05-07T17:22:40.2212481Z [       OK ] TestRMSNormOperationDescriptor.SetTensorDescriptorX (0 ms)
2026-05-07T17:22:40.2212594Z [ RUN      ] TestRMSNormOperationDescriptor.SetTensorDescriptorScale
2026-05-07T17:22:40.2212718Z [       OK ] TestRMSNormOperationDescriptor.SetTensorDescriptorScale (0 ms)
2026-05-07T17:22:40.2212847Z [ RUN      ] TestRMSNormOperationDescriptor.SetTensorDescriptorEpsilon
2026-05-07T17:22:40.2212981Z [       OK ] TestRMSNormOperationDescriptor.SetTensorDescriptorEpsilon (0 ms)
2026-05-07T17:22:40.2213085Z [ RUN      ] TestRMSNormOperationDescriptor.SetTensorDescriptorY
2026-05-07T17:22:40.2213208Z [       OK ] TestRMSNormOperationDescriptor.SetTensorDescriptorY (0 ms)
2026-05-07T17:22:40.2213317Z [ RUN      ] TestRMSNormOperationDescriptor.SetTensorDescriptorBias
2026-05-07T17:22:40.2213449Z [       OK ] TestRMSNormOperationDescriptor.SetTensorDescriptorBias (0 ms)
2026-05-07T17:22:40.2213565Z [ RUN      ] TestRMSNormOperationDescriptor.SetTensorDescriptorInvRms
2026-05-07T17:22:40.2213693Z [       OK ] TestRMSNormOperationDescriptor.SetTensorDescriptorInvRms (0 ms)
2026-05-07T17:22:40.2213815Z [ RUN      ] TestRMSNormOperationDescriptor.SetTensorFailsNotFinalized
2026-05-07T17:22:40.2213945Z [       OK ] TestRMSNormOperationDescriptor.SetTensorFailsNotFinalized (0 ms)
2026-05-07T17:22:40.2214054Z [ RUN      ] TestRMSNormOperationDescriptor.SetTensorFailsWrongType
2026-05-07T17:22:40.2214182Z [       OK ] TestRMSNormOperationDescriptor.SetTensorFailsWrongType (0 ms)
2026-05-07T17:22:40.2214311Z [ RUN      ] TestRMSNormOperationDescriptor.SetTensorFailsWrongElementCount
2026-05-07T17:22:40.2214521Z [       OK ] TestRMSNormOperationDescriptor.SetTensorFailsWrongElementCount (0 ms)
2026-05-07T17:22:40.2214638Z [ RUN      ] TestRMSNormOperationDescriptor.SetTensorFailsNullPointer
2026-05-07T17:22:40.2214768Z [       OK ] TestRMSNormOperationDescriptor.SetTensorFailsNullPointer (0 ms)
2026-05-07T17:22:40.2214868Z [ RUN      ] TestRMSNormOperationDescriptor.SetForwardPhase
2026-05-07T17:22:40.2214973Z [       OK ] TestRMSNormOperationDescriptor.SetForwardPhase (0 ms)
2026-05-07T17:22:40.2215109Z [ RUN      ] TestRMSNormOperationDescriptor.SetForwardPhaseWrongElementCount
2026-05-07T17:22:40.2215266Z [       OK ] TestRMSNormOperationDescriptor.SetForwardPhaseWrongElementCount (0 ms)
2026-05-07T17:22:40.2215368Z [ RUN      ] TestRMSNormOperationDescriptor.SetComputeDataType
2026-05-07T17:22:40.2215482Z [       OK ] TestRMSNormOperationDescriptor.SetComputeDataType (0 ms)
2026-05-07T17:22:40.2215635Z [ RUN      ] TestRMSNormOperationDescriptor.SetComputeDataTypeWrongElementCount
2026-05-07T17:22:40.2215798Z [       OK ] TestRMSNormOperationDescriptor.SetComputeDataTypeWrongElementCount (0 ms)
2026-05-07T17:22:40.2215930Z [ RUN      ] TestRMSNormOperationDescriptor.SetAttributeFailsAfterFinalize
2026-05-07T17:22:40.2216133Z [       OK ] TestRMSNormOperationDescriptor.SetAttributeFailsAfterFinalize (0 ms)
2026-05-07T17:22:40.2216245Z [ RUN      ] TestRMSNormOperationDescriptor.SetAttributeUnsupported
2026-05-07T17:22:40.2216378Z [       OK ] TestRMSNormOperationDescriptor.SetAttributeUnsupported (0 ms)
2026-05-07T17:22:40.2216504Z [ RUN      ] TestRMSNormOperationDescriptor.GetAttributeTensorDescriptor
2026-05-07T17:22:40.2216651Z [       OK ] TestRMSNormOperationDescriptor.GetAttributeTensorDescriptor (0 ms)
2026-05-07T17:22:40.2216777Z [ RUN      ] TestRMSNormOperationDescriptor.GetAttributeForwardPhase
2026-05-07T17:22:40.2216905Z [       OK ] TestRMSNormOperationDescriptor.GetAttributeForwardPhase (0 ms)
2026-05-07T17:22:40.2217022Z [ RUN      ] TestRMSNormOperationDescriptor.GetAttributeComputeType
2026-05-07T17:22:40.2217142Z [       OK ] TestRMSNormOperationDescriptor.GetAttributeComputeType (0 ms)
2026-05-07T17:22:40.2217271Z [ RUN      ] TestRMSNormOperationDescriptor.GetAttributeFailsBeforeFinalize
2026-05-07T17:22:40.2217424Z [       OK ] TestRMSNormOperationDescriptor.GetAttributeFailsBeforeFinalize (0 ms)
2026-05-07T17:22:40.2217546Z [ RUN      ] TestRMSNormOperationDescriptor.GetAttributeFailsNullPointer
2026-05-07T17:22:40.2217681Z [       OK ] TestRMSNormOperationDescriptor.GetAttributeFailsNullPointer (0 ms)
2026-05-07T17:22:40.2217795Z [ RUN      ] TestRMSNormOperationDescriptor.GetAttributeUnsupported
2026-05-07T17:22:40.2217915Z [       OK ] TestRMSNormOperationDescriptor.GetAttributeUnsupported (0 ms)
2026-05-07T17:22:40.2218058Z [ RUN      ] TestRMSNormOperationDescriptor.GetAttributeTensorXQueryReturnsOne
2026-05-07T17:22:40.2218211Z [       OK ] TestRMSNormOperationDescriptor.GetAttributeTensorXQueryReturnsOne (0 ms)
2026-05-07T17:22:40.2218361Z [ RUN      ] TestRMSNormOperationDescriptor.GetAttributeTensorScaleQueryReturnsOne
2026-05-07T17:22:40.2218534Z [       OK ] TestRMSNormOperationDescriptor.GetAttributeTensorScaleQueryReturnsOne (0 ms)
2026-05-07T17:22:40.2218692Z [ RUN      ] TestRMSNormOperationDescriptor.GetAttributeTensorEpsilonQueryReturnsOne
2026-05-07T17:22:40.2218871Z [       OK ] TestRMSNormOperationDescriptor.GetAttributeTensorEpsilonQueryReturnsOne (0 ms)
2026-05-07T17:22:40.2219015Z [ RUN      ] TestRMSNormOperationDescriptor.GetAttributeTensorYQueryReturnsOne
2026-05-07T17:22:40.2219174Z [       OK ] TestRMSNormOperationDescriptor.GetAttributeTensorYQueryReturnsOne (0 ms)
2026-05-07T17:22:40.2219331Z [ RUN      ] TestRMSNormOperationDescriptor.GetAttributeTensorBiasQueryReturnsOne
2026-05-07T17:22:40.2219504Z [       OK ] TestRMSNormOperationDescriptor.GetAttributeTensorBiasQueryReturnsOne (0 ms)
2026-05-07T17:22:40.2219687Z [ RUN      ] TestRMSNormOperationDescriptor.GetAttributeTensorBiasQueryReturnsZeroWhenAbsent
2026-05-07T17:22:40.2219959Z [       OK ] TestRMSNormOperationDescriptor.GetAttributeTensorBiasQueryReturnsZeroWhenAbsent (0 ms)
2026-05-07T17:22:40.2220112Z [ RUN      ] TestRMSNormOperationDescriptor.GetAttributeTensorInvRmsQueryReturnsOne
2026-05-07T17:22:40.2220296Z [       OK ] TestRMSNormOperationDescriptor.GetAttributeTensorInvRmsQueryReturnsOne (0 ms)
2026-05-07T17:22:40.2220492Z [ RUN      ] TestRMSNormOperationDescriptor.GetAttributeTensorInvRmsQueryReturnsZeroWhenAbsent
2026-05-07T17:22:40.2220703Z [       OK ] TestRMSNormOperationDescriptor.GetAttributeTensorInvRmsQueryReturnsZeroWhenAbsent (0 ms)
2026-05-07T17:22:40.2220868Z [ RUN      ] TestRMSNormOperationDescriptor.GetAttributeForwardPhaseQueryReturnsOne
2026-05-07T17:22:40.2221050Z [       OK ] TestRMSNormOperationDescriptor.GetAttributeForwardPhaseQueryReturnsOne (0 ms)
2026-05-07T17:22:40.2221203Z [ RUN      ] TestRMSNormOperationDescriptor.GetAttributeComputeTypeQueryReturnsOne
2026-05-07T17:22:40.2221382Z [       OK ] TestRMSNormOperationDescriptor.GetAttributeComputeTypeQueryReturnsOne (0 ms)
2026-05-07T17:22:40.2221553Z [ RUN      ] TestRMSNormOperationDescriptor.GetAttributeTensorQueryFailsNullElementCount
2026-05-07T17:22:40.2221806Z [       OK ] TestRMSNormOperationDescriptor.GetAttributeTensorQueryFailsNullElementCount (0 ms)
2026-05-07T17:22:40.2222001Z [ RUN      ] TestRMSNormOperationDescriptor.GetAttributeForwardPhaseQueryFailsNullElementCount
2026-05-07T17:22:40.2222216Z [       OK ] TestRMSNormOperationDescriptor.GetAttributeForwardPhaseQueryFailsNullElementCount (0 ms)
2026-05-07T17:22:40.2222358Z [ RUN      ] TestRMSNormOperationDescriptor.FinalizePreservesTensorReferences
2026-05-07T17:22:40.2222510Z [       OK ] TestRMSNormOperationDescriptor.FinalizePreservesTensorReferences (0 ms)
2026-05-07T17:22:40.2222637Z [ RUN      ] TestRMSNormOperationDescriptor.ToStringContainsExpectedInfo
2026-05-07T17:22:40.2222774Z [       OK ] TestRMSNormOperationDescriptor.ToStringContainsExpectedInfo (0 ms)
2026-05-07T17:22:40.2222928Z [ RUN      ] TestRMSNormOperationDescriptor.GetTensorDescriptorsReturnsAllTensors
2026-05-07T17:22:40.2223101Z [       OK ] TestRMSNormOperationDescriptor.GetTensorDescriptorsReturnsAllTensors (0 ms)
2026-05-07T17:22:40.2223272Z [ RUN      ] TestRMSNormOperationDescriptor.GetTensorDescriptorsWithoutOptionalTensors
2026-05-07T17:22:40.2223454Z [       OK ] TestRMSNormOperationDescriptor.GetTensorDescriptorsWithoutOptionalTensors (0 ms)
2026-05-07T17:22:40.2223587Z [ RUN      ] TestRMSNormOperationDescriptor.BuildNodeProducesCorrectNodeT
2026-05-07T17:22:40.2223725Z [       OK ] TestRMSNormOperationDescriptor.BuildNodeProducesCorrectNodeT (0 ms)
2026-05-07T17:22:40.2223854Z [ RUN      ] TestRMSNormOperationDescriptor.BuildNodeWithHalfComputeType
2026-05-07T17:22:40.2223990Z [       OK ] TestRMSNormOperationDescriptor.BuildNodeWithHalfComputeType (0 ms)
2026-05-07T17:22:40.2224131Z [ RUN      ] TestRMSNormOperationDescriptor.GetTensorDescriptorsOrderIsCorrect
2026-05-07T17:22:40.2224293Z [       OK ] TestRMSNormOperationDescriptor.GetTensorDescriptorsOrderIsCorrect (0 ms)
2026-05-07T17:22:40.2224433Z [ RUN      ] TestRMSNormOperationDescriptor.TryAsInterfaceReturnsValidGraphOp
2026-05-07T17:22:40.2224589Z [       OK ] TestRMSNormOperationDescriptor.TryAsInterfaceReturnsValidGraphOp (0 ms)
2026-05-07T17:22:40.2224746Z [ RUN      ] TestRMSNormOperationDescriptor.TryAsInterfaceReturnsNullForWrongType
2026-05-07T17:22:40.2224911Z [       OK ] TestRMSNormOperationDescriptor.TryAsInterfaceReturnsNullForWrongType (0 ms)
2026-05-07T17:22:40.2225024Z [----------] 52 tests from TestRMSNormOperationDescriptor (0 ms total)
2026-05-07T17:22:40.2225028Z 
2026-05-07T17:22:40.2225112Z [----------] 20 tests from TestRMSNormOperationFromNode
2026-05-07T17:22:40.2225243Z [ RUN      ] TestRMSNormOperationFromNode.CreatesValidFinalizedDescriptor
2026-05-07T17:22:40.2225394Z [       OK ] TestRMSNormOperationFromNode.CreatesValidFinalizedDescriptor (0 ms)
2026-05-07T17:22:40.2225580Z [ RUN      ] TestRMSNormOperationFromNode.NodeFactoryDelegatesCorrectly
2026-05-07T17:22:40.2225714Z [       OK ] TestRMSNormOperationFromNode.NodeFactoryDelegatesCorrectly (0 ms)
2026-05-07T17:22:40.2225828Z [ RUN      ] TestRMSNormOperationFromNode.PreservesComputeDataType
2026-05-07T17:22:40.2225948Z [       OK ] TestRMSNormOperationFromNode.PreservesComputeDataType (0 ms)
2026-05-07T17:22:40.2226060Z [ RUN      ] TestRMSNormOperationFromNode.PreservesNormFwdPhase
2026-05-07T17:22:40.2226176Z [       OK ] TestRMSNormOperationFromNode.PreservesNormFwdPhase (0 ms)
2026-05-07T17:22:40.2226278Z [ RUN      ] TestRMSNormOperationFromNode.SetsTensorReferences
2026-05-07T17:22:40.2226392Z [       OK ] TestRMSNormOperationFromNode.SetsTensorReferences (0 ms)
2026-05-07T17:22:40.2226514Z [ RUN      ] TestRMSNormOperationFromNode.TensorReferencesMatchTensorMap
2026-05-07T17:22:40.2226649Z [       OK ] TestRMSNormOperationFromNode.TensorReferencesMatchTensorMap (0 ms)
2026-05-07T17:22:40.2226791Z [ RUN      ] TestRMSNormOperationFromNode.SetsTensorReferencesWithFullValues
2026-05-07T17:22:40.2226943Z [       OK ] TestRMSNormOperationFromNode.SetsTensorReferencesWithFullValues (0 ms)
2026-05-07T17:22:40.2227056Z [ RUN      ] TestRMSNormOperationFromNode.FailsWithMissingXTensor
2026-05-07T17:22:40.2227240Z [       OK ] TestRMSNormOperationFromNode.FailsWithMissingXTensor (0 ms)
2026-05-07T17:22:40.2227354Z [ RUN      ] TestRMSNormOperationFromNode.FailsWithMissingScaleTensor
2026-05-07T17:22:40.2227488Z [       OK ] TestRMSNormOperationFromNode.FailsWithMissingScaleTensor (0 ms)
2026-05-07T17:22:40.2227607Z [ RUN      ] TestRMSNormOperationFromNode.FailsWithMissingEpsilonTensor
2026-05-07T17:22:40.2227740Z [       OK ] TestRMSNormOperationFromNode.FailsWithMissingEpsilonTensor (0 ms)
2026-05-07T17:22:40.2227853Z [ RUN      ] TestRMSNormOperationFromNode.FailsWithMissingYTensor
2026-05-07T17:22:40.2227972Z [       OK ] TestRMSNormOperationFromNode.FailsWithMissingYTensor (0 ms)
2026-05-07T17:22:40.2228105Z [ RUN      ] TestRMSNormOperationFromNode.SucceedsWithOnlyRequiredTensors
2026-05-07T17:22:40.2228243Z [       OK ] TestRMSNormOperationFromNode.SucceedsWithOnlyRequiredTensors (0 ms)
2026-05-07T17:22:40.2228405Z [ RUN      ] TestRMSNormOperationFromNode.FailsWhenOptionalBiasUidSetButTensorMissing
2026-05-07T17:22:40.2228593Z [       OK ] TestRMSNormOperationFromNode.FailsWhenOptionalBiasUidSetButTensorMissing (0 ms)
2026-05-07T17:22:40.2228766Z [ RUN      ] TestRMSNormOperationFromNode.FailsWhenOptionalInvRmsUidSetButTensorMissing
2026-05-07T17:22:40.2228949Z [       OK ] TestRMSNormOperationFromNode.FailsWhenOptionalInvRmsUidSetButTensorMissing (0 ms)
2026-05-07T17:22:40.2229095Z [ RUN      ] TestRMSNormOperationFromNode.GetTensorDescriptorsReturnsAllTensors
2026-05-07T17:22:40.2229251Z [       OK ] TestRMSNormOperationFromNode.GetTensorDescriptorsReturnsAllTensors (0 ms)
2026-05-07T17:22:40.2229356Z [ RUN      ] TestRMSNormOperationFromNode.BuildNodeRoundTrip
2026-05-07T17:22:40.2229464Z [       OK ] TestRMSNormOperationFromNode.BuildNodeRoundTrip (0 ms)
2026-05-07T17:22:40.2229585Z [ RUN      ] TestRMSNormOperationFromNode.GetAttributeWorksAfterFromNode
2026-05-07T17:22:40.2229767Z [       OK ] TestRMSNormOperationFromNode.GetAttributeWorksAfterFromNode (0 ms)
2026-05-07T17:22:40.2229872Z [ RUN      ] TestRMSNormOperationFromNode.NamePreservedFromNode
2026-05-07T17:22:40.2229986Z [       OK ] TestRMSNormOperationFromNode.NamePreservedFromNode (0 ms)
2026-05-07T17:22:40.2230104Z [ RUN      ] TestRMSNormOperationFromNode.EmptyNamePreservedFromNode
2026-05-07T17:22:40.2230233Z [       OK ] TestRMSNormOperationFromNode.EmptyNamePreservedFromNode (0 ms)
2026-05-07T17:22:40.2230344Z [ RUN      ] TestRMSNormOperationFromNode.BuildNodePreservesName
2026-05-07T17:22:40.2230459Z [       OK ] TestRMSNormOperationFromNode.BuildNodePreservesName (0 ms)
2026-05-07T17:22:40.2230557Z [----------] 20 tests from TestRMSNormOperationFromNode (0 ms total)
2026-05-07T17:22:40.2230560Z 
2026-05-07T17:22:40.2230716Z [----------] 81 tests from TestSdpaBwdOperationDescriptor
2026-05-07T17:22:40.2230816Z [ RUN      ] TestSdpaBwdOperationDescriptor.CreateDescriptor
2026-05-07T17:22:40.2230922Z [       OK ] TestSdpaBwdOperationDescriptor.CreateDescriptor (0 ms)
2026-05-07T17:22:40.2231061Z [ RUN      ] TestSdpaBwdOperationDescriptor.FinalizeWithRequiredAttributes
2026-05-07T17:22:40.2231204Z [       OK ] TestSdpaBwdOperationDescriptor.FinalizeWithRequiredAttributes (0 ms)
2026-05-07T17:22:40.2231317Z [ RUN      ] TestSdpaBwdOperationDescriptor.DoubleFinalizeThrows
2026-05-07T17:22:40.2231433Z [       OK ] TestSdpaBwdOperationDescriptor.DoubleFinalizeThrows (0 ms)
2026-05-07T17:22:40.2231536Z [ RUN      ] TestSdpaBwdOperationDescriptor.SetTensorDescriptorQ
2026-05-07T17:22:40.2231662Z [       OK ] TestSdpaBwdOperationDescriptor.SetTensorDescriptorQ (0 ms)
2026-05-07T17:22:40.2231765Z [ RUN      ] TestSdpaBwdOperationDescriptor.SetTensorDescriptorK
2026-05-07T17:22:40.2231878Z [       OK ] TestSdpaBwdOperationDescriptor.SetTensorDescriptorK (0 ms)
2026-05-07T17:22:40.2231985Z [ RUN      ] TestSdpaBwdOperationDescriptor.SetTensorDescriptorV
2026-05-07T17:22:40.2232098Z [       OK ] TestSdpaBwdOperationDescriptor.SetTensorDescriptorV (0 ms)
2026-05-07T17:22:40.2232268Z [ RUN      ] TestSdpaBwdOperationDescriptor.SetTensorDescriptorO
2026-05-07T17:22:40.2232382Z [       OK ] TestSdpaBwdOperationDescriptor.SetTensorDescriptorO (0 ms)
2026-05-07T17:22:40.2232489Z [ RUN      ] TestSdpaBwdOperationDescriptor.SetTensorDescriptorDo
2026-05-07T17:22:40.2232611Z [       OK ] TestSdpaBwdOperationDescriptor.SetTensorDescriptorDo (0 ms)
2026-05-07T17:22:40.2232725Z [ RUN      ] TestSdpaBwdOperationDescriptor.SetTensorDescriptorStats
2026-05-07T17:22:40.2232851Z [       OK ] TestSdpaBwdOperationDescriptor.SetTensorDescriptorStats (0 ms)
2026-05-07T17:22:40.2232966Z [ RUN      ] TestSdpaBwdOperationDescriptor.SetTensorDescriptorDq
2026-05-07T17:22:40.2233082Z [       OK ] TestSdpaBwdOperationDescriptor.SetTensorDescriptorDq (0 ms)
2026-05-07T17:22:40.2233193Z [ RUN      ] TestSdpaBwdOperationDescriptor.SetTensorDescriptorDk
2026-05-07T17:22:40.2233311Z [       OK ] TestSdpaBwdOperationDescriptor.SetTensorDescriptorDk (0 ms)
2026-05-07T17:22:40.2233416Z [ RUN      ] TestSdpaBwdOperationDescriptor.SetTensorDescriptorDv
2026-05-07T17:22:40.2233538Z [       OK ] TestSdpaBwdOperationDescriptor.SetTensorDescriptorDv (0 ms)
2026-05-07T17:22:40.2233650Z [ RUN      ] TestSdpaBwdOperationDescriptor.SetTensorDescriptorScale
2026-05-07T17:22:40.2233774Z [       OK ] TestSdpaBwdOperationDescriptor.SetTensorDescriptorScale (0 ms)
2026-05-07T17:22:40.2233897Z [ RUN      ] TestSdpaBwdOperationDescriptor.SetTensorDescriptorAttnMask
2026-05-07T17:22:40.2234030Z [       OK ] TestSdpaBwdOperationDescriptor.SetTensorDescriptorAttnMask (0 ms)
2026-05-07T17:22:40.2234154Z [ RUN      ] TestSdpaBwdOperationDescriptor.SetTensorDescriptorSeqLenQ
2026-05-07T17:22:40.2234286Z [       OK ] TestSdpaBwdOperationDescriptor.SetTensorDescriptorSeqLenQ (0 ms)
2026-05-07T17:22:40.2234406Z [ RUN      ] TestSdpaBwdOperationDescriptor.SetTensorDescriptorSeqLenKv
2026-05-07T17:22:40.2234544Z [       OK ] TestSdpaBwdOperationDescriptor.SetTensorDescriptorSeqLenKv (0 ms)
2026-05-07T17:22:40.2234654Z [ RUN      ] TestSdpaBwdOperationDescriptor.SetTensorDescriptorSeed
2026-05-07T17:22:40.2234778Z [       OK ] TestSdpaBwdOperationDescriptor.SetTensorDescriptorSeed (0 ms)
2026-05-07T17:22:40.2234896Z [ RUN      ] TestSdpaBwdOperationDescriptor.SetTensorDescriptorOffset
2026-05-07T17:22:40.2235026Z [       OK ] TestSdpaBwdOperationDescriptor.SetTensorDescriptorOffset (0 ms)
2026-05-07T17:22:40.2235158Z [ RUN      ] TestSdpaBwdOperationDescriptor.SetTensorDescriptorDropoutMask
2026-05-07T17:22:40.2235311Z [       OK ] TestSdpaBwdOperationDescriptor.SetTensorDescriptorDropoutMask (0 ms)
2026-05-07T17:22:40.2235448Z [ RUN      ] TestSdpaBwdOperationDescriptor.SetTensorDescriptorDropoutScale
2026-05-07T17:22:40.2235607Z [       OK ] TestSdpaBwdOperationDescriptor.SetTensorDescriptorDropoutScale (0 ms)
2026-05-07T17:22:40.2235811Z [ RUN      ] TestSdpaBwdOperationDescriptor.SetTensorDescriptorDropoutScaleInv
2026-05-07T17:22:40.2235965Z [       OK ] TestSdpaBwdOperationDescriptor.SetTensorDescriptorDropoutScaleInv (0 ms)
2026-05-07T17:22:40.2236083Z [ RUN      ] TestSdpaBwdOperationDescriptor.SetTensorDescriptorDbias
2026-05-07T17:22:40.2236206Z [       OK ] TestSdpaBwdOperationDescriptor.SetTensorDescriptorDbias (0 ms)
2026-05-07T17:22:40.2236303Z [ RUN      ] TestSdpaBwdOperationDescriptor.SetCausalMask
2026-05-07T17:22:40.2236402Z [       OK ] TestSdpaBwdOperationDescriptor.SetCausalMask (0 ms)
2026-05-07T17:22:40.2236492Z [ RUN      ] TestSdpaBwdOperationDescriptor.SetAlibiMask
2026-05-07T17:22:40.2236595Z [       OK ] TestSdpaBwdOperationDescriptor.SetAlibiMask (0 ms)
2026-05-07T17:22:40.2236692Z [ RUN      ] TestSdpaBwdOperationDescriptor.SetPaddingMask
2026-05-07T17:22:40.2236793Z [       OK ] TestSdpaBwdOperationDescriptor.SetPaddingMask (0 ms)
2026-05-07T17:22:40.2236914Z [ RUN      ] TestSdpaBwdOperationDescriptor.SetCausalMaskBottomRight
2026-05-07T17:22:40.2237040Z [       OK ] TestSdpaBwdOperationDescriptor.SetCausalMaskBottomRight (0 ms)
2026-05-07T17:22:40.2237210Z [ RUN      ] TestSdpaBwdOperationDescriptor.SetDropoutProbability
2026-05-07T17:22:40.2237335Z [       OK ] TestSdpaBwdOperationDescriptor.SetDropoutProbability (0 ms)
2026-05-07T17:22:40.2237437Z [ RUN      ] TestSdpaBwdOperationDescriptor.SetAttnScaleValue
2026-05-07T17:22:40.2237552Z [       OK ] TestSdpaBwdOperationDescriptor.SetAttnScaleValue (0 ms)
2026-05-07T17:22:40.2237642Z [ RUN      ] TestSdpaBwdOperationDescriptor.SetLeftBound
2026-05-07T17:22:40.2237740Z [       OK ] TestSdpaBwdOperationDescriptor.SetLeftBound (0 ms)
2026-05-07T17:22:40.2237837Z [ RUN      ] TestSdpaBwdOperationDescriptor.SetRightBound
2026-05-07T17:22:40.2237936Z [       OK ] TestSdpaBwdOperationDescriptor.SetRightBound (0 ms)
2026-05-07T17:22:40.2238036Z [ RUN      ] TestSdpaBwdOperationDescriptor.SetDiagonalAlignment
2026-05-07T17:22:40.2238158Z [       OK ] TestSdpaBwdOperationDescriptor.SetDiagonalAlignment (0 ms)
2026-05-07T17:22:40.2238257Z [ RUN      ] TestSdpaBwdOperationDescriptor.SetOperationName
2026-05-07T17:22:40.2238372Z [       OK ] TestSdpaBwdOperationDescriptor.SetOperationName (0 ms)
2026-05-07T17:22:40.2238473Z [ RUN      ] TestSdpaBwdOperationDescriptor.SetComputeDataType
2026-05-07T17:22:40.2238586Z [       OK ] TestSdpaBwdOperationDescriptor.SetComputeDataType (0 ms)
2026-05-07T17:22:40.2238720Z [ RUN      ] TestSdpaBwdOperationDescriptor.SetAttributeOnFinalizedThrows
2026-05-07T17:22:40.2238866Z [       OK ] TestSdpaBwdOperationDescriptor.SetAttributeOnFinalizedThrows (0 ms)
2026-05-07T17:22:40.2238977Z [ RUN      ] TestSdpaBwdOperationDescriptor.SetTensorFailsWrongType
2026-05-07T17:22:40.2239104Z [       OK ] TestSdpaBwdOperationDescriptor.SetTensorFailsWrongType (0 ms)
2026-05-07T17:22:40.2239235Z [ RUN      ] TestSdpaBwdOperationDescriptor.SetTensorFailsWrongElementCount
2026-05-07T17:22:40.2239387Z [       OK ] TestSdpaBwdOperationDescriptor.SetTensorFailsWrongElementCount (0 ms)
2026-05-07T17:22:40.2239503Z [ RUN      ] TestSdpaBwdOperationDescriptor.SetTensorFailsNullPointer
2026-05-07T17:22:40.2239633Z [       OK ] TestSdpaBwdOperationDescriptor.SetTensorFailsNullPointer (0 ms)
2026-05-07T17:22:40.2239755Z [ RUN      ] TestSdpaBwdOperationDescriptor.SetTensorFailsNotFinalized
2026-05-07T17:22:40.2239886Z [       OK ] TestSdpaBwdOperationDescriptor.SetTensorFailsNotFinalized (0 ms)
2026-05-07T17:22:40.2240021Z [ RUN      ] TestSdpaBwdOperationDescriptor.SetAttributeUnsupportedNameThrows
2026-05-07T17:22:40.2240177Z [       OK ] TestSdpaBwdOperationDescriptor.SetAttributeUnsupportedNameThrows (0 ms)
2026-05-07T17:22:40.2240308Z [ RUN      ] TestSdpaBwdOperationDescriptor.SetOptionalTensorWrongTypeThrows
2026-05-07T17:22:40.2240461Z [       OK ] TestSdpaBwdOperationDescriptor.SetOptionalTensorWrongTypeThrows (0 ms)
2026-05-07T17:22:40.2240683Z [ RUN      ] TestSdpaBwdOperationDescriptor.SetOptionalTensorWrongElementCountThrows
2026-05-07T17:22:40.2240859Z [       OK ] TestSdpaBwdOperationDescriptor.SetOptionalTensorWrongElementCountThrows (0 ms)
2026-05-07T17:22:40.2241000Z [ RUN      ] TestSdpaBwdOperationDescriptor.SetOptionalScalarWrongTypeThrows
2026-05-07T17:22:40.2241150Z [       OK ] TestSdpaBwdOperationDescriptor.SetOptionalScalarWrongTypeThrows (0 ms)
2026-05-07T17:22:40.2241312Z [ RUN      ] TestSdpaBwdOperationDescriptor.SetOptionalScalarWrongElementCountThrows
2026-05-07T17:22:40.2241495Z [       OK ] TestSdpaBwdOperationDescriptor.SetOptionalScalarWrongElementCountThrows (0 ms)
2026-05-07T17:22:40.2241653Z [ RUN      ] TestSdpaBwdOperationDescriptor.SetDiagonalAlignmentWrongElementCount
2026-05-07T17:22:40.2241820Z [       OK ] TestSdpaBwdOperationDescriptor.SetDiagonalAlignmentWrongElementCount (0 ms)
2026-05-07T17:22:40.2241966Z [ RUN      ] TestSdpaBwdOperationDescriptor.SetComputeDataTypeWrongElementCount
2026-05-07T17:22:40.2242129Z [       OK ] TestSdpaBwdOperationDescriptor.SetComputeDataTypeWrongElementCount (0 ms)
2026-05-07T17:22:40.2242241Z [ RUN      ] TestSdpaBwdOperationDescriptor.GetTensorDescriptorQ
2026-05-07T17:22:40.2242420Z [       OK ] TestSdpaBwdOperationDescriptor.GetTensorDescriptorQ (0 ms)
2026-05-07T17:22:40.2242527Z [ RUN      ] TestSdpaBwdOperationDescriptor.GetTensorDescriptorK
2026-05-07T17:22:40.2242648Z [       OK ] TestSdpaBwdOperationDescriptor.GetTensorDescriptorK (0 ms)
2026-05-07T17:22:40.2242749Z [ RUN      ] TestSdpaBwdOperationDescriptor.GetTensorDescriptorV
2026-05-07T17:22:40.2242870Z [       OK ] TestSdpaBwdOperationDescriptor.GetTensorDescriptorV (0 ms)
2026-05-07T17:22:40.2242972Z [ RUN      ] TestSdpaBwdOperationDescriptor.GetTensorDescriptorO
2026-05-07T17:22:40.2243087Z [       OK ] TestSdpaBwdOperationDescriptor.GetTensorDescriptorO (0 ms)
2026-05-07T17:22:40.2243200Z [ RUN      ] TestSdpaBwdOperationDescriptor.GetTensorDescriptorDo
2026-05-07T17:22:40.2243323Z [       OK ] TestSdpaBwdOperationDescriptor.GetTensorDescriptorDo (0 ms)
2026-05-07T17:22:40.2243440Z [ RUN      ] TestSdpaBwdOperationDescriptor.GetTensorDescriptorStats
2026-05-07T17:22:40.2243575Z [       OK ] TestSdpaBwdOperationDescriptor.GetTensorDescriptorStats (0 ms)
2026-05-07T17:22:40.2243686Z [ RUN      ] TestSdpaBwdOperationDescriptor.GetTensorDescriptorDq
2026-05-07T17:22:40.2243813Z [       OK ] TestSdpaBwdOperationDescriptor.GetTensorDescriptorDq (0 ms)
2026-05-07T17:22:40.2243921Z [ RUN      ] TestSdpaBwdOperationDescriptor.GetTensorDescriptorDk
2026-05-07T17:22:40.2244045Z [       OK ] TestSdpaBwdOperationDescriptor.GetTensorDescriptorDk (0 ms)
2026-05-07T17:22:40.2244157Z [ RUN      ] TestSdpaBwdOperationDescriptor.GetTensorDescriptorDv
2026-05-07T17:22:40.2244277Z [       OK ] TestSdpaBwdOperationDescriptor.GetTensorDescriptorDv (0 ms)
2026-05-07T17:22:40.2244418Z [ RUN      ] TestSdpaBwdOperationDescriptor.GetOptionalTensorSetReturnsCount1
2026-05-07T17:22:40.2244583Z [       OK ] TestSdpaBwdOperationDescriptor.GetOptionalTensorSetReturnsCount1 (0 ms)
2026-05-07T17:22:40.2244730Z [ RUN      ] TestSdpaBwdOperationDescriptor.GetOptionalTensorUnsetReturnsCount0
2026-05-07T17:22:40.2244892Z [       OK ] TestSdpaBwdOperationDescriptor.GetOptionalTensorUnsetReturnsCount0 (0 ms)
2026-05-07T17:22:40.2245024Z [ RUN      ] TestSdpaBwdOperationDescriptor.SetAndGetAllBooleanAttributes
2026-05-07T17:22:40.2245167Z [       OK ] TestSdpaBwdOperationDescriptor.SetAndGetAllBooleanAttributes (0 ms)
2026-05-07T17:22:40.2245262Z [ RUN      ] TestSdpaBwdOperationDescriptor.GetCausalMask
2026-05-07T17:22:40.2245358Z [       OK ] TestSdpaBwdOperationDescriptor.GetCausalMask (0 ms)
2026-05-07T17:22:40.2245460Z [ RUN      ] TestSdpaBwdOperationDescriptor.GetComputeDataType
2026-05-07T17:22:40.2245576Z [       OK ] TestSdpaBwdOperationDescriptor.GetComputeDataType (0 ms)
2026-05-07T17:22:40.2245699Z [ RUN      ] TestSdpaBwdOperationDescriptor.SetAndGetComputeDataTypeHalf
2026-05-07T17:22:40.2245895Z [       OK ] TestSdpaBwdOperationDescriptor.SetAndGetComputeDataTypeHalf (0 ms)
2026-05-07T17:22:40.2246021Z [ RUN      ] TestSdpaBwdOperationDescriptor.SetAndGetDropoutProbability
2026-05-07T17:22:40.2246156Z [       OK ] TestSdpaBwdOperationDescriptor.SetAndGetDropoutProbability (0 ms)
2026-05-07T17:22:40.2246316Z [ RUN      ] TestSdpaBwdOperationDescriptor.GetDropoutProbabilityUnsetReturnsCount0
2026-05-07T17:22:40.2246487Z [       OK ] TestSdpaBwdOperationDescriptor.GetDropoutProbabilityUnsetReturnsCount0 (0 ms)
2026-05-07T17:22:40.2246598Z [ RUN      ] TestSdpaBwdOperationDescriptor.SetAndGetAttnScaleValue
2026-05-07T17:22:40.2246727Z [       OK ] TestSdpaBwdOperationDescriptor.SetAndGetAttnScaleValue (0 ms)
2026-05-07T17:22:40.2246867Z [ RUN      ] TestSdpaBwdOperationDescriptor.GetAttnScaleValueUnsetReturnsCount0
2026-05-07T17:22:40.2247023Z [       OK ] TestSdpaBwdOperationDescriptor.GetAttnScaleValueUnsetReturnsCount0 (0 ms)
2026-05-07T17:22:40.2247170Z [ RUN      ] TestSdpaBwdOperationDescriptor.SetAndGetLeftBound
2026-05-07T17:22:40.2247286Z [       OK ] TestSdpaBwdOperationDescriptor.SetAndGetLeftBound (0 ms)
2026-05-07T17:22:40.2247391Z [ RUN      ] TestSdpaBwdOperationDescriptor.SetAndGetRightBound
2026-05-07T17:22:40.2247570Z [       OK ] TestSdpaBwdOperationDescriptor.SetAndGetRightBound (0 ms)
2026-05-07T17:22:40.2247705Z [ RUN      ] TestSdpaBwdOperationDescriptor.GetLeftBoundUnsetReturnsCount0
2026-05-07T17:22:40.2247857Z [       OK ] TestSdpaBwdOperationDescriptor.GetLeftBoundUnsetReturnsCount0 (0 ms)
2026-05-07T17:22:40.2247991Z [ RUN      ] TestSdpaBwdOperationDescriptor.GetRightBoundUnsetReturnsCount0
2026-05-07T17:22:40.2248135Z [       OK ] TestSdpaBwdOperationDescriptor.GetRightBoundUnsetReturnsCount0 (0 ms)
2026-05-07T17:22:40.2248259Z [ RUN      ] TestSdpaBwdOperationDescriptor.SetAndGetDiagonalAlignment
2026-05-07T17:22:40.2248390Z [       OK ] TestSdpaBwdOperationDescriptor.SetAndGetDiagonalAlignment (0 ms)
2026-05-07T17:22:40.2248511Z [ RUN      ] TestSdpaBwdOperationDescriptor.GetDiagonalAlignmentDefault
2026-05-07T17:22:40.2248645Z [       OK ] TestSdpaBwdOperationDescriptor.GetDiagonalAlignmentDefault (0 ms)
2026-05-07T17:22:40.2248756Z [ RUN      ] TestSdpaBwdOperationDescriptor.SetAndGetOperationName
2026-05-07T17:22:40.2248886Z [       OK ] TestSdpaBwdOperationDescriptor.SetAndGetOperationName (0 ms)
2026-05-07T17:22:40.2249014Z [ RUN      ] TestSdpaBwdOperationDescriptor.GetAttributeOnUnfinalizedThrows
2026-05-07T17:22:40.2249158Z [       OK ] TestSdpaBwdOperationDescriptor.GetAttributeOnUnfinalizedThrows (0 ms)
2026-05-07T17:22:40.2249298Z [ RUN      ] TestSdpaBwdOperationDescriptor.GetAttributeUnsupportedNameThrows
2026-05-07T17:22:40.2249446Z [       OK ] TestSdpaBwdOperationDescriptor.GetAttributeUnsupportedNameThrows (0 ms)
2026-05-07T17:22:40.2249540Z [ RUN      ] TestSdpaBwdOperationDescriptor.BuildNode
2026-05-07T17:22:40.2249638Z [       OK ] TestSdpaBwdOperationDescriptor.BuildNode (0 ms)
2026-05-07T17:22:40.2249768Z [ RUN      ] TestSdpaBwdOperationDescriptor.BuildNodeWithNonDefaultScalars
2026-05-07T17:22:40.2249921Z [       OK ] TestSdpaBwdOperationDescriptor.BuildNodeWithNonDefaultScalars (0 ms)
2026-05-07T17:22:40.2250030Z [ RUN      ] TestSdpaBwdOperationDescriptor.BuildNodePreservesName
2026-05-07T17:22:40.2250153Z [       OK ] TestSdpaBwdOperationDescriptor.BuildNodePreservesName (0 ms)
2026-05-07T17:22:40.2250259Z [ RUN      ] TestSdpaBwdOperationDescriptor.GetTensorDescriptors
2026-05-07T17:22:40.2250374Z [       OK ] TestSdpaBwdOperationDescriptor.GetTensorDescriptors (0 ms)
2026-05-07T17:22:40.2250510Z [ RUN      ] TestSdpaBwdOperationDescriptor.GetTensorDescriptorsRequiredOnly
2026-05-07T17:22:40.2250659Z [       OK ] TestSdpaBwdOperationDescriptor.GetTensorDescriptorsRequiredOnly (0 ms)
2026-05-07T17:22:40.2250774Z [ RUN      ] TestSdpaBwdOperationDescriptor.GetTensorDescriptorsOrder
2026-05-07T17:22:40.2250907Z [       OK ] TestSdpaBwdOperationDescriptor.GetTensorDescriptorsOrder (0 ms)
2026-05-07T17:22:40.2251102Z [ RUN      ] TestSdpaBwdOperationDescriptor.FinalizePreservesTensorReferences
2026-05-07T17:22:40.2251255Z [       OK ] TestSdpaBwdOperationDescriptor.FinalizePreservesTensorReferences (0 ms)
2026-05-07T17:22:40.2251345Z [ RUN      ] TestSdpaBwdOperationDescriptor.ToString
2026-05-07T17:22:40.2251440Z [       OK ] TestSdpaBwdOperationDescriptor.ToString (0 ms)
2026-05-07T17:22:40.2251550Z [----------] 81 tests from TestSdpaBwdOperationDescriptor (1 ms total)
2026-05-07T17:22:40.2251553Z 
2026-05-07T17:22:40.2251635Z [----------] 25 tests from TestSdpaBwdOperationFromNode
2026-05-07T17:22:40.2251735Z [ RUN      ] TestSdpaBwdOperationFromNode.FromNodeRequiredOnly
2026-05-07T17:22:40.2251849Z [       OK ] TestSdpaBwdOperationFromNode.FromNodeRequiredOnly (0 ms)
2026-05-07T17:22:40.2251943Z [ RUN      ] TestSdpaBwdOperationFromNode.FromNodeAllFields
2026-05-07T17:22:40.2252049Z [       OK ] TestSdpaBwdOperationFromNode.FromNodeAllFields (0 ms)
2026-05-07T17:22:40.2252195Z [ RUN      ] TestSdpaBwdOperationFromNode.FromNodePreservesNameAndComputeType
2026-05-07T17:22:40.2252354Z [       OK ] TestSdpaBwdOperationFromNode.FromNodePreservesNameAndComputeType (0 ms)
2026-05-07T17:22:40.2252495Z [ RUN      ] TestSdpaBwdOperationFromNode.FromNodeFailsMissingRequiredTensor
2026-05-07T17:22:40.2252703Z [       OK ] TestSdpaBwdOperationFromNode.FromNodeFailsMissingRequiredTensor (0 ms)
2026-05-07T17:22:40.2252863Z [ RUN      ] TestSdpaBwdOperationFromNode.FromNodeOptionalTensorUidSetButMissingInMap
2026-05-07T17:22:40.2253053Z [       OK ] TestSdpaBwdOperationFromNode.FromNodeOptionalTensorUidSetButMissingInMap (0 ms)
2026-05-07T17:22:40.2253148Z [ RUN      ] TestSdpaBwdOperationFromNode.FromNodeRoundTrip
2026-05-07T17:22:40.2253251Z [       OK ] TestSdpaBwdOperationFromNode.FromNodeRoundTrip (0 ms)
2026-05-07T17:22:40.2253390Z [ RUN      ] TestSdpaBwdOperationFromNode.FromNodeTensorReferencesMatchMap
2026-05-07T17:22:40.2253536Z [       OK ] TestSdpaBwdOperationFromNode.FromNodeTensorReferencesMatchMap (0 ms)
2026-05-07T17:22:40.2253667Z [ RUN      ] TestSdpaBwdOperationFromNode.CreatesValidFinalizedDescriptor
2026-05-07T17:22:40.2253807Z [       OK ] TestSdpaBwdOperationFromNode.CreatesValidFinalizedDescriptor (0 ms)
2026-05-07T17:22:40.2253932Z [ RUN      ] TestSdpaBwdOperationFromNode.NodeFactoryDelegatesCorrectly
2026-05-07T17:22:40.2254069Z [       OK ] TestSdpaBwdOperationFromNode.NodeFactoryDelegatesCorrectly (0 ms)
2026-05-07T17:22:40.2254178Z [ RUN      ] TestSdpaBwdOperationFromNode.PreservesComputeDataType
2026-05-07T17:22:40.2254301Z [       OK ] TestSdpaBwdOperationFromNode.PreservesComputeDataType (0 ms)
2026-05-07T17:22:40.2254404Z [ RUN      ] TestSdpaBwdOperationFromNode.SetsTensorReferences
2026-05-07T17:22:40.2254515Z [       OK ] TestSdpaBwdOperationFromNode.SetsTensorReferences (0 ms)
2026-05-07T17:22:40.2254695Z [ RUN      ] TestSdpaBwdOperationFromNode.OptionalTensorReferencesSetWhenAllFieldsPresent
2026-05-07T17:22:40.2254886Z [       OK ] TestSdpaBwdOperationFromNode.OptionalTensorReferencesSetWhenAllFieldsPresent (0 ms)
2026-05-07T17:22:40.2255014Z [ RUN      ] TestSdpaBwdOperationFromNode.TensorReferencesMatchTensorMap
2026-05-07T17:22:40.2255159Z [       OK ] TestSdpaBwdOperationFromNode.TensorReferencesMatchTensorMap (0 ms)
2026-05-07T17:22:40.2255298Z [ RUN      ] TestSdpaBwdOperationFromNode.RequiredOnlyHasNullOptionalTensors
2026-05-07T17:22:40.2255449Z [       OK ] TestSdpaBwdOperationFromNode.RequiredOnlyHasNullOptionalTensors (0 ms)
2026-05-07T17:22:40.2255590Z [ RUN      ] TestSdpaBwdOperationFromNode.AllFieldsScalarsAndBoolsPreserved
2026-05-07T17:22:40.2255736Z [       OK ] TestSdpaBwdOperationFromNode.AllFieldsScalarsAndBoolsPreserved (0 ms)
2026-05-07T17:22:40.2255884Z [ RUN      ] TestSdpaBwdOperationFromNode.SucceedsWithOnlyRequiredTensorsInAttrs
2026-05-07T17:22:40.2256045Z [       OK ] TestSdpaBwdOperationFromNode.SucceedsWithOnlyRequiredTensorsInAttrs (0 ms)
2026-05-07T17:22:40.2256182Z [ RUN      ] TestSdpaBwdOperationFromNode.OptionalTensorUidSetButMissingInMap
2026-05-07T17:22:40.2256402Z [       OK ] TestSdpaBwdOperationFromNode.OptionalTensorUidSetButMissingInMap (0 ms)
2026-05-07T17:22:40.2256531Z [ RUN      ] TestSdpaBwdOperationFromNode.GetTensorDescriptorsRequiredOnly
2026-05-07T17:22:40.2256678Z [       OK ] TestSdpaBwdOperationFromNode.GetTensorDescriptorsRequiredOnly (0 ms)
2026-05-07T17:22:40.2256813Z [ RUN      ] TestSdpaBwdOperationFromNode.GetTensorDescriptorsAllOptionals
2026-05-07T17:22:40.2256953Z [       OK ] TestSdpaBwdOperationFromNode.GetTensorDescriptorsAllOptionals (0 ms)
2026-05-07T17:22:40.2257057Z [ RUN      ] TestSdpaBwdOperationFromNode.BuildNodeRoundTrip
2026-05-07T17:22:40.2257164Z [       OK ] TestSdpaBwdOperationFromNode.BuildNodeRoundTrip (0 ms)
2026-05-07T17:22:40.2257296Z [ RUN      ] TestSdpaBwdOperationFromNode.BuildNodeOmitsUnsetOptionalScalars
2026-05-07T17:22:40.2257448Z [       OK ] TestSdpaBwdOperationFromNode.BuildNodeOmitsUnsetOptionalScalars (0 ms)
2026-05-07T17:22:40.2257568Z [ RUN      ] TestSdpaBwdOperationFromNode.GetAttributeWorksAfterFromNode
2026-05-07T17:22:40.2257706Z [       OK ] TestSdpaBwdOperationFromNode.GetAttributeWorksAfterFromNode (0 ms)
2026-05-07T17:22:40.2257814Z [ RUN      ] TestSdpaBwdOperationFromNode.NamePreservedFromNode
2026-05-07T17:22:40.2257987Z [       OK ] TestSdpaBwdOperationFromNode.NamePreservedFromNode (0 ms)
2026-05-07T17:22:40.2258110Z [ RUN      ] TestSdpaBwdOperationFromNode.EmptyNamePreservedFromNode
2026-05-07T17:22:40.2258244Z [       OK ] TestSdpaBwdOperationFromNode.EmptyNamePreservedFromNode (0 ms)
2026-05-07T17:22:40.2258352Z [ RUN      ] TestSdpaBwdOperationFromNode.BuildNodePreservesName
2026-05-07T17:22:40.2258478Z [       OK ] TestSdpaBwdOperationFromNode.BuildNodePreservesName (0 ms)
2026-05-07T17:22:40.2258575Z [----------] 25 tests from TestSdpaBwdOperationFromNode (0 ms total)
2026-05-07T17:22:40.2258578Z 
2026-05-07T17:22:40.2258666Z [----------] 71 tests from TestSdpaFwdOperationDescriptor
2026-05-07T17:22:40.2258771Z [ RUN      ] TestSdpaFwdOperationDescriptor.CreateDescriptor
2026-05-07T17:22:40.2258879Z [       OK ] TestSdpaFwdOperationDescriptor.CreateDescriptor (0 ms)
2026-05-07T17:22:40.2259013Z [ RUN      ] TestSdpaFwdOperationDescriptor.FinalizeWithRequiredAttributes
2026-05-07T17:22:40.2259162Z [       OK ] TestSdpaFwdOperationDescriptor.FinalizeWithRequiredAttributes (0 ms)
2026-05-07T17:22:40.2259264Z [ RUN      ] TestSdpaFwdOperationDescriptor.DoubleFinalizeThrows
2026-05-07T17:22:40.2259382Z [       OK ] TestSdpaFwdOperationDescriptor.DoubleFinalizeThrows (0 ms)
2026-05-07T17:22:40.2259483Z [ RUN      ] TestSdpaFwdOperationDescriptor.SetTensorDescriptorQ
2026-05-07T17:22:40.2259598Z [       OK ] TestSdpaFwdOperationDescriptor.SetTensorDescriptorQ (0 ms)
2026-05-07T17:22:40.2259702Z [ RUN      ] TestSdpaFwdOperationDescriptor.SetTensorDescriptorK
2026-05-07T17:22:40.2259819Z [       OK ] TestSdpaFwdOperationDescriptor.SetTensorDescriptorK (0 ms)
2026-05-07T17:22:40.2259923Z [ RUN      ] TestSdpaFwdOperationDescriptor.SetTensorDescriptorV
2026-05-07T17:22:40.2260038Z [       OK ] TestSdpaFwdOperationDescriptor.SetTensorDescriptorV (0 ms)
2026-05-07T17:22:40.2260140Z [ RUN      ] TestSdpaFwdOperationDescriptor.SetTensorDescriptorO
2026-05-07T17:22:40.2260261Z [       OK ] TestSdpaFwdOperationDescriptor.SetTensorDescriptorO (0 ms)
2026-05-07T17:22:40.2260381Z [ RUN      ] TestSdpaFwdOperationDescriptor.SetTensorDescriptorAttnMask
2026-05-07T17:22:40.2260519Z [       OK ] TestSdpaFwdOperationDescriptor.SetTensorDescriptorAttnMask (0 ms)
2026-05-07T17:22:40.2260643Z [ RUN      ] TestSdpaFwdOperationDescriptor.SetTensorDescriptorScale
2026-05-07T17:22:40.2260772Z [       OK ] TestSdpaFwdOperationDescriptor.SetTensorDescriptorScale (0 ms)
2026-05-07T17:22:40.2260899Z [ RUN      ] TestSdpaFwdOperationDescriptor.SetTensorDescriptorSeqLenQ
2026-05-07T17:22:40.2261030Z [       OK ] TestSdpaFwdOperationDescriptor.SetTensorDescriptorSeqLenQ (0 ms)
2026-05-07T17:22:40.2261148Z [ RUN      ] TestSdpaFwdOperationDescriptor.SetTensorDescriptorSeqLenKv
2026-05-07T17:22:40.2261344Z [       OK ] TestSdpaFwdOperationDescriptor.SetTensorDescriptorSeqLenKv (0 ms)
2026-05-07T17:22:40.2261459Z [ RUN      ] TestSdpaFwdOperationDescriptor.SetTensorDescriptorSeed
2026-05-07T17:22:40.2261583Z [       OK ] TestSdpaFwdOperationDescriptor.SetTensorDescriptorSeed (0 ms)
2026-05-07T17:22:40.2261708Z [ RUN      ] TestSdpaFwdOperationDescriptor.SetTensorDescriptorOffset
2026-05-07T17:22:40.2261836Z [       OK ] TestSdpaFwdOperationDescriptor.SetTensorDescriptorOffset (0 ms)
2026-05-07T17:22:40.2261971Z [ RUN      ] TestSdpaFwdOperationDescriptor.SetTensorDescriptorDropoutMask
2026-05-07T17:22:40.2262112Z [       OK ] TestSdpaFwdOperationDescriptor.SetTensorDescriptorDropoutMask (0 ms)
2026-05-07T17:22:40.2262247Z [ RUN      ] TestSdpaFwdOperationDescriptor.SetTensorDescriptorDropoutScale
2026-05-07T17:22:40.2262397Z [       OK ] TestSdpaFwdOperationDescriptor.SetTensorDescriptorDropoutScale (0 ms)
2026-05-07T17:22:40.2262523Z [ RUN      ] TestSdpaFwdOperationDescriptor.SetTensorDescriptorPageTableK
2026-05-07T17:22:40.2262664Z [       OK ] TestSdpaFwdOperationDescriptor.SetTensorDescriptorPageTableK (0 ms)
2026-05-07T17:22:40.2262798Z [ RUN      ] TestSdpaFwdOperationDescriptor.SetTensorDescriptorPageTableV
2026-05-07T17:22:40.2262999Z [       OK ] TestSdpaFwdOperationDescriptor.SetTensorDescriptorPageTableV (0 ms)
2026-05-07T17:22:40.2263129Z [ RUN      ] TestSdpaFwdOperationDescriptor.SetTensorDescriptorBlockMask
2026-05-07T17:22:40.2263265Z [       OK ] TestSdpaFwdOperationDescriptor.SetTensorDescriptorBlockMask (0 ms)
2026-05-07T17:22:40.2263388Z [ RUN      ] TestSdpaFwdOperationDescriptor.SetTensorDescriptorSinkToken
2026-05-07T17:22:40.2263528Z [       OK ] TestSdpaFwdOperationDescriptor.SetTensorDescriptorSinkToken (0 ms)
2026-05-07T17:22:40.2263647Z [ RUN      ] TestSdpaFwdOperationDescriptor.SetTensorDescriptorDescaleQ
2026-05-07T17:22:40.2263782Z [       OK ] TestSdpaFwdOperationDescriptor.SetTensorDescriptorDescaleQ (0 ms)
2026-05-07T17:22:40.2263907Z [ RUN      ] TestSdpaFwdOperationDescriptor.SetTensorDescriptorDescaleK
2026-05-07T17:22:40.2264040Z [       OK ] TestSdpaFwdOperationDescriptor.SetTensorDescriptorDescaleK (0 ms)
2026-05-07T17:22:40.2264162Z [ RUN      ] TestSdpaFwdOperationDescriptor.SetTensorDescriptorDescaleV
2026-05-07T17:22:40.2264297Z [       OK ] TestSdpaFwdOperationDescriptor.SetTensorDescriptorDescaleV (0 ms)
2026-05-07T17:22:40.2264414Z [ RUN      ] TestSdpaFwdOperationDescriptor.SetTensorDescriptorDescaleS
2026-05-07T17:22:40.2264551Z [       OK ] TestSdpaFwdOperationDescriptor.SetTensorDescriptorDescaleS (0 ms)
2026-05-07T17:22:40.2264669Z [ RUN      ] TestSdpaFwdOperationDescriptor.SetTensorDescriptorScaleS
2026-05-07T17:22:40.2264798Z [       OK ] TestSdpaFwdOperationDescriptor.SetTensorDescriptorScaleS (0 ms)
2026-05-07T17:22:40.2264918Z [ RUN      ] TestSdpaFwdOperationDescriptor.SetTensorDescriptorScaleO
2026-05-07T17:22:40.2265045Z [       OK ] TestSdpaFwdOperationDescriptor.SetTensorDescriptorScaleO (0 ms)
2026-05-07T17:22:40.2265166Z [ RUN      ] TestSdpaFwdOperationDescriptor.SetTensorDescriptorStats
2026-05-07T17:22:40.2265299Z [       OK ] TestSdpaFwdOperationDescriptor.SetTensorDescriptorStats (0 ms)
2026-05-07T17:22:40.2265411Z [ RUN      ] TestSdpaFwdOperationDescriptor.SetTensorDescriptorMax
2026-05-07T17:22:40.2265536Z [       OK ] TestSdpaFwdOperationDescriptor.SetTensorDescriptorMax (0 ms)
2026-05-07T17:22:40.2265649Z [ RUN      ] TestSdpaFwdOperationDescriptor.SetTensorDescriptorSumExp
2026-05-07T17:22:40.2265778Z [       OK ] TestSdpaFwdOperationDescriptor.SetTensorDescriptorSumExp (0 ms)
2026-05-07T17:22:40.2265902Z [ RUN      ] TestSdpaFwdOperationDescriptor.SetTensorDescriptorRngDump
2026-05-07T17:22:40.2266032Z [       OK ] TestSdpaFwdOperationDescriptor.SetTensorDescriptorRngDump (0 ms)
2026-05-07T17:22:40.2266152Z [ RUN      ] TestSdpaFwdOperationDescriptor.SetTensorDescriptorAmaxS
2026-05-07T17:22:40.2266280Z [       OK ] TestSdpaFwdOperationDescriptor.SetTensorDescriptorAmaxS (0 ms)
2026-05-07T17:22:40.2266457Z [ RUN      ] TestSdpaFwdOperationDescriptor.SetTensorDescriptorAmaxO
2026-05-07T17:22:40.2266587Z [       OK ] TestSdpaFwdOperationDescriptor.SetTensorDescriptorAmaxO (0 ms)
2026-05-07T17:22:40.2266710Z [ RUN      ] TestSdpaFwdOperationDescriptor.SetTensorFailsNotFinalized
2026-05-07T17:22:40.2266844Z [       OK ] TestSdpaFwdOperationDescriptor.SetTensorFailsNotFinalized (0 ms)
2026-05-07T17:22:40.2266959Z [ RUN      ] TestSdpaFwdOperationDescriptor.SetTensorFailsWrongType
2026-05-07T17:22:40.2267082Z [       OK ] TestSdpaFwdOperationDescriptor.SetTensorFailsWrongType (0 ms)
2026-05-07T17:22:40.2267255Z [ RUN      ] TestSdpaFwdOperationDescriptor.SetTensorFailsWrongElementCount
2026-05-07T17:22:40.2267403Z [       OK ] TestSdpaFwdOperationDescriptor.SetTensorFailsWrongElementCount (0 ms)
2026-05-07T17:22:40.2267517Z [ RUN      ] TestSdpaFwdOperationDescriptor.SetTensorFailsNullPointer
2026-05-07T17:22:40.2267647Z [       OK ] TestSdpaFwdOperationDescriptor.SetTensorFailsNullPointer (0 ms)
2026-05-07T17:22:40.2267813Z [ RUN      ] TestSdpaFwdOperationDescriptor.SetOptionalTensorDescriptorWrongTypeThrows
2026-05-07T17:22:40.2268003Z [       OK ] TestSdpaFwdOperationDescriptor.SetOptionalTensorDescriptorWrongTypeThrows (0 ms)
2026-05-07T17:22:40.2268259Z [ RUN      ] TestSdpaFwdOperationDescriptor.SetOptionalTensorDescriptorWrongElementCountThrows
2026-05-07T17:22:40.2268465Z [       OK ] TestSdpaFwdOperationDescriptor.SetOptionalTensorDescriptorWrongElementCountThrows (0 ms)
2026-05-07T17:22:40.2268573Z [ RUN      ] TestSdpaFwdOperationDescriptor.SetDiagonalAlignment
2026-05-07T17:22:40.2268688Z [       OK ] TestSdpaFwdOperationDescriptor.SetDiagonalAlignment (0 ms)
2026-05-07T17:22:40.2268837Z [ RUN      ] TestSdpaFwdOperationDescriptor.SetDiagonalAlignmentWrongElementCount
2026-05-07T17:22:40.2269006Z [       OK ] TestSdpaFwdOperationDescriptor.SetDiagonalAlignmentWrongElementCount (0 ms)
2026-05-07T17:22:40.2269100Z [ RUN      ] TestSdpaFwdOperationDescriptor.SetMmaCoreMode
2026-05-07T17:22:40.2269206Z [       OK ] TestSdpaFwdOperationDescriptor.SetMmaCoreMode (0 ms)
2026-05-07T17:22:40.2269339Z [ RUN      ] TestSdpaFwdOperationDescriptor.SetMmaCoreModeWrongElementCount
2026-05-07T17:22:40.2269487Z [       OK ] TestSdpaFwdOperationDescriptor.SetMmaCoreModeWrongElementCount (0 ms)
2026-05-07T17:22:40.2269613Z [ RUN      ] TestSdpaFwdOperationDescriptor.SetAttentionImplementation
2026-05-07T17:22:40.2269741Z [       OK ] TestSdpaFwdOperationDescriptor.SetAttentionImplementation (0 ms)
2026-05-07T17:22:40.2269907Z [ RUN      ] TestSdpaFwdOperationDescriptor.SetAttentionImplementationWrongElementCount
2026-05-07T17:22:40.2270092Z [       OK ] TestSdpaFwdOperationDescriptor.SetAttentionImplementationWrongElementCount (0 ms)
2026-05-07T17:22:40.2270200Z [ RUN      ] TestSdpaFwdOperationDescriptor.SetComputeDataType
2026-05-07T17:22:40.2270312Z [       OK ] TestSdpaFwdOperationDescriptor.SetComputeDataType (0 ms)
2026-05-07T17:22:40.2270467Z [ RUN      ] TestSdpaFwdOperationDescriptor.SetComputeDataTypeWrongElementCount
2026-05-07T17:22:40.2270621Z [       OK ] TestSdpaFwdOperationDescriptor.SetComputeDataTypeWrongElementCount (0 ms)
2026-05-07T17:22:40.2270764Z [ RUN      ] TestSdpaFwdOperationDescriptor.SetOptionalScalarWrongTypeThrows
2026-05-07T17:22:40.2270921Z [       OK ] TestSdpaFwdOperationDescriptor.SetOptionalScalarWrongTypeThrows (0 ms)
2026-05-07T17:22:40.2271089Z [ RUN      ] TestSdpaFwdOperationDescriptor.SetOptionalScalarWrongElementCountThrows
2026-05-07T17:22:40.2271281Z [       OK ] TestSdpaFwdOperationDescriptor.SetOptionalScalarWrongElementCountThrows (0 ms)
2026-05-07T17:22:40.2271417Z [ RUN      ] TestSdpaFwdOperationDescriptor.SetAttributeFailsAfterFinalize
2026-05-07T17:22:40.2271568Z [       OK ] TestSdpaFwdOperationDescriptor.SetAttributeFailsAfterFinalize (0 ms)
2026-05-07T17:22:40.2271689Z [ RUN      ] TestSdpaFwdOperationDescriptor.SetAttributeUnsupported
2026-05-07T17:22:40.2271814Z [       OK ] TestSdpaFwdOperationDescriptor.SetAttributeUnsupported (0 ms)
2026-05-07T17:22:40.2272012Z [ RUN      ] TestSdpaFwdOperationDescriptor.SetAttributeAfterFinalizeThrows
2026-05-07T17:22:40.2272159Z [       OK ] TestSdpaFwdOperationDescriptor.SetAttributeAfterFinalizeThrows (0 ms)
2026-05-07T17:22:40.2272301Z [ RUN      ] TestSdpaFwdOperationDescriptor.SetAttributeUnsupportedNameThrows
2026-05-07T17:22:40.2272454Z [       OK ] TestSdpaFwdOperationDescriptor.SetAttributeUnsupportedNameThrows (0 ms)
2026-05-07T17:22:40.2272577Z [ RUN      ] TestSdpaFwdOperationDescriptor.GetAttributeTensorDescriptor
2026-05-07T17:22:40.2272713Z [       OK ] TestSdpaFwdOperationDescriptor.GetAttributeTensorDescriptor (0 ms)
2026-05-07T17:22:40.2272832Z [ RUN      ] TestSdpaFwdOperationDescriptor.GetAttributeSdpaFwdParams
2026-05-07T17:22:40.2272959Z [       OK ] TestSdpaFwdOperationDescriptor.GetAttributeSdpaFwdParams (0 ms)
2026-05-07T17:22:40.2273074Z [ RUN      ] TestSdpaFwdOperationDescriptor.GetAttributeComputeType
2026-05-07T17:22:40.2273197Z [       OK ] TestSdpaFwdOperationDescriptor.GetAttributeComputeType (0 ms)
2026-05-07T17:22:40.2273326Z [ RUN      ] TestSdpaFwdOperationDescriptor.GetAttributeFailsBeforeFinalize
2026-05-07T17:22:40.2273474Z [       OK ] TestSdpaFwdOperationDescriptor.GetAttributeFailsBeforeFinalize (0 ms)
2026-05-07T17:22:40.2273659Z [ RUN      ] TestSdpaFwdOperationDescriptor.GetAttributeFailsNullPointer
2026-05-07T17:22:40.2273799Z [       OK ] TestSdpaFwdOperationDescriptor.GetAttributeFailsNullPointer (0 ms)
2026-05-07T17:22:40.2273923Z [ RUN      ] TestSdpaFwdOperationDescriptor.GetAttributeUnsupported
2026-05-07T17:22:40.2274046Z [       OK ] TestSdpaFwdOperationDescriptor.GetAttributeUnsupported (0 ms)
2026-05-07T17:22:40.2274186Z [ RUN      ] TestSdpaFwdOperationDescriptor.GetAttributeUnsupportedNameThrows
2026-05-07T17:22:40.2274343Z [       OK ] TestSdpaFwdOperationDescriptor.GetAttributeUnsupportedNameThrows (0 ms)
2026-05-07T17:22:40.2274481Z [ RUN      ] TestSdpaFwdOperationDescriptor.FinalizePreservesTensorReferences
2026-05-07T17:22:40.2274644Z [       OK ] TestSdpaFwdOperationDescriptor.FinalizePreservesTensorReferences (0 ms)
2026-05-07T17:22:40.2274770Z [ RUN      ] TestSdpaFwdOperationDescriptor.ToStringContainsExpectedInfo
2026-05-07T17:22:40.2274912Z [       OK ] TestSdpaFwdOperationDescriptor.ToStringContainsExpectedInfo (0 ms)
2026-05-07T17:22:40.2275045Z [ RUN      ] TestSdpaFwdOperationDescriptor.BuildNodeProducesCorrectNodeT
2026-05-07T17:22:40.2275185Z [       OK ] TestSdpaFwdOperationDescriptor.BuildNodeProducesCorrectNodeT (0 ms)
2026-05-07T17:22:40.2275342Z [ RUN      ] TestSdpaFwdOperationDescriptor.BuildNodeProducesCorrectNodeTNonDefaults
2026-05-07T17:22:40.2275517Z [       OK ] TestSdpaFwdOperationDescriptor.BuildNodeProducesCorrectNodeTNonDefaults (0 ms)
2026-05-07T17:22:40.2275640Z [ RUN      ] TestSdpaFwdOperationDescriptor.BuildNodeWithHalfComputeType
2026-05-07T17:22:40.2275786Z [       OK ] TestSdpaFwdOperationDescriptor.BuildNodeWithHalfComputeType (0 ms)
2026-05-07T17:22:40.2275949Z [ RUN      ] TestSdpaFwdOperationDescriptor.GetTensorDescriptorsReturnsExpectedOrder
2026-05-07T17:22:40.2276127Z [       OK ] TestSdpaFwdOperationDescriptor.GetTensorDescriptorsReturnsExpectedOrder (0 ms)
2026-05-07T17:22:40.2276276Z [ RUN      ] TestSdpaFwdOperationDescriptor.TryAsInterfaceReturnsValidGraphOp
2026-05-07T17:22:40.2276426Z [       OK ] TestSdpaFwdOperationDescriptor.TryAsInterfaceReturnsValidGraphOp (0 ms)
2026-05-07T17:22:40.2276576Z [ RUN      ] TestSdpaFwdOperationDescriptor.TryAsInterfaceReturnsNullForWrongType
2026-05-07T17:22:40.2276737Z [       OK ] TestSdpaFwdOperationDescriptor.TryAsInterfaceReturnsNullForWrongType (0 ms)
2026-05-07T17:22:40.2276855Z [ RUN      ] TestSdpaFwdOperationDescriptor.SetAndGetBooleanAttributes
2026-05-07T17:22:40.2276992Z [       OK ] TestSdpaFwdOperationDescriptor.SetAndGetBooleanAttributes (0 ms)
2026-05-07T17:22:40.2277107Z [ RUN      ] TestSdpaFwdOperationDescriptor.SetAndGetFloatAttributes
2026-05-07T17:22:40.2277677Z [       OK ] TestSdpaFwdOperationDescriptor.SetAndGetFloatAttributes (0 ms)
2026-05-07T17:22:40.2277793Z [ RUN      ] TestSdpaFwdOperationDescriptor.SetAndGetIntAttributes
2026-05-07T17:22:40.2277913Z [       OK ] TestSdpaFwdOperationDescriptor.SetAndGetIntAttributes (0 ms)
2026-05-07T17:22:40.2278056Z [ RUN      ] TestSdpaFwdOperationDescriptor.SetAndGetNonDefaultEnumAttributes
2026-05-07T17:22:40.2278206Z [       OK ] TestSdpaFwdOperationDescriptor.SetAndGetNonDefaultEnumAttributes (0 ms)
2026-05-07T17:22:40.2278346Z [ RUN      ] TestSdpaFwdOperationDescriptor.FinalizeWithOnlyRequiredAttributes
2026-05-07T17:22:40.2278512Z [       OK ] TestSdpaFwdOperationDescriptor.FinalizeWithOnlyRequiredAttributes (0 ms)
2026-05-07T17:22:40.2278615Z [----------] 71 tests from TestSdpaFwdOperationDescriptor (1 ms total)
2026-05-07T17:22:40.2278618Z 
2026-05-07T17:22:40.2278705Z [----------] 31 tests from TestSdpaFwdOperationFromNode
2026-05-07T17:22:40.2278832Z [ RUN      ] TestSdpaFwdOperationFromNode.CreatesValidFinalizedDescriptor
2026-05-07T17:22:40.2278975Z [       OK ] TestSdpaFwdOperationFromNode.CreatesValidFinalizedDescriptor (0 ms)
2026-05-07T17:22:40.2279105Z [ RUN      ] TestSdpaFwdOperationFromNode.NodeFactoryDelegatesCorrectly
2026-05-07T17:22:40.2279525Z [       OK ] TestSdpaFwdOperationFromNode.NodeFactoryDelegatesCorrectly (0 ms)
2026-05-07T17:22:40.2279627Z [ RUN      ] TestSdpaFwdOperationFromNode.SetsTensorReferences
2026-05-07T17:22:40.2279744Z [       OK ] TestSdpaFwdOperationFromNode.SetsTensorReferences (0 ms)
2026-05-07T17:22:40.2279869Z [ RUN      ] TestSdpaFwdOperationFromNode.TensorReferencesMatchTensorMap
2026-05-07T17:22:40.2280008Z [       OK ] TestSdpaFwdOperationFromNode.TensorReferencesMatchTensorMap (0 ms)
2026-05-07T17:22:40.2280141Z [ RUN      ] TestSdpaFwdOperationFromNode.SetsTensorReferencesWithFullValues
2026-05-07T17:22:40.2280289Z [       OK ] TestSdpaFwdOperationFromNode.SetsTensorReferencesWithFullValues (0 ms)
2026-05-07T17:22:40.2280403Z [ RUN      ] TestSdpaFwdOperationFromNode.FailsWithMissingQTensor
2026-05-07T17:22:40.2280521Z [       OK ] TestSdpaFwdOperationFromNode.FailsWithMissingQTensor (0 ms)
2026-05-07T17:22:40.2280626Z [ RUN      ] TestSdpaFwdOperationFromNode.FailsWithMissingKTensor
2026-05-07T17:22:40.2280748Z [       OK ] TestSdpaFwdOperationFromNode.FailsWithMissingKTensor (0 ms)
2026-05-07T17:22:40.2280854Z [ RUN      ] TestSdpaFwdOperationFromNode.FailsWithMissingVTensor
2026-05-07T17:22:40.2280973Z [       OK ] TestSdpaFwdOperationFromNode.FailsWithMissingVTensor (0 ms)
2026-05-07T17:22:40.2281077Z [ RUN      ] TestSdpaFwdOperationFromNode.FailsWithMissingOTensor
2026-05-07T17:22:40.2281193Z [       OK ] TestSdpaFwdOperationFromNode.FailsWithMissingOTensor (0 ms)
2026-05-07T17:22:40.2281321Z [ RUN      ] TestSdpaFwdOperationFromNode.SucceedsWithOnlyRequiredTensors
2026-05-07T17:22:40.2281461Z [       OK ] TestSdpaFwdOperationFromNode.SucceedsWithOnlyRequiredTensors (0 ms)
2026-05-07T17:22:40.2281603Z [ RUN      ] TestSdpaFwdOperationFromNode.GetTensorDescriptorsReturnsAllTensors
2026-05-07T17:22:40.2281765Z [       OK ] TestSdpaFwdOperationFromNode.GetTensorDescriptorsReturnsAllTensors (0 ms)
2026-05-07T17:22:40.2281865Z [ RUN      ] TestSdpaFwdOperationFromNode.BuildNodeRoundTrip
2026-05-07T17:22:40.2281976Z [       OK ] TestSdpaFwdOperationFromNode.BuildNodeRoundTrip (0 ms)
2026-05-07T17:22:40.2282097Z [ RUN      ] TestSdpaFwdOperationFromNode.FromNodePreservesMmaCoreMode
2026-05-07T17:22:40.2282229Z [       OK ] TestSdpaFwdOperationFromNode.FromNodePreservesMmaCoreMode (0 ms)
2026-05-07T17:22:40.2282370Z [ RUN      ] TestSdpaFwdOperationFromNode.FromNodeMmaCoreModeDefaultsToNotSet
2026-05-07T17:22:40.2282518Z [       OK ] TestSdpaFwdOperationFromNode.FromNodeMmaCoreModeDefaultsToNotSet (0 ms)
2026-05-07T17:22:40.2282639Z [ RUN      ] TestSdpaFwdOperationFromNode.FromNodePreservesGenerateStats
2026-05-07T17:22:40.2282781Z [       OK ] TestSdpaFwdOperationFromNode.FromNodePreservesGenerateStats (0 ms)
2026-05-07T17:22:40.2282958Z [ RUN      ] TestSdpaFwdOperationFromNode.FromNodePreservesAlibiMask
2026-05-07T17:22:40.2283083Z [       OK ] TestSdpaFwdOperationFromNode.FromNodePreservesAlibiMask (0 ms)
2026-05-07T17:22:40.2283207Z [ RUN      ] TestSdpaFwdOperationFromNode.FromNodePreservesPaddingMask
2026-05-07T17:22:40.2283340Z [       OK ] TestSdpaFwdOperationFromNode.FromNodePreservesPaddingMask (0 ms)
2026-05-07T17:22:40.2283462Z [ RUN      ] TestSdpaFwdOperationFromNode.FromNodePreservesCausalMask
2026-05-07T17:22:40.2283593Z [       OK ] TestSdpaFwdOperationFromNode.FromNodePreservesCausalMask (0 ms)
2026-05-07T17:22:40.2283741Z [ RUN      ] TestSdpaFwdOperationFromNode.FromNodePreservesCausalMaskBottomRight
2026-05-07T17:22:40.2283922Z [       OK ] TestSdpaFwdOperationFromNode.FromNodePreservesCausalMaskBottomRight (0 ms)
2026-05-07T17:22:40.2284060Z [ RUN      ] TestSdpaFwdOperationFromNode.FromNodePreservesDropoutProbability
2026-05-07T17:22:40.2284221Z [       OK ] TestSdpaFwdOperationFromNode.FromNodePreservesDropoutProbability (0 ms)
2026-05-07T17:22:40.2284351Z [ RUN      ] TestSdpaFwdOperationFromNode.FromNodePreservesAttnScaleValue
2026-05-07T17:22:40.2284492Z [       OK ] TestSdpaFwdOperationFromNode.FromNodePreservesAttnScaleValue (0 ms)
2026-05-07T17:22:40.2284781Z [ RUN      ] TestSdpaFwdOperationFromNode.FromNodePreservesLeftBound
2026-05-07T17:22:40.2284906Z [       OK ] TestSdpaFwdOperationFromNode.FromNodePreservesLeftBound (0 ms)
2026-05-07T17:22:40.2285024Z [ RUN      ] TestSdpaFwdOperationFromNode.FromNodePreservesRightBound
2026-05-07T17:22:40.2285165Z [       OK ] TestSdpaFwdOperationFromNode.FromNodePreservesRightBound (0 ms)
2026-05-07T17:22:40.2285287Z [ RUN      ] TestSdpaFwdOperationFromNode.FromNodePreservesMaxSeqLenKv
2026-05-07T17:22:40.2285419Z [       OK ] TestSdpaFwdOperationFromNode.FromNodePreservesMaxSeqLenKv (0 ms)
2026-05-07T17:22:40.2285561Z [ RUN      ] TestSdpaFwdOperationFromNode.BuildNodeOmitsUnsetOptionalScalars
2026-05-07T17:22:40.2285713Z [       OK ] TestSdpaFwdOperationFromNode.BuildNodeOmitsUnsetOptionalScalars (0 ms)
2026-05-07T17:22:40.2285839Z [ RUN      ] TestSdpaFwdOperationFromNode.GetAttributeWorksAfterFromNode
2026-05-07T17:22:40.2285972Z [       OK ] TestSdpaFwdOperationFromNode.GetAttributeWorksAfterFromNode (0 ms)
2026-05-07T17:22:40.2286107Z [ RUN      ] TestSdpaFwdOperationFromNode.OperationTypeIsCorrectAfterFromNode
2026-05-07T17:22:40.2286265Z [       OK ] TestSdpaFwdOperationFromNode.OperationTypeIsCorrectAfterFromNode (0 ms)
2026-05-07T17:22:40.2286369Z [ RUN      ] TestSdpaFwdOperationFromNode.NamePreservedFromNode
2026-05-07T17:22:40.2286484Z [       OK ] TestSdpaFwdOperationFromNode.NamePreservedFromNode (0 ms)
2026-05-07T17:22:40.2286602Z [ RUN      ] TestSdpaFwdOperationFromNode.EmptyNamePreservedFromNode
2026-05-07T17:22:40.2286724Z [       OK ] TestSdpaFwdOperationFromNode.EmptyNamePreservedFromNode (0 ms)
2026-05-07T17:22:40.2286832Z [ RUN      ] TestSdpaFwdOperationFromNode.BuildNodePreservesName
2026-05-07T17:22:40.2286951Z [       OK ] TestSdpaFwdOperationFromNode.BuildNodePreservesName (0 ms)
2026-05-07T17:22:40.2287088Z [ RUN      ] TestSdpaFwdOperationFromNode.FromNodeFailsWithWrongAttributeType
2026-05-07T17:22:40.2291018Z [       OK ] TestSdpaFwdOperationFromNode.FromNodeFailsWithWrongAttributeType (0 ms)
2026-05-07T17:22:40.2291139Z [----------] 31 tests from TestSdpaFwdOperationFromNode (0 ms total)
2026-05-07T17:22:40.2291143Z 
2026-05-07T17:22:40.2291237Z [----------] 6 tests from TestGraphDescriptorSdpaBwd
2026-05-07T17:22:40.2291345Z [ RUN      ] TestGraphDescriptorSdpaBwd.BuildFromSingleOperation
2026-05-07T17:22:40.2291465Z [       OK ] TestGraphDescriptorSdpaBwd.BuildFromSingleOperation (0 ms)
2026-05-07T17:22:40.2291590Z [ RUN      ] TestGraphDescriptorSdpaBwd.BuildFromRequiredOnlyOperation
2026-05-07T17:22:40.2291721Z [       OK ] TestGraphDescriptorSdpaBwd.BuildFromRequiredOnlyOperation (0 ms)
2026-05-07T17:22:40.2291829Z [ RUN      ] TestGraphDescriptorSdpaBwd.ComputeDataTypePreserved
2026-05-07T17:22:40.2292028Z [       OK ] TestGraphDescriptorSdpaBwd.ComputeDataTypePreserved (0 ms)
2026-05-07T17:22:40.2292180Z [ RUN      ] TestGraphDescriptorSdpaBwd.NonDefaultScalarsPreservedInSerialization
2026-05-07T17:22:40.2292356Z [       OK ] TestGraphDescriptorSdpaBwd.NonDefaultScalarsPreservedInSerialization (0 ms)
2026-05-07T17:22:40.2292526Z [ RUN      ] TestGraphDescriptorSdpaBwd.AllOptionalTensorsPresentInSerializedTensorList
2026-05-07T17:22:40.2292719Z [       OK ] TestGraphDescriptorSdpaBwd.AllOptionalTensorsPresentInSerializedTensorList (0 ms)
2026-05-07T17:22:40.2292860Z [ RUN      ] TestGraphDescriptorSdpaBwd.RequiredOnlyNoOptionalTensorsInList
2026-05-07T17:22:40.2293011Z [       OK ] TestGraphDescriptorSdpaBwd.RequiredOnlyNoOptionalTensorsInList (0 ms)
2026-05-07T17:22:40.2293118Z [----------] 6 tests from TestGraphDescriptorSdpaBwd (0 ms total)
2026-05-07T17:22:40.2293122Z 
2026-05-07T17:22:40.2293209Z [----------] 160 tests from TestDescriptorAttributeUtils
2026-05-07T17:22:40.2293369Z [ RUN      ] TestDescriptorAttributeUtils.SetInt64VectorThrowsOnNegativeElementCount
2026-05-07T17:22:40.2293551Z [       OK ] TestDescriptorAttributeUtils.SetInt64VectorThrowsOnNegativeElementCount (0 ms)
2026-05-07T17:22:40.2293694Z [ RUN      ] TestDescriptorAttributeUtils.SetInt64VectorThrowsOnZeroElementCount
2026-05-07T17:22:40.2294068Z [       OK ] TestDescriptorAttributeUtils.SetInt64VectorThrowsOnZeroElementCount (0 ms)
2026-05-07T17:22:40.2294227Z [ RUN      ] TestDescriptorAttributeUtils.SetInt64VectorThrowsOnNullArrayOfElements
2026-05-07T17:22:40.2294401Z [       OK ] TestDescriptorAttributeUtils.SetInt64VectorThrowsOnNullArrayOfElements (0 ms)
2026-05-07T17:22:40.2294552Z [ RUN      ] TestDescriptorAttributeUtils.SetInt64VectorThrowsOnNullErrorPrefix
2026-05-07T17:22:40.2294714Z [       OK ] TestDescriptorAttributeUtils.SetInt64VectorThrowsOnNullErrorPrefix (0 ms)
2026-05-07T17:22:40.2294870Z [ RUN      ] TestDescriptorAttributeUtils.SetInt64VectorThrowsOnWrongAttributeType
2026-05-07T17:22:40.2295048Z [       OK ] TestDescriptorAttributeUtils.SetInt64VectorThrowsOnWrongAttributeType (0 ms)
2026-05-07T17:22:40.2295154Z [ RUN      ] TestDescriptorAttributeUtils.SetInt64VectorSuccess
2026-05-07T17:22:40.2295278Z [       OK ] TestDescriptorAttributeUtils.SetInt64VectorSuccess (0 ms)
2026-05-07T17:22:40.2295471Z [ RUN      ] TestDescriptorAttributeUtils.GetInt64VectorThrowsOnNegativeRequestedElementCount
2026-05-07T17:22:40.2295681Z [       OK ] TestDescriptorAttributeUtils.GetInt64VectorThrowsOnNegativeRequestedElementCount (0 ms)
2026-05-07T17:22:40.2295846Z [ RUN      ] TestDescriptorAttributeUtils.GetInt64VectorQueryReturnsSizeOnNullArray
2026-05-07T17:22:40.2296019Z [       OK ] TestDescriptorAttributeUtils.GetInt64VectorQueryReturnsSizeOnNullArray (0 ms)
2026-05-07T17:22:40.2296205Z [ RUN      ] TestDescriptorAttributeUtils.GetInt64VectorQueryReturnsSizeOnZeroRequestedCount
2026-05-07T17:22:40.2296419Z [       OK ] TestDescriptorAttributeUtils.GetInt64VectorQueryReturnsSizeOnZeroRequestedCount (0 ms)
2026-05-07T17:22:40.2296591Z [ RUN      ] TestDescriptorAttributeUtils.GetInt64VectorQueryThrowsWhenBothPointersNull
2026-05-07T17:22:40.2296783Z [       OK ] TestDescriptorAttributeUtils.GetInt64VectorQueryThrowsWhenBothPointersNull (0 ms)
2026-05-07T17:22:40.2296933Z [ RUN      ] TestDescriptorAttributeUtils.GetInt64VectorThrowsOnNullErrorPrefix
2026-05-07T17:22:40.2297091Z [       OK ] TestDescriptorAttributeUtils.GetInt64VectorThrowsOnNullErrorPrefix (0 ms)
2026-05-07T17:22:40.2297251Z [ RUN      ] TestDescriptorAttributeUtils.GetInt64VectorThrowsOnWrongAttributeType
2026-05-07T17:22:40.2297422Z [       OK ] TestDescriptorAttributeUtils.GetInt64VectorThrowsOnWrongAttributeType (0 ms)
2026-05-07T17:22:40.2297527Z [ RUN      ] TestDescriptorAttributeUtils.GetInt64VectorSuccess
2026-05-07T17:22:40.2297757Z [       OK ] TestDescriptorAttributeUtils.GetInt64VectorSuccess (0 ms)
2026-05-07T17:22:40.2297900Z [ RUN      ] TestDescriptorAttributeUtils.SetScalarThrowsOnNullArrayOfElements
2026-05-07T17:22:40.2298133Z [       OK ] TestDescriptorAttributeUtils.SetScalarThrowsOnNullArrayOfElements (0 ms)
2026-05-07T17:22:40.2298264Z [ RUN      ] TestDescriptorAttributeUtils.SetScalarThrowsOnNullErrorPrefix
2026-05-07T17:22:40.2298413Z [       OK ] TestDescriptorAttributeUtils.SetScalarThrowsOnNullErrorPrefix (0 ms)
2026-05-07T17:22:40.2298561Z [ RUN      ] TestDescriptorAttributeUtils.SetScalarThrowsOnWrongAttributeType
2026-05-07T17:22:40.2298714Z [       OK ] TestDescriptorAttributeUtils.SetScalarThrowsOnWrongAttributeType (0 ms)
2026-05-07T17:22:40.2298851Z [ RUN      ] TestDescriptorAttributeUtils.SetScalarThrowsOnWrongElementCount
2026-05-07T17:22:40.2299007Z [       OK ] TestDescriptorAttributeUtils.SetScalarThrowsOnWrongElementCount (0 ms)
2026-05-07T17:22:40.2299102Z [ RUN      ] TestDescriptorAttributeUtils.SetScalarSuccess
2026-05-07T17:22:40.2299214Z [       OK ] TestDescriptorAttributeUtils.SetScalarSuccess (0 ms)
2026-05-07T17:22:40.2299355Z [ RUN      ] TestDescriptorAttributeUtils.GetScalarQueryReturnsOneOnNullArray
2026-05-07T17:22:40.2299509Z [       OK ] TestDescriptorAttributeUtils.GetScalarQueryReturnsOneOnNullArray (0 ms)
2026-05-07T17:22:40.2299681Z [ RUN      ] TestDescriptorAttributeUtils.GetScalarQueryReturnsOneOnZeroRequestedCount
2026-05-07T17:22:40.2300037Z [       OK ] TestDescriptorAttributeUtils.GetScalarQueryReturnsOneOnZeroRequestedCount (0 ms)
2026-05-07T17:22:40.2300189Z [ RUN      ] TestDescriptorAttributeUtils.GetScalarQueryThrowsWhenBothPointersNull
2026-05-07T17:22:40.2300360Z [       OK ] TestDescriptorAttributeUtils.GetScalarQueryThrowsWhenBothPointersNull (0 ms)
2026-05-07T17:22:40.2300489Z [ RUN      ] TestDescriptorAttributeUtils.GetScalarThrowsOnNullErrorPrefix
2026-05-07T17:22:40.2300638Z [       OK ] TestDescriptorAttributeUtils.GetScalarThrowsOnNullErrorPrefix (0 ms)
2026-05-07T17:22:40.2300772Z [ RUN      ] TestDescriptorAttributeUtils.GetScalarThrowsOnWrongAttributeType
2026-05-07T17:22:40.2300920Z [       OK ] TestDescriptorAttributeUtils.GetScalarThrowsOnWrongAttributeType (0 ms)
2026-05-07T17:22:40.2301020Z [ RUN      ] TestDescriptorAttributeUtils.GetScalarSuccess
2026-05-07T17:22:40.2301122Z [       OK ] TestDescriptorAttributeUtils.GetScalarSuccess (0 ms)
2026-05-07T17:22:40.2301274Z [ RUN      ] TestDescriptorAttributeUtils.SetDataTypeThrowsOnNullArrayOfElements
2026-05-07T17:22:40.2301435Z [       OK ] TestDescriptorAttributeUtils.SetDataTypeThrowsOnNullArrayOfElements (0 ms)
2026-05-07T17:22:40.2301570Z [ RUN      ] TestDescriptorAttributeUtils.SetDataTypeThrowsOnNullErrorPrefix
2026-05-07T17:22:40.2301720Z [       OK ] TestDescriptorAttributeUtils.SetDataTypeThrowsOnNullErrorPrefix (0 ms)
2026-05-07T17:22:40.2301863Z [ RUN      ] TestDescriptorAttributeUtils.SetDataTypeThrowsOnWrongAttributeType
2026-05-07T17:22:40.2302019Z [       OK ] TestDescriptorAttributeUtils.SetDataTypeThrowsOnWrongAttributeType (0 ms)
2026-05-07T17:22:40.2302162Z [ RUN      ] TestDescriptorAttributeUtils.SetDataTypeThrowsOnWrongElementCount
2026-05-07T17:22:40.2302317Z [       OK ] TestDescriptorAttributeUtils.SetDataTypeThrowsOnWrongElementCount (0 ms)
2026-05-07T17:22:40.2302422Z [ RUN      ] TestDescriptorAttributeUtils.SetDataTypeSuccess
2026-05-07T17:22:40.2302529Z [       OK ] TestDescriptorAttributeUtils.SetDataTypeSuccess (0 ms)
2026-05-07T17:22:40.2302671Z [ RUN      ] TestDescriptorAttributeUtils.GetDataTypeQueryReturnsOneOnNullArray
2026-05-07T17:22:40.2302836Z [       OK ] TestDescriptorAttributeUtils.GetDataTypeQueryReturnsOneOnNullArray (0 ms)
2026-05-07T17:22:40.2303002Z [ RUN      ] TestDescriptorAttributeUtils.GetDataTypeQueryReturnsOneOnZeroRequestedCount
2026-05-07T17:22:40.2303190Z [       OK ] TestDescriptorAttributeUtils.GetDataTypeQueryReturnsOneOnZeroRequestedCount (0 ms)
2026-05-07T17:22:40.2303352Z [ RUN      ] TestDescriptorAttributeUtils.GetDataTypeQueryThrowsWhenBothPointersNull
2026-05-07T17:22:40.2303529Z [       OK ] TestDescriptorAttributeUtils.GetDataTypeQueryThrowsWhenBothPointersNull (0 ms)
2026-05-07T17:22:40.2303733Z [ RUN      ] TestDescriptorAttributeUtils.GetDataTypeThrowsOnNullErrorPrefix
2026-05-07T17:22:40.2303881Z [       OK ] TestDescriptorAttributeUtils.GetDataTypeThrowsOnNullErrorPrefix (0 ms)
2026-05-07T17:22:40.2304022Z [ RUN      ] TestDescriptorAttributeUtils.GetDataTypeThrowsOnWrongAttributeType
2026-05-07T17:22:40.2304184Z [       OK ] TestDescriptorAttributeUtils.GetDataTypeThrowsOnWrongAttributeType (0 ms)
2026-05-07T17:22:40.2304282Z [ RUN      ] TestDescriptorAttributeUtils.GetDataTypeSuccess
2026-05-07T17:22:40.2304388Z [       OK ] TestDescriptorAttributeUtils.GetDataTypeSuccess (0 ms)
2026-05-07T17:22:40.2304524Z [ RUN      ] TestDescriptorAttributeUtils.GetDataTypeUnsetReturnsZeroCount
2026-05-07T17:22:40.2304663Z [       OK ] TestDescriptorAttributeUtils.GetDataTypeUnsetReturnsZeroCount (0 ms)
2026-05-07T17:22:40.2304815Z [ RUN      ] TestDescriptorAttributeUtils.GetDataTypeUnsetThrowsOnNullElementCount
2026-05-07T17:22:40.2304980Z [       OK ] TestDescriptorAttributeUtils.GetDataTypeUnsetThrowsOnNullElementCount (0 ms)
2026-05-07T17:22:40.2305128Z [ RUN      ] TestDescriptorAttributeUtils.SetConvModeThrowsOnNullArrayOfElements
2026-05-07T17:22:40.2305293Z [       OK ] TestDescriptorAttributeUtils.SetConvModeThrowsOnNullArrayOfElements (0 ms)
2026-05-07T17:22:40.2305594Z [ RUN      ] TestDescriptorAttributeUtils.SetConvModeThrowsOnNullErrorPrefix
2026-05-07T17:22:40.2305738Z [       OK ] TestDescriptorAttributeUtils.SetConvModeThrowsOnNullErrorPrefix (0 ms)
2026-05-07T17:22:40.2305885Z [ RUN      ] TestDescriptorAttributeUtils.SetConvModeThrowsOnWrongAttributeType
2026-05-07T17:22:40.2306038Z [       OK ] TestDescriptorAttributeUtils.SetConvModeThrowsOnWrongAttributeType (0 ms)
2026-05-07T17:22:40.2306180Z [ RUN      ] TestDescriptorAttributeUtils.SetConvModeThrowsOnWrongElementCount
2026-05-07T17:22:40.2306331Z [       OK ] TestDescriptorAttributeUtils.SetConvModeThrowsOnWrongElementCount (0 ms)
2026-05-07T17:22:40.2306460Z [ RUN      ] TestDescriptorAttributeUtils.SetConvModeSuccessCrossCorrelation
2026-05-07T17:22:40.2306611Z [       OK ] TestDescriptorAttributeUtils.SetConvModeSuccessCrossCorrelation (0 ms)
2026-05-07T17:22:40.2306731Z [ RUN      ] TestDescriptorAttributeUtils.SetConvModeSuccessConvolution
2026-05-07T17:22:40.2306866Z [       OK ] TestDescriptorAttributeUtils.SetConvModeSuccessConvolution (0 ms)
2026-05-07T17:22:40.2307012Z [ RUN      ] TestDescriptorAttributeUtils.GetConvModeQueryReturnsOneOnNullArray
2026-05-07T17:22:40.2307212Z [       OK ] TestDescriptorAttributeUtils.GetConvModeQueryReturnsOneOnNullArray (0 ms)
2026-05-07T17:22:40.2307385Z [ RUN      ] TestDescriptorAttributeUtils.GetConvModeQueryReturnsOneOnZeroRequestedCount
2026-05-07T17:22:40.2307569Z [       OK ] TestDescriptorAttributeUtils.GetConvModeQueryReturnsOneOnZeroRequestedCount (0 ms)
2026-05-07T17:22:40.2307721Z [ RUN      ] TestDescriptorAttributeUtils.GetConvModeQueryThrowsWhenBothPointersNull
2026-05-07T17:22:40.2307902Z [       OK ] TestDescriptorAttributeUtils.GetConvModeQueryThrowsWhenBothPointersNull (0 ms)
2026-05-07T17:22:40.2308034Z [ RUN      ] TestDescriptorAttributeUtils.GetConvModeThrowsOnNullErrorPrefix
2026-05-07T17:22:40.2308180Z [       OK ] TestDescriptorAttributeUtils.GetConvModeThrowsOnNullErrorPrefix (0 ms)
2026-05-07T17:22:40.2308331Z [ RUN      ] TestDescriptorAttributeUtils.GetConvModeThrowsOnWrongAttributeType
2026-05-07T17:22:40.2308484Z [       OK ] TestDescriptorAttributeUtils.GetConvModeThrowsOnWrongAttributeType (0 ms)
2026-05-07T17:22:40.2308620Z [ RUN      ] TestDescriptorAttributeUtils.GetConvModeSuccessCrossCorrelation
2026-05-07T17:22:40.2308765Z [       OK ] TestDescriptorAttributeUtils.GetConvModeSuccessCrossCorrelation (0 ms)
2026-05-07T17:22:40.2308885Z [ RUN      ] TestDescriptorAttributeUtils.GetConvModeSuccessConvolution
2026-05-07T17:22:40.2309022Z [       OK ] TestDescriptorAttributeUtils.GetConvModeSuccessConvolution (0 ms)
2026-05-07T17:22:40.2309177Z [ RUN      ] TestDescriptorAttributeUtils.GetOperationTypeQueryReturnsOneOnNullArray
2026-05-07T17:22:40.2309418Z [       OK ] TestDescriptorAttributeUtils.GetOperationTypeQueryReturnsOneOnNullArray (0 ms)
2026-05-07T17:22:40.2309602Z [ RUN      ] TestDescriptorAttributeUtils.GetOperationTypeQueryReturnsOneOnZeroRequestedCount
2026-05-07T17:22:40.2309803Z [       OK ] TestDescriptorAttributeUtils.GetOperationTypeQueryReturnsOneOnZeroRequestedCount (0 ms)
2026-05-07T17:22:40.2309978Z [ RUN      ] TestDescriptorAttributeUtils.GetOperationTypeQueryThrowsWhenBothPointersNull
2026-05-07T17:22:40.2310166Z [       OK ] TestDescriptorAttributeUtils.GetOperationTypeQueryThrowsWhenBothPointersNull (0 ms)
2026-05-07T17:22:40.2310319Z [ RUN      ] TestDescriptorAttributeUtils.GetOperationTypeThrowsOnNullErrorPrefix
2026-05-07T17:22:40.2310481Z [       OK ] TestDescriptorAttributeUtils.GetOperationTypeThrowsOnNullErrorPrefix (0 ms)
2026-05-07T17:22:40.2310635Z [ RUN      ] TestDescriptorAttributeUtils.GetOperationTypeThrowsOnWrongAttributeType
2026-05-07T17:22:40.2310815Z [       OK ] TestDescriptorAttributeUtils.GetOperationTypeThrowsOnWrongAttributeType (0 ms)
2026-05-07T17:22:40.2310946Z [ RUN      ] TestDescriptorAttributeUtils.GetOperationTypeSuccessConvForward
2026-05-07T17:22:40.2311096Z [       OK ] TestDescriptorAttributeUtils.GetOperationTypeSuccessConvForward (0 ms)
2026-05-07T17:22:40.2311429Z [ RUN      ] TestDescriptorAttributeUtils.GetOperationTypeSuccessBatchnormInference
2026-05-07T17:22:40.2311597Z [       OK ] TestDescriptorAttributeUtils.GetOperationTypeSuccessBatchnormInference (0 ms)
2026-05-07T17:22:40.2311771Z [ RUN      ] TestDescriptorAttributeUtils.SetTensorDescriptorThrowsOnNullArrayOfElements
2026-05-07T17:22:40.2311954Z [       OK ] TestDescriptorAttributeUtils.SetTensorDescriptorThrowsOnNullArrayOfElements (0 ms)
2026-05-07T17:22:40.2312115Z [ RUN      ] TestDescriptorAttributeUtils.SetTensorDescriptorThrowsOnNullErrorPrefix
2026-05-07T17:22:40.2312287Z [       OK ] TestDescriptorAttributeUtils.SetTensorDescriptorThrowsOnNullErrorPrefix (0 ms)
2026-05-07T17:22:40.2312454Z [ RUN      ] TestDescriptorAttributeUtils.SetTensorDescriptorThrowsOnWrongAttributeType
2026-05-07T17:22:40.2312641Z [       OK ] TestDescriptorAttributeUtils.SetTensorDescriptorThrowsOnWrongAttributeType (0 ms)
2026-05-07T17:22:40.2312803Z [ RUN      ] TestDescriptorAttributeUtils.SetTensorDescriptorThrowsOnWrongElementCount
2026-05-07T17:22:40.2312978Z [       OK ] TestDescriptorAttributeUtils.SetTensorDescriptorThrowsOnWrongElementCount (0 ms)
2026-05-07T17:22:40.2313147Z [ RUN      ] TestDescriptorAttributeUtils.SetTensorDescriptorThrowsOnUnfinalizedTensor
2026-05-07T17:22:40.2313321Z [       OK ] TestDescriptorAttributeUtils.SetTensorDescriptorThrowsOnUnfinalizedTensor (0 ms)
2026-05-07T17:22:40.2313433Z [ RUN      ] TestDescriptorAttributeUtils.SetTensorDescriptorSuccess
2026-05-07T17:22:40.2313562Z [       OK ] TestDescriptorAttributeUtils.SetTensorDescriptorSuccess (0 ms)
2026-05-07T17:22:40.2313731Z [ RUN      ] TestDescriptorAttributeUtils.GetTensorDescriptorQueryReturnsOneOnNullArray
2026-05-07T17:22:40.2313919Z [       OK ] TestDescriptorAttributeUtils.GetTensorDescriptorQueryReturnsOneOnNullArray (0 ms)
2026-05-07T17:22:40.2314115Z [ RUN      ] TestDescriptorAttributeUtils.GetTensorDescriptorQueryReturnsOneOnZeroRequestedCount
2026-05-07T17:22:40.2314327Z [       OK ] TestDescriptorAttributeUtils.GetTensorDescriptorQueryReturnsOneOnZeroRequestedCount (0 ms)
2026-05-07T17:22:40.2314513Z [ RUN      ] TestDescriptorAttributeUtils.GetTensorDescriptorQueryThrowsWhenBothPointersNull
2026-05-07T17:22:40.2314707Z [       OK ] TestDescriptorAttributeUtils.GetTensorDescriptorQueryThrowsWhenBothPointersNull (0 ms)
2026-05-07T17:22:40.2314869Z [ RUN      ] TestDescriptorAttributeUtils.GetTensorDescriptorThrowsOnNullErrorPrefix
2026-05-07T17:22:40.2315038Z [       OK ] TestDescriptorAttributeUtils.GetTensorDescriptorThrowsOnNullErrorPrefix (0 ms)
2026-05-07T17:22:40.2315202Z [ RUN      ] TestDescriptorAttributeUtils.GetTensorDescriptorThrowsOnWrongAttributeType
2026-05-07T17:22:40.2315458Z [       OK ] TestDescriptorAttributeUtils.GetTensorDescriptorThrowsOnWrongAttributeType (0 ms)
2026-05-07T17:22:40.2315569Z [ RUN      ] TestDescriptorAttributeUtils.GetTensorDescriptorSuccess
2026-05-07T17:22:40.2315700Z [       OK ] TestDescriptorAttributeUtils.GetTensorDescriptorSuccess (0 ms)
2026-05-07T17:22:40.2315836Z [ RUN      ] TestDescriptorAttributeUtils.SetStringThrowsOnWrongAttributeType
2026-05-07T17:22:40.2315985Z [       OK ] TestDescriptorAttributeUtils.SetStringThrowsOnWrongAttributeType (0 ms)
2026-05-07T17:22:40.2316128Z [ RUN      ] TestDescriptorAttributeUtils.SetStringThrowsOnNullArrayOfElements
2026-05-07T17:22:40.2316279Z [       OK ] TestDescriptorAttributeUtils.SetStringThrowsOnNullArrayOfElements (0 ms)
2026-05-07T17:22:40.2316423Z [ RUN      ] TestDescriptorAttributeUtils.SetStringThrowsOnNegativeElementCount
2026-05-07T17:22:40.2316584Z [       OK ] TestDescriptorAttributeUtils.SetStringThrowsOnNegativeElementCount (0 ms)
2026-05-07T17:22:40.2316676Z [ RUN      ] TestDescriptorAttributeUtils.SetStringSuccess
2026-05-07T17:22:40.2316786Z [       OK ] TestDescriptorAttributeUtils.SetStringSuccess (0 ms)
2026-05-07T17:22:40.2316919Z [ RUN      ] TestDescriptorAttributeUtils.GetStringReturnsSizeWhenBufferNull
2026-05-07T17:22:40.2317238Z [       OK ] TestDescriptorAttributeUtils.GetStringReturnsSizeWhenBufferNull (0 ms)
2026-05-07T17:22:40.2317345Z [ RUN      ] TestDescriptorAttributeUtils.GetStringCopiesData
2026-05-07T17:22:40.2317453Z [       OK ] TestDescriptorAttributeUtils.GetStringCopiesData (0 ms)
2026-05-07T17:22:40.2317582Z [ RUN      ] TestDescriptorAttributeUtils.GetStringTruncatesWhenBufferSmall
2026-05-07T17:22:40.2317728Z [       OK ] TestDescriptorAttributeUtils.GetStringTruncatesWhenBufferSmall (0 ms)
2026-05-07T17:22:40.2317861Z [ RUN      ] TestDescriptorAttributeUtils.GetStringThrowsOnWrongAttributeType
2026-05-07T17:22:40.2318014Z [       OK ] TestDescriptorAttributeUtils.GetStringThrowsOnWrongAttributeType (0 ms)
2026-05-07T17:22:40.2318123Z [ RUN      ] TestDescriptorAttributeUtils.SetKnobValueUnionInt64
2026-05-07T17:22:40.2318237Z [       OK ] TestDescriptorAttributeUtils.SetKnobValueUnionInt64 (0 ms)
2026-05-07T17:22:40.2318346Z [ RUN      ] TestDescriptorAttributeUtils.SetKnobValueUnionDouble
2026-05-07T17:22:40.2318467Z [       OK ] TestDescriptorAttributeUtils.SetKnobValueUnionDouble (0 ms)
2026-05-07T17:22:40.2318568Z [ RUN      ] TestDescriptorAttributeUtils.SetKnobValueUnionString
2026-05-07T17:22:40.2318690Z [       OK ] TestDescriptorAttributeUtils.SetKnobValueUnionString (0 ms)
2026-05-07T17:22:40.2318849Z [ RUN      ] TestDescriptorAttributeUtils.SetKnobValueUnionThrowsOnUnsupportedType
2026-05-07T17:22:40.2319015Z [       OK ] TestDescriptorAttributeUtils.SetKnobValueUnionThrowsOnUnsupportedType (0 ms)
2026-05-07T17:22:40.2319154Z [ RUN      ] TestDescriptorAttributeUtils.SetKnobValueUnionThrowsOnNullArray
2026-05-07T17:22:40.2319303Z [       OK ] TestDescriptorAttributeUtils.SetKnobValueUnionThrowsOnNullArray (0 ms)
2026-05-07T17:22:40.2319467Z [ RUN      ] TestDescriptorAttributeUtils.SetKnobValueUnionThrowsOnWrongElementCount
2026-05-07T17:22:40.2319644Z [       OK ] TestDescriptorAttributeUtils.SetKnobValueUnionThrowsOnWrongElementCount (0 ms)
2026-05-07T17:22:40.2319796Z [ RUN      ] TestDescriptorAttributeUtils.SetKnobValueUnionStringExceedsMaxLength
2026-05-07T17:22:40.2319966Z [       OK ] TestDescriptorAttributeUtils.SetKnobValueUnionStringExceedsMaxLength (0 ms)
2026-05-07T17:22:40.2320069Z [ RUN      ] TestDescriptorAttributeUtils.GetKnobValueUnionInt64
2026-05-07T17:22:40.2320190Z [       OK ] TestDescriptorAttributeUtils.GetKnobValueUnionInt64 (0 ms)
2026-05-07T17:22:40.2320294Z [ RUN      ] TestDescriptorAttributeUtils.GetKnobValueUnionDouble
2026-05-07T17:22:40.2320413Z [       OK ] TestDescriptorAttributeUtils.GetKnobValueUnionDouble (0 ms)
2026-05-07T17:22:40.2320521Z [ RUN      ] TestDescriptorAttributeUtils.GetKnobValueUnionString
2026-05-07T17:22:40.2320639Z [       OK ] TestDescriptorAttributeUtils.GetKnobValueUnionString (0 ms)
2026-05-07T17:22:40.2320834Z [ RUN      ] TestDescriptorAttributeUtils.GetKnobValueUnionStringSizeQuery
2026-05-07T17:22:40.2320981Z [       OK ] TestDescriptorAttributeUtils.GetKnobValueUnionStringSizeQuery (0 ms)
2026-05-07T17:22:40.2321114Z [ RUN      ] TestDescriptorAttributeUtils.GetKnobValueUnionInt64TypeMismatch
2026-05-07T17:22:40.2321266Z [       OK ] TestDescriptorAttributeUtils.GetKnobValueUnionInt64TypeMismatch (0 ms)
2026-05-07T17:22:40.2321396Z [ RUN      ] TestDescriptorAttributeUtils.GetKnobValueUnionThrowsOnNoneType
2026-05-07T17:22:40.2321542Z [       OK ] TestDescriptorAttributeUtils.GetKnobValueUnionThrowsOnNoneType (0 ms)
2026-05-07T17:22:40.2321674Z [ RUN      ] TestDescriptorAttributeUtils.GetKnobValueUnionInt64SizeQuery
2026-05-07T17:22:40.2321811Z [       OK ] TestDescriptorAttributeUtils.GetKnobValueUnionInt64SizeQuery (0 ms)
2026-05-07T17:22:40.2321912Z [ RUN      ] TestDescriptorAttributeUtils.SetBoundedStringSuccess
2026-05-07T17:22:40.2322036Z [       OK ] TestDescriptorAttributeUtils.SetBoundedStringSuccess (0 ms)
2026-05-07T17:22:40.2322174Z [ RUN      ] TestDescriptorAttributeUtils.SetBoundedStringThrowsWhenExceedsMax
2026-05-07T17:22:40.2322508Z [       OK ] TestDescriptorAttributeUtils.SetBoundedStringThrowsWhenExceedsMax (0 ms)
2026-05-07T17:22:40.2322639Z [ RUN      ] TestDescriptorAttributeUtils.SetBoundedStringThrowsWhenBelowMin
2026-05-07T17:22:40.2322783Z [       OK ] TestDescriptorAttributeUtils.SetBoundedStringThrowsWhenBelowMin (0 ms)
2026-05-07T17:22:40.2322921Z [ RUN      ] TestDescriptorAttributeUtils.SetBoundedStringThrowsOnWrongType
2026-05-07T17:22:40.2323066Z [       OK ] TestDescriptorAttributeUtils.SetBoundedStringThrowsOnWrongType (0 ms)
2026-05-07T17:22:40.2323194Z [ RUN      ] TestDescriptorAttributeUtils.SetBoundedStringThrowsOnNullArray
2026-05-07T17:22:40.2323347Z [       OK ] TestDescriptorAttributeUtils.SetBoundedStringThrowsOnNullArray (0 ms)
2026-05-07T17:22:40.2323448Z [ RUN      ] TestDescriptorAttributeUtils.SetScalarVectorSuccess
2026-05-07T17:22:40.2323571Z [       OK ] TestDescriptorAttributeUtils.SetScalarVectorSuccess (0 ms)
2026-05-07T17:22:40.2323702Z [ RUN      ] TestDescriptorAttributeUtils.SetScalarVectorThrowsOnWrongType
2026-05-07T17:22:40.2323846Z [       OK ] TestDescriptorAttributeUtils.SetScalarVectorThrowsOnWrongType (0 ms)
2026-05-07T17:22:40.2323982Z [ RUN      ] TestDescriptorAttributeUtils.SetScalarVectorThrowsOnNullArray
2026-05-07T17:22:40.2324125Z [       OK ] TestDescriptorAttributeUtils.SetScalarVectorThrowsOnNullArray (0 ms)
2026-05-07T17:22:40.2324254Z [ RUN      ] TestDescriptorAttributeUtils.SetScalarVectorThrowsOnZeroCount
2026-05-07T17:22:40.2324403Z [       OK ] TestDescriptorAttributeUtils.SetScalarVectorThrowsOnZeroCount (0 ms)
2026-05-07T17:22:40.2324506Z [ RUN      ] TestDescriptorAttributeUtils.GetScalarVectorSuccess
2026-05-07T17:22:40.2324655Z [       OK ] TestDescriptorAttributeUtils.GetScalarVectorSuccess (0 ms)
2026-05-07T17:22:40.2324783Z [ RUN      ] TestDescriptorAttributeUtils.GetScalarVectorThrowsOnWrongType
2026-05-07T17:22:40.2324923Z [       OK ] TestDescriptorAttributeUtils.GetScalarVectorThrowsOnWrongType (0 ms)
2026-05-07T17:22:40.2325083Z [ RUN      ] TestDescriptorAttributeUtils.GetScalarVectorQueryReturnsSizeOnNullArray
2026-05-07T17:22:40.2325260Z [       OK ] TestDescriptorAttributeUtils.GetScalarVectorQueryReturnsSizeOnNullArray (0 ms)
2026-05-07T17:22:40.2325415Z [ RUN      ] TestDescriptorAttributeUtils.GetScalarVectorQueryReturnsSizeOnZeroCount
2026-05-07T17:22:40.2325591Z [       OK ] TestDescriptorAttributeUtils.GetScalarVectorQueryReturnsSizeOnZeroCount (0 ms)
2026-05-07T17:22:40.2325694Z [ RUN      ] TestDescriptorAttributeUtils.SetPointwiseModeSuccess
2026-05-07T17:22:40.2325816Z [       OK ] TestDescriptorAttributeUtils.SetPointwiseModeSuccess (0 ms)
2026-05-07T17:22:40.2325953Z [ RUN      ] TestDescriptorAttributeUtils.SetPointwiseModeThrowsOnWrongType
2026-05-07T17:22:40.2326105Z [       OK ] TestDescriptorAttributeUtils.SetPointwiseModeThrowsOnWrongType (0 ms)
2026-05-07T17:22:40.2326310Z [ RUN      ] TestDescriptorAttributeUtils.SetPointwiseModeThrowsOnNullArray
2026-05-07T17:22:40.2326453Z [       OK ] TestDescriptorAttributeUtils.SetPointwiseModeThrowsOnNullArray (0 ms)
2026-05-07T17:22:40.2326605Z [ RUN      ] TestDescriptorAttributeUtils.SetPointwiseModeThrowsOnWrongElementCount
2026-05-07T17:22:40.2326779Z [       OK ] TestDescriptorAttributeUtils.SetPointwiseModeThrowsOnWrongElementCount (0 ms)
2026-05-07T17:22:40.2326883Z [ RUN      ] TestDescriptorAttributeUtils.GetPointwiseModeSuccess
2026-05-07T17:22:40.2327003Z [       OK ] TestDescriptorAttributeUtils.GetPointwiseModeSuccess (0 ms)
2026-05-07T17:22:40.2327142Z [ RUN      ] TestDescriptorAttributeUtils.GetPointwiseModeThrowsOnWrongType
2026-05-07T17:22:40.2327284Z [       OK ] TestDescriptorAttributeUtils.GetPointwiseModeThrowsOnWrongType (0 ms)
2026-05-07T17:22:40.2327452Z [ RUN      ] TestDescriptorAttributeUtils.GetPointwiseModeQueryReturnsSizeOnNullArray
2026-05-07T17:22:40.2327629Z [       OK ] TestDescriptorAttributeUtils.GetPointwiseModeQueryReturnsSizeOnNullArray (0 ms)
2026-05-07T17:22:40.2327785Z [ RUN      ] TestDescriptorAttributeUtils.GetPointwiseModeQueryReturnsSizeOnZeroCount
2026-05-07T17:22:40.2328140Z [       OK ] TestDescriptorAttributeUtils.GetPointwiseModeQueryReturnsSizeOnZeroCount (0 ms)
2026-05-07T17:22:40.2328248Z [ RUN      ] TestDescriptorAttributeUtils.SetOptionalScalarSuccess
2026-05-07T17:22:40.2328375Z [       OK ] TestDescriptorAttributeUtils.SetOptionalScalarSuccess (0 ms)
2026-05-07T17:22:40.2328513Z [ RUN      ] TestDescriptorAttributeUtils.SetOptionalScalarThrowsOnWrongType
2026-05-07T17:22:40.2328664Z [       OK ] TestDescriptorAttributeUtils.SetOptionalScalarThrowsOnWrongType (0 ms)
2026-05-07T17:22:40.2328828Z [ RUN      ] TestDescriptorAttributeUtils.SetOptionalScalarThrowsOnWrongElementCount
2026-05-07T17:22:40.2329008Z [       OK ] TestDescriptorAttributeUtils.SetOptionalScalarThrowsOnWrongElementCount (0 ms)
2026-05-07T17:22:40.2329143Z [ RUN      ] TestDescriptorAttributeUtils.GetOptionalScalarSuccessWhenSet
2026-05-07T17:22:40.2329289Z [       OK ] TestDescriptorAttributeUtils.GetOptionalScalarSuccessWhenSet (0 ms)
2026-05-07T17:22:40.2329424Z [ RUN      ] TestDescriptorAttributeUtils.GetOptionalScalarSuccessWhenUnset
2026-05-07T17:22:40.2329579Z [       OK ] TestDescriptorAttributeUtils.GetOptionalScalarSuccessWhenUnset (0 ms)
2026-05-07T17:22:40.2329714Z [ RUN      ] TestDescriptorAttributeUtils.GetOptionalScalarThrowsOnWrongType
2026-05-07T17:22:40.2329867Z [       OK ] TestDescriptorAttributeUtils.GetOptionalScalarThrowsOnWrongType (0 ms)
2026-05-07T17:22:40.2330033Z [ RUN      ] TestDescriptorAttributeUtils.GetOptionalScalarQueryReturnsSizeOnNullArray
2026-05-07T17:22:40.2330213Z [       OK ] TestDescriptorAttributeUtils.GetOptionalScalarQueryReturnsSizeOnNullArray (0 ms)
2026-05-07T17:22:40.2330315Z [ RUN      ] TestDescriptorAttributeUtils.SetNormFwdPhaseSuccess
2026-05-07T17:22:40.2330440Z [       OK ] TestDescriptorAttributeUtils.SetNormFwdPhaseSuccess (0 ms)
2026-05-07T17:22:40.2330574Z [ RUN      ] TestDescriptorAttributeUtils.SetNormFwdPhaseThrowsOnWrongType
2026-05-07T17:22:40.2330728Z [       OK ] TestDescriptorAttributeUtils.SetNormFwdPhaseThrowsOnWrongType (0 ms)
2026-05-07T17:22:40.2330864Z [ RUN      ] TestDescriptorAttributeUtils.SetNormFwdPhaseThrowsOnNullArray
2026-05-07T17:22:40.2331016Z [       OK ] TestDescriptorAttributeUtils.SetNormFwdPhaseThrowsOnNullArray (0 ms)
2026-05-07T17:22:40.2331180Z [ RUN      ] TestDescriptorAttributeUtils.SetNormFwdPhaseThrowsOnWrongElementCount
2026-05-07T17:22:40.2331350Z [       OK ] TestDescriptorAttributeUtils.SetNormFwdPhaseThrowsOnWrongElementCount (0 ms)
2026-05-07T17:22:40.2331451Z [ RUN      ] TestDescriptorAttributeUtils.GetNormFwdPhaseSuccess
2026-05-07T17:22:40.2331572Z [       OK ] TestDescriptorAttributeUtils.GetNormFwdPhaseSuccess (0 ms)
2026-05-07T17:22:40.2331695Z [ RUN      ] TestDescriptorAttributeUtils.GetNormFwdPhaseThrowsOnWrongType
2026-05-07T17:22:40.2331904Z [       OK ] TestDescriptorAttributeUtils.GetNormFwdPhaseThrowsOnWrongType (0 ms)
2026-05-07T17:22:40.2332058Z [ RUN      ] TestDescriptorAttributeUtils.GetNormFwdPhaseQueryReturnsSizeOnNullArray
2026-05-07T17:22:40.2332230Z [       OK ] TestDescriptorAttributeUtils.GetNormFwdPhaseQueryReturnsSizeOnNullArray (0 ms)
2026-05-07T17:22:40.2332388Z [ RUN      ] TestDescriptorAttributeUtils.GetNormFwdPhaseQueryReturnsSizeOnZeroCount
2026-05-07T17:22:40.2332556Z [       OK ] TestDescriptorAttributeUtils.GetNormFwdPhaseQueryReturnsSizeOnZeroCount (0 ms)
2026-05-07T17:22:40.2332690Z [ RUN      ] TestDescriptorAttributeUtils.SetOptionalTensorDescriptorSuccess
2026-05-07T17:22:40.2332835Z [       OK ] TestDescriptorAttributeUtils.SetOptionalTensorDescriptorSuccess (0 ms)
2026-05-07T17:22:40.2332995Z [ RUN      ] TestDescriptorAttributeUtils.SetOptionalTensorDescriptorThrowsOnWrongType
2026-05-07T17:22:40.2333178Z [       OK ] TestDescriptorAttributeUtils.SetOptionalTensorDescriptorThrowsOnWrongType (0 ms)
2026-05-07T17:22:40.2333330Z [ RUN      ] TestDescriptorAttributeUtils.GetOptionalTensorDescriptorSuccessWhenSet
2026-05-07T17:22:40.2333502Z [       OK ] TestDescriptorAttributeUtils.GetOptionalTensorDescriptorSuccessWhenSet (0 ms)
2026-05-07T17:22:40.2333867Z [ RUN      ] TestDescriptorAttributeUtils.GetOptionalTensorDescriptorReturnsZeroCountWhenNull
2026-05-07T17:22:40.2334075Z [       OK ] TestDescriptorAttributeUtils.GetOptionalTensorDescriptorReturnsZeroCountWhenNull (0 ms)
2026-05-07T17:22:40.2334241Z [ RUN      ] TestDescriptorAttributeUtils.GetOptionalTensorDescriptorThrowsOnWrongType
2026-05-07T17:22:40.2334414Z [       OK ] TestDescriptorAttributeUtils.GetOptionalTensorDescriptorThrowsOnWrongType (0 ms)
2026-05-07T17:22:40.2334541Z [ RUN      ] TestDescriptorAttributeUtils.SetTensorDescriptorArraySuccess
2026-05-07T17:22:40.2334687Z [       OK ] TestDescriptorAttributeUtils.SetTensorDescriptorArraySuccess (0 ms)
2026-05-07T17:22:40.2334840Z [ RUN      ] TestDescriptorAttributeUtils.SetTensorDescriptorArrayThrowsOnWrongType
2026-05-07T17:22:40.2335007Z [       OK ] TestDescriptorAttributeUtils.SetTensorDescriptorArrayThrowsOnWrongType (0 ms)
2026-05-07T17:22:40.2335161Z [ RUN      ] TestDescriptorAttributeUtils.SetTensorDescriptorArrayThrowsOnNullArray
2026-05-07T17:22:40.2335328Z [       OK ] TestDescriptorAttributeUtils.SetTensorDescriptorArrayThrowsOnNullArray (0 ms)
2026-05-07T17:22:40.2335462Z [ RUN      ] TestDescriptorAttributeUtils.GetTensorDescriptorArraySuccess
2026-05-07T17:22:40.2335603Z [       OK ] TestDescriptorAttributeUtils.GetTensorDescriptorArraySuccess (0 ms)
2026-05-07T17:22:40.2335756Z [ RUN      ] TestDescriptorAttributeUtils.GetTensorDescriptorArrayThrowsOnWrongType
2026-05-07T17:22:40.2335935Z [       OK ] TestDescriptorAttributeUtils.GetTensorDescriptorArrayThrowsOnWrongType (0 ms)
2026-05-07T17:22:40.2336115Z [ RUN      ] TestDescriptorAttributeUtils.GetTensorDescriptorArrayQueryReturnsSizeOnNullArray
2026-05-07T17:22:40.2336316Z [       OK ] TestDescriptorAttributeUtils.GetTensorDescriptorArrayQueryReturnsSizeOnNullArray (0 ms)
2026-05-07T17:22:40.2336440Z [ RUN      ] TestDescriptorAttributeUtils.SetDiagonalAlignmentSuccess
2026-05-07T17:22:40.2336569Z [       OK ] TestDescriptorAttributeUtils.SetDiagonalAlignmentSuccess (0 ms)
2026-05-07T17:22:40.2336715Z [ RUN      ] TestDescriptorAttributeUtils.SetDiagonalAlignmentThrowsOnWrongType
2026-05-07T17:22:40.2336868Z [       OK ] TestDescriptorAttributeUtils.SetDiagonalAlignmentThrowsOnWrongType (0 ms)
2026-05-07T17:22:40.2337008Z [ RUN      ] TestDescriptorAttributeUtils.SetDiagonalAlignmentThrowsOnNullArray
2026-05-07T17:22:40.2337171Z [       OK ] TestDescriptorAttributeUtils.SetDiagonalAlignmentThrowsOnNullArray (0 ms)
2026-05-07T17:22:40.2337339Z [ RUN      ] TestDescriptorAttributeUtils.SetDiagonalAlignmentThrowsOnWrongElementCount
2026-05-07T17:22:40.2337533Z [       OK ] TestDescriptorAttributeUtils.SetDiagonalAlignmentThrowsOnWrongElementCount (0 ms)
2026-05-07T17:22:40.2337712Z [ RUN      ] TestDescriptorAttributeUtils.GetDiagonalAlignmentSuccess
2026-05-07T17:22:40.2337839Z [       OK ] TestDescriptorAttributeUtils.GetDiagonalAlignmentSuccess (0 ms)
2026-05-07T17:22:40.2337985Z [ RUN      ] TestDescriptorAttributeUtils.GetDiagonalAlignmentThrowsOnWrongType
2026-05-07T17:22:40.2338143Z [       OK ] TestDescriptorAttributeUtils.GetDiagonalAlignmentThrowsOnWrongType (0 ms)
2026-05-07T17:22:40.2338312Z [ RUN      ] TestDescriptorAttributeUtils.GetDiagonalAlignmentQueryReturnsSizeOnNullArray
2026-05-07T17:22:40.2338512Z [       OK ] TestDescriptorAttributeUtils.GetDiagonalAlignmentQueryReturnsSizeOnNullArray (0 ms)
2026-05-07T17:22:40.2338749Z [ RUN      ] TestDescriptorAttributeUtils.GetDiagonalAlignmentQueryReturnsSizeOnZeroCount
2026-05-07T17:22:40.2338938Z [       OK ] TestDescriptorAttributeUtils.GetDiagonalAlignmentQueryReturnsSizeOnZeroCount (0 ms)
2026-05-07T17:22:40.2339069Z [ RUN      ] TestDescriptorAttributeUtils.SetAttentionImplementationSuccess
2026-05-07T17:22:40.2339214Z [       OK ] TestDescriptorAttributeUtils.SetAttentionImplementationSuccess (0 ms)
2026-05-07T17:22:40.2339375Z [ RUN      ] TestDescriptorAttributeUtils.SetAttentionImplementationThrowsOnWrongType
2026-05-07T17:22:40.2339774Z [       OK ] TestDescriptorAttributeUtils.SetAttentionImplementationThrowsOnWrongType (0 ms)
2026-05-07T17:22:40.2339931Z [ RUN      ] TestDescriptorAttributeUtils.SetAttentionImplementationThrowsOnNullArray
2026-05-07T17:22:40.2340114Z [       OK ] TestDescriptorAttributeUtils.SetAttentionImplementationThrowsOnNullArray (0 ms)
2026-05-07T17:22:40.2340302Z [ RUN      ] TestDescriptorAttributeUtils.SetAttentionImplementationThrowsOnWrongElementCount
2026-05-07T17:22:40.2340518Z [       OK ] TestDescriptorAttributeUtils.SetAttentionImplementationThrowsOnWrongElementCount (0 ms)
2026-05-07T17:22:40.2340651Z [ RUN      ] TestDescriptorAttributeUtils.GetAttentionImplementationSuccess
2026-05-07T17:22:40.2340799Z [       OK ] TestDescriptorAttributeUtils.GetAttentionImplementationSuccess (0 ms)
2026-05-07T17:22:40.2340970Z [ RUN      ] TestDescriptorAttributeUtils.GetAttentionImplementationThrowsOnWrongType
2026-05-07T17:22:40.2341149Z [       OK ] TestDescriptorAttributeUtils.GetAttentionImplementationThrowsOnWrongType (0 ms)
2026-05-07T17:22:40.2341353Z [ RUN      ] TestDescriptorAttributeUtils.GetAttentionImplementationQueryReturnsSizeOnNullArray
2026-05-07T17:22:40.2341568Z [       OK ] TestDescriptorAttributeUtils.GetAttentionImplementationQueryReturnsSizeOnNullArray (0 ms)
2026-05-07T17:22:40.2341769Z [ RUN      ] TestDescriptorAttributeUtils.GetAttentionImplementationQueryReturnsSizeOnZeroCount
2026-05-07T17:22:40.2342020Z [       OK ] TestDescriptorAttributeUtils.GetAttentionImplementationQueryReturnsSizeOnZeroCount (0 ms)
2026-05-07T17:22:40.2342123Z [ RUN      ] TestDescriptorAttributeUtils.FindTensorInMapSuccess
2026-05-07T17:22:40.2342242Z [       OK ] TestDescriptorAttributeUtils.FindTensorInMapSuccess (0 ms)
2026-05-07T17:22:40.2342379Z [ RUN      ] TestDescriptorAttributeUtils.FindTensorInMapThrowsWhenNotFound
2026-05-07T17:22:40.2342521Z [       OK ] TestDescriptorAttributeUtils.FindTensorInMapThrowsWhenNotFound (0 ms)
2026-05-07T17:22:40.2342630Z [ RUN      ] TestDescriptorAttributeUtils.CopyKnobValueUnionInt
2026-05-07T17:22:40.2342744Z [       OK ] TestDescriptorAttributeUtils.CopyKnobValueUnionInt (0 ms)
2026-05-07T17:22:40.2342852Z [ RUN      ] TestDescriptorAttributeUtils.CopyKnobValueUnionDouble
2026-05-07T17:22:40.2342977Z [       OK ] TestDescriptorAttributeUtils.CopyKnobValueUnionDouble (0 ms)
2026-05-07T17:22:40.2343127Z [ RUN      ] TestDescriptorAttributeUtils.CopyKnobValueUnionString
2026-05-07T17:22:40.2343259Z [       OK ] TestDescriptorAttributeUtils.CopyKnobValueUnionString (0 ms)
2026-05-07T17:22:40.2343392Z [ RUN      ] TestDescriptorAttributeUtils.CopyKnobValueUnionThrowsOnNoneType
2026-05-07T17:22:40.2343542Z [       OK ] TestDescriptorAttributeUtils.CopyKnobValueUnionThrowsOnNoneType (0 ms)
2026-05-07T17:22:40.2343747Z [----------] 160 tests from TestDescriptorAttributeUtils (1 ms total)
2026-05-07T17:22:40.2343755Z 
2026-05-07T17:22:40.2343867Z [----------] 21 tests from TestDataTypeConversion
2026-05-07T17:22:40.2344010Z [ RUN      ] TestDataTypeConversion.ToSdkDataTypeFp8E8M0
2026-05-07T17:22:40.2344164Z [       OK ] TestDataTypeConversion.ToSdkDataTypeFp8E8M0 (0 ms)
2026-05-07T17:22:40.2344324Z [ RUN      ] TestDataTypeConversion.FromSdkDataTypeFp8E8M0
2026-05-07T17:22:40.2344469Z [       OK ] TestDataTypeConversion.FromSdkDataTypeFp8E8M0 (0 ms)
2026-05-07T17:22:40.2344560Z [ RUN      ] TestDataTypeConversion.ToSdkDataTypeFp4E2M1
2026-05-07T17:22:40.2344656Z [       OK ] TestDataTypeConversion.ToSdkDataTypeFp4E2M1 (0 ms)
2026-05-07T17:22:40.2344751Z [ RUN      ] TestDataTypeConversion.FromSdkDataTypeFp4E2M1
2026-05-07T17:22:40.2344853Z [       OK ] TestDataTypeConversion.FromSdkDataTypeFp4E2M1 (0 ms)
2026-05-07T17:22:40.2344936Z [ RUN      ] TestDataTypeConversion.ToSdkDataTypeInt4
2026-05-07T17:22:40.2345037Z [       OK ] TestDataTypeConversion.ToSdkDataTypeInt4 (0 ms)
2026-05-07T17:22:40.2345121Z [ RUN      ] TestDataTypeConversion.FromSdkDataTypeInt4
2026-05-07T17:22:40.2345222Z [       OK ] TestDataTypeConversion.FromSdkDataTypeInt4 (0 ms)
2026-05-07T17:22:40.2345541Z [ RUN      ] TestDataTypeConversion.ToSdkDataTypeFp6E2M3
2026-05-07T17:22:40.2345634Z [       OK ] TestDataTypeConversion.ToSdkDataTypeFp6E2M3 (0 ms)
2026-05-07T17:22:40.2345729Z [ RUN      ] TestDataTypeConversion.FromSdkDataTypeFp6E2M3
2026-05-07T17:22:40.2345827Z [       OK ] TestDataTypeConversion.FromSdkDataTypeFp6E2M3 (0 ms)
2026-05-07T17:22:40.2345915Z [ RUN      ] TestDataTypeConversion.ToSdkDataTypeFp6E3M2
2026-05-07T17:22:40.2346011Z [       OK ] TestDataTypeConversion.ToSdkDataTypeFp6E3M2 (0 ms)
2026-05-07T17:22:40.2346102Z [ RUN      ] TestDataTypeConversion.FromSdkDataTypeFp6E3M2
2026-05-07T17:22:40.2346206Z [       OK ] TestDataTypeConversion.FromSdkDataTypeFp6E3M2 (0 ms)
2026-05-07T17:22:40.2346356Z [ RUN      ] TestDataTypeConversion.GetDataTypeByteSizeThrowsForLowPrecisionTypes
2026-05-07T17:22:40.2346524Z [       OK ] TestDataTypeConversion.GetDataTypeByteSizeThrowsForLowPrecisionTypes (0 ms)
2026-05-07T17:22:40.2346645Z [ RUN      ] TestDataTypeConversion.ToSdkDataTypeThrowsOnInvalidEnum
2026-05-07T17:22:40.2346770Z [       OK ] TestDataTypeConversion.ToSdkDataTypeThrowsOnInvalidEnum (0 ms)
2026-05-07T17:22:40.2346871Z [ RUN      ] TestDataTypeConversion.FromSdkDataTypeThrowsOnUnset
2026-05-07T17:22:40.2346993Z [       OK ] TestDataTypeConversion.FromSdkDataTypeThrowsOnUnset (0 ms)
2026-05-07T17:22:40.2347112Z [ RUN      ] TestDataTypeConversion.FromSdkDataTypeThrowsOnInvalidEnum
2026-05-07T17:22:40.2347250Z [       OK ] TestDataTypeConversion.FromSdkDataTypeThrowsOnInvalidEnum (0 ms)
2026-05-07T17:22:40.2347362Z [ RUN      ] TestDataTypeConversion.GetDataTypeByteSizeThrowsOnUnset
2026-05-07T17:22:40.2347488Z [       OK ] TestDataTypeConversion.GetDataTypeByteSizeThrowsOnUnset (0 ms)
2026-05-07T17:22:40.2347604Z [ RUN      ] TestDataTypeConversion.ToSdkConvModeConvertsConvolution
2026-05-07T17:22:40.2347729Z [       OK ] TestDataTypeConversion.ToSdkConvModeConvertsConvolution (0 ms)
2026-05-07T17:22:40.2347854Z [ RUN      ] TestDataTypeConversion.ToSdkConvModeConvertsCrossCorrelation
2026-05-07T17:22:40.2348002Z [       OK ] TestDataTypeConversion.ToSdkConvModeConvertsCrossCorrelation (0 ms)
2026-05-07T17:22:40.2348115Z [ RUN      ] TestDataTypeConversion.ToSdkConvModeThrowsOnInvalidEnum
2026-05-07T17:22:40.2348246Z [       OK ] TestDataTypeConversion.ToSdkConvModeThrowsOnInvalidEnum (0 ms)
2026-05-07T17:22:40.2348367Z [ RUN      ] TestDataTypeConversion.FromSdkConvModeConvertsConvolution
2026-05-07T17:22:40.2348495Z [       OK ] TestDataTypeConversion.FromSdkConvModeConvertsConvolution (0 ms)
2026-05-07T17:22:40.2348633Z [ RUN      ] TestDataTypeConversion.FromSdkConvModeConvertsCrossCorrelation
2026-05-07T17:22:40.2348776Z [       OK ] TestDataTypeConversion.FromSdkConvModeConvertsCrossCorrelation (0 ms)
2026-05-07T17:22:40.2348946Z [ RUN      ] TestDataTypeConversion.FromSdkConvModeThrowsOnUnset
2026-05-07T17:22:40.2349068Z [       OK ] TestDataTypeConversion.FromSdkConvModeThrowsOnUnset (0 ms)
2026-05-07T17:22:40.2349160Z [----------] 21 tests from TestDataTypeConversion (0 ms total)
2026-05-07T17:22:40.2349164Z 
2026-05-07T17:22:40.2349260Z [----------] 2 tests from TestPointwiseModeConversionRoundTrip
2026-05-07T17:22:40.2349374Z [ RUN      ] TestPointwiseModeConversionRoundTrip.InvalidEnumThrows
2026-05-07T17:22:40.2349499Z [       OK ] TestPointwiseModeConversionRoundTrip.InvalidEnumThrows (0 ms)
2026-05-07T17:22:40.2349615Z [ RUN      ] TestPointwiseModeConversionRoundTrip.UnsetSdkModeThrows
2026-05-07T17:22:40.2349738Z [       OK ] TestPointwiseModeConversionRoundTrip.UnsetSdkModeThrows (0 ms)
2026-05-07T17:22:40.2349853Z [----------] 2 tests from TestPointwiseModeConversionRoundTrip (0 ms total)
2026-05-07T17:22:40.2349856Z 
2026-05-07T17:22:40.2349955Z [----------] 2 tests from TestReductionModeConversionRoundTrip
2026-05-07T17:22:40.2350069Z [ RUN      ] TestReductionModeConversionRoundTrip.InvalidEnumThrows
2026-05-07T17:22:40.2350198Z [       OK ] TestReductionModeConversionRoundTrip.InvalidEnumThrows (0 ms)
2026-05-07T17:22:40.2350378Z [ RUN      ] TestReductionModeConversionRoundTrip.NotSetSdkModeThrows
2026-05-07T17:22:40.2350505Z [       OK ] TestReductionModeConversionRoundTrip.NotSetSdkModeThrows (0 ms)
2026-05-07T17:22:40.2350624Z [----------] 2 tests from TestReductionModeConversionRoundTrip (0 ms total)
2026-05-07T17:22:40.2350627Z 
2026-05-07T17:22:40.2350723Z [----------] 10 tests from TestTensorDescriptorFromFlatBuffer
2026-05-07T17:22:40.2350868Z [ RUN      ] TestTensorDescriptorFromFlatBuffer.CreatesValidFinalizedDescriptor
2026-05-07T17:22:40.2351029Z [       OK ] TestTensorDescriptorFromFlatBuffer.CreatesValidFinalizedDescriptor (0 ms)
2026-05-07T17:22:40.2351161Z [ RUN      ] TestTensorDescriptorFromFlatBuffer.PopulatesAllFieldsCorrectly
2026-05-07T17:22:40.2351312Z [       OK ] TestTensorDescriptorFromFlatBuffer.PopulatesAllFieldsCorrectly (0 ms)
2026-05-07T17:22:40.2351452Z [ RUN      ] TestTensorDescriptorFromFlatBuffer.MoveOverloadPopulatesAllFields
2026-05-07T17:22:40.2351606Z [       OK ] TestTensorDescriptorFromFlatBuffer.MoveOverloadPopulatesAllFields (0 ms)
2026-05-07T17:22:40.2351723Z [ RUN      ] TestTensorDescriptorFromFlatBuffer.PreservesVirtualFlag
2026-05-07T17:22:40.2351846Z [       OK ] TestTensorDescriptorFromFlatBuffer.PreservesVirtualFlag (0 ms)
2026-05-07T17:22:40.2352001Z [ RUN      ] TestTensorDescriptorFromFlatBuffer.GetAttributeWorksAfterFromFlatBuffer
2026-05-07T17:22:40.2352180Z [       OK ] TestTensorDescriptorFromFlatBuffer.GetAttributeWorksAfterFromFlatBuffer (0 ms)
2026-05-07T17:22:40.2352293Z [ RUN      ] TestTensorDescriptorFromFlatBuffer.FailsWithMissingDims
2026-05-07T17:22:40.2352418Z [       OK ] TestTensorDescriptorFromFlatBuffer.FailsWithMissingDims (0 ms)
2026-05-07T17:22:40.2352539Z [ RUN      ] TestTensorDescriptorFromFlatBuffer.FailsWithMissingStrides
2026-05-07T17:22:40.2352670Z [       OK ] TestTensorDescriptorFromFlatBuffer.FailsWithMissingStrides (0 ms)
2026-05-07T17:22:40.2352798Z [ RUN      ] TestTensorDescriptorFromFlatBuffer.FailsWithUnsetDataType
2026-05-07T17:22:40.2352932Z [       OK ] TestTensorDescriptorFromFlatBuffer.FailsWithUnsetDataType (0 ms)
2026-05-07T17:22:40.2353034Z [ RUN      ] TestTensorDescriptorFromFlatBuffer.PreservesName
2026-05-07T17:22:40.2353152Z [       OK ] TestTensorDescriptorFromFlatBuffer.PreservesName (0 ms)
2026-05-07T17:22:40.2353290Z [ RUN      ] TestTensorDescriptorFromFlatBuffer.RoundTripWithMultipleDataTypes
2026-05-07T17:22:40.2353451Z [       OK ] TestTensorDescriptorFromFlatBuffer.RoundTripWithMultipleDataTypes (0 ms)
2026-05-07T17:22:40.2353561Z [----------] 10 tests from TestTensorDescriptorFromFlatBuffer (0 ms total)
2026-05-07T17:22:40.2353564Z 
2026-05-07T17:22:40.2353655Z [----------] 17 tests from TestConvolutionFwdOperationFromNode
2026-05-07T17:22:40.2353873Z [ RUN      ] TestConvolutionFwdOperationFromNode.CreatesValidFinalizedDescriptor
2026-05-07T17:22:40.2354032Z [       OK ] TestConvolutionFwdOperationFromNode.CreatesValidFinalizedDescriptor (0 ms)
2026-05-07T17:22:40.2354175Z [ RUN      ] TestConvolutionFwdOperationFromNode.NodeFactoryDelegatesCorrectly
2026-05-07T17:22:40.2354329Z [       OK ] TestConvolutionFwdOperationFromNode.NodeFactoryDelegatesCorrectly (0 ms)
2026-05-07T17:22:40.2354456Z [ RUN      ] TestConvolutionFwdOperationFromNode.PreservesComputeDataType
2026-05-07T17:22:40.2354601Z [       OK ] TestConvolutionFwdOperationFromNode.PreservesComputeDataType (0 ms)
2026-05-07T17:22:40.2354714Z [ RUN      ] TestConvolutionFwdOperationFromNode.PreservesConvMode
2026-05-07T17:22:40.2354833Z [       OK ] TestConvolutionFwdOperationFromNode.PreservesConvMode (0 ms)
2026-05-07T17:22:40.2354986Z [ RUN      ] TestConvolutionFwdOperationFromNode.PreservesPaddingStridesDilation
2026-05-07T17:22:40.2355148Z [       OK ] TestConvolutionFwdOperationFromNode.PreservesPaddingStridesDilation (0 ms)
2026-05-07T17:22:40.2355269Z [ RUN      ] TestConvolutionFwdOperationFromNode.SetsTensorReferences
2026-05-07T17:22:40.2355400Z [       OK ] TestConvolutionFwdOperationFromNode.SetsTensorReferences (0 ms)
2026-05-07T17:22:40.2355607Z [ RUN      ] TestConvolutionFwdOperationFromNode.TensorReferencesMatchTensorMap
2026-05-07T17:22:40.2355770Z [       OK ] TestConvolutionFwdOperationFromNode.TensorReferencesMatchTensorMap (0 ms)
2026-05-07T17:22:40.2355897Z [ RUN      ] TestConvolutionFwdOperationFromNode.FailsWithMissingXTensor
2026-05-07T17:22:40.2356033Z [       OK ] TestConvolutionFwdOperationFromNode.FailsWithMissingXTensor (0 ms)
2026-05-07T17:22:40.2356163Z [ RUN      ] TestConvolutionFwdOperationFromNode.FailsWithMissingWTensor
2026-05-07T17:22:40.2356297Z [       OK ] TestConvolutionFwdOperationFromNode.FailsWithMissingWTensor (0 ms)
2026-05-07T17:22:40.2356426Z [ RUN      ] TestConvolutionFwdOperationFromNode.FailsWithMissingYTensor
2026-05-07T17:22:40.2356564Z [       OK ] TestConvolutionFwdOperationFromNode.FailsWithMissingYTensor (0 ms)
2026-05-07T17:22:40.2356730Z [ RUN      ] TestConvolutionFwdOperationFromNode.GetTensorDescriptorsReturnsAllTensors
2026-05-07T17:22:40.2356919Z [       OK ] TestConvolutionFwdOperationFromNode.GetTensorDescriptorsReturnsAllTensors (0 ms)
2026-05-07T17:22:40.2357033Z [ RUN      ] TestConvolutionFwdOperationFromNode.BuildNodeRoundTrip
2026-05-07T17:22:40.2357155Z [       OK ] TestConvolutionFwdOperationFromNode.BuildNodeRoundTrip (0 ms)
2026-05-07T17:22:40.2357302Z [ RUN      ] TestConvolutionFwdOperationFromNode.GetAttributeWorksAfterFromNode
2026-05-07T17:22:40.2357455Z [       OK ] TestConvolutionFwdOperationFromNode.GetAttributeWorksAfterFromNode (0 ms)
2026-05-07T17:22:40.2357577Z [ RUN      ] TestConvolutionFwdOperationFromNode.NamePreservedFromNode
2026-05-07T17:22:40.2357707Z [       OK ] TestConvolutionFwdOperationFromNode.NamePreservedFromNode (0 ms)
2026-05-07T17:22:40.2357836Z [ RUN      ] TestConvolutionFwdOperationFromNode.EmptyNamePreservedFromNode
2026-05-07T17:22:40.2357990Z [       OK ] TestConvolutionFwdOperationFromNode.EmptyNamePreservedFromNode (0 ms)
2026-05-07T17:22:40.2358131Z [ RUN      ] TestConvolutionFwdOperationFromNode.NameSetViaAttributeRoundTrips
2026-05-07T17:22:40.2358289Z [       OK ] TestConvolutionFwdOperationFromNode.NameSetViaAttributeRoundTrips (0 ms)
2026-05-07T17:22:40.2358416Z [ RUN      ] TestConvolutionFwdOperationFromNode.BuildNodePreservesName
2026-05-07T17:22:40.2358551Z [       OK ] TestConvolutionFwdOperationFromNode.BuildNodePreservesName (0 ms)
2026-05-07T17:22:40.2358670Z [----------] 17 tests from TestConvolutionFwdOperationFromNode (0 ms total)
2026-05-07T17:22:40.2358674Z 
2026-05-07T17:22:40.2358736Z [----------] 8 tests from TestNodeFactory
2026-05-07T17:22:40.2358834Z [ RUN      ] TestNodeFactory.CreateOperationFromNodeConvFwd
2026-05-07T17:22:40.2358946Z [       OK ] TestNodeFactory.CreateOperationFromNodeConvFwd (0 ms)
2026-05-07T17:22:40.2359109Z [ RUN      ] TestNodeFactory.CreateOperationFromNodeLayernorm
2026-05-07T17:22:40.2359217Z [       OK ] TestNodeFactory.CreateOperationFromNodeLayernorm (0 ms)
2026-05-07T17:22:40.2359320Z [ RUN      ] TestNodeFactory.CreateOperationFromNodeSdpaBwd
2026-05-07T17:22:40.2359422Z [       OK ] TestNodeFactory.CreateOperationFromNodeSdpaBwd (0 ms)
2026-05-07T17:22:40.2359537Z [ RUN      ] TestNodeFactory.CreateOperationFromNodeUnsupportedType
2026-05-07T17:22:40.2359662Z [       OK ] TestNodeFactory.CreateOperationFromNodeUnsupportedType (0 ms)
2026-05-07T17:22:40.2359742Z [ RUN      ] TestNodeFactory.BuildTensorMapSuccess
2026-05-07T17:22:40.2359837Z [       OK ] TestNodeFactory.BuildTensorMapSuccess (0 ms)
2026-05-07T17:22:40.2359925Z [ RUN      ] TestNodeFactory.BuildTensorMapEmptyVector
2026-05-07T17:22:40.2360018Z [       OK ] TestNodeFactory.BuildTensorMapEmptyVector (0 ms)
2026-05-07T17:22:40.2360107Z [ RUN      ] TestNodeFactory.BuildTensorMapNullTensor
2026-05-07T17:22:40.2360198Z [       OK ] TestNodeFactory.BuildTensorMapNullTensor (0 ms)
2026-05-07T17:22:40.2360286Z [ RUN      ] TestNodeFactory.BuildTensorMapDuplicateUID
2026-05-07T17:22:40.2360384Z [       OK ] TestNodeFactory.BuildTensorMapDuplicateUID (0 ms)
2026-05-07T17:22:40.2360517Z [----------] 8 tests from TestNodeFactory (0 ms total)
2026-05-07T17:22:40.2360521Z 
2026-05-07T17:22:40.2360629Z [----------] 6 tests from TestVariantPackDescriptorWhenInitialized
2026-05-07T17:22:40.2360755Z [ RUN      ] TestVariantPackDescriptorWhenInitialized.ValidSetAttributes
2026-05-07T17:22:40.2360891Z [       OK ] TestVariantPackDescriptorWhenInitialized.ValidSetAttributes (0 ms)
2026-05-07T17:22:40.2361077Z [ RUN      ] TestVariantPackDescriptorWhenInitialized.ValidSetAndGetBeforeFinalAttributes
2026-05-07T17:22:40.2361273Z [       OK ] TestVariantPackDescriptorWhenInitialized.ValidSetAndGetBeforeFinalAttributes (0 ms)
2026-05-07T17:22:40.2361406Z [ RUN      ] TestVariantPackDescriptorWhenInitialized.InvalidSetAttributes
2026-05-07T17:22:40.2361550Z [       OK ] TestVariantPackDescriptorWhenInitialized.InvalidSetAttributes (0 ms)
2026-05-07T17:22:40.2361680Z [ RUN      ] TestVariantPackDescriptorWhenInitialized.InvalidFinalizeCounts
2026-05-07T17:22:40.2361831Z [       OK ] TestVariantPackDescriptorWhenInitialized.InvalidFinalizeCounts (0 ms)
2026-05-07T17:22:40.2361976Z [ RUN      ] TestVariantPackDescriptorWhenInitialized.InvalidFinalizeUnsetParams
2026-05-07T17:22:40.2362175Z [       OK ] TestVariantPackDescriptorWhenInitialized.InvalidFinalizeUnsetParams (0 ms)
2026-05-07T17:22:40.2362352Z [ RUN      ] TestVariantPackDescriptorWhenInitialized.InvalidGetAttributeNotFinalized
2026-05-07T17:22:40.2362541Z [       OK ] TestVariantPackDescriptorWhenInitialized.InvalidGetAttributeNotFinalized (0 ms)
2026-05-07T17:22:40.2362672Z [----------] 6 tests from TestVariantPackDescriptorWhenInitialized (0 ms total)
2026-05-07T17:22:40.2362675Z 
2026-05-07T17:22:40.2362776Z [----------] 3 tests from TestVariantPackDescriptorWhenFinalized
2026-05-07T17:22:40.2362904Z [ RUN      ] TestVariantPackDescriptorWhenFinalized.InvalidSetAttribute
2026-05-07T17:22:40.2363045Z [       OK ] TestVariantPackDescriptorWhenFinalized.InvalidSetAttribute (0 ms)
2026-05-07T17:22:40.2363170Z [ RUN      ] TestVariantPackDescriptorWhenFinalized.ValidGetAttributes
2026-05-07T17:22:40.2363303Z [       OK ] TestVariantPackDescriptorWhenFinalized.ValidGetAttributes (0 ms)
2026-05-07T17:22:40.2363437Z [ RUN      ] TestVariantPackDescriptorWhenFinalized.InvalidGetAttributes
2026-05-07T17:22:40.2363578Z [       OK ] TestVariantPackDescriptorWhenFinalized.InvalidGetAttributes (0 ms)
2026-05-07T17:22:40.2363700Z [----------] 3 tests from TestVariantPackDescriptorWhenFinalized (0 ms total)
2026-05-07T17:22:40.2363704Z 
2026-05-07T17:22:40.2363788Z [----------] 49 tests from TestEnginePluginResourceManager
2026-05-07T17:22:40.2363884Z [ RUN      ] TestEnginePluginResourceManager.PluginLoading
2026-05-07T17:22:40.2364062Z [       OK ] TestEnginePluginResourceManager.PluginLoading (0 ms)
2026-05-07T17:22:40.2364147Z [ RUN      ] TestEnginePluginResourceManager.SetStream
2026-05-07T17:22:40.2364240Z [       OK ] TestEnginePluginResourceManager.SetStream (0 ms)
2026-05-07T17:22:40.2364424Z [ RUN      ] TestEnginePluginResourceManager.StaticPluginPathManagementSetAndGetSinglePath
2026-05-07T17:22:40.2364618Z [       OK ] TestEnginePluginResourceManager.StaticPluginPathManagementSetAndGetSinglePath (0 ms)
2026-05-07T17:22:40.2364810Z [ RUN      ] TestEnginePluginResourceManager.StaticPluginPathManagementSetAndGetMultiplePaths
2026-05-07T17:22:40.2365016Z [       OK ] TestEnginePluginResourceManager.StaticPluginPathManagementSetAndGetMultiplePaths (0 ms)
2026-05-07T17:22:40.2365192Z [ RUN      ] TestEnginePluginResourceManager.StaticPluginPathManagementAdditiveLoadingMode
2026-05-07T17:22:40.2365387Z [       OK ] TestEnginePluginResourceManager.StaticPluginPathManagementAdditiveLoadingMode (0 ms)
2026-05-07T17:22:40.2365618Z [ RUN      ] TestEnginePluginResourceManager.StaticPluginPathManagementAbsoluteLoadingModeReplacesExisting
2026-05-07T17:22:40.2365869Z [       OK ] TestEnginePluginResourceManager.StaticPluginPathManagementAbsoluteLoadingModeReplacesExisting (0 ms)
2026-05-07T17:22:40.2366105Z [ RUN      ] TestEnginePluginResourceManager.StaticPluginPathManagementEmptyPathsClearing
2026-05-07T17:22:40.2366293Z [       OK ] TestEnginePluginResourceManager.StaticPluginPathManagementEmptyPathsClearing (0 ms)
2026-05-07T17:22:40.2366399Z [ RUN      ] TestEnginePluginResourceManager.MoveConstructor
2026-05-07T17:22:40.2366506Z [       OK ] TestEnginePluginResourceManager.MoveConstructor (0 ms)
2026-05-07T17:22:40.2366599Z [ RUN      ] TestEnginePluginResourceManager.MoveAssignment
2026-05-07T17:22:40.2366705Z [       OK ] TestEnginePluginResourceManager.MoveAssignment (0 ms)
2026-05-07T17:22:40.2366805Z [ RUN      ] TestEnginePluginResourceManager.SelfMoveAssignment
2026-05-07T17:22:40.2366922Z [       OK ] TestEnginePluginResourceManager.SelfMoveAssignment (0 ms)
2026-05-07T17:22:40.2367047Z [ RUN      ] TestEnginePluginResourceManager.RapidCreationDestruction
2026-05-07T17:22:40.2367177Z [       OK ] TestEnginePluginResourceManager.RapidCreationDestruction (2 ms)
2026-05-07T17:22:40.2367320Z [ RUN      ] TestEnginePluginResourceManager.ConcurrentCreationAndPublicMethods
2026-05-07T17:22:40.2367483Z [       OK ] TestEnginePluginResourceManager.ConcurrentCreationAndPublicMethods (5 ms)
2026-05-07T17:22:40.2367644Z [ RUN      ] TestEnginePluginResourceManager.GetApplicableEngineIdsNullGraphDescriptor
2026-05-07T17:22:40.2367829Z [       OK ] TestEnginePluginResourceManager.GetApplicableEngineIdsNullGraphDescriptor (0 ms)
2026-05-07T17:22:40.2367919Z [ RUN      ] TestEnginePluginResourceManager.SetNullStream
2026-05-07T17:22:40.2368017Z [       OK ] TestEnginePluginResourceManager.SetNullStream (0 ms)
2026-05-07T17:22:40.2368178Z [ RUN      ] TestEnginePluginResourceManager.GetApplicableEngineIdsWithLoadedPlugin
2026-05-07T17:22:40.2368348Z [       OK ] TestEnginePluginResourceManager.GetApplicableEngineIdsWithLoadedPlugin (0 ms)
2026-05-07T17:22:40.2368455Z [ RUN      ] TestEnginePluginResourceManager.GetWorkspaceSize
2026-05-07T17:22:40.2368564Z [       OK ] TestEnginePluginResourceManager.GetWorkspaceSize (0 ms)
2026-05-07T17:22:40.2368710Z [ RUN      ] TestEnginePluginResourceManager.GetWorkspaceSizeFromExecutionContext
2026-05-07T17:22:40.2368878Z [       OK ] TestEnginePluginResourceManager.GetWorkspaceSizeFromExecutionContext (0 ms)
2026-05-07T17:22:40.2368974Z [ RUN      ] TestEnginePluginResourceManager.GetEngineDetails
2026-05-07T17:22:40.2369080Z [       OK ] TestEnginePluginResourceManager.GetEngineDetails (0 ms)
2026-05-07T17:22:40.2369197Z [ RUN      ] TestEnginePluginResourceManager.CreateExecutionContext
2026-05-07T17:22:40.2369320Z [       OK ] TestEnginePluginResourceManager.CreateExecutionContext (0 ms)
2026-05-07T17:22:40.2369481Z [ RUN      ] TestEnginePluginResourceManager.CreateExecutionContextWithInvalidEngineId
2026-05-07T17:22:40.2369967Z [       OK ] TestEnginePluginResourceManager.CreateExecutionContextWithInvalidEngineId (0 ms)
2026-05-07T17:22:40.2370105Z [ RUN      ] TestEnginePluginResourceManager.ExecuteOpGraphWithNullParameters
2026-05-07T17:22:40.2370264Z [       OK ] TestEnginePluginResourceManager.ExecuteOpGraphWithNullParameters (0 ms)
2026-05-07T17:22:40.2370459Z [ RUN      ] TestEnginePluginResourceManager.SerializeExecutionContextFailsForUnsupportedPlugin
2026-05-07T17:22:40.2370668Z [       OK ] TestEnginePluginResourceManager.SerializeExecutionContextFailsForUnsupportedPlugin (0 ms)
2026-05-07T17:22:40.2370869Z [ RUN      ] TestEnginePluginResourceManager.SerializeExecutionContextRejectsNullPluginPayload
2026-05-07T17:22:40.2371072Z [       OK ] TestEnginePluginResourceManager.SerializeExecutionContextRejectsNullPluginPayload (0 ms)
2026-05-07T17:22:40.2371268Z [ RUN      ] TestEnginePluginResourceManager.SerializeExecutionContextRejectsEmptyPluginPayload
2026-05-07T17:22:40.2371481Z [       OK ] TestEnginePluginResourceManager.SerializeExecutionContextRejectsEmptyPluginPayload (0 ms)
2026-05-07T17:22:40.2371651Z [ RUN      ] TestEnginePluginResourceManager.SerializeExecutionContextCopiesPluginPayload
2026-05-07T17:22:40.2372013Z [       OK ] TestEnginePluginResourceManager.SerializeExecutionContextCopiesPluginPayload (0 ms)
2026-05-07T17:22:40.2372187Z [ RUN      ] TestEnginePluginResourceManager.SerializeExecutionContextRejectsInvalidInputs
2026-05-07T17:22:40.2372393Z [       OK ] TestEnginePluginResourceManager.SerializeExecutionContextRejectsInvalidInputs (0 ms)
2026-05-07T17:22:40.2372635Z [ RUN      ] TestEnginePluginResourceManager.CreateExecutionContextFromSerializedFailsForUnsupportedPlugin
2026-05-07T17:22:40.2372887Z [       OK ] TestEnginePluginResourceManager.CreateExecutionContextFromSerializedFailsForUnsupportedPlugin (0 ms)
2026-05-07T17:22:40.2373121Z [ RUN      ] TestEnginePluginResourceManager.CreateExecutionContextFromSerializedPropagatesPluginFailure
2026-05-07T17:22:40.2373379Z [       OK ] TestEnginePluginResourceManager.CreateExecutionContextFromSerializedPropagatesPluginFailure (0 ms)
2026-05-07T17:22:40.2373531Z [ RUN      ] TestEnginePluginResourceManager.ExecuteOpGraphFailNonFinalizedPlan
2026-05-07T17:22:40.2373701Z [       OK ] TestEnginePluginResourceManager.ExecuteOpGraphFailNonFinalizedPlan (0 ms)
2026-05-07T17:22:40.2373856Z [ RUN      ] TestEnginePluginResourceManager.ExecuteOpGraphFailNonFinalizedVariant
2026-05-07T17:22:40.2374041Z [       OK ] TestEnginePluginResourceManager.ExecuteOpGraphFailNonFinalizedVariant (0 ms)
2026-05-07T17:22:40.2374182Z [ RUN      ] TestEnginePluginResourceManager.ExecuteOpGraphFailTensorMismatch
2026-05-07T17:22:40.2374339Z [       OK ] TestEnginePluginResourceManager.ExecuteOpGraphFailTensorMismatch (0 ms)
2026-05-07T17:22:40.2374513Z [ RUN      ] TestEnginePluginResourceManager.ExecuteOpGraphSuccessWithValidDescriptors
2026-05-07T17:22:40.2374698Z [       OK ] TestEnginePluginResourceManager.ExecuteOpGraphSuccessWithValidDescriptors (0 ms)
2026-05-07T17:22:40.2374810Z [ RUN      ] TestEnginePluginResourceManager.GetLoadedPluginFiles
2026-05-07T17:22:40.2374939Z [       OK ] TestEnginePluginResourceManager.GetLoadedPluginFiles (0 ms)
2026-05-07T17:22:40.2375080Z [ RUN      ] TestEnginePluginResourceManager.GetWorkspaceSizeNullEngineConfig
2026-05-07T17:22:40.2375240Z [       OK ] TestEnginePluginResourceManager.GetWorkspaceSizeNullEngineConfig (0 ms)
2026-05-07T17:22:40.2375436Z [ RUN      ] TestEnginePluginResourceManager.GetWorkspaceSizeThrowsExceptionForInvalidEngineId
2026-05-07T17:22:40.2375644Z [       OK ] TestEnginePluginResourceManager.GetWorkspaceSizeThrowsExceptionForInvalidEngineId (0 ms)
2026-05-07T17:22:40.2375868Z [ RUN      ] TestEnginePluginResourceManager.GetWorkspaceSizeFromExecutionContextNullExecutionContext
2026-05-07T17:22:40.2376104Z [       OK ] TestEnginePluginResourceManager.GetWorkspaceSizeFromExecutionContextNullExecutionContext (0 ms)
2026-05-07T17:22:40.2376635Z [ RUN      ] TestEnginePluginResourceManager.GetWorkspaceSizeFromExecutionContextThrowsExceptionForInvalidEngineId
2026-05-07T17:22:40.2376912Z [       OK ] TestEnginePluginResourceManager.GetWorkspaceSizeFromExecutionContextThrowsExceptionForInvalidEngineId (0 ms)
2026-05-07T17:22:40.2377071Z [ RUN      ] TestEnginePluginResourceManager.SetPluginPathsWithActiveResourceManager
2026-05-07T17:22:40.2377254Z [       OK ] TestEnginePluginResourceManager.SetPluginPathsWithActiveResourceManager (0 ms)
2026-05-07T17:22:40.2377476Z [ RUN      ] TestEnginePluginResourceManager.ConstructorSkipsPluginWhenCreateHandleThrowsHipdnnException
2026-05-07T17:22:40.2377722Z [       OK ] TestEnginePluginResourceManager.ConstructorSkipsPluginWhenCreateHandleThrowsHipdnnException (0 ms)
2026-05-07T17:22:40.2377945Z [ RUN      ] TestEnginePluginResourceManager.ConstructorSkipsPluginWhenCreateHandleThrowsStdException
2026-05-07T17:22:40.2378179Z [       OK ] TestEnginePluginResourceManager.ConstructorSkipsPluginWhenCreateHandleThrowsStdException (0 ms)
2026-05-07T17:22:40.2378380Z [ RUN      ] TestEnginePluginResourceManager.ConstructorSkipsPluginWhenCreateHandleReturnsNull
2026-05-07T17:22:40.2378585Z [       OK ] TestEnginePluginResourceManager.ConstructorSkipsPluginWhenCreateHandleReturnsNull (0 ms)
2026-05-07T17:22:40.2378904Z [ RUN      ] TestEnginePluginResourceManager.ConstructorSkipsPluginOnHandleCollision
2026-05-07T17:22:40.2379086Z [       OK ] TestEnginePluginResourceManager.ConstructorSkipsPluginOnHandleCollision (0 ms)
2026-05-07T17:22:40.2379268Z [ RUN      ] TestEnginePluginResourceManager.ConstructorSkipsPluginWhenGetAllEngineIdsThrows
2026-05-07T17:22:40.2379479Z [       OK ] TestEnginePluginResourceManager.ConstructorSkipsPluginWhenGetAllEngineIdsThrows (0 ms)
2026-05-07T17:22:40.2379670Z [ RUN      ] TestEnginePluginResourceManager.ConstructorContinuesAfterBadPluginWithGoodPlugin
2026-05-07T17:22:40.2379877Z [       OK ] TestEnginePluginResourceManager.ConstructorContinuesAfterBadPluginWithGoodPlugin (0 ms)
2026-05-07T17:22:40.2380012Z [ RUN      ] TestEnginePluginResourceManager.GetEngineInfosSinglePlugin
2026-05-07T17:22:40.2380150Z [       OK ] TestEnginePluginResourceManager.GetEngineInfosSinglePlugin (0 ms)
2026-05-07T17:22:40.2380287Z [ RUN      ] TestEnginePluginResourceManager.GetEngineInfosMultiplePlugins
2026-05-07T17:22:40.2380439Z [       OK ] TestEnginePluginResourceManager.GetEngineInfosMultiplePlugins (0 ms)
2026-05-07T17:22:40.2380554Z [ RUN      ] TestEnginePluginResourceManager.GetEngineInfosNoPlugins
2026-05-07T17:22:40.2380684Z [       OK ] TestEnginePluginResourceManager.GetEngineInfosNoPlugins (0 ms)
2026-05-07T17:22:40.2380821Z [ RUN      ] TestEnginePluginResourceManager.GetEngineInfosNullPluginManager
2026-05-07T17:22:40.2380969Z [       OK ] TestEnginePluginResourceManager.GetEngineInfosNullPluginManager (0 ms)
2026-05-07T17:22:40.2381122Z [ RUN      ] TestEnginePluginResourceManager.ConstructorHandlesMultipleBadPlugins
2026-05-07T17:22:40.2381285Z [       OK ] TestEnginePluginResourceManager.ConstructorHandlesMultipleBadPlugins (0 ms)
2026-05-07T17:22:40.2381395Z [----------] 49 tests from TestEnginePluginResourceManager (11 ms total)
2026-05-07T17:22:40.2381402Z 
2026-05-07T17:22:40.2381497Z [----------] 3 tests from TestExecutionPlanSerializationApi
2026-05-07T17:22:40.2381686Z [ RUN      ] TestExecutionPlanSerializationApi.GetSerializedExecutionPlanRejectsNullDescriptor
2026-05-07T17:22:40.2381905Z [       OK ] TestExecutionPlanSerializationApi.GetSerializedExecutionPlanRejectsNullDescriptor (0 ms)
2026-05-07T17:22:40.2382144Z [ RUN      ] TestExecutionPlanSerializationApi.CreateAndDeserializeExecutionPlanRejectsNullHandle
2026-05-07T17:22:40.2382359Z [       OK ] TestExecutionPlanSerializationApi.CreateAndDeserializeExecutionPlanRejectsNullHandle (0 ms)
2026-05-07T17:22:40.2382584Z [ RUN      ] TestExecutionPlanSerializationApi.CreateAndDeserializeExecutionPlanRejectsNullDescriptor
2026-05-07T17:22:40.2383078Z [       OK ] TestExecutionPlanSerializationApi.CreateAndDeserializeExecutionPlanRejectsNullDescriptor (0 ms)
2026-05-07T17:22:40.2383194Z [----------] 3 tests from TestExecutionPlanSerializationApi (0 ms total)
2026-05-07T17:22:40.2383197Z 
2026-05-07T17:22:40.2383270Z [----------] 8 tests from TestLastErrorManager
2026-05-07T17:22:40.2383356Z [ RUN      ] TestLastErrorManager.StaticSetLastError
2026-05-07T17:22:40.2383453Z [       OK ] TestLastErrorManager.StaticSetLastError (0 ms)
2026-05-07T17:22:40.2383555Z [ RUN      ] TestLastErrorManager.ErrorCStringMessagePerThread
2026-05-07T17:22:40.2383667Z [       OK ] TestLastErrorManager.ErrorCStringMessagePerThread (0 ms)
2026-05-07T17:22:40.2383781Z [ RUN      ] TestLastErrorManager.ErrorSTDStringMessagePerThread
2026-05-07T17:22:40.2383897Z [       OK ] TestLastErrorManager.ErrorSTDStringMessagePerThread (0 ms)
2026-05-07T17:22:40.2384038Z [ RUN      ] TestLastErrorManager.SetSuccessSTDStringDoesNotSetErrorMessage
2026-05-07T17:22:40.2384186Z [       OK ] TestLastErrorManager.SetSuccessSTDStringDoesNotSetErrorMessage (0 ms)
2026-05-07T17:22:40.2384315Z [ RUN      ] TestLastErrorManager.SetSuccessCStringDoesNotSetErrorMessage
2026-05-07T17:22:40.2384461Z [       OK ] TestLastErrorManager.SetSuccessCStringDoesNotSetErrorMessage (0 ms)
2026-05-07T17:22:40.2384720Z [ RUN      ] TestLastErrorManager.ClearLastErrorEmptiesBuffer
2026-05-07T17:22:40.2384828Z [       OK ] TestLastErrorManager.ClearLastErrorEmptiesBuffer (0 ms)
2026-05-07T17:22:40.2384933Z [ RUN      ] TestLastErrorManager.ClearLastErrorIsThreadLocal
2026-05-07T17:22:40.2385039Z [       OK ] TestLastErrorManager.ClearLastErrorIsThreadLocal (0 ms)
2026-05-07T17:22:40.2385124Z [ RUN      ] TestLastErrorManager.MultipleClears
2026-05-07T17:22:40.2385212Z [       OK ] TestLastErrorManager.MultipleClears (0 ms)
2026-05-07T17:22:40.2385294Z [----------] 8 tests from TestLastErrorManager (0 ms total)
2026-05-07T17:22:40.2385297Z 
2026-05-07T17:22:40.2385382Z [----------] 12 tests from TestBackendEnumStringUtils
2026-05-07T17:22:40.2385498Z [ RUN      ] TestBackendEnumStringUtils.GetBackendDescriptorTypeName
2026-05-07T17:22:40.2385629Z [       OK ] TestBackendEnumStringUtils.GetBackendDescriptorTypeName (0 ms)
2026-05-07T17:22:40.2385739Z [ RUN      ] TestBackendEnumStringUtils.GetBackendAttributeName
2026-05-07T17:22:40.2385856Z [       OK ] TestBackendEnumStringUtils.GetBackendAttributeName (0 ms)
2026-05-07T17:22:40.2385962Z [ RUN      ] TestBackendEnumStringUtils.GetOperationTypeString
2026-05-07T17:22:40.2386074Z [       OK ] TestBackendEnumStringUtils.GetOperationTypeString (0 ms)
2026-05-07T17:22:40.2386158Z [ RUN      ] TestBackendEnumStringUtils.GetStatusString
2026-05-07T17:22:40.2386256Z [       OK ] TestBackendEnumStringUtils.GetStatusString (0 ms)
2026-05-07T17:22:40.2386359Z [ RUN      ] TestBackendEnumStringUtils.GetAttributeTypeString
2026-05-07T17:22:40.2386471Z [       OK ] TestBackendEnumStringUtils.GetAttributeTypeString (0 ms)
2026-05-07T17:22:40.2386593Z [ RUN      ] TestBackendEnumStringUtils.GetPluginLoadingModeString
2026-05-07T17:22:40.2386718Z [       OK ] TestBackendEnumStringUtils.GetPluginLoadingModeString (0 ms)
2026-05-07T17:22:40.2386814Z [ RUN      ] TestBackendEnumStringUtils.GetDataTypeString
2026-05-07T17:22:40.2386914Z [       OK ] TestBackendEnumStringUtils.GetDataTypeString (0 ms)
2026-05-07T17:22:40.2387025Z [ RUN      ] TestBackendEnumStringUtils.GetPluginUnloadingModeString
2026-05-07T17:22:40.2387157Z [       OK ] TestBackendEnumStringUtils.GetPluginUnloadingModeString (0 ms)
2026-05-07T17:22:40.2387259Z [ RUN      ] TestBackendEnumStringUtils.GetConvolutionModeString
2026-05-07T17:22:40.2387374Z [       OK ] TestBackendEnumStringUtils.GetConvolutionModeString (0 ms)
2026-05-07T17:22:40.2387479Z [ RUN      ] TestBackendEnumStringUtils.GetPointwiseModeString
2026-05-07T17:22:40.2387591Z [       OK ] TestBackendEnumStringUtils.GetPointwiseModeString (0 ms)
2026-05-07T17:22:40.2387696Z [ RUN      ] TestBackendEnumStringUtils.GetReduceTensorOpString
2026-05-07T17:22:40.2388075Z [       OK ] TestBackendEnumStringUtils.GetReduceTensorOpString (0 ms)
2026-05-07T17:22:40.2388172Z [ RUN      ] TestBackendEnumStringUtils.GetNormFwdPhaseString
2026-05-07T17:22:40.2388284Z [       OK ] TestBackendEnumStringUtils.GetNormFwdPhaseString (0 ms)
2026-05-07T17:22:40.2388382Z [----------] 12 tests from TestBackendEnumStringUtils (0 ms total)
2026-05-07T17:22:40.2388386Z 
2026-05-07T17:22:40.2388460Z [----------] 5 tests from TestFlatbufferUtilities
2026-05-07T17:22:40.2388591Z [ RUN      ] TestFlatbufferUtilities.WillCorrectlyUnpackValidGraphBuffer
2026-05-07T17:22:40.2388732Z [       OK ] TestFlatbufferUtilities.WillCorrectlyUnpackValidGraphBuffer (0 ms)
2026-05-07T17:22:40.2388887Z [ RUN      ] TestFlatbufferUtilities.WillStillHaveValidGraphAfterBuilderDestructs
2026-05-07T17:22:40.2389050Z [       OK ] TestFlatbufferUtilities.WillStillHaveValidGraphAfterBuilderDestructs (0 ms)
2026-05-07T17:22:40.2389146Z [ RUN      ] TestFlatbufferUtilities.WillNotUnpackNullBuffer
2026-05-07T17:22:40.2389257Z [       OK ] TestFlatbufferUtilities.WillNotUnpackNullBuffer (0 ms)
2026-05-07T17:22:40.2389358Z [ RUN      ] TestFlatbufferUtilities.WillNotUnpackInvalidBuffer
2026-05-07T17:22:40.2389470Z [       OK ] TestFlatbufferUtilities.WillNotUnpackInvalidBuffer (0 ms)
2026-05-07T17:22:40.2389737Z [ RUN      ] TestFlatbufferUtilities.WillNotUnpackWrongSizeBuffer
2026-05-07T17:22:40.2389854Z [       OK ] TestFlatbufferUtilities.WillNotUnpackWrongSizeBuffer (0 ms)
2026-05-07T17:22:40.2389943Z [----------] 5 tests from TestFlatbufferUtilities (0 ms total)
2026-05-07T17:22:40.2389950Z 
2026-05-07T17:22:40.2390013Z [----------] 1 test from TestHandle
2026-05-07T17:22:40.2390083Z [ RUN      ] TestHandle.DefaultStreamIsNull
2026-05-07T17:22:40.2390161Z [       OK ] TestHandle.DefaultStreamIsNull (0 ms)
2026-05-07T17:22:40.2390230Z [----------] 1 test from TestHandle (0 ms total)
2026-05-07T17:22:40.2390234Z 
2026-05-07T17:22:40.2390292Z [----------] 2 tests from TestGpuHandle
2026-05-07T17:22:40.2390367Z [ RUN      ] TestGpuHandle.SetAndGetStream
2026-05-07T17:22:40.2390444Z [       OK ] TestGpuHandle.SetAndGetStream (142 ms)
2026-05-07T17:22:40.2390510Z [ RUN      ] TestGpuHandle.SetStreamToNull
2026-05-07T17:22:40.2390591Z [       OK ] TestGpuHandle.SetStreamToNull (8 ms)
2026-05-07T17:22:40.2390666Z [----------] 2 tests from TestGpuHandle (151 ms total)
2026-05-07T17:22:40.2390669Z 
2026-05-07T17:22:40.2390733Z [----------] 3 tests from TestHelpers
2026-05-07T17:22:40.2390798Z [ RUN      ] TestHelpers.TryCatchSuccess
2026-05-07T17:22:40.2390872Z [       OK ] TestHelpers.TryCatchSuccess (0 ms)
2026-05-07T17:22:40.2390942Z [ RUN      ] TestHelpers.TryCatchException
2026-05-07T17:22:40.2391017Z [       OK ] TestHelpers.TryCatchException (0 ms)
2026-05-07T17:22:40.2391093Z [ RUN      ] TestHelpers.TryCatchUnknownException
2026-05-07T17:22:40.2391185Z [       OK ] TestHelpers.TryCatchUnknownException (0 ms)
2026-05-07T17:22:40.2391253Z [----------] 3 tests from TestHelpers (0 ms total)
2026-05-07T17:22:40.2391257Z 
2026-05-07T17:22:40.2391343Z [----------] 14 tests from IntegrationHeuristicPlugin
2026-05-07T17:22:40.2391485Z [ RUN      ] IntegrationHeuristicPlugin.CompleteHandleLifecycleWithGoodPlugin
2026-05-07T17:22:40.2391647Z [       OK ] IntegrationHeuristicPlugin.CompleteHandleLifecycleWithGoodPlugin (227 ms)
2026-05-07T17:22:40.2391766Z [ RUN      ] IntegrationHeuristicPlugin.SetDevicePropertiesOnHandle
2026-05-07T17:22:40.2391888Z [       OK ] IntegrationHeuristicPlugin.SetDevicePropertiesOnHandle (8 ms)
2026-05-07T17:22:40.2392014Z [ RUN      ] IntegrationHeuristicPlugin.SetDevicePropertiesOnAllHandles
2026-05-07T17:22:40.2392154Z [       OK ] IntegrationHeuristicPlugin.SetDevicePropertiesOnAllHandles (7 ms)
2026-05-07T17:22:40.2392318Z [ RUN      ] IntegrationHeuristicPlugin.CompleteWorkflowWithDevicePropertiesAndFinalize
2026-05-07T17:22:40.2392507Z [       OK ] IntegrationHeuristicPlugin.CompleteWorkflowWithDevicePropertiesAndFinalize (7 ms)
2026-05-07T17:22:40.2392888Z [ RUN      ] IntegrationHeuristicPlugin.GetPluginTypeFromLoadedPlugin
2026-05-07T17:22:40.2393019Z [       OK ] IntegrationHeuristicPlugin.GetPluginTypeFromLoadedPlugin (7 ms)
2026-05-07T17:22:40.2393165Z [ RUN      ] IntegrationHeuristicPlugin.GetLoadedPluginFilesReturnsCorrectCount
2026-05-07T17:22:40.2393326Z [       OK ] IntegrationHeuristicPlugin.GetLoadedPluginFilesReturnsCorrectCount (7 ms)
2026-05-07T17:22:40.2393457Z [ RUN      ] IntegrationHeuristicPlugin.ToStringContainsPluginInformation
2026-05-07T17:22:40.2393610Z [       OK ] IntegrationHeuristicPlugin.ToStringContainsPluginInformation (7 ms)
2026-05-07T17:22:40.2393738Z [ RUN      ] IntegrationHeuristicPlugin.MultipleDescriptorsFromSameHandle
2026-05-07T17:22:40.2393887Z [       OK ] IntegrationHeuristicPlugin.MultipleDescriptorsFromSameHandle (7 ms)
2026-05-07T17:22:40.2394037Z [ RUN      ] IntegrationHeuristicPlugin.SetDevicePropertiesHandlesPluginFailures
2026-05-07T17:22:40.2394202Z [       OK ] IntegrationHeuristicPlugin.SetDevicePropertiesHandlesPluginFailures (7 ms)
2026-05-07T17:22:40.2394379Z [ RUN      ] IntegrationHeuristicPlugin.SetPluginLogLevelHandlesMissingOptionalFunction
2026-05-07T17:22:40.2394574Z [       OK ] IntegrationHeuristicPlugin.SetPluginLogLevelHandlesMissingOptionalFunction (7 ms)
2026-05-07T17:22:40.2394868Z [ RUN      ] IntegrationHeuristicPlugin.FinalizeWithEmptyEngineIdsSucceeds
2026-05-07T17:22:40.2395022Z [       OK ] IntegrationHeuristicPlugin.FinalizeWithEmptyEngineIdsSucceeds (8 ms)
2026-05-07T17:22:40.2395169Z [ RUN      ] IntegrationHeuristicPlugin.MultipleGetHandleCallsReturnSameHandle
2026-05-07T17:22:40.2395330Z [       OK ] IntegrationHeuristicPlugin.MultipleGetHandleCallsReturnSameHandle (8 ms)
2026-05-07T17:22:40.2395470Z [ RUN      ] IntegrationHeuristicPlugin.MultipleGetPluginCallsReturnSamePlugin
2026-05-07T17:22:40.2395625Z [       OK ] IntegrationHeuristicPlugin.MultipleGetPluginCallsReturnSamePlugin (9 ms)
2026-05-07T17:22:40.2395769Z [ RUN      ] IntegrationHeuristicPlugin.SetDevicePropertiesWithNoPluginsLoaded
2026-05-07T17:22:40.2395924Z [       OK ] IntegrationHeuristicPlugin.SetDevicePropertiesWithNoPluginsLoaded (0 ms)
2026-05-07T17:22:40.2396025Z [----------] 14 tests from IntegrationHeuristicPlugin (325 ms total)
2026-05-07T17:22:40.2396037Z 
2026-05-07T17:22:40.2396134Z [----------] 7 tests from IntegrationHeuristicPluginLoadedGood
2026-05-07T17:22:40.2396280Z [ RUN      ] IntegrationHeuristicPluginLoadedGood.LoadedPluginCanQueryApiVersion
2026-05-07T17:22:40.2396445Z [       OK ] IntegrationHeuristicPluginLoadedGood.LoadedPluginCanQueryApiVersion (0 ms)
2026-05-07T17:22:40.2396584Z [ RUN      ] IntegrationHeuristicPluginLoadedGood.LoadedPluginCanQueryPolicyId
2026-05-07T17:22:40.2396739Z [       OK ] IntegrationHeuristicPluginLoadedGood.LoadedPluginCanQueryPolicyId (0 ms)
2026-05-07T17:22:40.2396888Z [ RUN      ] IntegrationHeuristicPluginLoadedGood.LoadedPluginCanQueryPluginName
2026-05-07T17:22:40.2397046Z [       OK ] IntegrationHeuristicPluginLoadedGood.LoadedPluginCanQueryPluginName (0 ms)
2026-05-07T17:22:40.2397194Z [ RUN      ] IntegrationHeuristicPluginLoadedGood.LoadedPluginCanQueryPolicyName
2026-05-07T17:22:40.2397357Z [       OK ] IntegrationHeuristicPluginLoadedGood.LoadedPluginCanQueryPolicyName (0 ms)
2026-05-07T17:22:40.2397514Z [ RUN      ] IntegrationHeuristicPluginLoadedGood.LoadedPluginCanQueryPluginVersion
2026-05-07T17:22:40.2397690Z [       OK ] IntegrationHeuristicPluginLoadedGood.LoadedPluginCanQueryPluginVersion (0 ms)
2026-05-07T17:22:40.2397848Z [ RUN      ] IntegrationHeuristicPluginLoadedGood.LoadedPluginCanGetSortedEngineIds
2026-05-07T17:22:40.2398031Z [       OK ] IntegrationHeuristicPluginLoadedGood.LoadedPluginCanGetSortedEngineIds (0 ms)
2026-05-07T17:22:40.2398173Z [ RUN      ] IntegrationHeuristicPluginLoadedGood.RealPluginCachesPolicyIds
2026-05-07T17:22:40.2398323Z [       OK ] IntegrationHeuristicPluginLoadedGood.RealPluginCachesPolicyIds (0 ms)
2026-05-07T17:22:40.2398445Z [----------] 7 tests from IntegrationHeuristicPluginLoadedGood (3 ms total)
2026-05-07T17:22:40.2398448Z 
2026-05-07T17:22:40.2398812Z [----------] 3 tests from IntegrationHeuristicPluginLoadedNoOptional
2026-05-07T17:22:40.2399007Z [ RUN      ] IntegrationHeuristicPluginLoadedNoOptional.PluginWithoutOptionalPolicyNameHasName
2026-05-07T17:22:40.2399227Z [       OK ] IntegrationHeuristicPluginLoadedNoOptional.PluginWithoutOptionalPolicyNameHasName (0 ms)
2026-05-07T17:22:40.2399422Z [ RUN      ] IntegrationHeuristicPluginLoadedNoOptional.PluginWithoutOptionalSetLogLevelSucceeds
2026-05-07T17:22:40.2399662Z [       OK ] IntegrationHeuristicPluginLoadedNoOptional.PluginWithoutOptionalSetLogLevelSucceeds (0 ms)
2026-05-07T17:22:40.2399878Z [ RUN      ] IntegrationHeuristicPluginLoadedNoOptional.PluginWithoutOptionalCanStillExecuteWorkflow
2026-05-07T17:22:40.2400113Z [       OK ] IntegrationHeuristicPluginLoadedNoOptional.PluginWithoutOptionalCanStillExecuteWorkflow (0 ms)
2026-05-07T17:22:40.2400249Z [----------] 3 tests from IntegrationHeuristicPluginLoadedNoOptional (1 ms total)
2026-05-07T17:22:40.2400255Z 
2026-05-07T17:22:40.2400351Z [----------] 3 tests from IntegrationHeuristicPluginIncomplete
2026-05-07T17:22:40.2400514Z [ RUN      ] IntegrationHeuristicPluginIncomplete.LoadIncompletePluginThrowsException
2026-05-07T17:22:40.2400858Z [       OK ] IntegrationHeuristicPluginIncomplete.LoadIncompletePluginThrowsException (0 ms)
2026-05-07T17:22:40.2401048Z [ RUN      ] IntegrationHeuristicPluginIncomplete.IncompletePluginExceptionContainsSymbolName
2026-05-07T17:22:40.2401258Z [       OK ] IntegrationHeuristicPluginIncomplete.IncompletePluginExceptionContainsSymbolName (0 ms)
2026-05-07T17:22:40.2401453Z [ RUN      ] IntegrationHeuristicPluginIncomplete.IncompletePluginExceptionHasPluginErrorStatus
2026-05-07T17:22:40.2401663Z [       OK ] IntegrationHeuristicPluginIncomplete.IncompletePluginExceptionHasPluginErrorStatus (0 ms)
2026-05-07T17:22:40.2401791Z [----------] 3 tests from IntegrationHeuristicPluginIncomplete (1 ms total)
2026-05-07T17:22:40.2401794Z 
2026-05-07T17:22:40.2401878Z [----------] 7 tests from TestHeuristicPolicyFramework
2026-05-07T17:22:40.2402018Z [ RUN      ] TestHeuristicPolicyFramework.GetHeuristicPolicyCountReturnsNonZero
2026-05-07T17:22:40.2402189Z [       OK ] TestHeuristicPolicyFramework.GetHeuristicPolicyCountReturnsNonZero (1 ms)
2026-05-07T17:22:40.2402338Z [ RUN      ] TestHeuristicPolicyFramework.GetHeuristicPolicyInfoReturnsValidData
2026-05-07T17:22:40.2402501Z [       OK ] TestHeuristicPolicyFramework.GetHeuristicPolicyInfoReturnsValidData (0 ms)
2026-05-07T17:22:40.2402651Z [ RUN      ] TestHeuristicPolicyFramework.GetHeuristicPolicyInfoOutOfRangeFails
2026-05-07T17:22:40.2402811Z [       OK ] TestHeuristicPolicyFramework.GetHeuristicPolicyInfoOutOfRangeFails (0 ms)
2026-05-07T17:22:40.2402987Z [ RUN      ] TestHeuristicPolicyFramework.HeuristicResourceManagerLoadsDefaultPolicies
2026-05-07T17:22:40.2403173Z [       OK ] TestHeuristicPolicyFramework.HeuristicResourceManagerLoadsDefaultPolicies (0 ms)
2026-05-07T17:22:40.2403305Z [ RUN      ] TestHeuristicPolicyFramework.GetPolicyCountWithNullHandleFails
2026-05-07T17:22:40.2403455Z [       OK ] TestHeuristicPolicyFramework.GetPolicyCountWithNullHandleFails (0 ms)
2026-05-07T17:22:40.2403590Z [ RUN      ] TestHeuristicPolicyFramework.GetPolicyCountWithNullPointerFails
2026-05-07T17:22:40.2403739Z [       OK ] TestHeuristicPolicyFramework.GetPolicyCountWithNullPointerFails (0 ms)
2026-05-07T17:22:40.2403894Z [ RUN      ] TestHeuristicPolicyFramework.GetPolicyInfoWithNullLengthPointersFails
2026-05-07T17:22:40.2404059Z [       OK ] TestHeuristicPolicyFramework.GetPolicyInfoWithNullLengthPointersFails (0 ms)
2026-05-07T17:22:40.2404164Z [----------] 7 tests from TestHeuristicPolicyFramework (1 ms total)
2026-05-07T17:22:40.2404168Z 
2026-05-07T17:22:40.2404261Z [----------] 14 tests from IntegrationHeuristicPolicyPlugins
2026-05-07T17:22:40.2404408Z [ RUN      ] IntegrationHeuristicPolicyPlugins.PluginManagerLoadsFromDefaultPath
2026-05-07T17:22:40.2404840Z [       OK ] IntegrationHeuristicPolicyPlugins.PluginManagerLoadsFromDefaultPath (0 ms)
2026-05-07T17:22:40.2404991Z [ RUN      ] IntegrationHeuristicPolicyPlugins.PluginManagerRejectsInvalidPlugins
2026-05-07T17:22:40.2405164Z [       OK ] IntegrationHeuristicPolicyPlugins.PluginManagerRejectsInvalidPlugins (0 ms)
2026-05-07T17:22:40.2405326Z [ RUN      ] IntegrationHeuristicPolicyPlugins.PluginManagerRejectsDuplicatePolicyIds
2026-05-07T17:22:40.2405505Z [       OK ] IntegrationHeuristicPolicyPlugins.PluginManagerRejectsDuplicatePolicyIds (0 ms)
2026-05-07T17:22:40.2405656Z [ RUN      ] IntegrationHeuristicPolicyPlugins.LoadedPluginsHaveRequiredSymbols
2026-05-07T17:22:40.2405816Z [       OK ] IntegrationHeuristicPolicyPlugins.LoadedPluginsHaveRequiredSymbols (0 ms)
2026-05-07T17:22:40.2405995Z [ RUN      ] IntegrationHeuristicPolicyPlugins.ResourceManagerCreatesHandlesForAllPlugins
2026-05-07T17:22:40.2406192Z [       OK ] IntegrationHeuristicPolicyPlugins.ResourceManagerCreatesHandlesForAllPlugins (0 ms)
2026-05-07T17:22:40.2406346Z [ RUN      ] IntegrationHeuristicPolicyPlugins.HandleDestructionCleansUpResources
2026-05-07T17:22:40.2406512Z [       OK ] IntegrationHeuristicPolicyPlugins.HandleDestructionCleansUpResources (0 ms)
2026-05-07T17:22:40.2406817Z [ RUN      ] IntegrationHeuristicPolicyPlugins.PolicyDescriptorCreationSucceeds
2026-05-07T17:22:40.2406973Z [       OK ] IntegrationHeuristicPolicyPlugins.PolicyDescriptorCreationSucceeds (0 ms)
2026-05-07T17:22:40.2407112Z [ RUN      ] IntegrationHeuristicPolicyPlugins.PluginsReceiveLoggingCallback
2026-05-07T17:22:40.2407260Z [       OK ] IntegrationHeuristicPolicyPlugins.PluginsReceiveLoggingCallback (0 ms)
2026-05-07T17:22:40.2407408Z [ RUN      ] IntegrationHeuristicPolicyPlugins.DevicePropertiesAreSetOnAllHandles
2026-05-07T17:22:40.2407579Z [       OK ] IntegrationHeuristicPolicyPlugins.DevicePropertiesAreSetOnAllHandles (0 ms)
2026-05-07T17:22:40.2407701Z [ RUN      ] IntegrationHeuristicPolicyPlugins.PolicyIdMatchesNameHash
2026-05-07T17:22:40.2407840Z [       OK ] IntegrationHeuristicPolicyPlugins.PolicyIdMatchesNameHash (0 ms)
2026-05-07T17:22:40.2407989Z [ RUN      ] IntegrationHeuristicPolicyPlugins.AllPluginsHaveCompatibleApiVersion
2026-05-07T17:22:40.2408154Z [       OK ] IntegrationHeuristicPolicyPlugins.AllPluginsHaveCompatibleApiVersion (0 ms)
2026-05-07T17:22:40.2408306Z [ RUN      ] IntegrationHeuristicPolicyPlugins.EnumerationMatchesResourceManager
2026-05-07T17:22:40.2408469Z [       OK ] IntegrationHeuristicPolicyPlugins.EnumerationMatchesResourceManager (0 ms)
2026-05-07T17:22:40.2408615Z [ RUN      ] IntegrationHeuristicPolicyPlugins.MultipleResourceManagersCanCoexist
2026-05-07T17:22:40.2408786Z [       OK ] IntegrationHeuristicPolicyPlugins.MultipleResourceManagersCanCoexist (0 ms)
2026-05-07T17:22:40.2408926Z [ RUN      ] IntegrationHeuristicPolicyPlugins.MissingPolicyGracefullyHandled
2026-05-07T17:22:40.2409087Z [       OK ] IntegrationHeuristicPolicyPlugins.MissingPolicyGracefullyHandled (0 ms)
2026-05-07T17:22:40.2409202Z [----------] 14 tests from IntegrationHeuristicPolicyPlugins (1 ms total)
2026-05-07T17:22:40.2409205Z 
2026-05-07T17:22:40.2409272Z [----------] 12 tests from TestBackendLogger
2026-05-07T17:22:40.2409361Z [ RUN      ] TestBackendLogger.MacrosDontLogWhenOff
2026-05-07T17:22:40.2409451Z [       OK ] TestBackendLogger.MacrosDontLogWhenOff (1 ms)
2026-05-07T17:22:40.2409572Z [ RUN      ] TestBackendLogger.SetLogLevelOverridesEnvironmentVariable
2026-05-07T17:22:40.2409710Z [       OK ] TestBackendLogger.SetLogLevelOverridesEnvironmentVariable (8 ms)
2026-05-07T17:22:40.2409798Z [ RUN      ] TestBackendLogger.MacrosRespectLogLevelInfo
2026-05-07T17:22:40.2409908Z [       OK ] TestBackendLogger.MacrosRespectLogLevelInfo (7 ms)
2026-05-07T17:22:40.2409996Z [ RUN      ] TestBackendLogger.MacrosRespectLogLevelWarn
2026-05-07T17:22:40.2410095Z [       OK ] TestBackendLogger.MacrosRespectLogLevelWarn (8 ms)
2026-05-07T17:22:40.2410195Z [ RUN      ] TestBackendLogger.MacrosRespectLogLevelError
2026-05-07T17:22:40.2410550Z [       OK ] TestBackendLogger.MacrosRespectLogLevelError (6 ms)
2026-05-07T17:22:40.2410638Z [ RUN      ] TestBackendLogger.LoggingCanBeReinitialized
2026-05-07T17:22:40.2410741Z [       OK ] TestBackendLogger.LoggingCanBeReinitialized (9 ms)
2026-05-07T17:22:40.2410843Z [ RUN      ] TestBackendLogger.LogPatternFormatIsCorrectOnStderr
2026-05-07T17:22:40.2410967Z [       OK ] TestBackendLogger.LogPatternFormatIsCorrectOnStderr (7 ms)
2026-05-07T17:22:40.2411069Z [ RUN      ] TestBackendLogger.MultipleMessagesAreLoggedToStderr
2026-05-07T17:22:40.2411185Z [       OK ] TestBackendLogger.MultipleMessagesAreLoggedToStderr (6 ms)
2026-05-07T17:22:40.2411285Z [ RUN      ] TestBackendLogger.LogFileCanBeSpecifiedByEnvVar
2026-05-07T17:22:40.2411388Z [       OK ] TestBackendLogger.LogFileCanBeSpecifiedByEnvVar (6 ms)
2026-05-07T17:22:40.2411507Z [ RUN      ] TestBackendLogger.ParamsAreNotExpandedIfLogLevelIsDisabled
2026-05-07T17:22:40.2411652Z [       OK ] TestBackendLogger.ParamsAreNotExpandedIfLogLevelIsDisabled (6 ms)
2026-05-07T17:22:40.2411767Z [ RUN      ] TestBackendLogger.ShutdownThenReinitializeConcurrently
2026-05-07T17:22:40.2411901Z [       OK ] TestBackendLogger.ShutdownThenReinitializeConcurrently (516 ms)
2026-05-07T17:22:40.2412148Z [ RUN      ] TestBackendLogger.ConcurrentLoggingToFile
2026-05-07T17:22:40.2412243Z [       OK ] TestBackendLogger.ConcurrentLoggingToFile (7 ms)
2026-05-07T17:22:40.2412330Z [----------] 12 tests from TestBackendLogger (594 ms total)
2026-05-07T17:22:40.2412334Z 
2026-05-07T17:22:40.2412397Z [----------] 8 tests from TestGraphLogger
2026-05-07T17:22:40.2412486Z [ RUN      ] TestGraphLogger.GraphNotLoggedWhenDisabled
2026-05-07T17:22:40.2412589Z [       OK ] TestGraphLogger.GraphNotLoggedWhenDisabled (0 ms)
2026-05-07T17:22:40.2412671Z [ RUN      ] TestGraphLogger.GraphLoggedWhenEnabled
2026-05-07T17:22:40.2412760Z [       OK ] TestGraphLogger.GraphLoggedWhenEnabled (6 ms)
2026-05-07T17:22:40.2412858Z [ RUN      ] TestGraphLogger.DuplicateGraphNotLoggedTwice
2026-05-07T17:22:40.2412959Z [       OK ] TestGraphLogger.DuplicateGraphNotLoggedTwice (2 ms)
2026-05-07T17:22:40.2413066Z [ RUN      ] TestGraphLogger.DifferentGraphsLoggedSeparately
2026-05-07T17:22:40.2413180Z [       OK ] TestGraphLogger.DifferentGraphsLoggedSeparately (3 ms)
2026-05-07T17:22:40.2413268Z [ RUN      ] TestGraphLogger.OutputDirectoryUsesEnvVar
2026-05-07T17:22:40.2413392Z [       OK ] TestGraphLogger.OutputDirectoryUsesEnvVar (2 ms)
2026-05-07T17:22:40.2413490Z [ RUN      ] TestGraphLogger.OutputDirectoryCreatedIfMissing
2026-05-07T17:22:40.2413596Z [       OK ] TestGraphLogger.OutputDirectoryCreatedIfMissing (2 ms)
2026-05-07T17:22:40.2413717Z [ RUN      ] TestGraphLogger.RelativePathResolvedFromCurrentDirectory
2026-05-07T17:22:40.2413845Z [       OK ] TestGraphLogger.RelativePathResolvedFromCurrentDirectory (2 ms)
2026-05-07T17:22:40.2413925Z [ RUN      ] TestGraphLogger.CacheResetOnShutdown
2026-05-07T17:22:40.2414011Z [       OK ] TestGraphLogger.CacheResetOnShutdown (0 ms)
2026-05-07T17:22:40.2414087Z [----------] 8 tests from TestGraphLogger (22 ms total)
2026-05-07T17:22:40.2414090Z 
2026-05-07T17:22:40.2414166Z [----------] 6 tests from TestHeuristicPlugin
2026-05-07T17:22:40.2414328Z [ RUN      ] TestHeuristicPlugin.ValidatePluginMetadataRejectsNonHeuristicPluginType
2026-05-07T17:22:40.2414504Z [       OK ] TestHeuristicPlugin.ValidatePluginMetadataRejectsNonHeuristicPluginType (0 ms)
2026-05-07T17:22:40.2414673Z [ RUN      ] TestHeuristicPlugin.ValidatePluginMetadataRejectsPolicyIdNameHashMismatch
2026-05-07T17:22:40.2414860Z [       OK ] TestHeuristicPlugin.ValidatePluginMetadataRejectsPolicyIdNameHashMismatch (0 ms)
2026-05-07T17:22:40.2415011Z [ RUN      ] TestHeuristicPlugin.ValidatePolicyIdsBufferRejectsZeroPolicyCount
2026-05-07T17:22:40.2415163Z [       OK ] TestHeuristicPlugin.ValidatePolicyIdsBufferRejectsZeroPolicyCount (0 ms)
2026-05-07T17:22:40.2415345Z [ RUN      ] TestHeuristicPlugin.ValidatePolicyIdsBufferRejectsCountMismatchBetweenQueries
2026-05-07T17:22:40.2415823Z [       OK ] TestHeuristicPlugin.ValidatePolicyIdsBufferRejectsCountMismatchBetweenQueries (0 ms)
2026-05-07T17:22:40.2415984Z [ RUN      ] TestHeuristicPlugin.ValidatePolicyIdsBufferRejectsIntraPluginDuplicateIds
2026-05-07T17:22:40.2416166Z [       OK ] TestHeuristicPlugin.ValidatePolicyIdsBufferRejectsIntraPluginDuplicateIds (0 ms)
2026-05-07T17:22:40.2416331Z [ RUN      ] TestHeuristicPlugin.ValidatePolicyIdsBufferAcceptsValidUniqueIdsAndSorts
2026-05-07T17:22:40.2416505Z [       OK ] TestHeuristicPlugin.ValidatePolicyIdsBufferAcceptsValidUniqueIdsAndSorts (0 ms)
2026-05-07T17:22:40.2416593Z [----------] 6 tests from TestHeuristicPlugin (0 ms total)
2026-05-07T17:22:40.2416596Z 
2026-05-07T17:22:40.2416675Z [----------] 16 tests from TestHeuristicPluginManager
2026-05-07T17:22:40.2416771Z [ RUN      ] TestHeuristicPluginManager.ConstructorSucceeds
2026-05-07T17:22:40.2416926Z [       OK ] TestHeuristicPluginManager.ConstructorSucceeds (0 ms)
2026-05-07T17:22:40.2417068Z [ RUN      ] TestHeuristicPluginManager.LoadPluginsFromEmptyDirectorySucceeds
2026-05-07T17:22:40.2417228Z [       OK ] TestHeuristicPluginManager.LoadPluginsFromEmptyDirectorySucceeds (0 ms)
2026-05-07T17:22:40.2417545Z [ RUN      ] TestHeuristicPluginManager.LoadPluginsFromNonexistentDirectorySucceeds
2026-05-07T17:22:40.2417723Z [       OK ] TestHeuristicPluginManager.LoadPluginsFromNonexistentDirectorySucceeds (0 ms)
2026-05-07T17:22:40.2417874Z [ RUN      ] TestHeuristicPluginManager.LoadPluginsWithMultiplePathsSucceeds
2026-05-07T17:22:40.2418032Z [       OK ] TestHeuristicPluginManager.LoadPluginsWithMultiplePathsSucceeds (0 ms)
2026-05-07T17:22:40.2418144Z [ RUN      ] TestHeuristicPluginManager.MultipleLoadCyclesSucceed
2026-05-07T17:22:40.2418270Z [       OK ] TestHeuristicPluginManager.MultipleLoadCyclesSucceed (0 ms)
2026-05-07T17:22:40.2418390Z [ RUN      ] TestHeuristicPluginManager.LoadingDifferentPathsSucceeds
2026-05-07T17:22:40.2418527Z [       OK ] TestHeuristicPluginManager.LoadingDifferentPathsSucceeds (0 ms)
2026-05-07T17:22:40.2418652Z [ RUN      ] TestHeuristicPluginManager.MultipleInstancesAreIndependent
2026-05-07T17:22:40.2418789Z [       OK ] TestHeuristicPluginManager.MultipleInstancesAreIndependent (0 ms)
2026-05-07T17:22:40.2418928Z [ RUN      ] TestHeuristicPluginManager.LoadPluginsWithEmptyPathListSucceeds
2026-05-07T17:22:40.2419079Z [       OK ] TestHeuristicPluginManager.LoadPluginsWithEmptyPathListSucceeds (0 ms)
2026-05-07T17:22:40.2419212Z [ RUN      ] TestHeuristicPluginManager.LoadPluginsWithSamePathTwiceSucceeds
2026-05-07T17:22:40.2419366Z [       OK ] TestHeuristicPluginManager.LoadPluginsWithSamePathTwiceSucceeds (0 ms)
2026-05-07T17:22:40.2419493Z [ RUN      ] TestHeuristicPluginManager.LoadPluginsWithAbsoluteModeResets
2026-05-07T17:22:40.2419636Z [       OK ] TestHeuristicPluginManager.LoadPluginsWithAbsoluteModeResets (0 ms)
2026-05-07T17:22:40.2419754Z [ RUN      ] TestHeuristicPluginManager.LoadPluginsWithAdditiveModeAdds
2026-05-07T17:22:40.2419890Z [       OK ] TestHeuristicPluginManager.LoadPluginsWithAdditiveModeAdds (0 ms)
2026-05-07T17:22:40.2420009Z [ RUN      ] TestHeuristicPluginManager.PolicyNameToIdIsConsistent
2026-05-07T17:22:40.2420132Z [       OK ] TestHeuristicPluginManager.PolicyNameToIdIsConsistent (0 ms)
2026-05-07T17:22:40.2420254Z [ RUN      ] TestHeuristicPluginManager.DifferentNamesProduceDifferentIds
2026-05-07T17:22:40.2420398Z [       OK ] TestHeuristicPluginManager.DifferentNamesProduceDifferentIds (0 ms)
2026-05-07T17:22:40.2420491Z [ RUN      ] TestHeuristicPluginManager.PolicyIdIsNonZero
2026-05-07T17:22:40.2420595Z [       OK ] TestHeuristicPluginManager.PolicyIdIsNonZero (0 ms)
2026-05-07T17:22:40.2420712Z [ RUN      ] TestHeuristicPluginManager.EmptyPolicyNameProducesZeroId
2026-05-07T17:22:40.2420840Z [       OK ] TestHeuristicPluginManager.EmptyPolicyNameProducesZeroId (0 ms)
2026-05-07T17:22:40.2420979Z [ RUN      ] TestHeuristicPluginManager.GetPluginsAfterEmptyLoadReturnsEmpty
2026-05-07T17:22:40.2421393Z [       OK ] TestHeuristicPluginManager.GetPluginsAfterEmptyLoadReturnsEmpty (0 ms)
2026-05-07T17:22:40.2421489Z [----------] 16 tests from TestHeuristicPluginManager (5 ms total)
2026-05-07T17:22:40.2421494Z 
2026-05-07T17:22:40.2421607Z [----------] 18 tests from TestHeuristicPluginManagerValidationPaths
2026-05-07T17:22:40.2421793Z [ RUN      ] TestHeuristicPluginManagerValidationPaths.GoodPluginPassesApiVersionValidation
2026-05-07T17:22:40.2421998Z [       OK ] TestHeuristicPluginManagerValidationPaths.GoodPluginPassesApiVersionValidation (8 ms)
2026-05-07T17:22:40.2422178Z [ RUN      ] TestHeuristicPluginManagerValidationPaths.ActionAfterAddingStoresPolicyIds
2026-05-07T17:22:40.2422360Z [       OK ] TestHeuristicPluginManagerValidationPaths.ActionAfterAddingStoresPolicyIds (7 ms)
2026-05-07T17:22:40.2422556Z [ RUN      ] TestHeuristicPluginManagerValidationPaths.PolicyIdTrackingAcrossMultiplePlugins
2026-05-07T17:22:40.2422769Z [       OK ] TestHeuristicPluginManagerValidationPaths.PolicyIdTrackingAcrossMultiplePlugins (8 ms)
2026-05-07T17:22:40.2422942Z [ RUN      ] TestHeuristicPluginManagerValidationPaths.AllLoadedPluginsHaveNonEmptyNames
2026-05-07T17:22:40.2423297Z [       OK ] TestHeuristicPluginManagerValidationPaths.AllLoadedPluginsHaveNonEmptyNames (7 ms)
2026-05-07T17:22:40.2423432Z [ RUN      ] TestHeuristicPluginManagerValidationPaths.PolicyNameIsProvided
2026-05-07T17:22:40.2423585Z [       OK ] TestHeuristicPluginManagerValidationPaths.PolicyNameIsProvided (7 ms)
2026-05-07T17:22:40.2423750Z [ RUN      ] TestHeuristicPluginManagerValidationPaths.ValidPluginPassesAllValidation
2026-05-07T17:22:40.2423931Z [       OK ] TestHeuristicPluginManagerValidationPaths.ValidPluginPassesAllValidation (7 ms)
2026-05-07T17:22:40.2424129Z [ RUN      ] TestHeuristicPluginManagerValidationPaths.ActionAfterAddingExecutesForEachPlugin
2026-05-07T17:22:40.2424333Z [       OK ] TestHeuristicPluginManagerValidationPaths.ActionAfterAddingExecutesForEachPlugin (7 ms)
2026-05-07T17:22:40.2424497Z [ RUN      ] TestHeuristicPluginManagerValidationPaths.ValidationRunsOnEachLoadCycle
2026-05-07T17:22:40.2424670Z [       OK ] TestHeuristicPluginManagerValidationPaths.ValidationRunsOnEachLoadCycle (14 ms)
2026-05-07T17:22:40.2424853Z [ RUN      ] TestHeuristicPluginManagerValidationPaths.AbsoluteReloadResetsPolicyIdTracking
2026-05-07T17:22:40.2425058Z [       OK ] TestHeuristicPluginManagerValidationPaths.AbsoluteReloadResetsPolicyIdTracking (15 ms)
2026-05-07T17:22:40.2425250Z [ RUN      ] TestHeuristicPluginManagerValidationPaths.ConstructorSetsUpValidationInfrastructure
2026-05-07T17:22:40.2425462Z [       OK ] TestHeuristicPluginManagerValidationPaths.ConstructorSetsUpValidationInfrastructure (0 ms)
2026-05-07T17:22:40.2425657Z [ RUN      ] TestHeuristicPluginManagerValidationPaths.DestructorUnloadsLoadedPluginLibraries
2026-05-07T17:22:40.2425866Z [       OK ] TestHeuristicPluginManagerValidationPaths.DestructorUnloadsLoadedPluginLibraries (7 ms)
2026-05-07T17:22:40.2426049Z [ RUN      ] TestHeuristicPluginManagerValidationPaths.ValidationIntegratesWithBaseClass
2026-05-07T17:22:40.2426243Z [       OK ] TestHeuristicPluginManagerValidationPaths.ValidationIntegratesWithBaseClass (7 ms)
2026-05-07T17:22:40.2426446Z [ RUN      ] TestHeuristicPluginManagerValidationPaths.NoOptionalHeuristicPluginPassesValidation
2026-05-07T17:22:40.2426667Z [       OK ] TestHeuristicPluginManagerValidationPaths.NoOptionalHeuristicPluginPassesValidation (7 ms)
2026-05-07T17:22:40.2426841Z [ RUN      ] TestHeuristicPluginManagerValidationPaths.GoodHeuristicPluginPassesValidation
2026-05-07T17:22:40.2427045Z [       OK ] TestHeuristicPluginManagerValidationPaths.GoodHeuristicPluginPassesValidation (7 ms)
2026-05-07T17:22:40.2427204Z [ RUN      ] TestHeuristicPluginManagerValidationPaths.BadApiVersionPluginRejected
2026-05-07T17:22:40.2427374Z [       OK ] TestHeuristicPluginManagerValidationPaths.BadApiVersionPluginRejected (0 ms)
2026-05-07T17:22:40.2427781Z [ RUN      ] TestHeuristicPluginManagerValidationPaths.EmptyNamePluginRejected
2026-05-07T17:22:40.2427934Z [       OK ] TestHeuristicPluginManagerValidationPaths.EmptyNamePluginRejected (0 ms)
2026-05-07T17:22:40.2428103Z [ RUN      ] TestHeuristicPluginManagerValidationPaths.DuplicatePolicyIdPluginsRejected
2026-05-07T17:22:40.2428298Z [       OK ] TestHeuristicPluginManagerValidationPaths.DuplicatePolicyIdPluginsRejected (1 ms)
2026-05-07T17:22:40.2428456Z [ RUN      ] TestHeuristicPluginManagerValidationPaths.EmptyDirectorySkipsValidation
2026-05-07T17:22:40.2428636Z [       OK ] TestHeuristicPluginManagerValidationPaths.EmptyDirectorySkipsValidation (0 ms)
2026-05-07T17:22:40.2428769Z [----------] 18 tests from TestHeuristicPluginManagerValidationPaths (117 ms total)
2026-05-07T17:22:40.2428772Z 
2026-05-07T17:22:40.2428846Z [----------] 19 tests from TestSelectionHeuristic
2026-05-07T17:22:40.2428955Z [ RUN      ] TestSelectionHeuristic.ConstructorWithValidInputs
2026-05-07T17:22:40.2429069Z [       OK ] TestSelectionHeuristic.ConstructorWithValidInputs (0 ms)
2026-05-07T17:22:40.2429198Z [ RUN      ] TestSelectionHeuristic.ConstructorThrowsOnNullResourceManager
2026-05-07T17:22:40.2429347Z [       OK ] TestSelectionHeuristic.ConstructorThrowsOnNullResourceManager (0 ms)
2026-05-07T17:22:40.2429638Z [ RUN      ] TestSelectionHeuristic.ConstructorThrowsWhenPolicyHasNoHandle
2026-05-07T17:22:40.2429783Z [       OK ] TestSelectionHeuristic.ConstructorThrowsWhenPolicyHasNoHandle (0 ms)
2026-05-07T17:22:40.2429913Z [ RUN      ] TestSelectionHeuristic.ConstructorThrowsWhenPolicyHasNoPlugin
2026-05-07T17:22:40.2430056Z [       OK ] TestSelectionHeuristic.ConstructorThrowsWhenPolicyHasNoPlugin (0 ms)
2026-05-07T17:22:40.2430142Z [ RUN      ] TestSelectionHeuristic.MoveConstructor
2026-05-07T17:22:40.2430230Z [       OK ] TestSelectionHeuristic.MoveConstructor (0 ms)
2026-05-07T17:22:40.2430307Z [ RUN      ] TestSelectionHeuristic.MoveAssignment
2026-05-07T17:22:40.2430399Z [       OK ] TestSelectionHeuristic.MoveAssignment (0 ms)
2026-05-07T17:22:40.2430504Z [ RUN      ] TestSelectionHeuristic.MoveAssignmentSelfAssignment
2026-05-07T17:22:40.2430624Z [       OK ] TestSelectionHeuristic.MoveAssignmentSelfAssignment (0 ms)
2026-05-07T17:22:40.2430703Z [ RUN      ] TestSelectionHeuristic.SetEngineIds
2026-05-07T17:22:40.2430786Z [       OK ] TestSelectionHeuristic.SetEngineIds (0 ms)
2026-05-07T17:22:40.2430873Z [ RUN      ] TestSelectionHeuristic.SetSerializedGraph
2026-05-07T17:22:40.2430968Z [       OK ] TestSelectionHeuristic.SetSerializedGraph (0 ms)
2026-05-07T17:22:40.2431054Z [ RUN      ] TestSelectionHeuristic.FinalizeReturnsTrue
2026-05-07T17:22:40.2431154Z [       OK ] TestSelectionHeuristic.FinalizeReturnsTrue (0 ms)
2026-05-07T17:22:40.2431242Z [ RUN      ] TestSelectionHeuristic.FinalizeReturnsFalse
2026-05-07T17:22:40.2431342Z [       OK ] TestSelectionHeuristic.FinalizeReturnsFalse (0 ms)
2026-05-07T17:22:40.2431426Z [ RUN      ] TestSelectionHeuristic.GetSortedEngineIds
2026-05-07T17:22:40.2431520Z [       OK ] TestSelectionHeuristic.GetSortedEngineIds (0 ms)
2026-05-07T17:22:40.2431656Z [ RUN      ] TestSelectionHeuristic.GetSortedEngineIdsRejectsFabricatedId
2026-05-07T17:22:40.2431804Z [       OK ] TestSelectionHeuristic.GetSortedEngineIdsRejectsFabricatedId (0 ms)
2026-05-07T17:22:40.2431928Z [ RUN      ] TestSelectionHeuristic.GetSortedEngineIdsRejectsDuplicates
2026-05-07T17:22:40.2432070Z [       OK ] TestSelectionHeuristic.GetSortedEngineIdsRejectsDuplicates (0 ms)
2026-05-07T17:22:40.2432205Z [ RUN      ] TestSelectionHeuristic.GetSortedEngineIdsRejectsOversizedOutput
2026-05-07T17:22:40.2432358Z [       OK ] TestSelectionHeuristic.GetSortedEngineIdsRejectsOversizedOutput (0 ms)
2026-05-07T17:22:40.2432497Z [ RUN      ] TestSelectionHeuristic.GetSortedEngineIdsAcceptsProperSubset
2026-05-07T17:22:40.2432641Z [       OK ] TestSelectionHeuristic.GetSortedEngineIdsAcceptsProperSubset (0 ms)
2026-05-07T17:22:40.2432789Z [ RUN      ] TestSelectionHeuristic.KeepsResourceManagerAliveAcrossCallerRelease
2026-05-07T17:22:40.2433336Z [       OK ] TestSelectionHeuristic.KeepsResourceManagerAliveAcrossCallerRelease (0 ms)
2026-05-07T17:22:40.2433457Z [ RUN      ] TestSelectionHeuristic.DestructorHandlesExceptionInCleanup
2026-05-07T17:22:40.2433597Z [       OK ] TestSelectionHeuristic.DestructorHandlesExceptionInCleanup (0 ms)
2026-05-07T17:22:40.2433733Z [ RUN      ] TestSelectionHeuristic.MoveAssignmentHandlesExceptionInCleanup
2026-05-07T17:22:40.2433882Z [       OK ] TestSelectionHeuristic.MoveAssignmentHandlesExceptionInCleanup (0 ms)
2026-05-07T17:22:40.2433970Z [----------] 19 tests from TestSelectionHeuristic (0 ms total)
2026-05-07T17:22:40.2433973Z 
2026-05-07T17:22:40.2434067Z [----------] 37 tests from TestHeuristicPluginResourceManager
2026-05-07T17:22:40.2434211Z [ RUN      ] TestHeuristicPluginResourceManager.FactoryMethodCreatesInstance
2026-05-07T17:22:40.2434360Z [       OK ] TestHeuristicPluginResourceManager.FactoryMethodCreatesInstance (0 ms)
2026-05-07T17:22:40.2434520Z [ RUN      ] TestHeuristicPluginResourceManager.ConstructorWithPluginManagerSucceeds
2026-05-07T17:22:40.2434703Z [       OK ] TestHeuristicPluginResourceManager.ConstructorWithPluginManagerSucceeds (0 ms)
2026-05-07T17:22:40.2435094Z [ RUN      ] TestHeuristicPluginResourceManager.MoveConstructorTransfersOwnership
2026-05-07T17:22:40.2435265Z [       OK ] TestHeuristicPluginResourceManager.MoveConstructorTransfersOwnership (0 ms)
2026-05-07T17:22:40.2435409Z [ RUN      ] TestHeuristicPluginResourceManager.MoveAssignmentTransfersOwnership
2026-05-07T17:22:40.2435566Z [       OK ] TestHeuristicPluginResourceManager.MoveAssignmentTransfersOwnership (0 ms)
2026-05-07T17:22:40.2435741Z [ RUN      ] TestHeuristicPluginResourceManager.GetHandleForNonexistentPolicyReturnsNull
2026-05-07T17:22:40.2435933Z [       OK ] TestHeuristicPluginResourceManager.GetHandleForNonexistentPolicyReturnsNull (0 ms)
2026-05-07T17:22:40.2436100Z [ RUN      ] TestHeuristicPluginResourceManager.GetPluginForNonexistentPolicyReturnsNull
2026-05-07T17:22:40.2436296Z [       OK ] TestHeuristicPluginResourceManager.GetPluginForNonexistentPolicyReturnsNull (0 ms)
2026-05-07T17:22:40.2436446Z [ RUN      ] TestHeuristicPluginResourceManager.GetPolicyInfosWhenNoPluginsLoaded
2026-05-07T17:22:40.2436617Z [       OK ] TestHeuristicPluginResourceManager.GetPolicyInfosWhenNoPluginsLoaded (0 ms)
2026-05-07T17:22:40.2436748Z [ RUN      ] TestHeuristicPluginResourceManager.GetPolicyInfosCachesResult
2026-05-07T17:22:40.2436933Z [       OK ] TestHeuristicPluginResourceManager.GetPolicyInfosCachesResult (0 ms)
2026-05-07T17:22:40.2437126Z [ RUN      ] TestHeuristicPluginResourceManager.SetDevicePropertiesOnEmptyManagerDoesNotThrow
2026-05-07T17:22:40.2437331Z [       OK ] TestHeuristicPluginResourceManager.SetDevicePropertiesOnEmptyManagerDoesNotThrow (0 ms)
2026-05-07T17:22:40.2437511Z [ RUN      ] TestHeuristicPluginResourceManager.SetDevicePropertiesWithNullPointerSucceeds
2026-05-07T17:22:40.2437714Z [       OK ] TestHeuristicPluginResourceManager.SetDevicePropertiesWithNullPointerSucceeds (0 ms)
2026-05-07T17:22:40.2437870Z [ RUN      ] TestHeuristicPluginResourceManager.GetLoadedPluginFilesWhenNoneLoaded
2026-05-07T17:22:40.2438049Z [       OK ] TestHeuristicPluginResourceManager.GetLoadedPluginFilesWhenNoneLoaded (0 ms)
2026-05-07T17:22:40.2438239Z [ RUN      ] TestHeuristicPluginResourceManager.GetLoadedPluginFilesWithNullNumPluginsThrows
2026-05-07T17:22:40.2438437Z [       OK ] TestHeuristicPluginResourceManager.GetLoadedPluginFilesWithNullNumPluginsThrows (0 ms)
2026-05-07T17:22:40.2438581Z [ RUN      ] TestHeuristicPluginResourceManager.ToStringReturnsNonEmptyString
2026-05-07T17:22:40.2438734Z [       OK ] TestHeuristicPluginResourceManager.ToStringReturnsNonEmptyString (0 ms)
2026-05-07T17:22:40.2438872Z [ RUN      ] TestHeuristicPluginResourceManager.ToStringIncludesPluginCount
2026-05-07T17:22:40.2439017Z [       OK ] TestHeuristicPluginResourceManager.ToStringIncludesPluginCount (0 ms)
2026-05-07T17:22:40.2439221Z [ RUN      ] TestHeuristicPluginResourceManager.SetHeuristicPluginPathsSucceeds
2026-05-07T17:22:40.2439385Z [       OK ] TestHeuristicPluginResourceManager.SetHeuristicPluginPathsSucceeds (0 ms)
2026-05-07T17:22:40.2439572Z [ RUN      ] TestHeuristicPluginResourceManager.GetHeuristicPluginPathsReturnsConfiguredPaths
2026-05-07T17:22:40.2439776Z [       OK ] TestHeuristicPluginResourceManager.GetHeuristicPluginPathsReturnsConfiguredPaths (0 ms)
2026-05-07T17:22:40.2439919Z [ RUN      ] TestHeuristicPluginResourceManager.SetPluginUnloadingModeSucceeds
2026-05-07T17:22:40.2440072Z [       OK ] TestHeuristicPluginResourceManager.SetPluginUnloadingModeSucceeds (0 ms)
2026-05-07T17:22:40.2440203Z [ RUN      ] TestHeuristicPluginResourceManager.SetPluginLogLevelSucceeds
2026-05-07T17:22:40.2440343Z [       OK ] TestHeuristicPluginResourceManager.SetPluginLogLevelSucceeds (0 ms)
2026-05-07T17:22:40.2440479Z [ RUN      ] TestHeuristicPluginResourceManager.MultipleInstancesCanCoexist
2026-05-07T17:22:40.2440634Z [       OK ] TestHeuristicPluginResourceManager.MultipleInstancesCanCoexist (0 ms)
2026-05-07T17:22:40.2440762Z [ RUN      ] TestHeuristicPluginResourceManager.CopyConstructorIsDeleted
2026-05-07T17:22:40.2440961Z [       OK ] TestHeuristicPluginResourceManager.CopyConstructorIsDeleted (0 ms)
2026-05-07T17:22:40.2441086Z [ RUN      ] TestHeuristicPluginResourceManager.CopyAssignmentIsDeleted
2026-05-07T17:22:40.2441222Z [       OK ] TestHeuristicPluginResourceManager.CopyAssignmentIsDeleted (0 ms)
2026-05-07T17:22:40.2441357Z [ RUN      ] TestHeuristicPluginResourceManager.DestructorCleansUpResources
2026-05-07T17:22:40.2441503Z [       OK ] TestHeuristicPluginResourceManager.DestructorCleansUpResources (0 ms)
2026-05-07T17:22:40.2441632Z [ RUN      ] TestHeuristicPluginResourceManager.MultipleDestructionsSucceed
2026-05-07T17:22:40.2441782Z [       OK ] TestHeuristicPluginResourceManager.MultipleDestructionsSucceed (0 ms)
2026-05-07T17:22:40.2441950Z [ RUN      ] TestHeuristicPluginResourceManager.ConstructorWithNullPluginManagerAccepted
2026-05-07T17:22:40.2442137Z [       OK ] TestHeuristicPluginResourceManager.ConstructorWithNullPluginManagerAccepted (0 ms)
2026-05-07T17:22:40.2442306Z [ RUN      ] TestHeuristicPluginResourceManager.PolicyInfosAreCachedAcrossMultipleCalls
2026-05-07T17:22:40.2442489Z [       OK ] TestHeuristicPluginResourceManager.PolicyInfosAreCachedAcrossMultipleCalls (0 ms)
2026-05-07T17:22:40.2442641Z [ RUN      ] TestHeuristicPluginResourceManager.ToStringFormatContainsKeyElements
2026-05-07T17:22:40.2442801Z [       OK ] TestHeuristicPluginResourceManager.ToStringFormatContainsKeyElements (0 ms)
2026-05-07T17:22:40.2442961Z [ RUN      ] TestHeuristicPluginResourceManager.SetPluginPathsWithEmptyVectorSucceeds
2026-05-07T17:22:40.2443141Z [       OK ] TestHeuristicPluginResourceManager.SetPluginPathsWithEmptyVectorSucceeds (0 ms)
2026-05-07T17:22:40.2443280Z [ RUN      ] TestHeuristicPluginResourceManager.SetPluginPathsWithAdditiveMode
2026-05-07T17:22:40.2443439Z [       OK ] TestHeuristicPluginResourceManager.SetPluginPathsWithAdditiveMode (0 ms)
2026-05-07T17:22:40.2443580Z [ RUN      ] TestHeuristicPluginResourceManager.SetPluginLogLevelWithDebugLevel
2026-05-07T17:22:40.2443735Z [       OK ] TestHeuristicPluginResourceManager.SetPluginLogLevelWithDebugLevel (0 ms)
2026-05-07T17:22:40.2443880Z [ RUN      ] TestHeuristicPluginResourceManager.SetPluginLogLevelWithErrorLevel
2026-05-07T17:22:40.2444036Z [       OK ] TestHeuristicPluginResourceManager.SetPluginLogLevelWithErrorLevel (0 ms)
2026-05-07T17:22:40.2444221Z [ RUN      ] TestHeuristicPluginResourceManager.GetLoadedPluginFilesWithNonNullPathsSucceeds
2026-05-07T17:22:40.2444425Z [       OK ] TestHeuristicPluginResourceManager.GetLoadedPluginFilesWithNonNullPathsSucceeds (0 ms)
2026-05-07T17:22:40.2444580Z [ RUN      ] TestHeuristicPluginResourceManager.GetLoadedPluginFilesQueriesCountOnly
2026-05-07T17:22:40.2444758Z [       OK ] TestHeuristicPluginResourceManager.GetLoadedPluginFilesQueriesCountOnly (0 ms)
2026-05-07T17:22:40.2444992Z [ RUN      ] TestHeuristicPluginResourceManager.SetDevicePropertiesWithValidDataSucceeds
2026-05-07T17:22:40.2445182Z [       OK ] TestHeuristicPluginResourceManager.SetDevicePropertiesWithValidDataSucceeds (0 ms)
2026-05-07T17:22:40.2445345Z [ RUN      ] TestHeuristicPluginResourceManager.MultipleUnloadingModeChangesSucceed
2026-05-07T17:22:40.2445519Z [       OK ] TestHeuristicPluginResourceManager.MultipleUnloadingModeChangesSucceed (0 ms)
2026-05-07T17:22:40.2445673Z [ RUN      ] TestHeuristicPluginResourceManager.MultiplePathConfigurationsSucceed
2026-05-07T17:22:40.2445843Z [       OK ] TestHeuristicPluginResourceManager.MultiplePathConfigurationsSucceed (0 ms)
2026-05-07T17:22:40.2446019Z [ RUN      ] TestHeuristicPluginResourceManager.GetHandleForMultiplePolicyIdsAllReturnNull
2026-05-07T17:22:40.2446216Z [       OK ] TestHeuristicPluginResourceManager.GetHandleForMultiplePolicyIdsAllReturnNull (0 ms)
2026-05-07T17:22:40.2446393Z [ RUN      ] TestHeuristicPluginResourceManager.GetPluginForMultiplePolicyIdsAllReturnNull
2026-05-07T17:22:40.2446587Z [       OK ] TestHeuristicPluginResourceManager.GetPluginForMultiplePolicyIdsAllReturnNull (0 ms)
2026-05-07T17:22:40.2446770Z [----------] 37 tests from TestHeuristicPluginResourceManager (0 ms total)
2026-05-07T17:22:40.2446774Z 
2026-05-07T17:22:40.2446869Z [----------] 17 tests from IntegrationBackendUserLoggingApis
2026-05-07T17:22:40.2446997Z [ RUN      ] IntegrationBackendUserLoggingApis.UserCallbackReceivesLogs
2026-05-07T17:22:40.2447132Z [       OK ] IntegrationBackendUserLoggingApis.UserCallbackReceivesLogs (0 ms)
2026-05-07T17:22:40.2447274Z [ RUN      ] IntegrationBackendUserLoggingApis.UnregisterWithSevOffStopsCapture
2026-05-07T17:22:40.2447450Z [       OK ] IntegrationBackendUserLoggingApis.UnregisterWithSevOffStopsCapture (103 ms)
2026-05-07T17:22:40.2447569Z [ RUN      ] IntegrationBackendUserLoggingApis.SyncCallbackImmediate
2026-05-07T17:22:40.2447701Z [       OK ] IntegrationBackendUserLoggingApis.SyncCallbackImmediate (0 ms)
2026-05-07T17:22:40.2447813Z [ RUN      ] IntegrationBackendUserLoggingApis.RejectsNullHandle
2026-05-07T17:22:40.2447928Z [       OK ] IntegrationBackendUserLoggingApis.RejectsNullHandle (0 ms)
2026-05-07T17:22:40.2448044Z [ RUN      ] IntegrationBackendUserLoggingApis.RejectsNullCallback
2026-05-07T17:22:40.2448166Z [       OK ] IntegrationBackendUserLoggingApis.RejectsNullCallback (0 ms)
2026-05-07T17:22:40.2448276Z [ RUN      ] IntegrationBackendUserLoggingApis.RejectsInvalidMode
2026-05-07T17:22:40.2448399Z [       OK ] IntegrationBackendUserLoggingApis.RejectsInvalidMode (0 ms)
2026-05-07T17:22:40.2448522Z [ RUN      ] IntegrationBackendUserLoggingApis.CallbackRespectsLogLevel
2026-05-07T17:22:40.2448660Z [       OK ] IntegrationBackendUserLoggingApis.CallbackRespectsLogLevel (111 ms)
2026-05-07T17:22:40.2448772Z [ RUN      ] IntegrationBackendUserLoggingApis.UpdateCallbackLevel
2026-05-07T17:22:40.2448895Z [       OK ] IntegrationBackendUserLoggingApis.UpdateCallbackLevel (110 ms)
2026-05-07T17:22:40.2449007Z [ RUN      ] IntegrationBackendUserLoggingApis.AsyncCallbackQueued
2026-05-07T17:22:40.2449130Z [       OK ] IntegrationBackendUserLoggingApis.AsyncCallbackQueued (0 ms)
2026-05-07T17:22:40.2449257Z [ RUN      ] IntegrationBackendUserLoggingApis.CallbackThrowsException
2026-05-07T17:22:40.2449379Z [hipDNN] User log callback threw exception: Test exception from callback
2026-05-07T17:22:40.2449486Z [hipDNN] User log callback threw exception: Test exception from callback
2026-05-07T17:22:40.2449593Z [hipDNN] User log callback threw exception: Test exception from callback
2026-05-07T17:22:40.2449703Z [hipDNN] User log callback threw exception: Test exception from callback
2026-05-07T17:22:40.2449807Z [hipDNN] User log callback threw exception: Test exception from callback
2026-05-07T17:22:40.2449917Z [hipDNN] User log callback threw exception: Test exception from callback
2026-05-07T17:22:40.2450022Z [hipDNN] User log callback threw exception: Test exception from callback
2026-05-07T17:22:40.2450188Z [hipDNN] User log callback threw exception: Test exception from callback
2026-05-07T17:22:40.2450330Z [       OK ] IntegrationBackendUserLoggingApis.CallbackThrowsException (0 ms)
2026-05-07T17:22:40.2450462Z [ RUN      ] IntegrationBackendUserLoggingApis.SyncGuaranteeOnUnregister
2026-05-07T17:22:40.2450607Z [       OK ] IntegrationBackendUserLoggingApis.SyncGuaranteeOnUnregister (126 ms)
2026-05-07T17:22:40.2450736Z [ RUN      ] IntegrationBackendUserLoggingApis.SwitchBetweenSyncAndAsync
2026-05-07T17:22:40.2450877Z [       OK ] IntegrationBackendUserLoggingApis.SwitchBetweenSyncAndAsync (0 ms)
2026-05-07T17:22:40.2451006Z [ RUN      ] IntegrationBackendUserLoggingApis.SwitchBetweenAsyncAndSync
2026-05-07T17:22:40.2451149Z [       OK ] IntegrationBackendUserLoggingApis.SwitchBetweenAsyncAndSync (0 ms)
2026-05-07T17:22:40.2451271Z [ RUN      ] IntegrationBackendUserLoggingApis.DuplicateUpdatesExisting
2026-05-07T17:22:40.2451421Z [       OK ] IntegrationBackendUserLoggingApis.DuplicateUpdatesExisting (110 ms)
2026-05-07T17:22:40.2451576Z [ RUN      ] IntegrationBackendUserLoggingApis.ConcurrentLoggingWithCallbackToggle
2026-05-07T17:22:40.2451814Z [       OK ] IntegrationBackendUserLoggingApis.ConcurrentLoggingWithCallbackToggle (442 ms)
2026-05-07T17:22:40.2451941Z [ RUN      ] IntegrationBackendUserLoggingApis.ReentrantLoggingPrevented
2026-05-07T17:22:40.2452078Z [       OK ] IntegrationBackendUserLoggingApis.ReentrantLoggingPrevented (0 ms)
2026-05-07T17:22:40.2452223Z [ RUN      ] IntegrationBackendUserLoggingApis.MultipleCallbacksAllReceiveLogs
2026-05-07T17:22:40.2452383Z [       OK ] IntegrationBackendUserLoggingApis.MultipleCallbacksAllReceiveLogs (110 ms)
2026-05-07T17:22:40.2452499Z [----------] 17 tests from IntegrationBackendUserLoggingApis (1117 ms total)
2026-05-07T17:22:40.2452502Z 
2026-05-07T17:22:40.2452577Z [----------] 3 tests from TestPlatformUtils
2026-05-07T17:22:40.2452674Z [ RUN      ] TestPlatformUtils.GetSystemInfoReturnsNonEmpty
2026-05-07T17:22:40.2452783Z [       OK ] TestPlatformUtils.GetSystemInfoReturnsNonEmpty (0 ms)
2026-05-07T17:22:40.2452890Z [ RUN      ] TestPlatformUtils.GetSystemInfoContainsSystemName
2026-05-07T17:22:40.2453006Z [       OK ] TestPlatformUtils.GetSystemInfoContainsSystemName (0 ms)
2026-05-07T17:22:40.2453107Z [ RUN      ] TestPlatformUtils.GetSystemInfoContainsMachine
2026-05-07T17:22:40.2453210Z [       OK ] TestPlatformUtils.GetSystemInfoContainsMachine (0 ms)
2026-05-07T17:22:40.2453292Z [----------] 3 tests from TestPlatformUtils (0 ms total)
2026-05-07T17:22:40.2453296Z 
2026-05-07T17:22:40.2453368Z [----------] 11 tests from TestPluginManager
2026-05-07T17:22:40.2453438Z [ RUN      ] TestPluginManager.LoadPlugins
2026-05-07T17:22:40.2453514Z [       OK ] TestPluginManager.LoadPlugins (36 ms)
2026-05-07T17:22:40.2453609Z [ RUN      ] TestPluginManager.LoadPluginsFromDirectory
2026-05-07T17:22:40.2453706Z [       OK ] TestPluginManager.LoadPluginsFromDirectory (36 ms)
2026-05-07T17:22:40.2453793Z [ RUN      ] TestPluginManager.LoadPluginsAbsolute
2026-05-07T17:22:40.2453883Z [       OK ] TestPluginManager.LoadPluginsAbsolute (1 ms)
2026-05-07T17:22:40.2453962Z [ RUN      ] TestPluginManager.LoadPluginsAdditive
2026-05-07T17:22:40.2454053Z [       OK ] TestPluginManager.LoadPluginsAdditive (1 ms)
2026-05-07T17:22:40.2454156Z [ RUN      ] TestPluginManager.LoadPluginsAdditiveAccumulates
2026-05-07T17:22:40.2454269Z [       OK ] TestPluginManager.LoadPluginsAdditiveAccumulates (1 ms)
2026-05-07T17:22:40.2454417Z [ RUN      ] TestPluginManager.LoadPluginsAbsoluteReplaces
2026-05-07T17:22:40.2454518Z [       OK ] TestPluginManager.LoadPluginsAbsoluteReplaces (1 ms)
2026-05-07T17:22:40.2454618Z [ RUN      ] TestPluginManager.LoadPluginsAdditiveWithDefault
2026-05-07T17:22:40.2454735Z [       OK ] TestPluginManager.LoadPluginsAdditiveWithDefault (19 ms)
2026-05-07T17:22:40.2454843Z [ RUN      ] TestPluginManager.LoadPluginsCombinedFileAndDirectory
2026-05-07T17:22:40.2455031Z [       OK ] TestPluginManager.LoadPluginsCombinedFileAndDirectory (17 ms)
2026-05-07T17:22:40.2455095Z [ RUN      ] TestPluginManager.LastError
2026-05-07T17:22:40.2455167Z [       OK ] TestPluginManager.LastError (0 ms)
2026-05-07T17:22:40.2455256Z [ RUN      ] TestPluginManager.LastErrorMultithreaded
2026-05-07T17:22:40.2455352Z [       OK ] TestPluginManager.LastErrorMultithreaded (1 ms)
2026-05-07T17:22:40.2455433Z [ RUN      ] TestPluginManager.LastErrorOnSecondLoad
2026-05-07T17:22:40.2455527Z [       OK ] TestPluginManager.LastErrorOnSecondLoad (1 ms)
2026-05-07T17:22:40.2455606Z [----------] 11 tests from TestPluginManager (120 ms total)
2026-05-07T17:22:40.2455609Z 
2026-05-07T17:22:40.2455678Z [----------] 1 test from TestPluginCallback
2026-05-07T17:22:40.2455757Z [ RUN      ] TestPluginCallback.SetLoggingCallback
2026-05-07T17:22:40.2455844Z [       OK ] TestPluginCallback.SetLoggingCallback (0 ms)
2026-05-07T17:22:40.2455926Z [----------] 1 test from TestPluginCallback (0 ms total)
2026-05-07T17:22:40.2455931Z 
2026-05-07T17:22:40.2455991Z [----------] 7 tests from TestPluginCore
2026-05-07T17:22:40.2456086Z [ RUN      ] TestPluginCore.GetPluginSearchPathsWithEnvVar
2026-05-07T17:22:40.2456263Z [       OK ] TestPluginCore.GetPluginSearchPathsWithEnvVar (0 ms)
2026-05-07T17:22:40.2456364Z [ RUN      ] TestPluginCore.GetPluginSearchPathsWithoutEnvVar
2026-05-07T17:22:40.2456477Z [       OK ] TestPluginCore.GetPluginSearchPathsWithoutEnvVar (0 ms)
2026-05-07T17:22:40.2456584Z [ RUN      ] TestPluginCore.GetPluginSearchPathsWithEmptyEnvVar
2026-05-07T17:22:40.2456699Z [       OK ] TestPluginCore.GetPluginSearchPathsWithEmptyEnvVar (0 ms)
2026-05-07T17:22:40.2456769Z [ RUN      ] TestPluginCore.GetVersion
2026-05-07T17:22:40.2456838Z [       OK ] TestPluginCore.GetVersion (0 ms)
2026-05-07T17:22:40.2456904Z [ RUN      ] TestPluginCore.GetApiVersion
2026-05-07T17:22:40.2456983Z [       OK ] TestPluginCore.GetApiVersion (0 ms)
2026-05-07T17:22:40.2457080Z [ RUN      ] TestPluginCore.GetApiVersionUndefinedFunction
2026-05-07T17:22:40.2457186Z [       OK ] TestPluginCore.GetApiVersionUndefinedFunction (16 ms)
2026-05-07T17:22:40.2457292Z [ RUN      ] TestPluginCore.SetLogLevelPluginReceivesNewLevel
2026-05-07T17:22:40.2457400Z [       OK ] TestPluginCore.SetLogLevelPluginReceivesNewLevel (0 ms)
2026-05-07T17:22:40.2457482Z [----------] 7 tests from TestPluginCore (17 ms total)
2026-05-07T17:22:40.2457486Z 
2026-05-07T17:22:40.2457550Z [----------] 10 tests from TestSharedLibrary
2026-05-07T17:22:40.2457617Z [ RUN      ] TestSharedLibrary.LoadLibraryA
2026-05-07T17:22:40.2457697Z [       OK ] TestSharedLibrary.LoadLibraryA (0 ms)
2026-05-07T17:22:40.2457779Z [ RUN      ] TestSharedLibrary.LoadLibraryWithLibExt
2026-05-07T17:22:40.2457867Z [       OK ] TestSharedLibrary.LoadLibraryWithLibExt (0 ms)
2026-05-07T17:22:40.2457947Z [ RUN      ] TestSharedLibrary.LoadLibraryCtor
2026-05-07T17:22:40.2458024Z [       OK ] TestSharedLibrary.LoadLibraryCtor (0 ms)
2026-05-07T17:22:40.2458105Z [ RUN      ] TestSharedLibrary.LoadLibraryWrongPath
2026-05-07T17:22:40.2458199Z [       OK ] TestSharedLibrary.LoadLibraryWrongPath (0 ms)
2026-05-07T17:22:40.2458287Z [ RUN      ] TestSharedLibrary.LoadLibraryCtorWrongPath
2026-05-07T17:22:40.2458392Z [       OK ] TestSharedLibrary.LoadLibraryCtorWrongPath (0 ms)
2026-05-07T17:22:40.2458456Z [ RUN      ] TestSharedLibrary.GetSymbol
2026-05-07T17:22:40.2458528Z [       OK ] TestSharedLibrary.GetSymbol (0 ms)
2026-05-07T17:22:40.2458615Z [ RUN      ] TestSharedLibrary.GetSymbolUninitialized
2026-05-07T17:22:40.2458707Z [       OK ] TestSharedLibrary.GetSymbolUninitialized (0 ms)
2026-05-07T17:22:40.2458782Z [ RUN      ] TestSharedLibrary.GetSymbolWrongName
2026-05-07T17:22:40.2458872Z [       OK ] TestSharedLibrary.GetSymbolWrongName (0 ms)
2026-05-07T17:22:40.2458942Z [ RUN      ] TestSharedLibrary.CallFunction
2026-05-07T17:22:40.2459012Z [       OK ] TestSharedLibrary.CallFunction (0 ms)
2026-05-07T17:22:40.2459202Z [ RUN      ] TestSharedLibrary.GetCurrentModuleDirectoryFromExecutable
2026-05-07T17:22:40.2459336Z [       OK ] TestSharedLibrary.GetCurrentModuleDirectoryFromExecutable (0 ms)
2026-05-07T17:22:40.2459424Z [----------] 10 tests from TestSharedLibrary (2 ms total)
2026-05-07T17:22:40.2459430Z 
2026-05-07T17:22:40.2459490Z [----------] 2 tests from TestVersion
2026-05-07T17:22:40.2459559Z [ RUN      ] TestVersion.ParsedSuccessfully
2026-05-07T17:22:40.2459636Z [       OK ] TestVersion.ParsedSuccessfully (0 ms)
2026-05-07T17:22:40.2459698Z [ RUN      ] TestVersion.PositiveVersion
2026-05-07T17:22:40.2459768Z [       OK ] TestVersion.PositiveVersion (0 ms)
2026-05-07T17:22:40.2459843Z [----------] 2 tests from TestVersion (0 ms total)
2026-05-07T17:22:40.2459846Z 
2026-05-07T17:22:40.2459912Z [----------] 10 tests from TestEngineOrdering
2026-05-07T17:22:40.2459984Z [ RUN      ] TestEngineOrdering.EmptyVector
2026-05-07T17:22:40.2460055Z [       OK ] TestEngineOrdering.EmptyVector (0 ms)
2026-05-07T17:22:40.2460128Z [ RUN      ] TestEngineOrdering.SingleElement
2026-05-07T17:22:40.2460210Z [       OK ] TestEngineOrdering.SingleElement (0 ms)
2026-05-07T17:22:40.2460308Z [ RUN      ] TestEngineOrdering.OnlyMiopenEngineDeterministic
2026-05-07T17:22:40.2460628Z [       OK ] TestEngineOrdering.OnlyMiopenEngineDeterministic (0 ms)
2026-05-07T17:22:40.2460711Z [ RUN      ] TestEngineOrdering.BothMiopenEngines
2026-05-07T17:22:40.2460793Z [       OK ] TestEngineOrdering.BothMiopenEngines (0 ms)
2026-05-07T17:22:40.2460881Z [ RUN      ] TestEngineOrdering.MiopenEnginesWithOthers
2026-05-07T17:22:40.2460980Z [       OK ] TestEngineOrdering.MiopenEnginesWithOthers (0 ms)
2026-05-07T17:22:40.2461054Z [ RUN      ] TestEngineOrdering.OnlyOtherEngines
2026-05-07T17:22:40.2461144Z [       OK ] TestEngineOrdering.OnlyOtherEngines (0 ms)
2026-05-07T17:22:40.2461219Z [ RUN      ] TestEngineOrdering.ComplexScenario
2026-05-07T17:22:40.2461301Z [       OK ] TestEngineOrdering.ComplexScenario (0 ms)
2026-05-07T17:22:40.2461407Z [ RUN      ] TestEngineOrdering.StableOrderPreservedForOthers
2026-05-07T17:22:40.2461518Z [       OK ] TestEngineOrdering.StableOrderPreservedForOthers (0 ms)
2026-05-07T17:22:40.2461589Z [ RUN      ] TestEngineOrdering.IsIdempotent
2026-05-07T17:22:40.2461674Z [       OK ] TestEngineOrdering.IsIdempotent (0 ms)
2026-05-07T17:22:40.2461798Z [ RUN      ] TestEngineOrdering.UnknownEngineIdsTreatedAsMiddlePriority
2026-05-07T17:22:40.2461936Z [       OK ] TestEngineOrdering.UnknownEngineIdsTreatedAsMiddlePriority (0 ms)
2026-05-07T17:22:40.2462023Z [----------] 10 tests from TestEngineOrdering (0 ms total)
2026-05-07T17:22:40.2462027Z 
2026-05-07T17:22:40.2462242Z [----------] 5 tests from RequiredAttributes/TestBlockScaleDequantizeOperationDescriptorFinalizeFailsWithout
2026-05-07T17:22:40.2462512Z [ RUN      ] RequiredAttributes/TestBlockScaleDequantizeOperationDescriptorFinalizeFailsWithout.FinalizeFailsWithout/0
2026-05-07T17:22:40.2462793Z [       OK ] RequiredAttributes/TestBlockScaleDequantizeOperationDescriptorFinalizeFailsWithout.FinalizeFailsWithout/0 (0 ms)
2026-05-07T17:22:40.2463059Z [ RUN      ] RequiredAttributes/TestBlockScaleDequantizeOperationDescriptorFinalizeFailsWithout.FinalizeFailsWithout/1
2026-05-07T17:22:40.2463332Z [       OK ] RequiredAttributes/TestBlockScaleDequantizeOperationDescriptorFinalizeFailsWithout.FinalizeFailsWithout/1 (0 ms)
2026-05-07T17:22:40.2463580Z [ RUN      ] RequiredAttributes/TestBlockScaleDequantizeOperationDescriptorFinalizeFailsWithout.FinalizeFailsWithout/2
2026-05-07T17:22:40.2463848Z [       OK ] RequiredAttributes/TestBlockScaleDequantizeOperationDescriptorFinalizeFailsWithout.FinalizeFailsWithout/2 (0 ms)
2026-05-07T17:22:40.2464099Z [ RUN      ] RequiredAttributes/TestBlockScaleDequantizeOperationDescriptorFinalizeFailsWithout.FinalizeFailsWithout/3
2026-05-07T17:22:40.2464361Z [       OK ] RequiredAttributes/TestBlockScaleDequantizeOperationDescriptorFinalizeFailsWithout.FinalizeFailsWithout/3 (0 ms)
2026-05-07T17:22:40.2464682Z [ RUN      ] RequiredAttributes/TestBlockScaleDequantizeOperationDescriptorFinalizeFailsWithout.FinalizeFailsWithout/4
2026-05-07T17:22:40.2464945Z [       OK ] RequiredAttributes/TestBlockScaleDequantizeOperationDescriptorFinalizeFailsWithout.FinalizeFailsWithout/4 (0 ms)
2026-05-07T17:22:40.2465194Z [----------] 5 tests from RequiredAttributes/TestBlockScaleDequantizeOperationDescriptorFinalizeFailsWithout (0 ms total)
2026-05-07T17:22:40.2465198Z 
2026-05-07T17:22:40.2465356Z [----------] 6 tests from AllTensors/TestBlockScaleDequantizeOperationDescriptorGetTensor
2026-05-07T17:22:40.2465651Z [ RUN      ] AllTensors/TestBlockScaleDequantizeOperationDescriptorGetTensor.GetAttributeTensorDescriptorReturnsCorrectTensor/X
2026-05-07T17:22:40.2465966Z [       OK ] AllTensors/TestBlockScaleDequantizeOperationDescriptorGetTensor.GetAttributeTensorDescriptorReturnsCorrectTensor/X (0 ms)
2026-05-07T17:22:40.2466279Z [ RUN      ] AllTensors/TestBlockScaleDequantizeOperationDescriptorGetTensor.GetAttributeTensorDescriptorReturnsCorrectTensor/Scale
2026-05-07T17:22:40.2466615Z [       OK ] AllTensors/TestBlockScaleDequantizeOperationDescriptorGetTensor.GetAttributeTensorDescriptorReturnsCorrectTensor/Scale (0 ms)
2026-05-07T17:22:40.2467069Z [ RUN      ] AllTensors/TestBlockScaleDequantizeOperationDescriptorGetTensor.GetAttributeTensorDescriptorReturnsCorrectTensor/Y
2026-05-07T17:22:40.2467387Z [       OK ] AllTensors/TestBlockScaleDequantizeOperationDescriptorGetTensor.GetAttributeTensorDescriptorReturnsCorrectTensor/Y (0 ms)
2026-05-07T17:22:40.2467594Z [ RUN      ] AllTensors/TestBlockScaleDequantizeOperationDescriptorGetTensor.QueryModeReturnsOne/X
2026-05-07T17:22:40.2467812Z [       OK ] AllTensors/TestBlockScaleDequantizeOperationDescriptorGetTensor.QueryModeReturnsOne/X (0 ms)
2026-05-07T17:22:40.2468023Z [ RUN      ] AllTensors/TestBlockScaleDequantizeOperationDescriptorGetTensor.QueryModeReturnsOne/Scale
2026-05-07T17:22:40.2468241Z [       OK ] AllTensors/TestBlockScaleDequantizeOperationDescriptorGetTensor.QueryModeReturnsOne/Scale (0 ms)
2026-05-07T17:22:40.2468437Z [ RUN      ] AllTensors/TestBlockScaleDequantizeOperationDescriptorGetTensor.QueryModeReturnsOne/Y
2026-05-07T17:22:40.2468653Z [       OK ] AllTensors/TestBlockScaleDequantizeOperationDescriptorGetTensor.QueryModeReturnsOne/Y (0 ms)
2026-05-07T17:22:40.2468834Z [----------] 6 tests from AllTensors/TestBlockScaleDequantizeOperationDescriptorGetTensor (0 ms total)
2026-05-07T17:22:40.2468838Z 
2026-05-07T17:22:40.2469039Z [----------] 5 tests from RequiredAttributes/TestBlockScaleQuantizeOperationDescriptorFinalizeFailsWithout
2026-05-07T17:22:40.2469290Z [ RUN      ] RequiredAttributes/TestBlockScaleQuantizeOperationDescriptorFinalizeFailsWithout.FinalizeFailsWithout/0
2026-05-07T17:22:40.2469553Z [       OK ] RequiredAttributes/TestBlockScaleQuantizeOperationDescriptorFinalizeFailsWithout.FinalizeFailsWithout/0 (0 ms)
2026-05-07T17:22:40.2469811Z [ RUN      ] RequiredAttributes/TestBlockScaleQuantizeOperationDescriptorFinalizeFailsWithout.FinalizeFailsWithout/1
2026-05-07T17:22:40.2470071Z [       OK ] RequiredAttributes/TestBlockScaleQuantizeOperationDescriptorFinalizeFailsWithout.FinalizeFailsWithout/1 (0 ms)
2026-05-07T17:22:40.2470322Z [ RUN      ] RequiredAttributes/TestBlockScaleQuantizeOperationDescriptorFinalizeFailsWithout.FinalizeFailsWithout/2
2026-05-07T17:22:40.2470577Z [       OK ] RequiredAttributes/TestBlockScaleQuantizeOperationDescriptorFinalizeFailsWithout.FinalizeFailsWithout/2 (0 ms)
2026-05-07T17:22:40.2470821Z [ RUN      ] RequiredAttributes/TestBlockScaleQuantizeOperationDescriptorFinalizeFailsWithout.FinalizeFailsWithout/3
2026-05-07T17:22:40.2471090Z [       OK ] RequiredAttributes/TestBlockScaleQuantizeOperationDescriptorFinalizeFailsWithout.FinalizeFailsWithout/3 (0 ms)
2026-05-07T17:22:40.2471335Z [ RUN      ] RequiredAttributes/TestBlockScaleQuantizeOperationDescriptorFinalizeFailsWithout.FinalizeFailsWithout/4
2026-05-07T17:22:40.2471659Z [       OK ] RequiredAttributes/TestBlockScaleQuantizeOperationDescriptorFinalizeFailsWithout.FinalizeFailsWithout/4 (0 ms)
2026-05-07T17:22:40.2471892Z [----------] 5 tests from RequiredAttributes/TestBlockScaleQuantizeOperationDescriptorFinalizeFailsWithout (0 ms total)
2026-05-07T17:22:40.2471898Z 
2026-05-07T17:22:40.2472015Z [----------] 3 tests from AllRequiredTensors/TestBsqMissingRequiredTensor
2026-05-07T17:22:40.2472204Z [ RUN      ] AllRequiredTensors/TestBsqMissingRequiredTensor.FailsWithMissingRequiredTensor/0
2026-05-07T17:22:40.2472392Z [       OK ] AllRequiredTensors/TestBsqMissingRequiredTensor.FailsWithMissingRequiredTensor/0 (0 ms)
2026-05-07T17:22:40.2472578Z [ RUN      ] AllRequiredTensors/TestBsqMissingRequiredTensor.FailsWithMissingRequiredTensor/1
2026-05-07T17:22:40.2472767Z [       OK ] AllRequiredTensors/TestBsqMissingRequiredTensor.FailsWithMissingRequiredTensor/1 (0 ms)
2026-05-07T17:22:40.2472949Z [ RUN      ] AllRequiredTensors/TestBsqMissingRequiredTensor.FailsWithMissingRequiredTensor/2
2026-05-07T17:22:40.2473145Z [       OK ] AllRequiredTensors/TestBsqMissingRequiredTensor.FailsWithMissingRequiredTensor/2 (0 ms)
2026-05-07T17:22:40.2473285Z [----------] 3 tests from AllRequiredTensors/TestBsqMissingRequiredTensor (0 ms total)
2026-05-07T17:22:40.2473455Z 
2026-05-07T17:22:40.2473583Z [----------] 11 tests from AllDataTypes/TestTensorDescriptorDataTypeRoundTrip
2026-05-07T17:22:40.2473744Z [ RUN      ] AllDataTypes/TestTensorDescriptorDataTypeRoundTrip.SetAndGetDataType/Float
2026-05-07T17:22:40.2473921Z [       OK ] AllDataTypes/TestTensorDescriptorDataTypeRoundTrip.SetAndGetDataType/Float (0 ms)
2026-05-07T17:22:40.2474091Z [ RUN      ] AllDataTypes/TestTensorDescriptorDataTypeRoundTrip.SetAndGetDataType/Double
2026-05-07T17:22:40.2474266Z [       OK ] AllDataTypes/TestTensorDescriptorDataTypeRoundTrip.SetAndGetDataType/Double (0 ms)
2026-05-07T17:22:40.2474456Z [ RUN      ] AllDataTypes/TestTensorDescriptorDataTypeRoundTrip.SetAndGetDataType/Half
2026-05-07T17:22:40.2474632Z [       OK ] AllDataTypes/TestTensorDescriptorDataTypeRoundTrip.SetAndGetDataType/Half (0 ms)
2026-05-07T17:22:40.2474785Z [ RUN      ] AllDataTypes/TestTensorDescriptorDataTypeRoundTrip.SetAndGetDataType/Int8
2026-05-07T17:22:40.2474962Z [       OK ] AllDataTypes/TestTensorDescriptorDataTypeRoundTrip.SetAndGetDataType/Int8 (0 ms)
2026-05-07T17:22:40.2475118Z [ RUN      ] AllDataTypes/TestTensorDescriptorDataTypeRoundTrip.SetAndGetDataType/Int32
2026-05-07T17:22:40.2475288Z [       OK ] AllDataTypes/TestTensorDescriptorDataTypeRoundTrip.SetAndGetDataType/Int32 (0 ms)
2026-05-07T17:22:40.2475449Z [ RUN      ] AllDataTypes/TestTensorDescriptorDataTypeRoundTrip.SetAndGetDataType/Uint8
2026-05-07T17:22:40.2475617Z [       OK ] AllDataTypes/TestTensorDescriptorDataTypeRoundTrip.SetAndGetDataType/Uint8 (0 ms)
2026-05-07T17:22:40.2475788Z [ RUN      ] AllDataTypes/TestTensorDescriptorDataTypeRoundTrip.SetAndGetDataType/BFloat16
2026-05-07T17:22:40.2475966Z [       OK ] AllDataTypes/TestTensorDescriptorDataTypeRoundTrip.SetAndGetDataType/BFloat16 (0 ms)
2026-05-07T17:22:40.2476132Z [ RUN      ] AllDataTypes/TestTensorDescriptorDataTypeRoundTrip.SetAndGetDataType/Fp8E4M3
2026-05-07T17:22:40.2476312Z [       OK ] AllDataTypes/TestTensorDescriptorDataTypeRoundTrip.SetAndGetDataType/Fp8E4M3 (0 ms)
2026-05-07T17:22:40.2476476Z [ RUN      ] AllDataTypes/TestTensorDescriptorDataTypeRoundTrip.SetAndGetDataType/Fp8E5M2
2026-05-07T17:22:40.2476649Z [       OK ] AllDataTypes/TestTensorDescriptorDataTypeRoundTrip.SetAndGetDataType/Fp8E5M2 (0 ms)
2026-05-07T17:22:40.2476811Z [ RUN      ] AllDataTypes/TestTensorDescriptorDataTypeRoundTrip.SetAndGetDataType/Int64
2026-05-07T17:22:40.2476978Z [       OK ] AllDataTypes/TestTensorDescriptorDataTypeRoundTrip.SetAndGetDataType/Int64 (0 ms)
2026-05-07T17:22:40.2477142Z [ RUN      ] AllDataTypes/TestTensorDescriptorDataTypeRoundTrip.SetAndGetDataType/Boolean
2026-05-07T17:22:40.2477314Z [       OK ] AllDataTypes/TestTensorDescriptorDataTypeRoundTrip.SetAndGetDataType/Boolean (0 ms)
2026-05-07T17:22:40.2477523Z [----------] 11 tests from AllDataTypes/TestTensorDescriptorDataTypeRoundTrip (0 ms total)
2026-05-07T17:22:40.2477527Z 
2026-05-07T17:22:40.2477710Z [----------] 6 tests from RequiredAttributes/TestBatchnormOperationDescriptorFinalizeFailsWithout
2026-05-07T17:22:40.2477943Z [ RUN      ] RequiredAttributes/TestBatchnormOperationDescriptorFinalizeFailsWithout.FinalizeFailsWithout/0
2026-05-07T17:22:40.2478182Z [       OK ] RequiredAttributes/TestBatchnormOperationDescriptorFinalizeFailsWithout.FinalizeFailsWithout/0 (0 ms)
2026-05-07T17:22:40.2478410Z [ RUN      ] RequiredAttributes/TestBatchnormOperationDescriptorFinalizeFailsWithout.FinalizeFailsWithout/1
2026-05-07T17:22:40.2478641Z [       OK ] RequiredAttributes/TestBatchnormOperationDescriptorFinalizeFailsWithout.FinalizeFailsWithout/1 (0 ms)
2026-05-07T17:22:40.2478865Z [ RUN      ] RequiredAttributes/TestBatchnormOperationDescriptorFinalizeFailsWithout.FinalizeFailsWithout/2
2026-05-07T17:22:40.2479100Z [       OK ] RequiredAttributes/TestBatchnormOperationDescriptorFinalizeFailsWithout.FinalizeFailsWithout/2 (0 ms)
2026-05-07T17:22:40.2479325Z [ RUN      ] RequiredAttributes/TestBatchnormOperationDescriptorFinalizeFailsWithout.FinalizeFailsWithout/3
2026-05-07T17:22:40.2479723Z [       OK ] RequiredAttributes/TestBatchnormOperationDescriptorFinalizeFailsWithout.FinalizeFailsWithout/3 (0 ms)
2026-05-07T17:22:40.2479944Z [ RUN      ] RequiredAttributes/TestBatchnormOperationDescriptorFinalizeFailsWithout.FinalizeFailsWithout/4
2026-05-07T17:22:40.2480185Z [       OK ] RequiredAttributes/TestBatchnormOperationDescriptorFinalizeFailsWithout.FinalizeFailsWithout/4 (0 ms)
2026-05-07T17:22:40.2480408Z [ RUN      ] RequiredAttributes/TestBatchnormOperationDescriptorFinalizeFailsWithout.FinalizeFailsWithout/5
2026-05-07T17:22:40.2480648Z [       OK ] RequiredAttributes/TestBatchnormOperationDescriptorFinalizeFailsWithout.FinalizeFailsWithout/5 (0 ms)
2026-05-07T17:22:40.2480855Z [----------] 6 tests from RequiredAttributes/TestBatchnormOperationDescriptorFinalizeFailsWithout (0 ms total)
2026-05-07T17:22:40.2480858Z 
2026-05-07T17:22:40.2480986Z [----------] 24 tests from AllTensors/TestBatchnormOperationDescriptorGetTensor
2026-05-07T17:22:40.2481251Z [ RUN      ] AllTensors/TestBatchnormOperationDescriptorGetTensor.GetAttributeTensorDescriptorReturnsCorrectTensor/X
2026-05-07T17:22:40.2481519Z [       OK ] AllTensors/TestBatchnormOperationDescriptorGetTensor.GetAttributeTensorDescriptorReturnsCorrectTensor/X (0 ms)
2026-05-07T17:22:40.2481796Z [ RUN      ] AllTensors/TestBatchnormOperationDescriptorGetTensor.GetAttributeTensorDescriptorReturnsCorrectTensor/Scale
2026-05-07T17:22:40.2482073Z [       OK ] AllTensors/TestBatchnormOperationDescriptorGetTensor.GetAttributeTensorDescriptorReturnsCorrectTensor/Scale (0 ms)
2026-05-07T17:22:40.2482341Z [ RUN      ] AllTensors/TestBatchnormOperationDescriptorGetTensor.GetAttributeTensorDescriptorReturnsCorrectTensor/Bias
2026-05-07T17:22:40.2482625Z [       OK ] AllTensors/TestBatchnormOperationDescriptorGetTensor.GetAttributeTensorDescriptorReturnsCorrectTensor/Bias (0 ms)
2026-05-07T17:22:40.2482892Z [ RUN      ] AllTensors/TestBatchnormOperationDescriptorGetTensor.GetAttributeTensorDescriptorReturnsCorrectTensor/Epsilon
2026-05-07T17:22:40.2483178Z [       OK ] AllTensors/TestBatchnormOperationDescriptorGetTensor.GetAttributeTensorDescriptorReturnsCorrectTensor/Epsilon (0 ms)
2026-05-07T17:22:40.2483437Z [ RUN      ] AllTensors/TestBatchnormOperationDescriptorGetTensor.GetAttributeTensorDescriptorReturnsCorrectTensor/Y
2026-05-07T17:22:40.2483712Z [       OK ] AllTensors/TestBatchnormOperationDescriptorGetTensor.GetAttributeTensorDescriptorReturnsCorrectTensor/Y (0 ms)
2026-05-07T17:22:40.2483983Z [ RUN      ] AllTensors/TestBatchnormOperationDescriptorGetTensor.GetAttributeTensorDescriptorReturnsCorrectTensor/Mean
2026-05-07T17:22:40.2484254Z [       OK ] AllTensors/TestBatchnormOperationDescriptorGetTensor.GetAttributeTensorDescriptorReturnsCorrectTensor/Mean (0 ms)
2026-05-07T17:22:40.2484590Z [ RUN      ] AllTensors/TestBatchnormOperationDescriptorGetTensor.GetAttributeTensorDescriptorReturnsCorrectTensor/InvVariance
2026-05-07T17:22:40.2484886Z [       OK ] AllTensors/TestBatchnormOperationDescriptorGetTensor.GetAttributeTensorDescriptorReturnsCorrectTensor/InvVariance (0 ms)
2026-05-07T17:22:40.2485162Z [ RUN      ] AllTensors/TestBatchnormOperationDescriptorGetTensor.GetAttributeTensorDescriptorReturnsCorrectTensor/PrevRunMean
2026-05-07T17:22:40.2485457Z [       OK ] AllTensors/TestBatchnormOperationDescriptorGetTensor.GetAttributeTensorDescriptorReturnsCorrectTensor/PrevRunMean (0 ms)
2026-05-07T17:22:40.2485727Z [ RUN      ] AllTensors/TestBatchnormOperationDescriptorGetTensor.GetAttributeTensorDescriptorReturnsCorrectTensor/PrevRunVar
2026-05-07T17:22:40.2486013Z [       OK ] AllTensors/TestBatchnormOperationDescriptorGetTensor.GetAttributeTensorDescriptorReturnsCorrectTensor/PrevRunVar (0 ms)
2026-05-07T17:22:40.2486287Z [ RUN      ] AllTensors/TestBatchnormOperationDescriptorGetTensor.GetAttributeTensorDescriptorReturnsCorrectTensor/Momentum
2026-05-07T17:22:40.2486567Z [       OK ] AllTensors/TestBatchnormOperationDescriptorGetTensor.GetAttributeTensorDescriptorReturnsCorrectTensor/Momentum (0 ms)
2026-05-07T17:22:40.2487007Z [ RUN      ] AllTensors/TestBatchnormOperationDescriptorGetTensor.GetAttributeTensorDescriptorReturnsCorrectTensor/NextRunMean
2026-05-07T17:22:40.2487293Z [       OK ] AllTensors/TestBatchnormOperationDescriptorGetTensor.GetAttributeTensorDescriptorReturnsCorrectTensor/NextRunMean (0 ms)
2026-05-07T17:22:40.2487568Z [ RUN      ] AllTensors/TestBatchnormOperationDescriptorGetTensor.GetAttributeTensorDescriptorReturnsCorrectTensor/NextRunVar
2026-05-07T17:22:40.2487854Z [       OK ] AllTensors/TestBatchnormOperationDescriptorGetTensor.GetAttributeTensorDescriptorReturnsCorrectTensor/NextRunVar (0 ms)
2026-05-07T17:22:40.2488019Z [ RUN      ] AllTensors/TestBatchnormOperationDescriptorGetTensor.QueryModeReturnsOne/X
2026-05-07T17:22:40.2488204Z [       OK ] AllTensors/TestBatchnormOperationDescriptorGetTensor.QueryModeReturnsOne/X (0 ms)
2026-05-07T17:22:40.2488375Z [ RUN      ] AllTensors/TestBatchnormOperationDescriptorGetTensor.QueryModeReturnsOne/Scale
2026-05-07T17:22:40.2488563Z [       OK ] AllTensors/TestBatchnormOperationDescriptorGetTensor.QueryModeReturnsOne/Scale (0 ms)
2026-05-07T17:22:40.2488734Z [ RUN      ] AllTensors/TestBatchnormOperationDescriptorGetTensor.QueryModeReturnsOne/Bias
2026-05-07T17:22:40.2488914Z [       OK ] AllTensors/TestBatchnormOperationDescriptorGetTensor.QueryModeReturnsOne/Bias (0 ms)
2026-05-07T17:22:40.2489095Z [ RUN      ] AllTensors/TestBatchnormOperationDescriptorGetTensor.QueryModeReturnsOne/Epsilon
2026-05-07T17:22:40.2489286Z [       OK ] AllTensors/TestBatchnormOperationDescriptorGetTensor.QueryModeReturnsOne/Epsilon (0 ms)
2026-05-07T17:22:40.2489452Z [ RUN      ] AllTensors/TestBatchnormOperationDescriptorGetTensor.QueryModeReturnsOne/Y
2026-05-07T17:22:40.2489632Z [       OK ] AllTensors/TestBatchnormOperationDescriptorGetTensor.QueryModeReturnsOne/Y (0 ms)
2026-05-07T17:22:40.2489796Z [ RUN      ] AllTensors/TestBatchnormOperationDescriptorGetTensor.QueryModeReturnsOne/Mean
2026-05-07T17:22:40.2489982Z [       OK ] AllTensors/TestBatchnormOperationDescriptorGetTensor.QueryModeReturnsOne/Mean (0 ms)
2026-05-07T17:22:40.2490163Z [ RUN      ] AllTensors/TestBatchnormOperationDescriptorGetTensor.QueryModeReturnsOne/InvVariance
2026-05-07T17:22:40.2490366Z [       OK ] AllTensors/TestBatchnormOperationDescriptorGetTensor.QueryModeReturnsOne/InvVariance (0 ms)
2026-05-07T17:22:40.2490557Z [ RUN      ] AllTensors/TestBatchnormOperationDescriptorGetTensor.QueryModeReturnsOne/PrevRunMean
2026-05-07T17:22:40.2490759Z [       OK ] AllTensors/TestBatchnormOperationDescriptorGetTensor.QueryModeReturnsOne/PrevRunMean (0 ms)
2026-05-07T17:22:40.2490942Z [ RUN      ] AllTensors/TestBatchnormOperationDescriptorGetTensor.QueryModeReturnsOne/PrevRunVar
2026-05-07T17:22:40.2491215Z [       OK ] AllTensors/TestBatchnormOperationDescriptorGetTensor.QueryModeReturnsOne/PrevRunVar (0 ms)
2026-05-07T17:22:40.2491391Z [ RUN      ] AllTensors/TestBatchnormOperationDescriptorGetTensor.QueryModeReturnsOne/Momentum
2026-05-07T17:22:40.2491587Z [       OK ] AllTensors/TestBatchnormOperationDescriptorGetTensor.QueryModeReturnsOne/Momentum (0 ms)
2026-05-07T17:22:40.2491772Z [ RUN      ] AllTensors/TestBatchnormOperationDescriptorGetTensor.QueryModeReturnsOne/NextRunMean
2026-05-07T17:22:40.2491977Z [       OK ] AllTensors/TestBatchnormOperationDescriptorGetTensor.QueryModeReturnsOne/NextRunMean (0 ms)
2026-05-07T17:22:40.2492166Z [ RUN      ] AllTensors/TestBatchnormOperationDescriptorGetTensor.QueryModeReturnsOne/NextRunVar
2026-05-07T17:22:40.2492363Z [       OK ] AllTensors/TestBatchnormOperationDescriptorGetTensor.QueryModeReturnsOne/NextRunVar (0 ms)
2026-05-07T17:22:40.2492529Z [----------] 24 tests from AllTensors/TestBatchnormOperationDescriptorGetTensor (0 ms total)
2026-05-07T17:22:40.2492532Z 
2026-05-07T17:22:40.2492638Z [----------] 3 tests from ConvOps/TestGraphDescriptorEquivalence
2026-05-07T17:22:40.2492787Z [ RUN      ] ConvOps/TestGraphDescriptorEquivalence.ConvOpEquivalence/SingleConvOp
2026-05-07T17:22:40.2493109Z [       OK ] ConvOps/TestGraphDescriptorEquivalence.ConvOpEquivalence/SingleConvOp (0 ms)
2026-05-07T17:22:40.2493255Z [ RUN      ] ConvOps/TestGraphDescriptorEquivalence.ConvOpEquivalence/HalfPrecision
2026-05-07T17:22:40.2493412Z [       OK ] ConvOps/TestGraphDescriptorEquivalence.ConvOpEquivalence/HalfPrecision (0 ms)
2026-05-07T17:22:40.2493588Z [ RUN      ] ConvOps/TestGraphDescriptorEquivalence.ConvOpEquivalence/NonUnitStrideAndDilation
2026-05-07T17:22:40.2493774Z [       OK ] ConvOps/TestGraphDescriptorEquivalence.ConvOpEquivalence/NonUnitStrideAndDilation (0 ms)
2026-05-07T17:22:40.2493899Z [----------] 3 tests from ConvOps/TestGraphDescriptorEquivalence (0 ms total)
2026-05-07T17:22:40.2493902Z 
2026-05-07T17:22:40.2494078Z [----------] 7 tests from RequiredAttributes/TestLayernormOperationDescriptorFinalizeFailsWithout
2026-05-07T17:22:40.2494305Z [ RUN      ] RequiredAttributes/TestLayernormOperationDescriptorFinalizeFailsWithout.FinalizeFailsWithout/0
2026-05-07T17:22:40.2494580Z [       OK ] RequiredAttributes/TestLayernormOperationDescriptorFinalizeFailsWithout.FinalizeFailsWithout/0 (0 ms)
2026-05-07T17:22:40.2494798Z [ RUN      ] RequiredAttributes/TestLayernormOperationDescriptorFinalizeFailsWithout.FinalizeFailsWithout/1
2026-05-07T17:22:40.2495032Z [       OK ] RequiredAttributes/TestLayernormOperationDescriptorFinalizeFailsWithout.FinalizeFailsWithout/1 (0 ms)
2026-05-07T17:22:40.2495253Z [ RUN      ] RequiredAttributes/TestLayernormOperationDescriptorFinalizeFailsWithout.FinalizeFailsWithout/2
2026-05-07T17:22:40.2495482Z [       OK ] RequiredAttributes/TestLayernormOperationDescriptorFinalizeFailsWithout.FinalizeFailsWithout/2 (0 ms)
2026-05-07T17:22:40.2495707Z [ RUN      ] RequiredAttributes/TestLayernormOperationDescriptorFinalizeFailsWithout.FinalizeFailsWithout/3
2026-05-07T17:22:40.2495937Z [       OK ] RequiredAttributes/TestLayernormOperationDescriptorFinalizeFailsWithout.FinalizeFailsWithout/3 (0 ms)
2026-05-07T17:22:40.2496156Z [ RUN      ] RequiredAttributes/TestLayernormOperationDescriptorFinalizeFailsWithout.FinalizeFailsWithout/4
2026-05-07T17:22:40.2496390Z [       OK ] RequiredAttributes/TestLayernormOperationDescriptorFinalizeFailsWithout.FinalizeFailsWithout/4 (0 ms)
2026-05-07T17:22:40.2496611Z [ RUN      ] RequiredAttributes/TestLayernormOperationDescriptorFinalizeFailsWithout.FinalizeFailsWithout/5
2026-05-07T17:22:40.2496848Z [       OK ] RequiredAttributes/TestLayernormOperationDescriptorFinalizeFailsWithout.FinalizeFailsWithout/5 (0 ms)
2026-05-07T17:22:40.2497063Z [ RUN      ] RequiredAttributes/TestLayernormOperationDescriptorFinalizeFailsWithout.FinalizeFailsWithout/6
2026-05-07T17:22:40.2497343Z [       OK ] RequiredAttributes/TestLayernormOperationDescriptorFinalizeFailsWithout.FinalizeFailsWithout/6 (0 ms)
2026-05-07T17:22:40.2497609Z [----------] 7 tests from RequiredAttributes/TestLayernormOperationDescriptorFinalizeFailsWithout (0 ms total)
2026-05-07T17:22:40.2497612Z 
2026-05-07T17:22:40.2497739Z [----------] 14 tests from AllTensors/TestLayernormOperationDescriptorGetTensor
2026-05-07T17:22:40.2498003Z [ RUN      ] AllTensors/TestLayernormOperationDescriptorGetTensor.GetAttributeTensorDescriptorReturnsCorrectTensor/X
2026-05-07T17:22:40.2498271Z [       OK ] AllTensors/TestLayernormOperationDescriptorGetTensor.GetAttributeTensorDescriptorReturnsCorrectTensor/X (0 ms)
2026-05-07T17:22:40.2498539Z [ RUN      ] AllTensors/TestLayernormOperationDescriptorGetTensor.GetAttributeTensorDescriptorReturnsCorrectTensor/Scale
2026-05-07T17:22:40.2498824Z [       OK ] AllTensors/TestLayernormOperationDescriptorGetTensor.GetAttributeTensorDescriptorReturnsCorrectTensor/Scale (0 ms)
2026-05-07T17:22:40.2499083Z [ RUN      ] AllTensors/TestLayernormOperationDescriptorGetTensor.GetAttributeTensorDescriptorReturnsCorrectTensor/Bias
2026-05-07T17:22:40.2499364Z [       OK ] AllTensors/TestLayernormOperationDescriptorGetTensor.GetAttributeTensorDescriptorReturnsCorrectTensor/Bias (0 ms)
2026-05-07T17:22:40.2499636Z [ RUN      ] AllTensors/TestLayernormOperationDescriptorGetTensor.GetAttributeTensorDescriptorReturnsCorrectTensor/Epsilon
2026-05-07T17:22:40.2500148Z [       OK ] AllTensors/TestLayernormOperationDescriptorGetTensor.GetAttributeTensorDescriptorReturnsCorrectTensor/Epsilon (0 ms)
2026-05-07T17:22:40.2500406Z [ RUN      ] AllTensors/TestLayernormOperationDescriptorGetTensor.GetAttributeTensorDescriptorReturnsCorrectTensor/Y
2026-05-07T17:22:40.2500671Z [       OK ] AllTensors/TestLayernormOperationDescriptorGetTensor.GetAttributeTensorDescriptorReturnsCorrectTensor/Y (0 ms)
2026-05-07T17:22:40.2500944Z [ RUN      ] AllTensors/TestLayernormOperationDescriptorGetTensor.GetAttributeTensorDescriptorReturnsCorrectTensor/Mean
2026-05-07T17:22:40.2501226Z [       OK ] AllTensors/TestLayernormOperationDescriptorGetTensor.GetAttributeTensorDescriptorReturnsCorrectTensor/Mean (0 ms)
2026-05-07T17:22:40.2501522Z [ RUN      ] AllTensors/TestLayernormOperationDescriptorGetTensor.GetAttributeTensorDescriptorReturnsCorrectTensor/InvVariance
2026-05-07T17:22:40.2501811Z [       OK ] AllTensors/TestLayernormOperationDescriptorGetTensor.GetAttributeTensorDescriptorReturnsCorrectTensor/InvVariance (0 ms)
2026-05-07T17:22:40.2501975Z [ RUN      ] AllTensors/TestLayernormOperationDescriptorGetTensor.QueryModeReturnsOne/X
2026-05-07T17:22:40.2502160Z [       OK ] AllTensors/TestLayernormOperationDescriptorGetTensor.QueryModeReturnsOne/X (0 ms)
2026-05-07T17:22:40.2502329Z [ RUN      ] AllTensors/TestLayernormOperationDescriptorGetTensor.QueryModeReturnsOne/Scale
2026-05-07T17:22:40.2502513Z [       OK ] AllTensors/TestLayernormOperationDescriptorGetTensor.QueryModeReturnsOne/Scale (0 ms)
2026-05-07T17:22:40.2502687Z [ RUN      ] AllTensors/TestLayernormOperationDescriptorGetTensor.QueryModeReturnsOne/Bias
2026-05-07T17:22:40.2502866Z [       OK ] AllTensors/TestLayernormOperationDescriptorGetTensor.QueryModeReturnsOne/Bias (0 ms)
2026-05-07T17:22:40.2503045Z [ RUN      ] AllTensors/TestLayernormOperationDescriptorGetTensor.QueryModeReturnsOne/Epsilon
2026-05-07T17:22:40.2503236Z [       OK ] AllTensors/TestLayernormOperationDescriptorGetTensor.QueryModeReturnsOne/Epsilon (0 ms)
2026-05-07T17:22:40.2503398Z [ RUN      ] AllTensors/TestLayernormOperationDescriptorGetTensor.QueryModeReturnsOne/Y
2026-05-07T17:22:40.2503577Z [       OK ] AllTensors/TestLayernormOperationDescriptorGetTensor.QueryModeReturnsOne/Y (0 ms)
2026-05-07T17:22:40.2503744Z [ RUN      ] AllTensors/TestLayernormOperationDescriptorGetTensor.QueryModeReturnsOne/Mean
2026-05-07T17:22:40.2503925Z [       OK ] AllTensors/TestLayernormOperationDescriptorGetTensor.QueryModeReturnsOne/Mean (0 ms)
2026-05-07T17:22:40.2504110Z [ RUN      ] AllTensors/TestLayernormOperationDescriptorGetTensor.QueryModeReturnsOne/InvVariance
2026-05-07T17:22:40.2504370Z [       OK ] AllTensors/TestLayernormOperationDescriptorGetTensor.QueryModeReturnsOne/InvVariance (0 ms)
2026-05-07T17:22:40.2504533Z [----------] 14 tests from AllTensors/TestLayernormOperationDescriptorGetTensor (0 ms total)
2026-05-07T17:22:40.2504539Z 
2026-05-07T17:22:40.2504684Z [----------] 6 tests from AllAttributes/TestPointwiseOperationDescriptorQueryReturnsOne
2026-05-07T17:22:40.2504882Z [ RUN      ] AllAttributes/TestPointwiseOperationDescriptorQueryReturnsOne.QueryReturnsOne/TensorIn0
2026-05-07T17:22:40.2505091Z [       OK ] AllAttributes/TestPointwiseOperationDescriptorQueryReturnsOne.QueryReturnsOne/TensorIn0 (0 ms)
2026-05-07T17:22:40.2505285Z [ RUN      ] AllAttributes/TestPointwiseOperationDescriptorQueryReturnsOne.QueryReturnsOne/TensorOut0
2026-05-07T17:22:40.2505502Z [       OK ] AllAttributes/TestPointwiseOperationDescriptorQueryReturnsOne.QueryReturnsOne/TensorOut0 (0 ms)
2026-05-07T17:22:40.2505691Z [ RUN      ] AllAttributes/TestPointwiseOperationDescriptorQueryReturnsOne.QueryReturnsOne/TensorIn1
2026-05-07T17:22:40.2505896Z [       OK ] AllAttributes/TestPointwiseOperationDescriptorQueryReturnsOne.QueryReturnsOne/TensorIn1 (0 ms)
2026-05-07T17:22:40.2506092Z [ RUN      ] AllAttributes/TestPointwiseOperationDescriptorQueryReturnsOne.QueryReturnsOne/TensorIn2
2026-05-07T17:22:40.2506357Z [       OK ] AllAttributes/TestPointwiseOperationDescriptorQueryReturnsOne.QueryReturnsOne/TensorIn2 (0 ms)
2026-05-07T17:22:40.2506570Z [ RUN      ] AllAttributes/TestPointwiseOperationDescriptorQueryReturnsOne.QueryReturnsOne/PointwiseMode
2026-05-07T17:22:40.2506791Z [       OK ] AllAttributes/TestPointwiseOperationDescriptorQueryReturnsOne.QueryReturnsOne/PointwiseMode (0 ms)
2026-05-07T17:22:40.2506986Z [ RUN      ] AllAttributes/TestPointwiseOperationDescriptorQueryReturnsOne.QueryReturnsOne/ComputeType
2026-05-07T17:22:40.2507203Z [       OK ] AllAttributes/TestPointwiseOperationDescriptorQueryReturnsOne.QueryReturnsOne/ComputeType (0 ms)
2026-05-07T17:22:40.2507378Z [----------] 6 tests from AllAttributes/TestPointwiseOperationDescriptorQueryReturnsOne (0 ms total)
2026-05-07T17:22:40.2507382Z 
2026-05-07T17:22:40.2507538Z [----------] 6 tests from ScalarAttributes/TestPointwiseOperationDescriptorOptionalFloat
2026-05-07T17:22:40.2507735Z [ RUN      ] ScalarAttributes/TestPointwiseOperationDescriptorOptionalFloat.SetGetValue/ReluLowerClip
2026-05-07T17:22:40.2507941Z [       OK ] ScalarAttributes/TestPointwiseOperationDescriptorOptionalFloat.SetGetValue/ReluLowerClip (0 ms)
2026-05-07T17:22:40.2508135Z [ RUN      ] ScalarAttributes/TestPointwiseOperationDescriptorOptionalFloat.SetGetValue/ReluUpperClip
2026-05-07T17:22:40.2508337Z [       OK ] ScalarAttributes/TestPointwiseOperationDescriptorOptionalFloat.SetGetValue/ReluUpperClip (0 ms)
2026-05-07T17:22:40.2508547Z [ RUN      ] ScalarAttributes/TestPointwiseOperationDescriptorOptionalFloat.SetGetValue/ReluLowerClipSlope
2026-05-07T17:22:40.2508765Z [       OK ] ScalarAttributes/TestPointwiseOperationDescriptorOptionalFloat.SetGetValue/ReluLowerClipSlope (0 ms)
2026-05-07T17:22:40.2508948Z [ RUN      ] ScalarAttributes/TestPointwiseOperationDescriptorOptionalFloat.SetGetValue/SwishBeta
2026-05-07T17:22:40.2509148Z [       OK ] ScalarAttributes/TestPointwiseOperationDescriptorOptionalFloat.SetGetValue/SwishBeta (0 ms)
2026-05-07T17:22:40.2509334Z [ RUN      ] ScalarAttributes/TestPointwiseOperationDescriptorOptionalFloat.SetGetValue/EluAlpha
2026-05-07T17:22:40.2509531Z [       OK ] ScalarAttributes/TestPointwiseOperationDescriptorOptionalFloat.SetGetValue/EluAlpha (0 ms)
2026-05-07T17:22:40.2509717Z [ RUN      ] ScalarAttributes/TestPointwiseOperationDescriptorOptionalFloat.SetGetValue/SoftplusBeta
2026-05-07T17:22:40.2509917Z [       OK ] ScalarAttributes/TestPointwiseOperationDescriptorOptionalFloat.SetGetValue/SoftplusBeta (0 ms)
2026-05-07T17:22:40.2510099Z [----------] 6 tests from ScalarAttributes/TestPointwiseOperationDescriptorOptionalFloat (0 ms total)
2026-05-07T17:22:40.2510103Z 
2026-05-07T17:22:40.2510334Z [----------] 10 tests from RequiredAttributes/TestSdpaBwdOperationDescriptorFinalizeFailsWithout
2026-05-07T17:22:40.2510550Z [ RUN      ] RequiredAttributes/TestSdpaBwdOperationDescriptorFinalizeFailsWithout.FinalizeFailsWithout/0
2026-05-07T17:22:40.2510788Z [       OK ] RequiredAttributes/TestSdpaBwdOperationDescriptorFinalizeFailsWithout.FinalizeFailsWithout/0 (0 ms)
2026-05-07T17:22:40.2511007Z [ RUN      ] RequiredAttributes/TestSdpaBwdOperationDescriptorFinalizeFailsWithout.FinalizeFailsWithout/1
2026-05-07T17:22:40.2511238Z [       OK ] RequiredAttributes/TestSdpaBwdOperationDescriptorFinalizeFailsWithout.FinalizeFailsWithout/1 (0 ms)
2026-05-07T17:22:40.2511449Z [ RUN      ] RequiredAttributes/TestSdpaBwdOperationDescriptorFinalizeFailsWithout.FinalizeFailsWithout/2
2026-05-07T17:22:40.2511671Z [       OK ] RequiredAttributes/TestSdpaBwdOperationDescriptorFinalizeFailsWithout.FinalizeFailsWithout/2 (0 ms)
2026-05-07T17:22:40.2511887Z [ RUN      ] RequiredAttributes/TestSdpaBwdOperationDescriptorFinalizeFailsWithout.FinalizeFailsWithout/3
2026-05-07T17:22:40.2512119Z [       OK ] RequiredAttributes/TestSdpaBwdOperationDescriptorFinalizeFailsWithout.FinalizeFailsWithout/3 (0 ms)
2026-05-07T17:22:40.2512344Z [ RUN      ] RequiredAttributes/TestSdpaBwdOperationDescriptorFinalizeFailsWithout.FinalizeFailsWithout/4
2026-05-07T17:22:40.2512627Z [       OK ] RequiredAttributes/TestSdpaBwdOperationDescriptorFinalizeFailsWithout.FinalizeFailsWithout/4 (0 ms)
2026-05-07T17:22:40.2512838Z [ RUN      ] RequiredAttributes/TestSdpaBwdOperationDescriptorFinalizeFailsWithout.FinalizeFailsWithout/5
2026-05-07T17:22:40.2513063Z [       OK ] RequiredAttributes/TestSdpaBwdOperationDescriptorFinalizeFailsWithout.FinalizeFailsWithout/5 (0 ms)
2026-05-07T17:22:40.2513278Z [ RUN      ] RequiredAttributes/TestSdpaBwdOperationDescriptorFinalizeFailsWithout.FinalizeFailsWithout/6
2026-05-07T17:22:40.2513503Z [       OK ] RequiredAttributes/TestSdpaBwdOperationDescriptorFinalizeFailsWithout.FinalizeFailsWithout/6 (0 ms)
2026-05-07T17:22:40.2513716Z [ RUN      ] RequiredAttributes/TestSdpaBwdOperationDescriptorFinalizeFailsWithout.FinalizeFailsWithout/7
2026-05-07T17:22:40.2513937Z [       OK ] RequiredAttributes/TestSdpaBwdOperationDescriptorFinalizeFailsWithout.FinalizeFailsWithout/7 (0 ms)
2026-05-07T17:22:40.2514170Z [ RUN      ] RequiredAttributes/TestSdpaBwdOperationDescriptorFinalizeFailsWithout.FinalizeFailsWithout/8
2026-05-07T17:22:40.2514449Z [       OK ] RequiredAttributes/TestSdpaBwdOperationDescriptorFinalizeFailsWithout.FinalizeFailsWithout/8 (0 ms)
2026-05-07T17:22:40.2514668Z [ RUN      ] RequiredAttributes/TestSdpaBwdOperationDescriptorFinalizeFailsWithout.FinalizeFailsWithout/9
2026-05-07T17:22:40.2514891Z [       OK ] RequiredAttributes/TestSdpaBwdOperationDescriptorFinalizeFailsWithout.FinalizeFailsWithout/9 (0 ms)
2026-05-07T17:22:40.2515093Z [----------] 10 tests from RequiredAttributes/TestSdpaBwdOperationDescriptorFinalizeFailsWithout (0 ms total)
2026-05-07T17:22:40.2515097Z 
2026-05-07T17:22:40.2515232Z [----------] 9 tests from AllRequiredTensors/TestSdpaBwdMissingRequiredTensor
2026-05-07T17:22:40.2515423Z [ RUN      ] AllRequiredTensors/TestSdpaBwdMissingRequiredTensor.FailsWithMissingRequiredTensor/0
2026-05-07T17:22:40.2515633Z [       OK ] AllRequiredTensors/TestSdpaBwdMissingRequiredTensor.FailsWithMissingRequiredTensor/0 (0 ms)
2026-05-07T17:22:40.2515826Z [ RUN      ] AllRequiredTensors/TestSdpaBwdMissingRequiredTensor.FailsWithMissingRequiredTensor/1
2026-05-07T17:22:40.2516026Z [       OK ] AllRequiredTensors/TestSdpaBwdMissingRequiredTensor.FailsWithMissingRequiredTensor/1 (0 ms)
2026-05-07T17:22:40.2516220Z [ RUN      ] AllRequiredTensors/TestSdpaBwdMissingRequiredTensor.FailsWithMissingRequiredTensor/2
2026-05-07T17:22:40.2516417Z [       OK ] AllRequiredTensors/TestSdpaBwdMissingRequiredTensor.FailsWithMissingRequiredTensor/2 (0 ms)
2026-05-07T17:22:40.2516604Z [ RUN      ] AllRequiredTensors/TestSdpaBwdMissingRequiredTensor.FailsWithMissingRequiredTensor/3
2026-05-07T17:22:40.2516869Z [       OK ] AllRequiredTensors/TestSdpaBwdMissingRequiredTensor.FailsWithMissingRequiredTensor/3 (0 ms)
2026-05-07T17:22:40.2517055Z [ RUN      ] AllRequiredTensors/TestSdpaBwdMissingRequiredTensor.FailsWithMissingRequiredTensor/4
2026-05-07T17:22:40.2517260Z [       OK ] AllRequiredTensors/TestSdpaBwdMissingRequiredTensor.FailsWithMissingRequiredTensor/4 (0 ms)
2026-05-07T17:22:40.2517448Z [ RUN      ] AllRequiredTensors/TestSdpaBwdMissingRequiredTensor.FailsWithMissingRequiredTensor/5
2026-05-07T17:22:40.2517645Z [       OK ] AllRequiredTensors/TestSdpaBwdMissingRequiredTensor.FailsWithMissingRequiredTensor/5 (0 ms)
2026-05-07T17:22:40.2517838Z [ RUN      ] AllRequiredTensors/TestSdpaBwdMissingRequiredTensor.FailsWithMissingRequiredTensor/6
2026-05-07T17:22:40.2518035Z [       OK ] AllRequiredTensors/TestSdpaBwdMissingRequiredTensor.FailsWithMissingRequiredTensor/6 (0 ms)
2026-05-07T17:22:40.2518224Z [ RUN      ] AllRequiredTensors/TestSdpaBwdMissingRequiredTensor.FailsWithMissingRequiredTensor/7
2026-05-07T17:22:40.2518423Z [       OK ] AllRequiredTensors/TestSdpaBwdMissingRequiredTensor.FailsWithMissingRequiredTensor/7 (0 ms)
2026-05-07T17:22:40.2518611Z [ RUN      ] AllRequiredTensors/TestSdpaBwdMissingRequiredTensor.FailsWithMissingRequiredTensor/8
2026-05-07T17:22:40.2518876Z [       OK ] AllRequiredTensors/TestSdpaBwdMissingRequiredTensor.FailsWithMissingRequiredTensor/8 (0 ms)
2026-05-07T17:22:40.2519025Z [----------] 9 tests from AllRequiredTensors/TestSdpaBwdMissingRequiredTensor (0 ms total)
2026-05-07T17:22:40.2519028Z 
2026-05-07T17:22:40.2519206Z [----------] 5 tests from RequiredAttributes/TestSdpaFwdOperationDescriptorFinalizeFailsWithout
2026-05-07T17:22:40.2519420Z [ RUN      ] RequiredAttributes/TestSdpaFwdOperationDescriptorFinalizeFailsWithout.FinalizeFailsWithout/0
2026-05-07T17:22:40.2519645Z [       OK ] RequiredAttributes/TestSdpaFwdOperationDescriptorFinalizeFailsWithout.FinalizeFailsWithout/0 (0 ms)
2026-05-07T17:22:40.2519865Z [ RUN      ] RequiredAttributes/TestSdpaFwdOperationDescriptorFinalizeFailsWithout.FinalizeFailsWithout/1
2026-05-07T17:22:40.2520089Z [       OK ] RequiredAttributes/TestSdpaFwdOperationDescriptorFinalizeFailsWithout.FinalizeFailsWithout/1 (0 ms)
2026-05-07T17:22:40.2520303Z [ RUN      ] RequiredAttributes/TestSdpaFwdOperationDescriptorFinalizeFailsWithout.FinalizeFailsWithout/2
2026-05-07T17:22:40.2520533Z [       OK ] RequiredAttributes/TestSdpaFwdOperationDescriptorFinalizeFailsWithout.FinalizeFailsWithout/2 (0 ms)
2026-05-07T17:22:40.2520742Z [ RUN      ] RequiredAttributes/TestSdpaFwdOperationDescriptorFinalizeFailsWithout.FinalizeFailsWithout/3
2026-05-07T17:22:40.2520977Z [       OK ] RequiredAttributes/TestSdpaFwdOperationDescriptorFinalizeFailsWithout.FinalizeFailsWithout/3 (0 ms)
2026-05-07T17:22:40.2521195Z [ RUN      ] RequiredAttributes/TestSdpaFwdOperationDescriptorFinalizeFailsWithout.FinalizeFailsWithout/4
2026-05-07T17:22:40.2521417Z [       OK ] RequiredAttributes/TestSdpaFwdOperationDescriptorFinalizeFailsWithout.FinalizeFailsWithout/4 (0 ms)
2026-05-07T17:22:40.2521627Z [----------] 5 tests from RequiredAttributes/TestSdpaFwdOperationDescriptorFinalizeFailsWithout (0 ms total)
2026-05-07T17:22:40.2521631Z 
2026-05-07T17:22:40.2521772Z [----------] 64 tests from SdpaFwdQueryMode/TestSdpaFwdOperationDescriptorQueryMode
2026-05-07T17:22:40.2521989Z [ RUN      ] SdpaFwdQueryMode/TestSdpaFwdOperationDescriptorQueryMode.QueryReturnsExpectedElementCount/0
2026-05-07T17:22:40.2522214Z [       OK ] SdpaFwdQueryMode/TestSdpaFwdOperationDescriptorQueryMode.QueryReturnsExpectedElementCount/0 (0 ms)
2026-05-07T17:22:40.2522426Z [ RUN      ] SdpaFwdQueryMode/TestSdpaFwdOperationDescriptorQueryMode.QueryReturnsExpectedElementCount/1
2026-05-07T17:22:40.2522655Z [       OK ] SdpaFwdQueryMode/TestSdpaFwdOperationDescriptorQueryMode.QueryReturnsExpectedElementCount/1 (0 ms)
2026-05-07T17:22:40.2522867Z [ RUN      ] SdpaFwdQueryMode/TestSdpaFwdOperationDescriptorQueryMode.QueryReturnsExpectedElementCount/2
2026-05-07T17:22:40.2523158Z [       OK ] SdpaFwdQueryMode/TestSdpaFwdOperationDescriptorQueryMode.QueryReturnsExpectedElementCount/2 (0 ms)
2026-05-07T17:22:40.2523367Z [ RUN      ] SdpaFwdQueryMode/TestSdpaFwdOperationDescriptorQueryMode.QueryReturnsExpectedElementCount/3
2026-05-07T17:22:40.2523592Z [       OK ] SdpaFwdQueryMode/TestSdpaFwdOperationDescriptorQueryMode.QueryReturnsExpectedElementCount/3 (0 ms)
2026-05-07T17:22:40.2523808Z [ RUN      ] SdpaFwdQueryMode/TestSdpaFwdOperationDescriptorQueryMode.QueryReturnsExpectedElementCount/4
2026-05-07T17:22:40.2524029Z [       OK ] SdpaFwdQueryMode/TestSdpaFwdOperationDescriptorQueryMode.QueryReturnsExpectedElementCount/4 (0 ms)
2026-05-07T17:22:40.2524244Z [ RUN      ] SdpaFwdQueryMode/TestSdpaFwdOperationDescriptorQueryMode.QueryReturnsExpectedElementCount/5
2026-05-07T17:22:40.2524469Z [       OK ] SdpaFwdQueryMode/TestSdpaFwdOperationDescriptorQueryMode.QueryReturnsExpectedElementCount/5 (0 ms)
2026-05-07T17:22:40.2524685Z [ RUN      ] SdpaFwdQueryMode/TestSdpaFwdOperationDescriptorQueryMode.QueryReturnsExpectedElementCount/6
2026-05-07T17:22:40.2524913Z [       OK ] SdpaFwdQueryMode/TestSdpaFwdOperationDescriptorQueryMode.QueryReturnsExpectedElementCount/6 (0 ms)
2026-05-07T17:22:40.2525185Z [ RUN      ] SdpaFwdQueryMode/TestSdpaFwdOperationDescriptorQueryMode.QueryReturnsExpectedElementCount/7
2026-05-07T17:22:40.2525407Z [       OK ] SdpaFwdQueryMode/TestSdpaFwdOperationDescriptorQueryMode.QueryReturnsExpectedElementCount/7 (0 ms)
2026-05-07T17:22:40.2525620Z [ RUN      ] SdpaFwdQueryMode/TestSdpaFwdOperationDescriptorQueryMode.QueryReturnsExpectedElementCount/8
2026-05-07T17:22:40.2525841Z [       OK ] SdpaFwdQueryMode/TestSdpaFwdOperationDescriptorQueryMode.QueryReturnsExpectedElementCount/8 (0 ms)
2026-05-07T17:22:40.2526064Z [ RUN      ] SdpaFwdQueryMode/TestSdpaFwdOperationDescriptorQueryMode.QueryReturnsExpectedElementCount/9
2026-05-07T17:22:40.2526284Z [       OK ] SdpaFwdQueryMode/TestSdpaFwdOperationDescriptorQueryMode.QueryReturnsExpectedElementCount/9 (0 ms)
2026-05-07T17:22:40.2526498Z [ RUN      ] SdpaFwdQueryMode/TestSdpaFwdOperationDescriptorQueryMode.QueryReturnsExpectedElementCount/10
2026-05-07T17:22:40.2526727Z [       OK ] SdpaFwdQueryMode/TestSdpaFwdOperationDescriptorQueryMode.QueryReturnsExpectedElementCount/10 (0 ms)
2026-05-07T17:22:40.2526938Z [ RUN      ] SdpaFwdQueryMode/TestSdpaFwdOperationDescriptorQueryMode.QueryReturnsExpectedElementCount/11
2026-05-07T17:22:40.2527170Z [       OK ] SdpaFwdQueryMode/TestSdpaFwdOperationDescriptorQueryMode.QueryReturnsExpectedElementCount/11 (0 ms)
2026-05-07T17:22:40.2527379Z [ RUN      ] SdpaFwdQueryMode/TestSdpaFwdOperationDescriptorQueryMode.QueryReturnsExpectedElementCount/12
2026-05-07T17:22:40.2527606Z [       OK ] SdpaFwdQueryMode/TestSdpaFwdOperationDescriptorQueryMode.QueryReturnsExpectedElementCount/12 (0 ms)
2026-05-07T17:22:40.2527828Z [ RUN      ] SdpaFwdQueryMode/TestSdpaFwdOperationDescriptorQueryMode.QueryReturnsExpectedElementCount/13
2026-05-07T17:22:40.2528057Z [       OK ] SdpaFwdQueryMode/TestSdpaFwdOperationDescriptorQueryMode.QueryReturnsExpectedElementCount/13 (0 ms)
2026-05-07T17:22:40.2528280Z [ RUN      ] SdpaFwdQueryMode/TestSdpaFwdOperationDescriptorQueryMode.QueryReturnsExpectedElementCount/14
2026-05-07T17:22:40.2528517Z [       OK ] SdpaFwdQueryMode/TestSdpaFwdOperationDescriptorQueryMode.QueryReturnsExpectedElementCount/14 (0 ms)
2026-05-07T17:22:40.2532128Z [ RUN      ] SdpaFwdQueryMode/TestSdpaFwdOperationDescriptorQueryMode.QueryReturnsExpectedElementCount/15
2026-05-07T17:22:40.2532369Z [       OK ] SdpaFwdQueryMode/TestSdpaFwdOperationDescriptorQueryMode.QueryReturnsExpectedElementCount/15 (0 ms)
2026-05-07T17:22:40.2532585Z [ RUN      ] SdpaFwdQueryMode/TestSdpaFwdOperationDescriptorQueryMode.QueryReturnsExpectedElementCount/16
2026-05-07T17:22:40.2532815Z [       OK ] SdpaFwdQueryMode/TestSdpaFwdOperationDescriptorQueryMode.QueryReturnsExpectedElementCount/16 (0 ms)
2026-05-07T17:22:40.2533025Z [ RUN      ] SdpaFwdQueryMode/TestSdpaFwdOperationDescriptorQueryMode.QueryReturnsExpectedElementCount/17
2026-05-07T17:22:40.2533335Z [       OK ] SdpaFwdQueryMode/TestSdpaFwdOperationDescriptorQueryMode.QueryReturnsExpectedElementCount/17 (0 ms)
2026-05-07T17:22:40.2533550Z [ RUN      ] SdpaFwdQueryMode/TestSdpaFwdOperationDescriptorQueryMode.QueryReturnsExpectedElementCount/18
2026-05-07T17:22:40.2533774Z [       OK ] SdpaFwdQueryMode/TestSdpaFwdOperationDescriptorQueryMode.QueryReturnsExpectedElementCount/18 (0 ms)
2026-05-07T17:22:40.2533989Z [ RUN      ] SdpaFwdQueryMode/TestSdpaFwdOperationDescriptorQueryMode.QueryReturnsExpectedElementCount/19
2026-05-07T17:22:40.2534213Z [       OK ] SdpaFwdQueryMode/TestSdpaFwdOperationDescriptorQueryMode.QueryReturnsExpectedElementCount/19 (0 ms)
2026-05-07T17:22:40.2534470Z [ RUN      ] SdpaFwdQueryMode/TestSdpaFwdOperationDescriptorQueryMode.QueryReturnsExpectedElementCount/20
2026-05-07T17:22:40.2534702Z [       OK ] SdpaFwdQueryMode/TestSdpaFwdOperationDescriptorQueryMode.QueryReturnsExpectedElementCount/20 (0 ms)
2026-05-07T17:22:40.2534917Z [ RUN      ] SdpaFwdQueryMode/TestSdpaFwdOperationDescriptorQueryMode.QueryReturnsExpectedElementCount/21
2026-05-07T17:22:40.2535150Z [       OK ] SdpaFwdQueryMode/TestSdpaFwdOperationDescriptorQueryMode.QueryReturnsExpectedElementCount/21 (0 ms)
2026-05-07T17:22:40.2535427Z [ RUN      ] SdpaFwdQueryMode/TestSdpaFwdOperationDescriptorQueryMode.QueryReturnsExpectedElementCount/22
2026-05-07T17:22:40.2535650Z [       OK ] SdpaFwdQueryMode/TestSdpaFwdOperationDescriptorQueryMode.QueryReturnsExpectedElementCount/22 (0 ms)
2026-05-07T17:22:40.2535870Z [ RUN      ] SdpaFwdQueryMode/TestSdpaFwdOperationDescriptorQueryMode.QueryReturnsExpectedElementCount/23
2026-05-07T17:22:40.2536102Z [       OK ] SdpaFwdQueryMode/TestSdpaFwdOperationDescriptorQueryMode.QueryReturnsExpectedElementCount/23 (0 ms)
2026-05-07T17:22:40.2536324Z [ RUN      ] SdpaFwdQueryMode/TestSdpaFwdOperationDescriptorQueryMode.QueryReturnsExpectedElementCount/24
2026-05-07T17:22:40.2536554Z [       OK ] SdpaFwdQueryMode/TestSdpaFwdOperationDescriptorQueryMode.QueryReturnsExpectedElementCount/24 (0 ms)
2026-05-07T17:22:40.2536763Z [ RUN      ] SdpaFwdQueryMode/TestSdpaFwdOperationDescriptorQueryMode.QueryReturnsExpectedElementCount/25
2026-05-07T17:22:40.2537004Z [       OK ] SdpaFwdQueryMode/TestSdpaFwdOperationDescriptorQueryMode.QueryReturnsExpectedElementCount/25 (0 ms)
2026-05-07T17:22:40.2537222Z [ RUN      ] SdpaFwdQueryMode/TestSdpaFwdOperationDescriptorQueryMode.QueryReturnsExpectedElementCount/26
2026-05-07T17:22:40.2537458Z [       OK ] SdpaFwdQueryMode/TestSdpaFwdOperationDescriptorQueryMode.QueryReturnsExpectedElementCount/26 (0 ms)
2026-05-07T17:22:40.2537672Z [ RUN      ] SdpaFwdQueryMode/TestSdpaFwdOperationDescriptorQueryMode.QueryReturnsExpectedElementCount/27
2026-05-07T17:22:40.2537895Z [       OK ] SdpaFwdQueryMode/TestSdpaFwdOperationDescriptorQueryMode.QueryReturnsExpectedElementCount/27 (0 ms)
2026-05-07T17:22:40.2538112Z [ RUN      ] SdpaFwdQueryMode/TestSdpaFwdOperationDescriptorQueryMode.QueryReturnsExpectedElementCount/28
2026-05-07T17:22:40.2538340Z [       OK ] SdpaFwdQueryMode/TestSdpaFwdOperationDescriptorQueryMode.QueryReturnsExpectedElementCount/28 (0 ms)
2026-05-07T17:22:40.2538550Z [ RUN      ] SdpaFwdQueryMode/TestSdpaFwdOperationDescriptorQueryMode.QueryReturnsExpectedElementCount/29
2026-05-07T17:22:40.2538783Z [       OK ] SdpaFwdQueryMode/TestSdpaFwdOperationDescriptorQueryMode.QueryReturnsExpectedElementCount/29 (0 ms)
2026-05-07T17:22:40.2538994Z [ RUN      ] SdpaFwdQueryMode/TestSdpaFwdOperationDescriptorQueryMode.QueryReturnsExpectedElementCount/30
2026-05-07T17:22:40.2539223Z [       OK ] SdpaFwdQueryMode/TestSdpaFwdOperationDescriptorQueryMode.QueryReturnsExpectedElementCount/30 (0 ms)
2026-05-07T17:22:40.2539435Z [ RUN      ] SdpaFwdQueryMode/TestSdpaFwdOperationDescriptorQueryMode.QueryReturnsExpectedElementCount/31
2026-05-07T17:22:40.2539668Z [       OK ] SdpaFwdQueryMode/TestSdpaFwdOperationDescriptorQueryMode.QueryReturnsExpectedElementCount/31 (0 ms)
2026-05-07T17:22:40.2539951Z [ RUN      ] SdpaFwdQueryMode/TestSdpaFwdOperationDescriptorQueryMode.QueryFailsWithNullElementCount/0
2026-05-07T17:22:40.2540178Z [       OK ] SdpaFwdQueryMode/TestSdpaFwdOperationDescriptorQueryMode.QueryFailsWithNullElementCount/0 (0 ms)
2026-05-07T17:22:40.2540392Z [ RUN      ] SdpaFwdQueryMode/TestSdpaFwdOperationDescriptorQueryMode.QueryFailsWithNullElementCount/1
2026-05-07T17:22:40.2540610Z [       OK ] SdpaFwdQueryMode/TestSdpaFwdOperationDescriptorQueryMode.QueryFailsWithNullElementCount/1 (0 ms)
2026-05-07T17:22:40.2540820Z [ RUN      ] SdpaFwdQueryMode/TestSdpaFwdOperationDescriptorQueryMode.QueryFailsWithNullElementCount/2
2026-05-07T17:22:40.2541045Z [       OK ] SdpaFwdQueryMode/TestSdpaFwdOperationDescriptorQueryMode.QueryFailsWithNullElementCount/2 (0 ms)
2026-05-07T17:22:40.2541251Z [ RUN      ] SdpaFwdQueryMode/TestSdpaFwdOperationDescriptorQueryMode.QueryFailsWithNullElementCount/3
2026-05-07T17:22:40.2541479Z [       OK ] SdpaFwdQueryMode/TestSdpaFwdOperationDescriptorQueryMode.QueryFailsWithNullElementCount/3 (0 ms)
2026-05-07T17:22:40.2541683Z [ RUN      ] SdpaFwdQueryMode/TestSdpaFwdOperationDescriptorQueryMode.QueryFailsWithNullElementCount/4
2026-05-07T17:22:40.2541968Z [       OK ] SdpaFwdQueryMode/TestSdpaFwdOperationDescriptorQueryMode.QueryFailsWithNullElementCount/4 (0 ms)
2026-05-07T17:22:40.2542180Z [ RUN      ] SdpaFwdQueryMode/TestSdpaFwdOperationDescriptorQueryMode.QueryFailsWithNullElementCount/5
2026-05-07T17:22:40.2542406Z [       OK ] SdpaFwdQueryMode/TestSdpaFwdOperationDescriptorQueryMode.QueryFailsWithNullElementCount/5 (0 ms)
2026-05-07T17:22:40.2542616Z [ RUN      ] SdpaFwdQueryMode/TestSdpaFwdOperationDescriptorQueryMode.QueryFailsWithNullElementCount/6
2026-05-07T17:22:40.2542836Z [       OK ] SdpaFwdQueryMode/TestSdpaFwdOperationDescriptorQueryMode.QueryFailsWithNullElementCount/6 (0 ms)
2026-05-07T17:22:40.2543041Z [ RUN      ] SdpaFwdQueryMode/TestSdpaFwdOperationDescriptorQueryMode.QueryFailsWithNullElementCount/7
2026-05-07T17:22:40.2543270Z [       OK ] SdpaFwdQueryMode/TestSdpaFwdOperationDescriptorQueryMode.QueryFailsWithNullElementCount/7 (0 ms)
2026-05-07T17:22:40.2543476Z [ RUN      ] SdpaFwdQueryMode/TestSdpaFwdOperationDescriptorQueryMode.QueryFailsWithNullElementCount/8
2026-05-07T17:22:40.2543696Z [       OK ] SdpaFwdQueryMode/TestSdpaFwdOperationDescriptorQueryMode.QueryFailsWithNullElementCount/8 (0 ms)
2026-05-07T17:22:40.2543909Z [ RUN      ] SdpaFwdQueryMode/TestSdpaFwdOperationDescriptorQueryMode.QueryFailsWithNullElementCount/9
2026-05-07T17:22:40.2544129Z [       OK ] SdpaFwdQueryMode/TestSdpaFwdOperationDescriptorQueryMode.QueryFailsWithNullElementCount/9 (0 ms)
2026-05-07T17:22:40.2544344Z [ RUN      ] SdpaFwdQueryMode/TestSdpaFwdOperationDescriptorQueryMode.QueryFailsWithNullElementCount/10
2026-05-07T17:22:40.2544568Z [       OK ] SdpaFwdQueryMode/TestSdpaFwdOperationDescriptorQueryMode.QueryFailsWithNullElementCount/10 (0 ms)
2026-05-07T17:22:40.2544779Z [ RUN      ] SdpaFwdQueryMode/TestSdpaFwdOperationDescriptorQueryMode.QueryFailsWithNullElementCount/11
2026-05-07T17:22:40.2545004Z [       OK ] SdpaFwdQueryMode/TestSdpaFwdOperationDescriptorQueryMode.QueryFailsWithNullElementCount/11 (0 ms)
2026-05-07T17:22:40.2545212Z [ RUN      ] SdpaFwdQueryMode/TestSdpaFwdOperationDescriptorQueryMode.QueryFailsWithNullElementCount/12
2026-05-07T17:22:40.2545438Z [       OK ] SdpaFwdQueryMode/TestSdpaFwdOperationDescriptorQueryMode.QueryFailsWithNullElementCount/12 (0 ms)
2026-05-07T17:22:40.2545643Z [ RUN      ] SdpaFwdQueryMode/TestSdpaFwdOperationDescriptorQueryMode.QueryFailsWithNullElementCount/13
2026-05-07T17:22:40.2545870Z [       OK ] SdpaFwdQueryMode/TestSdpaFwdOperationDescriptorQueryMode.QueryFailsWithNullElementCount/13 (0 ms)
2026-05-07T17:22:40.2546081Z [ RUN      ] SdpaFwdQueryMode/TestSdpaFwdOperationDescriptorQueryMode.QueryFailsWithNullElementCount/14
2026-05-07T17:22:40.2546301Z [       OK ] SdpaFwdQueryMode/TestSdpaFwdOperationDescriptorQueryMode.QueryFailsWithNullElementCount/14 (0 ms)
2026-05-07T17:22:40.2546575Z [ RUN      ] SdpaFwdQueryMode/TestSdpaFwdOperationDescriptorQueryMode.QueryFailsWithNullElementCount/15
2026-05-07T17:22:40.2546797Z [       OK ] SdpaFwdQueryMode/TestSdpaFwdOperationDescriptorQueryMode.QueryFailsWithNullElementCount/15 (0 ms)
2026-05-07T17:22:40.2547002Z [ RUN      ] SdpaFwdQueryMode/TestSdpaFwdOperationDescriptorQueryMode.QueryFailsWithNullElementCount/16
2026-05-07T17:22:40.2547225Z [       OK ] SdpaFwdQueryMode/TestSdpaFwdOperationDescriptorQueryMode.QueryFailsWithNullElementCount/16 (0 ms)
2026-05-07T17:22:40.2547431Z [ RUN      ] SdpaFwdQueryMode/TestSdpaFwdOperationDescriptorQueryMode.QueryFailsWithNullElementCount/17
2026-05-07T17:22:40.2547652Z [       OK ] SdpaFwdQueryMode/TestSdpaFwdOperationDescriptorQueryMode.QueryFailsWithNullElementCount/17 (0 ms)
2026-05-07T17:22:40.2547864Z [ RUN      ] SdpaFwdQueryMode/TestSdpaFwdOperationDescriptorQueryMode.QueryFailsWithNullElementCount/18
2026-05-07T17:22:40.2548088Z [       OK ] SdpaFwdQueryMode/TestSdpaFwdOperationDescriptorQueryMode.QueryFailsWithNullElementCount/18 (0 ms)
2026-05-07T17:22:40.2548299Z [ RUN      ] SdpaFwdQueryMode/TestSdpaFwdOperationDescriptorQueryMode.QueryFailsWithNullElementCount/19
2026-05-07T17:22:40.2548579Z [       OK ] SdpaFwdQueryMode/TestSdpaFwdOperationDescriptorQueryMode.QueryFailsWithNullElementCount/19 (0 ms)
2026-05-07T17:22:40.2548785Z [ RUN      ] SdpaFwdQueryMode/TestSdpaFwdOperationDescriptorQueryMode.QueryFailsWithNullElementCount/20
2026-05-07T17:22:40.2549011Z [       OK ] SdpaFwdQueryMode/TestSdpaFwdOperationDescriptorQueryMode.QueryFailsWithNullElementCount/20 (0 ms)
2026-05-07T17:22:40.2549217Z [ RUN      ] SdpaFwdQueryMode/TestSdpaFwdOperationDescriptorQueryMode.QueryFailsWithNullElementCount/21
2026-05-07T17:22:40.2549440Z [       OK ] SdpaFwdQueryMode/TestSdpaFwdOperationDescriptorQueryMode.QueryFailsWithNullElementCount/21 (0 ms)
2026-05-07T17:22:40.2549646Z [ RUN      ] SdpaFwdQueryMode/TestSdpaFwdOperationDescriptorQueryMode.QueryFailsWithNullElementCount/22
2026-05-07T17:22:40.2549865Z [       OK ] SdpaFwdQueryMode/TestSdpaFwdOperationDescriptorQueryMode.QueryFailsWithNullElementCount/22 (0 ms)
2026-05-07T17:22:40.2550082Z [ RUN      ] SdpaFwdQueryMode/TestSdpaFwdOperationDescriptorQueryMode.QueryFailsWithNullElementCount/23
2026-05-07T17:22:40.2550304Z [       OK ] SdpaFwdQueryMode/TestSdpaFwdOperationDescriptorQueryMode.QueryFailsWithNullElementCount/23 (0 ms)
2026-05-07T17:22:40.2550516Z [ RUN      ] SdpaFwdQueryMode/TestSdpaFwdOperationDescriptorQueryMode.QueryFailsWithNullElementCount/24
2026-05-07T17:22:40.2550736Z [       OK ] SdpaFwdQueryMode/TestSdpaFwdOperationDescriptorQueryMode.QueryFailsWithNullElementCount/24 (0 ms)
2026-05-07T17:22:40.2550940Z [ RUN      ] SdpaFwdQueryMode/TestSdpaFwdOperationDescriptorQueryMode.QueryFailsWithNullElementCount/25
2026-05-07T17:22:40.2551166Z [       OK ] SdpaFwdQueryMode/TestSdpaFwdOperationDescriptorQueryMode.QueryFailsWithNullElementCount/25 (0 ms)
2026-05-07T17:22:40.2551373Z [ RUN      ] SdpaFwdQueryMode/TestSdpaFwdOperationDescriptorQueryMode.QueryFailsWithNullElementCount/26
2026-05-07T17:22:40.2551594Z [       OK ] SdpaFwdQueryMode/TestSdpaFwdOperationDescriptorQueryMode.QueryFailsWithNullElementCount/26 (0 ms)
2026-05-07T17:22:40.2551801Z [ RUN      ] SdpaFwdQueryMode/TestSdpaFwdOperationDescriptorQueryMode.QueryFailsWithNullElementCount/27
2026-05-07T17:22:40.2552062Z [       OK ] SdpaFwdQueryMode/TestSdpaFwdOperationDescriptorQueryMode.QueryFailsWithNullElementCount/27 (0 ms)
2026-05-07T17:22:40.2552275Z [ RUN      ] SdpaFwdQueryMode/TestSdpaFwdOperationDescriptorQueryMode.QueryFailsWithNullElementCount/28
2026-05-07T17:22:40.2552494Z [       OK ] SdpaFwdQueryMode/TestSdpaFwdOperationDescriptorQueryMode.QueryFailsWithNullElementCount/28 (0 ms)
2026-05-07T17:22:40.2552699Z [ RUN      ] SdpaFwdQueryMode/TestSdpaFwdOperationDescriptorQueryMode.QueryFailsWithNullElementCount/29
2026-05-07T17:22:40.2552925Z [       OK ] SdpaFwdQueryMode/TestSdpaFwdOperationDescriptorQueryMode.QueryFailsWithNullElementCount/29 (0 ms)
2026-05-07T17:22:40.2553194Z [ RUN      ] SdpaFwdQueryMode/TestSdpaFwdOperationDescriptorQueryMode.QueryFailsWithNullElementCount/30
2026-05-07T17:22:40.2553419Z [       OK ] SdpaFwdQueryMode/TestSdpaFwdOperationDescriptorQueryMode.QueryFailsWithNullElementCount/30 (0 ms)
2026-05-07T17:22:40.2553624Z [ RUN      ] SdpaFwdQueryMode/TestSdpaFwdOperationDescriptorQueryMode.QueryFailsWithNullElementCount/31
2026-05-07T17:22:40.2553844Z [       OK ] SdpaFwdQueryMode/TestSdpaFwdOperationDescriptorQueryMode.QueryFailsWithNullElementCount/31 (0 ms)
2026-05-07T17:22:40.2554024Z [----------] 64 tests from SdpaFwdQueryMode/TestSdpaFwdOperationDescriptorQueryMode (1 ms total)
2026-05-07T17:22:40.2554029Z 
2026-05-07T17:22:40.2554149Z [----------] 5 tests from ComputeDataTypes/TestSdpaFwdComputeDataType
2026-05-07T17:22:40.2554318Z [ RUN      ] ComputeDataTypes/TestSdpaFwdComputeDataType.PreservesComputeDataType/0
2026-05-07T17:22:40.2554488Z [       OK ] ComputeDataTypes/TestSdpaFwdComputeDataType.PreservesComputeDataType/0 (0 ms)
2026-05-07T17:22:40.2554645Z [ RUN      ] ComputeDataTypes/TestSdpaFwdComputeDataType.PreservesComputeDataType/1
2026-05-07T17:22:40.2554819Z [       OK ] ComputeDataTypes/TestSdpaFwdComputeDataType.PreservesComputeDataType/1 (0 ms)
2026-05-07T17:22:40.2555038Z [ RUN      ] ComputeDataTypes/TestSdpaFwdComputeDataType.PreservesComputeDataType/2
2026-05-07T17:22:40.2555201Z [       OK ] ComputeDataTypes/TestSdpaFwdComputeDataType.PreservesComputeDataType/2 (0 ms)
2026-05-07T17:22:40.2555360Z [ RUN      ] ComputeDataTypes/TestSdpaFwdComputeDataType.PreservesComputeDataType/3
2026-05-07T17:22:40.2555521Z [       OK ] ComputeDataTypes/TestSdpaFwdComputeDataType.PreservesComputeDataType/3 (0 ms)
2026-05-07T17:22:40.2555681Z [ RUN      ] ComputeDataTypes/TestSdpaFwdComputeDataType.PreservesComputeDataType/4
2026-05-07T17:22:40.2555844Z [       OK ] ComputeDataTypes/TestSdpaFwdComputeDataType.PreservesComputeDataType/4 (0 ms)
2026-05-07T17:22:40.2555980Z [----------] 5 tests from ComputeDataTypes/TestSdpaFwdComputeDataType (0 ms total)
2026-05-07T17:22:40.2555983Z 
2026-05-07T17:22:40.2556111Z [----------] 2 tests from DiagonalAlignments/TestSdpaFwdDiagonalAlignment
2026-05-07T17:22:40.2556285Z [ RUN      ] DiagonalAlignments/TestSdpaFwdDiagonalAlignment.PreservesDiagonalAlignment/0
2026-05-07T17:22:40.2556471Z [       OK ] DiagonalAlignments/TestSdpaFwdDiagonalAlignment.PreservesDiagonalAlignment/0 (0 ms)
2026-05-07T17:22:40.2556638Z [ RUN      ] DiagonalAlignments/TestSdpaFwdDiagonalAlignment.PreservesDiagonalAlignment/1
2026-05-07T17:22:40.2556815Z [       OK ] DiagonalAlignments/TestSdpaFwdDiagonalAlignment.PreservesDiagonalAlignment/1 (0 ms)
2026-05-07T17:22:40.2556965Z [----------] 2 tests from DiagonalAlignments/TestSdpaFwdDiagonalAlignment (0 ms total)
2026-05-07T17:22:40.2556969Z 
2026-05-07T17:22:40.2557115Z [----------] 3 tests from AttentionImplementations/TestSdpaFwdAttentionImplementation
2026-05-07T17:22:40.2557347Z [ RUN      ] AttentionImplementations/TestSdpaFwdAttentionImplementation.PreservesAttentionImplementation/0
2026-05-07T17:22:40.2557581Z [       OK ] AttentionImplementations/TestSdpaFwdAttentionImplementation.PreservesAttentionImplementation/0 (0 ms)
2026-05-07T17:22:40.2557813Z [ RUN      ] AttentionImplementations/TestSdpaFwdAttentionImplementation.PreservesAttentionImplementation/1
2026-05-07T17:22:40.2558046Z [       OK ] AttentionImplementations/TestSdpaFwdAttentionImplementation.PreservesAttentionImplementation/1 (0 ms)
2026-05-07T17:22:40.2558266Z [ RUN      ] AttentionImplementations/TestSdpaFwdAttentionImplementation.PreservesAttentionImplementation/2
2026-05-07T17:22:40.2558506Z [       OK ] AttentionImplementations/TestSdpaFwdAttentionImplementation.PreservesAttentionImplementation/2 (0 ms)
2026-05-07T17:22:40.2558687Z [----------] 3 tests from AttentionImplementations/TestSdpaFwdAttentionImplementation (0 ms total)
2026-05-07T17:22:40.2558690Z 
2026-05-07T17:22:40.2558817Z [----------] 24 tests from OptionalTensors/TestSdpaFwdOptionalTensorMissing
2026-05-07T17:22:40.2559078Z [ RUN      ] OptionalTensors/TestSdpaFwdOptionalTensorMissing.SucceedsWhenOptionalTensorMissing/0
2026-05-07T17:22:40.2559288Z [       OK ] OptionalTensors/TestSdpaFwdOptionalTensorMissing.SucceedsWhenOptionalTensorMissing/0 (0 ms)
2026-05-07T17:22:40.2559501Z [ RUN      ] OptionalTensors/TestSdpaFwdOptionalTensorMissing.SucceedsWhenOptionalTensorMissing/1
2026-05-07T17:22:40.2559710Z [       OK ] OptionalTensors/TestSdpaFwdOptionalTensorMissing.SucceedsWhenOptionalTensorMissing/1 (0 ms)
2026-05-07T17:22:40.2559906Z [ RUN      ] OptionalTensors/TestSdpaFwdOptionalTensorMissing.SucceedsWhenOptionalTensorMissing/2
2026-05-07T17:22:40.2560118Z [       OK ] OptionalTensors/TestSdpaFwdOptionalTensorMissing.SucceedsWhenOptionalTensorMissing/2 (0 ms)
2026-05-07T17:22:40.2560314Z [ RUN      ] OptionalTensors/TestSdpaFwdOptionalTensorMissing.SucceedsWhenOptionalTensorMissing/3
2026-05-07T17:22:40.2560527Z [       OK ] OptionalTensors/TestSdpaFwdOptionalTensorMissing.SucceedsWhenOptionalTensorMissing/3 (0 ms)
2026-05-07T17:22:40.2560716Z [ RUN      ] OptionalTensors/TestSdpaFwdOptionalTensorMissing.SucceedsWhenOptionalTensorMissing/4
2026-05-07T17:22:40.2560981Z [       OK ] OptionalTensors/TestSdpaFwdOptionalTensorMissing.SucceedsWhenOptionalTensorMissing/4 (0 ms)
2026-05-07T17:22:40.2561178Z [ RUN      ] OptionalTensors/TestSdpaFwdOptionalTensorMissing.SucceedsWhenOptionalTensorMissing/5
2026-05-07T17:22:40.2561381Z [       OK ] OptionalTensors/TestSdpaFwdOptionalTensorMissing.SucceedsWhenOptionalTensorMissing/5 (0 ms)
2026-05-07T17:22:40.2561589Z [ RUN      ] OptionalTensors/TestSdpaFwdOptionalTensorMissing.SucceedsWhenOptionalTensorMissing/6
2026-05-07T17:22:40.2561798Z [       OK ] OptionalTensors/TestSdpaFwdOptionalTensorMissing.SucceedsWhenOptionalTensorMissing/6 (0 ms)
2026-05-07T17:22:40.2561988Z [ RUN      ] OptionalTensors/TestSdpaFwdOptionalTensorMissing.SucceedsWhenOptionalTensorMissing/7
2026-05-07T17:22:40.2562199Z [       OK ] OptionalTensors/TestSdpaFwdOptionalTensorMissing.SucceedsWhenOptionalTensorMissing/7 (0 ms)
2026-05-07T17:22:40.2562390Z [ RUN      ] OptionalTensors/TestSdpaFwdOptionalTensorMissing.SucceedsWhenOptionalTensorMissing/8
2026-05-07T17:22:40.2562600Z [       OK ] OptionalTensors/TestSdpaFwdOptionalTensorMissing.SucceedsWhenOptionalTensorMissing/8 (0 ms)
2026-05-07T17:22:40.2562789Z [ RUN      ] OptionalTensors/TestSdpaFwdOptionalTensorMissing.SucceedsWhenOptionalTensorMissing/9
2026-05-07T17:22:40.2562992Z [       OK ] OptionalTensors/TestSdpaFwdOptionalTensorMissing.SucceedsWhenOptionalTensorMissing/9 (0 ms)
2026-05-07T17:22:40.2563191Z [ RUN      ] OptionalTensors/TestSdpaFwdOptionalTensorMissing.SucceedsWhenOptionalTensorMissing/10
2026-05-07T17:22:40.2563402Z [       OK ] OptionalTensors/TestSdpaFwdOptionalTensorMissing.SucceedsWhenOptionalTensorMissing/10 (0 ms)
2026-05-07T17:22:40.2563603Z [ RUN      ] OptionalTensors/TestSdpaFwdOptionalTensorMissing.SucceedsWhenOptionalTensorMissing/11
2026-05-07T17:22:40.2563810Z [       OK ] OptionalTensors/TestSdpaFwdOptionalTensorMissing.SucceedsWhenOptionalTensorMissing/11 (0 ms)
2026-05-07T17:22:40.2564001Z [ RUN      ] OptionalTensors/TestSdpaFwdOptionalTensorMissing.SucceedsWhenOptionalTensorMissing/12
2026-05-07T17:22:40.2564221Z [       OK ] OptionalTensors/TestSdpaFwdOptionalTensorMissing.SucceedsWhenOptionalTensorMissing/12 (0 ms)
2026-05-07T17:22:40.2564412Z [ RUN      ] OptionalTensors/TestSdpaFwdOptionalTensorMissing.SucceedsWhenOptionalTensorMissing/13
2026-05-07T17:22:40.2564619Z [       OK ] OptionalTensors/TestSdpaFwdOptionalTensorMissing.SucceedsWhenOptionalTensorMissing/13 (0 ms)
2026-05-07T17:22:40.2564815Z [ RUN      ] OptionalTensors/TestSdpaFwdOptionalTensorMissing.SucceedsWhenOptionalTensorMissing/14
2026-05-07T17:22:40.2565023Z [       OK ] OptionalTensors/TestSdpaFwdOptionalTensorMissing.SucceedsWhenOptionalTensorMissing/14 (0 ms)
2026-05-07T17:22:40.2565219Z [ RUN      ] OptionalTensors/TestSdpaFwdOptionalTensorMissing.SucceedsWhenOptionalTensorMissing/15
2026-05-07T17:22:40.2565806Z [       OK ] OptionalTensors/TestSdpaFwdOptionalTensorMissing.SucceedsWhenOptionalTensorMissing/15 (0 ms)
2026-05-07T17:22:40.2565999Z [ RUN      ] OptionalTensors/TestSdpaFwdOptionalTensorMissing.SucceedsWhenOptionalTensorMissing/16
2026-05-07T17:22:40.2566212Z [       OK ] OptionalTensors/TestSdpaFwdOptionalTensorMissing.SucceedsWhenOptionalTensorMissing/16 (0 ms)
2026-05-07T17:22:40.2566407Z [ RUN      ] OptionalTensors/TestSdpaFwdOptionalTensorMissing.SucceedsWhenOptionalTensorMissing/17
2026-05-07T17:22:40.2566622Z [       OK ] OptionalTensors/TestSdpaFwdOptionalTensorMissing.SucceedsWhenOptionalTensorMissing/17 (0 ms)
2026-05-07T17:22:40.2566825Z [ RUN      ] OptionalTensors/TestSdpaFwdOptionalTensorMissing.SucceedsWhenOptionalTensorMissing/18
2026-05-07T17:22:40.2567035Z [       OK ] OptionalTensors/TestSdpaFwdOptionalTensorMissing.SucceedsWhenOptionalTensorMissing/18 (0 ms)
2026-05-07T17:22:40.2567235Z [ RUN      ] OptionalTensors/TestSdpaFwdOptionalTensorMissing.SucceedsWhenOptionalTensorMissing/19
2026-05-07T17:22:40.2567437Z [       OK ] OptionalTensors/TestSdpaFwdOptionalTensorMissing.SucceedsWhenOptionalTensorMissing/19 (0 ms)
2026-05-07T17:22:40.2567814Z [ RUN      ] OptionalTensors/TestSdpaFwdOptionalTensorMissing.SucceedsWhenOptionalTensorMissing/20
2026-05-07T17:22:40.2568018Z [       OK ] OptionalTensors/TestSdpaFwdOptionalTensorMissing.SucceedsWhenOptionalTensorMissing/20 (0 ms)
2026-05-07T17:22:40.2568208Z [ RUN      ] OptionalTensors/TestSdpaFwdOptionalTensorMissing.SucceedsWhenOptionalTensorMissing/21
2026-05-07T17:22:40.2568420Z [       OK ] OptionalTensors/TestSdpaFwdOptionalTensorMissing.SucceedsWhenOptionalTensorMissing/21 (0 ms)
2026-05-07T17:22:40.2568614Z [ RUN      ] OptionalTensors/TestSdpaFwdOptionalTensorMissing.SucceedsWhenOptionalTensorMissing/22
2026-05-07T17:22:40.2568830Z [       OK ] OptionalTensors/TestSdpaFwdOptionalTensorMissing.SucceedsWhenOptionalTensorMissing/22 (0 ms)
2026-05-07T17:22:40.2569026Z [ RUN      ] OptionalTensors/TestSdpaFwdOptionalTensorMissing.SucceedsWhenOptionalTensorMissing/23
2026-05-07T17:22:40.2569234Z [       OK ] OptionalTensors/TestSdpaFwdOptionalTensorMissing.SucceedsWhenOptionalTensorMissing/23 (0 ms)
2026-05-07T17:22:40.2569394Z [----------] 24 tests from OptionalTensors/TestSdpaFwdOptionalTensorMissing (0 ms total)
2026-05-07T17:22:40.2569398Z 
2026-05-07T17:22:40.2569510Z [----------] 33 tests from DataTypes/TestDataTypeConversionRoundTrip
2026-05-07T17:22:40.2569646Z [ RUN      ] DataTypes/TestDataTypeConversionRoundTrip.ToSdkDataType/Float
2026-05-07T17:22:40.2569798Z [       OK ] DataTypes/TestDataTypeConversionRoundTrip.ToSdkDataType/Float (0 ms)
2026-05-07T17:22:40.2569928Z [ RUN      ] DataTypes/TestDataTypeConversionRoundTrip.ToSdkDataType/Double
2026-05-07T17:22:40.2570074Z [       OK ] DataTypes/TestDataTypeConversionRoundTrip.ToSdkDataType/Double (0 ms)
2026-05-07T17:22:40.2570198Z [ RUN      ] DataTypes/TestDataTypeConversionRoundTrip.ToSdkDataType/Half
2026-05-07T17:22:40.2570336Z [       OK ] DataTypes/TestDataTypeConversionRoundTrip.ToSdkDataType/Half (0 ms)
2026-05-07T17:22:40.2570462Z [ RUN      ] DataTypes/TestDataTypeConversionRoundTrip.ToSdkDataType/Int8
2026-05-07T17:22:40.2570600Z [       OK ] DataTypes/TestDataTypeConversionRoundTrip.ToSdkDataType/Int8 (0 ms)
2026-05-07T17:22:40.2570722Z [ RUN      ] DataTypes/TestDataTypeConversionRoundTrip.ToSdkDataType/Int32
2026-05-07T17:22:40.2570864Z [       OK ] DataTypes/TestDataTypeConversionRoundTrip.ToSdkDataType/Int32 (0 ms)
2026-05-07T17:22:40.2570986Z [ RUN      ] DataTypes/TestDataTypeConversionRoundTrip.ToSdkDataType/Uint8
2026-05-07T17:22:40.2571123Z [       OK ] DataTypes/TestDataTypeConversionRoundTrip.ToSdkDataType/Uint8 (0 ms)
2026-05-07T17:22:40.2571253Z [ RUN      ] DataTypes/TestDataTypeConversionRoundTrip.ToSdkDataType/Bfloat16
2026-05-07T17:22:40.2571397Z [       OK ] DataTypes/TestDataTypeConversionRoundTrip.ToSdkDataType/Bfloat16 (0 ms)
2026-05-07T17:22:40.2571813Z [ RUN      ] DataTypes/TestDataTypeConversionRoundTrip.ToSdkDataType/Fp8E4M3
2026-05-07T17:22:40.2572000Z [       OK ] DataTypes/TestDataTypeConversionRoundTrip.ToSdkDataType/Fp8E4M3 (0 ms)
2026-05-07T17:22:40.2572130Z [ RUN      ] DataTypes/TestDataTypeConversionRoundTrip.ToSdkDataType/Fp8E5M2
2026-05-07T17:22:40.2572279Z [       OK ] DataTypes/TestDataTypeConversionRoundTrip.ToSdkDataType/Fp8E5M2 (0 ms)
2026-05-07T17:22:40.2572401Z [ RUN      ] DataTypes/TestDataTypeConversionRoundTrip.ToSdkDataType/Int64
2026-05-07T17:22:40.2572538Z [       OK ] DataTypes/TestDataTypeConversionRoundTrip.ToSdkDataType/Int64 (0 ms)
2026-05-07T17:22:40.2572666Z [ RUN      ] DataTypes/TestDataTypeConversionRoundTrip.ToSdkDataType/Boolean
2026-05-07T17:22:40.2572806Z [       OK ] DataTypes/TestDataTypeConversionRoundTrip.ToSdkDataType/Boolean (0 ms)
2026-05-07T17:22:40.2572938Z [ RUN      ] DataTypes/TestDataTypeConversionRoundTrip.FromSdkDataType/Float
2026-05-07T17:22:40.2573076Z [       OK ] DataTypes/TestDataTypeConversionRoundTrip.FromSdkDataType/Float (0 ms)
2026-05-07T17:22:40.2573210Z [ RUN      ] DataTypes/TestDataTypeConversionRoundTrip.FromSdkDataType/Double
2026-05-07T17:22:40.2573362Z [       OK ] DataTypes/TestDataTypeConversionRoundTrip.FromSdkDataType/Double (0 ms)
2026-05-07T17:22:40.2573661Z [ RUN      ] DataTypes/TestDataTypeConversionRoundTrip.FromSdkDataType/Half
2026-05-07T17:22:40.2573808Z [       OK ] DataTypes/TestDataTypeConversionRoundTrip.FromSdkDataType/Half (0 ms)
2026-05-07T17:22:40.2573933Z [ RUN      ] DataTypes/TestDataTypeConversionRoundTrip.FromSdkDataType/Int8
2026-05-07T17:22:40.2574072Z [       OK ] DataTypes/TestDataTypeConversionRoundTrip.FromSdkDataType/Int8 (0 ms)
2026-05-07T17:22:40.2574204Z [ RUN      ] DataTypes/TestDataTypeConversionRoundTrip.FromSdkDataType/Int32
2026-05-07T17:22:40.2574342Z [       OK ] DataTypes/TestDataTypeConversionRoundTrip.FromSdkDataType/Int32 (0 ms)
2026-05-07T17:22:40.2574468Z [ RUN      ] DataTypes/TestDataTypeConversionRoundTrip.FromSdkDataType/Uint8
2026-05-07T17:22:40.2574615Z [       OK ] DataTypes/TestDataTypeConversionRoundTrip.FromSdkDataType/Uint8 (0 ms)
2026-05-07T17:22:40.2574750Z [ RUN      ] DataTypes/TestDataTypeConversionRoundTrip.FromSdkDataType/Bfloat16
2026-05-07T17:22:40.2574907Z [       OK ] DataTypes/TestDataTypeConversionRoundTrip.FromSdkDataType/Bfloat16 (0 ms)
2026-05-07T17:22:40.2575038Z [ RUN      ] DataTypes/TestDataTypeConversionRoundTrip.FromSdkDataType/Fp8E4M3
2026-05-07T17:22:40.2575186Z [       OK ] DataTypes/TestDataTypeConversionRoundTrip.FromSdkDataType/Fp8E4M3 (0 ms)
2026-05-07T17:22:40.2575324Z [ RUN      ] DataTypes/TestDataTypeConversionRoundTrip.FromSdkDataType/Fp8E5M2
2026-05-07T17:22:40.2575469Z [       OK ] DataTypes/TestDataTypeConversionRoundTrip.FromSdkDataType/Fp8E5M2 (0 ms)
2026-05-07T17:22:40.2575598Z [ RUN      ] DataTypes/TestDataTypeConversionRoundTrip.FromSdkDataType/Int64
2026-05-07T17:22:40.2575743Z [       OK ] DataTypes/TestDataTypeConversionRoundTrip.FromSdkDataType/Int64 (0 ms)
2026-05-07T17:22:40.2575876Z [ RUN      ] DataTypes/TestDataTypeConversionRoundTrip.FromSdkDataType/Boolean
2026-05-07T17:22:40.2576023Z [       OK ] DataTypes/TestDataTypeConversionRoundTrip.FromSdkDataType/Boolean (0 ms)
2026-05-07T17:22:40.2576170Z [ RUN      ] DataTypes/TestDataTypeConversionRoundTrip.GetDataTypeByteSize/Float
2026-05-07T17:22:40.2576323Z [       OK ] DataTypes/TestDataTypeConversionRoundTrip.GetDataTypeByteSize/Float (0 ms)
2026-05-07T17:22:40.2576471Z [ RUN      ] DataTypes/TestDataTypeConversionRoundTrip.GetDataTypeByteSize/Double
2026-05-07T17:22:40.2576625Z [       OK ] DataTypes/TestDataTypeConversionRoundTrip.GetDataTypeByteSize/Double (0 ms)
2026-05-07T17:22:40.2576770Z [ RUN      ] DataTypes/TestDataTypeConversionRoundTrip.GetDataTypeByteSize/Half
2026-05-07T17:22:40.2576920Z [       OK ] DataTypes/TestDataTypeConversionRoundTrip.GetDataTypeByteSize/Half (0 ms)
2026-05-07T17:22:40.2577057Z [ RUN      ] DataTypes/TestDataTypeConversionRoundTrip.GetDataTypeByteSize/Int8
2026-05-07T17:22:40.2577498Z [       OK ] DataTypes/TestDataTypeConversionRoundTrip.GetDataTypeByteSize/Int8 (0 ms)
2026-05-07T17:22:40.2577638Z [ RUN      ] DataTypes/TestDataTypeConversionRoundTrip.GetDataTypeByteSize/Int32
2026-05-07T17:22:40.2577792Z [       OK ] DataTypes/TestDataTypeConversionRoundTrip.GetDataTypeByteSize/Int32 (0 ms)
2026-05-07T17:22:40.2577941Z [ RUN      ] DataTypes/TestDataTypeConversionRoundTrip.GetDataTypeByteSize/Uint8
2026-05-07T17:22:40.2578094Z [       OK ] DataTypes/TestDataTypeConversionRoundTrip.GetDataTypeByteSize/Uint8 (0 ms)
2026-05-07T17:22:40.2578245Z [ RUN      ] DataTypes/TestDataTypeConversionRoundTrip.GetDataTypeByteSize/Bfloat16
2026-05-07T17:22:40.2578408Z [       OK ] DataTypes/TestDataTypeConversionRoundTrip.GetDataTypeByteSize/Bfloat16 (0 ms)
2026-05-07T17:22:40.2578552Z [ RUN      ] DataTypes/TestDataTypeConversionRoundTrip.GetDataTypeByteSize/Fp8E4M3
2026-05-07T17:22:40.2578712Z [       OK ] DataTypes/TestDataTypeConversionRoundTrip.GetDataTypeByteSize/Fp8E4M3 (0 ms)
2026-05-07T17:22:40.2578856Z [ RUN      ] DataTypes/TestDataTypeConversionRoundTrip.GetDataTypeByteSize/Fp8E5M2
2026-05-07T17:22:40.2579010Z [       OK ] DataTypes/TestDataTypeConversionRoundTrip.GetDataTypeByteSize/Fp8E5M2 (0 ms)
2026-05-07T17:22:40.2579326Z [ RUN      ] DataTypes/TestDataTypeConversionRoundTrip.GetDataTypeByteSize/Int64
2026-05-07T17:22:40.2579477Z [       OK ] DataTypes/TestDataTypeConversionRoundTrip.GetDataTypeByteSize/Int64 (0 ms)
2026-05-07T17:22:40.2579622Z [ RUN      ] DataTypes/TestDataTypeConversionRoundTrip.GetDataTypeByteSize/Boolean
2026-05-07T17:22:40.2579778Z [       OK ] DataTypes/TestDataTypeConversionRoundTrip.GetDataTypeByteSize/Boolean (0 ms)
2026-05-07T17:22:40.2579905Z [----------] 33 tests from DataTypes/TestDataTypeConversionRoundTrip (0 ms total)
2026-05-07T17:22:40.2579909Z 
2026-05-07T17:22:40.2580037Z [----------] 94 tests from PointwiseModes/TestPointwiseModeConversionRoundTrip
2026-05-07T17:22:40.2580199Z [ RUN      ] PointwiseModes/TestPointwiseModeConversionRoundTrip.ToSdkPointwiseMode/Abs
2026-05-07T17:22:40.2580385Z [       OK ] PointwiseModes/TestPointwiseModeConversionRoundTrip.ToSdkPointwiseMode/Abs (0 ms)
2026-05-07T17:22:40.2580545Z [ RUN      ] PointwiseModes/TestPointwiseModeConversionRoundTrip.ToSdkPointwiseMode/Add
2026-05-07T17:22:40.2580722Z [       OK ] PointwiseModes/TestPointwiseModeConversionRoundTrip.ToSdkPointwiseMode/Add (0 ms)
2026-05-07T17:22:40.2580901Z [ RUN      ] PointwiseModes/TestPointwiseModeConversionRoundTrip.ToSdkPointwiseMode/AddSquare
2026-05-07T17:22:40.2581097Z [       OK ] PointwiseModes/TestPointwiseModeConversionRoundTrip.ToSdkPointwiseMode/AddSquare (0 ms)
2026-05-07T17:22:40.2581279Z [ RUN      ] PointwiseModes/TestPointwiseModeConversionRoundTrip.ToSdkPointwiseMode/BinarySelect
2026-05-07T17:22:40.2581482Z [       OK ] PointwiseModes/TestPointwiseModeConversionRoundTrip.ToSdkPointwiseMode/BinarySelect (0 ms)
2026-05-07T17:22:40.2581642Z [ RUN      ] PointwiseModes/TestPointwiseModeConversionRoundTrip.ToSdkPointwiseMode/Ceil
2026-05-07T17:22:40.2581829Z [       OK ] PointwiseModes/TestPointwiseModeConversionRoundTrip.ToSdkPointwiseMode/Ceil (0 ms)
2026-05-07T17:22:40.2581993Z [ RUN      ] PointwiseModes/TestPointwiseModeConversionRoundTrip.ToSdkPointwiseMode/CmpEq
2026-05-07T17:22:40.2582175Z [       OK ] PointwiseModes/TestPointwiseModeConversionRoundTrip.ToSdkPointwiseMode/CmpEq (0 ms)
2026-05-07T17:22:40.2582344Z [ RUN      ] PointwiseModes/TestPointwiseModeConversionRoundTrip.ToSdkPointwiseMode/CmpGe
2026-05-07T17:22:40.2582523Z [       OK ] PointwiseModes/TestPointwiseModeConversionRoundTrip.ToSdkPointwiseMode/CmpGe (0 ms)
2026-05-07T17:22:40.2582693Z [ RUN      ] PointwiseModes/TestPointwiseModeConversionRoundTrip.ToSdkPointwiseMode/CmpGt
2026-05-07T17:22:40.2582871Z [       OK ] PointwiseModes/TestPointwiseModeConversionRoundTrip.ToSdkPointwiseMode/CmpGt (0 ms)
2026-05-07T17:22:40.2583038Z [ RUN      ] PointwiseModes/TestPointwiseModeConversionRoundTrip.ToSdkPointwiseMode/CmpLe
2026-05-07T17:22:40.2583495Z [       OK ] PointwiseModes/TestPointwiseModeConversionRoundTrip.ToSdkPointwiseMode/CmpLe (0 ms)
2026-05-07T17:22:40.2583659Z [ RUN      ] PointwiseModes/TestPointwiseModeConversionRoundTrip.ToSdkPointwiseMode/CmpLt
2026-05-07T17:22:40.2583837Z [       OK ] PointwiseModes/TestPointwiseModeConversionRoundTrip.ToSdkPointwiseMode/CmpLt (0 ms)
2026-05-07T17:22:40.2584011Z [ RUN      ] PointwiseModes/TestPointwiseModeConversionRoundTrip.ToSdkPointwiseMode/CmpNeq
2026-05-07T17:22:40.2584196Z [       OK ] PointwiseModes/TestPointwiseModeConversionRoundTrip.ToSdkPointwiseMode/CmpNeq (0 ms)
2026-05-07T17:22:40.2584360Z [ RUN      ] PointwiseModes/TestPointwiseModeConversionRoundTrip.ToSdkPointwiseMode/Div
2026-05-07T17:22:40.2584532Z [       OK ] PointwiseModes/TestPointwiseModeConversionRoundTrip.ToSdkPointwiseMode/Div (0 ms)
2026-05-07T17:22:40.2584700Z [ RUN      ] PointwiseModes/TestPointwiseModeConversionRoundTrip.ToSdkPointwiseMode/EluBwd
2026-05-07T17:22:40.2584893Z [       OK ] PointwiseModes/TestPointwiseModeConversionRoundTrip.ToSdkPointwiseMode/EluBwd (0 ms)
2026-05-07T17:22:40.2585061Z [ RUN      ] PointwiseModes/TestPointwiseModeConversionRoundTrip.ToSdkPointwiseMode/EluFwd
2026-05-07T17:22:40.2585422Z [       OK ] PointwiseModes/TestPointwiseModeConversionRoundTrip.ToSdkPointwiseMode/EluFwd (0 ms)
2026-05-07T17:22:40.2585582Z [ RUN      ] PointwiseModes/TestPointwiseModeConversionRoundTrip.ToSdkPointwiseMode/Erf
2026-05-07T17:22:40.2585758Z [       OK ] PointwiseModes/TestPointwiseModeConversionRoundTrip.ToSdkPointwiseMode/Erf (0 ms)
2026-05-07T17:22:40.2585922Z [ RUN      ] PointwiseModes/TestPointwiseModeConversionRoundTrip.ToSdkPointwiseMode/Exp
2026-05-07T17:22:40.2586099Z [       OK ] PointwiseModes/TestPointwiseModeConversionRoundTrip.ToSdkPointwiseMode/Exp (0 ms)
2026-05-07T17:22:40.2586262Z [ RUN      ] PointwiseModes/TestPointwiseModeConversionRoundTrip.ToSdkPointwiseMode/Floor
2026-05-07T17:22:40.2586445Z [       OK ] PointwiseModes/TestPointwiseModeConversionRoundTrip.ToSdkPointwiseMode/Floor (0 ms)
2026-05-07T17:22:40.2586649Z [ RUN      ] PointwiseModes/TestPointwiseModeConversionRoundTrip.ToSdkPointwiseMode/GeluApproxTanhBwd
2026-05-07T17:22:40.2586866Z [       OK ] PointwiseModes/TestPointwiseModeConversionRoundTrip.ToSdkPointwiseMode/GeluApproxTanhBwd (0 ms)
2026-05-07T17:22:40.2587069Z [ RUN      ] PointwiseModes/TestPointwiseModeConversionRoundTrip.ToSdkPointwiseMode/GeluApproxTanhFwd
2026-05-07T17:22:40.2587279Z [       OK ] PointwiseModes/TestPointwiseModeConversionRoundTrip.ToSdkPointwiseMode/GeluApproxTanhFwd (0 ms)
2026-05-07T17:22:40.2587457Z [ RUN      ] PointwiseModes/TestPointwiseModeConversionRoundTrip.ToSdkPointwiseMode/GeluBwd
2026-05-07T17:22:40.2587640Z [       OK ] PointwiseModes/TestPointwiseModeConversionRoundTrip.ToSdkPointwiseMode/GeluBwd (0 ms)
2026-05-07T17:22:40.2587813Z [ RUN      ] PointwiseModes/TestPointwiseModeConversionRoundTrip.ToSdkPointwiseMode/GeluFwd
2026-05-07T17:22:40.2587997Z [       OK ] PointwiseModes/TestPointwiseModeConversionRoundTrip.ToSdkPointwiseMode/GeluFwd (0 ms)
2026-05-07T17:22:40.2588169Z [ RUN      ] PointwiseModes/TestPointwiseModeConversionRoundTrip.ToSdkPointwiseMode/GenIndex
2026-05-07T17:22:40.2588361Z [       OK ] PointwiseModes/TestPointwiseModeConversionRoundTrip.ToSdkPointwiseMode/GenIndex (0 ms)
2026-05-07T17:22:40.2588536Z [ RUN      ] PointwiseModes/TestPointwiseModeConversionRoundTrip.ToSdkPointwiseMode/Identity
2026-05-07T17:22:40.2588721Z [       OK ] PointwiseModes/TestPointwiseModeConversionRoundTrip.ToSdkPointwiseMode/Identity (0 ms)
2026-05-07T17:22:40.2588884Z [ RUN      ] PointwiseModes/TestPointwiseModeConversionRoundTrip.ToSdkPointwiseMode/Log
2026-05-07T17:22:40.2589058Z [       OK ] PointwiseModes/TestPointwiseModeConversionRoundTrip.ToSdkPointwiseMode/Log (0 ms)
2026-05-07T17:22:40.2589239Z [ RUN      ] PointwiseModes/TestPointwiseModeConversionRoundTrip.ToSdkPointwiseMode/LogicalAnd
2026-05-07T17:22:40.2589457Z [       OK ] PointwiseModes/TestPointwiseModeConversionRoundTrip.ToSdkPointwiseMode/LogicalAnd (0 ms)
2026-05-07T17:22:40.2589913Z [ RUN      ] PointwiseModes/TestPointwiseModeConversionRoundTrip.ToSdkPointwiseMode/LogicalNot
2026-05-07T17:22:40.2590111Z [       OK ] PointwiseModes/TestPointwiseModeConversionRoundTrip.ToSdkPointwiseMode/LogicalNot (0 ms)
2026-05-07T17:22:40.2590285Z [ RUN      ] PointwiseModes/TestPointwiseModeConversionRoundTrip.ToSdkPointwiseMode/LogicalOr
2026-05-07T17:22:40.2590476Z [       OK ] PointwiseModes/TestPointwiseModeConversionRoundTrip.ToSdkPointwiseMode/LogicalOr (0 ms)
2026-05-07T17:22:40.2590640Z [ RUN      ] PointwiseModes/TestPointwiseModeConversionRoundTrip.ToSdkPointwiseMode/Max
2026-05-07T17:22:40.2590812Z [       OK ] PointwiseModes/TestPointwiseModeConversionRoundTrip.ToSdkPointwiseMode/Max (0 ms)
2026-05-07T17:22:40.2590972Z [ RUN      ] PointwiseModes/TestPointwiseModeConversionRoundTrip.ToSdkPointwiseMode/Min
2026-05-07T17:22:40.2591145Z [       OK ] PointwiseModes/TestPointwiseModeConversionRoundTrip.ToSdkPointwiseMode/Min (0 ms)
2026-05-07T17:22:40.2591306Z [ RUN      ] PointwiseModes/TestPointwiseModeConversionRoundTrip.ToSdkPointwiseMode/Mul
2026-05-07T17:22:40.2591482Z [       OK ] PointwiseModes/TestPointwiseModeConversionRoundTrip.ToSdkPointwiseMode/Mul (0 ms)
2026-05-07T17:22:40.2591816Z [ RUN      ] PointwiseModes/TestPointwiseModeConversionRoundTrip.ToSdkPointwiseMode/Neg
2026-05-07T17:22:40.2591994Z [       OK ] PointwiseModes/TestPointwiseModeConversionRoundTrip.ToSdkPointwiseMode/Neg (0 ms)
2026-05-07T17:22:40.2592165Z [ RUN      ] PointwiseModes/TestPointwiseModeConversionRoundTrip.ToSdkPointwiseMode/Reciprocal
2026-05-07T17:22:40.2592359Z [       OK ] PointwiseModes/TestPointwiseModeConversionRoundTrip.ToSdkPointwiseMode/Reciprocal (0 ms)
2026-05-07T17:22:40.2592533Z [ RUN      ] PointwiseModes/TestPointwiseModeConversionRoundTrip.ToSdkPointwiseMode/ReluBwd
2026-05-07T17:22:40.2592715Z [       OK ] PointwiseModes/TestPointwiseModeConversionRoundTrip.ToSdkPointwiseMode/ReluBwd (0 ms)
2026-05-07T17:22:40.2592893Z [ RUN      ] PointwiseModes/TestPointwiseModeConversionRoundTrip.ToSdkPointwiseMode/ReluFwd
2026-05-07T17:22:40.2593077Z [       OK ] PointwiseModes/TestPointwiseModeConversionRoundTrip.ToSdkPointwiseMode/ReluFwd (0 ms)
2026-05-07T17:22:40.2593243Z [ RUN      ] PointwiseModes/TestPointwiseModeConversionRoundTrip.ToSdkPointwiseMode/Rsqrt
2026-05-07T17:22:40.2593432Z [       OK ] PointwiseModes/TestPointwiseModeConversionRoundTrip.ToSdkPointwiseMode/Rsqrt (0 ms)
2026-05-07T17:22:40.2593606Z [ RUN      ] PointwiseModes/TestPointwiseModeConversionRoundTrip.ToSdkPointwiseMode/SigmoidBwd
2026-05-07T17:22:40.2593798Z [       OK ] PointwiseModes/TestPointwiseModeConversionRoundTrip.ToSdkPointwiseMode/SigmoidBwd (0 ms)
2026-05-07T17:22:40.2593977Z [ RUN      ] PointwiseModes/TestPointwiseModeConversionRoundTrip.ToSdkPointwiseMode/SigmoidFwd
2026-05-07T17:22:40.2594165Z [       OK ] PointwiseModes/TestPointwiseModeConversionRoundTrip.ToSdkPointwiseMode/SigmoidFwd (0 ms)
2026-05-07T17:22:40.2594333Z [ RUN      ] PointwiseModes/TestPointwiseModeConversionRoundTrip.ToSdkPointwiseMode/Sin
2026-05-07T17:22:40.2594505Z [       OK ] PointwiseModes/TestPointwiseModeConversionRoundTrip.ToSdkPointwiseMode/Sin (0 ms)
2026-05-07T17:22:40.2594687Z [ RUN      ] PointwiseModes/TestPointwiseModeConversionRoundTrip.ToSdkPointwiseMode/SoftplusBwd
2026-05-07T17:22:40.2594889Z [       OK ] PointwiseModes/TestPointwiseModeConversionRoundTrip.ToSdkPointwiseMode/SoftplusBwd (0 ms)
2026-05-07T17:22:40.2595070Z [ RUN      ] PointwiseModes/TestPointwiseModeConversionRoundTrip.ToSdkPointwiseMode/SoftplusFwd
2026-05-07T17:22:40.2595270Z [       OK ] PointwiseModes/TestPointwiseModeConversionRoundTrip.ToSdkPointwiseMode/SoftplusFwd (0 ms)
2026-05-07T17:22:40.2595433Z [ RUN      ] PointwiseModes/TestPointwiseModeConversionRoundTrip.ToSdkPointwiseMode/Sqrt
2026-05-07T17:22:40.2595612Z [       OK ] PointwiseModes/TestPointwiseModeConversionRoundTrip.ToSdkPointwiseMode/Sqrt (0 ms)
2026-05-07T17:22:40.2596054Z [ RUN      ] PointwiseModes/TestPointwiseModeConversionRoundTrip.ToSdkPointwiseMode/Sub
2026-05-07T17:22:40.2596228Z [       OK ] PointwiseModes/TestPointwiseModeConversionRoundTrip.ToSdkPointwiseMode/Sub (0 ms)
2026-05-07T17:22:40.2596404Z [ RUN      ] PointwiseModes/TestPointwiseModeConversionRoundTrip.ToSdkPointwiseMode/SwishBwd
2026-05-07T17:22:40.2596598Z [       OK ] PointwiseModes/TestPointwiseModeConversionRoundTrip.ToSdkPointwiseMode/SwishBwd (0 ms)
2026-05-07T17:22:40.2596769Z [ RUN      ] PointwiseModes/TestPointwiseModeConversionRoundTrip.ToSdkPointwiseMode/SwishFwd
2026-05-07T17:22:40.2596960Z [       OK ] PointwiseModes/TestPointwiseModeConversionRoundTrip.ToSdkPointwiseMode/SwishFwd (0 ms)
2026-05-07T17:22:40.2597121Z [ RUN      ] PointwiseModes/TestPointwiseModeConversionRoundTrip.ToSdkPointwiseMode/Tan
2026-05-07T17:22:40.2597292Z [       OK ] PointwiseModes/TestPointwiseModeConversionRoundTrip.ToSdkPointwiseMode/Tan (0 ms)
2026-05-07T17:22:40.2597469Z [ RUN      ] PointwiseModes/TestPointwiseModeConversionRoundTrip.ToSdkPointwiseMode/TanhBwd
2026-05-07T17:22:40.2597654Z [       OK ] PointwiseModes/TestPointwiseModeConversionRoundTrip.ToSdkPointwiseMode/TanhBwd (0 ms)
2026-05-07T17:22:40.2597827Z [ RUN      ] PointwiseModes/TestPointwiseModeConversionRoundTrip.ToSdkPointwiseMode/TanhFwd
2026-05-07T17:22:40.2598181Z [       OK ] PointwiseModes/TestPointwiseModeConversionRoundTrip.ToSdkPointwiseMode/TanhFwd (0 ms)
2026-05-07T17:22:40.2598348Z [ RUN      ] PointwiseModes/TestPointwiseModeConversionRoundTrip.FromSdkPointwiseMode/Abs
2026-05-07T17:22:40.2598532Z [       OK ] PointwiseModes/TestPointwiseModeConversionRoundTrip.FromSdkPointwiseMode/Abs (0 ms)
2026-05-07T17:22:40.2598699Z [ RUN      ] PointwiseModes/TestPointwiseModeConversionRoundTrip.FromSdkPointwiseMode/Add
2026-05-07T17:22:40.2598882Z [       OK ] PointwiseModes/TestPointwiseModeConversionRoundTrip.FromSdkPointwiseMode/Add (0 ms)
2026-05-07T17:22:40.2599073Z [ RUN      ] PointwiseModes/TestPointwiseModeConversionRoundTrip.FromSdkPointwiseMode/AddSquare
2026-05-07T17:22:40.2599272Z [       OK ] PointwiseModes/TestPointwiseModeConversionRoundTrip.FromSdkPointwiseMode/AddSquare (0 ms)
2026-05-07T17:22:40.2599465Z [ RUN      ] PointwiseModes/TestPointwiseModeConversionRoundTrip.FromSdkPointwiseMode/BinarySelect
2026-05-07T17:22:40.2599672Z [       OK ] PointwiseModes/TestPointwiseModeConversionRoundTrip.FromSdkPointwiseMode/BinarySelect (0 ms)
2026-05-07T17:22:40.2599842Z [ RUN      ] PointwiseModes/TestPointwiseModeConversionRoundTrip.FromSdkPointwiseMode/Ceil
2026-05-07T17:22:40.2600032Z [       OK ] PointwiseModes/TestPointwiseModeConversionRoundTrip.FromSdkPointwiseMode/Ceil (0 ms)
2026-05-07T17:22:40.2600207Z [ RUN      ] PointwiseModes/TestPointwiseModeConversionRoundTrip.FromSdkPointwiseMode/CmpEq
2026-05-07T17:22:40.2600399Z [       OK ] PointwiseModes/TestPointwiseModeConversionRoundTrip.FromSdkPointwiseMode/CmpEq (0 ms)
2026-05-07T17:22:40.2600578Z [ RUN      ] PointwiseModes/TestPointwiseModeConversionRoundTrip.FromSdkPointwiseMode/CmpGe
2026-05-07T17:22:40.2600768Z [       OK ] PointwiseModes/TestPointwiseModeConversionRoundTrip.FromSdkPointwiseMode/CmpGe (0 ms)
2026-05-07T17:22:40.2600951Z [ RUN      ] PointwiseModes/TestPointwiseModeConversionRoundTrip.FromSdkPointwiseMode/CmpGt
2026-05-07T17:22:40.2601140Z [       OK ] PointwiseModes/TestPointwiseModeConversionRoundTrip.FromSdkPointwiseMode/CmpGt (0 ms)
2026-05-07T17:22:40.2601317Z [ RUN      ] PointwiseModes/TestPointwiseModeConversionRoundTrip.FromSdkPointwiseMode/CmpLe
2026-05-07T17:22:40.2601507Z [       OK ] PointwiseModes/TestPointwiseModeConversionRoundTrip.FromSdkPointwiseMode/CmpLe (0 ms)
2026-05-07T17:22:40.2601682Z [ RUN      ] PointwiseModes/TestPointwiseModeConversionRoundTrip.FromSdkPointwiseMode/CmpLt
2026-05-07T17:22:40.2601875Z [       OK ] PointwiseModes/TestPointwiseModeConversionRoundTrip.FromSdkPointwiseMode/CmpLt (0 ms)
2026-05-07T17:22:40.2602048Z [ RUN      ] PointwiseModes/TestPointwiseModeConversionRoundTrip.FromSdkPointwiseMode/CmpNeq
2026-05-07T17:22:40.2602609Z [       OK ] PointwiseModes/TestPointwiseModeConversionRoundTrip.FromSdkPointwiseMode/CmpNeq (0 ms)
2026-05-07T17:22:40.2602781Z [ RUN      ] PointwiseModes/TestPointwiseModeConversionRoundTrip.FromSdkPointwiseMode/Div
2026-05-07T17:22:40.2602962Z [       OK ] PointwiseModes/TestPointwiseModeConversionRoundTrip.FromSdkPointwiseMode/Div (0 ms)
2026-05-07T17:22:40.2603136Z [ RUN      ] PointwiseModes/TestPointwiseModeConversionRoundTrip.FromSdkPointwiseMode/EluBwd
2026-05-07T17:22:40.2603325Z [       OK ] PointwiseModes/TestPointwiseModeConversionRoundTrip.FromSdkPointwiseMode/EluBwd (0 ms)
2026-05-07T17:22:40.2603498Z [ RUN      ] PointwiseModes/TestPointwiseModeConversionRoundTrip.FromSdkPointwiseMode/EluFwd
2026-05-07T17:22:40.2603692Z [       OK ] PointwiseModes/TestPointwiseModeConversionRoundTrip.FromSdkPointwiseMode/EluFwd (0 ms)
2026-05-07T17:22:40.2603857Z [ RUN      ] PointwiseModes/TestPointwiseModeConversionRoundTrip.FromSdkPointwiseMode/Erf
2026-05-07T17:22:40.2604037Z [       OK ] PointwiseModes/TestPointwiseModeConversionRoundTrip.FromSdkPointwiseMode/Erf (0 ms)
2026-05-07T17:22:40.2604205Z [ RUN      ] PointwiseModes/TestPointwiseModeConversionRoundTrip.FromSdkPointwiseMode/Exp
2026-05-07T17:22:40.2604594Z [       OK ] PointwiseModes/TestPointwiseModeConversionRoundTrip.FromSdkPointwiseMode/Exp (0 ms)
2026-05-07T17:22:40.2604769Z [ RUN      ] PointwiseModes/TestPointwiseModeConversionRoundTrip.FromSdkPointwiseMode/Floor
2026-05-07T17:22:40.2604954Z [       OK ] PointwiseModes/TestPointwiseModeConversionRoundTrip.FromSdkPointwiseMode/Floor (0 ms)
2026-05-07T17:22:40.2605157Z [ RUN      ] PointwiseModes/TestPointwiseModeConversionRoundTrip.FromSdkPointwiseMode/GeluApproxTanhBwd
2026-05-07T17:22:40.2605383Z [       OK ] PointwiseModes/TestPointwiseModeConversionRoundTrip.FromSdkPointwiseMode/GeluApproxTanhBwd (0 ms)
2026-05-07T17:22:40.2605583Z [ RUN      ] PointwiseModes/TestPointwiseModeConversionRoundTrip.FromSdkPointwiseMode/GeluApproxTanhFwd
2026-05-07T17:22:40.2605804Z [       OK ] PointwiseModes/TestPointwiseModeConversionRoundTrip.FromSdkPointwiseMode/GeluApproxTanhFwd (0 ms)
2026-05-07T17:22:40.2605983Z [ RUN      ] PointwiseModes/TestPointwiseModeConversionRoundTrip.FromSdkPointwiseMode/GeluBwd
2026-05-07T17:22:40.2606174Z [       OK ] PointwiseModes/TestPointwiseModeConversionRoundTrip.FromSdkPointwiseMode/GeluBwd (0 ms)
2026-05-07T17:22:40.2606354Z [ RUN      ] PointwiseModes/TestPointwiseModeConversionRoundTrip.FromSdkPointwiseMode/GeluFwd
2026-05-07T17:22:40.2606542Z [       OK ] PointwiseModes/TestPointwiseModeConversionRoundTrip.FromSdkPointwiseMode/GeluFwd (0 ms)
2026-05-07T17:22:40.2606745Z [ RUN      ] PointwiseModes/TestPointwiseModeConversionRoundTrip.FromSdkPointwiseMode/GenIndex
2026-05-07T17:22:40.2606943Z [       OK ] PointwiseModes/TestPointwiseModeConversionRoundTrip.FromSdkPointwiseMode/GenIndex (0 ms)
2026-05-07T17:22:40.2607123Z [ RUN      ] PointwiseModes/TestPointwiseModeConversionRoundTrip.FromSdkPointwiseMode/Identity
2026-05-07T17:22:40.2607325Z [       OK ] PointwiseModes/TestPointwiseModeConversionRoundTrip.FromSdkPointwiseMode/Identity (0 ms)
2026-05-07T17:22:40.2607491Z [ RUN      ] PointwiseModes/TestPointwiseModeConversionRoundTrip.FromSdkPointwiseMode/Log
2026-05-07T17:22:40.2607670Z [       OK ] PointwiseModes/TestPointwiseModeConversionRoundTrip.FromSdkPointwiseMode/Log (0 ms)
2026-05-07T17:22:40.2607857Z [ RUN      ] PointwiseModes/TestPointwiseModeConversionRoundTrip.FromSdkPointwiseMode/LogicalAnd
2026-05-07T17:22:40.2608052Z [       OK ] PointwiseModes/TestPointwiseModeConversionRoundTrip.FromSdkPointwiseMode/LogicalAnd (0 ms)
2026-05-07T17:22:40.2608239Z [ RUN      ] PointwiseModes/TestPointwiseModeConversionRoundTrip.FromSdkPointwiseMode/LogicalNot
2026-05-07T17:22:40.2608435Z [       OK ] PointwiseModes/TestPointwiseModeConversionRoundTrip.FromSdkPointwiseMode/LogicalNot (0 ms)
2026-05-07T17:22:40.2608615Z [ RUN      ] PointwiseModes/TestPointwiseModeConversionRoundTrip.FromSdkPointwiseMode/LogicalOr
2026-05-07T17:22:40.2608884Z [       OK ] PointwiseModes/TestPointwiseModeConversionRoundTrip.FromSdkPointwiseMode/LogicalOr (0 ms)
2026-05-07T17:22:40.2609052Z [ RUN      ] PointwiseModes/TestPointwiseModeConversionRoundTrip.FromSdkPointwiseMode/Max
2026-05-07T17:22:40.2609234Z [       OK ] PointwiseModes/TestPointwiseModeConversionRoundTrip.FromSdkPointwiseMode/Max (0 ms)
2026-05-07T17:22:40.2609406Z [ RUN      ] PointwiseModes/TestPointwiseModeConversionRoundTrip.FromSdkPointwiseMode/Min
2026-05-07T17:22:40.2609583Z [       OK ] PointwiseModes/TestPointwiseModeConversionRoundTrip.FromSdkPointwiseMode/Min (0 ms)
2026-05-07T17:22:40.2609754Z [ RUN      ] PointwiseModes/TestPointwiseModeConversionRoundTrip.FromSdkPointwiseMode/Mul
2026-05-07T17:22:40.2609934Z [       OK ] PointwiseModes/TestPointwiseModeConversionRoundTrip.FromSdkPointwiseMode/Mul (0 ms)
2026-05-07T17:22:40.2610103Z [ RUN      ] PointwiseModes/TestPointwiseModeConversionRoundTrip.FromSdkPointwiseMode/Neg
2026-05-07T17:22:40.2610287Z [       OK ] PointwiseModes/TestPointwiseModeConversionRoundTrip.FromSdkPointwiseMode/Neg (0 ms)
2026-05-07T17:22:40.2610465Z [ RUN      ] PointwiseModes/TestPointwiseModeConversionRoundTrip.FromSdkPointwiseMode/Reciprocal
2026-05-07T17:22:40.2610734Z [       OK ] PointwiseModes/TestPointwiseModeConversionRoundTrip.FromSdkPointwiseMode/Reciprocal (0 ms)
2026-05-07T17:22:40.2610909Z [ RUN      ] PointwiseModes/TestPointwiseModeConversionRoundTrip.FromSdkPointwiseMode/ReluBwd
2026-05-07T17:22:40.2611098Z [       OK ] PointwiseModes/TestPointwiseModeConversionRoundTrip.FromSdkPointwiseMode/ReluBwd (0 ms)
2026-05-07T17:22:40.2611283Z [ RUN      ] PointwiseModes/TestPointwiseModeConversionRoundTrip.FromSdkPointwiseMode/ReluFwd
2026-05-07T17:22:40.2611477Z [       OK ] PointwiseModes/TestPointwiseModeConversionRoundTrip.FromSdkPointwiseMode/ReluFwd (0 ms)
2026-05-07T17:22:40.2611653Z [ RUN      ] PointwiseModes/TestPointwiseModeConversionRoundTrip.FromSdkPointwiseMode/Rsqrt
2026-05-07T17:22:40.2611845Z [       OK ] PointwiseModes/TestPointwiseModeConversionRoundTrip.FromSdkPointwiseMode/Rsqrt (0 ms)
2026-05-07T17:22:40.2612026Z [ RUN      ] PointwiseModes/TestPointwiseModeConversionRoundTrip.FromSdkPointwiseMode/SigmoidBwd
2026-05-07T17:22:40.2612227Z [       OK ] PointwiseModes/TestPointwiseModeConversionRoundTrip.FromSdkPointwiseMode/SigmoidBwd (0 ms)
2026-05-07T17:22:40.2612409Z [ RUN      ] PointwiseModes/TestPointwiseModeConversionRoundTrip.FromSdkPointwiseMode/SigmoidFwd
2026-05-07T17:22:40.2612603Z [       OK ] PointwiseModes/TestPointwiseModeConversionRoundTrip.FromSdkPointwiseMode/SigmoidFwd (0 ms)
2026-05-07T17:22:40.2612775Z [ RUN      ] PointwiseModes/TestPointwiseModeConversionRoundTrip.FromSdkPointwiseMode/Sin
2026-05-07T17:22:40.2612955Z [       OK ] PointwiseModes/TestPointwiseModeConversionRoundTrip.FromSdkPointwiseMode/Sin (0 ms)
2026-05-07T17:22:40.2613150Z [ RUN      ] PointwiseModes/TestPointwiseModeConversionRoundTrip.FromSdkPointwiseMode/SoftplusBwd
2026-05-07T17:22:40.2613355Z [       OK ] PointwiseModes/TestPointwiseModeConversionRoundTrip.FromSdkPointwiseMode/SoftplusBwd (0 ms)
2026-05-07T17:22:40.2613540Z [ RUN      ] PointwiseModes/TestPointwiseModeConversionRoundTrip.FromSdkPointwiseMode/SoftplusFwd
2026-05-07T17:22:40.2613748Z [       OK ] PointwiseModes/TestPointwiseModeConversionRoundTrip.FromSdkPointwiseMode/SoftplusFwd (0 ms)
2026-05-07T17:22:40.2613921Z [ RUN      ] PointwiseModes/TestPointwiseModeConversionRoundTrip.FromSdkPointwiseMode/Sqrt
2026-05-07T17:22:40.2614109Z [       OK ] PointwiseModes/TestPointwiseModeConversionRoundTrip.FromSdkPointwiseMode/Sqrt (0 ms)
2026-05-07T17:22:40.2614287Z [ RUN      ] PointwiseModes/TestPointwiseModeConversionRoundTrip.FromSdkPointwiseMode/Sub
2026-05-07T17:22:40.2614473Z [       OK ] PointwiseModes/TestPointwiseModeConversionRoundTrip.FromSdkPointwiseMode/Sub (0 ms)
2026-05-07T17:22:40.2614662Z [ RUN      ] PointwiseModes/TestPointwiseModeConversionRoundTrip.FromSdkPointwiseMode/SwishBwd
2026-05-07T17:22:40.2614922Z [       OK ] PointwiseModes/TestPointwiseModeConversionRoundTrip.FromSdkPointwiseMode/SwishBwd (0 ms)
2026-05-07T17:22:40.2615102Z [ RUN      ] PointwiseModes/TestPointwiseModeConversionRoundTrip.FromSdkPointwiseMode/SwishFwd
2026-05-07T17:22:40.2615302Z [       OK ] PointwiseModes/TestPointwiseModeConversionRoundTrip.FromSdkPointwiseMode/SwishFwd (0 ms)
2026-05-07T17:22:40.2615468Z [ RUN      ] PointwiseModes/TestPointwiseModeConversionRoundTrip.FromSdkPointwiseMode/Tan
2026-05-07T17:22:40.2615649Z [       OK ] PointwiseModes/TestPointwiseModeConversionRoundTrip.FromSdkPointwiseMode/Tan (0 ms)
2026-05-07T17:22:40.2615824Z [ RUN      ] PointwiseModes/TestPointwiseModeConversionRoundTrip.FromSdkPointwiseMode/TanhBwd
2026-05-07T17:22:40.2616019Z [       OK ] PointwiseModes/TestPointwiseModeConversionRoundTrip.FromSdkPointwiseMode/TanhBwd (0 ms)
2026-05-07T17:22:40.2616202Z [ RUN      ] PointwiseModes/TestPointwiseModeConversionRoundTrip.FromSdkPointwiseMode/TanhFwd
2026-05-07T17:22:40.2616397Z [       OK ] PointwiseModes/TestPointwiseModeConversionRoundTrip.FromSdkPointwiseMode/TanhFwd (0 ms)
2026-05-07T17:22:40.2616556Z [----------] 94 tests from PointwiseModes/TestPointwiseModeConversionRoundTrip (0 ms total)
2026-05-07T17:22:40.2616629Z 
2026-05-07T17:22:40.2616758Z [----------] 18 tests from ReductionModes/TestReductionModeConversionRoundTrip
2026-05-07T17:22:40.2616920Z [ RUN      ] ReductionModes/TestReductionModeConversionRoundTrip.ToSdkReductionMode/Add
2026-05-07T17:22:40.2617098Z [       OK ] ReductionModes/TestReductionModeConversionRoundTrip.ToSdkReductionMode/Add (0 ms)
2026-05-07T17:22:40.2617258Z [ RUN      ] ReductionModes/TestReductionModeConversionRoundTrip.ToSdkReductionMode/Mul
2026-05-07T17:22:40.2617431Z [       OK ] ReductionModes/TestReductionModeConversionRoundTrip.ToSdkReductionMode/Mul (0 ms)
2026-05-07T17:22:40.2617596Z [ RUN      ] ReductionModes/TestReductionModeConversionRoundTrip.ToSdkReductionMode/Min
2026-05-07T17:22:40.2617768Z [       OK ] ReductionModes/TestReductionModeConversionRoundTrip.ToSdkReductionMode/Min (0 ms)
2026-05-07T17:22:40.2617931Z [ RUN      ] ReductionModes/TestReductionModeConversionRoundTrip.ToSdkReductionMode/Max
2026-05-07T17:22:40.2618102Z [       OK ] ReductionModes/TestReductionModeConversionRoundTrip.ToSdkReductionMode/Max (0 ms)
2026-05-07T17:22:40.2618270Z [ RUN      ] ReductionModes/TestReductionModeConversionRoundTrip.ToSdkReductionMode/Amax
2026-05-07T17:22:40.2618452Z [       OK ] ReductionModes/TestReductionModeConversionRoundTrip.ToSdkReductionMode/Amax (0 ms)
2026-05-07T17:22:40.2618612Z [ RUN      ] ReductionModes/TestReductionModeConversionRoundTrip.ToSdkReductionMode/Avg
2026-05-07T17:22:40.2618785Z [       OK ] ReductionModes/TestReductionModeConversionRoundTrip.ToSdkReductionMode/Avg (0 ms)
2026-05-07T17:22:40.2618958Z [ RUN      ] ReductionModes/TestReductionModeConversionRoundTrip.ToSdkReductionMode/Norm1
2026-05-07T17:22:40.2619134Z [       OK ] ReductionModes/TestReductionModeConversionRoundTrip.ToSdkReductionMode/Norm1 (0 ms)
2026-05-07T17:22:40.2619304Z [ RUN      ] ReductionModes/TestReductionModeConversionRoundTrip.ToSdkReductionMode/Norm2
2026-05-07T17:22:40.2619479Z [       OK ] ReductionModes/TestReductionModeConversionRoundTrip.ToSdkReductionMode/Norm2 (0 ms)
2026-05-07T17:22:40.2619654Z [ RUN      ] ReductionModes/TestReductionModeConversionRoundTrip.ToSdkReductionMode/MulNoZeros
2026-05-07T17:22:40.2619850Z [       OK ] ReductionModes/TestReductionModeConversionRoundTrip.ToSdkReductionMode/MulNoZeros (0 ms)
2026-05-07T17:22:40.2620014Z [ RUN      ] ReductionModes/TestReductionModeConversionRoundTrip.FromSdkReductionMode/Add
2026-05-07T17:22:40.2620197Z [       OK ] ReductionModes/TestReductionModeConversionRoundTrip.FromSdkReductionMode/Add (0 ms)
2026-05-07T17:22:40.2620362Z [ RUN      ] ReductionModes/TestReductionModeConversionRoundTrip.FromSdkReductionMode/Mul
2026-05-07T17:22:40.2620538Z [       OK ] ReductionModes/TestReductionModeConversionRoundTrip.FromSdkReductionMode/Mul (0 ms)
2026-05-07T17:22:40.2620767Z [ RUN      ] ReductionModes/TestReductionModeConversionRoundTrip.FromSdkReductionMode/Min
2026-05-07T17:22:40.2620946Z [       OK ] ReductionModes/TestReductionModeConversionRoundTrip.FromSdkReductionMode/Min (0 ms)
2026-05-07T17:22:40.2621113Z [ RUN      ] ReductionModes/TestReductionModeConversionRoundTrip.FromSdkReductionMode/Max
2026-05-07T17:22:40.2621296Z [       OK ] ReductionModes/TestReductionModeConversionRoundTrip.FromSdkReductionMode/Max (0 ms)
2026-05-07T17:22:40.2621465Z [ RUN      ] ReductionModes/TestReductionModeConversionRoundTrip.FromSdkReductionMode/Amax
2026-05-07T17:22:40.2621650Z [       OK ] ReductionModes/TestReductionModeConversionRoundTrip.FromSdkReductionMode/Amax (0 ms)
2026-05-07T17:22:40.2621817Z [ RUN      ] ReductionModes/TestReductionModeConversionRoundTrip.FromSdkReductionMode/Avg
2026-05-07T17:22:40.2621998Z [       OK ] ReductionModes/TestReductionModeConversionRoundTrip.FromSdkReductionMode/Avg (0 ms)
2026-05-07T17:22:40.2622176Z [ RUN      ] ReductionModes/TestReductionModeConversionRoundTrip.FromSdkReductionMode/Norm1
2026-05-07T17:22:40.2622361Z [       OK ] ReductionModes/TestReductionModeConversionRoundTrip.FromSdkReductionMode/Norm1 (0 ms)
2026-05-07T17:22:40.2622599Z [ RUN      ] ReductionModes/TestReductionModeConversionRoundTrip.FromSdkReductionMode/Norm2
2026-05-07T17:22:40.2622784Z [       OK ] ReductionModes/TestReductionModeConversionRoundTrip.FromSdkReductionMode/Norm2 (0 ms)
2026-05-07T17:22:40.2622965Z [ RUN      ] ReductionModes/TestReductionModeConversionRoundTrip.FromSdkReductionMode/MulNoZeros
2026-05-07T17:22:40.2623167Z [       OK ] ReductionModes/TestReductionModeConversionRoundTrip.FromSdkReductionMode/MulNoZeros (0 ms)
2026-05-07T17:22:40.2623320Z [----------] 18 tests from ReductionModes/TestReductionModeConversionRoundTrip (0 ms total)
2026-05-07T17:22:40.2623324Z 
2026-05-07T17:22:40.2623435Z [----------] 3 tests from PathVariations/TestSharedLibraryPaths
2026-05-07T17:22:40.2623580Z [ RUN      ] PathVariations/TestSharedLibraryPaths.LoadWithValidPathFormats/0
2026-05-07T17:22:40.2623734Z [       OK ] PathVariations/TestSharedLibraryPaths.LoadWithValidPathFormats/0 (0 ms)
2026-05-07T17:22:40.2623877Z [ RUN      ] PathVariations/TestSharedLibraryPaths.LoadWithValidPathFormats/1
2026-05-07T17:22:40.2624027Z [       OK ] PathVariations/TestSharedLibraryPaths.LoadWithValidPathFormats/1 (0 ms)
2026-05-07T17:22:40.2624189Z [ RUN      ] PathVariations/TestSharedLibraryPaths.LoadWithValidPathFormats/2
2026-05-07T17:22:40.2624341Z [       OK ] PathVariations/TestSharedLibraryPaths.LoadWithValidPathFormats/2 (0 ms)
2026-05-07T17:22:40.2624459Z [----------] 3 tests from PathVariations/TestSharedLibraryPaths (1 ms total)
2026-05-07T17:22:40.2624463Z 
2026-05-07T17:22:40.2624541Z [----------] Global test environment tear-down
2026-05-07T17:22:40.2624635Z [==========] 2625 tests from 126 test suites ran. (2703 ms total)
2026-05-07T17:22:40.2624693Z [  PASSED  ] 2624 tests.
2026-05-07T17:22:40.2624761Z [  FAILED  ] 1 test, listed below:
2026-05-07T17:22:40.2624941Z [  FAILED  ] TestEngineHeuristicDescriptor.EnvironmentVariablePolicyOrderIsRespected
2026-05-07T17:22:40.2624945Z 
2026-05-07T17:22:40.2624994Z  1 FAILED TEST
2026-05-07T17:22:40.2625000Z 
2026-05-07T17:22:40.2625178Z 10/10 Test  #5: hipdnn_test_sdk_tests ...................   Passed    2.78 sec
2026-05-07T17:22:40.2625183Z 
2026-05-07T17:22:40.2625261Z 70% tests passed, 3 tests failed out of 10
2026-05-07T17:22:40.2625265Z 
2026-05-07T17:22:40.2625333Z Total Test time (real) =   2.88 sec
2026-05-07T17:22:40.2625338Z 
2026-05-07T17:22:40.2625398Z The following tests FAILED:
2026-05-07T17:22:40.2625470Z 	  3 - hipdnn_backend_tests (Failed)
2026-05-07T17:22:40.2625550Z 	  8 - hipdnn_public_backend_tests (Failed)
2026-05-07T17:22:40.2625624Z 	 10 - hipdnn_public_frontend_tests (Failed)
2026-05-07T17:22:40.2625684Z Errors while running CTest
2026-05-07T17:22:40.2625751Z Traceback (most recent call last):
2026-05-07T17:22:40.2631170Z   File "C:\runner\_work\rocm-libraries\rocm-libraries\build_tools\github_actions\test_executable_scripts\test_hipdnn.py", line 28, in <module>
2026-05-07T17:22:40.2631249Z     subprocess.run(
2026-05-07T17:22:40.2631426Z   File "C:\runner\_work\_tool\Python\3.12.10\x64\Lib\subprocess.py", line 571, in run
2026-05-07T17:22:40.2631543Z     raise CalledProcessError(retcode, process.args,
2026-05-07T17:22:40.2631871Z subprocess.CalledProcessError: Command '['ctest', '--test-dir', './build/bin/hipdnn', '--output-on-failure', '--parallel', '8']' returned non-zero exit status 8.
2026-05-07T17:22:40.2635019Z ##[error]Process completed with exit code 1.
2026-05-07T17:22:40.2780414Z ##[group]Run . 'C:\runner\_work\rocm-libraries\rocm-libraries\build_tools\github_actions\cleanup_processes.ps1'
2026-05-07T17:22:40.2780698Z [36;1m. 'C:\runner\_work\rocm-libraries\rocm-libraries\build_tools\github_actions\cleanup_processes.ps1'[0m
2026-05-07T17:22:40.2796893Z shell: C:\windows\System32\WindowsPowerShell\v1.0\powershell.EXE -command ". '{0}'"
2026-05-07T17:22:40.2796947Z env:
2026-05-07T17:22:40.2797063Z   VENV_DIR: C:\runner\_work\rocm-libraries\rocm-libraries/.venv
2026-05-07T17:22:40.2797125Z   ARTIFACT_RUN_ID: 25502124030
2026-05-07T17:22:40.2797369Z   OUTPUT_ARTIFACTS_DIR: ./build
2026-05-07T17:22:40.2797424Z   THEROCK_BIN_DIR: ./build/bin
2026-05-07T17:22:40.2797485Z   AMDGPU_FAMILIES: gfx1151
2026-05-07T17:22:40.2797544Z   ARTIFACT_GROUP: gfx1151
2026-05-07T17:22:40.2797599Z   TEST_COMPONENT: hipdnn
2026-05-07T17:22:40.2797702Z   pythonLocation: C:\runner\_work\_tool\Python\3.12.10\x64
2026-05-07T17:22:40.2797852Z   PKG_CONFIG_PATH: C:\runner\_work\_tool\Python\3.12.10\x64/lib/pkgconfig
2026-05-07T17:22:40.2797945Z   Python_ROOT_DIR: C:\runner\_work\_tool\Python\3.12.10\x64
2026-05-07T17:22:40.2798040Z   Python2_ROOT_DIR: C:\runner\_work\_tool\Python\3.12.10\x64
2026-05-07T17:22:40.2798133Z   Python3_ROOT_DIR: C:\runner\_work\_tool\Python\3.12.10\x64
2026-05-07T17:22:40.2798242Z   VIRTUAL_ENV: C:\runner\_work\rocm-libraries\rocm-libraries\.venv
2026-05-07T17:22:40.2798296Z ##[endgroup]
2026-05-07T17:22:40.5110641Z [*] ==== Starting cleanup_processes.ps1 ====
2026-05-07T17:22:40.5207179Z [*] Checking if elevated: True | current user: NT AUTHORITY\SYSTEM
2026-05-07T17:22:40.5229068Z [*] Running as a Windows Service (NT AUTHORITY\*) - Cleaning up system environment...
2026-05-07T17:22:40.5452741Z [*] > Checking for "~/.gitconfig" file at: C:\windows\system32\config\systemprofile\.gitconfig
2026-05-07T17:22:40.5472152Z [*] >> .gitconfig file found, removing after logging contents:
2026-05-07T17:22:40.5685332Z core.longpaths=true
2026-05-07T17:22:40.5741593Z [+] >> Successfully removed .gitconfig
2026-05-07T17:22:40.5751230Z [*] > Checking for uv.zip archives under: C:\windows\SystemTemp\
2026-05-07T17:22:41.9878815Z [*] >> Found 1 uv.zip file(s), total size: 22.26 MB
2026-05-07T17:22:41.9921343Z [+] >> Removed 1 uv.zip file(s)
2026-05-07T17:22:41.9922226Z [*] > Checking for empty GUID directories under: C:\windows\SystemTemp\
2026-05-07T17:22:42.6346871Z [*] >> Found 1 empty GUID folder(s)
2026-05-07T17:22:42.6353438Z [+] >> Removed 1 empty GUID folder(s)
2026-05-07T17:22:42.6370277Z [*] > Checking pip http-v2 cache under: C:\windows\system32\config\systemprofile\AppData\Local\pip\cache\http-v2
2026-05-07T17:22:42.6542839Z [*] >> Found 0 file(s) older than 1 day, total size: 0 MB
2026-05-07T17:22:42.6543651Z [*] Cleaning up processes...
2026-05-07T17:22:42.6549231Z [*] GITHUB_WORKSPACE env var defined: C:\runner\_work\rocm-libraries\rocm-libraries
2026-05-07T17:22:42.6559695Z [*] Checking for running build executables filtered by .exe regex: C:\\runner\\_work\\rocm-libraries\\rocm-libraries\\build\\.*[.]exe
2026-05-07T17:22:43.4940484Z [+] No executables to clean up.
2026-05-07T17:22:43.5278325Z ##[warning]Unexpected input(s) 'IS_PR_FROM_FORK', valid inputs are ['VENV_DIR', 'OUTPUT_ARTIFACTS_DIR', 'ARTIFACT_GROUP', 'AMDGPU_TARGETS', 'ARTIFACT_RUN_ID', 'FETCH_ARTIFACT_ARGS', 'RELEASE_TYPE']
2026-05-07T17:22:43.5281546Z Post job cleanup.
2026-05-07T17:22:43.5434722Z Post job cleanup.
2026-05-07T17:22:43.6202498Z [command]"C:\Program Files\Git\cmd\git.exe" version
2026-05-07T17:22:43.6406497Z git version 2.50.1.windows.1
2026-05-07T17:22:43.6443930Z Temporarily overriding HOME='C:\runner\_work\_temp\e0a2148d-b0bf-4d88-8f28-750180258bd4' before making global git config changes
2026-05-07T17:22:43.6444301Z Adding repository directory to the temporary git global config as a safe directory
2026-05-07T17:22:43.6448801Z [command]"C:\Program Files\Git\cmd\git.exe" config --global --add safe.directory C:\runner\_work\rocm-libraries\rocm-libraries\rocm-libraries
2026-05-07T17:22:43.6654990Z [command]"C:\Program Files\Git\cmd\git.exe" config --local --name-only --get-regexp core\.sshCommand
2026-05-07T17:22:43.6852370Z [command]"C:\Program Files\Git\cmd\git.exe" submodule foreach --recursive "sh -c \"git config --local --name-only --get-regexp 'core\.sshCommand' && git config --local --unset-all 'core.sshCommand' || :\""
2026-05-07T17:22:46.1798987Z [command]"C:\Program Files\Git\cmd\git.exe" config --local --name-only --get-regexp http\.https\:\/\/github\.com\/\.extraheader
2026-05-07T17:22:46.2020684Z http.https://github.com/.extraheader
2026-05-07T17:22:46.2041227Z [command]"C:\Program Files\Git\cmd\git.exe" config --local --unset-all http.https://github.com/.extraheader
2026-05-07T17:22:46.2253411Z [command]"C:\Program Files\Git\cmd\git.exe" submodule foreach --recursive "sh -c \"git config --local --name-only --get-regexp 'http\.https\:\/\/github\.com\/\.extraheader' && git config --local --unset-all 'http.https://github.com/.extraheader' || :\""
2026-05-07T17:22:48.7411420Z Post job cleanup.
2026-05-07T17:22:48.8185086Z [command]"C:\Program Files\Git\cmd\git.exe" version
2026-05-07T17:22:48.8381308Z git version 2.50.1.windows.1
2026-05-07T17:22:48.8430272Z Temporarily overriding HOME='C:\runner\_work\_temp\883698ca-0e41-492f-858f-daebdfcea426' before making global git config changes
2026-05-07T17:22:48.8430684Z Adding repository directory to the temporary git global config as a safe directory
2026-05-07T17:22:48.8436085Z [command]"C:\Program Files\Git\cmd\git.exe" config --global --add safe.directory C:\runner\_work\rocm-libraries\rocm-libraries
2026-05-07T17:22:48.8652031Z Removing SSH command configuration
2026-05-07T17:22:48.8658608Z [command]"C:\Program Files\Git\cmd\git.exe" config --local --name-only --get-regexp core\.sshCommand
2026-05-07T17:22:48.8866575Z [command]"C:\Program Files\Git\cmd\git.exe" submodule foreach --recursive "sh -c \"git config --local --name-only --get-regexp 'core\.sshCommand' && git config --local --unset-all 'core.sshCommand' || :\""
2026-05-07T17:22:51.3683239Z Entering 'rocm-libraries'
2026-05-07T17:22:51.7521245Z Removing HTTP extra header
2026-05-07T17:22:51.7527384Z [command]"C:\Program Files\Git\cmd\git.exe" config --local --name-only --get-regexp http\.https\:\/\/github\.com\/\.extraheader
2026-05-07T17:22:51.7783642Z [command]"C:\Program Files\Git\cmd\git.exe" submodule foreach --recursive "sh -c \"git config --local --name-only --get-regexp 'http\.https\:\/\/github\.com\/\.extraheader' && git config --local --unset-all 'http.https://github.com/.extraheader' || :\""
2026-05-07T17:22:54.2815794Z Entering 'rocm-libraries'
2026-05-07T17:22:54.6922900Z Removing includeIf entries pointing to credentials config files
2026-05-07T17:22:54.6931638Z [command]"C:\Program Files\Git\cmd\git.exe" config --local --name-only --get-regexp ^includeIf\.gitdir:
2026-05-07T17:22:54.7124209Z includeif.gitdir:C:/runner/_work/rocm-libraries/rocm-libraries/.git.path
2026-05-07T17:22:54.7125089Z includeif.gitdir:C:/runner/_work/rocm-libraries/rocm-libraries/.git/worktrees/*.path
2026-05-07T17:22:54.7125742Z includeif.gitdir:/github/workspace/.git.path
2026-05-07T17:22:54.7126253Z includeif.gitdir:/github/workspace/.git/worktrees/*.path
2026-05-07T17:22:54.7155112Z [command]"C:\Program Files\Git\cmd\git.exe" config --local --get-all includeif.gitdir:C:/runner/_work/rocm-libraries/rocm-libraries/.git.path
2026-05-07T17:22:54.7330113Z C:\runner\_work\_temp\git-credentials-69b33d0e-604a-4955-a949-9e217d2d7122.config
2026-05-07T17:22:54.7361374Z [command]"C:\Program Files\Git\cmd\git.exe" config --local --unset includeif.gitdir:C:/runner/_work/rocm-libraries/rocm-libraries/.git.path C:\runner\_work\_temp\git-credentials-69b33d0e-604a-4955-a949-9e217d2d7122.config
2026-05-07T17:22:54.7578518Z [command]"C:\Program Files\Git\cmd\git.exe" config --local --get-all includeif.gitdir:C:/runner/_work/rocm-libraries/rocm-libraries/.git/worktrees/*.path
2026-05-07T17:22:54.7751239Z C:\runner\_work\_temp\git-credentials-69b33d0e-604a-4955-a949-9e217d2d7122.config
2026-05-07T17:22:54.7784849Z [command]"C:\Program Files\Git\cmd\git.exe" config --local --unset includeif.gitdir:C:/runner/_work/rocm-libraries/rocm-libraries/.git/worktrees/*.path C:\runner\_work\_temp\git-credentials-69b33d0e-604a-4955-a949-9e217d2d7122.config
2026-05-07T17:22:54.7984765Z [command]"C:\Program Files\Git\cmd\git.exe" config --local --get-all includeif.gitdir:/github/workspace/.git.path
2026-05-07T17:22:54.8150153Z /github/runner_temp/git-credentials-69b33d0e-604a-4955-a949-9e217d2d7122.config
2026-05-07T17:22:54.8177548Z [command]"C:\Program Files\Git\cmd\git.exe" config --local --unset includeif.gitdir:/github/workspace/.git.path /github/runner_temp/git-credentials-69b33d0e-604a-4955-a949-9e217d2d7122.config
2026-05-07T17:22:54.8409857Z [command]"C:\Program Files\Git\cmd\git.exe" config --local --get-all includeif.gitdir:/github/workspace/.git/worktrees/*.path
2026-05-07T17:22:54.8733829Z /github/runner_temp/git-credentials-69b33d0e-604a-4955-a949-9e217d2d7122.config
2026-05-07T17:22:54.8759869Z [command]"C:\Program Files\Git\cmd\git.exe" config --local --unset includeif.gitdir:/github/workspace/.git/worktrees/*.path /github/runner_temp/git-credentials-69b33d0e-604a-4955-a949-9e217d2d7122.config
2026-05-07T17:22:54.8977902Z [command]"C:\Program Files\Git\cmd\git.exe" submodule foreach --recursive "git config --local --show-origin --name-only --get-regexp remote.origin.url"
2026-05-07T17:22:57.3556740Z Entering 'rocm-libraries'
2026-05-07T17:22:57.4981517Z file:.git/config	remote.origin.url
2026-05-07T17:22:57.5518603Z [command]"C:\Program Files\Git\cmd\git.exe" config --file .git/config --name-only --get-regexp ^includeIf\.gitdir:
2026-05-07T17:22:57.5700134Z includeif.gitdir:C:/runner/_work/rocm-libraries/rocm-libraries/.git.path
2026-05-07T17:22:57.5700442Z includeif.gitdir:C:/runner/_work/rocm-libraries/rocm-libraries/.git/worktrees/*.path
2026-05-07T17:22:57.5726770Z [command]"C:\Program Files\Git\cmd\git.exe" config --file .git/config --get-all includeif.gitdir:C:/runner/_work/rocm-libraries/rocm-libraries/.git.path
2026-05-07T17:22:57.5897270Z C:\runner\_work\_temp\git-credentials-69b33d0e-604a-4955-a949-9e217d2d7122.config
2026-05-07T17:22:57.5927131Z [command]"C:\Program Files\Git\cmd\git.exe" config --file .git/config --unset includeif.gitdir:C:/runner/_work/rocm-libraries/rocm-libraries/.git.path C:\runner\_work\_temp\git-credentials-69b33d0e-604a-4955-a949-9e217d2d7122.config
2026-05-07T17:22:57.6130458Z [command]"C:\Program Files\Git\cmd\git.exe" config --file .git/config --get-all includeif.gitdir:C:/runner/_work/rocm-libraries/rocm-libraries/.git/worktrees/*.path
2026-05-07T17:22:57.6298930Z C:\runner\_work\_temp\git-credentials-69b33d0e-604a-4955-a949-9e217d2d7122.config
2026-05-07T17:22:57.6325434Z [command]"C:\Program Files\Git\cmd\git.exe" config --file .git/config --unset includeif.gitdir:C:/runner/_work/rocm-libraries/rocm-libraries/.git/worktrees/*.path C:\runner\_work\_temp\git-credentials-69b33d0e-604a-4955-a949-9e217d2d7122.config
2026-05-07T17:22:57.6524288Z Removing credentials config 'C:\runner\_work\_temp\git-credentials-69b33d0e-604a-4955-a949-9e217d2d7122.config'
2026-05-07T17:22:57.6760735Z Post job cleanup.
2026-05-07T17:22:57.7671060Z Cleaning up orphan processes
